step,train_loss,validation_loss
0,6.34765,4.45877
1,6.24377,4.12475
2,6.21101,3.95106
3,6.17623,3.84419
4,6.1322,3.78479
5,6.10204,3.74924
6,6.06184,3.72038
7,6.04708,3.69511
8,6.03789,3.67485
9,5.97846,3.6589
10,5.97501,3.64577
11,5.94441,3.63525
12,5.95216,3.62619
13,5.88725,3.61381
14,5.86956,3.60398
15,5.87048,3.59221
16,5.84877,3.58146
17,5.85582,3.57575
18,5.89743,3.56932
19,5.85224,3.56476
20,5.79106,3.55879
21,5.80885,3.55203
22,5.83571,3.54704
23,5.81528,3.541
24,5.8317,3.53656
25,5.80091,3.53069
26,5.86364,3.52592
27,5.83303,3.52226
28,5.79634,3.51835
29,5.79168,3.51363
30,5.81147,3.50868
31,5.8206,3.50662
32,5.77848,3.50221
33,5.82077,3.4979
34,5.81472,3.49376
35,5.80967,3.49104
36,5.81119,3.48608
37,5.77691,3.48137
38,5.78161,3.47786
39,5.82145,3.47215
40,5.77747,3.47002
41,5.79091,3.46587
42,5.75278,3.46266
43,5.76309,3.45953
44,5.73812,3.45662
45,5.73792,3.45444
46,5.78145,3.45327
47,5.73406,3.45028
48,5.82716,3.4481
49,5.79089,3.44743
50,5.8159,
51,5.80376,
52,5.77469,
53,5.7892,
54,5.8451,
55,5.77752,
56,5.77713,
57,5.77832,
58,5.82485,
59,5.74887,
60,5.77049,
61,5.7726,
62,5.79587,
63,5.72304,
64,5.78854,
65,5.7608,
66,5.78353,
67,5.73417,
68,5.75047,
69,5.79857,
70,5.71216,
71,5.74262,
72,5.73844,
73,5.78415,
74,5.77387,
75,5.77738,
76,5.7918,
77,5.76503,
78,5.74925,
79,5.73996,
80,5.77662,
81,5.75418,
82,5.70699,
83,5.71549,
84,5.74496,
85,5.81605,
86,5.81745,
87,5.92059,
88,5.82399,
89,5.86916,
90,5.8743,
91,5.81023,
92,5.83206,
93,5.8226,
94,5.78264,
95,5.79312,
96,5.79925,
97,5.73055,
98,5.79418,
99,5.83494,
100,5.79026,
101,5.79326,
102,5.83572,
103,5.82134,
104,5.74146,
105,5.74283,
106,5.80256,
107,5.75876,
108,5.73367,
109,5.74609,
110,5.7479,
111,5.76702,
112,5.80956,
113,5.85837,
114,5.874,
115,5.87315,
116,5.80986,
117,5.82061,
118,5.81541,
119,5.82498,
120,5.80488,
121,5.75924,
122,5.72911,
123,5.77072,
124,5.7022,
125,5.73575,
126,5.75652,
127,5.68104,
128,5.74668,
129,5.69777,
130,5.67086,
131,5.6621,
132,5.66753,
133,5.69182,
134,5.58621,
135,5.59464,
136,5.67354,
137,5.66455,
138,5.67361,
139,5.66963,
140,5.55232,
141,5.54852,
142,5.54741,
143,5.50735,
144,5.60048,
145,5.57908,
146,5.48723,
147,5.50005,
148,5.50083,
149,5.53318,
150,5.58075,
151,5.51469,
152,5.51964,
153,5.50695,
154,5.55635,
155,5.47067,
156,5.44784,
157,5.45334,
158,5.43637,
159,5.46232,
160,5.45906,
161,5.48189,
162,5.43197,
163,5.48983,
164,5.41972,
165,5.41259,
166,5.42698,
167,5.44557,
168,5.35766,
169,5.40524,
170,5.46134,
171,5.39406,
172,5.42683,
173,5.37829,
174,5.35736,
175,5.32148,
176,5.37432,
177,5.33805,
178,5.28758,
179,5.31683,
180,5.33029,
181,5.29791,
182,5.29701,
183,5.24168,
184,5.31636,
185,5.36965,
186,5.41097,
187,5.35759,
188,5.33778,
189,5.32681,
190,5.33091,
191,5.32165,
192,5.23252,
193,5.29949,
194,5.39319,
195,5.26375,
196,5.33221,
197,5.21766,
198,5.26239,
199,5.24673,
200,5.23047,
201,5.22402,
202,5.21186,
203,5.21585,
204,5.11009,
205,5.22713,
206,5.09676,
207,5.15994,
208,5.14361,
209,5.14081,
210,5.17496,
211,5.05583,
212,5.11481,
213,5.2139,
214,5.14066,
215,5.16817,
216,5.11102,
217,5.15765,
218,5.02534,
219,5.07426,
220,5.13519,
221,5.00761,
222,4.99942,
223,5.03636,
224,5.25607,
225,5.22017,
226,5.21661,
227,5.18812,
228,5.13903,
229,5.12102,
230,5.12404,
231,5.05799,
232,5.09182,
233,5.09359,
234,5.07293,
235,5.07343,
236,5.03889,
237,5.04625,
238,4.98595,
239,5.0303,
240,5.09453,
241,5.06917,
242,5.02548,
243,5.16122,
244,5.08923,
245,4.93698,
246,4.97257,
247,5.10057,
248,4.98646,
249,5.00974,
250,5.11312,
251,5.09361,
252,5.05429,
253,4.96483,
254,5.02968,
255,4.99981,
256,5.0134,
257,5.03887,
258,5.07192,
259,4.99609,
260,4.94807,
261,4.99847,
262,5.04879,
263,5.00519,
264,4.90157,
265,4.95397,
266,4.94011,
267,4.94505,
268,4.97539,
269,4.90211,
270,4.83467,
271,5.02754,
272,4.96692,
273,4.80143,
274,4.75682,
275,4.95348,
276,5.07099,
277,5.06822,
278,5.05143,
279,4.92401,
280,4.91229,
281,5.00307,
282,4.98768,
283,5.00278,
284,4.96874,
285,4.84781,
286,4.98516,
287,4.81018,
288,4.87223,
289,4.79363,
290,4.91325,
291,5.00749,
292,4.99509,
293,4.99657,
294,5.04351,
295,4.99399,
296,4.97159,
297,4.98439,
298,4.94925,
299,4.97149,
300,4.95917,
301,4.93763,
302,5.00632,
303,4.98134,
304,5.24738,
305,4.90994,
306,4.94385,
307,4.94658,
308,4.92664,
309,4.853,
310,4.90883,
311,4.89268,
312,4.90568,
313,4.87842,
314,5.0203,
315,4.92878,
316,4.87842,
317,4.81302,
318,4.87293,
319,4.85124,
320,4.93332,
321,4.94554,
322,4.99824,
323,4.7881,
324,4.9333,
325,4.95997,
326,4.99951,
327,5.03794,
328,5.04298,
329,4.94023,
330,4.9449,
331,4.98088,
332,4.97479,
333,4.96171,
334,4.90874,
335,4.89884,
336,4.88854,
337,4.86772,
338,4.83599,
339,4.91081,
340,4.85329,
341,4.81638,
342,4.85563,
343,4.89633,
344,4.92828,
345,4.89248,
346,4.86358,
347,4.88506,
348,4.83571,
349,4.85494,
350,4.88537,
351,4.92345,
352,4.86586,
353,4.83128,
354,4.84421,
355,4.82295,
356,4.83105,
357,4.87175,
358,4.86801,
359,4.81496,
360,4.88805,
361,4.84496,
362,4.73056,
363,4.76709,
364,4.78637,
365,4.76153,
366,4.77891,
367,4.81246,
368,4.75969,
369,4.80608,
370,4.79158,
371,4.67632,
372,4.85695,
373,4.78334,
374,4.77926,
375,4.74462,
376,4.82425,
377,4.86021,
378,4.93046,
379,4.86417,
380,4.77205,
381,4.86653,
382,4.79589,
383,4.83042,
384,4.79916,
385,4.77801,
386,4.75967,
387,4.84641,
388,4.66079,
389,4.67731,
390,4.58987,
391,4.72349,
392,4.75287,
393,4.8202,
394,4.77568,
395,4.78593,
396,4.74882,
397,4.72304,
398,4.65795,
399,4.74259,
400,4.76379,
401,4.67194,
402,4.74393,
403,4.57048,
404,4.5378,
405,4.79381,
406,4.71551,
407,4.76236,
408,4.6969,
409,4.72764,
410,4.69037,
411,4.62901,
412,4.62834,
413,4.65696,
414,4.61073,
415,4.56431,
416,4.61532,
417,4.74593,
418,4.54953,
419,4.69503,
420,4.69508,
421,4.92627,
422,4.91104,
423,4.94491,
424,4.92484,
425,4.96059,
426,4.93106,
427,4.87089,
428,4.7576,
429,4.80951,
430,4.79993,
431,4.78061,
432,4.76362,
433,4.76789,
434,4.79169,
435,4.80871,
436,4.7553,
437,4.68976,
438,4.72304,
439,4.76681,
440,4.64263,
441,4.7124,
442,4.67781,
443,4.62137,
444,4.78713,
445,4.75126,
446,4.70609,
447,4.76008,
448,4.75619,
449,4.63728,
450,4.84153,
451,4.76305,
452,4.95623,
453,4.8322,
454,4.90387,
455,4.81482,
456,4.77285,
457,4.82331,
458,4.78193,
459,4.79768,
460,4.7921,
461,4.77926,
462,4.79431,
463,4.68054,
464,4.71962,
465,4.6961,
466,4.71759,
467,4.61293,
468,4.59649,
469,4.63463,
470,4.66465,
471,4.61113,
472,4.64219,
473,4.65476,
474,4.58777,
475,4.6576,
476,4.68236,
477,4.69109,
478,4.89469,
479,4.80282,
480,4.84714,
481,4.77729,
482,4.85832,
483,4.84167,
484,4.75568,
485,4.75285,
486,4.80864,
487,4.73827,
488,4.79383,
489,4.71641,
490,4.71901,
491,4.6604,
492,4.67207,
493,4.76004,
494,4.76012,
495,4.75088,
496,4.63893,
497,4.67976,
498,4.63813,
499,4.63331,
500,4.7318,
501,4.72262,
502,4.6703,
503,4.65759,
504,4.70666,
505,4.8172,
506,4.71449,
507,4.78467,
508,4.76665,
509,4.79856,
510,4.72329,
511,4.89157,
512,4.82562,
513,4.73344,
514,4.63524,
515,4.63876,
516,4.75504,
517,4.74042,
518,4.67507,
519,4.67212,
520,4.65829,
521,4.6543,
522,4.6938,
523,4.70064,
524,4.62666,
525,4.61302,
526,4.57308,
527,4.58326,
528,4.60783,
529,4.60592,
530,4.51807,
531,4.62894,
532,4.53518,
533,4.62509,
534,4.51923,
535,4.62997,
536,4.63299,
537,4.58865,
538,4.58199,
539,4.81732,
540,4.72293,
541,4.77638,
542,4.83407,
543,4.75387,
544,4.76816,
545,4.75186,
546,4.72168,
547,4.67336,
548,4.65147,
549,4.68407,
550,4.71795,
551,4.81658,
552,4.67312,
553,4.68052,
554,4.68828,
555,4.65857,
556,4.77118,
557,4.71581,
558,4.74664,
559,4.67277,
560,4.57999,
561,4.65367,
562,4.64513,
563,4.585,
564,4.54983,
565,4.59992,
566,4.65031,
567,4.79928,
568,4.83738,
569,4.8037,
570,4.72345,
571,4.6657,
572,4.69092,
573,4.72534,
574,4.67732,
575,4.63778,
576,4.73219,
577,4.68984,
578,4.72637,
579,4.61247,
580,4.61002,
581,4.6267,
582,4.59672,
583,4.58331,
584,4.62207,
585,4.53233,
586,4.75317,
587,4.8268,
588,4.81292,
589,4.78712,
590,4.7191,
591,4.74907,
592,4.67378,
593,4.81954,
594,4.63168,
595,4.68463,
596,4.66833,
597,4.52329,
598,4.51774,
599,4.59586,
600,4.66079,
601,4.63522,
602,4.46362,
603,4.60389,
604,4.56772,
605,4.54501,
606,4.56519,
607,4.54233,
608,4.4668,
609,4.68953,
610,4.64437,
611,4.64472,
612,4.64692,
613,4.68081,
614,4.77011,
615,4.80963,
616,4.79624,
617,4.59387,
618,4.63005,
619,4.57795,
620,4.64977,
621,4.57375,
622,4.59768,
623,4.68151,
624,4.62964,
625,4.5908,
626,4.59825,
627,4.55877,
628,4.57594,
629,4.60013,
630,4.51765,
631,4.49993,
632,4.53772,
633,4.49509,
634,4.53224,
635,4.43009,
636,4.49203,
637,4.51818,
638,4.71581,
639,4.69096,
640,4.6188,
641,4.64139,
642,4.64962,
643,4.59955,
644,4.63989,
645,4.50394,
646,4.62629,
647,4.62814,
648,4.47027,
649,4.66811,
650,4.50527,
651,4.46487,
652,4.60535,
653,4.54363,
654,4.45066,
655,4.54038,
656,4.65066,
657,4.31867,
658,4.46865,
659,4.58166,
660,4.35661,
661,4.4695,
662,4.52126,
663,4.46112,
664,4.29931,
665,4.72686,
666,4.63252,
667,4.6588,
668,4.62831,
669,4.66921,
670,4.60877,
671,4.72936,
672,4.68318,
673,4.58065,
674,4.6248,
675,4.67941,
676,4.64836,
677,4.57538,
678,4.54861,
679,4.59082,
680,4.47625,
681,4.51365,
682,4.50384,
683,4.58395,
684,4.50972,
685,4.35576,
686,4.50107,
687,4.42457,
688,4.35178,
689,4.26955,
690,4.38422,
691,4.4608,
692,4.44132,
693,4.35213,
694,4.28984,
695,4.21102,
696,4.23666,
697,4.3675,
698,4.37459,
699,4.90665,
700,4.69777,
701,4.67845,
702,4.57827,
703,4.67515,
704,4.67636,
705,4.54942,
706,4.62984,
707,4.55142,
708,4.59117,
709,4.49125,
710,4.65909,
711,4.557,
712,4.51836,
713,4.62454,
714,4.62845,
715,4.62529,
716,4.55942,
717,4.58736,
718,4.63515,
719,4.57232,
720,4.51439,
721,4.52126,
722,4.50267,
723,4.73941,
724,4.68664,
725,4.5924,
726,4.64228,
727,4.68607,
728,4.58417,
729,4.60148,
730,4.6721,
731,4.60535,
732,4.52904,
733,4.59723,
734,4.59381,
735,4.50709,
736,4.50553,
737,4.55738,
738,4.54777,
739,4.51599,
740,4.46433,
741,4.4653,
742,4.51484,
743,4.566,
744,4.46177,
745,4.36052,
746,4.46858,
747,4.39935,
748,4.4116,
749,4.4628,
750,4.48496,
751,4.50394,
752,4.61065,
753,4.51638,
754,4.5242,
755,4.51616,
756,4.51714,
757,4.47607,
758,4.48764,
759,4.43595,
760,4.52256,
761,4.48569,
762,4.39795,
763,4.48044,
764,4.37474,
765,4.45724,
766,4.46089,
767,4.40759,
768,4.46152,
769,4.32505,
770,4.5348,
771,4.36627,
772,4.38792,
773,4.49199,
774,4.44396,
775,4.44101,
776,4.34346,
777,4.38559,
778,4.3706,
779,4.43374,
780,4.40496,
781,4.23467,
782,4.31497,
783,4.21141,
784,4.25473,
785,4.49742,
786,4.44097,
787,4.48371,
788,4.39036,
789,4.43386,
790,4.40606,
791,4.64077,
792,4.57793,
793,4.58889,
794,4.60533,
795,4.49495,
796,4.61506,
797,4.55185,
798,4.48564,
799,4.52817,
800,4.45318,
801,4.47232,
802,4.62503,
803,4.56162,
804,4.44868,
805,4.53821,
806,4.42013,
807,4.45971,
808,4.4643,
809,4.42933,
810,4.39004,
811,4.3759,
812,4.31672,
813,4.40819,
814,4.40785,
815,4.38307,
816,4.39796,
817,4.42507,
818,4.49427,
819,4.45365,
820,4.41886,
821,4.36953,
822,4.62107,
823,4.59585,
824,4.57762,
825,4.5581,
826,4.58496,
827,4.58699,
828,4.45892,
829,4.59043,
830,4.54473,
831,4.53302,
832,4.47969,
833,4.5028,
834,4.37148,
835,4.51309,
836,4.45823,
837,4.47558,
838,4.47674,
839,4.44598,
840,4.39894,
841,4.42993,
842,4.40148,
843,4.87949,
844,4.5698,
845,4.63669,
846,4.46959,
847,4.49986,
848,4.51808,
849,4.46348,
850,4.58217,
851,4.50368,
852,4.25572,
853,4.39829,
854,4.39035,
855,4.34331,
856,4.31748,
857,4.25595,
858,4.27687,
859,4.42931,
860,4.50654,
861,4.41242,
862,4.26586,
863,4.27578,
864,4.589,
865,4.68955,
866,4.68207,
867,4.68376,
868,4.61745,
869,4.66469,
870,4.61538,
871,4.55541,
872,4.5908,
873,4.58597,
874,4.53716,
875,4.59507,
876,4.58916,
877,4.56444,
878,4.46375,
879,4.50335,
880,4.42455,
881,4.46123,
882,4.41074,
883,4.48368,
884,4.45999,
885,4.40194,
886,4.38561,
887,4.44924,
888,4.37739,
889,4.35808,
890,4.60949,
891,4.53858,
892,4.5432,
893,4.54263,
894,4.62689,
895,4.55057,
896,4.48592,
897,4.45453,
898,4.33154,
899,4.42129,
900,4.38746,
901,4.45394,
902,4.42683,
903,4.3871,
904,4.27548,
905,4.23013,
906,4.20652,
907,4.18621,
908,4.1975,
909,4.20671,
910,4.29766,
911,4.14374,
912,4.11513,
913,4.09269,
914,4.31489,
915,4.2348,
916,4.42957,
917,4.12575,
918,4.43983,
919,4.24739,
920,4.4871,
921,4.69678,
922,4.56021,
923,4.55866,
924,4.59816,
925,4.53802,
926,4.5588,
927,4.60177,
928,4.50736,
929,4.43431,
930,4.43587,
931,4.43672,
932,4.44364,
933,4.40192,
934,4.40403,
935,4.35229,
936,4.42661,
937,4.21119,
938,4.3607,
939,4.31697,
940,4.1782,
941,4.18692,
942,4.2785,
943,4.1728,
944,4.21353,
945,4.20131,
946,4.11972,
947,4.07068,
948,4.1307,
949,4.55154,
950,4.52401,
951,4.65235,
952,4.61296,
953,4.57723,
954,4.56225,
955,4.46924,
956,4.41005,
957,4.40155,
958,4.50478,
959,4.57474,
960,4.47396,
961,4.48416,
962,4.44431,
963,4.37298,
964,4.54325,
965,4.51551,
966,4.53022,
967,4.37269,
968,4.5833,
969,4.37702,
970,4.41089,
971,4.46124,
972,4.40614,
973,4.37134,
974,4.38053,
975,4.42878,
976,4.37913,
977,4.38758,
978,4.28801,
979,4.38068,
980,4.42144,
981,4.38329,
982,4.3822,
983,4.40006,
984,4.3488,
985,4.23166,
986,4.36955,
987,4.2952,
988,4.33434,
989,4.37027,
990,4.23516,
991,4.23719,
992,4.3707,
993,4.39277,
994,4.63643,
995,4.58051,
996,4.51029,
997,4.61266,
998,4.56582,
999,4.57655,
1000,4.49031,
1001,4.48991,
1002,4.30358,
1003,4.43475,
1004,4.43474,
1005,4.3438,
1006,4.48725,
1007,4.39481,
1008,4.32169,
1009,4.50781,
1010,4.48151,
1011,4.19596,
1012,4.31336,
1013,4.3133,
1014,4.24141,
1015,4.3058,
1016,4.40513,
1017,4.39626,
1018,4.43184,
1019,4.43688,
1020,4.52838,
1021,4.19714,
1022,4.32641,
1023,4.42025,
1024,4.36049,
1025,4.49034,
1026,4.48217,
1027,4.40297,
1028,4.40963,
1029,4.48134,
1030,4.43301,
1031,4.27104,
1032,4.42189,
1033,4.24135,
1034,4.39854,
1035,4.4732,
1036,4.37426,
1037,4.41044,
1038,4.31623,
1039,4.49172,
1040,4.38657,
1041,4.51366,
1042,4.42499,
1043,4.46074,
1044,4.38891,
1045,4.51417,
1046,4.37711,
1047,4.41925,
1048,4.30167,
1049,4.32222,
1050,4.33562,
1051,4.30524,
1052,4.36274,
1053,4.28149,
1054,4.45412,
1055,4.12763,
1056,4.28557,
1057,4.41769,
1058,4.32876,
1059,4.28427,
1060,4.26673,
1061,4.35878,
1062,4.25132,
1063,4.30864,
1064,4.10109,
1065,4.55432,
1066,4.51063,
1067,4.51804,
1068,4.60794,
1069,4.6137,
1070,4.46173,
1071,4.45625,
1072,4.4342,
1073,4.56855,
1074,4.39379,
1075,4.40437,
1076,4.39486,
1077,4.3125,
1078,4.30262,
1079,4.37518,
1080,4.41895,
1081,4.33117,
1082,4.4473,
1083,4.48547,
1084,4.37178,
1085,4.32751,
1086,4.34278,
1087,4.42954,
1088,4.49038,
1089,4.43459,
1090,4.40162,
1091,4.417,
1092,4.39422,
1093,4.43224,
1094,4.4451,
1095,4.31768,
1096,4.38405,
1097,4.33957,
1098,4.23356,
1099,4.19491,
1100,4.18971,
1101,4.35274,
1102,4.36013,
1103,4.23143,
1104,4.24277,
1105,4.27002,
1106,4.2347,
1107,4.20589,
1108,4.26646,
1109,4.20013,
1110,4.21547,
1111,4.20671,
1112,4.20289,
1113,4.34366,
1114,4.1775,
1115,4.35178,
1116,4.44963,
1117,4.35082,
1118,4.35248,
1119,4.31614,
1120,4.43926,
1121,4.3748,
1122,4.35849,
1123,4.35152,
1124,4.40915,
1125,4.29005,
1126,4.18569,
1127,4.26665,
1128,4.26648,
1129,4.31165,
1130,4.29673,
1131,4.14631,
1132,4.33495,
1133,4.26806,
1134,4.31101,
1135,4.2,
1136,4.16712,
1137,4.28712,
1138,4.1769,
1139,4.09397,
1140,4.1994,
1141,4.20472,
1142,4.30916,
1143,4.15154,
1144,4.17497,
1145,4.16671,
1146,4.1755,
1147,4.17681,
1148,4.18528,
1149,4.284,
1150,4.51277,
1151,4.38012,
1152,4.49554,
1153,4.35563,
1154,4.3164,
1155,4.32446,
1156,4.40718,
1157,4.36754,
1158,4.41511,
1159,4.35391,
1160,4.42267,
1161,4.38174,
1162,4.42875,
1163,4.28143,
1164,4.36326,
1165,4.40382,
1166,4.28323,
1167,4.42516,
1168,4.34853,
1169,4.15475,
1170,4.15399,
1171,4.25002,
1172,4.19814,
1173,4.23616,
1174,4.23255,
1175,4.26359,
1176,4.37733,
1177,4.55202,
1178,4.34628,
1179,4.39528,
1180,4.41541,
1181,4.3909,
1182,4.37475,
1183,4.37827,
1184,4.33089,
1185,4.41687,
1186,4.32238,
1187,4.38927,
1188,4.42477,
1189,4.3202,
1190,4.35501,
1191,4.14048,
1192,4.1991,
1193,4.32395,
1194,4.21622,
1195,4.28058,
1196,4.11415,
1197,4.18068,
1198,4.26382,
1199,4.05003,
1200,4.19427,
1201,4.1743,
1202,4.17753,
1203,4.26865,
1204,4.2214,
1205,4.07657,
1206,4.05867,
1207,4.14613,
1208,4.11141,
1209,4.24431,
1210,4.32158,
1211,4.18184,
1212,4.15684,
1213,4.16467,
1214,4.3696,
1215,4.31584,
1216,4.13314,
1217,4.41119,
1218,4.36893,
1219,4.31707,
1220,4.3821,
1221,4.2909,
1222,4.15256,
1223,4.31406,
1224,4.23965,
1225,4.30238,
1226,4.23981,
1227,4.40518,
1228,4.41551,
1229,4.33259,
1230,4.31534,
1231,4.24159,
1232,4.25414,
1233,4.26475,
1234,4.2114,
1235,4.24902,
1236,4.17261,
1237,4.26701,
1238,4.2379,
1239,4.24516,
1240,4.17352,
1241,4.30114,
1242,4.27987,
1243,4.35917,
1244,4.36023,
1245,4.24598,
1246,4.11233,
1247,4.30988,
1248,4.0501,
1249,4.25667,
1250,4.42092,
1251,4.38071,
1252,4.41378,
1253,4.37642,
1254,4.28766,
1255,4.40524,
1256,4.27911,
1257,4.27469,
1258,4.28959,
1259,4.42755,
1260,4.24805,
1261,4.34276,
1262,4.13844,
1263,4.3462,
1264,4.35038,
1265,4.43104,
1266,4.31266,
1267,4.24075,
1268,4.29902,
1269,4.12237,
1270,4.28417,
1271,4.10514,
1272,4.19314,
1273,4.0933,
1274,4.22818,
1275,4.29038,
1276,3.99901,
1277,4.18233,
1278,4.28005,
1279,4.22409,
1280,4.20885,
1281,4.30869,
1282,4.20867,
1283,4.09998,
1284,4.24309,
1285,4.23984,
1286,4.10812,
1287,4.04188,
1288,4.07493,
1289,4.56371,
1290,4.49143,
1291,4.42119,
1292,4.38798,
1293,4.36359,
1294,4.30314,
1295,4.23526,
1296,4.29404,
1297,4.2961,
1298,4.29919,
1299,4.24444,
1300,4.25913,
1301,4.20218,
1302,4.24875,
1303,4.2521,
1304,4.2011,
1305,4.32084,
1306,4.32515,
1307,4.21771,
1308,4.47163,
1309,4.35001,
1310,4.19212,
1311,4.14979,
1312,4.30129,
1313,4.25081,
1314,4.24695,
1315,4.23389,
1316,4.27375,
1317,4.22046,
1318,4.15683,
1319,4.27059,
1320,4.25278,
1321,4.3478,
1322,4.24454,
1323,4.3203,
1324,4.23908,
1325,4.19108,
1326,4.21112,
1327,4.28671,
1328,4.27401,
1329,4.04738,
1330,4.17377,
1331,4.1566,
1332,4.19369,
1333,4.2265,
1334,4.16189,
1335,4.04655,
1336,4.24945,
1337,4.24188,
1338,3.96637,
1339,3.96428,
1340,4.23567,
1341,4.36202,
1342,4.32665,
1343,4.27997,
1344,4.18296,
1345,4.22105,
1346,4.2696,
1347,4.16004,
1348,4.26703,
1349,4.20668,
1350,4.05961,
1351,4.17741,
1352,4.03373,
1353,4.09206,
1354,3.98379,
1355,4.25585,
1356,4.33986,
1357,4.30692,
1358,4.35001,
1359,4.40838,
1360,4.3058,
1361,4.36876,
1362,4.22521,
1363,4.24974,
1364,4.29058,
1365,4.27535,
1366,4.31599,
1367,4.37642,
1368,4.34163,
1369,4.90165,
1370,4.2752,
1371,4.30539,
1372,4.28809,
1373,4.2753,
1374,4.144,
1375,4.21053,
1376,4.2115,
1377,4.22665,
1378,4.20329,
1379,4.45804,
1380,4.21467,
1381,4.2261,
1382,4.05502,
1383,4.14979,
1384,4.19172,
1385,4.25228,
1386,4.2989,
1387,4.35899,
1388,4.15138,
1389,4.33102,
1390,4.34914,
1391,4.36622,
1392,4.41224,
1393,4.32355,
1394,4.23543,
1395,4.3364,
1396,4.33938,
1397,4.33111,
1398,4.27514,
1399,4.2926,
1400,4.21752,
1401,4.273,
1402,4.17848,
1403,4.11568,
1404,4.24614,
1405,4.20968,
1406,4.0831,
1407,4.12843,
1408,4.18463,
1409,4.28868,
1410,4.19327,
1411,4.1291,
1412,4.22892,
1413,4.05667,
1414,4.15398,
1415,4.17751,
1416,4.23834,
1417,4.1576,
1418,4.19085,
1419,4.37297,
1420,4.20946,
1421,4.23708,
1422,4.18861,
1423,4.20116,
1424,4.17607,
1425,4.17143,
1426,4.20031,
1427,4.00077,
1428,4.07389,
1429,4.10377,
1430,4.11007,
1431,4.1086,
1432,4.12528,
1433,4.04503,
1434,4.16867,
1435,4.151,
1436,3.97846,
1437,4.19805,
1438,4.10008,
1439,4.11698,
1440,4.05411,
1441,4.16606,
1442,4.24508,
1443,4.24105,
1444,4.14951,
1445,4.04853,
1446,4.30241,
1447,4.15336,
1448,4.20463,
1449,4.15735,
1450,4.0428,
1451,4.09444,
1452,4.21964,
1453,4.03059,
1454,3.97001,
1455,3.78054,
1456,3.98605,
1457,4.05085,
1458,4.22142,
1459,4.12552,
1460,4.16838,
1461,4.08134,
1462,4.01589,
1463,3.93633,
1464,4.07269,
1465,4.13332,
1466,3.98436,
1467,4.05078,
1468,3.80893,
1469,3.82233,
1470,4.16317,
1471,3.97173,
1472,4.06966,
1473,3.97578,
1474,4.02867,
1475,3.94466,
1476,3.95969,
1477,3.95912,
1478,3.96838,
1479,3.90902,
1480,3.84839,
1481,3.89982,
1482,4.10297,
1483,3.86199,
1484,4.03116,
1485,4.15022,
1486,4.36256,
1487,4.37622,
1488,4.41162,
1489,4.36629,
1490,4.36402,
1491,4.35295,
1492,4.25415,
1493,4.15929,
1494,4.20957,
1495,4.09863,
1496,4.1578,
1497,4.19675,
1498,4.16496,
1499,4.20331,
1500,4.20169,
1501,4.08857,
1502,4.03976,
1503,4.15373,
1504,4.19504,
1505,4.08992,
1506,4.14126,
1507,4.06461,
1508,4.03944,
1509,4.22569,
1510,4.06246,
1511,4.05035,
1512,4.12003,
1513,4.13373,
1514,3.98625,
1515,4.25187,
1516,4.16883,
1517,4.34082,
1518,4.2668,
1519,4.32326,
1520,4.24267,
1521,4.18438,
1522,4.24582,
1523,4.15396,
1524,4.20301,
1525,4.16291,
1526,4.18177,
1527,4.14936,
1528,4.01504,
1529,4.0868,
1530,4.05228,
1531,4.11361,
1532,3.96576,
1533,3.99631,
1534,4.00258,
1535,4.00557,
1536,3.96113,
1537,3.93201,
1538,3.97571,
1539,3.9825,
1540,4.06877,
1541,4.05439,
1542,4.05082,
1543,4.44746,
1544,4.31661,
1545,4.33595,
1546,4.2777,
1547,4.32142,
1548,4.32731,
1549,4.2124,
1550,4.27722,
1551,4.28549,
1552,4.17638,
1553,4.30193,
1554,4.15591,
1555,4.1432,
1556,4.04951,
1557,4.11721,
1558,4.17738,
1559,4.24455,
1560,4.18409,
1561,4.0313,
1562,4.13584,
1563,4.09307,
1564,4.0707,
1565,4.20728,
1566,4.17022,
1567,4.09415,
1568,4.01756,
1569,4.13085,
1570,4.28884,
1571,4.19532,
1572,4.24989,
1573,4.22302,
1574,4.29889,
1575,4.18503,
1576,4.33487,
1577,4.3209,
1578,4.12918,
1579,4.05632,
1580,4.04027,
1581,4.21686,
1582,4.16682,
1583,4.09836,
1584,4.12949,
1585,4.08212,
1586,4.13512,
1587,4.151,
1588,4.19709,
1589,4.02767,
1590,4.05009,
1591,3.94903,
1592,3.95775,
1593,4.02487,
1594,4.01173,
1595,3.95384,
1596,4.05373,
1597,3.99928,
1598,4.01987,
1599,3.90898,
1600,3.96804,
1601,4.09039,
1602,4.01529,
1603,3.98543,
1604,4.32195,
1605,4.26435,
1606,4.28841,
1607,4.27055,
1608,4.20629,
1609,4.21217,
1610,4.12232,
1611,4.25271,
1612,4.27344,
1613,4.13318,
1614,4.18886,
1615,4.28354,
1616,4.40248,
1617,4.16669,
1618,4.22451,
1619,4.18888,
1620,4.1653,
1621,4.31615,
1622,4.22712,
1623,4.19119,
1624,4.17273,
1625,4.04255,
1626,4.10408,
1627,4.06395,
1628,4.05511,
1629,4.06239,
1630,4.07407,
1631,4.07278,
1632,4.39392,
1633,4.42912,
1634,4.34758,
1635,4.2711,
1636,4.23042,
1637,4.23903,
1638,4.26681,
1639,4.24577,
1640,4.19661,
1641,4.31134,
1642,4.29436,
1643,4.24409,
1644,4.15151,
1645,4.13064,
1646,4.18717,
1647,4.21411,
1648,4.13678,
1649,4.14114,
1650,4.0495,
1651,4.37226,
1652,4.4981,
1653,4.40679,
1654,4.32664,
1655,4.23668,
1656,4.25644,
1657,4.15744,
1658,4.3656,
1659,4.13002,
1660,4.18973,
1661,4.20919,
1662,4.01321,
1663,3.95941,
1664,4.13604,
1665,4.22402,
1666,4.17464,
1667,3.96384,
1668,4.13945,
1669,4.07965,
1670,4.03946,
1671,4.09694,
1672,4.09785,
1673,3.94325,
1674,4.21722,
1675,4.09313,
1676,4.11856,
1677,4.15699,
1678,4.20867,
1679,4.23202,
1680,4.26696,
1681,4.20698,
1682,4.08124,
1683,4.10019,
1684,4.05682,
1685,4.1446,
1686,4.05167,
1687,4.08943,
1688,4.15766,
1689,4.07872,
1690,4.04062,
1691,4.04824,
1692,3.97123,
1693,4.0219,
1694,4.10108,
1695,3.9553,
1696,3.92538,
1697,3.98207,
1698,3.96543,
1699,3.95642,
1700,3.85063,
1701,3.92076,
1702,3.98835,
1703,4.22726,
1704,4.22734,
1705,4.15185,
1706,4.15707,
1707,4.21374,
1708,4.06601,
1709,4.12408,
1710,3.94658,
1711,4.128,
1712,4.14039,
1713,3.97936,
1714,4.21434,
1715,3.98523,
1716,3.90573,
1717,4.11486,
1718,4.0407,
1719,3.91157,
1720,3.9833,
1721,4.13152,
1722,3.76959,
1723,3.9238,
1724,4.06972,
1725,3.83876,
1726,3.96382,
1727,3.98382,
1728,3.92581,
1729,3.77531,
1730,4.28824,
1731,4.1657,
1732,4.16609,
1733,4.13304,
1734,4.20929,
1735,4.15233,
1736,4.24861,
1737,4.20928,
1738,4.11941,
1739,4.15452,
1740,4.1701,
1741,4.14742,
1742,4.10338,
1743,4.04917,
1744,4.06916,
1745,3.9437,
1746,3.98173,
1747,4.02051,
1748,4.14032,
1749,4.02502,
1750,3.86213,
1751,3.96989,
1752,3.89755,
1753,3.88515,
1754,3.69746,
1755,3.84492,
1756,3.96321,
1757,3.95917,
1758,3.85004,
1759,3.75276,
1760,3.69105,
1761,3.67879,
1762,3.85615,
1763,3.89454,
1764,4.51794,
1765,4.25463,
1766,4.17976,
1767,4.09174,
1768,4.22833,
1769,4.21567,
1770,4.11188,
1771,4.1573,
1772,4.0435,
1773,4.08401,
1774,3.9843,
1775,4.2167,
1776,4.09428,
1777,4.01408,
1778,4.15327,
1779,4.1536,
1780,4.16111,
1781,4.11142,
1782,4.14025,
1783,4.15523,
1784,4.13799,
1785,4.00826,
1786,4.00719,
1787,4.00397,
1788,4.23547,
1789,4.25268,
1790,4.13556,
1791,4.13313,
1792,4.25576,
1793,4.1317,
1794,4.15015,
1795,4.20437,
1796,4.14806,
1797,4.08627,
1798,4.12077,
1799,4.13771,
1800,4.03642,
1801,4.04761,
1802,4.09679,
1803,4.11532,
1804,4.01921,
1805,3.9955,
1806,3.97895,
1807,4.06541,
1808,4.15512,
1809,3.99287,
1810,3.86937,
1811,4.01869,
1812,3.88384,
1813,3.88725,
1814,3.97547,
1815,4.04011,
1816,4.03489,
1817,4.15738,
1818,4.05993,
1819,4.05461,
1820,3.95574,
1821,4.02087,
1822,3.99447,
1823,4.0348,
1824,3.94117,
1825,4.05236,
1826,3.94353,
1827,3.89247,
1828,3.95247,
1829,3.87842,
1830,3.97094,
1831,3.95686,
1832,3.84933,
1833,3.96908,
1834,3.78846,
1835,4.04644,
1836,3.83707,
1837,3.89798,
1838,3.98212,
1839,3.93549,
1840,3.97646,
1841,3.8175,
1842,3.88641,
1843,3.88928,
1844,3.9499,
1845,3.94145,
1846,3.66018,
1847,3.7609,
1848,3.64644,
1849,3.69393,
1850,3.98767,
1851,3.96311,
1852,3.97988,
1853,3.81836,
1854,3.97969,
1855,3.95625,
1856,4.20594,
1857,4.15564,
1858,4.15358,
1859,4.15211,
1860,4.07911,
1861,4.24959,
1862,4.09656,
1863,4.07944,
1864,4.1332,
1865,4.03614,
1866,4.07892,
1867,4.21905,
1868,4.12506,
1869,4.02588,
1870,4.13862,
1871,3.96354,
1872,4.05288,
1873,4.03302,
1874,3.98836,
1875,3.98012,
1876,3.9694,
1877,3.86496,
1878,3.92879,
1879,3.97702,
1880,3.8962,
1881,3.96007,
1882,4.02257,
1883,4.10101,
1884,3.99711,
1885,3.98505,
1886,3.92096,
1887,4.21168,
1888,4.18622,
1889,4.1895,
1890,4.15672,
1891,4.19681,
1892,4.16387,
1893,4.06442,
1894,4.19423,
1895,4.13307,
1896,4.1282,
1897,4.07466,
1898,4.10113,
1899,3.94706,
1900,4.147,
1901,4.02234,
1902,4.07391,
1903,4.09483,
1904,4.00838,
1905,3.95335,
1906,4.0015,
1907,4.00483,
1908,4.42257,
1909,4.18933,
1910,4.17725,
1911,4.1212,
1912,4.08722,
1913,4.09156,
1914,3.95435,
1915,4.06472,
1916,4.05096,
1917,3.73587,
1918,3.9441,
1919,3.92775,
1920,3.87517,
1921,3.84009,
1922,3.77107,
1923,3.80873,
1924,3.95656,
1925,4.07646,
1926,3.99517,
1927,3.75454,
1928,3.77537,
1929,4.16603,
1930,4.28081,
1931,4.25611,
1932,4.31923,
1933,4.20562,
1934,4.2249,
1935,4.16364,
1936,4.09056,
1937,4.16461,
1938,4.16224,
1939,4.09043,
1940,4.15952,
1941,4.20069,
1942,4.15523,
1943,4.07294,
1944,4.03968,
1945,3.95749,
1946,4.01771,
1947,3.96395,
1948,4.02211,
1949,3.97659,
1950,3.89725,
1951,3.88937,
1952,4.00968,
1953,3.91618,
1954,3.89537,
1955,4.28469,
1956,4.17584,
1957,4.22834,
1958,4.14821,
1959,4.22394,
1960,4.23964,
1961,4.08326,
1962,4.0987,
1963,3.91676,
1964,3.95544,
1965,3.88826,
1966,4.01258,
1967,4.12328,
1968,4.06103,
1969,3.86127,
1970,3.80181,
1971,3.71611,
1972,3.72957,
1973,3.78466,
1974,3.73824,
1975,3.84616,
1976,3.76052,
1977,3.6256,
1978,3.64973,
1979,3.88852,
1980,3.76843,
1981,4.00045,
1982,3.65234,
1983,4.07838,
1984,3.84233,
1985,4.104,
1986,4.34549,
1987,4.1396,
1988,4.19428,
1989,4.18177,
1990,4.15661,
1991,4.20007,
1992,4.2365,
1993,4.14126,
1994,3.96489,
1995,4.01718,
1996,4.03157,
1997,4.0731,
1998,3.98848,
1999,3.96688,
2000,3.91553,
2001,4.01305,
2002,3.79848,
2003,4.00296,
2004,3.97705,
2005,3.7161,
2006,3.77528,
2007,3.87295,
2008,3.7545,
2009,3.78981,
2010,3.75406,
2011,3.62234,
2012,3.59736,
2013,3.68266,
2014,4.22519,
2015,4.20149,
2016,4.32022,
2017,4.24983,
2018,4.20571,
2019,4.19471,
2020,4.07995,
2021,4.09154,
2022,4.05458,
2023,4.14904,
2024,4.23274,
2025,4.18476,
2026,4.12065,
2027,4.05313,
2028,3.99818,
2029,4.20838,
2030,4.15095,
2031,4.18238,
2032,4.02848,
2033,4.23001,
2034,4.0023,
2035,4.02498,
2036,4.07896,
2037,4.06584,
2038,3.96723,
2039,3.98442,
2040,3.98366,
2041,3.99718,
2042,3.99768,
2043,3.87863,
2044,3.94666,
2045,3.99099,
2046,3.97803,
2047,3.94395,
2048,3.95944,
2049,3.95072,
2050,3.81794,
2051,3.89076,
2052,3.85744,
2053,3.87859,
2054,3.92503,
2055,3.78354,
2056,3.7588,
2057,3.91122,
2058,3.94941,
2059,4.33073,
2060,4.23246,
2061,4.17069,
2062,4.24068,
2063,4.19398,
2064,4.20702,
2065,4.05557,
2066,4.10195,
2067,3.93924,
2068,3.99758,
2069,4.00499,
2070,3.94155,
2071,4.12072,
2072,4.04438,
2073,3.93023,
2074,4.15213,
2075,4.1335,
2076,3.78932,
2077,3.90868,
2078,3.92681,
2079,3.81517,
2080,3.9713,
2081,4.00702,
2082,4.00365,
2083,4.10156,
2084,4.09459,
2085,4.17582,
2086,3.80107,
2087,3.93193,
2088,4.05696,
2089,4.00737,
2090,4.12677,
2091,4.10242,
2092,4.11536,
2093,4.07841,
2094,4.12192,
2095,4.03161,
2096,3.88902,
2097,4.04932,
2098,3.80954,
2099,4.05225,
2100,4.05729,
2101,4.01678,
2102,4.03725,
2103,3.9175,
2104,4.14609,
2105,4.02069,
2106,4.18268,
2107,4.07025,
2108,4.07623,
2109,4.0369,
2110,4.20312,
2111,4.01104,
2112,4.0217,
2113,3.91982,
2114,3.92517,
2115,4.00923,
2116,3.89447,
2117,3.97938,
2118,3.8951,
2119,4.05051,
2120,3.73051,
2121,3.89111,
2122,4.02624,
2123,3.98517,
2124,3.91459,
2125,3.87589,
2126,3.98281,
2127,3.84486,
2128,3.9429,
2129,3.62887,
2130,4.23499,
2131,4.1453,
2132,4.19396,
2133,4.33747,
2134,4.33272,
2135,4.10118,
2136,4.13106,
2137,4.08349,
2138,4.2657,
2139,4.06171,
2140,4.08891,
2141,4.02265,
2142,3.9464,
2143,3.97108,
2144,4.0227,
2145,4.07528,
2146,3.9491,
2147,4.1338,
2148,4.12832,
2149,4.07649,
2150,4.02862,
2151,3.99884,
2152,4.06842,
2153,4.14434,
2154,4.06308,
2155,4.03369,
2156,4.02379,
2157,4.01314,
2158,4.0807,
2159,4.09755,
2160,3.95848,
2161,3.98802,
2162,3.98891,
2163,3.88295,
2164,3.82203,
2165,3.73765,
2166,3.96035,
2167,4.01381,
2168,3.81285,
2169,3.83121,
2170,3.9181,
2171,3.83292,
2172,3.79553,
2173,3.83407,
2174,3.78093,
2175,3.8337,
2176,3.81452,
2177,3.82639,
2178,3.95966,
2179,3.78216,
2180,4.03335,
2181,4.11656,
2182,4.02951,
2183,3.98889,
2184,3.96187,
2185,4.11247,
2186,4.03782,
2187,4.0051,
2188,4.00634,
2189,4.08504,
2190,3.91499,
2191,3.78756,
2192,3.91992,
2193,3.91514,
2194,3.92033,
2195,3.94462,
2196,3.72721,
2197,3.97585,
2198,3.93292,
2199,3.93198,
2200,3.8677,
2201,3.75985,
2202,3.97039,
2203,3.79607,
2204,3.64487,
2205,3.80132,
2206,3.817,
2207,3.96252,
2208,3.7726,
2209,3.75633,
2210,3.78939,
2211,3.79031,
2212,3.7791,
2213,3.82119,
2214,3.93955,
2215,4.13345,
2216,4.04572,
2217,4.17095,
2218,4.04879,
2219,3.94851,
2220,3.93017,
2221,4.04537,
2222,4.02045,
2223,4.05127,
2224,3.96754,
2225,4.10537,
2226,3.99667,
2227,4.10681,
2228,3.91155,
2229,3.9576,
2230,4.05479,
2231,3.96642,
2232,4.05669,
2233,3.98231,
2234,3.73634,
2235,3.77523,
2236,3.9052,
2237,3.82613,
2238,3.91742,
2239,3.8177,
2240,3.90736,
2241,4.04975,
2242,4.17793,
2243,3.99088,
2244,4.03612,
2245,4.08794,
2246,4.06277,
2247,4.01727,
2248,4.02837,
2249,3.99032,
2250,4.06187,
2251,4.0211,
2252,4.07663,
2253,4.08169,
2254,3.93851,
2255,4.04606,
2256,3.75847,
2257,3.87962,
2258,3.97059,
2259,3.892,
2260,3.96452,
2261,3.76653,
2262,3.83607,
2263,3.97058,
2264,3.72011,
2265,3.81613,
2266,3.81975,
2267,3.79727,
2268,3.92968,
2269,3.8186,
2270,3.71107,
2271,3.70567,
2272,3.81311,
2273,3.72117,
2274,3.90942,
2275,3.96954,
2276,3.83732,
2277,3.80322,
2278,3.80726,
2279,3.99417,
2280,3.93438,
2281,3.76667,
2282,4.10151,
2283,4.04106,
2284,3.94801,
2285,4.08619,
2286,3.98189,
2287,3.80895,
2288,3.95397,
2289,3.89469,
2290,4.00124,
2291,3.94041,
2292,4.05126,
2293,4.10702,
2294,3.98726,
2295,3.96603,
2296,3.89412,
2297,3.8821,
2298,3.89302,
2299,3.89754,
2300,3.94606,
2301,3.84543,
2302,3.98099,
2303,3.9205,
2304,3.94779,
2305,3.78105,
2306,3.94017,
2307,3.97639,
2308,4.02351,
2309,4.06599,
2310,3.91271,
2311,3.73459,
2312,3.95037,
2313,3.71103,
2314,3.91269,
2315,4.12917,
2316,4.11608,
2317,4.06913,
2318,4.07422,
2319,3.98948,
2320,4.06543,
2321,3.94663,
2322,3.95977,
2323,3.96886,
2324,4.13073,
2325,3.9238,
2326,3.99668,
2327,3.79838,
2328,4.05986,
2329,4.03533,
2330,4.17649,
2331,3.96562,
2332,3.85717,
2333,3.96594,
2334,3.79258,
2335,3.93526,
2336,3.78321,
2337,3.87724,
2338,3.75105,
2339,3.92562,
2340,3.95632,
2341,3.63626,
2342,3.8476,
2343,3.92805,
2344,3.93139,
2345,3.87252,
2346,3.99099,
2347,3.91603,
2348,3.81248,
2349,3.92355,
2350,3.90945,
2351,3.81799,
2352,3.68819,
2353,3.7104,
2354,4.21157,
2355,4.19336,
2356,4.12229,
2357,4.08419,
2358,4.05942,
2359,4.06589,
2360,3.95732,
2361,3.98814,
2362,3.92487,
2363,3.99812,
2364,3.99752,
2365,3.95121,
2366,3.85563,
2367,3.94418,
2368,3.9158,
2369,3.84965,
2370,4.03872,
2371,4.04704,
2372,3.91683,
2373,4.16585,
2374,4.00945,
2375,3.81012,
2376,3.78018,
2377,4.00256,
2378,3.93776,
2379,3.93308,
2380,3.90131,
2381,3.95106,
2382,3.88195,
2383,3.80476,
2384,3.93445,
2385,3.89832,
2386,3.99962,
2387,3.96185,
2388,4.00322,
2389,3.88983,
2390,3.89605,
2391,3.85782,
2392,3.97461,
2393,3.94665,
2394,3.68178,
2395,3.81606,
2396,3.81195,
2397,3.87136,
2398,3.90066,
2399,3.8555,
2400,3.69248,
2401,3.92352,
2402,3.93696,
2403,3.66167,
2404,3.61972,
2405,3.94235,
2406,4.0074,
2407,4.01337,
2408,3.94042,
2409,3.88687,
2410,3.91496,
2411,3.9488,
2412,3.81763,
2413,3.96753,
2414,3.90373,
2415,3.70249,
2416,3.85002,
2417,3.70809,
2418,3.77705,
2419,3.65251,
2420,3.94381,
2421,4.0045,
2422,3.95093,
2423,4.07494,
2424,4.09262,
2425,3.97169,
2426,4.06359,
2427,3.8961,
2428,3.914,
2429,3.96149,
2430,3.9636,
2431,4.00611,
2432,4.04653,
2433,4.08414,
2434,4.77126,
2435,3.93984,
2436,4.00998,
2437,4.01063,
2438,3.99348,
2439,3.85361,
2440,3.89988,
2441,3.90078,
2442,3.91159,
2443,3.8546,
2444,4.25749,
2445,3.9009,
2446,3.90295,
2447,3.67967,
2448,3.78529,
2449,3.89067,
2450,3.91783,
2451,4.00519,
2452,4.03113,
2453,3.85594,
2454,4.01888,
2455,4.06324,
2456,4.03134,
2457,4.11967,
2458,3.98443,
2459,3.95378,
2460,4.07719,
2461,4.06627,
2462,4.05394,
2463,3.96133,
2464,3.98826,
2465,3.91542,
2466,3.97794,
2467,3.88537,
2468,3.74338,
2469,3.9675,
2470,3.91118,
2471,3.74371,
2472,3.78877,
2473,3.85896,
2474,3.93751,
2475,3.85817,
2476,3.80689,
2477,3.92425,
2478,3.68764,
2479,3.83978,
2480,3.80341,
2481,3.89392,
2482,3.84334,
2483,3.84201,
2484,3.98683,
2485,3.88756,
2486,3.87503,
2487,3.83608,
2488,3.83523,
2489,3.77701,
2490,3.84375,
2491,3.8777,
2492,3.6431,
2493,3.73758,
2494,3.7314,
2495,3.79712,
2496,3.7793,
2497,3.77347,
2498,3.69352,
2499,3.82613,
2500,3.85655,
2501,3.62394,
2502,3.88178,
2503,3.79241,
2504,3.78019,
2505,3.69875,
2506,3.90379,
2507,3.99298,
2508,3.98896,
2509,3.81778,
2510,3.75024,
2511,4.04198,
2512,3.8368,
2513,3.89413,
2514,3.82091,
2515,3.69982,
2516,3.80032,
2517,3.92088,
2518,3.70134,
2519,3.63029,
2520,3.44269,
2521,3.62733,
2522,3.7237,
2523,3.90873,
2524,3.83039,
2525,3.87482,
2526,3.72974,
2527,3.67616,
2528,3.6397,
2529,3.74148,
2530,3.85157,
2531,3.67702,
2532,3.73614,
2533,3.47609,
2534,3.52123,
2535,3.85373,
2536,3.63104,
2537,3.76316,
2538,3.60989,
2539,3.70448,
2540,3.57706,
2541,3.58282,
2542,3.60847,
2543,3.62935,
2544,3.58022,
2545,3.52862,
2546,3.59753,
2547,3.79542,
2548,3.53107,
2549,3.71781,
2550,3.8215,
2551,4.08533,
2552,4.08594,
2553,4.08799,
2554,4.05706,
2555,4.05944,
2556,4.0871,
2557,3.95711,
2558,3.82268,
2559,3.89299,
2560,3.76945,
2561,3.79331,
2562,3.93242,
2563,3.85383,
2564,3.90356,
2565,3.87371,
2566,3.76092,
2567,3.72068,
2568,3.89921,
2569,3.89134,
2570,3.8292,
2571,3.84301,
2572,3.75538,
2573,3.68716,
2574,3.9481,
2575,3.74633,
2576,3.74525,
2577,3.84552,
2578,3.84126,
2579,3.71085,
2580,4.00345,
2581,3.9017,
2582,4.12006,
2583,3.98297,
2584,4.05632,
2585,3.98194,
2586,3.91937,
2587,3.97193,
2588,3.87462,
2589,3.89559,
2590,3.8756,
2591,3.91343,
2592,3.87149,
2593,3.70229,
2594,3.81203,
2595,3.73053,
2596,3.78106,
2597,3.64941,
2598,3.70209,
2599,3.67025,
2600,3.68935,
2601,3.6441,
2602,3.59547,
2603,3.68275,
2604,3.68371,
2605,3.752,
2606,3.71654,
2607,3.73737,
2608,4.1545,
2609,4.05497,
2610,4.06272,
2611,3.99377,
2612,3.99706,
2613,3.99955,
2614,3.9217,
2615,3.98561,
2616,3.9906,
2617,3.88172,
2618,4.00976,
2619,3.85766,
2620,3.81833,
2621,3.72088,
2622,3.80997,
2623,3.84179,
2624,3.95528,
2625,3.90966,
2626,3.76073,
2627,3.84093,
2628,3.77971,
2629,3.77594,
2630,3.92453,
2631,3.88169,
2632,3.78538,
2633,3.71877,
2634,3.82023,
2635,4.00372,
2636,3.9147,
2637,4.00955,
2638,3.92532,
2639,4.03117,
2640,3.88315,
2641,4.09668,
2642,4.05354,
2643,3.84041,
2644,3.7773,
2645,3.77073,
2646,3.9739,
2647,3.91359,
2648,3.81684,
2649,3.84111,
2650,3.80299,
2651,3.89983,
2652,3.88261,
2653,3.94802,
2654,3.72257,
2655,3.75189,
2656,3.63173,
2657,3.70858,
2658,3.74891,
2659,3.69952,
2660,3.6546,
2661,3.77659,
2662,3.73003,
2663,3.7391,
2664,3.57212,
2665,3.6634,
2666,3.79892,
2667,3.7272,
2668,3.6879,
2669,4.09541,
2670,4.01371,
2671,4.08371,
2672,4.00642,
2673,3.92502,
2674,3.91898,
2675,3.83965,
2676,4.00307,
2677,4.08024,
2678,3.86756,
2679,3.94575,
2680,4.10471,
2681,4.20548,
2682,3.88918,
2683,3.95658,
2684,3.96105,
2685,3.92432,
2686,4.1254,
2687,3.95851,
2688,3.92304,
2689,3.90215,
2690,3.78767,
2691,3.81386,
2692,3.77475,
2693,3.80007,
2694,3.78718,
2695,3.80448,
2696,3.79866,
2697,4.17682,
2698,4.234,
2699,4.11625,
2700,4.07556,
2701,4.05099,
2702,4.03672,
2703,4.04476,
2704,4.02076,
2705,3.97531,
2706,4.10435,
2707,4.08105,
2708,4.01409,
2709,3.94529,
2710,3.90281,
2711,3.96289,
2712,4.00958,
2713,3.93481,
2714,3.9153,
2715,3.83651,
2716,4.05636,
2717,4.20993,
2718,4.16122,
2719,4.06628,
2720,3.97121,
2721,3.98883,
2722,3.95081,
2723,4.0925,
2724,3.91553,
2725,3.95294,
2726,3.91837,
2727,3.75772,
2728,3.6745,
2729,3.8761,
2730,4.02726,
2731,3.90335,
2732,3.71132,
2733,3.882,
2734,3.82018,
2735,3.79789,
2736,3.82712,
2737,3.87654,
2738,3.71225,
2739,3.94352,
2740,3.80117,
2741,3.8366,
2742,3.90909,
2743,3.92585,
2744,3.93998,
2745,4.00937,
2746,3.93664,
2747,3.79587,
2748,3.80356,
2749,3.77275,
2750,3.87726,
2751,3.77842,
2752,3.79901,
2753,3.88621,
2754,3.78864,
2755,3.72337,
2756,3.76366,
2757,3.68675,
2758,3.71887,
2759,3.84422,
2760,3.68521,
2761,3.63772,
2762,3.67183,
2763,3.68001,
2764,3.65496,
2765,3.5579,
2766,3.66029,
2767,3.67325,
2768,3.95476,
2769,3.94003,
2770,3.86567,
2771,3.86812,
2772,3.96253,
2773,3.79028,
2774,3.85953,
2775,3.63092,
2776,3.82572,
2777,3.85476,
2778,3.70895,
2779,3.95743,
2780,3.69734,
2781,3.61271,
2782,3.90827,
2783,3.80867,
2784,3.63737,
2785,3.69112,
2786,3.88989,
2787,3.47739,
2788,3.65685,
2789,3.80297,
2790,3.52612,
2791,3.69738,
2792,3.67197,
2793,3.62783,
2794,3.4747,
2795,4.02393,
2796,3.89881,
2797,3.89229,
2798,3.86531,
2799,3.94676,
2800,3.88081,
2801,3.99156,
2802,3.93559,
2803,3.82921,
2804,3.9082,
2805,3.90905,
2806,3.89266,
2807,3.83442,
2808,3.76872,
2809,3.81231,
2810,3.60811,
2811,3.69508,
2812,3.74922,
2813,3.85283,
2814,3.76652,
2815,3.57805,
2816,3.70786,
2817,3.6475,
2818,3.62758,
2819,3.42963,
2820,3.56179,
2821,3.70974,
2822,3.66614,
2823,3.56996,
2824,3.50726,
2825,3.38185,
2826,3.36218,
2827,3.58183,
2828,3.65693,
2829,4.30351,
2830,4.03421,
2831,3.91256,
2832,3.83355,
2833,3.99994,
2834,3.9572,
2835,3.82017,
2836,3.95142,
2837,3.83099,
2838,3.82677,
2839,3.73064,
2840,3.99266,
2841,3.85234,
2842,3.7673,
2843,3.8865,
2844,3.91924,
2845,3.90129,
2846,3.83764,
2847,3.89091,
2848,3.9287,
2849,3.93576,
2850,3.78026,
2851,3.75279,
2852,3.75171,
2853,4.02139,
2854,4.03955,
2855,3.92099,
2856,3.87,
2857,4.01647,
2858,3.86396,
2859,3.89143,
2860,3.96766,
2861,3.8961,
2862,3.83546,
2863,3.86631,
2864,3.87513,
2865,3.76676,
2866,3.77438,
2867,3.83643,
2868,3.8667,
2869,3.7352,
2870,3.74693,
2871,3.71982,
2872,3.82653,
2873,3.89872,
2874,3.75618,
2875,3.60627,
2876,3.76611,
2877,3.63601,
2878,3.62757,
2879,3.74092,
2880,3.8027,
2881,3.805,
2882,3.87756,
2883,3.78404,
2884,3.79313,
2885,3.67658,
2886,3.76676,
2887,3.69342,
2888,3.71902,
2889,3.64891,
2890,3.77967,
2891,3.66403,
2892,3.61806,
2893,3.62794,
2894,3.59751,
2895,3.69617,
2896,3.69166,
2897,3.55844,
2898,3.67688,
2899,3.51176,
2900,3.76444,
2901,3.54919,
2902,3.62331,
2903,3.748,
2904,3.69183,
2905,3.72595,
2906,3.50442,
2907,3.6153,
2908,3.63364,
2909,3.68988,
2910,3.67943,
2911,3.34744,
2912,3.4712,
2913,3.35617,
2914,3.43052,
2915,3.70253,
2916,3.68366,
2917,3.69829,
2918,3.53432,
2919,3.72707,
2920,3.67436,
2921,3.99585,
2922,3.9244,
2923,3.92966,
2924,3.93738,
2925,3.84641,
2926,4.05434,
2927,3.84854,
2928,3.8318,
2929,3.87725,
2930,3.77986,
2931,3.84542,
2932,3.97883,
2933,3.8665,
2934,3.78005,
2935,3.89933,
2936,3.7317,
2937,3.8074,
2938,3.76335,
2939,3.68615,
2940,3.71256,
2941,3.70394,
2942,3.58362,
2943,3.69333,
2944,3.72347,
2945,3.64032,
2946,3.70613,
2947,3.77747,
2948,3.86828,
2949,3.72486,
2950,3.72984,
2951,3.67391,
2952,4.0026,
2953,3.96252,
2954,3.97656,
2955,3.93931,
2956,3.97666,
2957,3.93781,
2958,3.81431,
2959,3.951,
2960,3.88442,
2961,3.90152,
2962,3.85134,
2963,3.87047,
2964,3.73165,
2965,3.92065,
2966,3.81067,
2967,3.84966,
2968,3.8966,
2969,3.78066,
2970,3.75526,
2971,3.77543,
2972,3.7994,
2973,4.14558,
2974,3.94572,
2975,3.84609,
2976,3.83658,
2977,3.78173,
2978,3.74677,
2979,3.65803,
2980,3.71135,
2981,3.76906,
2982,3.38989,
2983,3.60581,
2984,3.60351,
2985,3.58551,
2986,3.55074,
2987,3.40209,
2988,3.48392,
2989,3.66011,
2990,3.77874,
2991,3.70416,
2992,3.44987,
2993,3.46625,
2994,3.94644,
2995,4.03787,
2996,3.99915,
2997,4.0739,
2998,3.95435,
2999,3.97573,
3000,3.87422,
3001,3.83925,
3002,3.88117,
3003,3.95203,
3004,3.86406,
3005,3.90905,
3006,3.96853,
3007,3.92337,
3008,3.81135,
3009,3.77664,
3010,3.67222,
3011,3.75466,
3012,3.71608,
3013,3.7327,
3014,3.65178,
3015,3.56915,
3016,3.54281,
3017,3.75765,
3018,3.65427,
3019,3.60845,
3020,4.02291,
3021,3.93816,
3022,3.97843,
3023,3.8933,
3024,3.99874,
3025,4.01334,
3026,3.82137,
3027,3.83992,
3028,3.63312,
3029,3.65545,
3030,3.57407,
3031,3.77609,
3032,3.90849,
3033,3.82897,
3034,3.59693,
3035,3.5293,
3036,3.42634,
3037,3.40704,
3038,3.50693,
3039,3.40165,
3040,3.60919,
3041,3.5078,
3042,3.33353,
3043,3.38093,
3044,3.62217,
3045,3.53191,
3046,3.75402,
3047,3.37146,
3048,3.8567,
3049,3.59005,
3050,3.9111,
3051,4.14588,
3052,3.88839,
3053,3.98219,
3054,3.95171,
3055,3.91496,
3056,3.93729,
3057,3.98404,
3058,3.88701,
3059,3.68539,
3060,3.791,
3061,3.80755,
3062,3.84102,
3063,3.77167,
3064,3.76259,
3065,3.68153,
3066,3.80114,
3067,3.57547,
3068,3.8125,
3069,3.76711,
3070,3.50944,
3071,3.56107,
3072,3.67209,
3073,3.50839,
3074,3.51879,
3075,3.52255,
3076,3.39535,
3077,3.36534,
3078,3.43709,
3079,4.04029,
3080,4.00197,
3081,4.12112,
3082,4.07661,
3083,4.01757,
3084,3.99039,
3085,3.84293,
3086,3.94015,
3087,3.86714,
3088,3.93598,
3089,4.0473,
3090,3.98389,
3091,3.91906,
3092,3.84129,
3093,3.76183,
3094,4.00117,
3095,3.97114,
3096,4.01435,
3097,3.81054,
3098,4.01295,
3099,3.76404,
3100,3.80637,
3101,3.85405,
3102,3.87085,
3103,3.77893,
3104,3.7818,
3105,3.73609,
3106,3.72561,
3107,3.764,
3108,3.6001,
3109,3.68021,
3110,3.73959,
3111,3.77233,
3112,3.6942,
3113,3.6813,
3114,3.70804,
3115,3.5741,
3116,3.66105,
3117,3.61139,
3118,3.62489,
3119,3.68248,
3120,3.51253,
3121,3.49489,
3122,3.68549,
3123,3.66989,
3124,4.12359,
3125,4.01118,
3126,3.95406,
3127,4.01746,
3128,3.98263,
3129,3.96603,
3130,3.84705,
3131,3.89765,
3132,3.74712,
3133,3.78376,
3134,3.73585,
3135,3.73062,
3136,3.90684,
3137,3.83808,
3138,3.7536,
3139,3.97445,
3140,3.91356,
3141,3.56894,
3142,3.66792,
3143,3.64792,
3144,3.59994,
3145,3.72106,
3146,3.79753,
3147,3.78905,
3148,3.89225,
3149,3.90691,
3150,3.94607,
3151,3.54995,
3152,3.68516,
3153,3.80974,
3154,3.82129,
3155,3.90271,
3156,3.88313,
3157,3.92651,
3158,3.87966,
3159,3.91611,
3160,3.77999,
3161,3.7033,
3162,3.85803,
3163,3.5634,
3164,3.84205,
3165,3.82916,
3166,3.80012,
3167,3.81212,
3168,3.69531,
3169,3.94699,
3170,3.80008,
3171,3.99021,
3172,3.87559,
3173,3.8853,
3174,3.84721,
3175,4.01364,
3176,3.80337,
3177,3.80595,
3178,3.69875,
3179,3.6722,
3180,3.75405,
3181,3.61879,
3182,3.74982,
3183,3.69992,
3184,3.83054,
3185,3.45586,
3186,3.62365,
3187,3.83644,
3188,3.80556,
3189,3.76308,
3190,3.68112,
3191,3.80188,
3192,3.62035,
3193,3.74379,
3194,3.37481,
3195,4.03893,
3196,3.96199,
3197,4.00091,
3198,4.15371,
3199,4.18344,
3200,3.89437,
3201,3.93151,
3202,3.86992,
3203,4.05895,
3204,3.89256,
3205,3.87947,
3206,3.85794,
3207,3.72113,
3208,3.76399,
3209,3.82575,
3210,3.88695,
3211,3.74076,
3212,3.92982,
3213,3.90701,
3214,3.86522,
3215,3.85722,
3216,3.79892,
3217,3.87216,
3218,3.96007,
3219,3.84799,
3220,3.84145,
3221,3.78765,
3222,3.80473,
3223,3.8451,
3224,3.882,
3225,3.76423,
3226,3.7794,
3227,3.79051,
3228,3.67493,
3229,3.60798,
3230,3.45378,
3231,3.75075,
3232,3.86075,
3233,3.61861,
3234,3.61144,
3235,3.75015,
3236,3.60623,
3237,3.55593,
3238,3.64607,
3239,3.54626,
3240,3.59633,
3241,3.57321,
3242,3.59378,
3243,3.74811,
3244,3.57145,
3245,3.83473,
3246,3.92444,
3247,3.83825,
3248,3.79408,
3249,3.77357,
3250,3.90079,
3251,3.8378,
3252,3.79418,
3253,3.77462,
3254,3.89231,
3255,3.70837,
3256,3.53486,
3257,3.71261,
3258,3.70481,
3259,3.72627,
3260,3.69655,
3261,3.48086,
3262,3.80197,
3263,3.74424,
3264,3.7075,
3265,3.63144,
3266,3.52098,
3267,3.75269,
3268,3.57412,
3269,3.43398,
3270,3.58901,
3271,3.60544,
3272,3.77915,
3273,3.57999,
3274,3.52953,
3275,3.57242,
3276,3.56835,
3277,3.53659,
3278,3.58141,
3279,3.72812,
3280,3.95229,
3281,3.81899,
3282,3.97923,
3283,3.8433,
3284,3.75929,
3285,3.69308,
3286,3.82774,
3287,3.80419,
3288,3.85461,
3289,3.78653,
3290,3.94135,
3291,3.77759,
3292,3.89539,
3293,3.70543,
3294,3.73597,
3295,3.86869,
3296,3.80228,
3297,3.86255,
3298,3.81488,
3299,3.49629,
3300,3.51714,
3301,3.69308,
3302,3.5938,
3303,3.72712,
3304,3.55806,
3305,3.67798,
3306,3.86377,
3307,3.98568,
3308,3.79116,
3309,3.8273,
3310,3.92515,
3311,3.85872,
3312,3.80586,
3313,3.85409,
3314,3.82366,
3315,3.8786,
3316,3.84258,
3317,3.88477,
3318,3.87916,
3319,3.71739,
3320,3.85835,
3321,3.5192,
3322,3.68465,
3323,3.7511,
3324,3.70873,
3325,3.772,
3326,3.56411,
3327,3.64514,
3328,3.76359,
3329,3.52848,
3330,3.63699,
3331,3.62526,
3332,3.57043,
3333,3.71185,
3334,3.56043,
3335,3.50345,
3336,3.50238,
3337,3.60741,
3338,3.51683,
3339,3.69348,
3340,3.73878,
3341,3.63698,
3342,3.58316,
3343,3.57936,
3344,3.78987,
3345,3.74648,
3346,3.55477,
3347,3.89279,
3348,3.87897,
3349,3.6949,
3350,3.86273,
3351,3.75715,
3352,3.58874,
3353,3.73202,
3354,3.6825,
3355,3.83422,
3356,3.75628,
3357,3.86719,
3358,3.91917,
3359,3.79759,
3360,3.72658,
3361,3.72024,
3362,3.65016,
3363,3.69644,
3364,3.70944,
3365,3.75498,
3366,3.62043,
3367,3.78535,
3368,3.73385,
3369,3.73749,
3370,3.58169,
3371,3.75251,
3372,3.78706,
3373,3.8298,
3374,3.88504,
3375,3.72032,
3376,3.52021,
3377,3.73882,
3378,3.50074,
3379,3.71329,
3380,3.96389,
3381,3.95298,
3382,3.85923,
3383,3.88356,
3384,3.77304,
3385,3.86128,
3386,3.75227,
3387,3.71525,
3388,3.74659,
3389,3.96307,
3390,3.71997,
3391,3.81318,
3392,3.59307,
3393,3.87263,
3394,3.83962,
3395,3.98442,
3396,3.75976,
3397,3.64946,
3398,3.79114,
3399,3.58074,
3400,3.71347,
3401,3.59014,
3402,3.66971,
3403,3.55437,
3404,3.7426,
3405,3.76101,
3406,3.4399,
3407,3.66167,
3408,3.69958,
3409,3.74465,
3410,3.67694,
3411,3.83643,
3412,3.74181,
3413,3.64174,
3414,3.73625,
3415,3.72043,
3416,3.64755,
3417,3.48406,
3418,3.52168,
3419,4.00948,
3420,4.00027,
3421,3.91092,
3422,3.88238,
3423,3.85187,
3424,3.87027,
3425,3.75931,
3426,3.80555,
3427,3.73197,
3428,3.80783,
3429,3.82593,
3430,3.75242,
3431,3.64943,
3432,3.75564,
3433,3.70128,
3434,3.62506,
3435,3.88328,
3436,3.85268,
3437,3.72917,
3438,3.96893,
3439,3.80968,
3440,3.6371,
3441,3.56316,
3442,3.81831,
3443,3.74426,
3444,3.72736,
3445,3.67413,
3446,3.76825,
3447,3.66688,
3448,3.59523,
3449,3.72131,
3450,3.64411,
3451,3.79606,
3452,3.77914,
3453,3.79259,
3454,3.68196,
3455,3.72313,
3456,3.66523,
3457,3.79504,
3458,3.75871,
3459,3.4886,
3460,3.59656,
3461,3.60958,
3462,3.69769,
3463,3.72997,
3464,3.67692,
3465,3.48586,
3466,3.7048,
3467,3.7452,
3468,3.48803,
3469,3.45684,
3470,3.76575,
3471,3.80064,
3472,3.83302,
3473,3.71294,
3474,3.64687,
3475,3.69876,
3476,3.73878,
3477,3.61206,
3478,3.80662,
3479,3.72864,
3480,3.48919,
3481,3.63495,
3482,3.52995,
3483,3.60994,
3484,3.44508,
3485,3.74639,
3486,3.82999,
3487,3.746,
3488,3.88298,
3489,3.879,
3490,3.77135,
3491,3.84001,
3492,3.67222,
3493,3.69265,
3494,3.77866,
3495,3.76138,
3496,3.82912,
3497,3.8797,
3498,3.9446,
3499,4.72989,
3500,3.7488,
3501,3.78271,
3502,3.8556,
3503,3.83839,
3504,3.66311,
3505,3.70114,
3506,3.72569,
3507,3.72092,
3508,3.65537,
3509,4.14428,
3510,3.72836,
3511,3.69104,
3512,3.43282,
3513,3.54864,
3514,3.72852,
3515,3.72004,
3516,3.83189,
3517,3.83858,
3518,3.66677,
3519,3.82802,
3520,3.86711,
3521,3.81115,
3522,3.96844,
3523,3.82038,
3524,3.76635,
3525,3.89164,
3526,3.90522,
3527,3.87651,
3528,3.75867,
3529,3.81279,
3530,3.75217,
3531,3.79265,
3532,3.70602,
3533,3.52604,
3534,3.7928,
3535,3.69859,
3536,3.51665,
3537,3.56646,
3538,3.6793,
3539,3.74595,
3540,3.66727,
3541,3.62126,
3542,3.72194,
3543,3.47139,
3544,3.65359,
3545,3.57752,
3546,3.70831,
3547,3.64384,
3548,3.65339,
3549,3.79726,
3550,3.67062,
3551,3.66172,
3552,3.63047,
3553,3.60836,
3554,3.53867,
3555,3.64704,
3556,3.67469,
3557,3.42404,
3558,3.52748,
3559,3.50702,
3560,3.59569,
3561,3.58782,
3562,3.57288,
3563,3.49512,
3564,3.61333,
3565,3.65849,
3566,3.40645,
3567,3.70549,
3568,3.58104,
3569,3.56861,
3570,3.50673,
3571,3.73958,
3572,3.8249,
3573,3.83779,
3574,3.61087,
3575,3.56794,
3576,3.88058,
3577,3.6611,
3578,3.70136,
3579,3.61704,
3580,3.49592,
3581,3.59465,
3582,3.72508,
3583,3.48383,
3584,3.40423,
3585,3.21276,
3586,3.43083,
3587,3.53717,
3588,3.70936,
3589,3.63995,
3590,3.66513,
3591,3.51966,
3592,3.44274,
3593,3.45063,
3594,3.55726,
3595,3.67273,
3596,3.4878,
3597,3.54327,
3598,3.26459,
3599,3.30331,
3600,3.65803,
3601,3.41508,
3602,3.54551,
3603,3.38013,
3604,3.47621,
3605,3.37645,
3606,3.38117,
3607,3.39777,
3608,3.4152,
3609,3.37003,
3610,3.31918,
3611,3.38634,
3612,3.59747,
3613,3.31969,
3614,3.52657,
3615,3.62762,
3616,3.90552,
3617,3.90012,
3618,3.8656,
3619,3.84885,
3620,3.87098,
3621,3.94671,
3622,3.77772,
3623,3.58954,
3624,3.6759,
3625,3.55728,
3626,3.56489,
3627,3.75774,
3628,3.65357,
3629,3.69866,
3630,3.66436,
3631,3.52998,
3632,3.50008,
3633,3.72383,
3634,3.69548,
3635,3.66022,
3636,3.64797,
3637,3.54714,
3638,3.45388,
3639,3.76231,
3640,3.54289,
3641,3.55317,
3642,3.64487,
3643,3.66374,
3644,3.53852,
3645,3.85737,
3646,3.71572,
3647,3.95815,
3648,3.77987,
3649,3.88458,
3650,3.79087,
3651,3.73531,
3652,3.79762,
3653,3.66099,
3654,3.69901,
3655,3.69704,
3656,3.70931,
3657,3.68506,
3658,3.52691,
3659,3.64094,
3660,3.53782,
3661,3.59378,
3662,3.43468,
3663,3.5052,
3664,3.50396,
3665,3.47256,
3666,3.47762,
3667,3.3992,
3668,3.47621,
3669,3.49533,
3670,3.55432,
3671,3.53296,
3672,3.52731,
3673,3.90858,
3674,3.86171,
3675,3.87027,
3676,3.80342,
3677,3.81438,
3678,3.79838,
3679,3.72623,
3680,3.81788,
3681,3.79088,
3682,3.68526,
3683,3.8172,
3684,3.66993,
3685,3.62746,
3686,3.48742,
3687,3.63644,
3688,3.65802,
3689,3.77511,
3690,3.69277,
3691,3.54776,
3692,3.61501,
3693,3.58775,
3694,3.55991,
3695,3.74946,
3696,3.70126,
3697,3.58711,
3698,3.49937,
3699,3.60488,
3700,3.82239,
3701,3.75246,
3702,3.84098,
3703,3.74324,
3704,3.85059,
3705,3.68846,
3706,3.88727,
3707,3.91761,
3708,3.66005,
3709,3.59618,
3710,3.58033,
3711,3.81294,
3712,3.73094,
3713,3.63229,
3714,3.67385,
3715,3.62967,
3716,3.74874,
3717,3.73437,
3718,3.7958,
3719,3.54261,
3720,3.57451,
3721,3.44182,
3722,3.5232,
3723,3.58338,
3724,3.51212,
3725,3.49031,
3726,3.62224,
3727,3.57024,
3728,3.54664,
3729,3.36452,
3730,3.47295,
3731,3.61937,
3732,3.561,
3733,3.51134,
3734,3.94175,
3735,3.85676,
3736,3.90658,
3737,3.87071,
3738,3.74882,
3739,3.7441,
3740,3.6649,
3741,3.82908,
3742,3.93342,
3743,3.72614,
3744,3.78985,
3745,3.98361,
3746,4.10179,
3747,3.72598,
3748,3.78327,
3749,3.81799,
3750,3.78468,
3751,4.00962,
3752,3.79833,
3753,3.73628,
3754,3.73569,
3755,3.61249,
3756,3.63929,
3757,3.60832,
3758,3.63235,
3759,3.62176,
3760,3.62751,
3761,3.65756,
3762,4.06106,
3763,4.11761,
3764,3.97128,
3765,3.9373,
3766,3.90799,
3767,3.94396,
3768,3.91889,
3769,3.90671,
3770,3.84834,
3771,3.97817,
3772,3.94241,
3773,3.8677,
3774,3.81826,
3775,3.74662,
3776,3.82591,
3777,3.88318,
3778,3.80107,
3779,3.75128,
3780,3.68913,
3781,3.85658,
3782,4.01723,
3783,3.95224,
3784,3.88317,
3785,3.8059,
3786,3.81189,
3787,3.7856,
3788,3.90283,
3789,3.74403,
3790,3.78114,
3791,3.74686,
3792,3.56861,
3793,3.47747,
3794,3.68626,
3795,3.88986,
3796,3.72394,
3797,3.51879,
3798,3.69754,
3799,3.6672,
3800,3.5864,
3801,3.63688,
3802,3.71205,
3803,3.52686,
3804,3.76483,
3805,3.62762,
3806,3.63853,
3807,3.76844,
3808,3.77025,
3809,3.76443,
3810,3.809,
3811,3.75307,
3812,3.61003,
3813,3.59302,
3814,3.57177,
3815,3.69512,
3816,3.60895,
3817,3.6104,
3818,3.72906,
3819,3.63526,
3820,3.53253,
3821,3.60012,
3822,3.51908,
3823,3.52164,
3824,3.64866,
3825,3.50907,
3826,3.42702,
3827,3.4614,
3828,3.51823,
3829,3.45695,
3830,3.37857,
3831,3.47979,
3832,3.49326,
3833,3.76737,
3834,3.73741,
3835,3.6656,
3836,3.69591,
3837,3.79751,
3838,3.61004,
3839,3.69279,
3840,3.43441,
3841,3.62997,
3842,3.65522,
3843,3.52774,
3844,3.81056,
3845,3.51142,
3846,3.46345,
3847,3.75173,
3848,3.62447,
3849,3.45463,
3850,3.50831,
3851,3.72422,
3852,3.28562,
3853,3.49778,
3854,3.60706,
3855,3.34057,
3856,3.51434,
3857,3.48036,
3858,3.41953,
3859,3.28523,
3860,3.84378,
3861,3.75828,
3862,3.72487,
3863,3.70511,
3864,3.77271,
3865,3.69779,
3866,3.80421,
3867,3.74254,
3868,3.62927,
3869,3.75273,
3870,3.72598,
3871,3.71786,
3872,3.67348,
3873,3.59962,
3874,3.6531,
3875,3.42086,
3876,3.52042,
3877,3.55827,
3878,3.66767,
3879,3.58884,
3880,3.40811,
3881,3.52668,
3882,3.49536,
3883,3.45355,
3884,3.22507,
3885,3.3533,
3886,3.49388,
3887,3.44693,
3888,3.39358,
3889,3.30645,
3890,3.19111,
3891,3.18562,
3892,3.41228,
3893,3.48156,
3894,4.1763,
3895,3.90067,
3896,3.78445,
3897,3.68097,
3898,3.83489,
3899,3.85402,
3900,3.67535,
3901,3.8102,
3902,3.70362,
3903,3.66285,
3904,3.57968,
3905,3.82825,
3906,3.69404,
3907,3.61445,
3908,3.72512,
3909,3.78783,
3910,3.71904,
3911,3.70144,
3912,3.70468,
3913,3.75199,
3914,3.77897,
3915,3.59767,
3916,3.57935,
3917,3.5607,
3918,3.84149,
3919,3.8543,
3920,3.76643,
3921,3.71151,
3922,3.86313,
3923,3.69108,
3924,3.71124,
3925,3.80173,
3926,3.70102,
3927,3.65527,
3928,3.68221,
3929,3.71723,
3930,3.58781,
3931,3.60005,
3932,3.66022,
3933,3.7325,
3934,3.54425,
3935,3.57906,
3936,3.54211,
3937,3.68182,
3938,3.76114,
3939,3.59727,
3940,3.40884,
3941,3.58762,
3942,3.49134,
3943,3.48798,
3944,3.58606,
3945,3.64281,
3946,3.63761,
3947,3.70743,
3948,3.6027,
3949,3.61469,
3950,3.5169,
3951,3.56302,
3952,3.48166,
3953,3.5297,
3954,3.45541,
3955,3.60175,
3956,3.46157,
3957,3.4421,
3958,3.47972,
3959,3.43305,
3960,3.51302,
3961,3.50696,
3962,3.35493,
3963,3.46192,
3964,3.34269,
3965,3.58282,
3966,3.38255,
3967,3.44394,
3968,3.59497,
3969,3.51597,
3970,3.57119,
3971,3.30902,
3972,3.42745,
3973,3.44905,
3974,3.49502,
3975,3.51913,
3976,3.16701,
3977,3.27838,
3978,3.14884,
3979,3.28344,
3980,3.52011,
3981,3.52673,
3982,3.51876,
3983,3.3492,
3984,3.57209,
3985,3.50063,
3986,3.84054,
3987,3.78239,
3988,3.81216,
3989,3.76306,
3990,3.71186,
3991,3.93113,
3992,3.69273,
3993,3.67846,
3994,3.71235,
3995,3.59784,
3996,3.71011,
3997,3.81274,
3998,3.70554,
3999,3.63543,
4000,3.73695,
4001,3.55593,
4002,3.65251,
4003,3.5951,
4004,3.50424,
4005,3.57441,
4006,3.55201,
4007,3.43119,
4008,3.51782,
4009,3.5627,
4010,3.46006,
4011,3.54218,
4012,3.63199,
4013,3.71583,
4014,3.54393,
4015,3.5652,
4016,3.50531,
4017,3.87413,
4018,3.8245,
4019,3.85938,
4020,3.8036,
4021,3.84147,
4022,3.81005,
4023,3.69217,
4024,3.83082,
4025,3.75634,
4026,3.77679,
4027,3.74201,
4028,3.73708,
4029,3.59246,
4030,3.77372,
4031,3.6821,
4032,3.72812,
4033,3.77882,
4034,3.62758,
4035,3.63398,
4036,3.64653,
4037,3.68252,
4038,3.98762,
4039,3.82424,
4040,3.62549,
4041,3.62218,
4042,3.55609,
4043,3.46366,
4044,3.44418,
4045,3.43973,
4046,3.57309,
4047,3.1108,
4048,3.37416,
4049,3.38134,
4050,3.40304,
4051,3.33099,
4052,3.20279,
4053,3.28115,
4054,3.48811,
4055,3.61886,
4056,3.51282,
4057,3.26102,
4058,3.28734,
4059,3.81194,
4060,3.89473,
4061,3.85542,
4062,3.93571,
4063,3.79915,
4064,3.847,
4065,3.73486,
4066,3.68416,
4067,3.73518,
4068,3.76951,
4069,3.71212,
4070,3.77177,
4071,3.82083,
4072,3.79177,
4073,3.64539,
4074,3.61576,
4075,3.49737,
4076,3.63246,
4077,3.55819,
4078,3.55424,
4079,3.45933,
4080,3.38581,
4081,3.33638,
4082,3.60281,
4083,3.50383,
4084,3.44783,
4085,3.85888,
4086,3.7813,
4087,3.79829,
4088,3.73688,
4089,3.83321,
4090,3.88339,
4091,3.66347,
4092,3.68749,
4093,3.47914,
4094,3.47546,
4095,3.39191,
4096,3.59549,
4097,3.77727,
4098,3.66628,
4099,3.43601,
4100,3.36419,
4101,3.25379,
4102,3.1987,
4103,3.33079,
4104,3.22267,
4105,3.45067,
4106,3.31714,
4107,3.18962,
4108,3.21379,
4109,3.5051,
4110,3.39657,
4111,3.60577,
4112,3.21855,
4113,3.72437,
4114,3.45566,
4115,3.79091,
4116,4.01774,
4117,3.73948,
4118,3.82414,
4119,3.80318,
4120,3.75903,
4121,3.78236,
4122,3.82164,
4123,3.72579,
4124,3.53909,
4125,3.61464,
4126,3.66902,
4127,3.66858,
4128,3.6224,
4129,3.63263,
4130,3.5357,
4131,3.64457,
4132,3.42955,
4133,3.68649,
4134,3.62233,
4135,3.3834,
4136,3.40073,
4137,3.52615,
4138,3.35512,
4139,3.36432,
4140,3.37848,
4141,3.26619,
4142,3.2025,
4143,3.2755,
4144,3.91234,
4145,3.8742,
4146,3.99007,
4147,3.95432,
4148,3.91748,
4149,3.8622,
4150,3.69661,
4151,3.81,
4152,3.71442,
4153,3.80764,
4154,3.9497,
4155,3.86138,
4156,3.77638,
4157,3.6886,
4158,3.60155,
4159,3.84493,
4160,3.85209,
4161,3.91016,
4162,3.67958,
4163,3.89228,
4164,3.63369,
4165,3.65966,
4166,3.70316,
4167,3.73685,
4168,3.66994,
4169,3.67107,
4170,3.58261,
4171,3.5669,
4172,3.6308,
4173,3.45396,
4174,3.50032,
4175,3.60317,
4176,3.64948,
4177,3.5571,
4178,3.51594,
4179,3.5666,
4180,3.42934,
4181,3.50727,
4182,3.4376,
4183,3.4515,
4184,3.52236,
4185,3.33008,
4186,3.32496,
4187,3.53362,
4188,3.50458,
4189,3.97047,
4190,3.87218,
4191,3.80797,
4192,3.90628,
4193,3.8598,
4194,3.83388,
4195,3.7202,
4196,3.77756,
4197,3.65201,
4198,3.64993,
4199,3.59379,
4200,3.59335,
4201,3.77784,
4202,3.69631,
4203,3.64322,
4204,3.87186,
4205,3.78382,
4206,3.4013,
4207,3.51692,
4208,3.51382,
4209,3.44662,
4210,3.57364,
4211,3.67504,
4212,3.66137,
4213,3.74604,
4214,3.80295,
4215,3.82576,
4216,3.40228,
4217,3.52193,
4218,3.66183,
4219,3.68415,
4220,3.77022,
4221,3.75277,
4222,3.80145,
4223,3.73291,
4224,3.78978,
4225,3.63548,
4226,3.58021,
4227,3.71547,
4228,3.39627,
4229,3.68267,
4230,3.69357,
4231,3.6641,
4232,3.65862,
4233,3.56148,
4234,3.81419,
4235,3.65986,
4236,3.8431,
4237,3.74972,
4238,3.74047,
4239,3.70661,
4240,3.87419,
4241,3.63408,
4242,3.66906,
4243,3.55679,
4244,3.52178,
4245,3.58185,
4246,3.46144,
4247,3.57478,
4248,3.55925,
4249,3.70353,
4250,3.30733,
4251,3.46666,
4252,3.71755,
4253,3.67104,
4254,3.67891,
4255,3.56073,
4256,3.69493,
4257,3.47308,
4258,3.62343,
4259,3.19489,
4260,3.88924,
4261,3.81113,
4262,3.86334,
4263,4.01321,
4264,4.08372,
4265,3.76978,
4266,3.8076,
4267,3.74157,
4268,3.92035,
4269,3.77575,
4270,3.75979,
4271,3.74966,
4272,3.59215,
4273,3.62245,
4274,3.72396,
4275,3.75907,
4276,3.57947,
4277,3.79085,
4278,3.80511,
4279,3.75079,
4280,3.75307,
4281,3.68669,
4282,3.73172,
4283,3.84626,
4284,3.71504,
4285,3.68749,
4286,3.64873,
4287,3.67756,
4288,3.733,
4289,3.75207,
4290,3.63626,
4291,3.66022,
4292,3.66308,
4293,3.54648,
4294,3.47987,
4295,3.2711,
4296,3.62053,
4297,3.73482,
4298,3.47647,
4299,3.49252,
4300,3.63132,
4301,3.47061,
4302,3.40861,
4303,3.50283,
4304,3.40331,
4305,3.46673,
4306,3.39352,
4307,3.45269,
4308,3.59343,
4309,3.44401,
4310,3.70863,
4311,3.81029,
4312,3.71412,
4313,3.65604,
4314,3.65273,
4315,3.77268,
4316,3.70024,
4317,3.63949,
4318,3.62864,
4319,3.76053,
4320,3.57234,
4321,3.38733,
4322,3.56938,
4323,3.55146,
4324,3.59033,
4325,3.56098,
4326,3.3066,
4327,3.66343,
4328,3.61454,
4329,3.57569,
4330,3.49036,
4331,3.39575,
4332,3.6288,
4333,3.44691,
4334,3.27211,
4335,3.48753,
4336,3.48367,
4337,3.69242,
4338,3.47632,
4339,3.41109,
4340,3.44329,
4341,3.43083,
4342,3.40545,
4343,3.45051,
4344,3.58257,
4345,3.82812,
4346,3.6786,
4347,3.8321,
4348,3.68109,
4349,3.63879,
4350,3.53546,
4351,3.70374,
4352,3.68658,
4353,3.72929,
4354,3.64799,
4355,3.81202,
4356,3.62511,
4357,3.72763,
4358,3.56829,
4359,3.56502,
4360,3.74265,
4361,3.6501,
4362,3.73899,
4363,3.69628,
4364,3.3275,
4365,3.38706,
4366,3.5649,
4367,3.45402,
4368,3.55524,
4369,3.38904,
4370,3.51632,
4371,3.74066,
4372,3.86407,
4373,3.63602,
4374,3.71911,
4375,3.81798,
4376,3.75325,
4377,3.6696,
4378,3.7242,
4379,3.72548,
4380,3.75495,
4381,3.69635,
4382,3.75496,
4383,3.73237,
4384,3.58704,
4385,3.71273,
4386,3.358,
4387,3.5372,
4388,3.61983,
4389,3.57535,
4390,3.62554,
4391,3.41515,
4392,3.49219,
4393,3.61655,
4394,3.37196,
4395,3.52997,
4396,3.4539,
4397,3.39797,
4398,3.57725,
4399,3.36909,
4400,3.3715,
4401,3.33236,
4402,3.48019,
4403,3.36651,
4404,3.55857,
4405,3.56282,
4406,3.48494,
4407,3.42898,
4408,3.45199,
4409,3.63749,
4410,3.61351,
4411,3.45574,
4412,3.76762,
4413,3.76146,
4414,3.55664,
4415,3.76126,
4416,3.63989,
4417,3.46707,
4418,3.61914,
4419,3.55845,
4420,3.68513,
4421,3.61141,
4422,3.72916,
4423,3.80086,
4424,3.66138,
4425,3.59081,
4426,3.59354,
4427,3.48217,
4428,3.55372,
4429,3.57826,
4430,3.63328,
4431,3.50039,
4432,3.67092,
4433,3.63276,
4434,3.63053,
4435,3.45931,
4436,3.6222,
4437,3.67825,
4438,3.72149,
4439,3.76614,
4440,3.56847,
4441,3.38185,
4442,3.58988,
4443,3.35267,
4444,3.58437,
4445,3.87213,
4446,3.82517,
4447,3.72952,
4448,3.74361,
4449,3.61951,
4450,3.75155,
4451,3.6222,
4452,3.59647,
4453,3.60852,
4454,3.84489,
4455,3.58523,
4456,3.68007,
4457,3.46082,
4458,3.76651,
4459,3.72921,
4460,3.88375,
4461,3.63028,
4462,3.55034,
4463,3.6641,
4464,3.44887,
4465,3.58915,
4466,3.45868,
4467,3.53398,
4468,3.4251,
4469,3.63702,
4470,3.63868,
4471,3.31718,
4472,3.53324,
4473,3.55983,
4474,3.63444,
4475,3.55313,
4476,3.7389,
4477,3.64132,
4478,3.53671,
4479,3.59839,
4480,3.59263,
4481,3.52227,
4482,3.36751,
4483,3.38635,
4484,3.88704,
4485,3.89461,
4486,3.77792,
4487,3.7534,
4488,3.71768,
4489,3.74956,
4490,3.63318,
4491,3.71497,
4492,3.58628,
4493,3.67806,
4494,3.68259,
4495,3.62735,
4496,3.51036,
4497,3.63425,
4498,3.57399,
4499,3.49645,
4500,3.73097,
4501,3.71609,
4502,3.56404,
4503,3.83918,
4504,3.68287,
4505,3.50844,
4506,3.42253,
4507,3.67731,
4508,3.64144,
4509,3.59893,
4510,3.53663,
4511,3.64554,
4512,3.51248,
4513,3.45565,
4514,3.56587,
4515,3.51121,
4516,3.66291,
4517,3.6667,
4518,3.67923,
4519,3.56363,
4520,3.60875,
4521,3.52882,
4522,3.67816,
4523,3.65288,
4524,3.35009,
4525,3.47004,
4526,3.48336,
4527,3.58688,
4528,3.61213,
4529,3.57626,
4530,3.36412,
4531,3.58119,
4532,3.61873,
4533,3.36077,
4534,3.34516,
4535,3.64463,
4536,3.67336,
4537,3.71556,
4538,3.56045,
4539,3.51595,
4540,3.56261,
4541,3.59038,
4542,3.47537,
4543,3.68884,
4544,3.61408,
4545,3.36352,
4546,3.4984,
4547,3.4054,
4548,3.49089,
4549,3.31327,
4550,3.60704,
4551,3.71432,
4552,3.63781,
4553,3.75241,
4554,3.74192,
4555,3.6583,
4556,3.70222,
4557,3.54501,
4558,3.56348,
4559,3.65832,
4560,3.63097,
4561,3.72498,
4562,3.80707,
4563,3.86281,
4564,4.66062,
4565,3.64525,
4566,3.64133,
4567,3.72697,
4568,3.73423,
4569,3.52891,
4570,3.57727,
4571,3.606,
4572,3.59236,
4573,3.5129,
4574,4.05001,
4575,3.59672,
4576,3.56132,
4577,3.28596,
4578,3.40819,
4579,3.61999,
4580,3.58148,
4581,3.69138,
4582,3.71331,
4583,3.55506,
4584,3.71998,
4585,3.71576,
4586,3.66291,
4587,3.86739,
4588,3.69758,
4589,3.62982,
4590,3.76443,
4591,3.78375,
4592,3.74395,
4593,3.61981,
4594,3.71633,
4595,3.65987,
4596,3.6756,
4597,3.57122,
4598,3.36645,
4599,3.67237,
4600,3.56066,
4601,3.35967,
4602,3.43459,
4603,3.53735,
4604,3.60329,
4605,3.56108,
4606,3.50568,
4607,3.58813,
4608,3.30345,
4609,3.51997,
4610,3.41505,
4611,3.57818,
4612,3.49461,
4613,3.49321,
4614,3.63497,
4615,3.51602,
4616,3.52681,
4617,3.48858,
4618,3.4695,
4619,3.3872,
4620,3.51238,
4621,3.53294,
4622,3.28294,
4623,3.38816,
4624,3.3557,
4625,3.45404,
4626,3.45873,
4627,3.43835,
4628,3.36668,
4629,3.46817,
4630,3.52494,
4631,3.26482,
4632,3.58268,
4633,3.44783,
4634,3.41963,
4635,3.39327,
4636,3.61843,
4637,3.73474,
4638,3.72728,
4639,3.48368,
4640,3.44182,
4641,3.77802,
4642,3.54547,
4643,3.5635,
4644,3.47927,
4645,3.36111,
4646,3.45469,
4647,3.59577,
4648,3.3597,
4649,3.26837,
4650,3.07038,
4651,3.30634,
4652,3.4192,
4653,3.5784,
4654,3.52154,
4655,3.54687,
4656,3.40497,
4657,3.29652,
4658,3.32561,
4659,3.42984,
4660,3.57204,
4661,3.37308,
4662,3.43245,
4663,3.13483,
4664,3.15974,
4665,3.53932,
4666,3.2823,
4667,3.43249,
4668,3.25168,
4669,3.34123,
4670,3.24615,
4671,3.23852,
4672,3.2487,
4673,3.30043,
4674,3.24402,
4675,3.18462,
4676,3.26685,
4677,3.46214,
4678,3.17296,
4679,3.41249,
4680,3.51276,
4681,3.79698,
4682,3.78769,
4683,3.74887,
4684,3.74502,
4685,3.76101,
4686,3.8301,
4687,3.64409,
4688,3.42695,
4689,3.5528,
4690,3.44565,
4691,3.43856,
4692,3.65479,
4693,3.52997,
4694,3.56,
4695,3.53005,
4696,3.40504,
4697,3.37356,
4698,3.5917,
4699,3.56972,
4700,3.51065,
4701,3.52435,
4702,3.41444,
4703,3.30065,
4704,3.67159,
4705,3.40968,
4706,3.44074,
4707,3.51176,
4708,3.57487,
4709,3.42112,
4710,3.75962,
4711,3.60434,
4712,3.8557,
4713,3.6624,
4714,3.74477,
4715,3.66077,
4716,3.61508,
4717,3.67446,
4718,3.52421,
4719,3.5662,
4720,3.56788,
4721,3.60004,
4722,3.55917,
4723,3.39906,
4724,3.53304,
4725,3.40224,
4726,3.47192,
4727,3.29123,
4728,3.3747,
4729,3.36125,
4730,3.3659,
4731,3.36995,
4732,3.29019,
4733,3.34799,
4734,3.36637,
4735,3.45514,
4736,3.41293,
4737,3.38665,
4738,3.77768,
4739,3.75147,
4740,3.74993,
4741,3.68246,
4742,3.71532,
4743,3.69819,
4744,3.61708,
4745,3.71325,
4746,3.6688,
4747,3.58064,
4748,3.72857,
4749,3.5687,
4750,3.5161,
4751,3.35765,
4752,3.5296,
4753,3.53133,
4754,3.68093,
4755,3.55611,
4756,3.43969,
4757,3.49066,
4758,3.43342,
4759,3.43206,
4760,3.62577,
4761,3.59792,
4762,3.44697,
4763,3.37614,
4764,3.47099,
4765,3.72224,
4766,3.64567,
4767,3.70727,
4768,3.62107,
4769,3.73058,
4770,3.58777,
4771,3.77664,
4772,3.82703,
4773,3.55513,
4774,3.46636,
4775,3.46757,
4776,3.70357,
4777,3.64332,
4778,3.50397,
4779,3.56867,
4780,3.52153,
4781,3.67382,
4782,3.61716,
4783,3.70148,
4784,3.41737,
4785,3.46558,
4786,3.31837,
4787,3.40614,
4788,3.47963,
4789,3.39563,
4790,3.38398,
4791,3.52509,
4792,3.47405,
4793,3.43107,
4794,3.23213,
4795,3.34427,
4796,3.50672,
4797,3.44635,
4798,3.3797,
4799,3.86101,
4800,3.77548,
4801,3.79153,
4802,3.77947,
4803,3.64271,
4804,3.64327,
4805,3.55464,
4806,3.73085,
4807,3.84845,
4808,3.62964,
4809,3.69373,
4810,3.90194,
4811,4.0297,
4812,3.62798,
4813,3.69209,
4814,3.70927,
4815,3.70787,
4816,3.9126,
4817,3.70717,
4818,3.60479,
4819,3.61557,
4820,3.49506,
4821,3.52712,
4822,3.4962,
4823,3.5309,
4824,3.5411,
4825,3.48628,
4826,3.55522,
4827,3.99509,
4828,4.03136,
4829,3.86316,
4830,3.83237,
4831,3.83959,
4832,3.8722,
4833,3.84663,
4834,3.82057,
4835,3.75286,
4836,3.89199,
4837,3.83481,
4838,3.79837,
4839,3.73566,
4840,3.6573,
4841,3.7355,
4842,3.80115,
4843,3.71682,
4844,3.65613,
4845,3.59977,
4846,3.76128,
4847,3.89695,
4848,3.81084,
4849,3.74899,
4850,3.67831,
4851,3.68923,
4852,3.63424,
4853,3.80297,
4854,3.6123,
4855,3.67431,
4856,3.63332,
4857,3.44863,
4858,3.34224,
4859,3.58545,
4860,3.78598,
4861,3.62987,
4862,3.40964,
4863,3.57739,
4864,3.58817,
4865,3.47046,
4866,3.52097,
4867,3.60803,
4868,3.41102,
4869,3.64205,
4870,3.50145,
4871,3.49817,
4872,3.66593,
4873,3.68192,
4874,3.65959,
4875,3.69512,
4876,3.63516,
4877,3.4903,
4878,3.44587,
4879,3.43952,
4880,3.57166,
4881,3.49895,
4882,3.47375,
4883,3.61454,
4884,3.5285,
4885,3.41316,
4886,3.48958,
4887,3.39478,
4888,3.39796,
4889,3.53262,
4890,3.36864,
4891,3.29053,
4892,3.33948,
4893,3.41326,
4894,3.34568,
4895,3.2691,
4896,3.38016,
4897,3.37237,
4898,3.64347,
4899,3.62342,
4900,3.57853,
4901,3.5891,
4902,3.66178,
4903,3.48665,
4904,3.58221,
4905,3.29441,
4906,3.50696,
4907,3.51975,
4908,3.40122,
4909,3.70469,
4910,3.38122,
4911,3.32789,
4912,3.65927,
4913,3.4883,
4914,3.32376,
4915,3.39561,
4916,3.6105,
4917,3.14864,
4918,3.37468,
4919,3.47346,
4920,3.23433,
4921,3.39219,
4922,3.35231,
4923,3.28618,
4924,3.14862,
4925,3.7383,
4926,3.66703,
4927,3.62099,
4928,3.62016,
4929,3.66739,
4930,3.58737,
4931,3.68163,
4932,3.61835,
4933,3.52996,
4934,3.64335,
4935,3.59749,
4936,3.6023,
4937,3.57448,
4938,3.48547,
4939,3.52235,
4940,3.28424,
4941,3.37866,
4942,3.43994,
4943,3.5562,
4944,3.49824,
4945,3.24663,
4946,3.41755,
4947,3.39637,
4948,3.34003,
4949,3.09535,
4950,3.23585,
4951,3.36829,
4952,3.31944,
4953,3.29044,
4954,3.17443,
4955,3.07623,
4956,3.07357,
4957,3.3037,
4958,3.37428,
4959,4.08359,
4960,3.80375,
4961,3.66524,
4962,3.573,
4963,3.74498,
4964,3.77564,
4965,3.57663,
4966,3.71209,
4967,3.60485,
4968,3.55827,
4969,3.46598,
4970,3.7275,
4971,3.58286,
4972,3.52879,
4973,3.63841,
4974,3.6899,
4975,3.61023,
4976,3.622,
4977,3.60352,
4978,3.64503,
4979,3.6679,
4980,3.49587,
4981,3.46867,
4982,3.44571,
4983,3.72369,
4984,3.73733,
4985,3.65117,
4986,3.60911,
4987,3.76138,
4988,3.57078,
4989,3.61242,
4990,3.71381,
4991,3.59246,
4992,3.54925,
4993,3.56394,
4994,3.60387,
4995,3.46051,
4996,3.49514,
4997,3.56702,
4998,3.62565,
4999,3.4337,
5000,3.47644,
5001,3.41001,
5002,3.57958,
5003,3.65949,
5004,3.49807,
5005,3.30339,
5006,3.46519,
5007,3.40843,
5008,3.38887,
5009,3.48913,
5010,3.53872,
5011,3.52824,
5012,3.58496,
5013,3.50929,
5014,3.49946,
5015,3.3981,
5016,3.44038,
5017,3.38492,
5018,3.41007,
5019,3.34759,
5020,3.50395,
5021,3.33043,
5022,3.30381,
5023,3.37549,
5024,3.31705,
5025,3.40926,
5026,3.36939,
5027,3.21889,
5028,3.34854,
5029,3.23451,
5030,3.47678,
5031,3.27989,
5032,3.3343,
5033,3.49571,
5034,3.4025,
5035,3.44725,
5036,3.19575,
5037,3.3255,
5038,3.35134,
5039,3.39941,
5040,3.43084,
5041,3.04719,
5042,3.15891,
5043,3.048,
5044,3.1687,
5045,3.40031,
5046,3.41531,
5047,3.40029,
5048,3.23416,
5049,3.46922,
5050,3.38617,
5051,3.74606,
5052,3.69638,
5053,3.72692,
5054,3.64706,
5055,3.61579,
5056,3.84034,
5057,3.59167,
5058,3.54521,
5059,3.62492,
5060,3.47345,
5061,3.61781,
5062,3.71551,
5063,3.60525,
5064,3.5297,
5065,3.62342,
5066,3.44002,
5067,3.55619,
5068,3.4928,
5069,3.39721,
5070,3.44514,
5071,3.43927,
5072,3.32227,
5073,3.40759,
5074,3.45957,
5075,3.33455,
5076,3.41925,
5077,3.5343,
5078,3.61765,
5079,3.44756,
5080,3.46222,
5081,3.40206,
5082,3.773,
5083,3.72665,
5084,3.76432,
5085,3.71004,
5086,3.74814,
5087,3.71257,
5088,3.59633,
5089,3.75712,
5090,3.65093,
5091,3.67294,
5092,3.6626,
5093,3.66947,
5094,3.48965,
5095,3.68958,
5096,3.59499,
5097,3.65914,
5098,3.70161,
5099,3.548,
5100,3.56345,
5101,3.56148,
5102,3.6059,
5103,3.89737,
5104,3.74572,
5105,3.49678,
5106,3.50849,
5107,3.40823,
5108,3.2726,
5109,3.29697,
5110,3.25718,
5111,3.43547,
5112,2.94736,
5113,3.2345,
5114,3.24642,
5115,3.29916,
5116,3.21866,
5117,3.08756,
5118,3.18829,
5119,3.3888,
5120,3.54437,
5121,3.41277,
5122,3.14328,
5123,3.15822,
5124,3.70541,
5125,3.79457,
5126,3.76975,
5127,3.84952,
5128,3.71185,
5129,3.76952,
5130,3.65033,
5131,3.56658,
5132,3.62825,
5133,3.66048,
5134,3.57712,
5135,3.66385,
5136,3.74027,
5137,3.72152,
5138,3.54556,
5139,3.52752,
5140,3.39375,
5141,3.54422,
5142,3.44141,
5143,3.44289,
5144,3.34546,
5145,3.26534,
5146,3.22518,
5147,3.48301,
5148,3.39312,
5149,3.34714,
5150,3.76252,
5151,3.66951,
5152,3.66882,
5153,3.61738,
5154,3.7234,
5155,3.74187,
5156,3.56048,
5157,3.56655,
5158,3.35363,
5159,3.35948,
5160,3.27969,
5161,3.50045,
5162,3.67431,
5163,3.53998,
5164,3.29969,
5165,3.24666,
5166,3.11366,
5167,3.06792,
5168,3.20203,
5169,3.11365,
5170,3.33174,
5171,3.16961,
5172,3.09353,
5173,3.10231,
5174,3.41172,
5175,3.29279,
5176,3.50668,
5177,3.11551,
5178,3.62604,
5179,3.36811,
5180,3.70083,
5181,3.92675,
5182,3.63977,
5183,3.71733,
5184,3.68137,
5185,3.62826,
5186,3.65916,
5187,3.71181,
5188,3.59902,
5189,3.40301,
5190,3.46622,
5191,3.55117,
5192,3.53268,
5193,3.49503,
5194,3.54067,
5195,3.43245,
5196,3.53148,
5197,3.28576,
5198,3.59174,
5199,3.51844,
5200,3.28214,
5201,3.27452,
5202,3.43065,
5203,3.25329,
5204,3.24515,
5205,3.25588,
5206,3.15762,
5207,3.08378,
5208,3.16484,
5209,3.84507,
5210,3.80129,
5211,3.91144,
5212,3.87089,
5213,3.85309,
5214,3.7716,
5215,3.60654,
5216,3.74342,
5217,3.61975,
5218,3.72755,
5219,3.88015,
5220,3.77327,
5221,3.68457,
5222,3.60232,
5223,3.49013,
5224,3.75136,
5225,3.75769,
5226,3.84069,
5227,3.57751,
5228,3.79337,
5229,3.54371,
5230,3.56568,
5231,3.59627,
5232,3.64727,
5233,3.56985,
5234,3.56151,
5235,3.47868,
5236,3.46113,
5237,3.54246,
5238,3.35642,
5239,3.40551,
5240,3.51628,
5241,3.54346,
5242,3.46624,
5243,3.41776,
5244,3.47064,
5245,3.32201,
5246,3.41264,
5247,3.33915,
5248,3.35092,
5249,3.438,
5250,3.21847,
5251,3.22841,
5252,3.4357,
5253,3.38817,
5254,3.86602,
5255,3.78355,
5256,3.71784,
5257,3.82665,
5258,3.78589,
5259,3.74642,
5260,3.65125,
5261,3.6933,
5262,3.56665,
5263,3.55912,
5264,3.50476,
5265,3.52043,
5266,3.69106,
5267,3.61885,
5268,3.55472,
5269,3.78948,
5270,3.70834,
5271,3.29257,
5272,3.42135,
5273,3.41722,
5274,3.37604,
5275,3.49831,
5276,3.58296,
5277,3.56385,
5278,3.65974,
5279,3.73227,
5280,3.74981,
5281,3.30932,
5282,3.41602,
5283,3.56476,
5284,3.59138,
5285,3.68494,
5286,3.67634,
5287,3.73429,
5288,3.6447,
5289,3.688,
5290,3.5509,
5291,3.50029,
5292,3.64464,
5293,3.31977,
5294,3.59058,
5295,3.61304,
5296,3.57796,
5297,3.54927,
5298,3.47343,
5299,3.73347,
5300,3.56552,
5301,3.74275,
5302,3.66067,
5303,3.6567,
5304,3.6218,
5305,3.77064,
5306,3.51403,
5307,3.55785,
5308,3.46976,
5309,3.42818,
5310,3.47325,
5311,3.35749,
5312,3.44851,
5313,3.46143,
5314,3.59152,
5315,3.18683,
5316,3.37663,
5317,3.66884,
5318,3.5922,
5319,3.59338,
5320,3.47737,
5321,3.60895,
5322,3.36742,
5323,3.5421,
5324,3.06748,
5325,3.789,
5326,3.70251,
5327,3.78923,
5328,3.93492,
5329,4.03251,
5330,3.69611,
5331,3.74458,
5332,3.6504,
5333,3.82031,
5334,3.70917,
5335,3.69382,
5336,3.66955,
5337,3.50227,
5338,3.51909,
5339,3.63842,
5340,3.68294,
5341,3.477,
5342,3.70131,
5343,3.73741,
5344,3.65446,
5345,3.67869,
5346,3.58667,
5347,3.62856,
5348,3.75878,
5349,3.63187,
5350,3.59506,
5351,3.56524,
5352,3.5794,
5353,3.64895,
5354,3.67681,
5355,3.52701,
5356,3.57644,
5357,3.56162,
5358,3.44635,
5359,3.3795,
5360,3.15147,
5361,3.53406,
5362,3.63634,
5363,3.34986,
5364,3.39697,
5365,3.52326,
5366,3.36443,
5367,3.30107,
5368,3.38492,
5369,3.3013,
5370,3.40112,
5371,3.30525,
5372,3.34345,
5373,3.49869,
5374,3.31253,
5375,3.61657,
5376,3.72611,
5377,3.62434,
5378,3.55375,
5379,3.57326,
5380,3.70265,
5381,3.61008,
5382,3.54505,
5383,3.53327,
5384,3.6624,
5385,3.46669,
5386,3.28008,
5387,3.47195,
5388,3.45302,
5389,3.50136,
5390,3.46319,
5391,3.20604,
5392,3.56632,
5393,3.53307,
5394,3.49674,
5395,3.40001,
5396,3.31493,
5397,3.55237,
5398,3.36443,
5399,3.163,
5400,3.43029,
5401,3.40525,
5402,3.6364,
5403,3.40207,
5404,3.31205,
5405,3.37663,
5406,3.36958,
5407,3.32222,
5408,3.36519,
5409,3.48767,
5410,3.74204,
5411,3.58044,
5412,3.75052,
5413,3.5709,
5414,3.53419,
5415,3.41705,
5416,3.62089,
5417,3.60379,
5418,3.64849,
5419,3.55166,
5420,3.72746,
5421,3.544,
5422,3.61936,
5423,3.47354,
5424,3.43522,
5425,3.62674,
5426,3.54303,
5427,3.65711,
5428,3.62553,
5429,3.20853,
5430,3.2733,
5431,3.47984,
5432,3.35234,
5433,3.45507,
5434,3.30081,
5435,3.42397,
5436,3.66761,
5437,3.78637,
5438,3.51947,
5439,3.6234,
5440,3.72942,
5441,3.67615,
5442,3.58158,
5443,3.64449,
5444,3.64865,
5445,3.66987,
5446,3.59666,
5447,3.64202,
5448,3.62168,
5449,3.50058,
5450,3.60761,
5451,3.22717,
5452,3.41961,
5453,3.51644,
5454,3.47818,
5455,3.51925,
5456,3.30778,
5457,3.39205,
5458,3.50736,
5459,3.27204,
5460,3.44317,
5461,3.34219,
5462,3.28003,
5463,3.45895,
5464,3.23124,
5465,3.2809,
5466,3.24414,
5467,3.38207,
5468,3.26572,
5469,3.47933,
5470,3.47264,
5471,3.39581,
5472,3.32096,
5473,3.38442,
5474,3.50908,
5475,3.49395,
5476,3.3678,
5477,3.66704,
5478,3.64966,
5479,3.47157,
5480,3.65648,
5481,3.537,
5482,3.3858,
5483,3.52878,
5484,3.47739,
5485,3.56667,
5486,3.52543,
5487,3.63596,
5488,3.73432,
5489,3.57626,
5490,3.50278,
5491,3.51051,
5492,3.38167,
5493,3.46688,
5494,3.48974,
5495,3.5274,
5496,3.4072,
5497,3.54943,
5498,3.5176,
5499,3.55277,
5500,3.36646,
5501,3.50873,
5502,3.58171,
5503,3.65484,
5504,3.67033,
5505,3.45303,
5506,3.27387,
5507,3.49188,
5508,3.23882,
5509,3.48877,
5510,3.79067,
5511,3.75101,
5512,3.65701,
5513,3.68232,
5514,3.53701,
5515,3.68611,
5516,3.53775,
5517,3.51535,
5518,3.52864,
5519,3.77641,
5520,3.48673,
5521,3.60987,
5522,3.35789,
5523,3.67741,
5524,3.64096,
5525,3.8122,
5526,3.54546,
5527,3.48618,
5528,3.58821,
5529,3.37666,
5530,3.51123,
5531,3.35353,
5532,3.4352,
5533,3.35521,
5534,3.59206,
5535,3.57548,
5536,3.20527,
5537,3.44102,
5538,3.48582,
5539,3.54327,
5540,3.46905,
5541,3.67305,
5542,3.59124,
5543,3.4798,
5544,3.50996,
5545,3.52047,
5546,3.41632,
5547,3.26322,
5548,3.30235,
5549,3.78961,
5550,3.8087,
5551,3.71081,
5552,3.68665,
5553,3.61132,
5554,3.64886,
5555,3.54881,
5556,3.67664,
5557,3.48884,
5558,3.6122,
5559,3.59042,
5560,3.54537,
5561,3.43756,
5562,3.56958,
5563,3.49254,
5564,3.39821,
5565,3.64426,
5566,3.64697,
5567,3.46321,
5568,3.75865,
5569,3.60636,
5570,3.41758,
5571,3.33349,
5572,3.59783,
5573,3.56731,
5574,3.50564,
5575,3.45135,
5576,3.56192,
5577,3.41959,
5578,3.37092,
5579,3.47998,
5580,3.4138,
5581,3.56356,
5582,3.58604,
5583,3.59224,
5584,3.48408,
5585,3.51553,
5586,3.42496,
5587,3.59621,
5588,3.57953,
5589,3.23673,
5590,3.38422,
5591,3.39208,
5592,3.51189,
5593,3.54049,
5594,3.49927,
5595,3.27981,
5596,3.49343,
5597,3.5512,
5598,3.26685,
5599,3.26701,
5600,3.57506,
5601,3.57495,
5602,3.61572,
5603,3.4628,
5604,3.4146,
5605,3.48828,
5606,3.49089,
5607,3.38688,
5608,3.61482,
5609,3.52294,
5610,3.27125,
5611,3.40691,
5612,3.31966,
5613,3.41681,
5614,3.23568,
5615,3.51411,
5616,3.64003,
5617,3.54375,
5618,3.65694,
5619,3.66362,
5620,3.56298,
5621,3.61237,
5622,3.46293,
5623,3.48329,
5624,3.57666,
5625,3.54238,
5626,3.64846,
5627,3.71412,
5628,3.79837,
5629,4.6272,
5630,3.55335,
5631,3.55,
5632,3.65683,
5633,3.65287,
5634,3.41707,
5635,3.50553,
5636,3.51249,
5637,3.5207,
5638,3.43089,
5639,3.99802,
5640,3.51424,
5641,3.47883,
5642,3.18214,
5643,3.31379,
5644,3.52472,
5645,3.48102,
5646,3.6115,
5647,3.6221,
5648,3.46838,
5649,3.64245,
5650,3.61798,
5651,3.56116,
5652,3.77878,
5653,3.60792,
5654,3.54548,
5655,3.67925,
5656,3.69982,
5657,3.65479,
5658,3.53317,
5659,3.6447,
5660,3.575,
5661,3.5879,
5662,3.46411,
5663,3.26776,
5664,3.59915,
5665,3.46657,
5666,3.26255,
5667,3.3462,
5668,3.44438,
5669,3.51972,
5670,3.47703,
5671,3.42384,
5672,3.49637,
5673,3.21109,
5674,3.41251,
5675,3.29167,
5676,3.48035,
5677,3.38114,
5678,3.393,
5679,3.5475,
5680,3.42514,
5681,3.45229,
5682,3.40289,
5683,3.39989,
5684,3.28069,
5685,3.43174,
5686,3.42675,
5687,3.19405,
5688,3.29993,
5689,3.24771,
5690,3.37215,
5691,3.37432,
5692,3.35029,
5693,3.28657,
5694,3.38172,
5695,3.43991,
5696,3.17699,
5697,3.52314,
5698,3.36747,
5699,3.33917,
5700,3.32526,
5701,3.54736,
5702,3.6614,
5703,3.66025,
5704,3.39335,
5705,3.33609,
5706,3.69726,
5707,3.47704,
5708,3.48249,
5709,3.39066,
5710,3.26737,
5711,3.37473,
5712,3.5104,
5713,3.2657,
5714,3.15972,
5715,2.97975,
5716,3.22339,
5717,3.34438,
5718,3.49898,
5719,3.43739,
5720,3.45902,
5721,3.34143,
5722,3.22182,
5723,3.23767,
5724,3.36321,
5725,3.50167,
5726,3.31376,
5727,3.36138,
5728,3.05869,
5729,3.08012,
5730,3.47524,
5731,3.18949,
5732,3.35082,
5733,3.16114,
5734,3.26182,
5735,3.16246,
5736,3.15821,
5737,3.16941,
5738,3.22551,
5739,3.16673,
5740,3.08964,
5741,3.18493,
5742,3.37366,
5743,3.07705,
5744,3.34811,
5745,3.43052,
5746,3.72598,
5747,3.70862,
5748,3.6586,
5749,3.65529,
5750,3.67003,
5751,3.74414,
5752,3.55595,
5753,3.30221,
5754,3.47606,
5755,3.35687,
5756,3.36038,
5757,3.58041,
5758,3.44682,
5759,3.4805,
5760,3.43651,
5761,3.3247,
5762,3.30121,
5763,3.48725,
5764,3.49751,
5765,3.42796,
5766,3.44149,
5767,3.33428,
5768,3.2122,
5769,3.62233,
5770,3.32509,
5771,3.34372,
5772,3.42656,
5773,3.50659,
5774,3.34092,
5775,3.69025,
5776,3.55291,
5777,3.77903,
5778,3.57208,
5779,3.659,
5780,3.59712,
5781,3.52732,
5782,3.59527,
5783,3.46633,
5784,3.47766,
5785,3.48008,
5786,3.50904,
5787,3.4726,
5788,3.31823,
5789,3.45486,
5790,3.32634,
5791,3.37836,
5792,3.18919,
5793,3.28334,
5794,3.26519,
5795,3.30123,
5796,3.29299,
5797,3.19801,
5798,3.26371,
5799,3.27511,
5800,3.3856,
5801,3.34664,
5802,3.30912,
5803,3.68616,
5804,3.67908,
5805,3.67917,
5806,3.59138,
5807,3.63385,
5808,3.60413,
5809,3.54857,
5810,3.63558,
5811,3.57473,
5812,3.51286,
5813,3.6493,
5814,3.49456,
5815,3.44498,
5816,3.27231,
5817,3.44107,
5818,3.45358,
5819,3.59093,
5820,3.46929,
5821,3.33795,
5822,3.40042,
5823,3.34412,
5824,3.3688,
5825,3.53373,
5826,3.52815,
5827,3.37334,
5828,3.29044,
5829,3.38217,
5830,3.63868,
5831,3.55828,
5832,3.63011,
5833,3.52065,
5834,3.64934,
5835,3.50515,
5836,3.65866,
5837,3.74432,
5838,3.46975,
5839,3.37553,
5840,3.38544,
5841,3.61759,
5842,3.55924,
5843,3.42404,
5844,3.48398,
5845,3.43843,
5846,3.62214,
5847,3.5344,
5848,3.62247,
5849,3.32395,
5850,3.37643,
5851,3.2305,
5852,3.3264,
5853,3.39877,
5854,3.31732,
5855,3.30623,
5856,3.45654,
5857,3.39728,
5858,3.3802,
5859,3.14017,
5860,3.26987,
5861,3.42485,
5862,3.37789,
5863,3.30177,
5864,3.80598,
5865,3.71812,
5866,3.72126,
5867,3.73219,
5868,3.575,
5869,3.5846,
5870,3.47553,
5871,3.65443,
5872,3.80668,
5873,3.57559,
5874,3.63335,
5875,3.84998,
5876,3.97219,
5877,3.56025,
5878,3.61706,
5879,3.61923,
5880,3.63521,
5881,3.84101,
5882,3.62271,
5883,3.50717,
5884,3.52715,
5885,3.40055,
5886,3.43652,
5887,3.41733,
5888,3.46455,
5889,3.45728,
5890,3.39026,
5891,3.47187,
5892,3.93628,
5893,3.96215,
5894,3.8052,
5895,3.7813,
5896,3.79585,
5897,3.83783,
5898,3.80285,
5899,3.76978,
5900,3.6925,
5901,3.83145,
5902,3.77303,
5903,3.72865,
5904,3.6807,
5905,3.59579,
5906,3.68047,
5907,3.73876,
5908,3.67736,
5909,3.60281,
5910,3.53679,
5911,3.67398,
5912,3.82796,
5913,3.74316,
5914,3.65535,
5915,3.60256,
5916,3.60161,
5917,3.52042,
5918,3.6961,
5919,3.52629,
5920,3.60398,
5921,3.5368,
5922,3.37362,
5923,3.24655,
5924,3.49622,
5925,3.74401,
5926,3.55755,
5927,3.32719,
5928,3.49887,
5929,3.52745,
5930,3.40245,
5931,3.46407,
5932,3.54591,
5933,3.32686,
5934,3.57608,
5935,3.41081,
5936,3.40832,
5937,3.60413,
5938,3.59904,
5939,3.56871,
5940,3.61628,
5941,3.53126,
5942,3.41059,
5943,3.35616,
5944,3.35871,
5945,3.50004,
5946,3.40924,
5947,3.36989,
5948,3.53698,
5949,3.43961,
5950,3.33667,
5951,3.41074,
5952,3.31826,
5953,3.31978,
5954,3.46713,
5955,3.3044,
5956,3.20981,
5957,3.27115,
5958,3.3475,
5959,3.27736,
5960,3.18618,
5961,3.30728,
5962,3.30522,
5963,3.55941,
5964,3.5368,
5965,3.50681,
5966,3.51885,
5967,3.56848,
5968,3.40833,
5969,3.5028,
5970,3.22828,
5971,3.42042,
5972,3.43562,
5973,3.32783,
5974,3.62877,
5975,3.30767,
5976,3.25213,
5977,3.5674,
5978,3.39661,
5979,3.23885,
5980,3.32725,
5981,3.53749,
5982,3.06506,
5983,3.29006,
5984,3.40405,
5985,3.15898,
5986,3.32165,
5987,3.28897,
5988,3.20082,
5989,3.08177,
5990,3.64482,
5991,3.59901,
5992,3.55384,
5993,3.5429,
5994,3.59552,
5995,3.52026,
5996,3.59997,
5997,3.53029,
5998,3.44468,
5999,3.57914,
6000,3.51974,
6001,3.52919,
6002,3.47994,
6003,3.39905,
6004,3.44238,
6005,3.19055,
6006,3.28691,
6007,3.3839,
6008,3.48482,
6009,3.41579,
6010,3.14278,
6011,3.3312,
6012,3.32119,
6013,3.26384,
6014,3.00324,
6015,3.15097,
6016,3.27977,
6017,3.23239,
6018,3.21423,
6019,3.08108,
6020,3.00298,
6021,3.00592,
6022,3.23524,
6023,3.29879,
6024,4.02353,
6025,3.73647,
6026,3.59175,
6027,3.50612,
6028,3.67269,
6029,3.71159,
6030,3.49904,
6031,3.63488,
6032,3.5209,
6033,3.47805,
6034,3.38968,
6035,3.66593,
6036,3.5007,
6037,3.45552,
6038,3.57922,
6039,3.60274,
6040,3.53988,
6041,3.56577,
6042,3.51183,
6043,3.56778,
6044,3.60684,
6045,3.41779,
6046,3.39412,
6047,3.37999,
6048,3.64362,
6049,3.67397,
6050,3.58751,
6051,3.53708,
6052,3.69379,
6053,3.49759,
6054,3.54114,
6055,3.65602,
6056,3.52483,
6057,3.47682,
6058,3.50898,
6059,3.53497,
6060,3.36923,
6061,3.42345,
6062,3.49357,
6063,3.54489,
6064,3.36421,
6065,3.40218,
6066,3.33066,
6067,3.50759,
6068,3.58157,
6069,3.41281,
6070,3.20202,
6071,3.39969,
6072,3.33467,
6073,3.3158,
6074,3.43098,
6075,3.46326,
6076,3.44712,
6077,3.4888,
6078,3.4275,
6079,3.43586,
6080,3.3258,
6081,3.36098,
6082,3.30862,
6083,3.34139,
6084,3.27814,
6085,3.43869,
6086,3.24026,
6087,3.20658,
6088,3.28386,
6089,3.24208,
6090,3.32585,
6091,3.27074,
6092,3.13187,
6093,3.2676,
6094,3.16426,
6095,3.39861,
6096,3.20601,
6097,3.26646,
6098,3.41505,
6099,3.33188,
6100,3.38748,
6101,3.11052,
6102,3.24343,
6103,3.26894,
6104,3.3216,
6105,3.35611,
6106,2.98255,
6107,3.09918,
6108,2.98814,
6109,3.08647,
6110,3.31341,
6111,3.32357,
6112,3.32327,
6113,3.15739,
6114,3.41316,
6115,3.31048,
6116,3.66132,
6117,3.63541,
6118,3.67106,
6119,3.57925,
6120,3.53865,
6121,3.75803,
6122,3.52738,
6123,3.45689,
6124,3.54964,
6125,3.38739,
6126,3.55177,
6127,3.63792,
6128,3.53728,
6129,3.45043,
6130,3.55285,
6131,3.36422,
6132,3.50361,
6133,3.42795,
6134,3.31639,
6135,3.36202,
6136,3.36061,
6137,3.2347,
6138,3.33217,
6139,3.37148,
6140,3.24819,
6141,3.33571,
6142,3.46546,
6143,3.55603,
6144,3.38322,
6145,3.41763,
6146,3.32166,
6147,3.70623,
6148,3.66035,
6149,3.68347,
6150,3.65542,
6151,3.68095,
6152,3.62614,
6153,3.51549,
6154,3.6969,
6155,3.58084,
6156,3.61977,
6157,3.59652,
6158,3.61986,
6159,3.425,
6160,3.62386,
6161,3.53243,
6162,3.60043,
6163,3.65622,
6164,3.48852,
6165,3.51247,
6166,3.50074,
6167,3.5592,
6168,3.80587,
6169,3.6905,
6170,3.40516,
6171,3.41777,
6172,3.32403,
6173,3.18054,
6174,3.20151,
6175,3.13779,
6176,3.33565,
6177,2.84455,
6178,3.14305,
6179,3.16875,
6180,3.21673,
6181,3.15835,
6182,3.00305,
6183,3.12038,
6184,3.31833,
6185,3.46999,
6186,3.34538,
6187,3.06879,
6188,3.07765,
6189,3.6399,
6190,3.7471,
6191,3.7149,
6192,3.77219,
6193,3.65832,
6194,3.70276,
6195,3.5742,
6196,3.48401,
6197,3.56002,
6198,3.58597,
6199,3.47919,
6200,3.58321,
6201,3.66976,
6202,3.65714,
6203,3.48826,
6204,3.44769,
6205,3.31631,
6206,3.45129,
6207,3.36221,
6208,3.36026,
6209,3.23526,
6210,3.18872,
6211,3.13236,
6212,3.39515,
6213,3.32501,
6214,3.29154,
6215,3.66288,
6216,3.5707,
6217,3.58148,
6218,3.53716,
6219,3.64096,
6220,3.62094,
6221,3.46892,
6222,3.47971,
6223,3.25983,
6224,3.27085,
6225,3.21229,
6226,3.43362,
6227,3.61842,
6228,3.47315,
6229,3.22152,
6230,3.18543,
6231,3.03907,
6232,2.98357,
6233,3.12025,
6234,3.05376,
6235,3.2786,
6236,3.09808,
6237,3.02101,
6238,3.02722,
6239,3.34874,
6240,3.23665,
6241,3.44742,
6242,3.04548,
6243,3.56928,
6244,3.30671,
6245,3.63701,
6246,3.87287,
6247,3.55678,
6248,3.66073,
6249,3.61581,
6250,3.56887,
6251,3.59334,
6252,3.63433,
6253,3.51756,
6254,3.32845,
6255,3.36458,
6256,3.46004,
6257,3.40753,
6258,3.41238,
6259,3.47937,
6260,3.35058,
6261,3.44419,
6262,3.20232,
6263,3.54215,
6264,3.4563,
6265,3.20946,
6266,3.20781,
6267,3.36982,
6268,3.17406,
6269,3.16466,
6270,3.17843,
6271,3.07224,
6272,3.00409,
6273,3.09787,
6274,3.76279,
6275,3.74717,
6276,3.85922,
6277,3.8031,
6278,3.79922,
6279,3.70078,
6280,3.52674,
6281,3.64932,
6282,3.54467,
6283,3.67292,
6284,3.81471,
6285,3.68821,
6286,3.61657,
6287,3.5169,
6288,3.42056,
6289,3.69318,
6290,3.68646,
6291,3.77268,
6292,3.51197,
6293,3.72841,
6294,3.46213,
6295,3.49388,
6296,3.53164,
6297,3.57821,
6298,3.50113,
6299,3.49379,
6300,3.4065,
6301,3.36883,
6302,3.49367,
6303,3.29167,
6304,3.33387,
6305,3.42851,
6306,3.47618,
6307,3.40465,
6308,3.3637,
6309,3.39193,
6310,3.2394,
6311,3.33809,
6312,3.28195,
6313,3.28817,
6314,3.36122,
6315,3.14487,
6316,3.16225,
6317,3.36443,
6318,3.31345,
6319,3.80472,
6320,3.7283,
6321,3.68442,
6322,3.77425,
6323,3.72836,
6324,3.68815,
6325,3.58627,
6326,3.62942,
6327,3.50693,
6328,3.46763,
6329,3.4444,
6330,3.44053,
6331,3.61276,
6332,3.54825,
6333,3.47239,
6334,3.72717,
6335,3.65342,
6336,3.20964,
6337,3.33465,
6338,3.35891,
6339,3.31699,
6340,3.45276,
6341,3.52977,
6342,3.48336,
6343,3.58757,
6344,3.67436,
6345,3.67678,
6346,3.22783,
6347,3.32527,
6348,3.49699,
6349,3.52965,
6350,3.62336,
6351,3.60677,
6352,3.66816,
6353,3.57181,
6354,3.62771,
6355,3.47914,
6356,3.43425,
6357,3.59126,
6358,3.25403,
6359,3.53982,
6360,3.54769,
6361,3.51093,
6362,3.47027,
6363,3.41593,
6364,3.68579,
6365,3.51501,
6366,3.68118,
6367,3.60457,
6368,3.59534,
6369,3.57848,
6370,3.71134,
6371,3.44382,
6372,3.48056,
6373,3.39748,
6374,3.35336,
6375,3.40559,
6376,3.28466,
6377,3.37403,
6378,3.39515,
6379,3.53456,
6380,3.12698,
6381,3.32202,
6382,3.6054,
6383,3.5264,
6384,3.51096,
6385,3.42538,
6386,3.5411,
6387,3.31014,
6388,3.49576,
6389,2.97386,
6390,3.71354,
6391,3.62893,
6392,3.73197,
6393,3.89459,
6394,3.97804,
6395,3.64094,
6396,3.69652,
6397,3.59826,
6398,3.76495,
6399,3.67027,
6400,3.62839,
6401,3.60984,
6402,3.45371,
6403,3.45825,
6404,3.57866,
6405,3.6309,
6406,3.41185,
6407,3.63938,
6408,3.66882,
6409,3.59113,
6410,3.58493,
6411,3.53653,
6412,3.57331,
6413,3.69961,
6414,3.55661,
6415,3.51276,
6416,3.50345,
6417,3.49508,
6418,3.59632,
6419,3.60365,
6420,3.44495,
6421,3.50899,
6422,3.47028,
6423,3.37644,
6424,3.28387,
6425,3.08308,
6426,3.47833,
6427,3.55032,
6428,3.25396,
6429,3.3229,
6430,3.44731,
6431,3.28543,
6432,3.22599,
6433,3.30407,
6434,3.21292,
6435,3.34832,
6436,3.22085,
6437,3.29016,
6438,3.45146,
6439,3.26754,
6440,3.55482,
6441,3.64096,
6442,3.54591,
6443,3.46697,
6444,3.4785,
6445,3.64928,
6446,3.52961,
6447,3.48004,
6448,3.477,
6449,3.60061,
6450,3.38676,
6451,3.2043,
6452,3.41228,
6453,3.38268,
6454,3.42756,
6455,3.38496,
6456,3.10445,
6457,3.4838,
6458,3.45288,
6459,3.44533,
6460,3.3341,
6461,3.25626,
6462,3.48565,
6463,3.29884,
6464,3.09717,
6465,3.36541,
6466,3.34928,
6467,3.59349,
6468,3.34113,
6469,3.23247,
6470,3.31277,
6471,3.29312,
6472,3.24846,
6473,3.29067,
6474,3.40665,
6475,3.66112,
6476,3.53833,
6477,3.70037,
6478,3.5048,
6479,3.45635,
6480,3.34528,
6481,3.55561,
6482,3.55824,
6483,3.57983,
6484,3.4904,
6485,3.67505,
6486,3.48265,
6487,3.53599,
6488,3.4093,
6489,3.31981,
6490,3.54672,
6491,3.46913,
6492,3.61065,
6493,3.54921,
6494,3.12605,
6495,3.206,
6496,3.41139,
6497,3.27653,
6498,3.38161,
6499,3.21737,
6500,3.35528,
6501,3.58553,
6502,3.73938,
6503,3.43281,
6504,3.55112,
6505,3.64165,
6506,3.61866,
6507,3.54254,
6508,3.57335,
6509,3.5816,
6510,3.59382,
6511,3.50887,
6512,3.57647,
6513,3.53316,
6514,3.4227,
6515,3.51221,
6516,3.12873,
6517,3.3493,
6518,3.45017,
6519,3.39923,
6520,3.46066,
6521,3.24345,
6522,3.29616,
6523,3.44664,
6524,3.20289,
6525,3.37276,
6526,3.27584,
6527,3.20908,
6528,3.40409,
6529,3.15872,
6530,3.1826,
6531,3.186,
6532,3.32046,
6533,3.19878,
6534,3.40644,
6535,3.4248,
6536,3.34478,
6537,3.24333,
6538,3.323,
6539,3.43362,
6540,3.41249,
6541,3.2865,
6542,3.6005,
6543,3.55458,
6544,3.41269,
6545,3.57899,
6546,3.46513,
6547,3.30849,
6548,3.44763,
6549,3.38647,
6550,3.48851,
6551,3.45654,
6552,3.57968,
6553,3.66236,
6554,3.52633,
6555,3.42736,
6556,3.44906,
6557,3.29574,
6558,3.38608,
6559,3.41106,
6560,3.44532,
6561,3.33338,
6562,3.47918,
6563,3.43535,
6564,3.50902,
6565,3.31321,
6566,3.43397,
6567,3.52553,
6568,3.59857,
6569,3.61046,
6570,3.37663,
6571,3.19015,
6572,3.42836,
6573,3.15202,
6574,3.41738,
6575,3.7362,
6576,3.68773,
6577,3.60474,
6578,3.62757,
6579,3.45629,
6580,3.62771,
6581,3.47941,
6582,3.4645,
6583,3.46368,
6584,3.71641,
6585,3.42393,
6586,3.55991,
6587,3.29053,
6588,3.63188,
6589,3.56599,
6590,3.76357,
6591,3.49033,
6592,3.42581,
6593,3.5338,
6594,3.30507,
6595,3.46739,
6596,3.2936,
6597,3.38051,
6598,3.29545,
6599,3.53864,
6600,3.52112,
6601,3.13164,
6602,3.3761,
6603,3.41331,
6604,3.47983,
6605,3.42346,
6606,3.63278,
6607,3.53847,
6608,3.40359,
6609,3.44925,
6610,3.47665,
6611,3.35271,
6612,3.21397,
6613,3.22676,
6614,3.71129,
6615,3.73486,
6616,3.66103,
6617,3.62138,
6618,3.53673,
6619,3.59543,
6620,3.48575,
6621,3.61341,
6622,3.43087,
6623,3.53897,
6624,3.53655,
6625,3.48143,
6626,3.38488,
6627,3.50155,
6628,3.44135,
6629,3.33136,
6630,3.59192,
6631,3.61397,
6632,3.41244,
6633,3.70655,
6634,3.53963,
6635,3.3509,
6636,3.26638,
6637,3.53705,
6638,3.51109,
6639,3.43821,
6640,3.39454,
6641,3.50087,
6642,3.34954,
6643,3.30481,
6644,3.39654,
6645,3.34433,
6646,3.47347,
6647,3.50951,
6648,3.52932,
6649,3.41456,
6650,3.43272,
6651,3.35909,
6652,3.54447,
6653,3.51584,
6654,3.18075,
6655,3.31225,
6656,3.31682,
6657,3.44126,
6658,3.48583,
6659,3.44648,
6660,3.215,
6661,3.4126,
6662,3.50077,
6663,3.19656,
6664,3.21893,
6665,3.51639,
6666,3.49074,
6667,3.54159,
6668,3.39664,
6669,3.35084,
6670,3.43148,
6671,3.42769,
6672,3.31382,
6673,3.56202,
6674,3.47089,
6675,3.20971,
6676,3.34151,
6677,3.25235,
6678,3.37202,
6679,3.18236,
6680,3.43457,
6681,3.55477,
6682,3.47214,
6683,3.58895,
6684,3.59395,
6685,3.49542,
6686,3.55069,
6687,3.37525,
6688,3.43168,
6689,3.51161,
6690,3.47605,
6691,3.58922,
6692,3.66033,
6693,3.75492,
6694,4.5887,
6695,3.49879,
6696,3.48454,
6697,3.58138,
6698,3.57654,
6699,3.35851,
6700,3.44698,
6701,3.45118,
6702,3.45163,
6703,3.36812,
6704,3.96331,
6705,3.43622,
6706,3.42459,
6707,3.09553,
6708,3.25082,
6709,3.45212,
6710,3.43137,
6711,3.55058,
6712,3.56015,
6713,3.40493,
6714,3.57316,
6715,3.54588,
6716,3.48805,
6717,3.72386,
6718,3.53342,
6719,3.48098,
6720,3.61236,
6721,3.62661,
6722,3.57501,
6723,3.45951,
6724,3.55317,
6725,3.50316,
6726,3.5113,
6727,3.3908,
6728,3.18798,
6729,3.52807,
6730,3.38497,
6731,3.19037,
6732,3.28534,
6733,3.36147,
6734,3.46073,
6735,3.42284,
6736,3.35616,
6737,3.4275,
6738,3.15386,
6739,3.34602,
6740,3.20414,
6741,3.41412,
6742,3.29897,
6743,3.33003,
6744,3.48794,
6745,3.36007,
6746,3.3881,
6747,3.35254,
6748,3.32779,
6749,3.20066,
6750,3.36426,
6751,3.36259,
6752,3.13452,
6753,3.24609,
6754,3.18706,
6755,3.31191,
6756,3.32071,
6757,3.28458,
6758,3.23935,
6759,3.31959,
6760,3.37236,
6761,3.10154,
6762,3.44254,
6763,3.30082,
6764,3.28417,
6765,3.25758,
6766,3.48257,
6767,3.61137,
6768,3.59332,
6769,3.34637,
6770,3.28686,
6771,3.63506,
6772,3.41747,
6773,3.42729,
6774,3.34104,
6775,3.20735,
6776,3.32112,
6777,3.45385,
6778,3.19794,
6779,3.08133,
6780,2.8998,
6781,3.16204,
6782,3.28064,
6783,3.44454,
6784,3.38329,
6785,3.40203,
6786,3.28265,
6787,3.14314,
6788,3.16923,
6789,3.31448,
6790,3.45026,
6791,3.27048,
6792,3.31202,
6793,2.99731,
6794,3.00627,
6795,3.42407,
6796,3.13912,
6797,3.29599,
6798,3.09482,
6799,3.20236,
6800,3.09486,
6801,3.11434,
6802,3.08982,
6803,3.16625,
6804,3.10887,
6805,3.02421,
6806,3.1435,
6807,3.31942,
6808,3.00924,
6809,3.26907,
6810,3.35814,
6811,3.66714,
6812,3.62703,
6813,3.60351,
6814,3.58917,
6815,3.61685,
6816,3.68155,
6817,3.48808,
6818,3.21237,
6819,3.43762,
6820,3.28072,
6821,3.29921,
6822,3.52058,
6823,3.39287,
6824,3.40599,
6825,3.37373,
6826,3.26798,
6827,3.24349,
6828,3.42265,
6829,3.42943,
6830,3.37456,
6831,3.40777,
6832,3.28446,
6833,3.13114,
6834,3.57764,
6835,3.27079,
6836,3.27231,
6837,3.36216,
6838,3.44572,
6839,3.27802,
6840,3.63697,
6841,3.49357,
6842,3.73629,
6843,3.52175,
6844,3.61655,
6845,3.54127,
6846,3.47256,
6847,3.5318,
6848,3.40992,
6849,3.42407,
6850,3.4188,
6851,3.44423,
6852,3.40916,
6853,3.25293,
6854,3.39814,
6855,3.25203,
6856,3.31962,
6857,3.14454,
6858,3.21871,
6859,3.18893,
6860,3.25092,
6861,3.24888,
6862,3.1349,
6863,3.2121,
6864,3.1963,
6865,3.33089,
6866,3.28526,
6867,3.26358,
6868,3.6021,
6869,3.61529,
6870,3.59349,
6871,3.52612,
6872,3.57369,
6873,3.55605,
6874,3.49707,
6875,3.58109,
6876,3.50738,
6877,3.4508,
6878,3.58803,
6879,3.44498,
6880,3.40154,
6881,3.21385,
6882,3.38447,
6883,3.3994,
6884,3.54105,
6885,3.42078,
6886,3.28195,
6887,3.33825,
6888,3.27675,
6889,3.29414,
6890,3.47447,
6891,3.49242,
6892,3.31199,
6893,3.24666,
6894,3.33269,
6895,3.58729,
6896,3.50152,
6897,3.56359,
6898,3.45041,
6899,3.59222,
6900,3.46509,
6901,3.5925,
6902,3.68803,
6903,3.41391,
6904,3.33115,
6905,3.33655,
6906,3.56678,
6907,3.50124,
6908,3.38124,
6909,3.43281,
6910,3.39654,
6911,3.58026,
6912,3.48194,
6913,3.57212,
6914,3.25161,
6915,3.3205,
6916,3.17854,
6917,3.26287,
6918,3.34982,
6919,3.26116,
6920,3.25183,
6921,3.40842,
6922,3.34679,
6923,3.34399,
6924,3.0882,
6925,3.21466,
6926,3.35863,
6927,3.3238,
6928,3.24117,
6929,3.75639,
6930,3.66329,
6931,3.65688,
6932,3.69342,
6933,3.51797,
6934,3.52612,
6935,3.38476,
6936,3.59585,
6937,3.74724,
6938,3.51426,
6939,3.57898,
6940,3.81432,
6941,3.91738,
6942,3.50981,
6943,3.55707,
6944,3.56125,
6945,3.58485,
6946,3.78639,
6947,3.57342,
6948,3.45432,
6949,3.46128,
6950,3.33371,
6951,3.38366,
6952,3.36782,
6953,3.40216,
6954,3.37823,
6955,3.30886,
6956,3.40496,
6957,3.89212,
6958,3.91901,
6959,3.76371,
6960,3.74035,
6961,3.74116,
6962,3.78509,
6963,3.76213,
6964,3.72233,
6965,3.64633,
6966,3.78355,
6967,3.71944,
6968,3.68325,
6969,3.65585,
6970,3.55371,
6971,3.64719,
6972,3.69938,
6973,3.63099,
6974,3.55923,
6975,3.49249,
6976,3.60041,
6977,3.77266,
6978,3.66777,
6979,3.59139,
6980,3.52525,
6981,3.51384,
6982,3.44003,
6983,3.62543,
6984,3.47317,
6985,3.53234,
6986,3.46574,
6987,3.29275,
6988,3.17207,
6989,3.4236,
6990,3.68036,
6991,3.50445,
6992,3.28365,
6993,3.43269,
6994,3.47066,
6995,3.35657,
6996,3.42125,
6997,3.50499,
6998,3.26914,
6999,3.50788,
7000,3.36677,
7001,3.35717,
7002,3.56147,
7003,3.52447,
7004,3.51671,
7005,3.58187,
7006,3.47815,
7007,3.35408,
7008,3.27401,
7009,3.29303,
7010,3.43206,
7011,3.34875,
7012,3.28366,
7013,3.48297,
7014,3.35371,
7015,3.26569,
7016,3.35154,
7017,3.25745,
7018,3.24689,
7019,3.41514,
7020,3.25891,
7021,3.14825,
7022,3.20979,
7023,3.28546,
7024,3.23292,
7025,3.12948,
7026,3.2623,
7027,3.25229,
7028,3.48676,
7029,3.45766,
7030,3.42764,
7031,3.47083,
7032,3.49218,
7033,3.34554,
7034,3.4335,
7035,3.15161,
7036,3.36683,
7037,3.36905,
7038,3.26218,
7039,3.58856,
7040,3.25278,
7041,3.20677,
7042,3.52,
7043,3.33008,
7044,3.17575,
7045,3.25827,
7046,3.48764,
7047,2.99906,
7048,3.21837,
7049,3.35856,
7050,3.10519,
7051,3.26655,
7052,3.21571,
7053,3.14164,
7054,3.01892,
7055,3.5829,
7056,3.55439,
7057,3.4921,
7058,3.47713,
7059,3.53287,
7060,3.45658,
7061,3.54077,
7062,3.46909,
7063,3.38069,
7064,3.50829,
7065,3.44717,
7066,3.47737,
7067,3.42914,
7068,3.35841,
7069,3.38078,
7070,3.11967,
7071,3.23123,
7072,3.31643,
7073,3.43111,
7074,3.36843,
7075,3.07721,
7076,3.28635,
7077,3.2724,
7078,3.18547,
7079,2.95614,
7080,3.10097,
7081,3.21788,
7082,3.16391,
7083,3.16848,
7084,3.0199,
7085,2.95002,
7086,2.94731,
7087,3.17693,
7088,3.24664,
7089,3.97281,
7090,3.68202,
7091,3.54051,
7092,3.44851,
7093,3.62066,
7094,3.66092,
7095,3.43486,
7096,3.57759,
7097,3.45967,
7098,3.41724,
7099,3.32331,
7100,3.62181,
7101,3.45221,
7102,3.39656,
7103,3.53155,
7104,3.54137,
7105,3.48376,
7106,3.52579,
7107,3.45419,
7108,3.51074,
7109,3.55539,
7110,3.36944,
7111,3.34408,
7112,3.34352,
7113,3.57718,
7114,3.60978,
7115,3.52933,
7116,3.47474,
7117,3.64608,
7118,3.42508,
7119,3.48567,
7120,3.61404,
7121,3.46617,
7122,3.41741,
7123,3.47272,
7124,3.47812,
7125,3.30718,
7126,3.37258,
7127,3.44448,
7128,3.49494,
7129,3.28577,
7130,3.33999,
7131,3.2773,
7132,3.45779,
7133,3.52474,
7134,3.35695,
7135,3.13463,
7136,3.35634,
7137,3.27855,
7138,3.26685,
7139,3.36841,
7140,3.42359,
7141,3.39925,
7142,3.42477,
7143,3.38006,
7144,3.37115,
7145,3.25687,
7146,3.32066,
7147,3.25761,
7148,3.276,
7149,3.21714,
7150,3.39496,
7151,3.18033,
7152,3.14025,
7153,3.21445,
7154,3.19572,
7155,3.27907,
7156,3.20997,
7157,3.0578,
7158,3.22086,
7159,3.10562,
7160,3.34032,
7161,3.15378,
7162,3.20959,
7163,3.3607,
7164,3.28523,
7165,3.33158,
7166,3.05668,
7167,3.19206,
7168,3.2099,
7169,3.26216,
7170,3.30918,
7171,2.9264,
7172,3.05546,
7173,2.93058,
7174,3.01959,
7175,3.25759,
7176,3.26154,
7177,3.26589,
7178,3.10061,
7179,3.35479,
7180,3.25623,
7181,3.57783,
7182,3.58124,
7183,3.60137,
7184,3.51209,
7185,3.47634,
7186,3.7006,
7187,3.46343,
7188,3.38619,
7189,3.49218,
7190,3.31821,
7191,3.50576,
7192,3.57165,
7193,3.45974,
7194,3.3866,
7195,3.48806,
7196,3.28787,
7197,3.45072,
7198,3.37889,
7199,3.25676,
7200,3.3064,
7201,3.31906,
7202,3.16303,
7203,3.28986,
7204,3.31848,
7205,3.18015,
7206,3.27502,
7207,3.41662,
7208,3.49713,
7209,3.32514,
7210,3.37294,
7211,3.25645,
7212,3.65491,
7213,3.61263,
7214,3.62779,
7215,3.60392,
7216,3.63638,
7217,3.5645,
7218,3.46448,
7219,3.65708,
7220,3.55217,
7221,3.57002,
7222,3.552,
7223,3.57186,
7224,3.38982,
7225,3.58923,
7226,3.50132,
7227,3.54424,
7228,3.61419,
7229,3.44069,
7230,3.47156,
7231,3.45273,
7232,3.51803,
7233,3.72805,
7234,3.6427,
7235,3.31321,
7236,3.35132,
7237,3.24137,
7238,3.09172,
7239,3.12532,
7240,3.06039,
7241,3.28023,
7242,2.79281,
7243,3.07627,
7244,3.10117,
7245,3.14742,
7246,3.11244,
7247,2.93055,
7248,3.04383,
7249,3.26668,
7250,3.40642,
7251,3.2881,
7252,3.02744,
7253,3.03448,
7254,3.56803,
7255,3.68361,
7256,3.64412,
7257,3.72018,
7258,3.59856,
7259,3.62347,
7260,3.50646,
7261,3.39797,
7262,3.50245,
7263,3.52606,
7264,3.42017,
7265,3.51853,
7266,3.6112,
7267,3.61633,
7268,3.43535,
7269,3.38177,
7270,3.25297,
7271,3.3907,
7272,3.30303,
7273,3.30544,
7274,3.16582,
7275,3.12717,
7276,3.07804,
7277,3.34751,
7278,3.27308,
7279,3.21138,
7280,3.58558,
7281,3.50168,
7282,3.53195,
7283,3.48687,
7284,3.57606,
7285,3.55892,
7286,3.40737,
7287,3.4243,
7288,3.20329,
7289,3.21812,
7290,3.15966,
7291,3.38197,
7292,3.55295,
7293,3.38745,
7294,3.1459,
7295,3.12295,
7296,2.96917,
7297,2.91453,
7298,3.05412,
7299,2.98793,
7300,3.24413,
7301,3.02458,
7302,2.96027,
7303,2.97536,
7304,3.30965,
7305,3.19504,
7306,3.4028,
7307,2.99724,
7308,3.52583,
7309,3.24544,
7310,3.58687,
7311,3.83306,
7312,3.48408,
7313,3.60012,
7314,3.55332,
7315,3.49819,
7316,3.5649,
7317,3.56797,
7318,3.46876,
7319,3.28087,
7320,3.28958,
7321,3.40501,
7322,3.31722,
7323,3.3353,
7324,3.42538,
7325,3.29759,
7326,3.385,
7327,3.14396,
7328,3.49048,
7329,3.41545,
7330,3.15353,
7331,3.16014,
7332,3.34412,
7333,3.11607,
7334,3.09245,
7335,3.1078,
7336,2.99794,
7337,2.94959,
7338,3.05678,
7339,3.72501,
7340,3.70466,
7341,3.82398,
7342,3.76051,
7343,3.75732,
7344,3.65875,
7345,3.44914,
7346,3.57362,
7347,3.46973,
7348,3.59301,
7349,3.76827,
7350,3.62907,
7351,3.55859,
7352,3.46431,
7353,3.3622,
7354,3.64778,
7355,3.6307,
7356,3.69239,
7357,3.43736,
7358,3.67364,
7359,3.39345,
7360,3.44536,
7361,3.47132,
7362,3.52325,
7363,3.45822,
7364,3.43998,
7365,3.34572,
7366,3.31006,
7367,3.44528,
7368,3.25986,
7369,3.27034,
7370,3.36612,
7371,3.41215,
7372,3.35408,
7373,3.31117,
7374,3.33083,
7375,3.19655,
7376,3.29766,
7377,3.23266,
7378,3.24509,
7379,3.30935,
7380,3.09006,
7381,3.11008,
7382,3.31782,
7383,3.28038,
7384,3.74583,
7385,3.69383,
7386,3.64231,
7387,3.73692,
7388,3.65935,
7389,3.61579,
7390,3.5277,
7391,3.55763,
7392,3.42472,
7393,3.39472,
7394,3.34997,
7395,3.3652,
7396,3.55253,
7397,3.48759,
7398,3.39523,
7399,3.66883,
7400,3.59501,
7401,3.13112,
7402,3.27624,
7403,3.30804,
7404,3.26297,
7405,3.40503,
7406,3.4753,
7407,3.43102,
7408,3.52986,
7409,3.62207,
7410,3.62553,
7411,3.1557,
7412,3.25268,
7413,3.44138,
7414,3.47719,
7415,3.57825,
7416,3.56551,
7417,3.61349,
7418,3.53011,
7419,3.57563,
7420,3.40377,
7421,3.36431,
7422,3.55662,
7423,3.19426,
7424,3.48426,
7425,3.49991,
7426,3.45749,
7427,3.42712,
7428,3.36837,
7429,3.62357,
7430,3.4553,
7431,3.62649,
7432,3.54265,
7433,3.55731,
7434,3.54364,
7435,3.66561,
7436,3.37983,
7437,3.43111,
7438,3.34332,
7439,3.30746,
7440,3.32415,
7441,3.23254,
7442,3.32684,
7443,3.3457,
7444,3.46771,
7445,3.07746,
7446,3.29001,
7447,3.54233,
7448,3.46033,
7449,3.44703,
7450,3.34187,
7451,3.49663,
7452,3.25066,
7453,3.4416,
7454,2.89124,
7455,3.65681,
7456,3.58067,
7457,3.67221,
7458,3.8293,
7459,3.93219,
7460,3.58746,
7461,3.64957,
7462,3.54544,
7463,3.71906,
7464,3.64237,
7465,3.58993,
7466,3.55588,
7467,3.39529,
7468,3.41794,
7469,3.51799,
7470,3.5913,
7471,3.36514,
7472,3.57159,
7473,3.62191,
7474,3.51634,
7475,3.50652,
7476,3.47821,
7477,3.535,
7478,3.63607,
7479,3.51209,
7480,3.46029,
7481,3.44524,
7482,3.43078,
7483,3.55751,
7484,3.56646,
7485,3.38964,
7486,3.46776,
7487,3.39828,
7488,3.30117,
7489,3.21753,
7490,3.03664,
7491,3.42956,
7492,3.4973,
7493,3.19035,
7494,3.27439,
7495,3.40058,
7496,3.23479,
7497,3.17195,
7498,3.23347,
7499,3.15746,
7500,3.31252,
7501,3.16378,
7502,3.24853,
7503,3.40262,
7504,3.19798,
7505,3.49576,
7506,3.56448,
7507,3.46766,
7508,3.39206,
7509,3.39439,
7510,3.5982,
7511,3.45398,
7512,3.43368,
7513,3.42809,
7514,3.54591,
7515,3.32451,
7516,3.11562,
7517,3.3497,
7518,3.32184,
7519,3.36633,
7520,3.33142,
7521,3.0263,
7522,3.42918,
7523,3.40975,
7524,3.39506,
7525,3.28029,
7526,3.221,
7527,3.43271,
7528,3.24588,
7529,3.03429,
7530,3.32299,
7531,3.30504,
7532,3.56292,
7533,3.30721,
7534,3.17606,
7535,3.27939,
7536,3.25374,
7537,3.19128,
7538,3.23228,
7539,3.34635,
7540,3.59645,
7541,3.46486,
7542,3.62672,
7543,3.44324,
7544,3.38928,
7545,3.27334,
7546,3.50214,
7547,3.5024,
7548,3.52011,
7549,3.45497,
7550,3.62539,
7551,3.43075,
7552,3.48136,
7553,3.34928,
7554,3.25159,
7555,3.49677,
7556,3.41483,
7557,3.56582,
7558,3.49401,
7559,3.06743,
7560,3.1452,
7561,3.34801,
7562,3.20831,
7563,3.32469,
7564,3.14834,
7565,3.30115,
7566,3.52949,
7567,3.68903,
7568,3.37474,
7569,3.50462,
7570,3.56936,
7571,3.57794,
7572,3.5085,
7573,3.52512,
7574,3.53347,
7575,3.54377,
7576,3.45762,
7577,3.52315,
7578,3.47705,
7579,3.36728,
7580,3.45119,
7581,3.07529,
7582,3.27141,
7583,3.3863,
7584,3.32824,
7585,3.39283,
7586,3.18771,
7587,3.24116,
7588,3.40138,
7589,3.13823,
7590,3.32858,
7591,3.22527,
7592,3.15193,
7593,3.35356,
7594,3.10049,
7595,3.11685,
7596,3.15052,
7597,3.28644,
7598,3.15108,
7599,3.35805,
7600,3.37534,
7601,3.30556,
7602,3.19027,
7603,3.26006,
7604,3.35293,
7605,3.35695,
7606,3.21937,
7607,3.55799,
7608,3.48683,
7609,3.38294,
7610,3.51887,
7611,3.40797,
7612,3.25524,
7613,3.41932,
7614,3.33188,
7615,3.43032,
7616,3.40233,
7617,3.53076,
7618,3.61877,
7619,3.48298,
7620,3.3814,
7621,3.40526,
7622,3.23781,
7623,3.34211,
7624,3.35137,
7625,3.37833,
7626,3.26975,
7627,3.40778,
7628,3.34479,
7629,3.46403,
7630,3.24923,
7631,3.3811,
7632,3.47368,
7633,3.54728,
7634,3.56193,
7635,3.32477,
7636,3.13292,
7637,3.37719,
7638,3.08107,
7639,3.37275,
7640,3.67671,
7641,3.61815,
7642,3.57264,
7643,3.5911,
7644,3.38561,
7645,3.58446,
7646,3.43563,
7647,3.42593,
7648,3.38761,
7649,3.65876,
7650,3.38961,
7651,3.52147,
7652,3.2356,
7653,3.6065,
7654,3.53158,
7655,3.72553,
7656,3.43881,
7657,3.39429,
7658,3.49691,
7659,3.25317,
7660,3.4345,
7661,3.23412,
7662,3.3345,
7663,3.25483,
7664,3.50206,
7665,3.47716,
7666,3.07322,
7667,3.33149,
7668,3.36014,
7669,3.43718,
7670,3.37837,
7671,3.5878,
7672,3.49111,
7673,3.33782,
7674,3.40037,
7675,3.43863,
7676,3.30369,
7677,3.15645,
7678,3.18374,
7679,3.67012,
7680,3.68365,
7681,3.62027,
7682,3.58178,
7683,3.47976,
7684,3.54571,
7685,3.44224,
7686,3.58155,
7687,3.3886,
7688,3.49634,
7689,3.49585,
7690,3.42824,
7691,3.35499,
7692,3.46195,
7693,3.39867,
7694,3.29841,
7695,3.57852,
7696,3.57923,
7697,3.37676,
7698,3.66039,
7699,3.51212,
7700,3.30814,
7701,3.22123,
7702,3.49486,
7703,3.44977,
7704,3.37845,
7705,3.35837,
7706,3.46211,
7707,3.30257,
7708,3.25867,
7709,3.35245,
7710,3.28791,
7711,3.41678,
7712,3.44916,
7713,3.47764,
7714,3.36342,
7715,3.39074,
7716,3.30691,
7717,3.49784,
7718,3.47721,
7719,3.13443,
7720,3.27312,
7721,3.26229,
7722,3.39405,
7723,3.45683,
7724,3.41343,
7725,3.17899,
7726,3.35928,
7727,3.45125,
7728,3.15282,
7729,3.17158,
7730,3.47468,
7731,3.42587,
7732,3.48885,
7733,3.33959,
7734,3.30228,
7735,3.39374,
7736,3.37884,
7737,3.24754,
7738,3.50999,
7739,3.42177,
7740,3.14908,
7741,3.26995,
7742,3.19652,
7743,3.33735,
7744,3.13953,
7745,3.3704,
7746,3.5144,
7747,3.43299,
7748,3.53991,
7749,3.52913,
7750,3.45784,
7751,3.51384,
7752,3.31886,
7753,3.36089,
7754,3.45204,
7755,3.42686,
7756,3.54468,
7757,3.61518,
7758,3.72036,
7759,4.54557,
7760,3.45453,
7761,3.43238,
7762,3.52308,
7763,3.51882,
7764,3.31107,
7765,3.3954,
7766,3.40565,
7767,3.38652,
7768,3.31566,
7769,3.91479,
7770,3.40336,
7771,3.38084,
7772,3.0454,
7773,3.20349,
7774,3.41636,
7775,3.38567,
7776,3.5006,
7777,3.52718,
7778,3.36993,
7779,3.50253,
7780,3.49687,
7781,3.45051,
7782,3.66817,
7783,3.4878,
7784,3.44045,
7785,3.57062,
7786,3.58232,
7787,3.513,
7788,3.40057,
7789,3.48844,
7790,3.43108,
7791,3.4398,
7792,3.34868,
7793,3.13454,
7794,3.48973,
7795,3.32682,
7796,3.14371,
7797,3.25029,
7798,3.30072,
7799,3.39463,
7800,3.36853,
7801,3.28731,
7802,3.38478,
7803,3.10332,
7804,3.30197,
7805,3.13918,
7806,3.37424,
7807,3.25267,
7808,3.2816,
7809,3.43508,
7810,3.30355,
7811,3.32961,
7812,3.30632,
7813,3.28815,
7814,3.14847,
7815,3.31025,
7816,3.31851,
7817,3.07505,
7818,3.20734,
7819,3.13553,
7820,3.27393,
7821,3.26576,
7822,3.24101,
7823,3.19714,
7824,3.27297,
7825,3.32797,
7826,3.05547,
7827,3.40523,
7828,3.25144,
7829,3.23634,
7830,3.21463,
7831,3.44181,
7832,3.56408,
7833,3.53592,
7834,3.2944,
7835,3.2271,
7836,3.58554,
7837,3.38813,
7838,3.38586,
7839,3.29983,
7840,3.17225,
7841,3.26001,
7842,3.41085,
7843,3.13556,
7844,3.02023,
7845,2.84787,
7846,3.10736,
7847,3.24101,
7848,3.37824,
7849,3.33528,
7850,3.34395,
7851,3.22901,
7852,3.09651,
7853,3.12545,
7854,3.2665,
7855,3.40877,
7856,3.23631,
7857,3.2613,
7858,2.94251,
7859,2.95501,
7860,3.39231,
7861,3.08913,
7862,3.27124,
7863,3.05054,
7864,3.16263,
7865,3.04107,
7866,3.07405,
7867,3.03154,
7868,3.11526,
7869,3.05574,
7870,2.96453,
7871,3.10209,
7872,3.28082,
7873,2.97371,
7874,3.21963,
7875,3.31385,
7876,3.62158,
7877,3.58309,
7878,3.55463,
7879,3.54677,
7880,3.57564,
7881,3.62361,
7882,3.43469,
7883,3.14759,
7884,3.39048,
7885,3.23667,
7886,3.24849,
7887,3.47685,
7888,3.34837,
7889,3.37312,
7890,3.32952,
7891,3.2219,
7892,3.21355,
7893,3.38732,
7894,3.39567,
7895,3.34042,
7896,3.34181,
7897,3.24556,
7898,3.08709,
7899,3.55043,
7900,3.21106,
7901,3.23423,
7902,3.3247,
7903,3.40621,
7904,3.23151,
7905,3.5933,
7906,3.43653,
7907,3.69785,
7908,3.47469,
7909,3.55917,
7910,3.48689,
7911,3.42442,
7912,3.47349,
7913,3.36516,
7914,3.37323,
7915,3.37225,
7916,3.41397,
7917,3.3703,
7918,3.21669,
7919,3.34954,
7920,3.21397,
7921,3.25531,
7922,3.06686,
7923,3.17322,
7924,3.11453,
7925,3.19851,
7926,3.2017,
7927,3.08287,
7928,3.1654,
7929,3.15053,
7930,3.29652,
7931,3.24095,
7932,3.22058,
7933,3.54495,
7934,3.56895,
7935,3.54844,
7936,3.47251,
7937,3.53814,
7938,3.51578,
7939,3.45385,
7940,3.53614,
7941,3.46752,
7942,3.42826,
7943,3.55027,
7944,3.42356,
7945,3.37191,
7946,3.1747,
7947,3.34677,
7948,3.36321,
7949,3.49097,
7950,3.37707,
7951,3.24871,
7952,3.29066,
7953,3.24074,
7954,3.25184,
7955,3.41937,
7956,3.45293,
7957,3.2758,
7958,3.19573,
7959,3.29139,
7960,3.53461,
7961,3.45398,
7962,3.52932,
7963,3.38475,
7964,3.55224,
7965,3.41836,
7966,3.53217,
7967,3.63874,
7968,3.3665,
7969,3.27661,
7970,3.29192,
7971,3.5177,
7972,3.44561,
7973,3.33965,
7974,3.40537,
7975,3.36258,
7976,3.5372,
7977,3.44322,
7978,3.55266,
7979,3.20755,
7980,3.28138,
7981,3.12151,
7982,3.21788,
7983,3.28975,
7984,3.21212,
7985,3.217,
7986,3.3687,
7987,3.32191,
7988,3.29004,
7989,3.03629,
7990,3.16914,
7991,3.31656,
7992,3.2824,
7993,3.19516,
7994,3.72575,
7995,3.6238,
7996,3.5972,
7997,3.62771,
7998,3.46009,
7999,3.48319,
8000,3.33324,
8001,3.53446,
8002,3.68251,
8003,3.47394,
8004,3.53303,
8005,3.79164,
8006,3.88165,
8007,3.47315,
8008,3.50613,
8009,3.50756,
8010,3.55071,
8011,3.733,
8012,3.52819,
8013,3.40803,
8014,3.41145,
8015,3.2712,
8016,3.33717,
8017,3.3368,
8018,3.36049,
8019,3.33563,
8020,3.24064,
8021,3.36356,
8022,3.84519,
8023,3.88504,
8024,3.72821,
8025,3.73568,
8026,3.7161,
8027,3.74904,
8028,3.72577,
8029,3.69462,
8030,3.61622,
8031,3.75325,
8032,3.67919,
8033,3.63463,
8034,3.62141,
8035,3.5139,
8036,3.60933,
8037,3.66879,
8038,3.611,
8039,3.53491,
8040,3.45878,
8041,3.54165,
8042,3.71346,
8043,3.59779,
8044,3.53299,
8045,3.47157,
8046,3.46786,
8047,3.38958,
8048,3.56612,
8049,3.41913,
8050,3.491,
8051,3.40281,
8052,3.23432,
8053,3.12099,
8054,3.38259,
8055,3.62739,
8056,3.47785,
8057,3.25053,
8058,3.38671,
8059,3.42307,
8060,3.30509,
8061,3.39123,
8062,3.47267,
8063,3.21903,
8064,3.46008,
8065,3.31159,
8066,3.30317,
8067,3.505,
8068,3.46696,
8069,3.46195,
8070,3.53799,
8071,3.40429,
8072,3.28762,
8073,3.23508,
8074,3.24293,
8075,3.38811,
8076,3.31038,
8077,3.24057,
8078,3.44697,
8079,3.3059,
8080,3.22171,
8081,3.30328,
8082,3.20657,
8083,3.20034,
8084,3.3724,
8085,3.19482,
8086,3.1041,
8087,3.16703,
8088,3.24132,
8089,3.18766,
8090,3.10024,
8091,3.20452,
8092,3.22652,
8093,3.43555,
8094,3.39507,
8095,3.37648,
8096,3.4124,
8097,3.45137,
8098,3.29116,
8099,3.39294,
8100,3.11338,
8101,3.31581,
8102,3.31441,
8103,3.22195,
8104,3.52788,
8105,3.20992,
8106,3.15875,
8107,3.45404,
8108,3.27234,
8109,3.1304,
8110,3.22119,
8111,3.44974,
8112,2.94443,
8113,3.17106,
8114,3.31539,
8115,3.05792,
8116,3.22166,
8117,3.16561,
8118,3.10009,
8119,2.98012,
8120,3.54589,
8121,3.5231,
8122,3.45171,
8123,3.41304,
8124,3.50128,
8125,3.41605,
8126,3.50106,
8127,3.41613,
8128,3.35059,
8129,3.47306,
8130,3.40205,
8131,3.41944,
8132,3.3699,
8133,3.32702,
8134,3.35153,
8135,3.079,
8136,3.20746,
8137,3.28161,
8138,3.38755,
8139,3.3353,
8140,3.0136,
8141,3.23828,
8142,3.23603,
8143,3.14563,
8144,2.90031,
8145,3.05456,
8146,3.17317,
8147,3.11442,
8148,3.14881,
8149,2.96808,
8150,2.92903,
8151,2.9104,
8152,3.14579,
8153,3.21522,
8154,3.9335,
8155,3.64719,
8156,3.5023,
8157,3.40656,
8158,3.58008,
8159,3.6396,
8160,3.38543,
8161,3.53548,
8162,3.40108,
8163,3.37592,
8164,3.28258,
8165,3.59,
8166,3.40447,
8167,3.35111,
8168,3.496,
8169,3.51489,
8170,3.4315,
8171,3.49481,
8172,3.38186,
8173,3.47335,
8174,3.50653,
8175,3.31797,
8176,3.29187,
8177,3.32271,
8178,3.54139,
8179,3.56802,
8180,3.48765,
8181,3.43159,
8182,3.58599,
8183,3.3711,
8184,3.43034,
8185,3.56219,
8186,3.42114,
8187,3.3775,
8188,3.42633,
8189,3.42337,
8190,3.26206,
8191,3.33133,
8192,3.39883,
8193,3.46471,
8194,3.25339,
8195,3.30213,
8196,3.23012,
8197,3.43383,
8198,3.48018,
8199,3.31841,
8200,3.09465,
8201,3.32973,
8202,3.23569,
8203,3.20184,
8204,3.3254,
8205,3.39007,
8206,3.34501,
8207,3.36987,
8208,3.33859,
8209,3.33463,
8210,3.22677,
8211,3.27758,
8212,3.20943,
8213,3.24183,
8214,3.16848,
8215,3.35541,
8216,3.12874,
8217,3.06114,
8218,3.17148,
8219,3.15331,
8220,3.23599,
8221,3.1713,
8222,3.00095,
8223,3.18406,
8224,3.06899,
8225,3.29546,
8226,3.1197,
8227,3.19919,
8228,3.33703,
8229,3.24166,
8230,3.30341,
8231,3.01201,
8232,3.15173,
8233,3.16469,
8234,3.20782,
8235,3.26682,
8236,2.89239,
8237,3.02261,
8238,2.8879,
8239,2.9649,
8240,3.21352,
8241,3.2231,
8242,3.2045,
8243,3.0562,
8244,3.32003,
8245,3.19264,
8246,3.5214,
8247,3.52208,
8248,3.54521,
8249,3.47151,
8250,3.43293,
8251,3.65645,
8252,3.41762,
8253,3.32347,
8254,3.45078,
8255,3.2785,
8256,3.46164,
8257,3.51651,
8258,3.40343,
8259,3.33825,
8260,3.43988,
8261,3.23719,
8262,3.41498,
8263,3.32309,
8264,3.21154,
8265,3.2698,
8266,3.27053,
8267,3.11062,
8268,3.25051,
8269,3.27941,
8270,3.13801,
8271,3.22928,
8272,3.37529,
8273,3.46401,
8274,3.28288,
8275,3.32857,
8276,3.21258,
8277,3.62561,
8278,3.57596,
8279,3.58836,
8280,3.56779,
8281,3.6052,
8282,3.53179,
8283,3.44333,
8284,3.61199,
8285,3.51127,
8286,3.5299,
8287,3.51382,
8288,3.5411,
8289,3.36344,
8290,3.53972,
8291,3.46056,
8292,3.50453,
8293,3.57518,
8294,3.39907,
8295,3.4429,
8296,3.42102,
8297,3.48377,
8298,3.67137,
8299,3.61607,
8300,3.24493,
8301,3.30314,
8302,3.16876,
8303,3.02849,
8304,3.05353,
8305,2.99398,
8306,3.23538,
8307,2.75202,
8308,3.03836,
8309,3.05554,
8310,3.10675,
8311,3.06934,
8312,2.88845,
8313,2.99801,
8314,3.2153,
8315,3.33881,
8316,3.2456,
8317,2.98086,
8318,2.99525,
8319,3.52957,
8320,3.63341,
8321,3.59436,
8322,3.65574,
8323,3.55332,
8324,3.57949,
8325,3.45735,
8326,3.33609,
8327,3.44704,
8328,3.47278,
8329,3.37337,
8330,3.46692,
8331,3.552,
8332,3.57756,
8333,3.39377,
8334,3.33328,
8335,3.18515,
8336,3.32545,
8337,3.25995,
8338,3.26161,
8339,3.12957,
8340,3.09974,
8341,3.04601,
8342,3.27549,
8343,3.22016,
8344,3.16256,
8345,3.53046,
8346,3.44289,
8347,3.49834,
8348,3.43045,
8349,3.53319,
8350,3.49334,
8351,3.35327,
8352,3.38889,
8353,3.15136,
8354,3.1496,
8355,3.11195,
8356,3.33042,
8357,3.49197,
8358,3.32932,
8359,3.0995,
8360,3.06819,
8361,2.92086,
8362,2.87574,
8363,3.00163,
8364,2.95018,
8365,3.20835,
8366,2.972,
8367,2.90878,
8368,2.95,
8369,3.26912,
8370,3.15623,
8371,3.36061,
8372,2.98026,
8373,3.49237,
8374,3.20813,
8375,3.56581,
8376,3.78542,
8377,3.4376,
8378,3.54107,
8379,3.52212,
8380,3.43169,
8381,3.51076,
8382,3.52279,
8383,3.42013,
8384,3.22215,
8385,3.24281,
8386,3.35314,
8387,3.24048,
8388,3.29537,
8389,3.38619,
8390,3.239,
8391,3.32603,
8392,3.09755,
8393,3.44557,
8394,3.38097,
8395,3.09894,
8396,3.09828,
8397,3.31535,
8398,3.05843,
8399,3.04448,
8400,3.06375,
8401,2.95168,
8402,2.90765,
8403,3.01579,
8404,3.68119,
8405,3.64326,
8406,3.76051,
8407,3.69505,
8408,3.69963,
8409,3.6066,
8410,3.3921,
8411,3.50847,
8412,3.40456,
8413,3.5376,
8414,3.72772,
8415,3.55873,
8416,3.50692,
8417,3.41242,
8418,3.3165,
8419,3.59539,
8420,3.5689,
8421,3.64928,
8422,3.39568,
8423,3.63305,
8424,3.33442,
8425,3.39663,
8426,3.41364,
8427,3.46333,
8428,3.39256,
8429,3.3777,
8430,3.29749,
8431,3.24039,
8432,3.38825,
8433,3.21858,
8434,3.21512,
8435,3.32202,
8436,3.36353,
8437,3.29947,
8438,3.24969,
8439,3.28721,
8440,3.1254,
8441,3.26633,
8442,3.18638,
8443,3.18369,
8444,3.27198,
8445,3.03303,
8446,3.06366,
8447,3.29056,
8448,3.22919,
8449,3.70642,
8450,3.6526,
8451,3.60261,
8452,3.70702,
8453,3.60392,
8454,3.57245,
8455,3.48337,
8456,3.51133,
8457,3.36532,
8458,3.33322,
8459,3.29983,
8460,3.30036,
8461,3.50153,
8462,3.44442,
8463,3.3396,
8464,3.61838,
8465,3.53533,
8466,3.08578,
8467,3.21942,
8468,3.26488,
8469,3.2144,
8470,3.36241,
8471,3.43516,
8472,3.39187,
8473,3.49117,
8474,3.57719,
8475,3.57608,
8476,3.0857,
8477,3.20824,
8478,3.40232,
8479,3.42762,
8480,3.5415,
8481,3.53781,
8482,3.57856,
8483,3.50278,
8484,3.54682,
8485,3.36292,
8486,3.32252,
8487,3.52406,
8488,3.15859,
8489,3.45292,
8490,3.47184,
8491,3.41865,
8492,3.36919,
8493,3.34022,
8494,3.58964,
8495,3.41446,
8496,3.57224,
8497,3.48501,
8498,3.53078,
8499,3.50068,
8500,3.60975,
8501,3.3395,
8502,3.40356,
8503,3.30684,
8504,3.26917,
8505,3.26807,
8506,3.19974,
8507,3.28043,
8508,3.31468,
8509,3.43798,
8510,3.0531,
8511,3.26351,
8512,3.51364,
8513,3.40759,
8514,3.38176,
8515,3.31285,
8516,3.45105,
8517,3.19772,
8518,3.40781,
8519,2.8138,
8520,3.622,
8521,3.53901,
8522,3.62625,
8523,3.78156,
8524,3.91856,
8525,3.55359,
8526,3.61183,
8527,3.49663,
8528,3.66714,
8529,3.62687,
8530,3.54103,
8531,3.50182,
8532,3.34151,
8533,3.36673,
8534,3.46667,
8535,3.55335,
8536,3.32555,
8537,3.53948,
8538,3.58815,
8539,3.46853,
8540,3.44416,
8541,3.44283,
8542,3.4944,
8543,3.57202,
8544,3.46389,
8545,3.43174,
8546,3.41998,
8547,3.36949,
8548,3.51893,
8549,3.52836,
8550,3.33649,
8551,3.4258,
8552,3.33795,
8553,3.23882,
8554,3.17016,
8555,2.9829,
8556,3.3952,
8557,3.46787,
8558,3.15042,
8559,3.24328,
8560,3.363,
8561,3.18567,
8562,3.12848,
8563,3.18826,
8564,3.11434,
8565,3.27794,
8566,3.12047,
8567,3.21084,
8568,3.37069,
8569,3.18893,
8570,3.45855,
8571,3.51789,
8572,3.39913,
8573,3.32722,
8574,3.3238,
8575,3.55042,
8576,3.39877,
8577,3.38632,
8578,3.3771,
8579,3.49741,
8580,3.27069,
8581,3.06307,
8582,3.29107,
8583,3.26124,
8584,3.31465,
8585,3.27418,
8586,2.95815,
8587,3.37524,
8588,3.36208,
8589,3.35812,
8590,3.23991,
8591,3.18014,
8592,3.40155,
8593,3.19821,
8594,2.98514,
8595,3.28143,
8596,3.26042,
8597,3.53025,
8598,3.2759,
8599,3.15167,
8600,3.2517,
8601,3.21687,
8602,3.15313,
8603,3.20064,
8604,3.3071,
8605,3.54876,
8606,3.43423,
8607,3.57365,
8608,3.38957,
8609,3.33962,
8610,3.2282,
8611,3.47447,
8612,3.45374,
8613,3.45957,
8614,3.40753,
8615,3.57323,
8616,3.36277,
8617,3.42955,
8618,3.30679,
8619,3.20392,
8620,3.43139,
8621,3.36581,
8622,3.522,
8623,3.45969,
8624,3.02113,
8625,3.10732,
8626,3.30876,
8627,3.15497,
8628,3.27184,
8629,3.10433,
8630,3.24433,
8631,3.47307,
8632,3.64257,
8633,3.34888,
8634,3.46264,
8635,3.50518,
8636,3.51401,
8637,3.45917,
8638,3.48217,
8639,3.49212,
8640,3.51064,
8641,3.40618,
8642,3.49301,
8643,3.42937,
8644,3.33266,
8645,3.40917,
8646,3.02667,
8647,3.2235,
8648,3.3506,
8649,3.27696,
8650,3.34972,
8651,3.13824,
8652,3.1831,
8653,3.35139,
8654,3.10546,
8655,3.27445,
8656,3.17466,
8657,3.09748,
8658,3.30638,
8659,3.05197,
8660,3.06536,
8661,3.10067,
8662,3.24522,
8663,3.1125,
8664,3.33326,
8665,3.3425,
8666,3.2831,
8667,3.13738,
8668,3.21319,
8669,3.3021,
8670,3.30561,
8671,3.1753,
8672,3.50622,
8673,3.44061,
8674,3.3344,
8675,3.47501,
8676,3.37578,
8677,3.22002,
8678,3.35684,
8679,3.28066,
8680,3.39295,
8681,3.36896,
8682,3.48363,
8683,3.59138,
8684,3.43583,
8685,3.34537,
8686,3.3568,
8687,3.20848,
8688,3.30708,
8689,3.29348,
8690,3.3015,
8691,3.20395,
8692,3.36408,
8693,3.28308,
8694,3.41776,
8695,3.19864,
8696,3.32961,
8697,3.44842,
8698,3.5202,
8699,3.52601,
8700,3.27933,
8701,3.08173,
8702,3.33862,
8703,3.03879,
8704,3.32405,
8705,3.60639,
8706,3.57054,
8707,3.52555,
8708,3.55597,
8709,3.32226,
8710,3.5514,
8711,3.40958,
8712,3.38188,
8713,3.3355,
8714,3.60734,
8715,3.33632,
8716,3.4741,
8717,3.1898,
8718,3.5565,
8719,3.48146,
8720,3.68723,
8721,3.40874,
8722,3.36116,
8723,3.45049,
8724,3.21232,
8725,3.41549,
8726,3.18845,
8727,3.28661,
8728,3.22503,
8729,3.48131,
8730,3.45914,
8731,3.02488,
8732,3.3074,
8733,3.31667,
8734,3.3904,
8735,3.3551,
8736,3.54783,
8737,3.44715,
8738,3.27522,
8739,3.35657,
8740,3.41563,
8741,3.26832,
8742,3.12047,
8743,3.13733,
8744,3.63716,
8745,3.64559,
8746,3.58507,
8747,3.52696,
8748,3.4362,
8749,3.50552,
8750,3.38713,
8751,3.52893,
8752,3.3397,
8753,3.44883,
8754,3.46664,
8755,3.39792,
8756,3.32512,
8757,3.43007,
8758,3.35673,
8759,3.27546,
8760,3.51016,
8761,3.52737,
8762,3.34813,
8763,3.61838,
8764,3.46652,
8765,3.25942,
8766,3.18689,
8767,3.46554,
8768,3.4083,
8769,3.34207,
8770,3.30713,
8771,3.43296,
8772,3.24947,
8773,3.20502,
8774,3.31697,
8775,3.24829,
8776,3.36999,
8777,3.42723,
8778,3.44098,
8779,3.31742,
8780,3.34757,
8781,3.27004,
8782,3.45597,
8783,3.44891,
8784,3.08931,
8785,3.24972,
8786,3.24015,
8787,3.3576,
8788,3.42308,
8789,3.39114,
8790,3.16404,
8791,3.31875,
8792,3.39887,
8793,3.11061,
8794,3.14803,
8795,3.44572,
8796,3.37759,
8797,3.44624,
8798,3.27936,
8799,3.23871,
8800,3.35266,
8801,3.33715,
8802,3.21275,
8803,3.47095,
8804,3.39093,
8805,3.1145,
8806,3.23964,
8807,3.15386,
8808,3.29649,
8809,3.10996,
8810,3.34207,
8811,3.48107,
8812,3.3728,
8813,3.5074,
8814,3.48267,
8815,3.43719,
8816,3.48816,
8817,3.28871,
8818,3.32793,
8819,3.40692,
8820,3.40153,
8821,3.4943,
8822,3.57865,
8823,3.69232,
8824,4.52935,
8825,3.42961,
8826,3.3775,
8827,3.47675,
8828,3.48693,
8829,3.26815,
8830,3.37068,
8831,3.36318,
8832,3.35888,
8833,3.27795,
8834,3.89446,
8835,3.35577,
8836,3.36392,
8837,3.00402,
8838,3.17404,
8839,3.37048,
8840,3.35688,
8841,3.47501,
8842,3.51227,
8843,3.3273,
8844,3.46612,
8845,3.45036,
8846,3.39403,
8847,3.64443,
8848,3.45532,
8849,3.39194,
8850,3.53284,
8851,3.54182,
8852,3.47606,
8853,3.35089,
8854,3.43671,
8855,3.38214,
8856,3.38931,
8857,3.30011,
8858,3.09573,
8859,3.44703,
8860,3.28714,
8861,3.11016,
8862,3.20504,
8863,3.26332,
8864,3.36929,
8865,3.32284,
8866,3.2466,
8867,3.34713,
8868,3.07426,
8869,3.24996,
8870,3.09082,
8871,3.33662,
8872,3.21932,
8873,3.24081,
8874,3.37961,
8875,3.26102,
8876,3.27943,
8877,3.27884,
8878,3.25293,
8879,3.11489,
8880,3.27364,
8881,3.27813,
8882,3.02122,
8883,3.15703,
8884,3.09881,
8885,3.24761,
8886,3.24018,
8887,3.19713,
8888,3.16732,
8889,3.23517,
8890,3.2918,
8891,3.01998,
8892,3.36842,
8893,3.20749,
8894,3.2076,
8895,3.18328,
8896,3.41116,
8897,3.52758,
8898,3.51639,
8899,3.26257,
8900,3.2094,
8901,3.56438,
8902,3.34147,
8903,3.36432,
8904,3.26423,
8905,3.13363,
8906,3.22045,
8907,3.3685,
8908,3.09416,
8909,2.97708,
8910,2.81282,
8911,3.07988,
8912,3.20078,
8913,3.34541,
8914,3.29264,
8915,3.31561,
8916,3.19576,
8917,3.05822,
8918,3.0998,
8919,3.23618,
8920,3.37612,
8921,3.20112,
8922,3.22698,
8923,2.8835,
8924,2.90292,
8925,3.3721,
8926,3.04005,
8927,3.24492,
8928,3.02216,
8929,3.11929,
8930,3.00663,
8931,3.05188,
8932,3.00491,
8933,3.07028,
8934,3.02044,
8935,2.92375,
8936,3.06874,
8937,3.24587,
8938,2.95456,
8939,3.18777,
8940,3.27544,
8941,3.59483,
8942,3.53967,
8943,3.52766,
8944,3.50838,
8945,3.55764,
8946,3.58883,
8947,3.39791,
8948,3.10444,
8949,3.36858,
8950,3.19762,
8951,3.21183,
8952,3.44979,
8953,3.31136,
8954,3.33559,
8955,3.27918,
8956,3.17912,
8957,3.16651,
8958,3.33355,
8959,3.35787,
8960,3.2886,
8961,3.30295,
8962,3.21851,
8963,3.04382,
8964,3.51026,
8965,3.17152,
8966,3.19978,
8967,3.29036,
8968,3.3642,
8969,3.19368,
8970,3.56892,
8971,3.40293,
8972,3.65489,
8973,3.44504,
8974,3.53407,
8975,3.44905,
8976,3.37587,
8977,3.44854,
8978,3.33522,
8979,3.33971,
8980,3.32997,
8981,3.36136,
8982,3.33992,
8983,3.18553,
8984,3.30689,
8985,3.19061,
8986,3.21843,
8987,3.02123,
8988,3.12779,
8989,3.06594,
8990,3.1705,
8991,3.18469,
8992,3.04837,
8993,3.13502,
8994,3.10977,
8995,3.26188,
8996,3.21119,
8997,3.17663,
8998,3.49762,
8999,3.51674,
9000,3.49862,
9001,3.43414,
9002,3.48825,
9003,3.48219,
9004,3.42823,
9005,3.49482,
9006,3.41527,
9007,3.39418,
9008,3.50058,
9009,3.37527,
9010,3.3286,
9011,3.12303,
9012,3.31203,
9013,3.32467,
9014,3.45024,
9015,3.3291,
9016,3.18877,
9017,3.25953,
9018,3.20133,
9019,3.21914,
9020,3.38486,
9021,3.43009,
9022,3.23937,
9023,3.16628,
9024,3.26178,
9025,3.49827,
9026,3.42876,
9027,3.51077,
9028,3.34188,
9029,3.51675,
9030,3.38013,
9031,3.49662,
9032,3.60251,
9033,3.32534,
9034,3.23243,
9035,3.24782,
9036,3.46888,
9037,3.40706,
9038,3.29311,
9039,3.36993,
9040,3.32605,
9041,3.49719,
9042,3.41859,
9043,3.53133,
9044,3.16713,
9045,3.24931,
9046,3.08785,
9047,3.18682,
9048,3.26373,
9049,3.18275,
9050,3.1863,
9051,3.33587,
9052,3.28674,
9053,3.26073,
9054,2.99862,
9055,3.13219,
9056,3.27343,
9057,3.24045,
9058,3.1566,
9059,3.68615,
9060,3.59512,
9061,3.54625,
9062,3.56239,
9063,3.41558,
9064,3.44284,
9065,3.27914,
9066,3.4726,
9067,3.64732,
9068,3.43914,
9069,3.50335,
9070,3.74675,
9071,3.81954,
9072,3.41236,
9073,3.45784,
9074,3.48353,
9075,3.51992,
9076,3.69358,
9077,3.48872,
9078,3.37266,
9079,3.35332,
9080,3.23168,
9081,3.3057,
9082,3.29329,
9083,3.32713,
9084,3.28767,
9085,3.20134,
9086,3.33155,
9087,3.82923,
9088,3.8582,
9089,3.70175,
9090,3.69801,
9091,3.68268,
9092,3.72344,
9093,3.6893,
9094,3.66469,
9095,3.59754,
9096,3.71113,
9097,3.64721,
9098,3.60801,
9099,3.58965,
9100,3.48816,
9101,3.59695,
9102,3.64683,
9103,3.59678,
9104,3.50485,
9105,3.43911,
9106,3.5014,
9107,3.67928,
9108,3.54375,
9109,3.48646,
9110,3.43086,
9111,3.43178,
9112,3.34226,
9113,3.52607,
9114,3.38243,
9115,3.44465,
9116,3.37376,
9117,3.2137,
9118,3.09043,
9119,3.36298,
9120,3.59431,
9121,3.43662,
9122,3.21,
9123,3.35454,
9124,3.40239,
9125,3.26343,
9126,3.35799,
9127,3.44441,
9128,3.18567,
9129,3.42418,
9130,3.27979,
9131,3.24965,
9132,3.48031,
9133,3.42352,
9134,3.41803,
9135,3.48151,
9136,3.35429,
9137,3.24164,
9138,3.19664,
9139,3.20718,
9140,3.35546,
9141,3.2807,
9142,3.18783,
9143,3.39775,
9144,3.26084,
9145,3.18634,
9146,3.27157,
9147,3.15371,
9148,3.14472,
9149,3.33474,
9150,3.15546,
9151,3.07137,
9152,3.13684,
9153,3.2073,
9154,3.1511,
9155,3.05478,
9156,3.17307,
9157,3.18228,
9158,3.38022,
9159,3.33504,
9160,3.3281,
9161,3.36456,
9162,3.3981,
9163,3.24904,
9164,3.34848,
9165,3.08023,
9166,3.27849,
9167,3.26371,
9168,3.18278,
9169,3.47987,
9170,3.16583,
9171,3.13424,
9172,3.41499,
9173,3.23398,
9174,3.08048,
9175,3.18831,
9176,3.42253,
9177,2.91218,
9178,3.13118,
9179,3.28394,
9180,3.01443,
9181,3.20561,
9182,3.13813,
9183,3.06457,
9184,2.93824,
9185,3.50901,
9186,3.47446,
9187,3.42427,
9188,3.376,
9189,3.46786,
9190,3.37056,
9191,3.46514,
9192,3.36774,
9193,3.30432,
9194,3.43783,
9195,3.34925,
9196,3.36405,
9197,3.31858,
9198,3.29748,
9199,3.32487,
9200,3.05349,
9201,3.16297,
9202,3.24154,
9203,3.34076,
9204,3.28959,
9205,2.97364,
9206,3.20981,
9207,3.19791,
9208,3.10371,
9209,2.87088,
9210,3.04272,
9211,3.12731,
9212,3.07802,
9213,3.10416,
9214,2.91608,
9215,2.89201,
9216,2.88936,
9217,3.10901,
9218,3.16646,
9219,3.88993,
9220,3.62223,
9221,3.48237,
9222,3.37791,
9223,3.54402,
9224,3.60167,
9225,3.34508,
9226,3.50137,
9227,3.35879,
9228,3.33755,
9229,3.24502,
9230,3.55694,
9231,3.38595,
9232,3.30703,
9233,3.45249,
9234,3.46579,
9235,3.39957,
9236,3.46188,
9237,3.32603,
9238,3.4283,
9239,3.46973,
9240,3.26534,
9241,3.24074,
9242,3.29484,
9243,3.49317,
9244,3.54139,
9245,3.4534,
9246,3.36829,
9247,3.54842,
9248,3.33602,
9249,3.38481,
9250,3.53253,
9251,3.39366,
9252,3.35009,
9253,3.39889,
9254,3.39738,
9255,3.229,
9256,3.31332,
9257,3.34603,
9258,3.43679,
9259,3.20533,
9260,3.27064,
9261,3.20348,
9262,3.38632,
9263,3.44098,
9264,3.28928,
9265,3.06532,
9266,3.29612,
9267,3.19106,
9268,3.16155,
9269,3.30286,
9270,3.36355,
9271,3.31743,
9272,3.34727,
9273,3.30878,
9274,3.3038,
9275,3.18047,
9276,3.23979,
9277,3.16818,
9278,3.20795,
9279,3.13055,
9280,3.33451,
9281,3.07859,
9282,3.0163,
9283,3.11956,
9284,3.10434,
9285,3.19704,
9286,3.1461,
9287,2.97802,
9288,3.14354,
9289,3.02001,
9290,3.2549,
9291,3.07758,
9292,3.15098,
9293,3.29804,
9294,3.21618,
9295,3.25745,
9296,2.98033,
9297,3.10943,
9298,3.11546,
9299,3.16623,
9300,3.25276,
9301,2.85699,
9302,2.98568,
9303,2.8602,
9304,2.91616,
9305,3.18681,
9306,3.20187,
9307,3.1599,
9308,3.01989,
9309,3.29597,
9310,3.17105,
9311,3.48921,
9312,3.47228,
9313,3.49289,
9314,3.42497,
9315,3.39093,
9316,3.63103,
9317,3.37033,
9318,3.27847,
9319,3.42573,
9320,3.26194,
9321,3.42629,
9322,3.47967,
9323,3.35737,
9324,3.30781,
9325,3.39375,
9326,3.20092,
9327,3.37235,
9328,3.29153,
9329,3.17667,
9330,3.22672,
9331,3.22725,
9332,3.07125,
9333,3.22434,
9334,3.26369,
9335,3.10553,
9336,3.18661,
9337,3.33826,
9338,3.4317,
9339,3.2513,
9340,3.28695,
9341,3.15672,
9342,3.58821,
9343,3.55213,
9344,3.56044,
9345,3.53745,
9346,3.58241,
9347,3.50082,
9348,3.4137,
9349,3.57918,
9350,3.47399,
9351,3.49159,
9352,3.48764,
9353,3.52104,
9354,3.34043,
9355,3.51339,
9356,3.45705,
9357,3.46668,
9358,3.54702,
9359,3.37527,
9360,3.41674,
9361,3.40015,
9362,3.46266,
9363,3.62073,
9364,3.5693,
9365,3.18782,
9366,3.24951,
9367,3.11636,
9368,2.96942,
9369,3.00227,
9370,2.93696,
9371,3.199,
9372,2.71381,
9373,2.99588,
9374,3.0141,
9375,3.06983,
9376,3.04815,
9377,2.84537,
9378,2.95199,
9379,3.17216,
9380,3.30077,
9381,3.2175,
9382,2.95535,
9383,2.96944,
9384,3.48774,
9385,3.59823,
9386,3.55172,
9387,3.62069,
9388,3.52365,
9389,3.53371,
9390,3.437,
9391,3.27089,
9392,3.38578,
9393,3.41771,
9394,3.34161,
9395,3.42386,
9396,3.51309,
9397,3.54676,
9398,3.35852,
9399,3.30124,
9400,3.14937,
9401,3.27873,
9402,3.23908,
9403,3.22609,
9404,3.09252,
9405,3.0572,
9406,3.00315,
9407,3.24204,
9408,3.1906,
9409,3.11909,
9410,3.47324,
9411,3.39639,
9412,3.46128,
9413,3.40194,
9414,3.50267,
9415,3.44958,
9416,3.311,
9417,3.3545,
9418,3.10957,
9419,3.10529,
9420,3.09421,
9421,3.3164,
9422,3.44536,
9423,3.29208,
9424,3.05079,
9425,3.02736,
9426,2.89915,
9427,2.82482,
9428,2.93755,
9429,2.92864,
9430,3.17203,
9431,2.93089,
9432,2.88232,
9433,2.90587,
9434,3.23929,
9435,3.13308,
9436,3.32632,
9437,2.95711,
9438,3.45573,
9439,3.18115,
9440,3.53069,
9441,3.75333,
9442,3.39729,
9443,3.49971,
9444,3.4847,
9445,3.38097,
9446,3.48049,
9447,3.47882,
9448,3.35991,
9449,3.17431,
9450,3.20163,
9451,3.31095,
9452,3.19569,
9453,3.26021,
9454,3.35074,
9455,3.18784,
9456,3.27738,
9457,3.0675,
9458,3.41736,
9459,3.35853,
9460,3.06088,
9461,3.06173,
9462,3.28459,
9463,3.01551,
9464,2.98764,
9465,3.0228,
9466,2.9028,
9467,2.87822,
9468,2.97958,
9469,3.63672,
9470,3.58395,
9471,3.72422,
9472,3.64895,
9473,3.65457,
9474,3.55076,
9475,3.33964,
9476,3.44695,
9477,3.34765,
9478,3.48571,
9479,3.6939,
9480,3.51739,
9481,3.47857,
9482,3.37931,
9483,3.28254,
9484,3.57289,
9485,3.5384,
9486,3.6065,
9487,3.3491,
9488,3.59117,
9489,3.29829,
9490,3.35252,
9491,3.3687,
9492,3.42547,
9493,3.36011,
9494,3.34444,
9495,3.25603,
9496,3.17925,
9497,3.35791,
9498,3.17335,
9499,3.17165,
9500,3.30117,
9501,3.31172,
9502,3.27127,
9503,3.20337,
9504,3.23788,
9505,3.10038,
9506,3.24607,
9507,3.14131,
9508,3.15153,
9509,3.22681,
9510,2.98992,
9511,3.02697,
9512,3.25786,
9513,3.18944,
9514,3.65758,
9515,3.61513,
9516,3.55935,
9517,3.657,
9518,3.56778,
9519,3.54015,
9520,3.43705,
9521,3.46349,
9522,3.28759,
9523,3.28887,
9524,3.23892,
9525,3.25017,
9526,3.46382,
9527,3.39941,
9528,3.29227,
9529,3.56335,
9530,3.48909,
9531,3.06171,
9532,3.18372,
9533,3.23837,
9534,3.18259,
9535,3.31118,
9536,3.39738,
9537,3.36171,
9538,3.45839,
9539,3.56018,
9540,3.54955,
9541,3.03609,
9542,3.17581,
9543,3.3746,
9544,3.38862,
9545,3.51668,
9546,3.50995,
9547,3.56269,
9548,3.48378,
9549,3.50795,
9550,3.32633,
9551,3.29638,
9552,3.48522,
9553,3.13931,
9554,3.42445,
9555,3.43867,
9556,3.38334,
9557,3.34174,
9558,3.32894,
9559,3.56739,
9560,3.38354,
9561,3.53549,
9562,3.44409,
9563,3.5003,
9564,3.47436,
9565,3.57155,
9566,3.29879,
9567,3.37769,
9568,3.27764,
9569,3.23756,
9570,3.23116,
9571,3.16029,
9572,3.25062,
9573,3.27383,
9574,3.39756,
9575,3.01382,
9576,3.23424,
9577,3.46804,
9578,3.36396,
9579,3.34469,
9580,3.2764,
9581,3.41428,
9582,3.1605,
9583,3.37389,
9584,2.76325,
9585,3.56495,
9586,3.50355,
9587,3.58531,
9588,3.72418,
9589,3.87762,
9590,3.52404,
9591,3.56893,
9592,3.4489,
9593,3.62082,
9594,3.58436,
9595,3.49487,
9596,3.47012,
9597,3.31249,
9598,3.34252,
9599,3.41254,
9600,3.51604,
9601,3.2814,
9602,3.51507,
9603,3.5743,
9604,3.42381,
9605,3.40472,
9606,3.3973,
9607,3.45043,
9608,3.52436,
9609,3.43661,
9610,3.39422,
9611,3.38916,
9612,3.32851,
9613,3.48278,
9614,3.48709,
9615,3.28749,
9616,3.38755,
9617,3.289,
9618,3.18344,
9619,3.11853,
9620,2.95503,
9621,3.35512,
9622,3.43718,
9623,3.09989,
9624,3.21774,
9625,3.34312,
9626,3.16249,
9627,3.09197,
9628,3.16906,
9629,3.09303,
9630,3.25037,
9631,3.09061,
9632,3.17737,
9633,3.33328,
9634,3.15113,
9635,3.42399,
9636,3.4772,
9637,3.34532,
9638,3.26286,
9639,3.27565,
9640,3.50481,
9641,3.34702,
9642,3.33661,
9643,3.3299,
9644,3.45811,
9645,3.22895,
9646,3.00799,
9647,3.25097,
9648,3.20855,
9649,3.28713,
9650,3.235,
9651,2.91728,
9652,3.33736,
9653,3.34204,
9654,3.32013,
9655,3.21741,
9656,3.155,
9657,3.37002,
9658,3.17922,
9659,2.949,
9660,3.25822,
9661,3.23399,
9662,3.49695,
9663,3.24054,
9664,3.11465,
9665,3.2128,
9666,3.19267,
9667,3.12239,
9668,3.17589,
9669,3.28514,
9670,3.51469,
9671,3.3919,
9672,3.53736,
9673,3.33719,
9674,3.2887,
9675,3.17855,
9676,3.44476,
9677,3.41253,
9678,3.42372,
9679,3.35263,
9680,3.54126,
9681,3.32001,
9682,3.36747,
9683,3.26678,
9684,3.15275,
9685,3.39243,
9686,3.33022,
9687,3.49007,
9688,3.40044,
9689,2.98609,
9690,3.06694,
9691,3.26078,
9692,3.11521,
9693,3.22504,
9694,3.03479,
9695,3.2022,
9696,3.43159,
9697,3.59342,
9698,3.32081,
9699,3.43808,
9700,3.46647,
9701,3.45811,
9702,3.39954,
9703,3.43974,
9704,3.44511,
9705,3.49529,
9706,3.36967,
9707,3.44105,
9708,3.40409,
9709,3.28736,
9710,3.37851,
9711,2.99211,
9712,3.19047,
9713,3.30694,
9714,3.23066,
9715,3.30877,
9716,3.09325,
9717,3.14575,
9718,3.3158,
9719,3.06121,
9720,3.23655,
9721,3.1324,
9722,3.0546,
9723,3.27191,
9724,3.00941,
9725,3.03689,
9726,3.06801,
9727,3.20898,
9728,3.08394,
9729,3.29485,
9730,3.31829,
9731,3.24486,
9732,3.09686,
9733,3.17039,
9734,3.27384,
9735,3.26821,
9736,3.13628,
9737,3.4832,
9738,3.40499,
9739,3.32034,
9740,3.44057,
9741,3.32726,
9742,3.20254,
9743,3.3183,
9744,3.24933,
9745,3.33605,
9746,3.33243,
9747,3.45438,
9748,3.56696,
9749,3.41289,
9750,3.31233,
9751,3.33251,
9752,3.17123,
9753,3.26629,
9754,3.23324,
9755,3.25331,
9756,3.15702,
9757,3.29567,
9758,3.23934,
9759,3.3844,
9760,3.15885,
9761,3.28787,
9762,3.4017,
9763,3.49715,
9764,3.48051,
9765,3.22481,
9766,3.04938,
9767,3.31267,
9768,2.99823,
9769,3.29827,
9770,3.56831,
9771,3.51576,
9772,3.49425,
9773,3.51693,
9774,3.26748,
9775,3.51861,
9776,3.37347,
9777,3.34425,
9778,3.29607,
9779,3.57551,
9780,3.28579,
9781,3.4429,
9782,3.12979,
9783,3.51188,
9784,3.44905,
9785,3.6604,
9786,3.35293,
9787,3.33444,
9788,3.42147,
9789,3.18536,
9790,3.39408,
9791,3.14279,
9792,3.23796,
9793,3.19801,
9794,3.44602,
9795,3.43002,
9796,2.99177,
9797,3.29936,
9798,3.26729,
9799,3.35853,
9800,3.33422,
9801,3.52663,
9802,3.42036,
9803,3.23982,
9804,3.33729,
9805,3.39335,
9806,3.24483,
9807,3.09745,
9808,3.1075,
9809,3.59515,
9810,3.62183,
9811,3.55215,
9812,3.49288,
9813,3.41409,
9814,3.46119,
9815,3.34349,
9816,3.50677,
9817,3.3093,
9818,3.42178,
9819,3.43267,
9820,3.37336,
9821,3.30012,
9822,3.39503,
9823,3.32405,
9824,3.25204,
9825,3.48927,
9826,3.49689,
9827,3.30379,
9828,3.57734,
9829,3.42983,
9830,3.22424,
9831,3.15393,
9832,3.42575,
9833,3.38002,
9834,3.29866,
9835,3.28577,
9836,3.41792,
9837,3.22872,
9838,3.17404,
9839,3.301,
9840,3.21109,
9841,3.32515,
9842,3.39157,
9843,3.40402,
9844,3.28155,
9845,3.29775,
9846,3.23018,
9847,3.4009,
9848,3.42401,
9849,3.04438,
9850,3.21237,
9851,3.21335,
9852,3.33583,
9853,3.38873,
9854,3.36897,
9855,3.13329,
9856,3.29447,
9857,3.3717,
9858,3.08177,
9859,3.10957,
9860,3.41725,
9861,3.33743,
9862,3.41121,
9863,3.23643,
9864,3.19291,
9865,3.32455,
9866,3.31349,
9867,3.18246,
9868,3.43772,
9869,3.35795,
9870,3.07413,
9871,3.19181,
9872,3.11474,
9873,3.25923,
9874,3.08141,
9875,3.30913,
9876,3.46,
9877,3.33182,
9878,3.46006,
9879,3.46134,
9880,3.40659,
9881,3.45935,
9882,3.2405,
9883,3.31503,
9884,3.38129,
9885,3.3789,
9886,3.46766,
9887,3.55047,
9888,3.65757,
9889,4.51257,
9890,3.38834,
9891,3.34495,
9892,3.4463,
9893,3.44771,
9894,3.24303,
9895,3.33377,
9896,3.33002,
9897,3.3286,
9898,3.25008,
9899,3.85204,
9900,3.3321,
9901,3.32584,
9902,2.95629,
9903,3.14415,
9904,3.334,
9905,3.32355,
9906,3.44551,
9907,3.48468,
9908,3.30262,
9909,3.42673,
9910,3.42054,
9911,3.35087,
9912,3.60501,
9913,3.41975,
9914,3.3419,
9915,3.49216,
9916,3.50402,
9917,3.42028,
9918,3.29508,
9919,3.37892,
9920,3.33178,
9921,3.34295,
9922,3.26644,
9923,3.05887,
9924,3.41315,
9925,3.24373,
9926,3.07283,
9927,3.17555,
9928,3.22535,
9929,3.33089,
9930,3.28712,
9931,3.1927,
9932,3.3247,
9933,3.04255,
9934,3.21521,
9935,3.02189,
9936,3.31443,
9937,3.17957,
9938,3.21151,
9939,3.34637,
9940,3.2282,
9941,3.23941,
9942,3.23685,
9943,3.22313,
9944,3.08257,
9945,3.25385,
9946,3.25271,
9947,2.98749,
9948,3.1145,
9949,3.05546,
9950,3.22399,
9951,3.20078,
9952,3.17332,
9953,3.15006,
9954,3.21177,
9955,3.26579,
9956,2.99263,
9957,3.34578,
9958,3.17488,
9959,3.1878,
9960,3.16119,
9961,3.38982,
9962,3.49443,
9963,3.48987,
9964,3.23539,
9965,3.16042,
9966,3.51832,
9967,3.31884,
9968,3.32891,
9969,3.24141,
9970,3.1121,
9971,3.19354,
9972,3.33409,
9973,3.05723,
9974,2.95117,
9975,2.79733,
9976,3.04891,
9977,3.18797,
9978,3.31231,
9979,3.26328,
9980,3.28415,
9981,3.15994,
9982,3.02687,
9983,3.06897,
9984,3.21633,
9985,3.35687,
9986,3.16697,
9987,3.19044,
9988,2.83828,
9989,2.86698,
9990,3.33138,
9991,3.01149,
9992,3.21146,
9993,2.99244,
9994,3.09152,
9995,2.98003,
9996,3.01758,
9997,2.95803,
9998,3.03099,
9999,2.98188,
10000,2.90667,
10001,3.0436,
10002,3.23029,
10003,2.91794,
10004,3.16026,
10005,3.24007,
10006,3.56144,
10007,3.51365,
10008,3.5031,
10009,3.4802,
10010,3.53059,
10011,3.55867,
10012,3.36238,
10013,3.0712,
10014,3.34464,
10015,3.1672,
10016,3.17592,
10017,3.41248,
10018,3.29531,
10019,3.30739,
10020,3.24804,
10021,3.15732,
10022,3.1365,
10023,3.30012,
10024,3.33873,
10025,3.26518,
10026,3.28308,
10027,3.18513,
10028,3.01186,
10029,3.50305,
10030,3.13725,
10031,3.14575,
10032,3.24337,
10033,3.32966,
10034,3.15357,
10035,3.53109,
10036,3.38345,
10037,3.61754,
10038,3.40109,
10039,3.50543,
10040,3.41292,
10041,3.33661,
10042,3.38813,
10043,3.30666,
10044,3.30676,
10045,3.29518,
10046,3.33883,
10047,3.31327,
10048,3.14392,
10049,3.29223,
10050,3.1618,
10051,3.19603,
10052,3.00115,
10053,3.09492,
10054,3.04336,
10055,3.14605,
10056,3.15958,
10057,3.01861,
10058,3.09948,
10059,3.07846,
10060,3.23125,
10061,3.17986,
10062,3.15537,
10063,3.44791,
10064,3.46511,
10065,3.44754,
10066,3.40572,
10067,3.45242,
10068,3.4544,
10069,3.38147,
10070,3.451,
10071,3.38357,
10072,3.372,
10073,3.46873,
10074,3.3457,
10075,3.3038,
10076,3.10206,
10077,3.28116,
10078,3.28342,
10079,3.40841,
10080,3.29988,
10081,3.16587,
10082,3.24659,
10083,3.16243,
10084,3.19097,
10085,3.35914,
10086,3.39845,
10087,3.20647,
10088,3.1372,
10089,3.24201,
10090,3.48283,
10091,3.3896,
10092,3.47681,
10093,3.30131,
10094,3.48959,
10095,3.35737,
10096,3.44973,
10097,3.57909,
10098,3.29163,
10099,3.19603,
10100,3.20409,
10101,3.44096,
10102,3.37192,
10103,3.25763,
10104,3.33866,
10105,3.28194,
10106,3.46012,
10107,3.38523,
10108,3.50872,
10109,3.14613,
10110,3.22094,
10111,3.04037,
10112,3.16819,
10113,3.22158,
10114,3.1652,
10115,3.15427,
10116,3.31173,
10117,3.2627,
10118,3.23122,
10119,2.97898,
10120,3.10468,
10121,3.23255,
10122,3.21109,
10123,3.12048,
10124,3.65641,
10125,3.56605,
10126,3.51482,
10127,3.50159,
10128,3.36489,
10129,3.41962,
10130,3.24229,
10131,3.44926,
10132,3.61446,
10133,3.40734,
10134,3.47319,
10135,3.71748,
10136,3.7937,
10137,3.37625,
10138,3.41865,
10139,3.45902,
10140,3.50844,
10141,3.65805,
10142,3.43022,
10143,3.34088,
10144,3.32427,
10145,3.21176,
10146,3.28006,
10147,3.27344,
10148,3.29824,
10149,3.24118,
10150,3.16539,
10151,3.30173,
10152,3.81116,
10153,3.83572,
10154,3.67725,
10155,3.67882,
10156,3.66326,
10157,3.69439,
10158,3.66603,
10159,3.63801,
10160,3.58538,
10161,3.67771,
10162,3.63295,
10163,3.578,
10164,3.57774,
10165,3.46745,
10166,3.56909,
10167,3.63374,
10168,3.57625,
10169,3.48184,
10170,3.40174,
10171,3.47491,
10172,3.64448,
10173,3.50454,
10174,3.45184,
10175,3.38957,
10176,3.39708,
10177,3.31368,
10178,3.48774,
10179,3.35702,
10180,3.41729,
10181,3.33405,
10182,3.15477,
10183,3.06009,
10184,3.34147,
10185,3.57727,
10186,3.41677,
10187,3.13974,
10188,3.32503,
10189,3.36142,
10190,3.24008,
10191,3.32968,
10192,3.43546,
10193,3.16044,
10194,3.39846,
10195,3.24131,
10196,3.20744,
10197,3.45286,
10198,3.38871,
10199,3.37525,
10200,3.43752,
10201,3.31409,
10202,3.19924,
10203,3.16283,
10204,3.1589,
10205,3.3182,
10206,3.2361,
10207,3.15248,
10208,3.37316,
10209,3.23264,
10210,3.16232,
10211,3.22819,
10212,3.11879,
10213,3.10106,
10214,3.30545,
10215,3.11483,
10216,3.04917,
10217,3.11015,
10218,3.17462,
10219,3.12936,
10220,3.0309,
10221,3.14903,
10222,3.14485,
10223,3.33944,
10224,3.31549,
10225,3.30801,
10226,3.33158,
10227,3.36786,
10228,3.20825,
10229,3.32228,
10230,3.04396,
10231,3.25407,
10232,3.2293,
10233,3.15628,
10234,3.46432,
10235,3.14993,
10236,3.09914,
10237,3.3825,
10238,3.18815,
10239,3.0336,
10240,3.15404,
10241,3.39363,
10242,2.87931,
10243,3.115,
10244,3.26013,
10245,2.98568,
10246,3.16628,
10247,3.09928,
10248,3.03182,
10249,2.92513,
10250,3.47685,
10251,3.44561,
10252,3.37975,
10253,3.34451,
10254,3.44811,
10255,3.34096,
10256,3.42953,
10257,3.31945,
10258,3.25557,
10259,3.3977,
10260,3.32289,
10261,3.31161,
10262,3.26927,
10263,3.25446,
10264,3.28668,
10265,3.01762,
10266,3.15489,
10267,3.23273,
10268,3.29305,
10269,3.27532,
10270,2.91943,
10271,3.17117,
10272,3.17535,
10273,3.07525,
10274,2.84078,
10275,2.99742,
10276,3.09426,
10277,3.05445,
10278,3.0782,
10279,2.88517,
10280,2.8766,
10281,2.86194,
10282,3.0808,
10283,3.15399,
10284,3.84972,
10285,3.58114,
10286,3.44953,
10287,3.35481,
10288,3.52202,
10289,3.55714,
10290,3.28769,
10291,3.47563,
10292,3.3258,
10293,3.31699,
10294,3.20342,
10295,3.53144,
10296,3.34928,
10297,3.28641,
10298,3.43303,
10299,3.44078,
10300,3.35912,
10301,3.42196,
10302,3.27225,
10303,3.39984,
10304,3.43103,
10305,3.24081,
10306,3.20849,
10307,3.26257,
10308,3.45275,
10309,3.50542,
10310,3.41693,
10311,3.328,
10312,3.50291,
10313,3.29841,
10314,3.34411,
10315,3.4973,
10316,3.36053,
10317,3.31552,
10318,3.37249,
10319,3.34615,
10320,3.19321,
10321,3.26515,
10322,3.30787,
10323,3.40136,
10324,3.18821,
10325,3.22831,
10326,3.17244,
10327,3.36202,
10328,3.42015,
10329,3.25237,
10330,3.04727,
10331,3.26739,
10332,3.15604,
10333,3.1268,
10334,3.27009,
10335,3.34766,
10336,3.28202,
10337,3.3232,
10338,3.27873,
10339,3.27779,
10340,3.1672,
10341,3.20906,
10342,3.13428,
10343,3.17887,
10344,3.1074,
10345,3.30905,
10346,3.05512,
10347,3.00056,
10348,3.08783,
10349,3.08126,
10350,3.16462,
10351,3.11152,
10352,2.94382,
10353,3.12121,
10354,2.99235,
10355,3.22219,
10356,3.05347,
10357,3.10165,
10358,3.25756,
10359,3.18559,
10360,3.2377,
10361,2.94576,
10362,3.09519,
10363,3.08143,
10364,3.13685,
10365,3.21491,
10366,2.84033,
10367,2.95909,
10368,2.82444,
10369,2.89597,
10370,3.15842,
10371,3.18505,
10372,3.14027,
10373,2.99977,
10374,3.26487,
10375,3.13672,
10376,3.43549,
10377,3.43841,
10378,3.4607,
10379,3.39648,
10380,3.36273,
10381,3.62176,
10382,3.32612,
10383,3.23618,
10384,3.39177,
10385,3.2222,
10386,3.3841,
10387,3.45554,
10388,3.30908,
10389,3.2688,
10390,3.37139,
10391,3.14454,
10392,3.35198,
10393,3.26411,
10394,3.144,
10395,3.20362,
10396,3.18632,
10397,3.04241,
10398,3.20197,
10399,3.22715,
10400,3.07928,
10401,3.15534,
10402,3.31288,
10403,3.41473,
10404,3.21283,
10405,3.27065,
10406,3.13495,
10407,3.55399,
10408,3.52704,
10409,3.52761,
10410,3.52118,
10411,3.58587,
10412,3.47992,
10413,3.39919,
10414,3.54718,
10415,3.44871,
10416,3.47169,
10417,3.45885,
10418,3.50487,
10419,3.31001,
10420,3.48434,
10421,3.42955,
10422,3.44445,
10423,3.53654,
10424,3.36975,
10425,3.40023,
10426,3.37705,
10427,3.44234,
10428,3.58787,
10429,3.53898,
10430,3.12423,
10431,3.19522,
10432,3.05838,
10433,2.91691,
10434,2.95396,
10435,2.88966,
10436,3.16773,
10437,2.68043,
10438,2.95652,
10439,2.95269,
10440,3.02096,
10441,3.01827,
10442,2.82266,
10443,2.91195,
10444,3.13287,
10445,3.26935,
10446,3.1794,
10447,2.90123,
10448,2.9459,
10449,3.47781,
10450,3.56791,
10451,3.52039,
10452,3.57825,
10453,3.48941,
10454,3.50674,
10455,3.40683,
10456,3.23179,
10457,3.35779,
10458,3.38778,
10459,3.30229,
10460,3.3821,
10461,3.48241,
10462,3.51782,
10463,3.33159,
10464,3.27234,
10465,3.11419,
10466,3.24943,
10467,3.21517,
10468,3.21021,
10469,3.0587,
10470,3.03204,
10471,2.96761,
10472,3.20214,
10473,3.1661,
10474,3.09815,
10475,3.42049,
10476,3.3519,
10477,3.41881,
10478,3.35489,
10479,3.48662,
10480,3.38777,
10481,3.25467,
10482,3.31002,
10483,3.07461,
10484,3.07819,
10485,3.06988,
10486,3.29031,
10487,3.40625,
10488,3.25228,
10489,3.02055,
10490,2.9855,
10491,2.87308,
10492,2.79377,
10493,2.88604,
10494,2.88673,
10495,3.16121,
10496,2.91357,
10497,2.84548,
10498,2.87373,
10499,3.20598,
10500,3.09322,
10501,3.30017,
10502,2.92376,
10503,3.44259,
10504,3.15655,
10505,3.50004,
10506,3.73132,
10507,3.36471,
10508,3.48186,
10509,3.45587,
10510,3.34147,
10511,3.45558,
10512,3.43208,
10513,3.31627,
10514,3.13789,
10515,3.15918,
10516,3.28084,
10517,3.17519,
10518,3.23666,
10519,3.32416,
10520,3.14878,
10521,3.25374,
10522,3.03434,
10523,3.39816,
10524,3.31678,
10525,3.01805,
10526,3.02634,
10527,3.26604,
10528,2.97809,
10529,2.96791,
10530,2.99317,
10531,2.88359,
10532,2.83814,
10533,2.95158,
10534,3.6044,
10535,3.53565,
10536,3.67287,
10537,3.60498,
10538,3.63048,
10539,3.49864,
10540,3.27649,
10541,3.40489,
10542,3.2914,
10543,3.45056,
10544,3.66572,
10545,3.49626,
10546,3.45137,
10547,3.3235,
10548,3.25509,
10549,3.54676,
10550,3.51692,
10551,3.57441,
10552,3.3131,
10553,3.57323,
10554,3.25942,
10555,3.31557,
10556,3.32193,
10557,3.40998,
10558,3.34154,
10559,3.30563,
10560,3.21473,
10561,3.14922,
10562,3.33715,
10563,3.14536,
10564,3.1383,
10565,3.26573,
10566,3.28423,
10567,3.24615,
10568,3.16608,
10569,3.22348,
10570,3.07869,
10571,3.21886,
10572,3.10484,
10573,3.12155,
10574,3.21623,
10575,2.9495,
10576,3.01053,
10577,3.22968,
10578,3.15216,
10579,3.62819,
10580,3.59106,
10581,3.53055,
10582,3.6248,
10583,3.52891,
10584,3.50614,
10585,3.41756,
10586,3.42721,
10587,3.25633,
10588,3.26721,
10589,3.19928,
10590,3.20968,
10591,3.43601,
10592,3.38525,
10593,3.26209,
10594,3.53388,
10595,3.45865,
10596,3.0321,
10597,3.14858,
10598,3.19871,
10599,3.1498,
10600,3.28004,
10601,3.36609,
10602,3.32907,
10603,3.43074,
10604,3.53887,
10605,3.52603,
10606,3.00203,
10607,3.13859,
10608,3.34444,
10609,3.356,
10610,3.50286,
10611,3.47539,
10612,3.52816,
10613,3.4588,
10614,3.49102,
10615,3.28691,
10616,3.26897,
10617,3.45733,
10618,3.11126,
10619,3.39735,
10620,3.42424,
10621,3.35368,
10622,3.31036,
10623,3.29765,
10624,3.5549,
10625,3.35905,
10626,3.48737,
10627,3.39768,
10628,3.48759,
10629,3.43179,
10630,3.52417,
10631,3.26783,
10632,3.34077,
10633,3.2541,
10634,3.20066,
10635,3.19831,
10636,3.13536,
10637,3.22199,
10638,3.25567,
10639,3.36561,
10640,2.9957,
10641,3.2117,
10642,3.43989,
10643,3.33008,
10644,3.32994,
10645,3.25775,
10646,3.38278,
10647,3.1233,
10648,3.33494,
10649,2.72503,
10650,3.53955,
10651,3.46514,
10652,3.55505,
10653,3.68622,
10654,3.84339,
10655,3.4959,
10656,3.5406,
10657,3.43156,
10658,3.60093,
10659,3.56027,
10660,3.46495,
10661,3.44256,
10662,3.28005,
10663,3.30266,
10664,3.38239,
10665,3.4929,
10666,3.2649,
10667,3.48755,
10668,3.5437,
10669,3.39658,
10670,3.37661,
10671,3.35939,
10672,3.40845,
10673,3.48055,
10674,3.40574,
10675,3.36877,
10676,3.35645,
10677,3.29052,
10678,3.44383,
10679,3.46107,
10680,3.2614,
10681,3.36701,
10682,3.24125,
10683,3.1431,
10684,3.09457,
10685,2.92506,
10686,3.33288,
10687,3.40342,
10688,3.08266,
10689,3.18889,
10690,3.31461,
10691,3.13308,
10692,3.05458,
10693,3.145,
10694,3.06315,
10695,3.22931,
10696,3.06768,
10697,3.15294,
10698,3.31015,
10699,3.13035,
10700,3.39768,
10701,3.44964,
10702,3.32078,
10703,3.23639,
10704,3.24553,
10705,3.47193,
10706,3.31323,
10707,3.3167,
10708,3.2981,
10709,3.42221,
10710,3.19129,
10711,2.98101,
10712,3.22552,
10713,3.17208,
10714,3.24031,
10715,3.20749,
10716,2.88467,
10717,3.31356,
10718,3.32229,
10719,3.29402,
10720,3.19003,
10721,3.1216,
10722,3.33975,
10723,3.15205,
10724,2.91175,
10725,3.23236,
10726,3.21153,
10727,3.48225,
10728,3.22151,
10729,3.08314,
10730,3.18427,
10731,3.1619,
10732,3.10486,
10733,3.14812,
10734,3.26075,
10735,3.48339,
10736,3.35796,
10737,3.49475,
10738,3.29075,
10739,3.25326,
10740,3.16042,
10741,3.41513,
10742,3.38783,
10743,3.37158,
10744,3.33355,
10745,3.50703,
10746,3.29497,
10747,3.32345,
10748,3.2352,
10749,3.11416,
10750,3.35926,
10751,3.30446,
10752,3.45346,
10753,3.3596,
10754,2.95256,
10755,3.02999,
10756,3.23412,
10757,3.07631,
10758,3.1951,
10759,2.99603,
10760,3.16468,
10761,3.39288,
10762,3.56919,
10763,3.29266,
10764,3.40059,
10765,3.41732,
10766,3.41917,
10767,3.35429,
10768,3.41372,
10769,3.40884,
10770,3.44897,
10771,3.33994,
10772,3.40425,
10773,3.36526,
10774,3.24568,
10775,3.35502,
10776,2.97045,
10777,3.15502,
10778,3.28701,
10779,3.19522,
10780,3.27654,
10781,3.06706,
10782,3.12623,
10783,3.28449,
10784,3.04064,
10785,3.20865,
10786,3.10342,
10787,3.02595,
10788,3.24037,
10789,2.97315,
10790,3.01127,
10791,3.05858,
10792,3.17834,
10793,3.06322,
10794,3.27798,
10795,3.30659,
10796,3.22729,
10797,3.0667,
10798,3.14331,
10799,3.25534,
10800,3.23745,
10801,3.10822,
10802,3.44601,
10803,3.36322,
10804,3.28592,
10805,3.41753,
10806,3.29791,
10807,3.19268,
10808,3.29144,
10809,3.2211,
10810,3.29876,
10811,3.29401,
10812,3.41979,
10813,3.53461,
10814,3.38221,
10815,3.29865,
10816,3.30296,
10817,3.13464,
10818,3.23585,
10819,3.1901,
10820,3.23185,
10821,3.11439,
10822,3.26135,
10823,3.19548,
10824,3.35436,
10825,3.14241,
10826,3.26875,
10827,3.36803,
10828,3.46775,
10829,3.45865,
10830,3.19675,
10831,3.0296,
10832,3.28226,
10833,2.97787,
10834,3.26436,
10835,3.51165,
10836,3.49797,
10837,3.47127,
10838,3.50063,
10839,3.23824,
10840,3.49031,
10841,3.35051,
10842,3.30813,
10843,3.26375,
10844,3.5601,
10845,3.25408,
10846,3.41526,
10847,3.08597,
10848,3.4606,
10849,3.41922,
10850,3.62341,
10851,3.33092,
10852,3.3083,
10853,3.39733,
10854,3.16582,
10855,3.3713,
10856,3.11016,
10857,3.20531,
10858,3.1659,
10859,3.43391,
10860,3.40652,
10861,2.97603,
10862,3.27111,
10863,3.23247,
10864,3.33324,
10865,3.30842,
10866,3.49865,
10867,3.40167,
10868,3.23061,
10869,3.30546,
10870,3.37526,
10871,3.20348,
10872,3.06889,
10873,3.08898,
10874,3.56307,
10875,3.58472,
10876,3.53435,
10877,3.47571,
10878,3.38855,
10879,3.4209,
10880,3.3105,
10881,3.46662,
10882,3.28476,
10883,3.39038,
10884,3.39232,
10885,3.34793,
10886,3.27227,
10887,3.36742,
10888,3.30335,
10889,3.21973,
10890,3.45354,
10891,3.47451,
10892,3.25973,
10893,3.54602,
10894,3.39725,
10895,3.19972,
10896,3.12756,
10897,3.40357,
10898,3.35849,
10899,3.27613,
10900,3.24825,
10901,3.39125,
10902,3.18996,
10903,3.14245,
10904,3.27345,
10905,3.18256,
10906,3.28725,
10907,3.35345,
10908,3.38252,
10909,3.24743,
10910,3.26837,
10911,3.21007,
10912,3.3614,
10913,3.40032,
10914,3.01538,
10915,3.18649,
10916,3.19622,
10917,3.30467,
10918,3.35095,
10919,3.32525,
10920,3.10307,
10921,3.26332,
10922,3.34578,
10923,3.05633,
10924,3.0868,
10925,3.38773,
10926,3.3007,
10927,3.37471,
10928,3.17932,
10929,3.15395,
10930,3.29508,
10931,3.291,
10932,3.16362,
10933,3.40285,
10934,3.3266,
10935,3.05117,
10936,3.16471,
10937,3.08104,
10938,3.21714,
10939,3.04909,
10940,3.27514,
10941,3.42406,
10942,3.28677,
10943,3.43717,
10944,3.4357,
10945,3.37786,
10946,3.43082,
10947,3.2329,
10948,3.28489,
10949,3.36071,
10950,3.34442,
10951,3.43879,
10952,3.52786,
10953,3.63739,
10954,4.51014,
10955,3.36573,
10956,3.33232,
10957,3.42464,
10958,3.42242,
10959,3.20733,
10960,3.30919,
10961,3.31042,
10962,3.31637,
10963,3.23249,
10964,3.8215,
10965,3.30262,
10966,3.30066,
10967,2.92662,
10968,3.11034,
10969,3.3105,
10970,3.31171,
10971,3.43158,
10972,3.47415,
10973,3.2821,
10974,3.39363,
10975,3.38421,
10976,3.32472,
10977,3.57301,
10978,3.37182,
10979,3.31401,
10980,3.45986,
10981,3.47394,
10982,3.38754,
10983,3.2581,
10984,3.34858,
10985,3.30605,
10986,3.31305,
10987,3.23853,
10988,3.03778,
10989,3.3765,
10990,3.22565,
10991,3.04374,
10992,3.15821,
10993,3.21132,
10994,3.30568,
10995,3.25104,
10996,3.15653,
10997,3.29599,
10998,3.02875,
10999,3.1875,
11000,2.99039,
11001,3.29302,
11002,3.14734,
11003,3.18575,
11004,3.30623,
11005,3.20913,
11006,3.20373,
11007,3.21439,
11008,3.20061,
11009,3.04142,
11010,3.23769,
11011,3.22814,
11012,2.94609,
11013,3.0774,
11014,3.03024,
11015,3.20389,
11016,3.18666,
11017,3.14588,
11018,3.12249,
11019,3.19067,
11020,3.23296,
11021,2.97721,
11022,3.32075,
11023,3.15777,
11024,3.1528,
11025,3.1435,
11026,3.34543,
11027,3.46967,
11028,3.4516,
11029,3.20105,
11030,3.13312,
11031,3.49634,
11032,3.29309,
11033,3.30339,
11034,3.2098,
11035,3.08464,
11036,3.16325,
11037,3.3117,
11038,3.01384,
11039,2.92233,
11040,2.75955,
11041,3.02132,
11042,3.15335,
11043,3.28139,
11044,3.2376,
11045,3.26325,
11046,3.13518,
11047,2.99516,
11048,3.04277,
11049,3.19196,
11050,3.32688,
11051,3.14817,
11052,3.15629,
11053,2.80923,
11054,2.82754,
11055,3.31385,
11056,2.98915,
11057,3.18766,
11058,2.95834,
11059,3.07281,
11060,2.94992,
11061,3.00759,
11062,2.9456,
11063,3.01298,
11064,2.96061,
11065,2.87378,
11066,3.00774,
11067,3.2101,
11068,2.89078,
11069,3.13431,
11070,3.21776,
11071,3.53164,
11072,3.49279,
11073,3.47845,
11074,3.43881,
11075,3.50045,
11076,3.5292,
11077,3.3131,
11078,3.03821,
11079,3.30631,
11080,3.13221,
11081,3.14832,
11082,3.38086,
11083,3.27199,
11084,3.27876,
11085,3.22127,
11086,3.13658,
11087,3.09994,
11088,3.2779,
11089,3.30466,
11090,3.23864,
11091,3.2489,
11092,3.15928,
11093,3.00204,
11094,3.46857,
11095,3.12039,
11096,3.11943,
11097,3.23336,
11098,3.2999,
11099,3.12532,
11100,3.52052,
11101,3.34714,
11102,3.59085,
11103,3.38516,
11104,3.47878,
11105,3.38644,
11106,3.32155,
11107,3.35176,
11108,3.27901,
11109,3.28308,
11110,3.28892,
11111,3.31305,
11112,3.28542,
11113,3.11608,
11114,3.25418,
11115,3.14996,
11116,3.18076,
11117,2.96746,
11118,3.0595,
11119,2.98809,
11120,3.11623,
11121,3.14133,
11122,2.98186,
11123,3.08126,
11124,3.0471,
11125,3.20867,
11126,3.14562,
11127,3.11841,
11128,3.40269,
11129,3.43113,
11130,3.41149,
11131,3.37508,
11132,3.43449,
11133,3.42736,
11134,3.35815,
11135,3.42368,
11136,3.34424,
11137,3.35071,
11138,3.45134,
11139,3.32915,
11140,3.2801,
11141,3.06981,
11142,3.26709,
11143,3.26356,
11144,3.37533,
11145,3.27521,
11146,3.13752,
11147,3.20839,
11148,3.14803,
11149,3.16359,
11150,3.32607,
11151,3.36478,
11152,3.18509,
11153,3.11884,
11154,3.20696,
11155,3.45556,
11156,3.38164,
11157,3.44952,
11158,3.27814,
11159,3.47528,
11160,3.30499,
11161,3.40103,
11162,3.55622,
11163,3.27141,
11164,3.1652,
11165,3.17461,
11166,3.42114,
11167,3.34517,
11168,3.23009,
11169,3.31051,
11170,3.25429,
11171,3.42515,
11172,3.35213,
11173,3.48644,
11174,3.10753,
11175,3.19806,
11176,3.00383,
11177,3.1557,
11178,3.19377,
11179,3.13813,
11180,3.1345,
11181,3.28298,
11182,3.2391,
11183,3.21166,
11184,2.95205,
11185,3.0902,
11186,3.19165,
11187,3.18779,
11188,3.11436,
11189,3.62509,
11190,3.53274,
11191,3.49422,
11192,3.46737,
11193,3.3291,
11194,3.3867,
11195,3.20229,
11196,3.41423,
11197,3.57372,
11198,3.38504,
11199,3.44985,
11200,3.69203,
11201,3.76889,
11202,3.34031,
11203,3.37558,
11204,3.42279,
11205,3.467,
11206,3.63579,
11207,3.40487,
11208,3.3209,
11209,3.30355,
11210,3.18446,
11211,3.26659,
11212,3.24403,
11213,3.26984,
11214,3.21785,
11215,3.12968,
11216,3.27895,
11217,3.75876,
11218,3.81003,
11219,3.65507,
11220,3.66227,
11221,3.64996,
11222,3.66998,
11223,3.64356,
11224,3.61232,
11225,3.5584,
11226,3.65277,
11227,3.60803,
11228,3.55577,
11229,3.56621,
11230,3.44721,
11231,3.56063,
11232,3.61988,
11233,3.57051,
11234,3.46226,
11235,3.38116,
11236,3.42634,
11237,3.62215,
11238,3.46299,
11239,3.42069,
11240,3.35898,
11241,3.37225,
11242,3.27478,
11243,3.4455,
11244,3.31618,
11245,3.37223,
11246,3.30596,
11247,3.13318,
11248,3.0232,
11249,3.31583,
11250,3.54022,
11251,3.40435,
11252,3.10174,
11253,3.29908,
11254,3.33557,
11255,3.20026,
11256,3.29522,
11257,3.40734,
11258,3.12964,
11259,3.3691,
11260,3.21494,
11261,3.17152,
11262,3.43954,
11263,3.33925,
11264,3.34181,
11265,3.39884,
11266,3.27125,
11267,3.14684,
11268,3.11561,
11269,3.13685,
11270,3.2974,
11271,3.21977,
11272,3.12593,
11273,3.33848,
11274,3.20837,
11275,3.12907,
11276,3.20979,
11277,3.08374,
11278,3.06431,
11279,3.27245,
11280,3.07911,
11281,3.02375,
11282,3.07836,
11283,3.16465,
11284,3.09255,
11285,3.00492,
11286,3.11896,
11287,3.11606,
11288,3.29445,
11289,3.27616,
11290,3.28052,
11291,3.29398,
11292,3.32537,
11293,3.1788,
11294,3.29656,
11295,3.01876,
11296,3.2299,
11297,3.20468,
11298,3.11744,
11299,3.44134,
11300,3.12426,
11301,3.07472,
11302,3.36142,
11303,3.16252,
11304,3.00459,
11305,3.1246,
11306,3.368,
11307,2.852,
11308,3.07705,
11309,3.23734,
11310,2.97575,
11311,3.14422,
11312,3.07299,
11313,3.00605,
11314,2.90046,
11315,3.4492,
11316,3.39229,
11317,3.36234,
11318,3.31893,
11319,3.42305,
11320,3.31378,
11321,3.40023,
11322,3.2833,
11323,3.22334,
11324,3.37499,
11325,3.28936,
11326,3.28259,
11327,3.23486,
11328,3.22864,
11329,3.28832,
11330,2.98008,
11331,3.13435,
11332,3.21196,
11333,3.27576,
11334,3.23586,
11335,2.92609,
11336,3.14662,
11337,3.14916,
11338,3.04628,
11339,2.80531,
11340,2.98003,
11341,3.06172,
11342,3.04071,
11343,3.05377,
11344,2.85425,
11345,2.85527,
11346,2.85034,
11347,3.05952,
11348,3.1335,
11349,3.818,
11350,3.54578,
11351,3.41611,
11352,3.33639,
11353,3.50369,
11354,3.52349,
11355,3.23988,
11356,3.43273,
11357,3.29007,
11358,3.27956,
11359,3.17967,
11360,3.51967,
11361,3.31976,
11362,3.23738,
11363,3.39671,
11364,3.39671,
11365,3.33613,
11366,3.40311,
11367,3.23694,
11368,3.36878,
11369,3.37799,
11370,3.20835,
11371,3.16623,
11372,3.23757,
11373,3.41731,
11374,3.46433,
11375,3.39075,
11376,3.29466,
11377,3.47464,
11378,3.26159,
11379,3.3079,
11380,3.47023,
11381,3.33468,
11382,3.29087,
11383,3.35113,
11384,3.31742,
11385,3.15407,
11386,3.2475,
11387,3.2837,
11388,3.38871,
11389,3.1581,
11390,3.20749,
11391,3.13706,
11392,3.33308,
11393,3.38241,
11394,3.2333,
11395,3.02193,
11396,3.24625,
11397,3.12871,
11398,3.0981,
11399,3.23044,
11400,3.32384,
11401,3.25199,
11402,3.27686,
11403,3.24347,
11404,3.2556,
11405,3.15067,
11406,3.17942,
11407,3.10116,
11408,3.13533,
11409,3.09587,
11410,3.2778,
11411,3.02335,
11412,2.96921,
11413,3.06835,
11414,3.05269,
11415,3.1436,
11416,3.07841,
11417,2.91351,
11418,3.09231,
11419,2.96207,
11420,3.18025,
11421,3.02621,
11422,3.08528,
11423,3.22461,
11424,3.15125,
11425,3.21612,
11426,2.92145,
11427,3.06799,
11428,3.05081,
11429,3.12008,
11430,3.19394,
11431,2.81541,
11432,2.95048,
11433,2.80441,
11434,2.86661,
11435,3.14413,
11436,3.16539,
11437,3.10799,
11438,2.98011,
11439,3.23098,
11440,3.13087,
11441,3.40655,
11442,3.41199,
11443,3.41853,
11444,3.35372,
11445,3.3325,
11446,3.59721,
11447,3.29468,
11448,3.19845,
11449,3.35131,
11450,3.18786,
11451,3.35998,
11452,3.42297,
11453,3.28156,
11454,3.23644,
11455,3.33031,
11456,3.11438,
11457,3.31073,
11458,3.2377,
11459,3.10897,
11460,3.17718,
11461,3.15568,
11462,3.00346,
11463,3.1733,
11464,3.20596,
11465,3.04098,
11466,3.12639,
11467,3.28432,
11468,3.3845,
11469,3.1936,
11470,3.23756,
11471,3.12136,
11472,3.54274,
11473,3.4937,
11474,3.5209,
11475,3.49654,
11476,3.55541,
11477,3.46255,
11478,3.39012,
11479,3.53173,
11480,3.40983,
11481,3.45559,
11482,3.43991,
11483,3.48916,
11484,3.30263,
11485,3.46894,
11486,3.41194,
11487,3.42825,
11488,3.52182,
11489,3.34342,
11490,3.37807,
11491,3.3583,
11492,3.43026,
11493,3.54623,
11494,3.51665,
11495,3.09102,
11496,3.14421,
11497,3.00991,
11498,2.8758,
11499,2.9271,
11500,2.8604,
11501,3.14833,
11502,2.64206,
11503,2.90731,
11504,2.92251,
11505,2.99263,
11506,3.00499,
11507,2.79016,
11508,2.86578,
11509,3.10583,
11510,3.23922,
11511,3.16215,
11512,2.87855,
11513,2.93048,
11514,3.44556,
11515,3.53621,
11516,3.50804,
11517,3.54371,
11518,3.46745,
11519,3.48412,
11520,3.38395,
11521,3.19676,
11522,3.33093,
11523,3.36476,
11524,3.28609,
11525,3.34277,
11526,3.45795,
11527,3.4941,
11528,3.31921,
11529,3.25473,
11530,3.08397,
11531,3.232,
11532,3.19228,
11533,3.18701,
11534,3.03686,
11535,3.00958,
11536,2.94374,
11537,3.18264,
11538,3.13363,
11539,3.05873,
11540,3.39831,
11541,3.33333,
11542,3.37973,
11543,3.32498,
11544,3.44957,
11545,3.3458,
11546,3.21377,
11547,3.28407,
11548,3.04555,
11549,3.05189,
11550,3.05666,
11551,3.27431,
11552,3.37547,
11553,3.21675,
11554,3.00428,
11555,2.96962,
11556,2.86527,
11557,2.75339,
11558,2.84345,
11559,2.85578,
11560,3.12827,
11561,2.88004,
11562,2.83416,
11563,2.85239,
11564,3.17632,
11565,3.0738,
11566,3.27434,
11567,2.90296,
11568,3.436,
11569,3.13033,
11570,3.47097,
11571,3.70592,
11572,3.34767,
11573,3.45095,
11574,3.42582,
11575,3.29836,
11576,3.41856,
11577,3.3939,
11578,3.27191,
11579,3.09111,
11580,3.11492,
11581,3.25652,
11582,3.15306,
11583,3.21087,
11584,3.29701,
11585,3.11949,
11586,3.22419,
11587,2.99809,
11588,3.35885,
11589,3.28982,
11590,2.98583,
11591,3.0091,
11592,3.26051,
11593,2.95442,
11594,2.93599,
11595,2.95855,
11596,2.83098,
11597,2.82143,
11598,2.9273,
11599,3.57985,
11600,3.5054,
11601,3.65648,
11602,3.57798,
11603,3.59156,
11604,3.46897,
11605,3.24299,
11606,3.35474,
11607,3.25034,
11608,3.41316,
11609,3.63729,
11610,3.46219,
11611,3.41774,
11612,3.28548,
11613,3.22794,
11614,3.51312,
11615,3.4853,
11616,3.55161,
11617,3.29176,
11618,3.54536,
11619,3.23125,
11620,3.29185,
11621,3.29241,
11622,3.39856,
11623,3.30375,
11624,3.25507,
11625,3.1889,
11626,3.12275,
11627,3.31278,
11628,3.12248,
11629,3.11907,
11630,3.24659,
11631,3.28068,
11632,3.22022,
11633,3.13984,
11634,3.19467,
11635,3.06855,
11636,3.17016,
11637,3.06112,
11638,3.09754,
11639,3.18885,
11640,2.91925,
11641,2.99339,
11642,3.20794,
11643,3.12286,
11644,3.60384,
11645,3.57306,
11646,3.50623,
11647,3.60027,
11648,3.50659,
11649,3.47204,
11650,3.37648,
11651,3.38825,
11652,3.20795,
11653,3.24376,
11654,3.18403,
11655,3.17844,
11656,3.40719,
11657,3.37002,
11658,3.25839,
11659,3.49893,
11660,3.42589,
11661,3.01744,
11662,3.11911,
11663,3.16025,
11664,3.13311,
11665,3.24195,
11666,3.34907,
11667,3.31507,
11668,3.40982,
11669,3.50551,
11670,3.50909,
11671,2.97309,
11672,3.11655,
11673,3.32932,
11674,3.3251,
11675,3.47687,
11676,3.44272,
11677,3.50853,
11678,3.42525,
11679,3.458,
11680,3.25476,
11681,3.2474,
11682,3.42135,
11683,3.09403,
11684,3.37382,
11685,3.3865,
11686,3.32354,
11687,3.28632,
11688,3.26424,
11689,3.53762,
11690,3.32917,
11691,3.4681,
11692,3.37662,
11693,3.45294,
11694,3.40457,
11695,3.50797,
11696,3.21755,
11697,3.32372,
11698,3.23688,
11699,3.18211,
11700,3.1728,
11701,3.10993,
11702,3.204,
11703,3.22997,
11704,3.35597,
11705,2.97205,
11706,3.20429,
11707,3.41537,
11708,3.30807,
11709,3.31164,
11710,3.22486,
11711,3.35327,
11712,3.10157,
11713,3.31032,
11714,2.68426,
11715,3.50212,
11716,3.42392,
11717,3.50292,
11718,3.69125,
11719,3.82293,
11720,3.46136,
11721,3.50355,
11722,3.38778,
11723,3.57834,
11724,3.55461,
11725,3.44685,
11726,3.42358,
11727,3.26816,
11728,3.2751,
11729,3.36641,
11730,3.47761,
11731,3.23564,
11732,3.46067,
11733,3.52208,
11734,3.36249,
11735,3.3343,
11736,3.33482,
11737,3.37002,
11738,3.44015,
11739,3.38087,
11740,3.33906,
11741,3.33545,
11742,3.25465,
11743,3.42656,
11744,3.44188,
11745,3.21735,
11746,3.34809,
11747,3.2191,
11748,3.1049,
11749,3.06713,
11750,2.91618,
11751,3.3014,
11752,3.36819,
11753,3.06749,
11754,3.16684,
11755,3.28721,
11756,3.11894,
11757,3.0331,
11758,3.12754,
11759,3.04671,
11760,3.20618,
11761,3.03672,
11762,3.13567,
11763,3.28467,
11764,3.096,
11765,3.36629,
11766,3.4132,
11767,3.28639,
11768,3.20723,
11769,3.22146,
11770,3.45476,
11771,3.28333,
11772,3.28682,
11773,3.26686,
11774,3.38999,
11775,3.16249,
11776,2.9542,
11777,3.19605,
11778,3.14128,
11779,3.20851,
11780,3.20991,
11781,2.86677,
11782,3.27847,
11783,3.31132,
11784,3.25534,
11785,3.16613,
11786,3.09264,
11787,3.32249,
11788,3.12525,
11789,2.87335,
11790,3.2046,
11791,3.19438,
11792,3.4657,
11793,3.19175,
11794,3.06691,
11795,3.17607,
11796,3.16098,
11797,3.0821,
11798,3.12313,
11799,3.22932,
11800,3.45697,
11801,3.32541,
11802,3.46697,
11803,3.25712,
11804,3.22857,
11805,3.14122,
11806,3.38617,
11807,3.36231,
11808,3.34135,
11809,3.31232,
11810,3.47943,
11811,3.26375,
11812,3.29428,
11813,3.20169,
11814,3.08784,
11815,3.3193,
11816,3.27118,
11817,3.42917,
11818,3.33286,
11819,2.9284,
11820,3.00689,
11821,3.19817,
11822,3.03604,
11823,3.16092,
11824,2.9524,
11825,3.14809,
11826,3.35642,
11827,3.5402,
11828,3.26714,
11829,3.38665,
11830,3.39805,
11831,3.38522,
11832,3.32529,
11833,3.37995,
11834,3.37235,
11835,3.42617,
11836,3.32643,
11837,3.38376,
11838,3.34052,
11839,3.22304,
11840,3.32813,
11841,2.94393,
11842,3.12861,
11843,3.27103,
11844,3.18024,
11845,3.26495,
11846,3.04239,
11847,3.10037,
11848,3.27454,
11849,3.00279,
11850,3.18615,
11851,3.07698,
11852,2.99549,
11853,3.22027,
11854,2.94854,
11855,2.99034,
11856,3.02896,
11857,3.15567,
11858,3.0363,
11859,3.25687,
11860,3.29322,
11861,3.20769,
11862,3.05037,
11863,3.1061,
11864,3.22785,
11865,3.20645,
11866,3.08714,
11867,3.4223,
11868,3.32218,
11869,3.25684,
11870,3.36395,
11871,3.25989,
11872,3.16029,
11873,3.25485,
11874,3.18444,
11875,3.27504,
11876,3.26934,
11877,3.40255,
11878,3.51566,
11879,3.36725,
11880,3.26321,
11881,3.27538,
11882,3.13016,
11883,3.19983,
11884,3.16314,
11885,3.1987,
11886,3.07514,
11887,3.22883,
11888,3.1753,
11889,3.32174,
11890,3.11773,
11891,3.24158,
11892,3.35072,
11893,3.45259,
11894,3.43333,
11895,3.17218,
11896,2.99264,
11897,3.27596,
11898,2.96592,
11899,3.24299,
11900,3.48323,
11901,3.46892,
11902,3.45877,
11903,3.47412,
11904,3.2394,
11905,3.46334,
11906,3.32393,
11907,3.28266,
11908,3.24403,
11909,3.51556,
11910,3.21918,
11911,3.38265,
11912,3.04391,
11913,3.42696,
11914,3.39381,
11915,3.60058,
11916,3.29673,
11917,3.28988,
11918,3.37984,
11919,3.14724,
11920,3.35102,
11921,3.07503,
11922,3.18071,
11923,3.148,
11924,3.41034,
11925,3.38803,
11926,2.96009,
11927,3.25559,
11928,3.20204,
11929,3.2984,
11930,3.29187,
11931,3.48331,
11932,3.38641,
11933,3.20907,
11934,3.27502,
11935,3.34219,
11936,3.18935,
11937,3.05334,
11938,3.06399,
11939,3.52825,
11940,3.55295,
11941,3.51235,
11942,3.45272,
11943,3.36389,
11944,3.38985,
11945,3.26971,
11946,3.44544,
11947,3.26168,
11948,3.36917,
11949,3.38317,
11950,3.31458,
11951,3.25776,
11952,3.35522,
11953,3.27951,
11954,3.20312,
11955,3.42484,
11956,3.44253,
11957,3.22526,
11958,3.5311,
11959,3.38475,
11960,3.18942,
11961,3.10337,
11962,3.38792,
11963,3.33764,
11964,3.252,
11965,3.21841,
11966,3.37616,
11967,3.16362,
11968,3.12932,
11969,3.24974,
11970,3.14885,
11971,3.27416,
11972,3.32558,
11973,3.36073,
11974,3.21942,
11975,3.23211,
11976,3.18221,
11977,3.34434,
11978,3.37229,
11979,2.98213,
11980,3.16797,
11981,3.16919,
11982,3.29096,
11983,3.32018,
11984,3.31499,
11985,3.08055,
11986,3.22952,
11987,3.32914,
11988,3.03306,
11989,3.04868,
11990,3.36441,
11991,3.27168,
11992,3.37238,
11993,3.13817,
11994,3.11896,
11995,3.26613,
11996,3.26629,
11997,3.13502,
11998,3.37814,
11999,3.31324,
12000,3.0186,
12001,3.13232,
12002,3.06166,
12003,3.18659,
12004,3.03456,
12005,3.23211,
12006,3.39259,
12007,3.25995,
12008,3.40991,
12009,3.41323,
12010,3.3454,
12011,3.40555,
12012,3.19907,
12013,3.26926,
12014,3.34231,
12015,3.31747,
12016,3.41021,
12017,3.50107,
12018,3.61883,
12019,4.4894,
12020,3.34282,
12021,3.30004,
12022,3.41654,
12023,3.39198,
12024,3.18715,
12025,3.2856,
12026,3.28143,
12027,3.27892,
12028,3.22044,
12029,3.79568,
12030,3.29211,
12031,3.28403,
12032,2.91735,
12033,3.0832,
12034,3.29397,
12035,3.27925,
12036,3.40658,
12037,3.44964,
12038,3.27079,
12039,3.37789,
12040,3.3567,
12041,3.29455,
12042,3.54528,
12043,3.3454,
12044,3.28488,
12045,3.42956,
12046,3.44039,
12047,3.3644,
12048,3.21689,
12049,3.31438,
12050,3.28057,
12051,3.28468,
12052,3.20166,
12053,2.99502,
12054,3.34102,
12055,3.20089,
12056,3.04352,
12057,3.11223,
12058,3.18297,
12059,3.286,
12060,3.23425,
12061,3.13113,
12062,3.27784,
12063,3.00166,
12064,3.16526,
12065,2.96032,
12066,3.27784,
12067,3.1244,
12068,3.16848,
12069,3.28685,
12070,3.17696,
12071,3.17827,
12072,3.17508,
12073,3.17451,
12074,3.01481,
12075,3.21657,
12076,3.20204,
12077,2.91149,
12078,3.03871,
12079,2.98876,
12080,3.17902,
12081,3.16185,
12082,3.12388,
12083,3.10569,
12084,3.15935,
12085,3.21742,
12086,2.94593,
12087,3.29672,
12088,3.13215,
12089,3.13795,
12090,3.12856,
12091,3.31772,
12092,3.46015,
12093,3.43522,
12094,3.18497,
12095,3.10555,
12096,3.47356,
12097,3.26446,
12098,3.28184,
12099,3.19218,
12100,3.07718,
12101,3.14389,
12102,3.28825,
12103,2.97947,
12104,2.88975,
12105,2.76101,
12106,3.01125,
12107,3.13788,
12108,3.25321,
12109,3.21271,
12110,3.2411,
12111,3.12718,
12112,2.97086,
12113,3.01799,
12114,3.17065,
12115,3.3028,
12116,3.12645,
12117,3.13448,
12118,2.77375,
12119,2.80929,
12120,3.29103,
12121,2.96866,
12122,3.182,
12123,2.9389,
12124,3.05066,
12125,2.92437,
12126,2.97816,
12127,2.91471,
12128,2.99987,
12129,2.94061,
12130,2.85818,
12131,2.98855,
12132,3.18967,
12133,2.88929,
12134,3.12537,
12135,3.19517,
12136,3.50185,
12137,3.46338,
12138,3.43729,
12139,3.43773,
12140,3.4806,
12141,3.49976,
12142,3.28646,
12143,3.0066,
12144,3.28122,
12145,3.1165,
12146,3.12253,
12147,3.35174,
12148,3.25285,
12149,3.26089,
12150,3.20146,
12151,3.12059,
12152,3.07816,
12153,3.2573,
12154,3.29993,
12155,3.20977,
12156,3.23204,
12157,3.15323,
12158,2.9843,
12159,3.4509,
12160,3.10112,
12161,3.10691,
12162,3.21189,
12163,3.27584,
12164,3.09936,
12165,3.50137,
12166,3.33249,
12167,3.56867,
12168,3.33455,
12169,3.44265,
12170,3.35771,
12171,3.28522,
12172,3.32614,
12173,3.2688,
12174,3.25475,
12175,3.25122,
12176,3.29759,
12177,3.26504,
12178,3.09139,
12179,3.23662,
12180,3.1219,
12181,3.14106,
12182,2.94058,
12183,3.03219,
12184,2.95549,
12185,3.10017,
12186,3.11184,
12187,2.95846,
12188,3.05499,
12189,3.03684,
12190,3.19177,
12191,3.11289,
12192,3.08781,
12193,3.36293,
12194,3.39403,
12195,3.37699,
12196,3.3482,
12197,3.40588,
12198,3.39975,
12199,3.33238,
12200,3.39826,
12201,3.31708,
12202,3.32076,
12203,3.40996,
12204,3.29593,
12205,3.25152,
12206,3.05109,
12207,3.23495,
12208,3.23298,
12209,3.35483,
12210,3.25167,
12211,3.1077,
12212,3.18759,
12213,3.12506,
12214,3.15056,
12215,3.31082,
12216,3.35674,
12217,3.16318,
12218,3.08947,
12219,3.18682,
12220,3.42884,
12221,3.34202,
12222,3.42343,
12223,3.2426,
12224,3.44411,
12225,3.26819,
12226,3.37472,
12227,3.53564,
12228,3.25428,
12229,3.14271,
12230,3.12947,
12231,3.39419,
12232,3.33242,
12233,3.20886,
12234,3.28656,
12235,3.21565,
12236,3.40969,
12237,3.33516,
12238,3.47089,
12239,3.08843,
12240,3.18443,
12241,2.97896,
12242,3.13022,
12243,3.16955,
12244,3.12791,
12245,3.13222,
12246,3.26585,
12247,3.22517,
12248,3.19007,
12249,2.93112,
12250,3.05848,
12251,3.18868,
12252,3.15968,
12253,3.08204,
12254,3.60156,
12255,3.51602,
12256,3.46639,
12257,3.42308,
12258,3.30847,
12259,3.37487,
12260,3.17412,
12261,3.39276,
12262,3.54408,
12263,3.36502,
12264,3.41428,
12265,3.67217,
12266,3.73386,
12267,3.3241,
12268,3.33662,
12269,3.39468,
12270,3.43894,
12271,3.627,
12272,3.38185,
12273,3.30879,
12274,3.28457,
12275,3.16682,
12276,3.23547,
12277,3.22487,
12278,3.25606,
12279,3.20345,
12280,3.09874,
12281,3.25413,
12282,3.74497,
12283,3.77638,
12284,3.64984,
12285,3.63292,
12286,3.62311,
12287,3.65684,
12288,3.61257,
12289,3.59684,
12290,3.5452,
12291,3.64054,
12292,3.59343,
12293,3.53343,
12294,3.54215,
12295,3.44058,
12296,3.53382,
12297,3.61071,
12298,3.54767,
12299,3.44731,
12300,3.36285,
12301,3.39531,
12302,3.59477,
12303,3.42566,
12304,3.38339,
12305,3.33485,
12306,3.34491,
12307,3.25191,
12308,3.4213,
12309,3.28741,
12310,3.36034,
12311,3.28464,
12312,3.11059,
12313,2.98934,
12314,3.29613,
12315,3.52317,
12316,3.38326,
12317,3.09016,
12318,3.28248,
12319,3.31593,
12320,3.18209,
12321,3.28212,
12322,3.37912,
12323,3.13573,
12324,3.35218,
12325,3.19775,
12326,3.16286,
12327,3.42688,
12328,3.32224,
12329,3.33108,
12330,3.3794,
12331,3.23611,
12332,3.13219,
12333,3.0782,
12334,3.10873,
12335,3.27714,
12336,3.18561,
12337,3.10323,
12338,3.31791,
12339,3.19825,
12340,3.1072,
12341,3.18495,
12342,3.06094,
12343,3.03804,
12344,3.2547,
12345,3.04624,
12346,3.01348,
12347,3.07042,
12348,3.13874,
12349,3.07989,
12350,2.98436,
12351,3.10111,
12352,3.08527,
12353,3.26625,
12354,3.24365,
12355,3.25604,
12356,3.26659,
12357,3.29798,
12358,3.15288,
12359,3.26979,
12360,2.99676,
12361,3.20904,
12362,3.19286,
12363,3.10727,
12364,3.42206,
12365,3.09968,
12366,3.04565,
12367,3.33111,
12368,3.14508,
12369,2.97851,
12370,3.10653,
12371,3.35197,
12372,2.83323,
12373,3.04477,
12374,3.21108,
12375,2.94753,
12376,3.12616,
12377,3.05291,
12378,2.97908,
12379,2.88477,
12380,3.44655,
12381,3.36907,
12382,3.32446,
12383,3.29353,
12384,3.40263,
12385,3.28947,
12386,3.37304,
12387,3.26068,
12388,3.22236,
12389,3.34908,
12390,3.25748,
12391,3.26003,
12392,3.20822,
12393,3.20983,
12394,3.26478,
12395,2.94682,
12396,3.10564,
12397,3.18449,
12398,3.25912,
12399,3.23277,
12400,2.88856,
12401,3.11717,
12402,3.15179,
12403,3.02194,
12404,2.78056,
12405,2.95479,
12406,3.036,
12407,3.00929,
12408,3.04393,
12409,2.83257,
12410,2.84342,
12411,2.83046,
12412,3.03927,
12413,3.11246,
12414,3.8137,
12415,3.52551,
12416,3.38539,
12417,3.3112,
12418,3.48523,
12419,3.49657,
12420,3.2015,
12421,3.41538,
12422,3.27964,
12423,3.2652,
12424,3.15293,
12425,3.5107,
12426,3.30124,
12427,3.2126,
12428,3.3635,
12429,3.38209,
12430,3.29712,
12431,3.36729,
12432,3.21236,
12433,3.34518,
12434,3.35735,
12435,3.17379,
12436,3.14583,
12437,3.21159,
12438,3.37721,
12439,3.42551,
12440,3.36927,
12441,3.25835,
12442,3.4364,
12443,3.23409,
12444,3.29264,
12445,3.44831,
12446,3.31225,
12447,3.2656,
12448,3.32458,
12449,3.29451,
12450,3.12451,
12451,3.20805,
12452,3.2645,
12453,3.36481,
12454,3.14541,
12455,3.18888,
12456,3.12173,
12457,3.30447,
12458,3.36816,
12459,3.21318,
12460,3.00639,
12461,3.23291,
12462,3.11052,
12463,3.0686,
12464,3.21117,
12465,3.29565,
12466,3.22815,
12467,3.24746,
12468,3.22158,
12469,3.23466,
12470,3.12629,
12471,3.15331,
12472,3.05723,
12473,3.10138,
12474,3.0639,
12475,3.25298,
12476,2.98461,
12477,2.94019,
12478,3.02955,
12479,3.04794,
12480,3.10852,
12481,3.04438,
12482,2.89995,
12483,3.06556,
12484,2.93721,
12485,3.15122,
12486,2.98226,
12487,3.05228,
12488,3.2097,
12489,3.12851,
12490,3.17962,
12491,2.89105,
12492,3.03909,
12493,3.02305,
12494,3.09101,
12495,3.17673,
12496,2.79754,
12497,2.93081,
12498,2.79955,
12499,2.85224,
12500,3.10701,
12501,3.12595,
12502,3.08687,
12503,2.96788,
12504,3.21817,
12505,3.082,
12506,3.37133,
12507,3.39322,
12508,3.4027,
12509,3.33142,
12510,3.30688,
12511,3.58183,
12512,3.26755,
12513,3.18703,
12514,3.33643,
12515,3.16369,
12516,3.33277,
12517,3.40556,
12518,3.25331,
12519,3.21648,
12520,3.31458,
12521,3.08084,
12522,3.30845,
12523,3.2184,
12524,3.08341,
12525,3.15836,
12526,3.13437,
12527,2.99199,
12528,3.15601,
12529,3.1861,
12530,3.0101,
12531,3.10227,
12532,3.26579,
12533,3.35302,
12534,3.1617,
12535,3.22094,
12536,3.10033,
12537,3.50517,
12538,3.4806,
12539,3.50468,
12540,3.47153,
12541,3.52683,
12542,3.43641,
12543,3.36745,
12544,3.5127,
12545,3.39707,
12546,3.43686,
12547,3.42753,
12548,3.46698,
12549,3.27733,
12550,3.44861,
12551,3.40734,
12552,3.41547,
12553,3.49204,
12554,3.33685,
12555,3.37442,
12556,3.33898,
12557,3.40516,
12558,3.52047,
12559,3.49164,
12560,3.05669,
12561,3.12008,
12562,2.97559,
12563,2.82724,
12564,2.89192,
12565,2.82244,
12566,3.11879,
12567,2.61674,
12568,2.89855,
12569,2.88849,
12570,2.96136,
12571,2.98482,
12572,2.7548,
12573,2.84649,
12574,3.07385,
12575,3.21675,
12576,3.14525,
12577,2.84401,
12578,2.89692,
12579,3.42342,
12580,3.51575,
12581,3.47195,
12582,3.50473,
12583,3.43451,
12584,3.45554,
12585,3.36613,
12586,3.15819,
12587,3.30374,
12588,3.33301,
12589,3.24823,
12590,3.32962,
12591,3.44429,
12592,3.45833,
12593,3.2954,
12594,3.23612,
12595,3.06158,
12596,3.20683,
12597,3.18245,
12598,3.17491,
12599,2.99227,
12600,2.99325,
12601,2.92429,
12602,3.16108,
12603,3.11851,
12604,3.05376,
12605,3.37576,
12606,3.3007,
12607,3.34531,
12608,3.30132,
12609,3.40775,
12610,3.31354,
12611,3.18025,
12612,3.25938,
12613,3.01216,
12614,3.02469,
12615,3.02701,
12616,3.25704,
12617,3.34831,
12618,3.18829,
12619,2.9852,
12620,2.93009,
12621,2.83776,
12622,2.722,
12623,2.81706,
12624,2.82196,
12625,3.11891,
12626,2.85524,
12627,2.81151,
12628,2.83911,
12629,3.167,
12630,3.04213,
12631,3.25095,
12632,2.88745,
12633,3.41067,
12634,3.12489,
12635,3.43261,
12636,3.67956,
12637,3.34263,
12638,3.4353,
12639,3.40362,
12640,3.27431,
12641,3.40099,
12642,3.36065,
12643,3.244,
12644,3.0658,
12645,3.0952,
12646,3.22818,
12647,3.14614,
12648,3.18963,
12649,3.27994,
12650,3.08841,
12651,3.19988,
12652,2.98146,
12653,3.34527,
12654,3.26264,
12655,2.96019,
12656,2.98108,
12657,3.2314,
12658,2.94284,
12659,2.91434,
12660,2.94366,
12661,2.82194,
12662,2.81041,
12663,2.90712,
12664,3.54972,
12665,3.48402,
12666,3.62552,
12667,3.54922,
12668,3.569,
12669,3.43842,
12670,3.22283,
12671,3.32139,
12672,3.22521,
12673,3.38821,
12674,3.62124,
12675,3.44145,
12676,3.37659,
12677,3.26153,
12678,3.19082,
12679,3.49466,
12680,3.47325,
12681,3.53044,
12682,3.26697,
12683,3.53224,
12684,3.20044,
12685,3.26174,
12686,3.26141,
12687,3.38496,
12688,3.26801,
12689,3.22661,
12690,3.17297,
12691,3.10355,
12692,3.29435,
12693,3.09639,
12694,3.09735,
12695,3.22843,
12696,3.23576,
12697,3.2103,
12698,3.11328,
12699,3.17025,
12700,3.04726,
12701,3.15054,
12702,3.04259,
12703,3.09296,
12704,3.16603,
12705,2.89843,
12706,2.97509,
12707,3.17994,
12708,3.10492,
12709,3.55933,
12710,3.56433,
12711,3.48579,
12712,3.58914,
12713,3.47173,
12714,3.447,
12715,3.35993,
12716,3.3731,
12717,3.18028,
12718,3.20706,
12719,3.16449,
12720,3.15672,
12721,3.39194,
12722,3.35745,
12723,3.23308,
12724,3.45936,
12725,3.4067,
12726,2.99509,
12727,3.09131,
12728,3.14268,
12729,3.09415,
12730,3.19914,
12731,3.32418,
12732,3.28179,
12733,3.38523,
12734,3.48727,
12735,3.48599,
12736,2.94927,
12737,3.10261,
12738,3.29874,
12739,3.2968,
12740,3.44902,
12741,3.41331,
12742,3.47337,
12743,3.4008,
12744,3.43648,
12745,3.2252,
12746,3.23212,
12747,3.40297,
12748,3.08182,
12749,3.34387,
12750,3.36535,
12751,3.28395,
12752,3.27026,
12753,3.24776,
12754,3.51336,
12755,3.31433,
12756,3.42887,
12757,3.33978,
12758,3.44772,
12759,3.38183,
12760,3.45533,
12761,3.1928,
12762,3.31104,
12763,3.20212,
12764,3.14857,
12765,3.15443,
12766,3.08959,
12767,3.16724,
12768,3.20139,
12769,3.32697,
12770,2.97358,
12771,3.17715,
12772,3.39983,
12773,3.28966,
12774,3.27272,
12775,3.2041,
12776,3.34343,
12777,3.0837,
12778,3.29708,
12779,2.63431,
12780,3.47062,
12781,3.39291,
12782,3.47508,
12783,3.66208,
12784,3.80753,
12785,3.44176,
12786,3.48989,
12787,3.36146,
12788,3.55182,
12789,3.52926,
12790,3.43078,
12791,3.39509,
12792,3.24335,
12793,3.26544,
12794,3.34158,
12795,3.44772,
12796,3.21229,
12797,3.43603,
12798,3.49487,
12799,3.34982,
12800,3.31522,
12801,3.30808,
12802,3.35923,
12803,3.42258,
12804,3.36413,
12805,3.32743,
12806,3.31632,
12807,3.23884,
12808,3.40873,
12809,3.41918,
12810,3.18249,
12811,3.31969,
12812,3.17716,
12813,3.08547,
12814,3.03677,
12815,2.8989,
12816,3.28548,
12817,3.32843,
12818,3.03689,
12819,3.14251,
12820,3.26118,
12821,3.10286,
12822,3.00787,
12823,3.11212,
12824,3.00752,
12825,3.18086,
12826,3.02529,
12827,3.11276,
12828,3.27827,
12829,3.08243,
12830,3.35094,
12831,3.38729,
12832,3.25183,
12833,3.18472,
12834,3.19139,
12835,3.41972,
12836,3.27306,
12837,3.26193,
12838,3.2554,
12839,3.36784,
12840,3.12958,
12841,2.93767,
12842,3.15918,
12843,3.10555,
12844,3.18312,
12845,3.16987,
12846,2.86216,
12847,3.2588,
12848,3.28655,
12849,3.23524,
12850,3.14231,
12851,3.0821,
12852,3.30482,
12853,3.09848,
12854,2.85224,
12855,3.1925,
12856,3.17365,
12857,3.44808,
12858,3.19093,
12859,3.04006,
12860,3.15158,
12861,3.14054,
12862,3.0702,
12863,3.10926,
12864,3.20155,
12865,3.42921,
12866,3.31382,
12867,3.42714,
12868,3.21615,
12869,3.21912,
12870,3.11696,
12871,3.34608,
12872,3.33598,
12873,3.32777,
12874,3.27935,
12875,3.46235,
12876,3.23585,
12877,3.26433,
12878,3.20113,
12879,3.0591,
12880,3.30388,
12881,3.25852,
12882,3.40797,
12883,3.28976,
12884,2.91397,
12885,2.99313,
12886,3.17785,
12887,3.0237,
12888,3.1318,
12889,2.9399,
12890,3.12088,
12891,3.33352,
12892,3.50426,
12893,3.25726,
12894,3.36612,
12895,3.35962,
12896,3.34754,
12897,3.29758,
12898,3.35797,
12899,3.3369,
12900,3.39454,
12901,3.29836,
12902,3.33566,
12903,3.30602,
12904,3.19382,
12905,3.3135,
12906,2.9245,
12907,3.11313,
12908,3.23781,
12909,3.15535,
12910,3.23688,
12911,3.01701,
12912,3.09522,
12913,3.24039,
12914,2.99027,
12915,3.17322,
12916,3.04643,
12917,2.97733,
12918,3.18767,
12919,2.94461,
12920,2.97773,
12921,3.01207,
12922,3.12952,
12923,3.01945,
12924,3.24393,
12925,3.28892,
12926,3.18345,
12927,3.02833,
12928,3.09522,
12929,3.1995,
12930,3.20658,
12931,3.06434,
12932,3.40973,
12933,3.30683,
12934,3.23649,
12935,3.33354,
12936,3.23946,
12937,3.15263,
12938,3.24328,
12939,3.17089,
12940,3.26589,
12941,3.25409,
12942,3.37173,
12943,3.48544,
12944,3.34975,
12945,3.23889,
12946,3.25051,
12947,3.09905,
12948,3.18016,
12949,3.12855,
12950,3.18503,
12951,3.04618,
12952,3.20861,
12953,3.1292,
12954,3.30607,
12955,3.08328,
12956,3.22563,
12957,3.33909,
12958,3.42864,
12959,3.41383,
12960,3.16087,
12961,2.96524,
12962,3.2521,
12963,2.94849,
12964,3.22061,
12965,3.45474,
12966,3.46202,
12967,3.43559,
12968,3.46384,
12969,3.21357,
12970,3.43969,
12971,3.29937,
12972,3.25849,
12973,3.22271,
12974,3.49736,
12975,3.19465,
12976,3.36225,
12977,3.0255,
12978,3.41192,
12979,3.36958,
12980,3.56348,
12981,3.26981,
12982,3.27317,
12983,3.37355,
12984,3.12531,
12985,3.34134,
12986,3.06373,
12987,3.1584,
12988,3.13346,
12989,3.40743,
12990,3.36373,
12991,2.93972,
12992,3.24028,
12993,3.17979,
12994,3.28884,
12995,3.26732,
12996,3.46946,
12997,3.35775,
12998,3.18545,
12999,3.25395,
13000,3.32775,
13001,3.16424,
13002,3.04209,
13003,3.04467,
13004,3.50794,
13005,3.53169,
13006,3.48275,
13007,3.44602,
13008,3.34142,
13009,3.35969,
13010,3.235,
13011,3.41662,
13012,3.24911,
13013,3.34804,
13014,3.35617,
13015,3.30795,
13016,3.22709,
13017,3.34108,
13018,3.25551,
13019,3.18497,
13020,3.39414,
13021,3.42852,
13022,3.19404,
13023,3.50868,
13024,3.34201,
13025,3.16268,
13026,3.08852,
13027,3.35684,
13028,3.30067,
13029,3.22557,
13030,3.1938,
13031,3.35678,
13032,3.15116,
13033,3.09102,
13034,3.22756,
13035,3.1273,
13036,3.23589,
13037,3.30821,
13038,3.34519,
13039,3.1985,
13040,3.21365,
13041,3.12893,
13042,3.32524,
13043,3.34705,
13044,2.9391,
13045,3.14089,
13046,3.14498,
13047,3.27547,
13048,3.30821,
13049,3.29375,
13050,3.07045,
13051,3.22081,
13052,3.30996,
13053,2.99744,
13054,3.04276,
13055,3.35347,
13056,3.24327,
13057,3.33175,
13058,3.11327,
13059,3.0894,
13060,3.24954,
13061,3.25056,
13062,3.12209,
13063,3.35745,
13064,3.30261,
13065,3.00922,
13066,3.12538,
13067,3.03695,
13068,3.1809,
13069,3.01115,
13070,3.20812,
13071,3.37836,
13072,3.2271,
13073,3.40377,
13074,3.40123,
13075,3.3288,
13076,3.38297,
13077,3.17667,
13078,3.24864,
13079,3.31833,
13080,3.30942,
13081,3.39096,
13082,3.49469,
13083,3.61683,
13084,4.46706,
13085,3.32288,
13086,3.29227,
13087,3.38662,
13088,3.37832,
13089,3.17003,
13090,3.26804,
13091,3.26321,
13092,3.27438,
13093,3.19429,
13094,3.77252,
13095,3.26557,
13096,3.25779,
13097,2.88452,
13098,3.07223,
13099,3.26833,
13100,3.27295,
13101,3.39552,
13102,3.43373,
13103,3.26026,
13104,3.34212,
13105,3.33415,
13106,3.26566,
13107,3.52171,
13108,3.32568,
13109,3.28011,
13110,3.41335,
13111,3.42151,
13112,3.34958,
13113,3.19543,
13114,3.27191,
13115,3.25121,
13116,3.26258,
13117,3.1762,
13118,2.98431,
13119,3.31638,
13120,3.19089,
13121,3.01141,
13122,3.09239,
13123,3.1439,
13124,3.27793,
13125,3.19722,
13126,3.11384,
13127,3.25661,
13128,2.97677,
13129,3.14305,
13130,2.93377,
13131,3.25484,
13132,3.10479,
13133,3.13647,
13134,3.26188,
13135,3.16195,
13136,3.14902,
13137,3.15894,
13138,3.13806,
13139,2.98951,
13140,3.2051,
13141,3.17972,
13142,2.89343,
13143,3.01206,
13144,2.95931,
13145,3.15613,
13146,3.13208,
13147,3.1018,
13148,3.089,
13149,3.13927,
13150,3.1997,
13151,2.93628,
13152,3.28438,
13153,3.10616,
13154,3.11919,
13155,3.10865,
13156,3.30238,
13157,3.43218,
13158,3.41135,
13159,3.17532,
13160,3.08899,
13161,3.45428,
13162,3.24556,
13163,3.26393,
13164,3.16344,
13165,3.06159,
13166,3.11925,
13167,3.27169,
13168,2.95698,
13169,2.8775,
13170,2.72551,
13171,2.98929,
13172,3.12569,
13173,3.2338,
13174,3.20439,
13175,3.23268,
13176,3.09839,
13177,2.95081,
13178,3.00385,
13179,3.1577,
13180,3.28223,
13181,3.11402,
13182,3.11454,
13183,2.75228,
13184,2.78771,
13185,3.26929,
13186,2.95129,
13187,3.14934,
13188,2.90832,
13189,3.04173,
13190,2.91046,
13191,2.95238,
13192,2.90114,
13193,2.96558,
13194,2.92156,
13195,2.84681,
13196,2.97359,
13197,3.17865,
13198,2.86497,
13199,3.10365,
13200,3.1718,
13201,3.49112,
13202,3.43749,
13203,3.41774,
13204,3.39947,
13205,3.45976,
13206,3.47227,
13207,3.24188,
13208,2.9939,
13209,3.2649,
13210,3.10245,
13211,3.11059,
13212,3.32218,
13213,3.22601,
13214,3.23692,
13215,3.18743,
13216,3.10699,
13217,3.06144,
13218,3.23759,
13219,3.28661,
13220,3.18575,
13221,3.20793,
13222,3.13158,
13223,2.9729,
13224,3.44323,
13225,3.09353,
13226,3.07625,
13227,3.1853,
13228,3.25901,
13229,3.08941,
13230,3.48211,
13231,3.31698,
13232,3.54711,
13233,3.31276,
13234,3.42373,
13235,3.33629,
13236,3.26674,
13237,3.30133,
13238,3.24839,
13239,3.23227,
13240,3.23259,
13241,3.27357,
13242,3.25453,
13243,3.07261,
13244,3.21005,
13245,3.10549,
13246,3.1273,
13247,2.90183,
13248,3.01117,
13249,2.93215,
13250,3.08712,
13251,3.09805,
13252,2.93055,
13253,3.03067,
13254,3.00237,
13255,3.17574,
13256,3.1041,
13257,3.06943,
13258,3.3244,
13259,3.34749,
13260,3.34445,
13261,3.32405,
13262,3.3722,
13263,3.37556,
13264,3.31284,
13265,3.38695,
13266,3.29759,
13267,3.30539,
13268,3.38962,
13269,3.2716,
13270,3.23844,
13271,3.01638,
13272,3.21183,
13273,3.22513,
13274,3.33086,
13275,3.24928,
13276,3.07755,
13277,3.1713,
13278,3.10521,
13279,3.12301,
13280,3.28871,
13281,3.32703,
13282,3.13073,
13283,3.07443,
13284,3.16879,
13285,3.40201,
13286,3.3363,
13287,3.39065,
13288,3.22743,
13289,3.42574,
13290,3.23194,
13291,3.33567,
13292,3.52438,
13293,3.2353,
13294,3.13525,
13295,3.11741,
13296,3.38765,
13297,3.32015,
13298,3.18719,
13299,3.26912,
13300,3.21071,
13301,3.39381,
13302,3.32032,
13303,3.46028,
13304,3.07386,
13305,3.1632,
13306,2.95737,
13307,3.11796,
13308,3.1554,
13309,3.11256,
13310,3.11515,
13311,3.24875,
13312,3.2002,
13313,3.17772,
13314,2.91787,
13315,3.04294,
13316,3.15519,
13317,3.14142,
13318,3.07368,
13319,3.57199,
13320,3.47243,
13321,3.44995,
13322,3.37499,
13323,3.28274,
13324,3.34744,
13325,3.13788,
13326,3.37388,
13327,3.5125,
13328,3.33706,
13329,3.39513,
13330,3.66021,
13331,3.72464,
13332,3.29257,
13333,3.31351,
13334,3.37684,
13335,3.42577,
13336,3.59331,
13337,3.35799,
13338,3.28353,
13339,3.26383,
13340,3.1581,
13341,3.22206,
13342,3.21841,
13343,3.24173,
13344,3.18829,
13345,3.07525,
13346,3.23688,
13347,3.74029,
13348,3.75834,
13349,3.62168,
13350,3.63369,
13351,3.61093,
13352,3.64208,
13353,3.59829,
13354,3.58845,
13355,3.52729,
13356,3.60754,
13357,3.57483,
13358,3.52418,
13359,3.53584,
13360,3.43534,
13361,3.51611,
13362,3.60059,
13363,3.52317,
13364,3.43855,
13365,3.36247,
13366,3.36683,
13367,3.58029,
13368,3.40502,
13369,3.35411,
13370,3.31198,
13371,3.33976,
13372,3.23135,
13373,3.3952,
13374,3.25302,
13375,3.30411,
13376,3.27274,
13377,3.10889,
13378,2.96491,
13379,3.26974,
13380,3.49644,
13381,3.36632,
13382,3.07711,
13383,3.27146,
13384,3.28369,
13385,3.16654,
13386,3.25647,
13387,3.35282,
13388,3.10415,
13389,3.33191,
13390,3.17143,
13391,3.13902,
13392,3.4038,
13393,3.28939,
13394,3.27499,
13395,3.33597,
13396,3.2016,
13397,3.09205,
13398,3.05194,
13399,3.09383,
13400,3.26162,
13401,3.16836,
13402,3.06106,
13403,3.28911,
13404,3.1635,
13405,3.08532,
13406,3.17291,
13407,3.02996,
13408,3.00802,
13409,3.23059,
13410,3.02868,
13411,2.9851,
13412,3.04775,
13413,3.12129,
13414,3.05198,
13415,2.97158,
13416,3.08216,
13417,3.05192,
13418,3.21886,
13419,3.21333,
13420,3.22204,
13421,3.22603,
13422,3.27375,
13423,3.12607,
13424,3.24876,
13425,2.97512,
13426,3.17784,
13427,3.1702,
13428,3.08811,
13429,3.39188,
13430,3.08448,
13431,3.03139,
13432,3.30472,
13433,3.1102,
13434,2.9517,
13435,3.07579,
13436,3.32911,
13437,2.81648,
13438,3.01129,
13439,3.19059,
13440,2.9311,
13441,3.09943,
13442,3.02535,
13443,2.96486,
13444,2.86619,
13445,3.40784,
13446,3.34013,
13447,3.30541,
13448,3.25469,
13449,3.38504,
13450,3.27233,
13451,3.35375,
13452,3.24658,
13453,3.18914,
13454,3.32784,
13455,3.24199,
13456,3.2465,
13457,3.18997,
13458,3.18424,
13459,3.24745,
13460,2.9243,
13461,3.0948,
13462,3.17081,
13463,3.24506,
13464,3.21155,
13465,2.86175,
13466,3.09714,
13467,3.12865,
13468,3.01,
13469,2.76532,
13470,2.94502,
13471,3.01584,
13472,3.00129,
13473,3.04017,
13474,2.81191,
13475,2.82327,
13476,2.82915,
13477,3.02437,
13478,3.09776,
13479,3.79052,
13480,3.50763,
13481,3.35482,
13482,3.28833,
13483,3.46108,
13484,3.46065,
13485,3.18592,
13486,3.37428,
13487,3.23245,
13488,3.23563,
13489,3.13292,
13490,3.4803,
13491,3.27644,
13492,3.197,
13493,3.34744,
13494,3.3685,
13495,3.27012,
13496,3.35089,
13497,3.18392,
13498,3.33013,
13499,3.32156,
13500,3.15533,
13501,3.12616,
13502,3.19262,
13503,3.3488,
13504,3.40882,
13505,3.34695,
13506,3.23795,
13507,3.40928,
13508,3.21444,
13509,3.26651,
13510,3.43307,
13511,3.2994,
13512,3.23043,
13513,3.29255,
13514,3.2769,
13515,3.10412,
13516,3.18528,
13517,3.23554,
13518,3.35343,
13519,3.12044,
13520,3.16609,
13521,3.10159,
13522,3.28135,
13523,3.35298,
13524,3.19602,
13525,2.98589,
13526,3.22023,
13527,3.0919,
13528,3.05368,
13529,3.18752,
13530,3.27681,
13531,3.20384,
13532,3.22107,
13533,3.21214,
13534,3.21028,
13535,3.11012,
13536,3.12653,
13537,3.04007,
13538,3.08249,
13539,3.04773,
13540,3.23278,
13541,2.95317,
13542,2.92053,
13543,3.00242,
13544,3.02112,
13545,3.08291,
13546,3.02244,
13547,2.87329,
13548,3.04485,
13549,2.91581,
13550,3.13909,
13551,2.95833,
13552,3.02247,
13553,3.18602,
13554,3.11402,
13555,3.15556,
13556,2.86909,
13557,3.01884,
13558,3.01561,
13559,3.07,
13560,3.15857,
13561,2.77467,
13562,2.91809,
13563,2.78974,
13564,2.8314,
13565,3.08803,
13566,3.11599,
13567,3.06266,
13568,2.94136,
13569,3.19354,
13570,3.06034,
13571,3.3146,
13572,3.36936,
13573,3.38639,
13574,3.30057,
13575,3.28633,
13576,3.54707,
13577,3.26281,
13578,3.15318,
13579,3.31338,
13580,3.12832,
13581,3.30255,
13582,3.38621,
13583,3.23991,
13584,3.20587,
13585,3.28244,
13586,3.05635,
13587,3.27398,
13588,3.20182,
13589,3.06118,
13590,3.13951,
13591,3.11494,
13592,2.95831,
13593,3.13765,
13594,3.16999,
13595,3.00232,
13596,3.08606,
13597,3.24278,
13598,3.33548,
13599,3.1463,
13600,3.18928,
13601,3.08421,
13602,3.48051,
13603,3.45326,
13604,3.49104,
13605,3.45523,
13606,3.51246,
13607,3.43582,
13608,3.35979,
13609,3.49494,
13610,3.37275,
13611,3.42481,
13612,3.4055,
13613,3.45625,
13614,3.26512,
13615,3.4395,
13616,3.39249,
13617,3.40433,
13618,3.4799,
13619,3.30968,
13620,3.35279,
13621,3.3312,
13622,3.4055,
13623,3.50909,
13624,3.47783,
13625,3.01232,
13626,3.07746,
13627,2.95033,
13628,2.802,
13629,2.87599,
13630,2.80256,
13631,3.10088,
13632,2.60558,
13633,2.87068,
13634,2.86976,
13635,2.94723,
13636,2.9561,
13637,2.73125,
13638,2.81652,
13639,3.04868,
13640,3.19806,
13641,3.10958,
13642,2.81719,
13643,2.87652,
13644,3.39779,
13645,3.48359,
13646,3.44998,
13647,3.47491,
13648,3.41202,
13649,3.42885,
13650,3.34315,
13651,3.12896,
13652,3.27677,
13653,3.30564,
13654,3.22945,
13655,3.30447,
13656,3.41927,
13657,3.43011,
13658,3.26228,
13659,3.21529,
13660,3.02421,
13661,3.20441,
13662,3.16297,
13663,3.15685,
13664,2.95402,
13665,2.97159,
13666,2.9063,
13667,3.12168,
13668,3.09874,
13669,3.03428,
13670,3.33694,
13671,3.27585,
13672,3.32391,
13673,3.26586,
13674,3.39306,
13675,3.2766,
13676,3.16413,
13677,3.24069,
13678,2.98209,
13679,3.00947,
13680,3.01576,
13681,3.22398,
13682,3.33202,
13683,3.16661,
13684,2.95783,
13685,2.91014,
13686,2.82372,
13687,2.71126,
13688,2.79439,
13689,2.80609,
13690,3.11314,
13691,2.82149,
13692,2.80453,
13693,2.84421,
13694,3.14587,
13695,3.01812,
13696,3.23642,
13697,2.86784,
13698,3.3868,
13699,3.10575,
13700,3.41001,
13701,3.65417,
13702,3.32339,
13703,3.41044,
13704,3.36944,
13705,3.24567,
13706,3.36497,
13707,3.32675,
13708,3.20715,
13709,3.03953,
13710,3.05788,
13711,3.20457,
13712,3.11659,
13713,3.16523,
13714,3.26552,
13715,3.05155,
13716,3.18642,
13717,2.95209,
13718,3.33634,
13719,3.24812,
13720,2.93492,
13721,2.9445,
13722,3.22081,
13723,2.90917,
13724,2.90573,
13725,2.93158,
13726,2.78454,
13727,2.79122,
13728,2.89724,
13729,3.53956,
13730,3.4691,
13731,3.5913,
13732,3.53529,
13733,3.55768,
13734,3.40721,
13735,3.19086,
13736,3.29894,
13737,3.21128,
13738,3.38069,
13739,3.60189,
13740,3.41419,
13741,3.35597,
13742,3.23594,
13743,3.17867,
13744,3.48495,
13745,3.4562,
13746,3.51897,
13747,3.25605,
13748,3.50563,
13749,3.17377,
13750,3.245,
13751,3.24196,
13752,3.35913,
13753,3.25901,
13754,3.19487,
13755,3.13592,
13756,3.06853,
13757,3.27525,
13758,3.09078,
13759,3.0737,
13760,3.20458,
13761,3.23007,
13762,3.20125,
13763,3.09456,
13764,3.17015,
13765,3.03493,
13766,3.14936,
13767,3.02863,
13768,3.06668,
13769,3.14432,
13770,2.87071,
13771,2.96383,
13772,3.16402,
13773,3.09246,
13774,3.53359,
13775,3.56098,
13776,3.47995,
13777,3.57044,
13778,3.4545,
13779,3.42837,
13780,3.34047,
13781,3.35195,
13782,3.15231,
13783,3.21131,
13784,3.13514,
13785,3.14157,
13786,3.3659,
13787,3.34119,
13788,3.22424,
13789,3.44423,
13790,3.39367,
13791,2.99367,
13792,3.08005,
13793,3.11679,
13794,3.07251,
13795,3.18929,
13796,3.30462,
13797,3.27305,
13798,3.37577,
13799,3.47556,
13800,3.46385,
13801,2.92862,
13802,3.08367,
13803,3.28141,
13804,3.2807,
13805,3.42598,
13806,3.3847,
13807,3.44839,
13808,3.39403,
13809,3.42576,
13810,3.19935,
13811,3.21362,
13812,3.37453,
13813,3.05598,
13814,3.33095,
13815,3.36739,
13816,3.27547,
13817,3.24887,
13818,3.23221,
13819,3.48175,
13820,3.29082,
13821,3.40762,
13822,3.31125,
13823,3.42444,
13824,3.35695,
13825,3.41886,
13826,3.16813,
13827,3.27587,
13828,3.19232,
13829,3.1284,
13830,3.13878,
13831,3.07537,
13832,3.14772,
13833,3.1745,
13834,3.307,
13835,2.94271,
13836,3.1577,
13837,3.39323,
13838,3.26653,
13839,3.25863,
13840,3.18208,
13841,3.31887,
13842,3.07378,
13843,3.27729,
13844,2.60325,
13845,3.44141,
13846,3.36944,
13847,3.46864,
13848,3.65605,
13849,3.78342,
13850,3.40825,
13851,3.46443,
13852,3.33305,
13853,3.52809,
13854,3.50365,
13855,3.40472,
13856,3.37184,
13857,3.21772,
13858,3.24497,
13859,3.32936,
13860,3.42123,
13861,3.19463,
13862,3.40952,
13863,3.47634,
13864,3.3432,
13865,3.27971,
13866,3.29125,
13867,3.33371,
13868,3.39308,
13869,3.34729,
13870,3.30275,
13871,3.30574,
13872,3.20483,
13873,3.39209,
13874,3.42339,
13875,3.16752,
13876,3.30064,
13877,3.16494,
13878,3.06342,
13879,3.01306,
13880,2.88244,
13881,3.25191,
13882,3.30866,
13883,3.0114,
13884,3.12395,
13885,3.23635,
13886,3.07641,
13887,2.99231,
13888,3.08316,
13889,3.01128,
13890,3.17783,
13891,2.99984,
13892,3.09969,
13893,3.25827,
13894,3.07563,
13895,3.32385,
13896,3.36033,
13897,3.24084,
13898,3.16419,
13899,3.16759,
13900,3.39281,
13901,3.25962,
13902,3.23624,
13903,3.23339,
13904,3.34176,
13905,3.11193,
13906,2.92858,
13907,3.14875,
13908,3.08169,
13909,3.16025,
13910,3.14951,
13911,2.83574,
13912,3.22964,
13913,3.27629,
13914,3.21643,
13915,3.12106,
13916,3.05602,
13917,3.28993,
13918,3.08988,
13919,2.83671,
13920,3.17757,
13921,3.15875,
13922,3.42695,
13923,3.18524,
13924,3.037,
13925,3.14572,
13926,3.13455,
13927,3.06186,
13928,3.08769,
13929,3.17737,
13930,3.3967,
13931,3.29201,
13932,3.38944,
13933,3.19499,
13934,3.18137,
13935,3.10232,
13936,3.33731,
13937,3.32482,
13938,3.30383,
13939,3.26054,
13940,3.44426,
13941,3.21077,
13942,3.23766,
13943,3.15843,
13944,3.04499,
13945,3.27411,
13946,3.23123,
13947,3.38752,
13948,3.26107,
13949,2.87811,
13950,2.96605,
13951,3.15515,
13952,2.99414,
13953,3.10957,
13954,2.92199,
13955,3.11114,
13956,3.32286,
13957,3.46723,
13958,3.23734,
13959,3.35213,
13960,3.34208,
13961,3.32112,
13962,3.29203,
13963,3.35799,
13964,3.31524,
13965,3.37431,
13966,3.26689,
13967,3.31738,
13968,3.27956,
13969,3.1812,
13970,3.29243,
13971,2.89498,
13972,3.09596,
13973,3.22042,
13974,3.1318,
13975,3.21118,
13976,3.0024,
13977,3.06939,
13978,3.23451,
13979,2.96785,
13980,3.15756,
13981,3.03404,
13982,2.96179,
13983,3.16351,
13984,2.9263,
13985,2.97566,
13986,2.99273,
13987,3.10913,
13988,3.01022,
13989,3.20693,
13990,3.26394,
13991,3.16352,
13992,3.0262,
13993,3.07602,
13994,3.17746,
13995,3.18108,
13996,3.04619,
13997,3.37003,
13998,3.28064,
13999,3.23172,
14000,3.30873,
14001,3.22144,
14002,3.14284,
14003,3.22081,
14004,3.15918,
14005,3.22823,
14006,3.22397,
14007,3.35694,
14008,3.46624,
14009,3.32161,
14010,3.22694,
14011,3.24041,
14012,3.08841,
14013,3.16529,
14014,3.10522,
14015,3.14829,
14016,3.01752,
14017,3.17265,
14018,3.11428,
14019,3.28105,
14020,3.07094,
14021,3.20336,
14022,3.31251,
14023,3.4094,
14024,3.39796,
14025,3.13068,
14026,2.95207,
14027,3.23418,
14028,2.92552,
14029,3.21091,
14030,3.43268,
14031,3.44353,
14032,3.41499,
14033,3.44145,
14034,3.20928,
14035,3.42572,
14036,3.28347,
14037,3.24448,
14038,3.21696,
14039,3.47088,
14040,3.16609,
14041,3.35296,
14042,3.00111,
14043,3.38381,
14044,3.33716,
14045,3.55146,
14046,3.24072,
14047,3.25051,
14048,3.34537,
14049,3.10844,
14050,3.32365,
14051,3.03751,
14052,3.14488,
14053,3.1157,
14054,3.38746,
14055,3.35522,
14056,2.93231,
14057,3.23057,
14058,3.15751,
14059,3.25915,
14060,3.24832,
14061,3.44577,
14062,3.33709,
14063,3.16383,
14064,3.24812,
14065,3.31294,
14066,3.1427,
14067,3.03415,
14068,3.03391,
14069,3.47457,
14070,3.50209,
14071,3.4548,
14072,3.41554,
14073,3.32164,
14074,3.3235,
14075,3.18912,
14076,3.4127,
14077,3.23651,
14078,3.33592,
14079,3.34014,
14080,3.28234,
14081,3.22013,
14082,3.31793,
14083,3.24756,
14084,3.17861,
14085,3.36618,
14086,3.39811,
14087,3.16563,
14088,3.48974,
14089,3.32748,
14090,3.1469,
14091,3.06729,
14092,3.344,
14093,3.29548,
14094,3.22372,
14095,3.16689,
14096,3.34196,
14097,3.11918,
14098,3.07839,
14099,3.21922,
14100,3.10883,
14101,3.21549,
14102,3.28839,
14103,3.3099,
14104,3.17495,
14105,3.18895,
14106,3.12275,
14107,3.30554,
14108,3.342,
14109,2.92375,
14110,3.12461,
14111,3.14428,
14112,3.25472,
14113,3.27296,
14114,3.27655,
14115,3.04522,
14116,3.18887,
14117,3.29143,
14118,2.97684,
14119,3.02075,
14120,3.32906,
14121,3.20951,
14122,3.30141,
14123,3.07143,
14124,3.07571,
14125,3.23779,
14126,3.22851,
14127,3.09627,
14128,3.34241,
14129,3.25997,
14130,2.9887,
14131,3.10712,
14132,3.02343,
14133,3.16375,
14134,3.00457,
14135,3.19469,
14136,3.3447,
14137,3.20305,
14138,3.3823,
14139,3.38933,
14140,3.30595,
14141,3.36477,
14142,3.16057,
14143,3.22318,
14144,3.31297,
14145,3.2887,
14146,3.37685,
14147,3.47489,
14148,3.58358,
14149,4.44924,
14150,3.29253,
14151,3.27506,
14152,3.35129,
14153,3.33305,
14154,3.16758,
14155,3.25157,
14156,3.2355,
14157,3.25357,
14158,3.18355,
14159,3.75476,
14160,3.24725,
14161,3.24233,
14162,2.85609,
14163,3.05815,
14164,3.25088,
14165,3.26445,
14166,3.38598,
14167,3.43055,
14168,3.25217,
14169,3.33157,
14170,3.31048,
14171,3.24351,
14172,3.50291,
14173,3.28549,
14174,3.25097,
14175,3.39174,
14176,3.40877,
14177,3.31195,
14178,3.17695,
14179,3.24421,
14180,3.22902,
14181,3.24013,
14182,3.15839,
14183,2.95326,
14184,3.29307,
14185,3.16857,
14186,2.99237,
14187,3.06386,
14188,3.12016,
14189,3.25587,
14190,3.18585,
14191,3.10726,
14192,3.23518,
14193,2.95585,
14194,3.13222,
14195,2.90399,
14196,3.23751,
14197,3.07399,
14198,3.117,
14199,3.23393,
14200,3.14464,
14201,3.14528,
14202,3.14376,
14203,3.11967,
14204,2.96309,
14205,3.18587,
14206,3.17212,
14207,2.86328,
14208,2.98533,
14209,2.94208,
14210,3.14314,
14211,3.1089,
14212,3.08483,
14213,3.07202,
14214,3.13114,
14215,3.17155,
14216,2.91844,
14217,3.26543,
14218,3.08757,
14219,3.10209,
14220,3.10815,
14221,3.27884,
14222,3.42665,
14223,3.40438,
14224,3.13547,
14225,3.07293,
14226,3.43185,
14227,3.2187,
14228,3.24747,
14229,3.13545,
14230,3.0392,
14231,3.10151,
14232,3.25947,
14233,2.92478,
14234,2.85636,
14235,2.70004,
14236,2.97032,
14237,3.12502,
14238,3.21971,
14239,3.18619,
14240,3.20765,
14241,3.09442,
14242,2.93225,
14243,2.9944,
14244,3.14564,
14245,3.27093,
14246,3.10018,
14247,3.0973,
14248,2.71931,
14249,2.76504,
14250,3.24266,
14251,2.93936,
14252,3.12786,
14253,2.89689,
14254,3.01857,
14255,2.87458,
14256,2.92987,
14257,2.88654,
14258,2.9498,
14259,2.89798,
14260,2.82688,
14261,2.96686,
14262,3.15927,
14263,2.85232,
14264,3.08568,
14265,3.14849,
14266,3.4769,
14267,3.41414,
14268,3.40247,
14269,3.38542,
14270,3.44808,
14271,3.45496,
14272,3.21437,
14273,2.97302,
14274,3.25693,
14275,3.09058,
14276,3.08725,
14277,3.29876,
14278,3.20354,
14279,3.22948,
14280,3.16633,
14281,3.08413,
14282,3.04939,
14283,3.21193,
14284,3.25627,
14285,3.18976,
14286,3.20153,
14287,3.11508,
14288,2.95003,
14289,3.41951,
14290,3.07883,
14291,3.05561,
14292,3.16801,
14293,3.23605,
14294,3.07124,
14295,3.46803,
14296,3.31255,
14297,3.51866,
14298,3.29002,
14299,3.4003,
14300,3.31598,
14301,3.23928,
14302,3.27366,
14303,3.2322,
14304,3.22183,
14305,3.2101,
14306,3.24685,
14307,3.23881,
14308,3.04041,
14309,3.20327,
14310,3.08273,
14311,3.10194,
14312,2.87216,
14313,2.98371,
14314,2.90689,
14315,3.07256,
14316,3.08852,
14317,2.90289,
14318,3.00587,
14319,2.98477,
14320,3.16937,
14321,3.07439,
14322,3.05847,
14323,3.3029,
14324,3.31789,
14325,3.30785,
14326,3.30207,
14327,3.34913,
14328,3.34861,
14329,3.28755,
14330,3.35834,
14331,3.27575,
14332,3.28464,
14333,3.36249,
14334,3.24694,
14335,3.23357,
14336,2.99751,
14337,3.19491,
14338,3.19806,
14339,3.31684,
14340,3.20939,
14341,3.07161,
14342,3.15175,
14343,3.08781,
14344,3.10047,
14345,3.26091,
14346,3.31889,
14347,3.11627,
14348,3.05453,
14349,3.1589,
14350,3.38339,
14351,3.30972,
14352,3.36594,
14353,3.21421,
14354,3.39018,
14355,3.21177,
14356,3.31717,
14357,3.491,
14358,3.21023,
14359,3.11496,
14360,3.08222,
14361,3.36471,
14362,3.30526,
14363,3.19087,
14364,3.24681,
14365,3.18566,
14366,3.38374,
14367,3.30097,
14368,3.44342,
14369,3.0515,
14370,3.16698,
14371,2.93332,
14372,3.10882,
14373,3.13728,
14374,3.08894,
14375,3.1178,
14376,3.24684,
14377,3.17543,
14378,3.15397,
14379,2.90538,
14380,3.02884,
14381,3.13122,
14382,3.1376,
14383,3.05398,
14384,3.55188,
14385,3.44109,
14386,3.41743,
14387,3.34576,
14388,3.25025,
14389,3.3223,
14390,3.10918,
14391,3.34499,
14392,3.47705,
14393,3.3328,
14394,3.37791,
14395,3.65102,
14396,3.70453,
14397,3.26973,
14398,3.29014,
14399,3.34779,
14400,3.40282,
14401,3.58142,
14402,3.3459,
14403,3.26053,
14404,3.25953,
14405,3.14095,
14406,3.20393,
14407,3.19501,
14408,3.23145,
14409,3.1784,
14410,3.04824,
14411,3.22751,
14412,3.72072,
14413,3.74314,
14414,3.60663,
14415,3.61008,
14416,3.58874,
14417,3.63127,
14418,3.59499,
14419,3.56443,
14420,3.5274,
14421,3.589,
14422,3.55745,
14423,3.50135,
14424,3.51805,
14425,3.40757,
14426,3.49648,
14427,3.57006,
14428,3.51088,
14429,3.42476,
14430,3.3503,
14431,3.34808,
14432,3.56871,
14433,3.38164,
14434,3.34096,
14435,3.29385,
14436,3.31389,
14437,3.21679,
14438,3.37661,
14439,3.22907,
14440,3.2901,
14441,3.25182,
14442,3.07349,
14443,2.94319,
14444,3.25373,
14445,3.47599,
14446,3.34865,
14447,3.0644,
14448,3.24408,
14449,3.27225,
14450,3.14862,
14451,3.25859,
14452,3.32931,
14453,3.08986,
14454,3.30078,
14455,3.152,
14456,3.13774,
14457,3.39304,
14458,3.26619,
14459,3.25766,
14460,3.31715,
14461,3.17389,
14462,3.07445,
14463,3.04229,
14464,3.06703,
14465,3.25198,
14466,3.13936,
14467,3.03991,
14468,3.26899,
14469,3.14064,
14470,3.07452,
14471,3.15494,
14472,3.01729,
14473,3,
14474,3.22047,
14475,3.02843,
14476,2.98508,
14477,3.04241,
14478,3.11648,
14479,3.02629,
14480,2.95082,
14481,3.06935,
14482,3.03877,
14483,3.19037,
14484,3.19216,
14485,3.20832,
14486,3.22058,
14487,3.23645,
14488,3.10338,
14489,3.25251,
14490,2.95572,
14491,3.16179,
14492,3.15463,
14493,3.06244,
14494,3.38671,
14495,3.05647,
14496,3.00404,
14497,3.27793,
14498,3.08708,
14499,2.94207,
14500,3.07142,
14501,3.30167,
14502,2.78763,
14503,2.98827,
14504,3.19061,
14505,2.91126,
14506,3.0841,
14507,3.01133,
14508,2.93843,
14509,2.86629,
14510,3.38425,
14511,3.2995,
14512,3.28025,
14513,3.23484,
14514,3.36245,
14515,3.24093,
14516,3.32541,
14517,3.21888,
14518,3.18267,
14519,3.31223,
14520,3.22116,
14521,3.24639,
14522,3.17369,
14523,3.16494,
14524,3.23109,
14525,2.89733,
14526,3.06511,
14527,3.16286,
14528,3.22492,
14529,3.20407,
14530,2.85132,
14531,3.08446,
14532,3.12773,
14533,2.99319,
14534,2.75196,
14535,2.92426,
14536,2.99301,
14537,2.96619,
14538,3.00356,
14539,2.80349,
14540,2.80656,
14541,2.81015,
14542,3.00334,
14543,3.08206,
14544,3.76422,
14545,3.47812,
14546,3.33301,
14547,3.2656,
14548,3.44716,
14549,3.44735,
14550,3.14944,
14551,3.35258,
14552,3.19846,
14553,3.21506,
14554,3.11898,
14555,3.46707,
14556,3.25895,
14557,3.18419,
14558,3.32789,
14559,3.34118,
14560,3.26211,
14561,3.33367,
14562,3.18015,
14563,3.30553,
14564,3.29424,
14565,3.13058,
14566,3.1158,
14567,3.18175,
14568,3.30389,
14569,3.36847,
14570,3.32094,
14571,3.20914,
14572,3.38383,
14573,3.18847,
14574,3.23869,
14575,3.41122,
14576,3.27796,
14577,3.20938,
14578,3.27429,
14579,3.2593,
14580,3.06968,
14581,3.16044,
14582,3.22253,
14583,3.33184,
14584,3.09747,
14585,3.15645,
14586,3.08388,
14587,3.2643,
14588,3.33685,
14589,3.18066,
14590,2.96396,
14591,3.20246,
14592,3.07655,
14593,3.04051,
14594,3.165,
14595,3.2631,
14596,3.19633,
14597,3.18733,
14598,3.20733,
14599,3.1942,
14600,3.10143,
14601,3.11787,
14602,3.02618,
14603,3.05339,
14604,3.02911,
14605,3.20578,
14606,2.92785,
14607,2.8987,
14608,2.98521,
14609,3.00138,
14610,3.07324,
14611,3.00908,
14612,2.86131,
14613,3.02632,
14614,2.91403,
14615,3.10146,
14616,2.93787,
14617,3.02255,
14618,3.17438,
14619,3.10774,
14620,3.15338,
14621,2.85635,
14622,3.01122,
14623,2.99351,
14624,3.04994,
14625,3.15637,
14626,2.77742,
14627,2.91234,
14628,2.76126,
14629,2.82301,
14630,3.06634,
14631,3.08464,
14632,3.03833,
14633,2.92366,
14634,3.16766,
14635,3.04275,
14636,3.27132,
14637,3.35831,
14638,3.35821,
14639,3.26693,
14640,3.26357,
14641,3.52463,
14642,3.24143,
14643,3.12317,
14644,3.2974,
14645,3.10564,
14646,3.28619,
14647,3.36485,
14648,3.22265,
14649,3.19365,
14650,3.26554,
14651,3.03565,
14652,3.26464,
14653,3.17355,
14654,3.04398,
14655,3.11918,
14656,3.09676,
14657,2.93476,
14658,3.12778,
14659,3.15324,
14660,2.9827,
14661,3.07071,
14662,3.21649,
14663,3.32571,
14664,3.12408,
14665,3.17551,
14666,3.07868,
14667,3.46515,
14668,3.44577,
14669,3.47642,
14670,3.43551,
14671,3.51387,
14672,3.41649,
14673,3.35825,
14674,3.48699,
14675,3.36245,
14676,3.39225,
14677,3.39271,
14678,3.43905,
14679,3.25067,
14680,3.41379,
14681,3.37119,
14682,3.37686,
14683,3.45389,
14684,3.29127,
14685,3.34161,
14686,3.31347,
14687,3.38659,
14688,3.48359,
14689,3.46301,
14690,2.99648,
14691,3.04256,
14692,2.92256,
14693,2.78644,
14694,2.854,
14695,2.77889,
14696,3.07876,
14697,2.59592,
14698,2.87936,
14699,2.85894,
14700,2.93018,
14701,2.94565,
14702,2.71954,
14703,2.79455,
14704,3.02069,
14705,3.17247,
14706,3.10038,
14707,2.80682,
14708,2.85348,
14709,3.36701,
14710,3.45405,
14711,3.42609,
14712,3.43596,
14713,3.3975,
14714,3.4173,
14715,3.31904,
14716,3.1168,
14717,3.25187,
14718,3.29167,
14719,3.20838,
14720,3.28288,
14721,3.41358,
14722,3.41709,
14723,3.26553,
14724,3.18793,
14725,3.01987,
14726,3.18776,
14727,3.14864,
14728,3.14761,
14729,2.93303,
14730,2.95486,
14731,2.87732,
14732,3.11552,
14733,3.09178,
14734,2.99695,
14735,3.31323,
14736,3.2501,
14737,3.30357,
14738,3.23881,
14739,3.38055,
14740,3.24664,
14741,3.14158,
14742,3.23311,
14743,2.97116,
14744,3.00678,
14745,2.99688,
14746,3.19882,
14747,3.31811,
14748,3.14484,
14749,2.95807,
14750,2.89914,
14751,2.81286,
14752,2.6952,
14753,2.77767,
14754,2.8035,
14755,3.10076,
14756,2.78639,
14757,2.77704,
14758,2.82203,
14759,3.11999,
14760,3.00515,
14761,3.22978,
14762,2.85634,
14763,3.38724,
14764,3.09252,
14765,3.41162,
14766,3.61675,
14767,3.31552,
14768,3.39417,
14769,3.35345,
14770,3.24144,
14771,3.33986,
14772,3.31805,
14773,3.18566,
14774,3.00961,
14775,3.04036,
14776,3.16907,
14777,3.09963,
14778,3.14306,
14779,3.23819,
14780,3.03775,
14781,3.16429,
14782,2.93196,
14783,3.34181,
14784,3.23883,
14785,2.92157,
14786,2.92905,
14787,3.20572,
14788,2.89417,
14789,2.89218,
14790,2.9186,
14791,2.7729,
14792,2.77763,
14793,2.88532,
14794,3.53097,
14795,3.45719,
14796,3.57663,
14797,3.51049,
14798,3.54575,
14799,3.3814,
14800,3.1708,
14801,3.29383,
14802,3.19948,
14803,3.35852,
14804,3.59282,
14805,3.3737,
14806,3.34119,
14807,3.20324,
14808,3.15526,
14809,3.46538,
14810,3.4344,
14811,3.49721,
14812,3.23493,
14813,3.50366,
14814,3.15847,
14815,3.22668,
14816,3.21971,
14817,3.32326,
14818,3.2419,
14819,3.17475,
14820,3.1077,
14821,3.0539,
14822,3.26511,
14823,3.06713,
14824,3.06744,
14825,3.19768,
14826,3.22425,
14827,3.18843,
14828,3.08548,
14829,3.14061,
14830,3.02633,
14831,3.13556,
14832,3.00075,
14833,3.04711,
14834,3.13287,
14835,2.86631,
14836,2.93617,
14837,3.14395,
14838,3.07776,
14839,3.52,
14840,3.52431,
14841,3.45548,
14842,3.54749,
14843,3.43206,
14844,3.42519,
14845,3.32259,
14846,3.3362,
14847,3.1161,
14848,3.18521,
14849,3.11349,
14850,3.11324,
14851,3.35626,
14852,3.35211,
14853,3.20028,
14854,3.43435,
14855,3.37826,
14856,2.97996,
14857,3.07566,
14858,3.10968,
14859,3.04964,
14860,3.17354,
14861,3.29037,
14862,3.24958,
14863,3.34618,
14864,3.4552,
14865,3.45786,
14866,2.91331,
14867,3.07569,
14868,3.2803,
14869,3.26425,
14870,3.40153,
14871,3.36015,
14872,3.42283,
14873,3.36726,
14874,3.40784,
14875,3.19763,
14876,3.20552,
14877,3.3644,
14878,3.03495,
14879,3.31722,
14880,3.32484,
14881,3.25924,
14882,3.2303,
14883,3.20975,
14884,3.47597,
14885,3.29153,
14886,3.3766,
14887,3.27495,
14888,3.40974,
14889,3.33457,
14890,3.39945,
14891,3.15273,
14892,3.2599,
14893,3.19408,
14894,3.11551,
14895,3.12606,
14896,3.06036,
14897,3.13397,
14898,3.1695,
14899,3.28366,
14900,2.93249,
14901,3.14046,
14902,3.37566,
14903,3.25053,
14904,3.25434,
14905,3.17361,
14906,3.31321,
14907,3.047,
14908,3.2588,
14909,2.57595,
14910,3.41151,
14911,3.33872,
14912,3.44262,
14913,3.61495,
14914,3.77378,
14915,3.38806,
14916,3.45423,
14917,3.31652,
14918,3.50214,
14919,3.47057,
14920,3.38283,
14921,3.35906,
14922,3.19929,
14923,3.22565,
14924,3.30881,
14925,3.40824,
14926,3.17134,
14927,3.38635,
14928,3.45329,
14929,3.31558,
14930,3.26733,
14931,3.28117,
14932,3.30595,
14933,3.37758,
14934,3.32747,
14935,3.27926,
14936,3.27252,
14937,3.19124,
14938,3.36589,
14939,3.39499,
14940,3.15328,
14941,3.28109,
14942,3.13528,
14943,3.05738,
14944,2.99232,
14945,2.86706,
14946,3.23594,
14947,3.28712,
14948,2.99581,
14949,3.09752,
14950,3.22048,
14951,3.06763,
14952,2.98667,
14953,3.06903,
14954,2.97945,
14955,3.15941,
14956,2.98055,
14957,3.09099,
14958,3.24724,
14959,3.05136,
14960,3.30886,
14961,3.34472,
14962,3.21062,
14963,3.15798,
14964,3.15173,
14965,3.37441,
14966,3.23126,
14967,3.22301,
14968,3.21713,
14969,3.31845,
14970,3.10094,
14971,2.91218,
14972,3.11503,
14973,3.05315,
14974,3.133,
14975,3.14747,
14976,2.8416,
14977,3.21426,
14978,3.25906,
14979,3.19759,
14980,3.11428,
14981,3.04651,
14982,3.27394,
14983,3.07286,
14984,2.83342,
14985,3.14968,
14986,3.15206,
14987,3.40026,
14988,3.15073,
14989,3.01352,
14990,3.12142,
14991,3.10271,
14992,3.03686,
14993,3.06089,
14994,3.16217,
14995,3.38149,
14996,3.2956,
14997,3.37,
14998,3.16301,
14999,3.17431,
15000,3.08612,
15001,3.30912,
15002,3.30332,
15003,3.28131,
15004,3.24953,
15005,3.41881,
15006,3.18601,
15007,3.21996,
15008,3.1534,
15009,3.02331,
15010,3.26699,
15011,3.22595,
15012,3.37423,
15013,3.25053,
15014,2.86138,
15015,2.94306,
15016,3.13388,
15017,2.97516,
15018,3.09527,
15019,2.90476,
15020,3.08001,
15021,3.30576,
15022,3.43834,
15023,3.22002,
15024,3.32832,
15025,3.32289,
15026,3.29923,
15027,3.23974,
15028,3.34297,
15029,3.30825,
15030,3.35599,
15031,3.25713,
15032,3.28656,
15033,3.2629,
15034,3.16693,
15035,3.28723,
15036,2.88114,
15037,3.06672,
15038,3.22701,
15039,3.12772,
15040,3.19885,
15041,2.98426,
15042,3.06513,
15043,3.21431,
15044,2.95587,
15045,3.1409,
15046,3.00878,
15047,2.94343,
15048,3.15623,
15049,2.90712,
15050,2.9694,
15051,2.98722,
15052,3.09267,
15053,2.99999,
15054,3.18167,
15055,3.24945,
15056,3.14556,
15057,2.99843,
15058,3.06329,
15059,3.15585,
15060,3.16596,
15061,3.01978,
15062,3.35567,
15063,3.24635,
15064,3.21171,
15065,3.28476,
15066,3.19999,
15067,3.13122,
15068,3.20784,
15069,3.14264,
15070,3.21198,
15071,3.22083,
15072,3.35047,
15073,3.45275,
15074,3.3041,
15075,3.22101,
15076,3.20617,
15077,3.05936,
15078,3.14415,
15079,3.08513,
15080,3.13002,
15081,3.00097,
15082,3.15439,
15083,3.09454,
15084,3.26413,
15085,3.06329,
15086,3.19628,
15087,3.2993,
15088,3.38943,
15089,3.38262,
15090,3.11199,
15091,2.94072,
15092,3.21572,
15093,2.92561,
15094,3.19894,
15095,3.41526,
15096,3.41037,
15097,3.39101,
15098,3.42349,
15099,3.18245,
15100,3.39141,
15101,3.26857,
15102,3.23658,
15103,3.1969,
15104,3.46088,
15105,3.14276,
15106,3.32533,
15107,2.99363,
15108,3.35313,
15109,3.32023,
15110,3.52826,
15111,3.20888,
15112,3.24393,
15113,3.33026,
15114,3.0887,
15115,3.31362,
15116,3.02032,
15117,3.11687,
15118,3.10324,
15119,3.37208,
15120,3.32822,
15121,2.91044,
15122,3.22356,
15123,3.13572,
15124,3.25796,
15125,3.23164,
15126,3.44195,
15127,3.31566,
15128,3.14503,
15129,3.22872,
15130,3.29638,
15131,3.13408,
15132,3.02499,
15133,3.01422,
15134,3.45811,
15135,3.49598,
15136,3.44329,
15137,3.40825,
15138,3.29442,
15139,3.30228,
15140,3.14067,
15141,3.41185,
15142,3.23797,
15143,3.31516,
15144,3.31439,
15145,3.2723,
15146,3.19758,
15147,3.29936,
15148,3.22262,
15149,3.16423,
15150,3.32802,
15151,3.38014,
15152,3.14922,
15153,3.4634,
15154,3.29835,
15155,3.13063,
15156,3.06077,
15157,3.32454,
15158,3.2661,
15159,3.19484,
15160,3.1549,
15161,3.31814,
15162,3.10289,
15163,3.05964,
15164,3.192,
15165,3.07416,
15166,3.20619,
15167,3.26959,
15168,3.29972,
15169,3.16422,
15170,3.16821,
15171,3.08941,
15172,3.29095,
15173,3.31406,
15174,2.90723,
15175,3.11933,
15176,3.12302,
15177,3.24155,
15178,3.26163,
15179,3.26964,
15180,3.03423,
15181,3.18159,
15182,3.26985,
15183,2.96323,
15184,3.00256,
15185,3.30175,
15186,3.19383,
15187,3.27953,
15188,3.04854,
15189,3.05104,
15190,3.23639,
15191,3.20778,
15192,3.08117,
15193,3.32525,
15194,3.24732,
15195,2.96426,
15196,3.08581,
15197,3.01614,
15198,3.14956,
15199,2.9729,
15200,3.17913,
15201,3.31965,
15202,3.18481,
15203,3.38048,
15204,3.36378,
15205,3.286,
15206,3.33635,
15207,3.14663,
15208,3.20803,
15209,3.27712,
15210,3.26683,
15211,3.36533,
15212,3.46647,
15213,3.5717,
15214,4.4263,
15215,3.27611,
15216,3.25624,
15217,3.32181,
15218,3.3193,
15219,3.13726,
15220,3.2405,
15221,3.21488,
15222,3.22626,
15223,3.15654,
15224,3.734,
15225,3.23856,
15226,3.23202,
15227,2.83807,
15228,3.0532,
15229,3.23698,
15230,3.2544,
15231,3.37495,
15232,3.42271,
15233,3.22771,
15234,3.30563,
15235,3.28872,
15236,3.22396,
15237,3.48651,
15238,3.27011,
15239,3.23365,
15240,3.39244,
15241,3.38773,
15242,3.30302,
15243,3.16968,
15244,3.21284,
15245,3.20724,
15246,3.21324,
15247,3.13339,
15248,2.939,
15249,3.27402,
15250,3.14809,
15251,2.99353,
15252,3.04261,
15253,3.10455,
15254,3.23467,
15255,3.16759,
15256,3.08526,
15257,3.22849,
15258,2.94569,
15259,3.12184,
15260,2.88676,
15261,3.23445,
15262,3.05669,
15263,3.10876,
15264,3.2123,
15265,3.1341,
15266,3.11432,
15267,3.11996,
15268,3.102,
15269,2.94111,
15270,3.16789,
15271,3.14781,
15272,2.85251,
15273,2.96039,
15274,2.92313,
15275,3.12504,
15276,3.10069,
15277,3.07886,
15278,3.06625,
15279,3.10736,
15280,3.1728,
15281,2.89555,
15282,3.25011,
15283,3.06924,
15284,3.088,
15285,3.09018,
15286,3.26075,
15287,3.41677,
15288,3.37686,
15289,3.11846,
15290,3.06172,
15291,3.42463,
15292,3.20073,
15293,3.22646,
15294,3.12022,
15295,3.03917,
15296,3.09597,
15297,3.25112,
15298,2.90705,
15299,2.83762,
15300,2.69553,
15301,2.94442,
15302,3.11531,
15303,3.21081,
15304,3.17628,
15305,3.1959,
15306,3.08314,
15307,2.9163,
15308,2.98223,
15309,3.12485,
15310,3.26122,
15311,3.07544,
15312,3.0745,
15313,2.70464,
15314,2.75131,
15315,3.2225,
15316,2.91077,
15317,3.11458,
15318,2.87423,
15319,3.01564,
15320,2.86317,
15321,2.92983,
15322,2.86635,
15323,2.92276,
15324,2.885,
15325,2.8147,
15326,2.95216,
15327,3.15359,
15328,2.84742,
15329,3.07381,
15330,3.1234,
15331,3.46824,
15332,3.39904,
15333,3.40219,
15334,3.36242,
15335,3.43361,
15336,3.41871,
15337,3.19402,
15338,2.94708,
15339,3.23932,
15340,3.06677,
15341,3.07471,
15342,3.28683,
15343,3.19942,
15344,3.22993,
15345,3.16159,
15346,3.08159,
15347,3.03039,
15348,3.19867,
15349,3.25691,
15350,3.15721,
15351,3.18898,
15352,3.10117,
15353,2.95868,
15354,3.41253,
15355,3.07497,
15356,3.04024,
15357,3.17297,
15358,3.22753,
15359,3.0529,
15360,3.45864,
15361,3.29476,
15362,3.48522,
15363,3.27308,
15364,3.38438,
15365,3.29025,
15366,3.24053,
15367,3.26737,
15368,3.20325,
15369,3.20416,
15370,3.19435,
15371,3.24079,
15372,3.21612,
15373,3.03052,
15374,3.18488,
15375,3.07906,
15376,3.08514,
15377,2.83874,
15378,2.96046,
15379,2.87572,
15380,3.05614,
15381,3.07223,
15382,2.88545,
15383,2.9815,
15384,2.97766,
15385,3.14458,
15386,3.06289,
15387,3.04757,
15388,3.26662,
15389,3.27541,
15390,3.27399,
15391,3.28428,
15392,3.32386,
15393,3.32805,
15394,3.26284,
15395,3.34573,
15396,3.25879,
15397,3.25646,
15398,3.34191,
15399,3.22389,
15400,3.19499,
15401,2.98501,
15402,3.17772,
15403,3.18701,
15404,3.30698,
15405,3.21484,
15406,3.04151,
15407,3.13656,
15408,3.0752,
15409,3.09212,
15410,3.25505,
15411,3.31388,
15412,3.10539,
15413,3.04055,
15414,3.13198,
15415,3.35086,
15416,3.29384,
15417,3.33421,
15418,3.20533,
15419,3.3775,
15420,3.17678,
15421,3.30177,
15422,3.47601,
15423,3.19353,
15424,3.10474,
15425,3.05519,
15426,3.33435,
15427,3.30187,
15428,3.16062,
15429,3.24214,
15430,3.16678,
15431,3.3663,
15432,3.28808,
15433,3.43505,
15434,3.0408,
15435,3.13355,
15436,2.91494,
15437,3.09253,
15438,3.1322,
15439,3.08129,
15440,3.08207,
15441,3.23437,
15442,3.17331,
15443,3.14191,
15444,2.89574,
15445,3.01154,
15446,3.11769,
15447,3.1205,
15448,3.04125,
15449,3.53632,
15450,3.4336,
15451,3.39959,
15452,3.31696,
15453,3.23064,
15454,3.31998,
15455,3.09435,
15456,3.3306,
15457,3.47035,
15458,3.30886,
15459,3.37322,
15460,3.62273,
15461,3.67863,
15462,3.26519,
15463,3.2839,
15464,3.3364,
15465,3.39367,
15466,3.5547,
15467,3.33584,
15468,3.25186,
15469,3.23137,
15470,3.12901,
15471,3.1897,
15472,3.18202,
15473,3.22148,
15474,3.16267,
15475,3.03913,
15476,3.20899,
15477,3.70071,
15478,3.72896,
15479,3.60799,
15480,3.58999,
15481,3.58523,
15482,3.6062,
15483,3.57423,
15484,3.54859,
15485,3.51847,
15486,3.57075,
15487,3.55717,
15488,3.49888,
15489,3.51363,
15490,3.4028,
15491,3.48577,
15492,3.57368,
15493,3.50725,
15494,3.40605,
15495,3.34425,
15496,3.3266,
15497,3.54877,
15498,3.35867,
15499,3.31103,
15500,3.2759,
15501,3.28377,
15502,3.18579,
15503,3.35785,
15504,3.2125,
15505,3.25815,
15506,3.22706,
15507,3.07273,
15508,2.94886,
15509,3.23506,
15510,3.47729,
15511,3.33882,
15512,3.06316,
15513,3.23843,
15514,3.26561,
15515,3.1346,
15516,3.23568,
15517,3.31196,
15518,3.07,
15519,3.28533,
15520,3.14233,
15521,3.11079,
15522,3.37278,
15523,3.26092,
15524,3.25112,
15525,3.30059,
15526,3.1489,
15527,3.05221,
15528,3.01684,
15529,3.06028,
15530,3.23794,
15531,3.13666,
15532,3.02254,
15533,3.24869,
15534,3.11859,
15535,3.06525,
15536,3.14739,
15537,3.00799,
15538,2.98194,
15539,3.20197,
15540,2.98981,
15541,2.97043,
15542,3.01633,
15543,3.08913,
15544,3.02798,
15545,2.94526,
15546,3.06089,
15547,3.02763,
15548,3.17313,
15549,3.17769,
15550,3.1946,
15551,3.18814,
15552,3.21865,
15553,3.0851,
15554,3.22164,
15555,2.94243,
15556,3.14203,
15557,3.13515,
15558,3.04705,
15559,3.36349,
15560,3.04739,
15561,3.00418,
15562,3.26236,
15563,3.06953,
15564,2.93336,
15565,3.05093,
15566,3.29823,
15567,2.77828,
15568,2.96026,
15569,3.15685,
15570,2.90884,
15571,3.06649,
15572,3.00251,
15573,2.92388,
15574,2.84699,
15575,3.36176,
15576,3.28709,
15577,3.26306,
15578,3.20531,
15579,3.35759,
15580,3.22584,
15581,3.33876,
15582,3.21411,
15583,3.15406,
15584,3.29132,
15585,3.20554,
15586,3.21632,
15587,3.16556,
15588,3.16199,
15589,3.21199,
15590,2.88103,
15591,3.06005,
15592,3.15258,
15593,3.21554,
15594,3.19648,
15595,2.83995,
15596,3.06513,
15597,3.11821,
15598,2.98248,
15599,2.74369,
15600,2.92433,
15601,2.99175,
15602,2.94632,
15603,2.99727,
15604,2.78286,
15605,2.80926,
15606,2.79509,
15607,2.99675,
15608,3.06835,
15609,3.74149,
15610,3.46122,
15611,3.32237,
15612,3.24359,
15613,3.43515,
15614,3.42507,
15615,3.1355,
15616,3.3309,
15617,3.18118,
15618,3.20834,
15619,3.10714,
15620,3.44918,
15621,3.24749,
15622,3.16714,
15623,3.32874,
15624,3.33336,
15625,3.23582,
15626,3.3165,
15627,3.16829,
15628,3.29292,
15629,3.29042,
15630,3.11426,
15631,3.09771,
15632,3.17998,
15633,3.28141,
15634,3.35065,
15635,3.29886,
15636,3.19769,
15637,3.37475,
15638,3.17519,
15639,3.22206,
15640,3.40333,
15641,3.26125,
15642,3.1915,
15643,3.26876,
15644,3.24332,
15645,3.0593,
15646,3.16185,
15647,3.19886,
15648,3.32521,
15649,3.08462,
15650,3.13627,
15651,3.06057,
15652,3.25462,
15653,3.3189,
15654,3.16384,
15655,2.9557,
15656,3.17886,
15657,3.04979,
15658,3.01964,
15659,3.15055,
15660,3.24146,
15661,3.18298,
15662,3.15846,
15663,3.17081,
15664,3.19898,
15665,3.08983,
15666,3.10943,
15667,3.00454,
15668,3.04767,
15669,3.01744,
15670,3.18972,
15671,2.89746,
15672,2.8855,
15673,2.96343,
15674,2.99943,
15675,3.0683,
15676,2.99537,
15677,2.83374,
15678,3.01201,
15679,2.87914,
15680,3.09028,
15681,2.92167,
15682,2.98692,
15683,3.15192,
15684,3.09551,
15685,3.12605,
15686,2.84176,
15687,2.9918,
15688,2.96053,
15689,3.02996,
15690,3.12867,
15691,2.75222,
15692,2.89333,
15693,2.74641,
15694,2.80707,
15695,3.05388,
15696,3.05442,
15697,3.02542,
15698,2.91546,
15699,3.15414,
15700,3.01442,
15701,3.24085,
15702,3.33972,
15703,3.33008,
15704,3.24689,
15705,3.24543,
15706,3.51609,
15707,3.22085,
15708,3.1187,
15709,3.27772,
15710,3.09819,
15711,3.2684,
15712,3.35512,
15713,3.20487,
15714,3.17868,
15715,3.25342,
15716,3.01732,
15717,3.23648,
15718,3.17989,
15719,3.02967,
15720,3.10318,
15721,3.1001,
15722,2.90911,
15723,3.10639,
15724,3.15253,
15725,2.96384,
15726,3.05295,
15727,3.21099,
15728,3.30511,
15729,3.10863,
15730,3.16836,
15731,3.0649,
15732,3.43944,
15733,3.42676,
15734,3.47597,
15735,3.43739,
15736,3.48974,
15737,3.3903,
15738,3.33265,
15739,3.45811,
15740,3.34762,
15741,3.3913,
15742,3.38678,
15743,3.41469,
15744,3.24084,
15745,3.41475,
15746,3.35615,
15747,3.36313,
15748,3.44814,
15749,3.28571,
15750,3.32386,
15751,3.31881,
15752,3.37867,
15753,3.46168,
15754,3.44335,
15755,2.96366,
15756,3.02861,
15757,2.89725,
15758,2.76523,
15759,2.83506,
15760,2.75912,
15761,3.0635,
15762,2.59648,
15763,2.84674,
15764,2.85501,
15765,2.91914,
15766,2.93038,
15767,2.70794,
15768,2.76828,
15769,3.01416,
15770,3.15752,
15771,3.092,
15772,2.78418,
15773,2.84026,
15774,3.35141,
15775,3.44406,
15776,3.41128,
15777,3.423,
15778,3.38796,
15779,3.39013,
15780,3.29059,
15781,3.09191,
15782,3.23984,
15783,3.28966,
15784,3.18318,
15785,3.26468,
15786,3.41001,
15787,3.41249,
15788,3.23607,
15789,3.1739,
15790,3.00679,
15791,3.17555,
15792,3.13324,
15793,3.13392,
15794,2.92379,
15795,2.92798,
15796,2.87842,
15797,3.09692,
15798,3.08197,
15799,2.98666,
15800,3.30331,
15801,3.23217,
15802,3.28316,
15803,3.24475,
15804,3.36613,
15805,3.22839,
15806,3.12584,
15807,3.20626,
15808,2.94762,
15809,2.9921,
15810,2.97838,
15811,3.18569,
15812,3.30468,
15813,3.13948,
15814,2.93857,
15815,2.88523,
15816,2.7956,
15817,2.66649,
15818,2.78843,
15819,2.78999,
15820,3.08343,
15821,2.78741,
15822,2.77101,
15823,2.81383,
15824,3.118,
15825,2.99574,
15826,3.20766,
15827,2.84979,
15828,3.35956,
15829,3.07271,
15830,3.36895,
15831,3.59781,
15832,3.29923,
15833,3.37982,
15834,3.33861,
15835,3.20571,
15836,3.31761,
15837,3.2907,
15838,3.17535,
15839,2.985,
15840,3.01772,
15841,3.1523,
15842,3.08247,
15843,3.13939,
15844,3.22101,
15845,3.01489,
15846,3.1679,
15847,2.92891,
15848,3.32648,
15849,3.21955,
15850,2.90605,
15851,2.91014,
15852,3.18345,
15853,2.88063,
15854,2.8649,
15855,2.92141,
15856,2.75813,
15857,2.7687,
15858,2.86224,
15859,3.51667,
15860,3.43373,
15861,3.5548,
15862,3.5073,
15863,3.52943,
15864,3.36041,
15865,3.13988,
15866,3.26698,
15867,3.18287,
15868,3.3481,
15869,3.56768,
15870,3.36811,
15871,3.32697,
15872,3.17167,
15873,3.13039,
15874,3.44844,
15875,3.41586,
15876,3.48767,
15877,3.22499,
15878,3.47704,
15879,3.14608,
15880,3.20926,
15881,3.19713,
15882,3.30545,
15883,3.19674,
15884,3.1498,
15885,3.09587,
15886,3.02056,
15887,3.24314,
15888,3.0445,
15889,3.03835,
15890,3.19496,
15891,3.20576,
15892,3.17331,
15893,3.06329,
15894,3.13033,
15895,3.01033,
15896,3.11046,
15897,2.97546,
15898,3.03568,
15899,3.12851,
15900,2.82811,
15901,2.91854,
15902,3.14172,
15903,3.05742,
15904,3.49625,
15905,3.50697,
15906,3.43771,
15907,3.53753,
15908,3.43116,
15909,3.39606,
15910,3.29896,
15911,3.31465,
15912,3.09025,
15913,3.1621,
15914,3.09454,
15915,3.09307,
15916,3.35642,
15917,3.32253,
15918,3.21224,
15919,3.41872,
15920,3.35191,
15921,2.97228,
15922,3.05205,
15923,3.09449,
15924,3.01129,
15925,3.14419,
15926,3.28182,
15927,3.24356,
15928,3.3339,
15929,3.44699,
15930,3.43802,
15931,2.91056,
15932,3.06429,
15933,3.25931,
15934,3.24486,
15935,3.39553,
15936,3.33141,
15937,3.41141,
15938,3.36102,
15939,3.40822,
15940,3.1667,
15941,3.18562,
15942,3.3559,
15943,3.02579,
15944,3.30339,
15945,3.31044,
15946,3.23792,
15947,3.22134,
15948,3.19675,
15949,3.45574,
15950,3.27939,
15951,3.37068,
15952,3.25252,
15953,3.38276,
15954,3.32458,
15955,3.36285,
15956,3.11915,
15957,3.23788,
15958,3.1711,
15959,3.08489,
15960,3.10354,
15961,3.04582,
15962,3.12418,
15963,3.15127,
15964,3.27133,
15965,2.92927,
15966,3.13147,
15967,3.3498,
15968,3.23426,
15969,3.22079,
15970,3.14282,
15971,3.28244,
15972,3.04239,
15973,3.23558,
15974,2.55653,
15975,3.39377,
15976,3.32749,
15977,3.43245,
15978,3.58862,
15979,3.76508,
15980,3.38525,
15981,3.44738,
15982,3.28913,
15983,3.48483,
15984,3.45708,
15985,3.3675,
15986,3.33909,
15987,3.18934,
15988,3.21865,
15989,3.28612,
15990,3.38625,
15991,3.16043,
15992,3.37313,
15993,3.43031,
15994,3.28674,
15995,3.25139,
15996,3.25942,
15997,3.29481,
15998,3.35988,
15999,3.31194,
16000,3.25641,
16001,3.26183,
16002,3.1709,
16003,3.35108,
16004,3.3799,
16005,3.13934,
16006,3.27462,
16007,3.12653,
16008,3.03261,
16009,2.97857,
16010,2.85357,
16011,3.21102,
16012,3.26907,
16013,2.99926,
16014,3.09338,
16015,3.20521,
16016,3.05419,
16017,2.96376,
16018,3.04832,
16019,2.9705,
16020,3.14765,
16021,2.96746,
16022,3.07238,
16023,3.22308,
16024,3.0296,
16025,3.30061,
16026,3.29727,
16027,3.17608,
16028,3.13295,
16029,3.12848,
16030,3.3531,
16031,3.20854,
16032,3.21009,
16033,3.20511,
16034,3.29959,
16035,3.08751,
16036,2.90849,
16037,3.10951,
16038,3.03358,
16039,3.12157,
16040,3.13135,
16041,2.82302,
16042,3.19299,
16043,3.25484,
16044,3.18559,
16045,3.10203,
16046,3.03464,
16047,3.27575,
16048,3.06262,
16049,2.81449,
16050,3.13103,
16051,3.12318,
16052,3.37904,
16053,3.12642,
16054,3.00631,
16055,3.11099,
16056,3.0904,
16057,3.04246,
16058,3.04455,
16059,3.13675,
16060,3.35862,
16061,3.27294,
16062,3.34252,
16063,3.15092,
16064,3.14391,
16065,3.07854,
16066,3.29193,
16067,3.29043,
16068,3.27447,
16069,3.21682,
16070,3.40846,
16071,3.17653,
16072,3.20267,
16073,3.13393,
16074,3.01184,
16075,3.25037,
16076,3.20156,
16077,3.35435,
16078,3.23273,
16079,2.85886,
16080,2.93118,
16081,3.12087,
16082,2.95922,
16083,3.08779,
16084,2.88175,
16085,3.07611,
16086,3.28637,
16087,3.41209,
16088,3.19133,
16089,3.31348,
16090,3.3065,
16091,3.28231,
16092,3.21779,
16093,3.31926,
16094,3.29934,
16095,3.34531,
16096,3.25066,
16097,3.26869,
16098,3.25706,
16099,3.151,
16100,3.27547,
16101,2.86384,
16102,3.05095,
16103,3.19463,
16104,3.11184,
16105,3.19895,
16106,2.97383,
16107,3.04889,
16108,3.22404,
16109,2.95203,
16110,3.12447,
16111,3.00581,
16112,2.93164,
16113,3.14658,
16114,2.89819,
16115,2.94739,
16116,2.97982,
16117,3.08006,
16118,2.97714,
16119,3.17867,
16120,3.23988,
16121,3.13628,
16122,2.99137,
16123,3.04807,
16124,3.1324,
16125,3.13691,
16126,2.99268,
16127,3.34429,
16128,3.21972,
16129,3.20086,
16130,3.27024,
16131,3.19836,
16132,3.11553,
16133,3.19052,
16134,3.12583,
16135,3.18576,
16136,3.19592,
16137,3.33112,
16138,3.43235,
16139,3.29828,
16140,3.21531,
16141,3.18616,
16142,3.05025,
16143,3.12653,
16144,3.05359,
16145,3.10683,
16146,2.98778,
16147,3.14217,
16148,3.06096,
16149,3.24872,
16150,3.04689,
16151,3.16756,
16152,3.28189,
16153,3.39,
16154,3.36562,
16155,3.11256,
16156,2.94838,
16157,3.20396,
16158,2.9038,
16159,3.18468,
16160,3.38112,
16161,3.38927,
16162,3.39481,
16163,3.40032,
16164,3.15514,
16165,3.38463,
16166,3.23997,
16167,3.22303,
16168,3.19477,
16169,3.4312,
16170,3.12922,
16171,3.31358,
16172,2.97332,
16173,3.33643,
16174,3.31021,
16175,3.49706,
16176,3.19894,
16177,3.23642,
16178,3.31827,
16179,3.08349,
16180,3.28224,
16181,3.00582,
16182,3.10067,
16183,3.09716,
16184,3.36259,
16185,3.32669,
16186,2.90344,
16187,3.21322,
16188,3.12276,
16189,3.23732,
16190,3.21346,
16191,3.42113,
16192,3.29578,
16193,3.12993,
16194,3.2137,
16195,3.27457,
16196,3.12998,
16197,3.01298,
16198,2.99442,
16199,3.43477,
16200,3.45912,
16201,3.42588,
16202,3.39923,
16203,3.27581,
16204,3.27554,
16205,3.11955,
16206,3.4019,
16207,3.22041,
16208,3.29575,
16209,3.30031,
16210,3.24717,
16211,3.19014,
16212,3.29245,
16213,3.21557,
16214,3.13805,
16215,3.31497,
16216,3.36438,
16217,3.13465,
16218,3.46198,
16219,3.28337,
16220,3.11434,
16221,3.04247,
16222,3.30433,
16223,3.25993,
16224,3.17898,
16225,3.13822,
16226,3.29466,
16227,3.08882,
16228,3.05236,
16229,3.18731,
16230,3.05775,
16231,3.18657,
16232,3.25888,
16233,3.27938,
16234,3.14108,
16235,3.15556,
16236,3.07475,
16237,3.28908,
16238,3.29932,
16239,2.89178,
16240,3.11278,
16241,3.10774,
16242,3.22395,
16243,3.24307,
16244,3.25919,
16245,3.02044,
16246,3.16173,
16247,3.25387,
16248,2.9307,
16249,2.98486,
16250,3.2896,
16251,3.17273,
16252,3.26536,
16253,3.03499,
16254,3.04282,
16255,3.2088,
16256,3.1922,
16257,3.06806,
16258,3.30705,
16259,3.23288,
16260,2.96242,
16261,3.07031,
16262,2.98322,
16263,3.13632,
16264,2.96231,
16265,3.14825,
16266,3.29669,
16267,3.17268,
16268,3.35276,
16269,3.35265,
16270,3.26754,
16271,3.32822,
16272,3.12637,
16273,3.18697,
16274,3.27407,
16275,3.26113,
16276,3.3495,
16277,3.44681,
16278,3.568,
16279,4.40634,
16280,3.26021,
16281,3.2419,
16282,3.28075,
16283,3.29233,
16284,3.11977,
16285,3.22887,
16286,3.19389,
16287,3.21585,
16288,3.13877,
16289,3.71188,
16290,3.22425,
16291,3.21262,
16292,2.81569,
16293,3.03535,
16294,3.22026,
16295,3.24751,
16296,3.36934,
16297,3.40395,
16298,3.22793,
16299,3.28695,
16300,3.27268,
16301,3.21313,
16302,3.46345,
16303,3.24578,
16304,3.20772,
16305,3.37111,
16306,3.37814,
16307,3.27295,
16308,3.16091,
16309,3.19125,
16310,3.19234,
16311,3.20684,
16312,3.11103,
16313,2.92872,
16314,3.25789,
16315,3.13559,
16316,2.97644,
16317,3.02999,
16318,3.08134,
16319,3.21724,
16320,3.1556,
16321,3.08326,
16322,3.2085,
16323,2.94318,
16324,3.10429,
16325,2.86366,
16326,3.21402,
16327,3.03963,
16328,3.08331,
16329,3.19832,
16330,3.11406,
16331,3.0966,
16332,3.09739,
16333,3.08841,
16334,2.92742,
16335,3.15485,
16336,3.13152,
16337,2.82824,
16338,2.9471,
16339,2.90573,
16340,3.11449,
16341,3.07703,
16342,3.07112,
16343,3.04057,
16344,3.10216,
16345,3.15607,
16346,2.88858,
16347,3.24049,
16348,3.06382,
16349,3.0631,
16350,3.06441,
16351,3.26027,
16352,3.40947,
16353,3.37293,
16354,3.09713,
16355,3.04698,
16356,3.40453,
16357,3.19186,
16358,3.21863,
16359,3.10951,
16360,3.02503,
16361,3.0778,
16362,3.22561,
16363,2.89255,
16364,2.84062,
16365,2.66873,
16366,2.92983,
16367,3.0908,
16368,3.17847,
16369,3.16445,
16370,3.18588,
16371,3.06085,
16372,2.90477,
16373,2.98608,
16374,3.12435,
16375,3.26689,
16376,3.05962,
16377,3.07538,
16378,2.68924,
16379,2.73832,
16380,3.21663,
16381,2.90878,
16382,3.08747,
16383,2.86847,
16384,3.00167,
16385,2.84909,
16386,2.89896,
16387,2.86517,
16388,2.90839,
16389,2.88295,
16390,2.80793,
16391,2.93417,
16392,3.14544,
16393,2.822,
16394,3.06792,
16395,3.11833,
16396,3.45076,
16397,3.40972,
16398,3.38501,
16399,3.35522,
16400,3.41576,
16401,3.40949,
16402,3.17957,
16403,2.93188,
16404,3.21783,
16405,3.06477,
16406,3.05453,
16407,3.27304,
16408,3.179,
16409,3.20987,
16410,3.14611,
16411,3.07445,
16412,3.02623,
16413,3.1829,
16414,3.23203,
16415,3.14652,
16416,3.16881,
16417,3.10014,
16418,2.93989,
16419,3.37862,
16420,3.04333,
16421,3.02773,
16422,3.14135,
16423,3.19432,
16424,3.03129,
16425,3.44425,
16426,3.28905,
16427,3.48075,
16428,3.24588,
16429,3.37643,
16430,3.28254,
16431,3.20603,
16432,3.24474,
16433,3.21149,
16434,3.18348,
16435,3.18143,
16436,3.21132,
16437,3.19882,
16438,3.00332,
16439,3.15938,
16440,3.0623,
16441,3.06401,
16442,2.8171,
16443,2.95185,
16444,2.85899,
16445,3.05687,
16446,3.05264,
16447,2.86908,
16448,2.96772,
16449,2.96317,
16450,3.13635,
16451,3.04008,
16452,3.05882,
16453,3.24247,
16454,3.25553,
16455,3.26402,
16456,3.25278,
16457,3.29566,
16458,3.31823,
16459,3.26128,
16460,3.33136,
16461,3.24936,
16462,3.23979,
16463,3.32658,
16464,3.21926,
16465,3.19317,
16466,2.96557,
16467,3.16284,
16468,3.18428,
16469,3.29221,
16470,3.19854,
16471,3.02217,
16472,3.12247,
16473,3.06288,
16474,3.0819,
16475,3.23565,
16476,3.3018,
16477,3.08079,
16478,3.02396,
16479,3.12499,
16480,3.32573,
16481,3.27952,
16482,3.31968,
16483,3.19613,
16484,3.36087,
16485,3.16756,
16486,3.29625,
16487,3.45233,
16488,3.18485,
16489,3.08366,
16490,3.03341,
16491,3.32475,
16492,3.28797,
16493,3.15143,
16494,3.23278,
16495,3.14222,
16496,3.36517,
16497,3.27927,
16498,3.43163,
16499,3.03371,
16500,3.12837,
16501,2.89549,
16502,3.07946,
16503,3.10071,
16504,3.08326,
16505,3.07234,
16506,3.22524,
16507,3.15224,
16508,3.12402,
16509,2.88696,
16510,3.00036,
16511,3.10158,
16512,3.08748,
16513,3.03164,
16514,3.5141,
16515,3.41134,
16516,3.37817,
16517,3.30038,
16518,3.20449,
16519,3.30176,
16520,3.07183,
16521,3.31412,
16522,3.44283,
16523,3.28931,
16524,3.34421,
16525,3.59988,
16526,3.66197,
16527,3.24629,
16528,3.25629,
16529,3.32196,
16530,3.38164,
16531,3.54683,
16532,3.31185,
16533,3.23326,
16534,3.22284,
16535,3.10828,
16536,3.17889,
16537,3.17385,
16538,3.20683,
16539,3.14012,
16540,3.03341,
16541,3.19459,
16542,3.68239,
16543,3.71229,
16544,3.59615,
16545,3.5774,
16546,3.56985,
16547,3.58618,
16548,3.55909,
16549,3.54232,
16550,3.50477,
16551,3.57626,
16552,3.53038,
16553,3.48017,
16554,3.50164,
16555,3.39004,
16556,3.48995,
16557,3.55389,
16558,3.49778,
16559,3.3922,
16560,3.32351,
16561,3.31127,
16562,3.53269,
16563,3.3479,
16564,3.29067,
16565,3.25059,
16566,3.27788,
16567,3.16808,
16568,3.34206,
16569,3.19328,
16570,3.25343,
16571,3.21836,
16572,3.05696,
16573,2.91715,
16574,3.22749,
16575,3.44745,
16576,3.3186,
16577,3.0557,
16578,3.22244,
16579,3.25208,
16580,3.14433,
16581,3.21755,
16582,3.288,
16583,3.05251,
16584,3.26114,
16585,3.11908,
16586,3.09132,
16587,3.37466,
16588,3.23844,
16589,3.21448,
16590,3.29472,
16591,3.1357,
16592,3.02949,
16593,2.99634,
16594,3.05065,
16595,3.21495,
16596,3.11487,
16597,3.00279,
16598,3.22232,
16599,3.09808,
16600,3.03992,
16601,3.12297,
16602,2.98679,
16603,2.97098,
16604,3.19325,
16605,2.96265,
16606,2.94396,
16607,2.9995,
16608,3.08193,
16609,2.98664,
16610,2.92411,
16611,3.0456,
16612,2.99918,
16613,3.15662,
16614,3.15619,
16615,3.17475,
16616,3.1591,
16617,3.19779,
16618,3.06675,
16619,3.20204,
16620,2.94939,
16621,3.12559,
16622,3.12425,
16623,3.03754,
16624,3.34451,
16625,3.03166,
16626,2.96674,
16627,3.2479,
16628,3.05432,
16629,2.91535,
16630,3.02988,
16631,3.28304,
16632,2.7662,
16633,2.93705,
16634,3.15057,
16635,2.88491,
16636,3.0555,
16637,2.98468,
16638,2.91133,
16639,2.83966,
16640,3.33022,
16641,3.25381,
16642,3.2333,
16643,3.18336,
16644,3.34173,
16645,3.20407,
16646,3.30428,
16647,3.19386,
16648,3.13693,
16649,3.27627,
16650,3.19417,
16651,3.20526,
16652,3.15329,
16653,3.14832,
16654,3.19,
16655,2.87767,
16656,3.04957,
16657,3.13374,
16658,3.20467,
16659,3.1788,
16660,2.84458,
16661,3.04632,
16662,3.0971,
16663,2.97513,
16664,2.73037,
16665,2.92021,
16666,2.96043,
16667,2.93841,
16668,2.97565,
16669,2.75507,
16670,2.77835,
16671,2.78998,
16672,2.97859,
16673,3.06277,
16674,3.71789,
16675,3.44454,
16676,3.29963,
16677,3.22558,
16678,3.4109,
16679,3.39503,
16680,3.12126,
16681,3.32051,
16682,3.17481,
16683,3.19277,
16684,3.09301,
16685,3.43507,
16686,3.23991,
16687,3.15214,
16688,3.3047,
16689,3.31116,
16690,3.22643,
16691,3.29769,
16692,3.15216,
16693,3.27476,
16694,3.2721,
16695,3.10127,
16696,3.07429,
16697,3.15688,
16698,3.25372,
16699,3.32888,
16700,3.2753,
16701,3.17242,
16702,3.34875,
16703,3.15528,
16704,3.19945,
16705,3.37959,
16706,3.24815,
16707,3.16543,
16708,3.24863,
16709,3.23454,
16710,3.04295,
16711,3.13271,
16712,3.18789,
16713,3.32213,
16714,3.07138,
16715,3.13389,
16716,3.03389,
16717,3.23201,
16718,3.30634,
16719,3.15634,
16720,2.94425,
16721,3.16036,
16722,3.03838,
16723,2.99876,
16724,3.12858,
16725,3.22573,
16726,3.15724,
16727,3.13008,
16728,3.15332,
16729,3.17059,
16730,3.06892,
16731,3.0929,
16732,2.99285,
16733,3.0257,
16734,3.00217,
16735,3.1754,
16736,2.88331,
16737,2.88415,
16738,2.94078,
16739,2.98224,
16740,3.0468,
16741,2.99208,
16742,2.81393,
16743,2.9992,
16744,2.86656,
16745,3.0768,
16746,2.89596,
16747,2.97798,
16748,3.13655,
16749,3.07457,
16750,3.11328,
16751,2.81965,
16752,2.97666,
16753,2.94518,
16754,3.02427,
16755,3.12681,
16756,2.7409,
16757,2.89113,
16758,2.74573,
16759,2.7959,
16760,3.04493,
16761,3.03015,
16762,3.02576,
16763,2.89773,
16764,3.15216,
16765,3.00305,
16766,3.19505,
16767,3.32185,
16768,3.31377,
16769,3.22837,
16770,3.23616,
16771,3.50642,
16772,3.20127,
16773,3.09338,
16774,3.27441,
16775,3.07315,
16776,3.24846,
16777,3.33047,
16778,3.19963,
16779,3.16344,
16780,3.22787,
16781,2.98912,
16782,3.22347,
16783,3.15171,
16784,3.0148,
16785,3.10028,
16786,3.07525,
16787,2.90553,
16788,3.09414,
16789,3.13206,
16790,2.95354,
16791,3.03802,
16792,3.20128,
16793,3.30416,
16794,3.08011,
16795,3.14715,
16796,3.04106,
16797,3.42013,
16798,3.41701,
16799,3.45319,
16800,3.41693,
16801,3.48632,
16802,3.38365,
16803,3.31974,
16804,3.44524,
16805,3.33457,
16806,3.38518,
16807,3.38003,
16808,3.41478,
16809,3.23112,
16810,3.40245,
16811,3.35602,
16812,3.34694,
16813,3.43729,
16814,3.27043,
16815,3.31942,
16816,3.3061,
16817,3.36132,
16818,3.44189,
16819,3.43776,
16820,2.95427,
16821,3.00565,
16822,2.90418,
16823,2.75133,
16824,2.81818,
16825,2.74828,
16826,3.04421,
16827,2.56295,
16828,2.83109,
16829,2.83,
16830,2.90224,
16831,2.91076,
16832,2.68994,
16833,2.75575,
16834,2.9923,
16835,3.14642,
16836,3.05863,
16837,2.77193,
16838,2.81513,
16839,3.32754,
16840,3.42231,
16841,3.3922,
16842,3.40528,
16843,3.36974,
16844,3.3747,
16845,3.28335,
16846,3.07569,
16847,3.22837,
16848,3.26724,
16849,3.16316,
16850,3.25223,
16851,3.38264,
16852,3.40097,
16853,3.23309,
16854,3.16451,
16855,2.98513,
16856,3.16747,
16857,3.12475,
16858,3.1243,
16859,2.89387,
16860,2.9278,
16861,2.86338,
16862,3.08848,
16863,3.06724,
16864,2.979,
16865,3.28123,
16866,3.21338,
16867,3.27962,
16868,3.21815,
16869,3.33415,
16870,3.19688,
16871,3.10685,
16872,3.19539,
16873,2.93119,
16874,2.96938,
16875,2.96437,
16876,3.17019,
16877,3.29942,
16878,3.11251,
16879,2.92709,
16880,2.86389,
16881,2.77647,
16882,2.65114,
16883,2.75568,
16884,2.77721,
16885,3.06293,
16886,2.74976,
16887,2.77318,
16888,2.80673,
16889,3.10398,
16890,2.98714,
16891,3.19714,
16892,2.83179,
16893,3.35114,
16894,3.05747,
16895,3.3611,
16896,3.57483,
16897,3.27365,
16898,3.3584,
16899,3.31644,
16900,3.20191,
16901,3.28362,
16902,3.27008,
16903,3.16287,
16904,2.98007,
16905,2.98965,
16906,3.13691,
16907,3.05919,
16908,3.11434,
16909,3.19922,
16910,2.99505,
16911,3.13638,
16912,2.91299,
16913,3.31244,
16914,3.19877,
16915,2.89335,
16916,2.89518,
16917,3.17256,
16918,2.87461,
16919,2.85566,
16920,2.89602,
16921,2.73964,
16922,2.74993,
16923,2.84219,
16924,3.48051,
16925,3.40468,
16926,3.54824,
16927,3.48074,
16928,3.50525,
16929,3.33093,
16930,3.12538,
16931,3.2364,
16932,3.16043,
16933,3.31838,
16934,3.54384,
16935,3.31037,
16936,3.29965,
16937,3.13853,
16938,3.11551,
16939,3.43019,
16940,3.38688,
16941,3.46774,
16942,3.21762,
16943,3.46649,
16944,3.13365,
16945,3.18578,
16946,3.16852,
16947,3.27035,
16948,3.1696,
16949,3.14575,
16950,3.07298,
16951,3.02,
16952,3.22914,
16953,3.03285,
16954,3.01029,
16955,3.16027,
16956,3.2017,
16957,3.15727,
16958,3.04406,
16959,3.10317,
16960,2.98372,
16961,3.0701,
16962,2.95794,
16963,3.0059,
16964,3.10517,
16965,2.8015,
16966,2.89073,
16967,3.12109,
16968,3.03408,
16969,3.48142,
16970,3.49229,
16971,3.41685,
16972,3.52563,
16973,3.40246,
16974,3.3774,
16975,3.28523,
16976,3.29749,
16977,3.06253,
16978,3.14085,
16979,3.07724,
16980,3.07751,
16981,3.32813,
16982,3.31653,
16983,3.19135,
16984,3.39539,
16985,3.33563,
16986,2.95338,
16987,3.064,
16988,3.08282,
16989,2.99334,
16990,3.13023,
16991,3.26982,
16992,3.2346,
16993,3.31438,
16994,3.43612,
16995,3.42826,
16996,2.8895,
16997,3.05165,
16998,3.24161,
16999,3.24098,
17000,3.38355,
17001,3.32863,
17002,3.4095,
17003,3.34027,
17004,3.38727,
17005,3.1498,
17006,3.16199,
17007,3.33137,
17008,3.02409,
17009,3.28513,
17010,3.29558,
17011,3.22867,
17012,3.20322,
17013,3.17328,
17014,3.4431,
17015,3.26799,
17016,3.34609,
17017,3.22277,
17018,3.35894,
17019,3.29741,
17020,3.34553,
17021,3.09649,
17022,3.22052,
17023,3.15873,
17024,3.06418,
17025,3.09801,
17026,3.0319,
17027,3.11775,
17028,3.13634,
17029,3.26452,
17030,2.91455,
17031,3.1125,
17032,3.3133,
17033,3.20622,
17034,3.19831,
17035,3.13285,
17036,3.28106,
17037,3.02549,
17038,3.21692,
17039,2.54054,
17040,3.35777,
17041,3.3066,
17042,3.42132,
17043,3.56923,
17044,3.75278,
17045,3.34795,
17046,3.40963,
17047,3.27203,
17048,3.4562,
17049,3.4375,
17050,3.34799,
17051,3.33287,
17052,3.16989,
17053,3.19147,
17054,3.27823,
17055,3.35672,
17056,3.12717,
17057,3.34847,
17058,3.41916,
17059,3.2664,
17060,3.24402,
17061,3.2348,
17062,3.2608,
17063,3.33151,
17064,3.29221,
17065,3.24794,
17066,3.2345,
17067,3.15493,
17068,3.33515,
17069,3.37265,
17070,3.12053,
17071,3.24933,
17072,3.10392,
17073,3.01563,
17074,2.96461,
17075,2.82843,
17076,3.19798,
17077,3.24267,
17078,2.97625,
17079,3.07321,
17080,3.19278,
17081,3.0394,
17082,2.94693,
17083,3.02599,
17084,2.95002,
17085,3.13684,
17086,2.96134,
17087,3.06426,
17088,3.22286,
17089,3.02238,
17090,3.27178,
17091,3.28794,
17092,3.14428,
17093,3.11922,
17094,3.1261,
17095,3.34659,
17096,3.19997,
17097,3.1732,
17098,3.18451,
17099,3.27981,
17100,3.06401,
17101,2.8857,
17102,3.08436,
17103,3.01286,
17104,3.1135,
17105,3.11687,
17106,2.80138,
17107,3.16445,
17108,3.23241,
17109,3.16923,
17110,3.08724,
17111,3.01775,
17112,3.25949,
17113,3.05569,
17114,2.79963,
17115,3.12315,
17116,3.13266,
17117,3.36799,
17118,3.1179,
17119,2.98276,
17120,3.0939,
17121,3.07843,
17122,3.02152,
17123,3.03957,
17124,3.11434,
17125,3.33122,
17126,3.25718,
17127,3.32402,
17128,3.11173,
17129,3.12252,
17130,3.05095,
17131,3.28041,
17132,3.2809,
17133,3.24888,
17134,3.21478,
17135,3.39532,
17136,3.15389,
17137,3.17871,
17138,3.1208,
17139,2.9963,
17140,3.23298,
17141,3.18983,
17142,3.34638,
17143,3.20905,
17144,2.84437,
17145,2.92512,
17146,3.11931,
17147,2.94341,
17148,3.06368,
17149,2.86707,
17150,3.06179,
17151,3.27639,
17152,3.39554,
17153,3.18031,
17154,3.2957,
17155,3.28781,
17156,3.26397,
17157,3.20237,
17158,3.30441,
17159,3.27087,
17160,3.31645,
17161,3.22718,
17162,3.24673,
17163,3.21867,
17164,3.13509,
17165,3.24959,
17166,2.8386,
17167,3.03206,
17168,3.18404,
17169,3.09964,
17170,3.18193,
17171,2.95372,
17172,3.04966,
17173,3.19484,
17174,2.94022,
17175,3.11313,
17176,2.98344,
17177,2.91592,
17178,3.12586,
17179,2.87878,
17180,2.93874,
17181,2.95825,
17182,3.06573,
17183,2.97057,
17184,3.14512,
17185,3.22528,
17186,3.12088,
17187,2.97647,
17188,3.03656,
17189,3.10798,
17190,3.11671,
17191,2.96572,
17192,3.33775,
17193,3.20026,
17194,3.18071,
17195,3.2557,
17196,3.16902,
17197,3.09466,
17198,3.17029,
17199,3.10699,
17200,3.16541,
17201,3.17825,
17202,3.30936,
17203,3.42189,
17204,3.28675,
17205,3.19604,
17206,3.16843,
17207,3.04885,
17208,3.10984,
17209,3.03222,
17210,3.09533,
17211,2.96015,
17212,3.12384,
17213,3.04659,
17214,3.22907,
17215,3.02886,
17216,3.1596,
17217,3.27714,
17218,3.36558,
17219,3.35444,
17220,3.08994,
17221,2.92621,
17222,3.19303,
17223,2.88771,
17224,3.16858,
17225,3.36603,
17226,3.37679,
17227,3.36991,
17228,3.39739,
17229,3.14852,
17230,3.36985,
17231,3.22658,
17232,3.21367,
17233,3.18589,
17234,3.40865,
17235,3.10744,
17236,3.29975,
17237,2.9574,
17238,3.31791,
17239,3.31059,
17240,3.47584,
17241,3.18106,
17242,3.21586,
17243,3.31226,
17244,3.06029,
17245,3.26789,
17246,2.97948,
17247,3.09089,
17248,3.0795,
17249,3.37025,
17250,3.30044,
17251,2.89575,
17252,3.19167,
17253,3.11108,
17254,3.21748,
17255,3.20111,
17256,3.41307,
17257,3.26717,
17258,3.11244,
17259,3.19858,
17260,3.27224,
17261,3.11469,
17262,3.00993,
17263,2.98353,
17264,3.41222,
17265,3.43418,
17266,3.40965,
17267,3.37479,
17268,3.25658,
17269,3.24839,
17270,3.09083,
17271,3.36624,
17272,3.20746,
17273,3.28349,
17274,3.26957,
17275,3.22012,
17276,3.16938,
17277,3.27487,
17278,3.19403,
17279,3.13584,
17280,3.3051,
17281,3.34413,
17282,3.112,
17283,3.46154,
17284,3.27316,
17285,3.10664,
17286,3.02404,
17287,3.28594,
17288,3.24787,
17289,3.15264,
17290,3.126,
17291,3.28515,
17292,3.08727,
17293,3.03095,
17294,3.17546,
17295,3.04434,
17296,3.16115,
17297,3.25286,
17298,3.26624,
17299,3.12476,
17300,3.12086,
17301,3.06562,
17302,3.25187,
17303,3.2739,
17304,2.87614,
17305,3.09049,
17306,3.10283,
17307,3.2108,
17308,3.23069,
17309,3.25429,
17310,3.01069,
17311,3.14742,
17312,3.23594,
17313,2.93314,
17314,2.97385,
17315,3.28009,
17316,3.16338,
17317,3.25231,
17318,3.02398,
17319,3.02405,
17320,3.19768,
17321,3.18355,
17322,3.05414,
17323,3.2898,
17324,3.21314,
17325,2.94672,
17326,3.06633,
17327,2.97733,
17328,3.14069,
17329,2.94859,
17330,3.14689,
17331,3.27557,
17332,3.16339,
17333,3.35118,
17334,3.35263,
17335,3.25485,
17336,3.31192,
17337,3.09954,
17338,3.16984,
17339,3.25544,
17340,3.25273,
17341,3.34589,
17342,3.43445,
17343,3.54957,
17344,4.40339,
17345,3.24561,
17346,3.23265,
17347,3.26643,
17348,3.25897,
17349,3.1185,
17350,3.22164,
17351,3.18472,
17352,3.20035,
17353,3.12604,
17354,3.7041,
17355,3.20209,
17356,3.20435,
17357,2.80035,
17358,3.01671,
17359,3.20574,
17360,3.22846,
17361,3.35073,
17362,3.39902,
17363,3.2039,
17364,3.26848,
17365,3.25777,
17366,3.1962,
17367,3.45004,
17368,3.21297,
17369,3.19383,
17370,3.36354,
17371,3.36067,
17372,3.25774,
17373,3.15423,
17374,3.18063,
17375,3.16182,
17376,3.19371,
17377,3.10187,
17378,2.90181,
17379,3.24735,
17380,3.11657,
17381,2.96535,
17382,3.03056,
17383,3.07101,
17384,3.2043,
17385,3.15999,
17386,3.06597,
17387,3.20682,
17388,2.91062,
17389,3.09904,
17390,2.85075,
17391,3.19973,
17392,3.03203,
17393,3.08166,
17394,3.16798,
17395,3.10881,
17396,3.09262,
17397,3.07845,
17398,3.07159,
17399,2.90795,
17400,3.13823,
17401,3.1151,
17402,2.82448,
17403,2.93193,
17404,2.8967,
17405,3.10037,
17406,3.07182,
17407,3.04408,
17408,3.03681,
17409,3.08926,
17410,3.1452,
17411,2.87818,
17412,3.22256,
17413,3.05174,
17414,3.04838,
17415,3.04418,
17416,3.24054,
17417,3.39742,
17418,3.35016,
17419,3.09439,
17420,3.03621,
17421,3.39637,
17422,3.17403,
17423,3.21138,
17424,3.1068,
17425,3.00856,
17426,3.05974,
17427,3.21706,
17428,2.87986,
17429,2.81367,
17430,2.6832,
17431,2.91531,
17432,3.09029,
17433,3.17996,
17434,3.15209,
17435,3.17188,
17436,3.0632,
17437,2.90527,
17438,2.9573,
17439,3.09611,
17440,3.24315,
17441,3.04564,
17442,3.04888,
17443,2.69347,
17444,2.73337,
17445,3.20867,
17446,2.88866,
17447,3.07806,
17448,2.84355,
17449,2.98587,
17450,2.82633,
17451,2.88598,
17452,2.8429,
17453,2.91393,
17454,2.85742,
17455,2.79157,
17456,2.92265,
17457,3.15163,
17458,2.81424,
17459,3.05939,
17460,3.11163,
17461,3.43975,
17462,3.37984,
17463,3.37473,
17464,3.34221,
17465,3.4036,
17466,3.3926,
17467,3.15103,
17468,2.91323,
17469,3.20571,
17470,3.04301,
17471,3.05673,
17472,3.27945,
17473,3.17196,
17474,3.19057,
17475,3.12761,
17476,3.06891,
17477,3.00864,
17478,3.17953,
17479,3.21623,
17480,3.14238,
17481,3.14605,
17482,3.08181,
17483,2.93182,
17484,3.35573,
17485,3.03355,
17486,3.0188,
17487,3.13342,
17488,3.1888,
17489,3.01582,
17490,3.43192,
17491,3.26047,
17492,3.45284,
17493,3.23659,
17494,3.34785,
17495,3.2651,
17496,3.19616,
17497,3.2239,
17498,3.1774,
17499,3.16399,
17500,3.16829,
17501,3.20012,
17502,3.19284,
17503,2.99171,
17504,3.14798,
17505,3.05432,
17506,3.05344,
17507,2.79089,
17508,2.92939,
17509,2.84785,
17510,3.03246,
17511,3.04574,
17512,2.85592,
17513,2.96603,
17514,2.94976,
17515,3.12358,
17516,3.02633,
17517,3.05198,
17518,3.21749,
17519,3.22025,
17520,3.23035,
17521,3.24012,
17522,3.27463,
17523,3.30242,
17524,3.24054,
17525,3.32979,
17526,3.23482,
17527,3.23966,
17528,3.31569,
17529,3.19175,
17530,3.18064,
17531,2.94624,
17532,3.14835,
17533,3.15026,
17534,3.28473,
17535,3.17563,
17536,3.0061,
17537,3.11989,
17538,3.03931,
17539,3.06617,
17540,3.23242,
17541,3.27479,
17542,3.07562,
17543,3.00858,
17544,3.10455,
17545,3.32177,
17546,3.25412,
17547,3.30909,
17548,3.16453,
17549,3.35785,
17550,3.15075,
17551,3.28001,
17552,3.44701,
17553,3.15677,
17554,3.05897,
17555,3.0179,
17556,3.30609,
17557,3.26935,
17558,3.1466,
17559,3.21952,
17560,3.14337,
17561,3.34813,
17562,3.26974,
17563,3.41128,
17564,3.02747,
17565,3.11108,
17566,2.87953,
17567,3.08021,
17568,3.09841,
17569,3.07165,
17570,3.06498,
17571,3.23132,
17572,3.15578,
17573,3.10913,
17574,2.86389,
17575,2.98569,
17576,3.08665,
17577,3.08572,
17578,3.01346,
17579,3.49491,
17580,3.39368,
17581,3.36118,
17582,3.28324,
17583,3.18943,
17584,3.27205,
17585,3.04794,
17586,3.30448,
17587,3.41859,
17588,3.28495,
17589,3.32786,
17590,3.57521,
17591,3.63197,
17592,3.23857,
17593,3.24363,
17594,3.30993,
17595,3.35578,
17596,3.52671,
17597,3.30543,
17598,3.22077,
17599,3.19456,
17600,3.0896,
17601,3.16457,
17602,3.1596,
17603,3.1904,
17604,3.14151,
17605,3.01346,
17606,3.17726,
17607,3.67135,
17608,3.70443,
17609,3.58325,
17610,3.55751,
17611,3.55665,
17612,3.57328,
17613,3.53938,
17614,3.52483,
17615,3.5001,
17616,3.54993,
17617,3.52172,
17618,3.4758,
17619,3.48444,
17620,3.37234,
17621,3.47586,
17622,3.55795,
17623,3.4823,
17624,3.38635,
17625,3.31159,
17626,3.28964,
17627,3.50419,
17628,3.32724,
17629,3.27359,
17630,3.24242,
17631,3.25635,
17632,3.15358,
17633,3.32073,
17634,3.18679,
17635,3.21961,
17636,3.21128,
17637,3.02955,
17638,2.91042,
17639,3.21713,
17640,3.43666,
17641,3.31721,
17642,3.032,
17643,3.2254,
17644,3.23262,
17645,3.11857,
17646,3.2016,
17647,3.27815,
17648,3.04704,
17649,3.23256,
17650,3.09961,
17651,3.08464,
17652,3.34354,
17653,3.20505,
17654,3.20287,
17655,3.27459,
17656,3.1116,
17657,3.04445,
17658,2.98471,
17659,3.02662,
17660,3.20741,
17661,3.10811,
17662,2.9934,
17663,3.21805,
17664,3.08386,
17665,3.02131,
17666,3.10767,
17667,2.97333,
17668,2.94884,
17669,3.18206,
17670,2.94246,
17671,2.93186,
17672,2.98052,
17673,3.0573,
17674,2.99213,
17675,2.91174,
17676,3.03035,
17677,2.98594,
17678,3.13331,
17679,3.15225,
17680,3.1719,
17681,3.14212,
17682,3.18719,
17683,3.04414,
17684,3.20192,
17685,2.92988,
17686,3.10706,
17687,3.10258,
17688,3.02282,
17689,3.31344,
17690,3.0136,
17691,2.96196,
17692,3.22875,
17693,3.04374,
17694,2.88808,
17695,3.01935,
17696,3.27277,
17697,2.74136,
17698,2.91878,
17699,3.14081,
17700,2.8778,
17701,3.04905,
17702,2.97852,
17703,2.9031,
17704,2.83317,
17705,3.31639,
17706,3.24146,
17707,3.21995,
17708,3.16982,
17709,3.3192,
17710,3.19907,
17711,3.29334,
17712,3.18031,
17713,3.11547,
17714,3.27317,
17715,3.16908,
17716,3.20302,
17717,3.13148,
17718,3.1338,
17719,3.18209,
17720,2.8679,
17721,3.0361,
17722,3.12128,
17723,3.1841,
17724,3.17252,
17725,2.82267,
17726,3.04083,
17727,3.09607,
17728,2.96319,
17729,2.71578,
17730,2.90075,
17731,2.95004,
17732,2.92629,
17733,2.9709,
17734,2.7583,
17735,2.77703,
17736,2.78073,
17737,2.96297,
17738,3.05244,
17739,3.69697,
17740,3.43517,
17741,3.29063,
17742,3.21858,
17743,3.39521,
17744,3.37873,
17745,3.10905,
17746,3.29753,
17747,3.14874,
17748,3.1824,
17749,3.08863,
17750,3.41914,
17751,3.23189,
17752,3.16299,
17753,3.28565,
17754,3.30805,
17755,3.21241,
17756,3.28617,
17757,3.12958,
17758,3.25324,
17759,3.25139,
17760,3.09062,
17761,3.07626,
17762,3.13504,
17763,3.24768,
17764,3.3171,
17765,3.25671,
17766,3.15693,
17767,3.33583,
17768,3.14148,
17769,3.19144,
17770,3.37976,
17771,3.2445,
17772,3.15591,
17773,3.23958,
17774,3.21899,
17775,3.04001,
17776,3.12677,
17777,3.16809,
17778,3.32567,
17779,3.05613,
17780,3.11563,
17781,3.01683,
17782,3.21963,
17783,3.30234,
17784,3.15768,
17785,2.91943,
17786,3.14577,
17787,3.02283,
17788,2.99399,
17789,3.12297,
17790,3.2067,
17791,3.15037,
17792,3.11331,
17793,3.13785,
17794,3.16362,
17795,3.04639,
17796,3.07575,
17797,2.9817,
17798,3.01139,
17799,2.98486,
17800,3.16672,
17801,2.86319,
17802,2.86213,
17803,2.9277,
17804,2.97625,
17805,3.04108,
17806,2.9723,
17807,2.81268,
17808,2.97224,
17809,2.85757,
17810,3.05191,
17811,2.89713,
17812,2.96533,
17813,3.11817,
17814,3.06445,
17815,3.10919,
17816,2.81573,
17817,2.96857,
17818,2.92977,
17819,3.01068,
17820,3.12585,
17821,2.74248,
17822,2.87424,
17823,2.73648,
17824,2.77775,
17825,3.02436,
17826,3.01507,
17827,3.00166,
17828,2.87744,
17829,3.1411,
17830,2.98965,
17831,3.16498,
17832,3.30095,
17833,3.30386,
17834,3.20216,
17835,3.22766,
17836,3.49604,
17837,3.19742,
17838,3.0742,
17839,3.26379,
17840,3.05649,
17841,3.24266,
17842,3.31776,
17843,3.17063,
17844,3.15646,
17845,3.20952,
17846,2.9732,
17847,3.19827,
17848,3.14209,
17849,2.99243,
17850,3.08641,
17851,3.06686,
17852,2.88647,
17853,3.07438,
17854,3.12719,
17855,2.95096,
17856,3.02093,
17857,3.19881,
17858,3.29279,
17859,3.07607,
17860,3.12412,
17861,3.02887,
17862,3.40641,
17863,3.39772,
17864,3.44452,
17865,3.39473,
17866,3.46999,
17867,3.37099,
17868,3.31379,
17869,3.43685,
17870,3.30478,
17871,3.36352,
17872,3.37079,
17873,3.39893,
17874,3.22161,
17875,3.38218,
17876,3.34032,
17877,3.35214,
17878,3.42366,
17879,3.26655,
17880,3.31075,
17881,3.28295,
17882,3.3446,
17883,3.42981,
17884,3.41716,
17885,2.92914,
17886,2.98647,
17887,2.88239,
17888,2.72926,
17889,2.80316,
17890,2.7345,
17891,3.03074,
17892,2.54886,
17893,2.82692,
17894,2.82469,
17895,2.88773,
17896,2.9039,
17897,2.67575,
17898,2.74111,
17899,2.97257,
17900,3.13124,
17901,3.04423,
17902,2.75843,
17903,2.80852,
17904,3.32074,
17905,3.40417,
17906,3.3703,
17907,3.39706,
17908,3.35688,
17909,3.36401,
17910,3.2488,
17911,3.06472,
17912,3.20579,
17913,3.25229,
17914,3.14823,
17915,3.23024,
17916,3.3657,
17917,3.38078,
17918,3.2103,
17919,3.14778,
17920,2.97036,
17921,3.15439,
17922,3.12087,
17923,3.09438,
17924,2.89138,
17925,2.90619,
17926,2.84252,
17927,3.06186,
17928,3.05476,
17929,2.96672,
17930,3.26365,
17931,3.1884,
17932,3.2513,
17933,3.20145,
17934,3.31971,
17935,3.18234,
17936,3.0939,
17937,3.19092,
17938,2.91601,
17939,2.97106,
17940,2.95581,
17941,3.14649,
17942,3.27493,
17943,3.10533,
17944,2.91387,
17945,2.84949,
17946,2.77252,
17947,2.63917,
17948,2.74622,
17949,2.76414,
17950,3.0499,
17951,2.73048,
17952,2.74929,
17953,2.81903,
17954,3.08341,
17955,2.97993,
17956,3.18927,
17957,2.83614,
17958,3.35828,
17959,3.04813,
17960,3.34753,
17961,3.54856,
17962,3.27359,
17963,3.33974,
17964,3.30992,
17965,3.17442,
17966,3.26918,
17967,3.24899,
17968,3.14321,
17969,2.96633,
17970,2.97093,
17971,3.11833,
17972,3.04955,
17973,3.10574,
17974,3.18895,
17975,2.98823,
17976,3.133,
17977,2.90086,
17978,3.27867,
17979,3.16897,
17980,2.88496,
17981,2.8972,
17982,3.15678,
17983,2.85264,
17984,2.84137,
17985,2.88677,
17986,2.7421,
17987,2.73807,
17988,2.82808,
17989,3.46451,
17990,3.38434,
17991,3.51927,
17992,3.46792,
17993,3.48733,
17994,3.31485,
17995,3.11297,
17996,3.23417,
17997,3.15115,
17998,3.3082,
17999,3.53183,
18000,3.28335,
18001,3.27754,
18002,3.11882,
18003,3.08184,
18004,3.42006,
18005,3.3781,
18006,3.45432,
18007,3.18982,
18008,3.45518,
18009,3.13247,
18010,3.17038,
18011,3.13959,
18012,3.2439,
18013,3.13434,
18014,3.11746,
18015,3.05991,
18016,2.98747,
18017,3.21291,
18018,3.01933,
18019,2.99458,
18020,3.15065,
18021,3.16894,
18022,3.14191,
18023,3.03334,
18024,3.09526,
18025,2.97714,
18026,3.05873,
18027,2.94056,
18028,2.9978,
18029,3.09568,
18030,2.80337,
18031,2.8764,
18032,3.1109,
18033,3.01773,
18034,3.47762,
18035,3.48951,
18036,3.4084,
18037,3.50271,
18038,3.39442,
18039,3.36151,
18040,3.25716,
18041,3.29476,
18042,3.03825,
18043,3.11919,
18044,3.05568,
18045,3.06664,
18046,3.31744,
18047,3.30397,
18048,3.17492,
18049,3.38121,
18050,3.31445,
18051,2.95789,
18052,3.03026,
18053,3.07481,
18054,2.99796,
18055,3.12206,
18056,3.25571,
18057,3.21351,
18058,3.30594,
18059,3.41446,
18060,3.41528,
18061,2.88195,
18062,3.03442,
18063,3.22562,
18064,3.22908,
18065,3.34127,
18066,3.30285,
18067,3.38518,
18068,3.32177,
18069,3.37901,
18070,3.1278,
18071,3.15572,
18072,3.32711,
18073,3.01555,
18074,3.27931,
18075,3.2805,
18076,3.21237,
18077,3.19557,
18078,3.17796,
18079,3.44149,
18080,3.25054,
18081,3.32336,
18082,3.21914,
18083,3.34672,
18084,3.27883,
18085,3.31917,
18086,3.08504,
18087,3.20592,
18088,3.13745,
18089,3.06421,
18090,3.08179,
18091,3.02081,
18092,3.11053,
18093,3.11629,
18094,3.24825,
18095,2.90469,
18096,3.10367,
18097,3.29557,
18098,3.18638,
18099,3.16916,
18100,3.12281,
18101,3.26569,
18102,3.00892,
18103,3.21004,
18104,2.51833,
18105,3.35149,
18106,3.2889,
18107,3.38984,
18108,3.53508,
18109,3.75817,
18110,3.3325,
18111,3.40688,
18112,3.25668,
18113,3.44792,
18114,3.4187,
18115,3.34098,
18116,3.3057,
18117,3.15658,
18118,3.17771,
18119,3.26101,
18120,3.34663,
18121,3.11415,
18122,3.33701,
18123,3.39921,
18124,3.25682,
18125,3.23125,
18126,3.20931,
18127,3.2596,
18128,3.32104,
18129,3.29203,
18130,3.24058,
18131,3.22299,
18132,3.13968,
18133,3.31339,
18134,3.35132,
18135,3.12116,
18136,3.2471,
18137,3.08987,
18138,2.99662,
18139,2.9563,
18140,2.82735,
18141,3.18289,
18142,3.21996,
18143,2.96981,
18144,3.06314,
18145,3.18823,
18146,3.02586,
18147,2.94686,
18148,3.02537,
18149,2.94595,
18150,3.12032,
18151,2.95105,
18152,3.04964,
18153,3.20833,
18154,3.01512,
18155,3.25272,
18156,3.25958,
18157,3.12123,
18158,3.10914,
18159,3.10074,
18160,3.32967,
18161,3.18347,
18162,3.17537,
18163,3.17033,
18164,3.26865,
18165,3.04762,
18166,2.87636,
18167,3.0777,
18168,2.99624,
18169,3.09884,
18170,3.10263,
18171,2.80413,
18172,3.16304,
18173,3.214,
18174,3.16589,
18175,3.06583,
18176,3.00661,
18177,3.24332,
18178,3.04681,
18179,2.78145,
18180,3.10979,
18181,3.10365,
18182,3.34809,
18183,3.10132,
18184,2.96889,
18185,3.08173,
18186,3.06196,
18187,3.02529,
18188,3.02626,
18189,3.10004,
18190,3.3168,
18191,3.23483,
18192,3.28791,
18193,3.08321,
18194,3.10682,
18195,3.0371,
18196,3.25965,
18197,3.2835,
18198,3.22435,
18199,3.18469,
18200,3.37959,
18201,3.13918,
18202,3.16721,
18203,3.11047,
18204,2.98551,
18205,3.21738,
18206,3.17353,
18207,3.3354,
18208,3.20394,
18209,2.83337,
18210,2.90811,
18211,3.10006,
18212,2.93946,
18213,3.05489,
18214,2.85189,
18215,3.04141,
18216,3.26117,
18217,3.36328,
18218,3.15785,
18219,3.29498,
18220,3.28227,
18221,3.2484,
18222,3.19311,
18223,3.29395,
18224,3.25551,
18225,3.3089,
18226,3.21863,
18227,3.2352,
18228,3.20926,
18229,3.11756,
18230,3.24144,
18231,2.8312,
18232,3.01744,
18233,3.19665,
18234,3.07003,
18235,3.17523,
18236,2.95063,
18237,3.04618,
18238,3.19205,
18239,2.92575,
18240,3.10123,
18241,2.98656,
18242,2.90578,
18243,3.10783,
18244,2.86677,
18245,2.94121,
18246,2.94542,
18247,3.04728,
18248,2.95,
18249,3.13661,
18250,3.2143,
18251,3.11591,
18252,2.96676,
18253,3.02187,
18254,3.08948,
18255,3.10529,
18256,2.95543,
18257,3.32194,
18258,3.19914,
18259,3.17069,
18260,3.24748,
18261,3.15974,
18262,3.09313,
18263,3.16083,
18264,3.09255,
18265,3.15441,
18266,3.1611,
18267,3.2936,
18268,3.41182,
18269,3.26656,
18270,3.18922,
18271,3.1528,
18272,3.02643,
18273,3.10555,
18274,3.01722,
18275,3.07621,
18276,2.93677,
18277,3.09369,
18278,3.0172,
18279,3.21721,
18280,3.02021,
18281,3.15774,
18282,3.25063,
18283,3.34907,
18284,3.34327,
18285,3.07629,
18286,2.91349,
18287,3.17534,
18288,2.87363,
18289,3.16543,
18290,3.34661,
18291,3.36446,
18292,3.35371,
18293,3.38374,
18294,3.11957,
18295,3.35534,
18296,3.20966,
18297,3.19471,
18298,3.16465,
18299,3.38033,
18300,3.09482,
18301,3.28032,
18302,2.94475,
18303,3.309,
18304,3.27952,
18305,3.46148,
18306,3.16219,
18307,3.20891,
18308,3.28878,
18309,3.04156,
18310,3.2657,
18311,2.96338,
18312,3.0774,
18313,3.07477,
18314,3.35074,
18315,3.29258,
18316,2.88626,
18317,3.17639,
18318,3.08824,
18319,3.20933,
18320,3.18394,
18321,3.40416,
18322,3.23251,
18323,3.08327,
18324,3.18791,
18325,3.25421,
18326,3.10743,
18327,2.9944,
18328,2.98102,
18329,3.39536,
18330,3.41513,
18331,3.40096,
18332,3.36681,
18333,3.23875,
18334,3.23091,
18335,3.0796,
18336,3.35461,
18337,3.20081,
18338,3.27806,
18339,3.25338,
18340,3.19565,
18341,3.16957,
18342,3.26357,
18343,3.17568,
18344,3.10924,
18345,3.2771,
18346,3.32972,
18347,3.09344,
18348,3.41749,
18349,3.25254,
18350,3.09243,
18351,3.01685,
18352,3.28729,
18353,3.22014,
18354,3.13186,
18355,3.1028,
18356,3.27311,
18357,3.05946,
18358,3.01872,
18359,3.16188,
18360,3.03412,
18361,3.143,
18362,3.22457,
18363,3.25958,
18364,3.11218,
18365,3.09891,
18366,3.03312,
18367,3.23646,
18368,3.27126,
18369,2.86288,
18370,3.08652,
18371,3.08538,
18372,3.19213,
18373,3.21493,
18374,3.23375,
18375,2.99365,
18376,3.13404,
18377,3.21322,
18378,2.90003,
18379,2.9633,
18380,3.27159,
18381,3.14034,
18382,3.2231,
18383,2.99277,
18384,3.01103,
18385,3.18802,
18386,3.16582,
18387,3.03936,
18388,3.27027,
18389,3.19392,
18390,2.92943,
18391,3.04511,
18392,2.96142,
18393,3.11039,
18394,2.94149,
18395,3.11591,
18396,3.26446,
18397,3.14318,
18398,3.33439,
18399,3.32752,
18400,3.23111,
18401,3.28902,
18402,3.0891,
18403,3.1558,
18404,3.23626,
18405,3.23368,
18406,3.33025,
18407,3.41124,
18408,3.54377,
18409,4.38994,
18410,3.23623,
18411,3.21404,
18412,3.24219,
18413,3.23938,
18414,3.10178,
18415,3.20316,
18416,3.16237,
18417,3.18467,
18418,3.10843,
18419,3.68987,
18420,3.19355,
18421,3.187,
18422,2.78276,
18423,3.00371,
18424,3.19175,
18425,3.22137,
18426,3.33659,
18427,3.38526,
18428,3.20232,
18429,3.25977,
18430,3.24165,
18431,3.17924,
18432,3.44694,
18433,3.19747,
18434,3.19072,
18435,3.33727,
18436,3.3489,
18437,3.2427,
18438,3.15211,
18439,3.15313,
18440,3.14589,
18441,3.16928,
18442,3.07652,
18443,2.88297,
18444,3.22908,
18445,3.10324,
18446,2.94181,
18447,3.00649,
18448,3.05802,
18449,3.19128,
18450,3.13111,
18451,3.06003,
18452,3.17885,
18453,2.89689,
18454,3.07837,
18455,2.82052,
18456,3.18409,
18457,3.0073,
18458,3.07169,
18459,3.15748,
18460,3.09092,
18461,3.07235,
18462,3.0785,
18463,3.06644,
18464,2.89587,
18465,3.12569,
18466,3.10913,
18467,2.7931,
18468,2.91675,
18469,2.87982,
18470,3.0833,
18471,3.0486,
18472,3.03671,
18473,3.02286,
18474,3.07867,
18475,3.1317,
18476,2.86327,
18477,3.21395,
18478,3.04786,
18479,3.04018,
18480,3.03768,
18481,3.22646,
18482,3.38508,
18483,3.33373,
18484,3.0879,
18485,3.02547,
18486,3.4004,
18487,3.16356,
18488,3.20078,
18489,3.07662,
18490,2.98956,
18491,3.05211,
18492,3.20757,
18493,2.86765,
18494,2.79846,
18495,2.65656,
18496,2.89768,
18497,3.06579,
18498,3.16372,
18499,3.13154,
18500,3.15863,
18501,3.04137,
18502,2.88771,
18503,2.94772,
18504,3.08863,
18505,3.22149,
18506,3.0351,
18507,3.03475,
18508,2.67634,
18509,2.72178,
18510,3.19745,
18511,2.882,
18512,3.07211,
18513,2.84017,
18514,2.96151,
18515,2.82004,
18516,2.87227,
18517,2.83564,
18518,2.90866,
18519,2.8484,
18520,2.79348,
18521,2.90711,
18522,3.11753,
18523,2.80198,
18524,3.04649,
18525,3.07394,
18526,3.4247,
18527,3.36397,
18528,3.3504,
18529,3.33887,
18530,3.3976,
18531,3.36765,
18532,3.13525,
18533,2.89434,
18534,3.1961,
18535,3.03284,
18536,3.03546,
18537,3.26008,
18538,3.15246,
18539,3.18507,
18540,3.11095,
18541,3.05052,
18542,3.00273,
18543,3.16141,
18544,3.21558,
18545,3.12512,
18546,3.13226,
18547,3.07265,
18548,2.92079,
18549,3.3386,
18550,3.01879,
18551,3.01617,
18552,3.11471,
18553,3.17236,
18554,3.00786,
18555,3.42505,
18556,3.26203,
18557,3.43789,
18558,3.22704,
18559,3.34305,
18560,3.24618,
18561,3.17647,
18562,3.21407,
18563,3.17812,
18564,3.16179,
18565,3.15049,
18566,3.19225,
18567,3.1734,
18568,2.97081,
18569,3.13369,
18570,3.04306,
18571,3.0423,
18572,2.77491,
18573,2.91327,
18574,2.81769,
18575,3.02065,
18576,3.02757,
18577,2.83521,
18578,2.94095,
18579,2.92751,
18580,3.11515,
18581,3.00771,
18582,3.043,
18583,3.17975,
18584,3.20314,
18585,3.22729,
18586,3.21653,
18587,3.24094,
18588,3.28964,
18589,3.22574,
18590,3.30741,
18591,3.23406,
18592,3.22135,
18593,3.29737,
18594,3.17621,
18595,3.15447,
18596,2.93152,
18597,3.14287,
18598,3.14315,
18599,3.25376,
18600,3.17246,
18601,2.98762,
18602,3.09904,
18603,3.02827,
18604,3.05049,
18605,3.21724,
18606,3.273,
18607,3.05179,
18608,2.98941,
18609,3.09302,
18610,3.30011,
18611,3.25116,
18612,3.29536,
18613,3.14673,
18614,3.34712,
18615,3.13775,
18616,3.27078,
18617,3.43033,
18618,3.15934,
18619,3.05467,
18620,3.00321,
18621,3.29695,
18622,3.26149,
18623,3.12433,
18624,3.19999,
18625,3.12086,
18626,3.35078,
18627,3.26229,
18628,3.4106,
18629,3.01674,
18630,3.10618,
18631,2.88097,
18632,3.06592,
18633,3.08673,
18634,3.0536,
18635,3.05105,
18636,3.22574,
18637,3.139,
18638,3.08943,
18639,2.85239,
18640,2.97576,
18641,3.07163,
18642,3.06932,
18643,2.99828,
18644,3.47588,
18645,3.36731,
18646,3.34106,
18647,3.27653,
18648,3.16819,
18649,3.27471,
18650,3.02784,
18651,3.28902,
18652,3.39522,
18653,3.27575,
18654,3.32412,
18655,3.5586,
18656,3.62194,
18657,3.21905,
18658,3.22824,
18659,3.28293,
18660,3.34329,
18661,3.51425,
18662,3.29288,
18663,3.20175,
18664,3.19211,
18665,3.07365,
18666,3.14815,
18667,3.149,
18668,3.19306,
18669,3.11056,
18670,2.99346,
18671,3.1671,
18672,3.64229,
18673,3.70127,
18674,3.56579,
18675,3.54481,
18676,3.53449,
18677,3.56356,
18678,3.53898,
18679,3.5175,
18680,3.50107,
18681,3.52961,
18682,3.508,
18683,3.46376,
18684,3.47443,
18685,3.36126,
18686,3.46131,
18687,3.53517,
18688,3.47837,
18689,3.38257,
18690,3.30427,
18691,3.27159,
18692,3.49577,
18693,3.30627,
18694,3.25791,
18695,3.22464,
18696,3.24398,
18697,3.13616,
18698,3.30621,
18699,3.14899,
18700,3.21436,
18701,3.19044,
18702,3.02241,
18703,2.89845,
18704,3.20592,
18705,3.42753,
18706,3.29324,
18707,3.01852,
18708,3.19569,
18709,3.23048,
18710,3.10839,
18711,3.20461,
18712,3.25696,
18713,3.0285,
18714,3.20721,
18715,3.08085,
18716,3.05696,
18717,3.33156,
18718,3.1951,
18719,3.1867,
18720,3.25226,
18721,3.09804,
18722,3.01537,
18723,2.97128,
18724,3.01739,
18725,3.18568,
18726,3.08722,
18727,2.98671,
18728,3.2,
18729,3.07322,
18730,3.01342,
18731,3.08924,
18732,2.96633,
18733,2.93228,
18734,3.17935,
18735,2.92289,
18736,2.92432,
18737,2.96582,
18738,3.05083,
18739,2.97362,
18740,2.91717,
18741,3.01351,
18742,2.97897,
18743,3.11678,
18744,3.12855,
18745,3.15632,
18746,3.13762,
18747,3.15995,
18748,3.03909,
18749,3.18142,
18750,2.91108,
18751,3.09388,
18752,3.09256,
18753,3.02228,
18754,3.29671,
18755,2.99394,
18756,2.95154,
18757,3.21466,
18758,3.0272,
18759,2.88169,
18760,3.01,
18761,3.26011,
18762,2.73258,
18763,2.90246,
18764,3.12121,
18765,2.8612,
18766,3.05487,
18767,2.96324,
18768,2.88015,
18769,2.83006,
18770,3.30077,
18771,3.23733,
18772,3.20579,
18773,3.16428,
18774,3.31204,
18775,3.18326,
18776,3.27322,
18777,3.17384,
18778,3.10427,
18779,3.25475,
18780,3.15843,
18781,3.18433,
18782,3.12225,
18783,3.12104,
18784,3.16372,
18785,2.84503,
18786,3.02628,
18787,3.10576,
18788,3.16913,
18789,3.1582,
18790,2.8039,
18791,3.02405,
18792,3.08497,
18793,2.95619,
18794,2.70574,
18795,2.90874,
18796,2.93053,
18797,2.90359,
18798,2.95753,
18799,2.73566,
18800,2.76191,
18801,2.77074,
18802,2.95456,
18803,3.03749,
18804,3.68403,
18805,3.42045,
18806,3.2803,
18807,3.19241,
18808,3.37945,
18809,3.36217,
18810,3.08421,
18811,3.28928,
18812,3.13709,
18813,3.15816,
18814,3.07382,
18815,3.41529,
18816,3.2239,
18817,3.13528,
18818,3.27354,
18819,3.30277,
18820,3.19904,
18821,3.27215,
18822,3.12245,
18823,3.25506,
18824,3.23261,
18825,3.08642,
18826,3.04959,
18827,3.12192,
18828,3.21136,
18829,3.30269,
18830,3.25928,
18831,3.14054,
18832,3.31138,
18833,3.13003,
18834,3.16317,
18835,3.35563,
18836,3.23739,
18837,3.15509,
18838,3.21959,
18839,3.20723,
18840,3.02094,
18841,3.11454,
18842,3.15215,
18843,3.29503,
18844,3.05497,
18845,3.10321,
18846,3.00412,
18847,3.21438,
18848,3.2767,
18849,3.13107,
18850,2.90648,
18851,3.14138,
18852,3.01233,
18853,2.97422,
18854,3.10754,
18855,3.19809,
18856,3.12619,
18857,3.09285,
18858,3.11583,
18859,3.13909,
18860,3.03022,
18861,3.06754,
18862,2.96101,
18863,3.0038,
18864,2.97001,
18865,3.15219,
18866,2.85607,
18867,2.86525,
18868,2.91964,
18869,2.95684,
18870,3.03055,
18871,2.9597,
18872,2.7937,
18873,2.96386,
18874,2.84852,
18875,3.03566,
18876,2.86608,
18877,2.94787,
18878,3.10566,
18879,3.04818,
18880,3.08589,
18881,2.80904,
18882,2.95055,
18883,2.91035,
18884,3.0043,
18885,3.11107,
18886,2.73237,
18887,2.86942,
18888,2.72644,
18889,2.75871,
18890,3.02202,
18891,2.99802,
18892,2.99343,
18893,2.86883,
18894,3.13754,
18895,2.97159,
18896,3.14723,
18897,3.27487,
18898,3.27762,
18899,3.1845,
18900,3.20414,
18901,3.47231,
18902,3.17732,
18903,3.05875,
18904,3.23819,
18905,3.04862,
18906,3.21624,
18907,3.30818,
18908,3.15886,
18909,3.15616,
18910,3.19755,
18911,2.96237,
18912,3.19454,
18913,3.12942,
18914,2.99054,
18915,3.07409,
18916,3.06494,
18917,2.87148,
18918,3.06819,
18919,3.11092,
18920,2.92404,
18921,3.01222,
18922,3.16433,
18923,3.2679,
18924,3.06266,
18925,3.11187,
18926,3.02826,
18927,3.40461,
18928,3.39181,
18929,3.42116,
18930,3.38807,
18931,3.44959,
18932,3.35908,
18933,3.30148,
18934,3.42698,
18935,3.29406,
18936,3.35335,
18937,3.35179,
18938,3.38405,
18939,3.20574,
18940,3.37087,
18941,3.32881,
18942,3.34281,
18943,3.41096,
18944,3.25482,
18945,3.31856,
18946,3.26976,
18947,3.34336,
18948,3.39879,
18949,3.40664,
18950,2.9122,
18951,2.97455,
18952,2.87152,
18953,2.72146,
18954,2.79108,
18955,2.73446,
18956,3.01734,
18957,2.54445,
18958,2.81833,
18959,2.80722,
18960,2.88471,
18961,2.8926,
18962,2.66754,
18963,2.73779,
18964,2.97081,
18965,3.11363,
18966,3.05362,
18967,2.753,
18968,2.78173,
18969,3.28544,
18970,3.39248,
18971,3.35469,
18972,3.37095,
18973,3.34213,
18974,3.35532,
18975,3.23979,
18976,3.0388,
18977,3.1967,
18978,3.24706,
18979,3.12333,
18980,3.23005,
18981,3.35493,
18982,3.36347,
18983,3.2161,
18984,3.13955,
18985,2.96572,
18986,3.142,
18987,3.0996,
18988,3.08692,
18989,2.88085,
18990,2.88942,
18991,2.8302,
18992,3.04448,
18993,3.05473,
18994,2.94997,
18995,3.2515,
18996,3.16153,
18997,3.23222,
18998,3.16984,
18999,3.30154,
19000,3.14601,
19001,3.07789,
19002,3.16365,
19003,2.90737,
19004,2.95458,
19005,2.93523,
19006,3.12619,
19007,3.27378,
19008,3.10387,
19009,2.90191,
19010,2.84665,
19011,2.75509,
19012,2.62803,
19013,2.73271,
19014,2.76309,
19015,3.04285,
19016,2.71658,
19017,2.74109,
19018,2.79524,
19019,3.0773,
19020,2.95246,
19021,3.17491,
19022,2.82097,
19023,3.32984,
19024,3.02962,
19025,3.33031,
19026,3.54045,
19027,3.24582,
19028,3.32318,
19029,3.2888,
19030,3.16402,
19031,3.25631,
19032,3.23175,
19033,3.12022,
19034,2.94538,
19035,2.9593,
19036,3.11165,
19037,3.04844,
19038,3.09539,
19039,3.17218,
19040,2.98161,
19041,3.11816,
19042,2.88358,
19043,3.24799,
19044,3.15756,
19045,2.86956,
19046,2.87828,
19047,3.14345,
19048,2.84534,
19049,2.83658,
19050,2.87153,
19051,2.72033,
19052,2.72078,
19053,2.82796,
19054,3.43879,
19055,3.36602,
19056,3.5103,
19057,3.45266,
19058,3.46865,
19059,3.29621,
19060,3.10116,
19061,3.20794,
19062,3.15516,
19063,3.29162,
19064,3.51618,
19065,3.26858,
19066,3.26997,
19067,3.10529,
19068,3.06445,
19069,3.40347,
19070,3.3552,
19071,3.44116,
19072,3.19021,
19073,3.45447,
19074,3.12509,
19075,3.15338,
19076,3.12293,
19077,3.23497,
19078,3.10949,
19079,3.10163,
19080,3.05645,
19081,2.95717,
19082,3.19522,
19083,2.99356,
19084,2.97611,
19085,3.12828,
19086,3.16251,
19087,3.14777,
19088,3.02124,
19089,3.08493,
19090,2.95674,
19091,3.0422,
19092,2.91516,
19093,2.96588,
19094,3.0869,
19095,2.79109,
19096,2.86603,
19097,3.10126,
19098,3.01544,
19099,3.4814,
19100,3.46538,
19101,3.40516,
19102,3.49653,
19103,3.38078,
19104,3.34721,
19105,3.24065,
19106,3.27955,
19107,3.01847,
19108,3.0946,
19109,3.03129,
19110,3.05227,
19111,3.30251,
19112,3.29507,
19113,3.17233,
19114,3.36501,
19115,3.29798,
19116,2.94172,
19117,3.01588,
19118,3.06009,
19119,2.97811,
19120,3.10397,
19121,3.25208,
19122,3.209,
19123,3.30875,
19124,3.42014,
19125,3.39527,
19126,2.858,
19127,3.02697,
19128,3.22008,
19129,3.21791,
19130,3.32058,
19131,3.28854,
19132,3.35925,
19133,3.30506,
19134,3.37058,
19135,3.11771,
19136,3.12744,
19137,3.31615,
19138,2.99757,
19139,3.25443,
19140,3.2675,
19141,3.19518,
19142,3.17294,
19143,3.15009,
19144,3.41032,
19145,3.23548,
19146,3.32515,
19147,3.1983,
19148,3.32925,
19149,3.26361,
19150,3.29619,
19151,3.06765,
19152,3.19247,
19153,3.13659,
19154,3.03615,
19155,3.07151,
19156,3.02523,
19157,3.11627,
19158,3.11223,
19159,3.22197,
19160,2.9021,
19161,3.08116,
19162,3.26653,
19163,3.16609,
19164,3.14499,
19165,3.09628,
19166,3.25777,
19167,2.99505,
19168,3.18385,
19169,2.49684,
19170,3.31864,
19171,3.26978,
19172,3.38798,
19173,3.5239,
19174,3.73659,
19175,3.3177,
19176,3.39272,
19177,3.23571,
19178,3.43193,
19179,3.40167,
19180,3.3216,
19181,3.30215,
19182,3.13963,
19183,3.16718,
19184,3.23849,
19185,3.34405,
19186,3.11377,
19187,3.31204,
19188,3.38306,
19189,3.2505,
19190,3.21304,
19191,3.19305,
19192,3.22718,
19193,3.30029,
19194,3.26239,
19195,3.21903,
19196,3.22284,
19197,3.1182,
19198,3.31469,
19199,3.33479,
19200,3.09574,
19201,3.22664,
19202,3.08091,
19203,2.98365,
19204,2.9276,
19205,2.81007,
19206,3.16793,
19207,3.21586,
19208,2.94125,
19209,3.06605,
19210,3.17595,
19211,3.02113,
19212,2.93443,
19213,2.99525,
19214,2.93568,
19215,3.11649,
19216,2.93236,
19217,3.04376,
19218,3.1888,
19219,3.00628,
19220,3.23737,
19221,3.23096,
19222,3.12249,
19223,3.0908,
19224,3.08915,
19225,3.30686,
19226,3.1768,
19227,3.15044,
19228,3.16533,
19229,3.25151,
19230,3.03534,
19231,2.86962,
19232,3.05356,
19233,2.98811,
19234,3.08715,
19235,3.08284,
19236,2.79236,
19237,3.13989,
19238,3.20602,
19239,3.15777,
19240,3.05329,
19241,3.00288,
19242,3.24563,
19243,3.03349,
19244,2.77044,
19245,3.09818,
19246,3.09022,
19247,3.32748,
19248,3.08264,
19249,2.96223,
19250,3.0703,
19251,3.03994,
19252,2.99548,
19253,3.01272,
19254,3.07355,
19255,3.29143,
19256,3.22858,
19257,3.26869,
19258,3.06663,
19259,3.09206,
19260,3.03189,
19261,3.24999,
19262,3.2632,
19263,3.21129,
19264,3.16016,
19265,3.36457,
19266,3.11993,
19267,3.15266,
19268,3.10739,
19269,2.97167,
19270,3.20937,
19271,3.15697,
19272,3.31372,
19273,3.17466,
19274,2.81963,
19275,2.89554,
19276,3.09164,
19277,2.9242,
19278,3.03494,
19279,2.839,
19280,3.02927,
19281,3.2496,
19282,3.34463,
19283,3.15257,
19284,3.28236,
19285,3.26873,
19286,3.24217,
19287,3.17289,
19288,3.27604,
19289,3.25337,
19290,3.3074,
19291,3.20905,
19292,3.23658,
19293,3.20954,
19294,3.09656,
19295,3.23717,
19296,2.83021,
19297,3.03343,
19298,3.16237,
19299,3.05967,
19300,3.16389,
19301,2.93581,
19302,3.01854,
19303,3.17198,
19304,2.92548,
19305,3.09726,
19306,2.96422,
19307,2.88957,
19308,3.09799,
19309,2.86037,
19310,2.91766,
19311,2.93566,
19312,3.0454,
19313,2.94076,
19314,3.12281,
19315,3.208,
19316,3.11003,
19317,2.95382,
19318,3.00923,
19319,3.08237,
19320,3.10044,
19321,2.94854,
19322,3.32112,
19323,3.17852,
19324,3.16574,
19325,3.2338,
19326,3.1608,
19327,3.07365,
19328,3.15051,
19329,3.07893,
19330,3.14789,
19331,3.15388,
19332,3.28255,
19333,3.39491,
19334,3.25971,
19335,3.17706,
19336,3.1464,
19337,3.01925,
19338,3.08504,
19339,2.99017,
19340,3.05884,
19341,2.92128,
19342,3.09406,
19343,3.0129,
19344,3.21811,
19345,3.00692,
19346,3.13587,
19347,3.25103,
19348,3.33459,
19349,3.34234,
19350,3.06039,
19351,2.90716,
19352,3.17251,
19353,2.87728,
19354,3.14791,
19355,3.33392,
19356,3.34259,
19357,3.36904,
19358,3.3578,
19359,3.08545,
19360,3.339,
19361,3.18967,
19362,3.18901,
19363,3.15747,
19364,3.35989,
19365,3.08042,
19366,3.27694,
19367,2.93308,
19368,3.29121,
19369,3.26739,
19370,3.43672,
19371,3.15639,
19372,3.19744,
19373,3.28653,
19374,3.03289,
19375,3.24538,
19376,2.94763,
19377,3.07363,
19378,3.05655,
19379,3.34071,
19380,3.27577,
19381,2.87988,
19382,3.17265,
19383,3.08955,
19384,3.18883,
19385,3.18007,
19386,3.391,
19387,3.2145,
19388,3.07019,
19389,3.17929,
19390,3.26062,
19391,3.10432,
19392,2.97979,
19393,2.97269,
19394,3.36616,
19395,3.3899,
19396,3.38841,
19397,3.3406,
19398,3.24288,
19399,3.22152,
19400,3.07582,
19401,3.35785,
19402,3.19353,
19403,3.27353,
19404,3.23099,
19405,3.19239,
19406,3.15414,
19407,3.26083,
19408,3.16548,
19409,3.09752,
19410,3.26254,
19411,3.32348,
19412,3.08576,
19413,3.40491,
19414,3.24281,
19415,3.0837,
19416,3.01011,
19417,3.26711,
19418,3.21447,
19419,3.12538,
19420,3.08421,
19421,3.25926,
19422,3.05389,
19423,3.00843,
19424,3.14595,
19425,3.01412,
19426,3.12915,
19427,3.2159,
19428,3.2418,
19429,3.08824,
19430,3.0835,
19431,3.02177,
19432,3.24393,
19433,3.25803,
19434,2.84654,
19435,3.07777,
19436,3.08513,
19437,3.17586,
19438,3.21728,
19439,3.21996,
19440,2.98185,
19441,3.12306,
19442,3.20504,
19443,2.89301,
19444,2.95255,
19445,3.26617,
19446,3.13051,
19447,3.21136,
19448,2.99208,
19449,2.99746,
19450,3.18798,
19451,3.14923,
19452,3.02753,
19453,3.25733,
19454,3.1864,
19455,2.90712,
19456,3.0362,
19457,2.93767,
19458,3.09725,
19459,2.92769,
19460,3.08671,
19461,3.24858,
19462,3.1267,
19463,3.31901,
19464,3.31131,
19465,3.22369,
19466,3.28451,
19467,3.08662,
19468,3.14516,
19469,3.23238,
19470,3.22251,
19471,3.33016,
19472,3.40493,
19473,3.52386,
19474,4.38777,
19475,3.22605,
19476,3.20787,
19477,3.23147,
19478,3.2277,
19479,3.10698,
19480,3.19882,
19481,3.15102,
19482,3.17444,
19483,3.09079,
19484,3.67276,
19485,3.17825,
19486,3.17864,
19487,2.77442,
19488,2.98412,
19489,3.17716,
19490,3.2094,
19491,3.33391,
19492,3.37284,
19493,3.19374,
19494,3.24516,
19495,3.22961,
19496,3.17116,
19497,3.41446,
19498,3.19589,
19499,3.16895,
19500,3.33685,
19501,3.3289,
19502,3.22954,
19503,3.13283,
19504,3.14277,
19505,3.13691,
19506,3.14678,
19507,3.07333,
19508,2.8687,
19509,3.21911,
19510,3.09191,
19511,2.92977,
19512,2.99698,
19513,3.06503,
19514,3.183,
19515,3.11776,
19516,3.04193,
19517,3.18084,
19518,2.88809,
19519,3.07614,
19520,2.81923,
19521,3.17883,
19522,3.00533,
19523,3.05209,
19524,3.14173,
19525,3.07387,
19526,3.06654,
19527,3.06405,
19528,3.04502,
19529,2.88568,
19530,3.11971,
19531,3.10284,
19532,2.77829,
19533,2.90119,
19534,2.86939,
19535,3.06883,
19536,3.04916,
19537,3.02155,
19538,3.0158,
19539,3.06083,
19540,3.1238,
19541,2.85813,
19542,3.20182,
19543,3.03466,
19544,3.03991,
19545,3.02325,
19546,3.21237,
19547,3.37205,
19548,3.31325,
19549,3.07503,
19550,3.00871,
19551,3.3761,
19552,3.16029,
19553,3.1825,
19554,3.07043,
19555,2.98072,
19556,3.02923,
19557,3.20713,
19558,2.84952,
19559,2.80512,
19560,2.63886,
19561,2.89496,
19562,3.05983,
19563,3.14414,
19564,3.1202,
19565,3.15556,
19566,3.03448,
19567,2.88483,
19568,2.94933,
19569,3.09664,
19570,3.22947,
19571,3.02437,
19572,3.02338,
19573,2.66656,
19574,2.7109,
19575,3.17915,
19576,2.89089,
19577,3.05095,
19578,2.83062,
19579,2.96699,
19580,2.80867,
19581,2.86365,
19582,2.83168,
19583,2.88756,
19584,2.83851,
19585,2.77091,
19586,2.89869,
19587,3.11366,
19588,2.80234,
19589,3.04039,
19590,3.06736,
19591,3.41318,
19592,3.34723,
19593,3.34471,
19594,3.31822,
19595,3.37343,
19596,3.3557,
19597,3.12059,
19598,2.88831,
19599,3.1778,
19600,3.03344,
19601,3.01902,
19602,3.24464,
19603,3.14898,
19604,3.18044,
19605,3.09908,
19606,3.04299,
19607,2.99258,
19608,3.15278,
19609,3.19622,
19610,3.12771,
19611,3.12638,
19612,3.06798,
19613,2.91432,
19614,3.33066,
19615,3.01749,
19616,3.008,
19617,3.11996,
19618,3.1614,
19619,3.00226,
19620,3.41376,
19621,3.2479,
19622,3.40734,
19623,3.20399,
19624,3.33259,
19625,3.24107,
19626,3.16023,
19627,3.2004,
19628,3.16032,
19629,3.15398,
19630,3.13745,
19631,3.1905,
19632,3.16554,
19633,2.9691,
19634,3.11368,
19635,3.02437,
19636,3.02127,
19637,2.77076,
19638,2.90409,
19639,2.80384,
19640,3.00787,
19641,3.02625,
19642,2.82517,
19643,2.9281,
19644,2.92173,
19645,3.11207,
19646,2.99502,
19647,3.03278,
19648,3.15659,
19649,3.18243,
19650,3.19753,
19651,3.19372,
19652,3.22123,
19653,3.2813,
19654,3.21049,
19655,3.29673,
19656,3.22577,
19657,3.2049,
19658,3.27498,
19659,3.15205,
19660,3.14901,
19661,2.90706,
19662,3.1308,
19663,3.12807,
19664,3.26625,
19665,3.14453,
19666,2.97696,
19667,3.08083,
19668,3.01156,
19669,3.0362,
19670,3.20064,
19671,3.2551,
19672,3.04399,
19673,2.98263,
19674,3.06863,
19675,3.30089,
19676,3.25162,
19677,3.27794,
19678,3.13258,
19679,3.34372,
19680,3.12235,
19681,3.25804,
19682,3.4125,
19683,3.13448,
19684,3.03781,
19685,3.00138,
19686,3.27516,
19687,3.25542,
19688,3.11483,
19689,3.19296,
19690,3.10393,
19691,3.33286,
19692,3.26299,
19693,3.40689,
19694,3.01437,
19695,3.09442,
19696,2.86622,
19697,3.05655,
19698,3.07097,
19699,3.04189,
19700,3.03882,
19701,3.21546,
19702,3.12117,
19703,3.08522,
19704,2.84296,
19705,2.96258,
19706,3.0766,
19707,3.06728,
19708,2.99847,
19709,3.45817,
19710,3.35014,
19711,3.32324,
19712,3.2526,
19713,3.14979,
19714,3.23882,
19715,3.00648,
19716,3.28001,
19717,3.39499,
19718,3.25647,
19719,3.30267,
19720,3.53896,
19721,3.61315,
19722,3.20325,
19723,3.22681,
19724,3.27429,
19725,3.3427,
19726,3.51006,
19727,3.28507,
19728,3.19408,
19729,3.18019,
19730,3.07381,
19731,3.13887,
19732,3.1387,
19733,3.17731,
19734,3.11709,
19735,2.98379,
19736,3.15378,
19737,3.63575,
19738,3.6763,
19739,3.55315,
19740,3.53256,
19741,3.53179,
19742,3.55384,
19743,3.52184,
19744,3.49976,
19745,3.48186,
19746,3.5126,
19747,3.48815,
19748,3.44318,
19749,3.47357,
19750,3.35445,
19751,3.44404,
19752,3.52374,
19753,3.47358,
19754,3.36419,
19755,3.2888,
19756,3.27534,
19757,3.48345,
19758,3.30921,
19759,3.256,
19760,3.22131,
19761,3.23851,
19762,3.12799,
19763,3.30237,
19764,3.151,
19765,3.19433,
19766,3.1864,
19767,3.03731,
19768,2.90188,
19769,3.19964,
19770,3.41324,
19771,3.29403,
19772,3.0073,
19773,3.18374,
19774,3.22141,
19775,3.09647,
19776,3.16872,
19777,3.24309,
19778,3.02524,
19779,3.207,
19780,3.06739,
19781,3.04382,
19782,3.32147,
19783,3.18097,
19784,3.16469,
19785,3.24589,
19786,3.07009,
19787,3.00485,
19788,2.96084,
19789,3.01122,
19790,3.17148,
19791,3.07843,
19792,2.96051,
19793,3.18416,
19794,3.05986,
19795,2.9977,
19796,3.0855,
19797,2.95026,
19798,2.91348,
19799,3.15887,
19800,2.90874,
19801,2.92694,
19802,2.95645,
19803,3.03467,
19804,2.96994,
19805,2.89983,
19806,3.00742,
19807,2.96205,
19808,3.09967,
19809,3.12342,
19810,3.14682,
19811,3.12415,
19812,3.1538,
19813,3.0274,
19814,3.18211,
19815,2.91214,
19816,3.0739,
19817,3.09063,
19818,3.01351,
19819,3.28937,
19820,2.98596,
19821,2.94054,
19822,3.1972,
19823,3.02202,
19824,2.87143,
19825,3.00072,
19826,3.25187,
19827,2.72587,
19828,2.88955,
19829,3.11754,
19830,2.84799,
19831,3.03936,
19832,2.95404,
19833,2.8722,
19834,2.82241,
19835,3.28488,
19836,3.23245,
19837,3.20571,
19838,3.13719,
19839,3.305,
19840,3.16792,
19841,3.27013,
19842,3.16697,
19843,3.10465,
19844,3.24074,
19845,3.15374,
19846,3.19221,
19847,3.11519,
19848,3.10767,
19849,3.1548,
19850,2.83924,
19851,3.02768,
19852,3.10467,
19853,3.15352,
19854,3.14313,
19855,2.79691,
19856,3.01747,
19857,3.07751,
19858,2.94659,
19859,2.69313,
19860,2.88413,
19861,2.92379,
19862,2.89521,
19863,2.95555,
19864,2.71683,
19865,2.75932,
19866,2.77221,
19867,2.94325,
19868,3.0238,
19869,3.6686,
19870,3.40921,
19871,3.25744,
19872,3.18722,
19873,3.36654,
19874,3.35401,
19875,3.08599,
19876,3.26842,
19877,3.13312,
19878,3.15396,
19879,3.06423,
19880,3.39133,
19881,3.20696,
19882,3.11625,
19883,3.26187,
19884,3.27759,
19885,3.17407,
19886,3.25516,
19887,3.10524,
19888,3.241,
19889,3.21742,
19890,3.09119,
19891,3.04608,
19892,3.11144,
19893,3.18885,
19894,3.28949,
19895,3.2212,
19896,3.12367,
19897,3.2934,
19898,3.11866,
19899,3.14748,
19900,3.34635,
19901,3.21524,
19902,3.14072,
19903,3.21036,
19904,3.20606,
19905,3.00692,
19906,3.12275,
19907,3.1374,
19908,3.29428,
19909,3.04541,
19910,3.08653,
19911,2.99028,
19912,3.18999,
19913,3.26914,
19914,3.12998,
19915,2.90122,
19916,3.12211,
19917,3.00917,
19918,2.96694,
19919,3.10793,
19920,3.18853,
19921,3.12213,
19922,3.06972,
19923,3.10327,
19924,3.12723,
19925,3.03054,
19926,3.05111,
19927,2.96986,
19928,2.98576,
19929,2.97385,
19930,3.15173,
19931,2.84299,
19932,2.84977,
19933,2.89908,
19934,2.9543,
19935,3.01015,
19936,2.92925,
19937,2.77508,
19938,2.95414,
19939,2.84668,
19940,3.02546,
19941,2.86748,
19942,2.94762,
19943,3.09548,
19944,3.05263,
19945,3.08412,
19946,2.79757,
19947,2.94482,
19948,2.89929,
19949,2.99894,
19950,3.10525,
19951,2.72049,
19952,2.85549,
19953,2.72497,
19954,2.75132,
19955,2.99962,
19956,2.96977,
19957,2.98492,
19958,2.85778,
19959,3.11899,
19960,2.97682,
19961,3.12684,
19962,3.25043,
19963,3.27769,
19964,3.16508,
19965,3.19485,
19966,3.46395,
19967,3.17315,
19968,3.0461,
19969,3.23699,
19970,3.03663,
19971,3.22179,
19972,3.28817,
19973,3.14919,
19974,3.1352,
19975,3.18707,
19976,2.95322,
19977,3.17655,
19978,3.11516,
19979,2.98522,
19980,3.06395,
19981,3.04302,
19982,2.86942,
19983,3.05495,
19984,3.09108,
19985,2.91311,
19986,3.0046,
19987,3.14924,
19988,3.25564,
19989,3.04624,
19990,3.10205,
19991,3.01282,
19992,3.38201,
19993,3.38621,
19994,3.41952,
19995,3.3748,
19996,3.43874,
19997,3.35267,
19998,3.30037,
19999,3.40967,
20000,3.28583,
20001,3.34273,
20002,3.34745,
20003,3.36998,
20004,3.19911,
20005,3.35757,
20006,3.31272,
20007,3.33503,
20008,3.39884,
20009,3.24832,
20010,3.30148,
20011,3.2672,
20012,3.33159,
20013,3.38603,
20014,3.38284,
20015,2.9079,
20016,2.97004,
20017,2.85446,
20018,2.70617,
20019,2.78744,
20020,2.72425,
20021,3.00187,
20022,2.53662,
20023,2.80824,
20024,2.7935,
20025,2.88167,
20026,2.8832,
20027,2.65001,
20028,2.7223,
20029,2.94944,
20030,3.10227,
20031,3.04601,
20032,2.74267,
20033,2.77608,
20034,3.28237,
20035,3.37398,
20036,3.33083,
20037,3.37043,
20038,3.31642,
20039,3.3424,
20040,3.22506,
20041,3.01987,
20042,3.17883,
20043,3.24073,
20044,3.12095,
20045,3.20191,
20046,3.33897,
20047,3.36955,
20048,3.20577,
20049,3.13203,
20050,2.94588,
20051,3.14419,
20052,3.09105,
20053,3.07616,
20054,2.87339,
20055,2.87274,
20056,2.81448,
20057,3.03689,
20058,3.04474,
20059,2.95326,
20060,3.22066,
20061,3.14281,
20062,3.21019,
20063,3.15419,
20064,3.31239,
20065,3.1267,
20066,3.06256,
20067,3.15132,
20068,2.89552,
20069,2.9456,
20070,2.9104,
20071,3.12124,
20072,3.25595,
20073,3.08521,
20074,2.88684,
20075,2.83298,
20076,2.74593,
20077,2.61703,
20078,2.71865,
20079,2.74986,
20080,3.04223,
20081,2.70791,
20082,2.73473,
20083,2.7935,
20084,3.05801,
20085,2.94009,
20086,3.15285,
20087,2.81485,
20088,3.31758,
20089,3.02182,
20090,3.33307,
20091,3.52127,
20092,3.24089,
20093,3.31336,
20094,3.28335,
20095,3.15377,
20096,3.23804,
20097,3.23508,
20098,3.1173,
20099,2.93256,
20100,2.93711,
20101,3.10744,
20102,3.02621,
20103,3.08002,
20104,3.15955,
20105,2.94904,
20106,3.10102,
20107,2.88149,
20108,3.22792,
20109,3.14106,
20110,2.86134,
20111,2.8615,
20112,3.15942,
20113,2.82692,
20114,2.8281,
20115,2.87831,
20116,2.71737,
20117,2.72159,
20118,2.81537,
20119,3.43577,
20120,3.34728,
20121,3.49248,
20122,3.45652,
20123,3.45725,
20124,3.28336,
20125,3.0821,
20126,3.20352,
20127,3.13106,
20128,3.28003,
20129,3.5053,
20130,3.24937,
20131,3.25983,
20132,3.10159,
20133,3.06934,
20134,3.39561,
20135,3.34694,
20136,3.43087,
20137,3.16844,
20138,3.43236,
20139,3.10409,
20140,3.14452,
20141,3.11545,
20142,3.20692,
20143,3.06903,
20144,3.07593,
20145,3.03638,
20146,2.94609,
20147,3.18562,
20148,2.96992,
20149,2.95793,
20150,3.111,
20151,3.1426,
20152,3.1096,
20153,3.00919,
20154,3.07757,
20155,2.94824,
20156,3.04327,
20157,2.90418,
20158,2.96512,
20159,3.06792,
20160,2.78056,
20161,2.85703,
20162,3.09139,
20163,2.99431,
20164,3.44307,
20165,3.46162,
20166,3.39889,
20167,3.48681,
20168,3.38441,
20169,3.35361,
20170,3.22696,
20171,3.25133,
20172,2.99478,
20173,3.08134,
20174,3.02403,
20175,3.05617,
20176,3.2993,
20177,3.29793,
20178,3.15318,
20179,3.36361,
20180,3.30232,
20181,2.94921,
20182,3.01084,
20183,3.03899,
20184,2.96623,
20185,3.09663,
20186,3.24755,
20187,3.18977,
20188,3.29759,
20189,3.40945,
20190,3.39662,
20191,2.84315,
20192,3.0091,
20193,3.20388,
20194,3.20539,
20195,3.30009,
20196,3.27331,
20197,3.34224,
20198,3.2893,
20199,3.36307,
20200,3.10824,
20201,3.12675,
20202,3.30033,
20203,2.98313,
20204,3.25618,
20205,3.25305,
20206,3.17787,
20207,3.16035,
20208,3.13366,
20209,3.40318,
20210,3.2245,
20211,3.30972,
20212,3.18936,
20213,3.30538,
20214,3.25019,
20215,3.27748,
20216,3.06414,
20217,3.17657,
20218,3.11251,
20219,3.03288,
20220,3.06713,
20221,2.99784,
20222,3.09896,
20223,3.11169,
20224,3.20363,
20225,2.89507,
20226,3.08094,
20227,3.2525,
20228,3.15195,
20229,3.12072,
20230,3.07724,
20231,3.23761,
20232,2.97745,
20233,3.17394,
20234,2.47199,
20235,3.30364,
20236,3.24664,
20237,3.37541,
20238,3.50285,
20239,3.72269,
20240,3.30661,
20241,3.38242,
20242,3.22022,
20243,3.40048,
20244,3.38429,
20245,3.31975,
20246,3.27532,
20247,3.11655,
20248,3.1521,
20249,3.22286,
20250,3.32736,
20251,3.094,
20252,3.2981,
20253,3.36046,
20254,3.22744,
20255,3.20734,
20256,3.18988,
20257,3.22145,
20258,3.30049,
20259,3.25294,
20260,3.21493,
20261,3.21107,
20262,3.10115,
20263,3.2936,
20264,3.32416,
20265,3.08484,
20266,3.2176,
20267,3.06747,
20268,2.97321,
20269,2.92474,
20270,2.79929,
20271,3.16484,
20272,3.19743,
20273,2.93097,
20274,3.04518,
20275,3.17115,
20276,3.00749,
20277,2.92194,
20278,2.98878,
20279,2.9292,
20280,3.10271,
20281,2.92945,
20282,3.04024,
20283,3.17788,
20284,3.00711,
20285,3.22554,
20286,3.21567,
20287,3.09297,
20288,3.07485,
20289,3.0889,
20290,3.29678,
20291,3.18043,
20292,3.125,
20293,3.14868,
20294,3.23315,
20295,3.03057,
20296,2.85028,
20297,3.03923,
20298,2.9632,
20299,3.08016,
20300,3.08734,
20301,2.7807,
20302,3.1197,
20303,3.20018,
20304,3.15059,
20305,3.04435,
20306,2.98813,
20307,3.22737,
20308,3.01979,
20309,2.75652,
20310,3.09721,
20311,3.08587,
20312,3.31603,
20313,3.07255,
20314,2.95375,
20315,3.07282,
20316,3.01992,
20317,2.99104,
20318,3.01665,
20319,3.05578,
20320,3.27696,
20321,3.22587,
20322,3.25183,
20323,3.04369,
20324,3.06608,
20325,3.01935,
20326,3.24216,
20327,3.24374,
20328,3.19065,
20329,3.14934,
20330,3.35593,
20331,3.09499,
20332,3.13692,
20333,3.1102,
20334,2.96131,
20335,3.21205,
20336,3.14512,
20337,3.29633,
20338,3.16631,
20339,2.81272,
20340,2.89057,
20341,3.09561,
20342,2.91642,
20343,3.02037,
20344,2.82709,
20345,3.0098,
20346,3.24069,
20347,3.32775,
20348,3.12873,
20349,3.26487,
20350,3.23159,
20351,3.23484,
20352,3.17118,
20353,3.26528,
20354,3.22525,
20355,3.29134,
20356,3.17406,
20357,3.21739,
20358,3.19166,
20359,3.08563,
20360,3.23621,
20361,2.82102,
20362,3.00086,
20363,3.16207,
20364,3.06489,
20365,3.15932,
20366,2.92716,
20367,3.01807,
20368,3.16701,
20369,2.91348,
20370,3.09241,
20371,2.95364,
20372,2.87862,
20373,3.07084,
20374,2.8364,
20375,2.91138,
20376,2.95205,
20377,3.02554,
20378,2.93098,
20379,3.11949,
20380,3.18639,
20381,3.10248,
20382,2.94091,
20383,3.00299,
20384,3.06686,
20385,3.09419,
20386,2.92817,
20387,3.30327,
20388,3.1734,
20389,3.13805,
20390,3.21722,
20391,3.13822,
20392,3.06814,
20393,3.13636,
20394,3.071,
20395,3.13526,
20396,3.14603,
20397,3.27634,
20398,3.38078,
20399,3.24149,
20400,3.16141,
20401,3.12101,
20402,3.00484,
20403,3.07927,
20404,2.97884,
20405,3.06165,
20406,2.92489,
20407,3.07294,
20408,2.99647,
20409,3.19406,
20410,3.00187,
20411,3.12704,
20412,3.23529,
20413,3.32168,
20414,3.31687,
20415,3.05646,
20416,2.91135,
20417,3.15483,
20418,2.85646,
20419,3.14827,
20420,3.31156,
20421,3.3219,
20422,3.33447,
20423,3.34809,
20424,3.04403,
20425,3.32041,
20426,3.17752,
20427,3.17914,
20428,3.14251,
20429,3.34281,
20430,3.06655,
20431,3.27068,
20432,2.91734,
20433,3.28622,
20434,3.2599,
20435,3.43235,
20436,3.14613,
20437,3.2003,
20438,3.27192,
20439,3.02402,
20440,3.23428,
20441,2.93807,
20442,3.0602,
20443,3.04659,
20444,3.32415,
20445,3.26801,
20446,2.87473,
20447,3.17677,
20448,3.06478,
20449,3.18376,
20450,3.18584,
20451,3.3803,
20452,3.20223,
20453,3.05382,
20454,3.16647,
20455,3.23588,
20456,3.08377,
20457,2.9663,
20458,2.97649,
20459,3.34345,
20460,3.37797,
20461,3.37301,
20462,3.32701,
20463,3.22451,
20464,3.20617,
20465,3.0476,
20466,3.33992,
20467,3.18125,
20468,3.25508,
20469,3.22429,
20470,3.17009,
20471,3.15939,
20472,3.25442,
20473,3.15933,
20474,3.09917,
20475,3.26603,
20476,3.31117,
20477,3.08005,
20478,3.39933,
20479,3.22832,
20480,3.07019,
20481,3.00307,
20482,3.25384,
20483,3.19815,
20484,3.11633,
20485,3.07793,
20486,3.24855,
20487,3.03876,
20488,3.00646,
20489,3.13134,
20490,3.0086,
20491,3.12266,
20492,3.20612,
20493,3.23025,
20494,3.07757,
20495,3.06038,
20496,3.01887,
20497,3.24139,
20498,3.23635,
20499,2.83297,
20500,3.06413,
20501,3.06011,
20502,3.16928,
20503,3.22324,
20504,3.21161,
20505,2.97928,
20506,3.10242,
20507,3.19228,
20508,2.87781,
20509,2.94213,
20510,3.25272,
20511,3.10763,
20512,3.194,
20513,2.96387,
20514,2.98134,
20515,3.16605,
20516,3.1426,
20517,3.00682,
20518,3.24214,
20519,3.17177,
20520,2.90325,
20521,3.02276,
20522,2.93129,
20523,3.09314,
20524,2.92163,
20525,3.06871,
20526,3.23891,
20527,3.11597,
20528,3.30785,
20529,3.30348,
20530,3.20623,
20531,3.27474,
20532,3.06371,
20533,3.13216,
20534,3.22042,
20535,3.20896,
20536,3.31041,
20537,3.40006,
20538,3.522,
20539,4.38162,
20540,3.20661,
20541,3.18392,
20542,3.20539,
20543,3.21678,
20544,3.09263,
20545,3.1987,
20546,3.14114,
20547,3.16108,
20548,3.07289,
20549,3.66701,
20550,3.16738,
20551,3.15752,
20552,2.76769,
20553,2.9734,
20554,3.16324,
20555,3.19422,
20556,3.31453,
20557,3.36451,
20558,3.16623,
20559,3.23869,
20560,3.21622,
20561,3.15167,
20562,3.40117,
20563,3.17345,
20564,3.15771,
20565,3.31603,
20566,3.33436,
20567,3.20902,
20568,3.11953,
20569,3.12616,
20570,3.11472,
20571,3.13219,
20572,3.05313,
20573,2.86331,
20574,3.20162,
20575,3.07767,
20576,2.9233,
20577,2.99063,
20578,3.04241,
20579,3.16678,
20580,3.12421,
20581,3.03153,
20582,3.15406,
20583,2.87967,
20584,3.05301,
20585,2.78347,
20586,3.1605,
20587,3.00136,
20588,3.0437,
20589,3.12322,
20590,3.0584,
20591,3.04971,
20592,3.04003,
20593,3.02439,
20594,2.87557,
20595,3.10775,
20596,3.08887,
20597,2.77034,
20598,2.89109,
20599,2.85177,
20600,3.0549,
20601,3.03057,
20602,3.01269,
20603,3.00562,
20604,3.05332,
20605,3.10297,
20606,2.84982,
20607,3.1918,
20608,3.03745,
20609,3.02472,
20610,3.01542,
20611,3.20851,
20612,3.35523,
20613,3.30191,
20614,3.05463,
20615,3.00991,
20616,3.3782,
20617,3.14453,
20618,3.17756,
20619,3.05308,
20620,2.96425,
20621,3.01868,
20622,3.19043,
20623,2.84327,
20624,2.77769,
20625,2.62489,
20626,2.89403,
20627,3.05168,
20628,3.13461,
20629,3.10656,
20630,3.13026,
20631,3.02175,
20632,2.87379,
20633,2.94085,
20634,3.07092,
20635,3.21084,
20636,3.01483,
20637,3.01835,
20638,2.6492,
20639,2.70244,
20640,3.17587,
20641,2.86759,
20642,3.02731,
20643,2.8053,
20644,2.94232,
20645,2.79031,
20646,2.86442,
20647,2.81899,
20648,2.88501,
20649,2.82614,
20650,2.76388,
20651,2.88917,
20652,3.11256,
20653,2.80369,
20654,3.02492,
20655,3.04753,
20656,3.39688,
20657,3.33429,
20658,3.32575,
20659,3.31438,
20660,3.35059,
20661,3.3449,
20662,3.10333,
20663,2.86728,
20664,3.16086,
20665,3.02471,
20666,3.02311,
20667,3.23568,
20668,3.1341,
20669,3.15862,
20670,3.09414,
20671,3.05514,
20672,2.98262,
20673,3.13077,
20674,3.19103,
20675,3.11715,
20676,3.11255,
20677,3.05735,
20678,2.91301,
20679,3.31013,
20680,3.00359,
20681,2.98846,
20682,3.09219,
20683,3.1498,
20684,2.98106,
20685,3.40419,
20686,3.2325,
20687,3.39385,
20688,3.19706,
20689,3.30877,
20690,3.22285,
20691,3.1494,
20692,3.18421,
20693,3.14227,
20694,3.16036,
20695,3.12614,
20696,3.16236,
20697,3.1669,
20698,2.94097,
20699,3.10514,
20700,3.02749,
20701,3.01869,
20702,2.75578,
20703,2.90136,
20704,2.78477,
20705,2.9902,
20706,3.00312,
20707,2.80731,
20708,2.91991,
20709,2.89826,
20710,3.09387,
20711,2.98744,
20712,3.03357,
20713,3.12515,
20714,3.16106,
20715,3.18409,
20716,3.18068,
20717,3.20687,
20718,3.25202,
20719,3.18008,
20720,3.29043,
20721,3.20329,
20722,3.18697,
20723,3.27304,
20724,3.15113,
20725,3.12778,
20726,2.89338,
20727,3.11835,
20728,3.11149,
20729,3.23074,
20730,3.12442,
20731,2.97562,
20732,3.06363,
20733,2.9946,
20734,3.03072,
20735,3.18964,
20736,3.25741,
20737,3.03584,
20738,2.97515,
20739,3.0554,
20740,3.27679,
20741,3.22182,
20742,3.26658,
20743,3.11974,
20744,3.33358,
20745,3.11596,
20746,3.24203,
20747,3.40923,
20748,3.12343,
20749,3.02462,
20750,2.9797,
20751,3.26152,
20752,3.24906,
20753,3.10552,
20754,3.18245,
20755,3.10571,
20756,3.314,
20757,3.24231,
20758,3.38596,
20759,2.9965,
20760,3.07515,
20761,2.85744,
20762,3.04135,
20763,3.05878,
20764,3.03372,
20765,3.02676,
20766,3.21536,
20767,3.11565,
20768,3.06719,
20769,2.84178,
20770,2.95991,
20771,3.06282,
20772,3.05272,
20773,2.98091,
20774,3.4275,
20775,3.33833,
20776,3.30899,
20777,3.23503,
20778,3.13087,
20779,3.24156,
20780,2.99196,
20781,3.27402,
20782,3.38191,
20783,3.2453,
20784,3.29008,
20785,3.5305,
20786,3.60158,
20787,3.19178,
20788,3.20651,
20789,3.26459,
20790,3.33685,
20791,3.4934,
20792,3.26673,
20793,3.17807,
20794,3.16841,
20795,3.05379,
20796,3.13571,
20797,3.13214,
20798,3.16438,
20799,3.08919,
20800,2.97437,
20801,3.14931,
20802,3.61199,
20803,3.66378,
20804,3.53839,
20805,3.52344,
20806,3.50997,
20807,3.54047,
20808,3.49584,
20809,3.48511,
20810,3.47154,
20811,3.50558,
20812,3.47109,
20813,3.43503,
20814,3.45405,
20815,3.34537,
20816,3.43698,
20817,3.52053,
20818,3.45785,
20819,3.35453,
20820,3.28757,
20821,3.25001,
20822,3.45784,
20823,3.2749,
20824,3.22854,
20825,3.19291,
20826,3.22189,
20827,3.10912,
20828,3.29154,
20829,3.12497,
20830,3.18124,
20831,3.17839,
20832,3.02173,
20833,2.88245,
20834,3.18114,
20835,3.39992,
20836,3.27813,
20837,2.99358,
20838,3.17428,
20839,3.20695,
20840,3.08378,
20841,3.16515,
20842,3.23369,
20843,3.01162,
20844,3.18088,
20845,3.04827,
20846,3.03328,
20847,3.30334,
20848,3.16712,
20849,3.14919,
20850,3.23005,
20851,3.06581,
20852,2.99853,
20853,2.94154,
20854,2.98782,
20855,3.16671,
20856,3.07403,
20857,2.95377,
20858,3.17869,
20859,3.04505,
20860,2.98806,
20861,3.06992,
20862,2.93322,
20863,2.90822,
20864,3.14356,
20865,2.89605,
20866,2.90304,
20867,2.95785,
20868,3.0125,
20869,2.94678,
20870,2.89007,
20871,3.00444,
20872,2.93597,
20873,3.08169,
20874,3.09439,
20875,3.15612,
20876,3.10199,
20877,3.13899,
20878,3.01892,
20879,3.17131,
20880,2.90572,
20881,3.06159,
20882,3.07901,
20883,3.00103,
20884,3.28266,
20885,2.97752,
20886,2.93192,
20887,3.17922,
20888,3.00354,
20889,2.88115,
20890,2.97394,
20891,3.23364,
20892,2.72306,
20893,2.86554,
20894,3.09748,
20895,2.84842,
20896,3.03024,
20897,2.94028,
20898,2.86792,
20899,2.80893,
20900,3.27603,
20901,3.22072,
20902,3.18665,
20903,3.12384,
20904,3.28322,
20905,3.15225,
20906,3.25243,
20907,3.14967,
20908,3.08112,
20909,3.22811,
20910,3.13359,
20911,3.17211,
20912,3.11109,
20913,3.09376,
20914,3.14694,
20915,2.82725,
20916,3.00921,
20917,3.08879,
20918,3.14414,
20919,3.14082,
20920,2.77985,
20921,3.01496,
20922,3.06919,
20923,2.93265,
20924,2.6915,
20925,2.87411,
20926,2.91147,
20927,2.89687,
20928,2.95146,
20929,2.69875,
20930,2.75664,
20931,2.74988,
20932,2.9416,
20933,3.02979,
20934,3.63513,
20935,3.39866,
20936,3.25077,
20937,3.16699,
20938,3.34456,
20939,3.34421,
20940,3.06696,
20941,3.25464,
20942,3.12257,
20943,3.14201,
20944,3.04537,
20945,3.38232,
20946,3.21021,
20947,3.10919,
20948,3.26281,
20949,3.26605,
20950,3.16514,
20951,3.24513,
20952,3.08811,
20953,3.23235,
20954,3.20982,
20955,3.0743,
20956,3.03026,
20957,3.09402,
20958,3.16872,
20959,3.26848,
20960,3.21558,
20961,3.11355,
20962,3.28412,
20963,3.10788,
20964,3.13551,
20965,3.33695,
20966,3.20309,
20967,3.12059,
20968,3.19492,
20969,3.19024,
20970,3.00684,
20971,3.10662,
20972,3.12373,
20973,3.27398,
20974,3.02202,
20975,3.08632,
20976,2.98664,
20977,3.18912,
20978,3.24078,
20979,3.11382,
20980,2.87442,
20981,3.11097,
20982,2.999,
20983,2.95291,
20984,3.09021,
20985,3.18383,
20986,3.11662,
20987,3.05653,
20988,3.09052,
20989,3.10841,
20990,3.01426,
20991,3.05629,
20992,2.94554,
20993,2.99014,
20994,2.95204,
20995,3.14261,
20996,2.84112,
20997,2.836,
20998,2.89666,
20999,2.93965,
21000,3.00013,
21001,2.92471,
21002,2.76405,
21003,2.94819,
21004,2.85383,
21005,3.02588,
21006,2.85493,
21007,2.92207,
21008,3.08187,
21009,3.03737,
21010,3.08299,
21011,2.77959,
21012,2.92882,
21013,2.88206,
21014,2.96863,
21015,3.09331,
21016,2.72075,
21017,2.85369,
21018,2.71516,
21019,2.74784,
21020,3.00019,
21021,2.95396,
21022,2.97163,
21023,2.85533,
21024,3.10971,
21025,2.95963,
21026,3.11383,
21027,3.23108,
21028,3.23679,
21029,3.16653,
21030,3.18933,
21031,3.45484,
21032,3.14946,
21033,3.03195,
21034,3.22518,
21035,3.02405,
21036,3.19643,
21037,3.27747,
21038,3.138,
21039,3.12793,
21040,3.16783,
21041,2.93327,
21042,3.16738,
21043,3.11693,
21044,2.96857,
21045,3.05622,
21046,3.03952,
21047,2.86757,
21048,3.05164,
21049,3.07438,
21050,2.90909,
21051,2.9956,
21052,3.13724,
21053,3.24608,
21054,3.03756,
21055,3.09561,
21056,2.99962,
21057,3.37518,
21058,3.37883,
21059,3.40903,
21060,3.3644,
21061,3.4382,
21062,3.33892,
21063,3.29459,
21064,3.40857,
21065,3.2825,
21066,3.33217,
21067,3.33926,
21068,3.35908,
21069,3.18506,
21070,3.3636,
21071,3.30556,
21072,3.3229,
21073,3.38885,
21074,3.24541,
21075,3.29061,
21076,3.25508,
21077,3.32737,
21078,3.3591,
21079,3.37183,
21080,2.89899,
21081,2.95621,
21082,2.86032,
21083,2.70667,
21084,2.77413,
21085,2.72449,
21086,2.99602,
21087,2.53122,
21088,2.80562,
21089,2.79,
21090,2.88281,
21091,2.86907,
21092,2.65598,
21093,2.7366,
21094,2.93116,
21095,3.09307,
21096,3.03556,
21097,2.73245,
21098,2.75767,
21099,3.26659,
21100,3.35704,
21101,3.30734,
21102,3.34438,
21103,3.32261,
21104,3.32374,
21105,3.21758,
21106,3.00195,
21107,3.15467,
21108,3.23983,
21109,3.12063,
21110,3.19865,
21111,3.31971,
21112,3.34522,
21113,3.1941,
21114,3.10979,
21115,2.92757,
21116,3.12709,
21117,3.07774,
21118,3.07783,
21119,2.85499,
21120,2.86312,
21121,2.81634,
21122,3.02578,
21123,3.03176,
21124,2.93345,
21125,3.21389,
21126,3.13039,
21127,3.19739,
21128,3.14532,
21129,3.27904,
21130,3.10564,
21131,3.05473,
21132,3.14152,
21133,2.89361,
21134,2.93412,
21135,2.9019,
21136,3.09955,
21137,3.24984,
21138,3.07167,
21139,2.88998,
21140,2.81942,
21141,2.74834,
21142,2.61902,
21143,2.71887,
21144,2.75445,
21145,3.01517,
21146,2.70136,
21147,2.73592,
21148,2.78008,
21149,3.05922,
21150,2.92173,
21151,3.1469,
21152,2.82248,
21153,3.31498,
21154,3.01641,
21155,3.31033,
21156,3.49347,
21157,3.22019,
21158,3.31512,
21159,3.26403,
21160,3.13201,
21161,3.22141,
21162,3.20266,
21163,3.10661,
21164,2.93419,
21165,2.92886,
21166,3.07782,
21167,3.0278,
21168,3.0712,
21169,3.15383,
21170,2.95533,
21171,3.09883,
21172,2.87797,
21173,3.21121,
21174,3.12362,
21175,2.85609,
21176,2.84547,
21177,3.12263,
21178,2.81802,
21179,2.82277,
21180,2.85422,
21181,2.70548,
21182,2.69955,
21183,2.79808,
21184,3.40929,
21185,3.32647,
21186,3.47345,
21187,3.42551,
21188,3.44918,
21189,3.27157,
21190,3.07123,
21191,3.18085,
21192,3.11558,
21193,3.27251,
21194,3.49531,
21195,3.23347,
21196,3.23942,
21197,3.07925,
21198,3.05091,
21199,3.37962,
21200,3.33887,
21201,3.42199,
21202,3.17354,
21203,3.43279,
21204,3.09702,
21205,3.14111,
21206,3.0932,
21207,3.21499,
21208,3.06093,
21209,3.0531,
21210,3.02132,
21211,2.92844,
21212,3.16954,
21213,2.9479,
21214,2.9622,
21215,3.10847,
21216,3.13796,
21217,3.1163,
21218,2.99474,
21219,3.05946,
21220,2.94134,
21221,3.02996,
21222,2.89717,
21223,2.94284,
21224,3.05343,
21225,2.76684,
21226,2.85546,
21227,3.08119,
21228,2.98679,
21229,3.42699,
21230,3.45165,
21231,3.38888,
21232,3.46979,
21233,3.3627,
21234,3.33876,
21235,3.19605,
21236,3.25068,
21237,2.97769,
21238,3.08066,
21239,3.0003,
21240,3.03304,
21241,3.28714,
21242,3.29506,
21243,3.14506,
21244,3.34137,
21245,3.27549,
21246,2.93357,
21247,3.00454,
21248,3.03532,
21249,2.9384,
21250,3.07605,
21251,3.22934,
21252,3.1857,
21253,3.27549,
21254,3.38428,
21255,3.37522,
21256,2.84878,
21257,3.00184,
21258,3.2006,
21259,3.2012,
21260,3.28011,
21261,3.27683,
21262,3.33627,
21263,3.27936,
21264,3.33663,
21265,3.08637,
21266,3.10863,
21267,3.29661,
21268,2.96756,
21269,3.22229,
21270,3.22958,
21271,3.16666,
21272,3.14223,
21273,3.11962,
21274,3.38683,
21275,3.22241,
21276,3.28737,
21277,3.16859,
21278,3.28969,
21279,3.25224,
21280,3.27747,
21281,3.04476,
21282,3.16896,
21283,3.10397,
21284,3.0149,
21285,3.05639,
21286,2.98874,
21287,3.08752,
21288,3.09072,
21289,3.19506,
21290,2.88605,
21291,3.05961,
21292,3.23266,
21293,3.13724,
21294,3.1027,
21295,3.05154,
21296,3.22656,
21297,2.95856,
21298,3.16047,
21299,2.46013,
21300,3.29514,
21301,3.23958,
21302,3.3436,
21303,3.48758,
21304,3.70874,
21305,3.28447,
21306,3.37544,
21307,3.22026,
21308,3.38191,
21309,3.36642,
21310,3.30388,
21311,3.26821,
21312,3.09972,
21313,3.15027,
21314,3.22117,
21315,3.32479,
21316,3.089,
21317,3.27793,
21318,3.34585,
21319,3.20853,
21320,3.19822,
21321,3.16257,
21322,3.21147,
21323,3.2814,
21324,3.23747,
21325,3.21003,
21326,3.19053,
21327,3.09772,
21328,3.2798,
21329,3.31435,
21330,3.07126,
21331,3.1992,
21332,3.05994,
21333,2.9544,
21334,2.9212,
21335,2.79529,
21336,3.14459,
21337,3.16869,
21338,2.93289,
21339,3.04769,
21340,3.15721,
21341,3.00807,
21342,2.91595,
21343,2.97844,
21344,2.92452,
21345,3.09443,
21346,2.91521,
21347,3.02746,
21348,3.17601,
21349,2.97686,
21350,3.21646,
21351,3.19497,
21352,3.08015,
21353,3.08439,
21354,3.07521,
21355,3.28395,
21356,3.15417,
21357,3.10797,
21358,3.14027,
21359,3.22856,
21360,3.01459,
21361,2.83608,
21362,3.02211,
21363,2.94958,
21364,3.0643,
21365,3.07195,
21366,2.76842,
21367,3.11201,
21368,3.21094,
21369,3.15317,
21370,3.02968,
21371,2.97156,
21372,3.21827,
21373,3.00985,
21374,2.741,
21375,3.0815,
21376,3.06967,
21377,3.31161,
21378,3.03203,
21379,2.9337,
21380,3.06309,
21381,3.01293,
21382,2.98125,
21383,3.01153,
21384,3.03608,
21385,3.25139,
21386,3.20523,
21387,3.22493,
21388,3.03413,
21389,3.05413,
21390,3.00564,
21391,3.22841,
21392,3.24112,
21393,3.16999,
21394,3.13376,
21395,3.34707,
21396,3.0835,
21397,3.11911,
21398,3.08843,
21399,2.95454,
21400,3.20893,
21401,3.13814,
21402,3.29105,
21403,3.14383,
21404,2.82366,
21405,2.87734,
21406,3.07753,
21407,2.90288,
21408,3.01446,
21409,2.81943,
21410,2.99512,
21411,3.22853,
21412,3.30584,
21413,3.11331,
21414,3.25297,
21415,3.21613,
21416,3.21925,
21417,3.15504,
21418,3.25278,
21419,3.23187,
21420,3.29485,
21421,3.17295,
21422,3.2086,
21423,3.18622,
21424,3.08035,
21425,3.23943,
21426,2.80571,
21427,2.98567,
21428,3.16477,
21429,3.04296,
21430,3.1483,
21431,2.91305,
21432,3.00103,
21433,3.15545,
21434,2.90313,
21435,3.06431,
21436,2.96017,
21437,2.85971,
21438,3.06986,
21439,2.83122,
21440,2.90452,
21441,2.92168,
21442,3.01975,
21443,2.92924,
21444,3.09236,
21445,3.17339,
21446,3.08334,
21447,2.92924,
21448,2.99439,
21449,3.04808,
21450,3.07165,
21451,2.91719,
21452,3.3013,
21453,3.16665,
21454,3.14844,
21455,3.20659,
21456,3.12004,
21457,3.05595,
21458,3.13555,
21459,3.06396,
21460,3.12863,
21461,3.13225,
21462,3.25431,
21463,3.37517,
21464,3.22985,
21465,3.15005,
21466,3.11543,
21467,2.98985,
21468,3.05875,
21469,2.9627,
21470,3.04014,
21471,2.89689,
21472,3.06323,
21473,2.98022,
21474,3.18489,
21475,2.99622,
21476,3.11857,
21477,3.21971,
21478,3.31554,
21479,3.31491,
21480,3.04564,
21481,2.89759,
21482,3.15007,
21483,2.8505,
21484,3.12466,
21485,3.28299,
21486,3.30854,
21487,3.33224,
21488,3.35672,
21489,3.02718,
21490,3.31186,
21491,3.17415,
21492,3.16759,
21493,3.13068,
21494,3.32102,
21495,3.04864,
21496,3.24371,
21497,2.91272,
21498,3.27511,
21499,3.24342,
21500,3.40975,
21501,3.12604,
21502,3.17777,
21503,3.26933,
21504,3.01391,
21505,3.22598,
21506,2.91895,
21507,3.0389,
21508,3.04398,
21509,3.31465,
21510,3.25663,
21511,2.88322,
21512,3.14894,
21513,3.06566,
21514,3.17174,
21515,3.15774,
21516,3.36213,
21517,3.19432,
21518,3.05833,
21519,3.156,
21520,3.2254,
21521,3.06905,
21522,2.95703,
21523,2.95798,
21524,3.32925,
21525,3.36661,
21526,3.36524,
21527,3.32712,
21528,3.21667,
21529,3.19592,
21530,3.03128,
21531,3.32264,
21532,3.16657,
21533,3.2495,
21534,3.20685,
21535,3.17004,
21536,3.14373,
21537,3.25046,
21538,3.14872,
21539,3.08383,
21540,3.25378,
21541,3.28812,
21542,3.06979,
21543,3.38846,
21544,3.21473,
21545,3.0649,
21546,2.9827,
21547,3.23895,
21548,3.19505,
21549,3.08638,
21550,3.0567,
21551,3.24471,
21552,3.0219,
21553,3.0002,
21554,3.12961,
21555,2.98558,
21556,3.10088,
21557,3.19482,
21558,3.21143,
21559,3.06138,
21560,3.04961,
21561,2.99214,
21562,3.20416,
21563,3.23603,
21564,2.82274,
21565,3.05434,
21566,3.05931,
21567,3.15779,
21568,3.19645,
21569,3.20777,
21570,2.96868,
21571,3.09202,
21572,3.17412,
21573,2.87127,
21574,2.93986,
21575,3.24857,
21576,3.09732,
21577,3.18289,
21578,2.95231,
21579,2.98009,
21580,3.1522,
21581,3.11527,
21582,2.99875,
21583,3.23381,
21584,3.16137,
21585,2.89565,
21586,3.01324,
21587,2.91924,
21588,3.08036,
21589,2.92369,
21590,3.04974,
21591,3.22624,
21592,3.09978,
21593,3.30473,
21594,3.28594,
21595,3.21355,
21596,3.26313,
21597,3.05312,
21598,3.11362,
21599,3.21217,
21600,3.2044,
21601,3.30867,
21602,3.37552,
21603,3.50317,
21604,4.35504,
21605,3.19345,
21606,3.1728,
21607,3.20412,
21608,3.21081,
21609,3.08277,
21610,3.17189,
21611,3.12978,
21612,3.16188,
21613,3.08115,
21614,3.65117,
21615,3.15249,
21616,3.15685,
21617,2.75071,
21618,2.97161,
21619,3.15955,
21620,3.18213,
21621,3.31898,
21622,3.36877,
21623,3.17367,
21624,3.21746,
21625,3.20786,
21626,3.14483,
21627,3.38494,
21628,3.14722,
21629,3.15244,
21630,3.3169,
21631,3.30815,
21632,3.2038,
21633,3.10376,
21634,3.1191,
21635,3.10956,
21636,3.11906,
21637,3.02968,
21638,2.8526,
21639,3.20529,
21640,3.06917,
21641,2.91887,
21642,2.98259,
21643,3.03579,
21644,3.15339,
21645,3.09371,
21646,3.04003,
21647,3.14817,
21648,2.87716,
21649,3.03969,
21650,2.76482,
21651,3.14562,
21652,2.9869,
21653,3.04573,
21654,3.12342,
21655,3.054,
21656,3.0496,
21657,3.02326,
21658,3.02551,
21659,2.87174,
21660,3.10111,
21661,3.08746,
21662,2.77154,
21663,2.87353,
21664,2.84105,
21665,3.05222,
21666,3.02822,
21667,3.01147,
21668,3.01025,
21669,3.05057,
21670,3.11586,
21671,2.83801,
21672,3.1762,
21673,3.01826,
21674,3.02927,
21675,3.01423,
21676,3.20781,
21677,3.35147,
21678,3.28383,
21679,3.04905,
21680,2.99753,
21681,3.3613,
21682,3.13217,
21683,3.17075,
21684,3.05205,
21685,2.95887,
21686,3.01367,
21687,3.18974,
21688,2.83422,
21689,2.78017,
21690,2.62948,
21691,2.86862,
21692,3.04588,
21693,3.13178,
21694,3.10282,
21695,3.12152,
21696,3.01983,
21697,2.86711,
21698,2.93109,
21699,3.06094,
21700,3.20723,
21701,3.00708,
21702,2.99831,
21703,2.65204,
21704,2.69048,
21705,3.16652,
21706,2.86162,
21707,3.01681,
21708,2.79856,
21709,2.93509,
21710,2.78659,
21711,2.85023,
21712,2.81777,
21713,2.87567,
21714,2.8199,
21715,2.76193,
21716,2.89048,
21717,3.10832,
21718,2.77265,
21719,3.03084,
21720,3.0291,
21721,3.38639,
21722,3.31866,
21723,3.31409,
21724,3.2881,
21725,3.3377,
21726,3.3314,
21727,3.09686,
21728,2.85348,
21729,3.15542,
21730,3.01728,
21731,3.00116,
21732,3.23552,
21733,3.12253,
21734,3.16031,
21735,3.08785,
21736,3.03377,
21737,2.97115,
21738,3.1334,
21739,3.17943,
21740,3.1084,
21741,3.11894,
21742,3.03847,
21743,2.89872,
21744,3.29543,
21745,2.98183,
21746,2.99323,
21747,3.09788,
21748,3.13644,
21749,2.97168,
21750,3.41522,
21751,3.22104,
21752,3.37691,
21753,3.18066,
21754,3.29342,
21755,3.22573,
21756,3.14943,
21757,3.1865,
21758,3.14454,
21759,3.12415,
21760,3.13448,
21761,3.15961,
21762,3.13945,
21763,2.92801,
21764,3.08682,
21765,3.01009,
21766,3.00441,
21767,2.74789,
21768,2.87511,
21769,2.76311,
21770,2.983,
21771,3.01063,
21772,2.79415,
21773,2.90945,
21774,2.88791,
21775,3.08173,
21776,2.97811,
21777,3.01059,
21778,3.10576,
21779,3.16016,
21780,3.17732,
21781,3.16957,
21782,3.18072,
21783,3.24763,
21784,3.18446,
21785,3.28192,
21786,3.19129,
21787,3.18362,
21788,3.25798,
21789,3.12886,
21790,3.11299,
21791,2.8853,
21792,3.09978,
21793,3.10501,
21794,3.22413,
21795,3.11761,
21796,2.94926,
21797,3.05536,
21798,2.9981,
21799,3.02657,
21800,3.19251,
21801,3.24105,
21802,3.02072,
21803,2.96097,
21804,3.03756,
21805,3.28255,
21806,3.22273,
21807,3.25924,
21808,3.11212,
21809,3.33377,
21810,3.10434,
21811,3.23535,
21812,3.39346,
21813,3.12292,
21814,3.00891,
21815,2.98031,
21816,3.25332,
21817,3.24002,
21818,3.10704,
21819,3.18428,
21820,3.08089,
21821,3.30439,
21822,3.22762,
21823,3.38263,
21824,3.00258,
21825,3.06962,
21826,2.83793,
21827,3.03491,
21828,3.05066,
21829,3.02095,
21830,3.01844,
21831,3.20126,
21832,3.11336,
21833,3.05721,
21834,2.82253,
21835,2.9554,
21836,3.05085,
21837,3.0517,
21838,2.97076,
21839,3.41188,
21840,3.31715,
21841,3.29206,
21842,3.21082,
21843,3.11611,
21844,3.20589,
21845,2.98285,
21846,3.26089,
21847,3.37418,
21848,3.24927,
21849,3.27512,
21850,3.51335,
21851,3.59442,
21852,3.17537,
21853,3.19931,
21854,3.25442,
21855,3.31902,
21856,3.49475,
21857,3.25354,
21858,3.16184,
21859,3.15006,
21860,3.04793,
21861,3.1228,
21862,3.12332,
21863,3.16577,
21864,3.07742,
21865,2.98505,
21866,3.13955,
21867,3.61293,
21868,3.65342,
21869,3.52789,
21870,3.50191,
21871,3.50462,
21872,3.54661,
21873,3.49893,
21874,3.47702,
21875,3.47203,
21876,3.49397,
21877,3.47234,
21878,3.45084,
21879,3.43899,
21880,3.33575,
21881,3.43068,
21882,3.50995,
21883,3.45086,
21884,3.35354,
21885,3.28541,
21886,3.21842,
21887,3.44774,
21888,3.26025,
21889,3.22158,
21890,3.18101,
21891,3.20235,
21892,3.09711,
21893,3.26818,
21894,3.11298,
21895,3.16568,
21896,3.18441,
21897,2.9971,
21898,2.87893,
21899,3.17417,
21900,3.38626,
21901,3.27041,
21902,2.98333,
21903,3.16247,
21904,3.21789,
21905,3.07618,
21906,3.15579,
21907,3.215,
21908,2.98953,
21909,3.16436,
21910,3.04614,
21911,3.00725,
21912,3.28665,
21913,3.15605,
21914,3.13931,
21915,3.21759,
21916,3.04765,
21917,2.98101,
21918,2.92792,
21919,2.97663,
21920,3.15552,
21921,3.05611,
21922,2.93151,
21923,3.15845,
21924,3.05052,
21925,2.97206,
21926,3.05485,
21927,2.91815,
21928,2.89082,
21929,3.13955,
21930,2.90514,
21931,2.90259,
21932,2.94005,
21933,3.01109,
21934,2.94963,
21935,2.89409,
21936,2.98725,
21937,2.93359,
21938,3.06907,
21939,3.07836,
21940,3.12392,
21941,3.09003,
21942,3.12867,
21943,3.00659,
21944,3.16019,
21945,2.89046,
21946,3.04918,
21947,3.06348,
21948,2.99055,
21949,3.26147,
21950,2.98386,
21951,2.9245,
21952,3.16702,
21953,2.99126,
21954,2.84907,
21955,2.96869,
21956,3.22153,
21957,2.70807,
21958,2.86594,
21959,3.08948,
21960,2.83175,
21961,3.02296,
21962,2.93038,
21963,2.85029,
21964,2.79388,
21965,3.26473,
21966,3.21007,
21967,3.18285,
21968,3.12197,
21969,3.2764,
21970,3.14985,
21971,3.26226,
21972,3.1384,
21973,3.07229,
21974,3.20977,
21975,3.13429,
21976,3.1555,
21977,3.08209,
21978,3.08917,
21979,3.15087,
21980,2.83162,
21981,2.99864,
21982,3.08044,
21983,3.13563,
21984,3.13066,
21985,2.77736,
21986,2.99805,
21987,3.04918,
21988,2.92674,
21989,2.67053,
21990,2.87359,
21991,2.90911,
21992,2.87916,
21993,2.93909,
21994,2.70041,
21995,2.74532,
21996,2.74593,
21997,2.93075,
21998,3.02357,
21999,3.61856,
22000,3.39078,
22001,3.23667,
22002,3.15336,
22003,3.32775,
22004,3.32473,
22005,3.05273,
22006,3.24859,
22007,3.1183,
22008,3.128,
22009,3.03285,
22010,3.38073,
22011,3.20364,
22012,3.10618,
22013,3.24244,
22014,3.27127,
22015,3.14786,
22016,3.24615,
22017,3.07231,
22018,3.22074,
22019,3.21008,
22020,3.07182,
22021,3.01524,
22022,3.08046,
22023,3.13834,
22024,3.25783,
22025,3.19629,
22026,3.10385,
22027,3.25872,
22028,3.08005,
22029,3.13564,
22030,3.33272,
22031,3.1933,
22032,3.12847,
22033,3.18434,
22034,3.18332,
22035,3.00601,
22036,3.09979,
22037,3.11265,
22038,3.27259,
22039,3.01788,
22040,3.0644,
22041,2.98169,
22042,3.17471,
22043,3.21537,
22044,3.12454,
22045,2.87025,
22046,3.10191,
22047,2.99506,
22048,2.95871,
22049,3.08733,
22050,3.17407,
22051,3.09001,
22052,3.03491,
22053,3.07867,
22054,3.09745,
22055,3.01008,
22056,3.04661,
22057,2.92824,
22058,2.97473,
22059,2.94924,
22060,3.11662,
22061,2.82249,
22062,2.8312,
22063,2.88285,
22064,2.93309,
22065,2.98883,
22066,2.91416,
22067,2.74857,
22068,2.94571,
22069,2.81964,
22070,3.01525,
22071,2.84027,
22072,2.91091,
22073,3.07748,
22074,3.02113,
22075,3.06484,
22076,2.77497,
22077,2.91668,
22078,2.86248,
22079,2.9578,
22080,3.08433,
22081,2.71674,
22082,2.86685,
22083,2.70551,
22084,2.73793,
22085,2.98193,
22086,2.95358,
22087,2.96529,
22088,2.8461,
22089,3.09558,
22090,2.94633,
22091,3.09845,
22092,3.21703,
22093,3.23671,
22094,3.14085,
22095,3.17376,
22096,3.44298,
22097,3.14417,
22098,3.02295,
22099,3.2171,
22100,3.02239,
22101,3.1921,
22102,3.27136,
22103,3.12358,
22104,3.11261,
22105,3.16159,
22106,2.92394,
22107,3.15054,
22108,3.10611,
22109,2.95733,
22110,3.05814,
22111,3.03185,
22112,2.83407,
22113,3.04152,
22114,3.07572,
22115,2.90453,
22116,2.99276,
22117,3.12115,
22118,3.23711,
22119,3.01668,
22120,3.07932,
22121,2.98481,
22122,3.35983,
22123,3.36611,
22124,3.40722,
22125,3.3541,
22126,3.42699,
22127,3.32841,
22128,3.29117,
22129,3.40031,
22130,3.27296,
22131,3.33955,
22132,3.33293,
22133,3.35341,
22134,3.18122,
22135,3.34688,
22136,3.30028,
22137,3.32057,
22138,3.39296,
22139,3.23605,
22140,3.2956,
22141,3.24818,
22142,3.32392,
22143,3.35903,
22144,3.36388,
22145,2.88591,
22146,2.9432,
22147,2.8357,
22148,2.69652,
22149,2.78291,
22150,2.71143,
22151,2.99384,
22152,2.52198,
22153,2.80269,
22154,2.77426,
22155,2.87515,
22156,2.871,
22157,2.63935,
22158,2.72112,
22159,2.92591,
22160,3.08038,
22161,3.03084,
22162,2.7209,
22163,2.74307,
22164,3.25896,
22165,3.34987,
22166,3.29318,
22167,3.3208,
22168,3.29264,
22169,3.32311,
22170,3.19552,
22171,2.98749,
22172,3.15423,
22173,3.23028,
22174,3.11458,
22175,3.18196,
22176,3.31081,
22177,3.34091,
22178,3.17638,
22179,3.10469,
22180,2.91447,
22181,3.12348,
22182,3.06793,
22183,3.05664,
22184,2.8511,
22185,2.86747,
22186,2.79769,
22187,3.00808,
22188,3.02869,
22189,2.91861,
22190,3.1858,
22191,3.11482,
22192,3.18467,
22193,3.13104,
22194,3.27117,
22195,3.09881,
22196,3.0367,
22197,3.13805,
22198,2.86797,
22199,2.92052,
22200,2.88377,
22201,3.09155,
22202,3.24829,
22203,3.06929,
22204,2.87502,
22205,2.81247,
22206,2.73203,
22207,2.59577,
22208,2.72163,
22209,2.74005,
22210,3.00829,
22211,2.70483,
22212,2.71897,
22213,2.78625,
22214,3.04428,
22215,2.91822,
22216,3.13941,
22217,2.79898,
22218,3.30367,
22219,3.0065,
22220,3.30075,
22221,3.47923,
22222,3.20971,
22223,3.29836,
22224,3.25808,
22225,3.13332,
22226,3.21476,
22227,3.19282,
22228,3.08573,
22229,2.92229,
22230,2.9245,
22231,3.06878,
22232,3.01614,
22233,3.0558,
22234,3.15619,
22235,2.9273,
22236,3.09206,
22237,2.88409,
22238,3.19707,
22239,3.1284,
22240,2.85269,
22241,2.83262,
22242,3.10686,
22243,2.81466,
22244,2.81854,
22245,2.84069,
22246,2.70458,
22247,2.70452,
22248,2.78048,
22249,3.39763,
22250,3.30586,
22251,3.45236,
22252,3.40997,
22253,3.43995,
22254,3.26816,
22255,3.0643,
22256,3.17973,
22257,3.10402,
22258,3.25914,
22259,3.47387,
22260,3.22923,
22261,3.22021,
22262,3.06024,
22263,3.04022,
22264,3.37721,
22265,3.31104,
22266,3.41091,
22267,3.15383,
22268,3.4164,
22269,3.0935,
22270,3.13218,
22271,3.07982,
22272,3.17901,
22273,3.02377,
22274,3.04089,
22275,3.01024,
22276,2.91953,
22277,3.15966,
22278,2.93324,
22279,2.94161,
22280,3.0652,
22281,3.1312,
22282,3.10239,
22283,2.99019,
22284,3.04654,
22285,2.94313,
22286,3.00761,
22287,2.8827,
22288,2.93148,
22289,3.04683,
22290,2.7712,
22291,2.84456,
22292,3.07782,
22293,2.98063,
22294,3.41777,
22295,3.42776,
22296,3.35953,
22297,3.47829,
22298,3.34429,
22299,3.32586,
22300,3.17776,
22301,3.2252,
22302,2.95603,
22303,3.04728,
22304,2.97754,
22305,3.02421,
22306,3.27098,
22307,3.27648,
22308,3.13538,
22309,3.32219,
22310,3.26728,
22311,2.93919,
22312,2.9932,
22313,3.04045,
22314,2.93731,
22315,3.06598,
22316,3.23169,
22317,3.17896,
22318,3.26688,
22319,3.39092,
22320,3.37047,
22321,2.82492,
22322,2.99586,
22323,3.19527,
22324,3.18814,
22325,3.26466,
22326,3.25434,
22327,3.32877,
22328,3.26631,
22329,3.33164,
22330,3.08948,
22331,3.10264,
22332,3.27293,
22333,2.94573,
22334,3.22316,
22335,3.21472,
22336,3.16857,
22337,3.12849,
22338,3.11846,
22339,3.37954,
22340,3.21862,
22341,3.28261,
22342,3.16278,
22343,3.29701,
22344,3.23346,
22345,3.25107,
22346,3.04101,
22347,3.15456,
22348,3.11579,
22349,3.02628,
22350,3.04852,
22351,2.97826,
22352,3.07142,
22353,3.08207,
22354,3.18179,
22355,2.88126,
22356,3.0733,
22357,3.2229,
22358,3.13214,
22359,3.06977,
22360,3.03376,
22361,3.20508,
22362,2.94876,
22363,3.16212,
22364,2.4481,
22365,3.2596,
22366,3.22123,
22367,3.33529,
22368,3.46518,
22369,3.69254,
22370,3.27928,
22371,3.35997,
22372,3.2052,
22373,3.36751,
22374,3.35703,
22375,3.28345,
22376,3.25539,
22377,3.09481,
22378,3.1309,
22379,3.19984,
22380,3.3081,
22381,3.08438,
22382,3.28043,
22383,3.33233,
22384,3.20917,
22385,3.18443,
22386,3.14537,
22387,3.19063,
22388,3.25258,
22389,3.22966,
22390,3.20256,
22391,3.18377,
22392,3.0695,
22393,3.28359,
22394,3.31339,
22395,3.0662,
22396,3.1912,
22397,3.04413,
22398,2.94104,
22399,2.90585,
22400,2.78159,
22401,3.13823,
22402,3.16129,
22403,2.91013,
22404,3.04623,
22405,3.14945,
22406,2.98866,
22407,2.91077,
22408,2.96575,
22409,2.91847,
22410,3.08329,
22411,2.91415,
22412,3.02737,
22413,3.16291,
22414,2.98094,
22415,3.21365,
22416,3.17404,
22417,3.07163,
22418,3.05193,
22419,3.07742,
22420,3.28169,
22421,3.13951,
22422,3.09625,
22423,3.12979,
22424,3.21667,
22425,3.00448,
22426,2.83443,
22427,3.01222,
22428,2.9335,
22429,3.06592,
22430,3.05413,
22431,2.76012,
22432,3.10053,
22433,3.19103,
22434,3.14535,
22435,3.02112,
22436,2.96042,
22437,3.20406,
22438,3.0038,
22439,2.7421,
22440,3.07389,
22441,3.06797,
22442,3.28004,
22443,3.02964,
22444,2.92851,
22445,3.0622,
22446,3.0094,
22447,2.96779,
22448,2.99786,
22449,3.0294,
22450,3.23027,
22451,3.19899,
22452,3.20826,
22453,3.01379,
22454,3.04567,
22455,3.00245,
22456,3.21589,
22457,3.23138,
22458,3.16861,
22459,3.11742,
22460,3.32618,
22461,3.06419,
22462,3.10612,
22463,3.08717,
22464,2.9514,
22465,3.19827,
22466,3.12855,
22467,3.28115,
22468,3.13687,
22469,2.80429,
22470,2.88216,
22471,3.07441,
22472,2.88904,
22473,3.00784,
22474,2.81565,
22475,2.99103,
22476,3.2124,
22477,3.29102,
22478,3.11106,
22479,3.2415,
22480,3.20539,
22481,3.21098,
22482,3.14647,
22483,3.23202,
22484,3.2157,
22485,3.27353,
22486,3.15541,
22487,3.19695,
22488,3.16884,
22489,3.06177,
22490,3.2284,
22491,2.8001,
22492,2.97769,
22493,3.14119,
22494,3.03458,
22495,3.14309,
22496,2.89953,
22497,3.00755,
22498,3.15032,
22499,2.89472,
22500,3.05642,
22501,2.94023,
22502,2.86101,
22503,3.04832,
22504,2.81646,
22505,2.90925,
22506,2.91304,
22507,3.01785,
22508,2.91465,
22509,3.087,
22510,3.16416,
22511,3.08392,
22512,2.92604,
22513,3.00375,
22514,3.02729,
22515,3.0645,
22516,2.91411,
22517,3.2838,
22518,3.14046,
22519,3.11834,
22520,3.20168,
22521,3.10865,
22522,3.05833,
22523,3.11475,
22524,3.06372,
22525,3.11782,
22526,3.12266,
22527,3.24446,
22528,3.35899,
22529,3.22567,
22530,3.14853,
22531,3.11084,
22532,2.98438,
22533,3.05916,
22534,2.95172,
22535,3.02086,
22536,2.89155,
22537,3.05766,
22538,2.97005,
22539,3.18966,
22540,2.98103,
22541,3.11748,
22542,3.22624,
22543,3.28644,
22544,3.30539,
22545,3.03314,
22546,2.89119,
22547,3.13295,
22548,2.82602,
22549,3.13037,
22550,3.27611,
22551,3.29646,
22552,3.32294,
22553,3.3216,
22554,3.02203,
22555,3.31861,
22556,3.16125,
22557,3.16391,
22558,3.12358,
22559,3.31282,
22560,3.04521,
22561,3.23528,
22562,2.8887,
22563,3.26408,
22564,3.23745,
22565,3.40046,
22566,3.13119,
22567,3.17453,
22568,3.26259,
22569,3.02559,
22570,3.21654,
22571,2.92002,
22572,3.03494,
22573,3.02469,
22574,3.31262,
22575,3.25995,
22576,2.8637,
22577,3.14836,
22578,3.05328,
22579,3.1623,
22580,3.17456,
22581,3.36301,
22582,3.1829,
22583,3.03282,
22584,3.14928,
22585,3.22094,
22586,3.06112,
22587,2.96226,
22588,2.93222,
22589,3.31691,
22590,3.35884,
22591,3.34954,
22592,3.31906,
22593,3.2011,
22594,3.20353,
22595,3.01817,
22596,3.31831,
22597,3.16894,
22598,3.2374,
22599,3.19467,
22600,3.15625,
22601,3.13777,
22602,3.25772,
22603,3.17173,
22604,3.07181,
22605,3.23445,
22606,3.27856,
22607,3.04634,
22608,3.37195,
22609,3.2038,
22610,3.04773,
22611,2.97848,
22612,3.24938,
22613,3.19299,
22614,3.07291,
22615,3.04994,
22616,3.23456,
22617,3.00419,
22618,2.98147,
22619,3.11586,
22620,2.98881,
22621,3.07923,
22622,3.1823,
22623,3.20485,
22624,3.06207,
22625,3.02842,
22626,2.98649,
22627,3.19816,
22628,3.21481,
22629,2.81473,
22630,3.04121,
22631,3.04927,
22632,3.15049,
22633,3.17583,
22634,3.20178,
22635,2.95128,
22636,3.07707,
22637,3.15673,
22638,2.8574,
22639,2.93984,
22640,3.24459,
22641,3.09362,
22642,3.18755,
22643,2.95958,
22644,2.96308,
22645,3.14026,
22646,3.11768,
22647,2.98231,
22648,3.23003,
22649,3.16344,
22650,2.86786,
22651,2.99356,
22652,2.92113,
22653,3.078,
22654,2.90684,
22655,3.04688,
22656,3.21443,
22657,3.09634,
22658,3.28231,
22659,3.28256,
22660,3.20583,
22661,3.25536,
22662,3.04716,
22663,3.10493,
22664,3.20562,
22665,3.18827,
22666,3.31234,
22667,3.3759,
22668,3.48843,
22669,4.33647,
22670,3.18463,
22671,3.16958,
22672,3.19931,
22673,3.18628,
22674,3.07947,
22675,3.16528,
22676,3.11543,
22677,3.15854,
22678,3.05664,
22679,3.6452,
22680,3.14888,
22681,3.1382,
22682,2.74498,
22683,2.95032,
22684,3.15436,
22685,3.17785,
22686,3.31667,
22687,3.35089,
22688,3.15324,
22689,3.20575,
22690,3.19001,
22691,3.12868,
22692,3.36683,
22693,3.14099,
22694,3.14236,
22695,3.28892,
22696,3.29616,
22697,3.17964,
22698,3.08748,
22699,3.09799,
22700,3.09181,
22701,3.10149,
22702,3.02683,
22703,2.84058,
22704,3.18866,
22705,3.06988,
22706,2.90774,
22707,2.96267,
22708,3.01916,
22709,3.153,
22710,3.09225,
22711,3.00913,
22712,3.14857,
22713,2.85747,
22714,3.03961,
22715,2.76439,
22716,3.14238,
22717,2.98007,
22718,3.03559,
22719,3.09727,
22720,3.04292,
22721,3.0505,
22722,3.02202,
22723,3.00701,
22724,2.86524,
22725,3.09554,
22726,3.07391,
22727,2.75736,
22728,2.8691,
22729,2.82813,
22730,3.04319,
22731,3.00912,
22732,3.00057,
22733,2.99101,
22734,3.04079,
22735,3.10117,
22736,2.83638,
22737,3.18048,
22738,3.01483,
22739,3.01128,
22740,2.9992,
22741,3.19845,
22742,3.35661,
22743,3.26934,
22744,3.02842,
22745,2.97605,
22746,3.35552,
22747,3.13499,
22748,3.17354,
22749,3.03511,
22750,2.9533,
22751,3.00107,
22752,3.18233,
22753,2.79722,
22754,2.76773,
22755,2.60982,
22756,2.86182,
22757,3.0308,
22758,3.13812,
22759,3.09536,
22760,3.11242,
22761,3.00754,
22762,2.85466,
22763,2.91817,
22764,3.05893,
22765,3.20348,
22766,2.9996,
22767,2.98471,
22768,2.61986,
22769,2.6867,
22770,3.14952,
22771,2.83948,
22772,3.00932,
22773,2.79583,
22774,2.9193,
22775,2.77449,
22776,2.83706,
22777,2.81042,
22778,2.86535,
22779,2.81826,
22780,2.75865,
22781,2.88206,
22782,3.09837,
22783,2.76257,
22784,3.01132,
22785,3.02528,
22786,3.36946,
22787,3.29718,
22788,3.30857,
22789,3.28525,
22790,3.32662,
22791,3.32683,
22792,3.07166,
22793,2.83961,
22794,3.14226,
22795,3.00497,
22796,2.98571,
22797,3.22304,
22798,3.10815,
22799,3.14631,
22800,3.07056,
22801,3.03266,
22802,2.96508,
22803,3.10994,
22804,3.18033,
22805,3.09899,
22806,3.08992,
22807,3.02872,
22808,2.8965,
22809,3.28547,
22810,2.98395,
22811,2.97559,
22812,3.07162,
22813,3.13622,
22814,2.95929,
22815,3.38994,
22816,3.22627,
22817,3.36859,
22818,3.18026,
22819,3.28716,
22820,3.20136,
22821,3.13889,
22822,3.17051,
22823,3.12325,
22824,3.11363,
22825,3.11514,
22826,3.14506,
22827,3.13752,
22828,2.91786,
22829,3.09362,
22830,2.99451,
22831,2.99293,
22832,2.73401,
22833,2.8731,
22834,2.74922,
22835,2.97259,
22836,2.98563,
22837,2.78069,
22838,2.89621,
22839,2.88823,
22840,3.08039,
22841,2.97708,
22842,2.98988,
22843,3.07176,
22844,3.13708,
22845,3.15672,
22846,3.15155,
22847,3.168,
22848,3.22487,
22849,3.1501,
22850,3.2785,
22851,3.17566,
22852,3.1686,
22853,3.25003,
22854,3.12731,
22855,3.1087,
22856,2.86803,
22857,3.09625,
22858,3.08774,
22859,3.19638,
22860,3.10738,
22861,2.93804,
22862,3.04137,
22863,2.98621,
22864,3.02342,
22865,3.18701,
22866,3.22516,
22867,3.01689,
22868,2.94091,
22869,3.02524,
22870,3.24347,
22871,3.20492,
22872,3.2444,
22873,3.11271,
22874,3.3222,
22875,3.08936,
22876,3.21858,
22877,3.3821,
22878,3.11443,
22879,3.01827,
22880,2.96333,
22881,3.24,
22882,3.23285,
22883,3.09577,
22884,3.16464,
22885,3.08491,
22886,3.30283,
22887,3.23024,
22888,3.38114,
22889,2.99849,
22890,3.05853,
22891,2.8366,
22892,3.02253,
22893,3.04137,
22894,3.01113,
22895,3.00554,
22896,3.21064,
22897,3.12186,
22898,3.04866,
22899,2.81852,
22900,2.9406,
22901,3.03158,
22902,3.03634,
22903,2.94964,
22904,3.38287,
22905,3.29625,
22906,3.27026,
22907,3.19328,
22908,3.0944,
22909,3.20651,
22910,2.97333,
22911,3.24997,
22912,3.34121,
22913,3.23376,
22914,3.27671,
22915,3.49583,
22916,3.57568,
22917,3.17113,
22918,3.19239,
22919,3.23477,
22920,3.31211,
22921,3.48926,
22922,3.25328,
22923,3.15031,
22924,3.15096,
22925,3.06316,
22926,3.10516,
22927,3.11291,
22928,3.15636,
22929,3.06602,
22930,2.95742,
22931,3.12724,
22932,3.58845,
22933,3.64112,
22934,3.5283,
22935,3.5009,
22936,3.48942,
22937,3.54554,
22938,3.49134,
22939,3.45858,
22940,3.46576,
22941,3.48614,
22942,3.45708,
22943,3.43376,
22944,3.45034,
22945,3.32155,
22946,3.42102,
22947,3.49774,
22948,3.43731,
22949,3.34262,
22950,3.27174,
22951,3.20964,
22952,3.42979,
22953,3.25375,
22954,3.21415,
22955,3.17461,
22956,3.19703,
22957,3.09191,
22958,3.26552,
22959,3.11901,
22960,3.14468,
22961,3.18364,
22962,2.99184,
22963,2.86976,
22964,3.15743,
22965,3.39826,
22966,3.25311,
22967,2.98842,
22968,3.15758,
22969,3.19878,
22970,3.05393,
22971,3.13167,
22972,3.19891,
22973,2.98147,
22974,3.13685,
22975,3.02078,
22976,2.98463,
22977,3.27365,
22978,3.13951,
22979,3.1219,
22980,3.21845,
22981,3.04239,
22982,2.96722,
22983,2.92883,
22984,2.96735,
22985,3.14694,
22986,3.05782,
22987,2.92214,
22988,3.15188,
22989,3.02497,
22990,2.97902,
22991,3.0493,
22992,2.90891,
22993,2.89317,
22994,3.1236,
22995,2.88785,
22996,2.91082,
22997,2.92783,
22998,2.99595,
22999,2.94442,
23000,2.87824,
23001,2.98316,
23002,2.9302,
23003,3.04782,
23004,3.06156,
23005,3.12089,
23006,3.0738,
23007,3.11206,
23008,2.99026,
23009,3.15418,
23010,2.87836,
23011,3.03782,
23012,3.05374,
23013,2.98524,
23014,3.26701,
23015,2.96771,
23016,2.92065,
23017,3.15853,
23018,2.98407,
23019,2.84572,
23020,2.94897,
23021,3.212,
23022,2.69959,
23023,2.83949,
23024,3.07769,
23025,2.83933,
23026,3.01622,
23027,2.92911,
23028,2.84709,
23029,2.79174,
23030,3.2592,
23031,3.17522,
23032,3.16786,
23033,3.09346,
23034,3.27158,
23035,3.14347,
23036,3.23011,
23037,3.12546,
23038,3.05904,
23039,3.19772,
23040,3.10204,
23041,3.13756,
23042,3.07438,
23043,3.09934,
23044,3.14811,
23045,2.82782,
23046,2.98625,
23047,3.06738,
23048,3.12386,
23049,3.11343,
23050,2.76593,
23051,2.98865,
23052,3.05121,
23053,2.92915,
23054,2.66997,
23055,2.85791,
23056,2.90605,
23057,2.88931,
23058,2.92744,
23059,2.68832,
23060,2.75266,
23061,2.74686,
23062,2.9195,
23063,3.0052,
23064,3.59836,
23065,3.37574,
23066,3.22261,
23067,3.13554,
23068,3.30974,
23069,3.31568,
23070,3.05272,
23071,3.22435,
23072,3.09154,
23073,3.12615,
23074,3.02449,
23075,3.36549,
23076,3.19438,
23077,3.08649,
23078,3.22888,
23079,3.24386,
23080,3.13341,
23081,3.22384,
23082,3.0674,
23083,3.20999,
23084,3.21102,
23085,3.05268,
23086,3.00654,
23087,3.07632,
23088,3.12646,
23089,3.24792,
23090,3.1816,
23091,3.08654,
23092,3.2536,
23093,3.07886,
23094,3.11704,
23095,3.31547,
23096,3.18949,
23097,3.11654,
23098,3.18616,
23099,3.18152,
23100,2.98455,
23101,3.09096,
23102,3.09555,
23103,3.25437,
23104,3.00149,
23105,3.0601,
23106,2.96726,
23107,3.16037,
23108,3.20689,
23109,3.10734,
23110,2.85986,
23111,3.09979,
23112,2.99659,
23113,2.93803,
23114,3.09738,
23115,3.17283,
23116,3.08322,
23117,3.00872,
23118,3.07314,
23119,3.09762,
23120,3.00151,
23121,3.02355,
23122,2.91897,
23123,2.95889,
23124,2.94245,
23125,3.1135,
23126,2.81054,
23127,2.81854,
23128,2.86473,
23129,2.93521,
23130,2.98081,
23131,2.90576,
23132,2.73502,
23133,2.93289,
23134,2.81231,
23135,3.00079,
23136,2.8414,
23137,2.90993,
23138,3.06538,
23139,3.01742,
23140,3.05154,
23141,2.76282,
23142,2.92363,
23143,2.85191,
23144,2.94582,
23145,3.07669,
23146,2.72092,
23147,2.83559,
23148,2.69549,
23149,2.73363,
23150,2.96724,
23151,2.93113,
23152,2.94597,
23153,2.85168,
23154,3.09138,
23155,2.93818,
23156,3.09572,
23157,3.2233,
23158,3.21532,
23159,3.12967,
23160,3.16014,
23161,3.42955,
23162,3.13406,
23163,3.00436,
23164,3.21343,
23165,3.01311,
23166,3.17778,
23167,3.27037,
23168,3.1219,
23169,3.10925,
23170,3.14534,
23171,2.92004,
23172,3.14654,
23173,3.10205,
23174,2.94656,
23175,3.04503,
23176,3.0331,
23177,2.82658,
23178,3.02754,
23179,3.04781,
23180,2.89281,
23181,2.97281,
23182,3.09616,
23183,3.23484,
23184,3.00661,
23185,3.07471,
23186,2.98175,
23187,3.34828,
23188,3.36893,
23189,3.38398,
23190,3.34387,
23191,3.41396,
23192,3.34091,
23193,3.27306,
23194,3.38818,
23195,3.26443,
23196,3.32493,
23197,3.32824,
23198,3.34073,
23199,3.17604,
23200,3.33649,
23201,3.28662,
23202,3.31808,
23203,3.37644,
23204,3.2284,
23205,3.28417,
23206,3.24448,
23207,3.31411,
23208,3.33861,
23209,3.35297,
23210,2.86896,
23211,2.93522,
23212,2.83174,
23213,2.67812,
23214,2.77044,
23215,2.70014,
23216,2.97255,
23217,2.52426,
23218,2.78382,
23219,2.76939,
23220,2.8582,
23221,2.86493,
23222,2.63192,
23223,2.71387,
23224,2.92222,
23225,3.07217,
23226,3.02491,
23227,2.72244,
23228,2.73036,
23229,3.23657,
23230,3.32944,
23231,3.29406,
23232,3.30312,
23233,3.29043,
23234,3.30321,
23235,3.18952,
23236,2.98504,
23237,3.12717,
23238,3.22025,
23239,3.09572,
23240,3.17559,
23241,3.29538,
23242,3.33663,
23243,3.16881,
23244,3.10443,
23245,2.9108,
23246,3.11945,
23247,3.0605,
23248,3.04361,
23249,2.84026,
23250,2.8479,
23251,2.7917,
23252,2.99313,
23253,3.02999,
23254,2.92167,
23255,3.17225,
23256,3.09103,
23257,3.17252,
23258,3.10698,
23259,3.25333,
23260,3.0812,
23261,3.02917,
23262,3.11871,
23263,2.8585,
23264,2.90925,
23265,2.86662,
23266,3.08019,
23267,3.22905,
23268,3.05741,
23269,2.87713,
23270,2.81173,
23271,2.72127,
23272,2.59198,
23273,2.7098,
23274,2.72701,
23275,3.00721,
23276,2.69221,
23277,2.70732,
23278,2.77548,
23279,3.02517,
23280,2.91141,
23281,3.13409,
23282,2.79859,
23283,3.29803,
23284,2.99352,
23285,3.28884,
23286,3.44852,
23287,3.19048,
23288,3.2905,
23289,3.24663,
23290,3.11507,
23291,3.21669,
23292,3.18146,
23293,3.06236,
23294,2.9199,
23295,2.90658,
23296,3.07187,
23297,2.98989,
23298,3.05677,
23299,3.12843,
23300,2.93116,
23301,3.09293,
23302,2.87755,
23303,3.18251,
23304,3.11762,
23305,2.84986,
23306,2.82741,
23307,3.0973,
23308,2.81089,
23309,2.81756,
23310,2.84003,
23311,2.68311,
23312,2.69802,
23313,2.77634,
23314,3.38486,
23315,3.28669,
23316,3.43934,
23317,3.40864,
23318,3.42099,
23319,3.25336,
23320,3.04116,
23321,3.14536,
23322,3.09142,
23323,3.24742,
23324,3.46058,
23325,3.21749,
23326,3.21874,
23327,3.06692,
23328,3.03267,
23329,3.36464,
23330,3.31196,
23331,3.40189,
23332,3.14926,
23333,3.402,
23334,3.08146,
23335,3.13237,
23336,3.06231,
23337,3.17951,
23338,3.00841,
23339,3.02191,
23340,2.99236,
23341,2.90978,
23342,3.15332,
23343,2.91187,
23344,2.93,
23345,3.05719,
23346,3.11388,
23347,3.0866,
23348,2.9746,
23349,3.03507,
23350,2.9186,
23351,2.99888,
23352,2.87586,
23353,2.91389,
23354,3.04571,
23355,2.75351,
23356,2.83091,
23357,3.06046,
23358,2.97197,
23359,3.39081,
23360,3.42809,
23361,3.36,
23362,3.45985,
23363,3.33127,
23364,3.31088,
23365,3.16619,
23366,3.21101,
23367,2.93798,
23368,3.03716,
23369,2.95869,
23370,3.0221,
23371,3.27044,
23372,3.25957,
23373,3.12455,
23374,3.3145,
23375,3.25017,
23376,2.92535,
23377,2.98759,
23378,3.0176,
23379,2.92616,
23380,3.06643,
23381,3.22255,
23382,3.16935,
23383,3.25659,
23384,3.37755,
23385,3.36116,
23386,2.80629,
23387,2.9787,
23388,3.16885,
23389,3.19273,
23390,3.2412,
23391,3.22818,
23392,3.31488,
23393,3.24593,
23394,3.32434,
23395,3.06862,
23396,3.08795,
23397,3.27131,
23398,2.93449,
23399,3.19259,
23400,3.21269,
23401,3.14855,
23402,3.10876,
23403,3.09572,
23404,3.37923,
23405,3.20367,
23406,3.26717,
23407,3.15452,
23408,3.28728,
23409,3.22853,
23410,3.24542,
23411,3.02726,
23412,3.14947,
23413,3.09289,
23414,3.00023,
23415,3.03973,
23416,2.96582,
23417,3.06438,
23418,3.07022,
23419,3.16864,
23420,2.86177,
23421,3.05086,
23422,3.20265,
23423,3.10634,
23424,3.0523,
23425,3.00921,
23426,3.21642,
23427,2.94305,
23428,3.13904,
23429,2.42501,
23430,3.23594,
23431,3.20737,
23432,3.31257,
23433,3.43541,
23434,3.6793,
23435,3.26389,
23436,3.35149,
23437,3.18681,
23438,3.35246,
23439,3.33328,
23440,3.27913,
23441,3.24778,
23442,3.082,
23443,3.12479,
23444,3.19491,
23445,3.30568,
23446,3.06258,
23447,3.25612,
23448,3.34431,
23449,3.20111,
23450,3.1787,
23451,3.13934,
23452,3.18112,
23453,3.25075,
23454,3.2135,
23455,3.18691,
23456,3.17298,
23457,3.06217,
23458,3.2621,
23459,3.29752,
23460,3.05597,
23461,3.19035,
23462,3.03338,
23463,2.93416,
23464,2.89368,
23465,2.77913,
23466,3.12644,
23467,3.13798,
23468,2.90536,
23469,3.02419,
23470,3.14096,
23471,2.98157,
23472,2.902,
23473,2.96605,
23474,2.91868,
23475,3.0781,
23476,2.90417,
23477,3.01878,
23478,3.15982,
23479,2.96921,
23480,3.19524,
23481,3.15883,
23482,3.05439,
23483,3.0447,
23484,3.04969,
23485,3.27701,
23486,3.13589,
23487,3.08366,
23488,3.11301,
23489,3.19901,
23490,2.99333,
23491,2.8322,
23492,3.00189,
23493,2.92866,
23494,3.04184,
23495,3.06114,
23496,2.75597,
23497,3.09144,
23498,3.19327,
23499,3.14389,
23500,3.01627,
23501,2.95628,
23502,3.19669,
23503,3.00114,
23504,2.72624,
23505,3.05867,
23506,3.06581,
23507,3.26646,
23508,3.02694,
23509,2.92188,
23510,3.05067,
23511,2.998,
23512,2.95837,
23513,2.99329,
23514,3.01682,
23515,3.22617,
23516,3.18665,
23517,3.18967,
23518,2.99431,
23519,3.0349,
23520,2.99224,
23521,3.21633,
23522,3.21686,
23523,3.14424,
23524,3.1143,
23525,3.32125,
23526,3.05557,
23527,3.10424,
23528,3.08347,
23529,2.93104,
23530,3.18493,
23531,3.12555,
23532,3.27683,
23533,3.1208,
23534,2.79876,
23535,2.87537,
23536,3.05514,
23537,2.88408,
23538,3.01156,
23539,2.80862,
23540,2.975,
23541,3.20132,
23542,3.28165,
23543,3.09708,
23544,3.25501,
23545,3.20795,
23546,3.20301,
23547,3.13736,
23548,3.22916,
23549,3.20441,
23550,3.2658,
23551,3.14383,
23552,3.1918,
23553,3.16247,
23554,3.05028,
23555,3.23025,
23556,2.80818,
23557,2.96431,
23558,3.14075,
23559,3.03423,
23560,3.14654,
23561,2.89253,
23562,2.99188,
23563,3.14892,
23564,2.88887,
23565,3.04547,
23566,2.94324,
23567,2.85815,
23568,3.04178,
23569,2.81232,
23570,2.90125,
23571,2.91036,
23572,3.00467,
23573,2.90727,
23574,3.08734,
23575,3.15894,
23576,3.07018,
23577,2.93128,
23578,2.97758,
23579,3.02217,
23580,3.04722,
23581,2.89135,
23582,3.28072,
23583,3.1245,
23584,3.11421,
23585,3.18612,
23586,3.10737,
23587,3.04328,
23588,3.1099,
23589,3.05054,
23590,3.10523,
23591,3.12569,
23592,3.25984,
23593,3.34869,
23594,3.20424,
23595,3.13535,
23596,3.09688,
23597,2.99755,
23598,3.03881,
23599,2.952,
23600,3.02433,
23601,2.88679,
23602,3.04917,
23603,2.96168,
23604,3.16173,
23605,2.98137,
23606,3.11681,
23607,3.19764,
23608,3.27556,
23609,3.28818,
23610,3.03024,
23611,2.90149,
23612,3.1236,
23613,2.81836,
23614,3.11102,
23615,3.26307,
23616,3.29029,
23617,3.30887,
23618,3.30922,
23619,3.00674,
23620,3.29669,
23621,3.14789,
23622,3.14879,
23623,3.10956,
23624,3.29607,
23625,3.02719,
23626,3.22196,
23627,2.88195,
23628,3.24194,
23629,3.23371,
23630,3.38552,
23631,3.1084,
23632,3.1827,
23633,3.25356,
23634,3.01583,
23635,3.21343,
23636,2.88955,
23637,3.02086,
23638,3.01812,
23639,3.31602,
23640,3.24557,
23641,2.86251,
23642,3.12845,
23643,3.038,
23644,3.16301,
23645,3.15411,
23646,3.35355,
23647,3.17291,
23648,3.03165,
23649,3.14347,
23650,3.21775,
23651,3.05276,
23652,2.94713,
23653,2.92863,
23654,3.29625,
23655,3.34752,
23656,3.35349,
23657,3.29673,
23658,3.18835,
23659,3.17997,
23660,3.00413,
23661,3.30842,
23662,3.16562,
23663,3.23177,
23664,3.18779,
23665,3.15114,
23666,3.14115,
23667,3.24424,
23668,3.15932,
23669,3.07073,
23670,3.22595,
23671,3.25614,
23672,3.03119,
23673,3.37051,
23674,3.19703,
23675,3.04602,
23676,2.96998,
23677,3.22809,
23678,3.20024,
23679,3.06569,
23680,3.05868,
23681,3.23497,
23682,3.00224,
23683,2.98605,
23684,3.10652,
23685,2.96303,
23686,3.08183,
23687,3.17131,
23688,3.18414,
23689,3.04943,
23690,3.03398,
23691,2.98492,
23692,3.19488,
23693,3.21923,
23694,2.81083,
23695,3.04678,
23696,3.04547,
23697,3.14413,
23698,3.16951,
23699,3.18776,
23700,2.9375,
23701,3.0738,
23702,3.15109,
23703,2.84458,
23704,2.93474,
23705,3.23944,
23706,3.07866,
23707,3.17376,
23708,2.92206,
23709,2.95444,
23710,3.14312,
23711,3.09625,
23712,2.97688,
23713,3.22002,
23714,3.14584,
23715,2.86925,
23716,2.99235,
23717,2.90382,
23718,3.06171,
23719,2.90314,
23720,3.02729,
23721,3.19966,
23722,3.0819,
23723,3.28317,
23724,3.28703,
23725,3.17295,
23726,3.24424,
23727,3.03655,
23728,3.09482,
23729,3.20976,
23730,3.19192,
23731,3.28691,
23732,3.35272,
23733,3.49504,
23734,4.32919,
23735,3.17839,
23736,3.14708,
23737,3.17926,
23738,3.18047,
23739,3.06826,
23740,3.16784,
23741,3.11697,
23742,3.14773,
23743,3.04502,
23744,3.64461,
23745,3.13446,
23746,3.13105,
23747,2.73994,
23748,2.93907,
23749,3.14391,
23750,3.16152,
23751,3.29634,
23752,3.34898,
23753,3.14045,
23754,3.21638,
23755,3.17989,
23756,3.12996,
23757,3.35133,
23758,3.12515,
23759,3.14275,
23760,3.28864,
23761,3.27786,
23762,3.17005,
23763,3.07298,
23764,3.07988,
23765,3.08047,
23766,3.09963,
23767,3.01112,
23768,2.82232,
23769,3.17997,
23770,3.04908,
23771,2.90125,
23772,2.95535,
23773,3.0124,
23774,3.13594,
23775,3.0747,
23776,3.0014,
23777,3.13564,
23778,2.86512,
23779,3.02664,
23780,2.74684,
23781,3.14143,
23782,2.98772,
23783,3.02013,
23784,3.0779,
23785,3.04229,
23786,3.02526,
23787,3.01687,
23788,2.99405,
23789,2.85072,
23790,3.08058,
23791,3.06427,
23792,2.75474,
23793,2.86005,
23794,2.81168,
23795,3.0336,
23796,3.0133,
23797,3.0012,
23798,2.98083,
23799,3.03023,
23800,3.08369,
23801,2.81485,
23802,3.16368,
23803,3.00591,
23804,3.01558,
23805,2.99992,
23806,3.19941,
23807,3.32983,
23808,3.26497,
23809,3.02232,
23810,2.97292,
23811,3.34082,
23812,3.12321,
23813,3.15621,
23814,3.03031,
23815,2.9417,
23816,3.0055,
23817,3.16608,
23818,2.78468,
23819,2.76553,
23820,2.60211,
23821,2.86385,
23822,3.03719,
23823,3.1205,
23824,3.07725,
23825,3.10937,
23826,2.99283,
23827,2.8569,
23828,2.91138,
23829,3.03839,
23830,3.2045,
23831,2.99679,
23832,2.98229,
23833,2.6283,
23834,2.68377,
23835,3.14108,
23836,2.83347,
23837,2.98996,
23838,2.78526,
23839,2.92143,
23840,2.77437,
23841,2.82186,
23842,2.79323,
23843,2.85007,
23844,2.81856,
23845,2.75044,
23846,2.86853,
23847,3.09375,
23848,2.75453,
23849,3.00304,
23850,3.00264,
23851,3.35342,
23852,3.28463,
23853,3.30086,
23854,3.28154,
23855,3.31438,
23856,3.29538,
23857,3.05652,
23858,2.82606,
23859,3.13554,
23860,2.99207,
23861,2.97087,
23862,3.21236,
23863,3.09324,
23864,3.13928,
23865,3.06474,
23866,3.02098,
23867,2.9629,
23868,3.09757,
23869,3.1822,
23870,3.09569,
23871,3.09065,
23872,3.02046,
23873,2.89207,
23874,3.27316,
23875,2.97195,
23876,2.97028,
23877,3.06682,
23878,3.12385,
23879,2.953,
23880,3.38321,
23881,3.20314,
23882,3.33265,
23883,3.15018,
23884,3.27399,
23885,3.19595,
23886,3.13355,
23887,3.15271,
23888,3.11943,
23889,3.11369,
23890,3.11006,
23891,3.13257,
23892,3.13375,
23893,2.91496,
23894,3.07517,
23895,3.00118,
23896,2.98938,
23897,2.72669,
23898,2.86549,
23899,2.76199,
23900,2.96313,
23901,2.97922,
23902,2.77563,
23903,2.88745,
23904,2.86285,
23905,3.06324,
23906,2.97926,
23907,2.99034,
23908,3.04585,
23909,3.13189,
23910,3.16583,
23911,3.15096,
23912,3.17179,
23913,3.207,
23914,3.13542,
23915,3.26496,
23916,3.16419,
23917,3.16883,
23918,3.24084,
23919,3.10831,
23920,3.09366,
23921,2.8611,
23922,3.07515,
23923,3.07327,
23924,3.18732,
23925,3.10149,
23926,2.94093,
23927,3.02125,
23928,2.96268,
23929,3.01805,
23930,3.17415,
23931,3.23038,
23932,3.00944,
23933,2.95104,
23934,3.01751,
23935,3.22564,
23936,3.20512,
23937,3.22734,
23938,3.08918,
23939,3.30312,
23940,3.08222,
23941,3.21292,
23942,3.37222,
23943,3.11061,
23944,2.992,
23945,2.96008,
23946,3.21979,
23947,3.22128,
23948,3.09533,
23949,3.1741,
23950,3.07955,
23951,3.28866,
23952,3.21117,
23953,3.37446,
23954,2.98456,
23955,3.05587,
23956,2.82839,
23957,3.02264,
23958,3.02083,
23959,3.00819,
23960,2.99302,
23961,3.19865,
23962,3.10352,
23963,3.04701,
23964,2.8207,
23965,2.91722,
23966,3.02716,
23967,3.03231,
23968,2.95742,
23969,3.36628,
23970,3.28857,
23971,3.272,
23972,3.18351,
23973,3.08391,
23974,3.19591,
23975,2.96553,
23976,3.2342,
23977,3.35524,
23978,3.21987,
23979,3.26046,
23980,3.49789,
23981,3.57335,
23982,3.15237,
23983,3.17464,
23984,3.22605,
23985,3.30101,
23986,3.48316,
23987,3.24733,
23988,3.14105,
23989,3.13982,
23990,3.03866,
23991,3.09749,
23992,3.10327,
23993,3.1447,
23994,3.05475,
23995,2.94915,
23996,3.12171,
23997,3.58231,
23998,3.62309,
23999,3.51268,
24000,3.48436,
24001,3.49473,
24002,3.52416,
24003,3.47475,
24004,3.45586,
24005,3.45548,
24006,3.47526,
24007,3.45935,
24008,3.41849,
24009,3.43041,
24010,3.32188,
24011,3.41028,
24012,3.4955,
24013,3.42411,
24014,3.33176,
24015,3.2676,
24016,3.2019,
24017,3.43222,
24018,3.2438,
24019,3.20926,
24020,3.16983,
24021,3.1836,
24022,3.09725,
24023,3.25032,
24024,3.10982,
24025,3.14288,
24026,3.14688,
24027,2.97606,
24028,2.8773,
24029,3.15718,
24030,3.37053,
24031,3.25053,
24032,2.97768,
24033,3.14533,
24034,3.1956,
24035,3.05016,
24036,3.12627,
24037,3.17481,
24038,2.96924,
24039,3.12424,
24040,3.00252,
24041,2.97011,
24042,3.26572,
24043,3.12554,
24044,3.12598,
24045,3.20756,
24046,3.04179,
24047,2.96368,
24048,2.91162,
24049,2.96749,
24050,3.14227,
24051,3.03131,
24052,2.91642,
24053,3.13668,
24054,3.02778,
24055,2.96158,
24056,3.04096,
24057,2.90189,
24058,2.88191,
24059,3.11583,
24060,2.87076,
24061,2.88886,
24062,2.92631,
24063,2.98182,
24064,2.92056,
24065,2.88521,
24066,2.9785,
24067,2.90567,
24068,3.02538,
24069,3.05,
24070,3.10422,
24071,3.05612,
24072,3.10393,
24073,2.97246,
24074,3.14952,
24075,2.86553,
24076,3.02508,
24077,3.04591,
24078,2.98153,
24079,3.24688,
24080,2.95363,
24081,2.90873,
24082,3.14975,
24083,2.96607,
24084,2.82506,
24085,2.93775,
24086,3.19434,
24087,2.70807,
24088,2.83532,
24089,3.08082,
24090,2.82148,
24091,3.00689,
24092,2.92909,
24093,2.84359,
24094,2.78758,
24095,3.22855,
24096,3.16603,
24097,3.15236,
24098,3.0801,
24099,3.26473,
24100,3.1213,
24101,3.23097,
24102,3.11215,
24103,3.05451,
24104,3.18793,
24105,3.09241,
24106,3.12625,
24107,3.0629,
24108,3.07406,
24109,3.13444,
24110,2.81995,
24111,2.99306,
24112,3.05455,
24113,3.10679,
24114,3.10438,
24115,2.75719,
24116,2.97984,
24117,3.03317,
24118,2.92208,
24119,2.66597,
24120,2.85342,
24121,2.8883,
24122,2.87426,
24123,2.93557,
24124,2.67104,
24125,2.73068,
24126,2.73541,
24127,2.91459,
24128,3.0031,
24129,3.57389,
24130,3.37243,
24131,3.22359,
24132,3.13184,
24133,3.29758,
24134,3.31143,
24135,3.03631,
24136,3.21802,
24137,3.08274,
24138,3.11571,
24139,3.01516,
24140,3.36475,
24141,3.17436,
24142,3.07296,
24143,3.21551,
24144,3.23195,
24145,3.12588,
24146,3.21884,
24147,3.05458,
24148,3.19453,
24149,3.19015,
24150,3.05253,
24151,3.00508,
24152,3.07165,
24153,3.10103,
24154,3.22605,
24155,3.18275,
24156,3.07319,
24157,3.24392,
24158,3.06684,
24159,3.12,
24160,3.30751,
24161,3.16847,
24162,3.08718,
24163,3.17178,
24164,3.16616,
24165,2.97683,
24166,3.07708,
24167,3.09319,
24168,3.24685,
24169,2.98258,
24170,3.04796,
24171,2.9667,
24172,3.17035,
24173,3.18367,
24174,3.09488,
24175,2.85003,
24176,3.09644,
24177,2.98915,
24178,2.93323,
24179,3.08742,
24180,3.15748,
24181,3.0777,
24182,3.00721,
24183,3.06544,
24184,3.08412,
24185,2.99027,
24186,3.00867,
24187,2.91486,
24188,2.96145,
24189,2.93574,
24190,3.10183,
24191,2.80172,
24192,2.81116,
24193,2.85523,
24194,2.91569,
24195,2.96603,
24196,2.9084,
24197,2.72886,
24198,2.92822,
24199,2.80232,
24200,2.98613,
24201,2.83496,
24202,2.89826,
24203,3.05786,
24204,3.00318,
24205,3.05739,
24206,2.75665,
24207,2.90277,
24208,2.84692,
24209,2.94366,
24210,3.07304,
24211,2.70422,
24212,2.83538,
24213,2.68545,
24214,2.72217,
24215,2.9623,
24216,2.92019,
24217,2.93353,
24218,2.83534,
24219,3.08186,
24220,2.92792,
24221,3.07411,
24222,3.1954,
24223,3.19747,
24224,3.12897,
24225,3.14732,
24226,3.3966,
24227,3.11768,
24228,2.99901,
24229,3.21522,
24230,2.99914,
24231,3.17745,
24232,3.24758,
24233,3.11387,
24234,3.10084,
24235,3.13214,
24236,2.91051,
24237,3.13756,
24238,3.09191,
24239,2.9398,
24240,3.03337,
24241,3.02052,
24242,2.82362,
24243,3.03007,
24244,3.04284,
24245,2.8976,
24246,2.98139,
24247,3.09082,
24248,3.22606,
24249,3.0109,
24250,3.05725,
24251,2.97214,
24252,3.3407,
24253,3.35173,
24254,3.37875,
24255,3.36529,
24256,3.40853,
24257,3.31859,
24258,3.26241,
24259,3.39269,
24260,3.25796,
24261,3.31401,
24262,3.31972,
24263,3.33346,
24264,3.16476,
24265,3.33019,
24266,3.29264,
24267,3.30381,
24268,3.36643,
24269,3.22573,
24270,3.28146,
24271,3.23249,
24272,3.30836,
24273,3.31009,
24274,3.35078,
24275,2.85991,
24276,2.92024,
24277,2.81413,
24278,2.67548,
24279,2.75964,
24280,2.68484,
24281,2.96655,
24282,2.51476,
24283,2.77972,
24284,2.77225,
24285,2.84336,
24286,2.84773,
24287,2.62635,
24288,2.70246,
24289,2.89888,
24290,3.05218,
24291,3.0207,
24292,2.71339,
24293,2.72626,
24294,3.22469,
24295,3.32847,
24296,3.27133,
24297,3.28646,
24298,3.26899,
24299,3.29055,
24300,3.18173,
24301,2.98182,
24302,3.10774,
24303,3.20756,
24304,3.08175,
24305,3.15777,
24306,3.27923,
24307,3.31765,
24308,3.16986,
24309,3.08159,
24310,2.91077,
24311,3.10954,
24312,3.05122,
24313,3.04215,
24314,2.82501,
24315,2.83842,
24316,2.78151,
24317,2.9886,
24318,3.01744,
24319,2.91092,
24320,3.14692,
24321,3.07276,
24322,3.14921,
24323,3.08473,
24324,3.24645,
24325,3.06911,
24326,3.02541,
24327,3.12146,
24328,2.85788,
24329,2.88869,
24330,2.86637,
24331,3.0584,
24332,3.23153,
24333,3.04527,
24334,2.85274,
24335,2.8145,
24336,2.71597,
24337,2.58187,
24338,2.70918,
24339,2.73247,
24340,3.00059,
24341,2.67914,
24342,2.70111,
24343,2.77075,
24344,3.01966,
24345,2.90089,
24346,3.11983,
24347,2.78888,
24348,3.28766,
24349,2.99103,
24350,3.2877,
24351,3.43332,
24352,3.18434,
24353,3.28433,
24354,3.22193,
24355,3.10048,
24356,3.19464,
24357,3.17776,
24358,3.05242,
24359,2.91729,
24360,2.89021,
24361,3.04268,
24362,2.98407,
24363,3.04206,
24364,3.12208,
24365,2.91296,
24366,3.07596,
24367,2.86444,
24368,3.17216,
24369,3.10348,
24370,2.83758,
24371,2.81336,
24372,3.09758,
24373,2.79553,
24374,2.80269,
24375,2.82349,
24376,2.66835,
24377,2.68052,
24378,2.7796,
24379,3.36507,
24380,3.27196,
24381,3.41485,
24382,3.39679,
24383,3.40699,
24384,3.23494,
24385,3.04566,
24386,3.13151,
24387,3.07868,
24388,3.22747,
24389,3.45435,
24390,3.19529,
24391,3.21287,
24392,3.0489,
24393,3.02412,
24394,3.35241,
24395,3.29073,
24396,3.38779,
24397,3.14606,
24398,3.40849,
24399,3.0775,
24400,3.12406,
24401,3.0566,
24402,3.16879,
24403,2.99309,
24404,3.01497,
24405,2.97999,
24406,2.90499,
24407,3.14811,
24408,2.90447,
24409,2.93738,
24410,3.05534,
24411,3.10414,
24412,3.08859,
24413,2.96437,
24414,3.02536,
24415,2.91669,
24416,2.98876,
24417,2.8583,
24418,2.9059,
24419,3.02661,
24420,2.74347,
24421,2.82255,
24422,3.05147,
24423,2.95934,
24424,3.38901,
24425,3.40902,
24426,3.32927,
24427,3.44247,
24428,3.31531,
24429,3.30089,
24430,3.14884,
24431,3.19916,
24432,2.93263,
24433,3.02789,
24434,2.94497,
24435,2.99883,
24436,3.25405,
24437,3.25553,
24438,3.12624,
24439,3.30368,
24440,3.24598,
24441,2.91972,
24442,2.98386,
24443,3.02011,
24444,2.90908,
24445,3.04367,
24446,3.2146,
24447,3.17023,
24448,3.25867,
24449,3.36775,
24450,3.34891,
24451,2.79337,
24452,2.98299,
24453,3.16868,
24454,3.16736,
24455,3.22383,
24456,3.21266,
24457,3.31082,
24458,3.23247,
24459,3.31752,
24460,3.07219,
24461,3.08825,
24462,3.26143,
24463,2.92125,
24464,3.19661,
24465,3.18277,
24466,3.13885,
24467,3.09588,
24468,3.11103,
24469,3.36536,
24470,3.19805,
24471,3.25925,
24472,3.1547,
24473,3.26879,
24474,3.23054,
24475,3.23249,
24476,3.03276,
24477,3.13631,
24478,3.08687,
24479,2.99704,
24480,3.03578,
24481,2.9685,
24482,3.05936,
24483,3.0598,
24484,3.15495,
24485,2.86356,
24486,3.04299,
24487,3.20967,
24488,3.0963,
24489,3.04601,
24490,3.00335,
24491,3.18785,
24492,2.94117,
24493,3.13901,
24494,2.40392,
24495,3.22029,
24496,3.18941,
24497,3.29884,
24498,3.41129,
24499,3.65407,
24500,3.24668,
24501,3.33878,
24502,3.18428,
24503,3.33894,
24504,3.31751,
24505,3.27247,
24506,3.23106,
24507,3.06539,
24508,3.12049,
24509,3.18414,
24510,3.28732,
24511,3.06334,
24512,3.2433,
24513,3.31106,
24514,3.18289,
24515,3.16041,
24516,3.12272,
24517,3.16439,
24518,3.25372,
24519,3.20249,
24520,3.1758,
24521,3.16236,
24522,3.04727,
24523,3.26,
24524,3.28011,
24525,3.03514,
24526,3.18288,
24527,3.02525,
24528,2.93522,
24529,2.88471,
24530,2.77163,
24531,3.11935,
24532,3.13035,
24533,2.89915,
24534,3.02192,
24535,3.14006,
24536,2.96996,
24537,2.90802,
24538,2.9599,
24539,2.90201,
24540,3.07472,
24541,2.89325,
24542,3.02031,
24543,3.15613,
24544,2.96724,
24545,3.18827,
24546,3.14714,
24547,3.03564,
24548,3.0283,
24549,3.04214,
24550,3.26221,
24551,3.11887,
24552,3.07243,
24553,3.09552,
24554,3.18738,
24555,2.98663,
24556,2.81704,
24557,2.99216,
24558,2.92805,
24559,3.03804,
24560,3.03998,
24561,2.76362,
24562,3.09578,
24563,3.17963,
24564,3.12442,
24565,3.01346,
24566,2.94751,
24567,3.19596,
24568,2.98199,
24569,2.70913,
24570,3.06402,
24571,3.05569,
24572,3.25467,
24573,3.00296,
24574,2.92009,
24575,3.04955,
24576,2.98766,
24577,2.95726,
24578,2.98308,
24579,3.00656,
24580,3.21999,
24581,3.17749,
24582,3.18851,
24583,2.9828,
24584,3.03358,
24585,2.9777,
24586,3.19472,
24587,3.19804,
24588,3.14098,
24589,3.10318,
24590,3.31166,
24591,3.03399,
24592,3.09464,
24593,3.07528,
24594,2.92149,
24595,3.18222,
24596,3.12512,
24597,3.25541,
24598,3.10655,
24599,2.78955,
24600,2.87877,
24601,3.05092,
24602,2.87859,
24603,2.98824,
24604,2.8012,
24605,2.96743,
24606,3.19862,
24607,3.25792,
24608,3.09197,
24609,3.23224,
24610,3.1901,
24611,3.19669,
24612,3.13196,
24613,3.21576,
24614,3.20262,
24615,3.25581,
24616,3.12765,
24617,3.1702,
24618,3.14858,
24619,3.03596,
24620,3.20762,
24621,2.79699,
24622,2.95317,
24623,3.14235,
24624,3.0242,
24625,3.12884,
24626,2.88549,
24627,2.97772,
24628,3.14296,
24629,2.88733,
24630,3.03439,
24631,2.92303,
24632,2.84112,
24633,3.02612,
24634,2.81329,
24635,2.88797,
24636,2.90403,
24637,3.00906,
24638,2.89739,
24639,3.07842,
24640,3.14645,
24641,3.07583,
24642,2.9254,
24643,2.97779,
24644,3.00228,
24645,3.04538,
24646,2.88955,
24647,3.25809,
24648,3.1135,
24649,3.11686,
24650,3.18327,
24651,3.10374,
24652,3.03986,
24653,3.10729,
24654,3.04426,
24655,3.09664,
24656,3.11305,
24657,3.22172,
24658,3.35377,
24659,3.19992,
24660,3.12904,
24661,3.08635,
24662,2.97421,
24663,3.04062,
24664,2.9213,
24665,3.00115,
24666,2.86153,
24667,3.04723,
24668,2.95555,
24669,3.15871,
24670,2.96856,
24671,3.11421,
24672,3.18964,
24673,3.27445,
24674,3.29028,
24675,3.02278,
24676,2.87251,
24677,3.11565,
24678,2.81128,
24679,3.10063,
24680,3.23033,
24681,3.28213,
24682,3.29335,
24683,3.30419,
24684,2.99857,
24685,3.2792,
24686,3.15304,
24687,3.14748,
24688,3.10408,
24689,3.28312,
24690,3.01754,
24691,3.21272,
24692,2.87335,
24693,3.24105,
24694,3.2199,
24695,3.37359,
24696,3.09611,
24697,3.16332,
24698,3.24256,
24699,2.9982,
24700,3.2125,
24701,2.88697,
24702,3.01054,
24703,3.02661,
24704,3.29399,
24705,3.25453,
24706,2.84405,
24707,3.12932,
24708,3.03726,
24709,3.13287,
24710,3.15024,
24711,3.35698,
24712,3.16553,
24713,3.03272,
24714,3.12212,
24715,3.20304,
24716,3.04079,
24717,2.94155,
24718,2.91982,
24719,3.2887,
24720,3.32776,
24721,3.34448,
24722,3.29383,
24723,3.17982,
24724,3.15028,
24725,2.99148,
24726,3.29593,
24727,3.15231,
24728,3.23088,
24729,3.16469,
24730,3.13469,
24731,3.11728,
24732,3.23379,
24733,3.14875,
24734,3.06035,
24735,3.19991,
24736,3.25389,
24737,3.0283,
24738,3.34498,
24739,3.19933,
24740,3.02561,
24741,2.95711,
24742,3.21666,
24743,3.17146,
24744,3.06573,
24745,3.03357,
24746,3.22408,
24747,2.98533,
24748,2.96602,
24749,3.10592,
24750,2.96163,
24751,3.06766,
24752,3.16346,
24753,3.17899,
24754,3.04093,
24755,3.0141,
24756,2.96597,
24757,3.18415,
24758,3.21224,
24759,2.80667,
24760,3.02793,
24761,3.03404,
24762,3.12937,
24763,3.16669,
24764,3.17839,
24765,2.9369,
24766,3.0597,
24767,3.14218,
24768,2.83857,
24769,2.92324,
24770,3.23156,
24771,3.07005,
24772,3.16002,
24773,2.92329,
24774,2.93608,
24775,3.12703,
24776,3.08643,
24777,2.96376,
24778,3.22192,
24779,3.15365,
24780,2.86248,
24781,2.99225,
24782,2.89755,
24783,3.04806,
24784,2.88724,
24785,3.01607,
24786,3.18449,
24787,3.07259,
24788,3.27336,
24789,3.26946,
24790,3.1692,
24791,3.23982,
24792,3.02885,
24793,3.10554,
24794,3.19467,
24795,3.17881,
24796,3.27491,
24797,3.34694,
24798,3.48069,
24799,4.32923,
24800,3.16138,
24801,3.14881,
24802,3.17357,
24803,3.17196,
24804,3.07611,
24805,3.15198,
24806,3.10034,
24807,3.13642,
24808,3.04229,
24809,3.62613,
24810,3.11771,
24811,3.13067,
24812,2.74792,
24813,2.94869,
24814,3.15225,
24815,3.17012,
24816,3.3003,
24817,3.33926,
24818,3.14895,
24819,3.19602,
24820,3.1745,
24821,3.11073,
24822,3.34883,
24823,3.1156,
24824,3.12321,
24825,3.27308,
24826,3.27347,
24827,3.154,
24828,3.06074,
24829,3.0589,
24830,3.07074,
24831,3.08311,
24832,3.00052,
24833,2.81282,
24834,3.17344,
24835,3.04695,
24836,2.88797,
24837,2.94115,
24838,3.01141,
24839,3.142,
24840,3.07163,
24841,3.0101,
24842,3.12191,
24843,2.83941,
24844,3.02184,
24845,2.7227,
24846,3.12463,
24847,2.96384,
24848,3.02577,
24849,3.07014,
24850,3.03223,
24851,3.01413,
24852,2.99609,
24853,2.99648,
24854,2.84944,
24855,3.07134,
24856,3.05341,
24857,2.73324,
24858,2.8439,
24859,2.81288,
24860,3.02155,
24861,2.99449,
24862,2.98769,
24863,2.9837,
24864,3.02776,
24865,3.07361,
24866,2.81189,
24867,3.15451,
24868,3.00028,
24869,2.9991,
24870,2.99199,
24871,3.18265,
24872,3.31903,
24873,3.24304,
24874,3.02975,
24875,2.9614,
24876,3.33495,
24877,3.11939,
24878,3.1561,
24879,3.01723,
24880,2.93691,
24881,2.98699,
24882,3.16908,
24883,2.76889,
24884,2.75941,
24885,2.59911,
24886,2.8489,
24887,3.01902,
24888,3.10623,
24889,3.07025,
24890,3.10103,
24891,2.99531,
24892,2.85565,
24893,2.91474,
24894,3.04596,
24895,3.19352,
24896,2.98711,
24897,2.96687,
24898,2.6184,
24899,2.68018,
24900,3.14635,
24901,2.83337,
24902,2.98087,
24903,2.7741,
24904,2.90802,
24905,2.75833,
24906,2.81536,
24907,2.78401,
24908,2.84802,
24909,2.81837,
24910,2.7541,
24911,2.86189,
24912,3.08046,
24913,2.74995,
24914,3.00506,
24915,2.98594,
24916,3.36931,
24917,3.28244,
24918,3.28519,
24919,3.26468,
24920,3.2964,
24921,3.27763,
24922,3.04265,
24923,2.8289,
24924,3.13595,
24925,2.97993,
24926,2.96041,
24927,3.21002,
24928,3.10492,
24929,3.15195,
24930,3.06625,
24931,3.01177,
24932,2.9487,
24933,3.1067,
24934,3.17197,
24935,3.08319,
24936,3.06885,
24937,3.02798,
24938,2.87797,
24939,3.25322,
24940,2.95914,
24941,2.96303,
24942,3.06431,
24943,3.1083,
24944,2.94672,
24945,3.37888,
24946,3.2015,
24947,3.3391,
24948,3.14271,
24949,3.27667,
24950,3.19039,
24951,3.10796,
24952,3.14135,
24953,3.10706,
24954,3.09804,
24955,3.09437,
24956,3.12047,
24957,3.13031,
24958,2.91415,
24959,3.06322,
24960,2.97961,
24961,2.97125,
24962,2.7225,
24963,2.85058,
24964,2.73642,
24965,2.96156,
24966,2.98169,
24967,2.77825,
24968,2.87812,
24969,2.85557,
24970,3.07558,
24971,2.95466,
24972,2.9746,
24973,3.02221,
24974,3.12205,
24975,3.14273,
24976,3.14545,
24977,3.14018,
24978,3.20708,
24979,3.13023,
24980,3.24508,
24981,3.16701,
24982,3.15108,
24983,3.22968,
24984,3.09451,
24985,3.08418,
24986,2.84734,
24987,3.07448,
24988,3.07061,
24989,3.17606,
24990,3.09326,
24991,2.92417,
24992,3.01112,
24993,2.95332,
24994,2.99836,
24995,3.15706,
24996,3.21517,
24997,3.00478,
24998,2.94355,
24999,3.01894,
25000,3.2263,
25001,3.18785,
25002,3.22392,
25003,3.08417,
25004,3.28464,
25005,3.07193,
25006,3.21243,
25007,3.37234,
25008,3.08904,
25009,2.97722,
25010,2.95591,
25011,3.23155,
25012,3.22196,
25013,3.08153,
25014,3.1615,
25015,3.05274,
25016,3.28104,
25017,3.2146,
25018,3.36185,
25019,2.98398,
25020,3.04319,
25021,2.8241,
25022,3.00941,
25023,3.01879,
25024,2.99985,
25025,2.98672,
25026,3.19913,
25027,3.09756,
25028,3.03099,
25029,2.80737,
25030,2.93014,
25031,3.03086,
25032,3.01601,
25033,2.94805,
25034,3.34242,
25035,3.27134,
25036,3.25137,
25037,3.18105,
25038,3.0597,
25039,3.19963,
25040,2.97132,
25041,3.22529,
25042,3.3256,
25043,3.2159,
25044,3.25734,
25045,3.47857,
25046,3.56287,
25047,3.15665,
25048,3.17429,
25049,3.22513,
25050,3.29022,
25051,3.4658,
25052,3.2391,
25053,3.12675,
25054,3.11974,
25055,3.02572,
25056,3.09138,
25057,3.09295,
25058,3.14594,
25059,3.04207,
25060,2.944,
25061,3.1213,
25062,3.57618,
25063,3.61508,
25064,3.50213,
25065,3.48601,
25066,3.48509,
25067,3.52656,
25068,3.47321,
25069,3.44766,
25070,3.4486,
25071,3.45682,
25072,3.45284,
25073,3.42874,
25074,3.43186,
25075,3.32233,
25076,3.41001,
25077,3.4866,
25078,3.42753,
25079,3.33253,
25080,3.2762,
25081,3.19309,
25082,3.40262,
25083,3.22847,
25084,3.18586,
25085,3.1608,
25086,3.17295,
25087,3.07109,
25088,3.23974,
25089,3.09409,
25090,3.12946,
25091,3.14806,
25092,2.96848,
25093,2.86032,
25094,3.15237,
25095,3.36789,
25096,3.22871,
25097,2.97244,
25098,3.13463,
25099,3.17619,
25100,3.04782,
25101,3.11112,
25102,3.17019,
25103,2.9654,
25104,3.10606,
25105,2.99591,
25106,2.96928,
25107,3.25757,
25108,3.11627,
25109,3.11139,
25110,3.19607,
25111,3.03134,
25112,2.94445,
25113,2.90123,
25114,2.94453,
25115,3.13324,
25116,3.02043,
25117,2.90902,
25118,3.13465,
25119,3.00956,
25120,2.96034,
25121,3.02161,
25122,2.88604,
25123,2.87536,
25124,3.11299,
25125,2.85232,
25126,2.87861,
25127,2.91961,
25128,2.97784,
25129,2.91748,
25130,2.87217,
25131,2.9722,
25132,2.89871,
25133,3.04105,
25134,3.04094,
25135,3.08819,
25136,3.06098,
25137,3.09651,
25138,2.97861,
25139,3.14382,
25140,2.85458,
25141,3.01592,
25142,3.03372,
25143,2.97678,
25144,3.23297,
25145,2.96036,
25146,2.91407,
25147,3.13423,
25148,2.98368,
25149,2.81786,
25150,2.93782,
25151,3.17933,
25152,2.70588,
25153,2.82894,
25154,3.06069,
25155,2.81897,
25156,3.00613,
25157,2.91477,
25158,2.83317,
25159,2.77993,
25160,3.21982,
25161,3.17013,
25162,3.13979,
25163,3.06949,
25164,3.25139,
25165,3.11884,
25166,3.22484,
25167,3.10445,
25168,3.03483,
25169,3.18402,
25170,3.08902,
25171,3.11933,
25172,3.05442,
25173,3.07026,
25174,3.13446,
25175,2.79246,
25176,2.98723,
25177,3.06048,
25178,3.09342,
25179,3.09249,
25180,2.75683,
25181,2.98733,
25182,3.03811,
25183,2.91934,
25184,2.65181,
25185,2.84761,
25186,2.88768,
25187,2.85958,
25188,2.91595,
25189,2.66464,
25190,2.73166,
25191,2.73114,
25192,2.91565,
25193,2.99626,
25194,3.56387,
25195,3.36271,
25196,3.20346,
25197,3.11357,
25198,3.28682,
25199,3.30498,
25200,3.02929,
25201,3.20863,
25202,3.07208,
25203,3.10359,
25204,3.00498,
25205,3.37242,
25206,3.16052,
25207,3.06573,
25208,3.21353,
25209,3.22653,
25210,3.12367,
25211,3.22598,
25212,3.04103,
25213,3.18829,
25214,3.17436,
25215,3.04427,
25216,2.98829,
25217,3.05626,
25218,3.09257,
25219,3.22118,
25220,3.16942,
25221,3.07146,
25222,3.22773,
25223,3.06148,
25224,3.11506,
25225,3.30609,
25226,3.16475,
25227,3.08235,
25228,3.15676,
25229,3.1608,
25230,2.97129,
25231,3.08542,
25232,3.07722,
25233,3.236,
25234,2.97734,
25235,3.04693,
25236,2.9554,
25237,3.15685,
25238,3.18513,
25239,3.09353,
25240,2.85641,
25241,3.08632,
25242,2.9896,
25243,2.93129,
25244,3.08127,
25245,3.16244,
25246,3.05993,
25247,2.97957,
25248,3.05093,
25249,3.07578,
25250,2.98608,
25251,2.99358,
25252,2.90587,
25253,2.94943,
25254,2.92871,
25255,3.09346,
25256,2.79173,
25257,2.80725,
25258,2.86275,
25259,2.91558,
25260,2.95938,
25261,2.89388,
25262,2.72255,
25263,2.92726,
25264,2.82214,
25265,2.97579,
25266,2.8259,
25267,2.88746,
25268,3.06591,
25269,3.00024,
25270,3.04103,
25271,2.75579,
25272,2.90028,
25273,2.83621,
25274,2.93583,
25275,3.08568,
25276,2.69933,
25277,2.83015,
25278,2.68271,
25279,2.71257,
25280,2.95183,
25281,2.91212,
25282,2.93764,
25283,2.83664,
25284,3.092,
25285,2.91378,
25286,3.0548,
25287,3.19367,
25288,3.18289,
25289,3.1026,
25290,3.14318,
25291,3.38548,
25292,3.1,
25293,2.98919,
25294,3.18291,
25295,2.99222,
25296,3.16501,
25297,3.23533,
25298,3.10881,
25299,3.09846,
25300,3.12381,
25301,2.90545,
25302,3.12998,
25303,3.07689,
25304,2.94743,
25305,3.03829,
25306,3.02018,
25307,2.8217,
25308,3.01827,
25309,3.03727,
25310,2.88367,
25311,2.97069,
25312,3.07254,
25313,3.21867,
25314,2.99672,
25315,3.04982,
25316,2.9645,
25317,3.33743,
25318,3.36003,
25319,3.37174,
25320,3.33336,
25321,3.38893,
25322,3.303,
25323,3.25525,
25324,3.38366,
25325,3.25059,
25326,3.32101,
25327,3.31088,
25328,3.33795,
25329,3.1628,
25330,3.34591,
25331,3.28171,
25332,3.29702,
25333,3.36858,
25334,3.22582,
25335,3.27931,
25336,3.23547,
25337,3.31497,
25338,3.30115,
25339,3.34385,
25340,2.8487,
25341,2.91584,
25342,2.81097,
25343,2.66418,
25344,2.75668,
25345,2.6757,
25346,2.96904,
25347,2.51632,
25348,2.77765,
25349,2.75075,
25350,2.84102,
25351,2.85721,
25352,2.62154,
25353,2.70067,
25354,2.8874,
25355,3.04215,
25356,3.01886,
25357,2.71055,
25358,2.70951,
25359,3.23351,
25360,3.31147,
25361,3.25611,
25362,3.28048,
25363,3.27195,
25364,3.28401,
25365,3.16066,
25366,2.96055,
25367,3.09658,
25368,3.2124,
25369,3.07318,
25370,3.14476,
25371,3.29082,
25372,3.31509,
25373,3.15237,
25374,3.07932,
25375,2.88772,
25376,3.10199,
25377,3.04582,
25378,3.03069,
25379,2.82117,
25380,2.82362,
25381,2.78337,
25382,2.98189,
25383,3.00936,
25384,2.90856,
25385,3.13005,
25386,3.06556,
25387,3.13608,
25388,3.081,
25389,3.25582,
25390,3.053,
25391,3.01463,
25392,3.11223,
25393,2.84873,
25394,2.87878,
25395,2.84706,
25396,3.05342,
25397,3.21028,
25398,3.03737,
25399,2.84468,
25400,2.79872,
25401,2.70621,
25402,2.57316,
25403,2.71445,
25404,2.72705,
25405,2.9978,
25406,2.68058,
25407,2.69102,
25408,2.77103,
25409,3.01686,
25410,2.89069,
25411,3.12005,
25412,2.78155,
25413,3.27095,
25414,2.97783,
25415,3.27468,
25416,3.43402,
25417,3.17328,
25418,3.277,
25419,3.21435,
25420,3.0763,
25421,3.169,
25422,3.17765,
25423,3.03958,
25424,2.89701,
25425,2.87586,
25426,3.04078,
25427,2.97458,
25428,3.03501,
25429,3.11671,
25430,2.90961,
25431,3.06206,
25432,2.85465,
25433,3.15914,
25434,3.10403,
25435,2.83883,
25436,2.79542,
25437,3.09342,
25438,2.79471,
25439,2.79623,
25440,2.81924,
25441,2.66546,
25442,2.68502,
25443,2.76125,
25444,3.35959,
25445,3.25566,
25446,3.41569,
25447,3.38471,
25448,3.40862,
25449,3.22045,
25450,3.02272,
25451,3.13148,
25452,3.0653,
25453,3.21773,
25454,3.44575,
25455,3.18922,
25456,3.2088,
25457,3.04819,
25458,3.02503,
25459,3.34007,
25460,3.2777,
25461,3.37805,
25462,3.14169,
25463,3.40008,
25464,3.06616,
25465,3.11341,
25466,3.0555,
25467,3.16721,
25468,2.9846,
25469,3.01113,
25470,2.99891,
25471,2.89987,
25472,3.14581,
25473,2.8895,
25474,2.90974,
25475,3.03059,
25476,3.11298,
25477,3.08396,
25478,2.95649,
25479,3.01327,
25480,2.90138,
25481,2.95499,
25482,2.84329,
25483,2.89119,
25484,3.01835,
25485,2.73148,
25486,2.80777,
25487,3.05204,
25488,2.95513,
25489,3.36936,
25490,3.39133,
25491,3.33375,
25492,3.42904,
25493,3.30247,
25494,3.28618,
25495,3.13132,
25496,3.20599,
25497,2.91182,
25498,3.01378,
25499,2.93168,
25500,2.99664,
25501,3.26384,
25502,3.25415,
25503,3.12194,
25504,3.28483,
25505,3.25517,
25506,2.91718,
25507,2.98567,
25508,3.00404,
25509,2.90822,
25510,3.03644,
25511,3.19984,
25512,3.15636,
25513,3.23987,
25514,3.35899,
25515,3.34866,
25516,2.7884,
25517,2.97866,
25518,3.17553,
25519,3.15833,
25520,3.22115,
25521,3.20142,
25522,3.30373,
25523,3.21604,
25524,3.30646,
25525,3.05274,
25526,3.06962,
25527,3.24546,
25528,2.9124,
25529,3.1911,
25530,3.17707,
25531,3.12688,
25532,3.09307,
25533,3.09758,
25534,3.35126,
25535,3.17647,
25536,3.26335,
25537,3.1435,
25538,3.25266,
25539,3.21313,
25540,3.23405,
25541,3.02594,
25542,3.12669,
25543,3.08615,
25544,2.9862,
25545,3.01813,
25546,2.96306,
25547,3.05474,
25548,3.05925,
25549,3.15318,
25550,2.85357,
25551,3.0409,
25552,3.19054,
25553,3.09182,
25554,3.02107,
25555,2.99552,
25556,3.18037,
25557,2.92235,
25558,3.13161,
25559,2.38232,
25560,3.21236,
25561,3.17627,
25562,3.29546,
25563,3.4005,
25564,3.65007,
25565,3.23646,
25566,3.33958,
25567,3.17147,
25568,3.33884,
25569,3.30749,
25570,3.26046,
25571,3.23847,
25572,3.05883,
25573,3.11585,
25574,3.17174,
25575,3.28131,
25576,3.05309,
25577,3.24949,
25578,3.3129,
25579,3.17071,
25580,3.1637,
25581,3.10476,
25582,3.14422,
25583,3.2257,
25584,3.19108,
25585,3.18267,
25586,3.16913,
25587,3.03581,
25588,3.24619,
25589,3.27091,
25590,3.03365,
25591,3.16308,
25592,3.01668,
25593,2.91949,
25594,2.8854,
25595,2.76758,
25596,3.11697,
25597,3.12913,
25598,2.89151,
25599,3.00716,
25600,3.13387,
25601,2.96123,
25602,2.89909,
25603,2.9609,
25604,2.89626,
25605,3.05628,
25606,2.89043,
25607,3.01414,
25608,3.14195,
25609,2.95652,
25610,3.17217,
25611,3.13989,
25612,3.0188,
25613,3.03519,
25614,3.05462,
25615,3.24472,
25616,3.10165,
25617,3.05481,
25618,3.09486,
25619,3.19383,
25620,2.98725,
25621,2.81708,
25622,2.99259,
25623,2.90723,
25624,3.02765,
25625,3.02606,
25626,2.74729,
25627,3.0823,
25628,3.16327,
25629,3.11549,
25630,3.01077,
25631,2.93568,
25632,3.19282,
25633,2.97949,
25634,2.6951,
25635,3.04388,
25636,3.05915,
25637,3.24601,
25638,3.00309,
25639,2.89991,
25640,3.04745,
25641,2.98262,
25642,2.95467,
25643,2.9726,
25644,3.0018,
25645,3.19858,
25646,3.1745,
25647,3.16139,
25648,2.97037,
25649,3.0146,
25650,2.96798,
25651,3.194,
25652,3.19292,
25653,3.1264,
25654,3.08969,
25655,3.30538,
25656,3.02035,
25657,3.09053,
25658,3.06882,
25659,2.91012,
25660,3.18813,
25661,3.11652,
25662,3.26843,
25663,3.09355,
25664,2.78442,
25665,2.8564,
25666,3.05244,
25667,2.86697,
25668,2.96586,
25669,2.80261,
25670,2.96456,
25671,3.1867,
25672,3.23752,
25673,3.0735,
25674,3.22104,
25675,3.17516,
25676,3.18617,
25677,3.12143,
25678,3.20491,
25679,3.18386,
25680,3.24519,
25681,3.12911,
25682,3.1667,
25683,3.15927,
25684,3.03711,
25685,3.20568,
25686,2.79105,
25687,2.95645,
25688,3.13017,
25689,3.00989,
25690,3.11704,
25691,2.87071,
25692,2.98526,
25693,3.11911,
25694,2.8761,
25695,3.03946,
25696,2.90884,
25697,2.83288,
25698,3.01285,
25699,2.78703,
25700,2.88361,
25701,2.89506,
25702,2.98393,
25703,2.89786,
25704,3.07119,
25705,3.1413,
25706,3.06924,
25707,2.91598,
25708,2.96268,
25709,2.99764,
25710,3.03306,
25711,2.86673,
25712,3.24261,
25713,3.09626,
25714,3.09858,
25715,3.17145,
25716,3.08505,
25717,3.03814,
25718,3.10122,
25719,3.0458,
25720,3.093,
25721,3.11253,
25722,3.20817,
25723,3.3398,
25724,3.20841,
25725,3.11796,
25726,3.08178,
25727,2.96729,
25728,3.0283,
25729,2.91117,
25730,2.9981,
25731,2.85204,
25732,3.04273,
25733,2.95077,
25734,3.15557,
25735,2.96569,
25736,3.08938,
25737,3.19,
25738,3.25726,
25739,3.27486,
25740,3.02969,
25741,2.86654,
25742,3.12529,
25743,2.81464,
25744,3.09632,
25745,3.21754,
25746,3.27329,
25747,3.30065,
25748,3.29343,
25749,2.98191,
25750,3.28049,
25751,3.15166,
25752,3.14485,
25753,3.09517,
25754,3.27294,
25755,3.02003,
25756,3.20725,
25757,2.85414,
25758,3.23765,
25759,3.23153,
25760,3.3605,
25761,3.09909,
25762,3.15984,
25763,3.24247,
25764,2.99695,
25765,3.19961,
25766,2.87792,
25767,3.00799,
25768,3.01125,
25769,3.28932,
25770,3.23042,
25771,2.84126,
25772,3.10947,
25773,3.02593,
25774,3.13233,
25775,3.12999,
25776,3.34542,
25777,3.16263,
25778,3.02203,
25779,3.12459,
25780,3.2007,
25781,3.03177,
25782,2.92966,
25783,2.91438,
25784,3.26829,
25785,3.31218,
25786,3.34462,
25787,3.28484,
25788,3.16525,
25789,3.15085,
25790,2.97855,
25791,3.3023,
25792,3.13368,
25793,3.21745,
25794,3.15536,
25795,3.13103,
25796,3.10805,
25797,3.23381,
25798,3.14525,
25799,3.06556,
25800,3.17695,
25801,3.23964,
25802,3.01643,
25803,3.33755,
25804,3.16815,
25805,3.01627,
25806,2.96777,
25807,3.20805,
25808,3.18161,
25809,3.06113,
25810,3.0204,
25811,3.21655,
25812,2.97832,
25813,2.95914,
25814,3.09915,
25815,2.94547,
25816,3.06726,
25817,3.15915,
25818,3.16702,
25819,3.03359,
25820,2.99756,
25821,2.96462,
25822,3.18794,
25823,3.19535,
25824,2.79345,
25825,3.02648,
25826,3.02358,
25827,3.11997,
25828,3.1529,
25829,3.17523,
25830,2.93902,
25831,3.03785,
25832,3.12365,
25833,2.83123,
25834,2.91378,
25835,3.22304,
25836,3.06556,
25837,3.15308,
25838,2.91819,
25839,2.92314,
25840,3.12631,
25841,3.08125,
25842,2.95624,
25843,3.20585,
25844,3.11894,
25845,2.84789,
25846,2.98561,
25847,2.8894,
25848,3.04266,
25849,2.88403,
25850,3.00265,
25851,3.1854,
25852,3.06386,
25853,3.2628,
25854,3.25606,
25855,3.16835,
25856,3.23315,
25857,3.03125,
25858,3.07781,
25859,3.18977,
25860,3.16218,
25861,3.27057,
25862,3.33341,
25863,3.46623,
25864,4.31523,
25865,3.15444,
25866,3.13174,
25867,3.17003,
25868,3.16291,
25869,3.05857,
25870,3.15032,
25871,3.1021,
25872,3.13495,
25873,3.03469,
25874,3.61607,
25875,3.13105,
25876,3.11244,
25877,2.73931,
25878,2.93534,
25879,3.14282,
25880,3.14747,
25881,3.28297,
25882,3.33345,
25883,3.13074,
25884,3.18269,
25885,3.17398,
25886,3.11447,
25887,3.33906,
25888,3.1072,
25889,3.1058,
25890,3.26826,
25891,3.26433,
25892,3.15575,
25893,3.05008,
25894,3.03948,
25895,3.06755,
25896,3.07389,
25897,2.99541,
25898,2.79814,
25899,3.16147,
25900,3.0392,
25901,2.89491,
25902,2.93668,
25903,2.99018,
25904,3.13207,
25905,3.06421,
25906,2.99266,
25907,3.11183,
25908,2.83444,
25909,3.01631,
25910,2.72021,
25911,3.11414,
25912,2.97234,
25913,3.0072,
25914,3.04996,
25915,3.02898,
25916,3.00584,
25917,2.9945,
25918,2.98383,
25919,2.84325,
25920,3.07259,
25921,3.05267,
25922,2.72527,
25923,2.83974,
25924,2.79457,
25925,3.02379,
25926,2.99452,
25927,2.97298,
25928,2.98204,
25929,3.02227,
25930,3.07177,
25931,2.81372,
25932,3.14777,
25933,2.99167,
25934,2.98763,
25935,2.98095,
25936,3.16607,
25937,3.31074,
25938,3.23113,
25939,3.00654,
25940,2.9639,
25941,3.32884,
25942,3.10657,
25943,3.13635,
25944,3.01714,
25945,2.93374,
25946,2.96537,
25947,3.15923,
25948,2.77015,
25949,2.75195,
25950,2.60138,
25951,2.8402,
25952,3.01118,
25953,3.11033,
25954,3.077,
25955,3.09523,
25956,2.9858,
25957,2.84257,
25958,2.9064,
25959,3.03565,
25960,3.18016,
25961,2.98551,
25962,2.95008,
25963,2.59831,
25964,2.67914,
25965,3.12847,
25966,2.82206,
25967,2.98813,
25968,2.78031,
25969,2.9058,
25970,2.76143,
25971,2.83291,
25972,2.77703,
25973,2.83413,
25974,2.79261,
25975,2.74192,
25976,2.84712,
25977,3.07911,
25978,2.75701,
25979,2.99479,
25980,2.96574,
25981,3.33066,
25982,3.28067,
25983,3.27246,
25984,3.26129,
25985,3.29619,
25986,3.27022,
25987,3.03431,
25988,2.82109,
25989,3.12109,
25990,2.97703,
25991,2.96678,
25992,3.18997,
25993,3.08294,
25994,3.15294,
25995,3.05858,
25996,3.00567,
25997,2.93886,
25998,3.07743,
25999,3.15858,
26000,3.07411,
26001,3.06208,
26002,3.0251,
26003,2.8665,
26004,3.24767,
26005,2.95043,
26006,2.96861,
26007,3.05919,
26008,3.09876,
26009,2.93553,
26010,3.36739,
26011,3.20275,
26012,3.3137,
26013,3.1454,
26014,3.25336,
26015,3.17564,
26016,3.10389,
26017,3.13144,
26018,3.10483,
26019,3.08577,
26020,3.08821,
26021,3.12537,
26022,3.11937,
26023,2.90716,
26024,3.06239,
26025,2.98003,
26026,2.97817,
26027,2.71846,
26028,2.8599,
26029,2.73672,
26030,2.94501,
26031,2.96617,
26032,2.76076,
26033,2.89298,
26034,2.85648,
26035,3.05165,
26036,2.95627,
26037,2.96897,
26038,3.00044,
26039,3.09683,
26040,3.13069,
26041,3.14319,
26042,3.12311,
26043,3.19125,
26044,3.10851,
26045,3.24227,
26046,3.15347,
26047,3.14704,
26048,3.22881,
26049,3.07841,
26050,3.08133,
26051,2.83789,
26052,3.06433,
26053,3.0532,
26054,3.17678,
26055,3.07708,
26056,2.91709,
26057,3.02023,
26058,2.94648,
26059,2.98601,
26060,3.15447,
26061,3.20891,
26062,2.99399,
26063,2.92289,
26064,2.99208,
26065,3.20645,
26066,3.1829,
26067,3.19559,
26068,3.07314,
26069,3.28024,
26070,3.05714,
26071,3.19851,
26072,3.36117,
26073,3.07692,
26074,2.96104,
26075,2.95146,
26076,3.19951,
26077,3.20469,
26078,3.0703,
26079,3.15791,
26080,3.05769,
26081,3.27467,
26082,3.21118,
26083,3.36602,
26084,2.97796,
26085,3.04163,
26086,2.82144,
26087,2.99681,
26088,2.99639,
26089,3.00125,
26090,2.97621,
26091,3.18401,
26092,3.10548,
26093,3.02333,
26094,2.80041,
26095,2.91394,
26096,3.01432,
26097,3.01633,
26098,2.9275,
26099,3.33538,
26100,3.26777,
26101,3.25086,
26102,3.17931,
26103,3.04129,
26104,3.17936,
26105,2.94922,
26106,3.22311,
26107,3.31215,
26108,3.2041,
26109,3.23515,
26110,3.47943,
26111,3.55541,
26112,3.13911,
26113,3.16502,
26114,3.20786,
26115,3.2952,
26116,3.47262,
26117,3.23721,
26118,3.12474,
26119,3.11656,
26120,3.02722,
26121,3.08842,
26122,3.08785,
26123,3.14718,
26124,3.038,
26125,2.94478,
26126,3.10331,
26127,3.56178,
26128,3.60334,
26129,3.48679,
26130,3.47558,
26131,3.46697,
26132,3.51682,
26133,3.45572,
26134,3.43522,
26135,3.4491,
26136,3.45252,
26137,3.44119,
26138,3.40772,
26139,3.41411,
26140,3.31461,
26141,3.40909,
26142,3.47752,
26143,3.41527,
26144,3.33538,
26145,3.26852,
26146,3.17017,
26147,3.39691,
26148,3.21749,
26149,3.19107,
26150,3.14407,
26151,3.16875,
26152,3.06416,
26153,3.23987,
26154,3.08937,
26155,3.11029,
26156,3.13635,
26157,2.96475,
26158,2.86494,
26159,3.14679,
26160,3.35447,
26161,3.22679,
26162,2.97094,
26163,3.13305,
26164,3.16637,
26165,3.04691,
26166,3.10197,
26167,3.15376,
26168,2.95722,
26169,3.09624,
26170,2.98856,
26171,2.95338,
26172,3.2457,
26173,3.10842,
26174,3.09184,
26175,3.18094,
26176,3.02181,
26177,2.93589,
26178,2.90216,
26179,2.93971,
26180,3.11951,
26181,3.02206,
26182,2.90544,
26183,3.13188,
26184,3.00945,
26185,2.95217,
26186,3.01206,
26187,2.87326,
26188,2.85569,
26189,3.10098,
26190,2.84171,
26191,2.8792,
26192,2.91911,
26193,2.97047,
26194,2.9055,
26195,2.8747,
26196,2.9692,
26197,2.8811,
26198,2.99198,
26199,3.01674,
26200,3.08151,
26201,3.03988,
26202,3.07794,
26203,2.96295,
26204,3.1314,
26205,2.87568,
26206,3.01883,
26207,3.02633,
26208,2.95824,
26209,3.22478,
26210,2.93986,
26211,2.90306,
26212,3.13243,
26213,2.95844,
26214,2.8052,
26215,2.91854,
26216,3.18541,
26217,2.6804,
26218,2.82545,
26219,3.07115,
26220,2.80552,
26221,2.99723,
26222,2.90476,
26223,2.82304,
26224,2.77493,
26225,3.20083,
26226,3.14276,
26227,3.14052,
26228,3.05513,
26229,3.23381,
26230,3.1052,
26231,3.21705,
26232,3.09169,
26233,3.03358,
26234,3.17957,
26235,3.08519,
26236,3.10052,
26237,3.06087,
26238,3.04944,
26239,3.11495,
26240,2.78411,
26241,2.9782,
26242,3.04391,
26243,3.08543,
26244,3.09585,
26245,2.73595,
26246,2.96266,
26247,3.02939,
26248,2.90542,
26249,2.64932,
26250,2.83786,
26251,2.89867,
26252,2.84879,
26253,2.90226,
26254,2.65912,
26255,2.72548,
26256,2.7299,
26257,2.89424,
26258,2.99308,
26259,3.54204,
26260,3.34655,
26261,3.19239,
26262,3.11263,
26263,3.28525,
26264,3.2865,
26265,3.01371,
26266,3.19115,
26267,3.06522,
26268,3.09245,
26269,2.99534,
26270,3.34631,
26271,3.15189,
26272,3.04408,
26273,3.21713,
26274,3.21103,
26275,3.10486,
26276,3.20053,
26277,3.03964,
26278,3.17926,
26279,3.16229,
26280,3.04201,
26281,2.98707,
26282,3.04118,
26283,3.07056,
26284,3.21058,
26285,3.15515,
26286,3.05157,
26287,3.21067,
26288,3.0501,
26289,3.09801,
26290,3.29821,
26291,3.16789,
26292,3.07778,
26293,3.1539,
26294,3.1537,
26295,2.96133,
26296,3.06291,
26297,3.07796,
26298,3.24022,
26299,2.97341,
26300,3.03348,
26301,2.95154,
26302,3.1408,
26303,3.17335,
26304,3.097,
26305,2.83656,
26306,3.07159,
26307,2.98071,
26308,2.91309,
26309,3.07807,
26310,3.15827,
26311,3.06031,
26312,2.96572,
26313,3.02991,
26314,3.0721,
26315,2.96398,
26316,2.98113,
26317,2.8902,
26318,2.94965,
26319,2.93287,
26320,3.09405,
26321,2.77596,
26322,2.80224,
26323,2.84716,
26324,2.91199,
26325,2.96017,
26326,2.88371,
26327,2.72044,
26328,2.90365,
26329,2.80412,
26330,2.97953,
26331,2.8203,
26332,2.90478,
26333,3.04584,
26334,3.00044,
26335,3.03642,
26336,2.75138,
26337,2.89605,
26338,2.82154,
26339,2.91867,
26340,3.07069,
26341,2.70749,
26342,2.82543,
26343,2.68029,
26344,2.71046,
26345,2.94346,
26346,2.90932,
26347,2.91875,
26348,2.82989,
26349,3.072,
26350,2.90456,
26351,3.04929,
26352,3.17179,
26353,3.18683,
26354,3.09447,
26355,3.12827,
26356,3.39009,
26357,3.08806,
26358,2.9713,
26359,3.19149,
26360,2.98769,
26361,3.15283,
26362,3.23039,
26363,3.11801,
26364,3.09524,
26365,3.11148,
26366,2.90325,
26367,3.12659,
26368,3.07161,
26369,2.92488,
26370,3.02253,
26371,3.01119,
26372,2.80702,
26373,3.01844,
26374,3.02659,
26375,2.87451,
26376,2.9683,
26377,3.06093,
26378,3.19819,
26379,2.99481,
26380,3.05515,
26381,2.96122,
26382,3.32107,
26383,3.33816,
26384,3.35969,
26385,3.32883,
26386,3.39484,
26387,3.29835,
26388,3.25405,
26389,3.37873,
26390,3.23765,
26391,3.29675,
26392,3.31329,
26393,3.31961,
26394,3.14997,
26395,3.31783,
26396,3.28007,
26397,3.29059,
26398,3.35769,
26399,3.21495,
26400,3.27448,
26401,3.23763,
26402,3.30827,
26403,3.2823,
26404,3.33948,
26405,2.83759,
26406,2.90171,
26407,2.79389,
26408,2.66891,
26409,2.75102,
26410,2.66915,
26411,2.95858,
26412,2.50825,
26413,2.77303,
26414,2.74139,
26415,2.84828,
26416,2.85324,
26417,2.62442,
26418,2.69903,
26419,2.87678,
26420,3.03442,
26421,3.01605,
26422,2.70999,
26423,2.69557,
26424,3.20354,
26425,3.30453,
26426,3.24112,
26427,3.27012,
26428,3.26532,
26429,3.27614,
26430,3.15557,
26431,2.95645,
26432,3.08482,
26433,3.19706,
26434,3.07409,
26435,3.136,
26436,3.25455,
26437,3.29836,
26438,3.15495,
26439,3.06355,
26440,2.88218,
26441,3.10332,
26442,3.03294,
26443,3.01656,
26444,2.81088,
26445,2.8318,
26446,2.77183,
26447,2.97132,
26448,3.00029,
26449,2.91159,
26450,3.11237,
26451,3.05368,
26452,3.13428,
26453,3.0606,
26454,3.21394,
26455,3.03692,
26456,3.00933,
26457,3.10346,
26458,2.83959,
26459,2.86576,
26460,2.83684,
26461,3.03851,
26462,3.20073,
26463,3.03568,
26464,2.84871,
26465,2.79561,
26466,2.70069,
26467,2.58194,
26468,2.69614,
26469,2.70929,
26470,2.97681,
26471,2.66565,
26472,2.69763,
26473,2.7539,
26474,2.99945,
26475,2.88582,
26476,3.10478,
26477,2.7736,
26478,3.27876,
26479,2.96743,
26480,3.26982,
26481,3.41184,
26482,3.16399,
26483,3.28578,
26484,3.21616,
26485,3.06538,
26486,3.171,
26487,3.14837,
26488,3.04142,
26489,2.90803,
26490,2.86083,
26491,3.02128,
26492,2.96462,
26493,3.02909,
26494,3.1095,
26495,2.89732,
26496,3.0571,
26497,2.84747,
26498,3.15744,
26499,3.09356,
26500,2.84405,
26501,2.79341,
26502,3.09652,
26503,2.78257,
26504,2.79925,
26505,2.8237,
26506,2.67533,
26507,2.68442,
26508,2.75607,
26509,3.3459,
26510,3.24908,
26511,3.39548,
26512,3.37656,
26513,3.38476,
26514,3.22511,
26515,3.0066,
26516,3.1035,
26517,3.05884,
26518,3.20818,
26519,3.44264,
26520,3.17379,
26521,3.19571,
26522,3.03533,
26523,3.01682,
26524,3.3327,
26525,3.28705,
26526,3.37072,
26527,3.13225,
26528,3.38409,
26529,3.05471,
26530,3.10231,
26531,3.04163,
26532,3.1507,
26533,2.97818,
26534,2.99379,
26535,2.96142,
26536,2.88409,
26537,3.14959,
26538,2.87695,
26539,2.89929,
26540,3.01614,
26541,3.08869,
26542,3.09308,
26543,2.95065,
26544,3.00336,
26545,2.89111,
26546,2.95014,
26547,2.83879,
26548,2.87878,
26549,3.00226,
26550,2.73122,
26551,2.80304,
26552,3.04223,
26553,2.94268,
26554,3.36126,
26555,3.37772,
26556,3.30526,
26557,3.42359,
26558,3.29975,
26559,3.2741,
26560,3.11041,
26561,3.20083,
26562,2.8982,
26563,3.01369,
26564,2.91975,
26565,2.99439,
26566,3.259,
26567,3.23816,
26568,3.11517,
26569,3.27831,
26570,3.23036,
26571,2.91479,
26572,2.9783,
26573,3.00721,
26574,2.89609,
26575,3.03352,
26576,3.18874,
26577,3.14488,
26578,3.22524,
26579,3.35502,
26580,3.33693,
26581,2.78947,
26582,2.97189,
26583,3.15848,
26584,3.16332,
26585,3.207,
26586,3.19026,
26587,3.30432,
26588,3.21083,
26589,3.30655,
26590,3.05177,
26591,3.06573,
26592,3.23723,
26593,2.91629,
26594,3.16652,
26595,3.16615,
26596,3.11519,
26597,3.07932,
26598,3.0797,
26599,3.34199,
26600,3.175,
26601,3.25139,
26602,3.1402,
26603,3.25294,
26604,3.20179,
26605,3.2121,
26606,3.02735,
26607,3.1226,
26608,3.07106,
26609,2.97895,
26610,3.00985,
26611,2.95456,
26612,3.04168,
26613,3.07103,
26614,3.1564,
26615,2.83796,
26616,3.03427,
26617,3.17535,
26618,3.08121,
26619,3.00494,
26620,2.97353,
26621,3.16886,
26622,2.92361,
26623,3.12738,
26624,2.36314,
26625,3.19936,
26626,3.17454,
26627,3.28974,
26628,3.3986,
26629,3.62653,
26630,3.23115,
26631,3.32839,
26632,3.15921,
26633,3.30162,
26634,3.2906,
26635,3.2473,
26636,3.22048,
26637,3.05134,
26638,3.10365,
26639,3.16339,
26640,3.2628,
26641,3.04703,
26642,3.25179,
26643,3.3042,
26644,3.16579,
26645,3.14796,
26646,3.10172,
26647,3.13872,
26648,3.22222,
26649,3.19685,
26650,3.17467,
26651,3.14533,
26652,3.02526,
26653,3.24413,
26654,3.27497,
26655,3.01351,
26656,3.15182,
26657,3.01176,
26658,2.90868,
26659,2.87872,
26660,2.75949,
26661,3.11068,
26662,3.09354,
26663,2.89198,
26664,3.00879,
26665,3.13083,
26666,2.94476,
26667,2.88687,
26668,2.95615,
26669,2.89734,
26670,3.05478,
26671,2.8803,
26672,3.00313,
26673,3.12779,
26674,2.95583,
26675,3.16648,
26676,3.12294,
26677,3.01565,
26678,3.01714,
26679,3.01946,
26680,3.23658,
26681,3.09976,
26682,3.04173,
26683,3.09052,
26684,3.1859,
26685,2.97223,
26686,2.81571,
26687,2.98669,
26688,2.91741,
26689,3.02787,
26690,3.02489,
26691,2.74691,
26692,3.08561,
26693,3.16276,
26694,3.10811,
26695,2.9912,
26696,2.93499,
26697,3.1829,
26698,2.97844,
26699,2.698,
26700,3.04588,
26701,3.05794,
26702,3.2415,
26703,2.9916,
26704,2.90106,
26705,3.03019,
26706,2.97268,
26707,2.95503,
26708,2.9699,
26709,2.98582,
26710,3.19746,
26711,3.15232,
26712,3.16028,
26713,2.97074,
26714,3.00927,
26715,2.9618,
26716,3.18273,
26717,3.18418,
26718,3.11413,
26719,3.08899,
26720,3.28846,
26721,3.01991,
26722,3.07178,
26723,3.07641,
26724,2.89984,
26725,3.1722,
26726,3.10675,
26727,3.24199,
26728,3.08708,
26729,2.79185,
26730,2.84809,
26731,3.04256,
26732,2.85501,
26733,2.95454,
26734,2.78683,
26735,2.95901,
26736,3.18006,
26737,3.21334,
26738,3.07628,
26739,3.21307,
26740,3.15779,
26741,3.16505,
26742,3.10968,
26743,3.19733,
26744,3.17422,
26745,3.2386,
26746,3.12263,
26747,3.15884,
26748,3.12819,
26749,3.01366,
26750,3.19647,
26751,2.78879,
26752,2.93861,
26753,3.13301,
26754,3.00857,
26755,3.11171,
26756,2.86711,
26757,2.97403,
26758,3.11867,
26759,2.86218,
26760,3.03196,
26761,2.89872,
26762,2.8303,
26763,3.01958,
26764,2.79637,
26765,2.87825,
26766,2.8883,
26767,2.97557,
26768,2.89187,
26769,3.05627,
26770,3.12395,
26771,3.05333,
26772,2.90489,
26773,2.95017,
26774,2.98171,
26775,3.02442,
26776,2.85033,
26777,3.23341,
26778,3.07728,
26779,3.10299,
26780,3.15892,
26781,3.08356,
26782,3.01828,
26783,3.09274,
26784,3.02992,
26785,3.09564,
26786,3.10493,
26787,3.20921,
26788,3.33558,
26789,3.18377,
26790,3.11229,
26791,3.0711,
26792,2.9613,
26793,3.00693,
26794,2.89307,
26795,2.98827,
26796,2.84896,
26797,3.03217,
26798,2.93244,
26799,3.14546,
26800,2.95873,
26801,3.08488,
26802,3.17631,
26803,3.25932,
26804,3.27218,
26805,3.01553,
26806,2.86624,
26807,3.11291,
26808,2.79465,
26809,3.08526,
26810,3.20285,
26811,3.25376,
26812,3.27508,
26813,3.29254,
26814,2.97265,
26815,3.27548,
26816,3.13423,
26817,3.11974,
26818,3.08059,
26819,3.27027,
26820,3.00354,
26821,3.20616,
26822,2.84696,
26823,3.22554,
26824,3.20767,
26825,3.35614,
26826,3.08091,
26827,3.14525,
26828,3.23231,
26829,2.98595,
26830,3.21292,
26831,2.86896,
26832,2.99463,
26833,3.01856,
26834,3.28466,
26835,3.23232,
26836,2.83457,
26837,3.10602,
26838,3.02208,
26839,3.12379,
26840,3.13102,
26841,3.33441,
26842,3.15278,
26843,3.01195,
26844,3.11513,
26845,3.19267,
26846,3.02399,
26847,2.92174,
26848,2.90776,
26849,3.26378,
26850,3.29784,
26851,3.3262,
26852,3.27701,
26853,3.16339,
26854,3.14564,
26855,2.95366,
26856,3.28171,
26857,3.12246,
26858,3.20836,
26859,3.15357,
26860,3.13105,
26861,3.1005,
26862,3.22864,
26863,3.14643,
26864,3.04485,
26865,3.17198,
26866,3.22677,
26867,2.99437,
26868,3.31928,
26869,3.15834,
26870,3.01845,
26871,2.93922,
26872,3.19939,
26873,3.15936,
26874,3.04127,
26875,3.02284,
26876,3.20219,
26877,2.97064,
26878,2.96629,
26879,3.0897,
26880,2.94522,
26881,3.06038,
26882,3.15513,
26883,3.16494,
26884,3.02307,
26885,2.98384,
26886,2.95604,
26887,3.17107,
26888,3.17793,
26889,2.78476,
26890,3.0168,
26891,3.02052,
26892,3.12028,
26893,3.15127,
26894,3.15942,
26895,2.91651,
26896,3.03556,
26897,3.09928,
26898,2.83918,
26899,2.90428,
26900,3.22248,
26901,3.03985,
26902,3.13194,
26903,2.91494,
26904,2.91643,
26905,3.11211,
26906,3.06834,
26907,2.92904,
26908,3.19628,
26909,3.12038,
26910,2.84994,
26911,2.97194,
26912,2.87824,
26913,3.04058,
26914,2.87164,
26915,2.9982,
26916,3.16942,
26917,3.06666,
26918,3.25646,
26919,3.25993,
26920,3.15748,
26921,3.22804,
26922,3.01547,
26923,3.07609,
26924,3.19713,
26925,3.15749,
26926,3.25972,
26927,3.33361,
26928,3.47188,
26929,4.29841,
26930,3.14045,
26931,3.12512,
26932,3.15292,
26933,3.15885,
26934,3.05803,
26935,3.13954,
26936,3.09036,
26937,3.12489,
26938,3.03291,
26939,3.61627,
26940,3.10648,
26941,3.1041,
26942,2.7339,
26943,2.93195,
26944,3.13253,
26945,3.13535,
26946,3.28081,
26947,3.33209,
26948,3.12457,
26949,3.17276,
26950,3.16531,
26951,3.09592,
26952,3.31696,
26953,3.09705,
26954,3.10115,
26955,3.26531,
26956,3.25385,
26957,3.13351,
26958,3.03387,
26959,3.03677,
26960,3.05788,
26961,3.06592,
26962,2.99093,
26963,2.80071,
26964,3.16182,
26965,3.02525,
26966,2.87558,
26967,2.93281,
26968,2.98046,
26969,3.109,
26970,3.06122,
26971,2.99185,
26972,3.10809,
26973,2.82158,
26974,3.00136,
26975,2.70846,
26976,3.10271,
26977,2.96036,
26978,2.99693,
26979,3.05524,
26980,3.01165,
26981,3.02762,
26982,2.98431,
26983,2.97421,
26984,2.83657,
26985,3.0623,
26986,3.02885,
26987,2.72917,
26988,2.8245,
26989,2.78049,
26990,3.01356,
26991,3.01045,
26992,2.96962,
26993,2.97709,
26994,3.01151,
26995,3.06037,
26996,2.79072,
26997,3.14377,
26998,2.98887,
26999,2.9872,
27000,2.97363,
27001,3.15286,
27002,3.30742,
27003,3.21902,
27004,2.99319,
27005,2.96044,
27006,3.32718,
27007,3.09953,
27008,3.1401,
27009,3.00659,
27010,2.92336,
27011,2.96664,
27012,3.14738,
27013,2.76146,
27014,2.75171,
27015,2.58632,
27016,2.8332,
27017,3.01019,
27018,3.09271,
27019,3.06259,
27020,3.08598,
27021,2.98933,
27022,2.83195,
27023,2.91982,
27024,3.02498,
27025,3.17574,
27026,2.98506,
27027,2.94902,
27028,2.58675,
27029,2.64831,
27030,3.1402,
27031,2.81504,
27032,2.9725,
27033,2.76787,
27034,2.90531,
27035,2.74899,
27036,2.81867,
27037,2.76583,
27038,2.8305,
27039,2.7995,
27040,2.74504,
27041,2.84962,
27042,3.06728,
27043,2.74259,
27044,2.99007,
27045,2.94855,
27046,3.32352,
27047,3.25607,
27048,3.2616,
27049,3.2553,
27050,3.28508,
27051,3.25415,
27052,3.03116,
27053,2.80224,
27054,3.10823,
27055,2.98608,
27056,2.94084,
27057,3.19314,
27058,3.0737,
27059,3.13552,
27060,3.04405,
27061,2.99586,
27062,2.9299,
27063,3.07689,
27064,3.16445,
27065,3.08004,
27066,3.05284,
27067,3.01263,
27068,2.85621,
27069,3.23134,
27070,2.94029,
27071,2.94216,
27072,3.05586,
27073,3.09595,
27074,2.93717,
27075,3.36805,
27076,3.1747,
27077,3.3015,
27078,3.1214,
27079,3.24619,
27080,3.17266,
27081,3.08863,
27082,3.12993,
27083,3.10217,
27084,3.08056,
27085,3.09195,
27086,3.10783,
27087,3.10366,
27088,2.90462,
27089,3.06554,
27090,2.97235,
27091,2.95708,
27092,2.70979,
27093,2.84911,
27094,2.72511,
27095,2.9553,
27096,2.96232,
27097,2.76115,
27098,2.87317,
27099,2.84271,
27100,3.05411,
27101,2.94041,
27102,2.95508,
27103,2.98314,
27104,3.08025,
27105,3.12347,
27106,3.11814,
27107,3.10832,
27108,3.19574,
27109,3.10552,
27110,3.22531,
27111,3.1494,
27112,3.14201,
27113,3.22458,
27114,3.08357,
27115,3.06909,
27116,2.83044,
27117,3.04724,
27118,3.03997,
27119,3.16635,
27120,3.07537,
27121,2.9104,
27122,2.99416,
27123,2.94321,
27124,2.9851,
27125,3.15532,
27126,3.21127,
27127,2.98994,
27128,2.91877,
27129,2.98852,
27130,3.1944,
27131,3.16328,
27132,3.19589,
27133,3.06206,
27134,3.25994,
27135,3.04924,
27136,3.19345,
27137,3.34716,
27138,3.09426,
27139,2.95204,
27140,2.9473,
27141,3.19839,
27142,3.20716,
27143,3.07523,
27144,3.14091,
27145,3.04739,
27146,3.27014,
27147,3.19022,
27148,3.34984,
27149,2.99224,
27150,3.05272,
27151,2.80378,
27152,3.00505,
27153,2.99474,
27154,2.98142,
27155,2.97107,
27156,3.17447,
27157,3.10437,
27158,3.01835,
27159,2.79705,
27160,2.91599,
27161,2.99877,
27162,3.00329,
27163,2.93404,
27164,3.30826,
27165,3.26311,
27166,3.24176,
27167,3.16844,
27168,3.03115,
27169,3.17934,
27170,2.93204,
27171,3.22236,
27172,3.29676,
27173,3.1988,
27174,3.22843,
27175,3.45473,
27176,3.55661,
27177,3.13247,
27178,3.15803,
27179,3.19686,
27180,3.28177,
27181,3.46882,
27182,3.22748,
27183,3.11218,
27184,3.10038,
27185,3.00775,
27186,3.08722,
27187,3.0894,
27188,3.12966,
27189,3.03287,
27190,2.95615,
27191,3.1031,
27192,3.56203,
27193,3.58789,
27194,3.47336,
27195,3.46835,
27196,3.45611,
27197,3.51898,
27198,3.45319,
27199,3.42819,
27200,3.45084,
27201,3.44496,
27202,3.43048,
27203,3.40742,
27204,3.40825,
27205,3.29862,
27206,3.40394,
27207,3.47309,
27208,3.40813,
27209,3.32171,
27210,3.24733,
27211,3.15534,
27212,3.38773,
27213,3.20296,
27214,3.16486,
27215,3.14379,
27216,3.15767,
27217,3.05072,
27218,3.22845,
27219,3.08107,
27220,3.10342,
27221,3.14115,
27222,2.96641,
27223,2.85237,
27224,3.13033,
27225,3.35292,
27226,3.21487,
27227,2.95705,
27228,3.13248,
27229,3.14978,
27230,3.02561,
27231,3.11767,
27232,3.15328,
27233,2.95484,
27234,3.07986,
27235,2.97934,
27236,2.93,
27237,3.22819,
27238,3.08908,
27239,3.09295,
27240,3.1769,
27241,3.01482,
27242,2.95038,
27243,2.87461,
27244,2.9362,
27245,3.12975,
27246,3.00913,
27247,2.90301,
27248,3.11638,
27249,3.00134,
27250,2.94603,
27251,3.00701,
27252,2.87246,
27253,2.85685,
27254,3.09811,
27255,2.82939,
27256,2.87769,
27257,2.91846,
27258,2.97173,
27259,2.90834,
27260,2.86356,
27261,2.95026,
27262,2.88888,
27263,2.99671,
27264,2.99897,
27265,3.08338,
27266,3.03434,
27267,3.07112,
27268,2.94008,
27269,3.1353,
27270,2.85029,
27271,3.00422,
27272,3.02507,
27273,2.96345,
27274,3.22442,
27275,2.94922,
27276,2.87923,
27277,3.1259,
27278,2.96457,
27279,2.7979,
27280,2.92281,
27281,3.17097,
27282,2.67717,
27283,2.81386,
27284,3.05409,
27285,2.81028,
27286,2.99078,
27287,2.89897,
27288,2.81948,
27289,2.7678,
27290,3.18651,
27291,3.13903,
27292,3.12172,
27293,3.04033,
27294,3.23373,
27295,3.10443,
27296,3.20977,
27297,3.07349,
27298,3.0417,
27299,3.17985,
27300,3.06446,
27301,3.08425,
27302,3.0469,
27303,3.05021,
27304,3.11556,
27305,2.77845,
27306,2.96251,
27307,3.03743,
27308,3.08786,
27309,3.08715,
27310,2.72312,
27311,2.96926,
27312,3.0427,
27313,2.90252,
27314,2.63244,
27315,2.83043,
27316,2.87808,
27317,2.84529,
27318,2.90149,
27319,2.6628,
27320,2.72279,
27321,2.72147,
27322,2.89778,
27323,3.00223,
27324,3.53498,
27325,3.337,
27326,3.17942,
27327,3.10259,
27328,3.26778,
27329,3.28615,
27330,3.00688,
27331,3.19254,
27332,3.0522,
27333,3.09628,
27334,2.98952,
27335,3.34251,
27336,3.13713,
27337,3.04039,
27338,3.19378,
27339,3.20141,
27340,3.1072,
27341,3.19621,
27342,3.03853,
27343,3.17143,
27344,3.15418,
27345,3.02822,
27346,2.97386,
27347,3.0424,
27348,3.05464,
27349,3.19568,
27350,3.14558,
27351,3.0401,
27352,3.20186,
27353,3.03622,
27354,3.10969,
27355,3.29373,
27356,3.1567,
27357,3.04869,
27358,3.13736,
27359,3.14069,
27360,2.95089,
27361,3.0609,
27362,3.07138,
27363,3.22424,
27364,2.95563,
27365,3.02083,
27366,2.94475,
27367,3.13165,
27368,3.15218,
27369,3.07912,
27370,2.84311,
27371,3.06023,
27372,2.97583,
27373,2.91513,
27374,3.06271,
27375,3.15489,
27376,3.0492,
27377,2.94675,
27378,3.02525,
27379,3.06278,
27380,2.96586,
27381,2.9713,
27382,2.87824,
27383,2.93072,
27384,2.91118,
27385,3.08189,
27386,2.76115,
27387,2.79153,
27388,2.85816,
27389,2.91546,
27390,2.95406,
27391,2.88315,
27392,2.71115,
27393,2.8986,
27394,2.79512,
27395,2.96828,
27396,2.8263,
27397,2.89734,
27398,3.04819,
27399,2.98951,
27400,3.02835,
27401,2.73454,
27402,2.89063,
27403,2.82335,
27404,2.91873,
27405,3.05878,
27406,2.69048,
27407,2.8153,
27408,2.68909,
27409,2.71557,
27410,2.95717,
27411,2.9043,
27412,2.91251,
27413,2.82221,
27414,3.07029,
27415,2.89791,
27416,3.03674,
27417,3.1699,
27418,3.17539,
27419,3.08351,
27420,3.1108,
27421,3.37677,
27422,3.07893,
27423,2.97511,
27424,3.18296,
27425,2.98033,
27426,3.14885,
27427,3.22512,
27428,3.0976,
27429,3.08318,
27430,3.10854,
27431,2.90983,
27432,3.1134,
27433,3.06425,
27434,2.92392,
27435,3.0187,
27436,3.00081,
27437,2.80009,
27438,3.01808,
27439,3.02043,
27440,2.87061,
27441,2.95917,
27442,3.06599,
27443,3.19822,
27444,2.99384,
27445,3.03536,
27446,2.95154,
27447,3.30905,
27448,3.36102,
27449,3.34629,
27450,3.33043,
27451,3.37912,
27452,3.29677,
27453,3.24238,
27454,3.3723,
27455,3.25029,
27456,3.28893,
27457,3.30328,
27458,3.32854,
27459,3.14523,
27460,3.31354,
27461,3.25987,
27462,3.28403,
27463,3.36394,
27464,3.21923,
27465,3.27272,
27466,3.22376,
27467,3.29583,
27468,3.26038,
27469,3.32368,
27470,2.82934,
27471,2.90886,
27472,2.79757,
27473,2.6473,
27474,2.73976,
27475,2.65725,
27476,2.9439,
27477,2.50372,
27478,2.77312,
27479,2.73878,
27480,2.82076,
27481,2.83049,
27482,2.60899,
27483,2.6939,
27484,2.86773,
27485,3.03299,
27486,3.01729,
27487,2.69748,
27488,2.69899,
27489,3.19686,
27490,3.29866,
27491,3.22844,
27492,3.2586,
27493,3.25897,
27494,3.26922,
27495,3.13981,
27496,2.94374,
27497,3.07813,
27498,3.19599,
27499,3.0643,
27500,3.1364,
27501,3.24976,
27502,3.29647,
27503,3.13617,
27504,3.07516,
27505,2.89101,
27506,3.08758,
27507,3.02577,
27508,3.02416,
27509,2.79543,
27510,2.81511,
27511,2.75426,
27512,2.9624,
27513,2.99874,
27514,2.90454,
27515,3.10663,
27516,3.03506,
27517,3.11349,
27518,3.05768,
27519,3.20427,
27520,3.01824,
27521,3.00305,
27522,3.0931,
27523,2.83787,
27524,2.86418,
27525,2.82848,
27526,3.0294,
27527,3.20042,
27528,3.02067,
27529,2.83948,
27530,2.794,
27531,2.69817,
27532,2.56602,
27533,2.69194,
27534,2.71881,
27535,2.97332,
27536,2.66788,
27537,2.6815,
27538,2.75175,
27539,2.99269,
27540,2.88756,
27541,3.09751,
27542,2.77726,
27543,3.26477,
27544,2.96243,
27545,3.27116,
27546,3.40804,
27547,3.15381,
27548,3.2666,
27549,3.1917,
27550,3.07019,
27551,3.16424,
27552,3.15728,
27553,3.03229,
27554,2.88947,
27555,2.86059,
27556,2.99988,
27557,2.95478,
27558,3.02406,
27559,3.09976,
27560,2.88454,
27561,3.045,
27562,2.83841,
27563,3.14655,
27564,3.0871,
27565,2.8219,
27566,2.77926,
27567,3.07041,
27568,2.77729,
27569,2.79338,
27570,2.79782,
27571,2.66045,
27572,2.67405,
27573,2.76265,
27574,3.32456,
27575,3.2285,
27576,3.3789,
27577,3.36444,
27578,3.37861,
27579,3.21144,
27580,2.99266,
27581,3.10142,
27582,3.05,
27583,3.20343,
27584,3.43795,
27585,3.16307,
27586,3.17458,
27587,3.02185,
27588,3.01356,
27589,3.33352,
27590,3.26134,
27591,3.35583,
27592,3.12795,
27593,3.38114,
27594,3.05356,
27595,3.10453,
27596,3.03326,
27597,3.14195,
27598,2.9664,
27599,2.9971,
27600,2.96044,
27601,2.88617,
27602,3.13498,
27603,2.86409,
27604,2.89063,
27605,3.0152,
27606,3.07609,
27607,3.07522,
27608,2.9496,
27609,3.00787,
27610,2.87428,
27611,2.92807,
27612,2.82986,
27613,2.87497,
27614,3.00257,
27615,2.72952,
27616,2.79608,
27617,3.03952,
27618,2.93566,
27619,3.34793,
27620,3.37044,
27621,3.30034,
27622,3.41021,
27623,3.30188,
27624,3.27803,
27625,3.09271,
27626,3.16903,
27627,2.88213,
27628,3.00164,
27629,2.90965,
27630,2.9662,
27631,3.24553,
27632,3.24255,
27633,3.10014,
27634,3.26683,
27635,3.21742,
27636,2.90875,
27637,2.96276,
27638,3.00493,
27639,2.90137,
27640,3.01605,
27641,3.19352,
27642,3.14057,
27643,3.22334,
27644,3.35326,
27645,3.3284,
27646,2.77582,
27647,2.96104,
27648,3.16154,
27649,3.14939,
27650,3.17711,
27651,3.19203,
27652,3.28762,
27653,3.19655,
27654,3.29802,
27655,3.05148,
27656,3.05719,
27657,3.2307,
27658,2.8871,
27659,3.15925,
27660,3.16217,
27661,3.11482,
27662,3.07792,
27663,3.08311,
27664,3.33917,
27665,3.17483,
27666,3.23789,
27667,3.13296,
27668,3.24446,
27669,3.18292,
27670,3.20248,
27671,3.00357,
27672,3.11658,
27673,3.06941,
27674,2.96957,
27675,3.02465,
27676,2.93376,
27677,3.03907,
27678,3.0451,
27679,3.12968,
27680,2.83888,
27681,3.02013,
27682,3.16704,
27683,3.07466,
27684,2.98199,
27685,2.95525,
27686,3.15714,
27687,2.91221,
27688,3.1164,
27689,2.34373,
27690,3.1911,
27691,3.16542,
27692,3.27476,
27693,3.37201,
27694,3.63952,
27695,3.22839,
27696,3.33745,
27697,3.15051,
27698,3.30018,
27699,3.28565,
27700,3.24101,
27701,3.21223,
27702,3.04446,
27703,3.11204,
27704,3.16423,
27705,3.26109,
27706,3.0441,
27707,3.22421,
27708,3.29215,
27709,3.15731,
27710,3.14493,
27711,3.09671,
27712,3.11838,
27713,3.19682,
27714,3.18993,
27715,3.16342,
27716,3.14786,
27717,3.01044,
27718,3.23389,
27719,3.27088,
27720,3.00021,
27721,3.14482,
27722,2.98604,
27723,2.91194,
27724,2.88037,
27725,2.74823,
27726,3.10735,
27727,3.08796,
27728,2.88452,
27729,3.00562,
27730,3.12867,
27731,2.94581,
27732,2.88956,
27733,2.95485,
27734,2.89717,
27735,3.04964,
27736,2.88864,
27737,2.99945,
27738,3.12428,
27739,2.9422,
27740,3.16105,
27741,3.11558,
27742,2.99414,
27743,2.99983,
27744,3.0252,
27745,3.23388,
27746,3.08234,
27747,3.03024,
27748,3.07696,
27749,3.1558,
27750,2.9705,
27751,2.79584,
27752,2.9805,
27753,2.90289,
27754,3.01138,
27755,3.02498,
27756,2.74721,
27757,3.06788,
27758,3.15674,
27759,3.1049,
27760,2.99477,
27761,2.92641,
27762,3.20062,
27763,2.9777,
27764,2.68599,
27765,3.03619,
27766,3.04343,
27767,3.2265,
27768,2.98858,
27769,2.8986,
27770,3.03835,
27771,2.96401,
27772,2.94385,
27773,2.95631,
27774,2.97883,
27775,3.18463,
27776,3.14996,
27777,3.14557,
27778,2.96107,
27779,2.98966,
27780,2.94844,
27781,3.17234,
27782,3.18329,
27783,3.11069,
27784,3.07159,
27785,3.27844,
27786,3.00246,
27787,3.06037,
27788,3.06115,
27789,2.89971,
27790,3.1694,
27791,3.10901,
27792,3.23457,
27793,3.07421,
27794,2.77138,
27795,2.8369,
27796,3.0317,
27797,2.85391,
27798,2.95471,
27799,2.7935,
27800,2.95197,
27801,3.18287,
27802,3.20941,
27803,3.05185,
27804,3.19746,
27805,3.15037,
27806,3.16267,
27807,3.11355,
27808,3.18064,
27809,3.16999,
27810,3.23019,
27811,3.10325,
27812,3.14482,
27813,3.11995,
27814,3.00691,
27815,3.18489,
27816,2.78006,
27817,2.94479,
27818,3.12732,
27819,3.00515,
27820,3.10464,
27821,2.86963,
27822,2.96403,
27823,3.10358,
27824,2.85859,
27825,3.01502,
27826,2.89191,
27827,2.8122,
27828,3.00737,
27829,2.78246,
27830,2.87425,
27831,2.89219,
27832,2.98654,
27833,2.88672,
27834,3.05074,
27835,3.11914,
27836,3.05285,
27837,2.90845,
27838,2.9485,
27839,2.96597,
27840,3.00752,
27841,2.83403,
27842,3.22553,
27843,3.06839,
27844,3.09164,
27845,3.1654,
27846,3.08725,
27847,3.02034,
27848,3.08707,
27849,3.0254,
27850,3.08585,
27851,3.10845,
27852,3.19607,
27853,3.31013,
27854,3.16743,
27855,3.11129,
27856,3.06771,
27857,2.95409,
27858,3.00572,
27859,2.89587,
27860,2.98423,
27861,2.83634,
27862,3.02785,
27863,2.92807,
27864,3.13378,
27865,2.96406,
27866,3.08672,
27867,3.16525,
27868,3.23655,
27869,3.27253,
27870,3.01513,
27871,2.86001,
27872,3.10412,
27873,2.80606,
27874,3.08965,
27875,3.18689,
27876,3.25877,
27877,3.27079,
27878,3.27437,
27879,2.97535,
27880,3.27047,
27881,3.13071,
27882,3.11071,
27883,3.08012,
27884,3.25143,
27885,2.99255,
27886,3.19161,
27887,2.84526,
27888,3.21813,
27889,3.20896,
27890,3.34886,
27891,3.06876,
27892,3.15333,
27893,3.2354,
27894,2.98553,
27895,3.1856,
27896,2.86651,
27897,2.99796,
27898,3.00243,
27899,3.28586,
27900,3.21785,
27901,2.84748,
27902,3.1043,
27903,3.00966,
27904,3.12045,
27905,3.12023,
27906,3.35017,
27907,3.14209,
27908,3.0176,
27909,3.10156,
27910,3.18114,
27911,3.01186,
27912,2.91755,
27913,2.90119,
27914,3.2447,
27915,3.29291,
27916,3.3092,
27917,3.25606,
27918,3.15072,
27919,3.11518,
27920,2.94447,
27921,3.26793,
27922,3.12411,
27923,3.19417,
27924,3.14293,
27925,3.11289,
27926,3.09188,
27927,3.21802,
27928,3.13294,
27929,3.04001,
27930,3.15205,
27931,3.2147,
27932,2.99151,
27933,3.32404,
27934,3.14195,
27935,3.02111,
27936,2.93435,
27937,3.19406,
27938,3.15911,
27939,3.02972,
27940,3.01792,
27941,3.20693,
27942,2.9561,
27943,2.95942,
27944,3.08486,
27945,2.93177,
27946,3.04672,
27947,3.14662,
27948,3.1551,
27949,3.02158,
27950,2.97771,
27951,2.94755,
27952,3.14898,
27953,3.17982,
27954,2.77202,
27955,3.01452,
27956,3.01586,
27957,3.10731,
27958,3.14006,
27959,3.14315,
27960,2.90978,
27961,3.0321,
27962,3.09642,
27963,2.81305,
27964,2.9167,
27965,3.21746,
27966,3.0392,
27967,3.12225,
27968,2.89894,
27969,2.9067,
27970,3.12225,
27971,3.05099,
27972,2.93264,
27973,3.20612,
27974,3.12669,
27975,2.83727,
27976,2.96128,
27977,2.8747,
27978,3.02775,
27979,2.87496,
27980,2.98222,
27981,3.16527,
27982,3.05261,
27983,3.24288,
27984,3.23192,
27985,3.1672,
27986,3.21532,
27987,3.0161,
27988,3.05937,
27989,3.19003,
27990,3.14395,
27991,3.24889,
27992,3.33125,
27993,3.46347,
27994,4.31125,
27995,3.14285,
27996,3.11681,
27997,3.14694,
27998,3.14338,
27999,3.04809,
28000,3.14534,
28001,3.07724,
28002,3.1208,
28003,3.02222,
28004,3.61497,
28005,3.11415,
28006,3.10157,
28007,2.72446,
28008,2.91705,
28009,3.15153,
28010,3.14965,
28011,3.26813,
28012,3.32429,
28013,3.11665,
28014,3.15163,
28015,3.14703,
28016,3.10008,
28017,3.30712,
28018,3.08605,
28019,3.09843,
28020,3.25117,
28021,3.24663,
28022,3.12564,
28023,3.04767,
28024,3.02822,
28025,3.05211,
28026,3.05235,
28027,2.98254,
28028,2.78698,
28029,3.15408,
28030,3.03386,
28031,2.88269,
28032,2.92441,
28033,2.98083,
28034,3.09884,
28035,3.04796,
28036,2.97603,
28037,3.10378,
28038,2.80987,
28039,3.00105,
28040,2.7005,
28041,3.09643,
28042,2.95271,
28043,2.99676,
28044,3.0399,
28045,3.009,
28046,2.99631,
28047,2.9834,
28048,2.97327,
28049,2.82016,
28050,3.0536,
28051,3.02286,
28052,2.71497,
28053,2.8231,
28054,2.77572,
28055,3.00453,
28056,2.97918,
28057,2.96838,
28058,2.96963,
28059,3.00985,
28060,3.07007,
28061,2.79345,
28062,3.1443,
28063,2.99338,
28064,2.98032,
28065,2.95617,
28066,3.1452,
28067,3.29222,
28068,3.22949,
28069,2.99109,
28070,2.95682,
28071,3.31906,
28072,3.09882,
28073,3.13529,
28074,2.99251,
28075,2.92284,
28076,2.94767,
28077,3.14008,
28078,2.7369,
28079,2.74355,
28080,2.57609,
28081,2.83694,
28082,3.00879,
28083,3.09868,
28084,3.07134,
28085,3.08458,
28086,2.96385,
28087,2.82922,
28088,2.89534,
28089,3.03083,
28090,3.1911,
28091,2.97209,
28092,2.93712,
28093,2.58043,
28094,2.64885,
28095,3.1281,
28096,2.8146,
28097,2.96983,
28098,2.76663,
28099,2.89187,
28100,2.75993,
28101,2.80981,
28102,2.77327,
28103,2.82242,
28104,2.78662,
28105,2.72531,
28106,2.83379,
28107,3.0735,
28108,2.73519,
28109,2.97905,
28110,2.94828,
28111,3.32278,
28112,3.25799,
28113,3.25933,
28114,3.24408,
28115,3.26554,
28116,3.25234,
28117,3.0094,
28118,2.78793,
28119,3.09876,
28120,2.95859,
28121,2.93551,
28122,3.17981,
28123,3.06935,
28124,3.13734,
28125,3.04329,
28126,2.9919,
28127,2.9287,
28128,3.06998,
28129,3.15428,
28130,3.06189,
28131,3.04592,
28132,3.00426,
28133,2.86181,
28134,3.22392,
28135,2.93218,
28136,2.94493,
28137,3.05108,
28138,3.08384,
28139,2.92388,
28140,3.35751,
28141,3.17522,
28142,3.29702,
28143,3.11177,
28144,3.23633,
28145,3.16059,
28146,3.08702,
28147,3.11201,
28148,3.08825,
28149,3.08734,
28150,3.08117,
28151,3.09633,
28152,3.09589,
28153,2.89232,
28154,3.05546,
28155,2.97551,
28156,2.94895,
28157,2.70083,
28158,2.84299,
28159,2.71278,
28160,2.94773,
28161,2.95877,
28162,2.75572,
28163,2.86056,
28164,2.84173,
28165,3.04679,
28166,2.93769,
28167,2.95127,
28168,2.96189,
28169,3.07148,
28170,3.11189,
28171,3.11547,
28172,3.10519,
28173,3.16412,
28174,3.09002,
28175,3.21736,
28176,3.14068,
28177,3.12762,
28178,3.21039,
28179,3.07083,
28180,3.06067,
28181,2.82848,
28182,3.03453,
28183,3.03039,
28184,3.15818,
28185,3.06043,
28186,2.90935,
28187,2.98594,
28188,2.92906,
28189,2.98685,
28190,3.13152,
28191,3.1986,
28192,2.97306,
28193,2.91471,
28194,2.98874,
28195,3.17627,
28196,3.15146,
28197,3.18652,
28198,3.05347,
28199,3.24827,
28200,3.04239,
28201,3.17304,
28202,3.33137,
28203,3.06738,
28204,2.93798,
28205,2.9412,
28206,3.18405,
28207,3.20272,
28208,3.06239,
28209,3.14044,
28210,3.0379,
28211,3.26893,
28212,3.18864,
28213,3.34789,
28214,2.98644,
28215,3.03293,
28216,2.81993,
28217,2.98826,
28218,2.98622,
28219,2.98191,
28220,2.96026,
28221,3.18003,
28222,3.09185,
28223,3.01043,
28224,2.78626,
28225,2.90349,
28226,3.00027,
28227,2.995,
28228,2.92274,
28229,3.29455,
28230,3.25564,
28231,3.23792,
28232,3.15429,
28233,3.02054,
28234,3.16622,
28235,2.93427,
28236,3.21268,
28237,3.28776,
28238,3.18502,
28239,3.20996,
28240,3.44672,
28241,3.54307,
28242,3.13728,
28243,3.15765,
28244,3.19051,
28245,3.27126,
28246,3.46002,
28247,3.22192,
28248,3.09901,
28249,3.09283,
28250,2.99546,
28251,3.08092,
28252,3.08436,
28253,3.12617,
28254,3.01848,
28255,2.93874,
28256,3.09573,
28257,3.54789,
28258,3.57798,
28259,3.46505,
28260,3.46514,
28261,3.45309,
28262,3.50435,
28263,3.44631,
28264,3.41367,
28265,3.44219,
28266,3.43871,
28267,3.42626,
28268,3.39378,
28269,3.40927,
28270,3.30945,
28271,3.38791,
28272,3.46327,
28273,3.40296,
28274,3.31444,
28275,3.25779,
28276,3.14617,
28277,3.3709,
28278,3.1943,
28279,3.15829,
28280,3.1259,
28281,3.15458,
28282,3.05023,
28283,3.22036,
28284,3.07726,
28285,3.08859,
28286,3.12507,
28287,2.95922,
28288,2.84461,
28289,3.12534,
28290,3.33783,
28291,3.20591,
28292,2.94555,
28293,3.12331,
28294,3.14655,
28295,3.02541,
28296,3.09107,
28297,3.14621,
28298,2.93376,
28299,3.07388,
28300,2.97525,
28301,2.91294,
28302,3.2164,
28303,3.08079,
28304,3.07422,
28305,3.16832,
28306,2.99515,
28307,2.93503,
28308,2.87277,
28309,2.92335,
28310,3.10876,
28311,3.00815,
28312,2.89778,
28313,3.12167,
28314,3.001,
28315,2.9567,
28316,3.00099,
28317,2.85512,
28318,2.85493,
28319,3.09632,
28320,2.83094,
28321,2.86644,
28322,2.89533,
28323,2.96713,
28324,2.90435,
28325,2.86058,
28326,2.96273,
28327,2.87193,
28328,2.98592,
28329,2.99087,
28330,3.06764,
28331,3.02425,
28332,3.05835,
28333,2.92701,
28334,3.11333,
28335,2.85356,
28336,2.99937,
28337,3.00961,
28338,2.95602,
28339,3.21412,
28340,2.93553,
28341,2.89361,
28342,3.1175,
28343,2.94861,
28344,2.78152,
28345,2.90752,
28346,3.16044,
28347,2.68002,
28348,2.81263,
28349,3.05151,
28350,2.78438,
28351,2.98258,
28352,2.89411,
28353,2.80855,
28354,2.76113,
28355,3.18113,
28356,3.11696,
28357,3.11154,
28358,3.02899,
28359,3.22871,
28360,3.09278,
28361,3.19907,
28362,3.06453,
28363,3.01206,
28364,3.15642,
28365,3.05786,
28366,3.08812,
28367,3.03431,
28368,3.03979,
28369,3.10286,
28370,2.76772,
28371,2.94986,
28372,3.03032,
28373,3.07523,
28374,3.08099,
28375,2.72603,
28376,2.98104,
28377,3.0345,
28378,2.90119,
28379,2.62859,
28380,2.82434,
28381,2.86776,
28382,2.84727,
28383,2.90603,
28384,2.6533,
28385,2.71805,
28386,2.71418,
28387,2.89263,
28388,2.99197,
28389,3.51213,
28390,3.33502,
28391,3.18586,
28392,3.09835,
28393,3.25412,
28394,3.26342,
28395,2.99518,
28396,3.18694,
28397,3.04194,
28398,3.08209,
28399,2.97348,
28400,3.32551,
28401,3.13621,
28402,3.02574,
28403,3.183,
28404,3.17142,
28405,3.07618,
28406,3.19325,
28407,3.02268,
28408,3.1665,
28409,3.1377,
28410,3.02095,
28411,2.97218,
28412,3.02691,
28413,3.0304,
28414,3.18121,
28415,3.14152,
28416,3.03051,
28417,3.19196,
28418,3.033,
28419,3.10451,
28420,3.28201,
28421,3.14743,
28422,3.03834,
28423,3.12322,
28424,3.12161,
28425,2.94064,
28426,3.05307,
28427,3.06315,
28428,3.21988,
28429,2.95436,
28430,3.01698,
28431,2.94878,
28432,3.13976,
28433,3.15119,
28434,3.07562,
28435,2.83671,
28436,3.05318,
28437,2.98299,
28438,2.92824,
28439,3.07066,
28440,3.14611,
28441,3.03658,
28442,2.93919,
28443,3.00975,
28444,3.04765,
28445,2.96389,
28446,2.96728,
28447,2.8659,
28448,2.92665,
28449,2.90692,
28450,3.0633,
28451,2.75191,
28452,2.789,
28453,2.85026,
28454,2.89488,
28455,2.9537,
28456,2.87945,
28457,2.71009,
28458,2.8909,
28459,2.7821,
28460,2.95656,
28461,2.80766,
28462,2.8753,
28463,3.04075,
28464,2.99494,
28465,3.01319,
28466,2.73422,
28467,2.89682,
28468,2.81023,
28469,2.90698,
28470,3.06411,
28471,2.69709,
28472,2.80753,
28473,2.67094,
28474,2.7043,
28475,2.93389,
28476,2.87813,
28477,2.92677,
28478,2.81423,
28479,3.07288,
28480,2.88316,
28481,3.03733,
28482,3.15307,
28483,3.1518,
28484,3.06493,
28485,3.11507,
28486,3.3664,
28487,3.07277,
28488,2.97323,
28489,3.16319,
28490,2.98282,
28491,3.14648,
28492,3.23587,
28493,3.09354,
28494,3.07865,
28495,3.10089,
28496,2.90029,
28497,3.10427,
28498,3.06339,
28499,2.92749,
28500,3.01938,
28501,3.00284,
28502,2.79358,
28503,2.99891,
28504,3.02016,
28505,2.85026,
28506,2.95364,
28507,3.05491,
28508,3.18791,
28509,2.97916,
28510,3.03822,
28511,2.93854,
28512,3.29772,
28513,3.33633,
28514,3.3362,
28515,3.3095,
28516,3.37189,
28517,3.29153,
28518,3.25978,
28519,3.38359,
28520,3.23091,
28521,3.28661,
28522,3.30259,
28523,3.31673,
28524,3.14652,
28525,3.31499,
28526,3.2612,
28527,3.27954,
28528,3.35269,
28529,3.21095,
28530,3.26595,
28531,3.2368,
28532,3.30148,
28533,3.25652,
28534,3.31477,
28535,2.80927,
28536,2.88047,
28537,2.78061,
28538,2.63279,
28539,2.73442,
28540,2.63763,
28541,2.946,
28542,2.51093,
28543,2.76252,
28544,2.74255,
28545,2.82622,
28546,2.82409,
28547,2.60426,
28548,2.66671,
28549,2.85678,
28550,3.01759,
28551,2.99837,
28552,2.69745,
28553,2.67089,
28554,3.1893,
28555,3.28195,
28556,3.2101,
28557,3.26953,
28558,3.24198,
28559,3.26053,
28560,3.12653,
28561,2.93747,
28562,3.05854,
28563,3.17844,
28564,3.04428,
28565,3.12486,
28566,3.23676,
28567,3.29086,
28568,3.13186,
28569,3.06271,
28570,2.86882,
28571,3.08525,
28572,3.01637,
28573,2.99704,
28574,2.7939,
28575,2.81843,
28576,2.76491,
28577,2.96325,
28578,2.9869,
28579,2.89639,
28580,3.09868,
28581,3.03354,
28582,3.10838,
28583,3.03259,
28584,3.18336,
28585,2.99937,
28586,2.98628,
28587,3.0981,
28588,2.81929,
28589,2.85094,
28590,2.83273,
28591,3.02958,
28592,3.18175,
28593,3.01199,
28594,2.82719,
28595,2.77024,
28596,2.69175,
28597,2.56981,
28598,2.69191,
28599,2.71159,
28600,2.97447,
28601,2.66703,
28602,2.68343,
28603,2.74712,
28604,2.98969,
28605,2.87468,
28606,3.09279,
28607,2.77065,
28608,3.25441,
28609,2.95937,
28610,3.26135,
28611,3.40163,
28612,3.13552,
28613,3.2597,
28614,3.17957,
28615,3.06902,
28616,3.16125,
28617,3.1438,
28618,3.0147,
28619,2.8896,
28620,2.86188,
28621,3.00054,
28622,2.96303,
28623,3.00821,
28624,3.09335,
28625,2.88061,
28626,3.03534,
28627,2.84663,
28628,3.12486,
28629,3.09824,
28630,2.82541,
28631,2.77514,
28632,3.07165,
28633,2.75931,
28634,2.79018,
28635,2.79333,
28636,2.65104,
28637,2.6697,
28638,2.75605,
28639,3.31151,
28640,3.21164,
28641,3.37272,
28642,3.35913,
28643,3.36357,
28644,3.18457,
28645,2.98252,
28646,3.08385,
28647,3.03768,
28648,3.19927,
28649,3.41338,
28650,3.15485,
28651,3.17998,
28652,3.02077,
28653,2.9992,
28654,3.3251,
28655,3.25056,
28656,3.34648,
28657,3.12179,
28658,3.36347,
28659,3.04764,
28660,3.09327,
28661,3.02986,
28662,3.13343,
28663,2.94848,
28664,2.98404,
28665,2.94593,
28666,2.8729,
28667,3.11606,
28668,2.8545,
28669,2.87512,
28670,3.01,
28671,3.08427,
28672,3.05578,
28673,2.93374,
28674,2.99127,
28675,2.8762,
28676,2.93074,
28677,2.82543,
28678,2.85843,
28679,3.0014,
28680,2.71819,
28681,2.78438,
28682,3.03108,
28683,2.92043,
28684,3.35039,
28685,3.37026,
28686,3.29023,
28687,3.40708,
28688,3.28318,
28689,3.25782,
28690,3.0859,
28691,3.17523,
28692,2.88556,
28693,2.99365,
28694,2.90632,
28695,2.96169,
28696,3.23397,
28697,3.22515,
28698,3.08592,
28699,3.26266,
28700,3.23114,
28701,2.90606,
28702,2.96987,
28703,2.9843,
28704,2.88807,
28705,3.02356,
28706,3.19169,
28707,3.12196,
28708,3.22437,
28709,3.34534,
28710,3.32602,
28711,2.76891,
28712,2.95347,
28713,3.16194,
28714,3.13287,
28715,3.16771,
28716,3.17577,
28717,3.28905,
28718,3.19788,
28719,3.28417,
28720,3.0321,
28721,3.05938,
28722,3.23963,
28723,2.8903,
28724,3.15185,
28725,3.15498,
28726,3.09932,
28727,3.07137,
28728,3.07915,
28729,3.32736,
28730,3.15583,
28731,3.24363,
28732,3.12041,
28733,3.23269,
28734,3.18428,
28735,3.19447,
28736,3.00954,
28737,3.10971,
28738,3.06434,
28739,2.95575,
28740,3.01422,
28741,2.93814,
28742,3.03697,
28743,3.05286,
28744,3.1412,
28745,2.83061,
28746,3.02798,
28747,3.15843,
28748,3.0654,
28749,2.9817,
28750,2.94847,
28751,3.14869,
28752,2.9155,
28753,3.10094,
28754,2.32545,
28755,3.17617,
28756,3.15893,
28757,3.27437,
28758,3.35701,
28759,3.60671,
28760,3.2219,
28761,3.31232,
28762,3.15217,
28763,3.29257,
28764,3.28326,
28765,3.2261,
28766,3.22131,
28767,3.03929,
28768,3.0976,
28769,3.15549,
28770,3.26257,
28771,3.03415,
28772,3.21476,
28773,3.28596,
28774,3.15659,
28775,3.15424,
28776,3.083,
28777,3.11276,
28778,3.18695,
28779,3.17039,
28780,3.15064,
28781,3.14339,
28782,3.00931,
28783,3.23489,
28784,3.25889,
28785,2.99757,
28786,3.14988,
28787,2.99467,
28788,2.89744,
28789,2.86596,
28790,2.74406,
28791,3.11397,
28792,3.07847,
28793,2.8765,
28794,3.00554,
28795,3.11515,
28796,2.95747,
28797,2.87794,
28798,2.94177,
28799,2.89515,
28800,3.04775,
28801,2.87588,
28802,3.00077,
28803,3.11321,
28804,2.95038,
28805,3.16048,
28806,3.1099,
28807,2.98309,
28808,2.99821,
28809,3.0083,
28810,3.22591,
28811,3.08002,
28812,3.0241,
28813,3.05742,
28814,3.15717,
28815,2.95868,
28816,2.79941,
28817,2.96359,
28818,2.89164,
28819,3.00796,
28820,3.00858,
28821,2.73475,
28822,3.08109,
28823,3.14552,
28824,3.09383,
28825,2.98527,
28826,2.93104,
28827,3.18851,
28828,2.95933,
28829,2.68413,
28830,3.03142,
28831,3.04019,
28832,3.22178,
28833,2.98396,
28834,2.88844,
28835,3.03239,
28836,2.95818,
28837,2.94647,
28838,2.96438,
28839,2.9792,
28840,3.16762,
28841,3.13782,
28842,3.12731,
28843,2.95009,
28844,2.98794,
28845,2.94246,
28846,3.15681,
28847,3.15418,
28848,3.09732,
28849,3.05979,
28850,3.28086,
28851,2.98816,
28852,3.06046,
28853,3.04894,
28854,2.88517,
28855,3.1514,
28856,3.09866,
28857,3.23759,
28858,3.06503,
28859,2.76407,
28860,2.83229,
28861,3.0251,
28862,2.84331,
28863,2.94175,
28864,2.78021,
28865,2.9421,
28866,3.17338,
28867,3.19847,
28868,3.0447,
28869,3.19406,
28870,3.14343,
28871,3.15289,
28872,3.08461,
28873,3.17381,
28874,3.16845,
28875,3.23208,
28876,3.093,
28877,3.15511,
28878,3.11903,
28879,3.01154,
28880,3.18819,
28881,2.78268,
28882,2.94768,
28883,3.12752,
28884,3.00234,
28885,3.09313,
28886,2.84676,
28887,2.95503,
28888,3.10475,
28889,2.84523,
28890,3.01372,
28891,2.88408,
28892,2.8131,
28893,3.00513,
28894,2.77162,
28895,2.87589,
28896,2.88374,
28897,2.97327,
28898,2.88888,
28899,3.04931,
28900,3.11874,
28901,3.04342,
28902,2.88414,
28903,2.95345,
28904,2.95946,
28905,3.00281,
28906,2.82577,
28907,3.20834,
28908,3.06104,
28909,3.06665,
28910,3.14858,
28911,3.06447,
28912,3.00826,
28913,3.07092,
28914,3.02316,
28915,3.07258,
28916,3.09047,
28917,3.19072,
28918,3.30199,
28919,3.15668,
28920,3.10177,
28921,3.06319,
28922,2.94411,
28923,2.99276,
28924,2.88718,
28925,2.96803,
28926,2.84259,
28927,3.02393,
28928,2.92032,
28929,3.13084,
28930,2.94819,
28931,3.10024,
28932,3.17806,
28933,3.22803,
28934,3.25674,
28935,2.99901,
28936,2.85986,
28937,3.10125,
28938,2.80056,
28939,3.07221,
28940,3.18126,
28941,3.24078,
28942,3.2659,
28943,3.2667,
28944,2.95643,
28945,3.25575,
28946,3.12009,
28947,3.12148,
28948,3.07856,
28949,3.24854,
28950,2.99521,
28951,3.18508,
28952,2.8425,
28953,3.21288,
28954,3.20123,
28955,3.33342,
28956,3.06191,
28957,3.14434,
28958,3.22969,
28959,2.97949,
28960,3.19418,
28961,2.86022,
28962,3.00267,
28963,2.99239,
28964,3.28992,
28965,3.22508,
28966,2.82747,
28967,3.10207,
28968,3.00085,
28969,3.10319,
28970,3.1142,
28971,3.32656,
28972,3.13814,
28973,2.99665,
28974,3.09612,
28975,3.17536,
28976,2.99821,
28977,2.90729,
28978,2.8912,
28979,3.23676,
28980,3.29238,
28981,3.30902,
28982,3.24251,
28983,3.14525,
28984,3.10448,
28985,2.93757,
28986,3.25378,
28987,3.11583,
28988,3.19552,
28989,3.13582,
28990,3.11582,
28991,3.09055,
28992,3.2052,
28993,3.11633,
28994,3.04413,
28995,3.14859,
28996,3.22475,
28997,2.98185,
28998,3.30988,
28999,3.13338,
29000,3.00538,
29001,2.93595,
29002,3.17356,
29003,3.15147,
29004,3.04281,
29005,2.9974,
29006,3.19293,
29007,2.9523,
29008,2.95284,
29009,3.07895,
29010,2.92431,
29011,3.04008,
29012,3.14896,
29013,3.14756,
29014,3.0165,
29015,2.96731,
29016,2.94456,
29017,3.14192,
29018,3.16393,
29019,2.77264,
29020,3.01252,
29021,3.01048,
29022,3.10602,
29023,3.1335,
29024,3.14611,
29025,2.90266,
29026,3.01705,
29027,3.08078,
29028,2.81688,
29029,2.89149,
29030,3.20906,
29031,3.02784,
29032,3.12321,
29033,2.89255,
29034,2.89697,
29035,3.09284,
29036,3.05077,
29037,2.91275,
29038,3.17608,
29039,3.10743,
29040,2.84287,
29041,2.9664,
29042,2.86523,
29043,3.02068,
29044,2.87376,
29045,2.98007,
29046,3.14395,
29047,3.04266,
29048,3.23866,
29049,3.22869,
29050,3.14035,
29051,3.2209,
29052,2.99894,
29053,3.05108,
29054,3.1754,
29055,3.1364,
29056,3.25083,
29057,3.31548,
29058,3.45585,
29059,4.28737,
29060,3.13323,
29061,3.10407,
29062,3.14248,
29063,3.13707,
29064,3.04955,
29065,3.13269,
29066,3.07649,
29067,3.1071,
29068,3.03148,
29069,3.60353,
29070,3.10703,
29071,3.09849,
29072,2.71977,
29073,2.91555,
29074,3.12917,
29075,3.13646,
29076,3.25664,
29077,3.32481,
29078,3.13074,
29079,3.14969,
29080,3.13796,
29081,3.07753,
29082,3.32219,
29083,3.0781,
29084,3.08868,
29085,3.24333,
29086,3.24232,
29087,3.14707,
29088,3.02149,
29089,3.0143,
29090,3.04227,
29091,3.04454,
29092,2.97569,
29093,2.79115,
29094,3.16121,
29095,3.01816,
29096,2.8659,
29097,2.91458,
29098,2.96627,
29099,3.09636,
29100,3.042,
29101,2.97829,
29102,3.09644,
29103,2.80502,
29104,3.01355,
29105,2.70567,
29106,3.08897,
29107,2.94593,
29108,2.98436,
29109,3.02488,
29110,2.99265,
29111,2.98887,
29112,2.96574,
29113,2.95428,
29114,2.82839,
29115,3.04277,
29116,3.02729,
29117,2.71795,
29118,2.81462,
29119,2.76818,
29120,2.99812,
29121,2.97928,
29122,2.95549,
29123,2.96199,
29124,3.00933,
29125,3.04638,
29126,2.78567,
29127,3.12399,
29128,2.98362,
29129,2.9759,
29130,2.95989,
29131,3.13011,
29132,3.27816,
29133,3.21161,
29134,2.98744,
29135,2.94803,
29136,3.3158,
29137,3.09117,
29138,3.12277,
29139,3.00889,
29140,2.90801,
29141,2.94372,
29142,3.14023,
29143,2.72376,
29144,2.74695,
29145,2.57764,
29146,2.82841,
29147,2.99688,
29148,3.10521,
29149,3.05496,
29150,3.0776,
29151,2.96154,
29152,2.82087,
29153,2.8944,
29154,3.01748,
29155,3.17341,
29156,2.96961,
29157,2.92837,
29158,2.58264,
29159,2.62703,
29160,3.11306,
29161,2.79846,
29162,2.95412,
29163,2.7686,
29164,2.88073,
29165,2.75443,
29166,2.79655,
29167,2.75558,
29168,2.82675,
29169,2.77609,
29170,2.72929,
29171,2.83812,
29172,3.05881,
29173,2.74964,
29174,2.97504,
29175,2.9415,
29176,3.30585,
29177,3.23779,
29178,3.23835,
29179,3.23768,
29180,3.27035,
29181,3.23842,
29182,3.00705,
29183,2.79196,
29184,3.09748,
29185,2.95744,
29186,2.92359,
29187,3.17447,
29188,3.05612,
29189,3.12176,
29190,3.03062,
29191,2.98177,
29192,2.92342,
29193,3.05754,
29194,3.1606,
29195,3.06643,
29196,3.05958,
29197,3.00016,
29198,2.86048,
29199,3.21351,
29200,2.92952,
29201,2.9478,
29202,3.04391,
29203,3.08028,
29204,2.90909,
29205,3.35134,
29206,3.17542,
29207,3.27734,
29208,3.088,
29209,3.21808,
29210,3.13523,
29211,3.07436,
29212,3.11405,
29213,3.08503,
29214,3.05782,
29215,3.07765,
29216,3.09626,
29217,3.09506,
29218,2.88218,
29219,3.04682,
29220,2.9603,
29221,2.95059,
29222,2.70579,
29223,2.83296,
29224,2.70565,
29225,2.92792,
29226,2.95961,
29227,2.75629,
29228,2.86386,
29229,2.84785,
29230,3.04156,
29231,2.94003,
29232,2.94167,
29233,2.94773,
29234,3.0668,
29235,3.1061,
29236,3.10312,
29237,3.10717,
29238,3.16514,
29239,3.09558,
29240,3.21962,
29241,3.12885,
29242,3.11995,
29243,3.22717,
29244,3.05258,
29245,3.0512,
29246,2.8108,
29247,3.04276,
29248,3.02108,
29249,3.14346,
29250,3.05425,
29251,2.90269,
29252,3.00475,
29253,2.92578,
29254,2.96845,
29255,3.12028,
29256,3.19537,
29257,2.97231,
29258,2.912,
29259,2.9625,
29260,3.16371,
29261,3.14342,
29262,3.17429,
29263,3.0579,
29264,3.24947,
29265,3.02775,
29266,3.16103,
29267,3.32529,
29268,3.06442,
29269,2.93386,
29270,2.92414,
29271,3.17894,
29272,3.19252,
29273,3.06319,
29274,3.1392,
29275,3.04325,
29276,3.25578,
29277,3.1695,
29278,3.34203,
29279,2.96801,
29280,3.02803,
29281,2.7922,
29282,2.99106,
29283,2.98973,
29284,2.96686,
29285,2.95439,
29286,3.17461,
29287,3.08137,
29288,3.01254,
29289,2.79168,
29290,2.89765,
29291,2.99332,
29292,2.99329,
29293,2.93343,
29294,3.28861,
29295,3.23355,
29296,3.22692,
29297,3.14683,
29298,2.99791,
29299,3.1531,
29300,2.91309,
29301,3.20422,
29302,3.28417,
29303,3.18827,
29304,3.20615,
29305,3.43094,
29306,3.53809,
29307,3.11965,
29308,3.14822,
29309,3.19245,
29310,3.27379,
29311,3.45665,
29312,3.21898,
29313,3.08923,
29314,3.09858,
29315,3.00055,
29316,3.07496,
29317,3.06616,
29318,3.11739,
29319,3.02447,
29320,2.946,
29321,3.08578,
29322,3.54446,
29323,3.58797,
29324,3.46949,
29325,3.45579,
29326,3.44787,
29327,3.50977,
29328,3.43617,
29329,3.42451,
29330,3.42965,
29331,3.44471,
29332,3.43557,
29333,3.4025,
29334,3.39907,
29335,3.29599,
29336,3.37902,
29337,3.46098,
29338,3.39897,
29339,3.32146,
29340,3.24735,
29341,3.14498,
29342,3.36081,
29343,3.18295,
29344,3.14643,
29345,3.1308,
29346,3.14791,
29347,3.03381,
29348,3.20807,
29349,3.07121,
29350,3.07855,
29351,3.12669,
29352,2.9374,
29353,2.83776,
29354,3.11654,
29355,3.32172,
29356,3.19674,
29357,2.95073,
29358,3.11313,
29359,3.14352,
29360,3.02875,
29361,3.07981,
29362,3.14194,
29363,2.92864,
29364,3.07263,
29365,2.95236,
29366,2.92296,
29367,3.22463,
29368,3.08502,
29369,3.06465,
29370,3.15669,
29371,2.9907,
29372,2.92517,
29373,2.86259,
29374,2.91641,
29375,3.10975,
29376,3.00532,
29377,2.8915,
29378,3.11078,
29379,2.99555,
29380,2.94137,
29381,2.98759,
29382,2.83901,
29383,2.86193,
29384,3.07566,
29385,2.82957,
29386,2.85849,
29387,2.89386,
29388,2.9557,
29389,2.88275,
29390,2.85618,
29391,2.9426,
29392,2.86641,
29393,2.9589,
29394,2.98384,
29395,3.05381,
29396,3.02681,
29397,3.04294,
29398,2.93563,
29399,3.11468,
29400,2.83577,
29401,2.99748,
29402,3.01591,
29403,2.95172,
29404,3.1984,
29405,2.93034,
29406,2.86417,
29407,3.10913,
29408,2.93551,
29409,2.77244,
29410,2.8943,
29411,3.1428,
29412,2.6845,
29413,2.79417,
29414,3.04577,
29415,2.78492,
29416,2.97325,
29417,2.89853,
29418,2.79991,
29419,2.7649,
29420,3.16824,
29421,3.10556,
29422,3.09862,
29423,3.01109,
29424,3.21102,
29425,3.09927,
29426,3.18006,
29427,3.06356,
29428,3.00487,
29429,3.15977,
29430,3.04022,
29431,3.06254,
29432,3.02979,
29433,3.03095,
29434,3.10139,
29435,2.76937,
29436,2.96711,
29437,3.0366,
29438,3.07489,
29439,3.06437,
29440,2.73252,
29441,2.95783,
29442,3.0352,
29443,2.90186,
29444,2.62535,
29445,2.8106,
29446,2.86867,
29447,2.83872,
29448,2.88438,
29449,2.65655,
29450,2.71253,
29451,2.72195,
29452,2.89484,
29453,2.98227,
29454,3.48421,
29455,3.32876,
29456,3.1727,
29457,3.08611,
29458,3.24819,
29459,3.25887,
29460,2.98156,
29461,3.18877,
29462,3.04463,
29463,3.1117,
29464,2.9804,
29465,3.3259,
29466,3.11584,
29467,3.01915,
29468,3.19061,
29469,3.16291,
29470,3.07288,
29471,3.18209,
29472,3.01629,
29473,3.17017,
29474,3.12806,
29475,3.01338,
29476,2.96707,
29477,3.0268,
29478,3.01893,
29479,3.17116,
29480,3.12875,
29481,3.02014,
29482,3.18757,
29483,3.03025,
29484,3.08412,
29485,3.27007,
29486,3.15034,
29487,3.03268,
29488,3.12171,
29489,3.11516,
29490,2.9333,
29491,3.05016,
29492,3.05315,
29493,3.20501,
29494,2.95596,
29495,3.00704,
29496,2.93352,
29497,3.11348,
29498,3.13614,
29499,3.07519,
29500,2.81928,
29501,3.04519,
29502,2.9663,
29503,2.9148,
29504,3.05472,
29505,3.13683,
29506,3.02567,
29507,2.92168,
29508,3.00617,
29509,3.04887,
29510,2.95004,
29511,2.95426,
29512,2.86281,
29513,2.91962,
29514,2.90334,
29515,3.04938,
29516,2.74074,
29517,2.77227,
29518,2.82755,
29519,2.88728,
29520,2.94008,
29521,2.8644,
29522,2.70364,
29523,2.87894,
29524,2.78655,
29525,2.9524,
29526,2.80487,
29527,2.86805,
29528,3.03175,
29529,2.97874,
29530,3.02518,
29531,2.742,
29532,2.8849,
29533,2.81337,
29534,2.90794,
29535,3.04725,
29536,2.68115,
29537,2.81097,
29538,2.66108,
29539,2.69347,
29540,2.92421,
29541,2.86871,
29542,2.90809,
29543,2.8143,
29544,3.06198,
29545,2.88475,
29546,3.01156,
29547,3.14389,
29548,3.1425,
29549,3.06776,
29550,3.09865,
29551,3.35937,
29552,3.06787,
29553,2.95195,
29554,3.16604,
29555,2.97851,
29556,3.14117,
29557,3.21935,
29558,3.10022,
29559,3.08545,
29560,3.09112,
29561,2.90278,
29562,3.0976,
29563,3.06466,
29564,2.9128,
29565,3.01481,
29566,2.98896,
29567,2.78593,
29568,2.98617,
29569,3.00408,
29570,2.85144,
29571,2.93826,
29572,3.0337,
29573,3.17675,
29574,2.97924,
29575,3.02336,
29576,2.93701,
29577,3.2916,
29578,3.32374,
29579,3.33544,
29580,3.32161,
29581,3.36781,
29582,3.28236,
29583,3.23318,
29584,3.37046,
29585,3.22782,
29586,3.27826,
29587,3.29959,
29588,3.31539,
29589,3.1334,
29590,3.31214,
29591,3.26369,
29592,3.28013,
29593,3.35019,
29594,3.20776,
29595,3.27779,
29596,3.21739,
29597,3.29391,
29598,3.2298,
29599,3.31373,
29600,2.80279,
29601,2.87562,
29602,2.77695,
29603,2.63383,
29604,2.72931,
29605,2.64373,
29606,2.93934,
29607,2.49266,
29608,2.75254,
29609,2.7318,
29610,2.81591,
29611,2.81375,
29612,2.60311,
29613,2.6601,
29614,2.84626,
29615,2.99783,
29616,2.98678,
29617,2.69,
29618,2.66166,
29619,3.19334,
29620,3.27219,
29621,3.20152,
29622,3.25801,
29623,3.23747,
29624,3.25349,
29625,3.11461,
29626,2.91759,
29627,3.06715,
29628,3.16999,
29629,3.04914,
29630,3.11553,
29631,3.23121,
29632,3.27148,
29633,3.12704,
29634,3.05367,
29635,2.86454,
29636,3.07799,
29637,3.01662,
29638,3.01923,
29639,2.77805,
29640,2.80917,
29641,2.75368,
29642,2.94758,
29643,2.98177,
29644,2.88655,
29645,3.08449,
29646,3.01227,
29647,3.09909,
29648,3.02618,
29649,3.17895,
29650,2.98524,
29651,2.98304,
29652,3.0816,
29653,2.83136,
29654,2.83401,
29655,2.81767,
29656,3.01388,
29657,3.17428,
29658,3.00963,
29659,2.82697,
29660,2.77944,
29661,2.69064,
29662,2.56163,
29663,2.68665,
29664,2.70157,
29665,2.95971,
29666,2.66554,
29667,2.68301,
29668,2.7429,
29669,2.97721,
29670,2.87498,
29671,3.0856,
29672,2.76842,
29673,3.24695,
29674,2.94983,
29675,3.2542,
29676,3.3809,
29677,3.12061,
29678,3.26757,
29679,3.17723,
29680,3.04751,
29681,3.14847,
29682,3.12251,
29683,3.01823,
29684,2.88726,
29685,2.83919,
29686,2.98299,
29687,2.95202,
29688,3.00041,
29689,3.09562,
29690,2.88669,
29691,3.03512,
29692,2.83769,
29693,3.13467,
29694,3.08341,
29695,2.83103,
29696,2.7645,
29697,3.07807,
29698,2.7655,
29699,2.78329,
29700,2.79906,
29701,2.64601,
29702,2.6646,
29703,2.73688,
29704,3.28925,
29705,3.21804,
29706,3.35423,
29707,3.35801,
29708,3.36048,
29709,3.18791,
29710,2.96646,
29711,3.07019,
29712,3.03356,
29713,3.18186,
29714,3.4173,
29715,3.13261,
29716,3.17818,
29717,3.02274,
29718,3.00258,
29719,3.32297,
29720,3.24541,
29721,3.33936,
29722,3.12771,
29723,3.35641,
29724,3.04177,
29725,3.09401,
29726,3.03209,
29727,3.13574,
29728,2.95003,
29729,2.97696,
29730,2.9518,
29731,2.86299,
29732,3.11277,
29733,2.85948,
29734,2.86801,
29735,3.00347,
29736,3.06829,
29737,3.05942,
29738,2.92713,
29739,3.00084,
29740,2.86801,
29741,2.91101,
29742,2.8183,
29743,2.8514,
29744,2.98862,
29745,2.71636,
29746,2.77577,
29747,3.02885,
29748,2.91662,
29749,3.32582,
29750,3.35528,
29751,3.28845,
29752,3.39246,
29753,3.28879,
29754,3.24476,
29755,3.06997,
29756,3.16466,
29757,2.87372,
29758,2.98462,
29759,2.88574,
29760,2.94964,
29761,3.22776,
29762,3.23006,
29763,3.0847,
29764,3.24148,
29765,3.20807,
29766,2.89046,
29767,2.96203,
29768,2.98438,
29769,2.88192,
29770,3.01739,
29771,3.18361,
29772,3.12527,
29773,3.21166,
29774,3.32593,
29775,3.32778,
29776,2.77325,
29777,2.9551,
29778,3.14734,
29779,3.1346,
29780,3.15018,
29781,3.15857,
29782,3.27751,
29783,3.18559,
29784,3.28918,
29785,3.0372,
29786,3.05067,
29787,3.22538,
29788,2.88709,
29789,3.14187,
29790,3.15439,
29791,3.11484,
29792,3.06669,
29793,3.06234,
29794,3.31603,
29795,3.16517,
29796,3.22887,
29797,3.12001,
29798,3.21595,
29799,3.16834,
29800,3.18614,
29801,3.00379,
29802,3.11041,
29803,3.05694,
29804,2.94884,
29805,3.00823,
29806,2.92731,
29807,3.02529,
29808,3.0378,
29809,3.11609,
29810,2.82879,
29811,3.0108,
29812,3.1484,
29813,3.05166,
29814,2.96273,
29815,2.92747,
29816,3.16036,
29817,2.90654,
29818,3.09372,
29819,2.30636,
29820,3.18922,
29821,3.15218,
29822,3.25376,
29823,3.34738,
29824,3.61349,
29825,3.21834,
29826,3.30501,
29827,3.13912,
29828,3.27877,
29829,3.27472,
29830,3.22348,
29831,3.20384,
29832,3.03424,
29833,3.09488,
29834,3.15395,
29835,3.25303,
29836,3.03915,
29837,3.19875,
29838,3.27603,
29839,3.15568,
29840,3.12951,
29841,3.0674,
29842,3.10486,
29843,3.17876,
29844,3.17752,
29845,3.1464,
29846,3.1323,
29847,2.99471,
29848,3.23245,
29849,3.24569,
29850,2.98975,
29851,3.12928,
29852,2.97062,
29853,2.88639,
29854,2.85939,
29855,2.73054,
29856,3.09218,
29857,3.04968,
29858,2.87082,
29859,2.98112,
29860,3.12026,
29861,2.93375,
29862,2.88128,
29863,2.92675,
29864,2.88794,
29865,3.05211,
29866,2.874,
29867,3.00435,
29868,3.10473,
29869,2.94045,
29870,3.1453,
29871,3.08845,
29872,2.97459,
29873,2.9892,
29874,3.01071,
29875,3.21201,
29876,3.0646,
29877,3.01608,
29878,3.06333,
29879,3.14298,
29880,2.9516,
29881,2.78541,
29882,2.96275,
29883,2.89112,
29884,3.00319,
29885,2.99875,
29886,2.733,
29887,3.05852,
29888,3.13772,
29889,3.08103,
29890,2.97115,
29891,2.91718,
29892,3.1753,
29893,2.96228,
29894,2.68393,
29895,3.02394,
29896,3.03135,
29897,3.22512,
29898,2.97833,
29899,2.879,
29900,3.01834,
29901,2.94649,
29902,2.92098,
29903,2.94104,
29904,2.97265,
29905,3.16568,
29906,3.13585,
29907,3.12483,
29908,2.94339,
29909,2.97281,
29910,2.92865,
29911,3.14895,
29912,3.15065,
29913,3.07844,
29914,3.0606,
29915,3.27029,
29916,2.98164,
29917,3.0462,
29918,3.0403,
29919,2.87395,
29920,3.1551,
29921,3.09176,
29922,3.23042,
29923,3.05936,
29924,2.76493,
29925,2.83818,
29926,3.01603,
29927,2.83172,
29928,2.94072,
29929,2.77842,
29930,2.94116,
29931,3.16328,
29932,3.18516,
29933,3.03221,
29934,3.18717,
29935,3.11062,
29936,3.14162,
29937,3.08348,
29938,3.16309,
29939,3.16095,
29940,3.2204,
29941,3.08842,
29942,3.13055,
29943,3.11768,
29944,3.00111,
29945,3.17945,
29946,2.77165,
29947,2.9242,
29948,3.11248,
29949,2.99388,
29950,3.08848,
29951,2.84055,
29952,2.95367,
29953,3.09895,
29954,2.84795,
29955,3.0032,
29956,2.87624,
29957,2.80984,
29958,2.98034,
29959,2.77684,
29960,2.86018,
29961,2.88239,
29962,2.96638,
29963,2.87604,
29964,3.03964,
29965,3.12329,
29966,3.04225,
29967,2.8874,
29968,2.93119,
29969,2.93399,
29970,2.99153,
29971,2.82525,
29972,3.18274,
29973,3.0471,
29974,3.05889,
29975,3.14195,
29976,3.06426,
29977,2.98707,
29978,3.07173,
29979,3.02039,
29980,3.05776,
29981,3.09297,
29982,3.19616,
29983,3.30717,
29984,3.14531,
29985,3.08938,
29986,3.06017,
29987,2.93507,
29988,2.99021,
29989,2.86867,
29990,2.96206,
29991,2.82363,
29992,3.02219,
29993,2.92279,
29994,3.12673,
29995,2.95457,
29996,3.06676,
29997,3.16461,
29998,3.21516,
29999,3.24713,
30000,2.99252,
30001,2.84382,
30002,3.09845,
30003,2.7971,
30004,3.07453,
30005,3.17477,
30006,3.2309,
30007,3.2665,
30008,3.27319,
30009,2.9474,
30010,3.23953,
30011,3.11648,
30012,3.10051,
30013,3.06535,
30014,3.23987,
30015,2.9806,
30016,3.18518,
30017,2.82708,
30018,3.20255,
30019,3.19149,
30020,3.32105,
30021,3.06943,
30022,3.13896,
30023,3.2159,
30024,2.96699,
30025,3.18053,
30026,2.8472,
30027,2.98431,
30028,2.98962,
30029,3.26878,
30030,3.2118,
30031,2.83391,
30032,3.1029,
30033,2.99496,
30034,3.10837,
30035,3.10865,
30036,3.33423,
30037,3.12573,
30038,2.99522,
30039,3.09272,
30040,3.17931,
30041,3.00244,
30042,2.90194,
30043,2.90217,
30044,3.22608,
30045,3.2695,
30046,3.29151,
30047,3.22989,
30048,3.12852,
30049,3.11411,
30050,2.92441,
30051,3.23803,
30052,3.11286,
30053,3.18176,
30054,3.12085,
30055,3.10769,
30056,3.08042,
30057,3.20768,
30058,3.11929,
30059,3.03416,
30060,3.12266,
30061,3.19285,
30062,2.9658,
30063,3.31595,
30064,3.1331,
30065,2.99723,
30066,2.92052,
30067,3.17494,
30068,3.1417,
30069,3.02745,
30070,2.99969,
30071,3.17898,
30072,2.95307,
30073,2.96027,
30074,3.07139,
30075,2.91869,
30076,3.03484,
30077,3.14219,
30078,3.15271,
30079,3.00924,
30080,2.96479,
30081,2.93778,
30082,3.14511,
30083,3.16214,
30084,2.76253,
30085,3.00604,
30086,2.99772,
30087,3.08988,
30088,3.12818,
30089,3.13194,
30090,2.90822,
30091,3.00452,
30092,3.08865,
30093,2.79371,
30094,2.89025,
30095,3.20598,
30096,3.02204,
30097,3.11367,
30098,2.88279,
30099,2.89014,
30100,3.09501,
30101,3.04017,
30102,2.91064,
30103,3.16703,
30104,3.10618,
30105,2.83341,
30106,2.95273,
30107,2.86148,
30108,3.00945,
30109,2.85528,
30110,2.95543,
30111,3.14229,
30112,3.02121,
30113,3.23453,
30114,3.21561,
30115,3.12992,
30116,3.21144,
30117,2.98852,
30118,3.0562,
30119,3.16592,
30120,3.13779,
30121,3.24358,
30122,3.30472,
30123,3.44003,
30124,4.28475,
30125,3.12029,
30126,3.11499,
30127,3.12879,
30128,3.13499,
30129,3.03603,
30130,3.13857,
30131,3.06182,
30132,3.10918,
30133,3.00406,
30134,3.60334,
30135,3.09396,
30136,3.08981,
30137,2.72181,
30138,2.92619,
30139,3.12602,
30140,3.12258,
30141,3.253,
30142,3.32549,
30143,3.12814,
30144,3.14139,
30145,3.13625,
30146,3.08392,
30147,3.29579,
30148,3.05971,
30149,3.07899,
30150,3.23808,
30151,3.2345,
30152,3.12946,
30153,3.00617,
30154,3.00666,
30155,3.03542,
30156,3.04064,
30157,2.96769,
30158,2.77678,
30159,3.14278,
30160,3.02042,
30161,2.87228,
30162,2.90518,
30163,2.95631,
30164,3.09261,
30165,3.03225,
30166,2.97558,
30167,3.10682,
30168,2.80729,
30169,2.99228,
30170,2.69717,
30171,3.09479,
30172,2.94566,
30173,2.97944,
30174,3.02136,
30175,2.99266,
30176,2.98115,
30177,2.97549,
30178,2.95019,
30179,2.80959,
30180,3.04378,
30181,3.00869,
30182,2.70334,
30183,2.81165,
30184,2.77146,
30185,3.0116,
30186,2.9696,
30187,2.95674,
30188,2.94981,
30189,3.00039,
30190,3.04968,
30191,2.77262,
30192,3.13452,
30193,2.98309,
30194,2.96447,
30195,2.93976,
30196,3.12677,
30197,3.26811,
30198,3.21495,
30199,2.97696,
30200,2.93125,
30201,3.31181,
30202,3.08811,
30203,3.118,
30204,2.9943,
30205,2.89962,
30206,2.95339,
30207,3.12705,
30208,2.70572,
30209,2.71799,
30210,2.56729,
30211,2.81458,
30212,2.98885,
30213,3.08312,
30214,3.0498,
30215,3.07588,
30216,2.95852,
30217,2.82919,
30218,2.89059,
30219,3.00389,
30220,3.18291,
30221,2.97133,
30222,2.91989,
30223,2.57764,
30224,2.62838,
30225,3.11008,
30226,2.79198,
30227,2.94913,
30228,2.75981,
30229,2.88961,
30230,2.7416,
30231,2.7974,
30232,2.75987,
30233,2.81923,
30234,2.78051,
30235,2.72954,
30236,2.82809,
30237,3.06395,
30238,2.73674,
30239,2.97148,
30240,2.92514,
30241,3.28489,
30242,3.2333,
30243,3.22751,
30244,3.22739,
30245,3.25381,
30246,3.22753,
30247,2.99086,
30248,2.78551,
30249,3.08229,
30250,2.95215,
30251,2.93526,
30252,3.16561,
30253,3.0538,
30254,3.12014,
30255,3.02163,
30256,3.0014,
30257,2.91621,
30258,3.05238,
30259,3.13821,
30260,3.06042,
30261,3.0308,
30262,2.99995,
30263,2.86478,
30264,3.20107,
30265,2.93181,
30266,2.93468,
30267,3.03045,
30268,3.06862,
30269,2.91044,
30270,3.34761,
30271,3.16201,
30272,3.26668,
30273,3.07834,
30274,3.21413,
30275,3.12597,
30276,3.06197,
30277,3.10038,
30278,3.0788,
30279,3.06471,
30280,3.07751,
30281,3.08654,
30282,3.08353,
30283,2.88526,
30284,3.0407,
30285,2.96288,
30286,2.94595,
30287,2.69002,
30288,2.82357,
30289,2.69534,
30290,2.93238,
30291,2.95309,
30292,2.74572,
30293,2.86003,
30294,2.84807,
30295,3.03002,
30296,2.92423,
30297,2.92597,
30298,2.93601,
30299,3.05994,
30300,3.10593,
30301,3.1012,
30302,3.09876,
30303,3.14924,
30304,3.066,
30305,3.20926,
30306,3.12992,
30307,3.11515,
30308,3.20556,
30309,3.05502,
30310,3.04465,
30311,2.81119,
30312,3.03407,
30313,3.01491,
30314,3.1326,
30315,3.04411,
30316,2.89727,
30317,2.9873,
30318,2.92341,
30319,2.97038,
30320,3.12237,
30321,3.1941,
30322,2.95629,
30323,2.90673,
30324,2.96846,
30325,3.16494,
30326,3.13913,
30327,3.164,
30328,3.05444,
30329,3.23601,
30330,3.02504,
30331,3.16287,
30332,3.31763,
30333,3.06962,
30334,2.92048,
30335,2.91229,
30336,3.16967,
30337,3.19053,
30338,3.06151,
30339,3.13491,
30340,3.0364,
30341,3.26945,
30342,3.16787,
30343,3.33508,
30344,2.9563,
30345,3.02935,
30346,2.79277,
30347,2.98735,
30348,2.97285,
30349,2.97101,
30350,2.95825,
30351,3.17836,
30352,3.07993,
30353,3.0029,
30354,2.78347,
30355,2.90245,
30356,2.98974,
30357,2.98581,
30358,2.92299,
30359,3.26126,
30360,3.22405,
30361,3.20989,
30362,3.14162,
30363,2.98453,
30364,3.14409,
30365,2.90511,
30366,3.19534,
30367,3.2658,
30368,3.17795,
30369,3.20345,
30370,3.42348,
30371,3.53891,
30372,3.11881,
30373,3.14424,
30374,3.17652,
30375,3.26608,
30376,3.46062,
30377,3.21175,
30378,3.08681,
30379,3.08145,
30380,2.99648,
30381,3.06361,
30382,3.06198,
30383,3.11545,
30384,3.0274,
30385,2.93708,
30386,3.08798,
30387,3.53439,
30388,3.58299,
30389,3.4585,
30390,3.44549,
30391,3.45234,
30392,3.49613,
30393,3.44421,
30394,3.39805,
30395,3.43773,
30396,3.43074,
30397,3.42559,
30398,3.39414,
30399,3.40738,
30400,3.28093,
30401,3.37542,
30402,3.45745,
30403,3.39702,
30404,3.31548,
30405,3.24342,
30406,3.12003,
30407,3.34835,
30408,3.17966,
30409,3.15135,
30410,3.12049,
30411,3.13959,
30412,3.03161,
30413,3.19723,
30414,3.0677,
30415,3.07927,
30416,3.11309,
30417,2.93852,
30418,2.83367,
30419,3.10814,
30420,3.3163,
30421,3.20478,
30422,2.94941,
30423,3.10291,
30424,3.13392,
30425,3.01848,
30426,3.06968,
30427,3.14997,
30428,2.92631,
30429,3.05798,
30430,2.94634,
30431,2.89709,
30432,3.20653,
30433,3.06997,
30434,3.05074,
30435,3.13854,
30436,2.9811,
30437,2.91085,
30438,2.85505,
30439,2.90855,
30440,3.099,
30441,2.99864,
30442,2.87846,
30443,3.10292,
30444,2.99403,
30445,2.93973,
30446,2.97537,
30447,2.85003,
30448,2.83761,
30449,3.07554,
30450,2.8103,
30451,2.86035,
30452,2.89052,
30453,2.96822,
30454,2.87028,
30455,2.84335,
30456,2.94445,
30457,2.85551,
30458,2.94674,
30459,2.97874,
30460,3.05882,
30461,3.0093,
30462,3.04682,
30463,2.91287,
30464,3.09955,
30465,2.84049,
30466,2.99075,
30467,2.99572,
30468,2.94958,
30469,3.20155,
30470,2.92975,
30471,2.85939,
30472,3.10654,
30473,2.93656,
30474,2.76719,
30475,2.90711,
30476,3.14516,
30477,2.66522,
30478,2.80198,
30479,3.03414,
30480,2.77575,
30481,2.97623,
30482,2.88588,
30483,2.80713,
30484,2.77033,
30485,3.15381,
30486,3.0909,
30487,3.09262,
30488,3.01237,
30489,3.20478,
30490,3.09654,
30491,3.17701,
30492,3.05022,
30493,3.00228,
30494,3.1391,
30495,3.03553,
30496,3.05994,
30497,3.02432,
30498,3.02434,
30499,3.08918,
30500,2.76983,
30501,2.94589,
30502,3.01821,
30503,3.06027,
30504,3.0675,
30505,2.70898,
30506,2.95712,
30507,3.01366,
30508,2.89186,
30509,2.62891,
30510,2.8113,
30511,2.85892,
30512,2.82925,
30513,2.88419,
30514,2.64961,
30515,2.71345,
30516,2.71443,
30517,2.88643,
30518,2.96923,
30519,3.4663,
30520,3.32128,
30521,3.15466,
30522,3.07686,
30523,3.24012,
30524,3.24674,
30525,2.99706,
30526,3.16413,
30527,3.03579,
30528,3.07608,
30529,2.96228,
30530,3.32914,
30531,3.12056,
30532,3.02729,
30533,3.17828,
30534,3.14223,
30535,3.06137,
30536,3.18091,
30537,3.01751,
30538,3.16169,
30539,3.12544,
30540,3.01023,
30541,2.95546,
30542,3.01522,
30543,3.01176,
30544,3.16645,
30545,3.12664,
30546,3.00435,
30547,3.18738,
30548,3.01199,
30549,3.09642,
30550,3.27007,
30551,3.13613,
30552,3.03054,
30553,3.11142,
30554,3.109,
30555,2.931,
30556,3.03533,
30557,3.05407,
30558,3.19033,
30559,2.9451,
30560,3.01887,
30561,2.94304,
30562,3.11001,
30563,3.1259,
30564,3.07181,
30565,2.82947,
30566,3.04093,
30567,2.96009,
30568,2.88847,
30569,3.05119,
30570,3.14125,
30571,3.03156,
30572,2.91847,
30573,3.00586,
30574,3.04261,
30575,2.94959,
30576,2.9427,
30577,2.84762,
30578,2.91102,
30579,2.89648,
30580,3.04344,
30581,2.74802,
30582,2.76779,
30583,2.82525,
30584,2.88284,
30585,2.94203,
30586,2.86381,
30587,2.71173,
30588,2.87868,
30589,2.7867,
30590,2.94969,
30591,2.79482,
30592,2.86243,
30593,3.02454,
30594,2.97216,
30595,3.00617,
30596,2.73147,
30597,2.88246,
30598,2.80275,
30599,2.90716,
30600,3.04264,
30601,2.68066,
30602,2.80525,
30603,2.65979,
30604,2.70425,
30605,2.92778,
30606,2.86565,
30607,2.9094,
30608,2.80329,
30609,3.0484,
30610,2.86614,
30611,3.01058,
30612,3.13692,
30613,3.13486,
30614,3.04156,
30615,3.09117,
30616,3.36537,
30617,3.0605,
30618,2.94939,
30619,3.15616,
30620,2.96666,
30621,3.1267,
30622,3.21249,
30623,3.0798,
30624,3.07411,
30625,3.08755,
30626,2.89792,
30627,3.10867,
30628,3.05318,
30629,2.90575,
30630,3.0051,
30631,2.99496,
30632,2.78247,
30633,2.99141,
30634,2.99977,
30635,2.85158,
30636,2.93812,
30637,3.02871,
30638,3.17768,
30639,2.97612,
30640,3.01178,
30641,2.9338,
30642,3.29073,
30643,3.32075,
30644,3.32534,
30645,3.30087,
30646,3.36148,
30647,3.27447,
30648,3.22774,
30649,3.36935,
30650,3.22471,
30651,3.26856,
30652,3.29444,
30653,3.30899,
30654,3.13333,
30655,3.30711,
30656,3.25903,
30657,3.28639,
30658,3.35265,
30659,3.20729,
30660,3.25838,
30661,3.23282,
30662,3.30183,
30663,3.22727,
30664,3.30074,
30665,2.78289,
30666,2.86031,
30667,2.7615,
30668,2.61516,
30669,2.73193,
30670,2.62664,
30671,2.94717,
30672,2.49089,
30673,2.76542,
30674,2.73832,
30675,2.8025,
30676,2.82204,
30677,2.59372,
30678,2.67414,
30679,2.84507,
30680,3.00057,
30681,2.99445,
30682,2.69548,
30683,2.66101,
30684,3.17878,
30685,3.28343,
30686,3.19264,
30687,3.24149,
30688,3.23129,
30689,3.25105,
30690,3.12049,
30691,2.91255,
30692,3.03952,
30693,3.1668,
30694,3.03592,
30695,3.12787,
30696,3.22248,
30697,3.26336,
30698,3.1104,
30699,3.03861,
30700,2.86643,
30701,3.07938,
30702,3.00958,
30703,2.98902,
30704,2.78266,
30705,2.79664,
30706,2.74673,
30707,2.94866,
30708,3.0044,
30709,2.8897,
30710,3.07906,
30711,2.99727,
30712,3.08305,
30713,3.02016,
30714,3.15618,
30715,2.96978,
30716,2.9766,
30717,3.06398,
30718,2.81382,
30719,2.83541,
30720,2.82229,
30721,3.00497,
30722,3.1708,
30723,3.01322,
30724,2.83122,
30725,2.77147,
30726,2.67486,
30727,2.55947,
30728,2.683,
30729,2.69991,
30730,2.96308,
30731,2.64581,
30732,2.6879,
30733,2.74935,
30734,2.96362,
30735,2.87442,
30736,3.09487,
30737,2.7744,
30738,3.2485,
30739,2.93977,
30740,3.2565,
30741,3.37083,
30742,3.11443,
30743,3.22903,
30744,3.15261,
30745,3.0296,
30746,3.13976,
30747,3.12233,
30748,3.00175,
30749,2.87948,
30750,2.83299,
30751,2.98468,
30752,2.94222,
30753,3.00231,
30754,3.0807,
30755,2.87477,
30756,3.03722,
30757,2.82707,
30758,3.11614,
30759,3.07961,
30760,2.83121,
30761,2.75633,
30762,3.07053,
30763,2.76111,
30764,2.77977,
30765,2.77879,
30766,2.63653,
30767,2.66299,
30768,2.73568,
30769,3.28037,
30770,3.18835,
30771,3.35512,
30772,3.33942,
30773,3.34338,
30774,3.17441,
30775,2.96566,
30776,3.08195,
30777,3.01733,
30778,3.18181,
30779,3.41092,
30780,3.1323,
30781,3.15921,
30782,3.01337,
30783,2.99261,
30784,3.31859,
30785,3.23518,
30786,3.33812,
30787,3.13236,
30788,3.34786,
30789,3.0333,
30790,3.08815,
30791,3.0206,
30792,3.12565,
30793,2.93328,
30794,2.96439,
30795,2.93099,
30796,2.87055,
30797,3.11028,
30798,2.831,
30799,2.86228,
30800,2.99948,
30801,3.06057,
30802,3.05535,
30803,2.94202,
30804,2.99021,
30805,2.8651,
30806,2.90271,
30807,2.82473,
30808,2.83242,
30809,2.96645,
30810,2.71362,
30811,2.76629,
30812,3.01763,
30813,2.90983,
30814,3.30603,
30815,3.34704,
30816,3.27327,
30817,3.39274,
30818,3.26519,
30819,3.25057,
30820,3.0589,
30821,3.15233,
30822,2.85973,
30823,2.976,
30824,2.88287,
30825,2.94242,
30826,3.22863,
30827,3.21465,
30828,3.08624,
30829,3.23724,
30830,3.19823,
30831,2.88156,
30832,2.94866,
30833,2.99222,
30834,2.86758,
30835,3.0208,
30836,3.1694,
30837,3.11405,
30838,3.21247,
30839,3.32601,
30840,3.31776,
30841,2.75974,
30842,2.96338,
30843,3.14333,
30844,3.12803,
30845,3.1378,
30846,3.16157,
30847,3.26922,
30848,3.18476,
30849,3.26728,
30850,3.02271,
30851,3.0363,
30852,3.22715,
30853,2.87333,
30854,3.14486,
30855,3.13709,
30856,3.10717,
30857,3.05753,
30858,3.06848,
30859,3.31072,
30860,3.1415,
30861,3.22499,
30862,3.10451,
30863,3.21276,
30864,3.16918,
30865,3.1863,
30866,2.98702,
30867,3.10666,
30868,3.06007,
30869,2.95258,
30870,2.99851,
30871,2.91784,
30872,3.02393,
30873,3.03441,
30874,3.11789,
30875,2.8308,
30876,3.01092,
30877,3.14816,
30878,3.06016,
30879,2.94302,
30880,2.91407,
30881,3.13823,
30882,2.90138,
30883,3.08965,
30884,2.29049,
30885,3.14995,
30886,3.14672,
30887,3.25665,
30888,3.33495,
30889,3.59581,
30890,3.21058,
30891,3.29328,
30892,3.13141,
30893,3.28599,
30894,3.27709,
30895,3.22138,
30896,3.19735,
30897,3.02496,
30898,3.108,
30899,3.14329,
30900,3.24951,
30901,3.03269,
30902,3.19943,
30903,3.27289,
30904,3.14126,
30905,3.13233,
30906,3.07055,
30907,3.09533,
30908,3.1813,
30909,3.16316,
30910,3.14419,
30911,3.11782,
30912,3.00093,
30913,3.22351,
30914,3.23476,
30915,2.98987,
30916,3.1273,
30917,2.98025,
30918,2.87674,
30919,2.84993,
30920,2.7246,
30921,3.07485,
30922,3.03876,
30923,2.86548,
30924,2.98107,
30925,3.1018,
30926,2.93181,
30927,2.87393,
30928,2.92233,
30929,2.88074,
30930,3.03038,
30931,2.86124,
30932,2.98261,
30933,3.0963,
30934,2.92766,
30935,3.13465,
30936,3.07113,
30937,2.95411,
30938,2.97529,
30939,2.99615,
30940,3.20889,
30941,3.06175,
30942,3.01348,
30943,3.04446,
30944,3.13231,
30945,2.94928,
30946,2.79256,
30947,2.95952,
30948,2.88177,
30949,2.99594,
30950,2.99406,
30951,2.72702,
30952,3.06752,
30953,3.1292,
30954,3.07211,
30955,2.96517,
30956,2.9124,
30957,3.16996,
30958,2.95821,
30959,2.6737,
30960,3.00833,
30961,3.02338,
30962,3.20288,
30963,2.96922,
30964,2.88819,
30965,3.02425,
30966,2.96434,
30967,2.91205,
30968,2.94798,
30969,2.96248,
30970,3.14587,
30971,3.12328,
30972,3.13628,
30973,2.92559,
30974,2.97748,
30975,2.91568,
30976,3.1366,
30977,3.14079,
30978,3.08496,
30979,3.06181,
30980,3.26336,
30981,2.97342,
30982,3.05143,
30983,3.0448,
30984,2.8778,
30985,3.13609,
30986,3.1019,
30987,3.22427,
30988,3.05077,
30989,2.76019,
30990,2.82478,
30991,3.01181,
30992,2.8347,
30993,2.92217,
30994,2.77641,
30995,2.93193,
30996,3.15476,
30997,3.15945,
30998,3.0325,
30999,3.17011,
31000,3.10147,
31001,3.12803,
31002,3.0569,
31003,3.15654,
31004,3.13706,
31005,3.2071,
31006,3.08077,
31007,3.12458,
31008,3.11253,
31009,2.99732,
31010,3.17131,
31011,2.76327,
31012,2.9269,
31013,3.11128,
31014,2.98452,
31015,3.08514,
31016,2.83953,
31017,2.95238,
31018,3.08954,
31019,2.84094,
31020,2.99436,
31021,2.87238,
31022,2.79137,
31023,2.97294,
31024,2.75929,
31025,2.85969,
31026,2.87199,
31027,2.96293,
31028,2.88688,
31029,3.03815,
31030,3.10245,
31031,3.04304,
31032,2.87473,
31033,2.92827,
31034,2.92573,
31035,2.97868,
31036,2.80243,
31037,3.17228,
31038,3.04622,
31039,3.05687,
31040,3.13867,
31041,3.04758,
31042,2.97843,
31043,3.07347,
31044,3.00632,
31045,3.05937,
31046,3.07889,
31047,3.18755,
31048,3.28882,
31049,3.14821,
31050,3.09606,
31051,3.04715,
31052,2.92629,
31053,2.98766,
31054,2.86761,
31055,2.9577,
31056,2.81658,
31057,3.01423,
31058,2.90471,
31059,3.12264,
31060,2.94452,
31061,3.06434,
31062,3.15572,
31063,3.20643,
31064,3.24108,
31065,2.99191,
31066,2.83995,
31067,3.09542,
31068,2.78078,
31069,3.07163,
31070,3.15739,
31071,3.23344,
31072,3.25277,
31073,3.25736,
31074,2.94365,
31075,3.23045,
31076,3.10318,
31077,3.10371,
31078,3.07583,
31079,3.24213,
31080,2.98028,
31081,3.17856,
31082,2.82171,
31083,3.19101,
31084,3.18029,
31085,3.31018,
31086,3.05099,
31087,3.12181,
31088,3.2118,
31089,2.96077,
31090,3.17152,
31091,2.84154,
31092,2.98202,
31093,2.99382,
31094,3.26603,
31095,3.19903,
31096,2.82047,
31097,3.08927,
31098,2.98927,
31099,3.09976,
31100,3.12262,
31101,3.32427,
31102,3.13498,
31103,2.99941,
31104,3.0918,
31105,3.15947,
31106,2.99138,
31107,2.90114,
31108,2.88944,
31109,3.21578,
31110,3.25811,
31111,3.28607,
31112,3.22286,
31113,3.12413,
31114,3.09818,
31115,2.91224,
31116,3.24114,
31117,3.09387,
31118,3.17173,
31119,3.11298,
31120,3.1087,
31121,3.07667,
31122,3.20018,
31123,3.10776,
31124,3.02876,
31125,3.12241,
31126,3.18082,
31127,2.95734,
31128,3.28284,
31129,3.11854,
31130,2.99756,
31131,2.91654,
31132,3.17572,
31133,3.13946,
31134,3.0129,
31135,2.97582,
31136,3.17409,
31137,2.95018,
31138,2.9321,
31139,3.08458,
31140,2.92684,
31141,3.01892,
31142,3.13991,
31143,3.14918,
31144,2.99984,
31145,2.95194,
31146,2.92323,
31147,3.14036,
31148,3.1517,
31149,2.75474,
31150,2.99568,
31151,2.99761,
31152,3.08873,
31153,3.12911,
31154,3.1424,
31155,2.89716,
31156,2.99988,
31157,3.07148,
31158,2.80225,
31159,2.88322,
31160,3.20798,
31161,3.01307,
31162,3.09708,
31163,2.87418,
31164,2.90242,
31165,3.10343,
31166,3.02892,
31167,2.89286,
31168,3.1782,
31169,3.09258,
31170,2.82093,
31171,2.96223,
31172,2.86196,
31173,3.00042,
31174,2.8615,
31175,2.95138,
31176,3.13352,
31177,3.02641,
31178,3.22677,
31179,3.21183,
31180,3.12739,
31181,3.20374,
31182,3.00533,
31183,3.04085,
31184,3.15887,
31185,3.12232,
31186,3.23602,
31187,3.29455,
31188,3.43328,
31189,4.282,
31190,3.11213,
31191,3.09795,
31192,3.12914,
31193,3.12882,
31194,3.0315,
31195,3.12992,
31196,3.06122,
31197,3.09638,
31198,3.00159,
31199,3.60795,
31200,3.08937,
31201,3.08894,
31202,2.72582,
31203,2.91358,
31204,3.13041,
31205,3.12432,
31206,3.25203,
31207,3.30732,
31208,3.11867,
31209,3.12647,
31210,3.11587,
31211,3.07156,
31212,3.27849,
31213,3.05569,
31214,3.067,
31215,3.22175,
31216,3.22142,
31217,3.11234,
31218,2.98775,
31219,3.00638,
31220,3.02913,
31221,3.0327,
31222,2.97184,
31223,2.78079,
31224,3.15147,
31225,3.01643,
31226,2.87028,
31227,2.90522,
31228,2.95523,
31229,3.09752,
31230,3.03797,
31231,2.95882,
31232,3.098,
31233,2.80252,
31234,3.0091,
31235,2.70189,
31236,3.07946,
31237,2.94896,
31238,2.98011,
31239,2.99712,
31240,2.98313,
31241,2.98049,
31242,2.97013,
31243,2.93184,
31244,2.80286,
31245,3.04238,
31246,3.01195,
31247,2.69763,
31248,2.80765,
31249,2.75836,
31250,2.99561,
31251,2.96673,
31252,2.94643,
31253,2.94631,
31254,2.99312,
31255,3.05859,
31256,2.7665,
31257,3.11632,
31258,2.97173,
31259,2.96906,
31260,2.93745,
31261,3.106,
31262,3.26753,
31263,3.18612,
31264,2.99161,
31265,2.92639,
31266,3.30077,
31267,3.08328,
31268,3.11554,
31269,2.98738,
31270,2.89822,
31271,2.93691,
31272,3.11947,
31273,2.69645,
31274,2.72239,
31275,2.5659,
31276,2.81113,
31277,2.98462,
31278,3.0774,
31279,3.04616,
31280,3.06929,
31281,2.95868,
31282,2.81336,
31283,2.88226,
31284,3.01022,
31285,3.17237,
31286,2.96852,
31287,2.91022,
31288,2.57046,
31289,2.62786,
31290,3.1034,
31291,2.79016,
31292,2.95025,
31293,2.75886,
31294,2.88559,
31295,2.73592,
31296,2.78999,
31297,2.75156,
31298,2.82235,
31299,2.77295,
31300,2.73204,
31301,2.83026,
31302,3.06326,
31303,2.73311,
31304,2.96925,
31305,2.93746,
31306,3.28457,
31307,3.22128,
31308,3.22266,
31309,3.22654,
31310,3.2459,
31311,3.21232,
31312,2.99269,
31313,2.77251,
31314,3.08394,
31315,2.95042,
31316,2.91189,
31317,3.14188,
31318,3.05494,
31319,3.12772,
31320,3.02426,
31321,2.9898,
31322,2.92201,
31323,3.04216,
31324,3.1421,
31325,3.04988,
31326,3.03856,
31327,2.98613,
31328,2.84816,
31329,3.19555,
31330,2.92019,
31331,2.92896,
31332,3.02411,
31333,3.07547,
31334,2.90848,
31335,3.35491,
31336,3.15902,
31337,3.25398,
31338,3.06589,
31339,3.20101,
31340,3.13745,
31341,3.05938,
31342,3.10042,
31343,3.06635,
31344,3.05632,
31345,3.06118,
31346,3.08257,
31347,3.0808,
31348,2.87397,
31349,3.03254,
31350,2.94735,
31351,2.94353,
31352,2.6855,
31353,2.82346,
31354,2.68854,
31355,2.91671,
31356,2.95439,
31357,2.74181,
31358,2.84776,
31359,2.82793,
31360,3.03547,
31361,2.93245,
31362,2.94215,
31363,2.91345,
31364,3.04302,
31365,3.10387,
31366,3.08469,
31367,3.07396,
31368,3.1556,
31369,3.064,
31370,3.20561,
31371,3.10859,
31372,3.1048,
31373,3.19023,
31374,3.04453,
31375,3.03454,
31376,2.81249,
31377,3.01867,
31378,3.01764,
31379,3.13178,
31380,3.03123,
31381,2.88487,
31382,2.98157,
31383,2.92172,
31384,2.9596,
31385,3.1136,
31386,3.18393,
31387,2.97652,
31388,2.89406,
31389,2.95143,
31390,3.14326,
31391,3.13388,
31392,3.15566,
31393,3.05096,
31394,3.23936,
31395,3.01844,
31396,3.14007,
31397,3.29717,
31398,3.05035,
31399,2.91882,
31400,2.90645,
31401,3.15352,
31402,3.17626,
31403,3.04932,
31404,3.12458,
31405,3.03132,
31406,3.24905,
31407,3.16721,
31408,3.3345,
31409,2.9579,
31410,3.028,
31411,2.79387,
31412,2.97655,
31413,2.96433,
31414,2.96076,
31415,2.95227,
31416,3.1737,
31417,3.07208,
31418,2.99163,
31419,2.78094,
31420,2.8935,
31421,2.98296,
31422,2.98609,
31423,2.91347,
31424,3.2548,
31425,3.21442,
31426,3.20762,
31427,3.13205,
31428,2.99052,
31429,3.14238,
31430,2.90611,
31431,3.19121,
31432,3.26084,
31433,3.16688,
31434,3.19435,
31435,3.41969,
31436,3.53108,
31437,3.11016,
31438,3.13867,
31439,3.17533,
31440,3.25515,
31441,3.44871,
31442,3.2098,
31443,3.09684,
31444,3.07229,
31445,2.99732,
31446,3.06254,
31447,3.05049,
31448,3.10235,
31449,3.01877,
31450,2.93892,
31451,3.07359,
31452,3.53874,
31453,3.57867,
31454,3.45144,
31455,3.43703,
31456,3.42449,
31457,3.48757,
31458,3.4225,
31459,3.40614,
31460,3.42553,
31461,3.42699,
31462,3.42461,
31463,3.37857,
31464,3.40221,
31465,3.27929,
31466,3.37187,
31467,3.45763,
31468,3.39934,
31469,3.31941,
31470,3.24848,
31471,3.10617,
31472,3.33017,
31473,3.17588,
31474,3.12524,
31475,3.11432,
31476,3.12955,
31477,3.026,
31478,3.20303,
31479,3.06179,
31480,3.0729,
31481,3.11024,
31482,2.93156,
31483,2.82718,
31484,3.11442,
31485,3.31674,
31486,3.18041,
31487,2.93881,
31488,3.12337,
31489,3.13376,
31490,3.01469,
31491,3.08109,
31492,3.12985,
31493,2.91977,
31494,3.05156,
31495,2.94726,
31496,2.89725,
31497,3.18714,
31498,3.05924,
31499,3.05437,
31500,3.13056,
31501,2.97764,
31502,2.91445,
31503,2.84761,
31504,2.90029,
31505,3.10147,
31506,2.99417,
31507,2.89864,
31508,3.09778,
31509,2.98986,
31510,2.93545,
31511,2.97654,
31512,2.82686,
31513,2.84059,
31514,3.08565,
31515,2.80466,
31516,2.85247,
31517,2.8813,
31518,2.94618,
31519,2.86835,
31520,2.86173,
31521,2.94265,
31522,2.85561,
31523,2.93512,
31524,2.9623,
31525,3.03217,
31526,2.99985,
31527,3.02756,
31528,2.901,
31529,3.09821,
31530,2.83351,
31531,2.99194,
31532,2.9892,
31533,2.95589,
31534,3.18682,
31535,2.91891,
31536,2.86127,
31537,3.09409,
31538,2.93701,
31539,2.75475,
31540,2.89462,
31541,3.14888,
31542,2.68593,
31543,2.79358,
31544,3.02418,
31545,2.7868,
31546,2.97595,
31547,2.88723,
31548,2.7976,
31549,2.75159,
31550,3.14949,
31551,3.0936,
31552,3.09114,
31553,3.00591,
31554,3.2056,
31555,3.08683,
31556,3.181,
31557,3.03934,
31558,2.99791,
31559,3.15015,
31560,3.02868,
31561,3.04952,
31562,3.02944,
31563,3.00924,
31564,3.08685,
31565,2.76567,
31566,2.9402,
31567,3.02077,
31568,3.0627,
31569,3.05725,
31570,2.72293,
31571,2.9517,
31572,3.01016,
31573,2.89041,
31574,2.61422,
31575,2.82151,
31576,2.86024,
31577,2.82991,
31578,2.88368,
31579,2.63951,
31580,2.70911,
31581,2.70679,
31582,2.87164,
31583,2.98523,
31584,3.45272,
31585,3.32022,
31586,3.15267,
31587,3.0882,
31588,3.23304,
31589,3.2424,
31590,2.9673,
31591,3.16767,
31592,3.03778,
31593,3.07498,
31594,2.95966,
31595,3.30113,
31596,3.10999,
31597,3.01019,
31598,3.15585,
31599,3.13742,
31600,3.04616,
31601,3.17992,
31602,2.99604,
31603,3.13604,
31604,3.11646,
31605,3.00823,
31606,2.95856,
31607,3.02628,
31608,2.98134,
31609,3.1599,
31610,3.11692,
31611,2.99501,
31612,3.16323,
31613,3.00419,
31614,3.09165,
31615,3.25298,
31616,3.13279,
31617,3.01704,
31618,3.09726,
31619,3.1058,
31620,2.92449,
31621,3.03195,
31622,3.03653,
31623,3.18429,
31624,2.94501,
31625,2.99348,
31626,2.92694,
31627,3.10777,
31628,3.12359,
31629,3.05638,
31630,2.80301,
31631,3.02864,
31632,2.95565,
31633,2.88891,
31634,3.04661,
31635,3.13918,
31636,3.02737,
31637,2.90968,
31638,3.00199,
31639,3.04206,
31640,2.94323,
31641,2.93392,
31642,2.84434,
31643,2.8959,
31644,2.89817,
31645,3.03218,
31646,2.74137,
31647,2.76061,
31648,2.81932,
31649,2.8985,
31650,2.9415,
31651,2.86277,
31652,2.68481,
31653,2.8727,
31654,2.77552,
31655,2.94269,
31656,2.78536,
31657,2.8527,
31658,3.03281,
31659,2.96947,
31660,3.00875,
31661,2.72176,
31662,2.88151,
31663,2.79295,
31664,2.88522,
31665,3.04503,
31666,2.67297,
31667,2.80563,
31668,2.64934,
31669,2.69318,
31670,2.91486,
31671,2.86583,
31672,2.89639,
31673,2.81192,
31674,3.04943,
31675,2.87317,
31676,3.0007,
31677,3.12466,
31678,3.14057,
31679,3.03266,
31680,3.08463,
31681,3.35721,
31682,3.04719,
31683,2.94372,
31684,3.15402,
31685,2.95861,
31686,3.12765,
31687,3.2041,
31688,3.08512,
31689,3.06536,
31690,3.09351,
31691,2.88848,
31692,3.09495,
31693,3.04783,
31694,2.89519,
31695,3.01029,
31696,2.97804,
31697,2.78927,
31698,2.98142,
31699,3.00298,
31700,2.83594,
31701,2.94319,
31702,3.0196,
31703,3.16015,
31704,2.9694,
31705,3.01391,
31706,2.92807,
31707,3.28194,
31708,3.32664,
31709,3.3247,
31710,3.29602,
31711,3.35731,
31712,3.26579,
31713,3.22402,
31714,3.3599,
31715,3.2142,
31716,3.26911,
31717,3.29462,
31718,3.29206,
31719,3.12466,
31720,3.30107,
31721,3.25683,
31722,3.26941,
31723,3.35368,
31724,3.19478,
31725,3.25699,
31726,3.22945,
31727,3.28931,
31728,3.20106,
31729,3.31058,
31730,2.79107,
31731,2.85603,
31732,2.74991,
31733,2.61842,
31734,2.7247,
31735,2.62196,
31736,2.92942,
31737,2.49846,
31738,2.75198,
31739,2.72315,
31740,2.80966,
31741,2.81111,
31742,2.60261,
31743,2.65155,
31744,2.85767,
31745,2.99063,
31746,2.9889,
31747,2.68284,
31748,2.66755,
31749,3.17214,
31750,3.25644,
31751,3.18848,
31752,3.23153,
31753,3.21845,
31754,3.24153,
31755,3.09929,
31756,2.89492,
31757,3.02735,
31758,3.15222,
31759,3.01607,
31760,3.10916,
31761,3.21449,
31762,3.25981,
31763,3.10601,
31764,3.031,
31765,2.86432,
31766,3.07193,
31767,3.01549,
31768,2.9805,
31769,2.77259,
31770,2.80064,
31771,2.73605,
31772,2.93509,
31773,2.96488,
31774,2.8775,
31775,3.06816,
31776,2.98021,
31777,3.06512,
31778,3.01673,
31779,3.14453,
31780,2.96389,
31781,2.96361,
31782,3.05556,
31783,2.81956,
31784,2.83056,
31785,2.82306,
31786,2.9988,
31787,3.15849,
31788,3.00651,
31789,2.81637,
31790,2.76572,
31791,2.68331,
31792,2.55607,
31793,2.66817,
31794,2.68823,
31795,2.95761,
31796,2.64415,
31797,2.67482,
31798,2.72801,
31799,2.96536,
31800,2.86182,
31801,3.08226,
31802,2.76414,
31803,3.234,
31804,2.9378,
31805,3.25162,
31806,3.35685,
31807,3.10337,
31808,3.22609,
31809,3.14809,
31810,3.02874,
31811,3.12869,
31812,3.11647,
31813,2.99307,
31814,2.87014,
31815,2.82532,
31816,2.97345,
31817,2.92805,
31818,2.99312,
31819,3.08644,
31820,2.88352,
31821,3.02411,
31822,2.81642,
31823,3.10752,
31824,3.06736,
31825,2.82972,
31826,2.75627,
31827,3.04921,
31828,2.75552,
31829,2.7706,
31830,2.78273,
31831,2.62825,
31832,2.66224,
31833,2.73127,
31834,3.26448,
31835,3.19502,
31836,3.33495,
31837,3.32688,
31838,3.33773,
31839,3.16189,
31840,2.95622,
31841,3.06527,
31842,3.01927,
31843,3.15732,
31844,3.38769,
31845,3.10918,
31846,3.15233,
31847,3.00022,
31848,2.99204,
31849,3.3122,
31850,3.22722,
31851,3.33921,
31852,3.1134,
31853,3.33701,
31854,3.02027,
31855,3.08771,
31856,3.01832,
31857,3.11072,
31858,2.92958,
31859,2.9617,
31860,2.92248,
31861,2.84878,
31862,3.10341,
31863,2.82993,
31864,2.87455,
31865,2.98791,
31866,3.04909,
31867,3.03989,
31868,2.91508,
31869,2.97126,
31870,2.84835,
31871,2.89755,
31872,2.8117,
31873,2.8389,
31874,2.9768,
31875,2.71202,
31876,2.7757,
31877,3.01296,
31878,2.89963,
31879,3.29178,
31880,3.33566,
31881,3.25614,
31882,3.38116,
31883,3.24979,
31884,3.22371,
31885,3.04273,
31886,3.1382,
31887,2.8723,
31888,2.97596,
31889,2.86508,
31890,2.94511,
31891,3.20921,
31892,3.2119,
31893,3.08215,
31894,3.23434,
31895,3.19661,
31896,2.87655,
31897,2.9526,
31898,2.98201,
31899,2.86112,
31900,3.0044,
31901,3.17752,
31902,3.11357,
31903,3.20074,
31904,3.32457,
31905,3.30954,
31906,2.754,
31907,2.94964,
31908,3.13165,
31909,3.12129,
31910,3.12798,
31911,3.14244,
31912,3.27443,
31913,3.17232,
31914,3.27352,
31915,3.01855,
31916,3.03565,
31917,3.21757,
31918,2.87612,
31919,3.13731,
31920,3.13417,
31921,3.08326,
31922,3.04926,
31923,3.05719,
31924,3.30196,
31925,3.15124,
31926,3.21829,
31927,3.10409,
31928,3.21155,
31929,3.15594,
31930,3.17314,
31931,2.97745,
31932,3.08189,
31933,3.05093,
31934,2.94549,
31935,2.99602,
31936,2.9109,
31937,3.0175,
31938,3.02059,
31939,3.11117,
31940,2.81413,
31941,3.01575,
31942,3.13207,
31943,3.04214,
31944,2.93679,
31945,2.91204,
31946,3.12931,
31947,2.89972,
31948,3.08004,
31949,2.27501,
31950,3.15668,
31951,3.12453,
31952,3.24443,
31953,3.33489,
31954,3.59725,
31955,3.20387,
31956,3.30044,
31957,3.12634,
31958,3.25854,
31959,3.26425,
31960,3.21979,
31961,3.2016,
31962,3.02086,
31963,3.09852,
31964,3.15679,
31965,3.23774,
31966,3.02556,
31967,3.1911,
31968,3.26696,
31969,3.14136,
31970,3.13027,
31971,3.04797,
31972,3.09164,
31973,3.17153,
31974,3.16766,
31975,3.13944,
31976,3.12347,
31977,2.98952,
31978,3.21992,
31979,3.23666,
31980,2.96577,
31981,3.12169,
31982,2.96402,
31983,2.88333,
31984,2.85332,
31985,2.72325,
31986,3.08068,
31987,3.03534,
31988,2.85443,
31989,2.96981,
31990,3.09576,
31991,2.91559,
31992,2.87532,
31993,2.91664,
31994,2.87799,
31995,3.0327,
31996,2.87054,
31997,2.98416,
31998,3.09566,
31999,2.93166,
32000,3.13112,
32001,3.06996,
32002,2.95052,
32003,2.97968,
32004,2.98393,
32005,3.19074,
32006,3.05565,
32007,3.00647,
32008,3.03887,
32009,3.13311,
32010,2.94569,
32011,2.7731,
32012,2.95666,
32013,2.8849,
32014,3.00309,
32015,2.99378,
32016,2.72144,
32017,3.06577,
32018,3.13248,
32019,3.06797,
32020,2.96639,
32021,2.9051,
32022,3.1657,
32023,2.95793,
32024,2.66999,
32025,3.01524,
32026,3.02625,
32027,3.21468,
32028,2.96624,
32029,2.878,
32030,3.01893,
32031,2.94159,
32032,2.90818,
32033,2.93246,
32034,2.95695,
32035,3.15409,
32036,3.12016,
32037,3.10885,
32038,2.93125,
32039,2.9574,
32040,2.90558,
32041,3.13088,
32042,3.12944,
32043,3.06585,
32044,3.045,
32045,3.27713,
32046,2.96487,
32047,3.03851,
32048,3.03911,
32049,2.86705,
32050,3.13856,
32051,3.08858,
32052,3.21971,
32053,3.0321,
32054,2.74885,
32055,2.83562,
32056,3.00863,
32057,2.82302,
32058,2.91207,
32059,2.77053,
32060,2.93316,
32061,3.15099,
32062,3.14851,
32063,3.01172,
32064,3.16897,
32065,3.10717,
32066,3.13135,
32067,3.0489,
32068,3.15603,
32069,3.15235,
32070,3.19079,
32071,3.08495,
32072,3.11892,
32073,3.10273,
32074,2.9949,
32075,3.16127,
32076,2.77447,
32077,2.92718,
32078,3.11333,
32079,2.99343,
32080,3.06893,
32081,2.82446,
32082,2.95432,
32083,3.09257,
32084,2.85058,
32085,2.98936,
32086,2.87615,
32087,2.78947,
32088,2.96767,
32089,2.75651,
32090,2.86661,
32091,2.86843,
32092,2.95945,
32093,2.86749,
32094,3.02997,
32095,3.09626,
32096,3.03538,
32097,2.87513,
32098,2.93806,
32099,2.91888,
32100,2.96449,
32101,2.79438,
32102,3.16035,
32103,3.01704,
32104,3.04803,
32105,3.12773,
32106,3.05534,
32107,2.97951,
32108,3.06039,
32109,3.00543,
32110,3.04757,
32111,3.07471,
32112,3.18254,
32113,3.29754,
32114,3.1327,
32115,3.07545,
32116,3.04885,
32117,2.9367,
32118,2.97834,
32119,2.85487,
32120,2.9496,
32121,2.80524,
32122,3.01103,
32123,2.90912,
32124,3.111,
32125,2.94375,
32126,3.06558,
32127,3.14456,
32128,3.20919,
32129,3.232,
32130,2.9795,
32131,2.84616,
32132,3.08487,
32133,2.77803,
32134,3.06389,
32135,3.14845,
32136,3.21191,
32137,3.24032,
32138,3.25245,
32139,2.92485,
32140,3.22162,
32141,3.09042,
32142,3.08283,
32143,3.06272,
32144,3.22283,
32145,2.98034,
32146,3.17114,
32147,2.8065,
32148,3.18174,
32149,3.17185,
32150,3.31491,
32151,3.05204,
32152,3.12269,
32153,3.2141,
32154,2.95896,
32155,3.15691,
32156,2.83449,
32157,2.97726,
32158,2.98334,
32159,3.26548,
32160,3.19815,
32161,2.8279,
32162,3.07787,
32163,2.98501,
32164,3.09858,
32165,3.10918,
32166,3.31459,
32167,3.12742,
32168,2.98468,
32169,3.09649,
32170,3.17064,
32171,2.97569,
32172,2.90128,
32173,2.88582,
32174,3.18968,
32175,3.25271,
32176,3.28024,
32177,3.20096,
32178,3.11925,
32179,3.08184,
32180,2.91066,
32181,3.21681,
32182,3.08852,
32183,3.16514,
32184,3.09189,
32185,3.10123,
32186,3.07548,
32187,3.20546,
32188,3.10765,
32189,3.03175,
32190,3.10134,
32191,3.18321,
32192,2.94474,
32193,3.2736,
32194,3.12367,
32195,3.0033,
32196,2.91971,
32197,3.15425,
32198,3.1368,
32199,3.00816,
32200,2.96964,
32201,3.15819,
32202,2.93157,
32203,2.92725,
32204,3.06997,
32205,2.90717,
32206,3.01392,
32207,3.14231,
32208,3.14684,
32209,2.99746,
32210,2.94478,
32211,2.91367,
32212,3.11889,
32213,3.14657,
32214,2.74383,
32215,2.9926,
32216,2.99029,
32217,3.0825,
32218,3.12202,
32219,3.12456,
32220,2.90425,
32221,2.98963,
32222,3.06287,
32223,2.78202,
32224,2.86819,
32225,3.20334,
32226,3.01722,
32227,3.08721,
32228,2.86191,
32229,2.896,
32230,3.08959,
32231,3.02188,
32232,2.88352,
32233,3.16586,
32234,3.07552,
32235,2.83338,
32236,2.955,
32237,2.85248,
32238,3.00049,
32239,2.86232,
32240,2.95236,
32241,3.12682,
32242,3.0111,
32243,3.2194,
32244,3.20899,
32245,3.11119,
32246,3.20837,
32247,2.98161,
32248,3.04339,
32249,3.16115,
32250,3.11774,
32251,3.23903,
32252,3.29445,
32253,3.42231,
32254,4.27954,
32255,3.11906,
32256,3.08928,
32257,3.129,
32258,3.12639,
32259,3.02194,
32260,3.13411,
32261,3.05249,
32262,3.09066,
32263,3.00693,
32264,3.59122,
32265,3.08431,
32266,3.07956,
32267,2.71024,
32268,2.89959,
32269,3.12621,
32270,3.11597,
32271,3.25212,
32272,3.30246,
32273,3.10718,
32274,3.12624,
32275,3.11713,
32276,3.06233,
32277,3.27466,
32278,3.05215,
32279,3.06744,
32280,3.21944,
32281,3.21949,
32282,3.10175,
32283,2.97941,
32284,2.98663,
32285,3.03806,
32286,3.01492,
32287,2.95809,
32288,2.75955,
32289,3.13449,
32290,3.00069,
32291,2.86178,
32292,2.90378,
32293,2.94943,
32294,3.07742,
32295,3.0299,
32296,2.95931,
32297,3.08996,
32298,2.78729,
32299,2.98893,
32300,2.70327,
32301,3.06973,
32302,2.94204,
32303,2.98083,
32304,2.98932,
32305,2.98435,
32306,2.96882,
32307,2.94514,
32308,2.92745,
32309,2.81037,
32310,3.02801,
32311,3.00123,
32312,2.70309,
32313,2.80756,
32314,2.75321,
32315,2.97909,
32316,2.96229,
32317,2.94759,
32318,2.94582,
32319,2.99503,
32320,3.03605,
32321,2.78579,
32322,3.11191,
32323,2.97119,
32324,2.96476,
32325,2.92966,
32326,3.1105,
32327,3.25679,
32328,3.17799,
32329,2.96868,
32330,2.92018,
32331,3.28911,
32332,3.08412,
32333,3.10819,
32334,2.98314,
32335,2.91005,
32336,2.94962,
32337,3.11928,
32338,2.69787,
32339,2.71272,
32340,2.57244,
32341,2.82087,
32342,2.98455,
32343,3.07507,
32344,3.04082,
32345,3.06318,
32346,2.95065,
32347,2.81482,
32348,2.90537,
32349,3.01164,
32350,3.15986,
32351,2.96668,
32352,2.90734,
32353,2.55313,
32354,2.60993,
32355,3.10511,
32356,2.79047,
32357,2.94222,
32358,2.75562,
32359,2.88853,
32360,2.73258,
32361,2.78241,
32362,2.74163,
32363,2.81116,
32364,2.77469,
32365,2.70872,
32366,2.82747,
32367,3.0496,
32368,2.72651,
32369,2.96141,
32370,2.92514,
32371,3.26669,
32372,3.2135,
32373,3.20724,
32374,3.21417,
32375,3.23395,
32376,3.20025,
32377,2.96597,
32378,2.75593,
32379,3.07191,
32380,2.93231,
32381,2.91883,
32382,3.14053,
32383,3.03424,
32384,3.12307,
32385,3.01641,
32386,2.9722,
32387,2.92246,
32388,3.03847,
32389,3.12822,
32390,3.041,
32391,3.02566,
32392,2.97919,
32393,2.84353,
32394,3.19419,
32395,2.90889,
32396,2.9096,
32397,3.01265,
32398,3.08292,
32399,2.89374,
32400,3.33422,
32401,3.14966,
32402,3.24094,
32403,3.059,
32404,3.19394,
32405,3.1159,
32406,3.05087,
32407,3.08942,
32408,3.05732,
32409,3.04835,
32410,3.06901,
32411,3.07807,
32412,3.07922,
32413,2.86881,
32414,3.04837,
32415,2.94222,
32416,2.9264,
32417,2.68751,
32418,2.81722,
32419,2.69812,
32420,2.91281,
32421,2.94516,
32422,2.73852,
32423,2.84446,
32424,2.81015,
32425,3.01496,
32426,2.91554,
32427,2.92102,
32428,2.89604,
32429,3.04217,
32430,3.09567,
32431,3.07894,
32432,3.0711,
32433,3.13367,
32434,3.0431,
32435,3.19872,
32436,3.1096,
32437,3.11724,
32438,3.19326,
32439,3.03619,
32440,3.0335,
32441,2.79164,
32442,3.01276,
32443,3.00341,
32444,3.11419,
32445,3.03825,
32446,2.87492,
32447,2.97917,
32448,2.90823,
32449,2.95975,
32450,3.10316,
32451,3.17341,
32452,2.95572,
32453,2.90067,
32454,2.94896,
32455,3.15034,
32456,3.1351,
32457,3.16054,
32458,3.02926,
32459,3.23553,
32460,3.01008,
32461,3.13183,
32462,3.2917,
32463,3.05284,
32464,2.91009,
32465,2.89701,
32466,3.16244,
32467,3.17012,
32468,3.04582,
32469,3.11892,
32470,3.01904,
32471,3.25781,
32472,3.15756,
32473,3.33573,
32474,2.978,
32475,3.02567,
32476,2.77448,
32477,2.97638,
32478,2.96753,
32479,2.9604,
32480,2.93754,
32481,3.16745,
32482,3.08192,
32483,2.99979,
32484,2.77296,
32485,2.8881,
32486,2.96709,
32487,2.989,
32488,2.89941,
32489,3.23473,
32490,3.20455,
32491,3.20048,
32492,3.12024,
32493,2.96945,
32494,3.14736,
32495,2.881,
32496,3.18839,
32497,3.2529,
32498,3.16673,
32499,3.18435,
32500,3.41309,
32501,3.52266,
32502,3.10272,
32503,3.13301,
32504,3.17329,
32505,3.24993,
32506,3.4504,
32507,3.19596,
32508,3.08028,
32509,3.06891,
32510,2.97066,
32511,3.05781,
32512,3.05711,
32513,3.10897,
32514,3.02005,
32515,2.92457,
32516,3.08251,
32517,3.52206,
32518,3.55572,
32519,3.44229,
32520,3.43048,
32521,3.43169,
32522,3.47693,
32523,3.41291,
32524,3.38857,
32525,3.41651,
32526,3.42352,
32527,3.41809,
32528,3.36625,
32529,3.40408,
32530,3.28994,
32531,3.36914,
32532,3.44771,
32533,3.39042,
32534,3.30845,
32535,3.24498,
32536,3.0963,
32537,3.32521,
32538,3.16444,
32539,3.11507,
32540,3.10159,
32541,3.12593,
32542,3.01434,
32543,3.18246,
32544,3.05065,
32545,3.06618,
32546,3.1084,
32547,2.92518,
32548,2.83233,
32549,3.09245,
32550,3.29711,
32551,3.17199,
32552,2.93042,
32553,3.09651,
32554,3.12311,
32555,3.01794,
32556,3.06717,
32557,3.12493,
32558,2.92295,
32559,3.05116,
32560,2.9417,
32561,2.88273,
32562,3.19069,
32563,3.04521,
32564,3.03636,
32565,3.11372,
32566,2.97674,
32567,2.90898,
32568,2.85464,
32569,2.88993,
32570,3.09694,
32571,3.00337,
32572,2.86912,
32573,3.10941,
32574,2.98481,
32575,2.94303,
32576,2.97113,
32577,2.83434,
32578,2.83336,
32579,3.05541,
32580,2.79482,
32581,2.85073,
32582,2.87137,
32583,2.93764,
32584,2.87148,
32585,2.8426,
32586,2.93362,
32587,2.838,
32588,2.92397,
32589,2.95139,
32590,3.03838,
32591,3.00702,
32592,3.02098,
32593,2.89771,
32594,3.08901,
32595,2.83716,
32596,2.98005,
32597,2.98785,
32598,2.93195,
32599,3.17895,
32600,2.91881,
32601,2.85103,
32602,3.07538,
32603,2.9319,
32604,2.75436,
32605,2.87675,
32606,3.13144,
32607,2.67226,
32608,2.77974,
32609,3.01336,
32610,2.77109,
32611,2.97054,
32612,2.88548,
32613,2.80435,
32614,2.7642,
32615,3.13668,
32616,3.08529,
32617,3.08152,
32618,2.98672,
32619,3.19333,
32620,3.08038,
32621,3.16589,
32622,3.03144,
32623,2.98911,
32624,3.12432,
32625,3.02714,
32626,3.04742,
32627,3.01545,
32628,3.00693,
32629,3.0775,
32630,2.75209,
32631,2.93675,
32632,3.01252,
32633,3.06826,
32634,3.04965,
32635,2.7073,
32636,2.95034,
32637,3.00505,
32638,2.88271,
32639,2.61787,
32640,2.81073,
32641,2.86379,
32642,2.81962,
32643,2.87143,
32644,2.63165,
32645,2.70535,
32646,2.711,
32647,2.87518,
32648,2.97434,
32649,3.43603,
32650,3.31479,
32651,3.14986,
32652,3.07178,
32653,3.23725,
32654,3.24102,
32655,2.96222,
32656,3.1505,
32657,3.03175,
32658,3.06506,
32659,2.9464,
32660,3.30229,
32661,3.09243,
32662,3.02017,
32663,3.16439,
32664,3.12429,
32665,3.03975,
32666,3.16553,
32667,2.99423,
32668,3.13549,
32669,3.12435,
32670,3.01494,
32671,2.95386,
32672,3.00753,
32673,2.97983,
32674,3.15594,
32675,3.11022,
32676,2.99233,
32677,3.15815,
32678,2.99795,
32679,3.06976,
32680,3.25137,
32681,3.12531,
32682,3.00706,
32683,3.09361,
32684,3.10859,
32685,2.91314,
32686,3.03588,
32687,3.03438,
32688,3.18273,
32689,2.94271,
32690,2.98615,
32691,2.91159,
32692,3.10238,
32693,3.11193,
32694,3.05901,
32695,2.80289,
32696,3.0272,
32697,2.96022,
32698,2.87248,
32699,3.04078,
32700,3.13679,
32701,3.01086,
32702,2.9093,
32703,2.98774,
32704,3.01898,
32705,2.93768,
32706,2.93373,
32707,2.82689,
32708,2.89766,
32709,2.88306,
32710,3.02724,
32711,2.72397,
32712,2.75997,
32713,2.8108,
32714,2.88181,
32715,2.93057,
32716,2.84847,
32717,2.68984,
32718,2.87446,
32719,2.76287,
32720,2.92625,
32721,2.7891,
32722,2.84527,
32723,3.03208,
32724,2.96926,
32725,3.00103,
32726,2.72539,
32727,2.88829,
32728,2.78496,
32729,2.88483,
32730,3.04722,
32731,2.66997,
32732,2.79505,
32733,2.66344,
32734,2.67135,
32735,2.9087,
32736,2.84886,
32737,2.89349,
32738,2.813,
32739,3.03174,
32740,2.85945,
32741,2.99033,
32742,3.13247,
32743,3.13001,
32744,3.03707,
32745,3.08005,
32746,3.34821,
32747,3.03691,
32748,2.93355,
32749,3.15195,
32750,2.96571,
32751,3.11241,
32752,3.204,
32753,3.07594,
32754,3.07206,
32755,3.07531,
32756,2.87716,
32757,3.08023,
32758,3.05234,
32759,2.88877,
32760,3.00535,
32761,2.99242,
32762,2.78339,
32763,2.96966,
32764,2.98709,
32765,2.8312,
32766,2.93404,
32767,3.01449,
32768,3.16019,
32769,2.96313,
32770,3.00411,
32771,2.92238,
32772,3.27479,
32773,3.30311,
32774,3.32202,
32775,3.2895,
32776,3.36017,
32777,3.28332,
32778,3.22124,
32779,3.3579,
32780,3.20528,
32781,3.26708,
32782,3.2907,
32783,3.30364,
32784,3.11854,
32785,3.30414,
32786,3.23924,
32787,3.26765,
32788,3.33801,
32789,3.20397,
32790,3.25497,
32791,3.21811,
32792,3.27538,
32793,3.18733,
32794,3.28376,
32795,2.76409,
32796,2.84302,
32797,2.75161,
32798,2.60537,
32799,2.72322,
32800,2.62043,
32801,2.9311,
32802,2.48594,
32803,2.75074,
32804,2.72477,
32805,2.79452,
32806,2.80914,
32807,2.59058,
32808,2.665,
32809,2.83432,
32810,2.98562,
32811,2.98115,
32812,2.67684,
32813,2.64529,
32814,3.15703,
32815,3.23798,
32816,3.18042,
32817,3.22694,
32818,3.2064,
32819,3.22627,
32820,3.08757,
32821,2.89343,
32822,3.02096,
32823,3.15016,
32824,3.01478,
32825,3.09354,
32826,3.20364,
32827,3.25667,
32828,3.11025,
32829,3.02142,
32830,2.85616,
32831,3.0592,
32832,3.00293,
32833,2.98097,
32834,2.76116,
32835,2.78826,
32836,2.7419,
32837,2.93594,
32838,2.96278,
32839,2.88078,
32840,3.06026,
32841,2.98294,
32842,3.06687,
32843,3.00504,
32844,3.13413,
32845,2.9579,
32846,2.94447,
32847,3.04679,
32848,2.80859,
32849,2.81526,
32850,2.81705,
32851,2.99217,
32852,3.15217,
32853,2.98611,
32854,2.81703,
32855,2.76052,
32856,2.66964,
32857,2.54459,
32858,2.65999,
32859,2.68101,
32860,2.95132,
32861,2.64326,
32862,2.67223,
32863,2.72847,
32864,2.9515,
32865,2.8615,
32866,3.06963,
32867,2.76412,
32868,3.23109,
32869,2.9251,
32870,3.23594,
32871,3.35326,
32872,3.0891,
32873,3.21991,
32874,3.15029,
32875,3.01302,
32876,3.12304,
32877,3.09957,
32878,2.98713,
32879,2.85753,
32880,2.81618,
32881,2.9722,
32882,2.93685,
32883,2.9817,
32884,3.09323,
32885,2.87178,
32886,3.01262,
32887,2.81728,
32888,3.10783,
32889,3.06764,
32890,2.82719,
32891,2.75843,
32892,3.04679,
32893,2.75317,
32894,2.76978,
32895,2.78788,
32896,2.61657,
32897,2.66722,
32898,2.72615,
32899,3.2547,
32900,3.1862,
32901,3.34414,
32902,3.32851,
32903,3.33752,
32904,3.1576,
32905,2.94382,
32906,3.05566,
32907,3.0064,
32908,3.15628,
32909,3.37408,
32910,3.11675,
32911,3.15183,
32912,3.00338,
32913,2.99317,
32914,3.30359,
32915,3.22737,
32916,3.3308,
32917,3.10439,
32918,3.32935,
32919,3.0248,
32920,3.07122,
32921,3.01457,
32922,3.08682,
32923,2.92161,
32924,2.9491,
32925,2.90865,
32926,2.85221,
32927,3.0967,
32928,2.82827,
32929,2.85648,
32930,2.97852,
32931,3.03605,
32932,3.03001,
32933,2.92068,
32934,2.97241,
32935,2.85425,
32936,2.87778,
32937,2.80179,
32938,2.8227,
32939,2.96089,
32940,2.70314,
32941,2.75541,
32942,3.02414,
32943,2.88578,
32944,3.28337,
32945,3.33383,
32946,3.2616,
32947,3.37524,
32948,3.24224,
32949,3.22138,
32950,3.03447,
32951,3.14221,
32952,2.85438,
32953,2.96472,
32954,2.86492,
32955,2.93493,
32956,3.2074,
32957,3.20476,
32958,3.08618,
32959,3.21542,
32960,3.182,
32961,2.87401,
32962,2.93454,
32963,2.97454,
32964,2.85688,
32965,3.00681,
32966,3.16249,
32967,3.10893,
32968,3.1957,
32969,3.31384,
32970,3.30554,
32971,2.7566,
32972,2.94286,
32973,3.12713,
32974,3.11694,
32975,3.12103,
32976,3.14468,
32977,3.25688,
32978,3.1594,
32979,3.25557,
32980,3.02439,
32981,3.03385,
32982,3.2058,
32983,2.87353,
32984,3.13711,
32985,3.11916,
32986,3.09199,
32987,3.03862,
32988,3.04483,
32989,3.29627,
32990,3.12836,
32991,3.21571,
32992,3.08923,
32993,3.21558,
32994,3.15113,
32995,3.16419,
32996,2.97281,
32997,3.07689,
32998,3.05007,
32999,2.9292,
33000,3.00221,
33001,2.91474,
33002,3.02107,
33003,3.02216,
33004,3.10179,
33005,2.81152,
33006,3.01242,
33007,3.12023,
33008,3.03335,
33009,2.9265,
33010,2.89304,
33011,3.12732,
33012,2.89969,
33013,3.07696,
33014,2.26152,
33015,3.12576,
33016,3.11204,
33017,3.24014,
33018,3.32489,
33019,3.5846,
33020,3.1942,
33021,3.28091,
33022,3.12436,
33023,3.26381,
33024,3.25879,
33025,3.20489,
33026,3.19656,
33027,3.02616,
33028,3.09002,
33029,3.14945,
33030,3.24683,
33031,3.01536,
33032,3.17818,
33033,3.2882,
33034,3.13986,
33035,3.1178,
33036,3.03908,
33037,3.08559,
33038,3.17441,
33039,3.15346,
33040,3.1214,
33041,3.11278,
33042,2.96942,
33043,3.2131,
33044,3.21997,
33045,2.96939,
33046,3.11917,
33047,2.95052,
33048,2.87442,
33049,2.85826,
33050,2.73042,
33051,3.06416,
33052,3.00729,
33053,2.86765,
33054,2.97187,
33055,3.08672,
33056,2.90861,
33057,2.87683,
33058,2.91103,
33059,2.86915,
33060,3.02326,
33061,2.86149,
33062,2.97592,
33063,3.08633,
33064,2.92114,
33065,3.1284,
33066,3.05576,
33067,2.93542,
33068,2.97113,
33069,2.97736,
33070,3.19406,
33071,3.05227,
33072,2.99892,
33073,3.0328,
33074,3.10945,
33075,2.94318,
33076,2.76459,
33077,2.94095,
33078,2.87112,
33079,2.98527,
33080,2.98851,
33081,2.73101,
33082,3.052,
33083,3.13025,
33084,3.06866,
33085,2.95726,
33086,2.90387,
33087,3.15568,
33088,2.93984,
33089,2.66322,
33090,3.00875,
33091,3.01587,
33092,3.19191,
33093,2.96361,
33094,2.86928,
33095,3.0147,
33096,2.9456,
33097,2.92574,
33098,2.93365,
33099,2.95113,
33100,3.13598,
33101,3.11375,
33102,3.09994,
33103,2.90555,
33104,2.95802,
33105,2.90342,
33106,3.11862,
33107,3.1148,
33108,3.05496,
33109,3.03968,
33110,3.25308,
33111,2.9662,
33112,3.03542,
33113,3.02469,
33114,2.85778,
33115,3.12484,
33116,3.0842,
33117,3.20536,
33118,3.02586,
33119,2.74465,
33120,2.80838,
33121,3.01379,
33122,2.82716,
33123,2.90937,
33124,2.76104,
33125,2.93018,
33126,3.14142,
33127,3.13928,
33128,3.0133,
33129,3.15732,
33130,3.08119,
33131,3.10862,
33132,3.04445,
33133,3.14084,
33134,3.13638,
33135,3.18039,
33136,3.06837,
33137,3.1111,
33138,3.08624,
33139,2.99416,
33140,3.1631,
33141,2.76471,
33142,2.91628,
33143,3.10987,
33144,2.9933,
33145,3.07049,
33146,2.82237,
33147,2.94146,
33148,3.08464,
33149,2.82802,
33150,2.99121,
33151,2.86965,
33152,2.78105,
33153,2.95391,
33154,2.74281,
33155,2.85416,
33156,2.86299,
33157,2.96434,
33158,2.8591,
33159,3.03196,
33160,3.09038,
33161,3.03838,
33162,2.86795,
33163,2.92582,
33164,2.90843,
33165,2.95732,
33166,2.78482,
33167,3.14365,
33168,3.00877,
33169,3.04193,
33170,3.1141,
33171,3.03199,
33172,2.97397,
33173,3.05384,
33174,2.99335,
33175,3.04489,
33176,3.076,
33177,3.17216,
33178,3.26981,
33179,3.12976,
33180,3.06711,
33181,3.03887,
33182,2.92459,
33183,2.97138,
33184,2.848,
33185,2.93955,
33186,2.80626,
33187,3.01289,
33188,2.8947,
33189,3.11543,
33190,2.93884,
33191,3.06332,
33192,3.13952,
33193,3.19687,
33194,3.2213,
33195,2.97412,
33196,2.84341,
33197,3.08634,
33198,2.77998,
33199,3.06323,
33200,3.13646,
33201,3.21229,
33202,3.23809,
33203,3.24153,
33204,2.91973,
33205,3.21614,
33206,3.08569,
33207,3.07571,
33208,3.05732,
33209,3.21296,
33210,2.96124,
33211,3.16536,
33212,2.80911,
33213,3.16986,
33214,3.17246,
33215,3.31168,
33216,3.03363,
33217,3.11563,
33218,3.2078,
33219,2.97398,
33220,3.15269,
33221,2.84069,
33222,2.97632,
33223,2.97295,
33224,3.26204,
33225,3.18829,
33226,2.83536,
33227,3.06622,
33228,2.9816,
33229,3.0927,
33230,3.10082,
33231,3.30409,
33232,3.11009,
33233,2.98289,
33234,3.09098,
33235,3.15721,
33236,2.98149,
33237,2.90508,
33238,2.87312,
33239,3.17086,
33240,3.24301,
33241,3.26614,
33242,3.20245,
33243,3.10598,
33244,3.07114,
33245,2.90147,
33246,3.21411,
33247,3.08877,
33248,3.15392,
33249,3.08789,
33250,3.08724,
33251,3.06393,
33252,3.19214,
33253,3.10937,
33254,3.02808,
33255,3.10082,
33256,3.17418,
33257,2.9313,
33258,3.26886,
33259,3.11609,
33260,2.99083,
33261,2.90935,
33262,3.14514,
33263,3.13039,
33264,3.01116,
33265,2.95834,
33266,3.15475,
33267,2.92915,
33268,2.93281,
33269,3.06195,
33270,2.91005,
33271,3.00499,
33272,3.13207,
33273,3.1464,
33274,2.99578,
33275,2.93504,
33276,2.90858,
33277,3.10795,
33278,3.13623,
33279,2.74407,
33280,2.98386,
33281,2.98143,
33282,3.08111,
33283,3.12339,
33284,3.12622,
33285,2.89063,
33286,2.98449,
33287,3.05384,
33288,2.78842,
33289,2.86215,
33290,3.19989,
33291,2.98643,
33292,3.07603,
33293,2.86547,
33294,2.88592,
33295,3.08597,
33296,3.0115,
33297,2.87503,
33298,3.15451,
33299,3.08291,
33300,2.8147,
33301,2.93903,
33302,2.85865,
33303,2.98771,
33304,2.84723,
33305,2.93745,
33306,3.11393,
33307,3.00353,
33308,3.20148,
33309,3.19641,
33310,3.10303,
33311,3.20158,
33312,2.98374,
33313,3.04841,
33314,3.15731,
33315,3.11253,
33316,3.22192,
33317,3.29707,
33318,3.43223,
33319,4.27941,
33320,3.10965,
33321,3.07972,
33322,3.11466,
33323,3.11609,
33324,3.02253,
33325,3.11479,
33326,3.04901,
33327,3.07896,
33328,3.00298,
33329,3.59918,
33330,3.08188,
33331,3.07796,
33332,2.70426,
33333,2.89939,
33334,3.12204,
33335,3.11528,
33336,3.23643,
33337,3.29724,
33338,3.12149,
33339,3.12497,
33340,3.10322,
33341,3.04223,
33342,3.25628,
33343,3.04047,
33344,3.0662,
33345,3.20688,
33346,3.2026,
33347,3.0955,
33348,2.97489,
33349,2.9666,
33350,3.00301,
33351,3.01684,
33352,2.95032,
33353,2.75833,
33354,3.14066,
33355,2.99377,
33356,2.86839,
33357,2.90626,
33358,2.9508,
33359,3.08389,
33360,3.03089,
33361,2.95497,
33362,3.08186,
33363,2.7934,
33364,2.98558,
33365,2.67981,
33366,3.05919,
33367,2.94581,
33368,2.96763,
33369,2.98754,
33370,2.98113,
33371,2.96345,
33372,2.94076,
33373,2.91718,
33374,2.79392,
33375,3.0204,
33376,2.9924,
33377,2.68672,
33378,2.81036,
33379,2.75448,
33380,2.97263,
33381,2.96638,
33382,2.93831,
33383,2.93808,
33384,2.99239,
33385,3.03307,
33386,2.758,
33387,3.10781,
33388,2.97815,
33389,2.95486,
33390,2.92922,
33391,3.10008,
33392,3.25663,
33393,3.18042,
33394,2.95354,
33395,2.90406,
33396,3.29027,
33397,3.0675,
33398,3.11002,
33399,2.99424,
33400,2.88614,
33401,2.92014,
33402,3.11,
33403,2.69242,
33404,2.70992,
33405,2.56392,
33406,2.80669,
33407,2.97084,
33408,3.07171,
33409,3.03661,
33410,3.05816,
33411,2.94709,
33412,2.8067,
33413,2.88017,
33414,2.99895,
33415,3.1666,
33416,2.95391,
33417,2.91053,
33418,2.54592,
33419,2.62056,
33420,3.09241,
33421,2.77992,
33422,2.94239,
33423,2.76582,
33424,2.86633,
33425,2.73385,
33426,2.79326,
33427,2.74082,
33428,2.80959,
33429,2.77269,
33430,2.73276,
33431,2.81455,
33432,3.0415,
33433,2.73109,
33434,2.95836,
33435,2.90408,
33436,3.27138,
33437,3.20151,
33438,3.19891,
33439,3.21273,
33440,3.22272,
33441,3.19548,
33442,2.96491,
33443,2.75318,
33444,3.07094,
33445,2.92977,
33446,2.91263,
33447,3.13109,
33448,3.03598,
33449,3.10726,
33450,3.01245,
33451,2.97497,
33452,2.91631,
33453,3.02753,
33454,3.12912,
33455,3.03682,
33456,3.01648,
33457,2.98329,
33458,2.84672,
33459,3.19026,
33460,2.9042,
33461,2.90436,
33462,3.01437,
33463,3.06881,
33464,2.89603,
33465,3.32226,
33466,3.14466,
33467,3.24456,
33468,3.04261,
33469,3.19233,
33470,3.09949,
33471,3.04743,
33472,3.07662,
33473,3.0535,
33474,3.03938,
33475,3.05508,
33476,3.08627,
33477,3.0601,
33478,2.8641,
33479,3.03107,
33480,2.95226,
33481,2.92556,
33482,2.6811,
33483,2.80915,
33484,2.66289,
33485,2.92232,
33486,2.94795,
33487,2.73984,
33488,2.84336,
33489,2.80528,
33490,3.00665,
33491,2.92001,
33492,2.9185,
33493,2.88001,
33494,3.04826,
33495,3.09131,
33496,3.08303,
33497,3.06065,
33498,3.14269,
33499,3.0334,
33500,3.19515,
33501,3.09838,
33502,3.09506,
33503,3.1861,
33504,3.0489,
33505,3.03112,
33506,2.79672,
33507,3.01887,
33508,2.99598,
33509,3.10686,
33510,3.02841,
33511,2.87009,
33512,2.97213,
33513,2.90022,
33514,2.95658,
33515,3.10148,
33516,3.17416,
33517,2.94638,
33518,2.89293,
33519,2.93094,
33520,3.13517,
33521,3.11682,
33522,3.15391,
33523,3.0162,
33524,3.20432,
33525,2.99932,
33526,3.11643,
33527,3.29696,
33528,3.03304,
33529,2.90805,
33530,2.88715,
33531,3.14069,
33532,3.15766,
33533,3.04581,
33534,3.11405,
33535,3.0126,
33536,3.23909,
33537,3.15453,
33538,3.3147,
33539,2.94684,
33540,3.02115,
33541,2.76669,
33542,2.96595,
33543,2.95174,
33544,2.96117,
33545,2.92908,
33546,3.1519,
33547,3.06477,
33548,2.99132,
33549,2.77318,
33550,2.87752,
33551,2.9693,
33552,2.97841,
33553,2.89685,
33554,3.23254,
33555,3.20464,
33556,3.18992,
33557,3.12583,
33558,2.96407,
33559,3.13372,
33560,2.89084,
33561,3.18607,
33562,3.24245,
33563,3.15513,
33564,3.17843,
33565,3.40972,
33566,3.51832,
33567,3.09822,
33568,3.12317,
33569,3.15988,
33570,3.26413,
33571,3.4399,
33572,3.19317,
33573,3.07394,
33574,3.06084,
33575,2.97617,
33576,3.06177,
33577,3.04209,
33578,3.09394,
33579,3.01725,
33580,2.9143,
33581,3.06544,
33582,3.51212,
33583,3.55378,
33584,3.43927,
33585,3.42157,
33586,3.41417,
33587,3.47139,
33588,3.40903,
33589,3.39114,
33590,3.41716,
33591,3.42449,
33592,3.41899,
33593,3.36596,
33594,3.39663,
33595,3.28245,
33596,3.3704,
33597,3.4422,
33598,3.3856,
33599,3.31477,
33600,3.25315,
33601,3.09144,
33602,3.30739,
33603,3.15516,
33604,3.10937,
33605,3.10052,
33606,3.13067,
33607,3.00885,
33608,3.17594,
33609,3.05162,
33610,3.05946,
33611,3.08466,
33612,2.90561,
33613,2.82465,
33614,3.09536,
33615,3.28725,
33616,3.16073,
33617,2.92215,
33618,3.09531,
33619,3.12286,
33620,3.00243,
33621,3.04974,
33622,3.11081,
33623,2.92048,
33624,3.02906,
33625,2.92022,
33626,2.87014,
33627,3.17525,
33628,3.04501,
33629,3.0278,
33630,3.10614,
33631,2.95571,
33632,2.89882,
33633,2.83359,
33634,2.88598,
33635,3.08419,
33636,2.98568,
33637,2.87821,
33638,3.09233,
33639,2.97688,
33640,2.93955,
33641,2.95548,
33642,2.81413,
33643,2.82895,
33644,3.06768,
33645,2.79616,
33646,2.84782,
33647,2.86671,
33648,2.94511,
33649,2.85799,
33650,2.83481,
33651,2.9204,
33652,2.82346,
33653,2.9168,
33654,2.95476,
33655,3.01096,
33656,2.99662,
33657,3.01873,
33658,2.88784,
33659,3.09195,
33660,2.83308,
33661,2.96866,
33662,2.97505,
33663,2.94047,
33664,3.17714,
33665,2.91171,
33666,2.84256,
33667,3.0698,
33668,2.9205,
33669,2.75165,
33670,2.88032,
33671,3.12207,
33672,2.67003,
33673,2.78185,
33674,3.01992,
33675,2.77994,
33676,2.95296,
33677,2.89747,
33678,2.78519,
33679,2.75796,
33680,3.11649,
33681,3.08225,
33682,3.07754,
33683,2.9789,
33684,3.18148,
33685,3.05703,
33686,3.16478,
33687,3.0331,
33688,2.98512,
33689,3.12251,
33690,3.01436,
33691,3.0365,
33692,3.0143,
33693,2.99927,
33694,3.07657,
33695,2.74659,
33696,2.92557,
33697,3.02329,
33698,3.05119,
33699,3.05484,
33700,2.71654,
33701,2.94916,
33702,3.0048,
33703,2.88474,
33704,2.61028,
33705,2.80579,
33706,2.85497,
33707,2.81083,
33708,2.87834,
33709,2.63838,
33710,2.69976,
33711,2.71277,
33712,2.88761,
33713,2.97267,
33714,3.42809,
33715,3.30375,
33716,3.13994,
33717,3.06937,
33718,3.22361,
33719,3.24619,
33720,2.96219,
33721,3.14178,
33722,3.03136,
33723,3.05669,
33724,2.94349,
33725,3.29983,
33726,3.09628,
33727,3.00087,
33728,3.15504,
33729,3.11588,
33730,3.03486,
33731,3.15976,
33732,2.98652,
33733,3.12702,
33734,3.10495,
33735,2.99845,
33736,2.95078,
33737,3.00915,
33738,2.95109,
33739,3.14091,
33740,3.10716,
33741,2.99563,
33742,3.14036,
33743,2.99139,
33744,3.06873,
33745,3.24486,
33746,3.11662,
33747,3.00925,
33748,3.09256,
33749,3.08528,
33750,2.89641,
33751,3.01579,
33752,3.03923,
33753,3.18673,
33754,2.92636,
33755,2.99691,
33756,2.90934,
33757,3.09491,
33758,3.10365,
33759,3.04747,
33760,2.80839,
33761,3.03196,
33762,2.9491,
33763,2.87154,
33764,3.0326,
33765,3.128,
33766,3.01467,
33767,2.8934,
33768,2.98022,
33769,3.02029,
33770,2.93234,
33771,2.92044,
33772,2.81927,
33773,2.90338,
33774,2.88697,
33775,3.03002,
33776,2.71538,
33777,2.76052,
33778,2.80572,
33779,2.87171,
33780,2.92836,
33781,2.8416,
33782,2.69075,
33783,2.86725,
33784,2.7691,
33785,2.92741,
33786,2.77659,
33787,2.85342,
33788,3.01516,
33789,2.95746,
33790,2.99626,
33791,2.72249,
33792,2.8795,
33793,2.79101,
33794,2.8764,
33795,3.05079,
33796,2.66922,
33797,2.79323,
33798,2.64696,
33799,2.67883,
33800,2.90231,
33801,2.84611,
33802,2.90143,
33803,2.80492,
33804,3.03624,
33805,2.86331,
33806,2.99348,
33807,3.10769,
33808,3.12305,
33809,3.02384,
33810,3.06888,
33811,3.34172,
33812,3.03064,
33813,2.92815,
33814,3.14846,
33815,2.97806,
33816,3.10675,
33817,3.20187,
33818,3.07086,
33819,3.06431,
33820,3.0659,
33821,2.8761,
33822,3.08138,
33823,3.05078,
33824,2.88601,
33825,2.99704,
33826,2.9751,
33827,2.7766,
33828,2.98195,
33829,2.9929,
33830,2.82464,
33831,2.92973,
33832,3.00522,
33833,3.16218,
33834,2.94928,
33835,3.01388,
33836,2.91901,
33837,3.26788,
33838,3.30136,
33839,3.30682,
33840,3.28663,
33841,3.33938,
33842,3.26534,
33843,3.21413,
33844,3.35897,
33845,3.21166,
33846,3.2589,
33847,3.29263,
33848,3.29123,
33849,3.13009,
33850,3.29854,
33851,3.23802,
33852,3.26587,
33853,3.34185,
33854,3.19857,
33855,3.24778,
33856,3.20815,
33857,3.26938,
33858,3.16861,
33859,3.27732,
33860,2.77337,
33861,2.83445,
33862,2.74364,
33863,2.59238,
33864,2.71129,
33865,2.61019,
33866,2.92447,
33867,2.48777,
33868,2.75027,
33869,2.72015,
33870,2.79719,
33871,2.79551,
33872,2.57811,
33873,2.63963,
33874,2.8368,
33875,2.97282,
33876,2.97446,
33877,2.68549,
33878,2.64647,
33879,3.15496,
33880,3.23477,
33881,3.16154,
33882,3.21659,
33883,3.19336,
33884,3.21925,
33885,3.08401,
33886,2.88881,
33887,3.01785,
33888,3.13513,
33889,2.99953,
33890,3.09796,
33891,3.19778,
33892,3.2628,
33893,3.10541,
33894,3.02512,
33895,2.84402,
33896,3.05692,
33897,2.99583,
33898,2.97617,
33899,2.75832,
33900,2.7891,
33901,2.72691,
33902,2.95359,
33903,2.95839,
33904,2.87083,
33905,3.03679,
33906,2.95885,
33907,3.04196,
33908,2.99316,
33909,3.13005,
33910,2.9475,
33911,2.92738,
33912,3.03743,
33913,2.80317,
33914,2.80597,
33915,2.81097,
33916,2.98693,
33917,3.1511,
33918,2.98807,
33919,2.81383,
33920,2.753,
33921,2.66448,
33922,2.54486,
33923,2.65334,
33924,2.68427,
33925,2.95307,
33926,2.63614,
33927,2.679,
33928,2.72471,
33929,2.94182,
33930,2.86933,
33931,3.08013,
33932,2.75457,
33933,3.22225,
33934,2.92351,
33935,3.24785,
33936,3.34174,
33937,3.07935,
33938,3.20988,
33939,3.13566,
33940,3.03048,
33941,3.1038,
33942,3.10621,
33943,2.97804,
33944,2.86896,
33945,2.81808,
33946,2.95917,
33947,2.90837,
33948,2.97583,
33949,3.08343,
33950,2.86953,
33951,3.01431,
33952,2.81838,
33953,3.10342,
33954,3.06742,
33955,2.82638,
33956,2.7536,
33957,3.04629,
33958,2.75961,
33959,2.76125,
33960,2.77133,
33961,2.63772,
33962,2.6535,
33963,2.71824,
33964,3.24229,
33965,3.15622,
33966,3.31948,
33967,3.32997,
33968,3.32016,
33969,3.16035,
33970,2.93465,
33971,3.05389,
33972,2.9965,
33973,3.14468,
33974,3.38436,
33975,3.08806,
33976,3.13787,
33977,2.97908,
33978,2.976,
33979,3.2916,
33980,3.2263,
33981,3.31934,
33982,3.10761,
33983,3.32463,
33984,3.01385,
33985,3.06133,
33986,3.015,
33987,3.08348,
33988,2.91457,
33989,2.95196,
33990,2.91165,
33991,2.84968,
33992,3.10036,
33993,2.80814,
33994,2.85909,
33995,2.97219,
33996,3.02805,
33997,3.03061,
33998,2.91281,
33999,2.96419,
34000,2.83932,
34001,2.86816,
34002,2.81114,
34003,2.83434,
34004,2.94346,
34005,2.70456,
34006,2.75299,
34007,3.0067,
34008,2.88485,
34009,3.27647,
34010,3.31959,
34011,3.23113,
34012,3.35765,
34013,3.24584,
34014,3.22529,
34015,3.02661,
34016,3.13683,
34017,2.8448,
34018,2.95142,
34019,2.86575,
34020,2.92464,
34021,3.20367,
34022,3.20246,
34023,3.06956,
34024,3.21882,
34025,3.17701,
34026,2.8712,
34027,2.94673,
34028,2.98231,
34029,2.84397,
34030,2.99877,
34031,3.16087,
34032,3.10538,
34033,3.18673,
34034,3.31726,
34035,3.29387,
34036,2.74983,
34037,2.93747,
34038,3.12252,
34039,3.10911,
34040,3.1022,
34041,3.12152,
34042,3.24998,
34043,3.15085,
34044,3.2598,
34045,3.02177,
34046,3.03449,
34047,3.20221,
34048,2.87159,
34049,3.12189,
34050,3.10262,
34051,3.06761,
34052,3.03429,
34053,3.04263,
34054,3.29848,
34055,3.13394,
34056,3.19905,
34057,3.08635,
34058,3.20527,
34059,3.15648,
34060,3.16519,
34061,2.96054,
34062,3.07781,
34063,3.05364,
34064,2.9462,
34065,2.98763,
34066,2.90338,
34067,3.01555,
34068,3.02237,
34069,3.10565,
34070,2.8086,
34071,2.99679,
34072,3.11958,
34073,3.0369,
34074,2.91548,
34075,2.89575,
34076,3.1124,
34077,2.88878,
34078,3.06131,
34079,2.24852,
34080,3.11168,
34081,3.11366,
34082,3.22874,
34083,3.3184,
34084,3.57886,
34085,3.18611,
34086,3.27751,
34087,3.13542,
34088,3.24655,
34089,3.25013,
34090,3.20768,
34091,3.18744,
34092,3.01432,
34093,3.08819,
34094,3.14108,
34095,3.24431,
34096,3.01998,
34097,3.17827,
34098,3.26776,
34099,3.131,
34100,3.1429,
34101,3.03567,
34102,3.06575,
34103,3.16081,
34104,3.14261,
34105,3.10479,
34106,3.09262,
34107,2.98076,
34108,3.21432,
34109,3.22042,
34110,2.95487,
34111,3.11513,
34112,2.9637,
34113,2.86638,
34114,2.83962,
34115,2.70818,
34116,3.05467,
34117,3.00609,
34118,2.8456,
34119,2.96569,
34120,3.07947,
34121,2.91647,
34122,2.85887,
34123,2.90857,
34124,2.86442,
34125,3.02211,
34126,2.85545,
34127,2.97058,
34128,3.09707,
34129,2.91983,
34130,3.11169,
34131,3.04992,
34132,2.93124,
34133,2.9662,
34134,2.97307,
34135,3.17953,
34136,3.039,
34137,2.99579,
34138,3.03538,
34139,3.11298,
34140,2.93681,
34141,2.76597,
34142,2.93756,
34143,2.86244,
34144,2.99351,
34145,2.97685,
34146,2.71464,
34147,3.0555,
34148,3.11386,
34149,3.05557,
34150,2.95411,
34151,2.89334,
34152,3.15652,
34153,2.93489,
34154,2.65841,
34155,2.99966,
34156,3.01351,
34157,3.18558,
34158,2.97965,
34159,2.88453,
34160,3.00923,
34161,2.94964,
34162,2.89668,
34163,2.92801,
34164,2.9484,
34165,3.12176,
34166,3.10789,
34167,3.09001,
34168,2.90209,
34169,2.93811,
34170,2.89997,
34171,3.11107,
34172,3.11093,
34173,3.0592,
34174,3.03616,
34175,3.24095,
34176,2.9463,
34177,3.03094,
34178,3.02678,
34179,2.8481,
34180,3.11874,
34181,3.06998,
34182,3.19968,
34183,3.00761,
34184,2.74636,
34185,2.81429,
34186,2.99366,
34187,2.81545,
34188,2.91157,
34189,2.76031,
34190,2.92625,
34191,3.16068,
34192,3.12663,
34193,2.9959,
34194,3.15171,
34195,3.07227,
34196,3.09359,
34197,3.03272,
34198,3.14716,
34199,3.12907,
34200,3.17114,
34201,3.06233,
34202,3.10523,
34203,3.08718,
34204,2.98744,
34205,3.15313,
34206,2.75299,
34207,2.92107,
34208,3.11772,
34209,2.98168,
34210,3.07484,
34211,2.82405,
34212,2.93862,
34213,3.0843,
34214,2.82487,
34215,2.98257,
34216,2.86227,
34217,2.78591,
34218,2.95743,
34219,2.73351,
34220,2.84652,
34221,2.86601,
34222,2.95425,
34223,2.86708,
34224,3.01169,
34225,3.09119,
34226,3.01693,
34227,2.86933,
34228,2.93601,
34229,2.89826,
34230,2.94762,
34231,2.78276,
34232,3.14287,
34233,3.00591,
34234,3.0355,
34235,3.11424,
34236,3.03094,
34237,2.9552,
34238,3.04106,
34239,2.98842,
34240,3.03555,
34241,3.0665,
34242,3.16228,
34243,3.2699,
34244,3.12687,
34245,3.07205,
34246,3.04042,
34247,2.92385,
34248,2.96286,
34249,2.84176,
34250,2.92779,
34251,2.80473,
34252,3.01131,
34253,2.89032,
34254,3.11005,
34255,2.96058,
34256,3.06983,
34257,3.15729,
34258,3.19751,
34259,3.22771,
34260,2.96534,
34261,2.83558,
34262,3.08208,
34263,2.78556,
34264,3.05355,
34265,3.1268,
34266,3.20746,
34267,3.22994,
34268,3.24246,
34269,2.91276,
34270,3.21743,
34271,3.08041,
34272,3.07376,
34273,3.04439,
34274,3.22204,
34275,2.95788,
34276,3.1663,
34277,2.8193,
34278,3.16796,
34279,3.16232,
34280,3.29631,
34281,3.02512,
34282,3.11735,
34283,3.21006,
34284,2.96512,
34285,3.14745,
34286,2.84141,
34287,2.96961,
34288,2.97525,
34289,3.26086,
34290,3.18195,
34291,2.82148,
34292,3.06526,
34293,2.97595,
34294,3.07948,
34295,3.0862,
34296,3.30435,
34297,3.11419,
34298,2.97473,
34299,3.09082,
34300,3.14752,
34301,2.97729,
34302,2.89612,
34303,2.89629,
34304,3.16301,
34305,3.23196,
34306,3.26309,
34307,3.1881,
34308,3.10103,
34309,3.07001,
34310,2.90056,
34311,3.23064,
34312,3.07437,
34313,3.14632,
34314,3.08633,
34315,3.08962,
34316,3.0702,
34317,3.19225,
34318,3.09388,
34319,3.01201,
34320,3.07899,
34321,3.15132,
34322,2.91421,
34323,3.25521,
34324,3.10069,
34325,2.99497,
34326,2.90907,
34327,3.13834,
34328,3.12329,
34329,2.99462,
34330,2.95344,
34331,3.16876,
34332,2.92998,
34333,2.92122,
34334,3.06699,
34335,2.90156,
34336,2.9884,
34337,3.13358,
34338,3.12833,
34339,2.99876,
34340,2.93138,
34341,2.91347,
34342,3.10615,
34343,3.13325,
34344,2.7562,
34345,3.00232,
34346,3.00022,
34347,3.08373,
34348,3.12598,
34349,3.12539,
34350,2.89076,
34351,2.98683,
34352,3.05503,
34353,2.76489,
34354,2.86244,
34355,3.20747,
34356,2.99135,
34357,3.0797,
34358,2.84834,
34359,2.89793,
34360,3.07888,
34361,3.00367,
34362,2.86988,
34363,3.14934,
34364,3.07199,
34365,2.8052,
34366,2.93048,
34367,2.84502,
34368,2.98766,
34369,2.85891,
34370,2.92232,
34371,3.10057,
34372,2.99628,
34373,3.19645,
34374,3.19435,
34375,3.09752,
34376,3.20209,
34377,2.96826,
34378,3.04061,
34379,3.14584,
34380,3.10604,
34381,3.21787,
34382,3.28275,
34383,3.4088,
34384,4.28166,
34385,3.09008,
34386,3.07788,
34387,3.10855,
34388,3.11393,
34389,3.01615,
34390,3.10702,
34391,3.04791,
34392,3.08002,
34393,2.97784,
34394,3.58514,
34395,3.09126,
34396,3.07706,
34397,2.71332,
34398,2.89755,
34399,3.12732,
34400,3.12124,
34401,3.22458,
34402,3.29264,
34403,3.11353,
34404,3.10619,
34405,3.09941,
34406,3.03844,
34407,3.25154,
34408,3.04639,
34409,3.04934,
34410,3.20599,
34411,3.19926,
34412,3.08701,
34413,2.96104,
34414,2.96737,
34415,2.99592,
34416,3.02274,
34417,2.95174,
34418,2.75182,
34419,3.13723,
34420,2.99389,
34421,2.85095,
34422,2.88126,
34423,2.94547,
34424,3.07094,
34425,3.03512,
34426,2.95906,
34427,3.08105,
34428,2.79279,
34429,2.99081,
34430,2.68001,
34431,3.07092,
34432,2.94147,
34433,2.97024,
34434,2.98372,
34435,2.99055,
34436,2.96731,
34437,2.94669,
34438,2.91233,
34439,2.81282,
34440,3.01221,
34441,2.99099,
34442,2.69616,
34443,2.78883,
34444,2.74411,
34445,2.97064,
34446,2.96261,
34447,2.94091,
34448,2.93597,
34449,2.98953,
34450,3.03107,
34451,2.75055,
34452,3.10206,
34453,2.9831,
34454,2.95209,
34455,2.92906,
34456,3.10558,
34457,3.25589,
34458,3.16656,
34459,2.95317,
34460,2.90357,
34461,3.28041,
34462,3.06499,
34463,3.09502,
34464,2.98046,
34465,2.88757,
34466,2.91963,
34467,3.11424,
34468,2.6887,
34469,2.7163,
34470,2.55528,
34471,2.7983,
34472,2.97325,
34473,3.05754,
34474,3.04275,
34475,3.0473,
34476,2.94338,
34477,2.81024,
34478,2.88869,
34479,2.99271,
34480,3.16507,
34481,2.95833,
34482,2.8986,
34483,2.53855,
34484,2.59126,
34485,3.10215,
34486,2.77272,
34487,2.9479,
34488,2.76201,
34489,2.87426,
34490,2.72585,
34491,2.77737,
34492,2.74971,
34493,2.80605,
34494,2.77608,
34495,2.7063,
34496,2.81956,
34497,3.04185,
34498,2.71614,
34499,2.95512,
34500,2.89569,
34501,3.25811,
34502,3.1929,
34503,3.19314,
34504,3.21186,
34505,3.21911,
34506,3.17399,
34507,2.95694,
34508,2.75771,
34509,3.05728,
34510,2.92389,
34511,2.89567,
34512,3.11404,
34513,3.02932,
34514,3.09273,
34515,2.99666,
34516,2.95851,
34517,2.90309,
34518,3.03466,
34519,3.11837,
34520,3.03502,
34521,3.01388,
34522,2.97913,
34523,2.83061,
34524,3.17865,
34525,2.89376,
34526,2.90543,
34527,3.00018,
34528,3.06723,
34529,2.90673,
34530,3.32081,
34531,3.15129,
34532,3.23291,
34533,3.0468,
34534,3.18859,
34535,3.08903,
34536,3.04425,
34537,3.06995,
34538,3.04762,
34539,3.03359,
34540,3.05418,
34541,3.06372,
34542,3.05997,
34543,2.86023,
34544,3.02299,
34545,2.9364,
34546,2.92769,
34547,2.69197,
34548,2.80941,
34549,2.65879,
34550,2.91367,
34551,2.94828,
34552,2.72601,
34553,2.83512,
34554,2.8066,
34555,3.00117,
34556,2.92864,
34557,2.908,
34558,2.88289,
34559,3.01665,
34560,3.08607,
34561,3.07008,
34562,3.05264,
34563,3.13777,
34564,3.04184,
34565,3.20244,
34566,3.08843,
34567,3.08845,
34568,3.17421,
34569,3.03063,
34570,3.01585,
34571,2.78374,
34572,3.01016,
34573,2.97986,
34574,3.1073,
34575,3.00956,
34576,2.87153,
34577,2.97233,
34578,2.90748,
34579,2.96181,
34580,3.08384,
34581,3.16839,
34582,2.93947,
34583,2.88635,
34584,2.93154,
34585,3.13334,
34586,3.12759,
34587,3.15344,
34588,3.03133,
34589,3.19894,
34590,2.99607,
34591,3.11429,
34592,3.28235,
34593,3.03532,
34594,2.90201,
34595,2.88794,
34596,3.13305,
34597,3.15231,
34598,3.03281,
34599,3.10276,
34600,3.00821,
34601,3.24605,
34602,3.15818,
34603,3.3105,
34604,2.9542,
34605,3.0246,
34606,2.78154,
34607,2.95835,
34608,2.95901,
34609,2.95442,
34610,2.92506,
34611,3.15425,
34612,3.06122,
34613,2.97922,
34614,2.76966,
34615,2.87887,
34616,2.96755,
34617,2.97109,
34618,2.89491,
34619,3.21474,
34620,3.18472,
34621,3.19833,
34622,3.10065,
34623,2.95286,
34624,3.12428,
34625,2.86557,
34626,3.1772,
34627,3.24349,
34628,3.15445,
34629,3.17384,
34630,3.39378,
34631,3.52311,
34632,3.09071,
34633,3.11522,
34634,3.16087,
34635,3.24602,
34636,3.43805,
34637,3.19232,
34638,3.07426,
34639,3.06124,
34640,2.97405,
34641,3.05048,
34642,3.05394,
34643,3.09491,
34644,3.01292,
34645,2.92176,
34646,3.05752,
34647,3.51027,
34648,3.54324,
34649,3.42502,
34650,3.40721,
34651,3.41096,
34652,3.45946,
34653,3.4013,
34654,3.36879,
34655,3.4169,
34656,3.41042,
34657,3.40362,
34658,3.35846,
34659,3.3873,
34660,3.27706,
34661,3.36078,
34662,3.44132,
34663,3.40135,
34664,3.31673,
34665,3.2374,
34666,3.0735,
34667,3.30791,
34668,3.14151,
34669,3.1074,
34670,3.10154,
34671,3.10985,
34672,2.99563,
34673,3.171,
34674,3.02885,
34675,3.05615,
34676,3.07907,
34677,2.90651,
34678,2.81983,
34679,3.08472,
34680,3.29663,
34681,3.16916,
34682,2.92352,
34683,3.09635,
34684,3.11924,
34685,2.99299,
34686,3.03813,
34687,3.1208,
34688,2.90786,
34689,3.01555,
34690,2.92764,
34691,2.86951,
34692,3.16439,
34693,3.02928,
34694,3.02282,
34695,3.09432,
34696,2.94665,
34697,2.89225,
34698,2.82435,
34699,2.87825,
34700,3.07667,
34701,2.97744,
34702,2.87414,
34703,3.08645,
34704,2.994,
34705,2.92525,
34706,2.96595,
34707,2.82027,
34708,2.81556,
34709,3.05456,
34710,2.77362,
34711,2.84146,
34712,2.85695,
34713,2.93877,
34714,2.84709,
34715,2.83055,
34716,2.92456,
34717,2.82638,
34718,2.91445,
34719,2.93798,
34720,3.00896,
34721,2.98367,
34722,3.01989,
34723,2.87281,
34724,3.08031,
34725,2.82224,
34726,2.97461,
34727,2.97232,
34728,2.93641,
34729,3.17908,
34730,2.9259,
34731,2.83676,
34732,3.06449,
34733,2.90797,
34734,2.73678,
34735,2.88255,
34736,3.13913,
34737,2.67581,
34738,2.765,
34739,3.02204,
34740,2.75983,
34741,2.95864,
34742,2.88537,
34743,2.77763,
34744,2.76688,
34745,3.11991,
34746,3.05731,
34747,3.06393,
34748,2.97036,
34749,3.18419,
34750,3.05456,
34751,3.14811,
34752,3.02866,
34753,2.98185,
34754,3.12334,
34755,3.01174,
34756,3.03502,
34757,3.00643,
34758,2.9937,
34759,3.08062,
34760,2.74981,
34761,2.93216,
34762,3.00132,
34763,3.05642,
34764,3.04243,
34765,2.71684,
34766,2.93338,
34767,3.00846,
34768,2.87381,
34769,2.62109,
34770,2.80626,
34771,2.85281,
34772,2.82462,
34773,2.87839,
34774,2.64059,
34775,2.71558,
34776,2.69902,
34777,2.87851,
34778,2.96954,
34779,3.42304,
34780,3.29769,
34781,3.12988,
34782,3.05425,
34783,3.21353,
34784,3.22835,
34785,2.94213,
34786,3.14102,
34787,3.00903,
34788,3.05729,
34789,2.94147,
34790,3.28728,
34791,3.07402,
34792,3.00366,
34793,3.14866,
34794,3.10056,
34795,3.02823,
34796,3.15978,
34797,2.98356,
34798,3.11366,
34799,3.1034,
34800,3.00898,
34801,2.94542,
34802,3.00277,
34803,2.94026,
34804,3.12887,
34805,3.10297,
34806,2.98412,
34807,3.13537,
34808,2.99168,
34809,3.05264,
34810,3.25673,
34811,3.12273,
34812,2.9932,
34813,3.06501,
34814,3.08493,
34815,2.89163,
34816,3.01816,
34817,3.02415,
34818,3.16647,
34819,2.91753,
34820,2.98636,
34821,2.91337,
34822,3.07451,
34823,3.10542,
34824,3.04087,
34825,2.80356,
34826,3.02837,
34827,2.93967,
34828,2.85371,
34829,3.03768,
34830,3.13565,
34831,3.00925,
34832,2.89508,
34833,2.98302,
34834,3.01769,
34835,2.92742,
34836,2.91517,
34837,2.82702,
34838,2.89074,
34839,2.86326,
34840,3.01536,
34841,2.713,
34842,2.75407,
34843,2.79815,
34844,2.87549,
34845,2.92252,
34846,2.85228,
34847,2.67193,
34848,2.85562,
34849,2.75573,
34850,2.92308,
34851,2.77277,
34852,2.83909,
34853,3.01126,
34854,2.94972,
34855,2.98279,
34856,2.70666,
34857,2.88071,
34858,2.7781,
34859,2.87392,
34860,3.03611,
34861,2.65767,
34862,2.78822,
34863,2.65121,
34864,2.66427,
34865,2.90148,
34866,2.83376,
34867,2.89543,
34868,2.79626,
34869,3.02974,
34870,2.85162,
34871,2.99441,
34872,3.10616,
34873,3.1036,
34874,3.00725,
34875,3.06736,
34876,3.34565,
34877,3.04605,
34878,2.92889,
34879,3.13892,
34880,2.95162,
34881,3.10468,
34882,3.18421,
34883,3.06798,
34884,3.05219,
34885,3.06328,
34886,2.87321,
34887,3.09111,
34888,3.0442,
34889,2.87193,
34890,2.99265,
34891,2.97327,
34892,2.77398,
34893,2.96258,
34894,2.97811,
34895,2.81443,
34896,2.91816,
34897,3.0052,
34898,3.14431,
34899,2.95271,
34900,2.99387,
34901,2.92176,
34902,3.27613,
34903,3.29507,
34904,3.29559,
34905,3.27665,
34906,3.33923,
34907,3.26922,
34908,3.21753,
34909,3.35095,
34910,3.20244,
34911,3.27312,
34912,3.28737,
34913,3.29345,
34914,3.11684,
34915,3.29806,
34916,3.23596,
34917,3.27398,
34918,3.33306,
34919,3.19423,
34920,3.24788,
34921,3.22375,
34922,3.26385,
34923,3.17544,
34924,3.27525,
34925,2.75834,
34926,2.82567,
34927,2.73632,
34928,2.58931,
34929,2.71335,
34930,2.60935,
34931,2.91209,
34932,2.48104,
34933,2.75788,
34934,2.72267,
34935,2.796,
34936,2.79304,
34937,2.5835,
34938,2.64299,
34939,2.82829,
34940,2.96313,
34941,2.96957,
34942,2.66863,
34943,2.64011,
34944,3.14118,
34945,3.22413,
34946,3.14967,
34947,3.20419,
34948,3.18828,
34949,3.21132,
34950,3.06497,
34951,2.88558,
34952,3.02179,
34953,3.13645,
34954,3.00571,
34955,3.08959,
34956,3.18577,
34957,3.24019,
34958,3.08885,
34959,3.01858,
34960,2.85896,
34961,3.06484,
34962,2.99666,
34963,2.96464,
34964,2.75515,
34965,2.78818,
34966,2.73777,
34967,2.92512,
34968,2.9516,
34969,2.86963,
34970,3.03168,
34971,2.94932,
34972,3.03303,
34973,2.97281,
34974,3.12358,
34975,2.93615,
34976,2.93325,
34977,3.0235,
34978,2.80592,
34979,2.81117,
34980,2.80077,
34981,2.98639,
34982,3.15319,
34983,2.9833,
34984,2.81075,
34985,2.76848,
34986,2.66918,
34987,2.55868,
34988,2.65837,
34989,2.67424,
34990,2.9636,
34991,2.64413,
34992,2.6797,
34993,2.72578,
34994,2.93975,
34995,2.87939,
34996,3.06549,
34997,2.75939,
34998,3.21969,
34999,2.92485,
35000,3.22964,
35001,3.32987,
35002,3.06752,
35003,3.20654,
35004,3.1225,
35005,3.00255,
35006,3.11387,
35007,3.08026,
35008,2.98079,
35009,2.85306,
35010,2.81286,
35011,2.96337,
35012,2.9072,
35013,2.97639,
35014,3.07842,
35015,2.86243,
35016,3.02106,
35017,2.81491,
35018,3.09199,
35019,3.05676,
35020,2.82332,
35021,2.75504,
35022,3.03998,
35023,2.7505,
35024,2.76488,
35025,2.77172,
35026,2.60892,
35027,2.65682,
35028,2.71965,
35029,3.22326,
35030,3.15748,
35031,3.31336,
35032,3.31578,
35033,3.31459,
35034,3.16308,
35035,2.92125,
35036,3.04296,
35037,3.00677,
35038,3.16036,
35039,3.36623,
35040,3.07879,
35041,3.13845,
35042,2.97361,
35043,2.98809,
35044,3.30166,
35045,3.21244,
35046,3.31345,
35047,3.10686,
35048,3.32684,
35049,3.00595,
35050,3.0686,
35051,3.01295,
35052,3.06364,
35053,2.90167,
35054,2.93655,
35055,2.89012,
35056,2.8378,
35057,3.08776,
35058,2.79602,
35059,2.85147,
35060,2.97438,
35061,3.02968,
35062,3.01925,
35063,2.90019,
35064,2.96926,
35065,2.85277,
35066,2.85301,
35067,2.80537,
35068,2.8282,
35069,2.94216,
35070,2.69697,
35071,2.74923,
35072,2.99561,
35073,2.87439,
35074,3.25725,
35075,3.31704,
35076,3.22703,
35077,3.36086,
35078,3.24267,
35079,3.21012,
35080,3.01979,
35081,3.12955,
35082,2.87248,
35083,2.94495,
35084,2.85375,
35085,2.91554,
35086,3.20318,
35087,3.1942,
35088,3.06092,
35089,3.20258,
35090,3.18105,
35091,2.87604,
35092,2.93404,
35093,2.9662,
35094,2.83889,
35095,2.9967,
35096,3.17754,
35097,3.09637,
35098,3.18982,
35099,3.30552,
35100,3.29965,
35101,2.75725,
35102,2.93316,
35103,3.12479,
35104,3.09495,
35105,3.10225,
35106,3.11717,
35107,3.25019,
35108,3.14895,
35109,3.26179,
35110,3.0213,
35111,3.02504,
35112,3.19609,
35113,2.87568,
35114,3.11471,
35115,3.09942,
35116,3.06843,
35117,3.02576,
35118,3.04087,
35119,3.29906,
35120,3.12516,
35121,3.19452,
35122,3.0769,
35123,3.20323,
35124,3.14363,
35125,3.16574,
35126,2.95983,
35127,3.0665,
35128,3.03902,
35129,2.91909,
35130,2.98916,
35131,2.89927,
35132,3.0091,
35133,3.02845,
35134,3.10057,
35135,2.82227,
35136,2.99384,
35137,3.11849,
35138,3.0281,
35139,2.90853,
35140,2.88876,
35141,3.12846,
35142,2.89143,
35143,3.06685,
35144,2.23629,
35145,3.11496,
35146,3.09517,
35147,3.21804,
35148,3.30959,
35149,3.56223,
35150,3.18861,
35151,3.27714,
35152,3.10921,
35153,3.23997,
35154,3.24361,
35155,3.19768,
35156,3.18883,
35157,3.01899,
35158,3.09135,
35159,3.14149,
35160,3.23888,
35161,3.01537,
35162,3.16499,
35163,3.25995,
35164,3.13066,
35165,3.11553,
35166,3.02496,
35167,3.06633,
35168,3.15367,
35169,3.1409,
35170,3.09524,
35171,3.09045,
35172,2.95496,
35173,3.20409,
35174,3.20917,
35175,2.96292,
35176,3.11609,
35177,2.94935,
35178,2.85863,
35179,2.84224,
35180,2.70584,
35181,3.05396,
35182,2.98984,
35183,2.84061,
35184,2.97683,
35185,3.07994,
35186,2.89541,
35187,2.86188,
35188,2.90401,
35189,2.85529,
35190,3.01679,
35191,2.85985,
35192,2.96949,
35193,3.09205,
35194,2.93151,
35195,3.11785,
35196,3.04766,
35197,2.92951,
35198,2.9598,
35199,2.9784,
35200,3.18112,
35201,3.02559,
35202,2.99524,
35203,3.03635,
35204,3.11369,
35205,2.92613,
35206,2.75049,
35207,2.92947,
35208,2.86167,
35209,2.98306,
35210,2.98038,
35211,2.7115,
35212,3.0596,
35213,3.1134,
35214,3.05632,
35215,2.95099,
35216,2.89166,
35217,3.14201,
35218,2.93648,
35219,2.65451,
35220,2.9988,
35221,3.00888,
35222,3.19307,
35223,2.96205,
35224,2.872,
35225,3.01003,
35226,2.95041,
35227,2.89542,
35228,2.93324,
35229,2.94828,
35230,3.11811,
35231,3.10414,
35232,3.08773,
35233,2.89417,
35234,2.93678,
35235,2.89192,
35236,3.10352,
35237,3.10731,
35238,3.05149,
35239,3.03191,
35240,3.23158,
35241,2.94004,
35242,3.02179,
35243,3.0308,
35244,2.83642,
35245,3.11651,
35246,3.0623,
35247,3.19819,
35248,3.00315,
35249,2.74392,
35250,2.81526,
35251,2.99451,
35252,2.83239,
35253,2.89889,
35254,2.75631,
35255,2.93148,
35256,3.13915,
35257,3.11592,
35258,2.9919,
35259,3.13248,
35260,3.0448,
35261,3.09374,
35262,3.02595,
35263,3.14371,
35264,3.12366,
35265,3.17105,
35266,3.05881,
35267,3.10132,
35268,3.08643,
35269,2.98712,
35270,3.1515,
35271,2.74187,
35272,2.91076,
35273,3.10531,
35274,2.98123,
35275,3.06869,
35276,2.8238,
35277,2.93027,
35278,3.06647,
35279,2.82146,
35280,2.9987,
35281,2.88431,
35282,2.76992,
35283,2.95765,
35284,2.74383,
35285,2.8633,
35286,2.85833,
35287,2.9482,
35288,2.85747,
35289,3.02836,
35290,3.08245,
35291,3.02458,
35292,2.8676,
35293,2.92161,
35294,2.892,
35295,2.94492,
35296,2.77429,
35297,3.12481,
35298,2.98471,
35299,3.04376,
35300,3.10747,
35301,3.0368,
35302,2.95326,
35303,3.04421,
35304,2.99186,
35305,3.02668,
35306,3.07199,
35307,3.17188,
35308,3.268,
35309,3.13194,
35310,3.06034,
35311,3.03174,
35312,2.93589,
35313,2.9635,
35314,2.85423,
35315,2.93191,
35316,2.79878,
35317,3.01955,
35318,2.88934,
35319,3.10067,
35320,2.92755,
35321,3.05111,
35322,3.1333,
35323,3.19126,
35324,3.22056,
35325,2.95954,
35326,2.85087,
35327,3.0928,
35328,2.77677,
35329,3.04909,
35330,3.09495,
35331,3.18419,
35332,3.23134,
35333,3.22887,
35334,2.89605,
35335,3.20113,
35336,3.07337,
35337,3.06961,
35338,3.06237,
35339,3.19392,
35340,2.94969,
35341,3.16457,
35342,2.78712,
35343,3.15847,
35344,3.16313,
35345,3.28189,
35346,3.02872,
35347,3.10292,
35348,3.20047,
35349,2.95905,
35350,3.14704,
35351,2.83783,
35352,2.98142,
35353,2.96915,
35354,3.25617,
35355,3.18379,
35356,2.82306,
35357,3.05444,
35358,2.96746,
35359,3.07927,
35360,3.09493,
35361,3.2974,
35362,3.1082,
35363,2.97988,
35364,3.0793,
35365,3.14997,
35366,2.98224,
35367,2.8915,
35368,2.88056,
35369,3.16513,
35370,3.22175,
35371,3.26251,
35372,3.18149,
35373,3.08552,
35374,3.05935,
35375,2.90405,
35376,3.19936,
35377,3.06044,
35378,3.14665,
35379,3.07984,
35380,3.07801,
35381,3.05368,
35382,3.19048,
35383,3.0942,
35384,3.01211,
35385,3.08822,
35386,3.14512,
35387,2.91211,
35388,3.24756,
35389,3.09351,
35390,3.00314,
35391,2.90375,
35392,3.13083,
35393,3.13198,
35394,2.99763,
35395,2.95036,
35396,3.15194,
35397,2.91454,
35398,2.91656,
35399,3.06777,
35400,2.89414,
35401,2.98324,
35402,3.12563,
35403,3.12148,
35404,2.98434,
35405,2.9338,
35406,2.90833,
35407,3.10328,
35408,3.12941,
35409,2.73549,
35410,2.97719,
35411,2.97182,
35412,3.08922,
35413,3.10446,
35414,3.12285,
35415,2.88599,
35416,2.98143,
35417,3.04862,
35418,2.75928,
35419,2.8624,
35420,3.18204,
35421,2.97137,
35422,3.06952,
35423,2.85288,
35424,2.87896,
35425,3.07114,
35426,2.99625,
35427,2.87121,
35428,3.14855,
35429,3.09137,
35430,2.8074,
35431,2.92559,
35432,2.85551,
35433,2.97399,
35434,2.84528,
35435,2.91696,
35436,3.10112,
35437,2.98946,
35438,3.19552,
35439,3.18632,
35440,3.10445,
35441,3.20226,
35442,2.96031,
35443,3.02236,
35444,3.15125,
35445,3.10346,
35446,3.21593,
35447,3.28907,
35448,3.40459,
35449,4.26369,
35450,3.10424,
35451,3.07821,
35452,3.11048,
35453,3.11698,
35454,3.0343,
35455,3.11274,
35456,3.02841,
35457,3.08805,
35458,2.98492,
35459,3.58966,
35460,3.06505,
35461,3.06899,
35462,2.70036,
35463,2.89186,
35464,3.11803,
35465,3.10661,
35466,3.23032,
35467,3.29295,
35468,3.11206,
35469,3.09487,
35470,3.0946,
35471,3.02753,
35472,3.23828,
35473,3.03203,
35474,3.05378,
35475,3.20228,
35476,3.19329,
35477,3.08406,
35478,2.95602,
35479,2.9586,
35480,2.99381,
35481,2.9948,
35482,2.93143,
35483,2.74153,
35484,3.1369,
35485,2.99028,
35486,2.84912,
35487,2.87828,
35488,2.95078,
35489,3.05446,
35490,3.02274,
35491,2.9561,
35492,3.07888,
35493,2.78202,
35494,2.98385,
35495,2.69263,
35496,3.07178,
35497,2.93983,
35498,2.98201,
35499,2.97647,
35500,2.96808,
35501,2.96885,
35502,2.93727,
35503,2.89211,
35504,2.79648,
35505,3.01116,
35506,2.97762,
35507,2.67925,
35508,2.79516,
35509,2.74984,
35510,2.97245,
35511,2.96723,
35512,2.93529,
35513,2.93245,
35514,2.98604,
35515,3.02934,
35516,2.75437,
35517,3.1009,
35518,2.96812,
35519,2.95376,
35520,2.92174,
35521,3.09641,
35522,3.23274,
35523,3.165,
35524,2.95074,
35525,2.90365,
35526,3.29634,
35527,3.07139,
35528,3.1028,
35529,2.99649,
35530,2.89144,
35531,2.91683,
35532,3.10034,
35533,2.67976,
35534,2.71545,
35535,2.55519,
35536,2.8062,
35537,2.97198,
35538,3.06666,
35539,3.03458,
35540,3.04903,
35541,2.94514,
35542,2.81802,
35543,2.8908,
35544,2.99911,
35545,3.16163,
35546,2.96057,
35547,2.88923,
35548,2.54618,
35549,2.60184,
35550,3.09434,
35551,2.7828,
35552,2.93227,
35553,2.7482,
35554,2.87114,
35555,2.72741,
35556,2.77515,
35557,2.74061,
35558,2.81047,
35559,2.77203,
35560,2.7158,
35561,2.81631,
35562,3.03607,
35563,2.72597,
35564,2.94375,
35565,2.89477,
35566,3.25909,
35567,3.18473,
35568,3.18993,
35569,3.20176,
35570,3.22534,
35571,3.1844,
35572,2.93865,
35573,2.75041,
35574,3.07002,
35575,2.92708,
35576,2.90112,
35577,3.1148,
35578,3.03288,
35579,3.09125,
35580,2.99416,
35581,2.96407,
35582,2.89291,
35583,3.01304,
35584,3.1252,
35585,3.0518,
35586,3.0171,
35587,2.96734,
35588,2.83573,
35589,3.17146,
35590,2.90856,
35591,2.91399,
35592,3.01268,
35593,3.07173,
35594,2.88904,
35595,3.31797,
35596,3.14397,
35597,3.21753,
35598,3.01882,
35599,3.17214,
35600,3.0804,
35601,3.02355,
35602,3.06577,
35603,3.04479,
35604,3.03523,
35605,3.05358,
35606,3.05991,
35607,3.04941,
35608,2.86842,
35609,3.02699,
35610,2.9288,
35611,2.91746,
35612,2.66985,
35613,2.81047,
35614,2.65133,
35615,2.90069,
35616,2.93813,
35617,2.72656,
35618,2.83527,
35619,2.81353,
35620,3.00472,
35621,2.9059,
35622,2.92579,
35623,2.8492,
35624,3.00808,
35625,3.06703,
35626,3.06232,
35627,3.03735,
35628,3.12043,
35629,3.02395,
35630,3.16649,
35631,3.09392,
35632,3.08214,
35633,3.18713,
35634,3.02235,
35635,3.01288,
35636,2.78196,
35637,2.99738,
35638,2.98486,
35639,3.09962,
35640,3.01125,
35641,2.86303,
35642,2.97501,
35643,2.89447,
35644,2.96264,
35645,3.08435,
35646,3.15697,
35647,2.93961,
35648,2.8913,
35649,2.91076,
35650,3.13479,
35651,3.11309,
35652,3.13879,
35653,3.00336,
35654,3.18659,
35655,2.99353,
35656,3.10502,
35657,3.26961,
35658,3.03025,
35659,2.90074,
35660,2.88124,
35661,3.13371,
35662,3.15279,
35663,3.0303,
35664,3.09788,
35665,3.01379,
35666,3.23312,
35667,3.1388,
35668,3.31243,
35669,2.93908,
35670,3.01555,
35671,2.76918,
35672,2.96104,
35673,2.95714,
35674,2.95244,
35675,2.93232,
35676,3.15844,
35677,3.05388,
35678,2.97242,
35679,2.76208,
35680,2.86593,
35681,2.95308,
35682,2.96934,
35683,2.89756,
35684,3.20071,
35685,3.17044,
35686,3.17724,
35687,3.1035,
35688,2.94992,
35689,3.12724,
35690,2.856,
35691,3.17606,
35692,3.23642,
35693,3.14596,
35694,3.16171,
35695,3.40421,
35696,3.5163,
35697,3.09181,
35698,3.10995,
35699,3.14915,
35700,3.23991,
35701,3.44155,
35702,3.18757,
35703,3.05618,
35704,3.06191,
35705,2.97367,
35706,3.05348,
35707,3.04877,
35708,3.09679,
35709,3.0138,
35710,2.90689,
35711,3.05821,
35712,3.50694,
35713,3.54663,
35714,3.42209,
35715,3.40653,
35716,3.41059,
35717,3.46662,
35718,3.39417,
35719,3.36526,
35720,3.40884,
35721,3.41086,
35722,3.42054,
35723,3.36034,
35724,3.39457,
35725,3.27331,
35726,3.3664,
35727,3.4418,
35728,3.37862,
35729,3.30501,
35730,3.24507,
35731,3.0789,
35732,3.29671,
35733,3.13818,
35734,3.08428,
35735,3.08038,
35736,3.1025,
35737,2.9934,
35738,3.15621,
35739,3.03944,
35740,3.03859,
35741,3.08212,
35742,2.91187,
35743,2.81593,
35744,3.07865,
35745,3.26833,
35746,3.15458,
35747,2.91136,
35748,3.08469,
35749,3.10601,
35750,2.99321,
35751,3.03464,
35752,3.10197,
35753,2.90232,
35754,3.00718,
35755,2.92054,
35756,2.85984,
35757,3.16607,
35758,3.03172,
35759,3.01867,
35760,3.0856,
35761,2.93925,
35762,2.8927,
35763,2.82205,
35764,2.87481,
35765,3.0995,
35766,2.97676,
35767,2.86384,
35768,3.08873,
35769,2.97152,
35770,2.94541,
35771,2.95267,
35772,2.80909,
35773,2.81365,
35774,3.0427,
35775,2.77299,
35776,2.84794,
35777,2.86483,
35778,2.92637,
35779,2.83643,
35780,2.82513,
35781,2.92042,
35782,2.82147,
35783,2.8965,
35784,2.93263,
35785,2.99397,
35786,2.97829,
35787,3.01602,
35788,2.87176,
35789,3.07957,
35790,2.82611,
35791,2.97362,
35792,2.96756,
35793,2.94116,
35794,3.16122,
35795,2.90708,
35796,2.83736,
35797,3.06164,
35798,2.90167,
35799,2.74233,
35800,2.8588,
35801,3.11547,
35802,2.66331,
35803,2.76395,
35804,3.00749,
35805,2.75515,
35806,2.95462,
35807,2.88807,
35808,2.7778,
35809,2.75577,
35810,3.11502,
35811,3.04605,
35812,3.05704,
35813,2.96148,
35814,3.1715,
35815,3.05322,
35816,3.14442,
35817,3.01815,
35818,2.97091,
35819,3.10252,
35820,3.00746,
35821,3.04827,
35822,2.99549,
35823,2.98842,
35824,3.06847,
35825,2.74765,
35826,2.92023,
35827,3.02186,
35828,3.05407,
35829,3.04172,
35830,2.71383,
35831,2.93135,
35832,2.98913,
35833,2.88342,
35834,2.62042,
35835,2.8113,
35836,2.84234,
35837,2.80671,
35838,2.86695,
35839,2.63961,
35840,2.71926,
35841,2.72314,
35842,2.87763,
35843,2.9599,
35844,3.38385,
35845,3.29243,
35846,3.13571,
35847,3.05062,
35848,3.20882,
35849,3.23991,
35850,2.94319,
35851,3.12765,
35852,3.01357,
35853,3.04771,
35854,2.92899,
35855,3.28204,
35856,3.07859,
35857,3.00581,
35858,3.14576,
35859,3.09688,
35860,3.01366,
35861,3.15254,
35862,2.97211,
35863,3.1141,
35864,3.09886,
35865,2.99954,
35866,2.93661,
35867,3.00404,
35868,2.92421,
35869,3.12485,
35870,3.09979,
35871,2.96553,
35872,3.12987,
35873,2.98615,
35874,3.05146,
35875,3.22856,
35876,3.1139,
35877,2.98193,
35878,3.05958,
35879,3.08276,
35880,2.89291,
35881,3.01805,
35882,3.02098,
35883,3.16858,
35884,2.92192,
35885,2.97456,
35886,2.89737,
35887,3.07271,
35888,3.11041,
35889,3.03719,
35890,2.80476,
35891,3.01855,
35892,2.95369,
35893,2.84915,
35894,3.02186,
35895,3.13487,
35896,3.01592,
35897,2.88152,
35898,2.96691,
35899,3.01997,
35900,2.91869,
35901,2.91916,
35902,2.8145,
35903,2.9002,
35904,2.85949,
35905,3.02886,
35906,2.70341,
35907,2.74938,
35908,2.80232,
35909,2.86677,
35910,2.92022,
35911,2.83046,
35912,2.67,
35913,2.86867,
35914,2.74508,
35915,2.92438,
35916,2.77381,
35917,2.83678,
35918,3.01335,
35919,2.94974,
35920,2.98358,
35921,2.71252,
35922,2.87406,
35923,2.77756,
35924,2.87323,
35925,3.03636,
35926,2.66454,
35927,2.78301,
35928,2.65228,
35929,2.66208,
35930,2.89515,
35931,2.83239,
35932,2.90234,
35933,2.79474,
35934,3.02606,
35935,2.84224,
35936,2.97805,
35937,3.1005,
35938,3.09934,
35939,2.99997,
35940,3.06271,
35941,3.33537,
35942,3.02253,
35943,2.91936,
35944,3.13137,
35945,2.95258,
35946,3.09425,
35947,3.16996,
35948,3.05647,
35949,3.05836,
35950,3.06099,
35951,2.8795,
35952,3.0935,
35953,3.03202,
35954,2.86699,
35955,3.00222,
35956,2.97043,
35957,2.76743,
35958,2.95859,
35959,2.97926,
35960,2.81655,
35961,2.91878,
35962,3.00769,
35963,3.15824,
35964,2.94733,
35965,2.99636,
35966,2.92924,
35967,3.26684,
35968,3.29514,
35969,3.30083,
35970,3.27636,
35971,3.34471,
35972,3.25394,
35973,3.21115,
35974,3.3488,
35975,3.20124,
35976,3.25985,
35977,3.28007,
35978,3.28673,
35979,3.11321,
35980,3.30019,
35981,3.23781,
35982,3.2654,
35983,3.32733,
35984,3.18857,
35985,3.26237,
35986,3.22218,
35987,3.27884,
35988,3.14233,
35989,3.27535,
35990,2.74041,
35991,2.81817,
35992,2.72914,
35993,2.58234,
35994,2.7074,
35995,2.60204,
35996,2.90809,
35997,2.48132,
35998,2.75848,
35999,2.71356,
36000,2.79715,
36001,2.7943,
36002,2.57739,
36003,2.63735,
36004,2.83994,
36005,2.96324,
36006,2.96572,
36007,2.67389,
36008,2.63589,
36009,3.1366,
36010,3.22382,
36011,3.15347,
36012,3.19998,
36013,3.18588,
36014,3.20791,
36015,3.06046,
36016,2.8615,
36017,3.0013,
36018,3.12816,
36019,2.99585,
36020,3.08157,
36021,3.19265,
36022,3.23241,
36023,3.08747,
36024,3.024,
36025,2.84757,
36026,3.05681,
36027,3.00974,
36028,2.96275,
36029,2.75165,
36030,2.76959,
36031,2.72362,
36032,2.92431,
36033,2.96668,
36034,2.86322,
36035,3.02379,
36036,2.95709,
36037,3.03228,
36038,2.98114,
36039,3.11299,
36040,2.93629,
36041,2.92928,
36042,3.01726,
36043,2.80709,
36044,2.80109,
36045,2.80953,
36046,2.9835,
36047,3.14808,
36048,2.99354,
36049,2.81545,
36050,2.7521,
36051,2.66265,
36052,2.56609,
36053,2.66281,
36054,2.67968,
36055,2.95491,
36056,2.64487,
36057,2.67592,
36058,2.72699,
36059,2.93844,
36060,2.86869,
36061,3.07721,
36062,2.75764,
36063,3.22383,
36064,2.92306,
36065,3.23741,
36066,3.32741,
36067,3.05973,
36068,3.20669,
36069,3.12009,
36070,3.00493,
36071,3.09607,
36072,3.0729,
36073,2.96308,
36074,2.847,
36075,2.81033,
36076,2.95472,
36077,2.90299,
36078,2.97197,
36079,3.0677,
36080,2.87002,
36081,3.00262,
36082,2.81949,
36083,3.09456,
36084,3.0625,
36085,2.83017,
36086,2.74849,
36087,3.03326,
36088,2.76225,
36089,2.76447,
36090,2.76955,
36091,2.60559,
36092,2.65287,
36093,2.72321,
36094,3.21826,
36095,3.15369,
36096,3.30454,
36097,3.31636,
36098,3.30642,
36099,3.14479,
36100,2.92233,
36101,3.04095,
36102,2.99428,
36103,3.13438,
36104,3.36333,
36105,3.08051,
36106,3.13478,
36107,2.97032,
36108,2.96865,
36109,3.28205,
36110,3.21186,
36111,3.30743,
36112,3.09822,
36113,3.32139,
36114,3.00788,
36115,3.06049,
36116,2.99764,
36117,3.05424,
36118,2.89805,
36119,2.94431,
36120,2.88839,
36121,2.82411,
36122,3.08805,
36123,2.79148,
36124,2.85201,
36125,2.96295,
36126,3.02292,
36127,3.02003,
36128,2.89767,
36129,2.96903,
36130,2.84404,
36131,2.85965,
36132,2.78924,
36133,2.80861,
36134,2.94204,
36135,2.68835,
36136,2.74386,
36137,3.00484,
36138,2.87579,
36139,3.25744,
36140,3.31094,
36141,3.22386,
36142,3.35053,
36143,3.21781,
36144,3.1896,
36145,3.02047,
36146,3.12163,
36147,2.84324,
36148,2.93596,
36149,2.84279,
36150,2.91276,
36151,3.19442,
36152,3.19166,
36153,3.06795,
36154,3.19801,
36155,3.18482,
36156,2.86682,
36157,2.93584,
36158,2.96717,
36159,2.83293,
36160,3.00885,
36161,3.15262,
36162,3.09778,
36163,3.18275,
36164,3.29605,
36165,3.29973,
36166,2.74664,
36167,2.93474,
36168,3.12305,
36169,3.10164,
36170,3.08434,
36171,3.10268,
36172,3.24408,
36173,3.14513,
36174,3.26082,
36175,3.02141,
36176,3.00797,
36177,3.18973,
36178,2.86442,
36179,3.12553,
36180,3.09734,
36181,3.07453,
36182,3.02794,
36183,3.03751,
36184,3.27027,
36185,3.11237,
36186,3.19942,
36187,3.07084,
36188,3.20767,
36189,3.1504,
36190,3.15856,
36191,2.952,
36192,3.07135,
36193,3.03062,
36194,2.93483,
36195,2.9938,
36196,2.90095,
36197,3.03327,
36198,3.02273,
36199,3.09261,
36200,2.80589,
36201,3.03046,
36202,3.12482,
36203,3.01403,
36204,2.90535,
36205,2.87021,
36206,3.12399,
36207,2.88883,
36208,3.05625,
36209,2.22667,
36210,3.10165,
36211,3.09575,
36212,3.21883,
36213,3.30212,
36214,3.56763,
36215,3.17586,
36216,3.27785,
36217,3.10503,
36218,3.22819,
36219,3.23883,
36220,3.20888,
36221,3.18646,
36222,3.03022,
36223,3.08857,
36224,3.1433,
36225,3.24612,
36226,3.00794,
36227,3.16964,
36228,3.254,
36229,3.12966,
36230,3.11779,
36231,3.01334,
36232,3.05998,
36233,3.15112,
36234,3.14754,
36235,3.10141,
36236,3.09403,
36237,2.95989,
36238,3.20774,
36239,3.19687,
36240,2.94682,
36241,3.1052,
36242,2.93953,
36243,2.86315,
36244,2.82507,
36245,2.70145,
36246,3.04183,
36247,2.97453,
36248,2.84123,
36249,2.9628,
36250,3.08054,
36251,2.89491,
36252,2.86327,
36253,2.89122,
36254,2.85397,
36255,3.02355,
36256,2.86826,
36257,2.97087,
36258,3.07761,
36259,2.93971,
36260,3.10632,
36261,3.02855,
36262,2.9205,
36263,2.94822,
36264,2.97207,
36265,3.16733,
36266,3.02802,
36267,2.9816,
36268,3.03997,
36269,3.10797,
36270,2.92067,
36271,2.77015,
36272,2.92251,
36273,2.86864,
36274,2.97321,
36275,2.9787,
36276,2.70929,
36277,3.07136,
36278,3.11516,
36279,3.05707,
36280,2.95682,
36281,2.88378,
36282,3.13828,
36283,2.92996,
36284,2.65359,
36285,2.9993,
36286,3.01008,
36287,3.19982,
36288,2.9851,
36289,2.87137,
36290,2.99837,
36291,2.94105,
36292,2.90435,
36293,2.92336,
36294,2.93972,
36295,3.09449,
36296,3.09732,
36297,3.06827,
36298,2.89359,
36299,2.93334,
36300,2.88683,
36301,3.09029,
36302,3.09528,
36303,3.04514,
36304,3.03359,
36305,3.23721,
36306,2.93368,
36307,3.02448,
36308,3.02902,
36309,2.84015,
36310,3.10134,
36311,3.06134,
36312,3.19429,
36313,3.00307,
36314,2.73775,
36315,2.79786,
36316,2.98657,
36317,2.82503,
36318,2.90052,
36319,2.77139,
36320,2.92205,
36321,3.15092,
36322,3.11458,
36323,2.98806,
36324,3.12323,
36325,3.0438,
36326,3.09839,
36327,3.01217,
36328,3.1287,
36329,3.1335,
36330,3.16173,
36331,3.06671,
36332,3.12289,
36333,3.07249,
36334,3.00007,
36335,3.13609,
36336,2.74513,
36337,2.90627,
36338,3.1138,
36339,2.97782,
36340,3.0584,
36341,2.82105,
36342,2.93074,
36343,3.06232,
36344,2.826,
36345,2.9765,
36346,2.85749,
36347,2.77179,
36348,2.95057,
36349,2.74254,
36350,2.84588,
36351,2.86173,
36352,2.94646,
36353,2.85705,
36354,3.01544,
36355,3.09264,
36356,3.02746,
36357,2.85834,
36358,2.9204,
36359,2.88329,
36360,2.93947,
36361,2.7688,
36362,3.13367,
36363,2.98082,
36364,3.02419,
36365,3.10107,
36366,3.04023,
36367,2.942,
36368,3.03486,
36369,2.99516,
36370,3.02568,
36371,3.06223,
36372,3.1612,
36373,3.25459,
36374,3.11192,
36375,3.06134,
36376,3.03843,
36377,2.92115,
36378,2.9635,
36379,2.84217,
36380,2.91955,
36381,2.79418,
36382,3.00506,
36383,2.89363,
36384,3.11953,
36385,2.92541,
36386,3.06999,
36387,3.1468,
36388,3.17919,
36389,3.20491,
36390,2.96967,
36391,2.84306,
36392,3.07926,
36393,2.78566,
36394,3.0443,
36395,3.08988,
36396,3.18502,
36397,3.21544,
36398,3.22613,
36399,2.88763,
36400,3.19555,
36401,3.06363,
36402,3.06184,
36403,3.03993,
36404,3.1936,
36405,2.94927,
36406,3.15105,
36407,2.78991,
36408,3.15626,
36409,3.13926,
36410,3.27166,
36411,3.02223,
36412,3.10231,
36413,3.19161,
36414,2.95227,
36415,3.14116,
36416,2.83874,
36417,2.98691,
36418,2.98498,
36419,3.24971,
36420,3.18836,
36421,2.81753,
36422,3.05259,
36423,2.95829,
36424,3.07993,
36425,3.08677,
36426,3.29386,
36427,3.11051,
36428,2.96791,
36429,3.08562,
36430,3.1533,
36431,2.99385,
36432,2.89958,
36433,2.87179,
36434,3.1493,
36435,3.2251,
36436,3.24392,
36437,3.17698,
36438,3.08723,
36439,3.06546,
36440,2.87884,
36441,3.18622,
36442,3.05485,
36443,3.13458,
36444,3.07714,
36445,3.08697,
36446,3.06356,
36447,3.17804,
36448,3.09347,
36449,3.00039,
36450,3.06751,
36451,3.13944,
36452,2.91659,
36453,3.24917,
36454,3.0957,
36455,2.99556,
36456,2.89731,
36457,3.12829,
36458,3.11498,
36459,2.97937,
36460,2.95083,
36461,3.15381,
36462,2.91185,
36463,2.9084,
36464,3.06581,
36465,2.8889,
36466,2.98335,
36467,3.12103,
36468,3.13265,
36469,2.97795,
36470,2.92683,
36471,2.90437,
36472,3.08685,
36473,3.12425,
36474,2.74529,
36475,2.97978,
36476,2.96625,
36477,3.08278,
36478,3.10047,
36479,3.11571,
36480,2.88605,
36481,2.97285,
36482,3.03553,
36483,2.75669,
36484,2.85033,
36485,3.18586,
36486,2.9809,
36487,3.05826,
36488,2.84641,
36489,2.87475,
36490,3.0775,
36491,2.99387,
36492,2.85942,
36493,3.1355,
36494,3.05968,
36495,2.8012,
36496,2.92963,
36497,2.85113,
36498,2.99074,
36499,2.8558,
36500,2.91587,
36501,3.07983,
36502,2.9809,
36503,3.20083,
36504,3.17407,
36505,3.07815,
36506,3.18337,
36507,2.96337,
36508,3.00844,
36509,3.1386,
36510,3.10328,
36511,3.21275,
36512,3.27783,
36513,3.40591,
36514,4.26257,
36515,3.08969,
36516,3.06226,
36517,3.11358,
36518,3.09357,
36519,3.01245,
36520,3.10668,
36521,3.03109,
36522,3.0675,
36523,2.98791,
36524,3.58869,
36525,3.06528,
36526,3.07127,
36527,2.69813,
36528,2.89452,
36529,3.11521,
36530,3.10639,
36531,3.22236,
36532,3.29584,
36533,3.10609,
36534,3.109,
36535,3.08955,
36536,3.03645,
36537,3.22837,
36538,3.01829,
36539,3.04098,
36540,3.1949,
36541,3.201,
36542,3.08805,
36543,2.95659,
36544,2.94323,
36545,2.98702,
36546,2.99481,
36547,2.93329,
36548,2.74804,
36549,3.1288,
36550,2.98654,
36551,2.85797,
36552,2.87628,
36553,2.94756,
36554,3.05942,
36555,3.03312,
36556,2.94952,
36557,3.06879,
36558,2.78463,
36559,2.97772,
36560,2.68163,
36561,3.05172,
36562,2.93461,
36563,2.98651,
36564,2.98114,
36565,2.96228,
36566,2.9643,
36567,2.93559,
36568,2.90209,
36569,2.79112,
36570,3.00091,
36571,2.97852,
36572,2.66887,
36573,2.78628,
36574,2.73236,
36575,2.96228,
36576,2.95171,
36577,2.94005,
36578,2.93625,
36579,2.97418,
36580,3.05066,
36581,2.74902,
36582,3.10701,
36583,2.97011,
36584,2.94325,
36585,2.93273,
36586,3.08273,
36587,3.23523,
36588,3.16981,
36589,2.94559,
36590,2.8841,
36591,3.27965,
36592,3.05651,
36593,3.11227,
36594,2.97919,
36595,2.87107,
36596,2.9193,
36597,3.09541,
36598,2.6862,
36599,2.70741,
36600,2.55526,
36601,2.79628,
36602,2.9685,
36603,3.05217,
36604,3.03064,
36605,3.05445,
36606,2.94431,
36607,2.80475,
36608,2.8783,
36609,2.99684,
36610,3.15327,
36611,2.96041,
36612,2.88376,
36613,2.54672,
36614,2.58521,
36615,3.08896,
36616,2.77847,
36617,2.92027,
36618,2.74204,
36619,2.86545,
36620,2.72327,
36621,2.76902,
36622,2.73843,
36623,2.81303,
36624,2.765,
36625,2.7199,
36626,2.81508,
36627,3.05331,
36628,2.72532,
36629,2.94258,
36630,2.89777,
36631,3.24796,
36632,3.17582,
36633,3.18409,
36634,3.19384,
36635,3.20192,
36636,3.15565,
36637,2.93229,
36638,2.72506,
36639,3.04562,
36640,2.90865,
36641,2.89696,
36642,3.10224,
36643,3.00956,
36644,3.07992,
36645,2.99274,
36646,2.96267,
36647,2.88841,
36648,3.0252,
36649,3.11064,
36650,3.03057,
36651,3.0072,
36652,2.9719,
36653,2.82911,
36654,3.1651,
36655,2.8852,
36656,2.89961,
36657,2.99995,
36658,3.07172,
36659,2.89274,
36660,3.31065,
36661,3.15347,
36662,3.21092,
36663,3.02084,
36664,3.15921,
36665,3.07514,
36666,3.02538,
36667,3.05962,
36668,3.03233,
36669,3.02101,
36670,3.04161,
36671,3.07259,
36672,3.0561,
36673,2.86615,
36674,3.01746,
36675,2.93361,
36676,2.91108,
36677,2.67603,
36678,2.79935,
36679,2.65012,
36680,2.90492,
36681,2.94196,
36682,2.72039,
36683,2.82272,
36684,2.79631,
36685,2.99682,
36686,2.90386,
36687,2.91575,
36688,2.84153,
36689,3.00429,
36690,3.05988,
36691,3.05244,
36692,3.04108,
36693,3.11838,
36694,3.02947,
36695,3.17269,
36696,3.07811,
36697,3.07284,
36698,3.17579,
36699,3.01311,
36700,3.0042,
36701,2.78597,
36702,2.99819,
36703,2.97939,
36704,3.08573,
36705,3.01392,
36706,2.87566,
36707,2.97934,
36708,2.88338,
36709,2.96001,
36710,3.08675,
36711,3.15632,
36712,2.94318,
36713,2.88812,
36714,2.91598,
36715,3.1061,
36716,3.09802,
36717,3.14296,
36718,2.99059,
36719,3.18125,
36720,2.97712,
36721,3.08973,
36722,3.26902,
36723,3.01827,
36724,2.90569,
36725,2.88239,
36726,3.14336,
36727,3.15543,
36728,3.02427,
36729,3.09063,
36730,3.01425,
36731,3.2375,
36732,3.14287,
36733,3.30345,
36734,2.94831,
36735,3.0111,
36736,2.75779,
36737,2.96574,
36738,2.96215,
36739,2.94145,
36740,2.9234,
36741,3.15489,
36742,3.05713,
36743,2.97413,
36744,2.75754,
36745,2.8748,
36746,2.95179,
36747,2.98275,
36748,2.90547,
36749,3.20067,
36750,3.16043,
36751,3.17458,
36752,3.08616,
36753,2.94039,
36754,3.10875,
36755,2.85177,
36756,3.16186,
36757,3.21806,
36758,3.16049,
36759,3.15725,
36760,3.38808,
36761,3.51361,
36762,3.07922,
36763,3.11354,
36764,3.14538,
36765,3.24406,
36766,3.42122,
36767,3.1761,
36768,3.069,
36769,3.0561,
36770,2.95852,
36771,3.04283,
36772,3.03963,
36773,3.08949,
36774,3.00876,
36775,2.90585,
36776,3.05904,
36777,3.50084,
36778,3.54964,
36779,3.41867,
36780,3.40886,
36781,3.40861,
36782,3.45438,
36783,3.38496,
36784,3.35575,
36785,3.40875,
36786,3.40184,
36787,3.39732,
36788,3.36369,
36789,3.39183,
36790,3.26058,
36791,3.36354,
36792,3.44008,
36793,3.38127,
36794,3.31924,
36795,3.26377,
36796,3.06784,
36797,3.28299,
36798,3.1252,
36799,3.0722,
36800,3.06657,
36801,3.10517,
36802,2.9899,
36803,3.14752,
36804,3.01842,
36805,3.04407,
36806,3.08462,
36807,2.89627,
36808,2.81258,
36809,3.0727,
36810,3.27598,
36811,3.15294,
36812,2.90564,
36813,3.08094,
36814,3.10007,
36815,2.9815,
36816,3.06289,
36817,3.10906,
36818,2.91824,
36819,3.01185,
36820,2.91705,
36821,2.85402,
36822,3.16856,
36823,3.02463,
36824,3.02292,
36825,3.07516,
36826,2.94201,
36827,2.88968,
36828,2.80903,
36829,2.87758,
36830,3.06827,
36831,2.98774,
36832,2.87416,
36833,3.07401,
36834,2.98332,
36835,2.92275,
36836,2.9529,
36837,2.81175,
36838,2.80325,
36839,3.04602,
36840,2.78534,
36841,2.83999,
36842,2.85847,
36843,2.92896,
36844,2.84369,
36845,2.82604,
36846,2.91723,
36847,2.83679,
36848,2.88364,
36849,2.92263,
36850,2.99386,
36851,2.97049,
36852,3.01173,
36853,2.85825,
36854,3.07415,
36855,2.81967,
36856,2.95914,
36857,2.96908,
36858,2.93554,
36859,3.16055,
36860,2.91276,
36861,2.83395,
36862,3.05046,
36863,2.90873,
36864,2.73649,
36865,2.86237,
36866,3.11891,
36867,2.66584,
36868,2.76122,
36869,3.00751,
36870,2.77163,
36871,2.95226,
36872,2.87587,
36873,2.79539,
36874,2.76005,
36875,3.10191,
36876,3.04816,
36877,3.06424,
36878,2.95282,
36879,3.17514,
36880,3.04927,
36881,3.14419,
36882,3.01138,
36883,2.96972,
36884,3.0995,
36885,3.00056,
36886,3.01012,
36887,2.99103,
36888,2.98467,
36889,3.06823,
36890,2.7354,
36891,2.92693,
36892,3.00705,
36893,3.06874,
36894,3.03661,
36895,2.70324,
36896,2.92916,
36897,2.99935,
36898,2.8931,
36899,2.62354,
36900,2.79485,
36901,2.85145,
36902,2.80799,
36903,2.86277,
36904,2.63762,
36905,2.71498,
36906,2.69686,
36907,2.86456,
36908,2.95338,
36909,3.37042,
36910,3.28975,
36911,3.12595,
36912,3.05051,
36913,3.21233,
36914,3.22815,
36915,2.92763,
36916,3.12421,
36917,3.00485,
36918,3.03494,
36919,2.92342,
36920,3.28168,
36921,3.06323,
36922,2.99547,
36923,3.14294,
36924,3.09232,
36925,3.0148,
36926,3.14342,
36927,2.95575,
36928,3.11463,
36929,3.08476,
36930,2.99139,
36931,2.94671,
36932,2.99646,
36933,2.91849,
36934,3.1156,
36935,3.09269,
36936,2.95283,
36937,3.11809,
36938,2.98957,
36939,3.05052,
36940,3.22579,
36941,3.11615,
36942,2.98096,
36943,3.05593,
36944,3.07728,
36945,2.87817,
36946,3.00149,
36947,3.01015,
36948,3.16661,
36949,2.9113,
36950,2.97965,
36951,2.90458,
36952,3.07605,
36953,3.08691,
36954,3.05099,
36955,2.79779,
36956,3.02332,
36957,2.94097,
36958,2.84562,
36959,3.0188,
36960,3.11432,
36961,3.00346,
36962,2.86659,
36963,2.96119,
36964,3.00411,
36965,2.91714,
36966,2.91757,
36967,2.80968,
36968,2.89048,
36969,2.85872,
36970,3.02129,
36971,2.70431,
36972,2.7391,
36973,2.7925,
36974,2.86999,
36975,2.9195,
36976,2.84731,
36977,2.66094,
36978,2.84186,
36979,2.75216,
36980,2.90665,
36981,2.78989,
36982,2.83378,
36983,3.01678,
36984,2.94123,
36985,2.96895,
36986,2.70561,
36987,2.87701,
36988,2.76813,
36989,2.8714,
36990,3.03528,
36991,2.6591,
36992,2.78654,
36993,2.65541,
36994,2.65936,
36995,2.8928,
36996,2.82181,
36997,2.8716,
36998,2.80449,
36999,3.01082,
37000,2.85831,
37001,2.98195,
37002,3.08871,
37003,3.09823,
37004,3.00393,
37005,3.05613,
37006,3.33808,
37007,3.02162,
37008,2.91834,
37009,3.16309,
37010,2.95015,
37011,3.09361,
37012,3.1711,
37013,3.0518,
37014,3.04532,
37015,3.06401,
37016,2.87373,
37017,3.06633,
37018,3.02717,
37019,2.86496,
37020,2.99159,
37021,2.97302,
37022,2.76462,
37023,2.96076,
37024,2.96852,
37025,2.80938,
37026,2.9151,
37027,3.00343,
37028,3.13582,
37029,2.9419,
37030,2.9906,
37031,2.91792,
37032,3.27014,
37033,3.29692,
37034,3.2836,
37035,3.26711,
37036,3.33909,
37037,3.25459,
37038,3.20725,
37039,3.35882,
37040,3.19137,
37041,3.25422,
37042,3.29584,
37043,3.29869,
37044,3.11628,
37045,3.28834,
37046,3.24022,
37047,3.27033,
37048,3.32573,
37049,3.19907,
37050,3.24415,
37051,3.2153,
37052,3.2607,
37053,3.12763,
37054,3.27245,
37055,2.72954,
37056,2.81252,
37057,2.73202,
37058,2.57838,
37059,2.70025,
37060,2.59707,
37061,2.90614,
37062,2.47261,
37063,2.74006,
37064,2.71265,
37065,2.79738,
37066,2.79679,
37067,2.58338,
37068,2.64821,
37069,2.82712,
37070,2.95142,
37071,2.95675,
37072,2.67738,
37073,2.63931,
37074,3.15524,
37075,3.20997,
37076,3.14044,
37077,3.2043,
37078,3.18759,
37079,3.19773,
37080,3.05381,
37081,2.86439,
37082,2.99177,
37083,3.15256,
37084,2.99074,
37085,3.07399,
37086,3.18089,
37087,3.22369,
37088,3.07852,
37089,3.01832,
37090,2.84095,
37091,3.05892,
37092,3.00886,
37093,2.97614,
37094,2.75702,
37095,2.78903,
37096,2.74548,
37097,2.92245,
37098,2.95282,
37099,2.86935,
37100,3.02551,
37101,2.93884,
37102,3.01286,
37103,2.97974,
37104,3.10075,
37105,2.9176,
37106,2.90927,
37107,3.02912,
37108,2.78684,
37109,2.81097,
37110,2.79704,
37111,2.97532,
37112,3.15223,
37113,2.98888,
37114,2.81075,
37115,2.75814,
37116,2.66578,
37117,2.56251,
37118,2.64938,
37119,2.66611,
37120,2.95214,
37121,2.62199,
37122,2.68759,
37123,2.72047,
37124,2.93332,
37125,2.87018,
37126,3.05595,
37127,2.75165,
37128,3.22178,
37129,2.92062,
37130,3.23122,
37131,3.30416,
37132,3.06321,
37133,3.20258,
37134,3.10624,
37135,2.988,
37136,3.09783,
37137,3.07744,
37138,2.96807,
37139,2.83306,
37140,2.80212,
37141,2.94667,
37142,2.88751,
37143,2.97013,
37144,3.0785,
37145,2.86788,
37146,3.01475,
37147,2.81212,
37148,3.08759,
37149,3.03369,
37150,2.82868,
37151,2.74695,
37152,3.04148,
37153,2.74194,
37154,2.76706,
37155,2.76389,
37156,2.62188,
37157,2.66407,
37158,2.7234,
37159,3.20244,
37160,3.13325,
37161,3.30012,
37162,3.30502,
37163,3.29289,
37164,3.13492,
37165,2.91473,
37166,3.02594,
37167,2.98475,
37168,3.13649,
37169,3.35289,
37170,3.08536,
37171,3.1181,
37172,2.97574,
37173,2.97549,
37174,3.28346,
37175,3.20918,
37176,3.30583,
37177,3.09464,
37178,3.32379,
37179,2.99868,
37180,3.05842,
37181,2.99604,
37182,3.04714,
37183,2.89137,
37184,2.94099,
37185,2.88026,
37186,2.82246,
37187,3.07503,
37188,2.78747,
37189,2.84396,
37190,2.95563,
37191,3.01643,
37192,3.03151,
37193,2.89792,
37194,2.95337,
37195,2.82938,
37196,2.85693,
37197,2.78174,
37198,2.83159,
37199,2.93096,
37200,2.69371,
37201,2.73788,
37202,2.98827,
37203,2.8658,
37204,3.23574,
37205,3.29711,
37206,3.20803,
37207,3.35382,
37208,3.22607,
37209,3.18371,
37210,3.00809,
37211,3.11304,
37212,2.85312,
37213,2.94123,
37214,2.85705,
37215,2.91455,
37216,3.19089,
37217,3.18252,
37218,3.05168,
37219,3.19417,
37220,3.16484,
37221,2.86571,
37222,2.92331,
37223,2.97238,
37224,2.82645,
37225,2.99107,
37226,3.14309,
37227,3.10887,
37228,3.17768,
37229,3.28822,
37230,3.29657,
37231,2.75806,
37232,2.92702,
37233,3.11682,
37234,3.09541,
37235,3.08193,
37236,3.11244,
37237,3.24622,
37238,3.14356,
37239,3.26517,
37240,3.01645,
37241,3.01051,
37242,3.19243,
37243,2.8647,
37244,3.11497,
37245,3.09422,
37246,3.05778,
37247,3.00962,
37248,3.03379,
37249,3.2621,
37250,3.12682,
37251,3.18423,
37252,3.07747,
37253,3.18898,
37254,3.14331,
37255,3.15271,
37256,2.95784,
37257,3.06476,
37258,3.04562,
37259,2.92626,
37260,2.98632,
37261,2.89924,
37262,3.01101,
37263,3.01679,
37264,3.09915,
37265,2.806,
37266,2.99138,
37267,3.11731,
37268,3.01419,
37269,2.88827,
37270,2.86768,
37271,3.10456,
37272,2.88794,
37273,3.05888,
37274,2.21808,
37275,3.09065,
37276,3.0783,
37277,3.21301,
37278,3.28941,
37279,3.54892,
37280,3.18288,
37281,3.25673,
37282,3.09471,
37283,3.23374,
37284,3.24279,
37285,3.18994,
37286,3.19291,
37287,3.01809,
37288,3.08615,
37289,3.1325,
37290,3.2292,
37291,3.01333,
37292,3.1578,
37293,3.26818,
37294,3.12795,
37295,3.12294,
37296,3.00333,
37297,3.05219,
37298,3.14278,
37299,3.11548,
37300,3.09583,
37301,3.08318,
37302,2.94636,
37303,3.20825,
37304,3.20059,
37305,2.94618,
37306,3.10597,
37307,2.94433,
37308,2.85542,
37309,2.81729,
37310,2.69597,
37311,3.03158,
37312,2.98512,
37313,2.83956,
37314,2.95454,
37315,3.07804,
37316,2.89456,
37317,2.86187,
37318,2.91146,
37319,2.8576,
37320,3.01595,
37321,2.85349,
37322,2.97237,
37323,3.0756,
37324,2.92107,
37325,3.1039,
37326,3.01567,
37327,2.90598,
37328,2.94161,
37329,2.95869,
37330,3.17764,
37331,3.02019,
37332,2.98693,
37333,3.01218,
37334,3.09163,
37335,2.91061,
37336,2.73916,
37337,2.92405,
37338,2.87284,
37339,2.98127,
37340,2.98164,
37341,2.72154,
37342,3.06129,
37343,3.11217,
37344,3.0424,
37345,2.95064,
37346,2.88004,
37347,3.15123,
37348,2.93116,
37349,2.65552,
37350,2.99903,
37351,2.99579,
37352,3.18269,
37353,2.95555,
37354,2.87331,
37355,3.01404,
37356,2.93092,
37357,2.89433,
37358,2.92263,
37359,2.938,
37360,3.0859,
37361,3.07748,
37362,3.06911,
37363,2.88227,
37364,2.92752,
37365,2.87874,
37366,3.09198,
37367,3.08688,
37368,3.03509,
37369,3.03159,
37370,3.22791,
37371,2.93798,
37372,3.02036,
37373,3.02482,
37374,2.83898,
37375,3.10659,
37376,3.0606,
37377,3.19528,
37378,2.9875,
37379,2.74769,
37380,2.80594,
37381,2.98259,
37382,2.82444,
37383,2.90803,
37384,2.74692,
37385,2.9269,
37386,3.13537,
37387,3.10737,
37388,2.97948,
37389,3.12747,
37390,3.03688,
37391,3.07075,
37392,2.99531,
37393,3.12574,
37394,3.10845,
37395,3.15057,
37396,3.05936,
37397,3.09954,
37398,3.08467,
37399,2.98392,
37400,3.1284,
37401,2.73814,
37402,2.89964,
37403,3.11786,
37404,2.9731,
37405,3.04822,
37406,2.81589,
37407,2.93558,
37408,3.07346,
37409,2.82065,
37410,2.98962,
37411,2.85927,
37412,2.76983,
37413,2.9441,
37414,2.71559,
37415,2.85839,
37416,2.85415,
37417,2.95328,
37418,2.8611,
37419,3.01051,
37420,3.0974,
37421,3.01522,
37422,2.86454,
37423,2.92764,
37424,2.87233,
37425,2.93478,
37426,2.76594,
37427,3.1112,
37428,2.98378,
37429,3.01809,
37430,3.10224,
37431,3.02323,
37432,2.95199,
37433,3.02764,
37434,2.98334,
37435,3.02946,
37436,3.05354,
37437,3.15119,
37438,3.24752,
37439,3.11898,
37440,3.05495,
37441,3.02585,
37442,2.91588,
37443,2.96357,
37444,2.83028,
37445,2.91776,
37446,2.79876,
37447,3.02201,
37448,2.88964,
37449,3.10898,
37450,2.92542,
37451,3.04776,
37452,3.13467,
37453,3.16983,
37454,3.21183,
37455,2.96804,
37456,2.83964,
37457,3.09101,
37458,2.78409,
37459,3.04278,
37460,3.08337,
37461,3.16938,
37462,3.22042,
37463,3.21687,
37464,2.8858,
37465,3.19043,
37466,3.04775,
37467,3.04802,
37468,3.04763,
37469,3.18082,
37470,2.93284,
37471,3.14776,
37472,2.76142,
37473,3.14544,
37474,3.14371,
37475,3.26512,
37476,3.02164,
37477,3.11233,
37478,3.19051,
37479,2.94915,
37480,3.14276,
37481,2.84798,
37482,2.97549,
37483,2.96581,
37484,3.25547,
37485,3.18303,
37486,2.8107,
37487,3.04281,
37488,2.95988,
37489,3.07483,
37490,3.08079,
37491,3.29208,
37492,3.09364,
37493,2.96671,
37494,3.08707,
37495,3.14888,
37496,2.98838,
37497,2.882,
37498,2.88102,
37499,3.14058,
37500,3.22594,
37501,3.24178,
37502,3.17291,
37503,3.07232,
37504,3.05942,
37505,2.87588,
37506,3.19352,
37507,3.0371,
37508,3.13526,
37509,3.07294,
37510,3.07704,
37511,3.05297,
37512,3.18636,
37513,3.0856,
37514,3.00123,
37515,3.05838,
37516,3.12668,
37517,2.91204,
37518,3.22831,
37519,3.09397,
37520,2.98977,
37521,2.89814,
37522,3.12301,
37523,3.11517,
37524,2.97899,
37525,2.94927,
37526,3.14808,
37527,2.91761,
37528,2.91253,
37529,3.04881,
37530,2.88675,
37531,2.98776,
37532,3.11532,
37533,3.13057,
37534,2.96827,
37535,2.9191,
37536,2.89303,
37537,3.08978,
37538,3.13162,
37539,2.73587,
37540,2.99549,
37541,2.98105,
37542,3.07463,
37543,3.1003,
37544,3.12789,
37545,2.88272,
37546,2.96595,
37547,3.03258,
37548,2.76209,
37549,2.8509,
37550,3.17788,
37551,2.9607,
37552,3.05274,
37553,2.84683,
37554,2.86035,
37555,3.07235,
37556,2.9775,
37557,2.84431,
37558,3.13497,
37559,3.05458,
37560,2.80897,
37561,2.91696,
37562,2.83617,
37563,2.986,
37564,2.85812,
37565,2.90862,
37566,3.0728,
37567,2.97872,
37568,3.18511,
37569,3.16975,
37570,3.07789,
37571,3.19341,
37572,2.96094,
37573,3.01948,
37574,3.13119,
37575,3.08388,
37576,3.20599,
37577,3.27052,
37578,3.40259,
37579,4.26793,
37580,3.07973,
37581,3.06751,
37582,3.10612,
37583,3.08811,
37584,3.00722,
37585,3.0979,
37586,3.02528,
37587,3.06689,
37588,2.9611,
37589,3.58277,
37590,3.06614,
37591,3.06347,
37592,2.69756,
37593,2.89053,
37594,3.11982,
37595,3.10373,
37596,3.2254,
37597,3.29298,
37598,3.11117,
37599,3.09322,
37600,3.07873,
37601,3.02186,
37602,3.2312,
37603,3.01233,
37604,3.03977,
37605,3.19417,
37606,3.18418,
37607,3.07614,
37608,2.94882,
37609,2.93152,
37610,2.99504,
37611,2.9916,
37612,2.92609,
37613,2.73595,
37614,3.13215,
37615,2.9952,
37616,2.85064,
37617,2.87954,
37618,2.94176,
37619,3.05059,
37620,3.02542,
37621,2.95225,
37622,3.08532,
37623,2.77626,
37624,2.9629,
37625,2.67883,
37626,3.04762,
37627,2.94297,
37628,2.9582,
37629,2.95907,
37630,2.9651,
37631,2.96039,
37632,2.92994,
37633,2.88705,
37634,2.78478,
37635,3.00462,
37636,2.96751,
37637,2.67396,
37638,2.80106,
37639,2.73536,
37640,2.9575,
37641,2.9463,
37642,2.92788,
37643,2.93221,
37644,2.98035,
37645,3.0254,
37646,2.75031,
37647,3.11234,
37648,2.96951,
37649,2.93924,
37650,2.92874,
37651,3.08165,
37652,3.22528,
37653,3.14707,
37654,2.94822,
37655,2.88714,
37656,3.27456,
37657,3.06806,
37658,3.08837,
37659,2.98545,
37660,2.86757,
37661,2.92823,
37662,3.09679,
37663,2.68166,
37664,2.70127,
37665,2.57381,
37666,2.7918,
37667,2.95761,
37668,3.04826,
37669,3.03487,
37670,3.03991,
37671,2.93816,
37672,2.80699,
37673,2.88826,
37674,2.99654,
37675,3.15246,
37676,2.95685,
37677,2.89099,
37678,2.5387,
37679,2.59149,
37680,3.07426,
37681,2.7651,
37682,2.93113,
37683,2.74811,
37684,2.86549,
37685,2.72152,
37686,2.77321,
37687,2.7398,
37688,2.80611,
37689,2.76202,
37690,2.71396,
37691,2.83878,
37692,3.03055,
37693,2.71043,
37694,2.93983,
37695,2.88587,
37696,3.23384,
37697,3.17381,
37698,3.16518,
37699,3.18063,
37700,3.20263,
37701,3.15442,
37702,2.93988,
37703,2.71869,
37704,3.05924,
37705,2.92053,
37706,2.89522,
37707,3.10599,
37708,3.00784,
37709,3.07337,
37710,2.98406,
37711,2.96488,
37712,2.88641,
37713,3.01281,
37714,3.11227,
37715,3.03989,
37716,3.00391,
37717,2.97631,
37718,2.82745,
37719,3.16997,
37720,2.88628,
37721,2.89323,
37722,2.99969,
37723,3.0587,
37724,2.8926,
37725,3.30715,
37726,3.13638,
37727,3.21825,
37728,3.02045,
37729,3.15727,
37730,3.07316,
37731,3.01384,
37732,3.05139,
37733,3.02588,
37734,3.01789,
37735,3.03555,
37736,3.07204,
37737,3.04575,
37738,2.85969,
37739,3.01856,
37740,2.92535,
37741,2.90816,
37742,2.65956,
37743,2.79756,
37744,2.63783,
37745,2.89373,
37746,2.94306,
37747,2.72632,
37748,2.81903,
37749,2.80041,
37750,2.99984,
37751,2.91591,
37752,2.89177,
37753,2.82805,
37754,2.99589,
37755,3.04588,
37756,3.046,
37757,3.02697,
37758,3.10731,
37759,3.01793,
37760,3.15976,
37761,3.06783,
37762,3.08469,
37763,3.16435,
37764,3.01593,
37765,3.01528,
37766,2.78448,
37767,3.00427,
37768,2.96937,
37769,3.08539,
37770,3.00411,
37771,2.87219,
37772,2.95959,
37773,2.88192,
37774,2.95098,
37775,3.07741,
37776,3.15571,
37777,2.92729,
37778,2.88499,
37779,2.90202,
37780,3.10092,
37781,3.09657,
37782,3.12514,
37783,2.97556,
37784,3.16007,
37785,2.96647,
37786,3.11168,
37787,3.28979,
37788,3.02683,
37789,2.8943,
37790,2.89319,
37791,3.12059,
37792,3.15358,
37793,3.01134,
37794,3.09442,
37795,3.00717,
37796,3.23287,
37797,3.13516,
37798,3.31158,
37799,2.95271,
37800,3.01091,
37801,2.77037,
37802,2.95318,
37803,2.94042,
37804,2.94515,
37805,2.92617,
37806,3.15216,
37807,3.06393,
37808,2.97968,
37809,2.78428,
37810,2.86082,
37811,2.95303,
37812,2.97045,
37813,2.89548,
37814,3.17912,
37815,3.15407,
37816,3.17308,
37817,3.07577,
37818,2.92958,
37819,3.11304,
37820,2.83951,
37821,3.16577,
37822,3.23283,
37823,3.14269,
37824,3.17215,
37825,3.38958,
37826,3.49877,
37827,3.08045,
37828,3.11593,
37829,3.1407,
37830,3.23321,
37831,3.42735,
37832,3.18304,
37833,3.06905,
37834,3.0588,
37835,2.96184,
37836,3.04554,
37837,3.0331,
37838,3.10096,
37839,3.00993,
37840,2.90003,
37841,3.04863,
37842,3.4915,
37843,3.52318,
37844,3.40232,
37845,3.39654,
37846,3.39774,
37847,3.4458,
37848,3.40166,
37849,3.35606,
37850,3.41031,
37851,3.39893,
37852,3.39807,
37853,3.36023,
37854,3.38433,
37855,3.26487,
37856,3.36264,
37857,3.44489,
37858,3.40736,
37859,3.30598,
37860,3.23989,
37861,3.06039,
37862,3.2718,
37863,3.1181,
37864,3.07576,
37865,3.07247,
37866,3.08977,
37867,2.99295,
37868,3.14273,
37869,3.0076,
37870,3.03466,
37871,3.0771,
37872,2.89797,
37873,2.81076,
37874,3.07884,
37875,3.27105,
37876,3.14686,
37877,2.90368,
37878,3.08272,
37879,3.09713,
37880,2.97156,
37881,3.03098,
37882,3.10238,
37883,2.9066,
37884,2.99801,
37885,2.90316,
37886,2.85441,
37887,3.15826,
37888,3.01183,
37889,3.0111,
37890,3.07794,
37891,2.93924,
37892,2.8935,
37893,2.82398,
37894,2.8859,
37895,3.06268,
37896,2.98363,
37897,2.8612,
37898,3.07583,
37899,2.96768,
37900,2.91662,
37901,2.94654,
37902,2.79323,
37903,2.80129,
37904,3.04155,
37905,2.77325,
37906,2.83128,
37907,2.8403,
37908,2.91436,
37909,2.83378,
37910,2.82257,
37911,2.91556,
37912,2.81004,
37913,2.8801,
37914,2.91816,
37915,2.98301,
37916,2.9692,
37917,3.00339,
37918,2.85121,
37919,3.07915,
37920,2.82594,
37921,2.95397,
37922,2.98556,
37923,2.92685,
37924,3.15671,
37925,2.89771,
37926,2.83259,
37927,3.05679,
37928,2.89598,
37929,2.7378,
37930,2.86584,
37931,3.10894,
37932,2.6615,
37933,2.7602,
37934,2.99502,
37935,2.75554,
37936,2.949,
37937,2.88016,
37938,2.77369,
37939,2.75815,
37940,3.09125,
37941,3.03281,
37942,3.0486,
37943,2.95136,
37944,3.16575,
37945,3.03298,
37946,3.14351,
37947,3.01601,
37948,2.96341,
37949,3.1043,
37950,3.00473,
37951,3.02158,
37952,2.99876,
37953,2.98809,
37954,3.05753,
37955,2.73233,
37956,2.90378,
37957,2.98556,
37958,3.05345,
37959,3.04174,
37960,2.70591,
37961,2.92095,
37962,2.98439,
37963,2.86914,
37964,2.60836,
37965,2.79685,
37966,2.8551,
37967,2.81572,
37968,2.87562,
37969,2.63234,
37970,2.70445,
37971,2.70764,
37972,2.85808,
37973,2.95982,
37974,3.36059,
37975,3.28085,
37976,3.11804,
37977,3.04177,
37978,3.19195,
37979,3.22999,
37980,2.92332,
37981,3.11323,
37982,2.99475,
37983,3.04003,
37984,2.92191,
37985,3.26644,
37986,3.05663,
37987,2.98975,
37988,3.13258,
37989,3.08117,
37990,3.00619,
37991,3.1423,
37992,2.96011,
37993,3.11265,
37994,3.07325,
37995,2.9935,
37996,2.94608,
37997,3.00729,
37998,2.89956,
37999,3.12005,
38000,3.08773,
38001,2.95483,
38002,3.10752,
38003,2.96968,
38004,3.0389,
38005,3.20054,
38006,3.11703,
38007,2.9793,
38008,3.04299,
38009,3.0753,
38010,2.8735,
38011,2.99872,
38012,3.01826,
38013,3.16664,
38014,2.91045,
38015,2.97946,
38016,2.90024,
38017,3.06337,
38018,3.08815,
38019,3.0363,
38020,2.78517,
38021,3.00648,
38022,2.94002,
38023,2.84406,
38024,3.01566,
38025,3.12472,
38026,2.99786,
38027,2.86084,
38028,2.94876,
38029,3.00002,
38030,2.92324,
38031,2.90915,
38032,2.8002,
38033,2.89266,
38034,2.8525,
38035,3.00089,
38036,2.68912,
38037,2.74406,
38038,2.77856,
38039,2.87217,
38040,2.90642,
38041,2.83027,
38042,2.6639,
38043,2.84901,
38044,2.77711,
38045,2.9008,
38046,2.76394,
38047,2.84339,
38048,2.99433,
38049,2.94204,
38050,2.9798,
38051,2.699,
38052,2.86842,
38053,2.77618,
38054,2.87018,
38055,3.03346,
38056,2.65537,
38057,2.77963,
38058,2.64491,
38059,2.66362,
38060,2.88764,
38061,2.83042,
38062,2.87097,
38063,2.79978,
38064,3.01247,
38065,2.84154,
38066,2.9599,
38067,3.08349,
38068,3.0891,
38069,2.9903,
38070,3.05171,
38071,3.32482,
38072,3.00612,
38073,2.92684,
38074,3.13917,
38075,2.96157,
38076,3.10118,
38077,3.16016,
38078,3.05457,
38079,3.03751,
38080,3.05895,
38081,2.86162,
38082,3.07376,
38083,3.03115,
38084,2.86289,
38085,2.99179,
38086,2.96262,
38087,2.77405,
38088,2.95611,
38089,2.97216,
38090,2.81204,
38091,2.91854,
38092,2.99234,
38093,3.15045,
38094,2.93469,
38095,2.99997,
38096,2.9165,
38097,3.265,
38098,3.3017,
38099,3.30423,
38100,3.27256,
38101,3.33085,
38102,3.25534,
38103,3.20761,
38104,3.33243,
38105,3.19413,
38106,3.25409,
38107,3.28133,
38108,3.27976,
38109,3.12331,
38110,3.28957,
38111,3.22856,
38112,3.26502,
38113,3.32909,
38114,3.19383,
38115,3.25241,
38116,3.21864,
38117,3.26284,
38118,3.10919,
38119,3.24911,
38120,2.73424,
38121,2.80805,
38122,2.71724,
38123,2.57476,
38124,2.69821,
38125,2.59192,
38126,2.89916,
38127,2.47161,
38128,2.74043,
38129,2.70905,
38130,2.79335,
38131,2.78799,
38132,2.57587,
38133,2.6442,
38134,2.82678,
38135,2.97134,
38136,2.96531,
38137,2.66889,
38138,2.63958,
38139,3.13214,
38140,3.20487,
38141,3.13805,
38142,3.1835,
38143,3.17867,
38144,3.18037,
38145,3.04458,
38146,2.85836,
38147,3.00016,
38148,3.12259,
38149,2.98087,
38150,3.07292,
38151,3.17212,
38152,3.21955,
38153,3.08476,
38154,3.00803,
38155,2.8492,
38156,3.0536,
38157,2.9955,
38158,2.95171,
38159,2.74505,
38160,2.76589,
38161,2.71905,
38162,2.91231,
38163,2.94378,
38164,2.87014,
38165,3.00049,
38166,2.93399,
38167,3.02613,
38168,2.95116,
38169,3.10149,
38170,2.90916,
38171,2.90649,
38172,3.00202,
38173,2.79112,
38174,2.79013,
38175,2.78753,
38176,2.98692,
38177,3.14713,
38178,3.00241,
38179,2.81332,
38180,2.75158,
38181,2.65208,
38182,2.55419,
38183,2.64022,
38184,2.67641,
38185,2.95295,
38186,2.62942,
38187,2.6777,
38188,2.72316,
38189,2.93114,
38190,2.86815,
38191,3.06436,
38192,2.76356,
38193,3.2183,
38194,2.92825,
38195,3.22198,
38196,3.28798,
38197,3.05197,
38198,3.20479,
38199,3.10573,
38200,2.97788,
38201,3.09737,
38202,3.05842,
38203,2.97155,
38204,2.82864,
38205,2.8053,
38206,2.94343,
38207,2.88684,
38208,2.96721,
38209,3.06524,
38210,2.86594,
38211,3.0259,
38212,2.79658,
38213,3.09149,
38214,3.0272,
38215,2.83207,
38216,2.73314,
38217,3.02789,
38218,2.73913,
38219,2.7621,
38220,2.75851,
38221,2.60408,
38222,2.65113,
38223,2.74393,
38224,3.19487,
38225,3.13024,
38226,3.28227,
38227,3.28887,
38228,3.29511,
38229,3.1472,
38230,2.90635,
38231,3.02111,
38232,2.97567,
38233,3.11792,
38234,3.35564,
38235,3.06269,
38236,3.11318,
38237,2.96354,
38238,2.9609,
38239,3.29605,
38240,3.21662,
38241,3.28657,
38242,3.09776,
38243,3.3124,
38244,2.99356,
38245,3.05548,
38246,2.99537,
38247,3.03462,
38248,2.8816,
38249,2.92467,
38250,2.8895,
38251,2.81594,
38252,3.07528,
38253,2.79178,
38254,2.8425,
38255,2.9516,
38256,3.00815,
38257,3.02069,
38258,2.89602,
38259,2.95071,
38260,2.83053,
38261,2.84157,
38262,2.77425,
38263,2.80847,
38264,2.92957,
38265,2.68564,
38266,2.74805,
38267,3.00229,
38268,2.86797,
38269,3.2322,
38270,3.29389,
38271,3.20566,
38272,3.35475,
38273,3.20386,
38274,3.17871,
38275,3.00429,
38276,3.11365,
38277,2.84066,
38278,2.93377,
38279,2.83846,
38280,2.89268,
38281,3.1892,
38282,3.17251,
38283,3.06138,
38284,3.2053,
38285,3.15529,
38286,2.86834,
38287,2.91799,
38288,2.96302,
38289,2.82824,
38290,2.98868,
38291,3.14956,
38292,3.08499,
38293,3.18924,
38294,3.29277,
38295,3.29054,
38296,2.74605,
38297,2.9188,
38298,3.12354,
38299,3.08702,
38300,3.07522,
38301,3.10465,
38302,3.23897,
38303,3.14054,
38304,3.24054,
38305,3.00365,
38306,3.01996,
38307,3.17795,
38308,2.85958,
38309,3.10786,
38310,3.0831,
38311,3.04933,
38312,3.01147,
38313,3.03075,
38314,3.26072,
38315,3.1145,
38316,3.18484,
38317,3.05941,
38318,3.17594,
38319,3.14784,
38320,3.15914,
38321,2.94759,
38322,3.06933,
38323,3.04287,
38324,2.92,
38325,2.99839,
38326,2.89077,
38327,3.00584,
38328,3.02896,
38329,3.09562,
38330,2.81213,
38331,2.99371,
38332,3.12287,
38333,3.00386,
38334,2.88521,
38335,2.86885,
38336,3.09393,
38337,2.88041,
38338,3.06673,
38339,2.20968,
38340,3.0878,
38341,3.0722,
38342,3.20596,
38343,3.2845,
38344,3.54698,
38345,3.16722,
38346,3.26343,
38347,3.09968,
38348,3.21924,
38349,3.21926,
38350,3.197,
38351,3.17121,
38352,3.01188,
38353,3.0842,
38354,3.13286,
38355,3.23377,
38356,3.00891,
38357,3.15451,
38358,3.2458,
38359,3.12276,
38360,3.10301,
38361,3.00807,
38362,3.05822,
38363,3.13592,
38364,3.1293,
38365,3.09119,
38366,3.08104,
38367,2.94101,
38368,3.19402,
38369,3.19401,
38370,2.94472,
38371,3.10695,
38372,2.9316,
38373,2.86722,
38374,2.8354,
38375,2.69491,
38376,3.02587,
38377,2.95634,
38378,2.82535,
38379,2.95308,
38380,3.07769,
38381,2.8832,
38382,2.85719,
38383,2.89683,
38384,2.85361,
38385,3.00667,
38386,2.86631,
38387,2.96891,
38388,3.085,
38389,2.91741,
38390,3.10877,
38391,3.02128,
38392,2.90554,
38393,2.95744,
38394,2.95424,
38395,3.15776,
38396,3.02772,
38397,2.97439,
38398,3.02502,
38399,3.09971,
38400,2.92022,
38401,2.75668,
38402,2.92398,
38403,2.85135,
38404,2.97481,
38405,2.97923,
38406,2.70904,
38407,3.05522,
38408,3.11633,
38409,3.04292,
38410,2.96244,
38411,2.87818,
38412,3.14143,
38413,2.93453,
38414,2.65665,
38415,2.99861,
38416,3.00677,
38417,3.18707,
38418,2.95353,
38419,2.88264,
38420,2.99766,
38421,2.92368,
38422,2.8937,
38423,2.91475,
38424,2.92946,
38425,3.08323,
38426,3.08562,
38427,3.06537,
38428,2.87383,
38429,2.92173,
38430,2.87034,
38431,3.0772,
38432,3.07824,
38433,3.03863,
38434,3.02362,
38435,3.22293,
38436,2.9437,
38437,3.02201,
38438,3.01743,
38439,2.83715,
38440,3.09484,
38441,3.05011,
38442,3.18706,
38443,2.9886,
38444,2.73765,
38445,2.79497,
38446,2.98541,
38447,2.81102,
38448,2.90314,
38449,2.74582,
38450,2.91996,
38451,3.14258,
38452,3.10428,
38453,2.97644,
38454,3.12798,
38455,3.01479,
38456,3.06662,
38457,3.0035,
38458,3.12511,
38459,3.10847,
38460,3.15227,
38461,3.04107,
38462,3.09198,
38463,3.05913,
38464,2.97758,
38465,3.12829,
38466,2.73979,
38467,2.89013,
38468,3.11531,
38469,2.97224,
38470,3.04837,
38471,2.8253,
38472,2.92929,
38473,3.05711,
38474,2.82488,
38475,2.97931,
38476,2.85632,
38477,2.76599,
38478,2.92909,
38479,2.71071,
38480,2.87212,
38481,2.85984,
38482,2.95142,
38483,2.85271,
38484,3.01761,
38485,3.08621,
38486,3.02041,
38487,2.84127,
38488,2.92442,
38489,2.8727,
38490,2.9295,
38491,2.75273,
38492,3.11123,
38493,2.97079,
38494,3.00988,
38495,3.10518,
38496,3.01429,
38497,2.93658,
38498,3.0234,
38499,2.97274,
38500,3.02524,
38501,3.05178,
38502,3.16436,
38503,3.2541,
38504,3.10727,
38505,3.06136,
38506,3.02357,
38507,2.91605,
38508,2.97295,
38509,2.83046,
38510,2.90641,
38511,2.78141,
38512,2.99562,
38513,2.88759,
38514,3.1139,
38515,2.92685,
38516,3.0366,
38517,3.13019,
38518,3.17209,
38519,3.21331,
38520,2.9593,
38521,2.83758,
38522,3.08139,
38523,2.78276,
38524,3.04092,
38525,3.07525,
38526,3.15264,
38527,3.20288,
38528,3.20924,
38529,2.87592,
38530,3.17266,
38531,3.04078,
38532,3.03761,
38533,3.03451,
38534,3.17146,
38535,2.92073,
38536,3.14688,
38537,2.75739,
38538,3.12453,
38539,3.13655,
38540,3.26722,
38541,3.00057,
38542,3.0889,
38543,3.18767,
38544,2.94481,
38545,3.12069,
38546,2.84415,
38547,2.97186,
38548,2.95318,
38549,3.25182,
38550,3.18053,
38551,2.82438,
38552,3.03974,
38553,2.95516,
38554,3.06788,
38555,3.09215,
38556,3.28855,
38557,3.10185,
38558,2.96159,
38559,3.08731,
38560,3.15534,
38561,2.96658,
38562,2.88257,
38563,2.87216,
38564,3.13088,
38565,3.2053,
38566,3.23552,
38567,3.16448,
38568,3.07856,
38569,3.0589,
38570,2.86089,
38571,3.18057,
38572,3.04243,
38573,3.12117,
38574,3.05862,
38575,3.08756,
38576,3.05044,
38577,3.17016,
38578,3.09635,
38579,2.99536,
38580,3.06539,
38581,3.12528,
38582,2.88744,
38583,3.24025,
38584,3.08887,
38585,2.98828,
38586,2.89491,
38587,3.10964,
38588,3.10781,
38589,2.97096,
38590,2.94446,
38591,3.13956,
38592,2.90418,
38593,2.9079,
38594,3.05248,
38595,2.88679,
38596,2.97485,
38597,3.11015,
38598,3.11905,
38599,2.96534,
38600,2.91442,
38601,2.89789,
38602,3.08765,
38603,3.11366,
38604,2.72764,
38605,2.97032,
38606,2.97848,
38607,3.08746,
38608,3.10093,
38609,3.10738,
38610,2.88759,
38611,2.96738,
38612,3.03306,
38613,2.74581,
38614,2.861,
38615,3.17588,
38616,2.96257,
38617,3.0441,
38618,2.84124,
38619,2.85548,
38620,3.07096,
38621,2.97626,
38622,2.83631,
38623,3.11843,
38624,3.04592,
38625,2.79625,
38626,2.91371,
38627,2.84118,
38628,2.97461,
38629,2.85488,
38630,2.91029,
38631,3.07076,
38632,2.96928,
38633,3.1738,
38634,3.16253,
38635,3.07711,
38636,3.17698,
38637,2.94267,
38638,3.00557,
38639,3.12774,
38640,3.08082,
38641,3.20103,
38642,3.2678,
38643,3.39617,
38644,4.27778,
38645,3.0717,
38646,3.05231,
38647,3.09113,
38648,3.08895,
38649,3.0075,
38650,3.10597,
38651,3.03111,
38652,3.06431,
38653,2.96235,
38654,3.57582,
38655,3.06482,
38656,3.07038,
38657,2.69397,
38658,2.88716,
38659,3.11929,
38660,3.11537,
38661,3.21148,
38662,3.288,
38663,3.11492,
38664,3.0867,
38665,3.08411,
38666,3.02112,
38667,3.21741,
38668,3.00455,
38669,3.04346,
38670,3.18598,
38671,3.17395,
38672,3.06362,
38673,2.93328,
38674,2.9386,
38675,2.98004,
38676,2.98563,
38677,2.92782,
38678,2.73785,
38679,3.13901,
38680,2.97748,
38681,2.85795,
38682,2.86978,
38683,2.93871,
38684,3.04222,
38685,3.0175,
38686,2.94573,
38687,3.06853,
38688,2.78425,
38689,2.97237,
38690,2.68586,
38691,3.0438,
38692,2.93682,
38693,2.95934,
38694,2.95933,
38695,2.95663,
38696,2.95832,
38697,2.93309,
38698,2.86851,
38699,2.77924,
38700,3.00543,
38701,2.95716,
38702,2.67551,
38703,2.78215,
38704,2.73396,
38705,2.97524,
38706,2.94991,
38707,2.917,
38708,2.92923,
38709,2.97826,
38710,3.02174,
38711,2.73824,
38712,3.09891,
38713,2.96344,
38714,2.95304,
38715,2.90724,
38716,3.09462,
38717,3.21907,
38718,3.13456,
38719,2.93449,
38720,2.88567,
38721,3.26615,
38722,3.06085,
38723,3.0915,
38724,2.9731,
38725,2.87829,
38726,2.90735,
38727,3.08662,
38728,2.67054,
38729,2.7028,
38730,2.55365,
38731,2.79396,
38732,2.96017,
38733,3.05795,
38734,3.03243,
38735,3.03819,
38736,2.92805,
38737,2.79703,
38738,2.88472,
38739,2.98905,
38740,3.14892,
38741,2.95329,
38742,2.88718,
38743,2.51955,
38744,2.58196,
38745,3.0834,
38746,2.77793,
38747,2.92018,
38748,2.74965,
38749,2.87236,
38750,2.7256,
38751,2.76307,
38752,2.73329,
38753,2.81199,
38754,2.76121,
38755,2.70933,
38756,2.80378,
38757,3.04873,
38758,2.70887,
38759,2.93959,
38760,2.90332,
38761,3.22951,
38762,3.155,
38763,3.15564,
38764,3.18024,
38765,3.19091,
38766,3.13134,
38767,2.93528,
38768,2.71727,
38769,3.04193,
38770,2.91082,
38771,2.88897,
38772,3.1194,
38773,3.00576,
38774,3.06424,
38775,2.96839,
38776,2.94785,
38777,2.89273,
38778,2.99965,
38779,3.11408,
38780,3.03595,
38781,2.99771,
38782,2.98484,
38783,2.83077,
38784,3.1548,
38785,2.88229,
38786,2.90335,
38787,3.00746,
38788,3.05937,
38789,2.88065,
38790,3.30404,
38791,3.15123,
38792,3.21358,
38793,2.99793,
38794,3.15428,
38795,3.06317,
38796,3.01071,
38797,3.04567,
38798,3.02803,
38799,3.02442,
38800,3.03194,
38801,3.05032,
38802,3.04044,
38803,2.84539,
38804,3.03364,
38805,2.92596,
38806,2.9155,
38807,2.65332,
38808,2.79421,
38809,2.63013,
38810,2.89724,
38811,2.94691,
38812,2.72508,
38813,2.81785,
38814,2.78893,
38815,2.98695,
38816,2.92129,
38817,2.89401,
38818,2.81041,
38819,2.9899,
38820,3.06014,
38821,3.03882,
38822,3.02021,
38823,3.10759,
38824,3.01602,
38825,3.16069,
38826,3.08074,
38827,3.06601,
38828,3.15944,
38829,3.0094,
38830,2.99444,
38831,2.77044,
38832,2.99111,
38833,2.96267,
38834,3.08142,
38835,2.98689,
38836,2.86212,
38837,2.95228,
38838,2.87907,
38839,2.9553,
38840,3.05996,
38841,3.15624,
38842,2.92109,
38843,2.8713,
38844,2.91809,
38845,3.08878,
38846,3.10083,
38847,3.12287,
38848,2.96588,
38849,3.15502,
38850,2.97028,
38851,3.08863,
38852,3.26635,
38853,3.01735,
38854,2.88761,
38855,2.87993,
38856,3.11371,
38857,3.13497,
38858,3.02872,
38859,3.08885,
38860,3.00846,
38861,3.25189,
38862,3.1233,
38863,3.29894,
38864,2.93959,
38865,3.00781,
38866,2.76517,
38867,2.95961,
38868,2.94582,
38869,2.93914,
38870,2.91421,
38871,3.15668,
38872,3.06344,
38873,2.96921,
38874,2.76354,
38875,2.86041,
38876,2.9426,
38877,2.96857,
38878,2.89847,
38879,3.17588,
38880,3.1477,
38881,3.16996,
38882,3.06741,
38883,2.93295,
38884,3.1078,
38885,2.82291,
38886,3.16434,
38887,3.2059,
38888,3.14828,
38889,3.14904,
38890,3.38437,
38891,3.50758,
38892,3.07107,
38893,3.10306,
38894,3.14016,
38895,3.23983,
38896,3.42543,
38897,3.17335,
38898,3.04266,
38899,3.03849,
38900,2.96665,
38901,3.03289,
38902,3.03594,
38903,3.0884,
38904,3.01382,
38905,2.89497,
38906,3.04112,
38907,3.48902,
38908,3.52141,
38909,3.38853,
38910,3.3799,
38911,3.38843,
38912,3.44473,
38913,3.37274,
38914,3.35182,
38915,3.39129,
38916,3.39637,
38917,3.39349,
38918,3.34834,
38919,3.39364,
38920,3.26392,
38921,3.36724,
38922,3.42669,
38923,3.37881,
38924,3.30831,
38925,3.25322,
38926,3.05511,
38927,3.2764,
38928,3.10938,
38929,3.07184,
38930,3.05652,
38931,3.07787,
38932,2.97538,
38933,3.14078,
38934,3.00755,
38935,3.02507,
38936,3.06626,
38937,2.87901,
38938,2.82221,
38939,3.07071,
38940,3.2547,
38941,3.14534,
38942,2.90348,
38943,3.07919,
38944,3.08283,
38945,2.97486,
38946,3.02305,
38947,3.08882,
38948,2.90095,
38949,2.9883,
38950,2.89363,
38951,2.83386,
38952,3.14116,
38953,3.00809,
38954,3.0082,
38955,3.07807,
38956,2.91858,
38957,2.88368,
38958,2.82219,
38959,2.87249,
38960,3.05613,
38961,2.98608,
38962,2.87774,
38963,3.07848,
38964,2.9707,
38965,2.92,
38966,2.94506,
38967,2.79059,
38968,2.81148,
38969,3.04783,
38970,2.75595,
38971,2.83125,
38972,2.84085,
38973,2.92823,
38974,2.83071,
38975,2.83358,
38976,2.92553,
38977,2.80898,
38978,2.86841,
38979,2.91165,
38980,2.99116,
38981,2.96995,
38982,2.99429,
38983,2.84772,
38984,3.07765,
38985,2.81597,
38986,2.96423,
38987,2.95797,
38988,2.93211,
38989,3.15716,
38990,2.91037,
38991,2.81887,
38992,3.04314,
38993,2.88828,
38994,2.73627,
38995,2.8463,
38996,3.11079,
38997,2.67051,
38998,2.75607,
38999,2.98917,
39000,2.75191,
39001,2.93822,
39002,2.8719,
39003,2.76772,
39004,2.74982,
39005,3.0931,
39006,3.02875,
39007,3.04014,
39008,2.94327,
39009,3.16666,
39010,3.03511,
39011,3.13111,
39012,2.99112,
39013,2.95673,
39014,3.0885,
39015,2.99278,
39016,3.0065,
39017,2.99841,
39018,2.9743,
39019,3.05375,
39020,2.7312,
39021,2.90743,
39022,2.99003,
39023,3.04205,
39024,3.03173,
39025,2.72176,
39026,2.92056,
39027,2.99174,
39028,2.87436,
39029,2.61261,
39030,2.80047,
39031,2.84666,
39032,2.82118,
39033,2.86122,
39034,2.63338,
39035,2.69982,
39036,2.72976,
39037,2.86224,
39038,2.96105,
39039,3.33045,
39040,3.27546,
39041,3.10482,
39042,3.03702,
39043,3.18915,
39044,3.20646,
39045,2.9278,
39046,3.09846,
39047,2.98841,
39048,3.0413,
39049,2.912,
39050,3.26694,
39051,3.04293,
39052,2.99316,
39053,3.14197,
39054,3.0868,
39055,3.00029,
39056,3.13598,
39057,2.9404,
39058,3.10182,
39059,3.07083,
39060,2.98977,
39061,2.93736,
39062,2.99783,
39063,2.88124,
39064,3.10626,
39065,3.08798,
39066,2.94307,
39067,3.1058,
39068,2.97504,
39069,3.05529,
39070,3.20382,
39071,3.11697,
39072,2.97855,
39073,3.0358,
39074,3.06731,
39075,2.85458,
39076,2.98464,
39077,3.01063,
39078,3.16222,
39079,2.90464,
39080,2.97595,
39081,2.89105,
39082,3.05884,
39083,3.08984,
39084,3.03686,
39085,2.78387,
39086,3.01779,
39087,2.95222,
39088,2.84429,
39089,3.02496,
39090,3.1059,
39091,3.00285,
39092,2.84454,
39093,2.95833,
39094,3.00413,
39095,2.94328,
39096,2.90377,
39097,2.79631,
39098,2.87067,
39099,2.85975,
39100,3.00111,
39101,2.69854,
39102,2.75234,
39103,2.77243,
39104,2.86496,
39105,2.90861,
39106,2.83721,
39107,2.66147,
39108,2.84855,
39109,2.75069,
39110,2.88505,
39111,2.76769,
39112,2.82819,
39113,2.99575,
39114,2.93926,
39115,2.96485,
39116,2.71341,
39117,2.87139,
39118,2.75841,
39119,2.87405,
39120,3.02364,
39121,2.64727,
39122,2.78627,
39123,2.64521,
39124,2.66708,
39125,2.89129,
39126,2.83804,
39127,2.88061,
39128,2.79593,
39129,3.00136,
39130,2.84367,
39131,2.95914,
39132,3.08387,
39133,3.07778,
39134,2.9866,
39135,3.04438,
39136,3.32374,
39137,3.0121,
39138,2.912,
39139,3.13569,
39140,2.94322,
39141,3.08185,
39142,3.15661,
39143,3.05363,
39144,3.04358,
39145,3.05074,
39146,2.85875,
39147,3.07037,
39148,3.01903,
39149,2.85716,
39150,2.99604,
39151,2.95638,
39152,2.76692,
39153,2.96733,
39154,2.97397,
39155,2.79886,
39156,2.91998,
39157,2.99521,
39158,3.13573,
39159,2.92852,
39160,2.98956,
39161,2.91679,
39162,3.28039,
39163,3.29077,
39164,3.29224,
39165,3.26661,
39166,3.33578,
39167,3.24804,
39168,3.22401,
39169,3.33236,
39170,3.19594,
39171,3.26923,
39172,3.27742,
39173,3.26985,
39174,3.11215,
39175,3.28868,
39176,3.23241,
39177,3.26792,
39178,3.33065,
39179,3.20462,
39180,3.24798,
39181,3.2177,
39182,3.27198,
39183,3.11296,
39184,3.23687,
39185,2.72955,
39186,2.80158,
39187,2.7097,
39188,2.56363,
39189,2.69365,
39190,2.59393,
39191,2.90421,
39192,2.46357,
39193,2.72639,
39194,2.69971,
39195,2.79383,
39196,2.80934,
39197,2.5852,
39198,2.65751,
39199,2.82591,
39200,2.94362,
39201,2.94989,
39202,2.6685,
39203,2.62734,
39204,3.12597,
39205,3.19961,
39206,3.13324,
39207,3.17649,
39208,3.1735,
39209,3.18765,
39210,3.04057,
39211,2.85806,
39212,2.98679,
39213,3.10772,
39214,2.9808,
39215,3.07601,
39216,3.1805,
39217,3.21999,
39218,3.10925,
39219,3.00922,
39220,2.85321,
39221,3.04449,
39222,3.0042,
39223,2.95208,
39224,2.73118,
39225,2.7747,
39226,2.71114,
39227,2.90979,
39228,2.94334,
39229,2.86406,
39230,2.99181,
39231,2.91935,
39232,2.99836,
39233,2.94677,
39234,3.08401,
39235,2.89962,
39236,2.9123,
39237,3.0136,
39238,2.7889,
39239,2.81168,
39240,2.79219,
39241,2.96473,
39242,3.14653,
39243,2.98562,
39244,2.81777,
39245,2.75492,
39246,2.66814,
39247,2.55504,
39248,2.63779,
39249,2.66989,
39250,2.95416,
39251,2.62963,
39252,2.67623,
39253,2.71921,
39254,2.93108,
39255,2.86414,
39256,3.04369,
39257,2.74624,
39258,3.21724,
39259,2.92599,
39260,3.23115,
39261,3.28333,
39262,3.04074,
39263,3.20096,
39264,3.1089,
39265,2.97131,
39266,3.07264,
39267,3.05436,
39268,2.95204,
39269,2.82855,
39270,2.79388,
39271,2.92556,
39272,2.86518,
39273,2.9783,
39274,3.07605,
39275,2.8576,
39276,3.00319,
39277,2.79812,
39278,3.07607,
39279,3.03821,
39280,2.83454,
39281,2.74218,
39282,3.02523,
39283,2.74424,
39284,2.75691,
39285,2.77539,
39286,2.61082,
39287,2.66046,
39288,2.72188,
39289,3.1828,
39290,3.11888,
39291,3.27499,
39292,3.30035,
39293,3.28479,
39294,3.11725,
39295,2.91581,
39296,3.02225,
39297,2.97211,
39298,3.11702,
39299,3.35126,
39300,3.07162,
39301,3.11297,
39302,2.95637,
39303,2.96619,
39304,3.27956,
39305,3.2019,
39306,3.29375,
39307,3.09476,
39308,3.3084,
39309,2.98996,
39310,3.05103,
39311,2.98952,
39312,3.02243,
39313,2.87573,
39314,2.91958,
39315,2.86912,
39316,2.81899,
39317,3.06228,
39318,2.77863,
39319,2.83145,
39320,2.95521,
39321,3.01675,
39322,3.01317,
39323,2.889,
39324,2.96183,
39325,2.83162,
39326,2.83304,
39327,2.77864,
39328,2.80995,
39329,2.92982,
39330,2.69151,
39331,2.74295,
39332,2.98624,
39333,2.86181,
39334,3.21122,
39335,3.29001,
39336,3.1996,
39337,3.33063,
39338,3.20647,
39339,3.16766,
39340,3.00401,
39341,3.10307,
39342,2.83715,
39343,2.92426,
39344,2.82906,
39345,2.89447,
39346,3.18081,
39347,3.17003,
39348,3.0434,
39349,3.17923,
39350,3.15148,
39351,2.85318,
39352,2.91607,
39353,2.96382,
39354,2.8251,
39355,2.99846,
39356,3.14872,
39357,3.08624,
39358,3.16889,
39359,3.29498,
39360,3.27783,
39361,2.75196,
39362,2.91701,
39363,3.11289,
39364,3.08303,
39365,3.08483,
39366,3.09117,
39367,3.22346,
39368,3.13215,
39369,3.24069,
39370,3.01568,
39371,2.99835,
39372,3.1793,
39373,2.85227,
39374,3.0978,
39375,3.08299,
39376,3.05942,
39377,3.00217,
39378,3.03937,
39379,3.25994,
39380,3.09855,
39381,3.16915,
39382,3.06322,
39383,3.17807,
39384,3.13656,
39385,3.14081,
39386,2.94929,
39387,3.05601,
39388,3.02808,
39389,2.9161,
39390,2.98153,
39391,2.89523,
39392,3.01585,
39393,3.0202,
39394,3.08516,
39395,2.79976,
39396,2.99971,
39397,3.10917,
39398,2.99414,
39399,2.88214,
39400,2.86346,
39401,3.0901,
39402,2.88278,
39403,3.04595,
39404,2.19889,
39405,3.08744,
39406,3.06746,
39407,3.19588,
39408,3.27904,
39409,3.53991,
39410,3.14986,
39411,3.24567,
39412,3.08934,
39413,3.22017,
39414,3.21051,
39415,3.18726,
39416,3.17631,
39417,3.01472,
39418,3.08001,
39419,3.13337,
39420,3.24433,
39421,3.0188,
39422,3.14702,
39423,3.25625,
39424,3.13073,
39425,3.11029,
39426,3.00449,
39427,3.04508,
39428,3.13866,
39429,3.11611,
39430,3.09027,
39431,3.07299,
39432,2.94214,
39433,3.20498,
39434,3.20142,
39435,2.93436,
39436,3.10425,
39437,2.9352,
39438,2.84933,
39439,2.81646,
39440,2.68487,
39441,3.01781,
39442,2.97022,
39443,2.83224,
39444,2.95287,
39445,3.06456,
39446,2.89691,
39447,2.87334,
39448,2.90488,
39449,2.86613,
39450,3.00306,
39451,2.84394,
39452,2.96016,
39453,3.08198,
39454,2.9294,
39455,3.09367,
39456,3.0194,
39457,2.89978,
39458,2.93429,
39459,2.94472,
39460,3.15648,
39461,3.00994,
39462,2.96596,
39463,3.01614,
39464,3.09002,
39465,2.91004,
39466,2.73447,
39467,2.92372,
39468,2.86044,
39469,2.96942,
39470,2.98054,
39471,2.70647,
39472,3.05886,
39473,3.10412,
39474,3.04719,
39475,2.94862,
39476,2.87626,
39477,3.14244,
39478,2.92214,
39479,2.65125,
39480,2.98761,
39481,2.99387,
39482,3.18193,
39483,2.9469,
39484,2.8653,
39485,2.99684,
39486,2.92794,
39487,2.89128,
39488,2.92057,
39489,2.92358,
39490,3.07603,
39491,3.07509,
39492,3.06622,
39493,2.86776,
39494,2.91418,
39495,2.86893,
39496,3.07739,
39497,3.06517,
39498,3.03968,
39499,3.01449,
39500,3.21399,
39501,2.93242,
39502,3.01213,
39503,3.02489,
39504,2.83817,
39505,3.0859,
39506,3.05775,
39507,3.1908,
39508,2.9874,
39509,2.73556,
39510,2.80909,
39511,2.97561,
39512,2.81946,
39513,2.90121,
39514,2.75175,
39515,2.92115,
39516,3.13029,
39517,3.10144,
39518,2.9673,
39519,3.10488,
39520,3.02855,
39521,3.06876,
39522,2.98328,
39523,3.1204,
39524,3.10354,
39525,3.15083,
39526,3.03786,
39527,3.08463,
39528,3.06032,
39529,2.97917,
39530,3.13962,
39531,2.7359,
39532,2.88327,
39533,3.11204,
39534,2.97762,
39535,3.05036,
39536,2.81992,
39537,2.94616,
39538,3.06333,
39539,2.82215,
39540,2.9769,
39541,2.8676,
39542,2.75524,
39543,2.93399,
39544,2.72332,
39545,2.85464,
39546,2.85421,
39547,2.94102,
39548,2.84793,
39549,3.01306,
39550,3.08411,
39551,3.00636,
39552,2.84433,
39553,2.92517,
39554,2.85415,
39555,2.92518,
39556,2.74592,
39557,3.10709,
39558,2.95611,
39559,3.00486,
39560,3.10035,
39561,3.01887,
39562,2.93012,
39563,3.03129,
39564,2.98693,
39565,3.02257,
39566,3.06521,
39567,3.1581,
39568,3.25698,
39569,3.10108,
39570,3.04458,
39571,3.03635,
39572,2.9131,
39573,2.96023,
39574,2.82357,
39575,2.91168,
39576,2.77805,
39577,3.01144,
39578,2.88558,
39579,3.09447,
39580,2.93242,
39581,3.03751,
39582,3.1297,
39583,3.15541,
39584,3.19951,
39585,2.95728,
39586,2.84129,
39587,3.07589,
39588,2.78654,
39589,3.03919,
39590,3.05725,
39591,3.15367,
39592,3.20294,
39593,3.20537,
39594,2.86512,
39595,3.18678,
39596,3.03918,
39597,3.03726,
39598,3.02554,
39599,3.17107,
39600,2.93854,
39601,3.14879,
39602,2.7726,
39603,3.11854,
39604,3.11776,
39605,3.25305,
39606,3.01136,
39607,3.08414,
39608,3.18914,
39609,2.93205,
39610,3.11801,
39611,2.83248,
39612,2.97369,
39613,2.95497,
39614,3.25606,
39615,3.16624,
39616,2.81255,
39617,3.03937,
39618,2.95537,
39619,3.05863,
39620,3.07733,
39621,3.28144,
39622,3.08554,
39623,2.9661,
39624,3.07395,
39625,3.14143,
39626,2.9708,
39627,2.88667,
39628,2.87236,
39629,3.13281,
39630,3.18356,
39631,3.22445,
39632,3.16068,
39633,3.07045,
39634,3.04683,
39635,2.87335,
39636,3.1863,
39637,3.02988,
39638,3.12056,
39639,3.05781,
39640,3.0688,
39641,3.05563,
39642,3.17068,
39643,3.09774,
39644,2.98766,
39645,3.06083,
39646,3.11752,
39647,2.8887,
39648,3.23587,
39649,3.07842,
39650,2.98327,
39651,2.90214,
39652,3.10714,
39653,3.1154,
39654,2.96312,
39655,2.91948,
39656,3.13199,
39657,2.89815,
39658,2.91604,
39659,3.05332,
39660,2.88432,
39661,2.96393,
39662,3.11661,
39663,3.12228,
39664,2.96831,
39665,2.90785,
39666,2.89208,
39667,3.08148,
39668,3.10986,
39669,2.72109,
39670,2.97872,
39671,2.95601,
39672,3.08034,
39673,3.08858,
39674,3.10996,
39675,2.87834,
39676,2.96125,
39677,3.03706,
39678,2.73758,
39679,2.84778,
39680,3.19173,
39681,2.96294,
39682,3.02708,
39683,2.83993,
39684,2.86283,
39685,3.06657,
39686,2.96794,
39687,2.83554,
39688,3.11262,
39689,3.05355,
39690,2.79983,
39691,2.91196,
39692,2.83324,
39693,2.97506,
39694,2.8415,
39695,2.90734,
39696,3.06266,
39697,2.9627,
39698,3.17803,
39699,3.1615,
39700,3.07677,
39701,3.18139,
39702,2.94572,
39703,2.99016,
39704,3.10936,
39705,3.07219,
39706,3.19319,
39707,3.26169,
39708,3.38878,
39709,4.26683,
39710,3.08617,
39711,3.06318,
39712,3.10421,
39713,3.08707,
39714,2.99895,
39715,3.09782,
39716,3.02304,
39717,3.05675,
39718,2.96841,
39719,3.57907,
39720,3.06742,
39721,3.0631,
39722,2.69908,
39723,2.89195,
39724,3.1275,
39725,3.10676,
39726,3.22223,
39727,3.30294,
39728,3.11057,
39729,3.08471,
39730,3.07683,
39731,3.01152,
39732,3.20973,
39733,3.00418,
39734,3.03357,
39735,3.18377,
39736,3.18791,
39737,3.06517,
39738,2.94093,
39739,2.92534,
39740,2.97587,
39741,2.99716,
39742,2.92439,
39743,2.72867,
39744,3.12883,
39745,2.9889,
39746,2.85515,
39747,2.87303,
39748,2.92902,
39749,3.04832,
39750,3.01477,
39751,2.95216,
39752,3.07754,
39753,2.78336,
39754,2.96383,
39755,2.68033,
39756,3.03939,
39757,2.93173,
39758,2.95704,
39759,2.96602,
39760,2.95488,
39761,2.95396,
39762,2.92466,
39763,2.86322,
39764,2.77314,
39765,2.98985,
39766,2.9604,
39767,2.66615,
39768,2.78954,
39769,2.73423,
39770,2.94974,
39771,2.93568,
39772,2.92443,
39773,2.92049,
39774,2.98085,
39775,3.01495,
39776,2.74342,
39777,3.11206,
39778,2.98279,
39779,2.94815,
39780,2.91472,
39781,3.07706,
39782,3.2127,
39783,3.13114,
39784,2.9279,
39785,2.88244,
39786,3.27628,
39787,3.05234,
39788,3.07698,
39789,3.00205,
39790,2.8689,
39791,2.89396,
39792,3.08614,
39793,2.67274,
39794,2.7068,
39795,2.56684,
39796,2.78877,
39797,2.96839,
39798,3.0465,
39799,3.03255,
39800,3.03115,
39801,2.92917,
39802,2.79857,
39803,2.87956,
39804,2.99061,
39805,3.14636,
39806,2.95106,
39807,2.89084,
39808,2.52287,
39809,2.57714,
39810,3.07075,
39811,2.76997,
39812,2.91487,
39813,2.74717,
39814,2.86309,
39815,2.73033,
39816,2.76172,
39817,2.73995,
39818,2.81487,
39819,2.7509,
39820,2.72218,
39821,2.81513,
39822,3.04762,
39823,2.71013,
39824,2.93631,
39825,2.87905,
39826,3.22459,
39827,3.15662,
39828,3.1549,
39829,3.17637,
39830,3.19649,
39831,3.13101,
39832,2.91885,
39833,2.70173,
39834,3.04225,
39835,2.89959,
39836,2.87834,
39837,3.08262,
39838,2.99924,
39839,3.06077,
39840,2.96122,
39841,2.95508,
39842,2.8922,
39843,3.00638,
39844,3.12678,
39845,3.03299,
39846,2.99685,
39847,2.95228,
39848,2.81241,
39849,3.15186,
39850,2.89435,
39851,2.90454,
39852,3.00374,
39853,3.06748,
39854,2.89552,
39855,3.29512,
39856,3.13655,
39857,3.1912,
39858,2.99285,
39859,3.14502,
39860,3.06438,
39861,3.01074,
39862,3.03547,
39863,3.02528,
39864,3.02241,
39865,3.03418,
39866,3.05236,
39867,3.04171,
39868,2.83622,
39869,3.02489,
39870,2.92843,
39871,2.90431,
39872,2.66305,
39873,2.78794,
39874,2.63789,
39875,2.91029,
39876,2.93102,
39877,2.72141,
39878,2.81368,
39879,2.79666,
39880,2.97588,
39881,2.91139,
39882,2.8928,
39883,2.80607,
39884,2.98243,
39885,3.04429,
39886,3.03101,
39887,3.0126,
39888,3.08613,
39889,3.01025,
39890,3.14923,
39891,3.07875,
39892,3.06792,
39893,3.15339,
39894,3.0083,
39895,2.98801,
39896,2.76642,
39897,2.98192,
39898,2.97689,
39899,3.08553,
39900,2.98793,
39901,2.85188,
39902,2.96035,
39903,2.88621,
39904,2.94733,
39905,3.0623,
39906,3.15991,
39907,2.92109,
39908,2.86499,
39909,2.89286,
39910,3.08108,
39911,3.08759,
39912,3.11327,
39913,2.95653,
39914,3.14612,
39915,2.95461,
39916,3.06841,
39917,3.25963,
39918,3.03125,
39919,2.87645,
39920,2.8769,
39921,3.10483,
39922,3.13516,
39923,3.00429,
39924,3.09029,
39925,3.00978,
39926,3.23277,
39927,3.12915,
39928,3.30443,
39929,2.93834,
39930,3.00999,
39931,2.75023,
39932,2.95804,
39933,2.94454,
39934,2.93183,
39935,2.90682,
39936,3.14345,
39937,3.0487,
39938,2.96829,
39939,2.75544,
39940,2.85538,
39941,2.94623,
39942,2.98077,
39943,2.89097,
39944,3.17881,
39945,3.13654,
39946,3.16579,
39947,3.07068,
39948,2.92122,
39949,3.10462,
39950,2.82409,
39951,3.1527,
39952,3.20149,
39953,3.14855,
39954,3.1507,
39955,3.36942,
39956,3.48811,
39957,3.07225,
39958,3.09131,
39959,3.12066,
39960,3.23106,
39961,3.40852,
39962,3.19174,
39963,3.05333,
39964,3.03593,
39965,2.97344,
39966,3.04042,
39967,3.02879,
39968,3.08259,
39969,3.00755,
39970,2.89722,
39971,3.03552,
39972,3.47833,
39973,3.49871,
39974,3.39826,
39975,3.3793,
39976,3.391,
39977,3.44677,
39978,3.37705,
39979,3.3404,
39980,3.38987,
39981,3.38879,
39982,3.39173,
39983,3.35054,
39984,3.39353,
39985,3.26218,
39986,3.37623,
39987,3.43714,
39988,3.38884,
39989,3.31336,
39990,3.24093,
39991,3.03956,
39992,3.26998,
39993,3.09637,
39994,3.05388,
39995,3.04606,
39996,3.0742,
39997,2.98569,
39998,3.14105,
39999,2.99884,
40000,3.03406,
40001,3.06293,
40002,2.87625,
40003,2.81657,
40004,3.06227,
40005,3.25454,
40006,3.15462,
40007,2.87696,
40008,3.0616,
40009,3.08307,
40010,2.96791,
40011,3.02674,
40012,3.09292,
40013,2.90004,
40014,2.99969,
40015,2.90018,
40016,2.83628,
40017,3.14183,
40018,2.9949,
40019,3.00227,
40020,3.06111,
40021,2.91546,
40022,2.88281,
40023,2.80449,
40024,2.87646,
40025,3.06293,
40026,2.96044,
40027,2.86539,
40028,3.08025,
40029,2.96547,
40030,2.91063,
40031,2.94427,
40032,2.79005,
40033,2.8051,
40034,3.03695,
40035,2.75145,
40036,2.82715,
40037,2.84018,
40038,2.90732,
40039,2.81858,
40040,2.82032,
40041,2.92037,
40042,2.79751,
40043,2.86566,
40044,2.91274,
40045,2.96528,
40046,2.96807,
40047,2.98366,
40048,2.84233,
40049,3.05596,
40050,2.81152,
40051,2.96063,
40052,2.94947,
40053,2.93556,
40054,3.15285,
40055,2.89688,
40056,2.81102,
40057,3.03216,
40058,2.89522,
40059,2.73585,
40060,2.84298,
40061,3.119,
40062,2.66786,
40063,2.74788,
40064,2.99208,
40065,2.75602,
40066,2.93081,
40067,2.88465,
40068,2.77689,
40069,2.74561,
40070,3.07352,
40071,3.00267,
40072,3.0256,
40073,2.92794,
40074,3.16014,
40075,3.03112,
40076,3.13404,
40077,2.98623,
40078,2.94803,
40079,3.08888,
40080,2.98834,
40081,3.02932,
40082,2.97702,
40083,2.97026,
40084,3.05646,
40085,2.72816,
40086,2.89815,
40087,2.98149,
40088,3.04712,
40089,3.02341,
40090,2.71272,
40091,2.91426,
40092,2.99314,
40093,2.87321,
40094,2.63207,
40095,2.78987,
40096,2.85007,
40097,2.80745,
40098,2.86995,
40099,2.64187,
40100,2.70404,
40101,2.70459,
40102,2.86722,
40103,2.95295,
40104,3.32673,
40105,3.26482,
40106,3.0953,
40107,3.01206,
40108,3.17719,
40109,3.20313,
40110,2.90298,
40111,3.10114,
40112,2.98829,
40113,3.02841,
40114,2.91426,
40115,3.26749,
40116,3.04474,
40117,2.98167,
40118,3.14138,
40119,3.08726,
40120,2.99072,
40121,3.1226,
40122,2.93344,
40123,3.08626,
40124,3.07575,
40125,2.98141,
40126,2.94345,
40127,3.00124,
40128,2.88099,
40129,3.10495,
40130,3.0775,
40131,2.92897,
40132,3.09742,
40133,2.96345,
40134,3.02139,
40135,3.19394,
40136,3.10043,
40137,2.97005,
40138,3.04225,
40139,3.05909,
40140,2.85021,
40141,2.98937,
40142,2.99858,
40143,3.15694,
40144,2.90828,
40145,2.96486,
40146,2.88731,
40147,3.05628,
40148,3.07592,
40149,3.03071,
40150,2.79273,
40151,2.99654,
40152,2.9406,
40153,2.83713,
40154,3.01679,
40155,3.10661,
40156,2.99299,
40157,2.8451,
40158,2.94977,
40159,2.99441,
40160,2.9249,
40161,2.90353,
40162,2.79121,
40163,2.87614,
40164,2.85348,
40165,3.00197,
40166,2.69588,
40167,2.73574,
40168,2.77398,
40169,2.85662,
40170,2.91153,
40171,2.81837,
40172,2.64584,
40173,2.84239,
40174,2.75107,
40175,2.88004,
40176,2.76498,
40177,2.83329,
40178,2.99445,
40179,2.9234,
40180,2.97316,
40181,2.70417,
40182,2.88504,
40183,2.77982,
40184,2.85644,
40185,3.02856,
40186,2.65487,
40187,2.78815,
40188,2.65092,
40189,2.66432,
40190,2.88437,
40191,2.80855,
40192,2.87346,
40193,2.79202,
40194,3.0016,
40195,2.83105,
40196,2.94649,
40197,3.07008,
40198,3.08557,
40199,2.97779,
40200,3.04753,
40201,3.31748,
40202,2.99859,
40203,2.90148,
40204,3.12895,
40205,2.94987,
40206,3.09406,
40207,3.15092,
40208,3.04789,
40209,3.05263,
40210,3.04632,
40211,2.85154,
40212,3.06478,
40213,3.00952,
40214,2.86232,
40215,2.98178,
40216,2.95747,
40217,2.76636,
40218,2.95002,
40219,2.98412,
40220,2.80904,
40221,2.92075,
40222,2.97944,
40223,3.12641,
40224,2.93362,
40225,2.99512,
40226,2.91255,
40227,3.25881,
40228,3.28994,
40229,3.27877,
40230,3.26583,
40231,3.32914,
40232,3.24892,
40233,3.20868,
40234,3.32166,
40235,3.1837,
40236,3.25247,
40237,3.28055,
40238,3.26471,
40239,3.13205,
40240,3.30833,
40241,3.22621,
40242,3.25261,
40243,3.3359,
40244,3.18383,
40245,3.24651,
40246,3.22641,
40247,3.25711,
40248,3.09814,
40249,3.23332,
40250,2.70655,
40251,2.794,
40252,2.70057,
40253,2.55841,
40254,2.68947,
40255,2.58568,
40256,2.89625,
40257,2.46335,
40258,2.7255,
40259,2.69599,
40260,2.78302,
40261,2.80759,
40262,2.57558,
40263,2.63838,
40264,2.81511,
40265,2.94022,
40266,2.9497,
40267,2.6632,
40268,2.62847,
40269,3.11113,
40270,3.18663,
40271,3.12315,
40272,3.17016,
40273,3.15081,
40274,3.17317,
40275,3.03126,
40276,2.85154,
40277,2.9736,
40278,3.1008,
40279,2.97349,
40280,3.06544,
40281,3.16725,
40282,3.20645,
40283,3.0775,
40284,3.00313,
40285,2.83895,
40286,3.03681,
40287,2.98841,
40288,2.94834,
40289,2.72861,
40290,2.77268,
40291,2.71672,
40292,2.9036,
40293,2.94355,
40294,2.86122,
40295,2.99867,
40296,2.9165,
40297,2.99075,
40298,2.94639,
40299,3.08052,
40300,2.9001,
40301,2.89863,
40302,2.99012,
40303,2.78745,
40304,2.79156,
40305,2.79211,
40306,2.96173,
40307,3.13979,
40308,2.98703,
40309,2.82347,
40310,2.75669,
40311,2.66207,
40312,2.56223,
40313,2.63994,
40314,2.66514,
40315,2.94566,
40316,2.63108,
40317,2.67483,
40318,2.71982,
40319,2.92809,
40320,2.87489,
40321,3.03801,
40322,2.74682,
40323,3.21037,
40324,2.93496,
40325,3.21429,
40326,3.27219,
40327,3.03596,
40328,3.19054,
40329,3.08171,
40330,2.95943,
40331,3.08919,
40332,3.04887,
40333,2.92724,
40334,2.81175,
40335,2.7906,
40336,2.92796,
40337,2.86882,
40338,2.96902,
40339,3.06692,
40340,2.87526,
40341,3.01477,
40342,2.7935,
40343,3.06656,
40344,3.02212,
40345,2.83536,
40346,2.73791,
40347,3.01128,
40348,2.73694,
40349,2.7519,
40350,2.76233,
40351,2.6062,
40352,2.64623,
40353,2.71318,
40354,3.17563,
40355,3.11567,
40356,3.2659,
40357,3.28029,
40358,3.27488,
40359,3.11058,
40360,2.89673,
40361,3.02836,
40362,2.9602,
40363,3.12523,
40364,3.35235,
40365,3.06364,
40366,3.10632,
40367,2.95262,
40368,2.9666,
40369,3.27945,
40370,3.20558,
40371,3.28373,
40372,3.09599,
40373,3.32133,
40374,3.00664,
40375,3.04496,
40376,2.9832,
40377,3.03015,
40378,2.86114,
40379,2.92012,
40380,2.87066,
40381,2.82119,
40382,3.06824,
40383,2.77613,
40384,2.84065,
40385,2.96383,
40386,3.00581,
40387,3.00679,
40388,2.89044,
40389,2.94946,
40390,2.82191,
40391,2.84624,
40392,2.76035,
40393,2.80843,
40394,2.91457,
40395,2.68207,
40396,2.73898,
40397,2.99406,
40398,2.84809,
40399,3.20722,
40400,3.27708,
40401,3.18796,
40402,3.33011,
40403,3.19455,
40404,3.16977,
40405,3.00812,
40406,3.09007,
40407,2.83299,
40408,2.92627,
40409,2.82535,
40410,2.88279,
40411,3.17105,
40412,3.16824,
40413,3.04699,
40414,3.17192,
40415,3.16684,
40416,2.86273,
40417,2.91469,
40418,2.95163,
40419,2.82287,
40420,2.99091,
40421,3.13697,
40422,3.08929,
40423,3.16799,
40424,3.27835,
40425,3.27938,
40426,2.74602,
40427,2.93025,
40428,3.10333,
40429,3.09765,
40430,3.05989,
40431,3.07233,
40432,3.22326,
40433,3.1238,
40434,3.23371,
40435,3.00374,
40436,2.99286,
40437,3.18789,
40438,2.85685,
40439,3.08833,
40440,3.07677,
40441,3.05397,
40442,2.99696,
40443,3.01651,
40444,3.25514,
40445,3.09964,
40446,3.17114,
40447,3.05817,
40448,3.16943,
40449,3.13156,
40450,3.15358,
40451,2.9636,
40452,3.04953,
40453,3.01846,
40454,2.91204,
40455,2.9967,
40456,2.88598,
40457,3.01275,
40458,3.01757,
40459,3.07773,
40460,2.81909,
40461,2.98769,
40462,3.10438,
40463,3.00868,
40464,2.87327,
40465,2.84223,
40466,3.08537,
40467,2.86244,
40468,3.04001,
40469,2.18927,
40470,3.07127,
40471,3.06056,
40472,3.18575,
40473,3.26768,
40474,3.52949,
40475,3.15367,
40476,3.24388,
40477,3.09279,
40478,3.21511,
40479,3.21466,
40480,3.17502,
40481,3.17923,
40482,3.01848,
40483,3.08291,
40484,3.11193,
40485,3.22937,
40486,3.00851,
40487,3.14664,
40488,3.24478,
40489,3.11681,
40490,3.10838,
40491,3.00497,
40492,3.03422,
40493,3.13347,
40494,3.10434,
40495,3.07711,
40496,3.07896,
40497,2.92677,
40498,3.1929,
40499,3.18684,
40500,2.93496,
40501,3.10446,
40502,2.92223,
40503,2.85128,
40504,2.82409,
40505,2.68881,
40506,3.01014,
40507,2.93941,
40508,2.82383,
40509,2.93961,
40510,3.06485,
40511,2.88147,
40512,2.85625,
40513,2.8917,
40514,2.84259,
40515,2.99998,
40516,2.84835,
40517,2.95179,
40518,3.08832,
40519,2.91772,
40520,3.11651,
40521,3.00761,
40522,2.8936,
40523,2.9353,
40524,2.94079,
40525,3.16416,
40526,3.01571,
40527,2.98492,
40528,3.01563,
40529,3.07691,
40530,2.91226,
40531,2.7211,
40532,2.91358,
40533,2.84394,
40534,2.96455,
40535,2.96775,
40536,2.70291,
40537,3.05755,
40538,3.10931,
40539,3.05102,
40540,2.94144,
40541,2.87281,
40542,3.13991,
40543,2.9321,
40544,2.64676,
40545,2.99233,
40546,3.00016,
40547,3.17392,
40548,2.93619,
40549,2.8778,
40550,2.98979,
40551,2.93136,
40552,2.88837,
40553,2.91538,
40554,2.91786,
40555,3.0678,
40556,3.05547,
40557,3.06536,
40558,2.87098,
40559,2.91339,
40560,2.86338,
40561,3.07261,
40562,3.06157,
40563,3.02809,
40564,3.01755,
40565,3.21877,
40566,2.93137,
40567,3.00101,
40568,3.01966,
40569,2.82395,
40570,3.08232,
40571,3.04139,
40572,3.17773,
40573,2.978,
40574,2.74885,
40575,2.79731,
40576,2.99304,
40577,2.80773,
40578,2.8929,
40579,2.74634,
40580,2.91242,
40581,3.13632,
40582,3.09441,
40583,2.98081,
40584,3.10723,
40585,3.00661,
40586,3.0533,
40587,2.98322,
40588,3.1082,
40589,3.09959,
40590,3.14326,
40591,3.03416,
40592,3.08347,
40593,3.0493,
40594,2.96478,
40595,3.10568,
40596,2.72578,
40597,2.88262,
40598,3.08751,
40599,2.97468,
40600,3.04525,
40601,2.81573,
40602,2.93088,
40603,3.06492,
40604,2.81458,
40605,2.97071,
40606,2.85482,
40607,2.7598,
40608,2.92534,
40609,2.70741,
40610,2.84584,
40611,2.85705,
40612,2.9497,
40613,2.8435,
40614,3.01987,
40615,3.08295,
40616,3.00511,
40617,2.84844,
40618,2.92304,
40619,2.86774,
40620,2.9184,
40621,2.74773,
40622,3.10229,
40623,2.95297,
40624,2.99989,
40625,3.09427,
40626,3.00664,
40627,2.92968,
40628,3.0247,
40629,2.96898,
40630,3.02702,
40631,3.04416,
40632,3.14957,
40633,3.23623,
40634,3.10235,
40635,3.04293,
40636,3.02604,
40637,2.9106,
40638,2.94718,
40639,2.82418,
40640,2.90929,
40641,2.78255,
40642,3.00197,
40643,2.87826,
40644,3.09248,
40645,2.93169,
40646,3.03608,
40647,3.14056,
40648,3.15805,
40649,3.19217,
40650,2.95242,
40651,2.83846,
40652,3.08157,
40653,2.7774,
40654,3.04636,
40655,3.04298,
40656,3.14291,
40657,3.19597,
40658,3.21324,
40659,2.86889,
40660,3.16834,
40661,3.03874,
40662,3.03567,
40663,3.02311,
40664,3.15117,
40665,2.91531,
40666,3.14532,
40667,2.74253,
40668,3.12873,
40669,3.10945,
40670,3.25583,
40671,3.00065,
40672,3.08687,
40673,3.18654,
40674,2.9286,
40675,3.12887,
40676,2.82939,
40677,2.96833,
40678,2.95994,
40679,3.25136,
40680,3.17034,
40681,2.80958,
40682,3.04116,
40683,2.95608,
40684,3.05989,
40685,3.07585,
40686,3.28393,
40687,3.0987,
40688,2.97292,
40689,3.08655,
40690,3.144,
40691,2.98059,
40692,2.89379,
40693,2.8682,
40694,3.11946,
40695,3.19885,
40696,3.22783,
40697,3.15173,
40698,3.0705,
40699,3.036,
40700,2.86256,
40701,3.17702,
40702,3.04022,
40703,3.11755,
40704,3.05416,
40705,3.06206,
40706,3.0658,
40707,3.1758,
40708,3.09343,
40709,2.98847,
40710,3.0679,
40711,3.11865,
40712,2.88723,
40713,3.21834,
40714,3.07651,
40715,2.99675,
40716,2.87982,
40717,3.09897,
40718,3.10375,
40719,2.9623,
40720,2.92163,
40721,3.13412,
40722,2.90374,
40723,2.89485,
40724,3.05323,
40725,2.87193,
40726,2.97019,
40727,3.10207,
40728,3.12508,
40729,2.96136,
40730,2.91316,
40731,2.90261,
40732,3.07391,
40733,3.11557,
40734,2.71945,
40735,2.98622,
40736,2.9506,
40737,3.07729,
40738,3.09128,
40739,3.13748,
40740,2.88143,
40741,2.96262,
40742,3.02865,
40743,2.76844,
40744,2.84273,
40745,3.17269,
40746,2.95816,
40747,3.02987,
40748,2.84803,
40749,2.85129,
40750,3.07991,
40751,2.96892,
40752,2.83302,
40753,3.11253,
40754,3.02908,
40755,2.80145,
40756,2.91635,
40757,2.83769,
40758,2.98611,
40759,2.85412,
40760,2.90494,
40761,3.04887,
40762,2.96004,
40763,3.16574,
40764,3.16823,
40765,3.06507,
40766,3.17183,
40767,2.93602,
40768,2.99289,
40769,3.11578,
40770,3.09049,
40771,3.20803,
40772,3.27234,
40773,3.37463,
40774,4.25925,
40775,3.0753,
40776,3.05693,
40777,3.09537,
40778,3.08062,
40779,3.00593,
40780,3.09293,
40781,3.01262,
40782,3.05544,
40783,2.96733,
40784,3.58294,
40785,3.05415,
40786,3.06706,
40787,2.69054,
40788,2.89516,
40789,3.11802,
40790,3.11,
40791,3.21867,
40792,3.29456,
40793,3.11937,
40794,3.08732,
40795,3.06201,
40796,3.00245,
40797,3.19673,
40798,2.99849,
40799,3.02495,
40800,3.18277,
40801,3.17345,
40802,3.07378,
40803,2.93114,
40804,2.90583,
40805,2.97282,
40806,2.97006,
40807,2.91992,
40808,2.73518,
40809,3.1329,
40810,2.98445,
40811,2.84388,
40812,2.87162,
40813,2.92884,
40814,3.05062,
40815,3.0305,
40816,2.94927,
40817,3.07706,
40818,2.77084,
40819,2.95817,
40820,2.67474,
40821,3.0563,
40822,2.92497,
40823,2.97278,
40824,2.94817,
40825,2.9762,
40826,2.95128,
40827,2.92848,
40828,2.86535,
40829,2.77332,
40830,2.99351,
40831,2.95513,
40832,2.66118,
40833,2.79585,
40834,2.73001,
40835,2.96539,
40836,2.94272,
40837,2.92301,
40838,2.93107,
40839,2.97737,
40840,3.01376,
40841,2.74203,
40842,3.08784,
40843,2.97755,
40844,2.93112,
40845,2.91243,
40846,3.08047,
40847,3.21677,
40848,3.13347,
40849,2.94806,
40850,2.89781,
40851,3.25779,
40852,3.04313,
40853,3.09158,
40854,2.97658,
40855,2.88284,
40856,2.90897,
40857,3.09119,
40858,2.68611,
40859,2.70111,
40860,2.56256,
40861,2.79277,
40862,2.9549,
40863,3.06406,
40864,3.03762,
40865,3.02713,
40866,2.93402,
40867,2.79241,
40868,2.87885,
40869,2.98399,
40870,3.15119,
40871,2.9433,
40872,2.88266,
40873,2.52107,
40874,2.5783,
40875,3.06894,
40876,2.77033,
40877,2.91998,
40878,2.74262,
40879,2.85555,
40880,2.719,
40881,2.77403,
40882,2.75315,
40883,2.82432,
40884,2.75488,
40885,2.72205,
40886,2.81875,
40887,3.03068,
40888,2.71413,
40889,2.93103,
40890,2.88913,
40891,3.2219,
40892,3.14494,
40893,3.16077,
40894,3.16354,
40895,3.17533,
40896,3.12348,
40897,2.90479,
40898,2.71022,
40899,3.05421,
40900,2.89077,
40901,2.86511,
40902,3.09296,
40903,2.98984,
40904,3.06529,
40905,2.96192,
40906,2.94803,
40907,2.88132,
40908,3.00021,
40909,3.10548,
40910,3.04376,
40911,3.01654,
40912,2.95753,
40913,2.82402,
40914,3.15124,
40915,2.85775,
40916,2.88645,
40917,3.00816,
40918,3.07012,
40919,2.89335,
40920,3.28746,
40921,3.13031,
40922,3.19053,
40923,2.98137,
40924,3.13601,
40925,3.06325,
40926,3.00563,
40927,3.03733,
40928,3.00531,
40929,3.01542,
40930,3.04145,
40931,3.04642,
40932,3.04476,
40933,2.83943,
40934,3.02547,
40935,2.92353,
40936,2.91259,
40937,2.65596,
40938,2.78187,
40939,2.61167,
40940,2.88698,
40941,2.93437,
40942,2.71505,
40943,2.82679,
40944,2.78091,
40945,2.97685,
40946,2.90505,
40947,2.90103,
40948,2.81259,
40949,2.99055,
40950,3.04132,
40951,3.01765,
40952,2.99992,
40953,3.09091,
40954,3.00277,
40955,3.13606,
40956,3.06641,
40957,3.05565,
40958,3.15353,
40959,3.01772,
40960,2.99554,
40961,2.75959,
40962,3.0027,
40963,2.95911,
40964,3.07741,
40965,2.98227,
40966,2.86526,
40967,2.95847,
40968,2.87199,
40969,2.94605,
40970,3.07057,
40971,3.16547,
40972,2.91685,
40973,2.87432,
40974,2.88807,
40975,3.0872,
40976,3.07713,
40977,3.11027,
40978,2.95167,
40979,3.14762,
40980,2.94966,
40981,3.06198,
40982,3.25538,
40983,3.01686,
40984,2.87739,
40985,2.8714,
40986,3.10964,
40987,3.13751,
40988,3.01293,
40989,3.1101,
40990,2.9883,
40991,3.22353,
40992,3.13433,
40993,3.31259,
40994,2.92536,
40995,3.0107,
40996,2.74831,
40997,2.95507,
40998,2.95487,
40999,2.93875,
41000,2.93409,
41001,3.14482,
41002,3.06591,
41003,2.96098,
41004,2.76494,
41005,2.86544,
41006,2.94208,
41007,2.97886,
41008,2.90204,
41009,3.16229,
41010,3.13476,
41011,3.15797,
41012,3.05794,
41013,2.91623,
41014,3.08773,
41015,2.82148,
41016,3.14853,
41017,3.21128,
41018,3.13558,
41019,3.1422,
41020,3.36599,
41021,3.48497,
41022,3.07598,
41023,3.08754,
41024,3.12326,
41025,3.2257,
41026,3.42615,
41027,3.17715,
41028,3.03835,
41029,3.04258,
41030,2.96296,
41031,3.04533,
41032,3.02705,
41033,3.11129,
41034,3.00959,
41035,2.90337,
41036,3.03027,
41037,3.49031,
41038,3.49624,
41039,3.37477,
41040,3.37295,
41041,3.38506,
41042,3.44135,
41043,3.36599,
41044,3.34142,
41045,3.38191,
41046,3.39403,
41047,3.39244,
41048,3.36129,
41049,3.3856,
41050,3.26643,
41051,3.38155,
41052,3.43089,
41053,3.38113,
41054,3.31794,
41055,3.24761,
41056,3.04086,
41057,3.2646,
41058,3.08823,
41059,3.03649,
41060,3.05191,
41061,3.05532,
41062,2.96199,
41063,3.12781,
41064,3.00394,
41065,3.02099,
41066,3.06384,
41067,2.89399,
41068,2.81642,
41069,3.06348,
41070,3.25177,
41071,3.14255,
41072,2.88458,
41073,3.05909,
41074,3.08339,
41075,2.96717,
41076,3.02818,
41077,3.11232,
41078,2.89776,
41079,3.0053,
41080,2.90957,
41081,2.84277,
41082,3.12353,
41083,3.00312,
41084,2.99242,
41085,3.06408,
41086,2.91224,
41087,2.88292,
41088,2.81453,
41089,2.87376,
41090,3.06437,
41091,2.96082,
41092,2.86361,
41093,3.07471,
41094,2.96333,
41095,2.91491,
41096,2.95026,
41097,2.78307,
41098,2.79407,
41099,3.03143,
41100,2.76199,
41101,2.8297,
41102,2.83679,
41103,2.91088,
41104,2.82555,
41105,2.81641,
41106,2.91652,
41107,2.80741,
41108,2.85795,
41109,2.89832,
41110,2.95977,
41111,2.9576,
41112,2.976,
41113,2.84102,
41114,3.05808,
41115,2.80707,
41116,2.95635,
41117,2.94643,
41118,2.94215,
41119,3.1449,
41120,2.90539,
41121,2.81541,
41122,3.02985,
41123,2.89214,
41124,2.72592,
41125,2.84413,
41126,3.1031,
41127,2.67882,
41128,2.75664,
41129,2.97561,
41130,2.75707,
41131,2.93363,
41132,2.87295,
41133,2.76817,
41134,2.74963,
41135,3.06271,
41136,3.01029,
41137,3.03017,
41138,2.92578,
41139,3.15883,
41140,3.03455,
41141,3.12883,
41142,2.99074,
41143,2.94292,
41144,3.0826,
41145,3.00394,
41146,2.99927,
41147,2.99034,
41148,2.97967,
41149,3.04954,
41150,2.72659,
41151,2.91999,
41152,2.9892,
41153,3.04396,
41154,3.02905,
41155,2.70119,
41156,2.9194,
41157,2.97902,
41158,2.86865,
41159,2.63438,
41160,2.80443,
41161,2.85317,
41162,2.79853,
41163,2.87158,
41164,2.6453,
41165,2.70608,
41166,2.71412,
41167,2.87283,
41168,2.96128,
41169,3.30502,
41170,3.25855,
41171,3.08868,
41172,3.01623,
41173,3.18168,
41174,3.20916,
41175,2.90129,
41176,3.09956,
41177,2.96927,
41178,3.02266,
41179,2.90448,
41180,3.25749,
41181,3.04209,
41182,2.98141,
41183,3.12709,
41184,3.08603,
41185,2.98975,
41186,3.11472,
41187,2.93372,
41188,3.09341,
41189,3.05871,
41190,2.97412,
41191,2.93268,
41192,3.00406,
41193,2.87501,
41194,3.09133,
41195,3.07733,
41196,2.93224,
41197,3.08592,
41198,2.96904,
41199,3.03429,
41200,3.18299,
41201,3.1032,
41202,2.95248,
41203,3.01524,
41204,3.06241,
41205,2.85982,
41206,2.98951,
41207,2.99012,
41208,3.1557,
41209,2.89707,
41210,2.96696,
41211,2.88805,
41212,3.05645,
41213,3.07852,
41214,3.02699,
41215,2.79397,
41216,2.99691,
41217,2.9263,
41218,2.83554,
41219,3.00287,
41220,3.10935,
41221,2.99034,
41222,2.83601,
41223,2.93747,
41224,2.99843,
41225,2.90796,
41226,2.91263,
41227,2.7808,
41228,2.87741,
41229,2.86095,
41230,2.98748,
41231,2.68895,
41232,2.73816,
41233,2.77183,
41234,2.86381,
41235,2.90726,
41236,2.82336,
41237,2.65323,
41238,2.8434,
41239,2.74543,
41240,2.87625,
41241,2.77225,
41242,2.81936,
41243,2.99124,
41244,2.91602,
41245,2.97169,
41246,2.69703,
41247,2.86857,
41248,2.76286,
41249,2.863,
41250,3.0237,
41251,2.65009,
41252,2.79586,
41253,2.64332,
41254,2.6572,
41255,2.87397,
41256,2.81036,
41257,2.86283,
41258,2.8001,
41259,3.00324,
41260,2.84432,
41261,2.92138,
41262,3.06407,
41263,3.07026,
41264,2.98328,
41265,3.0304,
41266,3.31518,
41267,3.00434,
41268,2.89776,
41269,3.1435,
41270,2.95135,
41271,3.07832,
41272,3.16151,
41273,3.04973,
41274,3.03072,
41275,3.05871,
41276,2.85483,
41277,3.06493,
41278,3.01613,
41279,2.85292,
41280,2.9855,
41281,2.95429,
41282,2.75303,
41283,2.94986,
41284,2.96773,
41285,2.80133,
41286,2.91884,
41287,2.97868,
41288,3.13345,
41289,2.92991,
41290,2.98668,
41291,2.9101,
41292,3.2494,
41293,3.27925,
41294,3.26855,
41295,3.25727,
41296,3.31891,
41297,3.24219,
41298,3.20003,
41299,3.33567,
41300,3.179,
41301,3.2518,
41302,3.29377,
41303,3.27017,
41304,3.11668,
41305,3.29329,
41306,3.21786,
41307,3.26486,
41308,3.31935,
41309,3.183,
41310,3.24526,
41311,3.2126,
41312,3.25682,
41313,3.07257,
41314,3.22822,
41315,2.7097,
41316,2.78025,
41317,2.70464,
41318,2.56794,
41319,2.69998,
41320,2.58533,
41321,2.89047,
41322,2.47881,
41323,2.74955,
41324,2.7006,
41325,2.76998,
41326,2.78308,
41327,2.56649,
41328,2.62494,
41329,2.81275,
41330,2.94233,
41331,2.95803,
41332,2.66453,
41333,2.62226,
41334,3.09889,
41335,3.17262,
41336,3.12601,
41337,3.17045,
41338,3.15058,
41339,3.16232,
41340,3.02407,
41341,2.84692,
41342,2.98137,
41343,3.09634,
41344,2.97598,
41345,3.0523,
41346,3.17398,
41347,3.20192,
41348,3.06436,
41349,2.99712,
41350,2.83569,
41351,3.03458,
41352,2.99729,
41353,2.95218,
41354,2.72801,
41355,2.76497,
41356,2.7073,
41357,2.91103,
41358,2.94778,
41359,2.8645,
41360,2.97644,
41361,2.91572,
41362,2.98544,
41363,2.93476,
41364,3.07434,
41365,2.89706,
41366,2.89441,
41367,2.98455,
41368,2.79388,
41369,2.78365,
41370,2.78419,
41371,2.95852,
41372,3.13906,
41373,3.01404,
41374,2.82104,
41375,2.75358,
41376,2.65549,
41377,2.57107,
41378,2.63903,
41379,2.67601,
41380,2.95505,
41381,2.62786,
41382,2.67436,
41383,2.72302,
41384,2.92825,
41385,2.86965,
41386,3.03858,
41387,2.75353,
41388,3.20642,
41389,2.93114,
41390,3.21986,
41391,3.25726,
41392,3.02186,
41393,3.19413,
41394,3.09336,
41395,2.94881,
41396,3.06728,
41397,3.0374,
41398,2.92824,
41399,2.8102,
41400,2.78891,
41401,2.92958,
41402,2.86161,
41403,2.97523,
41404,3.07444,
41405,2.87672,
41406,3.0051,
41407,2.81986,
41408,3.06359,
41409,3.00951,
41410,2.83265,
41411,2.74241,
41412,3.0041,
41413,2.74817,
41414,2.75551,
41415,2.75634,
41416,2.61426,
41417,2.66139,
41418,2.72398,
41419,3.17681,
41420,3.10209,
41421,3.25523,
41422,3.28777,
41423,3.27604,
41424,3.11428,
41425,2.90152,
41426,3.00877,
41427,2.96161,
41428,3.10515,
41429,3.35124,
41430,3.05848,
41431,3.10262,
41432,2.95145,
41433,2.96075,
41434,3.2697,
41435,3.21287,
41436,3.27697,
41437,3.09874,
41438,3.31115,
41439,3.01252,
41440,3.0533,
41441,2.97641,
41442,3.03441,
41443,2.85544,
41444,2.9235,
41445,2.85754,
41446,2.81482,
41447,3.05991,
41448,2.77293,
41449,2.85063,
41450,2.94401,
41451,3.01324,
41452,2.99264,
41453,2.88066,
41454,2.95716,
41455,2.83291,
41456,2.82715,
41457,2.76629,
41458,2.80355,
41459,2.92872,
41460,2.67906,
41461,2.75675,
41462,2.98492,
41463,2.84977,
41464,3.19443,
41465,3.26848,
41466,3.18651,
41467,3.31865,
41468,3.19148,
41469,3.15337,
41470,3.00748,
41471,3.08294,
41472,2.83767,
41473,2.9121,
41474,2.81597,
41475,2.88373,
41476,3.18972,
41477,3.16984,
41478,3.05674,
41479,3.16897,
41480,3.14531,
41481,2.86177,
41482,2.90729,
41483,2.95541,
41484,2.81393,
41485,2.98916,
41486,3.13052,
41487,3.07959,
41488,3.15273,
41489,3.27116,
41490,3.27896,
41491,2.7565,
41492,2.92572,
41493,3.11199,
41494,3.08392,
41495,3.05469,
41496,3.06841,
41497,3.21527,
41498,3.12039,
41499,3.22677,
41500,3.00077,
41501,2.99101,
41502,3.16689,
41503,2.8393,
41504,3.07958,
41505,3.07108,
41506,3.04237,
41507,2.98917,
41508,3.01096,
41509,3.24187,
41510,3.09061,
41511,3.15543,
41512,3.04908,
41513,3.16633,
41514,3.12131,
41515,3.14394,
41516,2.94048,
41517,3.05598,
41518,3.0253,
41519,2.90446,
41520,2.98347,
41521,2.89076,
41522,3.00335,
41523,3.017,
41524,3.09202,
41525,2.81092,
41526,3.00072,
41527,3.08441,
41528,2.98711,
41529,2.86501,
41530,2.8339,
41531,3.08441,
41532,2.8705,
41533,3.03533,
41534,2.17807,
41535,3.0706,
41536,3.05297,
41537,3.17898,
41538,3.27487,
41539,3.52779,
41540,3.13856,
41541,3.23762,
41542,3.08218,
41543,3.21095,
41544,3.22469,
41545,3.17247,
41546,3.16873,
41547,3.00975,
41548,3.08554,
41549,3.11863,
41550,3.23152,
41551,3.01486,
41552,3.14007,
41553,3.24061,
41554,3.11438,
41555,3.10049,
41556,2.99625,
41557,3.03368,
41558,3.12578,
41559,3.0966,
41560,3.0793,
41561,3.06228,
41562,2.94145,
41563,3.1921,
41564,3.17542,
41565,2.93542,
41566,3.10298,
41567,2.92447,
41568,2.84899,
41569,2.80156,
41570,2.68432,
41571,3.01156,
41572,2.94138,
41573,2.82704,
41574,2.94021,
41575,3.06565,
41576,2.88652,
41577,2.85763,
41578,2.90348,
41579,2.84407,
41580,3.00242,
41581,2.84768,
41582,2.96331,
41583,3.08443,
41584,2.93822,
41585,3.0921,
41586,2.99228,
41587,2.88914,
41588,2.92061,
41589,2.93245,
41590,3.15904,
41591,3.01374,
41592,2.96581,
41593,3.00721,
41594,3.0677,
41595,2.90865,
41596,2.73232,
41597,2.90416,
41598,2.8535,
41599,2.97355,
41600,2.96276,
41601,2.71089,
41602,3.05865,
41603,3.11178,
41604,3.04385,
41605,2.94436,
41606,2.88479,
41607,3.14268,
41608,2.91543,
41609,2.65562,
41610,3.0125,
41611,2.98579,
41612,3.1746,
41613,2.94003,
41614,2.86976,
41615,3.00163,
41616,2.92299,
41617,2.88843,
41618,2.90904,
41619,2.92668,
41620,3.06544,
41621,3.04435,
41622,3.04706,
41623,2.8654,
41624,2.91746,
41625,2.87022,
41626,3.06628,
41627,3.06709,
41628,3.02042,
41629,3.0134,
41630,3.23218,
41631,2.92866,
41632,3.01005,
41633,3.01596,
41634,2.83098,
41635,3.08823,
41636,3.04748,
41637,3.17628,
41638,2.97084,
41639,2.74193,
41640,2.79382,
41641,2.98117,
41642,2.81591,
41643,2.8928,
41644,2.76244,
41645,2.91072,
41646,3.12939,
41647,3.09771,
41648,2.95978,
41649,3.10635,
41650,2.98179,
41651,3.05083,
41652,2.98425,
41653,3.09955,
41654,3.08934,
41655,3.14097,
41656,3.02851,
41657,3.09259,
41658,3.03564,
41659,2.97261,
41660,3.11129,
41661,2.7232,
41662,2.88514,
41663,3.08873,
41664,2.97855,
41665,3.04228,
41666,2.81809,
41667,2.92719,
41668,3.05879,
41669,2.81594,
41670,2.97858,
41671,2.85041,
41672,2.75415,
41673,2.91578,
41674,2.70791,
41675,2.84861,
41676,2.85734,
41677,2.93531,
41678,2.84716,
41679,3.01059,
41680,3.07159,
41681,3.00606,
41682,2.85372,
41683,2.92015,
41684,2.84338,
41685,2.92863,
41686,2.73329,
41687,3.09655,
41688,2.94876,
41689,3.01154,
41690,3.08626,
41691,3.00584,
41692,2.92738,
41693,3.00961,
41694,2.96435,
41695,3.02342,
41696,3.0567,
41697,3.14178,
41698,3.24355,
41699,3.11095,
41700,3.03334,
41701,3.03017,
41702,2.91667,
41703,2.94479,
41704,2.81523,
41705,2.90185,
41706,2.78854,
41707,2.99737,
41708,2.89428,
41709,3.08937,
41710,2.91982,
41711,3.04539,
41712,3.1358,
41713,3.16901,
41714,3.19128,
41715,2.94352,
41716,2.84272,
41717,3.0876,
41718,2.79068,
41719,3.04687,
41720,3.02483,
41721,3.14372,
41722,3.19672,
41723,3.2065,
41724,2.85617,
41725,3.16756,
41726,3.02998,
41727,3.04494,
41728,3.0216,
41729,3.1516,
41730,2.92303,
41731,3.15672,
41732,2.73903,
41733,3.10981,
41734,3.11795,
41735,3.24121,
41736,2.99768,
41737,3.07903,
41738,3.1945,
41739,2.92464,
41740,3.11463,
41741,2.83691,
41742,2.97465,
41743,2.96719,
41744,3.24373,
41745,3.16346,
41746,2.80356,
41747,3.03947,
41748,2.94675,
41749,3.06462,
41750,3.0957,
41751,3.28234,
41752,3.08129,
41753,2.95691,
41754,3.0846,
41755,3.14112,
41756,2.97142,
41757,2.90049,
41758,2.87733,
41759,3.09835,
41760,3.17459,
41761,3.21696,
41762,3.15199,
41763,3.06179,
41764,3.01906,
41765,2.85584,
41766,3.17843,
41767,3.0158,
41768,3.10976,
41769,3.05246,
41770,3.06111,
41771,3.04997,
41772,3.16358,
41773,3.08095,
41774,2.98689,
41775,3.04451,
41776,3.11931,
41777,2.88583,
41778,3.21718,
41779,3.06341,
41780,2.98174,
41781,2.88773,
41782,3.10453,
41783,3.112,
41784,2.96316,
41785,2.9239,
41786,3.12822,
41787,2.89375,
41788,2.89933,
41789,3.05594,
41790,2.87522,
41791,2.95071,
41792,3.10479,
41793,3.10423,
41794,2.97689,
41795,2.92084,
41796,2.88949,
41797,3.07537,
41798,3.1147,
41799,2.73059,
41800,2.97845,
41801,2.94985,
41802,3.08351,
41803,3.08458,
41804,3.1076,
41805,2.88341,
41806,2.9688,
41807,3.02745,
41808,2.74415,
41809,2.83522,
41810,3.17565,
41811,2.95107,
41812,3.02491,
41813,2.83078,
41814,2.85726,
41815,3.05578,
41816,2.95696,
41817,2.83039,
41818,3.10151,
41819,3.02764,
41820,2.80474,
41821,2.91207,
41822,2.83405,
41823,2.96948,
41824,2.85308,
41825,2.92082,
41826,3.05551,
41827,2.95725,
41828,3.15942,
41829,3.14981,
41830,3.06116,
41831,3.18094,
41832,2.93561,
41833,2.99505,
41834,3.106,
41835,3.0728,
41836,3.18969,
41837,3.2611,
41838,3.3939,
41839,4.25101,
41840,3.08786,
41841,3.04231,
41842,3.07852,
41843,3.07775,
41844,2.99955,
41845,3.12088,
41846,3.00676,
41847,3.05852,
41848,2.96006,
41849,3.57684,
41850,3.05278,
41851,3.06777,
41852,2.69767,
41853,2.87361,
41854,3.10945,
41855,3.10247,
41856,3.21354,
41857,3.30067,
41858,3.11912,
41859,3.06947,
41860,3.06448,
41861,3.01473,
41862,3.18798,
41863,3.00088,
41864,3.02629,
41865,3.16628,
41866,3.16582,
41867,3.07543,
41868,2.92775,
41869,2.93109,
41870,2.96916,
41871,2.97301,
41872,2.92225,
41873,2.73307,
41874,3.14287,
41875,2.99052,
41876,2.84778,
41877,2.87662,
41878,2.932,
41879,3.04049,
41880,3.01826,
41881,2.96319,
41882,3.07087,
41883,2.77613,
41884,2.96605,
41885,2.669,
41886,3.06302,
41887,2.93391,
41888,2.96434,
41889,2.94901,
41890,2.95645,
41891,2.961,
41892,2.91766,
41893,2.86574,
41894,2.78515,
41895,2.99706,
41896,2.95846,
41897,2.66644,
41898,2.77454,
41899,2.73296,
41900,2.94868,
41901,2.93875,
41902,2.92531,
41903,2.93336,
41904,2.96916,
41905,3.02883,
41906,2.72884,
41907,3.09169,
41908,2.98788,
41909,2.94359,
41910,2.91257,
41911,3.07064,
41912,3.21138,
41913,3.12435,
41914,2.92941,
41915,2.88188,
41916,3.26108,
41917,3.04334,
41918,3.07874,
41919,2.98214,
41920,2.87091,
41921,2.91058,
41922,3.0875,
41923,2.6702,
41924,2.70323,
41925,2.56969,
41926,2.7922,
41927,2.95509,
41928,3.04639,
41929,3.02105,
41930,3.02758,
41931,2.93026,
41932,2.82133,
41933,2.8763,
41934,2.98543,
41935,3.14529,
41936,2.95242,
41937,2.89104,
41938,2.51088,
41939,2.55646,
41940,3.06193,
41941,2.77239,
41942,2.91867,
41943,2.73545,
41944,2.86365,
41945,2.72043,
41946,2.7801,
41947,2.73938,
41948,2.81879,
41949,2.76274,
41950,2.73867,
41951,2.81924,
41952,3.04186,
41953,2.72837,
41954,2.92444,
41955,2.87799,
41956,3.20145,
41957,3.13866,
41958,3.1472,
41959,3.16594,
41960,3.183,
41961,3.12467,
41962,2.89911,
41963,2.6975,
41964,3.03886,
41965,2.88076,
41966,2.8584,
41967,3.09165,
41968,2.98672,
41969,3.05157,
41970,2.95539,
41971,2.93585,
41972,2.87737,
41973,2.99401,
41974,3.1069,
41975,3.04157,
41976,2.99552,
41977,2.95274,
41978,2.8064,
41979,3.14973,
41980,2.87241,
41981,2.88928,
41982,2.99478,
41983,3.07671,
41984,2.88535,
41985,3.29061,
41986,3.14508,
41987,3.17933,
41988,2.99008,
41989,3.1402,
41990,3.05766,
41991,2.99102,
41992,3.03416,
41993,3.01183,
41994,3.02114,
41995,3.02499,
41996,3.05678,
41997,3.03723,
41998,2.84471,
41999,3.02747,
42000,2.93242,
42001,2.90463,
42002,2.65477,
42003,2.79507,
42004,2.61668,
42005,2.8873,
42006,2.94066,
42007,2.72121,
42008,2.81707,
42009,2.79043,
42010,2.97832,
42011,2.90797,
42012,2.91439,
42013,2.792,
42014,2.97334,
42015,3.03479,
42016,3.03132,
42017,3.01185,
42018,3.08199,
42019,3.00604,
42020,3.14539,
42021,3.07581,
42022,3.04572,
42023,3.15344,
42024,3.00323,
42025,2.97541,
42026,2.75236,
42027,2.97847,
42028,2.96308,
42029,3.06523,
42030,2.97317,
42031,2.8545,
42032,2.95019,
42033,2.8696,
42034,2.95133,
42035,3.06703,
42036,3.15457,
42037,2.92258,
42038,2.87207,
42039,2.87608,
42040,3.06787,
42041,3.08724,
42042,3.1029,
42043,2.9489,
42044,3.1382,
42045,2.93669,
42046,3.06658,
42047,3.2543,
42048,3.02283,
42049,2.86981,
42050,2.85802,
42051,3.10579,
42052,3.12374,
42053,2.99833,
42054,3.08171,
42055,2.99231,
42056,3.2259,
42057,3.12021,
42058,3.28934,
42059,2.93679,
42060,3.00485,
42061,2.75235,
42062,2.95483,
42063,2.93638,
42064,2.9457,
42065,2.90468,
42066,3.15847,
42067,3.07001,
42068,2.95767,
42069,2.75702,
42070,2.85366,
42071,2.95553,
42072,2.99618,
42073,2.89929,
42074,3.15332,
42075,3.12118,
42076,3.15599,
42077,3.05543,
42078,2.9096,
42079,3.08521,
42080,2.81566,
42081,3.1532,
42082,3.20297,
42083,3.13417,
42084,3.15016,
42085,3.3709,
42086,3.48484,
42087,3.07056,
42088,3.08945,
42089,3.11241,
42090,3.22437,
42091,3.4106,
42092,3.1733,
42093,3.03887,
42094,3.02757,
42095,2.95328,
42096,3.051,
42097,3.03557,
42098,3.08513,
42099,3.01372,
42100,2.90167,
42101,3.02947,
42102,3.47419,
42103,3.4789,
42104,3.38147,
42105,3.38219,
42106,3.39006,
42107,3.44975,
42108,3.38022,
42109,3.34586,
42110,3.3969,
42111,3.39205,
42112,3.37436,
42113,3.35474,
42114,3.38875,
42115,3.25772,
42116,3.36393,
42117,3.4365,
42118,3.40703,
42119,3.32054,
42120,3.26685,
42121,3.05063,
42122,3.2609,
42123,3.07722,
42124,3.02695,
42125,3.04098,
42126,3.059,
42127,2.96038,
42128,3.11141,
42129,3.00212,
42130,3.0276,
42131,3.05551,
42132,2.87045,
42133,2.81238,
42134,3.06231,
42135,3.24718,
42136,3.12506,
42137,2.88533,
42138,3.05174,
42139,3.06963,
42140,2.95092,
42141,3.02993,
42142,3.08586,
42143,2.90248,
42144,2.98335,
42145,2.88378,
42146,2.83374,
42147,3.12658,
42148,2.99007,
42149,2.99451,
42150,3.04353,
42151,2.91152,
42152,2.89291,
42153,2.81425,
42154,2.88458,
42155,3.06058,
42156,2.98035,
42157,2.849,
42158,3.05278,
42159,2.97024,
42160,2.91614,
42161,2.94339,
42162,2.78465,
42163,2.79916,
42164,3.04374,
42165,2.74918,
42166,2.82895,
42167,2.8256,
42168,2.90743,
42169,2.81837,
42170,2.8268,
42171,2.90764,
42172,2.80348,
42173,2.87348,
42174,2.90817,
42175,2.96485,
42176,2.95607,
42177,2.98156,
42178,2.83602,
42179,3.05167,
42180,2.80818,
42181,2.95214,
42182,2.94315,
42183,2.93938,
42184,3.14118,
42185,2.90077,
42186,2.81491,
42187,3.02612,
42188,2.87994,
42189,2.72667,
42190,2.84124,
42191,3.10115,
42192,2.68328,
42193,2.74939,
42194,2.9749,
42195,2.75105,
42196,2.93707,
42197,2.87731,
42198,2.7721,
42199,2.7465,
42200,3.06221,
42201,2.99046,
42202,3.03007,
42203,2.91476,
42204,3.15263,
42205,3.02229,
42206,3.13768,
42207,2.97867,
42208,2.93647,
42209,3.09175,
42210,2.99851,
42211,3.00008,
42212,2.97696,
42213,2.9811,
42214,3.04792,
42215,2.73003,
42216,2.90891,
42217,2.99264,
42218,3.04718,
42219,3.03953,
42220,2.69733,
42221,2.92358,
42222,2.99188,
42223,2.86516,
42224,2.61464,
42225,2.79427,
42226,2.83893,
42227,2.7979,
42228,2.87187,
42229,2.63925,
42230,2.71725,
42231,2.71049,
42232,2.88702,
42233,2.95273,
42234,3.29371,
42235,3.26163,
42236,3.08514,
42237,3.02387,
42238,3.17677,
42239,3.19324,
42240,2.89446,
42241,3.07875,
42242,2.97017,
42243,3.00636,
42244,2.9224,
42245,3.25333,
42246,3.03485,
42247,2.97213,
42248,3.13471,
42249,3.07874,
42250,2.97545,
42251,3.11331,
42252,2.93135,
42253,3.08373,
42254,3.0494,
42255,2.98318,
42256,2.92595,
42257,3.00546,
42258,2.8482,
42259,3.08572,
42260,3.05841,
42261,2.92514,
42262,3.09111,
42263,2.95428,
42264,3.01814,
42265,3.18299,
42266,3.08932,
42267,2.97302,
42268,3.0183,
42269,3.05164,
42270,2.85213,
42271,2.97064,
42272,3.00135,
42273,3.13711,
42274,2.88451,
42275,2.95382,
42276,2.90558,
42277,3.05172,
42278,3.07282,
42279,3.03415,
42280,2.7976,
42281,2.99312,
42282,2.93295,
42283,2.8415,
42284,2.99759,
42285,3.09165,
42286,2.99007,
42287,2.83408,
42288,2.92673,
42289,2.99221,
42290,2.91813,
42291,2.89733,
42292,2.78803,
42293,2.87641,
42294,2.84271,
42295,2.99668,
42296,2.689,
42297,2.73348,
42298,2.76841,
42299,2.85781,
42300,2.90284,
42301,2.81785,
42302,2.6476,
42303,2.84042,
42304,2.74188,
42305,2.87561,
42306,2.77577,
42307,2.82923,
42308,2.9888,
42309,2.91389,
42310,2.96208,
42311,2.69574,
42312,2.89078,
42313,2.75495,
42314,2.86256,
42315,3.02928,
42316,2.65592,
42317,2.78367,
42318,2.64983,
42319,2.65559,
42320,2.90131,
42321,2.8046,
42322,2.87303,
42323,2.80515,
42324,3.00169,
42325,2.82405,
42326,2.9126,
42327,3.05956,
42328,3.06872,
42329,2.97648,
42330,3.03792,
42331,3.31794,
42332,2.99177,
42333,2.89859,
42334,3.12581,
42335,2.94029,
42336,3.07622,
42337,3.14665,
42338,3.03013,
42339,3.03555,
42340,3.03662,
42341,2.86781,
42342,3.06292,
42343,3.01503,
42344,2.86117,
42345,2.98872,
42346,2.95133,
42347,2.76541,
42348,2.95142,
42349,2.9682,
42350,2.81554,
42351,2.91695,
42352,2.98195,
42353,3.13097,
42354,2.93199,
42355,2.98664,
42356,2.9241,
42357,3.24808,
42358,3.27952,
42359,3.2676,
42360,3.24393,
42361,3.32666,
42362,3.22448,
42363,3.20045,
42364,3.32754,
42365,3.18608,
42366,3.27185,
42367,3.2736,
42368,3.26582,
42369,3.1228,
42370,3.28716,
42371,3.23446,
42372,3.25014,
42373,3.31237,
42374,3.18341,
42375,3.26242,
42376,3.21961,
42377,3.27373,
42378,3.07265,
42379,3.22652,
42380,2.69873,
42381,2.77614,
42382,2.68871,
42383,2.55365,
42384,2.67177,
42385,2.57951,
42386,2.89016,
42387,2.46723,
42388,2.72326,
42389,2.68912,
42390,2.77374,
42391,2.77928,
42392,2.57878,
42393,2.62684,
42394,2.80449,
42395,2.93645,
42396,2.94946,
42397,2.68089,
42398,2.63138,
42399,3.1043,
42400,3.17013,
42401,3.12124,
42402,3.16605,
42403,3.15084,
42404,3.15358,
42405,3.02275,
42406,2.83716,
42407,2.98673,
42408,3.10144,
42409,2.96716,
42410,3.04821,
42411,3.16815,
42412,3.19825,
42413,3.06363,
42414,3.00843,
42415,2.82227,
42416,3.0342,
42417,2.98111,
42418,2.94256,
42419,2.72992,
42420,2.7583,
42421,2.7166,
42422,2.90837,
42423,2.94326,
42424,2.86519,
42425,2.98164,
42426,2.90237,
42427,2.97517,
42428,2.94515,
42429,3.06355,
42430,2.87852,
42431,2.89938,
42432,2.98473,
42433,2.77732,
42434,2.78168,
42435,2.79129,
42436,2.96217,
42437,3.15095,
42438,2.99332,
42439,2.82722,
42440,2.76928,
42441,2.657,
42442,2.57329,
42443,2.64517,
42444,2.66431,
42445,2.95137,
42446,2.63898,
42447,2.67758,
42448,2.73116,
42449,2.93431,
42450,2.87531,
42451,3.04618,
42452,2.75658,
42453,3.20723,
42454,2.93723,
42455,3.21678,
42456,3.24864,
42457,3.00951,
42458,3.17783,
42459,3.06998,
42460,2.94858,
42461,3.06832,
42462,3.02968,
42463,2.92259,
42464,2.81052,
42465,2.77788,
42466,2.91305,
42467,2.8594,
42468,2.96142,
42469,3.05948,
42470,2.86272,
42471,2.99902,
42472,2.80436,
42473,3.06056,
42474,3.00861,
42475,2.83563,
42476,2.75133,
42477,3.00247,
42478,2.73481,
42479,2.76815,
42480,2.7577,
42481,2.60958,
42482,2.6624,
42483,2.72873,
42484,3.17337,
42485,3.10398,
42486,3.2557,
42487,3.27565,
42488,3.2637,
42489,3.0999,
42490,2.89297,
42491,2.9986,
42492,2.95182,
42493,3.10772,
42494,3.33513,
42495,3.05993,
42496,3.1033,
42497,2.95077,
42498,2.96395,
42499,3.27238,
42500,3.20138,
42501,3.277,
42502,3.10303,
42503,3.31311,
42504,2.99064,
42505,3.06643,
42506,2.97767,
42507,3.0131,
42508,2.84423,
42509,2.91198,
42510,2.8508,
42511,2.81404,
42512,3.06286,
42513,2.75727,
42514,2.84401,
42515,2.94845,
42516,2.99015,
42517,2.99541,
42518,2.87611,
42519,2.94594,
42520,2.83143,
42521,2.82299,
42522,2.75046,
42523,2.80318,
42524,2.91703,
42525,2.68683,
42526,2.75187,
42527,2.9837,
42528,2.85632,
42529,3.18048,
42530,3.2544,
42531,3.18569,
42532,3.31949,
42533,3.18835,
42534,3.16703,
42535,2.9876,
42536,3.07837,
42537,2.827,
42538,2.91172,
42539,2.81496,
42540,2.87678,
42541,3.17461,
42542,3.16334,
42543,3.04815,
42544,3.16299,
42545,3.15145,
42546,2.85939,
42547,2.92056,
42548,2.96241,
42549,2.82055,
42550,2.97751,
42551,3.12592,
42552,3.07359,
42553,3.1571,
42554,3.27299,
42555,3.28868,
42556,2.75493,
42557,2.92077,
42558,3.10862,
42559,3.08262,
42560,3.05251,
42561,3.06446,
42562,3.21647,
42563,3.12282,
42564,3.22875,
42565,2.99052,
42566,2.98913,
42567,3.17015,
42568,2.83996,
42569,3.08127,
42570,3.06443,
42571,3.04751,
42572,2.99494,
42573,3.01109,
42574,3.23644,
42575,3.10469,
42576,3.14537,
42577,3.03543,
42578,3.16388,
42579,3.11479,
42580,3.12666,
42581,2.94978,
42582,3.04499,
42583,3.01017,
42584,2.90727,
42585,2.98645,
42586,2.89383,
42587,3.00533,
42588,3.02865,
42589,3.08408,
42590,2.80426,
42591,2.98761,
42592,3.09649,
42593,2.98019,
42594,2.85299,
42595,2.84303,
42596,3.08377,
42597,2.86389,
42598,3.0475,
42599,2.16912,
42600,3.05506,
42601,3.06365,
42602,3.18738,
42603,3.27093,
42604,3.5239,
42605,3.13531,
42606,3.24361,
42607,3.07437,
42608,3.20083,
42609,3.18913,
42610,3.17152,
42611,3.19169,
42612,3.01949,
42613,3.08097,
42614,3.1292,
42615,3.22949,
42616,3.01481,
42617,3.14875,
42618,3.22792,
42619,3.11679,
42620,3.0947,
42621,2.98693,
42622,3.03599,
42623,3.12,
42624,3.10137,
42625,3.0699,
42626,3.06277,
42627,2.92675,
42628,3.18536,
42629,3.17389,
42630,2.94418,
42631,3.09648,
42632,2.93246,
42633,2.84775,
42634,2.80232,
42635,2.69345,
42636,3.01074,
42637,2.92222,
42638,2.82074,
42639,2.93796,
42640,3.05979,
42641,2.88397,
42642,2.87191,
42643,2.90644,
42644,2.84705,
42645,3.00019,
42646,2.84894,
42647,2.94899,
42648,3.06882,
42649,2.93291,
42650,3.10239,
42651,2.99148,
42652,2.89557,
42653,2.91978,
42654,2.92364,
42655,3.15014,
42656,3.01074,
42657,2.96773,
42658,3.00771,
42659,3.07478,
42660,2.90412,
42661,2.73303,
42662,2.90528,
42663,2.84779,
42664,2.96238,
42665,2.96386,
42666,2.70025,
42667,3.06607,
42668,3.10552,
42669,3.04106,
42670,2.94862,
42671,2.8727,
42672,3.13356,
42673,2.92092,
42674,2.65015,
42675,2.9994,
42676,2.98726,
42677,3.17082,
42678,2.94188,
42679,2.86681,
42680,2.99186,
42681,2.93333,
42682,2.88542,
42683,2.91096,
42684,2.91772,
42685,3.04518,
42686,3.0507,
42687,3.05633,
42688,2.86168,
42689,2.90474,
42690,2.88,
42691,3.08322,
42692,3.05302,
42693,3.01505,
42694,3.01026,
42695,3.22197,
42696,2.92376,
42697,3.0015,
42698,3.02102,
42699,2.83297,
42700,3.07766,
42701,3.03662,
42702,3.19026,
42703,2.96923,
42704,2.73572,
42705,2.80272,
42706,2.97469,
42707,2.80608,
42708,2.89481,
42709,2.74907,
42710,2.90799,
42711,3.12629,
42712,3.08924,
42713,2.97865,
42714,3.09335,
42715,2.97864,
42716,3.04471,
42717,2.98486,
42718,3.096,
42719,3.088,
42720,3.12486,
42721,3.02687,
42722,3.10026,
42723,3.03184,
42724,2.9733,
42725,3.10409,
42726,2.7461,
42727,2.87866,
42728,3.08569,
42729,2.9694,
42730,3.03904,
42731,2.82091,
42732,2.93212,
42733,3.0475,
42734,2.8143,
42735,2.96535,
42736,2.85962,
42737,2.757,
42738,2.92877,
42739,2.70568,
42740,2.85772,
42741,2.86403,
42742,2.94269,
42743,2.8645,
42744,3.01026,
42745,3.08607,
42746,3.00182,
42747,2.86396,
42748,2.92692,
42749,2.84874,
42750,2.90408,
42751,2.73475,
42752,3.08819,
42753,2.94142,
42754,3.00497,
42755,3.07067,
42756,3.00462,
42757,2.91505,
42758,3.01257,
42759,2.96754,
42760,3.02346,
42761,3.04718,
42762,3.14896,
42763,3.23529,
42764,3.09805,
42765,3.03586,
42766,3.02327,
42767,2.91617,
42768,2.95072,
42769,2.8148,
42770,2.88972,
42771,2.78263,
42772,2.99611,
42773,2.88074,
42774,3.09712,
42775,2.92866,
42776,3.05354,
42777,3.1262,
42778,3.16473,
42779,3.1856,
42780,2.95293,
42781,2.83877,
42782,3.07876,
42783,2.78612,
42784,3.04015,
42785,3.02116,
42786,3.13219,
42787,3.19578,
42788,3.19288,
42789,2.84962,
42790,3.15141,
42791,3.04219,
42792,3.03489,
42793,3.02276,
42794,3.15517,
42795,2.91455,
42796,3.14888,
42797,2.72751,
42798,3.10019,
42799,3.10108,
42800,3.23577,
42801,2.98972,
42802,3.0818,
42803,3.17255,
42804,2.92246,
42805,3.11042,
42806,2.84055,
42807,2.97414,
42808,2.94869,
42809,3.25602,
42810,3.16543,
42811,2.80385,
42812,3.03164,
42813,2.95729,
42814,3.06114,
42815,3.07086,
42816,3.29601,
42817,3.07908,
42818,2.97184,
42819,3.07499,
42820,3.14008,
42821,2.98041,
42822,2.89047,
42823,2.88533,
42824,3.1027,
42825,3.17653,
42826,3.22038,
42827,3.15035,
42828,3.04921,
42829,3.01786,
42830,2.84923,
42831,3.16417,
42832,3.02313,
42833,3.10549,
42834,3.06412,
42835,3.08197,
42836,3.0553,
42837,3.15183,
42838,3.07621,
42839,2.99198,
42840,3.06428,
42841,3.12099,
42842,2.8815,
42843,3.21492,
42844,3.07419,
42845,2.98811,
42846,2.90245,
42847,3.09416,
42848,3.11016,
42849,2.94635,
42850,2.91282,
42851,3.12887,
42852,2.88631,
42853,2.89447,
42854,3.03663,
42855,2.87374,
42856,2.94835,
42857,3.11574,
42858,3.10578,
42859,2.95511,
42860,2.91634,
42861,2.88543,
42862,3.07035,
42863,3.10667,
42864,2.71673,
42865,2.96992,
42866,2.96454,
42867,3.07495,
42868,3.0903,
42869,3.11592,
42870,2.88059,
42871,2.95797,
42872,3.0254,
42873,2.73713,
42874,2.83528,
42875,3.18177,
42876,2.93682,
42877,3.02201,
42878,2.82167,
42879,2.86668,
42880,3.0616,
42881,2.96223,
42882,2.82282,
42883,3.11192,
42884,3.03398,
42885,2.79508,
42886,2.91483,
42887,2.84547,
42888,2.96934,
42889,2.84471,
42890,2.90029,
42891,3.04735,
42892,2.95303,
42893,3.1805,
42894,3.14903,
42895,3.05878,
42896,3.16723,
42897,2.9276,
42898,2.9885,
42899,3.10668,
42900,3.06868,
42901,3.18979,
42902,3.26823,
42903,3.38744,
42904,4.24929,
42905,3.07479,
42906,3.0365,
42907,3.07731,
42908,3.08045,
42909,2.99568,
42910,3.09257,
42911,3.01655,
42912,3.05164,
42913,2.96064,
42914,3.58569,
42915,3.05889,
42916,3.07078,
42917,2.68979,
42918,2.88548,
42919,3.11473,
42920,3.11128,
42921,3.21365,
42922,3.30412,
42923,3.12439,
42924,3.07,
42925,3.06302,
42926,3.01021,
42927,3.19175,
42928,2.99149,
42929,3.0191,
42930,3.1628,
42931,3.17353,
42932,3.06129,
42933,2.92775,
42934,2.90014,
42935,2.96004,
42936,2.96355,
42937,2.90798,
42938,2.73202,
42939,3.13509,
42940,2.99504,
42941,2.85159,
42942,2.86939,
42943,2.92469,
42944,3.04144,
42945,3.02028,
42946,2.9603,
42947,3.08377,
42948,2.77419,
42949,2.96103,
42950,2.68685,
42951,3.03295,
42952,2.92946,
42953,2.9534,
42954,2.94842,
42955,2.97009,
42956,2.94246,
42957,2.9122,
42958,2.85406,
42959,2.76553,
42960,2.991,
42961,2.94589,
42962,2.68709,
42963,2.78251,
42964,2.74541,
42965,2.95138,
42966,2.94406,
42967,2.91078,
42968,2.92507,
42969,2.97328,
42970,3.02536,
42971,2.73185,
42972,3.08878,
42973,2.96618,
42974,2.92615,
42975,2.91033,
42976,3.07995,
42977,3.20868,
42978,3.12603,
42979,2.93295,
42980,2.88472,
42981,3.2517,
42982,3.04942,
42983,3.07697,
42984,2.9974,
42985,2.86201,
42986,2.9003,
42987,3.0723,
42988,2.67815,
42989,2.70749,
42990,2.56374,
42991,2.78218,
42992,2.96002,
42993,3.05058,
42994,3.01277,
42995,3.03263,
42996,2.92643,
42997,2.80608,
42998,2.86989,
42999,2.99525,
43000,3.1515,
43001,2.96485,
43002,2.88855,
43003,2.51617,
43004,2.56271,
43005,3.06654,
43006,2.78285,
43007,2.93018,
43008,2.73626,
43009,2.85376,
43010,2.72144,
43011,2.76221,
43012,2.74712,
43013,2.82652,
43014,2.76177,
43015,2.73672,
43016,2.81694,
43017,3.04473,
43018,2.72273,
43019,2.92338,
43020,2.89401,
43021,3.21182,
43022,3.13281,
43023,3.14823,
43024,3.15623,
43025,3.17973,
43026,3.10532,
43027,2.88674,
43028,2.69721,
43029,3.03185,
43030,2.89084,
43031,2.85863,
43032,3.08,
43033,2.98824,
43034,3.05639,
43035,2.95344,
43036,2.93511,
43037,2.87147,
43038,2.99426,
43039,3.11276,
43040,3.03516,
43041,2.99833,
43042,2.94571,
43043,2.8095,
43044,3.14264,
43045,2.86122,
43046,2.90422,
43047,2.99552,
43048,3.06834,
43049,2.8862,
43050,3.29529,
43051,3.12611,
43052,3.1689,
43053,2.96929,
43054,3.13158,
43055,3.04974,
43056,2.99757,
43057,3.04072,
43058,3.00146,
43059,3.0198,
43060,3.02227,
43061,3.04259,
43062,3.02854,
43063,2.83735,
43064,3.02953,
43065,2.92046,
43066,2.91381,
43067,2.64496,
43068,2.78243,
43069,2.61128,
43070,2.88482,
43071,2.93013,
43072,2.72488,
43073,2.8045,
43074,2.77726,
43075,2.96913,
43076,2.92207,
43077,2.8919,
43078,2.78391,
43079,2.96289,
43080,3.03411,
43081,3.00741,
43082,2.99023,
43083,3.07967,
43084,3.00384,
43085,3.14447,
43086,3.04703,
43087,3.03963,
43088,3.13594,
43089,3.0117,
43090,2.9819,
43091,2.75649,
43092,2.9768,
43093,2.97541,
43094,3.07105,
43095,2.96975,
43096,2.85393,
43097,2.95071,
43098,2.85737,
43099,2.95317,
43100,3.05707,
43101,3.16071,
43102,2.92246,
43103,2.86656,
43104,2.88044,
43105,3.05683,
43106,3.07476,
43107,3.09468,
43108,2.93538,
43109,3.13832,
43110,2.94508,
43111,3.06255,
43112,3.24306,
43113,2.99795,
43114,2.87712,
43115,2.87289,
43116,3.1048,
43117,3.13147,
43118,2.99725,
43119,3.0824,
43120,2.99418,
43121,3.22917,
43122,3.11861,
43123,3.27891,
43124,2.92196,
43125,2.99932,
43126,2.7493,
43127,2.94034,
43128,2.94023,
43129,2.92793,
43130,2.91935,
43131,3.14217,
43132,3.05833,
43133,2.95802,
43134,2.75969,
43135,2.86342,
43136,2.9425,
43137,2.97722,
43138,2.91723,
43139,3.14715,
43140,3.10678,
43141,3.14117,
43142,3.05413,
43143,2.90091,
43144,3.08379,
43145,2.814,
43146,3.15166,
43147,3.19309,
43148,3.13036,
43149,3.14883,
43150,3.36579,
43151,3.49713,
43152,3.0661,
43153,3.08392,
43154,3.12216,
43155,3.22221,
43156,3.41016,
43157,3.1655,
43158,3.03941,
43159,3.03247,
43160,2.96806,
43161,3.04285,
43162,3.03837,
43163,3.08911,
43164,3.02897,
43165,2.89843,
43166,3.02543,
43167,3.47867,
43168,3.47952,
43169,3.37007,
43170,3.36398,
43171,3.36473,
43172,3.44605,
43173,3.37454,
43174,3.33139,
43175,3.37906,
43176,3.38297,
43177,3.37132,
43178,3.34347,
43179,3.39572,
43180,3.25627,
43181,3.36074,
43182,3.43111,
43183,3.38759,
43184,3.31026,
43185,3.25839,
43186,3.04248,
43187,3.24176,
43188,3.06091,
43189,3.02367,
43190,3.02794,
43191,3.04763,
43192,2.95554,
43193,3.09965,
43194,2.98335,
43195,3.02025,
43196,3.04207,
43197,2.87502,
43198,2.8134,
43199,3.05627,
43200,3.25198,
43201,3.11974,
43202,2.8684,
43203,3.05574,
43204,3.0722,
43205,2.94803,
43206,3.00761,
43207,3.09333,
43208,2.91014,
43209,2.97241,
43210,2.89414,
43211,2.82872,
43212,3.1238,
43213,3.00254,
43214,2.99392,
43215,3.03973,
43216,2.90233,
43217,2.8689,
43218,2.80218,
43219,2.85903,
43220,3.04902,
43221,2.94924,
43222,2.85209,
43223,3.05349,
43224,2.96199,
43225,2.911,
43226,2.9407,
43227,2.7856,
43228,2.78815,
43229,3.03689,
43230,2.74786,
43231,2.84407,
43232,2.8442,
43233,2.91654,
43234,2.81697,
43235,2.82763,
43236,2.90819,
43237,2.79904,
43238,2.87206,
43239,2.89514,
43240,2.95663,
43241,2.94628,
43242,2.98271,
43243,2.83319,
43244,3.0535,
43245,2.81974,
43246,2.95558,
43247,2.93736,
43248,2.93882,
43249,3.14016,
43250,2.90031,
43251,2.83926,
43252,3.03406,
43253,2.89508,
43254,2.72861,
43255,2.84122,
43256,3.09468,
43257,2.67866,
43258,2.75029,
43259,2.97054,
43260,2.76437,
43261,2.93126,
43262,2.88208,
43263,2.76804,
43264,2.7471,
43265,3.04783,
43266,2.98286,
43267,3.0176,
43268,2.9115,
43269,3.14102,
43270,3.01876,
43271,3.13311,
43272,2.96856,
43273,2.9445,
43274,3.07999,
43275,2.98808,
43276,2.99339,
43277,2.96927,
43278,2.97707,
43279,3.05341,
43280,2.71728,
43281,2.90415,
43282,3.00305,
43283,3.0313,
43284,3.01842,
43285,2.70718,
43286,2.91511,
43287,2.98521,
43288,2.86915,
43289,2.62579,
43290,2.8009,
43291,2.84293,
43292,2.80666,
43293,2.86161,
43294,2.64486,
43295,2.71315,
43296,2.71942,
43297,2.873,
43298,2.95101,
43299,3.26746,
43300,3.24434,
43301,3.07439,
43302,2.99205,
43303,3.16831,
43304,3.18734,
43305,2.89497,
43306,3.0769,
43307,2.95987,
43308,3.0069,
43309,2.90443,
43310,3.26102,
43311,3.03161,
43312,2.96732,
43313,3.12098,
43314,3.07228,
43315,2.98786,
43316,3.11678,
43317,2.91844,
43318,3.0759,
43319,3.05772,
43320,2.97273,
43321,2.94004,
43322,3.00747,
43323,2.83539,
43324,3.07879,
43325,3.0552,
43326,2.91203,
43327,3.09442,
43328,2.94368,
43329,3.0117,
43330,3.18531,
43331,3.08882,
43332,2.95212,
43333,3.01077,
43334,3.04436,
43335,2.84085,
43336,2.96677,
43337,2.98363,
43338,3.15474,
43339,2.88354,
43340,2.9583,
43341,2.88087,
43342,3.03996,
43343,3.06294,
43344,3.02575,
43345,2.79337,
43346,2.99164,
43347,2.92674,
43348,2.84076,
43349,3.00553,
43350,3.09122,
43351,2.99579,
43352,2.81965,
43353,2.92587,
43354,2.98599,
43355,2.92303,
43356,2.8931,
43357,2.774,
43358,2.87187,
43359,2.84287,
43360,2.98146,
43361,2.67993,
43362,2.723,
43363,2.77373,
43364,2.85324,
43365,2.90465,
43366,2.82386,
43367,2.64153,
43368,2.83274,
43369,2.74968,
43370,2.8663,
43371,2.76217,
43372,2.82877,
43373,2.98803,
43374,2.91308,
43375,2.95501,
43376,2.6894,
43377,2.86655,
43378,2.7684,
43379,2.87219,
43380,3.03134,
43381,2.6567,
43382,2.79807,
43383,2.65798,
43384,2.66264,
43385,2.8783,
43386,2.80969,
43387,2.86786,
43388,2.79035,
43389,3.00563,
43390,2.82735,
43391,2.90387,
43392,3.06357,
43393,3.05597,
43394,2.96614,
43395,3.02132,
43396,3.31297,
43397,3.00757,
43398,2.90261,
43399,3.12698,
43400,2.94378,
43401,3.07491,
43402,3.14473,
43403,3.02565,
43404,3.03522,
43405,3.03454,
43406,2.84756,
43407,3.06361,
43408,3.02063,
43409,2.85547,
43410,2.98481,
43411,2.95557,
43412,2.76722,
43413,2.9518,
43414,2.96726,
43415,2.80283,
43416,2.9162,
43417,2.97527,
43418,3.1087,
43419,2.92178,
43420,2.97942,
43421,2.91021,
43422,3.25532,
43423,3.27363,
43424,3.26017,
43425,3.24475,
43426,3.32592,
43427,3.22365,
43428,3.2016,
43429,3.31511,
43430,3.17836,
43431,3.25989,
43432,3.27472,
43433,3.25996,
43434,3.12802,
43435,3.28782,
43436,3.23063,
43437,3.25149,
43438,3.31722,
43439,3.18504,
43440,3.25123,
43441,3.20957,
43442,3.26283,
43443,3.06343,
43444,3.21886,
43445,2.6826,
43446,2.77599,
43447,2.69536,
43448,2.55851,
43449,2.67657,
43450,2.5669,
43451,2.89885,
43452,2.4573,
43453,2.71094,
43454,2.69495,
43455,2.77669,
43456,2.78636,
43457,2.56316,
43458,2.62377,
43459,2.81569,
43460,2.92255,
43461,2.95381,
43462,2.67351,
43463,2.61817,
43464,3.08086,
43465,3.16215,
43466,3.1005,
43467,3.14848,
43468,3.13734,
43469,3.15177,
43470,3.01027,
43471,2.8327,
43472,2.96292,
43473,3.09619,
43474,2.96397,
43475,3.05385,
43476,3.17616,
43477,3.19815,
43478,3.05972,
43479,3.01199,
43480,2.8282,
43481,3.03124,
43482,2.97902,
43483,2.93853,
43484,2.73706,
43485,2.75933,
43486,2.71852,
43487,2.9128,
43488,2.94508,
43489,2.86445,
43490,2.96679,
43491,2.90515,
43492,2.9803,
43493,2.92246,
43494,3.05521,
43495,2.89281,
43496,2.8985,
43497,2.97208,
43498,2.76902,
43499,2.78884,
43500,2.78319,
43501,2.95265,
43502,3.14505,
43503,3.00131,
43504,2.8228,
43505,2.76475,
43506,2.64879,
43507,2.57066,
43508,2.64757,
43509,2.66695,
43510,2.95474,
43511,2.62736,
43512,2.68469,
43513,2.74913,
43514,2.92622,
43515,2.8719,
43516,3.04244,
43517,2.76048,
43518,3.21138,
43519,2.92806,
43520,3.21439,
43521,3.23866,
43522,3.01476,
43523,3.1815,
43524,3.08626,
43525,2.94219,
43526,3.0661,
43527,3.02619,
43528,2.9193,
43529,2.79631,
43530,2.77558,
43531,2.91403,
43532,2.84089,
43533,2.97992,
43534,3.05236,
43535,2.85821,
43536,3.008,
43537,2.80009,
43538,3.05904,
43539,3.01027,
43540,2.83316,
43541,2.73576,
43542,2.99903,
43543,2.74217,
43544,2.76892,
43545,2.76113,
43546,2.60681,
43547,2.6679,
43548,2.73288,
43549,3.17253,
43550,3.10782,
43551,3.24233,
43552,3.25867,
43553,3.26088,
43554,3.11077,
43555,2.89738,
43556,3.00713,
43557,2.95184,
43558,3.10276,
43559,3.33649,
43560,3.04307,
43561,3.10288,
43562,2.95293,
43563,2.95926,
43564,3.2662,
43565,3.19655,
43566,3.27396,
43567,3.10609,
43568,3.30883,
43569,3.01182,
43570,3.06917,
43571,2.96421,
43572,3.01061,
43573,2.85079,
43574,2.90838,
43575,2.84974,
43576,2.79875,
43577,3.05976,
43578,2.77724,
43579,2.83625,
43580,2.94943,
43581,2.99482,
43582,2.99141,
43583,2.88284,
43584,2.9475,
43585,2.838,
43586,2.81898,
43587,2.76178,
43588,2.80201,
43589,2.926,
43590,2.68342,
43591,2.75259,
43592,3.00132,
43593,2.86095,
43594,3.17243,
43595,3.24627,
43596,3.1776,
43597,3.30392,
43598,3.17899,
43599,3.14586,
43600,2.98222,
43601,3.08958,
43602,2.82261,
43603,2.91917,
43604,2.81253,
43605,2.87373,
43606,3.16829,
43607,3.16444,
43608,3.03786,
43609,3.18308,
43610,3.15199,
43611,2.85413,
43612,2.90783,
43613,2.95732,
43614,2.82676,
43615,2.9949,
43616,3.1274,
43617,3.08619,
43618,3.16403,
43619,3.25869,
43620,3.27753,
43621,2.7587,
43622,2.91624,
43623,3.11431,
43624,3.08776,
43625,3.04155,
43626,3.04699,
43627,3.20399,
43628,3.10883,
43629,3.21881,
43630,2.9954,
43631,2.98155,
43632,3.15722,
43633,2.84891,
43634,3.06906,
43635,3.05834,
43636,3.03033,
43637,2.98715,
43638,3.01852,
43639,3.22868,
43640,3.08251,
43641,3.15055,
43642,3.03156,
43643,3.17521,
43644,3.10953,
43645,3.12592,
43646,2.94028,
43647,3.04746,
43648,3.02113,
43649,2.90691,
43650,2.97905,
43651,2.89278,
43652,3.00148,
43653,3.01821,
43654,3.08348,
43655,2.80456,
43656,2.98845,
43657,3.08604,
43658,2.9972,
43659,2.85638,
43660,2.83048,
43661,3.0801,
43662,2.85036,
43663,3.04124,
43664,2.15915,
43665,3.05864,
43666,3.0591,
43667,3.17985,
43668,3.27432,
43669,3.50503,
43670,3.15011,
43671,3.23349,
43672,3.07609,
43673,3.21142,
43674,3.18704,
43675,3.1705,
43676,3.17605,
43677,3.00499,
43678,3.0745,
43679,3.1239,
43680,3.22587,
43681,3.01325,
43682,3.14034,
43683,3.2269,
43684,3.11311,
43685,3.09123,
43686,2.99216,
43687,3.02975,
43688,3.11705,
43689,3.11354,
43690,3.07008,
43691,3.06226,
43692,2.91702,
43693,3.17681,
43694,3.16772,
43695,2.93949,
43696,3.07968,
43697,2.92024,
43698,2.84477,
43699,2.80847,
43700,2.71173,
43701,3.00854,
43702,2.92524,
43703,2.82401,
43704,2.93398,
43705,3.06062,
43706,2.8927,
43707,2.86652,
43708,2.89749,
43709,2.84888,
43710,2.99342,
43711,2.85134,
43712,2.95808,
43713,3.07831,
43714,2.93202,
43715,3.08823,
43716,2.99114,
43717,2.87781,
43718,2.91901,
43719,2.92517,
43720,3.15247,
43721,3.00077,
43722,2.95735,
43723,3.02243,
43724,3.07727,
43725,2.9047,
43726,2.71812,
43727,2.90894,
43728,2.84078,
43729,2.96212,
43730,2.96302,
43731,2.7056,
43732,3.05637,
43733,3.10862,
43734,3.04944,
43735,2.94337,
43736,2.88012,
43737,3.14458,
43738,2.91855,
43739,2.64532,
43740,2.9932,
43741,2.98125,
43742,3.18371,
43743,2.92482,
43744,2.86798,
43745,2.98552,
43746,2.93624,
43747,2.88286,
43748,2.92344,
43749,2.91302,
43750,3.0512,
43751,3.05113,
43752,3.04683,
43753,2.87825,
43754,2.89463,
43755,2.85942,
43756,3.06469,
43757,3.05118,
43758,3.0238,
43759,3.00948,
43760,3.21625,
43761,2.92908,
43762,2.99591,
43763,3.02463,
43764,2.81633,
43765,3.07933,
43766,3.03935,
43767,3.17333,
43768,2.96738,
43769,2.7406,
43770,2.81611,
43771,2.9705,
43772,2.81132,
43773,2.89734,
43774,2.75721,
43775,2.91864,
43776,3.12296,
43777,3.08766,
43778,2.96754,
43779,3.09366,
43780,2.97279,
43781,3.05205,
43782,2.98096,
43783,3.08626,
43784,3.08647,
43785,3.12809,
43786,3.03578,
43787,3.10365,
43788,3.04448,
43789,2.96705,
43790,3.10666,
43791,2.73824,
43792,2.87031,
43793,3.08935,
43794,2.9793,
43795,3.04011,
43796,2.82505,
43797,2.93553,
43798,3.04889,
43799,2.82815,
43800,2.97899,
43801,2.84851,
43802,2.7621,
43803,2.91897,
43804,2.72015,
43805,2.85784,
43806,2.86796,
43807,2.95341,
43808,2.83841,
43809,3.00314,
43810,3.07294,
43811,3.00515,
43812,2.8485,
43813,2.93472,
43814,2.83994,
43815,2.90923,
43816,2.72428,
43817,3.08806,
43818,2.94524,
43819,2.99434,
43820,3.08542,
43821,3.00959,
43822,2.9274,
43823,3.00281,
43824,2.96162,
43825,3.02853,
43826,3.05122,
43827,3.13927,
43828,3.23394,
43829,3.08838,
43830,3.03867,
43831,3.02612,
43832,2.91122,
43833,2.95641,
43834,2.81941,
43835,2.88888,
43836,2.79014,
43837,3.00432,
43838,2.88204,
43839,3.10301,
43840,2.9325,
43841,3.03974,
43842,3.14107,
43843,3.14777,
43844,3.18563,
43845,2.95388,
43846,2.84522,
43847,3.07752,
43848,2.79091,
43849,3.04771,
43850,3.01477,
43851,3.13875,
43852,3.18583,
43853,3.20027,
43854,2.84494,
43855,3.15262,
43856,3.01294,
43857,3.02374,
43858,3.01713,
43859,3.13571,
43860,2.91071,
43861,3.14529,
43862,2.72626,
43863,3.10048,
43864,3.09285,
43865,3.23968,
43866,2.98344,
43867,3.07439,
43868,3.19163,
43869,2.9211,
43870,3.11277,
43871,2.83832,
43872,2.96252,
43873,2.94379,
43874,3.23829,
43875,3.16108,
43876,2.82266,
43877,3.03725,
43878,2.9483,
43879,3.057,
43880,3.086,
43881,3.27117,
43882,3.0664,
43883,2.95753,
43884,3.0718,
43885,3.14008,
43886,2.95905,
43887,2.90116,
43888,2.8881,
43889,3.08235,
43890,3.17321,
43891,3.212,
43892,3.13639,
43893,3.05259,
43894,3.00685,
43895,2.84055,
43896,3.16673,
43897,3.00954,
43898,3.11161,
43899,3.06716,
43900,3.07787,
43901,3.06959,
43902,3.15768,
43903,3.0816,
43904,2.9888,
43905,3.05213,
43906,3.13103,
43907,2.88386,
43908,3.21474,
43909,3.05772,
43910,2.99111,
43911,2.8948,
43912,3.0904,
43913,3.11494,
43914,2.95139,
43915,2.91291,
43916,3.11383,
43917,2.8825,
43918,2.89499,
43919,3.0531,
43920,2.86313,
43921,2.93541,
43922,3.10115,
43923,3.11961,
43924,2.94274,
43925,2.91351,
43926,2.89434,
43927,3.07041,
43928,3.10709,
43929,2.72829,
43930,2.96925,
43931,2.95133,
43932,3.08597,
43933,3.07829,
43934,3.12409,
43935,2.8751,
43936,2.95005,
43937,3.02204,
43938,2.74227,
43939,2.83533,
43940,3.18509,
43941,2.93144,
43942,3.01316,
43943,2.8259,
43944,2.86117,
43945,3.08026,
43946,2.95734,
43947,2.81906,
43948,3.09729,
43949,3.02619,
43950,2.8092,
43951,2.90363,
43952,2.83602,
43953,2.96542,
43954,2.85409,
43955,2.91116,
43956,3.0347,
43957,2.95178,
43958,3.16045,
43959,3.1441,
43960,3.06997,
43961,3.17878,
43962,2.92711,
43963,2.97711,
43964,3.09712,
43965,3.07341,
43966,3.18214,
43967,3.26017,
43968,3.39263,
43969,4.25702,
43970,3.08148,
43971,3.03654,
43972,3.07971,
43973,3.09031,
43974,3.00283,
43975,3.10436,
43976,3.01156,
43977,3.0425,
43978,2.94879,
43979,3.58711,
43980,3.06725,
43981,3.06495,
43982,2.69302,
43983,2.87913,
43984,3.11544,
43985,3.09991,
43986,3.22403,
43987,3.30336,
43988,3.13049,
43989,3.06944,
43990,3.05026,
43991,2.9999,
43992,3.17916,
43993,2.97719,
43994,3.01937,
43995,3.17243,
43996,3.1581,
43997,3.05318,
43998,2.92897,
43999,2.90025,
44000,2.96037,
44001,2.97046,
44002,2.90509,
44003,2.7125,
44004,3.12778,
44005,2.99412,
44006,2.84544,
44007,2.87047,
44008,2.9226,
44009,3.04786,
44010,3.03018,
44011,2.96353,
44012,3.07665,
44013,2.78299,
44014,2.95465,
44015,2.66838,
44016,3.0457,
44017,2.93315,
44018,2.94713,
44019,2.93332,
44020,2.96983,
44021,2.94549,
44022,2.91413,
44023,2.85749,
44024,2.76508,
44025,2.98764,
44026,2.94897,
44027,2.66263,
44028,2.77917,
44029,2.74452,
44030,2.94936,
44031,2.93694,
44032,2.91735,
44033,2.92434,
44034,2.97986,
44035,3.01604,
44036,2.72793,
44037,3.09337,
44038,2.97645,
44039,2.9336,
44040,2.90545,
44041,3.08294,
44042,3.21568,
44043,3.13054,
44044,2.92769,
44045,2.88992,
44046,3.26385,
44047,3.0407,
44048,3.07099,
44049,2.99378,
44050,2.87118,
44051,2.89786,
44052,3.07789,
44053,2.66713,
44054,2.70982,
44055,2.56651,
44056,2.78085,
44057,2.9492,
44058,3.06609,
44059,3.02892,
44060,3.02483,
44061,2.93743,
44062,2.81352,
44063,2.88846,
44064,2.98774,
44065,3.13606,
44066,2.95817,
44067,2.89591,
44068,2.51483,
44069,2.55323,
44070,3.06714,
44071,2.77063,
44072,2.93581,
44073,2.75692,
44074,2.86264,
44075,2.72979,
44076,2.77415,
44077,2.76148,
44078,2.8237,
44079,2.76127,
44080,2.73655,
44081,2.83355,
44082,3.05118,
44083,2.72865,
44084,2.92424,
44085,2.88658,
44086,3.19793,
44087,3.13799,
44088,3.1338,
44089,3.15955,
44090,3.16915,
44091,3.10668,
44092,2.88373,
44093,2.68814,
44094,3.02923,
44095,2.88427,
44096,2.86461,
44097,3.07375,
44098,2.99927,
44099,3.05003,
44100,2.94762,
44101,2.9419,
44102,2.86931,
44103,3.00887,
44104,3.1133,
44105,3.03458,
44106,3.00777,
44107,2.94683,
44108,2.80201,
44109,3.13365,
44110,2.84713,
44111,2.89173,
44112,2.99242,
44113,3.06105,
44114,2.89149,
44115,3.28117,
44116,3.1403,
44117,3.1755,
44118,2.96674,
44119,3.12204,
44120,3.04129,
44121,2.9823,
44122,3.03304,
44123,2.98979,
44124,3.00517,
44125,3.0248,
44126,3.04106,
44127,3.02886,
44128,2.83639,
44129,3.03659,
44130,2.92373,
44131,2.90866,
44132,2.66081,
44133,2.78555,
44134,2.62214,
44135,2.88367,
44136,2.93723,
44137,2.72468,
44138,2.81159,
44139,2.77577,
44140,2.96116,
44141,2.90707,
44142,2.89693,
44143,2.78247,
44144,2.97316,
44145,3.03649,
44146,3.01577,
44147,2.98209,
44148,3.07688,
44149,2.99806,
44150,3.12433,
44151,3.05298,
44152,3.05491,
44153,3.14382,
44154,2.99084,
44155,2.99759,
44156,2.77697,
44157,2.98818,
44158,2.97645,
44159,3.05389,
44160,2.96762,
44161,2.86159,
44162,2.95149,
44163,2.85348,
44164,2.96194,
44165,3.06372,
44166,3.16208,
44167,2.9234,
44168,2.88077,
44169,2.87387,
44170,3.0474,
44171,3.0639,
44172,3.09015,
44173,2.93082,
44174,3.13649,
44175,2.9411,
44176,3.0462,
44177,3.23815,
44178,2.99831,
44179,2.86926,
44180,2.86112,
44181,3.0799,
44182,3.12333,
44183,2.99226,
44184,3.07784,
44185,2.99107,
44186,3.22302,
44187,3.10773,
44188,3.28154,
44189,2.9251,
44190,3.00421,
44191,2.75695,
44192,2.93861,
44193,2.94016,
44194,2.93081,
44195,2.90434,
44196,3.1402,
44197,3.04838,
44198,2.97984,
44199,2.76857,
44200,2.85042,
44201,2.94564,
44202,2.97751,
44203,2.9042,
44204,3.13163,
44205,3.09948,
44206,3.14729,
44207,3.03922,
44208,2.90819,
44209,3.07521,
44210,2.81686,
44211,3.15858,
44212,3.20102,
44213,3.13671,
44214,3.1601,
44215,3.38099,
44216,3.48278,
44217,3.05719,
44218,3.09953,
44219,3.11515,
44220,3.21905,
44221,3.4077,
44222,3.16178,
44223,3.02774,
44224,3.01873,
44225,2.95056,
44226,3.04162,
44227,3.03869,
44228,3.09076,
44229,3.01824,
44230,2.90236,
44231,3.02922,
44232,3.47723,
44233,3.46174,
44234,3.37195,
44235,3.36661,
44236,3.37833,
44237,3.44226,
44238,3.3564,
44239,3.32677,
44240,3.38378,
44241,3.38934,
44242,3.38304,
44243,3.35122,
44244,3.38659,
44245,3.27626,
44246,3.36571,
44247,3.44018,
44248,3.40268,
44249,3.31131,
44250,3.26573,
44251,3.03552,
44252,3.24718,
44253,3.0531,
44254,3.01551,
44255,3.01942,
44256,3.04232,
44257,2.9455,
44258,3.10086,
44259,2.98877,
44260,3.01198,
44261,3.03025,
44262,2.86809,
44263,2.81023,
44264,3.05554,
44265,3.24658,
44266,3.11884,
44267,2.8657,
44268,3.04251,
44269,3.06597,
44270,2.94402,
44271,3.00103,
44272,3.10563,
44273,2.88324,
44274,2.97115,
44275,2.86675,
44276,2.81889,
44277,3.11134,
44278,2.98518,
44279,2.97568,
44280,3.04276,
44281,2.90591,
44282,2.86363,
44283,2.80078,
44284,2.85164,
44285,3.04302,
44286,2.95145,
44287,2.85015,
44288,3.05281,
44289,2.97202,
44290,2.91883,
44291,2.93782,
44292,2.7824,
44293,2.79179,
44294,3.03757,
44295,2.75247,
44296,2.83492,
44297,2.82275,
44298,2.91002,
44299,2.83199,
44300,2.82151,
44301,2.91608,
44302,2.79159,
44303,2.86226,
44304,2.8931,
44305,2.96638,
44306,2.94438,
44307,2.97227,
44308,2.81512,
44309,3.05408,
44310,2.80214,
44311,2.949,
44312,2.94554,
44313,2.94202,
44314,3.13401,
44315,2.89886,
44316,2.83897,
44317,3.04262,
44318,2.88174,
44319,2.73108,
44320,2.84401,
44321,3.09114,
44322,2.66896,
44323,2.75061,
44324,2.97156,
44325,2.7547,
44326,2.93014,
44327,2.88524,
44328,2.76639,
44329,2.74147,
44330,3.05472,
44331,2.98513,
44332,3.01945,
44333,2.90564,
44334,3.13442,
44335,3.01273,
44336,3.13405,
44337,2.9698,
44338,2.94812,
44339,3.09061,
44340,2.99539,
44341,2.99244,
44342,2.97164,
44343,2.96631,
44344,3.04583,
44345,2.71413,
44346,2.8931,
44347,2.98164,
44348,3.03338,
44349,3.01391,
44350,2.70882,
44351,2.9231,
44352,2.9921,
44353,2.8693,
44354,2.62501,
44355,2.79519,
44356,2.84418,
44357,2.80469,
44358,2.8636,
44359,2.65139,
44360,2.71545,
44361,2.70432,
44362,2.87809,
44363,2.95669,
44364,3.26285,
44365,3.2489,
44366,3.06584,
44367,2.9823,
44368,3.16672,
44369,3.17925,
44370,2.88379,
44371,3.08855,
44372,2.95099,
44373,3.00374,
44374,2.9003,
44375,3.25817,
44376,3.04174,
44377,2.96438,
44378,3.12155,
44379,3.06386,
44380,2.97184,
44381,3.12063,
44382,2.91128,
44383,3.0944,
44384,3.05103,
44385,2.9755,
44386,2.93678,
44387,3.00221,
44388,2.83429,
44389,3.0738,
44390,3.05289,
44391,2.91105,
44392,3.07011,
44393,2.93885,
44394,3.02035,
44395,3.16744,
44396,3.08359,
44397,2.95229,
44398,3.00225,
44399,3.04115,
44400,2.84141,
44401,2.97459,
44402,2.97688,
44403,3.14071,
44404,2.88935,
44405,2.97279,
44406,2.89008,
44407,3.04332,
44408,3.06813,
44409,3.03595,
44410,2.80016,
44411,2.99378,
44412,2.92204,
44413,2.82527,
44414,3.00597,
44415,3.08755,
44416,2.99352,
44417,2.80376,
44418,2.91867,
44419,2.99428,
44420,2.90478,
44421,2.89599,
44422,2.77474,
44423,2.88027,
44424,2.84531,
44425,2.98757,
44426,2.67654,
44427,2.73632,
44428,2.76904,
44429,2.86095,
44430,2.91762,
44431,2.81832,
44432,2.63607,
44433,2.85402,
44434,2.75074,
44435,2.86612,
44436,2.76764,
44437,2.81919,
44438,3.00135,
44439,2.91086,
44440,2.97108,
44441,2.69711,
44442,2.86789,
44443,2.76595,
44444,2.85902,
44445,3.0358,
44446,2.65571,
44447,2.78573,
44448,2.65928,
44449,2.68491,
44450,2.88214,
44451,2.80741,
44452,2.86642,
44453,2.79417,
44454,2.98863,
44455,2.82333,
44456,2.89542,
44457,3.05946,
44458,3.0537,
44459,2.96936,
44460,3.01636,
44461,3.31802,
44462,2.98399,
44463,2.89804,
44464,3.11664,
44465,2.93909,
44466,3.07,
44467,3.14376,
44468,3.03132,
44469,3.02569,
44470,3.03378,
44471,2.86319,
44472,3.06752,
44473,3.01812,
44474,2.8634,
44475,2.99846,
44476,2.95387,
44477,2.75961,
44478,2.94777,
44479,2.95666,
44480,2.81026,
44481,2.91069,
44482,2.98108,
44483,3.11763,
44484,2.9272,
44485,2.98721,
44486,2.9257,
44487,3.2412,
44488,3.27594,
44489,3.25552,
44490,3.24513,
44491,3.31157,
44492,3.21919,
44493,3.18851,
44494,3.31681,
44495,3.17806,
44496,3.24562,
44497,3.2718,
44498,3.26861,
44499,3.12427,
44500,3.29127,
44501,3.22676,
44502,3.24693,
44503,3.31527,
44504,3.19755,
44505,3.24697,
44506,3.21721,
44507,3.25826,
44508,3.03936,
44509,3.21328,
44510,2.68595,
44511,2.76962,
44512,2.67688,
44513,2.54456,
44514,2.67367,
44515,2.56591,
44516,2.88642,
44517,2.46394,
44518,2.72845,
44519,2.68485,
44520,2.78278,
44521,2.77396,
44522,2.56819,
44523,2.63265,
44524,2.80911,
44525,2.92141,
44526,2.93965,
44527,2.67194,
44528,2.612,
44529,3.08874,
44530,3.15222,
44531,3.08496,
44532,3.14541,
44533,3.14721,
44534,3.14047,
44535,3.02454,
44536,2.82998,
44537,2.9707,
44538,3.09975,
44539,2.9689,
44540,3.03956,
44541,3.1664,
44542,3.18956,
44543,3.07743,
44544,3.0174,
44545,2.83159,
44546,3.03914,
44547,2.98652,
44548,2.94479,
44549,2.72289,
44550,2.76624,
44551,2.70516,
44552,2.91035,
44553,2.95588,
44554,2.87185,
44555,2.96979,
44556,2.88863,
44557,2.96311,
44558,2.91881,
44559,3.05943,
44560,2.88134,
44561,2.8831,
44562,2.97708,
44563,2.76428,
44564,2.77366,
44565,2.7845,
44566,2.96271,
44567,3.13015,
44568,3.00003,
44569,2.82016,
44570,2.76298,
44571,2.6482,
44572,2.56583,
44573,2.64864,
44574,2.66429,
44575,2.95904,
44576,2.63456,
44577,2.68178,
44578,2.75486,
44579,2.91641,
44580,2.87469,
44581,3.03319,
44582,2.77388,
44583,3.21091,
44584,2.93153,
44585,3.22441,
44586,3.23388,
44587,3.01836,
44588,3.15987,
44589,3.05629,
44590,2.92675,
44591,3.04604,
44592,3.01705,
44593,2.9148,
44594,2.79681,
44595,2.76354,
44596,2.90759,
44597,2.84159,
44598,2.96183,
44599,3.05379,
44600,2.86392,
44601,2.99666,
44602,2.79924,
44603,3.0643,
44604,2.98294,
44605,2.83507,
44606,2.73241,
44607,3.00315,
44608,2.73076,
44609,2.76278,
44610,2.77818,
44611,2.61825,
44612,2.66377,
44613,2.72827,
44614,3.16383,
44615,3.09077,
44616,3.24305,
44617,3.24903,
44618,3.25195,
44619,3.10599,
44620,2.88046,
44621,3.00572,
44622,2.95933,
44623,3.09981,
44624,3.34781,
44625,3.0595,
44626,3.09807,
44627,2.94638,
44628,2.95036,
44629,3.2719,
44630,3.20133,
44631,3.26477,
44632,3.10074,
44633,3.31431,
44634,3.00288,
44635,3.06,
44636,2.98277,
44637,3.01959,
44638,2.84933,
44639,2.89224,
44640,2.84001,
44641,2.79757,
44642,3.04944,
44643,2.76536,
44644,2.83236,
44645,2.95495,
44646,3.00361,
44647,2.98357,
44648,2.87641,
44649,2.95052,
44650,2.83453,
44651,2.83695,
44652,2.74298,
44653,2.80019,
44654,2.92637,
44655,2.68623,
44656,2.75485,
44657,2.98043,
44658,2.84374,
44659,3.17719,
44660,3.24995,
44661,3.17504,
44662,3.29642,
44663,3.18532,
44664,3.13621,
44665,2.9675,
44666,3.08077,
44667,2.82904,
44668,2.89888,
44669,2.80229,
44670,2.86322,
44671,3.15791,
44672,3.1591,
44673,3.0606,
44674,3.17147,
44675,3.14362,
44676,2.85975,
44677,2.91486,
44678,2.95869,
44679,2.82725,
44680,2.98162,
44681,3.1359,
44682,3.07825,
44683,3.14834,
44684,3.25576,
44685,3.27169,
44686,2.77662,
44687,2.92606,
44688,3.11785,
44689,3.08807,
44690,3.05095,
44691,3.05769,
44692,3.20527,
44693,3.11089,
44694,3.21776,
44695,2.9935,
44696,2.99147,
44697,3.1587,
44698,2.8321,
44699,3.06962,
44700,3.06712,
44701,3.03445,
44702,2.99033,
44703,3.01431,
44704,3.23285,
44705,3.09219,
44706,3.1374,
44707,3.03081,
44708,3.17127,
44709,3.11842,
44710,3.12185,
44711,2.94435,
44712,3.04553,
44713,3.00831,
44714,2.89344,
44715,2.9891,
44716,2.89082,
44717,3.01783,
44718,3.01576,
44719,3.08155,
44720,2.80108,
44721,2.98242,
44722,3.06478,
44723,2.9749,
44724,2.85719,
44725,2.82309,
44726,3.07824,
44727,2.86385,
44728,3.03043,
44729,2.15081,
44730,3.04978,
44731,3.04262,
44732,3.17956,
44733,3.27278,
44734,3.50569,
44735,3.1336,
44736,3.2283,
44737,3.06896,
44738,3.20639,
44739,3.18134,
44740,3.17254,
44741,3.15866,
44742,3.01072,
44743,3.07531,
44744,3.10387,
44745,3.2188,
44746,3.00833,
44747,3.1478,
44748,3.22426,
44749,3.13055,
44750,3.09576,
44751,2.99658,
44752,3.0356,
44753,3.11913,
44754,3.0893,
44755,3.0779,
44756,3.05642,
44757,2.92831,
44758,3.17564,
44759,3.18022,
44760,2.92957,
44761,3.08986,
44762,2.92696,
44763,2.85275,
44764,2.8087,
44765,2.68595,
44766,3.00205,
44767,2.91688,
44768,2.82357,
44769,2.94385,
44770,3.06358,
44771,2.88534,
44772,2.88656,
44773,2.8994,
44774,2.8575,
44775,3.00156,
44776,2.85257,
44777,2.95997,
44778,3.06887,
44779,2.94136,
44780,3.08524,
44781,2.98972,
44782,2.88059,
44783,2.90506,
44784,2.92397,
44785,3.13804,
44786,2.99714,
44787,2.95805,
44788,2.99764,
44789,3.07061,
44790,2.90383,
44791,2.71298,
44792,2.89392,
44793,2.84615,
44794,2.96109,
44795,2.97233,
44796,2.70887,
44797,3.07203,
44798,3.1019,
44799,3.05129,
44800,2.93971,
44801,2.88318,
44802,3.13671,
44803,2.92604,
44804,2.6538,
44805,3.00164,
44806,2.99225,
44807,3.17727,
44808,2.93872,
44809,2.88779,
44810,2.99094,
44811,2.91879,
44812,2.88392,
44813,2.92007,
44814,2.92033,
44815,3.03675,
44816,3.03625,
44817,3.05059,
44818,2.86219,
44819,2.90596,
44820,2.86259,
44821,3.05118,
44822,3.0436,
44823,3.02991,
44824,3.01272,
44825,3.20335,
44826,2.91707,
44827,3.00282,
44828,3.03275,
44829,2.82279,
44830,3.07902,
44831,3.03244,
44832,3.181,
44833,2.97674,
44834,2.74034,
44835,2.79718,
44836,2.97976,
44837,2.80043,
44838,2.8936,
44839,2.75801,
44840,2.9173,
44841,3.12654,
44842,3.09257,
44843,2.97687,
44844,3.08681,
44845,2.97515,
44846,3.04558,
44847,2.96845,
44848,3.08672,
44849,3.07111,
44850,3.14254,
44851,3.02715,
44852,3.09465,
44853,3.02641,
44854,2.96075,
44855,3.11902,
44856,2.7421,
44857,2.86903,
44858,3.10057,
44859,2.97236,
44860,3.04892,
44861,2.82266,
44862,2.93706,
44863,3.06556,
44864,2.84693,
44865,2.97725,
44866,2.85162,
44867,2.7622,
44868,2.92058,
44869,2.71411,
44870,2.87624,
44871,2.87185,
44872,2.94866,
44873,2.85408,
44874,3.01532,
44875,3.07749,
44876,3.01583,
44877,2.84551,
44878,2.93143,
44879,2.84341,
44880,2.90315,
44881,2.71876,
44882,3.08803,
44883,2.93875,
44884,2.98705,
44885,3.0675,
44886,3.00323,
44887,2.92028,
44888,3.01462,
44889,2.95947,
44890,3.02212,
44891,3.07193,
44892,3.14238,
44893,3.24077,
44894,3.09714,
44895,3.05028,
44896,3.03795,
44897,2.90668,
44898,2.95039,
44899,2.81036,
44900,2.88882,
44901,2.78511,
44902,3.00251,
44903,2.90012,
44904,3.091,
44905,2.93274,
44906,3.05332,
44907,3.13482,
44908,3.15777,
44909,3.18285,
44910,2.96438,
44911,2.84576,
44912,3.07947,
44913,2.78232,
44914,3.03853,
44915,3.00924,
44916,3.11751,
44917,3.19049,
44918,3.17656,
44919,2.8462,
44920,3.15372,
44921,3.01604,
44922,3.02741,
44923,3.00991,
44924,3.14003,
44925,2.90241,
44926,3.13563,
44927,2.72304,
44928,3.08771,
44929,3.10038,
44930,3.23033,
44931,2.98568,
44932,3.06538,
44933,3.17095,
44934,2.92321,
44935,3.12631,
44936,2.83876,
44937,2.96291,
44938,2.94644,
44939,3.24357,
44940,3.16701,
44941,2.81991,
44942,3.03684,
44943,2.95535,
44944,3.05478,
44945,3.07503,
44946,3.29102,
44947,3.05758,
44948,2.95237,
44949,3.07351,
44950,3.13676,
44951,2.96405,
44952,2.90001,
44953,2.87919,
44954,3.08371,
44955,3.15829,
44956,3.20221,
44957,3.12112,
44958,3.05447,
44959,3.00278,
44960,2.83973,
44961,3.163,
44962,3.01219,
44963,3.11529,
44964,3.05394,
44965,3.06754,
44966,3.0632,
44967,3.15631,
44968,3.09455,
44969,2.9853,
44970,3.05928,
44971,3.12134,
44972,2.88628,
44973,3.21104,
44974,3.05886,
44975,2.99284,
44976,2.90737,
44977,3.10409,
44978,3.10107,
44979,2.95817,
44980,2.8995,
44981,3.11163,
44982,2.88124,
44983,2.89634,
44984,3.04737,
44985,2.86372,
44986,2.93685,
44987,3.10503,
44988,3.10314,
44989,2.94294,
44990,2.90581,
44991,2.89068,
44992,3.06673,
44993,3.11273,
44994,2.73103,
44995,2.97002,
44996,2.95854,
44997,3.08214,
44998,3.08174,
44999,3.11621,
45000,2.89093,
45001,2.94309,
45002,3.03014,
45003,2.74522,
45004,2.84026,
45005,3.17879,
45006,2.9323,
45007,3.00974,
45008,2.82096,
45009,2.84662,
45010,3.05426,
45011,2.95997,
45012,2.81701,
45013,3.11487,
45014,3.03807,
45015,2.80272,
45016,2.90417,
45017,2.84483,
45018,2.9662,
45019,2.84518,
45020,2.89778,
45021,3.03832,
45022,2.94814,
45023,3.15773,
45024,3.14063,
45025,3.05396,
45026,3.16464,
45027,2.92725,
45028,2.99462,
45029,3.10537,
45030,3.06858,
45031,3.17809,
45032,3.26225,
45033,3.38973,
45034,4.25089,
45035,3.08425,
45036,3.03888,
45037,3.06833,
45038,3.08121,
45039,3.00869,
45040,3.10164,
45041,3.0098,
45042,3.04581,
45043,2.95223,
45044,3.58296,
45045,3.06886,
45046,3.07752,
45047,2.69686,
45048,2.90072,
45049,3.11545,
45050,3.09807,
45051,3.22324,
45052,3.30215,
45053,3.14105,
45054,3.06248,
45055,3.04348,
45056,2.99276,
45057,3.18086,
45058,2.97072,
45059,3.02306,
45060,3.15704,
45061,3.16288,
45062,3.05332,
45063,2.91999,
45064,2.89722,
45065,2.96758,
45066,2.95354,
45067,2.90214,
45068,2.7099,
45069,3.12687,
45070,3.006,
45071,2.85345,
45072,2.88965,
45073,2.92874,
45074,3.03302,
45075,3.02013,
45076,2.95779,
45077,3.07784,
45078,2.78472,
45079,2.95791,
45080,2.66289,
45081,3.04355,
45082,2.93691,
45083,2.94809,
45084,2.93593,
45085,2.95313,
45086,2.93957,
45087,2.92482,
45088,2.84823,
45089,2.77105,
45090,2.98761,
45091,2.94755,
45092,2.67749,
45093,2.78005,
45094,2.73444,
45095,2.96338,
45096,2.96088,
45097,2.90899,
45098,2.93423,
45099,2.97279,
45100,3.01853,
45101,2.72599,
45102,3.08867,
45103,2.97478,
45104,2.92636,
45105,2.91745,
45106,3.06461,
45107,3.21338,
45108,3.14324,
45109,2.94029,
45110,2.87258,
45111,3.24708,
45112,3.03568,
45113,3.09142,
45114,2.99209,
45115,2.86062,
45116,2.89394,
45117,3.08316,
45118,2.67564,
45119,2.708,
45120,2.57781,
45121,2.78341,
45122,2.95412,
45123,3.04798,
45124,3.01404,
45125,3.01976,
45126,2.93787,
45127,2.8027,
45128,2.88432,
45129,2.98861,
45130,3.15237,
45131,2.96001,
45132,2.89084,
45133,2.51419,
45134,2.54661,
45135,3.0626,
45136,2.77227,
45137,2.94231,
45138,2.7452,
45139,2.85997,
45140,2.73701,
45141,2.77083,
45142,2.77403,
45143,2.83079,
45144,2.7699,
45145,2.7461,
45146,2.83928,
45147,3.04144,
45148,2.73638,
45149,2.9275,
45150,2.89085,
45151,3.19407,
45152,3.12311,
45153,3.1329,
45154,3.14611,
45155,3.15547,
45156,3.09366,
45157,2.8845,
45158,2.69805,
45159,3.02435,
45160,2.87889,
45161,2.86684,
45162,3.0758,
45163,2.98467,
45164,3.03885,
45165,2.94982,
45166,2.93753,
45167,2.86559,
45168,3.00376,
45169,3.11934,
45170,3.0305,
45171,3.0205,
45172,2.94567,
45173,2.81329,
45174,3.1304,
45175,2.84606,
45176,2.8985,
45177,2.99461,
45178,3.07761,
45179,2.89707,
45180,3.28601,
45181,3.13553,
45182,3.17035,
45183,2.95734,
45184,3.12467,
45185,3.03856,
45186,2.98001,
45187,3.03291,
45188,3.01642,
45189,3.01643,
45190,3.01277,
45191,3.03775,
45192,3.02724,
45193,2.83475,
45194,3.02589,
45195,2.91602,
45196,2.9121,
45197,2.65016,
45198,2.781,
45199,2.60375,
45200,2.87948,
45201,2.92756,
45202,2.71954,
45203,2.82204,
45204,2.7877,
45205,2.97152,
45206,2.90696,
45207,2.8794,
45208,2.78857,
45209,2.96449,
45210,3.02848,
45211,3.01333,
45212,2.97931,
45213,3.08244,
45214,3.00041,
45215,3.13346,
45216,3.04207,
45217,3.04256,
45218,3.14111,
45219,3.00681,
45220,2.97766,
45221,2.76794,
45222,2.97341,
45223,2.96136,
45224,3.05841,
45225,2.97793,
45226,2.86112,
45227,2.95004,
45228,2.85562,
45229,2.9637,
45230,3.05755,
45231,3.16377,
45232,2.90903,
45233,2.86553,
45234,2.86415,
45235,3.04261,
45236,3.05979,
45237,3.08448,
45238,2.93024,
45239,3.1127,
45240,2.91847,
45241,3.03474,
45242,3.23656,
45243,2.98995,
45244,2.87965,
45245,2.85046,
45246,3.08217,
45247,3.11698,
45248,3.00026,
45249,3.06731,
45250,2.99408,
45251,3.22574,
45252,3.11837,
45253,3.27725,
45254,2.92847,
45255,3.00797,
45256,2.74863,
45257,2.94292,
45258,2.95377,
45259,2.93078,
45260,2.90249,
45261,3.14286,
45262,3.04398,
45263,2.9418,
45264,2.76056,
45265,2.86367,
45266,2.93513,
45267,2.98348,
45268,2.91309,
45269,3.14265,
45270,3.09481,
45271,3.1353,
45272,3.04959,
45273,2.89112,
45274,3.07857,
45275,2.79703,
45276,3.14357,
45277,3.19455,
45278,3.12245,
45279,3.14821,
45280,3.36512,
45281,3.48258,
45282,3.07228,
45283,3.08662,
45284,3.1002,
45285,3.19754,
45286,3.40024,
45287,3.15595,
45288,3.03078,
45289,3.01564,
45290,2.95801,
45291,3.04158,
45292,3.02402,
45293,3.08739,
45294,3.01457,
45295,2.90341,
45296,3.02844,
45297,3.45815,
45298,3.45762,
45299,3.35789,
45300,3.36529,
45301,3.36867,
45302,3.44045,
45303,3.3586,
45304,3.31821,
45305,3.39298,
45306,3.38248,
45307,3.36867,
45308,3.35557,
45309,3.37607,
45310,3.26135,
45311,3.36555,
45312,3.43941,
45313,3.41172,
45314,3.32903,
45315,3.26303,
45316,3.03019,
45317,3.23281,
45318,3.05663,
45319,2.99985,
45320,3.01713,
45321,3.03763,
45322,2.94486,
45323,3.07881,
45324,2.97663,
45325,3.0059,
45326,3.04321,
45327,2.87635,
45328,2.7995,
45329,3.06305,
45330,3.23816,
45331,3.13342,
45332,2.86459,
45333,3.03248,
45334,3.05505,
45335,2.94775,
45336,3.00209,
45337,3.09054,
45338,2.88198,
45339,2.96991,
45340,2.87196,
45341,2.83077,
45342,3.10759,
45343,2.97789,
45344,2.97704,
45345,3.02834,
45346,2.89558,
45347,2.86662,
45348,2.79378,
45349,2.86428,
45350,3.04003,
45351,2.94988,
45352,2.84334,
45353,3.04893,
45354,2.96329,
45355,2.92042,
45356,2.93063,
45357,2.78262,
45358,2.78375,
45359,3.03778,
45360,2.73388,
45361,2.82904,
45362,2.83269,
45363,2.90813,
45364,2.81998,
45365,2.82701,
45366,2.91803,
45367,2.79868,
45368,2.86266,
45369,2.88954,
45370,2.95288,
45371,2.94094,
45372,2.96356,
45373,2.8146,
45374,3.04863,
45375,2.80295,
45376,2.94997,
45377,2.94415,
45378,2.94,
45379,3.13207,
45380,2.89715,
45381,2.82859,
45382,3.02999,
45383,2.88392,
45384,2.73434,
45385,2.83431,
45386,3.09204,
45387,2.68138,
45388,2.76979,
45389,2.95952,
45390,2.74977,
45391,2.93516,
45392,2.89055,
45393,2.76753,
45394,2.7553,
45395,3.04282,
45396,2.98586,
45397,3.0164,
45398,2.90417,
45399,3.12889,
45400,3.0092,
45401,3.11977,
45402,2.97812,
45403,2.93839,
45404,3.06772,
45405,2.9829,
45406,2.98751,
45407,2.96434,
45408,2.9724,
45409,3.03721,
45410,2.70771,
45411,2.88616,
45412,2.9793,
45413,3.03574,
45414,3.01647,
45415,2.7009,
45416,2.9073,
45417,2.99673,
45418,2.86577,
45419,2.6248,
45420,2.78712,
45421,2.86032,
45422,2.81335,
45423,2.86738,
45424,2.64192,
45425,2.71828,
45426,2.71111,
45427,2.88473,
45428,2.95898,
45429,3.25463,
45430,3.23554,
45431,3.06622,
45432,2.97797,
45433,3.14725,
45434,3.17407,
45435,2.87519,
45436,3.0622,
45437,2.94928,
45438,2.99105,
45439,2.90307,
45440,3.25169,
45441,3.0322,
45442,2.97349,
45443,3.11021,
45444,3.05385,
45445,2.95516,
45446,3.12892,
45447,2.91024,
45448,3.0929,
45449,3.05148,
45450,2.97208,
45451,2.94028,
45452,3.01702,
45453,2.81884,
45454,3.07044,
45455,3.0491,
45456,2.90314,
45457,3.06457,
45458,2.93733,
45459,3.00214,
45460,3.16742,
45461,3.06913,
45462,2.94751,
45463,2.99967,
45464,3.04474,
45465,2.83874,
45466,2.97733,
45467,2.97941,
45468,3.13031,
45469,2.87103,
45470,2.95405,
45471,2.89339,
45472,3.04456,
45473,3.07262,
45474,3.02746,
45475,2.78937,
45476,2.98816,
45477,2.92485,
45478,2.82442,
45479,2.99932,
45480,3.08629,
45481,2.98921,
45482,2.79905,
45483,2.92592,
45484,2.98602,
45485,2.91139,
45486,2.89023,
45487,2.78222,
45488,2.86592,
45489,2.84295,
45490,2.98555,
45491,2.66826,
45492,2.7183,
45493,2.75696,
45494,2.85269,
45495,2.90743,
45496,2.81083,
45497,2.63637,
45498,2.84424,
45499,2.74487,
45500,2.85819,
45501,2.76596,
45502,2.84437,
45503,3.00206,
45504,2.90561,
45505,2.96284,
45506,2.69196,
45507,2.86687,
45508,2.76639,
45509,2.85623,
45510,3.03231,
45511,2.65256,
45512,2.78377,
45513,2.65694,
45514,2.658,
45515,2.87074,
45516,2.80716,
45517,2.87788,
45518,2.80024,
45519,2.98585,
45520,2.8363,
45521,2.88059,
45522,3.0515,
45523,3.05068,
45524,2.96022,
45525,3.01666,
45526,3.30402,
45527,2.98401,
45528,2.88327,
45529,3.12637,
45530,2.94827,
45531,3.07171,
45532,3.13093,
45533,3.01739,
45534,3.0324,
45535,3.0321,
45536,2.84541,
45537,3.06235,
45538,3.01177,
45539,2.85607,
45540,2.99451,
45541,2.95189,
45542,2.75496,
45543,2.94029,
45544,2.95386,
45545,2.81329,
45546,2.92184,
45547,2.98499,
45548,3.10152,
45549,2.92697,
45550,2.98567,
45551,2.92472,
45552,3.24923,
45553,3.27676,
45554,3.24981,
45555,3.24463,
45556,3.3139,
45557,3.22518,
45558,3.19133,
45559,3.31556,
45560,3.17064,
45561,3.26038,
45562,3.28525,
45563,3.26729,
45564,3.1225,
45565,3.29614,
45566,3.2282,
45567,3.24227,
45568,3.31756,
45569,3.1819,
45570,3.26983,
45571,3.2182,
45572,3.25382,
45573,3.04067,
45574,3.23707,
45575,2.67307,
45576,2.75814,
45577,2.67914,
45578,2.53551,
45579,2.65944,
45580,2.5632,
45581,2.88162,
45582,2.47301,
45583,2.70784,
45584,2.69405,
45585,2.81042,
45586,2.77099,
45587,2.56083,
45588,2.60963,
45589,2.8188,
45590,2.91117,
45591,2.93897,
45592,2.67649,
45593,2.62314,
45594,3.08536,
45595,3.15456,
45596,3.07901,
45597,3.13169,
45598,3.12654,
45599,3.12933,
45600,2.99459,
45601,2.83182,
45602,2.96503,
45603,3.09086,
45604,2.96141,
45605,3.0378,
45606,3.16516,
45607,3.18178,
45608,3.05541,
45609,3.00732,
45610,2.82457,
45611,3.04196,
45612,2.98727,
45613,2.9538,
45614,2.7257,
45615,2.76151,
45616,2.70778,
45617,2.91067,
45618,2.94216,
45619,2.86742,
45620,2.95402,
45621,2.88687,
45622,2.96083,
45623,2.9136,
45624,3.05035,
45625,2.8661,
45626,2.87628,
45627,2.97074,
45628,2.7565,
45629,2.76932,
45630,2.78634,
45631,2.94656,
45632,3.13472,
45633,3.00201,
45634,2.81431,
45635,2.77927,
45636,2.6532,
45637,2.57809,
45638,2.64499,
45639,2.66433,
45640,2.94931,
45641,2.63687,
45642,2.68793,
45643,2.74948,
45644,2.91871,
45645,2.88169,
45646,3.04572,
45647,2.767,
45648,3.20444,
45649,2.92457,
45650,3.20721,
45651,3.22662,
45652,2.99936,
45653,3.16435,
45654,3.05303,
45655,2.93616,
45656,3.04055,
45657,3.01295,
45658,2.9111,
45659,2.79394,
45660,2.76012,
45661,2.90216,
45662,2.83065,
45663,2.9656,
45664,3.04806,
45665,2.84929,
45666,2.99453,
45667,2.79148,
45668,3.05992,
45669,2.98309,
45670,2.85006,
45671,2.75726,
45672,3.00136,
45673,2.74462,
45674,2.78327,
45675,2.76109,
45676,2.61252,
45677,2.67581,
45678,2.73204,
45679,3.14859,
45680,3.08438,
45681,3.22836,
45682,3.23939,
45683,3.24158,
45684,3.08391,
45685,2.88297,
45686,3.00119,
45687,2.94248,
45688,3.10487,
45689,3.33114,
45690,3.04926,
45691,3.10022,
45692,2.9506,
45693,2.96088,
45694,3.25767,
45695,3.21539,
45696,3.26152,
45697,3.10899,
45698,3.30418,
45699,3.00569,
45700,3.06075,
45701,2.96349,
45702,3.00722,
45703,2.8334,
45704,2.89786,
45705,2.82978,
45706,2.80012,
45707,3.04449,
45708,2.75595,
45709,2.83157,
45710,2.94758,
45711,2.98939,
45712,2.99242,
45713,2.87994,
45714,2.94759,
45715,2.84382,
45716,2.81288,
45717,2.74292,
45718,2.7955,
45719,2.90896,
45720,2.68966,
45721,2.74355,
45722,2.97418,
45723,2.84405,
45724,3.16772,
45725,3.23786,
45726,3.16264,
45727,3.28467,
45728,3.17882,
45729,3.13119,
45730,2.9613,
45731,3.07279,
45732,2.83455,
45733,2.90114,
45734,2.80325,
45735,2.86944,
45736,3.16784,
45737,3.15318,
45738,3.04427,
45739,3.15718,
45740,3.1358,
45741,2.86856,
45742,2.89978,
45743,2.96066,
45744,2.82361,
45745,2.9804,
45746,3.11622,
45747,3.07376,
45748,3.16133,
45749,3.27145,
45750,3.2745,
45751,2.76773,
45752,2.93014,
45753,3.10414,
45754,3.07926,
45755,3.03556,
45756,3.03801,
45757,3.20492,
45758,3.10799,
45759,3.20251,
45760,2.97958,
45761,2.98654,
45762,3.17276,
45763,2.8317,
45764,3.06329,
45765,3.05727,
45766,3.04029,
45767,2.97483,
45768,3.0071,
45769,3.22399,
45770,3.07803,
45771,3.12678,
45772,3.04199,
45773,3.16318,
45774,3.11359,
45775,3.12206,
45776,2.94016,
45777,3.04342,
45778,3.00886,
45779,2.91104,
45780,2.98427,
45781,2.89724,
45782,3.01245,
45783,3.01378,
45784,3.08091,
45785,2.80834,
45786,2.98545,
45787,3.06444,
45788,2.96965,
45789,2.84431,
45790,2.81976,
45791,3.08317,
45792,2.85582,
45793,3.02569,
45794,2.14477,
45795,3.04712,
45796,3.04099,
45797,3.16345,
45798,3.26507,
45799,3.50109,
45800,3.12492,
45801,3.22465,
45802,3.06029,
45803,3.20288,
45804,3.17173,
45805,3.16521,
45806,3.16577,
45807,3.01085,
45808,3.08023,
45809,3.10083,
45810,3.22934,
45811,3.00391,
45812,3.13224,
45813,3.2324,
45814,3.12744,
45815,3.09474,
45816,2.98097,
45817,3.02617,
45818,3.12316,
45819,3.08058,
45820,3.06924,
45821,3.05152,
45822,2.9303,
45823,3.17814,
45824,3.16159,
45825,2.92982,
45826,3.07403,
45827,2.92434,
45828,2.85008,
45829,2.81343,
45830,2.69037,
45831,3.0168,
45832,2.92358,
45833,2.82649,
45834,2.95278,
45835,3.06043,
45836,2.88273,
45837,2.87754,
45838,2.89962,
45839,2.87046,
45840,3.00515,
45841,2.85516,
45842,2.95088,
45843,3.06901,
45844,2.94591,
45845,3.07813,
45846,2.96694,
45847,2.87907,
45848,2.90192,
45849,2.92837,
45850,3.12831,
45851,3.01317,
45852,2.95439,
45853,3.00218,
45854,3.074,
45855,2.90266,
45856,2.72291,
45857,2.89423,
45858,2.86419,
45859,2.96656,
45860,2.9745,
45861,2.7126,
45862,3.05814,
45863,3.09744,
45864,3.03302,
45865,2.9486,
45866,2.87833,
45867,3.1433,
45868,2.92938,
45869,2.65669,
45870,3.00829,
45871,2.98146,
45872,3.18412,
45873,2.93014,
45874,2.88395,
45875,2.99111,
45876,2.92444,
45877,2.88578,
45878,2.91492,
45879,2.92933,
45880,3.04223,
45881,3.0311,
45882,3.04532,
45883,2.85547,
45884,2.90505,
45885,2.85771,
45886,3.05418,
45887,3.04373,
45888,3.02249,
45889,3.01544,
45890,3.20051,
45891,2.92862,
45892,3.00423,
45893,3.03132,
45894,2.83134,
45895,3.08275,
45896,3.03595,
45897,3.17601,
45898,2.96828,
45899,2.74338,
45900,2.7989,
45901,2.97086,
45902,2.79859,
45903,2.88868,
45904,2.77015,
45905,2.91518,
45906,3.1262,
45907,3.08713,
45908,2.95743,
45909,3.09543,
45910,2.95799,
45911,3.04894,
45912,2.9725,
45913,3.08937,
45914,3.08601,
45915,3.11951,
45916,3.02847,
45917,3.09761,
45918,3.03491,
45919,2.97218,
45920,3.10112,
45921,2.73972,
45922,2.87726,
45923,3.07889,
45924,2.9682,
45925,3.0442,
45926,2.84004,
45927,2.93568,
45928,3.05054,
45929,2.83462,
45930,2.9698,
45931,2.85557,
45932,2.75112,
45933,2.92049,
45934,2.71547,
45935,2.86971,
45936,2.8769,
45937,2.94773,
45938,2.84704,
45939,3.00091,
45940,3.07656,
45941,3.00841,
45942,2.85001,
45943,2.94887,
45944,2.83635,
45945,2.88794,
45946,2.71666,
45947,3.08609,
45948,2.95043,
45949,2.97926,
45950,3.06081,
45951,2.98685,
45952,2.90754,
45953,2.99892,
45954,2.95292,
45955,3.02512,
45956,3.05847,
45957,3.13977,
45958,3.23341,
45959,3.08731,
45960,3.03498,
45961,3.03264,
45962,2.90993,
45963,2.94137,
45964,2.82538,
45965,2.89604,
45966,2.7819,
45967,2.99349,
45968,2.8996,
45969,3.09654,
45970,2.92729,
45971,3.04957,
45972,3.13087,
45973,3.16321,
45974,3.18414,
45975,2.94311,
45976,2.855,
45977,3.09083,
45978,2.79815,
45979,3.04675,
45980,3.01239,
45981,3.11874,
45982,3.18859,
45983,3.17061,
45984,2.85213,
45985,3.14484,
45986,3.00599,
45987,3.02463,
45988,3.02017,
45989,3.14215,
45990,2.89983,
45991,3.12926,
45992,2.72053,
45993,3.08696,
45994,3.08163,
45995,3.23586,
45996,2.98613,
45997,3.0602,
45998,3.17699,
45999,2.93,
46000,3.09167,
46001,2.83729,
46002,2.96381,
46003,2.94047,
46004,3.23264,
46005,3.16446,
46006,2.8154,
46007,3.02789,
46008,2.93971,
46009,3.06735,
46010,3.08384,
46011,3.26968,
46012,3.07152,
46013,2.95271,
46014,3.06618,
46015,3.13539,
46016,2.97251,
46017,2.88932,
46018,2.88157,
46019,3.06721,
46020,3.15392,
46021,3.19757,
46022,3.12,
46023,3.04173,
46024,3.00038,
46025,2.82697,
46026,3.15955,
46027,3.00281,
46028,3.10484,
46029,3.05632,
46030,3.06168,
46031,3.05492,
46032,3.15751,
46033,3.08947,
46034,2.98909,
46035,3.04774,
46036,3.12353,
46037,2.89677,
46038,3.18716,
46039,3.05371,
46040,3.00282,
46041,2.91163,
46042,3.09151,
46043,3.12279,
46044,2.95231,
46045,2.90377,
46046,3.10499,
46047,2.88128,
46048,2.89311,
46049,3.03986,
46050,2.86308,
46051,2.93028,
46052,3.088,
46053,3.09844,
46054,2.93973,
46055,2.92355,
46056,2.88943,
46057,3.05563,
46058,3.12007,
46059,2.72222,
46060,2.98328,
46061,2.95096,
46062,3.07355,
46063,3.08534,
46064,3.1201,
46065,2.88391,
46066,2.94503,
46067,3.02414,
46068,2.73499,
46069,2.84924,
46070,3.19212,
46071,2.93204,
46072,3.00975,
46073,2.82665,
46074,2.86336,
46075,3.06839,
46076,2.95916,
46077,2.82116,
46078,3.11351,
46079,3.02587,
46080,2.81347,
46081,2.89472,
46082,2.86219,
46083,2.97814,
46084,2.85247,
46085,2.89692,
46086,3.03612,
46087,2.93809,
46088,3.16084,
46089,3.13277,
46090,3.05045,
46091,3.16009,
46092,2.91606,
46093,2.97849,
46094,3.10017,
46095,3.07292,
46096,3.18092,
46097,3.26099,
46098,3.36447,
46099,4.2376,
46100,3.07321,
46101,3.03855,
46102,3.07678,
46103,3.07804,
46104,3.00075,
46105,3.10512,
46106,3.02002,
46107,3.04149,
46108,2.9555,
46109,3.58496,
46110,3.04695,
46111,3.072,
46112,2.70148,
46113,2.88817,
46114,3.11007,
46115,3.10705,
46116,3.22126,
46117,3.29903,
46118,3.13864,
46119,3.06998,
46120,3.05532,
46121,2.99882,
46122,3.1732,
46123,2.9624,
46124,3.00699,
46125,3.15213,
46126,3.15502,
46127,3.0543,
46128,2.91939,
46129,2.89143,
46130,2.96501,
46131,2.95027,
46132,2.89503,
46133,2.71516,
46134,3.13387,
46135,2.99936,
46136,2.84327,
46137,2.88277,
46138,2.92114,
46139,3.03776,
46140,3.02783,
46141,2.95799,
46142,3.07892,
46143,2.7825,
46144,2.95134,
46145,2.65733,
46146,3.03019,
46147,2.93713,
46148,2.9544,
46149,2.93323,
46150,2.95593,
46151,2.93447,
46152,2.92209,
46153,2.84701,
46154,2.77101,
46155,2.99606,
46156,2.93228,
46157,2.66522,
46158,2.77622,
46159,2.74964,
46160,2.96499,
46161,2.94093,
46162,2.90719,
46163,2.92208,
46164,2.98587,
46165,3.02018,
46166,2.7302,
46167,3.09995,
46168,2.97461,
46169,2.92312,
46170,2.9353,
46171,3.07352,
46172,3.20636,
46173,3.12534,
46174,2.92031,
46175,2.89452,
46176,3.25079,
46177,3.04018,
46178,3.07315,
46179,2.98897,
46180,2.87155,
46181,2.89482,
46182,3.07617,
46183,2.67496,
46184,2.70695,
46185,2.58597,
46186,2.78846,
46187,2.95552,
46188,3.06947,
46189,3.02348,
46190,3.02287,
46191,2.93159,
46192,2.80705,
46193,2.8939,
46194,3.00607,
46195,3.13627,
46196,2.97097,
46197,2.88717,
46198,2.51369,
46199,2.54152,
46200,3.06394,
46201,2.77708,
46202,2.92611,
46203,2.74815,
46204,2.87072,
46205,2.73405,
46206,2.76559,
46207,2.75437,
46208,2.83218,
46209,2.7717,
46210,2.74878,
46211,2.84618,
46212,3.04563,
46213,2.74485,
46214,2.92962,
46215,2.90432,
46216,3.18989,
46217,3.12946,
46218,3.12244,
46219,3.13162,
46220,3.15422,
46221,3.08652,
46222,2.87424,
46223,2.6898,
46224,3.02745,
46225,2.87421,
46226,2.84791,
46227,3.06008,
46228,2.97131,
46229,3.04183,
46230,2.94644,
46231,2.92905,
46232,2.864,
46233,3.00125,
46234,3.10219,
46235,3.03329,
46236,2.99987,
46237,2.95402,
46238,2.80113,
46239,3.12772,
46240,2.83595,
46241,2.88776,
46242,2.9885,
46243,3.07521,
46244,2.90654,
46245,3.29354,
46246,3.14071,
46247,3.15291,
46248,2.95017,
46249,3.1208,
46250,3.04657,
46251,2.98163,
46252,3.03293,
46253,2.97869,
46254,3.02363,
46255,3.01123,
46256,3.03943,
46257,3.03054,
46258,2.82374,
46259,3.02313,
46260,2.91353,
46261,2.90946,
46262,2.64611,
46263,2.7837,
46264,2.628,
46265,2.87867,
46266,2.93366,
46267,2.70839,
46268,2.80536,
46269,2.78627,
46270,2.95981,
46271,2.92273,
46272,2.89146,
46273,2.77786,
46274,2.95711,
46275,3.02694,
46276,3.01021,
46277,2.9934,
46278,3.07337,
46279,2.99734,
46280,3.1317,
46281,3.0392,
46282,3.02912,
46283,3.13786,
46284,3.0098,
46285,2.96913,
46286,2.74777,
46287,2.97313,
46288,2.95972,
46289,3.05366,
46290,2.96191,
46291,2.85866,
46292,2.94249,
46293,2.86356,
46294,2.95585,
46295,3.04904,
46296,3.16953,
46297,2.91212,
46298,2.87866,
46299,2.86715,
46300,3.03301,
46301,3.06389,
46302,3.0726,
46303,2.92333,
46304,3.10089,
46305,2.90577,
46306,3.04218,
46307,3.23609,
46308,2.9881,
46309,2.86972,
46310,2.8424,
46311,3.0766,
46312,3.1176,
46313,2.98815,
46314,3.06994,
46315,2.99379,
46316,3.22291,
46317,3.12122,
46318,3.27658,
46319,2.91631,
46320,2.99971,
46321,2.76437,
46322,2.94175,
46323,2.94248,
46324,2.91979,
46325,2.90494,
46326,3.13824,
46327,3.0551,
46328,2.96481,
46329,2.764,
46330,2.86529,
46331,2.94093,
46332,2.97909,
46333,2.9194,
46334,3.12807,
46335,3.09596,
46336,3.14281,
46337,3.03343,
46338,2.886,
46339,3.07732,
46340,2.80064,
46341,3.13585,
46342,3.19979,
46343,3.13532,
46344,3.16021,
46345,3.35766,
46346,3.4779,
46347,3.05518,
46348,3.07493,
46349,3.10038,
46350,3.19356,
46351,3.39718,
46352,3.15763,
46353,3.02373,
46354,3.01217,
46355,2.94331,
46356,3.03626,
46357,3.04105,
46358,3.08327,
46359,3.01408,
46360,2.90248,
46361,3.02569,
46362,3.45342,
46363,3.46182,
46364,3.3677,
46365,3.36202,
46366,3.35504,
46367,3.43856,
46368,3.35837,
46369,3.32471,
46370,3.39267,
46371,3.37822,
46372,3.37352,
46373,3.34883,
46374,3.38206,
46375,3.25667,
46376,3.3672,
46377,3.44125,
46378,3.40126,
46379,3.31426,
46380,3.25736,
46381,3.02918,
46382,3.22752,
46383,3.02679,
46384,2.99583,
46385,3.00698,
46386,3.02403,
46387,2.93599,
46388,3.07642,
46389,2.98768,
46390,3.00542,
46391,3.03227,
46392,2.85913,
46393,2.79447,
46394,3.0524,
46395,3.23803,
46396,3.11976,
46397,2.87168,
46398,3.03674,
46399,3.05117,
46400,2.94986,
46401,2.99922,
46402,3.0822,
46403,2.89288,
46404,2.96596,
46405,2.8556,
46406,2.80828,
46407,3.10105,
46408,2.98094,
46409,2.97391,
46410,3.02419,
46411,2.8881,
46412,2.87213,
46413,2.79198,
46414,2.86295,
46415,3.03958,
46416,2.9323,
46417,2.84338,
46418,3.0428,
46419,2.97664,
46420,2.91278,
46421,2.93372,
46422,2.77975,
46423,2.79407,
46424,3.02164,
46425,2.751,
46426,2.83057,
46427,2.83863,
46428,2.90356,
46429,2.82491,
46430,2.82259,
46431,2.91283,
46432,2.78546,
46433,2.85351,
46434,2.88459,
46435,2.94824,
46436,2.94234,
46437,2.97435,
46438,2.80885,
46439,3.06197,
46440,2.79827,
46441,2.94595,
46442,2.94446,
46443,2.94785,
46444,3.13041,
46445,2.90406,
46446,2.83675,
46447,3.03584,
46448,2.90517,
46449,2.74516,
46450,2.83346,
46451,3.07819,
46452,2.67711,
46453,2.7653,
46454,2.95074,
46455,2.76315,
46456,2.93967,
46457,2.89495,
46458,2.77899,
46459,2.74699,
46460,3.04829,
46461,2.96435,
46462,2.99649,
46463,2.90073,
46464,3.13608,
46465,3.01458,
46466,3.11637,
46467,2.97166,
46468,2.93842,
46469,3.0675,
46470,2.9928,
46471,2.98492,
46472,2.96144,
46473,2.98884,
46474,3.04538,
46475,2.70714,
46476,2.89548,
46477,2.97264,
46478,3.03423,
46479,3.01213,
46480,2.70488,
46481,2.91798,
46482,3.0041,
46483,2.87421,
46484,2.62394,
46485,2.79749,
46486,2.85795,
46487,2.81111,
46488,2.86903,
46489,2.64455,
46490,2.71824,
46491,2.70979,
46492,2.86606,
46493,2.95218,
46494,3.22922,
46495,3.22557,
46496,3.0563,
46497,2.97392,
46498,3.14682,
46499,3.17691,
46500,2.8888,
46501,3.05375,
46502,2.93939,
46503,2.98332,
46504,2.89563,
46505,3.24467,
46506,3.03214,
46507,2.96853,
46508,3.10328,
46509,3.04368,
46510,2.95227,
46511,3.13318,
46512,2.9041,
46513,3.07948,
46514,3.042,
46515,2.97943,
46516,2.92255,
46517,3.00169,
46518,2.82877,
46519,3.06157,
46520,3.03605,
46521,2.90472,
46522,3.06591,
46523,2.9333,
46524,2.99528,
46525,3.16394,
46526,3.05609,
46527,2.94165,
46528,2.99668,
46529,3.03481,
46530,2.84667,
46531,2.97382,
46532,2.97097,
46533,3.12846,
46534,2.87728,
46535,2.96087,
46536,2.87288,
46537,3.03967,
46538,3.06326,
46539,3.02246,
46540,2.79618,
46541,3.00158,
46542,2.92004,
46543,2.81728,
46544,2.99222,
46545,3.08173,
46546,2.9785,
46547,2.79038,
46548,2.91456,
46549,2.9855,
46550,2.90486,
46551,2.88171,
46552,2.77995,
46553,2.85326,
46554,2.84539,
46555,2.98102,
46556,2.66727,
46557,2.71898,
46558,2.76143,
46559,2.8487,
46560,2.91097,
46561,2.80795,
46562,2.64496,
46563,2.83121,
46564,2.73316,
46565,2.88282,
46566,2.77213,
46567,2.831,
46568,2.99503,
46569,2.90367,
46570,2.94923,
46571,2.69647,
46572,2.88234,
46573,2.76029,
46574,2.86014,
46575,3.03775,
46576,2.665,
46577,2.78737,
46578,2.66142,
46579,2.66478,
46580,2.86349,
46581,2.81693,
46582,2.86903,
46583,2.79168,
46584,2.9858,
46585,2.82314,
46586,2.86358,
46587,3.04749,
46588,3.04916,
46589,2.97269,
46590,3.00942,
46591,3.30264,
46592,2.9721,
46593,2.886,
46594,3.12574,
46595,2.94305,
46596,3.07488,
46597,3.11181,
46598,3.02493,
46599,3.02088,
46600,3.02812,
46601,2.84946,
46602,3.06835,
46603,3.02166,
46604,2.85924,
46605,2.98925,
46606,2.94574,
46607,2.76703,
46608,2.94624,
46609,2.96115,
46610,2.80099,
46611,2.91671,
46612,2.96914,
46613,3.10748,
46614,2.92454,
46615,2.97932,
46616,2.92186,
46617,3.24708,
46618,3.28479,
46619,3.24281,
46620,3.24041,
46621,3.32264,
46622,3.22232,
46623,3.20154,
46624,3.32201,
46625,3.16445,
46626,3.26363,
46627,3.27948,
46628,3.25776,
46629,3.13801,
46630,3.30384,
46631,3.23527,
46632,3.24088,
46633,3.31666,
46634,3.18562,
46635,3.26462,
46636,3.21379,
46637,3.26125,
46638,3.0266,
46639,3.201,
46640,2.65657,
46641,2.75185,
46642,2.66633,
46643,2.53435,
46644,2.66709,
46645,2.5629,
46646,2.88179,
46647,2.47032,
46648,2.71174,
46649,2.67154,
46650,2.77073,
46651,2.77584,
46652,2.56935,
46653,2.61547,
46654,2.82366,
46655,2.90788,
46656,2.93037,
46657,2.69123,
46658,2.61518,
46659,3.06079,
46660,3.13883,
46661,3.07531,
46662,3.12946,
46663,3.12491,
46664,3.12597,
46665,2.99193,
46666,2.82964,
46667,2.97519,
46668,3.11216,
46669,2.95428,
46670,3.03678,
46671,3.16238,
46672,3.18099,
46673,3.06257,
46674,2.99533,
46675,2.81103,
46676,3.03137,
46677,2.98076,
46678,2.9472,
46679,2.71949,
46680,2.75496,
46681,2.70629,
46682,2.91929,
46683,2.94223,
46684,2.87284,
46685,2.95953,
46686,2.88486,
46687,2.97109,
46688,2.90709,
46689,3.04176,
46690,2.881,
46691,2.87893,
46692,2.95738,
46693,2.75136,
46694,2.77125,
46695,2.78887,
46696,2.95536,
46697,3.13905,
46698,2.99643,
46699,2.82231,
46700,2.76656,
46701,2.6505,
46702,2.58203,
46703,2.65606,
46704,2.66422,
46705,2.96377,
46706,2.64124,
46707,2.68518,
46708,2.7567,
46709,2.9106,
46710,2.89149,
46711,3.04517,
46712,2.77196,
46713,3.20014,
46714,2.92903,
46715,3.21752,
46716,3.20942,
46717,2.99028,
46718,3.16181,
46719,3.05861,
46720,2.93616,
46721,3.05455,
46722,3.01566,
46723,2.90229,
46724,2.77689,
46725,2.75141,
46726,2.89917,
46727,2.83187,
46728,2.9603,
46729,3.06001,
46730,2.84548,
46731,2.9941,
46732,2.80168,
46733,3.06832,
46734,2.97252,
46735,2.84526,
46736,2.74901,
46737,3.00018,
46738,2.73688,
46739,2.77529,
46740,2.76339,
46741,2.6118,
46742,2.6625,
46743,2.7239,
46744,3.1405,
46745,3.07278,
46746,3.23197,
46747,3.23915,
46748,3.2391,
46749,3.08363,
46750,2.86648,
46751,2.98546,
46752,2.92629,
46753,3.08872,
46754,3.32792,
46755,3.04564,
46756,3.09266,
46757,2.94136,
46758,2.94968,
46759,3.25379,
46760,3.1931,
46761,3.25918,
46762,3.1124,
46763,3.30604,
46764,2.99338,
46765,3.05777,
46766,2.96415,
46767,3.00128,
46768,2.82941,
46769,2.91766,
46770,2.82616,
46771,2.79805,
46772,3.04134,
46773,2.74228,
46774,2.82931,
46775,2.94232,
46776,2.9942,
46777,2.99358,
46778,2.87039,
46779,2.94546,
46780,2.84899,
46781,2.80859,
46782,2.74172,
46783,2.79007,
46784,2.9166,
46785,2.68538,
46786,2.75059,
46787,2.98204,
46788,2.83828,
46789,3.15098,
46790,3.22833,
46791,3.15689,
46792,3.30148,
46793,3.16764,
46794,3.11888,
46795,2.95624,
46796,3.06826,
46797,2.84768,
46798,2.88705,
46799,2.79518,
46800,2.86995,
46801,3.15594,
46802,3.15527,
46803,3.04456,
46804,3.16546,
46805,3.13796,
46806,2.87018,
46807,2.8921,
46808,2.96428,
46809,2.82694,
46810,2.97714,
46811,3.11168,
46812,3.07975,
46813,3.15323,
46814,3.26399,
46815,3.27957,
46816,2.78059,
46817,2.91769,
46818,3.11,
46819,3.08255,
46820,3.03708,
46821,3.03599,
46822,3.20251,
46823,3.10239,
46824,3.20356,
46825,2.97343,
46826,2.99848,
46827,3.15858,
46828,2.82481,
46829,3.06439,
46830,3.05269,
46831,3.03184,
46832,2.98596,
46833,3.02078,
46834,3.2157,
46835,3.07376,
46836,3.11791,
46837,3.02431,
46838,3.16273,
46839,3.09928,
46840,3.11771,
46841,2.93999,
46842,3.04349,
46843,3.01014,
46844,2.90442,
46845,2.98323,
46846,2.88428,
46847,3.01437,
46848,3.0182,
46849,3.07482,
46850,2.81065,
46851,2.99052,
46852,3.07605,
46853,2.96589,
46854,2.84168,
46855,2.82699,
46856,3.07197,
46857,2.84576,
46858,3.022,
46859,2.14144,
46860,3.03555,
46861,3.03685,
46862,3.15147,
46863,3.24953,
46864,3.49458,
46865,3.1392,
46866,3.23188,
46867,3.07322,
46868,3.2036,
46869,3.17058,
46870,3.16501,
46871,3.14934,
46872,3.00447,
46873,3.07462,
46874,3.08972,
46875,3.22371,
46876,3.00994,
46877,3.14731,
46878,3.22829,
46879,3.13359,
46880,3.08984,
46881,2.9771,
46882,3.01521,
46883,3.11226,
46884,3.07761,
46885,3.0767,
46886,3.0614,
46887,2.91571,
46888,3.17058,
46889,3.1722,
46890,2.93237,
46891,3.0738,
46892,2.93531,
46893,2.84804,
46894,2.80038,
46895,2.6925,
46896,2.99945,
46897,2.92555,
46898,2.82455,
46899,2.94149,
46900,3.06944,
46901,2.89497,
46902,2.87438,
46903,2.903,
46904,2.86033,
46905,3.01329,
46906,2.8727,
46907,2.94676,
46908,3.06949,
46909,2.92923,
46910,3.08836,
46911,2.97133,
46912,2.88372,
46913,2.90979,
46914,2.91706,
46915,3.12384,
46916,2.99807,
46917,2.95543,
46918,2.99229,
46919,3.06834,
46920,2.90871,
46921,2.70752,
46922,2.89998,
46923,2.85037,
46924,2.97586,
46925,2.97113,
46926,2.70532,
46927,3.07141,
46928,3.10548,
46929,3.04081,
46930,2.95513,
46931,2.8849,
46932,3.14677,
46933,2.91889,
46934,2.65237,
46935,3.00189,
46936,2.98236,
46937,3.198,
46938,2.92899,
46939,2.87368,
46940,3.00906,
46941,2.92606,
46942,2.89488,
46943,2.91389,
46944,2.90539,
46945,3.03924,
46946,3.02593,
46947,3.04012,
46948,2.85868,
46949,2.90202,
46950,2.86135,
46951,3.04835,
46952,3.03641,
46953,3.01913,
46954,3.00661,
46955,3.20191,
46956,2.91864,
46957,3.00638,
46958,3.04101,
46959,2.83022,
46960,3.09521,
46961,3.0592,
46962,3.17136,
46963,2.95612,
46964,2.75084,
46965,2.80741,
46966,2.96184,
46967,2.79855,
46968,2.89711,
46969,2.77246,
46970,2.92656,
46971,3.14228,
46972,3.08221,
46973,2.95522,
46974,3.0905,
46975,2.96341,
46976,3.04268,
46977,2.96219,
46978,3.08919,
46979,3.08503,
46980,3.10994,
46981,3.02851,
46982,3.1,
46983,3.02361,
46984,2.95926,
46985,3.10936,
46986,2.75029,
46987,2.87391,
46988,3.07709,
46989,2.96539,
46990,3.04401,
46991,2.83623,
46992,2.93305,
46993,3.05678,
46994,2.844,
46995,2.98369,
46996,2.84815,
46997,2.75257,
46998,2.92901,
46999,2.73033,
47000,2.8883,
47001,2.87962,
47002,2.96123,
47003,2.85345,
47004,3.01222,
47005,3.08492,
47006,3.01051,
47007,2.8595,
47008,2.95047,
47009,2.82785,
47010,2.8841,
47011,2.7128,
47012,3.0829,
47013,2.93117,
47014,2.9921,
47015,3.06461,
47016,2.98593,
47017,2.91262,
47018,3.00676,
47019,2.95612,
47020,3.02255,
47021,3.043,
47022,3.14553,
47023,3.23282,
47024,3.10089,
47025,3.03747,
47026,3.03092,
47027,2.91436,
47028,2.94454,
47029,2.81933,
47030,2.89517,
47031,2.77859,
47032,2.99839,
47033,2.89492,
47034,3.117,
47035,2.94943,
47036,3.04967,
47037,3.14911,
47038,3.15426,
47039,3.1942,
47040,2.95542,
47041,2.86299,
47042,3.10099,
47043,2.79177,
47044,3.08261,
47045,3.00474,
47046,3.13642,
47047,3.17895,
47048,3.18876,
47049,2.84761,
47050,3.14112,
47051,3.01742,
47052,3.03173,
47053,3.01473,
47054,3.13127,
47055,2.89816,
47056,3.14013,
47057,2.72108,
47058,3.07029,
47059,3.07881,
47060,3.23574,
47061,2.99038,
47062,3.05579,
47063,3.17159,
47064,2.91064,
47065,3.08918,
47066,2.85386,
47067,2.96535,
47068,2.94933,
47069,3.2379,
47070,3.1521,
47071,2.81671,
47072,3.02326,
47073,2.94251,
47074,3.07127,
47075,3.07406,
47076,3.28802,
47077,3.05618,
47078,2.95569,
47079,3.06887,
47080,3.14472,
47081,2.97612,
47082,2.89599,
47083,2.87967,
47084,3.06387,
47085,3.14826,
47086,3.18254,
47087,3.11534,
47088,3.03533,
47089,3.01202,
47090,2.83018,
47091,3.15717,
47092,2.994,
47093,3.09476,
47094,3.04654,
47095,3.06253,
47096,3.05703,
47097,3.15977,
47098,3.08803,
47099,3.00388,
47100,3.0574,
47101,3.11876,
47102,2.89029,
47103,3.19155,
47104,3.0448,
47105,3.00802,
47106,2.89985,
47107,3.10164,
47108,3.10939,
47109,2.95813,
47110,2.91091,
47111,3.10652,
47112,2.90528,
47113,2.9086,
47114,3.04027,
47115,2.87429,
47116,2.9201,
47117,3.09581,
47118,3.1055,
47119,2.9415,
47120,2.91472,
47121,2.88086,
47122,3.06178,
47123,3.11897,
47124,2.73607,
47125,2.97016,
47126,2.95918,
47127,3.07636,
47128,3.07432,
47129,3.11803,
47130,2.89361,
47131,2.95185,
47132,3.01486,
47133,2.73142,
47134,2.86008,
47135,3.18375,
47136,2.94541,
47137,3.00519,
47138,2.82664,
47139,2.86457,
47140,3.06555,
47141,2.94482,
47142,2.81559,
47143,3.08664,
47144,3.02942,
47145,2.82461,
47146,2.90148,
47147,2.8559,
47148,2.97826,
47149,2.86122,
47150,2.89652,
47151,3.03356,
47152,2.94907,
47153,3.15817,
47154,3.12834,
47155,3.04722,
47156,3.1585,
47157,2.9164,
47158,2.98839,
47159,3.10724,
47160,3.06315,
47161,3.17343,
47162,3.25935,
47163,3.36498,
47164,4.22812,
47165,3.06936,
47166,3.03037,
47167,3.06161,
47168,3.0639,
47169,3.01034,
47170,3.09366,
47171,3.01132,
47172,3.0463,
47173,2.94733,
47174,3.60001,
47175,3.04677,
47176,3.07181,
47177,2.70313,
47178,2.89164,
47179,3.11678,
47180,3.09636,
47181,3.22137,
47182,3.30687,
47183,3.14138,
47184,3.06731,
47185,3.04467,
47186,2.98259,
47187,3.16877,
47188,2.9664,
47189,3.00664,
47190,3.13955,
47191,3.16691,
47192,3.05524,
47193,2.90616,
47194,2.87601,
47195,2.95766,
47196,2.95327,
47197,2.89242,
47198,2.70437,
47199,3.13284,
47200,2.9937,
47201,2.84892,
47202,2.87409,
47203,2.93418,
47204,3.04415,
47205,3.02364,
47206,2.95836,
47207,3.08077,
47208,2.80691,
47209,2.96309,
47210,2.64854,
47211,3.0379,
47212,2.9366,
47213,2.94824,
47214,2.93884,
47215,2.98491,
47216,2.94554,
47217,2.90788,
47218,2.84557,
47219,2.77385,
47220,2.98929,
47221,2.92926,
47222,2.66446,
47223,2.77287,
47224,2.75364,
47225,2.95139,
47226,2.93165,
47227,2.91447,
47228,2.92108,
47229,2.97332,
47230,3.02312,
47231,2.73576,
47232,3.09338,
47233,2.9766,
47234,2.92616,
47235,2.92838,
47236,3.08091,
47237,3.21125,
47238,3.12742,
47239,2.92554,
47240,2.87844,
47241,3.24785,
47242,3.03485,
47243,3.07075,
47244,2.99943,
47245,2.86753,
47246,2.8997,
47247,3.07299,
47248,2.67005,
47249,2.72308,
47250,2.58762,
47251,2.78792,
47252,2.95389,
47253,3.05131,
47254,3.02586,
47255,3.01833,
47256,2.94834,
47257,2.80641,
47258,2.89583,
47259,2.98985,
47260,3.138,
47261,2.95882,
47262,2.90512,
47263,2.5178,
47264,2.53497,
47265,3.07412,
47266,2.78035,
47267,2.93688,
47268,2.74803,
47269,2.86469,
47270,2.73565,
47271,2.77732,
47272,2.75813,
47273,2.83265,
47274,2.78116,
47275,2.74542,
47276,2.83947,
47277,3.04825,
47278,2.74359,
47279,2.9235,
47280,2.89651,
47281,3.18535,
47282,3.12096,
47283,3.13602,
47284,3.13211,
47285,3.1633,
47286,3.09039,
47287,2.86695,
47288,2.68478,
47289,3.02094,
47290,2.87893,
47291,2.85743,
47292,3.05438,
47293,2.97385,
47294,3.03215,
47295,2.9589,
47296,2.92991,
47297,2.85601,
47298,2.98603,
47299,3.1013,
47300,3.04866,
47301,2.99902,
47302,2.95267,
47303,2.81516,
47304,3.12784,
47305,2.83427,
47306,2.88123,
47307,3.001,
47308,3.06232,
47309,2.92571,
47310,3.29528,
47311,3.14344,
47312,3.16192,
47313,2.94755,
47314,3.11414,
47315,3.05124,
47316,2.98025,
47317,3.04042,
47318,2.9771,
47319,3.01,
47320,3.01977,
47321,3.03298,
47322,3.04092,
47323,2.83195,
47324,3.0317,
47325,2.91661,
47326,2.90398,
47327,2.64652,
47328,2.79304,
47329,2.61509,
47330,2.88756,
47331,2.93828,
47332,2.71229,
47333,2.81479,
47334,2.7855,
47335,2.9656,
47336,2.92369,
47337,2.87747,
47338,2.77428,
47339,2.9508,
47340,3.02683,
47341,3.00827,
47342,2.97952,
47343,3.06417,
47344,3.00097,
47345,3.12594,
47346,3.03189,
47347,3.03411,
47348,3.13745,
47349,3.00448,
47350,2.973,
47351,2.75419,
47352,2.9793,
47353,2.95855,
47354,3.05075,
47355,2.98552,
47356,2.85829,
47357,2.95184,
47358,2.85433,
47359,2.95085,
47360,3.0539,
47361,3.19499,
47362,2.90605,
47363,2.87248,
47364,2.86536,
47365,3.04064,
47366,3.06116,
47367,3.06624,
47368,2.91106,
47369,3.09299,
47370,2.90035,
47371,3.02153,
47372,3.22032,
47373,2.98934,
47374,2.86847,
47375,2.85227,
47376,3.0742,
47377,3.11268,
47378,2.9823,
47379,3.07493,
47380,2.98742,
47381,3.2114,
47382,3.10873,
47383,3.27089,
47384,2.92163,
47385,3.00172,
47386,2.75424,
47387,2.94075,
47388,2.94468,
47389,2.92625,
47390,2.89953,
47391,3.13059,
47392,3.05088,
47393,2.94163,
47394,2.76441,
47395,2.86021,
47396,2.94832,
47397,2.97631,
47398,2.91684,
47399,3.11741,
47400,3.09024,
47401,3.1303,
47402,3.04127,
47403,2.89134,
47404,3.06603,
47405,2.79844,
47406,3.14533,
47407,3.21138,
47408,3.13599,
47409,3.15191,
47410,3.36108,
47411,3.46624,
47412,3.05361,
47413,3.08597,
47414,3.10044,
47415,3.20109,
47416,3.41021,
47417,3.16746,
47418,3.01879,
47419,3.0082,
47420,2.94973,
47421,3.03051,
47422,3.03314,
47423,3.10877,
47424,3.02406,
47425,2.90249,
47426,3.02116,
47427,3.45305,
47428,3.46794,
47429,3.3584,
47430,3.365,
47431,3.3504,
47432,3.43209,
47433,3.34905,
47434,3.31517,
47435,3.3837,
47436,3.37618,
47437,3.38653,
47438,3.35115,
47439,3.38045,
47440,3.25933,
47441,3.37302,
47442,3.44125,
47443,3.41457,
47444,3.33045,
47445,3.27958,
47446,3.03647,
47447,3.23398,
47448,3.02028,
47449,3.01186,
47450,3.01114,
47451,3.02473,
47452,2.93211,
47453,3.07157,
47454,2.97395,
47455,3.00528,
47456,3.02351,
47457,2.85822,
47458,2.79198,
47459,3.05179,
47460,3.2454,
47461,3.1217,
47462,2.85966,
47463,3.02277,
47464,3.04913,
47465,2.94504,
47466,2.99302,
47467,3.09997,
47468,2.89331,
47469,2.96397,
47470,2.85793,
47471,2.8,
47472,3.11178,
47473,2.98552,
47474,2.97313,
47475,3.00885,
47476,2.89261,
47477,2.86041,
47478,2.78662,
47479,2.84456,
47480,3.03868,
47481,2.94033,
47482,2.83858,
47483,3.0428,
47484,2.96991,
47485,2.90465,
47486,2.92695,
47487,2.78104,
47488,2.77958,
47489,3.02452,
47490,2.75043,
47491,2.82727,
47492,2.82208,
47493,2.90611,
47494,2.82718,
47495,2.84436,
47496,2.90749,
47497,2.78752,
47498,2.85905,
47499,2.88803,
47500,2.9615,
47501,2.93237,
47502,2.96331,
47503,2.82077,
47504,3.04836,
47505,2.80418,
47506,2.95213,
47507,2.94412,
47508,2.94219,
47509,3.13545,
47510,2.90339,
47511,2.83096,
47512,3.03633,
47513,2.89504,
47514,2.74995,
47515,2.84166,
47516,3.07102,
47517,2.69269,
47518,2.76873,
47519,2.9554,
47520,2.76032,
47521,2.93142,
47522,2.90813,
47523,2.78363,
47524,2.77091,
47525,3.04032,
47526,2.97092,
47527,3.01024,
47528,2.89841,
47529,3.13211,
47530,3.00412,
47531,3.12784,
47532,2.95683,
47533,2.92951,
47534,3.06895,
47535,2.97808,
47536,2.99113,
47537,2.97666,
47538,2.972,
47539,3.03724,
47540,2.71644,
47541,2.88305,
47542,2.98566,
47543,3.02886,
47544,3.02456,
47545,2.69348,
47546,2.91081,
47547,2.99318,
47548,2.87764,
47549,2.62612,
47550,2.79139,
47551,2.85794,
47552,2.83791,
47553,2.86687,
47554,2.64969,
47555,2.72775,
47556,2.71756,
47557,2.86814,
47558,2.95038,
47559,3.21997,
47560,3.22813,
47561,3.05598,
47562,2.96597,
47563,3.14491,
47564,3.15509,
47565,2.8717,
47566,3.05978,
47567,2.93164,
47568,2.98755,
47569,2.89883,
47570,3.25103,
47571,3.02505,
47572,2.95197,
47573,3.11246,
47574,3.04046,
47575,2.95323,
47576,3.11974,
47577,2.90261,
47578,3.07046,
47579,3.04958,
47580,2.97171,
47581,2.93053,
47582,2.99983,
47583,2.81034,
47584,3.06023,
47585,3.03713,
47586,2.90373,
47587,3.05121,
47588,2.93344,
47589,2.99934,
47590,3.14937,
47591,3.05307,
47592,2.92919,
47593,3.00435,
47594,3.02502,
47595,2.84321,
47596,2.97112,
47597,2.96964,
47598,3.1355,
47599,2.86577,
47600,2.94953,
47601,2.88278,
47602,3.03489,
47603,3.05954,
47604,3.03059,
47605,2.78875,
47606,2.99772,
47607,2.91864,
47608,2.84289,
47609,2.99027,
47610,3.0895,
47611,2.98877,
47612,2.79537,
47613,2.90732,
47614,2.97528,
47615,2.90518,
47616,2.87536,
47617,2.77971,
47618,2.85445,
47619,2.84014,
47620,2.98043,
47621,2.67742,
47622,2.71037,
47623,2.75067,
47624,2.84417,
47625,2.91243,
47626,2.80595,
47627,2.63939,
47628,2.85332,
47629,2.7299,
47630,2.87037,
47631,2.77226,
47632,2.81752,
47633,3.00487,
47634,2.90718,
47635,2.94597,
47636,2.69202,
47637,2.86335,
47638,2.76199,
47639,2.85778,
47640,3.02857,
47641,2.66018,
47642,2.78802,
47643,2.66945,
47644,2.66543,
47645,2.86757,
47646,2.80743,
47647,2.8655,
47648,2.79982,
47649,2.98879,
47650,2.83067,
47651,2.8579,
47652,3.04783,
47653,3.02675,
47654,2.95224,
47655,3.00757,
47656,3.29814,
47657,2.97626,
47658,2.8843,
47659,3.11896,
47660,2.94632,
47661,3.0646,
47662,3.11798,
47663,3.01194,
47664,3.02402,
47665,3.03075,
47666,2.84953,
47667,3.08061,
47668,3.02676,
47669,2.86809,
47670,2.99817,
47671,2.95744,
47672,2.78637,
47673,2.95026,
47674,2.95632,
47675,2.79928,
47676,2.92366,
47677,2.97465,
47678,3.10599,
47679,2.92063,
47680,2.99258,
47681,2.92093,
47682,3.23752,
47683,3.26323,
47684,3.24569,
47685,3.24068,
47686,3.32173,
47687,3.22808,
47688,3.19574,
47689,3.31784,
47690,3.16745,
47691,3.26198,
47692,3.28796,
47693,3.26437,
47694,3.1349,
47695,3.30025,
47696,3.23299,
47697,3.24135,
47698,3.3119,
47699,3.20156,
47700,3.26919,
47701,3.22786,
47702,3.26025,
47703,3.0172,
47704,3.20272,
47705,2.65532,
47706,2.74602,
47707,2.66302,
47708,2.52697,
47709,2.65598,
47710,2.55925,
47711,2.88905,
47712,2.46125,
47713,2.70935,
47714,2.68473,
47715,2.77945,
47716,2.76535,
47717,2.57058,
47718,2.61384,
47719,2.80296,
47720,2.92234,
47721,2.92901,
47722,2.68535,
47723,2.62182,
47724,3.06295,
47725,3.147,
47726,3.07612,
47727,3.11784,
47728,3.1162,
47729,3.11653,
47730,2.98357,
47731,2.83002,
47732,2.96205,
47733,3.09615,
47734,2.96029,
47735,3.02794,
47736,3.16518,
47737,3.17265,
47738,3.05797,
47739,2.9975,
47740,2.81751,
47741,3.03435,
47742,2.9782,
47743,2.94304,
47744,2.71528,
47745,2.75392,
47746,2.70498,
47747,2.92131,
47748,2.9477,
47749,2.86376,
47750,2.94174,
47751,2.87311,
47752,2.95917,
47753,2.8954,
47754,3.03528,
47755,2.8546,
47756,2.86371,
47757,2.95543,
47758,2.74709,
47759,2.7782,
47760,2.78062,
47761,2.9552,
47762,3.13097,
47763,2.99274,
47764,2.81814,
47765,2.77196,
47766,2.65377,
47767,2.57367,
47768,2.65123,
47769,2.67505,
47770,2.9532,
47771,2.63536,
47772,2.68438,
47773,2.7589,
47774,2.90774,
47775,2.87913,
47776,3.03716,
47777,2.77552,
47778,3.20067,
47779,2.93539,
47780,3.21483,
47781,3.20153,
47782,2.97777,
47783,3.15035,
47784,3.04335,
47785,2.92924,
47786,3.04003,
47787,3.0059,
47788,2.90218,
47789,2.78702,
47790,2.75527,
47791,2.8978,
47792,2.84809,
47793,2.97051,
47794,3.04778,
47795,2.86115,
47796,2.9808,
47797,2.78998,
47798,3.06261,
47799,2.98292,
47800,2.847,
47801,2.73849,
47802,2.99114,
47803,2.72844,
47804,2.77625,
47805,2.76338,
47806,2.61206,
47807,2.66979,
47808,2.73777,
47809,3.13469,
47810,3.07206,
47811,3.22742,
47812,3.21653,
47813,3.23772,
47814,3.07593,
47815,2.86598,
47816,2.987,
47817,2.91899,
47818,3.07994,
47819,3.32152,
47820,3.04042,
47821,3.09518,
47822,2.93631,
47823,2.95228,
47824,3.24714,
47825,3.19886,
47826,3.27838,
47827,3.11662,
47828,3.29432,
47829,3.01231,
47830,3.07363,
47831,2.98388,
47832,2.99679,
47833,2.82959,
47834,2.89239,
47835,2.83854,
47836,2.78937,
47837,3.0361,
47838,2.73813,
47839,2.83144,
47840,2.94794,
47841,3.00156,
47842,2.98493,
47843,2.87346,
47844,2.96648,
47845,2.84738,
47846,2.81596,
47847,2.74868,
47848,2.79491,
47849,2.91988,
47850,2.67976,
47851,2.74798,
47852,2.97333,
47853,2.85314,
47854,3.14506,
47855,3.22771,
47856,3.15641,
47857,3.28487,
47858,3.17617,
47859,3.11175,
47860,2.9626,
47861,3.06888,
47862,2.83247,
47863,2.88755,
47864,2.79758,
47865,2.85711,
47866,3.1659,
47867,3.16197,
47868,3.04013,
47869,3.152,
47870,3.14184,
47871,2.87213,
47872,2.90032,
47873,2.95791,
47874,2.82095,
47875,2.97575,
47876,3.12056,
47877,3.0879,
47878,3.15886,
47879,3.24898,
47880,3.27575,
47881,2.7909,
47882,2.92912,
47883,3.11336,
47884,3.08163,
47885,3.03624,
47886,3.0305,
47887,3.20128,
47888,3.09744,
47889,3.19802,
47890,2.97536,
47891,2.98663,
47892,3.16287,
47893,2.8271,
47894,3.06715,
47895,3.04562,
47896,3.01638,
47897,2.9733,
47898,3.00074,
47899,3.22535,
47900,3.07261,
47901,3.11769,
47902,3.00799,
47903,3.17693,
47904,3.10386,
47905,3.11733,
47906,2.95183,
47907,3.0535,
47908,3.01545,
47909,2.90098,
47910,2.97418,
47911,2.88617,
47912,3.00809,
47913,3.0148,
47914,3.0685,
47915,2.80888,
47916,2.99546,
47917,3.06307,
47918,2.96545,
47919,2.84967,
47920,2.81928,
47921,3.07225,
47922,2.85084,
47923,3.03196,
47924,2.14094,
47925,3.04338,
47926,3.02753,
47927,3.16083,
47928,3.25102,
47929,3.49627,
47930,3.1292,
47931,3.21445,
47932,3.0662,
47933,3.19574,
47934,3.16558,
47935,3.1679,
47936,3.15415,
47937,3.02754,
47938,3.07551,
47939,3.09515,
47940,3.21502,
47941,3.01101,
47942,3.14835,
47943,3.22661,
47944,3.12804,
47945,3.09228,
47946,2.99737,
47947,3.03578,
47948,3.11719,
47949,3.07447,
47950,3.06586,
47951,3.06502,
47952,2.91809,
47953,3.17664,
47954,3.15679,
47955,2.9391,
47956,3.0856,
47957,2.92543,
47958,2.87238,
47959,2.81501,
47960,2.695,
47961,3.00592,
47962,2.93087,
47963,2.83095,
47964,2.95446,
47965,3.06825,
47966,2.89971,
47967,2.89111,
47968,2.93141,
47969,2.86997,
47970,3.00368,
47971,2.86235,
47972,2.96237,
47973,3.07033,
47974,2.93921,
47975,3.07795,
47976,2.96164,
47977,2.89867,
47978,2.92177,
47979,2.91816,
47980,3.13482,
47981,3.00121,
47982,2.93861,
47983,2.99841,
47984,3.0632,
47985,2.89542,
47986,2.72215,
47987,2.91112,
47988,2.85577,
47989,2.97562,
47990,2.97303,
47991,2.70828,
47992,3.06184,
47993,3.1063,
47994,3.03763,
47995,2.93959,
47996,2.87477,
47997,3.14107,
47998,2.9261,
47999,2.6544,
48000,3.00939,
48001,2.9856,
48002,3.18005,
48003,2.92901,
48004,2.87397,
48005,3.02095,
48006,2.94086,
48007,2.91048,
48008,2.91813,
48009,2.90721,
48010,3.04637,
48011,3.02483,
48012,3.04561,
48013,2.84437,
48014,2.88869,
48015,2.83855,
48016,3.07089,
48017,3.03484,
48018,3.02627,
48019,3.00563,
48020,3.20911,
48021,2.9369,
48022,3.03202,
48023,3.04626,
48024,2.83337,
48025,3.09609,
48026,3.06005,
48027,3.17756,
48028,2.96275,
48029,2.76558,
48030,2.82731,
48031,2.98391,
48032,2.80167,
48033,2.92233,
48034,2.7724,
48035,2.93174,
48036,3.12466,
48037,3.08498,
48038,2.95122,
48039,3.07556,
48040,2.96497,
48041,3.02854,
48042,2.97431,
48043,3.07359,
48044,3.07035,
48045,3.10712,
48046,3.03923,
48047,3.10491,
48048,3.00907,
48049,2.96091,
48050,3.095,
48051,2.73957,
48052,2.87748,
48053,3.08158,
48054,2.96391,
48055,3.04396,
48056,2.84174,
48057,2.94198,
48058,3.0518,
48059,2.85751,
48060,2.98042,
48061,2.85267,
48062,2.76193,
48063,2.92257,
48064,2.74199,
48065,2.89631,
48066,2.88699,
48067,2.9591,
48068,2.85275,
48069,3.02898,
48070,3.08368,
48071,3.01867,
48072,2.8585,
48073,2.9508,
48074,2.82698,
48075,2.88615,
48076,2.71492,
48077,3.07672,
48078,2.94876,
48079,2.99202,
48080,3.06625,
48081,2.99688,
48082,2.91893,
48083,3.00149,
48084,2.95149,
48085,3.02744,
48086,3.05059,
48087,3.14891,
48088,3.22869,
48089,3.11111,
48090,3.039,
48091,3.03563,
48092,2.91413,
48093,2.94465,
48094,2.82192,
48095,2.89172,
48096,2.7793,
48097,3.00283,
48098,2.89058,
48099,3.10022,
48100,2.92907,
48101,3.07136,
48102,3.13441,
48103,3.16031,
48104,3.18241,
48105,2.95771,
48106,2.86517,
48107,3.09522,
48108,2.79806,
48109,3.07658,
48110,3.01642,
48111,3.12183,
48112,3.18112,
48113,3.17233,
48114,2.84426,
48115,3.14012,
48116,3.0158,
48117,3.02639,
48118,3.00704,
48119,3.13017,
48120,2.90654,
48121,3.13992,
48122,2.72965,
48123,3.08669,
48124,3.0946,
48125,3.23225,
48126,2.98421,
48127,3.06176,
48128,3.16295,
48129,2.92694,
48130,3.08321,
48131,2.846,
48132,2.97975,
48133,2.94624,
48134,3.24619,
48135,3.16627,
48136,2.83049,
48137,3.02336,
48138,2.95313,
48139,3.05048,
48140,3.08938,
48141,3.27884,
48142,3.05452,
48143,2.9611,
48144,3.07823,
48145,3.13673,
48146,2.97134,
48147,2.9005,
48148,2.89537,
48149,3.05467,
48150,3.13968,
48151,3.18689,
48152,3.11539,
48153,3.03647,
48154,2.99567,
48155,2.82988,
48156,3.16885,
48157,3.00431,
48158,3.10579,
48159,3.04611,
48160,3.05065,
48161,3.06519,
48162,3.14782,
48163,3.07808,
48164,2.9876,
48165,3.06646,
48166,3.12997,
48167,2.90575,
48168,3.21965,
48169,3.06214,
48170,2.99843,
48171,2.89874,
48172,3.08838,
48173,3.12998,
48174,2.9513,
48175,2.89742,
48176,3.10389,
48177,2.8893,
48178,2.92371,
48179,3.03889,
48180,2.85613,
48181,2.91305,
48182,3.09132,
48183,3.10411,
48184,2.94504,
48185,2.91243,
48186,2.88491,
48187,3.05511,
48188,3.12858,
48189,2.74208,
48190,2.98302,
48191,2.96534,
48192,3.08035,
48193,3.09027,
48194,3.11947,
48195,2.90259,
48196,2.93902,
48197,3.01379,
48198,2.7344,
48199,2.85561,
48200,3.19006,
48201,2.9249,
48202,3.00306,
48203,2.82152,
48204,2.84628,
48205,3.06002,
48206,2.9649,
48207,2.81713,
48208,3.08864,
48209,3.02675,
48210,2.82611,
48211,2.91094,
48212,2.88089,
48213,2.98633,
48214,2.85884,
48215,2.89367,
48216,3.03953,
48217,2.94271,
48218,3.15262,
48219,3.12987,
48220,3.0382,
48221,3.16423,
48222,2.91631,
48223,2.97073,
48224,3.10335,
48225,3.05931,
48226,3.18866,
48227,3.26103,
48228,3.35855,
48229,4.23984,
48230,3.06958,
48231,3.02514,
48232,3.05505,
48233,3.07457,
48234,3.01776,
48235,3.09822,
48236,3.00049,
48237,3.05626,
48238,2.94556,
48239,3.58788,
48240,3.07122,
48241,3.07332,
48242,2.69964,
48243,2.89006,
48244,3.11985,
48245,3.1154,
48246,3.22773,
48247,3.30978,
48248,3.14183,
48249,3.077,
48250,3.05015,
48251,3.00314,
48252,3.16725,
48253,2.96316,
48254,3.00522,
48255,3.13383,
48256,3.15694,
48257,3.05464,
48258,2.9013,
48259,2.87409,
48260,2.95112,
48261,2.94374,
48262,2.89879,
48263,2.71061,
48264,3.13646,
48265,3,
48266,2.85215,
48267,2.87091,
48268,2.92044,
48269,3.03838,
48270,3.03508,
48271,2.95872,
48272,3.09538,
48273,2.81427,
48274,2.95662,
48275,2.65572,
48276,3.03014,
48277,2.94744,
48278,2.95932,
48279,2.94667,
48280,2.96623,
48281,2.93902,
48282,2.90435,
48283,2.85192,
48284,2.76466,
48285,2.97508,
48286,2.93705,
48287,2.65768,
48288,2.77235,
48289,2.7629,
48290,2.95551,
48291,2.93277,
48292,2.90801,
48293,2.92705,
48294,2.98011,
48295,3.02617,
48296,2.7302,
48297,3.09204,
48298,2.97124,
48299,2.93557,
48300,2.91599,
48301,3.07127,
48302,3.21119,
48303,3.12136,
48304,2.92618,
48305,2.88454,
48306,3.26119,
48307,3.04303,
48308,3.07013,
48309,2.98958,
48310,2.87407,
48311,2.89231,
48312,3.08482,
48313,2.68823,
48314,2.72419,
48315,2.59623,
48316,2.80681,
48317,2.96458,
48318,3.05918,
48319,3.02458,
48320,3.02303,
48321,2.95253,
48322,2.80746,
48323,2.90293,
48324,3.00099,
48325,3.13986,
48326,2.9623,
48327,2.89486,
48328,2.53374,
48329,2.55852,
48330,3.0711,
48331,2.77774,
48332,2.93047,
48333,2.76979,
48334,2.85849,
48335,2.74235,
48336,2.77195,
48337,2.75985,
48338,2.85038,
48339,2.78561,
48340,2.7537,
48341,2.84071,
48342,3.04605,
48343,2.74442,
48344,2.93428,
48345,2.91531,
48346,3.17436,
48347,3.11704,
48348,3.1153,
48349,3.13976,
48350,3.14982,
48351,3.07647,
48352,2.87008,
48353,2.68091,
48354,3.02249,
48355,2.87371,
48356,2.85095,
48357,3.06238,
48358,2.97133,
48359,3.03127,
48360,2.94498,
48361,2.92731,
48362,2.86179,
48363,2.99512,
48364,3.10235,
48365,3.03421,
48366,3.00352,
48367,2.95338,
48368,2.81207,
48369,3.12907,
48370,2.83532,
48371,2.88492,
48372,2.98974,
48373,3.06742,
48374,2.90721,
48375,3.28411,
48376,3.12449,
48377,3.13801,
48378,2.93086,
48379,3.11881,
48380,3.05254,
48381,2.96777,
48382,3.03021,
48383,2.97433,
48384,3.00713,
48385,3.0008,
48386,3.03654,
48387,3.02813,
48388,2.83562,
48389,3.02509,
48390,2.92003,
48391,2.9158,
48392,2.6428,
48393,2.79558,
48394,2.61285,
48395,2.89758,
48396,2.95004,
48397,2.72577,
48398,2.83,
48399,2.77629,
48400,2.98279,
48401,2.91347,
48402,2.88249,
48403,2.77633,
48404,2.95868,
48405,3.01803,
48406,3.00298,
48407,2.98335,
48408,3.07375,
48409,3.00756,
48410,3.13138,
48411,3.03199,
48412,3.03074,
48413,3.13752,
48414,2.99019,
48415,2.98026,
48416,2.75151,
48417,2.97127,
48418,2.97494,
48419,3.04714,
48420,2.95956,
48421,2.8611,
48422,2.95298,
48423,2.86766,
48424,2.95425,
48425,3.04587,
48426,3.15949,
48427,2.91757,
48428,2.87159,
48429,2.85823,
48430,3.02136,
48431,3.05163,
48432,3.06616,
48433,2.9151,
48434,3.09195,
48435,2.89334,
48436,3.01659,
48437,3.21733,
48438,2.97626,
48439,2.8642,
48440,2.833,
48441,3.07469,
48442,3.10776,
48443,2.98401,
48444,3.06516,
48445,2.98775,
48446,3.2121,
48447,3.10238,
48448,3.27733,
48449,2.93183,
48450,3.00086,
48451,2.76174,
48452,2.94182,
48453,2.94719,
48454,2.9227,
48455,2.91288,
48456,3.13264,
48457,3.0571,
48458,2.96891,
48459,2.76871,
48460,2.87015,
48461,2.95589,
48462,2.97845,
48463,2.92302,
48464,3.11274,
48465,3.07509,
48466,3.12377,
48467,3.03319,
48468,2.89478,
48469,3.06361,
48470,2.78975,
48471,3.13944,
48472,3.21112,
48473,3.13028,
48474,3.14054,
48475,3.35922,
48476,3.46342,
48477,3.05614,
48478,3.0967,
48479,3.09622,
48480,3.19474,
48481,3.40848,
48482,3.15395,
48483,3.0144,
48484,3.01097,
48485,2.95995,
48486,3.04808,
48487,3.03201,
48488,3.0913,
48489,3.02274,
48490,2.92578,
48491,3.02882,
48492,3.45074,
48493,3.45224,
48494,3.34412,
48495,3.35253,
48496,3.36511,
48497,3.42438,
48498,3.35406,
48499,3.3297,
48500,3.3867,
48501,3.38103,
48502,3.37057,
48503,3.35265,
48504,3.38711,
48505,3.26448,
48506,3.36387,
48507,3.436,
48508,3.40753,
48509,3.32068,
48510,3.27689,
48511,3.02689,
48512,3.22947,
48513,3.00644,
48514,2.98956,
48515,3.00807,
48516,3.02196,
48517,2.93742,
48518,3.06657,
48519,2.97497,
48520,3.0007,
48521,3.01873,
48522,2.86433,
48523,2.79239,
48524,3.05754,
48525,3.24525,
48526,3.11257,
48527,2.85973,
48528,3.0241,
48529,3.04943,
48530,2.93595,
48531,2.99868,
48532,3.09011,
48533,2.88354,
48534,2.9735,
48535,2.86228,
48536,2.81408,
48537,3.096,
48538,2.97655,
48539,2.95898,
48540,3.00097,
48541,2.88258,
48542,2.85804,
48543,2.78774,
48544,2.83724,
48545,3.03788,
48546,2.93029,
48547,2.85084,
48548,3.03737,
48549,2.95934,
48550,2.90138,
48551,2.91649,
48552,2.79361,
48553,2.79721,
48554,3.02562,
48555,2.74867,
48556,2.83237,
48557,2.82229,
48558,2.90996,
48559,2.8193,
48560,2.83391,
48561,2.91353,
48562,2.78245,
48563,2.8518,
48564,2.89701,
48565,2.94208,
48566,2.93898,
48567,2.97519,
48568,2.81385,
48569,3.06645,
48570,2.81185,
48571,2.94872,
48572,2.93882,
48573,2.94912,
48574,3.12684,
48575,2.90048,
48576,2.82813,
48577,3.05281,
48578,2.89445,
48579,2.76507,
48580,2.85021,
48581,3.08264,
48582,2.69819,
48583,2.77923,
48584,2.96142,
48585,2.7765,
48586,2.94638,
48587,2.89825,
48588,2.78779,
48589,2.76904,
48590,3.02055,
48591,2.97907,
48592,3.01037,
48593,2.8957,
48594,3.12646,
48595,2.99809,
48596,3.13125,
48597,2.95601,
48598,2.92517,
48599,3.07579,
48600,2.99059,
48601,2.99381,
48602,2.96594,
48603,2.96722,
48604,3.03459,
48605,2.70004,
48606,2.88938,
48607,2.97921,
48608,3.03991,
48609,3.01828,
48610,2.69146,
48611,2.89729,
48612,3.00176,
48613,2.88327,
48614,2.63608,
48615,2.79435,
48616,2.87242,
48617,2.82349,
48618,2.87778,
48619,2.64554,
48620,2.73483,
48621,2.72816,
48622,2.87243,
48623,2.94568,
48624,3.23076,
48625,3.22199,
48626,3.06757,
48627,2.97234,
48628,3.13812,
48629,3.16984,
48630,2.87307,
48631,3.04255,
48632,2.91943,
48633,2.98826,
48634,2.88355,
48635,3.23474,
48636,3.03024,
48637,2.94956,
48638,3.11599,
48639,3.03887,
48640,2.95615,
48641,3.12578,
48642,2.91571,
48643,3.07113,
48644,3.04125,
48645,2.98129,
48646,2.92137,
48647,2.99942,
48648,2.80996,
48649,3.06364,
48650,3.04752,
48651,2.90761,
48652,3.05458,
48653,2.92408,
48654,2.99642,
48655,3.16387,
48656,3.04671,
48657,2.94456,
48658,2.98161,
48659,3.0207,
48660,2.82544,
48661,2.96324,
48662,2.96846,
48663,3.1327,
48664,2.86568,
48665,2.94594,
48666,2.87742,
48667,3.05198,
48668,3.06695,
48669,3.02756,
48670,2.78847,
48671,2.99376,
48672,2.91931,
48673,2.81883,
48674,2.97688,
48675,3.09521,
48676,2.98141,
48677,2.78889,
48678,2.91557,
48679,2.98002,
48680,2.90318,
48681,2.87654,
48682,2.77082,
48683,2.86014,
48684,2.8337,
48685,2.97355,
48686,2.66863,
48687,2.71314,
48688,2.75695,
48689,2.84859,
48690,2.89745,
48691,2.80378,
48692,2.63851,
48693,2.84185,
48694,2.74448,
48695,2.86034,
48696,2.7693,
48697,2.81614,
48698,2.98741,
48699,2.91042,
48700,2.94439,
48701,2.71683,
48702,2.86946,
48703,2.76623,
48704,2.86439,
48705,3.02324,
48706,2.66591,
48707,2.78294,
48708,2.6537,
48709,2.66018,
48710,2.87375,
48711,2.80738,
48712,2.8621,
48713,2.79197,
48714,3.00338,
48715,2.82853,
48716,2.8654,
48717,3.03982,
48718,3.0336,
48719,2.95027,
48720,3.01412,
48721,3.30173,
48722,2.97077,
48723,2.89423,
48724,3.11759,
48725,2.94927,
48726,3.06363,
48727,3.10179,
48728,3.0199,
48729,3.01261,
48730,3.03791,
48731,2.84703,
48732,3.07258,
48733,3.01434,
48734,2.8658,
48735,3.01846,
48736,2.95112,
48737,2.76666,
48738,2.95223,
48739,2.96186,
48740,2.80294,
48741,2.91993,
48742,2.97412,
48743,3.09776,
48744,2.92515,
48745,3.00062,
48746,2.92805,
48747,3.24839,
48748,3.29256,
48749,3.23953,
48750,3.23086,
48751,3.31678,
48752,3.21863,
48753,3.18859,
48754,3.31201,
48755,3.16832,
48756,3.24984,
48757,3.28737,
48758,3.27311,
48759,3.13136,
48760,3.29633,
48761,3.23008,
48762,3.23599,
48763,3.31582,
48764,3.20176,
48765,3.27514,
48766,3.22937,
48767,3.2759,
48768,3.01848,
48769,3.20078,
48770,2.65681,
48771,2.74589,
48772,2.67743,
48773,2.54139,
48774,2.64791,
48775,2.55007,
48776,2.8882,
48777,2.4555,
48778,2.70136,
48779,2.66679,
48780,2.77609,
48781,2.75412,
48782,2.57899,
48783,2.60797,
48784,2.80554,
48785,2.91294,
48786,2.93251,
48787,2.68718,
48788,2.61579,
48789,3.064,
48790,3.13385,
48791,3.05369,
48792,3.11007,
48793,3.11378,
48794,3.12923,
48795,2.9761,
48796,2.83957,
48797,2.97089,
48798,3.10388,
48799,2.95457,
48800,3.03319,
48801,3.15627,
48802,3.17713,
48803,3.05807,
48804,3.0023,
48805,2.809,
48806,3.0386,
48807,2.97242,
48808,2.93495,
48809,2.72947,
48810,2.7523,
48811,2.71179,
48812,2.92617,
48813,2.94611,
48814,2.86695,
48815,2.95292,
48816,2.86157,
48817,2.94045,
48818,2.88659,
48819,3.02356,
48820,2.85871,
48821,2.86399,
48822,2.94561,
48823,2.7514,
48824,2.77448,
48825,2.78146,
48826,2.94385,
48827,3.1319,
48828,3.0069,
48829,2.82933,
48830,2.76421,
48831,2.65533,
48832,2.57808,
48833,2.67074,
48834,2.68482,
48835,2.97248,
48836,2.64102,
48837,2.68919,
48838,2.76019,
48839,2.91499,
48840,2.88654,
48841,3.04004,
48842,2.78279,
48843,3.19405,
48844,2.93043,
48845,3.22464,
48846,3.19078,
48847,2.98471,
48848,3.15534,
48849,3.03395,
48850,2.93768,
48851,3.04378,
48852,3.01627,
48853,2.89817,
48854,2.77792,
48855,2.75826,
48856,2.9109,
48857,2.82404,
48858,2.95886,
48859,3.04607,
48860,2.83924,
48861,2.99777,
48862,2.80706,
48863,3.05677,
48864,2.97339,
48865,2.85774,
48866,2.74601,
48867,2.99144,
48868,2.73953,
48869,2.77429,
48870,2.76462,
48871,2.62111,
48872,2.6799,
48873,2.73389,
48874,3.13632,
48875,3.05907,
48876,3.20612,
48877,3.2189,
48878,3.22291,
48879,3.06561,
48880,2.87237,
48881,2.97375,
48882,2.91984,
48883,3.07531,
48884,3.31256,
48885,3.03909,
48886,3.09618,
48887,2.93816,
48888,2.95752,
48889,3.25594,
48890,3.20302,
48891,3.26171,
48892,3.11218,
48893,3.30417,
48894,2.99626,
48895,3.0631,
48896,2.96364,
48897,3.00111,
48898,2.84435,
48899,2.90181,
48900,2.81486,
48901,2.78752,
48902,3.04101,
48903,2.74604,
48904,2.84177,
48905,2.95185,
48906,3.00836,
48907,2.9798,
48908,2.8771,
48909,2.95681,
48910,2.84835,
48911,2.802,
48912,2.76229,
48913,2.78881,
48914,2.92522,
48915,2.69037,
48916,2.74697,
48917,2.97946,
48918,2.84526,
48919,3.1489,
48920,3.23541,
48921,3.16059,
48922,3.26325,
48923,3.16186,
48924,3.11043,
48925,2.96323,
48926,3.0674,
48927,2.83624,
48928,2.89546,
48929,2.79748,
48930,2.87282,
48931,3.15209,
48932,3.14747,
48933,3.0446,
48934,3.14724,
48935,3.12922,
48936,2.87765,
48937,2.9012,
48938,2.96265,
48939,2.82179,
48940,2.96965,
48941,3.12048,
48942,3.07517,
48943,3.15093,
48944,3.26511,
48945,3.28578,
48946,2.79419,
48947,2.93046,
48948,3.1011,
48949,3.1057,
48950,3.01693,
48951,3.02663,
48952,3.20217,
48953,3.1069,
48954,3.20455,
48955,2.98223,
48956,2.99264,
48957,3.15947,
48958,2.83474,
48959,3.0509,
48960,3.04769,
48961,3.01665,
48962,2.96797,
48963,3.0007,
48964,3.22682,
48965,3.06832,
48966,3.12468,
48967,3.02043,
48968,3.16263,
48969,3.10262,
48970,3.11786,
48971,2.94143,
48972,3.04479,
48973,3.02345,
48974,2.91629,
48975,2.99139,
48976,2.8854,
48977,3.02184,
48978,3.02617,
48979,3.06371,
48980,2.80936,
48981,2.99389,
48982,3.05303,
48983,2.9671,
48984,2.8387,
48985,2.81324,
48986,3.06965,
48987,2.84214,
48988,3.02057,
48989,2.14193,
48990,3.03657,
48991,3.03386,
48992,3.14933,
48993,3.26127,
48994,3.50005,
48995,3.11558,
48996,3.21373,
48997,3.05693,
48998,3.19964,
48999,3.17015,
49000,3.16939,
49001,3.1558,
49002,3.01757,
49003,3.0844,
49004,3.09339,
49005,3.23508,
49006,3.02214,
49007,3.14268,
49008,3.22866,
49009,3.13348,
49010,3.09653,
49011,2.97204,
49012,3.01694,
49013,3.11392,
49014,3.07918,
49015,3.05266,
49016,3.0663,
49017,2.92518,
49018,3.185,
49019,3.16613,
49020,2.93924,
49021,3.08496,
49022,2.94258,
49023,2.87012,
49024,2.82096,
49025,2.69078,
49026,3.00061,
49027,2.9197,
49028,2.83153,
49029,2.95454,
49030,3.05825,
49031,2.88922,
49032,2.88992,
49033,2.91593,
49034,2.86889,
49035,3.00701,
49036,2.86115,
49037,2.95767,
49038,3.08613,
49039,2.9452,
49040,3.09116,
49041,2.95388,
49042,2.89361,
49043,2.89881,
49044,2.91091,
49045,3.12037,
49046,2.98838,
49047,2.93831,
49048,2.99334,
49049,3.05711,
49050,2.89556,
49051,2.71818,
49052,2.90339,
49053,2.86293,
49054,2.97713,
49055,2.98217,
49056,2.71775,
49057,3.06257,
49058,3.1079,
49059,3.04049,
49060,2.93882,
49061,2.89969,
49062,3.14013,
49063,2.94564,
49064,2.67192,
49065,3.00937,
49066,3.0004,
49067,3.1837,
49068,2.9333,
49069,2.87537,
49070,3.01405,
49071,2.9413,
49072,2.90174,
49073,2.92874,
49074,2.9156,
49075,3.03138,
49076,3.00186,
49077,3.04782,
49078,2.86224,
49079,2.88283,
49080,2.84062,
49081,3.03376,
49082,3.02399,
49083,3.03479,
49084,2.99071,
49085,3.20594,
49086,2.92018,
49087,3.01902,
49088,3.06319,
49089,2.84005,
49090,3.0852,
49091,3.07035,
49092,3.16949,
49093,2.95701,
49094,2.76873,
49095,2.81783,
49096,2.98539,
49097,2.81515,
49098,2.90908,
49099,2.77085,
49100,2.9327,
49101,3.13947,
49102,3.07699,
49103,2.95012,
49104,3.08861,
49105,2.9643,
49106,3.02815,
49107,2.98663,
49108,3.09132,
49109,3.08028,
49110,3.12008,
49111,3.02264,
49112,3.11038,
49113,3.02055,
49114,2.96207,
49115,3.11711,
49116,2.75736,
49117,2.88372,
49118,3.08161,
49119,2.97088,
49120,3.03901,
49121,2.85155,
49122,2.9486,
49123,3.05377,
49124,2.86822,
49125,2.98054,
49126,2.87225,
49127,2.75616,
49128,2.92978,
49129,2.7244,
49130,2.89953,
49131,2.90424,
49132,2.98655,
49133,2.85856,
49134,3.01142,
49135,3.07671,
49136,3.01634,
49137,2.8618,
49138,2.96971,
49139,2.82375,
49140,2.87899,
49141,2.72525,
49142,3.08741,
49143,2.94413,
49144,2.98116,
49145,3.08594,
49146,2.99226,
49147,2.92193,
49148,3.00666,
49149,2.9574,
49150,3.03886,
49151,3.06012,
49152,3.14597,
49153,3.23381,
49154,3.09169,
49155,3.03026,
49156,3.0291,
49157,2.91561,
49158,2.95236,
49159,2.83597,
49160,2.8928,
49161,2.79248,
49162,3.01418,
49163,2.90127,
49164,3.10204,
49165,2.93365,
49166,3.0645,
49167,3.13989,
49168,3.15315,
49169,3.19159,
49170,2.95017,
49171,2.8662,
49172,3.09638,
49173,2.80971,
49174,3.05627,
49175,3.00951,
49176,3.10558,
49177,3.1834,
49178,3.16534,
49179,2.8434,
49180,3.1367,
49181,3.02946,
49182,3.01873,
49183,3.00647,
49184,3.14008,
49185,2.92741,
49186,3.13374,
49187,2.73288,
49188,3.07536,
49189,3.07726,
49190,3.22985,
49191,2.98372,
49192,3.0658,
49193,3.17064,
49194,2.92586,
49195,3.08223,
49196,2.85032,
49197,2.97394,
49198,2.9406,
49199,3.23739,
49200,3.16589,
49201,2.83463,
49202,3.02866,
49203,2.95537,
49204,3.0569,
49205,3.07983,
49206,3.29334,
49207,3.0713,
49208,2.96042,
49209,3.07241,
49210,3.13431,
49211,2.9776,
49212,2.90654,
49213,2.89694,
49214,3.05056,
49215,3.13566,
49216,3.1936,
49217,3.09705,
49218,3.02986,
49219,2.9903,
49220,2.82246,
49221,3.16774,
49222,2.98633,
49223,3.10404,
49224,3.05071,
49225,3.0474,
49226,3.06507,
49227,3.15426,
49228,3.07453,
49229,2.9838,
49230,3.06036,
49231,3.12287,
49232,2.89623,
49233,3.18833,
49234,3.04103,
49235,3.00546,
49236,2.90115,
49237,3.10611,
49238,3.11552,
49239,2.95082,
49240,2.90899,
49241,3.0972,
49242,2.88446,
49243,2.90904,
49244,3.04881,
49245,2.85932,
49246,2.90486,
49247,3.08224,
49248,3.08984,
49249,2.93917,
49250,2.92835,
49251,2.89645,
49252,3.06425,
49253,3.13034,
49254,2.7688,
49255,2.99634,
49256,2.955,
49257,3.08815,
49258,3.07786,
49259,3.12214,
49260,2.90353,
49261,2.94341,
49262,3.02413,
49263,2.7438,
49264,2.85053,
49265,3.20593,
49266,2.92323,
49267,3.0084,
49268,2.81733,
49269,2.8415,
49270,3.07537,
49271,2.94281,
49272,2.81895,
49273,3.08401,
49274,3.0268,
49275,2.82531,
49276,2.89606,
49277,2.85742,
49278,2.97525,
49279,2.85681,
49280,2.89165,
49281,3.04138,
49282,2.93191,
49283,3.16199,
49284,3.13685,
49285,3.05432,
49286,3.16326,
49287,2.92564,
49288,2.97822,
49289,3.09956,
49290,3.07478,
49291,3.17687,
49292,3.26747,
49293,3.35913,
49294,4.24523,
49295,3.08007,
49296,3.03992,
49297,3.0552,
49298,3.07429,
49299,3.018,
49300,3.09673,
49301,3.01448,
49302,3.04864,
49303,2.95372,
49304,3.58565,
49305,3.06359,
49306,3.06961,
49307,2.70323,
49308,2.90319,
49309,3.1218,
49310,3.11455,
49311,3.21961,
49312,3.30404,
49313,3.15335,
49314,3.05948,
49315,3.04107,
49316,2.99003,
49317,3.18127,
49318,2.95435,
49319,3.0024,
49320,3.13897,
49321,3.15024,
49322,3.04526,
49323,2.90535,
49324,2.87316,
49325,2.94378,
49326,2.94073,
49327,2.89277,
49328,2.71082,
49329,3.13962,
49330,3.0139,
49331,2.84399,
49332,2.86762,
49333,2.9165,
49334,3.03329,
49335,3.03568,
49336,2.96851,
49337,3.08676,
49338,2.815,
49339,2.94347,
49340,2.66519,
49341,3.01598,
49342,2.95008,
49343,2.95795,
49344,2.94486,
49345,2.9643,
49346,2.93775,
49347,2.91733,
49348,2.84936,
49349,2.76628,
49350,2.97969,
49351,2.94889,
49352,2.69401,
49353,2.77822,
49354,2.75749,
49355,2.95566,
49356,2.93358,
49357,2.91594,
49358,2.91343,
49359,2.97085,
49360,3.03917,
49361,2.73535,
49362,3.08952,
49363,2.98388,
49364,2.92414,
49365,2.90813,
49366,3.07748,
49367,3.20369,
49368,3.1079,
49369,2.92374,
49370,2.88437,
49371,3.24152,
49372,3.03801,
49373,3.07058,
49374,2.99645,
49375,2.88112,
49376,2.89969,
49377,3.07378,
49378,2.6787,
49379,2.7259,
49380,2.61053,
49381,2.78522,
49382,2.95581,
49383,3.07144,
49384,3.02244,
49385,3.02099,
49386,2.93805,
49387,2.8253,
49388,2.90644,
49389,3.00122,
49390,3.13717,
49391,2.97622,
49392,2.89669,
49393,2.52331,
49394,2.54582,
49395,3.07881,
49396,2.78724,
49397,2.93546,
49398,2.76911,
49399,2.86813,
49400,2.75425,
49401,2.78461,
49402,2.76802,
49403,2.84127,
49404,2.79578,
49405,2.75375,
49406,2.83603,
49407,3.04316,
49408,2.75816,
49409,2.93325,
49410,2.90068,
49411,3.17655,
49412,3.11682,
49413,3.13735,
49414,3.12826,
49415,3.14469,
49416,3.08113,
49417,2.86627,
49418,2.67447,
49419,3.02389,
49420,2.87262,
49421,2.86301,
49422,3.04202,
49423,2.9755,
49424,3.04095,
49425,2.94565,
49426,2.93673,
49427,2.86791,
49428,3.0011,
49429,3.09438,
49430,3.04615,
49431,2.99209,
49432,2.94866,
49433,2.81421,
49434,3.11714,
49435,2.82639,
49436,2.89242,
49437,3.0013,
49438,3.07677,
49439,2.90563,
49440,3.29217,
49441,3.12282,
49442,3.13223,
49443,2.92129,
49444,3.12846,
49445,3.0437,
49446,2.97041,
49447,3.03098,
49448,2.97764,
49449,3.00457,
49450,2.99929,
49451,3.03251,
49452,3.01533,
49453,2.82878,
49454,3.02391,
49455,2.92035,
49456,2.90259,
49457,2.6486,
49458,2.79598,
49459,2.61678,
49460,2.8883,
49461,2.9437,
49462,2.71785,
49463,2.81402,
49464,2.77919,
49465,2.96877,
49466,2.9107,
49467,2.88924,
49468,2.77462,
49469,2.95041,
49470,3.00947,
49471,2.99,
49472,2.98064,
49473,3.06226,
49474,3.00311,
49475,3.12466,
49476,3.03559,
49477,3.02633,
49478,3.12585,
49479,2.99069,
49480,2.97651,
49481,2.75504,
49482,2.99036,
49483,2.97585,
49484,3.0431,
49485,2.96844,
49486,2.86013,
49487,2.96125,
49488,2.85498,
49489,2.94757,
49490,3.06208,
49491,3.1646,
49492,2.9067,
49493,2.88012,
49494,2.86537,
49495,3.02791,
49496,3.04221,
49497,3.06079,
49498,2.90861,
49499,3.09192,
49500,2.89753,
49501,3.00876,
49502,3.22361,
49503,2.97038,
49504,2.8708,
49505,2.83562,
49506,3.06436,
49507,3.10618,
49508,2.98838,
49509,3.06162,
49510,2.99706,
49511,3.22109,
49512,3.10225,
49513,3.27115,
49514,2.91665,
49515,3.00986,
49516,2.75681,
49517,2.94281,
49518,2.95611,
49519,2.93085,
49520,2.91798,
49521,3.1414,
49522,3.05947,
49523,2.94967,
49524,2.77992,
49525,2.85813,
49526,2.9572,
49527,3.00255,
49528,2.93874,
49529,3.12943,
49530,3.07308,
49531,3.12503,
49532,3.03801,
49533,2.90209,
49534,3.0708,
49535,2.78965,
49536,3.14154,
49537,3.21164,
49538,3.12698,
49539,3.16616,
49540,3.35505,
49541,3.46504,
49542,3.05983,
49543,3.07811,
49544,3.09702,
49545,3.18885,
49546,3.40814,
49547,3.16807,
49548,3.009,
49549,3.02307,
49550,2.96192,
49551,3.05652,
49552,3.03444,
49553,3.10801,
49554,3.03857,
49555,2.9223,
49556,3.02374,
49557,3.45536,
49558,3.45857,
49559,3.34626,
49560,3.35908,
49561,3.34595,
49562,3.42406,
49563,3.35617,
49564,3.31638,
49565,3.39461,
49566,3.37801,
49567,3.38097,
49568,3.35674,
49569,3.3783,
49570,3.25815,
49571,3.36566,
49572,3.43628,
49573,3.42646,
49574,3.32296,
49575,3.29422,
49576,3.03508,
49577,3.2296,
49578,3.00396,
49579,3.00064,
49580,3.01141,
49581,3.01346,
49582,2.94755,
49583,3.06666,
49584,2.97956,
49585,3.00207,
49586,3.01037,
49587,2.86137,
49588,2.79787,
49589,3.05811,
49590,3.24431,
49591,3.11312,
49592,2.87912,
49593,3.01475,
49594,3.04822,
49595,2.94974,
49596,2.99988,
49597,3.0937,
49598,2.89773,
49599,2.96876,
49600,2.85124,
49601,2.78878,
49602,3.08913,
49603,2.98011,
49604,2.95587,
49605,2.99041,
49606,2.87982,
49607,2.86326,
49608,2.7901,
49609,2.85031,
49610,3.03278,
49611,2.9346,
49612,2.83683,
49613,3.02883,
49614,2.96503,
49615,2.8982,
49616,2.91564,
49617,2.79469,
49618,2.79842,
49619,3.04731,
49620,2.73831,
49621,2.83793,
49622,2.81907,
49623,2.91212,
49624,2.81839,
49625,2.83717,
49626,2.90906,
49627,2.7856,
49628,2.85499,
49629,2.88928,
49630,2.9399,
49631,2.94129,
49632,2.97468,
49633,2.81147,
49634,3.06437,
49635,2.80319,
49636,2.95674,
49637,2.94748,
49638,2.96603,
49639,3.13304,
49640,2.92076,
49641,2.8342,
49642,3.05131,
49643,2.90199,
49644,2.76095,
49645,2.8501,
49646,3.07804,
49647,2.69239,
49648,2.77285,
49649,2.95859,
49650,2.77972,
49651,2.94751,
49652,2.91266,
49653,2.80673,
49654,2.78414,
49655,3.03048,
49656,2.9677,
49657,3.00052,
49658,2.89081,
49659,3.1232,
49660,3.00009,
49661,3.12032,
49662,2.95295,
49663,2.9295,
49664,3.06786,
49665,2.97732,
49666,2.9862,
49667,2.96363,
49668,2.98557,
49669,3.03073,
49670,2.71479,
49671,2.89394,
49672,2.97995,
49673,3.03684,
49674,3.02425,
49675,2.6981,
49676,2.90254,
49677,3.02123,
49678,2.89822,
49679,2.64134,
49680,2.80295,
49681,2.8696,
49682,2.85178,
49683,2.88585,
49684,2.65723,
49685,2.73922,
49686,2.73194,
49687,2.87697,
49688,2.94995,
49689,3.20835,
49690,3.2111,
49691,3.04031,
49692,2.96369,
49693,3.13859,
49694,3.14647,
49695,2.86703,
49696,3.03514,
49697,2.92136,
49698,2.98051,
49699,2.89544,
49700,3.2431,
49701,3.0341,
49702,2.97475,
49703,3.09616,
49704,3.05449,
49705,2.96608,
49706,3.13339,
49707,2.90707,
49708,3.06882,
49709,3.02984,
49710,2.97303,
49711,2.93501,
49712,2.99873,
49713,2.80878,
49714,3.05556,
49715,3.02467,
49716,2.9102,
49717,3.05154,
49718,2.9111,
49719,2.9911,
49720,3.15061,
49721,3.04397,
49722,2.92481,
49723,2.97698,
49724,3.01976,
49725,2.82383,
49726,2.95603,
49727,2.97401,
49728,3.1233,
49729,2.86801,
49730,2.94949,
49731,2.87986,
49732,3.04906,
49733,3.05567,
49734,3.00235,
49735,2.79956,
49736,2.98786,
49737,2.92529,
49738,2.80928,
49739,2.97802,
49740,3.07306,
49741,2.98177,
49742,2.78926,
49743,2.90156,
49744,2.97864,
49745,2.9065,
49746,2.87401,
49747,2.76128,
49748,2.84821,
49749,2.83538,
49750,2.9793,
49751,2.66391,
49752,2.71897,
49753,2.74811,
49754,2.84827,
49755,2.89926,
49756,2.81029,
49757,2.63588,
49758,2.82573,
49759,2.73581,
49760,2.86864,
49761,2.77204,
49762,2.8267,
49763,2.99054,
49764,2.9065,
49765,2.96392,
49766,2.71171,
49767,2.87011,
49768,2.76187,
49769,2.85081,
49770,3.02993,
49771,2.67451,
49772,2.78392,
49773,2.65903,
49774,2.67456,
49775,2.87727,
49776,2.79986,
49777,2.86585,
49778,2.79825,
49779,2.98919,
49780,2.82349,
49781,2.85078,
49782,3.04937,
49783,3.02217,
49784,2.9387,
49785,3.00792,
49786,3.29457,
49787,2.97101,
49788,2.90698,
49789,3.12013,
49790,2.94347,
49791,3.05739,
49792,3.10899,
49793,3.01092,
49794,3.01064,
49795,3.02326,
49796,2.84899,
49797,3.08228,
49798,3.02687,
49799,2.86689,
49800,2.99424,
49801,2.95864,
49802,2.76726,
49803,2.95193,
49804,2.97417,
49805,2.79627,
49806,2.92479,
49807,2.97538,
49808,3.10419,
49809,2.92918,
49810,2.99132,
49811,2.93132,
49812,3.23781,
49813,3.27225,
49814,3.24042,
49815,3.2442,
49816,3.31618,
49817,3.22531,
49818,3.19141,
49819,3.32213,
49820,3.17289,
49821,3.25944,
49822,3.28662,
49823,3.26724,
49824,3.12642,
49825,3.29446,
49826,3.24902,
49827,3.23431,
49828,3.31919,
49829,3.19634,
49830,3.27693,
49831,3.25764,
49832,3.27923,
49833,2.99515,
49834,3.20333,
49835,2.65958,
49836,2.74021,
49837,2.66258,
49838,2.53405,
49839,2.65658,
49840,2.54454,
49841,2.8753,
49842,2.47166,
49843,2.69213,
49844,2.6731,
49845,2.79721,
49846,2.75488,
49847,2.57179,
49848,2.61544,
49849,2.8087,
49850,2.90158,
49851,2.94475,
49852,2.67976,
49853,2.60843,
49854,3.06325,
49855,3.13056,
49856,3.05476,
49857,3.11065,
49858,3.11287,
49859,3.10888,
49860,2.97854,
49861,2.81674,
49862,2.95597,
49863,3.08581,
49864,2.96418,
49865,3.02902,
49866,3.15179,
49867,3.17394,
49868,3.05138,
49869,2.99836,
49870,2.81799,
49871,3.04705,
49872,2.97257,
49873,2.93187,
49874,2.7377,
49875,2.76324,
49876,2.71304,
49877,2.9297,
49878,2.96708,
49879,2.88434,
49880,2.93265,
49881,2.85601,
49882,2.9346,
49883,2.88923,
49884,3.03988,
49885,2.84672,
49886,2.86904,
49887,2.9534,
49888,2.74157,
49889,2.76101,
49890,2.77095,
49891,2.93682,
49892,3.14241,
49893,3.00163,
49894,2.82851,
49895,2.76685,
49896,2.66043,
49897,2.60129,
49898,2.66783,
49899,2.6763,
49900,2.95325,
49901,2.64222,
49902,2.70641,
49903,2.76329,
49904,2.92344,
49905,2.89175,
49906,3.04263,
49907,2.79357,
49908,3.20558,
49909,2.95256,
49910,3.23088,
49911,3.20489,
49912,2.96829,
49913,3.16182,
49914,3.03509,
49915,2.93866,
49916,3.03477,
49917,2.9955,
49918,2.90273,
49919,2.78295,
49920,2.75245,
49921,2.9079,
49922,2.82462,
49923,2.96319,
49924,3.05397,
49925,2.8445,
49926,2.98429,
49927,2.80557,
49928,3.05144,
49929,2.97529,
49930,2.84751,
49931,2.74281,
49932,2.99241,
49933,2.73575,
49934,2.78524,
49935,2.76746,
49936,2.62225,
49937,2.69732,
49938,2.74999,
49939,3.13004,
49940,3.05886,
49941,3.20916,
49942,3.2137,
49943,3.21891,
49944,3.06955,
49945,2.8652,
49946,2.96656,
49947,2.90705,
49948,3.0924,
49949,3.32267,
49950,3.04169,
49951,3.07806,
49952,2.93143,
49953,2.93766,
49954,3.24317,
49955,3.19405,
49956,3.25912,
49957,3.12126,
49958,3.30563,
49959,3.0236,
49960,3.06965,
49961,2.96346,
49962,3.00726,
49963,2.83278,
49964,2.90121,
49965,2.81971,
49966,2.79149,
49967,3.03787,
49968,2.72464,
49969,2.82786,
49970,2.93984,
49971,3.00264,
49972,2.98441,
49973,2.87,
49974,2.96265,
49975,2.85618,
49976,2.80182,
49977,2.7493,
49978,2.81346,
49979,2.91711,
49980,2.6913,
49981,2.74768,
49982,2.97977,
49983,2.84631,
49984,3.13701,
49985,3.21869,
49986,3.1443,
49987,3.26177,
49988,3.16379,
49989,3.10209,
49990,2.94525,
49991,3.08172,
49992,2.82987,
49993,2.88885,
49994,2.79319,
49995,2.86308,
49996,3.1702,
49997,3.14572,
49998,3.04492,
49999,3.14498,
50000,3.13508,
50001,2.87848,
50002,2.89396,
50003,2.9552,
50004,2.82732,
50005,2.96903,
50006,3.12031,
50007,3.08452,
50008,3.14038,
50009,3.25599,
50010,3.27783,
50011,2.7856,
50012,2.9285,
50013,3.11667,
50014,3.08351,
50015,3.01372,
50016,3.02179,
50017,3.20401,
50018,3.09856,
50019,3.19266,
50020,2.96485,
50021,2.98615,
50022,3.15964,
50023,2.83163,
50024,3.07124,
50025,3.05614,
50026,3.01386,
50027,2.97489,
50028,2.99724,
50029,3.22175,
50030,3.0712,
50031,3.09543,
50032,3.00436,
50033,3.16813,
50034,3.10851,
50035,3.12981,
50036,2.96011,
50037,3.04827,
50038,3.01954,
50039,2.90836,
50040,2.97643,
50041,2.89186,
50042,3.02674,
50043,3.03206,
50044,3.0686,
50045,2.81033,
50046,2.99918,
50047,3.0674,
50048,2.96257,
50049,2.84919,
50050,2.82496,
50051,3.07551,
50052,2.84285,
50053,3.027,
50054,2.14326,
50055,3.02592,
50056,3.02001,
50057,3.1497,
50058,3.2473,
50059,3.4931,
50060,3.11954,
50061,3.2131,
50062,3.05521,
50063,3.19166,
50064,3.17683,
50065,3.1483,
50066,3.15967,
50067,3.01288,
50068,3.07754,
50069,3.103,
50070,3.21706,
50071,3.01241,
50072,3.14766,
50073,3.22455,
50074,3.13162,
50075,3.09018,
50076,2.98204,
50077,3.02402,
50078,3.11881,
50079,3.06168,
50080,3.06763,
50081,3.05341,
50082,2.91444,
50083,3.16581,
50084,3.15523,
50085,2.9582,
50086,3.08381,
50087,2.95041,
50088,2.86809,
50089,2.82198,
50090,2.69907,
50091,3.00107,
50092,2.92053,
50093,2.8332,
50094,2.95495,
50095,3.07647,
50096,2.89488,
50097,2.89552,
50098,2.92672,
50099,2.86308,
50100,3.01317,
50101,2.86741,
50102,2.95081,
50103,3.07552,
50104,2.95082,
50105,3.08765,
50106,2.94906,
50107,2.88665,
50108,2.89791,
50109,2.91503,
50110,3.12455,
50111,2.98787,
50112,2.92771,
50113,2.98682,
50114,3.06917,
50115,2.89482,
50116,2.71338,
50117,2.89354,
50118,2.86611,
50119,2.97028,
50120,2.982,
50121,2.71446,
50122,3.06324,
50123,3.09661,
50124,3.02435,
50125,2.94981,
50126,2.87406,
50127,3.15876,
50128,2.92531,
50129,2.65933,
50130,3.01891,
50131,2.99254,
50132,3.18745,
50133,2.92656,
50134,2.8926,
50135,3.0177,
50136,2.93795,
50137,2.89927,
50138,2.93754,
50139,2.9319,
50140,3.03708,
50141,3.0037,
50142,3.04917,
50143,2.84883,
50144,2.88082,
50145,2.84552,
50146,3.03512,
50147,3.02423,
50148,3.0272,
50149,2.98851,
50150,3.19841,
50151,2.92129,
50152,3.01603,
50153,3.05114,
50154,2.84445,
50155,3.10043,
50156,3.06896,
50157,3.17119,
50158,2.95949,
50159,2.76286,
50160,2.82109,
50161,2.9803,
50162,2.81116,
50163,2.90236,
50164,2.78342,
50165,2.94435,
50166,3.13174,
50167,3.07,
50168,2.94585,
50169,3.07152,
50170,2.96738,
50171,3.03196,
50172,2.99125,
50173,3.07391,
50174,3.08014,
50175,3.11509,
50176,3.04167,
50177,3.10275,
50178,3.00579,
50179,2.96172,
50180,3.10104,
50181,2.74382,
50182,2.87751,
50183,3.08296,
50184,2.96441,
50185,3.04183,
50186,2.8533,
50187,2.94026,
50188,3.04768,
50189,2.85789,
50190,2.99139,
50191,2.85795,
50192,2.75772,
50193,2.93204,
50194,2.71499,
50195,2.91412,
50196,2.90502,
50197,2.97636,
50198,2.87229,
50199,3.01093,
50200,3.08642,
50201,3.01378,
50202,2.87969,
50203,2.95934,
50204,2.83624,
50205,2.87756,
50206,2.71555,
50207,3.094,
50208,2.9457,
50209,2.97915,
50210,3.0857,
50211,2.99733,
50212,2.91209,
50213,3.01038,
50214,2.9591,
50215,3.04126,
50216,3.06869,
50217,3.15205,
50218,3.24372,
50219,3.09888,
50220,3.03421,
50221,3.03068,
50222,2.93356,
50223,2.94491,
50224,2.83612,
50225,2.89408,
50226,2.79719,
50227,3.01986,
50228,2.90293,
50229,3.11384,
50230,2.95269,
50231,3.07907,
50232,3.15067,
50233,3.15688,
50234,3.18243,
50235,2.96023,
50236,2.87787,
50237,3.10835,
50238,2.81897,
50239,3.06929,
50240,3.01852,
50241,3.10422,
50242,3.17686,
50243,3.17697,
50244,2.83701,
50245,3.13647,
50246,3.01092,
50247,3.03091,
50248,3.01068,
50249,3.15644,
50250,2.91185,
50251,3.14944,
50252,2.7297,
50253,3.08162,
50254,3.0893,
50255,3.2384,
50256,2.98162,
50257,3.07181,
50258,3.16991,
50259,2.93989,
50260,3.10563,
50261,2.87334,
50262,2.98174,
50263,2.94043,
50264,3.23818,
50265,3.14948,
50266,2.82585,
50267,3.02859,
50268,2.94961,
50269,3.06323,
50270,3.07532,
50271,3.29241,
50272,3.06016,
50273,2.97096,
50274,3.0783,
50275,3.14373,
50276,2.98973,
50277,2.92792,
50278,2.90488,
50279,3.04026,
50280,3.13908,
50281,3.16753,
50282,3.10543,
50283,3.02948,
50284,2.99068,
50285,2.8093,
50286,3.152,
50287,2.9936,
50288,3.08699,
50289,3.05076,
50290,3.0589,
50291,3.05299,
50292,3.14374,
50293,3.06571,
50294,2.9713,
50295,3.05651,
50296,3.12656,
50297,2.89826,
50298,3.17574,
50299,3.04176,
50300,3.00127,
50301,2.91367,
50302,3.09817,
50303,3.11263,
50304,2.95981,
50305,2.88713,
50306,3.09663,
50307,2.87493,
50308,2.89695,
50309,3.04421,
50310,2.85394,
50311,2.90681,
50312,3.08269,
50313,3.10433,
50314,2.93287,
50315,2.92231,
50316,2.88207,
50317,3.05783,
50318,3.14191,
50319,2.75682,
50320,2.98991,
50321,2.95429,
50322,3.07743,
50323,3.08407,
50324,3.12969,
50325,2.91437,
50326,2.93743,
50327,3.01814,
50328,2.73827,
50329,2.85481,
50330,3.19318,
50331,2.92203,
50332,3.00194,
50333,2.8418,
50334,2.83783,
50335,3.05821,
50336,2.93584,
50337,2.80687,
50338,3.09857,
50339,3.02567,
50340,2.83,
50341,2.89024,
50342,2.85921,
50343,2.97956,
50344,2.84683,
50345,2.88466,
50346,3.04769,
50347,2.93906,
50348,3.15426,
50349,3.12082,
50350,3.04466,
50351,3.17078,
50352,2.90985,
50353,2.98807,
50354,3.11183,
50355,3.07018,
50356,3.17031,
50357,3.26371,
50358,3.35759,
50359,4.22205,
50360,3.06786,
50361,3.02443,
50362,3.05434,
50363,3.0805,
50364,3.00962,
50365,3.10272,
50366,2.9978,
50367,3.05312,
50368,2.95595,
50369,3.59811,
50370,3.04922,
50371,3.07954,
50372,2.70956,
50373,2.90283,
50374,3.12209,
50375,3.11565,
50376,3.23036,
50377,3.31241,
50378,3.15984,
50379,3.06145,
50380,3.03623,
50381,2.98873,
50382,3.17125,
50383,2.94289,
50384,3.00313,
50385,3.1333,
50386,3.14786,
50387,3.04816,
50388,2.89247,
50389,2.86475,
50390,2.93625,
50391,2.94595,
50392,2.88845,
50393,2.71798,
50394,3.15898,
50395,3.00671,
50396,2.84018,
50397,2.88955,
50398,2.91862,
50399,3.04049,
50400,3.0396,
50401,2.95008,
50402,3.08598,
50403,2.81056,
50404,2.95676,
50405,2.66214,
50406,3.01263,
50407,2.94493,
50408,2.94632,
50409,2.94632,
50410,2.97084,
50411,2.94414,
50412,2.90207,
50413,2.83876,
50414,2.76248,
50415,2.98052,
50416,2.92712,
50417,2.65726,
50418,2.76259,
50419,2.74229,
50420,2.96813,
50421,2.93245,
50422,2.90001,
50423,2.91218,
50424,2.97007,
50425,3.01511,
50426,2.73594,
50427,3.08744,
50428,2.96148,
50429,2.93517,
50430,2.90345,
50431,3.07766,
50432,3.20871,
50433,3.11062,
50434,2.92972,
50435,2.88023,
50436,3.23459,
50437,3.03815,
50438,3.07938,
50439,2.99118,
50440,2.8683,
50441,2.895,
50442,3.08797,
50443,2.70974,
50444,2.73637,
50445,2.61232,
50446,2.78647,
50447,2.95237,
50448,3.06269,
50449,3.0188,
50450,3.02088,
50451,2.94413,
50452,2.82086,
50453,2.89035,
50454,2.98844,
50455,3.13296,
50456,2.95766,
50457,2.90286,
50458,2.53053,
50459,2.53838,
50460,3.06653,
50461,2.78547,
50462,2.94155,
50463,2.76497,
50464,2.86774,
50465,2.7467,
50466,2.79369,
50467,2.77389,
50468,2.85519,
50469,2.78457,
50470,2.77222,
50471,2.84049,
50472,3.05561,
50473,2.75406,
50474,2.95297,
50475,2.90633,
50476,3.16909,
50477,3.10895,
50478,3.1073,
50479,3.12316,
50480,3.15398,
50481,3.08078,
50482,2.87198,
50483,2.6821,
50484,3.02278,
50485,2.87421,
50486,2.85178,
50487,3.03921,
50488,2.97361,
50489,3.05523,
50490,2.94967,
50491,2.92268,
50492,2.87319,
50493,3.00098,
50494,3.11195,
50495,3.04213,
50496,3.01165,
50497,2.95413,
50498,2.80976,
50499,3.1196,
50500,2.82295,
50501,2.88937,
50502,3.00026,
50503,3.0691,
50504,2.91049,
50505,3.28722,
50506,3.1313,
50507,3.11807,
50508,2.92489,
50509,3.10315,
50510,3.01984,
50511,2.97821,
50512,3.0239,
50513,2.98164,
50514,2.99847,
50515,2.99781,
50516,3.01762,
50517,3.01072,
50518,2.82415,
50519,3.02673,
50520,2.91858,
50521,2.9001,
50522,2.65012,
50523,2.80062,
50524,2.60433,
50525,2.88788,
50526,2.94607,
50527,2.71474,
50528,2.82405,
50529,2.80449,
50530,2.98022,
50531,2.91072,
50532,2.88473,
50533,2.76024,
50534,2.94942,
50535,3.00814,
50536,2.98591,
50537,2.97493,
50538,3.07146,
50539,3.01076,
50540,3.12487,
50541,3.04007,
50542,3.03043,
50543,3.12736,
50544,2.99436,
50545,2.97015,
50546,2.75284,
50547,2.98171,
50548,2.95353,
50549,3.0536,
50550,2.98233,
50551,2.86022,
50552,2.94836,
50553,2.85845,
50554,2.95085,
50555,3.05123,
50556,3.16423,
50557,2.91002,
50558,2.89231,
50559,2.8634,
50560,3.0323,
50561,3.04895,
50562,3.06514,
50563,2.90421,
50564,3.08455,
50565,2.91482,
50566,3.00109,
50567,3.21574,
50568,2.97154,
50569,2.85193,
50570,2.84208,
50571,3.0825,
50572,3.10779,
50573,2.98211,
50574,3.07411,
50575,2.98383,
50576,3.22186,
50577,3.10324,
50578,3.26425,
50579,2.92603,
50580,3.00245,
50581,2.76503,
50582,2.9373,
50583,2.95873,
50584,2.91534,
50585,2.9083,
50586,3.13767,
50587,3.05128,
50588,2.94897,
50589,2.77237,
50590,2.87165,
50591,2.96447,
50592,2.99505,
50593,2.93691,
50594,3.11728,
50595,3.06815,
50596,3.12289,
50597,3.0365,
50598,2.8871,
50599,3.06809,
50600,2.78669,
50601,3.14019,
50602,3.22034,
50603,3.14197,
50604,3.1505,
50605,3.35246,
50606,3.46131,
50607,3.06049,
50608,3.07124,
50609,3.10979,
50610,3.20144,
50611,3.40805,
50612,3.15785,
50613,3.01955,
50614,3.01757,
50615,2.95541,
50616,3.02926,
50617,3.04824,
50618,3.11603,
50619,3.03888,
50620,2.91396,
50621,3.02495,
50622,3.45789,
50623,3.44524,
50624,3.33226,
50625,3.34532,
50626,3.35584,
50627,3.43399,
50628,3.35172,
50629,3.31126,
50630,3.37895,
50631,3.37049,
50632,3.37358,
50633,3.3462,
50634,3.38991,
50635,3.259,
50636,3.36272,
50637,3.44663,
50638,3.41543,
50639,3.33592,
50640,3.2793,
50641,3.02845,
50642,3.23163,
50643,3.00866,
50644,2.98284,
50645,2.99838,
50646,3.0206,
50647,2.93606,
50648,3.0674,
50649,2.9745,
50650,2.99842,
50651,2.99867,
50652,2.86068,
50653,2.78798,
50654,3.04556,
50655,3.23764,
50656,3.11919,
50657,2.86111,
50658,3.03294,
50659,3.06221,
50660,2.9444,
50661,2.98817,
50662,3.08646,
50663,2.90391,
50664,2.94703,
50665,2.85063,
50666,2.79054,
50667,3.09376,
50668,2.97646,
50669,2.95415,
50670,2.97497,
50671,2.8968,
50672,2.86643,
50673,2.80018,
50674,2.83598,
50675,3.03011,
50676,2.93351,
50677,2.83478,
50678,3.02195,
50679,2.95963,
50680,2.91092,
50681,2.918,
50682,2.80141,
50683,2.81453,
50684,3.02314,
50685,2.74184,
50686,2.8358,
50687,2.82611,
50688,2.90919,
50689,2.81586,
50690,2.84399,
50691,2.91701,
50692,2.78874,
50693,2.83678,
50694,2.89023,
50695,2.9292,
50696,2.95722,
50697,2.97558,
50698,2.81835,
50699,3.04916,
50700,2.81429,
50701,2.94726,
50702,2.96021,
50703,2.94965,
50704,3.11993,
50705,2.90907,
50706,2.83319,
50707,3.0408,
50708,2.89767,
50709,2.77668,
50710,2.85973,
50711,3.08046,
50712,2.69978,
50713,2.78399,
50714,2.95628,
50715,2.78348,
50716,2.94823,
50717,2.92126,
50718,2.79542,
50719,2.77778,
50720,3.01933,
50721,2.95524,
50722,2.99415,
50723,2.88326,
50724,3.11914,
50725,2.99404,
50726,3.12536,
50727,2.95985,
50728,2.9295,
50729,3.06614,
50730,2.99788,
50731,2.99851,
50732,2.96657,
50733,2.98376,
50734,3.02199,
50735,2.7046,
50736,2.90848,
50737,2.9719,
50738,3.03518,
50739,3.01964,
50740,2.68448,
50741,2.91132,
50742,3.00968,
50743,2.89073,
50744,2.63661,
50745,2.79199,
50746,2.87082,
50747,2.83128,
50748,2.89697,
50749,2.65756,
50750,2.75422,
50751,2.72888,
50752,2.87826,
50753,2.95625,
50754,3.19662,
50755,3.20554,
50756,3.03811,
50757,2.97413,
50758,3.15378,
50759,3.14387,
50760,2.87311,
50761,3.03161,
50762,2.91889,
50763,2.97019,
50764,2.88854,
50765,3.23739,
50766,3.02891,
50767,2.95202,
50768,3.10008,
50769,3.04021,
50770,2.95715,
50771,3.13146,
50772,2.90322,
50773,3.08236,
50774,3.03519,
50775,2.9706,
50776,2.92468,
50777,3.03446,
50778,2.79104,
50779,3.04164,
50780,3.0255,
50781,2.88277,
50782,3.04777,
50783,2.91593,
50784,2.98378,
50785,3.14714,
50786,3.0287,
50787,2.92932,
50788,2.98994,
50789,3.02337,
50790,2.82209,
50791,2.95057,
50792,2.97852,
50793,3.12444,
50794,2.86419,
50795,2.94073,
50796,2.85785,
50797,3.04273,
50798,3.05841,
50799,3.00432,
50800,2.79391,
50801,2.99128,
50802,2.92032,
50803,2.81151,
50804,2.97057,
50805,3.0824,
50806,2.98206,
50807,2.7983,
50808,2.90391,
50809,2.98411,
50810,2.89661,
50811,2.87259,
50812,2.76775,
50813,2.84377,
50814,2.82486,
50815,2.97212,
50816,2.67381,
50817,2.71148,
50818,2.75405,
50819,2.84793,
50820,2.90025,
50821,2.80376,
50822,2.63411,
50823,2.83384,
50824,2.7334,
50825,2.85962,
50826,2.78223,
50827,2.81773,
50828,2.98227,
50829,2.90995,
50830,2.95072,
50831,2.70188,
50832,2.88005,
50833,2.76453,
50834,2.85987,
50835,3.02934,
50836,2.67099,
50837,2.7825,
50838,2.66757,
50839,2.67189,
50840,2.88037,
50841,2.80971,
50842,2.86878,
50843,2.80323,
50844,2.99641,
50845,2.82994,
50846,2.8623,
50847,3.03706,
50848,3.02978,
50849,2.93201,
50850,3.0012,
50851,3.29069,
50852,2.96559,
50853,2.87846,
50854,3.11002,
50855,2.94944,
50856,3.06702,
50857,3.10221,
50858,3.00779,
50859,3.01842,
50860,3.02651,
50861,2.85027,
50862,3.06679,
50863,3.02957,
50864,2.86829,
50865,2.99701,
50866,2.95468,
50867,2.78942,
50868,2.94943,
50869,2.96366,
50870,2.79821,
50871,2.91913,
50872,2.96641,
50873,3.11518,
50874,2.94532,
50875,2.99082,
50876,2.92868,
50877,3.24329,
50878,3.2618,
50879,3.24335,
50880,3.23585,
50881,3.31029,
50882,3.21114,
50883,3.20366,
50884,3.3016,
50885,3.17395,
50886,3.25811,
50887,3.27487,
50888,3.25729,
50889,3.14213,
50890,3.29298,
50891,3.23324,
50892,3.24641,
50893,3.33631,
50894,3.20322,
50895,3.27084,
50896,3.24595,
50897,3.29157,
50898,2.99209,
50899,3.1933,
50900,2.64086,
50901,2.73261,
50902,2.66348,
50903,2.51726,
50904,2.64526,
50905,2.53207,
50906,2.87642,
50907,2.45535,
50908,2.68899,
50909,2.66864,
50910,2.77572,
50911,2.74719,
50912,2.55947,
50913,2.61889,
50914,2.81349,
50915,2.91615,
50916,2.93665,
50917,2.68223,
50918,2.60699,
50919,3.04559,
50920,3.12422,
50921,3.04598,
50922,3.1019,
50923,3.11888,
50924,3.10349,
50925,2.96506,
50926,2.8232,
50927,2.95791,
50928,3.09162,
50929,2.93969,
50930,3.03407,
50931,3.15072,
50932,3.17987,
50933,3.06925,
50934,2.99484,
50935,2.81753,
50936,3.03523,
50937,2.97589,
50938,2.93779,
50939,2.7276,
50940,2.77477,
50941,2.71738,
50942,2.93141,
50943,2.96091,
50944,2.86664,
50945,2.94206,
50946,2.84595,
50947,2.93145,
50948,2.87246,
50949,3.01587,
50950,2.8565,
50951,2.85953,
50952,2.95079,
50953,2.73621,
50954,2.77714,
50955,2.76156,
50956,2.92862,
50957,3.13517,
50958,2.98699,
50959,2.82443,
50960,2.77819,
50961,2.65792,
50962,2.59388,
50963,2.67142,
50964,2.69642,
50965,2.95711,
50966,2.64918,
50967,2.70472,
50968,2.77878,
50969,2.91901,
50970,2.89126,
50971,3.03811,
50972,2.7874,
50973,3.20935,
50974,2.9378,
50975,3.23212,
50976,3.18383,
50977,2.9839,
50978,3.15038,
50979,3.03347,
50980,2.92657,
50981,3.02786,
50982,2.9998,
50983,2.89281,
50984,2.77438,
50985,2.75864,
50986,2.89618,
50987,2.83605,
50988,2.96304,
50989,3.05281,
50990,2.83386,
50991,2.97868,
50992,2.80819,
50993,3.06024,
50994,2.98714,
50995,2.85476,
50996,2.7413,
50997,2.98747,
50998,2.73069,
50999,2.78533,
51000,2.78539,
51001,2.62048,
51002,2.68784,
51003,2.74669,
51004,3.12118,
51005,3.05139,
51006,3.19334,
51007,3.2106,
51008,3.19989,
51009,3.05434,
51010,2.85151,
51011,2.95954,
51012,2.89934,
51013,3.0772,
51014,3.30874,
51015,3.01814,
51016,3.08009,
51017,2.93827,
51018,2.95474,
51019,3.24318,
51020,3.18609,
51021,3.25607,
51022,3.10568,
51023,3.29049,
51024,2.99749,
51025,3.0541,
51026,2.96638,
51027,2.98608,
51028,2.82717,
51029,2.89421,
51030,2.81697,
51031,2.76822,
51032,3.03216,
51033,2.72466,
51034,2.8331,
51035,2.93271,
51036,2.99062,
51037,2.99397,
51038,2.88753,
51039,2.9527,
51040,2.86367,
51041,2.80588,
51042,2.75189,
51043,2.80157,
51044,2.91933,
51045,2.69956,
51046,2.7628,
51047,3.00354,
51048,2.84752,
51049,3.12823,
51050,3.21887,
51051,3.14722,
51052,3.25405,
51053,3.16617,
51054,3.11353,
51055,2.94977,
51056,3.04981,
51057,2.82785,
51058,2.886,
51059,2.78892,
51060,2.85035,
51061,3.15152,
51062,3.14697,
51063,3.05008,
51064,3.14345,
51065,3.1288,
51066,2.87344,
51067,2.91371,
51068,2.95386,
51069,2.81702,
51070,2.96488,
51071,3.10943,
51072,3.0702,
51073,3.1447,
51074,3.23416,
51075,3.28786,
51076,2.78019,
51077,2.92303,
51078,3.10661,
51079,3.08745,
51080,3.01288,
51081,3.02612,
51082,3.1954,
51083,3.11155,
51084,3.20626,
51085,2.96376,
51086,2.99077,
51087,3.15439,
51088,2.82967,
51089,3.05397,
51090,3.05239,
51091,3.01853,
51092,2.96316,
51093,2.99617,
51094,3.21426,
51095,3.07691,
51096,3.09864,
51097,3.00848,
51098,3.16483,
51099,3.10638,
51100,3.11605,
51101,2.94131,
51102,3.05103,
51103,3.02134,
51104,2.90757,
51105,2.97093,
51106,2.89569,
51107,3.03277,
51108,3.01987,
51109,3.07432,
51110,2.81751,
51111,3.00946,
51112,3.05544,
51113,2.94988,
51114,2.8453,
51115,2.82387,
51116,3.08054,
51117,2.83274,
51118,3.02099,
51119,2.14457,
51120,3.02989,
51121,3.02875,
51122,3.15583,
51123,3.27936,
51124,3.48935,
51125,3.10961,
51126,3.21293,
51127,3.06533,
51128,3.19602,
51129,3.16624,
51130,3.16246,
51131,3.15328,
51132,3.00767,
51133,3.07385,
51134,3.10018,
51135,3.22452,
51136,3.0234,
51137,3.13346,
51138,3.22532,
51139,3.12881,
51140,3.09782,
51141,2.96511,
51142,3.02389,
51143,3.11745,
51144,3.0773,
51145,3.06046,
51146,3.05597,
51147,2.90992,
51148,3.1657,
51149,3.16912,
51150,2.94393,
51151,3.08992,
51152,2.94139,
51153,2.86925,
51154,2.83014,
51155,2.69253,
51156,2.99533,
51157,2.92895,
51158,2.83179,
51159,2.96086,
51160,3.06742,
51161,2.89484,
51162,2.89042,
51163,2.92651,
51164,2.86601,
51165,3.0263,
51166,2.87337,
51167,2.9589,
51168,3.08126,
51169,2.95104,
51170,3.09937,
51171,2.94838,
51172,2.88856,
51173,2.89376,
51174,2.90874,
51175,3.10556,
51176,2.98158,
51177,2.92805,
51178,2.98547,
51179,3.05538,
51180,2.90513,
51181,2.70918,
51182,2.89793,
51183,2.85016,
51184,2.97884,
51185,2.97563,
51186,2.72972,
51187,3.0558,
51188,3.10713,
51189,3.03648,
51190,2.95276,
51191,2.88742,
51192,3.1447,
51193,2.92923,
51194,2.65233,
51195,3.00619,
51196,3.00541,
51197,3.18588,
51198,2.93403,
51199,2.88396,
51200,3.01195,
51201,2.94098,
51202,2.91328,
51203,2.93013,
51204,2.92622,
51205,3.02311,
51206,3.01692,
51207,3.04952,
51208,2.87077,
51209,2.88422,
51210,2.85056,
51211,3.04021,
51212,3.02535,
51213,3.0436,
51214,3.00098,
51215,3.19101,
51216,2.92118,
51217,3.00709,
51218,3.05225,
51219,2.83293,
51220,3.10026,
51221,3.0703,
51222,3.17082,
51223,2.96302,
51224,2.78229,
51225,2.82944,
51226,2.96722,
51227,2.81366,
51228,2.92517,
51229,2.78845,
51230,2.94588,
51231,3.14151,
51232,3.07503,
51233,2.94245,
51234,3.07951,
51235,2.94927,
51236,3.04892,
51237,2.98673,
51238,3.07997,
51239,3.07674,
51240,3.11045,
51241,3.04686,
51242,3.11519,
51243,3.00069,
51244,2.95999,
51245,3.10173,
51246,2.74194,
51247,2.88791,
51248,3.07479,
51249,2.97607,
51250,3.03788,
51251,2.86029,
51252,2.94088,
51253,3.05113,
51254,2.85756,
51255,2.98802,
51256,2.86543,
51257,2.76957,
51258,2.93592,
51259,2.72433,
51260,2.90275,
51261,2.91788,
51262,2.97247,
51263,2.87743,
51264,3.01164,
51265,3.08968,
51266,3.0126,
51267,2.86253,
51268,2.96008,
51269,2.80669,
51270,2.88405,
51271,2.72549,
51272,3.10328,
51273,2.97613,
51274,2.97253,
51275,3.08696,
51276,3.00573,
51277,2.91833,
51278,2.99246,
51279,2.95812,
51280,3.05794,
51281,3.07248,
51282,3.14579,
51283,3.22189,
51284,3.09748,
51285,3.04434,
51286,3.03836,
51287,2.92434,
51288,2.94869,
51289,2.84336,
51290,2.90356,
51291,2.80045,
51292,3.03171,
51293,2.90714,
51294,3.10586,
51295,2.95616,
51296,3.10675,
51297,3.14647,
51298,3.15671,
51299,3.19301,
51300,2.9664,
51301,2.87911,
51302,3.106,
51303,2.82143,
51304,3.0837,
51305,3.01054,
51306,3.11697,
51307,3.18569,
51308,3.16556,
51309,2.83957,
51310,3.14417,
51311,3.00983,
51312,3.01737,
51313,3.004,
51314,3.16083,
51315,2.92348,
51316,3.12886,
51317,2.7294,
51318,3.06898,
51319,3.09494,
51320,3.22728,
51321,2.98248,
51322,3.08745,
51323,3.16705,
51324,2.94546,
51325,3.09147,
51326,2.87408,
51327,2.98204,
51328,2.96048,
51329,3.23013,
51330,3.15653,
51331,2.84031,
51332,3.01772,
51333,2.95912,
51334,3.08575,
51335,3.09862,
51336,3.2916,
51337,3.07689,
51338,2.98775,
51339,3.07726,
51340,3.14073,
51341,3.00724,
51342,2.91603,
51343,2.9344,
51344,3.03178,
51345,3.12824,
51346,3.17989,
51347,3.10542,
51348,3.02203,
51349,2.9911,
51350,2.83254,
51351,3.1579,
51352,2.98796,
51353,3.08383,
51354,3.04635,
51355,3.0393,
51356,3.04576,
51357,3.14987,
51358,3.07806,
51359,2.95551,
51360,3.06718,
51361,3.1297,
51362,2.89709,
51363,3.18177,
51364,3.03735,
51365,3.00555,
51366,2.89677,
51367,3.09853,
51368,3.11041,
51369,2.95181,
51370,2.89303,
51371,3.09176,
51372,2.89347,
51373,2.91183,
51374,3.04018,
51375,2.85137,
51376,2.89886,
51377,3.09322,
51378,3.09436,
51379,2.93577,
51380,2.94775,
51381,2.89311,
51382,3.06932,
51383,3.14156,
51384,2.73712,
51385,2.99701,
51386,2.96165,
51387,3.07404,
51388,3.08966,
51389,3.13064,
51390,2.92729,
51391,2.95002,
51392,3.00796,
51393,2.75521,
51394,2.84618,
51395,3.18663,
51396,2.91765,
51397,3.01673,
51398,2.82567,
51399,2.8333,
51400,3.05435,
51401,2.94416,
51402,2.79291,
51403,3.0885,
51404,3.01355,
51405,2.82589,
51406,2.88671,
51407,2.85397,
51408,2.99183,
51409,2.85252,
51410,2.88221,
51411,3.04085,
51412,2.92927,
51413,3.13967,
51414,3.12112,
51415,3.04382,
51416,3.18376,
51417,2.91482,
51418,2.96013,
51419,3.10532,
51420,3.05629,
51421,3.1674,
51422,3.2778,
51423,3.36542,
51424,4.23116,
51425,3.08783,
51426,3.03074,
51427,3.05512,
51428,3.07619,
51429,3.0077,
51430,3.10683,
51431,3.00373,
51432,3.04074,
51433,2.93951,
51434,3.58908,
51435,3.06192,
51436,3.07898,
51437,2.7131,
51438,2.88229,
51439,3.12087,
51440,3.10369,
51441,3.22082,
51442,3.31491,
51443,3.16044,
51444,3.07195,
51445,3.02843,
51446,2.98272,
51447,3.16298,
51448,2.95386,
51449,2.99801,
51450,3.12172,
51451,3.14992,
51452,3.04219,
51453,2.89972,
51454,2.85985,
51455,2.93193,
51456,2.95059,
51457,2.89563,
51458,2.70484,
51459,3.14419,
51460,3.00675,
51461,2.843,
51462,2.87571,
51463,2.93882,
51464,3.03213,
51465,3.04217,
51466,2.96918,
51467,3.09216,
51468,2.80993,
51469,2.93982,
51470,2.65851,
51471,3.01812,
51472,2.9543,
51473,2.95585,
51474,2.93773,
51475,2.97158,
51476,2.94761,
51477,2.90877,
51478,2.83592,
51479,2.76909,
51480,2.98676,
51481,2.92327,
51482,2.682,
51483,2.7579,
51484,2.77236,
51485,2.96007,
51486,2.92235,
51487,2.89508,
51488,2.91248,
51489,2.96293,
51490,3.01503,
51491,2.72612,
51492,3.08128,
51493,2.97066,
51494,2.92539,
51495,2.90801,
51496,3.06879,
51497,3.21357,
51498,3.10067,
51499,2.91555,
51500,2.88203,
51501,3.25336,
51502,3.03425,
51503,3.06694,
51504,2.98948,
51505,2.86197,
51506,2.899,
51507,3.0714,
51508,2.69735,
51509,2.73772,
51510,2.61736,
51511,2.78413,
51512,2.94926,
51513,3.0631,
51514,3.01178,
51515,3.02447,
51516,2.9501,
51517,2.81767,
51518,2.90035,
51519,2.99263,
51520,3.15161,
51521,2.9621,
51522,2.89913,
51523,2.54257,
51524,2.54492,
51525,3.06727,
51526,2.80587,
51527,2.93621,
51528,2.76207,
51529,2.85665,
51530,2.74631,
51531,2.7851,
51532,2.77844,
51533,2.86169,
51534,2.80196,
51535,2.76021,
51536,2.83838,
51537,3.04527,
51538,2.74963,
51539,2.9431,
51540,2.90735,
51541,3.16902,
51542,3.10681,
51543,3.11059,
51544,3.12068,
51545,3.14981,
51546,3.07769,
51547,2.86761,
51548,2.68311,
51549,3.02837,
51550,2.87425,
51551,2.84949,
51552,3.04664,
51553,2.96609,
51554,3.04215,
51555,2.947,
51556,2.92094,
51557,2.86813,
51558,3.00327,
51559,3.10609,
51560,3.05515,
51561,3.01058,
51562,2.95382,
51563,2.82325,
51564,3.13434,
51565,2.81686,
51566,2.89179,
51567,2.99259,
51568,3.06683,
51569,2.91781,
51570,3.29902,
51571,3.12122,
51572,3.12208,
51573,2.94403,
51574,3.10057,
51575,3.01991,
51576,2.96452,
51577,3.01914,
51578,2.99594,
51579,3.0025,
51580,2.99775,
51581,3.01742,
51582,3.00834,
51583,2.82482,
51584,3.02037,
51585,2.92086,
51586,2.91086,
51587,2.65381,
51588,2.80198,
51589,2.61273,
51590,2.89893,
51591,2.95798,
51592,2.71769,
51593,2.83225,
51594,2.78263,
51595,2.97131,
51596,2.91534,
51597,2.88102,
51598,2.75596,
51599,2.94954,
51600,3.02168,
51601,2.98047,
51602,2.97075,
51603,3.06834,
51604,3.00751,
51605,3.13455,
51606,3.04136,
51607,3.02291,
51608,3.12594,
51609,2.98777,
51610,2.96766,
51611,2.74312,
51612,2.98453,
51613,2.96679,
51614,3.05656,
51615,2.967,
51616,2.85545,
51617,2.94942,
51618,2.86011,
51619,2.95743,
51620,3.05552,
51621,3.16947,
51622,2.91579,
51623,2.8941,
51624,2.85962,
51625,3.01904,
51626,3.05035,
51627,3.06636,
51628,2.90053,
51629,3.08046,
51630,2.90273,
51631,2.99884,
51632,3.20747,
51633,2.97376,
51634,2.86277,
51635,2.84676,
51636,3.06878,
51637,3.11208,
51638,2.97851,
51639,3.06271,
51640,2.99202,
51641,3.22166,
51642,3.11352,
51643,3.27248,
51644,2.92989,
51645,3.01122,
51646,2.75903,
51647,2.9669,
51648,2.94966,
51649,2.92573,
51650,2.91031,
51651,3.14162,
51652,3.07023,
51653,2.97518,
51654,2.77932,
51655,2.87295,
51656,2.96029,
51657,2.99089,
51658,2.94018,
51659,3.10389,
51660,3.07025,
51661,3.11748,
51662,3.02297,
51663,2.88729,
51664,3.06298,
51665,2.77597,
51666,3.13325,
51667,3.21238,
51668,3.12507,
51669,3.14187,
51670,3.34798,
51671,3.44563,
51672,3.05766,
51673,3.08002,
51674,3.11164,
51675,3.19386,
51676,3.4202,
51677,3.17465,
51678,3.01707,
51679,3.02986,
51680,2.96852,
51681,3.03496,
51682,3.03862,
51683,3.10735,
51684,3.03995,
51685,2.93015,
51686,3.01814,
51687,3.45388,
51688,3.45125,
51689,3.33705,
51690,3.34675,
51691,3.34303,
51692,3.42438,
51693,3.34612,
51694,3.3064,
51695,3.37654,
51696,3.38333,
51697,3.36326,
51698,3.34819,
51699,3.37538,
51700,3.28399,
51701,3.37158,
51702,3.44078,
51703,3.42821,
51704,3.33418,
51705,3.27785,
51706,3.04072,
51707,3.23859,
51708,3.00284,
51709,2.98039,
51710,3.00249,
51711,3.01392,
51712,2.92572,
51713,3.05806,
51714,2.98335,
51715,3.01341,
51716,2.99302,
51717,2.86678,
51718,2.78033,
51719,3.05057,
51720,3.24212,
51721,3.12175,
51722,2.86249,
51723,3.02115,
51724,3.05629,
51725,2.95831,
51726,2.98819,
51727,3.10577,
51728,2.90354,
51729,2.94642,
51730,2.8477,
51731,2.77416,
51732,3.08111,
51733,2.98053,
51734,2.95382,
51735,2.95964,
51736,2.86419,
51737,2.86297,
51738,2.79076,
51739,2.83932,
51740,3.03566,
51741,2.92874,
51742,2.83461,
51743,3.02305,
51744,2.95928,
51745,2.90342,
51746,2.92517,
51747,2.79133,
51748,2.824,
51749,3.03158,
51750,2.76103,
51751,2.84271,
51752,2.81664,
51753,2.9128,
51754,2.8307,
51755,2.85078,
51756,2.90992,
51757,2.79039,
51758,2.8365,
51759,2.89185,
51760,2.94004,
51761,2.94049,
51762,2.97166,
51763,2.81142,
51764,3.04925,
51765,2.80455,
51766,2.94153,
51767,2.9696,
51768,2.96671,
51769,3.12182,
51770,2.91236,
51771,2.84137,
51772,3.04453,
51773,2.91094,
51774,2.77731,
51775,2.86474,
51776,3.07318,
51777,2.70318,
51778,2.79043,
51779,2.96779,
51780,2.78931,
51781,2.95079,
51782,2.90766,
51783,2.80256,
51784,2.78013,
51785,3.02018,
51786,2.97068,
51787,2.97847,
51788,2.87839,
51789,3.11793,
51790,2.98483,
51791,3.12791,
51792,2.95538,
51793,2.92128,
51794,3.05846,
51795,2.98967,
51796,3.00456,
51797,2.95648,
51798,2.97825,
51799,3.0283,
51800,2.7075,
51801,2.89362,
51802,2.9863,
51803,3.02662,
51804,3.03187,
51805,2.68544,
51806,2.89242,
51807,3.00616,
51808,2.88582,
51809,2.63192,
51810,2.78893,
51811,2.86817,
51812,2.83903,
51813,2.88575,
51814,2.65907,
51815,2.73958,
51816,2.73695,
51817,2.89128,
51818,2.95997,
51819,3.19547,
51820,3.21052,
51821,3.05229,
51822,2.96374,
51823,3.14082,
51824,3.1553,
51825,2.86781,
51826,3.02581,
51827,2.91902,
51828,2.97645,
51829,2.89907,
51830,3.22236,
51831,3.02108,
51832,2.96202,
51833,3.08734,
51834,3.0466,
51835,2.96115,
51836,3.11925,
51837,2.90563,
51838,3.06836,
51839,3.02925,
51840,2.97853,
51841,2.9308,
51842,3.01675,
51843,2.79192,
51844,3.04693,
51845,3.01958,
51846,2.878,
51847,3.04449,
51848,2.91701,
51849,2.99046,
51850,3.14398,
51851,3.04542,
51852,2.91494,
51853,2.98132,
51854,3.0295,
51855,2.82375,
51856,2.9516,
51857,2.97233,
51858,3.10627,
51859,2.86378,
51860,2.93586,
51861,2.86227,
51862,3.04137,
51863,3.05653,
51864,3.00081,
51865,2.79346,
51866,2.98315,
51867,2.92693,
51868,2.81322,
51869,2.99582,
51870,3.07764,
51871,2.97918,
51872,2.79503,
51873,2.91964,
51874,2.97585,
51875,2.89844,
51876,2.86941,
51877,2.76117,
51878,2.84908,
51879,2.82263,
51880,2.96806,
51881,2.66905,
51882,2.7075,
51883,2.75441,
51884,2.85145,
51885,2.89862,
51886,2.81705,
51887,2.64313,
51888,2.83157,
51889,2.74256,
51890,2.85907,
51891,2.77213,
51892,2.83119,
51893,2.97839,
51894,2.91433,
51895,2.97831,
51896,2.70151,
51897,2.87484,
51898,2.77675,
51899,2.85697,
51900,3.02585,
51901,2.67094,
51902,2.78761,
51903,2.65646,
51904,2.67092,
51905,2.88773,
51906,2.80294,
51907,2.87261,
51908,2.80031,
51909,2.99327,
51910,2.83096,
51911,2.85256,
51912,3.03169,
51913,3.02112,
51914,2.92127,
51915,2.99313,
51916,3.28089,
51917,2.98135,
51918,2.87877,
51919,3.121,
51920,2.94186,
51921,3.061,
51922,3.09071,
51923,3.00561,
51924,3.01261,
51925,3.02226,
51926,2.83961,
51927,3.06723,
51928,3.03102,
51929,2.85799,
51930,2.98827,
51931,2.95248,
51932,2.79005,
51933,2.95511,
51934,2.96121,
51935,2.79857,
51936,2.92527,
51937,2.97296,
51938,3.10551,
51939,2.94779,
51940,2.98851,
51941,2.93636,
51942,3.23548,
51943,3.25475,
51944,3.24303,
51945,3.23106,
51946,3.31295,
51947,3.21589,
51948,3.19438,
51949,3.30274,
51950,3.16234,
51951,3.25145,
51952,3.28861,
51953,3.25745,
51954,3.12751,
51955,3.30108,
51956,3.23502,
51957,3.2388,
51958,3.31791,
51959,3.2066,
51960,3.2789,
51961,3.23972,
51962,3.27613,
51963,2.99282,
51964,3.2029,
51965,2.64669,
51966,2.73518,
51967,2.65481,
51968,2.51519,
51969,2.64265,
51970,2.529,
51971,2.88599,
51972,2.45908,
51973,2.69346,
51974,2.67059,
51975,2.76981,
51976,2.742,
51977,2.57821,
51978,2.60798,
51979,2.80358,
51980,2.90674,
51981,2.92641,
51982,2.69059,
51983,2.61132,
51984,3.06603,
51985,3.13592,
51986,3.0386,
51987,3.09297,
51988,3.13853,
51989,3.10265,
51990,2.96015,
51991,2.80887,
51992,2.9519,
51993,3.08802,
51994,2.93954,
51995,3.02294,
51996,3.1425,
51997,3.17676,
51998,3.06731,
51999,2.98701,
52000,2.81098,
52001,3.03322,
52002,2.96573,
52003,2.92906,
52004,2.72155,
52005,2.76383,
52006,2.71316,
52007,2.92772,
52008,2.94925,
52009,2.87425,
52010,2.91736,
52011,2.83489,
52012,2.93063,
52013,2.86559,
52014,3.01173,
52015,2.84619,
52016,2.85351,
52017,2.93024,
52018,2.72636,
52019,2.75272,
52020,2.75739,
52021,2.92321,
52022,3.12709,
52023,2.99362,
52024,2.82115,
52025,2.76583,
52026,2.65061,
52027,2.57535,
52028,2.67004,
52029,2.67898,
52030,2.95269,
52031,2.65165,
52032,2.71071,
52033,2.7686,
52034,2.90922,
52035,2.90522,
52036,3.04228,
52037,2.80785,
52038,3.20491,
52039,2.95134,
52040,3.23479,
52041,3.18422,
52042,2.94738,
52043,3.13271,
52044,3.03169,
52045,2.91622,
52046,3.03641,
52047,3.00572,
52048,2.8805,
52049,2.77087,
52050,2.75225,
52051,2.88287,
52052,2.83042,
52053,2.95676,
52054,3.0504,
52055,2.83648,
52056,2.98571,
52057,2.81202,
52058,3.05391,
52059,2.96437,
52060,2.84844,
52061,2.74113,
52062,2.99039,
52063,2.73403,
52064,2.79005,
52065,2.7623,
52066,2.63339,
52067,2.69602,
52068,2.75557,
52069,3.12215,
52070,3.04292,
52071,3.20239,
52072,3.1819,
52073,3.19445,
52074,3.04948,
52075,2.86278,
52076,2.96779,
52077,2.89543,
52078,3.0564,
52079,3.311,
52080,3.00751,
52081,3.06715,
52082,2.92205,
52083,2.92679,
52084,3.23767,
52085,3.18677,
52086,3.24986,
52087,3.1004,
52088,3.28568,
52089,3.01443,
52090,3.06266,
52091,2.95854,
52092,2.98279,
52093,2.8135,
52094,2.8819,
52095,2.81562,
52096,2.77079,
52097,3.03783,
52098,2.72102,
52099,2.83272,
52100,2.93215,
52101,2.99497,
52102,2.97393,
52103,2.86833,
52104,2.96319,
52105,2.84204,
52106,2.79141,
52107,2.75075,
52108,2.81104,
52109,2.92705,
52110,2.69453,
52111,2.75224,
52112,2.98512,
52113,2.86968,
52114,3.12841,
52115,3.21081,
52116,3.13703,
52117,3.24974,
52118,3.15241,
52119,3.09971,
52120,2.93304,
52121,3.07454,
52122,2.82693,
52123,2.88401,
52124,2.78146,
52125,2.85964,
52126,3.15388,
52127,3.14439,
52128,3.04052,
52129,3.14221,
52130,3.11956,
52131,2.87282,
52132,2.88697,
52133,2.95224,
52134,2.81984,
52135,2.97494,
52136,3.1246,
52137,3.06752,
52138,3.1438,
52139,3.23964,
52140,3.28032,
52141,2.78339,
52142,2.93682,
52143,3.10875,
52144,3.08952,
52145,3.00444,
52146,3.01645,
52147,3.19338,
52148,3.10201,
52149,3.19086,
52150,2.96273,
52151,2.97596,
52152,3.15077,
52153,2.81798,
52154,3.04762,
52155,3.05159,
52156,3.0095,
52157,2.96879,
52158,2.99519,
52159,3.20855,
52160,3.06989,
52161,3.0929,
52162,2.99515,
52163,3.17559,
52164,3.09658,
52165,3.11123,
52166,2.95797,
52167,3.04279,
52168,3.02628,
52169,2.89933,
52170,2.97052,
52171,2.89279,
52172,3.02268,
52173,3.0232,
52174,3.04747,
52175,2.81119,
52176,3.01536,
52177,3.04686,
52178,2.9702,
52179,2.86876,
52180,2.81808,
52181,3.09036,
52182,2.82905,
52183,3.04474,
52184,2.14431,
52185,3.02238,
52186,3.02253,
52187,3.14617,
52188,3.25611,
52189,3.49297,
52190,3.11084,
52191,3.2096,
52192,3.05719,
52193,3.20253,
52194,3.17253,
52195,3.15763,
52196,3.1597,
52197,3.01859,
52198,3.09623,
52199,3.0998,
52200,3.22539,
52201,3.02759,
52202,3.14938,
52203,3.22491,
52204,3.13831,
52205,3.10053,
52206,2.9709,
52207,3.02043,
52208,3.11741,
52209,3.05985,
52210,3.05959,
52211,3.05297,
52212,2.91633,
52213,3.16886,
52214,3.16007,
52215,2.9482,
52216,3.08733,
52217,2.94098,
52218,2.86969,
52219,2.83122,
52220,2.68979,
52221,2.99237,
52222,2.92829,
52223,2.83047,
52224,2.94513,
52225,3.07409,
52226,2.89262,
52227,2.88527,
52228,2.92516,
52229,2.86459,
52230,3.0189,
52231,2.86357,
52232,2.97687,
52233,3.07852,
52234,2.9469,
52235,3.09991,
52236,2.93767,
52237,2.8881,
52238,2.89756,
52239,2.91465,
52240,3.11335,
52241,2.98775,
52242,2.92613,
52243,2.98325,
52244,3.05525,
52245,2.90108,
52246,2.70373,
52247,2.90028,
52248,2.86431,
52249,2.96839,
52250,2.9747,
52251,2.71441,
52252,3.06761,
52253,3.09661,
52254,3.03147,
52255,2.948,
52256,2.87502,
52257,3.14335,
52258,2.93368,
52259,2.64909,
52260,3.00309,
52261,2.98783,
52262,3.19257,
52263,2.93411,
52264,2.88727,
52265,3.02387,
52266,2.93586,
52267,2.91488,
52268,2.93487,
52269,2.92334,
52270,3.03274,
52271,2.98715,
52272,3.05469,
52273,2.84865,
52274,2.8782,
52275,2.84712,
52276,3.02793,
52277,3.02775,
52278,3.03713,
52279,2.99127,
52280,3.17972,
52281,2.93218,
52282,3.03255,
52283,3.04674,
52284,2.83716,
52285,3.09316,
52286,3.07004,
52287,3.17061,
52288,2.98598,
52289,2.77979,
52290,2.83842,
52291,2.99029,
52292,2.83085,
52293,2.9092,
52294,2.79357,
52295,2.97896,
52296,3.14002,
52297,3.06975,
52298,2.94446,
52299,3.06368,
52300,2.94987,
52301,3.02799,
52302,2.98551,
52303,3.07339,
52304,3.08015,
52305,3.11222,
52306,3.02644,
52307,3.10257,
52308,3.00329,
52309,2.96761,
52310,3.10009,
52311,2.75205,
52312,2.8743,
52313,3.08802,
52314,2.95965,
52315,3.05164,
52316,2.85035,
52317,2.94432,
52318,3.05797,
52319,2.85849,
52320,2.9845,
52321,2.86687,
52322,2.76051,
52323,2.92958,
52324,2.72373,
52325,2.90811,
52326,2.90949,
52327,2.97702,
52328,2.88025,
52329,3.01813,
52330,3.07876,
52331,3.03111,
52332,2.86524,
52333,2.964,
52334,2.8103,
52335,2.88413,
52336,2.7217,
52337,3.08903,
52338,2.95866,
52339,2.96362,
52340,3.08208,
52341,3.01043,
52342,2.92121,
52343,3.00657,
52344,2.95424,
52345,3.05288,
52346,3.06812,
52347,3.16061,
52348,3.22965,
52349,3.10535,
52350,3.03716,
52351,3.04141,
52352,2.92095,
52353,2.94909,
52354,2.84497,
52355,2.90261,
52356,2.81835,
52357,3.03852,
52358,2.92695,
52359,3.09798,
52360,2.9469,
52361,3.07584,
52362,3.14291,
52363,3.15616,
52364,3.19632,
52365,2.97088,
52366,2.89498,
52367,3.12317,
52368,2.83716,
52369,3.09198,
52370,3.00207,
52371,3.09913,
52372,3.17552,
52373,3.16117,
52374,2.85216,
52375,3.14685,
52376,3.02247,
52377,3.02877,
52378,3.00672,
52379,3.1561,
52380,2.90304,
52381,3.12194,
52382,2.73626,
52383,3.08383,
52384,3.10948,
52385,3.23445,
52386,2.99465,
52387,3.0825,
52388,3.16772,
52389,2.94609,
52390,3.09653,
52391,2.89887,
52392,2.99496,
52393,2.95087,
52394,3.23196,
52395,3.17189,
52396,2.84859,
52397,3.02785,
52398,2.95836,
52399,3.08946,
52400,3.09016,
52401,3.30107,
52402,3.07343,
52403,2.98885,
52404,3.09551,
52405,3.13604,
52406,3.0066,
52407,2.94035,
52408,2.94021,
52409,3.0491,
52410,3.12197,
52411,3.1625,
52412,3.10838,
52413,3.01951,
52414,2.9791,
52415,2.80393,
52416,3.14861,
52417,2.99118,
52418,3.0863,
52419,3.02772,
52420,3.04795,
52421,3.04897,
52422,3.14063,
52423,3.07481,
52424,2.95987,
52425,3.05945,
52426,3.13302,
52427,2.90766,
52428,3.18986,
52429,3.04487,
52430,2.997,
52431,2.89523,
52432,3.08914,
52433,3.11241,
52434,2.94591,
52435,2.88518,
52436,3.09501,
52437,2.89184,
52438,2.9026,
52439,3.03763,
52440,2.84284,
52441,2.89398,
52442,3.09445,
52443,3.08028,
52444,2.93464,
52445,2.93298,
52446,2.88902,
52447,3.0567,
52448,3.13865,
52449,2.73438,
52450,2.99755,
52451,2.96597,
52452,3.07993,
52453,3.07693,
52454,3.12191,
52455,2.92263,
52456,2.93929,
52457,3.00474,
52458,2.74668,
52459,2.84742,
52460,3.19473,
52461,2.90873,
52462,3.00244,
52463,2.81379,
52464,2.83713,
52465,3.07019,
52466,2.92653,
52467,2.80058,
52468,3.09728,
52469,3.02823,
52470,2.83153,
52471,2.88717,
52472,2.85799,
52473,2.9934,
52474,2.85429,
52475,2.88447,
52476,3.02592,
52477,2.93046,
52478,3.14474,
52479,3.11517,
52480,3.03161,
52481,3.17877,
52482,2.89315,
52483,2.96137,
52484,3.10545,
52485,3.04932,
52486,3.17016,
52487,3.27791,
52488,3.36735,
52489,4.21955,
52490,3.06993,
52491,3.02534,
52492,3.05579,
52493,3.08613,
52494,3.01159,
52495,3.10823,
52496,3.00984,
52497,3.04016,
52498,2.94471,
52499,3.59664,
52500,3.05841,
52501,3.08714,
52502,2.70896,
52503,2.89799,
52504,3.12374,
52505,3.10939,
52506,3.21918,
52507,3.31586,
52508,3.15465,
52509,3.05977,
52510,3.03436,
52511,2.98134,
52512,3.15381,
52513,2.94202,
52514,2.98701,
52515,3.13155,
52516,3.13626,
52517,3.04393,
52518,2.87936,
52519,2.8479,
52520,2.93461,
52521,2.93696,
52522,2.88707,
52523,2.70434,
52524,3.14881,
52525,3.0032,
52526,2.83303,
52527,2.88009,
52528,2.90732,
52529,3.04813,
52530,3.03069,
52531,2.95375,
52532,3.08614,
52533,2.81611,
52534,2.94422,
52535,2.65507,
52536,3.0082,
52537,2.94058,
52538,2.94977,
52539,2.94067,
52540,2.97345,
52541,2.94325,
52542,2.89845,
52543,2.8587,
52544,2.76209,
52545,2.9902,
52546,2.94299,
52547,2.66653,
52548,2.76448,
52549,2.7469,
52550,2.9606,
52551,2.9313,
52552,2.90524,
52553,2.92393,
52554,2.96519,
52555,3.01511,
52556,2.72903,
52557,3.07345,
52558,2.95731,
52559,2.92866,
52560,2.90969,
52561,3.07219,
52562,3.21166,
52563,3.10375,
52564,2.92923,
52565,2.88795,
52566,3.23347,
52567,3.0466,
52568,3.06693,
52569,3.00097,
52570,2.87088,
52571,2.89346,
52572,3.07339,
52573,2.69028,
52574,2.73784,
52575,2.61014,
52576,2.7879,
52577,2.95484,
52578,3.05733,
52579,3.01449,
52580,3.02088,
52581,2.9598,
52582,2.81451,
52583,2.9044,
52584,2.9892,
52585,3.13274,
52586,2.97045,
52587,2.89459,
52588,2.53705,
52589,2.54437,
52590,3.07238,
52591,2.8112,
52592,2.94848,
52593,2.75436,
52594,2.85422,
52595,2.74136,
52596,2.78739,
52597,2.7802,
52598,2.84864,
52599,2.78345,
52600,2.76607,
52601,2.8529,
52602,3.04422,
52603,2.76331,
52604,2.93446,
52605,2.90791,
52606,3.18241,
52607,3.10403,
52608,3.10958,
52609,3.11612,
52610,3.15919,
52611,3.08129,
52612,2.85637,
52613,2.68149,
52614,3.02213,
52615,2.88614,
52616,2.85855,
52617,3.04716,
52618,2.96666,
52619,3.05174,
52620,2.94309,
52621,2.92044,
52622,2.86544,
52623,3.0139,
52624,3.09926,
52625,3.05391,
52626,2.99439,
52627,2.96493,
52628,2.81922,
52629,3.11919,
52630,2.82177,
52631,2.90332,
52632,2.98446,
52633,3.0622,
52634,2.91048,
52635,3.29003,
52636,3.11796,
52637,3.13918,
52638,2.91694,
52639,3.10499,
52640,3.0232,
52641,2.97512,
52642,3.02065,
52643,2.97808,
52644,3.00998,
52645,3.00147,
52646,3.01385,
52647,3.0138,
52648,2.82682,
52649,3.03397,
52650,2.93797,
52651,2.90186,
52652,2.65893,
52653,2.80917,
52654,2.62291,
52655,2.88225,
52656,2.96231,
52657,2.72142,
52658,2.82848,
52659,2.81029,
52660,2.98168,
52661,2.91502,
52662,2.88689,
52663,2.75064,
52664,2.95047,
52665,3.01074,
52666,2.99023,
52667,2.98217,
52668,3.07837,
52669,2.99775,
52670,3.12264,
52671,3.03268,
52672,3.01919,
52673,3.13259,
52674,2.9897,
52675,2.97579,
52676,2.74198,
52677,2.96212,
52678,2.96459,
52679,3.04049,
52680,2.95604,
52681,2.84623,
52682,2.95951,
52683,2.8629,
52684,2.95327,
52685,3.07252,
52686,3.17546,
52687,2.91911,
52688,2.88609,
52689,2.86529,
52690,3.01644,
52691,3.05989,
52692,3.05731,
52693,2.89736,
52694,3.07654,
52695,2.88709,
52696,3.00292,
52697,3.2188,
52698,2.97231,
52699,2.86434,
52700,2.82758,
52701,3.06549,
52702,3.11218,
52703,2.98017,
52704,3.06455,
52705,2.98571,
52706,3.2096,
52707,3.11548,
52708,3.27358,
52709,2.92526,
52710,3.00428,
52711,2.76306,
52712,2.94207,
52713,2.94978,
52714,2.92864,
52715,2.90486,
52716,3.14451,
52717,3.05865,
52718,2.97057,
52719,2.78201,
52720,2.86506,
52721,2.95609,
52722,2.99373,
52723,2.95514,
52724,3.1002,
52725,3.06524,
52726,3.11569,
52727,3.04184,
52728,2.87825,
52729,3.04875,
52730,2.77577,
52731,3.13133,
52732,3.19555,
52733,3.125,
52734,3.15066,
52735,3.34986,
52736,3.43874,
52737,3.05766,
52738,3.07052,
52739,3.09057,
52740,3.19339,
52741,3.41354,
52742,3.17197,
52743,3.03008,
52744,3.02535,
52745,2.9639,
52746,3.03071,
52747,3.0483,
52748,3.11289,
52749,3.04135,
52750,2.92361,
52751,3.0412,
52752,3.45452,
52753,3.45461,
52754,3.32559,
52755,3.33324,
52756,3.34705,
52757,3.41718,
52758,3.34443,
52759,3.31529,
52760,3.37399,
52761,3.37264,
52762,3.36736,
52763,3.37241,
52764,3.39116,
52765,3.26232,
52766,3.37001,
52767,3.44438,
52768,3.41809,
52769,3.3219,
52770,3.2727,
52771,3.032,
52772,3.23684,
52773,2.98652,
52774,2.98255,
52775,3.01795,
52776,3.01232,
52777,2.92802,
52778,3.05989,
52779,2.9741,
52780,2.99361,
52781,3.01058,
52782,2.86885,
52783,2.78656,
52784,3.04174,
52785,3.23953,
52786,3.12783,
52787,2.85735,
52788,3.02377,
52789,3.05587,
52790,2.95358,
52791,2.9851,
52792,3.0926,
52793,2.89109,
52794,2.94317,
52795,2.84788,
52796,2.78731,
52797,3.08279,
52798,2.97042,
52799,2.9506,
52800,2.96341,
52801,2.85857,
52802,2.85651,
52803,2.79997,
52804,2.83075,
52805,3.03483,
52806,2.92214,
52807,2.82683,
52808,3.0294,
52809,2.95802,
52810,2.89768,
52811,2.90869,
52812,2.78972,
52813,2.80584,
52814,3.02589,
52815,2.74955,
52816,2.84255,
52817,2.8101,
52818,2.92539,
52819,2.82862,
52820,2.851,
52821,2.91627,
52822,2.79762,
52823,2.8408,
52824,2.87471,
52825,2.93057,
52826,2.943,
52827,2.96359,
52828,2.80257,
52829,3.03722,
52830,2.81621,
52831,2.94945,
52832,2.96191,
52833,2.9521,
52834,3.11712,
52835,2.90565,
52836,2.84578,
52837,3.0507,
52838,2.90288,
52839,2.77852,
52840,2.85649,
52841,3.08013,
52842,2.7283,
52843,2.78741,
52844,2.96914,
52845,2.79106,
52846,2.95742,
52847,2.91162,
52848,2.8077,
52849,2.77698,
52850,3.01199,
52851,2.95044,
52852,2.97663,
52853,2.88326,
52854,3.11183,
52855,2.99519,
52856,3.12352,
52857,2.95753,
52858,2.9175,
52859,3.06086,
52860,2.97678,
52861,2.9947,
52862,2.96149,
52863,2.97286,
52864,3.01881,
52865,2.70213,
52866,2.88919,
52867,2.97543,
52868,3.02206,
52869,3.0092,
52870,2.68416,
52871,2.89426,
52872,3.00848,
52873,2.89605,
52874,2.64052,
52875,2.81157,
52876,2.87699,
52877,2.82363,
52878,2.89032,
52879,2.65984,
52880,2.73624,
52881,2.73526,
52882,2.87363,
52883,2.95807,
52884,3.19541,
52885,3.20189,
52886,3.05102,
52887,2.96568,
52888,3.12578,
52889,3.14022,
52890,2.85958,
52891,3.03309,
52892,2.9096,
52893,2.97643,
52894,2.89427,
52895,3.22322,
52896,3.0198,
52897,2.95151,
52898,3.07899,
52899,3.04696,
52900,2.95766,
52901,3.1215,
52902,2.89608,
52903,3.08172,
52904,3.04766,
52905,2.97455,
52906,2.93062,
52907,3.00634,
52908,2.79414,
52909,3.04267,
52910,3.0195,
52911,2.87783,
52912,3.03958,
52913,2.91283,
52914,2.98048,
52915,3.13252,
52916,3.04008,
52917,2.92051,
52918,2.98869,
52919,3.02262,
52920,2.82292,
52921,2.95227,
52922,2.97362,
52923,3.10833,
52924,2.85759,
52925,2.93935,
52926,2.86012,
52927,3.03912,
52928,3.06619,
52929,3.00799,
52930,2.77984,
52931,2.98954,
52932,2.91795,
52933,2.81645,
52934,2.97943,
52935,3.07121,
52936,2.98386,
52937,2.78779,
52938,2.90057,
52939,2.98071,
52940,2.90248,
52941,2.88789,
52942,2.76426,
52943,2.8467,
52944,2.82225,
52945,2.9674,
52946,2.67009,
52947,2.71445,
52948,2.76116,
52949,2.84238,
52950,2.89337,
52951,2.8076,
52952,2.63348,
52953,2.83985,
52954,2.73242,
52955,2.86244,
52956,2.76925,
52957,2.82478,
52958,2.97893,
52959,2.90371,
52960,2.95391,
52961,2.70075,
52962,2.86519,
52963,2.77494,
52964,2.85672,
52965,3.03258,
52966,2.6769,
52967,2.78035,
52968,2.66124,
52969,2.66755,
52970,2.87842,
52971,2.80779,
52972,2.86203,
52973,2.79898,
52974,2.99028,
52975,2.82469,
52976,2.84653,
52977,3.03278,
52978,3.01417,
52979,2.92769,
52980,2.99355,
52981,3.28071,
52982,2.96938,
52983,2.8742,
52984,3.1202,
52985,2.9317,
52986,3.0497,
52987,3.09938,
52988,2.9947,
52989,3.01348,
52990,3.02216,
52991,2.85563,
52992,3.09853,
52993,3.01988,
52994,2.86349,
52995,2.98641,
52996,2.95735,
52997,2.77876,
52998,2.95509,
52999,2.96169,
53000,2.80328,
53001,2.93035,
53002,2.97921,
53003,3.09998,
53004,2.9334,
53005,2.99469,
53006,2.93373,
53007,3.24052,
53008,3.27452,
53009,3.23246,
53010,3.23392,
53011,3.30355,
53012,3.21191,
53013,3.18513,
53014,3.30706,
53015,3.16999,
53016,3.27232,
53017,3.27705,
53018,3.25715,
53019,3.12909,
53020,3.29596,
53021,3.22634,
53022,3.23448,
53023,3.33846,
53024,3.20533,
53025,3.275,
53026,3.23587,
53027,3.2802,
53028,2.98792,
53029,3.19672,
53030,2.64038,
53031,2.73738,
53032,2.65431,
53033,2.52628,
53034,2.64448,
53035,2.51871,
53036,2.87464,
53037,2.45638,
53038,2.69534,
53039,2.68604,
53040,2.77126,
53041,2.75307,
53042,2.56253,
53043,2.61889,
53044,2.8068,
53045,2.91675,
53046,2.92574,
53047,2.67801,
53048,2.59537,
53049,3.04962,
53050,3.11592,
53051,3.02825,
53052,3.08041,
53053,3.10925,
53054,3.10263,
53055,2.97124,
53056,2.81471,
53057,2.95087,
53058,3.08664,
53059,2.93854,
53060,3.013,
53061,3.1377,
53062,3.17609,
53063,3.05216,
53064,2.99176,
53065,2.80827,
53066,3.02659,
53067,2.96147,
53068,2.9285,
53069,2.72257,
53070,2.75337,
53071,2.7065,
53072,2.91558,
53073,2.9553,
53074,2.87208,
53075,2.91614,
53076,2.83205,
53077,2.91122,
53078,2.86784,
53079,3.00428,
53080,2.83582,
53081,2.84334,
53082,2.93392,
53083,2.73011,
53084,2.7614,
53085,2.75539,
53086,2.91809,
53087,3.12567,
53088,2.99663,
53089,2.82355,
53090,2.77782,
53091,2.64642,
53092,2.57311,
53093,2.6814,
53094,2.66541,
53095,2.96326,
53096,2.64353,
53097,2.70212,
53098,2.76892,
53099,2.90456,
53100,2.90175,
53101,3.04343,
53102,2.78724,
53103,3.18892,
53104,2.94631,
53105,3.2253,
53106,3.1723,
53107,2.94565,
53108,3.13794,
53109,3.02044,
53110,2.91555,
53111,3.02293,
53112,2.98509,
53113,2.88352,
53114,2.77063,
53115,2.7709,
53116,2.87597,
53117,2.83084,
53118,2.97601,
53119,3.03776,
53120,2.83436,
53121,2.97362,
53122,2.79488,
53123,3.0478,
53124,2.96363,
53125,2.84289,
53126,2.74437,
53127,2.98815,
53128,2.72985,
53129,2.7964,
53130,2.76931,
53131,2.62975,
53132,2.7004,
53133,2.74954,
53134,3.12168,
53135,3.03892,
53136,3.17932,
53137,3.20199,
53138,3.19487,
53139,3.05633,
53140,2.85647,
53141,2.97885,
53142,2.89433,
53143,3.05328,
53144,3.30346,
53145,3.01165,
53146,3.06949,
53147,2.92474,
53148,2.94534,
53149,3.23156,
53150,3.19709,
53151,3.25203,
53152,3.09883,
53153,3.2864,
53154,2.99468,
53155,3.06956,
53156,2.95769,
53157,2.98576,
53158,2.80227,
53159,2.888,
53160,2.81192,
53161,2.7695,
53162,3.04263,
53163,2.73066,
53164,2.82736,
53165,2.92552,
53166,2.98863,
53167,2.97741,
53168,2.86754,
53169,2.94137,
53170,2.83411,
53171,2.78794,
53172,2.74411,
53173,2.80627,
53174,2.93159,
53175,2.69514,
53176,2.74825,
53177,2.97815,
53178,2.84799,
53179,3.12703,
53180,3.21817,
53181,3.14083,
53182,3.24677,
53183,3.15324,
53184,3.09363,
53185,2.93616,
53186,3.04924,
53187,2.82014,
53188,2.87753,
53189,2.78761,
53190,2.85338,
53191,3.15727,
53192,3.15564,
53193,3.03756,
53194,3.14143,
53195,3.12499,
53196,2.87387,
53197,2.8918,
53198,2.96977,
53199,2.8083,
53200,2.96117,
53201,3.10634,
53202,3.05971,
53203,3.14544,
53204,3.25038,
53205,3.28094,
53206,2.78914,
53207,2.92982,
53208,3.09808,
53209,3.09428,
53210,2.99076,
53211,3.01423,
53212,3.18664,
53213,3.10263,
53214,3.18988,
53215,2.9687,
53216,2.98233,
53217,3.1479,
53218,2.82363,
53219,3.05569,
53220,3.05109,
53221,3.00994,
53222,2.97802,
53223,2.9964,
53224,3.21291,
53225,3.05754,
53226,3.08993,
53227,3.0124,
53228,3.18545,
53229,3.10026,
53230,3.11091,
53231,2.94528,
53232,3.0518,
53233,3.03097,
53234,2.89753,
53235,2.97723,
53236,2.88845,
53237,3.02591,
53238,3.03679,
53239,3.06748,
53240,2.80543,
53241,3.01714,
53242,3.05492,
53243,2.9549,
53244,2.83761,
53245,2.81901,
53246,3.0799,
53247,2.83329,
53248,3.02536,
53249,2.14188,
