step,train_loss,validation_loss
0,6.35942,4.37193
1,6.27248,4.12532
2,6.22429,3.94258
3,6.18042,3.82577
4,6.12017,3.74898
5,6.11167,3.69356
6,6.078,3.65945
7,6.03939,3.63386
8,6.04775,3.60976
9,5.99638,3.5896
10,5.98837,3.57299
11,5.95469,3.55744
12,5.96111,3.54547
13,5.88207,3.53357
14,5.87562,3.52337
15,5.85643,3.51553
16,5.84937,3.5106
17,5.8555,3.50626
18,5.90273,3.49895
19,5.85236,3.49206
20,5.78228,3.48524
21,5.81666,3.47846
22,5.8221,3.4727
23,5.81201,3.46747
24,5.83376,3.46143
25,5.78467,3.45583
26,5.8581,3.45312
27,5.83591,3.4476
28,5.80142,3.44278
29,5.78607,3.4401
30,5.82698,3.43622
31,5.82471,3.43324
32,5.78452,3.42977
33,5.81273,3.42594
34,5.81115,3.42369
35,5.80459,3.41951
36,5.80439,3.41608
37,5.76943,3.41401
38,5.78127,3.41039
39,5.82042,3.40869
40,5.78587,3.40747
41,5.79563,3.40515
42,5.75422,3.4043
43,5.75968,3.40296
44,5.73466,3.40158
45,5.73022,3.40192
46,5.77882,3.39847
47,5.733,3.39839
48,5.82269,3.39779
49,5.79019,3.39742
50,5.81831,
51,5.8063,
52,5.7805,
53,5.79045,
54,5.84637,
55,5.77851,
56,5.77847,
57,5.77565,
58,5.8219,
59,5.74522,
60,5.77029,
61,5.77006,
62,5.79357,
63,5.726,
64,5.78752,
65,5.76035,
66,5.77988,
67,5.73221,
68,5.74586,
69,5.79503,
70,5.70971,
71,5.74216,
72,5.73897,
73,5.782,
74,5.77307,
75,5.77516,
76,5.7927,
77,5.76094,
78,5.74458,
79,5.73789,
80,5.77508,
81,5.75092,
82,5.70435,
83,5.71272,
84,5.74343,
85,5.81886,
86,5.81647,
87,5.92166,
88,5.82547,
89,5.86932,
90,5.86703,
91,5.8075,
92,5.82629,
93,5.82246,
94,5.7826,
95,5.78781,
96,5.80276,
97,5.72909,
98,5.78925,
99,5.83034,
100,5.7886,
101,5.79834,
102,5.8354,
103,5.8204,
104,5.74022,
105,5.74167,
106,5.79928,
107,5.75841,
108,5.73847,
109,5.75046,
110,5.74906,
111,5.76259,
112,5.80982,
113,5.86388,
114,5.87861,
115,5.8825,
116,5.81668,
117,5.84085,
118,5.83361,
119,5.84236,
120,5.82968,
121,5.78488,
122,5.75501,
123,5.79296,
124,5.7307,
125,5.77027,
126,5.8093,
127,5.73607,
128,5.80183,
129,5.75689,
130,5.72329,
131,5.72943,
132,5.74047,
133,5.77365,
134,5.6821,
135,5.68897,
136,5.77825,
137,5.76876,
138,5.76212,
139,5.75508,
140,5.66426,
141,5.64643,
142,5.65569,
143,5.61847,
144,5.70458,
145,5.70755,
146,5.6208,
147,5.60329,
148,5.60078,
149,5.60794,
150,5.69516,
151,5.63829,
152,5.61396,
153,5.62692,
154,5.65564,
155,5.5741,
156,5.54023,
157,5.54835,
158,5.51668,
159,5.55935,
160,5.54576,
161,5.56102,
162,5.50087,
163,5.55081,
164,5.47032,
165,5.47664,
166,5.49284,
167,5.51506,
168,5.40207,
169,5.45582,
170,5.50495,
171,5.43279,
172,5.46557,
173,5.43414,
174,5.41789,
175,5.34951,
176,5.39105,
177,5.37059,
178,5.30445,
179,5.34393,
180,5.38935,
181,5.31865,
182,5.33698,
183,5.28005,
184,5.36665,
185,5.39825,
186,5.42631,
187,5.3697,
188,5.35825,
189,5.35994,
190,5.34902,
191,5.32546,
192,5.27982,
193,5.2995,
194,5.37556,
195,5.25763,
196,5.32751,
197,5.19176,
198,5.24383,
199,5.22004,
200,5.22329,
201,5.21607,
202,5.18998,
203,5.19611,
204,5.09283,
205,5.19633,
206,5.06388,
207,5.12173,
208,5.11838,
209,5.12464,
210,5.15563,
211,4.99699,
212,5.09993,
213,5.18898,
214,5.12928,
215,5.13807,
216,5.09727,
217,5.10905,
218,4.97027,
219,5.02797,
220,5.1001,
221,4.95192,
222,4.94004,
223,4.98808,
224,5.24585,
225,5.23072,
226,5.18032,
227,5.15153,
228,5.11735,
229,5.08882,
230,5.03911,
231,5.03555,
232,5.07077,
233,5.0551,
234,5.01753,
235,5.01549,
236,5.00739,
237,5.01054,
238,4.95302,
239,4.98093,
240,5.05398,
241,5.02281,
242,4.97298,
243,5.09582,
244,5.0471,
245,4.89387,
246,4.90564,
247,5.01069,
248,4.92487,
249,4.94988,
250,5.03759,
251,5.02976,
252,4.94614,
253,4.90141,
254,4.97694,
255,4.94712,
256,4.95294,
257,4.95378,
258,5.01097,
259,4.90556,
260,4.87353,
261,4.91057,
262,4.9551,
263,4.92686,
264,4.7953,
265,4.88623,
266,4.88023,
267,4.8536,
268,4.91926,
269,4.81404,
270,4.73546,
271,4.93251,
272,4.87504,
273,4.68398,
274,4.69425,
275,4.8617,
276,4.97769,
277,4.9613,
278,4.93855,
279,4.82861,
280,4.82434,
281,4.92307,
282,4.87651,
283,4.91116,
284,4.84988,
285,4.74009,
286,4.87989,
287,4.68448,
288,4.7304,
289,4.6619,
290,4.7782,
291,4.93439,
292,4.89822,
293,4.94887,
294,4.95918,
295,4.92389,
296,4.87866,
297,4.8783,
298,4.84122,
299,4.88253,
300,4.84207,
301,4.83461,
302,4.86952,
303,4.87738,
304,5.21836,
305,4.82454,
306,4.82544,
307,4.8726,
308,4.85745,
309,4.74704,
310,4.80074,
311,4.80031,
312,4.80983,
313,4.78692,
314,4.92856,
315,4.80473,
316,4.79137,
317,4.69951,
318,4.75639,
319,4.7376,
320,4.80106,
321,4.82274,
322,4.86389,
323,4.68648,
324,4.80262,
325,4.88047,
326,4.89043,
327,4.947,
328,4.9305,
329,4.79905,
330,4.82138,
331,4.86985,
332,4.86037,
333,4.84091,
334,4.81245,
335,4.77235,
336,4.77747,
337,4.74558,
338,4.67531,
339,4.78296,
340,4.73176,
341,4.69135,
342,4.69787,
343,4.72645,
344,4.79724,
345,4.74491,
346,4.69266,
347,4.74814,
348,4.67618,
349,4.71029,
350,4.74,
351,4.76613,
352,4.71253,
353,4.71474,
354,4.72353,
355,4.69829,
356,4.70444,
357,4.75694,
358,4.71603,
359,4.69782,
360,4.72783,
361,4.73023,
362,4.59622,
363,4.62703,
364,4.64288,
365,4.6512,
366,4.63865,
367,4.69002,
368,4.58264,
369,4.68354,
370,4.64583,
371,4.54328,
372,4.68834,
373,4.62618,
374,4.62384,
375,4.58974,
376,4.65767,
377,4.73293,
378,4.83602,
379,4.73463,
380,4.61878,
381,4.78655,
382,4.6638,
383,4.69315,
384,4.65767,
385,4.62362,
386,4.596,
387,4.68383,
388,4.49001,
389,4.50514,
390,4.36859,
391,4.54325,
392,4.61846,
393,4.68274,
394,4.63444,
395,4.64837,
396,4.58499,
397,4.55532,
398,4.47572,
399,4.59287,
400,4.58425,
401,4.50075,
402,4.5813,
403,4.41261,
404,4.40222,
405,4.65411,
406,4.53402,
407,4.62007,
408,4.525,
409,4.55522,
410,4.47952,
411,4.47804,
412,4.4675,
413,4.49153,
414,4.44278,
415,4.36443,
416,4.44076,
417,4.57851,
418,4.38068,
419,4.53392,
420,4.54891,
421,4.81287,
422,4.77536,
423,4.82534,
424,4.80484,
425,4.83343,
426,4.79081,
427,4.72838,
428,4.62142,
429,4.65682,
430,4.61651,
431,4.63729,
432,4.64527,
433,4.63177,
434,4.63067,
435,4.68453,
436,4.5988,
437,4.5383,
438,4.58023,
439,4.62275,
440,4.51967,
441,4.54435,
442,4.5428,
443,4.53202,
444,4.66837,
445,4.57818,
446,4.55688,
447,4.60951,
448,4.59497,
449,4.48312,
450,4.70435,
451,4.62885,
452,4.70523,
453,4.72444,
454,4.74847,
455,4.68163,
456,4.65676,
457,4.67691,
458,4.63198,
459,4.67989,
460,4.60984,
461,4.64232,
462,4.67109,
463,4.55372,
464,4.57234,
465,4.53441,
466,4.56291,
467,4.46174,
468,4.47369,
469,4.51457,
470,4.50869,
471,4.46553,
472,4.44746,
473,4.45512,
474,4.46497,
475,4.48843,
476,4.5549,
477,4.51304,
478,4.76535,
479,4.68361,
480,4.6504,
481,4.65013,
482,4.69252,
483,4.69904,
484,4.62738,
485,4.64663,
486,4.67927,
487,4.58566,
488,4.65802,
489,4.56132,
490,4.57562,
491,4.49217,
492,4.51642,
493,4.57665,
494,4.59803,
495,4.57908,
496,4.45669,
497,4.50565,
498,4.51499,
499,4.48395,
500,4.57273,
501,4.55187,
502,4.48171,
503,4.46541,
504,4.54554,
505,4.65279,
506,4.55173,
507,4.62392,
508,4.61411,
509,4.66824,
510,4.60447,
511,4.78783,
512,4.67917,
513,4.58206,
514,4.46246,
515,4.52363,
516,4.62884,
517,4.58963,
518,4.5183,
519,4.49667,
520,4.50376,
521,4.5048,
522,4.52833,
523,4.57664,
524,4.49378,
525,4.47185,
526,4.38495,
527,4.39942,
528,4.41709,
529,4.40086,
530,4.33671,
531,4.41762,
532,4.37902,
533,4.46053,
534,4.34473,
535,4.42723,
536,4.47548,
537,4.42537,
538,4.41223,
539,4.65803,
540,4.62179,
541,4.62474,
542,4.66505,
543,4.59089,
544,4.62172,
545,4.54079,
546,4.56607,
547,4.56512,
548,4.49897,
549,4.56704,
550,4.62207,
551,4.72415,
552,4.53896,
553,4.56653,
554,4.54992,
555,4.52072,
556,4.67773,
557,4.57439,
558,4.57163,
559,4.51477,
560,4.41801,
561,4.48279,
562,4.45279,
563,4.39881,
564,4.46257,
565,4.44237,
566,4.4905,
567,4.66835,
568,4.74034,
569,4.66767,
570,4.59008,
571,4.56426,
572,4.55516,
573,4.61299,
574,4.56904,
575,4.50356,
576,4.62351,
577,4.57052,
578,4.57697,
579,4.46924,
580,4.43595,
581,4.47686,
582,4.46015,
583,4.43333,
584,4.46271,
585,4.39112,
586,4.63923,
587,4.72337,
588,4.75472,
589,4.6569,
590,4.60245,
591,4.58813,
592,4.52203,
593,4.70991,
594,4.5333,
595,4.53566,
596,4.51812,
597,4.38675,
598,4.33726,
599,4.44613,
600,4.53523,
601,4.51094,
602,4.35791,
603,4.4463,
604,4.42597,
605,4.39168,
606,4.39373,
607,4.42847,
608,4.31049,
609,4.51008,
610,4.50592,
611,4.50479,
612,4.52149,
613,4.55219,
614,4.60043,
615,4.66207,
616,4.60794,
617,4.47462,
618,4.48777,
619,4.44043,
620,4.49221,
621,4.43964,
622,4.45476,
623,4.55221,
624,4.487,
625,4.44049,
626,4.46076,
627,4.43288,
628,4.4086,
629,4.46181,
630,4.33697,
631,4.34808,
632,4.35437,
633,4.31255,
634,4.34848,
635,4.24321,
636,4.32703,
637,4.36272,
638,4.57586,
639,4.58037,
640,4.49568,
641,4.51553,
642,4.5136,
643,4.44078,
644,4.49492,
645,4.36165,
646,4.45896,
647,4.51316,
648,4.37042,
649,4.51107,
650,4.35493,
651,4.28267,
652,4.47035,
653,4.37131,
654,4.28992,
655,4.3522,
656,4.45481,
657,4.11885,
658,4.30183,
659,4.40731,
660,4.18849,
661,4.31495,
662,4.31655,
663,4.28503,
664,4.11184,
665,4.5799,
666,4.50907,
667,4.52138,
668,4.50492,
669,4.53384,
670,4.46924,
671,4.59031,
672,4.49426,
673,4.41664,
674,4.49145,
675,4.53822,
676,4.51099,
677,4.40997,
678,4.3709,
679,4.44078,
680,4.29044,
681,4.3223,
682,4.34439,
683,4.44777,
684,4.35444,
685,4.16214,
686,4.32398,
687,4.25341,
688,4.18967,
689,4.09635,
690,4.21778,
691,4.30379,
692,4.28106,
693,4.19985,
694,4.12054,
695,3.98263,
696,4.07947,
697,4.19732,
698,4.22783,
699,4.76983,
700,4.56889,
701,4.51017,
702,4.43628,
703,4.53306,
704,4.5404,
705,4.46562,
706,4.50963,
707,4.43328,
708,4.44148,
709,4.32276,
710,4.53738,
711,4.40414,
712,4.37032,
713,4.47489,
714,4.46715,
715,4.47487,
716,4.42528,
717,4.4507,
718,4.50601,
719,4.45549,
720,4.33242,
721,4.33474,
722,4.34289,
723,4.6506,
724,4.5661,
725,4.48625,
726,4.50091,
727,4.57365,
728,4.44898,
729,4.46462,
730,4.54114,
731,4.45501,
732,4.37556,
733,4.45473,
734,4.43428,
735,4.40215,
736,4.34316,
737,4.39457,
738,4.39865,
739,4.37968,
740,4.30708,
741,4.31392,
742,4.37984,
743,4.45137,
744,4.30794,
745,4.20426,
746,4.31554,
747,4.23504,
748,4.26887,
749,4.30511,
750,4.3272,
751,4.38434,
752,4.55008,
753,4.31445,
754,4.36806,
755,4.29125,
756,4.35495,
757,4.33419,
758,4.33405,
759,4.2698,
760,4.37522,
761,4.25461,
762,4.20701,
763,4.31078,
764,4.21129,
765,4.33119,
766,4.29623,
767,4.25627,
768,4.32358,
769,4.16477,
770,4.36149,
771,4.20873,
772,4.22611,
773,4.35589,
774,4.29244,
775,4.29599,
776,4.15097,
777,4.24895,
778,4.19222,
779,4.31473,
780,4.26159,
781,4.03259,
782,4.11951,
783,4.02953,
784,4.06815,
785,4.33692,
786,4.28891,
787,4.31791,
788,4.20896,
789,4.27378,
790,4.23082,
791,4.58022,
792,4.42627,
793,4.4815,
794,4.48988,
795,4.40057,
796,4.52855,
797,4.44069,
798,4.39884,
799,4.42008,
800,4.35521,
801,4.36434,
802,4.52237,
803,4.44917,
804,4.30779,
805,4.38772,
806,4.3098,
807,4.34019,
808,4.37142,
809,4.28873,
810,4.24229,
811,4.2236,
812,4.16558,
813,4.2509,
814,4.24607,
815,4.23294,
816,4.26542,
817,4.27268,
818,4.37294,
819,4.32056,
820,4.28233,
821,4.25698,
822,4.48857,
823,4.47787,
824,4.45535,
825,4.41368,
826,4.44068,
827,4.44968,
828,4.31555,
829,4.47992,
830,4.42209,
831,4.41384,
832,4.33931,
833,4.37026,
834,4.2316,
835,4.41069,
836,4.30617,
837,4.33265,
838,4.3736,
839,4.31333,
840,4.22391,
841,4.28878,
842,4.27758,
843,4.79274,
844,4.46795,
845,4.52295,
846,4.4372,
847,4.3992,
848,4.4054,
849,4.30688,
850,4.46126,
851,4.39608,
852,4.1559,
853,4.26347,
854,4.26779,
855,4.16743,
856,4.1963,
857,4.08131,
858,4.10096,
859,4.25419,
860,4.35167,
861,4.26681,
862,4.0851,
863,4.12384,
864,4.47494,
865,4.56802,
866,4.56897,
867,4.56188,
868,4.48311,
869,4.52582,
870,4.46459,
871,4.43478,
872,4.49169,
873,4.45766,
874,4.39678,
875,4.43425,
876,4.45989,
877,4.44727,
878,4.36897,
879,4.3538,
880,4.28951,
881,4.33669,
882,4.27834,
883,4.3621,
884,4.34814,
885,4.26996,
886,4.23054,
887,4.32245,
888,4.26365,
889,4.20965,
890,4.53722,
891,4.50484,
892,4.4379,
893,4.43427,
894,4.53365,
895,4.4767,
896,4.39425,
897,4.37546,
898,4.22978,
899,4.2847,
900,4.22766,
901,4.31076,
902,4.3539,
903,4.26996,
904,4.17825,
905,4.12085,
906,4.06568,
907,4.03869,
908,4.06518,
909,4.05533,
910,4.1451,
911,4.0404,
912,3.98463,
913,3.96105,
914,4.21131,
915,4.10607,
916,4.32309,
917,3.97425,
918,4.33928,
919,4.14464,
920,4.39607,
921,4.63098,
922,4.4645,
923,4.48948,
924,4.46883,
925,4.42401,
926,4.44348,
927,4.51264,
928,4.40111,
929,4.29482,
930,4.31224,
931,4.31291,
932,4.34305,
933,4.28858,
934,4.2846,
935,4.21633,
936,4.32158,
937,4.11527,
938,4.30513,
939,4.28173,
940,4.02811,
941,4.09606,
942,4.17139,
943,4.04562,
944,4.09525,
945,4.07687,
946,3.98192,
947,3.93896,
948,3.97974,
949,4.4979,
950,4.47711,
951,4.58136,
952,4.51651,
953,4.48576,
954,4.48261,
955,4.38213,
956,4.37709,
957,4.32708,
958,4.43048,
959,4.48981,
960,4.39729,
961,4.39499,
962,4.34952,
963,4.26794,
964,4.44476,
965,4.42218,
966,4.44305,
967,4.26575,
968,4.5084,
969,4.30271,
970,4.34106,
971,4.37385,
972,4.34097,
973,4.26139,
974,4.2682,
975,4.29844,
976,4.25314,
977,4.28347,
978,4.1793,
979,4.27073,
980,4.28286,
981,4.29344,
982,4.25416,
983,4.24517,
984,4.22161,
985,4.13262,
986,4.26559,
987,4.21192,
988,4.17298,
989,4.23204,
990,4.09785,
991,4.10608,
992,4.23814,
993,4.24792,
994,4.52724,
995,4.45895,
996,4.40635,
997,4.49267,
998,4.44263,
999,4.45078,
1000,4.35027,
1001,4.3747,
1002,4.2257,
1003,4.31925,
1004,4.3219,
1005,4.24399,
1006,4.38029,
1007,4.30802,
1008,4.25316,
1009,4.42163,
1010,4.38056,
1011,4.09313,
1012,4.17751,
1013,4.16343,
1014,4.08526,
1015,4.17575,
1016,4.28552,
1017,4.27518,
1018,4.34587,
1019,4.36204,
1020,4.42572,
1021,4.10644,
1022,4.20978,
1023,4.30566,
1024,4.27565,
1025,4.4433,
1026,4.37809,
1027,4.31986,
1028,4.31408,
1029,4.35745,
1030,4.31567,
1031,4.16209,
1032,4.34477,
1033,4.12988,
1034,4.29006,
1035,4.3614,
1036,4.27218,
1037,4.30577,
1038,4.22017,
1039,4.3855,
1040,4.28693,
1041,4.43015,
1042,4.33321,
1043,4.32005,
1044,4.30705,
1045,4.43219,
1046,4.28037,
1047,4.29266,
1048,4.17985,
1049,4.18676,
1050,4.23398,
1051,4.15089,
1052,4.23488,
1053,4.14122,
1054,4.33946,
1055,4.04262,
1056,4.1756,
1057,4.35483,
1058,4.23764,
1059,4.19023,
1060,4.16919,
1061,4.25286,
1062,4.14412,
1063,4.22389,
1064,3.90206,
1065,4.46571,
1066,4.39987,
1067,4.44279,
1068,4.54633,
1069,4.55251,
1070,4.36611,
1071,4.3523,
1072,4.34247,
1073,4.46182,
1074,4.30026,
1075,4.31618,
1076,4.28086,
1077,4.22255,
1078,4.22815,
1079,4.25352,
1080,4.32118,
1081,4.25129,
1082,4.35439,
1083,4.33279,
1084,4.29939,
1085,4.22041,
1086,4.29549,
1087,4.33023,
1088,4.38842,
1089,4.33585,
1090,4.32262,
1091,4.2828,
1092,4.29339,
1093,4.32247,
1094,4.36625,
1095,4.25909,
1096,4.25238,
1097,4.26122,
1098,4.17321,
1099,4.12642,
1100,4.04729,
1101,4.25116,
1102,4.34344,
1103,4.1207,
1104,4.1214,
1105,4.19658,
1106,4.10552,
1107,4.11635,
1108,4.15202,
1109,4.08941,
1110,4.10757,
1111,4.09029,
1112,4.08828,
1113,4.22092,
1114,4.0711,
1115,4.31746,
1116,4.4201,
1117,4.29116,
1118,4.2593,
1119,4.2299,
1120,4.38226,
1121,4.30398,
1122,4.30518,
1123,4.31826,
1124,4.34031,
1125,4.2094,
1126,4.09868,
1127,4.18183,
1128,4.17648,
1129,4.20615,
1130,4.1935,
1131,4.04626,
1132,4.26596,
1133,4.19443,
1134,4.21867,
1135,4.11808,
1136,4.10175,
1137,4.22769,
1138,4.08673,
1139,3.97047,
1140,4.10651,
1141,4.1238,
1142,4.22873,
1143,4.04045,
1144,4.06881,
1145,4.07968,
1146,4.0665,
1147,4.06302,
1148,4.07655,
1149,4.19431,
1150,4.39592,
1151,4.29923,
1152,4.42731,
1153,4.27303,
1154,4.2464,
1155,4.20796,
1156,4.3018,
1157,4.2977,
1158,4.3314,
1159,4.27103,
1160,4.37563,
1161,4.2769,
1162,4.34789,
1163,4.19908,
1164,4.27402,
1165,4.32562,
1166,4.22368,
1167,4.33614,
1168,4.24169,
1169,4.0713,
1170,4.05878,
1171,4.15525,
1172,4.12255,
1173,4.17214,
1174,4.10213,
1175,4.15259,
1176,4.30654,
1177,4.5127,
1178,4.29574,
1179,4.34705,
1180,4.39081,
1181,4.30633,
1182,4.31103,
1183,4.30738,
1184,4.27583,
1185,4.35598,
1186,4.24705,
1187,4.32602,
1188,4.33396,
1189,4.2249,
1190,4.29341,
1191,4.081,
1192,4.16861,
1193,4.24484,
1194,4.16483,
1195,4.19576,
1196,4.05049,
1197,4.09539,
1198,4.19842,
1199,3.99289,
1200,4.08802,
1201,4.09679,
1202,4.05701,
1203,4.19793,
1204,4.12446,
1205,4.01365,
1206,4.00877,
1207,4.07381,
1208,4.04741,
1209,4.17336,
1210,4.21657,
1211,4.0827,
1212,4.06491,
1213,4.06808,
1214,4.31013,
1215,4.18743,
1216,4.06181,
1217,4.29518,
1218,4.27823,
1219,4.20517,
1220,4.30317,
1221,4.22883,
1222,4.09796,
1223,4.23129,
1224,4.18041,
1225,4.26218,
1226,4.19255,
1227,4.32771,
1228,4.3483,
1229,4.29341,
1230,4.22262,
1231,4.19584,
1232,4.19072,
1233,4.17298,
1234,4.16574,
1235,4.18841,
1236,4.16847,
1237,4.23796,
1238,4.18031,
1239,4.19079,
1240,4.15305,
1241,4.23539,
1242,4.22258,
1243,4.29626,
1244,4.30745,
1245,4.18154,
1246,4.04922,
1247,4.24858,
1248,3.98049,
1249,4.18556,
1250,4.40265,
1251,4.34998,
1252,4.33931,
1253,4.33543,
1254,4.24704,
1255,4.31524,
1256,4.20887,
1257,4.22654,
1258,4.22146,
1259,4.34663,
1260,4.17781,
1261,4.27234,
1262,4.10736,
1263,4.3376,
1264,4.31786,
1265,4.3769,
1266,4.21538,
1267,4.13934,
1268,4.22499,
1269,4.06236,
1270,4.20492,
1271,4.0513,
1272,4.12452,
1273,4.01242,
1274,4.19276,
1275,4.20947,
1276,3.92778,
1277,4.11607,
1278,4.21254,
1279,4.16004,
1280,4.12014,
1281,4.24241,
1282,4.17906,
1283,4.04933,
1284,4.20559,
1285,4.17253,
1286,4.06615,
1287,3.94419,
1288,3.96934,
1289,4.52916,
1290,4.44583,
1291,4.39861,
1292,4.33241,
1293,4.29706,
1294,4.29351,
1295,4.19961,
1296,4.21926,
1297,4.2439,
1298,4.24801,
1299,4.1852,
1300,4.23778,
1301,4.11672,
1302,4.20781,
1303,4.16935,
1304,4.13281,
1305,4.2862,
1306,4.29827,
1307,4.13371,
1308,4.39957,
1309,4.27558,
1310,4.07351,
1311,4.06355,
1312,4.24749,
1313,4.17907,
1314,4.16186,
1315,4.2003,
1316,4.22949,
1317,4.1389,
1318,4.07828,
1319,4.16366,
1320,4.19636,
1321,4.32998,
1322,4.20873,
1323,4.24432,
1324,4.15191,
1325,4.14506,
1326,4.18052,
1327,4.26794,
1328,4.23246,
1329,3.98634,
1330,4.09795,
1331,4.11326,
1332,4.12986,
1333,4.17312,
1334,4.12472,
1335,3.94578,
1336,4.18567,
1337,4.19984,
1338,3.90195,
1339,3.88265,
1340,4.17601,
1341,4.31284,
1342,4.30584,
1343,4.2318,
1344,4.14966,
1345,4.14931,
1346,4.22567,
1347,4.09923,
1348,4.21924,
1349,4.16542,
1350,3.97389,
1351,4.11815,
1352,3.99386,
1353,4.07506,
1354,3.95274,
1355,4.2616,
1356,4.27878,
1357,4.24993,
1358,4.28705,
1359,4.3342,
1360,4.22559,
1361,4.33448,
1362,4.20005,
1363,4.17934,
1364,4.24976,
1365,4.20975,
1366,4.25001,
1367,4.30257,
1368,4.30037,
1369,4.8709,
1370,4.22365,
1371,4.19424,
1372,4.25645,
1373,4.22397,
1374,4.13183,
1375,4.15087,
1376,4.15293,
1377,4.16967,
1378,4.11925,
1379,4.3809,
1380,4.17344,
1381,4.16138,
1382,3.97964,
1383,4.03794,
1384,4.13741,
1385,4.17516,
1386,4.25124,
1387,4.29625,
1388,4.10489,
1389,4.29662,
1390,4.34394,
1391,4.32498,
1392,4.3775,
1393,4.29548,
1394,4.20761,
1395,4.26534,
1396,4.34671,
1397,4.28851,
1398,4.22123,
1399,4.21862,
1400,4.14507,
1401,4.22708,
1402,4.13381,
1403,4.03084,
1404,4.22984,
1405,4.19255,
1406,4.02606,
1407,4.07278,
1408,4.12285,
1409,4.22434,
1410,4.14113,
1411,4.06173,
1412,4.15515,
1413,4.02162,
1414,4.09299,
1415,4.09476,
1416,4.18334,
1417,4.13333,
1418,4.13349,
1419,4.32291,
1420,4.14839,
1421,4.1686,
1422,4.17785,
1423,4.10732,
1424,4.09196,
1425,4.11304,
1426,4.16794,
1427,3.95136,
1428,4.04364,
1429,4.0238,
1430,4.05774,
1431,4.06791,
1432,4.09781,
1433,4.00881,
1434,4.10226,
1435,4.13294,
1436,3.92996,
1437,4.19474,
1438,4.05746,
1439,4.07834,
1440,4.01873,
1441,4.12732,
1442,4.20366,
1443,4.24451,
1444,4.10037,
1445,4.01813,
1446,4.26176,
1447,4.11915,
1448,4.15127,
1449,4.09397,
1450,4.01225,
1451,4.01611,
1452,4.15762,
1453,4.01346,
1454,3.87382,
1455,3.70995,
1456,3.93252,
1457,3.99974,
1458,4.15057,
1459,4.05779,
1460,4.11252,
1461,4.03157,
1462,3.94498,
1463,3.91992,
1464,3.99428,
1465,4.11865,
1466,3.94464,
1467,4.01846,
1468,3.80446,
1469,3.80258,
1470,4.12504,
1471,3.92002,
1472,4.03927,
1473,3.93887,
1474,4.00289,
1475,3.89501,
1476,3.90572,
1477,3.93203,
1478,3.91779,
1479,3.90293,
1480,3.81826,
1481,3.90893,
1482,4.07846,
1483,3.81564,
1484,4.0092,
1485,4.17091,
1486,4.35161,
1487,4.34829,
1488,4.35921,
1489,4.32954,
1490,4.32689,
1491,4.3478,
1492,4.21609,
1493,4.11484,
1494,4.1839,
1495,4.05428,
1496,4.12523,
1497,4.16752,
1498,4.13341,
1499,4.15494,
1500,4.15978,
1501,4.06146,
1502,3.9902,
1503,4.12301,
1504,4.14852,
1505,4.06447,
1506,4.11432,
1507,4.06041,
1508,4.03218,
1509,4.21219,
1510,4.02906,
1511,4.03485,
1512,4.10345,
1513,4.1214,
1514,3.95492,
1515,4.24206,
1516,4.13924,
1517,4.31562,
1518,4.26738,
1519,4.30446,
1520,4.24717,
1521,4.17776,
1522,4.24634,
1523,4.16158,
1524,4.21616,
1525,4.15856,
1526,4.1548,
1527,4.16142,
1528,4.00574,
1529,4.07662,
1530,4.04195,
1531,4.08584,
1532,3.94652,
1533,3.98517,
1534,4.01578,
1535,4.00138,
1536,3.9889,
1537,3.96471,
1538,3.95545,
1539,3.96486,
1540,4.04768,
1541,4.04427,
1542,4.04566,
1543,4.37101,
1544,4.2258,
1545,4.27549,
1546,4.22494,
1547,4.28189,
1548,4.2651,
1549,4.17569,
1550,4.22663,
1551,4.22484,
1552,4.15286,
1553,4.25007,
1554,4.09476,
1555,4.08015,
1556,3.98421,
1557,4.06922,
1558,4.14008,
1559,4.26384,
1560,4.16192,
1561,4.02073,
1562,4.09796,
1563,4.05022,
1564,4.05567,
1565,4.17241,
1566,4.12232,
1567,4.04887,
1568,3.99127,
1569,4.10549,
1570,4.24161,
1571,4.14175,
1572,4.25419,
1573,4.15271,
1574,4.25953,
1575,4.15078,
1576,4.3583,
1577,4.28803,
1578,4.13697,
1579,4.02266,
1580,4.00722,
1581,4.18536,
1582,4.18356,
1583,4.08713,
1584,4.09578,
1585,4.07607,
1586,4.1257,
1587,4.1083,
1588,4.17432,
1589,3.99107,
1590,4.03068,
1591,3.89624,
1592,3.91471,
1593,4.02682,
1594,3.96759,
1595,3.91326,
1596,4.01165,
1597,3.96599,
1598,4.01784,
1599,3.86501,
1600,3.96682,
1601,4.04029,
1602,3.99975,
1603,3.96955,
1604,4.33369,
1605,4.27184,
1606,4.26746,
1607,4.23941,
1608,4.14981,
1609,4.21005,
1610,4.1055,
1611,4.19776,
1612,4.25236,
1613,4.07289,
1614,4.18205,
1615,4.31824,
1616,4.39231,
1617,4.1456,
1618,4.14466,
1619,4.17685,
1620,4.17496,
1621,4.34078,
1622,4.17219,
1623,4.15986,
1624,4.14253,
1625,4.04342,
1626,4.06719,
1627,4.03814,
1628,4.01029,
1629,4.04837,
1630,4.03163,
1631,4.07922,
1632,4.3745,
1633,4.43246,
1634,4.32883,
1635,4.26998,
1636,4.23619,
1637,4.23319,
1638,4.25889,
1639,4.24674,
1640,4.18054,
1641,4.30767,
1642,4.27281,
1643,4.2323,
1644,4.16668,
1645,4.13131,
1646,4.20895,
1647,4.20513,
1648,4.14136,
1649,4.13741,
1650,4.06983,
1651,4.30501,
1652,4.44771,
1653,4.42459,
1654,4.32916,
1655,4.26683,
1656,4.26192,
1657,4.16346,
1658,4.32825,
1659,4.1909,
1660,4.18055,
1661,4.19685,
1662,4.01923,
1663,3.93455,
1664,4.08442,
1665,4.22838,
1666,4.16612,
1667,3.88192,
1668,4.09398,
1669,4.07761,
1670,3.98669,
1671,4.03617,
1672,4.09724,
1673,3.93641,
1674,4.19509,
1675,4.10068,
1676,4.11125,
1677,4.20403,
1678,4.20249,
1679,4.20303,
1680,4.25069,
1681,4.20485,
1682,4.11437,
1683,4.10642,
1684,4.06421,
1685,4.13284,
1686,4.07054,
1687,4.07887,
1688,4.16044,
1689,4.05527,
1690,4.03399,
1691,4.05621,
1692,3.99349,
1693,4.0054,
1694,4.07631,
1695,3.9303,
1696,3.92621,
1697,3.95637,
1698,3.94626,
1699,3.91862,
1700,3.83141,
1701,3.92387,
1702,4.01776,
1703,4.20031,
1704,4.19065,
1705,4.13858,
1706,4.12917,
1707,4.18722,
1708,4.04474,
1709,4.13783,
1710,3.91254,
1711,4.08614,
1712,4.13569,
1713,3.99969,
1714,4.17586,
1715,3.95438,
1716,3.87548,
1717,4.15063,
1718,4.01893,
1719,3.90279,
1720,3.96665,
1721,4.10162,
1722,3.76373,
1723,3.92506,
1724,4.05117,
1725,3.78732,
1726,3.933,
1727,3.95676,
1728,3.91089,
1729,3.75243,
1730,4.24904,
1731,4.14885,
1732,4.1613,
1733,4.13158,
1734,4.1905,
1735,4.13096,
1736,4.20673,
1737,4.15036,
1738,4.07022,
1739,4.14648,
1740,4.16139,
1741,4.11803,
1742,4.06995,
1743,3.98708,
1744,4.053,
1745,3.86757,
1746,3.95215,
1747,3.98722,
1748,4.09478,
1749,3.99809,
1750,3.7839,
1751,3.93186,
1752,3.86706,
1753,3.85092,
1754,3.68175,
1755,3.82649,
1756,3.92733,
1757,3.88192,
1758,3.84265,
1759,3.72678,
1760,3.60804,
1761,3.65288,
1762,3.83577,
1763,3.87454,
1764,4.55009,
1765,4.24901,
1766,4.17268,
1767,4.10911,
1768,4.20469,
1769,4.22263,
1770,4.09801,
1771,4.17548,
1772,4.05826,
1773,4.08429,
1774,3.9662,
1775,4.21938,
1776,4.05686,
1777,4.00851,
1778,4.1606,
1779,4.12259,
1780,4.13901,
1781,4.12158,
1782,4.10128,
1783,4.15091,
1784,4.14182,
1785,4.00985,
1786,4.0185,
1787,4.02488,
1788,4.31571,
1789,4.22654,
1790,4.14977,
1791,4.15997,
1792,4.27353,
1793,4.11422,
1794,4.14442,
1795,4.21901,
1796,4.14415,
1797,4.08522,
1798,4.12735,
1799,4.12388,
1800,4.04956,
1801,4.025,
1802,4.06161,
1803,4.11396,
1804,4.03897,
1805,3.98488,
1806,3.97054,
1807,4.07119,
1808,4.1445,
1809,4.00831,
1810,3.8687,
1811,4.00218,
1812,3.90375,
1813,3.90721,
1814,3.97301,
1815,4.03468,
1816,4.03948,
1817,4.21075,
1818,4.01687,
1819,4.00404,
1820,3.91606,
1821,4.02909,
1822,3.98317,
1823,4.00402,
1824,3.94822,
1825,4.03003,
1826,3.88101,
1827,3.87713,
1828,3.91355,
1829,3.87404,
1830,3.98759,
1831,3.93446,
1832,3.87404,
1833,3.94503,
1834,3.79677,
1835,4.03026,
1836,3.82607,
1837,3.90675,
1838,3.99417,
1839,3.96267,
1840,3.96055,
1841,3.78675,
1842,3.89569,
1843,3.84836,
1844,3.95972,
1845,3.94378,
1846,3.65509,
1847,3.756,
1848,3.64152,
1849,3.70168,
1850,3.97116,
1851,3.93456,
1852,3.96177,
1853,3.80719,
1854,3.97276,
1855,3.91283,
1856,4.23606,
1857,4.15959,
1858,4.1903,
1859,4.19084,
1860,4.09811,
1861,4.2811,
1862,4.12675,
1863,4.11272,
1864,4.13234,
1865,4.05284,
1866,4.06216,
1867,4.25702,
1868,4.08904,
1869,4.00894,
1870,4.09517,
1871,4.01345,
1872,4.05732,
1873,4.05608,
1874,3.97536,
1875,3.96362,
1876,3.92711,
1877,3.83331,
1878,3.93777,
1879,3.95996,
1880,3.9173,
1881,3.97586,
1882,3.97831,
1883,4.07349,
1884,4.01126,
1885,4.02038,
1886,3.93156,
1887,4.22748,
1888,4.15881,
1889,4.20509,
1890,4.11509,
1891,4.14197,
1892,4.12709,
1893,4.00969,
1894,4.17798,
1895,4.11253,
1896,4.11143,
1897,4.0672,
1898,4.10791,
1899,3.94025,
1900,4.13349,
1901,4.04452,
1902,4.04838,
1903,4.10821,
1904,4.00211,
1905,3.94085,
1906,3.99475,
1907,3.9973,
1908,4.4507,
1909,4.18982,
1910,4.15323,
1911,4.07787,
1912,4.06501,
1913,4.06269,
1914,3.95189,
1915,4.04984,
1916,4.02903,
1917,3.76074,
1918,3.87682,
1919,3.86221,
1920,3.80994,
1921,3.81509,
1922,3.67371,
1923,3.7098,
1924,3.93007,
1925,4.05704,
1926,3.95199,
1927,3.72606,
1928,3.77994,
1929,4.22092,
1930,4.29295,
1931,4.2768,
1932,4.29626,
1933,4.2024,
1934,4.20518,
1935,4.18029,
1936,4.1216,
1937,4.18648,
1938,4.15641,
1939,4.10086,
1940,4.12958,
1941,4.18803,
1942,4.14825,
1943,4.06108,
1944,4.04283,
1945,3.95003,
1946,4.02272,
1947,3.9958,
1948,4.05217,
1949,4.01907,
1950,3.92074,
1951,3.88696,
1952,3.99654,
1953,3.92451,
1954,3.90177,
1955,4.21275,
1956,4.18904,
1957,4.15462,
1958,4.11149,
1959,4.21411,
1960,4.17224,
1961,4.04866,
1962,4.06712,
1963,3.90214,
1964,3.93723,
1965,3.86975,
1966,3.99758,
1967,4.10373,
1968,3.98642,
1969,3.86402,
1970,3.78266,
1971,3.69705,
1972,3.68104,
1973,3.74649,
1974,3.68946,
1975,3.83651,
1976,3.71848,
1977,3.61531,
1978,3.60744,
1979,3.87606,
1980,3.79557,
1981,3.98346,
1982,3.65231,
1983,4.07424,
1984,3.84446,
1985,4.11277,
1986,4.38804,
1987,4.13276,
1988,4.18701,
1989,4.17949,
1990,4.16263,
1991,4.17729,
1992,4.2234,
1993,4.1266,
1994,3.98949,
1995,3.99904,
1996,4.00836,
1997,4.0817,
1998,4.00068,
1999,3.98177,
2000,3.92603,
2001,4.02881,
2002,3.79199,
2003,4.02254,
2004,4.00743,
2005,3.71273,
2006,3.75575,
2007,3.86636,
2008,3.72582,
2009,3.77457,
2010,3.73716,
2011,3.61388,
2012,3.60435,
2013,3.69428,
2014,4.22941,
2015,4.2284,
2016,4.32528,
2017,4.26005,
2018,4.23313,
2019,4.19727,
2020,4.07,
2021,4.10995,
2022,4.04999,
2023,4.15399,
2024,4.22654,
2025,4.11061,
2026,4.13614,
2027,4.0486,
2028,3.97215,
2029,4.22035,
2030,4.13492,
2031,4.18025,
2032,4.00082,
2033,4.2352,
2034,4.01043,
2035,4.06345,
2036,4.07959,
2037,4.08442,
2038,3.95949,
2039,3.96312,
2040,3.98195,
2041,3.94792,
2042,4.00809,
2043,3.87826,
2044,3.94865,
2045,3.97866,
2046,3.97213,
2047,3.93742,
2048,3.96345,
2049,3.92515,
2050,3.82422,
2051,3.95091,
2052,3.88471,
2053,3.85851,
2054,3.91111,
2055,3.7592,
2056,3.75915,
2057,3.89985,
2058,3.9211,
2059,4.26429,
2060,4.20608,
2061,4.15467,
2062,4.24359,
2063,4.19997,
2064,4.19668,
2065,4.06971,
2066,4.10901,
2067,3.96294,
2068,4.02956,
2069,4.03021,
2070,3.96562,
2071,4.11387,
2072,4.0548,
2073,3.9519,
2074,4.12534,
2075,4.10297,
2076,3.83435,
2077,3.90781,
2078,3.90672,
2079,3.80816,
2080,3.93308,
2081,4.02859,
2082,3.99825,
2083,4.09672,
2084,4.1081,
2085,4.19549,
2086,3.80195,
2087,3.89442,
2088,4.05687,
2089,4.00028,
2090,4.13991,
2091,4.09617,
2092,4.08199,
2093,4.04272,
2094,4.1071,
2095,4.02741,
2096,3.88901,
2097,4.05803,
2098,3.81098,
2099,4.01248,
2100,4.05511,
2101,4.00136,
2102,4.0242,
2103,3.94282,
2104,4.13063,
2105,4.01086,
2106,4.16996,
2107,4.06837,
2108,4.09733,
2109,4.04257,
2110,4.1924,
2111,4.00293,
2112,3.98373,
2113,3.91833,
2114,3.89641,
2115,3.95101,
2116,3.85927,
2117,3.95951,
2118,3.87952,
2119,4.0549,
2120,3.71937,
2121,3.88391,
2122,4.04072,
2123,3.98589,
2124,3.92454,
2125,3.8923,
2126,3.98654,
2127,3.8321,
2128,3.9253,
2129,3.5017,
2130,4.21817,
2131,4.15935,
2132,4.21077,
2133,4.28299,
2134,4.35363,
2135,4.10317,
2136,4.0912,
2137,4.06891,
2138,4.22466,
2139,4.0679,
2140,4.07299,
2141,4.04819,
2142,3.94879,
2143,3.96463,
2144,3.99805,
2145,4.09886,
2146,3.96409,
2147,4.09724,
2148,4.09949,
2149,4.0289,
2150,3.96883,
2151,4.01035,
2152,4.06211,
2153,4.16149,
2154,4.06929,
2155,4.02332,
2156,3.99283,
2157,4.01398,
2158,4.04025,
2159,4.07871,
2160,3.97911,
2161,3.96536,
2162,4.00556,
2163,3.88973,
2164,3.82803,
2165,3.73921,
2166,3.93555,
2167,4.08985,
2168,3.81343,
2169,3.81951,
2170,3.94247,
2171,3.80189,
2172,3.80566,
2173,3.86244,
2174,3.77762,
2175,3.82453,
2176,3.79155,
2177,3.8367,
2178,3.95677,
2179,3.79917,
2180,4.04908,
2181,4.15364,
2182,4.05223,
2183,3.99848,
2184,3.9434,
2185,4.10265,
2186,4.03615,
2187,4.04867,
2188,4.03584,
2189,4.10453,
2190,3.92056,
2191,3.78465,
2192,3.94439,
2193,3.93449,
2194,3.91935,
2195,3.95778,
2196,3.72465,
2197,3.97213,
2198,3.9504,
2199,3.93964,
2200,3.83507,
2201,3.76989,
2202,3.98535,
2203,3.81436,
2204,3.65663,
2205,3.80744,
2206,3.84585,
2207,3.98337,
2208,3.78773,
2209,3.77423,
2210,3.8134,
2211,3.79815,
2212,3.77384,
2213,3.79052,
2214,3.92932,
2215,4.14293,
2216,4.04092,
2217,4.18673,
2218,4.02528,
2219,3.95819,
2220,3.93822,
2221,4.06488,
2222,4.03161,
2223,4.06539,
2224,3.97838,
2225,4.10462,
2226,3.99245,
2227,4.05789,
2228,3.89952,
2229,3.98798,
2230,4.04497,
2231,3.96565,
2232,4.05405,
2233,3.97381,
2234,3.78186,
2235,3.77199,
2236,3.88474,
2237,3.82295,
2238,3.90651,
2239,3.79665,
2240,3.86747,
2241,4.00829,
2242,4.20743,
2243,3.98137,
2244,4.06195,
2245,4.12003,
2246,4.07528,
2247,4.03184,
2248,4.05017,
2249,4.02215,
2250,4.11852,
2251,4.02207,
2252,4.07847,
2253,4.06901,
2254,3.92109,
2255,4.06123,
2256,3.75855,
2257,3.88875,
2258,3.98121,
2259,3.92354,
2260,3.96137,
2261,3.79541,
2262,3.82266,
2263,3.94957,
2264,3.72418,
2265,3.83524,
2266,3.80311,
2267,3.7766,
2268,3.90563,
2269,3.82344,
2270,3.7272,
2271,3.72797,
2272,3.8258,
2273,3.78003,
2274,3.90195,
2275,3.95631,
2276,3.83794,
2277,3.80889,
2278,3.81375,
2279,4.03036,
2280,3.90542,
2281,3.74576,
2282,4.04576,
2283,4.03537,
2284,3.92351,
2285,4.05942,
2286,3.98044,
2287,3.79786,
2288,3.94968,
2289,3.90135,
2290,3.99827,
2291,3.92633,
2292,4.05998,
2293,4.11731,
2294,4.02214,
2295,3.94051,
2296,3.92696,
2297,3.8978,
2298,3.89355,
2299,3.88223,
2300,3.90407,
2301,3.86487,
2302,3.9589,
2303,3.91068,
2304,3.9207,
2305,3.81233,
2306,3.94373,
2307,3.95679,
2308,4.01477,
2309,4.06232,
2310,3.90044,
2311,3.72331,
2312,3.9645,
2313,3.67651,
2314,3.86439,
2315,4.15565,
2316,4.13757,
2317,4.07262,
2318,4.08636,
2319,3.97474,
2320,4.07383,
2321,3.92658,
2322,3.94431,
2323,3.94812,
2324,4.10333,
2325,3.89746,
2326,4.0165,
2327,3.80088,
2328,4.06506,
2329,4.06215,
2330,4.15823,
2331,3.94441,
2332,3.86347,
2333,3.98432,
2334,3.77417,
2335,3.92805,
2336,3.7568,
2337,3.85676,
2338,3.72358,
2339,3.93451,
2340,3.96386,
2341,3.63495,
2342,3.85316,
2343,3.90288,
2344,3.92951,
2345,3.86612,
2346,4.00105,
2347,3.93798,
2348,3.83285,
2349,3.94611,
2350,3.93624,
2351,3.83491,
2352,3.70942,
2353,3.70963,
2354,4.2547,
2355,4.19435,
2356,4.12874,
2357,4.08961,
2358,4.03943,
2359,4.05908,
2360,3.9428,
2361,3.98729,
2362,3.94122,
2363,3.99903,
2364,3.95094,
2365,3.99671,
2366,3.82591,
2367,3.9291,
2368,3.90969,
2369,3.84385,
2370,4.05203,
2371,4.07667,
2372,3.88058,
2373,4.13381,
2374,4.01433,
2375,3.79683,
2376,3.77188,
2377,3.97695,
2378,3.92316,
2379,3.91666,
2380,3.93096,
2381,3.94894,
2382,3.85487,
2383,3.78429,
2384,3.89238,
2385,3.91881,
2386,4.05956,
2387,3.96843,
2388,3.98421,
2389,3.88811,
2390,3.87263,
2391,3.89807,
2392,4.00883,
2393,3.98066,
2394,3.69928,
2395,3.81759,
2396,3.82331,
2397,3.87371,
2398,3.92549,
2399,3.88201,
2400,3.66951,
2401,3.91047,
2402,3.9381,
2403,3.63951,
2404,3.62917,
2405,3.9535,
2406,4.0208,
2407,4.02406,
2408,3.95427,
2409,3.8788,
2410,3.87939,
2411,3.96826,
2412,3.84149,
2413,3.95165,
2414,3.91561,
2415,3.71112,
2416,3.84285,
2417,3.71075,
2418,3.81531,
2419,3.65643,
2420,3.95833,
2421,4.00689,
2422,3.96346,
2423,4.02412,
2424,4.07167,
2425,3.94679,
2426,4.04208,
2427,3.92254,
2428,3.90744,
2429,3.98975,
2430,3.94531,
2431,3.98617,
2432,4.05781,
2433,4.08603,
2434,4.79158,
2435,3.98164,
2436,3.96259,
2437,4.03608,
2438,3.98852,
2439,3.87493,
2440,3.88874,
2441,3.91068,
2442,3.89633,
2443,3.83455,
2444,4.20624,
2445,3.91762,
2446,3.91525,
2447,3.69681,
2448,3.75976,
2449,3.90525,
2450,3.91396,
2451,3.99454,
2452,4.04327,
2453,3.85454,
2454,4.05494,
2455,4.07227,
2456,4.06534,
2457,4.15554,
2458,4.03783,
2459,3.95444,
2460,4.03971,
2461,4.08373,
2462,4.02988,
2463,3.94068,
2464,3.9932,
2465,3.93228,
2466,3.9527,
2467,3.88218,
2468,3.75882,
2469,3.98583,
2470,3.92516,
2471,3.74409,
2472,3.81424,
2473,3.86833,
2474,3.93228,
2475,3.87617,
2476,3.80302,
2477,3.90157,
2478,3.71251,
2479,3.83276,
2480,3.83961,
2481,3.91967,
2482,3.86025,
2483,3.88113,
2484,4.02121,
2485,3.89476,
2486,3.91445,
2487,3.85815,
2488,3.82657,
2489,3.79324,
2490,3.8687,
2491,3.88032,
2492,3.6641,
2493,3.75483,
2494,3.74259,
2495,3.79543,
2496,3.80885,
2497,3.8118,
2498,3.71991,
2499,3.8342,
2500,3.85948,
2501,3.63894,
2502,3.93554,
2503,3.79928,
2504,3.79563,
2505,3.74049,
2506,3.87574,
2507,3.96982,
2508,3.98511,
2509,3.82799,
2510,3.75241,
2511,4.05259,
2512,3.85172,
2513,3.89564,
2514,3.84319,
2515,3.75191,
2516,3.78095,
2517,3.94344,
2518,3.71277,
2519,3.61606,
2520,3.45771,
2521,3.66911,
2522,3.73402,
2523,3.91651,
2524,3.83553,
2525,3.86533,
2526,3.77227,
2527,3.68784,
2528,3.63396,
2529,3.73401,
2530,3.87866,
2531,3.68778,
2532,3.75832,
2533,3.49676,
2534,3.53659,
2535,3.87613,
2536,3.6246,
2537,3.75675,
2538,3.63531,
2539,3.7153,
2540,3.62575,
2541,3.61688,
2542,3.64272,
2543,3.62791,
2544,3.58912,
2545,3.53573,
2546,3.59906,
2547,3.80768,
2548,3.50468,
2549,3.7324,
2550,3.87203,
2551,4.08645,
2552,4.09871,
2553,4.09846,
2554,4.08395,
2555,4.05788,
2556,4.08885,
2557,3.95985,
2558,3.84233,
2559,3.91154,
2560,3.77822,
2561,3.83919,
2562,3.9692,
2563,3.87739,
2564,3.88392,
2565,3.86787,
2566,3.79742,
2567,3.74089,
2568,3.86364,
2569,3.8745,
2570,3.80774,
2571,3.86578,
2572,3.77342,
2573,3.75797,
2574,3.97669,
2575,3.73982,
2576,3.75827,
2577,3.83182,
2578,3.84907,
2579,3.69314,
2580,4.02953,
2581,3.90858,
2582,4.06442,
2583,3.99644,
2584,4.05196,
2585,4.01549,
2586,3.95057,
2587,4.00725,
2588,3.91811,
2589,3.93445,
2590,3.89361,
2591,3.90985,
2592,3.90829,
2593,3.71485,
2594,3.85264,
2595,3.78113,
2596,3.80559,
2597,3.64717,
2598,3.71143,
2599,3.7148,
2600,3.73476,
2601,3.68857,
2602,3.65571,
2603,3.72179,
2604,3.66169,
2605,3.77939,
2606,3.77896,
2607,3.75185,
2608,4.11528,
2609,4.00298,
2610,4.04478,
2611,3.97284,
2612,4.02704,
2613,4.00913,
2614,3.93635,
2615,3.99451,
2616,3.94999,
2617,3.89259,
2618,4.00095,
2619,3.84274,
2620,3.81954,
2621,3.70639,
2622,3.83521,
2623,3.86433,
2624,3.96965,
2625,3.89004,
2626,3.7458,
2627,3.8373,
2628,3.78651,
2629,3.77474,
2630,3.90495,
2631,3.87235,
2632,3.76442,
2633,3.70645,
2634,3.83195,
2635,3.99626,
2636,3.90696,
2637,4.00098,
2638,3.93428,
2639,4.06449,
2640,3.90182,
2641,4.06382,
2642,4.06168,
2643,3.87237,
2644,3.76458,
2645,3.77357,
2646,3.97898,
2647,3.91515,
2648,3.80791,
2649,3.84462,
2650,3.80617,
2651,3.87831,
2652,3.88775,
2653,3.94986,
2654,3.73838,
2655,3.74843,
2656,3.603,
2657,3.6605,
2658,3.75018,
2659,3.71785,
2660,3.66301,
2661,3.79133,
2662,3.70656,
2663,3.75119,
2664,3.58569,
2665,3.67554,
2666,3.79425,
2667,3.74952,
2668,3.71888,
2669,4.08961,
2670,4.03971,
2671,4.04028,
2672,4.04222,
2673,3.9245,
2674,3.93181,
2675,3.8326,
2676,3.98719,
2677,4.08267,
2678,3.82952,
2679,3.97103,
2680,4.11631,
2681,4.19503,
2682,3.91374,
2683,3.93625,
2684,3.96242,
2685,3.94677,
2686,4.11579,
2687,3.97124,
2688,3.88439,
2689,3.87769,
2690,3.78463,
2691,3.81264,
2692,3.77494,
2693,3.78357,
2694,3.81718,
2695,3.78853,
2696,3.82249,
2697,4.16551,
2698,4.2325,
2699,4.11774,
2700,4.06153,
2701,4.04799,
2702,4.04244,
2703,4.04081,
2704,4.04722,
2705,3.97226,
2706,4.11159,
2707,4.05899,
2708,4.03191,
2709,3.9575,
2710,3.93057,
2711,4.00319,
2712,4.01371,
2713,3.93826,
2714,3.91464,
2715,3.84999,
2716,4.07493,
2717,4.20759,
2718,4.16861,
2719,4.04055,
2720,4.01272,
2721,3.97599,
2722,3.93857,
2723,4.07896,
2724,3.96258,
2725,3.95037,
2726,3.95189,
2727,3.76837,
2728,3.67442,
2729,3.84742,
2730,4.02976,
2731,3.89957,
2732,3.63242,
2733,3.8617,
2734,3.85063,
2735,3.74689,
2736,3.79943,
2737,3.89074,
2738,3.68386,
2739,3.96966,
2740,3.79937,
2741,3.8637,
2742,3.94755,
2743,3.98642,
2744,3.95809,
2745,4.01856,
2746,3.94603,
2747,3.84044,
2748,3.8376,
2749,3.80776,
2750,3.89863,
2751,3.78533,
2752,3.85068,
2753,3.92891,
2754,3.77272,
2755,3.72622,
2756,3.78775,
2757,3.69697,
2758,3.74086,
2759,3.82415,
2760,3.67264,
2761,3.64275,
2762,3.68508,
2763,3.69155,
2764,3.64098,
2765,3.58643,
2766,3.65413,
2767,3.72358,
2768,3.99197,
2769,3.9424,
2770,3.87861,
2771,3.89607,
2772,3.93709,
2773,3.8346,
2774,3.90076,
2775,3.63961,
2776,3.84169,
2777,3.8541,
2778,3.73707,
2779,3.97496,
2780,3.70262,
2781,3.64375,
2782,3.94598,
2783,3.79447,
2784,3.67357,
2785,3.72508,
2786,3.86326,
2787,3.52887,
2788,3.67749,
2789,3.79259,
2790,3.51015,
2791,3.6692,
2792,3.69052,
2793,3.66269,
2794,3.48463,
2795,4.0028,
2796,3.9117,
2797,3.92218,
2798,3.87619,
2799,3.93786,
2800,3.87159,
2801,3.97515,
2802,3.91302,
2803,3.82314,
2804,3.8906,
2805,3.89195,
2806,3.8483,
2807,3.84112,
2808,3.74681,
2809,3.79285,
2810,3.59006,
2811,3.68286,
2812,3.71816,
2813,3.84313,
2814,3.74669,
2815,3.52822,
2816,3.69218,
2817,3.63177,
2818,3.60797,
2819,3.44096,
2820,3.55108,
2821,3.66657,
2822,3.63498,
2823,3.58774,
2824,3.47061,
2825,3.38147,
2826,3.38351,
2827,3.56905,
2828,3.63248,
2829,4.32415,
2830,4.01674,
2831,3.94262,
2832,3.83256,
2833,3.98984,
2834,3.9811,
2835,3.8341,
2836,3.94723,
2837,3.82764,
2838,3.84227,
2839,3.70298,
2840,3.99335,
2841,3.83005,
2842,3.78131,
2843,3.91778,
2844,3.92265,
2845,3.92151,
2846,3.85496,
2847,3.91054,
2848,3.89217,
2849,3.96521,
2850,3.79984,
2851,3.78062,
2852,3.78695,
2853,4.02359,
2854,4.01334,
2855,3.91853,
2856,3.91374,
2857,4.03164,
2858,3.86644,
2859,3.90321,
2860,4.00565,
2861,3.92874,
2862,3.87502,
2863,3.88083,
2864,3.88183,
2865,3.7901,
2866,3.77775,
2867,3.80767,
2868,3.88446,
2869,3.75219,
2870,3.72907,
2871,3.72144,
2872,3.80843,
2873,3.93172,
2874,3.76074,
2875,3.5837,
2876,3.7674,
2877,3.63453,
2878,3.65938,
2879,3.74909,
2880,3.78342,
2881,3.79571,
2882,3.92085,
2883,3.79515,
2884,3.78674,
2885,3.64987,
2886,3.77192,
2887,3.7111,
2888,3.71818,
2889,3.6909,
2890,3.79587,
2891,3.6421,
2892,3.60177,
2893,3.65076,
2894,3.64665,
2895,3.72808,
2896,3.67796,
2897,3.58167,
2898,3.71913,
2899,3.55599,
2900,3.75922,
2901,3.58911,
2902,3.67561,
2903,3.73544,
2904,3.70719,
2905,3.7301,
2906,3.4906,
2907,3.62704,
2908,3.60501,
2909,3.6716,
2910,3.69957,
2911,3.36012,
2912,3.47626,
2913,3.36617,
2914,3.44678,
2915,3.70034,
2916,3.68596,
2917,3.70724,
2918,3.51196,
2919,3.73272,
2920,3.67619,
2921,4.02245,
2922,3.94598,
2923,3.99624,
2924,3.94733,
2925,3.89833,
2926,4.08482,
2927,3.90804,
2928,3.88927,
2929,3.92907,
2930,3.8401,
2931,3.84987,
2932,4.06545,
2933,3.86629,
2934,3.77802,
2935,3.87611,
2936,3.75671,
2937,3.84034,
2938,3.82413,
2939,3.75565,
2940,3.72927,
2941,3.7228,
2942,3.60274,
2943,3.70148,
2944,3.73791,
2945,3.68484,
2946,3.70793,
2947,3.75264,
2948,3.8564,
2949,3.7372,
2950,3.79087,
2951,3.69648,
2952,3.97095,
2953,3.95966,
2954,3.976,
2955,3.93124,
2956,3.93346,
2957,3.92507,
2958,3.82499,
2959,3.98001,
2960,3.88054,
2961,3.89377,
2962,3.85843,
2963,3.88888,
2964,3.70548,
2965,3.92926,
2966,3.82171,
2967,3.85219,
2968,3.93761,
2969,3.77402,
2970,3.72928,
2971,3.75359,
2972,3.82396,
2973,4.19501,
2974,3.98655,
2975,3.87229,
2976,3.82128,
2977,3.78392,
2978,3.79155,
2979,3.68753,
2980,3.77671,
2981,3.7711,
2982,3.45851,
2983,3.61296,
2984,3.5819,
2985,3.56776,
2986,3.55462,
2987,3.4353,
2988,3.46861,
2989,3.65152,
2990,3.78881,
2991,3.71306,
2992,3.44812,
2993,3.48776,
2994,3.9788,
2995,4.04534,
2996,4.02962,
2997,4.0464,
2998,3.96116,
2999,3.99146,
3000,3.91222,
3001,3.88299,
3002,3.92284,
3003,3.90331,
3004,3.85453,
3005,3.87596,
3006,3.99193,
3007,3.92735,
3008,3.84267,
3009,3.77561,
3010,3.67712,
3011,3.7896,
3012,3.73243,
3013,3.75627,
3014,3.69863,
3015,3.63671,
3016,3.59108,
3017,3.75743,
3018,3.6828,
3019,3.65029,
3020,4.00659,
3021,3.94528,
3022,3.9444,
3023,3.86845,
3024,3.99575,
3025,3.98035,
3026,3.83257,
3027,3.8472,
3028,3.64465,
3029,3.7013,
3030,3.60268,
3031,3.79203,
3032,3.89972,
3033,3.75915,
3034,3.61101,
3035,3.53317,
3036,3.4214,
3037,3.40148,
3038,3.47843,
3039,3.40402,
3040,3.59603,
3041,3.51552,
3042,3.37606,
3043,3.38322,
3044,3.6516,
3045,3.55561,
3046,3.75942,
3047,3.39309,
3048,3.89138,
3049,3.61344,
3050,3.90819,
3051,4.21635,
3052,3.87718,
3053,3.9386,
3054,3.92679,
3055,3.94278,
3056,3.96275,
3057,3.96883,
3058,3.88963,
3059,3.74948,
3060,3.75954,
3061,3.77472,
3062,3.85223,
3063,3.7553,
3064,3.75836,
3065,3.66982,
3066,3.76754,
3067,3.54533,
3068,3.83464,
3069,3.77753,
3070,3.48703,
3071,3.52506,
3072,3.64939,
3073,3.46558,
3074,3.52335,
3075,3.48177,
3076,3.38327,
3077,3.34627,
3078,3.45225,
3079,4.02885,
3080,4.0192,
3081,4.11663,
3082,4.07964,
3083,4.03611,
3084,3.98965,
3085,3.8529,
3086,3.91324,
3087,3.85585,
3088,3.92682,
3089,4.03726,
3090,3.94771,
3091,3.91084,
3092,3.82518,
3093,3.74196,
3094,3.99657,
3095,3.93259,
3096,3.97903,
3097,3.80217,
3098,4.03782,
3099,3.77358,
3100,3.8132,
3101,3.84218,
3102,3.9011,
3103,3.7315,
3104,3.74235,
3105,3.73175,
3106,3.71883,
3107,3.78662,
3108,3.62009,
3109,3.68303,
3110,3.75431,
3111,3.75735,
3112,3.69652,
3113,3.70155,
3114,3.70701,
3115,3.59527,
3116,3.69156,
3117,3.62775,
3118,3.59659,
3119,3.65852,
3120,3.45654,
3121,3.51041,
3122,3.66452,
3123,3.68045,
3124,4.08163,
3125,3.9936,
3126,3.91493,
3127,4.05414,
3128,4.00073,
3129,3.98682,
3130,3.88002,
3131,3.90943,
3132,3.79235,
3133,3.82797,
3134,3.81219,
3135,3.75263,
3136,3.90128,
3137,3.83459,
3138,3.75883,
3139,3.9724,
3140,3.91396,
3141,3.5839,
3142,3.66601,
3143,3.70805,
3144,3.61539,
3145,3.73874,
3146,3.81445,
3147,3.79533,
3148,3.89833,
3149,3.93794,
3150,3.98952,
3151,3.56465,
3152,3.65883,
3153,3.80453,
3154,3.78063,
3155,3.93916,
3156,3.90489,
3157,3.89657,
3158,3.84284,
3159,3.90115,
3160,3.80932,
3161,3.68927,
3162,3.84289,
3163,3.56517,
3164,3.79899,
3165,3.82061,
3166,3.77537,
3167,3.79589,
3168,3.70857,
3169,3.93626,
3170,3.79769,
3171,3.97731,
3172,3.87119,
3173,3.90038,
3174,3.86938,
3175,3.98002,
3176,3.76576,
3177,3.77721,
3178,3.7229,
3179,3.69484,
3180,3.75148,
3181,3.64026,
3182,3.71245,
3183,3.67164,
3184,3.81439,
3185,3.48677,
3186,3.63707,
3187,3.85139,
3188,3.76958,
3189,3.71624,
3190,3.68307,
3191,3.80385,
3192,3.59158,
3193,3.72145,
3194,3.29584,
3195,4.02376,
3196,3.93979,
3197,4.0237,
3198,4.13138,
3199,4.17063,
3200,3.91542,
3201,3.91764,
3202,3.8943,
3203,4.0469,
3204,3.86498,
3205,3.89164,
3206,3.84514,
3207,3.75411,
3208,3.76427,
3209,3.82573,
3210,3.88943,
3211,3.73591,
3212,3.88801,
3213,3.89169,
3214,3.85811,
3215,3.8006,
3216,3.80236,
3217,3.84985,
3218,3.95934,
3219,3.82542,
3220,3.80105,
3221,3.77819,
3222,3.78038,
3223,3.84027,
3224,3.88698,
3225,3.74424,
3226,3.75925,
3227,3.79058,
3228,3.64968,
3229,3.5971,
3230,3.47251,
3231,3.73782,
3232,3.87698,
3233,3.59812,
3234,3.60043,
3235,3.75021,
3236,3.58629,
3237,3.5634,
3238,3.64082,
3239,3.54118,
3240,3.6146,
3241,3.56331,
3242,3.60039,
3243,3.76157,
3244,3.5661,
3245,3.84358,
3246,3.92423,
3247,3.86449,
3248,3.74995,
3249,3.7405,
3250,3.88821,
3251,3.82708,
3252,3.8149,
3253,3.81187,
3254,3.8698,
3255,3.68247,
3256,3.54879,
3257,3.71569,
3258,3.67243,
3259,3.71962,
3260,3.70684,
3261,3.47185,
3262,3.75069,
3263,3.73775,
3264,3.71137,
3265,3.60813,
3266,3.53001,
3267,3.75551,
3268,3.56158,
3269,3.42187,
3270,3.59537,
3271,3.62193,
3272,3.77841,
3273,3.57917,
3274,3.5168,
3275,3.56438,
3276,3.55002,
3277,3.54499,
3278,3.58134,
3279,3.70807,
3280,3.93043,
3281,3.8252,
3282,3.98158,
3283,3.82386,
3284,3.75601,
3285,3.71409,
3286,3.8351,
3287,3.80725,
3288,3.83651,
3289,3.77542,
3290,3.92028,
3291,3.73447,
3292,3.83808,
3293,3.67852,
3294,3.72689,
3295,3.83149,
3296,3.76494,
3297,3.8141,
3298,3.75186,
3299,3.50094,
3300,3.50823,
3301,3.65194,
3302,3.57305,
3303,3.68142,
3304,3.52648,
3305,3.62516,
3306,3.80093,
3307,3.98619,
3308,3.74734,
3309,3.83578,
3310,3.88637,
3311,3.86922,
3312,3.81552,
3313,3.85425,
3314,3.80573,
3315,3.90621,
3316,3.82403,
3317,3.8602,
3318,3.86482,
3319,3.69356,
3320,3.83386,
3321,3.49438,
3322,3.63612,
3323,3.73576,
3324,3.70191,
3325,3.74415,
3326,3.58016,
3327,3.60501,
3328,3.73686,
3329,3.50948,
3330,3.62582,
3331,3.56562,
3332,3.52273,
3333,3.65172,
3334,3.56185,
3335,3.4805,
3336,3.50254,
3337,3.60634,
3338,3.54245,
3339,3.66287,
3340,3.70848,
3341,3.61217,
3342,3.5761,
3343,3.60188,
3344,3.77708,
3345,3.7265,
3346,3.53356,
3347,3.84207,
3348,3.83563,
3349,3.7241,
3350,3.83994,
3351,3.75001,
3352,3.58917,
3353,3.73513,
3354,3.71419,
3355,3.79858,
3356,3.71836,
3357,3.81256,
3358,3.93911,
3359,3.789,
3360,3.71146,
3361,3.71253,
3362,3.65993,
3363,3.66983,
3364,3.67894,
3365,3.71564,
3366,3.64667,
3367,3.75962,
3368,3.69569,
3369,3.7196,
3370,3.57722,
3371,3.72165,
3372,3.77141,
3373,3.80704,
3374,3.86685,
3375,3.70016,
3376,3.49442,
3377,3.72247,
3378,3.44611,
3379,3.67847,
3380,3.93809,
3381,3.97709,
3382,3.87732,
3383,3.88502,
3384,3.77749,
3385,3.87483,
3386,3.7355,
3387,3.74139,
3388,3.76627,
3389,3.9274,
3390,3.72361,
3391,3.80226,
3392,3.57175,
3393,3.86926,
3394,3.82046,
3395,3.96237,
3396,3.74878,
3397,3.64153,
3398,3.77329,
3399,3.54001,
3400,3.71038,
3401,3.55583,
3402,3.63803,
3403,3.53561,
3404,3.75117,
3405,3.77165,
3406,3.42781,
3407,3.65351,
3408,3.70355,
3409,3.73663,
3410,3.65126,
3411,3.83313,
3412,3.76734,
3413,3.64149,
3414,3.76881,
3415,3.73281,
3416,3.60299,
3417,3.50176,
3418,3.52801,
3419,4.03953,
3420,4.01495,
3421,3.90999,
3422,3.87204,
3423,3.83515,
3424,3.87444,
3425,3.76571,
3426,3.80955,
3427,3.73876,
3428,3.77175,
3429,3.75893,
3430,3.77378,
3431,3.63187,
3432,3.74762,
3433,3.70735,
3434,3.63379,
3435,3.85516,
3436,3.87539,
3437,3.68367,
3438,3.95007,
3439,3.80943,
3440,3.58244,
3441,3.53669,
3442,3.79485,
3443,3.7247,
3444,3.69854,
3445,3.72455,
3446,3.75917,
3447,3.64234,
3448,3.57552,
3449,3.68744,
3450,3.68884,
3451,3.84737,
3452,3.77645,
3453,3.76555,
3454,3.66353,
3455,3.70044,
3456,3.67846,
3457,3.79982,
3458,3.77128,
3459,3.49221,
3460,3.61973,
3461,3.62132,
3462,3.6744,
3463,3.7368,
3464,3.68781,
3465,3.44958,
3466,3.66314,
3467,3.73513,
3468,3.42257,
3469,3.43908,
3470,3.73984,
3471,3.76419,
3472,3.7882,
3473,3.68972,
3474,3.64008,
3475,3.67215,
3476,3.74984,
3477,3.63812,
3478,3.76144,
3479,3.69302,
3480,3.47323,
3481,3.63196,
3482,3.46483,
3483,3.60645,
3484,3.4383,
3485,3.73133,
3486,3.80229,
3487,3.76812,
3488,3.85074,
3489,3.85284,
3490,3.72898,
3491,3.8162,
3492,3.69268,
3493,3.71729,
3494,3.7734,
3495,3.74959,
3496,3.79007,
3497,3.87893,
3498,3.9483,
3499,4.70618,
3500,3.76863,
3501,3.74059,
3502,3.84382,
3503,3.82211,
3504,3.68145,
3505,3.69094,
3506,3.72846,
3507,3.68394,
3508,3.63422,
3509,4.1031,
3510,3.71126,
3511,3.72944,
3512,3.4609,
3513,3.54257,
3514,3.69913,
3515,3.69614,
3516,3.7973,
3517,3.827,
3518,3.65724,
3519,3.86127,
3520,3.84218,
3521,3.81966,
3522,3.98373,
3523,3.80783,
3524,3.76527,
3525,3.87104,
3526,3.91197,
3527,3.83987,
3528,3.73394,
3529,3.82364,
3530,3.76543,
3531,3.74298,
3532,3.69709,
3533,3.52923,
3534,3.82283,
3535,3.74678,
3536,3.5108,
3537,3.58598,
3538,3.67687,
3539,3.7244,
3540,3.66037,
3541,3.60352,
3542,3.71148,
3543,3.47807,
3544,3.64275,
3545,3.58477,
3546,3.72409,
3547,3.633,
3548,3.65701,
3549,3.73898,
3550,3.64143,
3551,3.66349,
3552,3.61803,
3553,3.62136,
3554,3.53858,
3555,3.64076,
3556,3.6505,
3557,3.41788,
3558,3.51867,
3559,3.48979,
3560,3.56226,
3561,3.59711,
3562,3.59264,
3563,3.50666,
3564,3.59768,
3565,3.63316,
3566,3.41312,
3567,3.73138,
3568,3.57798,
3569,3.56803,
3570,3.52892,
3571,3.71719,
3572,3.79983,
3573,3.81712,
3574,3.60995,
3575,3.55964,
3576,3.86481,
3577,3.65169,
3578,3.69175,
3579,3.60973,
3580,3.51258,
3581,3.58184,
3582,3.72213,
3583,3.47749,
3584,3.38619,
3585,3.21148,
3586,3.42925,
3587,3.54651,
3588,3.70555,
3589,3.61761,
3590,3.66461,
3591,3.53931,
3592,3.44166,
3593,3.4361,
3594,3.50454,
3595,3.70075,
3596,3.48244,
3597,3.54737,
3598,3.25596,
3599,3.28242,
3600,3.65885,
3601,3.40053,
3602,3.54153,
3603,3.38492,
3604,3.49483,
3605,3.37848,
3606,3.40113,
3607,3.40672,
3608,3.429,
3609,3.34086,
3610,3.31922,
3611,3.38255,
3612,3.58512,
3613,3.29569,
3614,3.52332,
3615,3.62968,
3616,3.89812,
3617,3.89061,
3618,3.88603,
3619,3.86133,
3620,3.83665,
3621,3.90275,
3622,3.7199,
3623,3.59701,
3624,3.68706,
3625,3.53901,
3626,3.60649,
3627,3.77553,
3628,3.66003,
3629,3.65126,
3630,3.64372,
3631,3.5577,
3632,3.53321,
3633,3.66051,
3634,3.67405,
3635,3.63162,
3636,3.6839,
3637,3.55243,
3638,3.50662,
3639,3.79912,
3640,3.49219,
3641,3.52979,
3642,3.61479,
3643,3.6499,
3644,3.4932,
3645,3.84425,
3646,3.70441,
3647,3.90289,
3648,3.8012,
3649,3.85154,
3650,3.82558,
3651,3.74703,
3652,3.81687,
3653,3.70306,
3654,3.73035,
3655,3.6779,
3656,3.69707,
3657,3.684,
3658,3.49879,
3659,3.66643,
3660,3.55164,
3661,3.57978,
3662,3.40863,
3663,3.47119,
3664,3.48268,
3665,3.49877,
3666,3.48201,
3667,3.39799,
3668,3.51186,
3669,3.43125,
3670,3.57712,
3671,3.54753,
3672,3.52879,
3673,3.89201,
3674,3.79269,
3675,3.86958,
3676,3.79593,
3677,3.81514,
3678,3.7905,
3679,3.75278,
3680,3.78269,
3681,3.75235,
3682,3.67156,
3683,3.79568,
3684,3.65826,
3685,3.60181,
3686,3.49132,
3687,3.6365,
3688,3.64085,
3689,3.7881,
3690,3.66968,
3691,3.55042,
3692,3.61196,
3693,3.56532,
3694,3.5545,
3695,3.66801,
3696,3.67577,
3697,3.55639,
3698,3.5107,
3699,3.60407,
3700,3.8136,
3701,3.72064,
3702,3.81949,
3703,3.73463,
3704,3.87076,
3705,3.69338,
3706,3.82488,
3707,3.89459,
3708,3.64845,
3709,3.57137,
3710,3.57684,
3711,3.78991,
3712,3.73464,
3713,3.60018,
3714,3.67054,
3715,3.60669,
3716,3.69501,
3717,3.6938,
3718,3.79057,
3719,3.52713,
3720,3.55875,
3721,3.42022,
3722,3.47015,
3723,3.5605,
3724,3.51906,
3725,3.47962,
3726,3.61991,
3727,3.53105,
3728,3.54093,
3729,3.36761,
3730,3.44876,
3731,3.61692,
3732,3.55324,
3733,3.5133,
3734,3.92981,
3735,3.84372,
3736,3.86413,
3737,3.91552,
3738,3.74528,
3739,3.75258,
3740,3.64906,
3741,3.82211,
3742,3.962,
3743,3.67332,
3744,3.77984,
3745,3.98681,
3746,4.06249,
3747,3.72229,
3748,3.75679,
3749,3.76042,
3750,3.76298,
3751,3.98607,
3752,3.79034,
3753,3.69575,
3754,3.708,
3755,3.63267,
3756,3.60866,
3757,3.62528,
3758,3.59604,
3759,3.67197,
3760,3.64249,
3761,3.64063,
3762,4.03782,
3763,4.09939,
3764,3.98377,
3765,3.94877,
3766,3.93089,
3767,3.92869,
3768,3.90541,
3769,3.88385,
3770,3.84425,
3771,3.98307,
3772,3.92112,
3773,3.89123,
3774,3.80622,
3775,3.75993,
3776,3.85635,
3777,3.90282,
3778,3.7945,
3779,3.7517,
3780,3.67586,
3781,3.88763,
3782,4.03839,
3783,3.96208,
3784,3.84916,
3785,3.79461,
3786,3.77924,
3787,3.73311,
3788,3.89738,
3789,3.75762,
3790,3.7688,
3791,3.7193,
3792,3.55755,
3793,3.46859,
3794,3.63923,
3795,3.84992,
3796,3.70892,
3797,3.4346,
3798,3.67333,
3799,3.67224,
3800,3.56435,
3801,3.64166,
3802,3.74268,
3803,3.51383,
3804,3.77053,
3805,3.60969,
3806,3.6541,
3807,3.77692,
3808,3.78679,
3809,3.75992,
3810,3.83907,
3811,3.70161,
3812,3.61637,
3813,3.60467,
3814,3.59075,
3815,3.68488,
3816,3.58277,
3817,3.63198,
3818,3.70547,
3819,3.56713,
3820,3.49437,
3821,3.57201,
3822,3.47823,
3823,3.48143,
3824,3.60007,
3825,3.44845,
3826,3.42688,
3827,3.47673,
3828,3.50429,
3829,3.4355,
3830,3.35042,
3831,3.45054,
3832,3.48543,
3833,3.78189,
3834,3.72539,
3835,3.68231,
3836,3.71211,
3837,3.7504,
3838,3.62376,
3839,3.70176,
3840,3.42805,
3841,3.64811,
3842,3.63497,
3843,3.53174,
3844,3.76948,
3845,3.48629,
3846,3.46213,
3847,3.72167,
3848,3.58316,
3849,3.4615,
3850,3.52335,
3851,3.68184,
3852,3.29552,
3853,3.482,
3854,3.59014,
3855,3.29715,
3856,3.48011,
3857,3.46606,
3858,3.42269,
3859,3.26603,
3860,3.84145,
3861,3.74736,
3862,3.70829,
3863,3.67789,
3864,3.7424,
3865,3.68463,
3866,3.78297,
3867,3.73242,
3868,3.60791,
3869,3.71719,
3870,3.68903,
3871,3.64866,
3872,3.63408,
3873,3.56292,
3874,3.58808,
3875,3.38357,
3876,3.48601,
3877,3.51694,
3878,3.64721,
3879,3.55582,
3880,3.31338,
3881,3.48167,
3882,3.47958,
3883,3.4157,
3884,3.2211,
3885,3.33949,
3886,3.46458,
3887,3.42641,
3888,3.40812,
3889,3.2778,
3890,3.1832,
3891,3.20476,
3892,3.37346,
3893,3.45099,
3894,4.14854,
3895,3.86951,
3896,3.73136,
3897,3.64899,
3898,3.82302,
3899,3.83201,
3900,3.63894,
3901,3.80547,
3902,3.69855,
3903,3.65472,
3904,3.53909,
3905,3.81757,
3906,3.64275,
3907,3.57669,
3908,3.744,
3909,3.76999,
3910,3.77044,
3911,3.6835,
3912,3.73708,
3913,3.72436,
3914,3.81946,
3915,3.58678,
3916,3.59298,
3917,3.60185,
3918,3.8175,
3919,3.82158,
3920,3.75103,
3921,3.70481,
3922,3.85008,
3923,3.66592,
3924,3.68935,
3925,3.80585,
3926,3.72593,
3927,3.67716,
3928,3.65578,
3929,3.68321,
3930,3.59473,
3931,3.58063,
3932,3.61678,
3933,3.69297,
3934,3.53494,
3935,3.54159,
3936,3.49224,
3937,3.61563,
3938,3.73074,
3939,3.56518,
3940,3.36933,
3941,3.58446,
3942,3.45946,
3943,3.47931,
3944,3.57919,
3945,3.61798,
3946,3.59464,
3947,3.73418,
3948,3.6075,
3949,3.59125,
3950,3.47172,
3951,3.58282,
3952,3.49576,
3953,3.50783,
3954,3.49169,
3955,3.60908,
3956,3.42375,
3957,3.39434,
3958,3.42173,
3959,3.43709,
3960,3.52326,
3961,3.45904,
3962,3.33705,
3963,3.50678,
3964,3.33139,
3965,3.57336,
3966,3.38854,
3967,3.47359,
3968,3.55617,
3969,3.50266,
3970,3.52091,
3971,3.27692,
3972,3.41421,
3973,3.36681,
3974,3.45619,
3975,3.50314,
3976,3.15797,
3977,3.28239,
3978,3.18542,
3979,3.24927,
3980,3.48293,
3981,3.50048,
3982,3.48169,
3983,3.2951,
3984,3.53556,
3985,3.4942,
3986,3.83763,
3987,3.7886,
3988,3.82625,
3989,3.78957,
3990,3.7013,
3991,3.94476,
3992,3.71905,
3993,3.70825,
3994,3.75896,
3995,3.64174,
3996,3.69222,
3997,3.89712,
3998,3.727,
3999,3.59838,
4000,3.70013,
4001,3.56625,
4002,3.66829,
4003,3.62872,
4004,3.5674,
4005,3.56158,
4006,3.52917,
4007,3.40052,
4008,3.52759,
4009,3.5625,
4010,3.46929,
4011,3.50319,
4012,3.58949,
4013,3.70307,
4014,3.55063,
4015,3.61522,
4016,3.51314,
4017,3.80334,
4018,3.79351,
4019,3.80411,
4020,3.78342,
4021,3.81,
4022,3.77881,
4023,3.67753,
4024,3.83194,
4025,3.71376,
4026,3.73241,
4027,3.72407,
4028,3.73428,
4029,3.55857,
4030,3.79127,
4031,3.66456,
4032,3.72586,
4033,3.78761,
4034,3.63342,
4035,3.62081,
4036,3.61619,
4037,3.68715,
4038,4.0196,
4039,3.85577,
4040,3.64335,
4041,3.66198,
4042,3.55484,
4043,3.52059,
4044,3.45708,
4045,3.53507,
4046,3.55497,
4047,3.17274,
4048,3.35714,
4049,3.34471,
4050,3.3925,
4051,3.34544,
4052,3.24471,
4053,3.27489,
4054,3.46025,
4055,3.62416,
4056,3.50875,
4057,3.23343,
4058,3.27759,
4059,3.77526,
4060,3.86592,
4061,3.86097,
4062,3.85479,
4063,3.76579,
4064,3.83117,
4065,3.73015,
4066,3.68993,
4067,3.73659,
4068,3.72049,
4069,3.65696,
4070,3.67946,
4071,3.80778,
4072,3.77833,
4073,3.64732,
4074,3.5958,
4075,3.47382,
4076,3.6119,
4077,3.54641,
4078,3.55747,
4079,3.43941,
4080,3.39718,
4081,3.32467,
4082,3.53811,
4083,3.47422,
4084,3.43655,
4085,3.81051,
4086,3.75266,
4087,3.743,
4088,3.68029,
4089,3.82648,
4090,3.81694,
4091,3.64444,
4092,3.67704,
4093,3.44395,
4094,3.50695,
4095,3.41614,
4096,3.61201,
4097,3.72798,
4098,3.5812,
4099,3.40479,
4100,3.30356,
4101,3.19303,
4102,3.15352,
4103,3.28924,
4104,3.19312,
4105,3.41216,
4106,3.30735,
4107,3.18269,
4108,3.19271,
4109,3.49733,
4110,3.37326,
4111,3.57885,
4112,3.1905,
4113,3.72447,
4114,3.43691,
4115,3.76587,
4116,4.0156,
4117,3.69076,
4118,3.76071,
4119,3.7662,
4120,3.75828,
4121,3.81243,
4122,3.78697,
4123,3.70136,
4124,3.56059,
4125,3.58829,
4126,3.59538,
4127,3.65455,
4128,3.58054,
4129,3.57277,
4130,3.48878,
4131,3.59219,
4132,3.34365,
4133,3.66858,
4134,3.606,
4135,3.3292,
4136,3.37641,
4137,3.51295,
4138,3.31292,
4139,3.32374,
4140,3.29688,
4141,3.20297,
4142,3.1478,
4143,3.25224,
4144,3.903,
4145,3.88033,
4146,3.97572,
4147,3.96291,
4148,3.89734,
4149,3.84181,
4150,3.67707,
4151,3.75665,
4152,3.70158,
4153,3.76241,
4154,3.91031,
4155,3.80367,
4156,3.75986,
4157,3.65243,
4158,3.57232,
4159,3.84781,
4160,3.81166,
4161,3.85757,
4162,3.66093,
4163,3.85966,
4164,3.56381,
4165,3.63225,
4166,3.68337,
4167,3.74863,
4168,3.60161,
4169,3.59124,
4170,3.55022,
4171,3.53984,
4172,3.61292,
4173,3.44702,
4174,3.48341,
4175,3.56173,
4176,3.57771,
4177,3.53449,
4178,3.50224,
4179,3.4973,
4180,3.40436,
4181,3.48047,
4182,3.41323,
4183,3.39841,
4184,3.45914,
4185,3.25166,
4186,3.31078,
4187,3.49297,
4188,3.49743,
4189,3.91869,
4190,3.82479,
4191,3.76583,
4192,3.9145,
4193,3.84719,
4194,3.81893,
4195,3.74991,
4196,3.75431,
4197,3.64885,
4198,3.63312,
4199,3.61583,
4200,3.60643,
4201,3.74677,
4202,3.69187,
4203,3.62599,
4204,3.85838,
4205,3.77785,
4206,3.39821,
4207,3.48486,
4208,3.54071,
4209,3.49109,
4210,3.59923,
4211,3.64742,
4212,3.63354,
4213,3.72255,
4214,3.7952,
4215,3.80354,
4216,3.40588,
4217,3.48434,
4218,3.65164,
4219,3.62936,
4220,3.78566,
4221,3.75358,
4222,3.75262,
4223,3.71949,
4224,3.7606,
4225,3.65993,
4226,3.55985,
4227,3.67672,
4228,3.39926,
4229,3.63388,
4230,3.6428,
4231,3.62928,
4232,3.62872,
4233,3.55271,
4234,3.78523,
4235,3.64364,
4236,3.83425,
4237,3.7273,
4238,3.73658,
4239,3.72088,
4240,3.84223,
4241,3.59441,
4242,3.63319,
4243,3.53346,
4244,3.52417,
4245,3.59054,
4246,3.45313,
4247,3.517,
4248,3.50423,
4249,3.63586,
4250,3.28599,
4251,3.44661,
4252,3.69232,
4253,3.61653,
4254,3.57127,
4255,3.53489,
4256,3.66395,
4257,3.42499,
4258,3.59735,
4259,3.15233,
4260,3.87055,
4261,3.77377,
4262,3.89921,
4263,3.98513,
4264,4.07673,
4265,3.75588,
4266,3.78602,
4267,3.7493,
4268,3.89272,
4269,3.72504,
4270,3.77804,
4271,3.72351,
4272,3.58353,
4273,3.60598,
4274,3.67612,
4275,3.75342,
4276,3.55573,
4277,3.72515,
4278,3.75569,
4279,3.69882,
4280,3.67708,
4281,3.66176,
4282,3.69521,
4283,3.81554,
4284,3.65188,
4285,3.65361,
4286,3.61427,
4287,3.60433,
4288,3.69892,
4289,3.7389,
4290,3.5808,
4291,3.63548,
4292,3.62296,
4293,3.47756,
4294,3.41027,
4295,3.27874,
4296,3.59592,
4297,3.71414,
4298,3.42091,
4299,3.43954,
4300,3.60452,
4301,3.41922,
4302,3.36919,
4303,3.465,
4304,3.36795,
4305,3.44355,
4306,3.37617,
4307,3.43261,
4308,3.5991,
4309,3.38828,
4310,3.67809,
4311,3.75849,
4312,3.70532,
4313,3.58034,
4314,3.61758,
4315,3.72106,
4316,3.66244,
4317,3.62547,
4318,3.64186,
4319,3.70005,
4320,3.52839,
4321,3.36002,
4322,3.54321,
4323,3.51594,
4324,3.5411,
4325,3.51812,
4326,3.2667,
4327,3.61153,
4328,3.59276,
4329,3.54299,
4330,3.46111,
4331,3.36603,
4332,3.58718,
4333,3.41018,
4334,3.23689,
4335,3.47065,
4336,3.45878,
4337,3.63934,
4338,3.43029,
4339,3.35033,
4340,3.41218,
4341,3.38995,
4342,3.36128,
4343,3.41007,
4344,3.54931,
4345,3.76111,
4346,3.65196,
4347,3.80232,
4348,3.63822,
4349,3.59777,
4350,3.52783,
4351,3.67651,
4352,3.66794,
4353,3.67944,
4354,3.62962,
4355,3.79531,
4356,3.55266,
4357,3.68037,
4358,3.51666,
4359,3.50817,
4360,3.65928,
4361,3.60304,
4362,3.67742,
4363,3.61034,
4364,3.30307,
4365,3.32977,
4366,3.49671,
4367,3.38986,
4368,3.49475,
4369,3.33374,
4370,3.42491,
4371,3.64307,
4372,3.84645,
4373,3.57993,
4374,3.68456,
4375,3.73215,
4376,3.7132,
4377,3.65675,
4378,3.70083,
4379,3.67326,
4380,3.71228,
4381,3.66131,
4382,3.69983,
4383,3.68541,
4384,3.52835,
4385,3.65923,
4386,3.31154,
4387,3.46613,
4388,3.58223,
4389,3.52447,
4390,3.56712,
4391,3.411,
4392,3.43251,
4393,3.59081,
4394,3.32229,
4395,3.45922,
4396,3.39866,
4397,3.33984,
4398,3.47157,
4399,3.33668,
4400,3.30253,
4401,3.33201,
4402,3.42753,
4403,3.36061,
4404,3.49497,
4405,3.52875,
4406,3.44897,
4407,3.38971,
4408,3.43863,
4409,3.62028,
4410,3.56826,
4411,3.3611,
4412,3.68465,
4413,3.68129,
4414,3.56778,
4415,3.7104,
4416,3.58927,
4417,3.42667,
4418,3.57785,
4419,3.57236,
4420,3.64044,
4421,3.55523,
4422,3.64553,
4423,3.80289,
4424,3.66432,
4425,3.53128,
4426,3.53586,
4427,3.47766,
4428,3.52537,
4429,3.55543,
4430,3.61339,
4431,3.50063,
4432,3.6208,
4433,3.54525,
4434,3.55933,
4435,3.42408,
4436,3.56913,
4437,3.6353,
4438,3.68762,
4439,3.71899,
4440,3.52935,
4441,3.32436,
4442,3.54932,
4443,3.29589,
4444,3.51752,
4445,3.79242,
4446,3.86483,
4447,3.73199,
4448,3.74767,
4449,3.63076,
4450,3.75066,
4451,3.60813,
4452,3.60783,
4453,3.61512,
4454,3.78289,
4455,3.57899,
4456,3.66144,
4457,3.41808,
4458,3.72988,
4459,3.66468,
4460,3.83447,
4461,3.58571,
4462,3.52398,
4463,3.62317,
4464,3.38416,
4465,3.56287,
4466,3.39795,
4467,3.48801,
4468,3.37321,
4469,3.60658,
4470,3.63931,
4471,3.26259,
4472,3.49867,
4473,3.54203,
4474,3.60785,
4475,3.51538,
4476,3.69946,
4477,3.6123,
4478,3.51037,
4479,3.63376,
4480,3.56701,
4481,3.45536,
4482,3.34645,
4483,3.38308,
4484,3.86336,
4485,3.86471,
4486,3.76232,
4487,3.70835,
4488,3.68657,
4489,3.72667,
4490,3.59202,
4491,3.6937,
4492,3.57434,
4493,3.61835,
4494,3.64484,
4495,3.61337,
4496,3.49699,
4497,3.61799,
4498,3.56654,
4499,3.48851,
4500,3.69662,
4501,3.72869,
4502,3.52317,
4503,3.80066,
4504,3.65431,
4505,3.45014,
4506,3.3823,
4507,3.63514,
4508,3.59781,
4509,3.53233,
4510,3.54949,
4511,3.62479,
4512,3.47486,
4513,3.42071,
4514,3.551,
4515,3.51221,
4516,3.68964,
4517,3.63688,
4518,3.62572,
4519,3.51016,
4520,3.54981,
4521,3.51934,
4522,3.67057,
4523,3.64854,
4524,3.33538,
4525,3.45378,
4526,3.47502,
4527,3.52067,
4528,3.61984,
4529,3.56027,
4530,3.29599,
4531,3.50816,
4532,3.60569,
4533,3.27755,
4534,3.3003,
4535,3.62069,
4536,3.60593,
4537,3.64073,
4538,3.51367,
4539,3.46296,
4540,3.5274,
4541,3.59864,
4542,3.4528,
4543,3.61429,
4544,3.55606,
4545,3.32498,
4546,3.44563,
4547,3.29201,
4548,3.4831,
4549,3.27365,
4550,3.53865,
4551,3.66883,
4552,3.59957,
4553,3.70169,
4554,3.71469,
4555,3.57533,
4556,3.66254,
4557,3.52255,
4558,3.53753,
4559,3.63995,
4560,3.58348,
4561,3.6464,
4562,3.7788,
4563,3.81924,
4564,4.6323,
4565,3.62745,
4566,3.5859,
4567,3.70074,
4568,3.69537,
4569,3.51293,
4570,3.56013,
4571,3.57702,
4572,3.5483,
4573,3.485,
4574,3.98084,
4575,3.55262,
4576,3.5483,
4577,3.26633,
4578,3.37134,
4579,3.56093,
4580,3.53905,
4581,3.63645,
4582,3.68685,
4583,3.50433,
4584,3.71879,
4585,3.68628,
4586,3.62937,
4587,3.85052,
4588,3.64902,
4589,3.60638,
4590,3.72782,
4591,3.75961,
4592,3.68492,
4593,3.54828,
4594,3.67899,
4595,3.63353,
4596,3.62402,
4597,3.53965,
4598,3.31928,
4599,3.69828,
4600,3.5909,
4601,3.3311,
4602,3.41888,
4603,3.5021,
4604,3.56412,
4605,3.51985,
4606,3.44466,
4607,3.56159,
4608,3.31843,
4609,3.49002,
4610,3.39674,
4611,3.56626,
4612,3.46491,
4613,3.47234,
4614,3.57598,
4615,3.46716,
4616,3.49693,
4617,3.46478,
4618,3.44089,
4619,3.36833,
4620,3.47858,
4621,3.49289,
4622,3.24994,
4623,3.3656,
4624,3.28386,
4625,3.42545,
4626,3.44527,
4627,3.42318,
4628,3.37491,
4629,3.43518,
4630,3.47439,
4631,3.22818,
4632,3.56619,
4633,3.40325,
4634,3.40255,
4635,3.37852,
4636,3.60514,
4637,3.69118,
4638,3.67928,
4639,3.43813,
4640,3.40722,
4641,3.72148,
4642,3.49465,
4643,3.53789,
4644,3.44819,
4645,3.35115,
4646,3.42929,
4647,3.57523,
4648,3.31154,
4649,3.20954,
4650,3.04132,
4651,3.27157,
4652,3.39621,
4653,3.5269,
4654,3.45926,
4655,3.51733,
4656,3.39299,
4657,3.25782,
4658,3.28703,
4659,3.36572,
4660,3.56383,
4661,3.35554,
4662,3.4164,
4663,3.08309,
4664,3.10629,
4665,3.51665,
4666,3.23843,
4667,3.41519,
4668,3.23531,
4669,3.32983,
4670,3.22667,
4671,3.25434,
4672,3.25769,
4673,3.29451,
4674,3.18148,
4675,3.14481,
4676,3.23362,
4677,3.41888,
4678,3.12378,
4679,3.39018,
4680,3.46073,
4681,3.76327,
4682,3.75524,
4683,3.7189,
4684,3.71177,
4685,3.68036,
4686,3.75298,
4687,3.56126,
4688,3.40131,
4689,3.54587,
4690,3.38296,
4691,3.44609,
4692,3.6432,
4693,3.50619,
4694,3.49615,
4695,3.46291,
4696,3.40016,
4697,3.37384,
4698,3.51676,
4699,3.51397,
4700,3.46565,
4701,3.50035,
4702,3.40123,
4703,3.29762,
4704,3.66572,
4705,3.32394,
4706,3.372,
4707,3.48681,
4708,3.51833,
4709,3.32762,
4710,3.72003,
4711,3.56169,
4712,3.78829,
4713,3.65908,
4714,3.70475,
4715,3.67511,
4716,3.58894,
4717,3.67373,
4718,3.52305,
4719,3.54652,
4720,3.52298,
4721,3.54215,
4722,3.52635,
4723,3.36653,
4724,3.50981,
4725,3.37381,
4726,3.41698,
4727,3.25615,
4728,3.32287,
4729,3.34176,
4730,3.33889,
4731,3.33731,
4732,3.20769,
4733,3.35346,
4734,3.27145,
4735,3.44467,
4736,3.39033,
4737,3.39117,
4738,3.7133,
4739,3.67868,
4740,3.70512,
4741,3.65311,
4742,3.63551,
4743,3.63218,
4744,3.5951,
4745,3.63723,
4746,3.60657,
4747,3.55728,
4748,3.64015,
4749,3.51922,
4750,3.47659,
4751,3.33993,
4752,3.5014,
4753,3.50009,
4754,3.65437,
4755,3.52814,
4756,3.39156,
4757,3.45543,
4758,3.44036,
4759,3.41691,
4760,3.52484,
4761,3.57113,
4762,3.40025,
4763,3.3487,
4764,3.44336,
4765,3.67616,
4766,3.60979,
4767,3.70345,
4768,3.55396,
4769,3.71745,
4770,3.54337,
4771,3.65513,
4772,3.76147,
4773,3.50233,
4774,3.42345,
4775,3.42382,
4776,3.64108,
4777,3.58607,
4778,3.45291,
4779,3.54442,
4780,3.45023,
4781,3.57325,
4782,3.54796,
4783,3.66227,
4784,3.35653,
4785,3.41959,
4786,3.2567,
4787,3.3395,
4788,3.40299,
4789,3.37086,
4790,3.33988,
4791,3.4999,
4792,3.40202,
4793,3.3983,
4794,3.20799,
4795,3.33044,
4796,3.44735,
4797,3.40615,
4798,3.35147,
4799,3.80846,
4800,3.70886,
4801,3.74981,
4802,3.80112,
4803,3.62536,
4804,3.61173,
4805,3.49125,
4806,3.72152,
4807,3.86011,
4808,3.564,
4809,3.65033,
4810,3.88857,
4811,3.955,
4812,3.59633,
4813,3.62446,
4814,3.6292,
4815,3.65052,
4816,3.88616,
4817,3.6687,
4818,3.54068,
4819,3.55232,
4820,3.48547,
4821,3.46283,
4822,3.48749,
4823,3.47933,
4824,3.51229,
4825,3.47297,
4826,3.52818,
4827,3.92764,
4828,4.00593,
4829,3.89991,
4830,3.85918,
4831,3.83869,
4832,3.84175,
4833,3.78558,
4834,3.7871,
4835,3.73455,
4836,3.87206,
4837,3.83511,
4838,3.77413,
4839,3.71042,
4840,3.64719,
4841,3.72466,
4842,3.78641,
4843,3.69604,
4844,3.631,
4845,3.55572,
4846,3.76746,
4847,3.93106,
4848,3.81192,
4849,3.69558,
4850,3.66037,
4851,3.6351,
4852,3.56241,
4853,3.7472,
4854,3.64444,
4855,3.62785,
4856,3.57295,
4857,3.41574,
4858,3.31013,
4859,3.51329,
4860,3.70039,
4861,3.55577,
4862,3.30316,
4863,3.53794,
4864,3.54546,
4865,3.43208,
4866,3.51379,
4867,3.59235,
4868,3.37818,
4869,3.64579,
4870,3.47514,
4871,3.52593,
4872,3.65905,
4873,3.65649,
4874,3.60576,
4875,3.70222,
4876,3.5653,
4877,3.44043,
4878,3.43115,
4879,3.45554,
4880,3.54633,
4881,3.44824,
4882,3.45489,
4883,3.556,
4884,3.43018,
4885,3.36787,
4886,3.43544,
4887,3.34989,
4888,3.32631,
4889,3.46336,
4890,3.28971,
4891,3.24837,
4892,3.32518,
4893,3.36434,
4894,3.27516,
4895,3.18778,
4896,3.32761,
4897,3.33896,
4898,3.59672,
4899,3.57117,
4900,3.52955,
4901,3.55192,
4902,3.61094,
4903,3.46036,
4904,3.5542,
4905,3.29584,
4906,3.4787,
4907,3.4685,
4908,3.36131,
4909,3.64516,
4910,3.32349,
4911,3.34444,
4912,3.6036,
4913,3.44932,
4914,3.30221,
4915,3.35378,
4916,3.55411,
4917,3.13615,
4918,3.34668,
4919,3.45821,
4920,3.1699,
4921,3.34082,
4922,3.3336,
4923,3.27228,
4924,3.1122,
4925,3.73975,
4926,3.62844,
4927,3.59007,
4928,3.54471,
4929,3.61975,
4930,3.54097,
4931,3.65653,
4932,3.61082,
4933,3.49317,
4934,3.60401,
4935,3.54102,
4936,3.52713,
4937,3.51937,
4938,3.43905,
4939,3.48382,
4940,3.25021,
4941,3.35698,
4942,3.3793,
4943,3.51416,
4944,3.42972,
4945,3.18114,
4946,3.35907,
4947,3.37163,
4948,3.29272,
4949,3.08142,
4950,3.19742,
4951,3.3185,
4952,3.28685,
4953,3.28211,
4954,3.15159,
4955,3.05164,
4956,3.08614,
4957,3.26344,
4958,3.34543,
4959,4.06855,
4960,3.77888,
4961,3.60905,
4962,3.54307,
4963,3.71391,
4964,3.7267,
4965,3.53315,
4966,3.7117,
4967,3.59277,
4968,3.54077,
4969,3.43285,
4970,3.69424,
4971,3.50693,
4972,3.43667,
4973,3.62773,
4974,3.65752,
4975,3.63866,
4976,3.57404,
4977,3.62614,
4978,3.6076,
4979,3.69099,
4980,3.44387,
4981,3.45583,
4982,3.45039,
4983,3.71394,
4984,3.67473,
4985,3.63838,
4986,3.58296,
4987,3.71515,
4988,3.54056,
4989,3.5575,
4990,3.69757,
4991,3.60837,
4992,3.54679,
4993,3.52045,
4994,3.5515,
4995,3.4607,
4996,3.4495,
4997,3.496,
4998,3.59192,
4999,3.40739,
5000,3.43228,
5001,3.34944,
5002,3.50473,
5003,3.60241,
5004,3.44737,
5005,3.25287,
5006,3.46476,
5007,3.35121,
5008,3.34768,
5009,3.46278,
5010,3.49893,
5011,3.47018,
5012,3.5766,
5013,3.48167,
5014,3.46012,
5015,3.37027,
5016,3.44978,
5017,3.35729,
5018,3.3815,
5019,3.34303,
5020,3.47241,
5021,3.28411,
5022,3.26773,
5023,3.28545,
5024,3.2914,
5025,3.37454,
5026,3.31773,
5027,3.17943,
5028,3.35033,
5029,3.20437,
5030,3.43048,
5031,3.2558,
5032,3.33303,
5033,3.42698,
5034,3.38603,
5035,3.40592,
5036,3.1508,
5037,3.28848,
5038,3.23746,
5039,3.32216,
5040,3.38516,
5041,3.03886,
5042,3.14551,
5043,3.04843,
5044,3.11751,
5045,3.34009,
5046,3.37999,
5047,3.34403,
5048,3.17623,
5049,3.42521,
5050,3.35475,
5051,3.68351,
5052,3.66438,
5053,3.69715,
5054,3.65396,
5055,3.55469,
5056,3.84612,
5057,3.58275,
5058,3.55806,
5059,3.62073,
5060,3.49001,
5061,3.56716,
5062,3.76216,
5063,3.58796,
5064,3.457,
5065,3.55936,
5066,3.39221,
5067,3.51082,
5068,3.46013,
5069,3.41222,
5070,3.42534,
5071,3.39149,
5072,3.25606,
5073,3.38939,
5074,3.41955,
5075,3.32307,
5076,3.35988,
5077,3.48595,
5078,3.59542,
5079,3.41173,
5080,3.46839,
5081,3.37585,
5082,3.6992,
5083,3.66168,
5084,3.69736,
5085,3.69045,
5086,3.71706,
5087,3.65549,
5088,3.56191,
5089,3.71614,
5090,3.58326,
5091,3.63068,
5092,3.63113,
5093,3.62192,
5094,3.44618,
5095,3.68641,
5096,3.57995,
5097,3.63324,
5098,3.6784,
5099,3.53339,
5100,3.53405,
5101,3.51933,
5102,3.59416,
5103,3.90771,
5104,3.72728,
5105,3.4814,
5106,3.52708,
5107,3.40633,
5108,3.3284,
5109,3.28124,
5110,3.34269,
5111,3.40734,
5112,2.9606,
5113,3.19944,
5114,3.18978,
5115,3.25702,
5116,3.23427,
5117,3.07151,
5118,3.13777,
5119,3.33919,
5120,3.5065,
5121,3.39551,
5122,3.08967,
5123,3.14332,
5124,3.65608,
5125,3.74051,
5126,3.7511,
5127,3.75485,
5128,3.6527,
5129,3.72272,
5130,3.61122,
5131,3.52698,
5132,3.60133,
5133,3.60463,
5134,3.52234,
5135,3.55804,
5136,3.68481,
5137,3.68605,
5138,3.53008,
5139,3.46596,
5140,3.3416,
5141,3.46406,
5142,3.4078,
5143,3.45454,
5144,3.27594,
5145,3.23666,
5146,3.17807,
5147,3.39151,
5148,3.34745,
5149,3.30927,
5150,3.68343,
5151,3.60529,
5152,3.61607,
5153,3.54974,
5154,3.70037,
5155,3.71453,
5156,3.5187,
5157,3.54836,
5158,3.31858,
5159,3.34346,
5160,3.27576,
5161,3.47947,
5162,3.60733,
5163,3.46409,
5164,3.23984,
5165,3.16639,
5166,3.03936,
5167,3.00893,
5168,3.15164,
5169,3.06825,
5170,3.29379,
5171,3.15352,
5172,3.0548,
5173,3.06476,
5174,3.39304,
5175,3.24387,
5176,3.46614,
5177,3.06585,
5178,3.6033,
5179,3.3261,
5180,3.66608,
5181,3.89668,
5182,3.55862,
5183,3.65,
5184,3.62485,
5185,3.62198,
5186,3.71135,
5187,3.6554,
5188,3.57219,
5189,3.40683,
5190,3.43433,
5191,3.47493,
5192,3.51275,
5193,3.45746,
5194,3.45437,
5195,3.36009,
5196,3.47295,
5197,3.18579,
5198,3.57299,
5199,3.49196,
5200,3.1977,
5201,3.25337,
5202,3.4215,
5203,3.17777,
5204,3.18988,
5205,3.16409,
5206,3.07295,
5207,3.03623,
5208,3.12983,
5209,3.78941,
5210,3.74814,
5211,3.86981,
5212,3.85405,
5213,3.79627,
5214,3.74763,
5215,3.53721,
5216,3.60848,
5217,3.56092,
5218,3.64331,
5219,3.84346,
5220,3.70548,
5221,3.65506,
5222,3.55255,
5223,3.45809,
5224,3.72272,
5225,3.72548,
5226,3.75236,
5227,3.54251,
5228,3.73697,
5229,3.42775,
5230,3.50363,
5231,3.55141,
5232,3.62567,
5233,3.50108,
5234,3.48036,
5235,3.43207,
5236,3.42994,
5237,3.51121,
5238,3.3527,
5239,3.36652,
5240,3.4419,
5241,3.46406,
5242,3.42969,
5243,3.38952,
5244,3.39051,
5245,3.28131,
5246,3.34823,
5247,3.27389,
5248,3.25748,
5249,3.34422,
5250,3.10426,
5251,3.18084,
5252,3.3716,
5253,3.38769,
5254,3.81351,
5255,3.71883,
5256,3.67331,
5257,3.83471,
5258,3.74862,
5259,3.6996,
5260,3.65336,
5261,3.64825,
5262,3.5298,
5263,3.5155,
5264,3.49336,
5265,3.48607,
5266,3.62841,
5267,3.58378,
5268,3.54401,
5269,3.74536,
5270,3.67955,
5271,3.28128,
5272,3.35951,
5273,3.40468,
5274,3.39137,
5275,3.51578,
5276,3.5426,
5277,3.51687,
5278,3.60596,
5279,3.68383,
5280,3.67767,
5281,3.28421,
5282,3.3796,
5283,3.5476,
5284,3.52952,
5285,3.68592,
5286,3.6358,
5287,3.66906,
5288,3.61297,
5289,3.67119,
5290,3.53202,
5291,3.45225,
5292,3.5967,
5293,3.29711,
5294,3.53474,
5295,3.5407,
5296,3.54018,
5297,3.51813,
5298,3.44649,
5299,3.67684,
5300,3.53914,
5301,3.75175,
5302,3.6261,
5303,3.6245,
5304,3.60036,
5305,3.7397,
5306,3.48407,
5307,3.51605,
5308,3.41755,
5309,3.38353,
5310,3.45511,
5311,3.3338,
5312,3.40149,
5313,3.37339,
5314,3.51399,
5315,3.1571,
5316,3.33037,
5317,3.60681,
5318,3.50759,
5319,3.49053,
5320,3.44226,
5321,3.5513,
5322,3.33001,
5323,3.50478,
5324,3.04517,
5325,3.75841,
5326,3.65395,
5327,3.79836,
5328,3.88905,
5329,3.99192,
5330,3.66152,
5331,3.70347,
5332,3.6266,
5333,3.77972,
5334,3.65309,
5335,3.67615,
5336,3.6259,
5337,3.48435,
5338,3.47526,
5339,3.5536,
5340,3.63986,
5341,3.42482,
5342,3.61945,
5343,3.65182,
5344,3.56172,
5345,3.5597,
5346,3.54129,
5347,3.58556,
5348,3.68062,
5349,3.55115,
5350,3.54969,
5351,3.50396,
5352,3.49824,
5353,3.59992,
5354,3.63296,
5355,3.43837,
5356,3.52545,
5357,3.50105,
5358,3.35958,
5359,3.28863,
5360,3.12932,
5361,3.49458,
5362,3.60227,
5363,3.29232,
5364,3.33385,
5365,3.49167,
5366,3.31853,
5367,3.26441,
5368,3.34614,
5369,3.25938,
5370,3.35656,
5371,3.25477,
5372,3.32303,
5373,3.4729,
5374,3.27927,
5375,3.56358,
5376,3.64447,
5377,3.60468,
5378,3.45205,
5379,3.51581,
5380,3.60141,
5381,3.55697,
5382,3.50579,
5383,3.5259,
5384,3.60017,
5385,3.42572,
5386,3.22869,
5387,3.43574,
5388,3.39861,
5389,3.43067,
5390,3.41716,
5391,3.11953,
5392,3.50069,
5393,3.4952,
5394,3.4195,
5395,3.34856,
5396,3.25839,
5397,3.48509,
5398,3.30973,
5399,3.1118,
5400,3.37461,
5401,3.3472,
5402,3.53282,
5403,3.32712,
5404,3.24373,
5405,3.31755,
5406,3.28839,
5407,3.23921,
5408,3.29289,
5409,3.45531,
5410,3.63379,
5411,3.54081,
5412,3.68964,
5413,3.49513,
5414,3.48458,
5415,3.41313,
5416,3.58157,
5417,3.57419,
5418,3.55019,
5419,3.52203,
5420,3.66951,
5421,3.44364,
5422,3.52759,
5423,3.41295,
5424,3.34425,
5425,3.54671,
5426,3.49328,
5427,3.59637,
5428,3.50762,
5429,3.16621,
5430,3.20979,
5431,3.41156,
5432,3.2739,
5433,3.37626,
5434,3.20482,
5435,3.30385,
5436,3.53673,
5437,3.74407,
5438,3.4892,
5439,3.59457,
5440,3.65411,
5441,3.61798,
5442,3.56607,
5443,3.60176,
5444,3.59468,
5445,3.60896,
5446,3.56021,
5447,3.59281,
5448,3.56383,
5449,3.41658,
5450,3.56031,
5451,3.20888,
5452,3.34606,
5453,3.48321,
5454,3.40827,
5455,3.45209,
5456,3.29128,
5457,3.32982,
5458,3.4882,
5459,3.2009,
5460,3.35483,
5461,3.2897,
5462,3.21482,
5463,3.35774,
5464,3.21213,
5465,3.19762,
5466,3.22567,
5467,3.33167,
5468,3.23034,
5469,3.37561,
5470,3.42,
5471,3.34738,
5472,3.27436,
5473,3.33736,
5474,3.4987,
5475,3.44571,
5476,3.25475,
5477,3.5869,
5478,3.56363,
5479,3.4474,
5480,3.62146,
5481,3.46709,
5482,3.32392,
5483,3.47817,
5484,3.4342,
5485,3.51568,
5486,3.45534,
5487,3.55745,
5488,3.70542,
5489,3.58254,
5490,3.43435,
5491,3.417,
5492,3.3281,
5493,3.41765,
5494,3.44339,
5495,3.50967,
5496,3.38362,
5497,3.52467,
5498,3.43143,
5499,3.44302,
5500,3.31681,
5501,3.45375,
5502,3.55275,
5503,3.56783,
5504,3.62688,
5505,3.40199,
5506,3.21642,
5507,3.43442,
5508,3.19365,
5509,3.41924,
5510,3.71585,
5511,3.79382,
5512,3.65313,
5513,3.63772,
5514,3.5165,
5515,3.64838,
5516,3.50483,
5517,3.50734,
5518,3.49479,
5519,3.70074,
5520,3.47522,
5521,3.5773,
5522,3.29444,
5523,3.6394,
5524,3.57739,
5525,3.73965,
5526,3.48059,
5527,3.43395,
5528,3.55334,
5529,3.28816,
5530,3.45029,
5531,3.29866,
5532,3.38878,
5533,3.29301,
5534,3.52374,
5535,3.54561,
5536,3.14472,
5537,3.39213,
5538,3.42846,
5539,3.50334,
5540,3.4369,
5541,3.60385,
5542,3.52351,
5543,3.43173,
5544,3.53384,
5545,3.47915,
5546,3.37822,
5547,3.24103,
5548,3.27507,
5549,3.74175,
5550,3.75663,
5551,3.65382,
5552,3.59587,
5553,3.55711,
5554,3.59428,
5555,3.45699,
5556,3.60797,
5557,3.46998,
5558,3.52694,
5559,3.53111,
5560,3.52659,
5561,3.40673,
5562,3.51941,
5563,3.46224,
5564,3.38061,
5565,3.56631,
5566,3.62645,
5567,3.39016,
5568,3.6989,
5569,3.54205,
5570,3.35783,
5571,3.28323,
5572,3.52502,
5573,3.49668,
5574,3.41823,
5575,3.44876,
5576,3.51937,
5577,3.35441,
5578,3.31521,
5579,3.45154,
5580,3.3839,
5581,3.57076,
5582,3.53469,
5583,3.53288,
5584,3.40569,
5585,3.44647,
5586,3.41178,
5587,3.56198,
5588,3.55573,
5589,3.21241,
5590,3.34249,
5591,3.3684,
5592,3.43001,
5593,3.52745,
5594,3.46833,
5595,3.20538,
5596,3.39226,
5597,3.50543,
5598,3.17903,
5599,3.22431,
5600,3.54762,
5601,3.4921,
5602,3.53773,
5603,3.38951,
5604,3.33498,
5605,3.41714,
5606,3.48068,
5607,3.34566,
5608,3.51758,
5609,3.44272,
5610,3.21771,
5611,3.32571,
5612,3.18413,
5613,3.37542,
5614,3.16945,
5615,3.42748,
5616,3.55089,
5617,3.4766,
5618,3.59406,
5619,3.61736,
5620,3.48955,
5621,3.54922,
5622,3.39167,
5623,3.4263,
5624,3.53756,
5625,3.48494,
5626,3.56849,
5627,3.68873,
5628,3.74906,
5629,4.58291,
5630,3.51476,
5631,3.46945,
5632,3.62574,
5633,3.59156,
5634,3.38926,
5635,3.45953,
5636,3.48484,
5637,3.45381,
5638,3.39227,
5639,3.91575,
5640,3.43634,
5641,3.44151,
5642,3.1558,
5643,3.28285,
5644,3.47547,
5645,3.44677,
5646,3.5336,
5647,3.5863,
5648,3.42279,
5649,3.60984,
5650,3.5703,
5651,3.50141,
5652,3.77751,
5653,3.54831,
5654,3.51895,
5655,3.63787,
5656,3.66183,
5657,3.57169,
5658,3.43486,
5659,3.55919,
5660,3.52635,
5661,3.5205,
5662,3.41687,
5663,3.19093,
5664,3.59626,
5665,3.48915,
5666,3.23951,
5667,3.32203,
5668,3.37319,
5669,3.44278,
5670,3.41622,
5671,3.34104,
5672,3.4511,
5673,3.1851,
5674,3.37691,
5675,3.25452,
5676,3.45745,
5677,3.34969,
5678,3.35824,
5679,3.47369,
5680,3.35303,
5681,3.39852,
5682,3.35452,
5683,3.32222,
5684,3.23945,
5685,3.37631,
5686,3.37944,
5687,3.15199,
5688,3.26675,
5689,3.15458,
5690,3.33294,
5691,3.3455,
5692,3.31309,
5693,3.28339,
5694,3.33583,
5695,3.38128,
5696,3.12059,
5697,3.45863,
5698,3.30025,
5699,3.2985,
5700,3.27421,
5701,3.52182,
5702,3.62327,
5703,3.57347,
5704,3.33907,
5705,3.28104,
5706,3.62128,
5707,3.40631,
5708,3.43311,
5709,3.3227,
5710,3.23838,
5711,3.32338,
5712,3.47499,
5713,3.1976,
5714,3.0798,
5715,2.91004,
5716,3.14199,
5717,3.30973,
5718,3.41292,
5719,3.36746,
5720,3.40872,
5721,3.28652,
5722,3.14474,
5723,3.18784,
5724,3.28564,
5725,3.47128,
5726,3.26547,
5727,3.33194,
5728,2.95604,
5729,2.98109,
5730,3.43858,
5731,3.12226,
5732,3.3239,
5733,3.09168,
5734,3.21979,
5735,3.11062,
5736,3.14642,
5737,3.14012,
5738,3.18914,
5739,3.08792,
5740,3.02814,
5741,3.1257,
5742,3.33072,
5743,3.00156,
5744,3.31057,
5745,3.36111,
5746,3.64784,
5747,3.6456,
5748,3.61258,
5749,3.6162,
5750,3.57903,
5751,3.65793,
5752,3.46492,
5753,3.27141,
5754,3.43569,
5755,3.28116,
5756,3.35412,
5757,3.53825,
5758,3.40722,
5759,3.40531,
5760,3.36353,
5761,3.29139,
5762,3.25692,
5763,3.41887,
5764,3.42456,
5765,3.36362,
5766,3.39968,
5767,3.29968,
5768,3.18108,
5769,3.5694,
5770,3.22529,
5771,3.27493,
5772,3.39981,
5773,3.41067,
5774,3.22751,
5775,3.63739,
5776,3.48005,
5777,3.70155,
5778,3.56559,
5779,3.6154,
5780,3.56594,
5781,3.4795,
5782,3.57131,
5783,3.43625,
5784,3.43758,
5785,3.43191,
5786,3.43395,
5787,3.4184,
5788,3.27908,
5789,3.40046,
5790,3.2756,
5791,3.32183,
5792,3.15938,
5793,3.2321,
5794,3.24196,
5795,3.23829,
5796,3.24799,
5797,3.09588,
5798,3.24783,
5799,3.17538,
5800,3.34754,
5801,3.29149,
5802,3.2971,
5803,3.59976,
5804,3.56273,
5805,3.60751,
5806,3.55751,
5807,3.5499,
5808,3.54265,
5809,3.50276,
5810,3.54192,
5811,3.51254,
5812,3.48875,
5813,3.55604,
5814,3.44561,
5815,3.38254,
5816,3.22493,
5817,3.41269,
5818,3.3857,
5819,3.56001,
5820,3.42312,
5821,3.28369,
5822,3.3565,
5823,3.31899,
5824,3.31943,
5825,3.43321,
5826,3.495,
5827,3.31862,
5828,3.24188,
5829,3.35466,
5830,3.58838,
5831,3.52566,
5832,3.61436,
5833,3.43272,
5834,3.61538,
5835,3.44504,
5836,3.5317,
5837,3.69473,
5838,3.43119,
5839,3.31546,
5840,3.31976,
5841,3.52878,
5842,3.48306,
5843,3.35263,
5844,3.46382,
5845,3.35971,
5846,3.49688,
5847,3.46676,
5848,3.58824,
5849,3.26202,
5850,3.31943,
5851,3.14066,
5852,3.25967,
5853,3.31025,
5854,3.27588,
5855,3.24588,
5856,3.4081,
5857,3.33664,
5858,3.32326,
5859,3.10087,
5860,3.21435,
5861,3.34657,
5862,3.31046,
5863,3.23835,
5864,3.71599,
5865,3.6185,
5866,3.65624,
5867,3.67558,
5868,3.5385,
5869,3.52174,
5870,3.38538,
5871,3.61623,
5872,3.76681,
5873,3.48957,
5874,3.54927,
5875,3.82225,
5876,3.89437,
5877,3.51176,
5878,3.51771,
5879,3.51554,
5880,3.56884,
5881,3.79887,
5882,3.58666,
5883,3.43912,
5884,3.43541,
5885,3.34605,
5886,3.35743,
5887,3.39461,
5888,3.39581,
5889,3.38725,
5890,3.32769,
5891,3.42945,
5892,3.84106,
5893,3.93824,
5894,3.81803,
5895,3.78032,
5896,3.75222,
5897,3.75617,
5898,3.71388,
5899,3.73204,
5900,3.67827,
5901,3.77842,
5902,3.75271,
5903,3.70162,
5904,3.66444,
5905,3.56918,
5906,3.6486,
5907,3.71113,
5908,3.62873,
5909,3.54429,
5910,3.49195,
5911,3.66378,
5912,3.83235,
5913,3.70158,
5914,3.57396,
5915,3.55547,
5916,3.52798,
5917,3.44349,
5918,3.64235,
5919,3.5139,
5920,3.52425,
5921,3.47368,
5922,3.29866,
5923,3.19704,
5924,3.43585,
5925,3.6152,
5926,3.46342,
5927,3.22422,
5928,3.44935,
5929,3.44651,
5930,3.34054,
5931,3.43051,
5932,3.51654,
5933,3.28444,
5934,3.53669,
5935,3.36122,
5936,3.43492,
5937,3.60128,
5938,3.54956,
5939,3.52585,
5940,3.57801,
5941,3.46327,
5942,3.34184,
5943,3.34148,
5944,3.35363,
5945,3.45183,
5946,3.35818,
5947,3.34402,
5948,3.46413,
5949,3.34435,
5950,3.25563,
5951,3.34813,
5952,3.24249,
5953,3.23289,
5954,3.39568,
5955,3.19038,
5956,3.14892,
5957,3.22095,
5958,3.27979,
5959,3.1958,
5960,3.10248,
5961,3.23938,
5962,3.23685,
5963,3.47642,
5964,3.47123,
5965,3.41001,
5966,3.45809,
5967,3.51282,
5968,3.34497,
5969,3.46383,
5970,3.19356,
5971,3.37488,
5972,3.34248,
5973,3.2465,
5974,3.55519,
5975,3.2292,
5976,3.25045,
5977,3.5168,
5978,3.35462,
5979,3.19977,
5980,3.24436,
5981,3.48722,
5982,3.01463,
5983,3.25604,
5984,3.36827,
5985,3.08754,
5986,3.24045,
5987,3.23398,
5988,3.17603,
5989,3.02329,
5990,3.64435,
5991,3.53491,
5992,3.50742,
5993,3.43527,
5994,3.53958,
5995,3.46022,
5996,3.5754,
5997,3.51195,
5998,3.40757,
5999,3.51257,
6000,3.44527,
6001,3.43774,
6002,3.39847,
6003,3.35452,
6004,3.42073,
6005,3.14941,
6006,3.26383,
6007,3.29222,
6008,3.44743,
6009,3.34791,
6010,3.08768,
6011,3.27002,
6012,3.28707,
6013,3.19827,
6014,2.99513,
6015,3.09352,
6016,3.21748,
6017,3.19303,
6018,3.19607,
6019,3.05992,
6020,2.97118,
6021,2.99174,
6022,3.1752,
6023,3.25859,
6024,3.98721,
6025,3.70684,
6026,3.52866,
6027,3.46504,
6028,3.63863,
6029,3.64798,
6030,3.43637,
6031,3.63205,
6032,3.51539,
6033,3.46198,
6034,3.34162,
6035,3.61945,
6036,3.4204,
6037,3.3636,
6038,3.54303,
6039,3.59413,
6040,3.54505,
6041,3.49616,
6042,3.56786,
6043,3.52136,
6044,3.6155,
6045,3.34211,
6046,3.36956,
6047,3.35565,
6048,3.59346,
6049,3.57382,
6050,3.55808,
6051,3.49558,
6052,3.62073,
6053,3.43325,
6054,3.47967,
6055,3.60391,
6056,3.51694,
6057,3.45469,
6058,3.45126,
6059,3.45952,
6060,3.35472,
6061,3.36109,
6062,3.4043,
6063,3.52513,
6064,3.31746,
6065,3.34835,
6066,3.27043,
6067,3.43281,
6068,3.49258,
6069,3.38012,
6070,3.15503,
6071,3.36412,
6072,3.26528,
6073,3.26824,
6074,3.36159,
6075,3.41444,
6076,3.38712,
6077,3.47223,
6078,3.38701,
6079,3.38005,
6080,3.30138,
6081,3.36181,
6082,3.26305,
6083,3.27682,
6084,3.23583,
6085,3.3833,
6086,3.17964,
6087,3.1731,
6088,3.2009,
6089,3.19788,
6090,3.26456,
6091,3.2325,
6092,3.07374,
6093,3.26065,
6094,3.08481,
6095,3.32147,
6096,3.17178,
6097,3.2171,
6098,3.3523,
6099,3.27936,
6100,3.33624,
6101,3.05904,
6102,3.19121,
6103,3.16804,
6104,3.23865,
6105,3.29626,
6106,2.94898,
6107,3.0581,
6108,2.95201,
6109,3.03409,
6110,3.24095,
6111,3.2872,
6112,3.23726,
6113,3.08449,
6114,3.33629,
6115,3.26225,
6116,3.57074,
6117,3.56019,
6118,3.59493,
6119,3.54414,
6120,3.46808,
6121,3.74083,
6122,3.46666,
6123,3.4368,
6124,3.52585,
6125,3.38522,
6126,3.47652,
6127,3.63651,
6128,3.49699,
6129,3.36849,
6130,3.46884,
6131,3.26464,
6132,3.40352,
6133,3.35695,
6134,3.29695,
6135,3.3358,
6136,3.29074,
6137,3.16364,
6138,3.3025,
6139,3.34466,
6140,3.19348,
6141,3.25886,
6142,3.40101,
6143,3.51875,
6144,3.32126,
6145,3.38803,
6146,3.27707,
6147,3.62942,
6148,3.58467,
6149,3.63978,
6150,3.61833,
6151,3.6612,
6152,3.57778,
6153,3.48168,
6154,3.63295,
6155,3.48337,
6156,3.55012,
6157,3.56258,
6158,3.56403,
6159,3.37768,
6160,3.62142,
6161,3.52243,
6162,3.5653,
6163,3.61417,
6164,3.47097,
6165,3.47113,
6166,3.45533,
6167,3.52076,
6168,3.79407,
6169,3.65405,
6170,3.35967,
6171,3.42431,
6172,3.27758,
6173,3.1827,
6174,3.14478,
6175,3.19382,
6176,3.29702,
6177,2.81929,
6178,3.0915,
6179,3.08003,
6180,3.15817,
6181,3.12934,
6182,2.95505,
6183,3.04176,
6184,3.24291,
6185,3.40955,
6186,3.31357,
6187,2.98082,
6188,3.03486,
6189,3.58596,
6190,3.64241,
6191,3.65121,
6192,3.6578,
6193,3.56299,
6194,3.63429,
6195,3.51243,
6196,3.40838,
6197,3.5045,
6198,3.51458,
6199,3.40349,
6200,3.45855,
6201,3.60162,
6202,3.59362,
6203,3.44285,
6204,3.36391,
6205,3.24317,
6206,3.36469,
6207,3.31529,
6208,3.35055,
6209,3.16318,
6210,3.12797,
6211,3.07873,
6212,3.30242,
6213,3.25975,
6214,3.21903,
6215,3.56866,
6216,3.49717,
6217,3.5417,
6218,3.43345,
6219,3.59732,
6220,3.60271,
6221,3.41367,
6222,3.44395,
6223,3.22088,
6224,3.23616,
6225,3.1803,
6226,3.39389,
6227,3.5274,
6228,3.37379,
6229,3.1433,
6230,3.06937,
6231,2.95537,
6232,2.89468,
6233,3.04381,
6234,2.96615,
6235,3.2328,
6236,3.04567,
6237,2.97896,
6238,3.00113,
6239,3.29708,
6240,3.15462,
6241,3.36341,
6242,2.99784,
6243,3.52599,
6244,3.24368,
6245,3.58828,
6246,3.81282,
6247,3.47663,
6248,3.58667,
6249,3.52929,
6250,3.52061,
6251,3.62321,
6252,3.5522,
6253,3.45739,
6254,3.30926,
6255,3.31285,
6256,3.36885,
6257,3.37761,
6258,3.36541,
6259,3.37692,
6260,3.28006,
6261,3.3854,
6262,3.09612,
6263,3.47902,
6264,3.41235,
6265,3.1168,
6266,3.13011,
6267,3.3498,
6268,3.09022,
6269,3.11058,
6270,3.06372,
6271,2.96724,
6272,2.93876,
6273,3.04562,
6274,3.69136,
6275,3.6527,
6276,3.80098,
6277,3.76492,
6278,3.73248,
6279,3.68092,
6280,3.45052,
6281,3.52593,
6282,3.47375,
6283,3.55744,
6284,3.77522,
6285,3.63061,
6286,3.55422,
6287,3.44758,
6288,3.36538,
6289,3.64388,
6290,3.64304,
6291,3.68258,
6292,3.44461,
6293,3.65161,
6294,3.33621,
6295,3.40967,
6296,3.48104,
6297,3.55396,
6298,3.41948,
6299,3.38658,
6300,3.34949,
6301,3.35343,
6302,3.43446,
6303,3.25369,
6304,3.25268,
6305,3.34588,
6306,3.39918,
6307,3.35192,
6308,3.29714,
6309,3.30815,
6310,3.20345,
6311,3.26241,
6312,3.19167,
6313,3.17898,
6314,3.26641,
6315,3.00258,
6316,3.10941,
6317,3.28448,
6318,3.29714,
6319,3.74316,
6320,3.65004,
6321,3.59043,
6322,3.75754,
6323,3.67106,
6324,3.62937,
6325,3.55754,
6326,3.55815,
6327,3.4414,
6328,3.43005,
6329,3.41393,
6330,3.39661,
6331,3.54598,
6332,3.516,
6333,3.45935,
6334,3.67109,
6335,3.60803,
6336,3.18471,
6337,3.26776,
6338,3.30896,
6339,3.30548,
6340,3.42418,
6341,3.46376,
6342,3.44135,
6343,3.54945,
6344,3.62107,
6345,3.61203,
6346,3.18271,
6347,3.27721,
6348,3.47394,
6349,3.46973,
6350,3.59824,
6351,3.54899,
6352,3.59507,
6353,3.54553,
6354,3.61246,
6355,3.45569,
6356,3.39299,
6357,3.51499,
6358,3.2108,
6359,3.46678,
6360,3.47455,
6361,3.46641,
6362,3.43316,
6363,3.3603,
6364,3.61069,
6365,3.45367,
6366,3.65949,
6367,3.5278,
6368,3.55128,
6369,3.50891,
6370,3.64263,
6371,3.39311,
6372,3.44779,
6373,3.33846,
6374,3.29305,
6375,3.3645,
6376,3.24336,
6377,3.32183,
6378,3.29214,
6379,3.42444,
6380,3.06433,
6381,3.25947,
6382,3.54605,
6383,3.42819,
6384,3.44728,
6385,3.37185,
6386,3.48487,
6387,3.25108,
6388,3.43428,
6389,2.96629,
6390,3.6837,
6391,3.57345,
6392,3.72289,
6393,3.81712,
6394,3.95037,
6395,3.58339,
6396,3.63806,
6397,3.52418,
6398,3.7013,
6399,3.57741,
6400,3.58797,
6401,3.54453,
6402,3.39166,
6403,3.38926,
6404,3.47844,
6405,3.573,
6406,3.32486,
6407,3.5663,
6408,3.57945,
6409,3.46373,
6410,3.47453,
6411,3.46739,
6412,3.52847,
6413,3.60172,
6414,3.48543,
6415,3.47133,
6416,3.44213,
6417,3.4265,
6418,3.53671,
6419,3.5677,
6420,3.35079,
6421,3.4593,
6422,3.39393,
6423,3.27103,
6424,3.21333,
6425,3.03021,
6426,3.4082,
6427,3.51277,
6428,3.20554,
6429,3.27017,
6430,3.41998,
6431,3.24824,
6432,3.2073,
6433,3.27098,
6434,3.17827,
6435,3.29456,
6436,3.17394,
6437,3.24473,
6438,3.40114,
6439,3.21376,
6440,3.50183,
6441,3.55992,
6442,3.51219,
6443,3.356,
6444,3.42673,
6445,3.52185,
6446,3.48167,
6447,3.43022,
6448,3.44866,
6449,3.53655,
6450,3.34331,
6451,3.1293,
6452,3.34363,
6453,3.3189,
6454,3.34458,
6455,3.35738,
6456,3.01502,
6457,3.41934,
6458,3.40309,
6459,3.34001,
6460,3.27921,
6461,3.18098,
6462,3.40495,
6463,3.23066,
6464,3.02084,
6465,3.29552,
6466,3.25402,
6467,3.46268,
6468,3.27593,
6469,3.17714,
6470,3.26084,
6471,3.23452,
6472,3.16724,
6473,3.22107,
6474,3.3808,
6475,3.5665,
6476,3.46441,
6477,3.61165,
6478,3.41131,
6479,3.39569,
6480,3.327,
6481,3.5025,
6482,3.49957,
6483,3.45626,
6484,3.45715,
6485,3.59011,
6486,3.35175,
6487,3.42683,
6488,3.34171,
6489,3.24745,
6490,3.47094,
6491,3.41741,
6492,3.52586,
6493,3.43649,
6494,3.07857,
6495,3.13933,
6496,3.36015,
6497,3.21024,
6498,3.28468,
6499,3.11406,
6500,3.22079,
6501,3.45294,
6502,3.6698,
6503,3.39402,
6504,3.53514,
6505,3.56991,
6506,3.54358,
6507,3.50178,
6508,3.52105,
6509,3.51499,
6510,3.53096,
6511,3.48961,
6512,3.51081,
6513,3.46769,
6514,3.33723,
6515,3.48383,
6516,3.11782,
6517,3.24859,
6518,3.39228,
6519,3.30144,
6520,3.3625,
6521,3.17946,
6522,3.24804,
6523,3.40811,
6524,3.11786,
6525,3.28272,
6526,3.2057,
6527,3.12524,
6528,3.27476,
6529,3.12732,
6530,3.12001,
6531,3.14814,
6532,3.26167,
6533,3.15868,
6534,3.31315,
6535,3.34989,
6536,3.28144,
6537,3.19635,
6538,3.26172,
6539,3.39422,
6540,3.36811,
6541,3.19249,
6542,3.51532,
6543,3.4911,
6544,3.38748,
6545,3.54394,
6546,3.39284,
6547,3.27408,
6548,3.41482,
6549,3.34243,
6550,3.43715,
6551,3.39097,
6552,3.48651,
6553,3.65103,
6554,3.51963,
6555,3.3644,
6556,3.32934,
6557,3.24933,
6558,3.33039,
6559,3.34453,
6560,3.40494,
6561,3.29782,
6562,3.4406,
6563,3.33838,
6564,3.37009,
6565,3.22954,
6566,3.36481,
6567,3.47641,
6568,3.4931,
6569,3.57182,
6570,3.32338,
6571,3.1424,
6572,3.35198,
6573,3.09757,
6574,3.35708,
6575,3.63275,
6576,3.70871,
6577,3.57559,
6578,3.56608,
6579,3.39801,
6580,3.57384,
6581,3.42193,
6582,3.42029,
6583,3.39163,
6584,3.62069,
6585,3.37148,
6586,3.51461,
6587,3.17808,
6588,3.55084,
6589,3.48355,
6590,3.66594,
6591,3.39604,
6592,3.37711,
6593,3.48493,
6594,3.22905,
6595,3.3803,
6596,3.19905,
6597,3.29945,
6598,3.22627,
6599,3.46382,
6600,3.47865,
6601,3.07647,
6602,3.31756,
6603,3.32923,
6604,3.41269,
6605,3.36868,
6606,3.51933,
6607,3.43806,
6608,3.35317,
6609,3.45145,
6610,3.41981,
6611,3.33514,
6612,3.17559,
6613,3.20699,
6614,3.67047,
6615,3.68477,
6616,3.57921,
6617,3.51308,
6618,3.46948,
6619,3.51604,
6620,3.35733,
6621,3.566,
6622,3.38445,
6623,3.46593,
6624,3.47072,
6625,3.44903,
6626,3.32432,
6627,3.4465,
6628,3.39428,
6629,3.31155,
6630,3.50358,
6631,3.56595,
6632,3.30901,
6633,3.62521,
6634,3.4695,
6635,3.29571,
6636,3.21044,
6637,3.45464,
6638,3.43647,
6639,3.34519,
6640,3.38006,
6641,3.44714,
6642,3.2708,
6643,3.22872,
6644,3.36365,
6645,3.31231,
6646,3.4572,
6647,3.45321,
6648,3.46073,
6649,3.34523,
6650,3.34908,
6651,3.31066,
6652,3.48348,
6653,3.49999,
6654,3.12836,
6655,3.27098,
6656,3.30462,
6657,3.38219,
6658,3.4647,
6659,3.41312,
6660,3.13596,
6661,3.31359,
6662,3.42781,
6663,3.09955,
6664,3.14384,
6665,3.48592,
6666,3.41689,
6667,3.47068,
6668,3.30169,
6669,3.25512,
6670,3.34897,
6671,3.39348,
6672,3.26346,
6673,3.45649,
6674,3.37711,
6675,3.12675,
6676,3.24537,
6677,3.12737,
6678,3.29135,
6679,3.10959,
6680,3.35853,
6681,3.4671,
6682,3.37364,
6683,3.52934,
6684,3.5453,
6685,3.41676,
6686,3.47715,
6687,3.30979,
6688,3.34876,
6689,3.47284,
6690,3.42941,
6691,3.49332,
6692,3.63945,
6693,3.69184,
6694,4.53282,
6695,3.45278,
6696,3.39704,
6697,3.54138,
6698,3.49685,
6699,3.29667,
6700,3.40195,
6701,3.4121,
6702,3.37421,
6703,3.31932,
6704,3.85913,
6705,3.35743,
6706,3.3706,
6707,3.06771,
6708,3.21057,
6709,3.41885,
6710,3.401,
6711,3.48509,
6712,3.53283,
6713,3.35637,
6714,3.53507,
6715,3.48924,
6716,3.42183,
6717,3.71779,
6718,3.47358,
6719,3.4488,
6720,3.56054,
6721,3.59735,
6722,3.50167,
6723,3.35745,
6724,3.47726,
6725,3.44225,
6726,3.43416,
6727,3.33085,
6728,3.09084,
6729,3.51184,
6730,3.39258,
6731,3.17205,
6732,3.24691,
6733,3.29985,
6734,3.37022,
6735,3.33975,
6736,3.28147,
6737,3.37578,
6738,3.10174,
6739,3.29176,
6740,3.14167,
6741,3.38547,
6742,3.26671,
6743,3.28621,
6744,3.36606,
6745,3.29649,
6746,3.3252,
6747,3.28357,
6748,3.24495,
6749,3.14299,
6750,3.30649,
6751,3.286,
6752,3.08204,
6753,3.19259,
6754,3.07626,
6755,3.25917,
6756,3.28189,
6757,3.24754,
6758,3.21509,
6759,3.2539,
6760,3.30927,
6761,3.0507,
6762,3.39096,
6763,3.22681,
6764,3.24749,
6765,3.21108,
6766,3.452,
6767,3.56311,
6768,3.51476,
6769,3.273,
6770,3.20516,
6771,3.55589,
6772,3.32974,
6773,3.37253,
6774,3.23643,
6775,3.15975,
6776,3.24793,
6777,3.41502,
6778,3.10947,
6779,3.00212,
6780,2.83351,
6781,3.07998,
6782,3.24653,
6783,3.33753,
6784,3.29469,
6785,3.32856,
6786,3.22042,
6787,3.08407,
6788,3.11099,
6789,3.22196,
6790,3.41171,
6791,3.20137,
6792,3.24539,
6793,2.87729,
6794,2.89264,
6795,3.35856,
6796,3.04635,
6797,3.26148,
6798,3.02586,
6799,3.16026,
6800,3.02757,
6801,3.05815,
6802,3.05062,
6803,3.1237,
6804,3.00892,
6805,2.95909,
6806,3.05055,
6807,3.25796,
6808,2.92205,
6809,3.2472,
6810,3.28862,
6811,3.5774,
6812,3.5669,
6813,3.53929,
6814,3.55275,
6815,3.50955,
6816,3.58694,
6817,3.3917,
6818,3.14855,
6819,3.37245,
6820,3.19839,
6821,3.28459,
6822,3.47651,
6823,3.34397,
6824,3.34304,
6825,3.29247,
6826,3.22826,
6827,3.19731,
6828,3.35348,
6829,3.36039,
6830,3.30191,
6831,3.34465,
6832,3.22949,
6833,3.1008,
6834,3.50636,
6835,3.16568,
6836,3.19565,
6837,3.34688,
6838,3.34756,
6839,3.17049,
6840,3.58401,
6841,3.41353,
6842,3.6507,
6843,3.47228,
6844,3.54931,
6845,3.48018,
6846,3.40728,
6847,3.51355,
6848,3.35351,
6849,3.35563,
6850,3.37182,
6851,3.36278,
6852,3.35402,
6853,3.2112,
6854,3.33069,
6855,3.20349,
6856,3.2534,
6857,3.09739,
6858,3.17727,
6859,3.16553,
6860,3.18076,
6861,3.19,
6862,3.02354,
6863,3.17409,
6864,3.11638,
6865,3.28969,
6866,3.21434,
6867,3.22423,
6868,3.50976,
6869,3.48712,
6870,3.54053,
6871,3.49214,
6872,3.47189,
6873,3.48288,
6874,3.44282,
6875,3.48564,
6876,3.4467,
6877,3.44103,
6878,3.50636,
6879,3.38545,
6880,3.33242,
6881,3.1493,
6882,3.37163,
6883,3.33666,
6884,3.48345,
6885,3.35303,
6886,3.20789,
6887,3.28576,
6888,3.22902,
6889,3.2571,
6890,3.37324,
6891,3.45279,
6892,3.24037,
6893,3.18414,
6894,3.27356,
6895,3.53055,
6896,3.4534,
6897,3.5411,
6898,3.35772,
6899,3.53254,
6900,3.376,
6901,3.47254,
6902,3.63144,
6903,3.37628,
6904,3.22405,
6905,3.24,
6906,3.44543,
6907,3.41717,
6908,3.29232,
6909,3.39014,
6910,3.28782,
6911,3.44705,
6912,3.41834,
6913,3.55333,
6914,3.18867,
6915,3.26111,
6916,3.06902,
6917,3.20504,
6918,3.24162,
6919,3.22112,
6920,3.18715,
6921,3.35918,
6922,3.2741,
6923,3.24409,
6924,3.03219,
6925,3.16271,
6926,3.28127,
6927,3.25047,
6928,3.18483,
6929,3.65373,
6930,3.54559,
6931,3.59006,
6932,3.59195,
6933,3.46129,
6934,3.4662,
6935,3.30015,
6936,3.54945,
6937,3.68248,
6938,3.44308,
6939,3.49661,
6940,3.75672,
6941,3.83507,
6942,3.43295,
6943,3.44961,
6944,3.4511,
6945,3.51774,
6946,3.74816,
6947,3.50296,
6948,3.35431,
6949,3.36012,
6950,3.26475,
6951,3.2928,
6952,3.33186,
6953,3.32797,
6954,3.30275,
6955,3.23245,
6956,3.35685,
6957,3.79781,
6958,3.87211,
6959,3.75241,
6960,3.73713,
6961,3.69316,
6962,3.71525,
6963,3.65381,
6964,3.68749,
6965,3.6329,
6966,3.72753,
6967,3.69857,
6968,3.65656,
6969,3.62695,
6970,3.51603,
6971,3.59849,
6972,3.66688,
6973,3.58348,
6974,3.50756,
6975,3.42399,
6976,3.57804,
6977,3.77341,
6978,3.61924,
6979,3.50811,
6980,3.48887,
6981,3.4428,
6982,3.35575,
6983,3.55998,
6984,3.4451,
6985,3.47224,
6986,3.38074,
6987,3.19867,
6988,3.12274,
6989,3.37025,
6990,3.5455,
6991,3.40557,
6992,3.15611,
6993,3.39834,
6994,3.39466,
6995,3.28856,
6996,3.37796,
6997,3.4514,
6998,3.231,
6999,3.47618,
7000,3.2942,
7001,3.35456,
7002,3.56082,
7003,3.48694,
7004,3.46558,
7005,3.49001,
7006,3.37723,
7007,3.26358,
7008,3.24124,
7009,3.28032,
7010,3.38374,
7011,3.30063,
7012,3.26988,
7013,3.38655,
7014,3.27243,
7015,3.1929,
7016,3.27812,
7017,3.17819,
7018,3.15553,
7019,3.32586,
7020,3.12431,
7021,3.07607,
7022,3.14818,
7023,3.2398,
7024,3.15435,
7025,3.05065,
7026,3.1795,
7027,3.1558,
7028,3.3811,
7029,3.38885,
7030,3.34447,
7031,3.38839,
7032,3.4387,
7033,3.27403,
7034,3.38672,
7035,3.13126,
7036,3.30178,
7037,3.28335,
7038,3.17106,
7039,3.50624,
7040,3.16903,
7041,3.1882,
7042,3.44324,
7043,3.27344,
7044,3.14545,
7045,3.19174,
7046,3.439,
7047,2.93862,
7048,3.18368,
7049,3.29257,
7050,3.03561,
7051,3.18126,
7052,3.17651,
7053,3.09945,
7054,2.96549,
7055,3.56646,
7056,3.47852,
7057,3.43545,
7058,3.36555,
7059,3.487,
7060,3.39323,
7061,3.51437,
7062,3.44771,
7063,3.33581,
7064,3.43156,
7065,3.38683,
7066,3.36848,
7067,3.3296,
7068,3.29726,
7069,3.35921,
7070,3.07894,
7071,3.19519,
7072,3.23852,
7073,3.36196,
7074,3.28637,
7075,3.00934,
7076,3.21923,
7077,3.21472,
7078,3.14385,
7079,2.93029,
7080,3.03539,
7081,3.13777,
7082,3.13054,
7083,3.14615,
7084,2.97407,
7085,2.91832,
7086,2.93487,
7087,3.10993,
7088,3.20711,
7089,3.93287,
7090,3.63911,
7091,3.46928,
7092,3.3949,
7093,3.58821,
7094,3.58639,
7095,3.36254,
7096,3.57397,
7097,3.44457,
7098,3.39345,
7099,3.29765,
7100,3.56076,
7101,3.38184,
7102,3.32302,
7103,3.49586,
7104,3.54051,
7105,3.48522,
7106,3.44256,
7107,3.4638,
7108,3.45667,
7109,3.52829,
7110,3.25847,
7111,3.29864,
7112,3.28906,
7113,3.50697,
7114,3.51745,
7115,3.49199,
7116,3.45066,
7117,3.54142,
7118,3.36077,
7119,3.40522,
7120,3.551,
7121,3.45504,
7122,3.41114,
7123,3.38235,
7124,3.39953,
7125,3.26954,
7126,3.30219,
7127,3.34821,
7128,3.45662,
7129,3.2396,
7130,3.27589,
7131,3.20147,
7132,3.37794,
7133,3.41237,
7134,3.31845,
7135,3.07344,
7136,3.30475,
7137,3.1967,
7138,3.20157,
7139,3.28904,
7140,3.35408,
7141,3.32197,
7142,3.40207,
7143,3.30733,
7144,3.33438,
7145,3.24494,
7146,3.28926,
7147,3.17477,
7148,3.22298,
7149,3.17417,
7150,3.3317,
7151,3.11847,
7152,3.1075,
7153,3.11606,
7154,3.13437,
7155,3.19719,
7156,3.15763,
7157,2.99464,
7158,3.17462,
7159,3.01769,
7160,3.24081,
7161,3.09365,
7162,3.14785,
7163,3.28132,
7164,3.20322,
7165,3.26619,
7166,2.98931,
7167,3.12508,
7168,3.10293,
7169,3.17457,
7170,3.23505,
7171,2.89818,
7172,2.99538,
7173,2.88958,
7174,2.96488,
7175,3.17594,
7176,3.21753,
7177,3.16516,
7178,3.02446,
7179,3.26894,
7180,3.18732,
7181,3.50155,
7182,3.48,
7183,3.53225,
7184,3.45973,
7185,3.41356,
7186,3.68579,
7187,3.39974,
7188,3.34814,
7189,3.47043,
7190,3.30484,
7191,3.41124,
7192,3.53374,
7193,3.42861,
7194,3.31161,
7195,3.41431,
7196,3.18289,
7197,3.33575,
7198,3.28327,
7199,3.21981,
7200,3.27306,
7201,3.22022,
7202,3.07744,
7203,3.23445,
7204,3.29325,
7205,3.12505,
7206,3.17867,
7207,3.3415,
7208,3.47568,
7209,3.25172,
7210,3.31824,
7211,3.19173,
7212,3.56406,
7213,3.53385,
7214,3.59647,
7215,3.56845,
7216,3.59677,
7217,3.52609,
7218,3.43145,
7219,3.58557,
7220,3.43049,
7221,3.49401,
7222,3.5115,
7223,3.51212,
7224,3.32414,
7225,3.58238,
7226,3.46458,
7227,3.527,
7228,3.55919,
7229,3.43222,
7230,3.44349,
7231,3.40105,
7232,3.48084,
7233,3.68849,
7234,3.58689,
7235,3.24199,
7236,3.34053,
7237,3.16306,
7238,3.06927,
7239,3.04669,
7240,3.07519,
7241,3.21974,
7242,2.73054,
7243,3.01604,
7244,3.01113,
7245,3.0716,
7246,3.06387,
7247,2.88706,
7248,2.96958,
7249,3.18654,
7250,3.3375,
7251,3.23698,
7252,2.91991,
7253,2.97037,
7254,3.52496,
7255,3.58413,
7256,3.57601,
7257,3.57678,
7258,3.49604,
7259,3.56954,
7260,3.45035,
7261,3.33309,
7262,3.4241,
7263,3.47607,
7264,3.34201,
7265,3.40091,
7266,3.52734,
7267,3.52108,
7268,3.38381,
7269,3.2856,
7270,3.18858,
7271,3.31265,
7272,3.26091,
7273,3.292,
7274,3.08587,
7275,3.05215,
7276,3.01611,
7277,3.22946,
7278,3.2032,
7279,3.15656,
7280,3.5002,
7281,3.42561,
7282,3.44776,
7283,3.36753,
7284,3.52918,
7285,3.52826,
7286,3.32359,
7287,3.36552,
7288,3.16292,
7289,3.16054,
7290,3.10544,
7291,3.33247,
7292,3.46728,
7293,3.29174,
7294,3.0817,
7295,3.02639,
7296,2.92113,
7297,2.81765,
7298,2.96434,
7299,2.89814,
7300,3.17723,
7301,2.95611,
7302,2.92981,
7303,2.95291,
7304,3.23825,
7305,3.0924,
7306,3.30983,
7307,2.95146,
7308,3.47568,
7309,3.18933,
7310,3.52915,
7311,3.76756,
7312,3.42302,
7313,3.53823,
7314,3.46042,
7315,3.43906,
7316,3.5447,
7317,3.47965,
7318,3.37687,
7319,3.21979,
7320,3.21254,
7321,3.29958,
7322,3.27703,
7323,3.27707,
7324,3.31288,
7325,3.20015,
7326,3.32509,
7327,3.04762,
7328,3.43406,
7329,3.34494,
7330,3.05073,
7331,3.0505,
7332,3.29129,
7333,3.01811,
7334,3.02913,
7335,2.98853,
7336,2.88265,
7337,2.86014,
7338,2.9751,
7339,3.62622,
7340,3.58748,
7341,3.74364,
7342,3.71125,
7343,3.66805,
7344,3.62427,
7345,3.37796,
7346,3.45443,
7347,3.41227,
7348,3.49957,
7349,3.72376,
7350,3.5693,
7351,3.49994,
7352,3.39628,
7353,3.29793,
7354,3.58426,
7355,3.57233,
7356,3.62844,
7357,3.37007,
7358,3.5993,
7359,3.26594,
7360,3.33096,
7361,3.41648,
7362,3.46201,
7363,3.32402,
7364,3.31415,
7365,3.27912,
7366,3.24182,
7367,3.36923,
7368,3.15539,
7369,3.16617,
7370,3.28856,
7371,3.34521,
7372,3.30065,
7373,3.22772,
7374,3.2677,
7375,3.13575,
7376,3.19975,
7377,3.12928,
7378,3.12282,
7379,3.20682,
7380,2.94709,
7381,3.0509,
7382,3.23655,
7383,3.22545,
7384,3.6692,
7385,3.60746,
7386,3.53474,
7387,3.71328,
7388,3.61121,
7389,3.56229,
7390,3.48599,
7391,3.49041,
7392,3.344,
7393,3.37359,
7394,3.33301,
7395,3.32372,
7396,3.49009,
7397,3.45469,
7398,3.39213,
7399,3.60552,
7400,3.56153,
7401,3.11531,
7402,3.20341,
7403,3.23565,
7404,3.25091,
7405,3.35282,
7406,3.40393,
7407,3.36685,
7408,3.48574,
7409,3.56777,
7410,3.54122,
7411,3.10474,
7412,3.2087,
7413,3.40326,
7414,3.42625,
7415,3.52635,
7416,3.48092,
7417,3.54255,
7418,3.47705,
7419,3.54997,
7420,3.36018,
7421,3.34278,
7422,3.46658,
7423,3.15809,
7424,3.41737,
7425,3.41643,
7426,3.41477,
7427,3.36455,
7428,3.30571,
7429,3.54778,
7430,3.39738,
7431,3.5781,
7432,3.46889,
7433,3.49226,
7434,3.44309,
7435,3.56911,
7436,3.31809,
7437,3.38788,
7438,3.28566,
7439,3.20958,
7440,3.2885,
7441,3.16904,
7442,3.2534,
7443,3.23752,
7444,3.3813,
7445,3.00988,
7446,3.20989,
7447,3.48639,
7448,3.37145,
7449,3.39467,
7450,3.32885,
7451,3.43656,
7452,3.19329,
7453,3.38734,
7454,2.89846,
7455,3.60261,
7456,3.50925,
7457,3.67852,
7458,3.76712,
7459,3.90015,
7460,3.51203,
7461,3.58935,
7462,3.46012,
7463,3.64161,
7464,3.52494,
7465,3.53489,
7466,3.48692,
7467,3.31094,
7468,3.3096,
7469,3.42472,
7470,3.50361,
7471,3.25445,
7472,3.49894,
7473,3.53022,
7474,3.41348,
7475,3.41879,
7476,3.40236,
7477,3.45341,
7478,3.53895,
7479,3.4349,
7480,3.40445,
7481,3.38801,
7482,3.34946,
7483,3.48122,
7484,3.49821,
7485,3.26761,
7486,3.41541,
7487,3.31926,
7488,3.20769,
7489,3.14471,
7490,2.95823,
7491,3.35355,
7492,3.43924,
7493,3.15326,
7494,3.22565,
7495,3.37714,
7496,3.20231,
7497,3.14221,
7498,3.21224,
7499,3.12314,
7500,3.26525,
7501,3.11253,
7502,3.20077,
7503,3.35681,
7504,3.17685,
7505,3.45968,
7506,3.50035,
7507,3.46833,
7508,3.29596,
7509,3.34139,
7510,3.45863,
7511,3.41461,
7512,3.36394,
7513,3.39687,
7514,3.47404,
7515,3.27788,
7516,3.05006,
7517,3.2853,
7518,3.24669,
7519,3.28105,
7520,3.29643,
7521,2.94411,
7522,3.34606,
7523,3.33879,
7524,3.2717,
7525,3.22677,
7526,3.12608,
7527,3.35648,
7528,3.18011,
7529,2.93599,
7530,3.23546,
7531,3.19392,
7532,3.41159,
7533,3.23663,
7534,3.11048,
7535,3.21762,
7536,3.1783,
7537,3.1104,
7538,3.17095,
7539,3.338,
7540,3.51339,
7541,3.40657,
7542,3.54805,
7543,3.36967,
7544,3.33674,
7545,3.2658,
7546,3.45103,
7547,3.44687,
7548,3.40393,
7549,3.41954,
7550,3.53082,
7551,3.28167,
7552,3.36792,
7553,3.28167,
7554,3.18171,
7555,3.42019,
7556,3.37013,
7557,3.47999,
7558,3.40292,
7559,3.03349,
7560,3.0836,
7561,3.30882,
7562,3.17415,
7563,3.23154,
7564,3.04987,
7565,3.16722,
7566,3.38875,
7567,3.62795,
7568,3.33028,
7569,3.46357,
7570,3.50307,
7571,3.48952,
7572,3.44041,
7573,3.45299,
7574,3.4684,
7575,3.48328,
7576,3.41688,
7577,3.44756,
7578,3.40168,
7579,3.26854,
7580,3.41826,
7581,3.05398,
7582,3.18821,
7583,3.33238,
7584,3.23448,
7585,3.29525,
7586,3.0992,
7587,3.19146,
7588,3.35893,
7589,3.05483,
7590,3.22516,
7591,3.13069,
7592,3.08416,
7593,3.21439,
7594,3.06244,
7595,3.07562,
7596,3.1005,
7597,3.2145,
7598,3.09583,
7599,3.25291,
7600,3.3029,
7601,3.24113,
7602,3.13407,
7603,3.19056,
7604,3.322,
7605,3.29522,
7606,3.13345,
7607,3.47059,
7608,3.43858,
7609,3.33494,
7610,3.47154,
7611,3.32932,
7612,3.24367,
7613,3.36973,
7614,3.2836,
7615,3.38304,
7616,3.34009,
7617,3.4315,
7618,3.59167,
7619,3.46065,
7620,3.32414,
7621,3.27398,
7622,3.19504,
7623,3.26879,
7624,3.26747,
7625,3.32089,
7626,3.19849,
7627,3.34925,
7628,3.2557,
7629,3.32474,
7630,3.16198,
7631,3.29599,
7632,3.424,
7633,3.43893,
7634,3.52805,
7635,3.25831,
7636,3.0746,
7637,3.30099,
7638,3.02116,
7639,3.30159,
7640,3.54907,
7641,3.62604,
7642,3.53762,
7643,3.49655,
7644,3.30599,
7645,3.5039,
7646,3.35649,
7647,3.35996,
7648,3.32122,
7649,3.55523,
7650,3.30307,
7651,3.4562,
7652,3.09819,
7653,3.49574,
7654,3.4342,
7655,3.60047,
7656,3.32478,
7657,3.3314,
7658,3.42839,
7659,3.17569,
7660,3.34082,
7661,3.12105,
7662,3.22382,
7663,3.1917,
7664,3.42383,
7665,3.41909,
7666,3.02511,
7667,3.26906,
7668,3.26868,
7669,3.35576,
7670,3.32712,
7671,3.47738,
7672,3.40137,
7673,3.30167,
7674,3.38467,
7675,3.36747,
7676,3.2924,
7677,3.12889,
7678,3.14664,
7679,3.61051,
7680,3.61947,
7681,3.51376,
7682,3.45653,
7683,3.42943,
7684,3.44993,
7685,3.30068,
7686,3.53353,
7687,3.33181,
7688,3.41705,
7689,3.40783,
7690,3.40022,
7691,3.27298,
7692,3.39453,
7693,3.356,
7694,3.26253,
7695,3.45241,
7696,3.52821,
7697,3.23838,
7698,3.56476,
7699,3.41726,
7700,3.23721,
7701,3.14694,
7702,3.41513,
7703,3.37354,
7704,3.28415,
7705,3.31366,
7706,3.38032,
7707,3.22209,
7708,3.1749,
7709,3.30901,
7710,3.24621,
7711,3.38082,
7712,3.39251,
7713,3.4184,
7714,3.28599,
7715,3.28439,
7716,3.26046,
7717,3.42052,
7718,3.44097,
7719,3.04369,
7720,3.22503,
7721,3.24205,
7722,3.31682,
7723,3.41869,
7724,3.37754,
7725,3.09165,
7726,3.26545,
7727,3.36395,
7728,3.05497,
7729,3.09171,
7730,3.44261,
7731,3.36313,
7732,3.42474,
7733,3.23161,
7734,3.19054,
7735,3.28856,
7736,3.32088,
7737,3.18218,
7738,3.40972,
7739,3.33272,
7740,3.06959,
7741,3.17839,
7742,3.08141,
7743,3.22576,
7744,3.05821,
7745,3.29626,
7746,3.40636,
7747,3.31056,
7748,3.48033,
7749,3.48243,
7750,3.3617,
7751,3.42662,
7752,3.25231,
7753,3.28322,
7754,3.42673,
7755,3.37001,
7756,3.44805,
7757,3.59484,
7758,3.65572,
7759,4.47628,
7760,3.41252,
7761,3.34454,
7762,3.48304,
7763,3.44734,
7764,3.24519,
7765,3.344,
7766,3.35814,
7767,3.32568,
7768,3.26909,
7769,3.81921,
7770,3.30154,
7771,3.31256,
7772,2.99061,
7773,3.1634,
7774,3.3812,
7775,3.35026,
7776,3.44825,
7777,3.49845,
7778,3.30925,
7779,3.46777,
7780,3.42685,
7781,3.36521,
7782,3.66016,
7783,3.41068,
7784,3.38227,
7785,3.51254,
7786,3.54177,
7787,3.43157,
7788,3.29869,
7789,3.38102,
7790,3.39233,
7791,3.3725,
7792,3.25981,
7793,3.02988,
7794,3.45327,
7795,3.3164,
7796,3.10787,
7797,3.18908,
7798,3.23431,
7799,3.32842,
7800,3.28518,
7801,3.22543,
7802,3.3235,
7803,3.03831,
7804,3.2363,
7805,3.0629,
7806,3.32187,
7807,3.20544,
7808,3.23197,
7809,3.3051,
7810,3.24986,
7811,3.2539,
7812,3.2263,
7813,3.17724,
7814,3.07789,
7815,3.25838,
7816,3.23108,
7817,3.02825,
7818,3.12302,
7819,3.01753,
7820,3.19949,
7821,3.22388,
7822,3.20081,
7823,3.16193,
7824,3.20555,
7825,3.27255,
7826,2.99951,
7827,3.34467,
7828,3.18883,
7829,3.18797,
7830,3.17905,
7831,3.40306,
7832,3.5098,
7833,3.47642,
7834,3.24144,
7835,3.15091,
7836,3.50171,
7837,3.28556,
7838,3.33168,
7839,3.19528,
7840,3.11894,
7841,3.18705,
7842,3.36044,
7843,3.02465,
7844,2.94251,
7845,2.77769,
7846,3.02116,
7847,3.18946,
7848,3.28509,
7849,3.25188,
7850,3.28215,
7851,3.16615,
7852,3.02758,
7853,3.0567,
7854,3.18479,
7855,3.3654,
7856,3.17504,
7857,3.19049,
7858,2.82166,
7859,2.83611,
7860,3.32087,
7861,2.99611,
7862,3.22059,
7863,2.96002,
7864,3.10313,
7865,2.97287,
7866,3.01083,
7867,3.00606,
7868,3.05677,
7869,2.96108,
7870,2.90912,
7871,3.0136,
7872,3.22229,
7873,2.90361,
7874,3.20388,
7875,3.23207,
7876,3.50976,
7877,3.50826,
7878,3.47725,
7879,3.50093,
7880,3.4568,
7881,3.52604,
7882,3.33478,
7883,3.08036,
7884,3.32428,
7885,3.14881,
7886,3.21747,
7887,3.41146,
7888,3.28604,
7889,3.30114,
7890,3.22562,
7891,3.1677,
7892,3.14128,
7893,3.29043,
7894,3.3144,
7895,3.24795,
7896,3.28275,
7897,3.16036,
7898,3.04986,
7899,3.43835,
7900,3.10854,
7901,3.14702,
7902,3.27638,
7903,3.30295,
7904,3.12149,
7905,3.52641,
7906,3.36067,
7907,3.62079,
7908,3.42042,
7909,3.48621,
7910,3.42458,
7911,3.35633,
7912,3.44966,
7913,3.29953,
7914,3.29862,
7915,3.30429,
7916,3.31094,
7917,3.29621,
7918,3.16899,
7919,3.27479,
7920,3.15293,
7921,3.20122,
7922,3.02518,
7923,3.11594,
7924,3.09084,
7925,3.14259,
7926,3.14343,
7927,2.98574,
7928,3.11999,
7929,3.05568,
7930,3.22704,
7931,3.17036,
7932,3.16297,
7933,3.44125,
7934,3.43133,
7935,3.47754,
7936,3.42799,
7937,3.42227,
7938,3.42816,
7939,3.38457,
7940,3.42545,
7941,3.38859,
7942,3.395,
7943,3.46913,
7944,3.32663,
7945,3.27359,
7946,3.08799,
7947,3.31667,
7948,3.28899,
7949,3.43161,
7950,3.32009,
7951,3.154,
7952,3.23179,
7953,3.16459,
7954,3.20779,
7955,3.33026,
7956,3.39599,
7957,3.19575,
7958,3.13531,
7959,3.20668,
7960,3.46536,
7961,3.39118,
7962,3.47212,
7963,3.27736,
7964,3.47414,
7965,3.31618,
7966,3.4028,
7967,3.5808,
7968,3.33352,
7969,3.17591,
7970,3.17013,
7971,3.39166,
7972,3.36544,
7973,3.2435,
7974,3.32291,
7975,3.2269,
7976,3.41084,
7977,3.37507,
7978,3.51909,
7979,3.14617,
7980,3.21492,
7981,3.00468,
7982,3.16642,
7983,3.20085,
7984,3.15399,
7985,3.14868,
7986,3.32482,
7987,3.2295,
7988,3.18854,
7989,2.97718,
7990,3.10437,
7991,3.24075,
7992,3.19415,
7993,3.11334,
7994,3.62398,
7995,3.51113,
7996,3.53093,
7997,3.50763,
7998,3.39658,
7999,3.42322,
8000,3.2327,
8001,3.49518,
8002,3.61733,
8003,3.39795,
8004,3.44102,
8005,3.70057,
8006,3.79062,
8007,3.38429,
8008,3.41642,
8009,3.40825,
8010,3.47807,
8011,3.67903,
8012,3.4185,
8013,3.30517,
8014,3.30235,
8015,3.20481,
8016,3.25102,
8017,3.28345,
8018,3.28404,
8019,3.24419,
8020,3.16289,
8021,3.29968,
8022,3.7527,
8023,3.82963,
8024,3.70807,
8025,3.69644,
8026,3.64882,
8027,3.67069,
8028,3.61057,
8029,3.65375,
8030,3.59691,
8031,3.68329,
8032,3.65361,
8033,3.60489,
8034,3.58506,
8035,3.47542,
8036,3.56442,
8037,3.62245,
8038,3.55638,
8039,3.4802,
8040,3.39431,
8041,3.51981,
8042,3.7251,
8043,3.54729,
8044,3.46012,
8045,3.42433,
8046,3.3758,
8047,3.29366,
8048,3.50597,
8049,3.37418,
8050,3.41871,
8051,3.32725,
8052,3.13849,
8053,3.06821,
8054,3.32112,
8055,3.50223,
8056,3.34338,
8057,3.11576,
8058,3.34073,
8059,3.3392,
8060,3.226,
8061,3.3246,
8062,3.40709,
8063,3.18453,
8064,3.40638,
8065,3.24339,
8066,3.2913,
8067,3.52124,
8068,3.42476,
8069,3.38697,
8070,3.41494,
8071,3.30521,
8072,3.21559,
8073,3.1808,
8074,3.21977,
8075,3.33157,
8076,3.23826,
8077,3.19743,
8078,3.34874,
8079,3.22163,
8080,3.15063,
8081,3.2274,
8082,3.12894,
8083,3.09635,
8084,3.28065,
8085,3.07305,
8086,3.04312,
8087,3.10897,
8088,3.18676,
8089,3.09136,
8090,2.99805,
8091,3.12609,
8092,3.11695,
8093,3.30767,
8094,3.33042,
8095,3.30454,
8096,3.34223,
8097,3.38074,
8098,3.2198,
8099,3.33033,
8100,3.07263,
8101,3.25268,
8102,3.22295,
8103,3.12848,
8104,3.4896,
8105,3.12607,
8106,3.12821,
8107,3.38554,
8108,3.23148,
8109,3.08487,
8110,3.14148,
8111,3.3947,
8112,2.8883,
8113,3.12148,
8114,3.24679,
8115,2.9938,
8116,3.12787,
8117,3.13509,
8118,3.05585,
8119,2.91758,
8120,3.49859,
8121,3.41938,
8122,3.38575,
8123,3.31299,
8124,3.43405,
8125,3.3537,
8126,3.4657,
8127,3.39594,
8128,3.28447,
8129,3.38613,
8130,3.33337,
8131,3.30663,
8132,3.27535,
8133,3.25299,
8134,3.31556,
8135,3.01419,
8136,3.14573,
8137,3.2026,
8138,3.31575,
8139,3.23977,
8140,2.94206,
8141,3.16753,
8142,3.16195,
8143,3.08297,
8144,2.88406,
8145,2.99473,
8146,3.09217,
8147,3.08726,
8148,3.07964,
8149,2.92425,
8150,2.86343,
8151,2.88879,
8152,3.06954,
8153,3.16969,
8154,3.87458,
8155,3.59509,
8156,3.42622,
8157,3.34444,
8158,3.54234,
8159,3.54656,
8160,3.30375,
8161,3.50399,
8162,3.38062,
8163,3.33483,
8164,3.24199,
8165,3.52086,
8166,3.33768,
8167,3.28183,
8168,3.44187,
8169,3.50541,
8170,3.42054,
8171,3.39631,
8172,3.38709,
8173,3.39881,
8174,3.45252,
8175,3.20279,
8176,3.23104,
8177,3.2411,
8178,3.43656,
8179,3.46225,
8180,3.43776,
8181,3.40025,
8182,3.47995,
8183,3.30185,
8184,3.34276,
8185,3.50115,
8186,3.39928,
8187,3.33768,
8188,3.33187,
8189,3.35984,
8190,3.20566,
8191,3.26089,
8192,3.31364,
8193,3.40853,
8194,3.18506,
8195,3.22471,
8196,3.15607,
8197,3.33442,
8198,3.34889,
8199,3.2718,
8200,3.01994,
8201,3.25545,
8202,3.143,
8203,3.14286,
8204,3.23854,
8205,3.31423,
8206,3.26807,
8207,3.34878,
8208,3.26465,
8209,3.29274,
8210,3.19002,
8211,3.23495,
8212,3.12907,
8213,3.15775,
8214,3.11847,
8215,3.27325,
8216,3.05308,
8217,3.02698,
8218,3.05831,
8219,3.09396,
8220,3.13179,
8221,3.1057,
8222,2.93038,
8223,3.13258,
8224,2.97156,
8225,3.17449,
8226,3.037,
8227,3.08656,
8228,3.23303,
8229,3.16029,
8230,3.23781,
8231,2.93699,
8232,3.06984,
8233,3.04701,
8234,3.1264,
8235,3.19287,
8236,2.86093,
8237,2.9638,
8238,2.85318,
8239,2.91978,
8240,3.11723,
8241,3.16944,
8242,3.11715,
8243,3.00368,
8244,3.215,
8245,3.13245,
8246,3.44542,
8247,3.4205,
8248,3.46954,
8249,3.39892,
8250,3.36324,
8251,3.63716,
8252,3.33757,
8253,3.27268,
8254,3.41693,
8255,3.24563,
8256,3.36745,
8257,3.46173,
8258,3.35608,
8259,3.25992,
8260,3.35549,
8261,3.11554,
8262,3.27406,
8263,3.23296,
8264,3.15595,
8265,3.22086,
8266,3.17781,
8267,3.01652,
8268,3.19379,
8269,3.24507,
8270,3.07031,
8271,3.12379,
8272,3.29639,
8273,3.4242,
8274,3.18985,
8275,3.25936,
8276,3.13097,
8277,3.50647,
8278,3.49352,
8279,3.55373,
8280,3.53468,
8281,3.55893,
8282,3.4791,
8283,3.39243,
8284,3.54522,
8285,3.38407,
8286,3.46211,
8287,3.47732,
8288,3.47056,
8289,3.28906,
8290,3.52751,
8291,3.41692,
8292,3.4873,
8293,3.51893,
8294,3.38642,
8295,3.41365,
8296,3.36033,
8297,3.44729,
8298,3.60328,
8299,3.54316,
8300,3.16161,
8301,3.27175,
8302,3.08475,
8303,2.97075,
8304,2.96972,
8305,2.97217,
8306,3.16858,
8307,2.65563,
8308,2.96922,
8309,2.94222,
8310,3.01592,
8311,3.00551,
8312,2.82586,
8313,2.8943,
8314,3.12898,
8315,3.28433,
8316,3.19177,
8317,2.86624,
8318,2.92701,
8319,3.48566,
8320,3.54275,
8321,3.5328,
8322,3.51986,
8323,3.44185,
8324,3.51631,
8325,3.4109,
8326,3.25982,
8327,3.35966,
8328,3.42619,
8329,3.28466,
8330,3.33917,
8331,3.47136,
8332,3.4608,
8333,3.3358,
8334,3.23708,
8335,3.11096,
8336,3.26167,
8337,3.23074,
8338,3.25134,
8339,3.02331,
8340,3.01306,
8341,2.96614,
8342,3.17667,
8343,3.16519,
8344,3.11293,
8345,3.45118,
8346,3.35809,
8347,3.39342,
8348,3.31444,
8349,3.45358,
8350,3.4647,
8351,3.25489,
8352,3.30961,
8353,3.1063,
8354,3.09381,
8355,3.0634,
8356,3.28243,
8357,3.40321,
8358,3.24293,
8359,3.03514,
8360,2.96661,
8361,2.87376,
8362,2.78106,
8363,2.89767,
8364,2.85896,
8365,3.13868,
8366,2.90364,
8367,2.88394,
8368,2.9277,
8369,3.19983,
8370,3.07081,
8371,3.26774,
8372,2.91639,
8373,3.43603,
8374,3.14154,
8375,3.48157,
8376,3.72303,
8377,3.3769,
8378,3.49693,
8379,3.4191,
8380,3.36703,
8381,3.48649,
8382,3.42698,
8383,3.32594,
8384,3.16538,
8385,3.14093,
8386,3.22804,
8387,3.21593,
8388,3.22529,
8389,3.26253,
8390,3.12211,
8391,3.26602,
8392,3.0002,
8393,3.37573,
8394,3.27633,
8395,2.9794,
8396,3.00008,
8397,3.24008,
8398,2.96963,
8399,2.98238,
8400,2.93298,
8401,2.81788,
8402,2.80515,
8403,2.92675,
8404,3.57705,
8405,3.52985,
8406,3.68915,
8407,3.66209,
8408,3.62824,
8409,3.55822,
8410,3.31488,
8411,3.39071,
8412,3.35646,
8413,3.43818,
8414,3.67482,
8415,3.50954,
8416,3.4172,
8417,3.31506,
8418,3.23189,
8419,3.52757,
8420,3.52104,
8421,3.57023,
8422,3.33237,
8423,3.54913,
8424,3.19508,
8425,3.28239,
8426,3.36222,
8427,3.39797,
8428,3.25923,
8429,3.2657,
8430,3.21367,
8431,3.15472,
8432,3.32001,
8433,3.1238,
8434,3.11097,
8435,3.22829,
8436,3.30666,
8437,3.26063,
8438,3.18595,
8439,3.22372,
8440,3.08358,
8441,3.17721,
8442,3.08978,
8443,3.06797,
8444,3.17885,
8445,2.89613,
8446,3.00889,
8447,3.20144,
8448,3.15854,
8449,3.61279,
8450,3.57468,
8451,3.50279,
8452,3.66395,
8453,3.57094,
8454,3.52076,
8455,3.43032,
8456,3.43166,
8457,3.27755,
8458,3.29788,
8459,3.25894,
8460,3.25799,
8461,3.44749,
8462,3.39865,
8463,3.32239,
8464,3.53585,
8465,3.49153,
8466,3.06954,
8467,3.14696,
8468,3.18194,
8469,3.17947,
8470,3.30085,
8471,3.35221,
8472,3.3157,
8473,3.43714,
8474,3.51502,
8475,3.51085,
8476,3.04071,
8477,3.15203,
8478,3.35218,
8479,3.38094,
8480,3.48943,
8481,3.4444,
8482,3.50631,
8483,3.43061,
8484,3.502,
8485,3.30932,
8486,3.30413,
8487,3.43122,
8488,3.13473,
8489,3.36754,
8490,3.37954,
8491,3.3445,
8492,3.31197,
8493,3.27233,
8494,3.51049,
8495,3.34985,
8496,3.52564,
8497,3.39856,
8498,3.4497,
8499,3.40377,
8500,3.50213,
8501,3.25622,
8502,3.34111,
8503,3.23383,
8504,3.14695,
8505,3.2225,
8506,3.12483,
8507,3.20274,
8508,3.20361,
8509,3.34671,
8510,2.96034,
8511,3.16144,
8512,3.43218,
8513,3.31312,
8514,3.35539,
8515,3.27169,
8516,3.40175,
8517,3.15667,
8518,3.342,
8519,2.81098,
8520,3.54865,
8521,3.46634,
8522,3.64363,
8523,3.72008,
8524,3.86446,
8525,3.45953,
8526,3.53162,
8527,3.40126,
8528,3.58141,
8529,3.4878,
8530,3.49042,
8531,3.43658,
8532,3.25787,
8533,3.25758,
8534,3.37149,
8535,3.45894,
8536,3.19904,
8537,3.46074,
8538,3.50177,
8539,3.35578,
8540,3.36702,
8541,3.36553,
8542,3.40269,
8543,3.49514,
8544,3.39779,
8545,3.34275,
8546,3.35405,
8547,3.28893,
8548,3.44079,
8549,3.45918,
8550,3.2123,
8551,3.35944,
8552,3.24068,
8553,3.13926,
8554,3.0923,
8555,2.90667,
8556,3.30985,
8557,3.36662,
8558,3.1111,
8559,3.19288,
8560,3.33673,
8561,3.15411,
8562,3.10664,
8563,3.16717,
8564,3.06134,
8565,3.22275,
8566,3.09214,
8567,3.16649,
8568,3.30783,
8569,3.13379,
8570,3.40455,
8571,3.44216,
8572,3.41068,
8573,3.24195,
8574,3.27337,
8575,3.42045,
8576,3.34448,
8577,3.3025,
8578,3.34166,
8579,3.43574,
8580,3.24264,
8581,2.99794,
8582,3.23572,
8583,3.19682,
8584,3.23949,
8585,3.24816,
8586,2.89394,
8587,3.29594,
8588,3.30126,
8589,3.23633,
8590,3.18182,
8591,3.09036,
8592,3.31484,
8593,3.14554,
8594,2.88689,
8595,3.19212,
8596,3.13474,
8597,3.3718,
8598,3.17467,
8599,3.07035,
8600,3.16654,
8601,3.15603,
8602,3.08153,
8603,3.11986,
8604,3.28446,
8605,3.47096,
8606,3.37216,
8607,3.48871,
8608,3.31732,
8609,3.28387,
8610,3.21273,
8611,3.40103,
8612,3.40304,
8613,3.35611,
8614,3.37294,
8615,3.48577,
8616,3.2245,
8617,3.31762,
8618,3.25007,
8619,3.14093,
8620,3.38209,
8621,3.32829,
8622,3.4428,
8623,3.36609,
8624,2.98202,
8625,3.04523,
8626,3.26821,
8627,3.1133,
8628,3.1849,
8629,2.99967,
8630,3.13262,
8631,3.34265,
8632,3.58134,
8633,3.27645,
8634,3.42089,
8635,3.44196,
8636,3.43216,
8637,3.38155,
8638,3.4008,
8639,3.41776,
8640,3.4285,
8641,3.36457,
8642,3.41053,
8643,3.34875,
8644,3.22417,
8645,3.36375,
8646,3.00946,
8647,3.14554,
8648,3.29048,
8649,3.16766,
8650,3.25875,
8651,3.03732,
8652,3.12887,
8653,3.31731,
8654,3.01539,
8655,3.16546,
8656,3.08904,
8657,3.02604,
8658,3.16914,
8659,3.01604,
8660,3.03112,
8661,3.04977,
8662,3.18908,
8663,3.02303,
8664,3.20836,
8665,3.25752,
8666,3.2112,
8667,3.08233,
8668,3.13773,
8669,3.26426,
8670,3.24661,
8671,3.08553,
8672,3.41735,
8673,3.37438,
8674,3.28913,
8675,3.42492,
8676,3.28527,
8677,3.20499,
8678,3.33139,
8679,3.23747,
8680,3.33264,
8681,3.28815,
8682,3.39877,
8683,3.53735,
8684,3.42785,
8685,3.28416,
8686,3.22461,
8687,3.14505,
8688,3.22464,
8689,3.19089,
8690,3.26489,
8691,3.12896,
8692,3.28094,
8693,3.1891,
8694,3.28845,
8695,3.10757,
8696,3.24327,
8697,3.38052,
8698,3.38481,
8699,3.48765,
8700,3.21047,
8701,3.02609,
8702,3.25446,
8703,2.96532,
8704,3.24504,
8705,3.472,
8706,3.56081,
8707,3.47761,
8708,3.45998,
8709,3.24749,
8710,3.45879,
8711,3.31506,
8712,3.31183,
8713,3.29087,
8714,3.51703,
8715,3.25474,
8716,3.42455,
8717,3.04313,
8718,3.42994,
8719,3.38503,
8720,3.55772,
8721,3.27117,
8722,3.28962,
8723,3.39337,
8724,3.12295,
8725,3.30669,
8726,3.06713,
8727,3.17496,
8728,3.14411,
8729,3.39916,
8730,3.38593,
8731,2.97931,
8732,3.22959,
8733,3.21995,
8734,3.32836,
8735,3.28134,
8736,3.43712,
8737,3.3582,
8738,3.27219,
8739,3.34484,
8740,3.33508,
8741,3.25631,
8742,3.09473,
8743,3.11762,
8744,3.54409,
8745,3.56788,
8746,3.47301,
8747,3.40905,
8748,3.36426,
8749,3.38004,
8750,3.25986,
8751,3.49788,
8752,3.30412,
8753,3.37873,
8754,3.34738,
8755,3.35612,
8756,3.23487,
8757,3.35171,
8758,3.30551,
8759,3.20761,
8760,3.41,
8761,3.47203,
8762,3.19474,
8763,3.51988,
8764,3.36637,
8765,3.19536,
8766,3.11011,
8767,3.35927,
8768,3.33715,
8769,3.23706,
8770,3.26417,
8771,3.34108,
8772,3.16742,
8773,3.13998,
8774,3.25488,
8775,3.19026,
8776,3.3063,
8777,3.35075,
8778,3.37621,
8779,3.23511,
8780,3.21921,
8781,3.19943,
8782,3.36721,
8783,3.39357,
8784,2.9804,
8785,3.19304,
8786,3.20028,
8787,3.29092,
8788,3.38297,
8789,3.33012,
8790,3.05066,
8791,3.22775,
8792,3.32149,
8793,3.00914,
8794,3.03867,
8795,3.40145,
8796,3.31102,
8797,3.37648,
8798,3.17864,
8799,3.14063,
8800,3.24081,
8801,3.26531,
8802,3.13147,
8803,3.38536,
8804,3.29412,
8805,3.03009,
8806,3.13274,
8807,3.05439,
8808,3.18694,
8809,3.01259,
8810,3.24697,
8811,3.3544,
8812,3.25428,
8813,3.43617,
8814,3.43995,
8815,3.33036,
8816,3.39413,
8817,3.2039,
8818,3.24417,
8819,3.38978,
8820,3.34068,
8821,3.40916,
8822,3.56782,
8823,3.60759,
8824,4.43807,
8825,3.3526,
8826,3.30086,
8827,3.42177,
8828,3.39167,
8829,3.1947,
8830,3.29938,
8831,3.30629,
8832,3.29028,
8833,3.22078,
8834,3.79438,
8835,3.26832,
8836,3.26179,
8837,2.94305,
8838,3.11455,
8839,3.34883,
8840,3.30725,
8841,3.40096,
8842,3.47097,
8843,3.27279,
8844,3.42415,
8845,3.38285,
8846,3.30832,
8847,3.59595,
8848,3.35641,
8849,3.32405,
8850,3.45828,
8851,3.49268,
8852,3.37796,
8853,3.24655,
8854,3.32338,
8855,3.32775,
8856,3.30535,
8857,3.20269,
8858,2.95866,
8859,3.39835,
8860,3.25635,
8861,3.05489,
8862,3.12879,
8863,3.19157,
8864,3.28,
8865,3.25437,
8866,3.18089,
8867,3.28026,
8868,3.00352,
8869,3.18199,
8870,2.99185,
8871,3.27829,
8872,3.16532,
8873,3.18549,
8874,3.25665,
8875,3.19002,
8876,3.21273,
8877,3.17545,
8878,3.1298,
8879,3.03675,
8880,3.22967,
8881,3.19159,
8882,2.98206,
8883,3.0843,
8884,2.99171,
8885,3.16296,
8886,3.17674,
8887,3.15346,
8888,3.12252,
8889,3.1754,
8890,3.2295,
8891,2.96283,
8892,3.28267,
8893,3.15726,
8894,3.16046,
8895,3.13686,
8896,3.38112,
8897,3.47244,
8898,3.43045,
8899,3.1911,
8900,3.11554,
8901,3.46024,
8902,3.2513,
8903,3.29318,
8904,3.14806,
8905,3.06364,
8906,3.13407,
8907,3.31181,
8908,2.9633,
8909,2.91088,
8910,2.72678,
8911,2.97961,
8912,3.13937,
8913,3.244,
8914,3.20426,
8915,3.24245,
8916,3.13141,
8917,2.98109,
8918,3.02391,
8919,3.15525,
8920,3.32453,
8921,3.13432,
8922,3.16352,
8923,2.7778,
8924,2.79424,
8925,3.28091,
8926,2.94319,
8927,3.18,
8928,2.91233,
8929,3.07071,
8930,2.9169,
8931,2.9696,
8932,2.94745,
8933,3.01058,
8934,2.92475,
8935,2.8858,
8936,2.97941,
8937,3.19202,
8938,2.86172,
8939,3.17343,
8940,3.18659,
8941,3.48389,
8942,3.46569,
8943,3.4381,
8944,3.4642,
8945,3.42159,
8946,3.47698,
8947,3.28191,
8948,3.01615,
8949,3.29049,
8950,3.11338,
8951,3.1791,
8952,3.35854,
8953,3.2516,
8954,3.26741,
8955,3.20219,
8956,3.12967,
8957,3.10225,
8958,3.24755,
8959,3.27533,
8960,3.20382,
8961,3.23025,
8962,3.11833,
8963,2.99638,
8964,3.39538,
8965,3.07437,
8966,3.09988,
8967,3.23914,
8968,3.2674,
8969,3.07807,
8970,3.50178,
8971,3.33972,
8972,3.57368,
8973,3.38944,
8974,3.45353,
8975,3.39603,
8976,3.30612,
8977,3.40295,
8978,3.27032,
8979,3.26855,
8980,3.27755,
8981,3.26635,
8982,3.24068,
8983,3.1366,
8984,3.23857,
8985,3.1178,
8986,3.16111,
8987,2.98636,
8988,3.07328,
8989,3.01686,
8990,3.10176,
8991,3.12236,
8992,2.94483,
8993,3.07427,
8994,3.02521,
8995,3.18629,
8996,3.12162,
8997,3.12666,
8998,3.36672,
8999,3.38385,
9000,3.42015,
9001,3.3917,
9002,3.37492,
9003,3.37453,
9004,3.33215,
9005,3.39437,
9006,3.35333,
9007,3.36695,
9008,3.43259,
9009,3.30652,
9010,3.23398,
9011,3.03053,
9012,3.29535,
9013,3.24847,
9014,3.39059,
9015,3.27719,
9016,3.11212,
9017,3.19777,
9018,3.13257,
9019,3.16945,
9020,3.28661,
9021,3.36466,
9022,3.15549,
9023,3.10564,
9024,3.15886,
9025,3.42525,
9026,3.33252,
9027,3.41601,
9028,3.23452,
9029,3.42969,
9030,3.26729,
9031,3.35542,
9032,3.53751,
9033,3.27698,
9034,3.15262,
9035,3.11928,
9036,3.35363,
9037,3.32257,
9038,3.22218,
9039,3.27595,
9040,3.18678,
9041,3.37416,
9042,3.32954,
9043,3.48206,
9044,3.11701,
9045,3.16836,
9046,2.95787,
9047,3.13206,
9048,3.14799,
9049,3.11159,
9050,3.12412,
9051,3.30364,
9052,3.19824,
9053,3.14221,
9054,2.9306,
9055,3.07486,
9056,3.20517,
9057,3.15057,
9058,3.07642,
9059,3.59402,
9060,3.48155,
9061,3.48258,
9062,3.43749,
9063,3.32912,
9064,3.37671,
9065,3.19578,
9066,3.44721,
9067,3.55272,
9068,3.35862,
9069,3.39987,
9070,3.64612,
9071,3.73877,
9072,3.33705,
9073,3.37172,
9074,3.35739,
9075,3.43237,
9076,3.62535,
9077,3.37129,
9078,3.25996,
9079,3.27672,
9080,3.16262,
9081,3.21736,
9082,3.23588,
9083,3.24675,
9084,3.19904,
9085,3.12797,
9086,3.28359,
9087,3.71089,
9088,3.77584,
9089,3.67236,
9090,3.65866,
9091,3.62162,
9092,3.64107,
9093,3.56726,
9094,3.61613,
9095,3.57204,
9096,3.62536,
9097,3.60681,
9098,3.5707,
9099,3.55618,
9100,3.44492,
9101,3.53346,
9102,3.58609,
9103,3.5167,
9104,3.45565,
9105,3.37039,
9106,3.4674,
9107,3.66001,
9108,3.49699,
9109,3.39871,
9110,3.36572,
9111,3.32862,
9112,3.22594,
9113,3.46797,
9114,3.31056,
9115,3.3654,
9116,3.28711,
9117,3.09757,
9118,3.0203,
9119,3.28569,
9120,3.47594,
9121,3.31747,
9122,3.06834,
9123,3.30193,
9124,3.30094,
9125,3.18698,
9126,3.27689,
9127,3.37967,
9128,3.14783,
9129,3.35219,
9130,3.20222,
9131,3.23415,
9132,3.45626,
9133,3.3834,
9134,3.32897,
9135,3.35739,
9136,3.24422,
9137,3.17311,
9138,3.11579,
9139,3.15626,
9140,3.27797,
9141,3.19007,
9142,3.14897,
9143,3.30242,
9144,3.18752,
9145,3.1216,
9146,3.19203,
9147,3.06933,
9148,3.03025,
9149,3.23716,
9150,3.02959,
9151,3.01107,
9152,3.08182,
9153,3.15139,
9154,3.04743,
9155,2.96417,
9156,3.10162,
9157,3.08721,
9158,3.258,
9159,3.28671,
9160,3.26705,
9161,3.30114,
9162,3.33534,
9163,3.16193,
9164,3.29724,
9165,3.01989,
9166,3.20301,
9167,3.18571,
9168,3.09384,
9169,3.46774,
9170,3.08375,
9171,3.08806,
9172,3.33878,
9173,3.18339,
9174,3.03245,
9175,3.10752,
9176,3.35646,
9177,2.85383,
9178,3.08113,
9179,3.21134,
9180,2.94585,
9181,3.09885,
9182,3.08653,
9183,3.01117,
9184,2.88575,
9185,3.45268,
9186,3.38724,
9187,3.33952,
9188,3.26776,
9189,3.39594,
9190,3.30462,
9191,3.42851,
9192,3.35079,
9193,3.24491,
9194,3.34778,
9195,3.27275,
9196,3.26809,
9197,3.23345,
9198,3.22208,
9199,3.2814,
9200,2.963,
9201,3.11367,
9202,3.16037,
9203,3.2751,
9204,3.20645,
9205,2.88954,
9206,3.1358,
9207,3.13285,
9208,3.06108,
9209,2.8433,
9210,2.96184,
9211,3.0407,
9212,3.0511,
9213,3.04367,
9214,2.87651,
9215,2.83173,
9216,2.85175,
9217,3.04399,
9218,3.1347,
9219,3.81673,
9220,3.55555,
9221,3.3904,
9222,3.30617,
9223,3.49762,
9224,3.51747,
9225,3.26497,
9226,3.45806,
9227,3.32409,
9228,3.28877,
9229,3.20715,
9230,3.4969,
9231,3.307,
9232,3.26083,
9233,3.40568,
9234,3.46092,
9235,3.36298,
9236,3.35215,
9237,3.33428,
9238,3.34553,
9239,3.38867,
9240,3.16927,
9241,3.17999,
9242,3.19301,
9243,3.37487,
9244,3.41272,
9245,3.38291,
9246,3.3457,
9247,3.42515,
9248,3.24747,
9249,3.28245,
9250,3.44421,
9251,3.35028,
9252,3.28448,
9253,3.31631,
9254,3.32012,
9255,3.15469,
9256,3.2175,
9257,3.26162,
9258,3.38153,
9259,3.1476,
9260,3.18577,
9261,3.11083,
9262,3.29678,
9263,3.30691,
9264,3.23344,
9265,2.97362,
9266,3.21624,
9267,3.10705,
9268,3.10622,
9269,3.21221,
9270,3.28466,
9271,3.23915,
9272,3.27669,
9273,3.21639,
9274,3.24575,
9275,3.16236,
9276,3.19027,
9277,3.07999,
9278,3.11545,
9279,3.07734,
9280,3.22717,
9281,3.00732,
9282,2.97154,
9283,3.00453,
9284,3.05921,
9285,3.09181,
9286,3.06752,
9287,2.88094,
9288,3.08864,
9289,2.93632,
9290,3.13801,
9291,2.98155,
9292,3.04955,
9293,3.19591,
9294,3.11416,
9295,3.19851,
9296,2.89968,
9297,3.03197,
9298,2.99994,
9299,3.0885,
9300,3.15471,
9301,2.82377,
9302,2.92225,
9303,2.81882,
9304,2.86484,
9305,3.07455,
9306,3.12747,
9307,3.08078,
9308,2.94844,
9309,3.1766,
9310,3.08822,
9311,3.38908,
9312,3.36985,
9313,3.41974,
9314,3.35829,
9315,3.31029,
9316,3.61522,
9317,3.27917,
9318,3.20622,
9319,3.36785,
9320,3.19259,
9321,3.3215,
9322,3.40389,
9323,3.30986,
9324,3.22215,
9325,3.29,
9326,3.08044,
9327,3.2302,
9328,3.18977,
9329,3.11115,
9330,3.19051,
9331,3.14903,
9332,2.98425,
9333,3.15636,
9334,3.2126,
9335,3.03793,
9336,3.08414,
9337,3.25431,
9338,3.37777,
9339,3.1636,
9340,3.21801,
9341,3.09126,
9342,3.46536,
9343,3.46766,
9344,3.52357,
9345,3.49937,
9346,3.53127,
9347,3.44783,
9348,3.37156,
9349,3.51274,
9350,3.35762,
9351,3.41862,
9352,3.44231,
9353,3.43894,
9354,3.27087,
9355,3.49464,
9356,3.39106,
9357,3.46179,
9358,3.49174,
9359,3.36393,
9360,3.38473,
9361,3.33938,
9362,3.41305,
9363,3.53322,
9364,3.52692,
9365,3.08148,
9366,3.17567,
9367,3.01548,
9368,2.9031,
9369,2.90632,
9370,2.91313,
9371,3.1422,
9372,2.62273,
9373,2.92299,
9374,2.89073,
9375,2.96971,
9376,2.97331,
9377,2.78812,
9378,2.8575,
9379,3.08244,
9380,3.24291,
9381,3.16634,
9382,2.83141,
9383,2.90352,
9384,3.45235,
9385,3.51862,
9386,3.49776,
9387,3.46969,
9388,3.40683,
9389,3.47706,
9390,3.37409,
9391,3.21368,
9392,3.3271,
9393,3.38008,
9394,3.23538,
9395,3.30991,
9396,3.44084,
9397,3.42955,
9398,3.30511,
9399,3.20058,
9400,3.06835,
9401,3.23252,
9402,3.1945,
9403,3.22302,
9404,2.99133,
9405,2.98362,
9406,2.92155,
9407,3.14196,
9408,3.13113,
9409,3.07609,
9410,3.40699,
9411,3.31355,
9412,3.36102,
9413,3.27247,
9414,3.4109,
9415,3.38369,
9416,3.18346,
9417,3.25258,
9418,3.06477,
9419,3.05346,
9420,3.03627,
9421,3.24078,
9422,3.34981,
9423,3.19788,
9424,2.99612,
9425,2.93579,
9426,2.85858,
9427,2.74365,
9428,2.85904,
9429,2.82341,
9430,3.11579,
9431,2.86622,
9432,2.8603,
9433,2.91947,
9434,3.16758,
9435,3.02818,
9436,3.23999,
9437,2.89696,
9438,3.39424,
9439,3.10873,
9440,3.4413,
9441,3.69033,
9442,3.33908,
9443,3.4539,
9444,3.37492,
9445,3.33928,
9446,3.42486,
9447,3.37841,
9448,3.2663,
9449,3.12019,
9450,3.09531,
9451,3.18764,
9452,3.18271,
9453,3.19207,
9454,3.22025,
9455,3.0706,
9456,3.2291,
9457,2.97352,
9458,3.33171,
9459,3.22848,
9460,2.95449,
9461,2.95613,
9462,3.20756,
9463,2.91659,
9464,2.93216,
9465,2.89978,
9466,2.78506,
9467,2.78287,
9468,2.89673,
9469,3.54962,
9470,3.47556,
9471,3.64206,
9472,3.61081,
9473,3.60445,
9474,3.51206,
9475,3.26434,
9476,3.34418,
9477,3.29763,
9478,3.38292,
9479,3.63573,
9480,3.46885,
9481,3.37282,
9482,3.27377,
9483,3.1935,
9484,3.48114,
9485,3.46134,
9486,3.52847,
9487,3.29567,
9488,3.5191,
9489,3.15545,
9490,3.24104,
9491,3.31344,
9492,3.35298,
9493,3.21023,
9494,3.22382,
9495,3.1535,
9496,3.10407,
9497,3.27543,
9498,3.07165,
9499,3.07286,
9500,3.19398,
9501,3.26598,
9502,3.23242,
9503,3.14831,
9504,3.17961,
9505,3.03922,
9506,3.15072,
9507,3.04788,
9508,3.03599,
9509,3.15175,
9510,2.86945,
9511,2.97114,
9512,3.18982,
9513,3.12667,
9514,3.56811,
9515,3.55621,
9516,3.46898,
9517,3.62132,
9518,3.53862,
9519,3.48223,
9520,3.37353,
9521,3.39049,
9522,3.2264,
9523,3.24298,
9524,3.20146,
9525,3.21755,
9526,3.40789,
9527,3.35202,
9528,3.26527,
9529,3.48982,
9530,3.4459,
9531,3.024,
9532,3.1178,
9533,3.15084,
9534,3.11785,
9535,3.22725,
9536,3.31109,
9537,3.2831,
9538,3.40086,
9539,3.46973,
9540,3.45655,
9541,2.98985,
9542,3.10218,
9543,3.31702,
9544,3.34133,
9545,3.44672,
9546,3.40662,
9547,3.45383,
9548,3.39651,
9549,3.46908,
9550,3.25897,
9551,3.25941,
9552,3.41788,
9553,3.10707,
9554,3.34665,
9555,3.34697,
9556,3.30449,
9557,3.28432,
9558,3.22409,
9559,3.47664,
9560,3.31645,
9561,3.47913,
9562,3.34857,
9563,3.41285,
9564,3.35992,
9565,3.45463,
9566,3.20009,
9567,3.30087,
9568,3.19079,
9569,3.08388,
9570,3.1814,
9571,3.08636,
9572,3.16241,
9573,3.17737,
9574,3.32139,
9575,2.93192,
9576,3.14419,
9577,3.39339,
9578,3.28113,
9579,3.30312,
9580,3.23421,
9581,3.35117,
9582,3.11576,
9583,3.30749,
9584,2.74911,
9585,3.49793,
9586,3.43187,
9587,3.60117,
9588,3.66184,
9589,3.83673,
9590,3.43191,
9591,3.49588,
9592,3.35892,
9593,3.52591,
9594,3.45492,
9595,3.4584,
9596,3.39569,
9597,3.21645,
9598,3.23066,
9599,3.34112,
9600,3.42785,
9601,3.16478,
9602,3.43136,
9603,3.46792,
9604,3.30123,
9605,3.30423,
9606,3.33095,
9607,3.35862,
9608,3.44634,
9609,3.37704,
9610,3.31742,
9611,3.32393,
9612,3.25579,
9613,3.40692,
9614,3.4233,
9615,3.17883,
9616,3.30775,
9617,3.1812,
9618,3.0925,
9619,3.05208,
9620,2.87742,
9621,3.27225,
9622,3.31894,
9623,3.06763,
9624,3.16149,
9625,3.30214,
9626,3.11367,
9627,3.07641,
9628,3.15284,
9629,3.01963,
9630,3.20815,
9631,3.04959,
9632,3.14032,
9633,3.28425,
9634,3.10374,
9635,3.36036,
9636,3.40463,
9637,3.36451,
9638,3.20757,
9639,3.23576,
9640,3.38773,
9641,3.28831,
9642,3.26861,
9643,3.29715,
9644,3.38364,
9645,3.19453,
9646,2.95892,
9647,3.20033,
9648,3.1521,
9649,3.20052,
9650,3.21583,
9651,2.86871,
9652,3.26122,
9653,3.27512,
9654,3.20336,
9655,3.15015,
9656,3.07064,
9657,3.28636,
9658,3.10451,
9659,2.83799,
9660,3.15246,
9661,3.11616,
9662,3.34093,
9663,3.13571,
9664,3.02682,
9665,3.13826,
9666,3.11758,
9667,3.04867,
9668,3.09209,
9669,3.24205,
9670,3.44036,
9671,3.33134,
9672,3.42466,
9673,3.25104,
9674,3.23536,
9675,3.16473,
9676,3.37213,
9677,3.36354,
9678,3.32237,
9679,3.3278,
9680,3.43611,
9681,3.17891,
9682,3.28521,
9683,3.20488,
9684,3.08647,
9685,3.33068,
9686,3.30081,
9687,3.41312,
9688,3.34164,
9689,2.95636,
9690,3.01911,
9691,3.22832,
9692,3.07821,
9693,3.15146,
9694,2.97452,
9695,3.09192,
9696,3.30187,
9697,3.53341,
9698,3.24228,
9699,3.40264,
9700,3.39258,
9701,3.39168,
9702,3.32202,
9703,3.363,
9704,3.38127,
9705,3.38231,
9706,3.32014,
9707,3.35776,
9708,3.3019,
9709,3.19305,
9710,3.32549,
9711,2.9659,
9712,3.10271,
9713,3.25351,
9714,3.12666,
9715,3.20691,
9716,3.00227,
9717,3.09681,
9718,3.27821,
9719,2.98191,
9720,3.12454,
9721,3.0344,
9722,2.99162,
9723,3.13977,
9724,2.97476,
9725,2.98862,
9726,3.01374,
9727,3.1498,
9728,2.99401,
9729,3.17991,
9730,3.22423,
9731,3.19366,
9732,3.05583,
9733,3.10646,
9734,3.22067,
9735,3.19908,
9736,3.04629,
9737,3.37585,
9738,3.32035,
9739,3.25536,
9740,3.36905,
9741,3.24182,
9742,3.1624,
9743,3.29628,
9744,3.20676,
9745,3.28523,
9746,3.25373,
9747,3.35866,
9748,3.50044,
9749,3.37263,
9750,3.24827,
9751,3.18574,
9752,3.12437,
9753,3.18,
9754,3.14418,
9755,3.21273,
9756,3.06875,
9757,3.23058,
9758,3.13317,
9759,3.25152,
9760,3.07624,
9761,3.19797,
9762,3.34336,
9763,3.34935,
9764,3.45607,
9765,3.17656,
9766,2.98976,
9767,3.22447,
9768,2.92488,
9769,3.21774,
9770,3.43008,
9771,3.50833,
9772,3.43684,
9773,3.425,
9774,3.20731,
9775,3.4235,
9776,3.2887,
9777,3.26958,
9778,3.24948,
9779,3.49178,
9780,3.21619,
9781,3.3892,
9782,3.00225,
9783,3.38941,
9784,3.36969,
9785,3.53429,
9786,3.2353,
9787,3.26006,
9788,3.35888,
9789,3.09209,
9790,3.29127,
9791,3.02608,
9792,3.13618,
9793,3.1381,
9794,3.36953,
9795,3.36168,
9796,2.95152,
9797,3.20394,
9798,3.17562,
9799,3.27937,
9800,3.25166,
9801,3.41223,
9802,3.33184,
9803,3.22147,
9804,3.31887,
9805,3.30584,
9806,3.23472,
9807,3.06658,
9808,3.08172,
9809,3.49528,
9810,3.52931,
9811,3.43874,
9812,3.37647,
9813,3.31941,
9814,3.33907,
9815,3.2112,
9816,3.46738,
9817,3.26428,
9818,3.34779,
9819,3.31933,
9820,3.32811,
9821,3.2035,
9822,3.31371,
9823,3.26269,
9824,3.17584,
9825,3.37271,
9826,3.44463,
9827,3.15894,
9828,3.49028,
9829,3.33304,
9830,3.1646,
9831,3.06897,
9832,3.31416,
9833,3.29433,
9834,3.21386,
9835,3.21446,
9836,3.32869,
9837,3.12103,
9838,3.10118,
9839,3.21608,
9840,3.15219,
9841,3.25588,
9842,3.32886,
9843,3.34379,
9844,3.1979,
9845,3.1792,
9846,3.16503,
9847,3.33499,
9848,3.35463,
9849,2.941,
9850,3.15756,
9851,3.17638,
9852,3.25463,
9853,3.34195,
9854,3.31227,
9855,3.02073,
9856,3.19828,
9857,3.27633,
9858,2.95956,
9859,3.00404,
9860,3.3704,
9861,3.27352,
9862,3.32745,
9863,3.12477,
9864,3.10699,
9865,3.20722,
9866,3.2226,
9867,3.08468,
9868,3.34482,
9869,3.26558,
9870,3.00732,
9871,3.09818,
9872,3.03132,
9873,3.14887,
9874,2.98371,
9875,3.20646,
9876,3.32228,
9877,3.21999,
9878,3.39632,
9879,3.41059,
9880,3.29656,
9881,3.36276,
9882,3.18263,
9883,3.21471,
9884,3.35491,
9885,3.29531,
9886,3.3734,
9887,3.52058,
9888,3.57124,
9889,4.41121,
9890,3.31719,
9891,3.26536,
9892,3.37648,
9893,3.33665,
9894,3.15583,
9895,3.2753,
9896,3.26771,
9897,3.25085,
9898,3.18772,
9899,3.77575,
9900,3.23484,
9901,3.24088,
9902,2.90786,
9903,3.07123,
9904,3.32375,
9905,3.27655,
9906,3.38018,
9907,3.45996,
9908,3.24938,
9909,3.38013,
9910,3.34786,
9911,3.27135,
9912,3.54441,
9913,3.32883,
9914,3.29015,
9915,3.40405,
9916,3.45936,
9917,3.33871,
9918,3.2139,
9919,3.28945,
9920,3.30156,
9921,3.27109,
9922,3.14634,
9923,2.93194,
9924,3.34949,
9925,3.19632,
9926,3.02293,
9927,3.09624,
9928,3.14467,
9929,3.24167,
9930,3.2044,
9931,3.15287,
9932,3.24361,
9933,2.95868,
9934,3.14594,
9935,2.94485,
9936,3.23551,
9937,3.12735,
9938,3.15193,
9939,3.22833,
9940,3.15887,
9941,3.18056,
9942,3.14351,
9943,3.10406,
9944,3.00705,
9945,3.19055,
9946,3.15677,
9947,2.94779,
9948,3.03829,
9949,2.95771,
9950,3.11923,
9951,3.15015,
9952,3.12488,
9953,3.10146,
9954,3.13235,
9955,3.20914,
9956,2.93694,
9957,3.24666,
9958,3.116,
9959,3.1172,
9960,3.11395,
9961,3.34148,
9962,3.4553,
9963,3.38459,
9964,3.15188,
9965,3.07913,
9966,3.42352,
9967,3.2204,
9968,3.26711,
9969,3.12511,
9970,3.03001,
9971,3.09713,
9972,3.27358,
9973,2.91225,
9974,2.86661,
9975,2.68903,
9976,2.95461,
9977,3.11449,
9978,3.21982,
9979,3.18136,
9980,3.22064,
9981,3.1079,
9982,2.96553,
9983,2.99639,
9984,3.12739,
9985,3.29172,
9986,3.11235,
9987,3.12213,
9988,2.74029,
9989,2.76415,
9990,3.24513,
9991,2.90413,
9992,3.1495,
9993,2.8888,
9994,3.03373,
9995,2.87869,
9996,2.94538,
9997,2.91608,
9998,2.98601,
9999,2.90581,
10000,2.84698,
10001,2.94964,
10002,3.15874,
10003,2.84606,
10004,3.12109,
10005,3.16516,
10006,3.44277,
10007,3.4376,
10008,3.40219,
10009,3.4385,
10010,3.39004,
10011,3.43674,
10012,3.23596,
10013,2.98461,
10014,3.25354,
10015,3.07631,
10016,3.13916,
10017,3.31461,
10018,3.20426,
10019,3.24107,
10020,3.15182,
10021,3.1109,
10022,3.067,
10023,3.21001,
10024,3.24624,
10025,3.1812,
10026,3.19453,
10027,3.07934,
10028,2.96415,
10029,3.37243,
10030,3.05078,
10031,3.07106,
10032,3.20887,
10033,3.2406,
10034,3.04343,
10035,3.466,
10036,3.31147,
10037,3.54088,
10038,3.35639,
10039,3.4082,
10040,3.34124,
10041,3.27491,
10042,3.34126,
10043,3.22521,
10044,3.22509,
10045,3.23024,
10046,3.24094,
10047,3.21274,
10048,3.09939,
10049,3.21947,
10050,3.08931,
10051,3.13336,
10052,2.92541,
10053,3.01694,
10054,2.95934,
10055,3.07944,
10056,3.09611,
10057,2.91851,
10058,3.04096,
10059,2.98152,
10060,3.15683,
10061,3.08255,
10062,3.09326,
10063,3.33595,
10064,3.32893,
10065,3.38368,
10066,3.35258,
10067,3.3162,
10068,3.34532,
10069,3.28564,
10070,3.35833,
10071,3.31634,
10072,3.33189,
10073,3.40475,
10074,3.25909,
10075,3.19555,
10076,2.98733,
10077,3.23927,
10078,3.21739,
10079,3.3399,
10080,3.24635,
10081,3.07605,
10082,3.16665,
10083,3.09063,
10084,3.12904,
10085,3.249,
10086,3.33391,
10087,3.11992,
10088,3.06753,
10089,3.10039,
10090,3.3617,
10091,3.29016,
10092,3.37488,
10093,3.19187,
10094,3.39461,
10095,3.23759,
10096,3.33539,
10097,3.4972,
10098,3.23911,
10099,3.09823,
10100,3.09052,
10101,3.33329,
10102,3.29132,
10103,3.18465,
10104,3.24863,
10105,3.17388,
10106,3.35583,
10107,3.31522,
10108,3.4694,
10109,3.0909,
10110,3.13143,
10111,2.93393,
10112,3.09486,
10113,3.1157,
10114,3.08374,
10115,3.10377,
10116,3.28643,
10117,3.15851,
10118,3.11339,
10119,2.91215,
10120,3.04177,
10121,3.17152,
10122,3.12586,
10123,3.04091,
10124,3.55543,
10125,3.4487,
10126,3.43378,
10127,3.38127,
10128,3.27287,
10129,3.33488,
10130,3.15559,
10131,3.39822,
10132,3.49395,
10133,3.33201,
10134,3.36789,
10135,3.60834,
10136,3.71269,
10137,3.29547,
10138,3.34037,
10139,3.3193,
10140,3.40477,
10141,3.59193,
10142,3.32193,
10143,3.23113,
10144,3.24155,
10145,3.14393,
10146,3.18591,
10147,3.2027,
10148,3.21094,
10149,3.16091,
10150,3.0864,
10151,3.24426,
10152,3.68259,
10153,3.73288,
10154,3.64485,
10155,3.63487,
10156,3.59862,
10157,3.60811,
10158,3.5378,
10159,3.59225,
10160,3.53556,
10161,3.59096,
10162,3.5843,
10163,3.55037,
10164,3.53444,
10165,3.41568,
10166,3.49811,
10167,3.57356,
10168,3.49885,
10169,3.42286,
10170,3.34891,
10171,3.40945,
10172,3.62729,
10173,3.44503,
10174,3.35073,
10175,3.33113,
10176,3.29871,
10177,3.19822,
10178,3.42061,
10179,3.26227,
10180,3.31471,
10181,3.26473,
10182,3.05763,
10183,2.97699,
10184,3.25286,
10185,3.44981,
10186,3.28747,
10187,3.02787,
10188,3.25869,
10189,3.25206,
10190,3.1545,
10191,3.24531,
10192,3.33218,
10193,3.11477,
10194,3.30245,
10195,3.16606,
10196,3.19235,
10197,3.41107,
10198,3.33414,
10199,3.29298,
10200,3.31071,
10201,3.19872,
10202,3.13,
10203,3.08081,
10204,3.09404,
10205,3.24357,
10206,3.15258,
10207,3.1017,
10208,3.2782,
10209,3.14298,
10210,3.08843,
10211,3.15951,
10212,3.03417,
10213,2.99245,
10214,3.20699,
10215,2.99956,
10216,2.97599,
10217,3.06213,
10218,3.11791,
10219,3.02422,
10220,2.94494,
10221,3.07007,
10222,3.05126,
10223,3.20444,
10224,3.22501,
10225,3.22253,
10226,3.2761,
10227,3.27338,
10228,3.11115,
10229,3.25745,
10230,2.98291,
10231,3.16181,
10232,3.15101,
10233,3.0698,
10234,3.44046,
10235,3.06223,
10236,3.04557,
10237,3.30701,
10238,3.14524,
10239,2.98788,
10240,3.08804,
10241,3.33391,
10242,2.82575,
10243,3.03555,
10244,3.18102,
10245,2.91437,
10246,3.08984,
10247,3.06133,
10248,2.97921,
10249,2.86059,
10250,3.40508,
10251,3.35258,
10252,3.30122,
10253,3.25003,
10254,3.38286,
10255,3.2882,
10256,3.39232,
10257,3.31631,
10258,3.20904,
10259,3.30861,
10260,3.23839,
10261,3.22674,
10262,3.19634,
10263,3.18529,
10264,3.265,
10265,2.91912,
10266,3.08899,
10267,3.13297,
10268,3.24278,
10269,3.17787,
10270,2.85448,
10271,3.09079,
10272,3.10169,
10273,3.03333,
10274,2.7999,
10275,2.9384,
10276,3.0047,
10277,3.01243,
10278,3.01668,
10279,2.83889,
10280,2.81509,
10281,2.83074,
10282,3.01027,
10283,3.09468,
10284,3.77003,
10285,3.52164,
10286,3.35719,
10287,3.27408,
10288,3.45218,
10289,3.49812,
10290,3.23431,
10291,3.4208,
10292,3.28045,
10293,3.25817,
10294,3.17067,
10295,3.45366,
10296,3.26221,
10297,3.22142,
10298,3.37979,
10299,3.41987,
10300,3.31842,
10301,3.32409,
10302,3.27588,
10303,3.32233,
10304,3.34493,
10305,3.14522,
10306,3.14597,
10307,3.16852,
10308,3.32939,
10309,3.3733,
10310,3.33695,
10311,3.29458,
10312,3.38424,
10313,3.2116,
10314,3.25244,
10315,3.40656,
10316,3.30956,
10317,3.24213,
10318,3.26683,
10319,3.28211,
10320,3.11337,
10321,3.18449,
10322,3.22881,
10323,3.35062,
10324,3.12602,
10325,3.16136,
10326,3.0774,
10327,3.26919,
10328,3.26531,
10329,3.21876,
10330,2.94944,
10331,3.20128,
10332,3.08029,
10333,3.06663,
10334,3.18506,
10335,3.24714,
10336,3.20753,
10337,3.21419,
10338,3.18269,
10339,3.21836,
10340,3.13304,
10341,3.1488,
10342,3.03136,
10343,3.07461,
10344,3.03832,
10345,3.18951,
10346,2.96729,
10347,2.92768,
10348,2.97406,
10349,3.03678,
10350,3.065,
10351,3.03267,
10352,2.84134,
10353,3.05581,
10354,2.90263,
10355,3.09468,
10356,2.94101,
10357,2.9953,
10358,3.16284,
10359,3.08728,
10360,3.16097,
10361,2.87026,
10362,2.99933,
10363,2.96156,
10364,3.05376,
10365,3.14105,
10366,2.80847,
10367,2.89989,
10368,2.79897,
10369,2.81307,
10370,3.04076,
10371,3.08876,
10372,3.05129,
10373,2.91999,
10374,3.15519,
10375,3.04024,
10376,3.33623,
10377,3.32187,
10378,3.38087,
10379,3.30664,
10380,3.27408,
10381,3.57519,
10382,3.24544,
10383,3.15907,
10384,3.33599,
10385,3.16924,
10386,3.27937,
10387,3.36856,
10388,3.27089,
10389,3.20267,
10390,3.24891,
10391,3.0365,
10392,3.20065,
10393,3.15745,
10394,3.08813,
10395,3.16544,
10396,3.12157,
10397,2.94971,
10398,3.1188,
10399,3.18955,
10400,3.0075,
10401,3.05714,
10402,3.21762,
10403,3.34325,
10404,3.12999,
10405,3.17573,
10406,3.06108,
10407,3.43833,
10408,3.4229,
10409,3.49972,
10410,3.47123,
10411,3.50419,
10412,3.43429,
10413,3.34499,
10414,3.49112,
10415,3.33068,
10416,3.39877,
10417,3.42305,
10418,3.42668,
10419,3.24769,
10420,3.46166,
10421,3.36994,
10422,3.42464,
10423,3.47539,
10424,3.33494,
10425,3.36496,
10426,3.3352,
10427,3.3841,
10428,3.4735,
10429,3.47486,
10430,3.02007,
10431,3.13537,
10432,2.97219,
10433,2.84538,
10434,2.87103,
10435,2.86111,
10436,3.1042,
10437,2.60704,
10438,2.89859,
10439,2.86192,
10440,2.93518,
10441,2.94063,
10442,2.76331,
10443,2.81862,
10444,3.05882,
10445,3.18859,
10446,3.12458,
10447,2.80089,
10448,2.8666,
10449,3.41413,
10450,3.47821,
10451,3.44925,
10452,3.44537,
10453,3.37702,
10454,3.43696,
10455,3.34112,
10456,3.16867,
10457,3.28517,
10458,3.34904,
10459,3.20638,
10460,3.27177,
10461,3.41519,
10462,3.40036,
10463,3.28155,
10464,3.15995,
10465,3.03134,
10466,3.18774,
10467,3.16056,
10468,3.20599,
10469,2.95333,
10470,2.95289,
10471,2.89094,
10472,3.11114,
10473,3.1081,
10474,3.05441,
10475,3.36835,
10476,3.28128,
10477,3.33121,
10478,3.25484,
10479,3.36721,
10480,3.31922,
10481,3.13383,
10482,3.2045,
10483,3.02326,
10484,3.01499,
10485,3.01875,
10486,3.2091,
10487,3.31194,
10488,3.16786,
10489,2.97854,
10490,2.91483,
10491,2.83631,
10492,2.71466,
10493,2.82823,
10494,2.79284,
10495,3.0809,
10496,2.83723,
10497,2.82914,
10498,2.87083,
10499,3.13479,
10500,3.00085,
10501,3.20781,
10502,2.86455,
10503,3.36205,
10504,3.07895,
10505,3.4167,
10506,3.65315,
10507,3.31341,
10508,3.42701,
10509,3.33918,
10510,3.28986,
10511,3.37831,
10512,3.35551,
10513,3.22899,
10514,3.09694,
10515,3.06206,
10516,3.16974,
10517,3.12456,
10518,3.17627,
10519,3.20376,
10520,3.04426,
10521,3.19714,
10522,2.95832,
10523,3.27996,
10524,3.18619,
10525,2.91521,
10526,2.92167,
10527,3.18638,
10528,2.89301,
10529,2.9086,
10530,2.86463,
10531,2.75677,
10532,2.75364,
10533,2.86303,
10534,3.5219,
10535,3.43755,
10536,3.59672,
10537,3.57018,
10538,3.56752,
10539,3.45869,
10540,3.21299,
10541,3.28938,
10542,3.25006,
10543,3.34764,
10544,3.60433,
10545,3.45752,
10546,3.32902,
10547,3.24421,
10548,3.15662,
10549,3.454,
10550,3.42447,
10551,3.49597,
10552,3.26949,
10553,3.49022,
10554,3.12177,
10555,3.22613,
10556,3.27595,
10557,3.32926,
10558,3.1756,
10559,3.18463,
10560,3.11496,
10561,3.07262,
10562,3.25195,
10563,3.03301,
10564,3.04619,
10565,3.1709,
10566,3.24599,
10567,3.20754,
10568,3.09729,
10569,3.14188,
10570,3.00376,
10571,3.13074,
10572,3.02547,
10573,3.02308,
10574,3.12717,
10575,2.83937,
10576,2.96501,
10577,3.15423,
10578,3.08366,
10579,3.53918,
10580,3.53619,
10581,3.43963,
10582,3.58196,
10583,3.50436,
10584,3.45832,
10585,3.33096,
10586,3.35301,
10587,3.15824,
10588,3.20051,
10589,3.18821,
10590,3.16864,
10591,3.36841,
10592,3.32349,
10593,3.23028,
10594,3.44544,
10595,3.39992,
10596,3.00111,
10597,3.08985,
10598,3.12903,
10599,3.0633,
10600,3.16803,
10601,3.28502,
10602,3.25916,
10603,3.35529,
10604,3.45305,
10605,3.42907,
10606,2.9355,
10607,3.06955,
10608,3.27011,
10609,3.30652,
10610,3.41604,
10611,3.37223,
10612,3.42554,
10613,3.3693,
10614,3.44308,
10615,3.22408,
10616,3.22287,
10617,3.40525,
10618,3.08655,
10619,3.31912,
10620,3.31153,
10621,3.27914,
10622,3.25598,
10623,3.20392,
10624,3.44614,
10625,3.29799,
10626,3.45157,
10627,3.31381,
10628,3.39187,
10629,3.33056,
10630,3.41662,
10631,3.16816,
10632,3.27138,
10633,3.16755,
10634,3.05185,
10635,3.13996,
10636,3.04549,
10637,3.13575,
10638,3.14182,
10639,3.30315,
10640,2.90436,
10641,3.11414,
10642,3.3749,
10643,3.23777,
10644,3.24067,
10645,3.17859,
10646,3.32427,
10647,3.09056,
10648,3.2855,
10649,2.68684,
10650,3.45751,
10651,3.37818,
10652,3.5624,
10653,3.62563,
10654,3.81572,
10655,3.40497,
10656,3.46022,
10657,3.34059,
10658,3.49964,
10659,3.43562,
10660,3.4355,
10661,3.3648,
10662,3.18625,
10663,3.20237,
10664,3.30038,
10665,3.3983,
10666,3.14577,
10667,3.39175,
10668,3.43188,
10669,3.2804,
10670,3.26374,
10671,3.29578,
10672,3.32621,
10673,3.40595,
10674,3.34432,
10675,3.29144,
10676,3.29406,
10677,3.22554,
10678,3.38631,
10679,3.40135,
10680,3.14354,
10681,3.27875,
10682,3.15113,
10683,3.06504,
10684,3.01558,
10685,2.83902,
10686,3.23697,
10687,3.27807,
10688,3.04479,
10689,3.1404,
10690,3.2701,
10691,3.08985,
10692,3.05202,
10693,3.1063,
10694,2.99054,
10695,3.17519,
10696,3.00797,
10697,3.12098,
10698,3.25457,
10699,3.08375,
10700,3.32565,
10701,3.38779,
10702,3.32417,
10703,3.18964,
10704,3.20242,
10705,3.35649,
10706,3.26482,
10707,3.23176,
10708,3.2708,
10709,3.33888,
10710,3.15687,
10711,2.94,
10712,3.15252,
10713,3.11447,
10714,3.17039,
10715,3.17775,
10716,2.84315,
10717,3.23577,
10718,3.25709,
10719,3.18549,
10720,3.11525,
10721,3.05026,
10722,3.26636,
10723,3.07227,
10724,2.80676,
10725,3.12646,
10726,3.07963,
10727,3.30606,
10728,3.10485,
10729,2.99008,
10730,3.11578,
10731,3.10442,
10732,3.02114,
10733,3.0557,
10734,3.19905,
10735,3.40249,
10736,3.30731,
10737,3.38127,
10738,3.19527,
10739,3.19882,
10740,3.13093,
10741,3.34719,
10742,3.34019,
10743,3.29095,
10744,3.30127,
10745,3.40562,
10746,3.14181,
10747,3.25854,
10748,3.18047,
10749,3.05176,
10750,3.30245,
10751,3.2636,
10752,3.38428,
10753,3.3032,
10754,2.93328,
10755,3.00441,
10756,3.20394,
10757,3.05899,
10758,3.11431,
10759,2.94068,
10760,3.06555,
10761,3.28256,
10762,3.50102,
10763,3.21929,
10764,3.37061,
10765,3.35193,
10766,3.35809,
10767,3.28986,
10768,3.33441,
10769,3.34989,
10770,3.35069,
10771,3.28496,
10772,3.31533,
10773,3.28443,
10774,3.16325,
10775,3.29012,
10776,2.94162,
10777,3.07179,
10778,3.23435,
10779,3.09753,
10780,3.17434,
10781,2.96668,
10782,3.06849,
10783,3.25134,
10784,2.96289,
10785,3.08631,
10786,3.01921,
10787,2.96846,
10788,3.1095,
10789,2.94193,
10790,2.96091,
10791,2.97669,
10792,3.1196,
10793,2.97789,
10794,3.15222,
10795,3.20128,
10796,3.17034,
10797,3.02664,
10798,3.08049,
10799,3.18508,
10800,3.16368,
10801,3.01113,
10802,3.34619,
10803,3.28473,
10804,3.22813,
10805,3.30893,
10806,3.20489,
10807,3.12638,
10808,3.2553,
10809,3.16947,
10810,3.25562,
10811,3.22139,
10812,3.33017,
10813,3.47608,
10814,3.33885,
10815,3.21817,
10816,3.1664,
10817,3.08448,
10818,3.14917,
10819,3.1089,
10820,3.17542,
10821,3.01602,
10822,3.1881,
10823,3.09785,
10824,3.21883,
10825,3.05087,
10826,3.17869,
10827,3.31233,
10828,3.31881,
10829,3.43444,
10830,3.14103,
10831,2.95305,
10832,3.19457,
10833,2.89067,
10834,3.188,
10835,3.39178,
10836,3.48122,
10837,3.40943,
10838,3.39243,
10839,3.16913,
10840,3.3938,
10841,3.25134,
10842,3.24586,
10843,3.23311,
10844,3.47833,
10845,3.19511,
10846,3.35885,
10847,2.97022,
10848,3.35411,
10849,3.33107,
10850,3.49207,
10851,3.19753,
10852,3.23369,
10853,3.34094,
10854,3.05947,
10855,3.26379,
10856,2.99507,
10857,3.11407,
10858,3.11093,
10859,3.35456,
10860,3.33155,
10861,2.92303,
10862,3.18322,
10863,3.14349,
10864,3.2476,
10865,3.23305,
10866,3.38655,
10867,3.30418,
10868,3.17809,
10869,3.29253,
10870,3.27772,
10871,3.18539,
10872,3.05717,
10873,3.02748,
10874,3.44902,
10875,3.49923,
10876,3.41988,
10877,3.35407,
10878,3.2808,
10879,3.28817,
10880,3.16902,
10881,3.43514,
10882,3.24343,
10883,3.32562,
10884,3.28526,
10885,3.30605,
10886,3.18799,
10887,3.28823,
10888,3.23703,
10889,3.14287,
10890,3.33139,
10891,3.39776,
10892,3.14114,
10893,3.45211,
10894,3.29941,
10895,3.14442,
10896,3.04608,
10897,3.27888,
10898,3.2682,
10899,3.17504,
10900,3.17256,
10901,3.29869,
10902,3.08769,
10903,3.08012,
10904,3.1901,
10905,3.12458,
10906,3.22758,
10907,3.29984,
10908,3.32245,
10909,3.17462,
10910,3.14563,
10911,3.14204,
10912,3.301,
10913,3.30693,
10914,2.91,
10915,3.13111,
10916,3.15131,
10917,3.22126,
10918,3.31453,
10919,3.28315,
10920,3.00814,
10921,3.17524,
10922,3.26212,
10923,2.93412,
10924,2.98687,
10925,3.34965,
10926,3.22409,
10927,3.28768,
10928,3.06655,
10929,3.05422,
10930,3.18277,
10931,3.19043,
10932,3.06205,
10933,3.32815,
10934,3.25034,
10935,2.97929,
10936,3.06646,
10937,3.01812,
10938,3.11853,
10939,2.95524,
10940,3.17965,
10941,3.30147,
10942,3.18007,
10943,3.36004,
10944,3.38072,
10945,3.26773,
10946,3.34335,
10947,3.15562,
10948,3.18873,
10949,3.33001,
10950,3.26176,
10951,3.35566,
10952,3.49913,
10953,3.55362,
10954,4.38034,
10955,3.27287,
10956,3.25963,
10957,3.32867,
10958,3.28961,
10959,3.13324,
10960,3.2502,
10961,3.23998,
10962,3.22814,
10963,3.15955,
10964,3.74309,
10965,3.21007,
10966,3.2057,
10967,2.88135,
10968,3.03295,
10969,3.30246,
10970,3.25216,
10971,3.35229,
10972,3.43558,
10973,3.22585,
10974,3.34257,
10975,3.31173,
10976,3.2298,
10977,3.51631,
10978,3.2766,
10979,3.26036,
10980,3.36806,
10981,3.42343,
10982,3.29106,
10983,3.18169,
10984,3.27586,
10985,3.24818,
10986,3.23523,
10987,3.11199,
10988,2.89453,
10989,3.31473,
10990,3.16145,
10991,2.9895,
10992,3.06044,
10993,3.11521,
10994,3.21775,
10995,3.18501,
10996,3.12211,
10997,3.20926,
10998,2.93245,
10999,3.1129,
11000,2.91384,
11001,3.21402,
11002,3.10403,
11003,3.11808,
11004,3.19579,
11005,3.13739,
11006,3.1406,
11007,3.11559,
11008,3.07867,
11009,2.96946,
11010,3.16248,
11011,3.12581,
11012,2.9036,
11013,2.99027,
11014,2.92657,
11015,3.10425,
11016,3.11512,
11017,3.09898,
11018,3.07128,
11019,3.11056,
11020,3.18081,
11021,2.91933,
11022,3.22512,
11023,3.08955,
11024,3.09354,
11025,3.0903,
11026,3.3006,
11027,3.42168,
11028,3.33748,
11029,3.13549,
11030,3.05283,
11031,3.39021,
11032,3.19033,
11033,3.23866,
11034,3.09427,
11035,3.00749,
11036,3.06019,
11037,3.24617,
11038,2.8713,
11039,2.84764,
11040,2.65989,
11041,2.92325,
11042,3.10192,
11043,3.19489,
11044,3.15811,
11045,3.20177,
11046,3.08364,
11047,2.92156,
11048,2.98438,
11049,3.09764,
11050,3.27873,
11051,3.0828,
11052,3.08907,
11053,2.71665,
11054,2.73017,
11055,3.21641,
11056,2.88697,
11057,3.11961,
11058,2.85096,
11059,3.00712,
11060,2.84736,
11061,2.92042,
11062,2.88669,
11063,2.95266,
11064,2.87946,
11065,2.82678,
11066,2.92397,
11067,3.14226,
11068,2.81996,
11069,3.10482,
11070,3.15832,
11071,3.42214,
11072,3.40916,
11073,3.38103,
11074,3.40421,
11075,3.35343,
11076,3.40838,
11077,3.20102,
11078,2.95942,
11079,3.23389,
11080,3.05579,
11081,3.11336,
11082,3.28648,
11083,3.17671,
11084,3.2331,
11085,3.13145,
11086,3.09033,
11087,3.03788,
11088,3.17582,
11089,3.2263,
11090,3.15201,
11091,3.17346,
11092,3.07138,
11093,2.94211,
11094,3.36777,
11095,3.01705,
11096,3.04679,
11097,3.16986,
11098,3.22334,
11099,3.02317,
11100,3.44611,
11101,3.28322,
11102,3.505,
11103,3.31259,
11104,3.37701,
11105,3.30684,
11106,3.2371,
11107,3.30062,
11108,3.19473,
11109,3.18906,
11110,3.21326,
11111,3.21399,
11112,3.16516,
11113,3.05887,
11114,3.18202,
11115,3.07805,
11116,3.10027,
11117,2.90166,
11118,2.98068,
11119,2.91231,
11120,3.05932,
11121,3.07909,
11122,2.88665,
11123,3.00835,
11124,2.95913,
11125,3.13106,
11126,3.05371,
11127,3.07572,
11128,3.2825,
11129,3.29286,
11130,3.35089,
11131,3.31927,
11132,3.2803,
11133,3.30321,
11134,3.25082,
11135,3.32924,
11136,3.3076,
11137,3.29556,
11138,3.37054,
11139,3.22247,
11140,3.16234,
11141,2.95754,
11142,3.20933,
11143,3.18395,
11144,3.3097,
11145,3.22001,
11146,3.06443,
11147,3.12967,
11148,3.0589,
11149,3.11188,
11150,3.22083,
11151,3.30011,
11152,3.10035,
11153,3.04646,
11154,3.0707,
11155,3.32663,
11156,3.27953,
11157,3.33522,
11158,3.16051,
11159,3.36516,
11160,3.21249,
11161,3.3084,
11162,3.46721,
11163,3.19851,
11164,3.07257,
11165,3.05688,
11166,3.31233,
11167,3.26225,
11168,3.16883,
11169,3.21061,
11170,3.13794,
11171,3.33478,
11172,3.29561,
11173,3.44313,
11174,3.05231,
11175,3.10933,
11176,2.8978,
11177,3.06495,
11178,3.0906,
11179,3.05367,
11180,3.05659,
11181,3.25565,
11182,3.1449,
11183,3.09307,
11184,2.87419,
11185,3.0263,
11186,3.14048,
11187,3.09807,
11188,3.02291,
11189,3.52791,
11190,3.42525,
11191,3.40051,
11192,3.3449,
11193,3.24077,
11194,3.30467,
11195,3.12018,
11196,3.37036,
11197,3.45345,
11198,3.31511,
11199,3.3343,
11200,3.57817,
11201,3.67949,
11202,3.25532,
11203,3.31904,
11204,3.30564,
11205,3.37715,
11206,3.57085,
11207,3.31089,
11208,3.20435,
11209,3.23177,
11210,3.11024,
11211,3.16321,
11212,3.1699,
11213,3.20145,
11214,3.14656,
11215,3.05862,
11216,3.23225,
11217,3.65192,
11218,3.69835,
11219,3.6184,
11220,3.60257,
11221,3.57881,
11222,3.59982,
11223,3.51017,
11224,3.56474,
11225,3.51376,
11226,3.56251,
11227,3.55455,
11228,3.52847,
11229,3.51967,
11230,3.3985,
11231,3.48159,
11232,3.53712,
11233,3.47363,
11234,3.40937,
11235,3.33079,
11236,3.372,
11237,3.5689,
11238,3.40496,
11239,3.32818,
11240,3.29902,
11241,3.25715,
11242,3.16344,
11243,3.38441,
11244,3.22893,
11245,3.28415,
11246,3.23156,
11247,3.03242,
11248,2.95445,
11249,3.23159,
11250,3.43846,
11251,3.26636,
11252,3.01908,
11253,3.22674,
11254,3.2259,
11255,3.13712,
11256,3.2123,
11257,3.31453,
11258,3.09247,
11259,3.26768,
11260,3.14132,
11261,3.1446,
11262,3.37618,
11263,3.294,
11264,3.25092,
11265,3.27948,
11266,3.15969,
11267,3.10243,
11268,3.04742,
11269,3.05935,
11270,3.20415,
11271,3.13602,
11272,3.07047,
11273,3.23993,
11274,3.11855,
11275,3.07573,
11276,3.14628,
11277,3.00753,
11278,2.97551,
11279,3.18839,
11280,2.97318,
11281,2.94971,
11282,3.03886,
11283,3.09851,
11284,2.99186,
11285,2.92645,
11286,3.03719,
11287,3.03063,
11288,3.17395,
11289,3.17966,
11290,3.19401,
11291,3.22587,
11292,3.23746,
11293,3.06619,
11294,3.228,
11295,2.95429,
11296,3.11454,
11297,3.11781,
11298,3.03741,
11299,3.41846,
11300,3.03382,
11301,3.01842,
11302,3.2678,
11303,3.1186,
11304,2.95506,
11305,3.06876,
11306,3.29951,
11307,2.79241,
11308,3.0081,
11309,3.14851,
11310,2.88436,
11311,3.05223,
11312,3.03533,
11313,2.96162,
11314,2.83342,
11315,3.37088,
11316,3.31858,
11317,3.27899,
11318,3.21689,
11319,3.34748,
11320,3.26727,
11321,3.37402,
11322,3.29058,
11323,3.18116,
11324,3.29197,
11325,3.20358,
11326,3.19827,
11327,3.16578,
11328,3.16396,
11329,3.23056,
11330,2.89425,
11331,3.07677,
11332,3.12669,
11333,3.22808,
11334,3.15596,
11335,2.82295,
11336,3.06763,
11337,3.07734,
11338,3.01608,
11339,2.77208,
11340,2.91392,
11341,2.98287,
11342,2.99582,
11343,2.99596,
11344,2.80556,
11345,2.79842,
11346,2.8057,
11347,2.98604,
11348,3.07742,
11349,3.7247,
11350,3.49395,
11351,3.33165,
11352,3.25345,
11353,3.43142,
11354,3.46445,
11355,3.21741,
11356,3.38703,
11357,3.25073,
11358,3.22475,
11359,3.1308,
11360,3.43332,
11361,3.2444,
11362,3.20031,
11363,3.34525,
11364,3.39095,
11365,3.2732,
11366,3.28898,
11367,3.22861,
11368,3.29413,
11369,3.30308,
11370,3.12516,
11371,3.10947,
11372,3.14774,
11373,3.27094,
11374,3.34156,
11375,3.30705,
11376,3.25486,
11377,3.35089,
11378,3.19582,
11379,3.21315,
11380,3.38552,
11381,3.28703,
11382,3.20942,
11383,3.24761,
11384,3.26057,
11385,3.07886,
11386,3.17535,
11387,3.21117,
11388,3.33363,
11389,3.09691,
11390,3.13002,
11391,3.05421,
11392,3.23268,
11393,3.23395,
11394,3.18698,
11395,2.92553,
11396,3.16339,
11397,3.062,
11398,3.03353,
11399,3.15044,
11400,3.22894,
11401,3.19243,
11402,3.17755,
11403,3.14109,
11404,3.19118,
11405,3.10611,
11406,3.11027,
11407,3.00227,
11408,3.05762,
11409,3.00846,
11410,3.16778,
11411,2.94629,
11412,2.90785,
11413,2.93921,
11414,3.00708,
11415,3.0466,
11416,3.00211,
11417,2.80264,
11418,3.02488,
11419,2.88017,
11420,3.0537,
11421,2.91085,
11422,2.96418,
11423,3.1416,
11424,3.07282,
11425,3.14897,
11426,2.83224,
11427,2.98663,
11428,2.92956,
11429,3.02356,
11430,3.11304,
11431,2.77118,
11432,2.8854,
11433,2.78599,
11434,2.78937,
11435,3.01693,
11436,3.06163,
11437,3.0236,
11438,2.89928,
11439,3.13387,
11440,3.0107,
11441,3.30245,
11442,3.28571,
11443,3.32351,
11444,3.27711,
11445,3.25426,
11446,3.53542,
11447,3.22499,
11448,3.11476,
11449,3.31221,
11450,3.14842,
11451,3.25173,
11452,3.32638,
11453,3.23689,
11454,3.17804,
11455,3.21275,
11456,3.00069,
11457,3.17625,
11458,3.14059,
11459,3.06398,
11460,3.1328,
11461,3.10258,
11462,2.92555,
11463,3.09425,
11464,3.16187,
11465,2.97149,
11466,3.03332,
11467,3.18227,
11468,3.31641,
11469,3.10418,
11470,3.1435,
11471,3.04108,
11472,3.41254,
11473,3.41239,
11474,3.48006,
11475,3.45902,
11476,3.48264,
11477,3.40835,
11478,3.33513,
11479,3.45538,
11480,3.32127,
11481,3.37377,
11482,3.4114,
11483,3.39571,
11484,3.22202,
11485,3.43009,
11486,3.35209,
11487,3.40134,
11488,3.45801,
11489,3.31126,
11490,3.34333,
11491,3.31645,
11492,3.35769,
11493,3.43096,
11494,3.44952,
11495,2.97703,
11496,3.09821,
11497,2.96157,
11498,2.81971,
11499,2.84933,
11500,2.81506,
11501,3.09335,
11502,2.58914,
11503,2.86961,
11504,2.83709,
11505,2.90687,
11506,2.92459,
11507,2.73389,
11508,2.78919,
11509,3.01828,
11510,3.16239,
11511,3.08266,
11512,2.77753,
11513,2.8386,
11514,3.38678,
11515,3.44289,
11516,3.42002,
11517,3.43011,
11518,3.35015,
11519,3.40646,
11520,3.31704,
11521,3.13749,
11522,3.24268,
11523,3.32876,
11524,3.17259,
11525,3.24236,
11526,3.39427,
11527,3.38318,
11528,3.24675,
11529,3.13855,
11530,3.00932,
11531,3.1626,
11532,3.13454,
11533,3.17212,
11534,2.92383,
11535,2.93596,
11536,2.87935,
11537,3.07865,
11538,3.08787,
11539,3.02952,
11540,3.33392,
11541,3.24131,
11542,3.28845,
11543,3.22869,
11544,3.33847,
11545,3.28647,
11546,3.11788,
11547,3.16863,
11548,2.98932,
11549,2.99258,
11550,2.98911,
11551,3.18112,
11552,3.27905,
11553,3.1325,
11554,2.9345,
11555,2.89563,
11556,2.82245,
11557,2.6952,
11558,2.8076,
11559,2.76897,
11560,3.05614,
11561,2.80121,
11562,2.81738,
11563,2.84745,
11564,3.10654,
11565,2.97701,
11566,3.18405,
11567,2.84373,
11568,3.33239,
11569,3.05231,
11570,3.39035,
11571,3.64236,
11572,3.28852,
11573,3.41155,
11574,3.31025,
11575,3.25748,
11576,3.33878,
11577,3.31494,
11578,3.20392,
11579,3.06554,
11580,3.03444,
11581,3.13551,
11582,3.0938,
11583,3.14149,
11584,3.19109,
11585,3.01582,
11586,3.17039,
11587,2.93756,
11588,3.24221,
11589,3.15336,
11590,2.89137,
11591,2.8868,
11592,3.16864,
11593,2.86221,
11594,2.88581,
11595,2.8483,
11596,2.74417,
11597,2.74649,
11598,2.84777,
11599,3.49871,
11600,3.4103,
11601,3.5595,
11602,3.53491,
11603,3.52184,
11604,3.41901,
11605,3.1807,
11606,3.25187,
11607,3.20891,
11608,3.31268,
11609,3.57119,
11610,3.42021,
11611,3.29523,
11612,3.21024,
11613,3.1241,
11614,3.42188,
11615,3.3911,
11616,3.4674,
11617,3.24243,
11618,3.45967,
11619,3.09915,
11620,3.18995,
11621,3.23944,
11622,3.2935,
11623,3.13422,
11624,3.1478,
11625,3.0882,
11626,3.04089,
11627,3.22459,
11628,2.99435,
11629,3.00871,
11630,3.1425,
11631,3.21538,
11632,3.19624,
11633,3.06971,
11634,3.11267,
11635,2.97732,
11636,3.1074,
11637,2.98428,
11638,2.98362,
11639,3.10652,
11640,2.81168,
11641,2.92872,
11642,3.13412,
11643,3.05656,
11644,3.51516,
11645,3.51445,
11646,3.42474,
11647,3.55384,
11648,3.46835,
11649,3.42888,
11650,3.29412,
11651,3.31319,
11652,3.11065,
11653,3.15356,
11654,3.15981,
11655,3.13152,
11656,3.35048,
11657,3.30117,
11658,3.19573,
11659,3.40518,
11660,3.35484,
11661,2.98225,
11662,3.07128,
11663,3.10896,
11664,3.0251,
11665,3.13818,
11666,3.25287,
11667,3.23413,
11668,3.32449,
11669,3.42509,
11670,3.40312,
11671,2.89812,
11672,3.03904,
11673,3.25063,
11674,3.28215,
11675,3.39772,
11676,3.35441,
11677,3.40116,
11678,3.34311,
11679,3.41775,
11680,3.18962,
11681,3.20272,
11682,3.36709,
11683,3.04139,
11684,3.28548,
11685,3.28074,
11686,3.24427,
11687,3.22675,
11688,3.18405,
11689,3.4274,
11690,3.27141,
11691,3.4171,
11692,3.28366,
11693,3.36222,
11694,3.31084,
11695,3.38678,
11696,3.14317,
11697,3.23979,
11698,3.14525,
11699,3.02393,
11700,3.11438,
11701,3.02418,
11702,3.12232,
11703,3.12904,
11704,3.26144,
11705,2.89101,
11706,3.1067,
11707,3.33564,
11708,3.21608,
11709,3.20769,
11710,3.14576,
11711,3.29405,
11712,3.06064,
11713,3.25166,
11714,2.63638,
11715,3.42367,
11716,3.32907,
11717,3.53135,
11718,3.59685,
11719,3.78737,
11720,3.37981,
11721,3.43129,
11722,3.30789,
11723,3.46204,
11724,3.39958,
11725,3.41204,
11726,3.35434,
11727,3.16042,
11728,3.17249,
11729,3.28517,
11730,3.37678,
11731,3.12883,
11732,3.36993,
11733,3.42134,
11734,3.24613,
11735,3.23831,
11736,3.26316,
11737,3.28598,
11738,3.37666,
11739,3.31519,
11740,3.27053,
11741,3.26587,
11742,3.19129,
11743,3.3582,
11744,3.3901,
11745,3.1254,
11746,3.24655,
11747,3.11313,
11748,3.0387,
11749,2.99952,
11750,2.83022,
11751,3.21585,
11752,3.23213,
11753,3.02481,
11754,3.11659,
11755,3.25344,
11756,3.07869,
11757,3.02378,
11758,3.07881,
11759,2.96179,
11760,3.16214,
11761,2.99634,
11762,3.09981,
11763,3.23345,
11764,3.06111,
11765,3.30209,
11766,3.359,
11767,3.28605,
11768,3.14936,
11769,3.18104,
11770,3.33184,
11771,3.23267,
11772,3.19903,
11773,3.23399,
11774,3.31534,
11775,3.12299,
11776,2.90208,
11777,3.1306,
11778,3.07607,
11779,3.12621,
11780,3.15626,
11781,2.82434,
11782,3.21982,
11783,3.23087,
11784,3.16558,
11785,3.10379,
11786,3.01794,
11787,3.24828,
11788,3.05498,
11789,2.77993,
11790,3.10424,
11791,3.06672,
11792,3.29698,
11793,3.0774,
11794,2.96466,
11795,3.10315,
11796,3.07524,
11797,3.01293,
11798,3.02929,
11799,3.16214,
11800,3.37459,
11801,3.27564,
11802,3.35091,
11803,3.14556,
11804,3.15648,
11805,3.10717,
11806,3.32098,
11807,3.306,
11808,3.27328,
11809,3.27358,
11810,3.38394,
11811,3.12928,
11812,3.23755,
11813,3.15293,
11814,3.02569,
11815,3.27923,
11816,3.22927,
11817,3.35907,
11818,3.25651,
11819,2.904,
11820,2.9813,
11821,3.15692,
11822,3.01838,
11823,3.09322,
11824,2.89569,
11825,3.03264,
11826,3.2587,
11827,3.47095,
11828,3.18798,
11829,3.33989,
11830,3.31157,
11831,3.31444,
11832,3.2449,
11833,3.30096,
11834,3.32814,
11835,3.32262,
11836,3.26937,
11837,3.29559,
11838,3.25717,
11839,3.15104,
11840,3.26884,
11841,2.91204,
11842,3.04631,
11843,3.21386,
11844,3.07963,
11845,3.15509,
11846,2.9453,
11847,3.05045,
11848,3.22811,
11849,2.95128,
11850,3.06537,
11851,2.98228,
11852,2.95205,
11853,3.08766,
11854,2.9193,
11855,2.93602,
11856,2.95817,
11857,3.09772,
11858,2.95299,
11859,3.12617,
11860,3.17545,
11861,3.1526,
11862,3.02368,
11863,3.05519,
11864,3.14649,
11865,3.14341,
11866,3.00002,
11867,3.32314,
11868,3.24659,
11869,3.20325,
11870,3.27815,
11871,3.18036,
11872,3.10926,
11873,3.23194,
11874,3.13519,
11875,3.22902,
11876,3.19357,
11877,3.307,
11878,3.4409,
11879,3.31521,
11880,3.19704,
11881,3.14695,
11882,3.06422,
11883,3.12045,
11884,3.07922,
11885,3.13375,
11886,2.98387,
11887,3.15404,
11888,3.05836,
11889,3.19892,
11890,3.03766,
11891,3.14657,
11892,3.27847,
11893,3.28797,
11894,3.41689,
11895,3.11545,
11896,2.92141,
11897,3.17434,
11898,2.87136,
11899,3.15523,
11900,3.35523,
11901,3.43149,
11902,3.38305,
11903,3.36538,
11904,3.15264,
11905,3.35678,
11906,3.23072,
11907,3.2149,
11908,3.20111,
11909,3.43836,
11910,3.1512,
11911,3.3301,
11912,2.94403,
11913,3.33011,
11914,3.30661,
11915,3.47636,
11916,3.18467,
11917,3.22047,
11918,3.32107,
11919,3.04547,
11920,3.2616,
11921,2.97003,
11922,3.09511,
11923,3.08793,
11924,3.33517,
11925,3.3157,
11926,2.90994,
11927,3.15557,
11928,3.1207,
11929,3.22778,
11930,3.20383,
11931,3.37517,
11932,3.2706,
11933,3.1574,
11934,3.25344,
11935,3.26538,
11936,3.14132,
11937,3.03696,
11938,3.00622,
11939,3.40945,
11940,3.45543,
11941,3.38668,
11942,3.3444,
11943,3.25067,
11944,3.25341,
11945,3.13399,
11946,3.40749,
11947,3.21107,
11948,3.3029,
11949,3.26039,
11950,3.27351,
11951,3.16549,
11952,3.27074,
11953,3.21459,
11954,3.12859,
11955,3.31219,
11956,3.37895,
11957,3.09705,
11958,3.43604,
11959,3.2731,
11960,3.11518,
11961,3.01663,
11962,3.25504,
11963,3.23933,
11964,3.15184,
11965,3.14543,
11966,3.27728,
11967,3.06477,
11968,3.06325,
11969,3.16939,
11970,3.10816,
11971,3.20958,
11972,3.27931,
11973,3.29141,
11974,3.15161,
11975,3.11222,
11976,3.1005,
11977,3.28206,
11978,3.28819,
11979,2.87552,
11980,3.11299,
11981,3.12373,
11982,3.19306,
11983,3.27768,
11984,3.26156,
11985,2.98458,
11986,3.15547,
11987,3.22096,
11988,2.91715,
11989,2.97003,
11990,3.32956,
11991,3.18659,
11992,3.24917,
11993,3.02829,
11994,3.01747,
11995,3.16604,
11996,3.16216,
11997,3.0343,
11998,3.30532,
11999,3.21781,
12000,2.96311,
12001,3.05425,
12002,2.99759,
12003,3.09015,
12004,2.93934,
12005,3.14897,
12006,3.27005,
12007,3.15254,
12008,3.33351,
12009,3.35736,
12010,3.23857,
12011,3.31537,
12012,3.13804,
12013,3.16771,
12014,3.2967,
12015,3.23217,
12016,3.33758,
12017,3.46879,
12018,3.53247,
12019,4.36828,
12020,3.24505,
12021,3.22038,
12022,3.29531,
12023,3.25576,
12024,3.11551,
12025,3.22841,
12026,3.21873,
12027,3.20429,
12028,3.13044,
12029,3.72759,
12030,3.19855,
12031,3.18347,
12032,2.85585,
12033,3.0144,
12034,3.28826,
12035,3.22601,
12036,3.33617,
12037,3.4046,
12038,3.2056,
12039,3.30958,
12040,3.28542,
12041,3.19498,
12042,3.48313,
12043,3.24346,
12044,3.24126,
12045,3.3638,
12046,3.3871,
12047,3.25014,
12048,3.17401,
12049,3.24665,
12050,3.22148,
12051,3.21001,
12052,3.08424,
12053,2.86465,
12054,3.28664,
12055,3.13625,
12056,2.96544,
12057,3.03349,
12058,3.08471,
12059,3.20146,
12060,3.16999,
12061,3.09876,
12062,3.19251,
12063,2.90559,
12064,3.08202,
12065,2.88168,
12066,3.18525,
12067,3.07561,
12068,3.1079,
12069,3.17464,
12070,3.11209,
12071,3.126,
12072,3.10545,
12073,3.05648,
12074,2.94741,
12075,3.14476,
12076,3.09989,
12077,2.86259,
12078,2.96249,
12079,2.89446,
12080,3.08909,
12081,3.09729,
12082,3.06865,
12083,3.04841,
12084,3.09133,
12085,3.1607,
12086,2.90347,
12087,3.20854,
12088,3.07353,
12089,3.07931,
12090,3.07611,
12091,3.26431,
12092,3.41035,
12093,3.31487,
12094,3.10662,
12095,3.02556,
12096,3.37621,
12097,3.17137,
12098,3.21835,
12099,3.08217,
12100,2.98734,
12101,3.04685,
12102,3.21988,
12103,2.82817,
12104,2.81731,
12105,2.63585,
12106,2.91137,
12107,3.06209,
12108,3.16113,
12109,3.13236,
12110,3.18408,
12111,3.0613,
12112,2.90456,
12113,2.96535,
12114,3.08519,
12115,3.25934,
12116,3.05696,
12117,3.06842,
12118,2.70103,
12119,2.72008,
12120,3.19614,
12121,2.86458,
12122,3.0881,
12123,2.82997,
12124,2.99174,
12125,2.8226,
12126,2.88076,
12127,2.85808,
12128,2.93728,
12129,2.85921,
12130,2.81058,
12131,2.89626,
12132,3.12064,
12133,2.81221,
12134,3.08685,
12135,3.13418,
12136,3.40068,
12137,3.38339,
12138,3.36273,
12139,3.40278,
12140,3.32653,
12141,3.37554,
12142,3.17245,
12143,2.92853,
12144,3.20436,
12145,3.02782,
12146,3.08243,
12147,3.25797,
12148,3.1442,
12149,3.20591,
12150,3.10743,
12151,3.05986,
12152,3.01342,
12153,3.15229,
12154,3.20284,
12155,3.13193,
12156,3.15216,
12157,3.04482,
12158,2.93427,
12159,3.34492,
12160,3.00625,
12161,3.01905,
12162,3.15612,
12163,3.19742,
12164,3.00246,
12165,3.42801,
12166,3.25571,
12167,3.48072,
12168,3.29821,
12169,3.35958,
12170,3.29467,
12171,3.22028,
12172,3.26942,
12173,3.16928,
12174,3.17861,
12175,3.18594,
12176,3.19016,
12177,3.15609,
12178,3.04188,
12179,3.15091,
12180,3.0604,
12181,3.07732,
12182,2.87583,
12183,2.96264,
12184,2.86704,
12185,3.02918,
12186,3.05502,
12187,2.86906,
12188,2.98724,
12189,2.93363,
12190,3.11674,
12191,3.0204,
12192,3.03817,
12193,3.24704,
12194,3.26112,
12195,3.30723,
12196,3.30156,
12197,3.23759,
12198,3.28366,
12199,3.23406,
12200,3.30072,
12201,3.29018,
12202,3.26983,
12203,3.34446,
12204,3.21307,
12205,3.15965,
12206,2.93085,
12207,3.19653,
12208,3.16601,
12209,3.26972,
12210,3.18983,
12211,3.02903,
12212,3.10527,
12213,3.03826,
12214,3.08667,
12215,3.19979,
12216,3.27743,
12217,3.08135,
12218,3.03044,
12219,3.0432,
12220,3.29695,
12221,3.24983,
12222,3.30704,
12223,3.12956,
12224,3.3426,
12225,3.19733,
12226,3.28732,
12227,3.44577,
12228,3.17676,
12229,3.05477,
12230,3.02309,
12231,3.29124,
12232,3.24742,
12233,3.15396,
12234,3.20287,
12235,3.12026,
12236,3.32158,
12237,3.26608,
12238,3.4278,
12239,3.03444,
12240,3.09002,
12241,2.88757,
12242,3.05318,
12243,3.07479,
12244,3.04216,
12245,3.04356,
12246,3.24816,
12247,3.12151,
12248,3.07562,
12249,2.86012,
12250,3.00714,
12251,3.11526,
12252,3.08032,
12253,3.00405,
12254,3.4906,
12255,3.39908,
12256,3.37036,
12257,3.30206,
12258,3.19076,
12259,3.28373,
12260,3.11233,
12261,3.35088,
12262,3.421,
12263,3.29873,
12264,3.31431,
12265,3.54714,
12266,3.6528,
12267,3.22928,
12268,3.29359,
12269,3.27894,
12270,3.371,
12271,3.53622,
12272,3.27986,
12273,3.18244,
12274,3.20275,
12275,3.092,
12276,3.15787,
12277,3.15,
12278,3.18549,
12279,3.13929,
12280,3.0338,
12281,3.21261,
12282,3.63036,
12283,3.66664,
12284,3.5909,
12285,3.58031,
12286,3.5579,
12287,3.57543,
12288,3.48878,
12289,3.54304,
12290,3.48835,
12291,3.53232,
12292,3.53075,
12293,3.50682,
12294,3.48946,
12295,3.37315,
12296,3.45319,
12297,3.51496,
12298,3.45318,
12299,3.3875,
12300,3.30429,
12301,3.32872,
12302,3.54001,
12303,3.37663,
12304,3.29049,
12305,3.26972,
12306,3.23334,
12307,3.1362,
12308,3.34805,
12309,3.1825,
12310,3.26389,
12311,3.22104,
12312,3.00429,
12313,2.93337,
12314,3.20786,
12315,3.41051,
12316,3.25317,
12317,2.98937,
12318,3.19983,
12319,3.19489,
12320,3.11262,
12321,3.19005,
12322,3.29084,
12323,3.06569,
12324,3.23411,
12325,3.1089,
12326,3.11943,
12327,3.35606,
12328,3.2578,
12329,3.2336,
12330,3.26177,
12331,3.1242,
12332,3.0772,
12333,3.02093,
12334,3.03053,
12335,3.16862,
12336,3.11314,
12337,3.03783,
12338,3.22178,
12339,3.10006,
12340,3.05829,
12341,3.12687,
12342,2.98546,
12343,2.94932,
12344,3.17559,
12345,2.93545,
12346,2.93403,
12347,3.01373,
12348,3.08176,
12349,2.967,
12350,2.90834,
12351,3.02343,
12352,3.00542,
12353,3.13279,
12354,3.15397,
12355,3.16167,
12356,3.20815,
12357,3.21025,
12358,3.03498,
12359,3.21053,
12360,2.92817,
12361,3.09818,
12362,3.0974,
12363,3.03653,
12364,3.39877,
12365,3.02087,
12366,2.99027,
12367,3.24031,
12368,3.09266,
12369,2.9272,
12370,3.0459,
12371,3.28726,
12372,2.7733,
12373,2.99747,
12374,3.13101,
12375,2.86134,
12376,3.04115,
12377,3.00892,
12378,2.93462,
12379,2.84483,
12380,3.33289,
12381,3.27955,
12382,3.24305,
12383,3.17883,
12384,3.32689,
12385,3.2333,
12386,3.33693,
12387,3.25058,
12388,3.15694,
12389,3.26482,
12390,3.19469,
12391,3.17679,
12392,3.15345,
12393,3.14067,
12394,3.21279,
12395,2.87998,
12396,3.05797,
12397,3.10101,
12398,3.19392,
12399,3.13807,
12400,2.80427,
12401,3.04702,
12402,3.06269,
12403,3.00239,
12404,2.75353,
12405,2.88147,
12406,2.9643,
12407,2.96408,
12408,2.97999,
12409,2.77182,
12410,2.78412,
12411,2.79384,
12412,2.96374,
12413,3.053,
12414,3.70299,
12415,3.4701,
12416,3.30866,
12417,3.22023,
12418,3.4055,
12419,3.44033,
12420,3.18285,
12421,3.36187,
12422,3.2203,
12423,3.19999,
12424,3.09931,
12425,3.40815,
12426,3.21821,
12427,3.16751,
12428,3.32382,
12429,3.36246,
12430,3.23646,
12431,3.26681,
12432,3.1766,
12433,3.2654,
12434,3.26588,
12435,3.09905,
12436,3.08553,
12437,3.12798,
12438,3.25078,
12439,3.30652,
12440,3.30529,
12441,3.23175,
12442,3.3177,
12443,3.16846,
12444,3.19914,
12445,3.35462,
12446,3.26789,
12447,3.1779,
12448,3.22061,
12449,3.24276,
12450,3.06826,
12451,3.13913,
12452,3.21027,
12453,3.31478,
12454,3.0873,
12455,3.10827,
12456,3.03719,
12457,3.21147,
12458,3.21785,
12459,3.1661,
12460,2.90493,
12461,3.14919,
12462,3.04199,
12463,3.032,
12464,3.13524,
12465,3.20474,
12466,3.15854,
12467,3.13472,
12468,3.11859,
12469,3.16596,
12470,3.08356,
12471,3.09769,
12472,2.9794,
12473,3.02436,
12474,2.9836,
12475,3.13831,
12476,2.91945,
12477,2.87848,
12478,2.92369,
12479,2.99148,
12480,3.02497,
12481,2.98403,
12482,2.77914,
12483,2.99922,
12484,2.86485,
12485,3.02586,
12486,2.89737,
12487,2.95222,
12488,3.12231,
12489,3.05043,
12490,3.12999,
12491,2.80522,
12492,2.96924,
12493,2.89746,
12494,3.00096,
12495,3.09899,
12496,2.75589,
12497,2.87452,
12498,2.76888,
12499,2.76938,
12500,3.0101,
12501,3.03042,
12502,2.99713,
12503,2.88312,
12504,3.11167,
12505,2.98906,
12506,3.25672,
12507,3.25603,
12508,3.28715,
12509,3.2473,
12510,3.22141,
12511,3.51367,
12512,3.19936,
12513,3.08078,
12514,3.28117,
12515,3.1182,
12516,3.23396,
12517,3.31027,
12518,3.21546,
12519,3.15724,
12520,3.18956,
12521,2.97189,
12522,3.15024,
12523,3.11568,
12524,3.02575,
12525,3.11207,
12526,3.08706,
12527,2.90174,
12528,3.0708,
12529,3.12212,
12530,2.96527,
12531,3.02536,
12532,3.14574,
12533,3.28571,
12534,3.07363,
12535,3.12608,
12536,3.02426,
12537,3.38294,
12538,3.39802,
12539,3.44764,
12540,3.43177,
12541,3.45954,
12542,3.38044,
12543,3.30541,
12544,3.43978,
12545,3.31238,
12546,3.36774,
12547,3.3945,
12548,3.37659,
12549,3.20379,
12550,3.41256,
12551,3.32933,
12552,3.39267,
12553,3.45716,
12554,3.29354,
12555,3.32235,
12556,3.29591,
12557,3.34228,
12558,3.40046,
12559,3.42933,
12560,2.94922,
12561,3.05272,
12562,2.93264,
12563,2.79161,
12564,2.81925,
12565,2.78172,
12566,3.05943,
12567,2.56841,
12568,2.85491,
12569,2.80141,
12570,2.89142,
12571,2.90173,
12572,2.71708,
12573,2.7618,
12574,3.00811,
12575,3.13233,
12576,3.06078,
12577,2.75707,
12578,2.80793,
12579,3.35486,
12580,3.42282,
12581,3.38135,
12582,3.41048,
12583,3.32554,
12584,3.37566,
12585,3.27347,
12586,3.11283,
12587,3.20959,
12588,3.29947,
12589,3.16027,
12590,3.2207,
12591,3.37969,
12592,3.37092,
12593,3.24982,
12594,3.11758,
12595,2.98427,
12596,3.1381,
12597,3.12258,
12598,3.15331,
12599,2.89692,
12600,2.91397,
12601,2.86116,
12602,3.06541,
12603,3.06431,
12604,3.00537,
12605,3.30098,
12606,3.20944,
12607,3.26305,
12608,3.20031,
12609,3.31254,
12610,3.25752,
12611,3.07772,
12612,3.14942,
12613,2.96923,
12614,2.96174,
12615,2.95689,
12616,3.16178,
12617,3.24629,
12618,3.10694,
12619,2.91123,
12620,2.86744,
12621,2.81077,
12622,2.67005,
12623,2.78036,
12624,2.74348,
12625,3.0505,
12626,2.78009,
12627,2.79529,
12628,2.82945,
12629,3.08495,
12630,2.96431,
12631,3.16534,
12632,2.84361,
12633,3.30938,
12634,3.02663,
12635,3.35845,
12636,3.61225,
12637,3.27515,
12638,3.40699,
12639,3.29395,
12640,3.2366,
12641,3.31304,
12642,3.28795,
12643,3.16787,
12644,3.02937,
12645,3.00286,
12646,3.11884,
12647,3.08186,
12648,3.12305,
12649,3.18625,
12650,2.99778,
12651,3.15329,
12652,2.93066,
12653,3.21574,
12654,3.12936,
12655,2.86192,
12656,2.87674,
12657,3.14649,
12658,2.84395,
12659,2.86361,
12660,2.84218,
12661,2.73326,
12662,2.72971,
12663,2.82843,
12664,3.46034,
12665,3.3718,
12666,3.52474,
12667,3.50223,
12668,3.48198,
12669,3.38771,
12670,3.15904,
12671,3.22197,
12672,3.18325,
12673,3.29296,
12674,3.55018,
12675,3.38542,
12676,3.26619,
12677,3.17444,
12678,3.09411,
12679,3.39983,
12680,3.36538,
12681,3.43498,
12682,3.22055,
12683,3.43798,
12684,3.07355,
12685,3.17621,
12686,3.21169,
12687,3.27464,
12688,3.11413,
12689,3.12734,
12690,3.05346,
12691,3.01327,
12692,3.20514,
12693,2.97704,
12694,2.98693,
12695,3.1189,
12696,3.19674,
12697,3.17158,
12698,3.04929,
12699,3.09444,
12700,2.96384,
12701,3.09746,
12702,2.9587,
12703,2.96495,
12704,3.08797,
12705,2.7846,
12706,2.91171,
12707,3.11351,
12708,3.04236,
12709,3.49622,
12710,3.49354,
12711,3.41346,
12712,3.53267,
12713,3.44941,
12714,3.41053,
12715,3.26645,
12716,3.28634,
12717,3.08022,
12718,3.12604,
12719,3.10803,
12720,3.10735,
12721,3.32731,
12722,3.28007,
12723,3.1774,
12724,3.37773,
12725,3.32023,
12726,2.97438,
12727,3.0375,
12728,3.09545,
12729,2.98443,
12730,3.11878,
12731,3.23994,
12732,3.21042,
12733,3.31357,
12734,3.41083,
12735,3.37726,
12736,2.86652,
12737,3.02113,
12738,3.2332,
12739,3.26371,
12740,3.35724,
12741,3.32684,
12742,3.37678,
12743,3.32032,
12744,3.39368,
12745,3.17801,
12746,3.16758,
12747,3.35434,
12748,3.02355,
12749,3.26288,
12750,3.25507,
12751,3.21993,
12752,3.19934,
12753,3.15377,
12754,3.40807,
12755,3.24748,
12756,3.3989,
12757,3.28449,
12758,3.35431,
12759,3.29022,
12760,3.3775,
12761,3.11853,
12762,3.21106,
12763,3.11669,
12764,2.99319,
12765,3.09717,
12766,3.01323,
12767,3.10747,
12768,3.11417,
12769,3.23625,
12770,2.88225,
12771,3.08787,
12772,3.31983,
12773,3.1942,
12774,3.18615,
12775,3.12843,
12776,3.27461,
12777,3.04424,
12778,3.22152,
12779,2.60086,
12780,3.39516,
12781,3.29142,
12782,3.49125,
12783,3.55542,
12784,3.76085,
12785,3.35393,
12786,3.40856,
12787,3.28718,
12788,3.43498,
12789,3.37809,
12790,3.38093,
12791,3.31958,
12792,3.14336,
12793,3.15294,
12794,3.26674,
12795,3.34333,
12796,3.11736,
12797,3.34388,
12798,3.39476,
12799,3.21783,
12800,3.20017,
12801,3.25154,
12802,3.2649,
12803,3.34969,
12804,3.29481,
12805,3.25872,
12806,3.25413,
12807,3.16095,
12808,3.34122,
12809,3.38207,
12810,3.10643,
12811,3.2367,
12812,3.09604,
12813,3.02253,
12814,2.98132,
12815,2.81548,
12816,3.17988,
12817,3.1884,
12818,2.99134,
12819,3.09149,
12820,3.21858,
12821,3.04717,
12822,3.0007,
12823,3.0489,
12824,2.9394,
12825,3.15097,
12826,2.97324,
12827,3.08571,
12828,3.21748,
12829,3.04775,
12830,3.28367,
12831,3.34092,
12832,3.25996,
12833,3.13015,
12834,3.15834,
12835,3.3081,
12836,3.21634,
12837,3.18292,
12838,3.22046,
12839,3.2822,
12840,3.10595,
12841,2.88585,
12842,3.10052,
12843,3.05539,
12844,3.10996,
12845,3.14297,
12846,2.81369,
12847,3.19084,
12848,3.21787,
12849,3.13312,
12850,3.07289,
12851,3.0013,
12852,3.23135,
12853,3.0356,
12854,2.757,
12855,3.08141,
12856,3.05003,
12857,3.27553,
12858,3.05399,
12859,2.94311,
12860,3.08257,
12861,3.0499,
12862,2.99593,
12863,3.01287,
12864,3.13576,
12865,3.33603,
12866,3.24619,
12867,3.31891,
12868,3.10011,
12869,3.12419,
12870,3.06212,
12871,3.30759,
12872,3.27179,
12873,3.25184,
12874,3.24966,
12875,3.36037,
12876,3.10663,
12877,3.20977,
12878,3.12095,
12879,3.00538,
12880,3.26869,
12881,3.20138,
12882,3.33624,
12883,3.23095,
12884,2.88075,
12885,2.96593,
12886,3.12651,
12887,2.98958,
12888,3.07003,
12889,2.86719,
12890,3.01031,
12891,3.22933,
12892,3.42956,
12893,3.16786,
12894,3.30436,
12895,3.28061,
12896,3.29503,
12897,3.20825,
12898,3.28215,
12899,3.30106,
12900,3.29661,
12901,3.23524,
12902,3.26262,
12903,3.24255,
12904,3.13377,
12905,3.256,
12906,2.91106,
12907,3.0427,
12908,3.21027,
12909,3.05826,
12910,3.1229,
12911,2.91806,
12912,3.03452,
12913,3.20962,
12914,2.92463,
12915,3.04335,
12916,2.97537,
12917,2.93513,
12918,3.06892,
12919,2.88488,
12920,2.91854,
12921,2.94502,
12922,3.07406,
12923,2.94349,
12924,3.1166,
12925,3.16006,
12926,3.12865,
12927,2.98343,
12928,3.03418,
12929,3.12471,
12930,3.12161,
12931,2.98144,
12932,3.30369,
12933,3.23924,
12934,3.18017,
12935,3.25433,
12936,3.15476,
12937,3.08376,
12938,3.21079,
12939,3.11297,
12940,3.19058,
12941,3.16094,
12942,3.31164,
12943,3.42288,
12944,3.29151,
12945,3.1827,
12946,3.1252,
12947,3.04569,
12948,3.08425,
12949,3.06785,
12950,3.10274,
12951,2.956,
12952,3.12723,
12953,3.03994,
12954,3.17065,
12955,3.01064,
12956,3.12298,
12957,3.26297,
12958,3.25929,
12959,3.3907,
12960,3.07594,
12961,2.90007,
12962,3.14602,
12963,2.8572,
12964,3.13697,
12965,3.30746,
12966,3.3992,
12967,3.36634,
12968,3.34299,
12969,3.11221,
12970,3.33961,
12971,3.20346,
12972,3.19612,
12973,3.17476,
12974,3.4101,
12975,3.13014,
12976,3.31312,
12977,2.93114,
12978,3.30233,
12979,3.30453,
12980,3.44029,
12981,3.15877,
12982,3.20846,
12983,3.30158,
12984,3.03901,
12985,3.24928,
12986,2.96116,
12987,3.06995,
12988,3.07488,
12989,3.32124,
12990,3.29121,
12991,2.88093,
12992,3.14205,
12993,3.10375,
12994,3.20667,
12995,3.19249,
12996,3.34908,
12997,3.24645,
12998,3.11861,
12999,3.23534,
13000,3.24029,
13001,3.10164,
13002,3.0103,
13003,2.99329,
13004,3.37279,
13005,3.42874,
13006,3.36164,
13007,3.32172,
13008,3.2157,
13009,3.23439,
13010,3.09785,
13011,3.38717,
13012,3.20274,
13013,3.28027,
13014,3.2379,
13015,3.25351,
13016,3.14955,
13017,3.24525,
13018,3.19617,
13019,3.11394,
13020,3.28056,
13021,3.35185,
13022,3.06646,
13023,3.41447,
13024,3.24062,
13025,3.09759,
13026,3.00031,
13027,3.23782,
13028,3.20796,
13029,3.13674,
13030,3.11739,
13031,3.26176,
13032,3.05204,
13033,3.0403,
13034,3.1514,
13035,3.08132,
13036,3.18557,
13037,3.25697,
13038,3.27698,
13039,3.12964,
13040,3.09227,
13041,3.08922,
13042,3.25297,
13043,3.26113,
13044,2.8509,
13045,3.09256,
13046,3.10258,
13047,3.17804,
13048,3.25203,
13049,3.23415,
13050,2.97076,
13051,3.12598,
13052,3.21739,
13053,2.89528,
13054,2.9618,
13055,3.30927,
13056,3.16224,
13057,3.2164,
13058,2.99417,
13059,2.98626,
13060,3.1459,
13061,3.1338,
13062,2.99891,
13063,3.28812,
13064,3.19115,
13065,2.94687,
13066,3.04861,
13067,2.97736,
13068,3.07193,
13069,2.92462,
13070,3.12633,
13071,3.24046,
13072,3.14054,
13073,3.32021,
13074,3.33454,
13075,3.21108,
13076,3.29479,
13077,3.12472,
13078,3.16149,
13079,3.28464,
13080,3.2131,
13081,3.32933,
13082,3.4632,
13083,3.52867,
13084,4.35002,
13085,3.2305,
13086,3.20227,
13087,3.26491,
13088,3.23707,
13089,3.10944,
13090,3.21397,
13091,3.19139,
13092,3.18676,
13093,3.10762,
13094,3.70739,
13095,3.17121,
13096,3.17153,
13097,2.82594,
13098,2.98929,
13099,3.26144,
13100,3.20932,
13101,3.32399,
13102,3.39484,
13103,3.18111,
13104,3.28625,
13105,3.26815,
13106,3.1736,
13107,3.46745,
13108,3.21314,
13109,3.21657,
13110,3.3203,
13111,3.37621,
13112,3.2294,
13113,3.15223,
13114,3.22203,
13115,3.19536,
13116,3.18575,
13117,3.0595,
13118,2.83713,
13119,3.27034,
13120,3.1087,
13121,2.94514,
13122,3.01829,
13123,3.06977,
13124,3.18477,
13125,3.14704,
13126,3.09992,
13127,3.16149,
13128,2.88326,
13129,3.06878,
13130,2.86117,
13131,3.17181,
13132,3.04048,
13133,3.07768,
13134,3.15443,
13135,3.08859,
13136,3.0937,
13137,3.07635,
13138,3.03183,
13139,2.91794,
13140,3.12645,
13141,3.0847,
13142,2.83423,
13143,2.92727,
13144,2.86903,
13145,3.0625,
13146,3.06906,
13147,3.05285,
13148,3.04094,
13149,3.07731,
13150,3.14075,
13151,2.89406,
13152,3.18898,
13153,3.04251,
13154,3.06729,
13155,3.04614,
13156,3.23673,
13157,3.37691,
13158,3.2988,
13159,3.08329,
13160,3.0072,
13161,3.36442,
13162,3.15313,
13163,3.19825,
13164,3.06704,
13165,2.96171,
13166,3.02696,
13167,3.20442,
13168,2.80973,
13169,2.8124,
13170,2.62014,
13171,2.88565,
13172,3.04819,
13173,3.14873,
13174,3.1222,
13175,3.17015,
13176,3.02945,
13177,2.87709,
13178,2.95187,
13179,3.06255,
13180,3.24488,
13181,3.04894,
13182,3.06103,
13183,2.6705,
13184,2.6976,
13185,3.1782,
13186,2.84574,
13187,3.07074,
13188,2.80384,
13189,2.96108,
13190,2.79985,
13191,2.85394,
13192,2.84655,
13193,2.90498,
13194,2.85187,
13195,2.80534,
13196,2.88063,
13197,3.11686,
13198,2.79424,
13199,3.06883,
13200,3.12218,
13201,3.38178,
13202,3.36417,
13203,3.33561,
13204,3.37869,
13205,3.30579,
13206,3.3659,
13207,3.15336,
13208,2.9134,
13209,3.18215,
13210,3.01368,
13211,3.06231,
13212,3.24861,
13213,3.12237,
13214,3.19272,
13215,3.11006,
13216,3.04519,
13217,2.99208,
13218,3.12217,
13219,3.18481,
13220,3.11524,
13221,3.12014,
13222,3.0415,
13223,2.92674,
13224,3.33239,
13225,2.9857,
13226,3.00022,
13227,3.15369,
13228,3.17829,
13229,2.98916,
13230,3.42364,
13231,3.23663,
13232,3.4642,
13233,3.26064,
13234,3.33258,
13235,3.26293,
13236,3.18508,
13237,3.25711,
13238,3.15373,
13239,3.15163,
13240,3.16885,
13241,3.17228,
13242,3.12881,
13243,3.01705,
13244,3.13612,
13245,3.03965,
13246,3.05949,
13247,2.8402,
13248,2.94674,
13249,2.8675,
13250,3.01042,
13251,3.03647,
13252,2.84963,
13253,2.96776,
13254,2.9168,
13255,3.09282,
13256,2.99621,
13257,3.01806,
13258,3.20774,
13259,3.23828,
13260,3.2847,
13261,3.26841,
13262,3.20515,
13263,3.25459,
13264,3.20991,
13265,3.28181,
13266,3.24807,
13267,3.24778,
13268,3.32526,
13269,3.17683,
13270,3.12459,
13271,2.89966,
13272,3.16928,
13273,3.13135,
13274,3.25405,
13275,3.17361,
13276,3.0079,
13277,3.1059,
13278,3.01181,
13279,3.07293,
13280,3.17414,
13281,3.26,
13282,3.05907,
13283,3.00689,
13284,3.03046,
13285,3.28027,
13286,3.22908,
13287,3.29124,
13288,3.1142,
13289,3.32515,
13290,3.17163,
13291,3.26479,
13292,3.42401,
13293,3.15292,
13294,3.04754,
13295,2.99866,
13296,3.29204,
13297,3.2368,
13298,3.14728,
13299,3.17548,
13300,3.1118,
13301,3.3062,
13302,3.2648,
13303,3.41848,
13304,3.02549,
13305,3.0811,
13306,2.85563,
13307,3.02387,
13308,3.05696,
13309,3.03369,
13310,3.03297,
13311,3.22928,
13312,3.11412,
13313,3.04877,
13314,2.84829,
13315,2.99692,
13316,3.09918,
13317,3.0748,
13318,2.98875,
13319,3.45628,
13320,3.37548,
13321,3.34929,
13322,3.25433,
13323,3.15618,
13324,3.27274,
13325,3.06731,
13326,3.32061,
13327,3.39315,
13328,3.27525,
13329,3.30557,
13330,3.51895,
13331,3.6381,
13332,3.20899,
13333,3.2816,
13334,3.25638,
13335,3.3422,
13336,3.52324,
13337,3.26253,
13338,3.16395,
13339,3.1968,
13340,3.07117,
13341,3.13334,
13342,3.13499,
13343,3.17163,
13344,3.10358,
13345,3.01852,
13346,3.19163,
13347,3.61661,
13348,3.63909,
13349,3.57802,
13350,3.55526,
13351,3.54091,
13352,3.55807,
13353,3.46217,
13354,3.52301,
13355,3.46981,
13356,3.50516,
13357,3.50354,
13358,3.4898,
13359,3.468,
13360,3.35122,
13361,3.44561,
13362,3.51157,
13363,3.43178,
13364,3.36831,
13365,3.28908,
13366,3.2951,
13367,3.50242,
13368,3.344,
13369,3.27582,
13370,3.25124,
13371,3.22039,
13372,3.12135,
13373,3.33311,
13374,3.16436,
13375,3.22997,
13376,3.2046,
13377,2.99595,
13378,2.92256,
13379,3.19434,
13380,3.4018,
13381,3.23052,
13382,2.95515,
13383,3.17828,
13384,3.17141,
13385,3.08926,
13386,3.16535,
13387,3.29992,
13388,3.04397,
13389,3.21609,
13390,3.0824,
13391,3.08847,
13392,3.33726,
13393,3.21744,
13394,3.20044,
13395,3.22777,
13396,3.11676,
13397,3.04906,
13398,3.01353,
13399,3.0033,
13400,3.14744,
13401,3.10162,
13402,3.0297,
13403,3.21266,
13404,3.08604,
13405,3.05147,
13406,3.10205,
13407,2.96514,
13408,2.94029,
13409,3.14401,
13410,2.91846,
13411,2.91677,
13412,3.00446,
13413,3.07355,
13414,2.94613,
13415,2.89491,
13416,2.99963,
13417,2.99507,
13418,3.10446,
13419,3.11921,
13420,3.14752,
13421,3.17649,
13422,3.18744,
13423,3.01147,
13424,3.18944,
13425,2.90664,
13426,3.06801,
13427,3.08356,
13428,3.00228,
13429,3.37345,
13430,3.00016,
13431,2.97045,
13432,3.21185,
13433,3.06678,
13434,2.89545,
13435,3.02399,
13436,3.26057,
13437,2.7615,
13438,2.95679,
13439,3.11582,
13440,2.83982,
13441,3.02822,
13442,2.99975,
13443,2.92758,
13444,2.80126,
13445,3.32342,
13446,3.24266,
13447,3.23172,
13448,3.16004,
13449,3.31092,
13450,3.22048,
13451,3.31453,
13452,3.24139,
13453,3.13091,
13454,3.23529,
13455,3.15955,
13456,3.1622,
13457,3.12022,
13458,3.12314,
13459,3.19739,
13460,2.85498,
13461,3.03581,
13462,3.08271,
13463,3.17444,
13464,3.12341,
13465,2.7862,
13466,3.01748,
13467,3.04812,
13468,2.9763,
13469,2.73288,
13470,2.86009,
13471,2.94696,
13472,2.95851,
13473,2.97241,
13474,2.75421,
13475,2.77452,
13476,2.7905,
13477,2.95511,
13478,3.02121,
13479,3.65881,
13480,3.44651,
13481,3.29895,
13482,3.20124,
13483,3.37842,
13484,3.40938,
13485,3.15902,
13486,3.34296,
13487,3.18185,
13488,3.16907,
13489,3.08122,
13490,3.38581,
13491,3.19769,
13492,3.15273,
13493,3.2972,
13494,3.32368,
13495,3.20652,
13496,3.24831,
13497,3.13803,
13498,3.2482,
13499,3.24994,
13500,3.08248,
13501,3.06204,
13502,3.11199,
13503,3.21385,
13504,3.2808,
13505,3.26233,
13506,3.20076,
13507,3.2982,
13508,3.14774,
13509,3.17564,
13510,3.32717,
13511,3.24892,
13512,3.15588,
13513,3.20945,
13514,3.22435,
13515,3.03063,
13516,3.123,
13517,3.17212,
13518,3.29839,
13519,3.06258,
13520,3.09925,
13521,3.02202,
13522,3.20366,
13523,3.1942,
13524,3.1604,
13525,2.89501,
13526,3.1361,
13527,3.0258,
13528,2.9946,
13529,3.11468,
13530,3.19973,
13531,3.14996,
13532,3.09933,
13533,3.09281,
13534,3.146,
13535,3.07023,
13536,3.06691,
13537,2.96539,
13538,3.00172,
13539,2.95758,
13540,3.11003,
13541,2.89004,
13542,2.85446,
13543,2.91086,
13544,2.98093,
13545,3.00887,
13546,2.95622,
13547,2.75657,
13548,2.98632,
13549,2.84547,
13550,3.00596,
13551,2.86683,
13552,2.9259,
13553,3.10293,
13554,3.04238,
13555,3.08622,
13556,2.78936,
13557,2.94841,
13558,2.87719,
13559,2.98609,
13560,3.07918,
13561,2.7421,
13562,2.85417,
13563,2.76503,
13564,2.74832,
13565,2.98267,
13566,3.03259,
13567,2.98028,
13568,2.85836,
13569,3.09202,
13570,2.96104,
13571,3.22015,
13572,3.22831,
13573,3.24733,
13574,3.22034,
13575,3.19474,
13576,3.4878,
13577,3.1785,
13578,3.06296,
13579,3.26308,
13580,3.10377,
13581,3.22085,
13582,3.27023,
13583,3.19184,
13584,3.14247,
13585,3.16195,
13586,2.95028,
13587,3.13986,
13588,3.11058,
13589,3.00537,
13590,3.08805,
13591,3.06467,
13592,2.88822,
13593,3.06272,
13594,3.10573,
13595,2.94372,
13596,2.99821,
13597,3.11929,
13598,3.2664,
13599,3.05872,
13600,3.10965,
13601,3.00219,
13602,3.36425,
13603,3.37897,
13604,3.43161,
13605,3.43182,
13606,3.44272,
13607,3.37046,
13608,3.28932,
13609,3.43561,
13610,3.27752,
13611,3.3469,
13612,3.37318,
13613,3.36227,
13614,3.19338,
13615,3.39514,
13616,3.31434,
13617,3.36808,
13618,3.42013,
13619,3.27721,
13620,3.31778,
13621,3.27821,
13622,3.31741,
13623,3.36217,
13624,3.4074,
13625,2.92477,
13626,3.01161,
13627,2.91057,
13628,2.77311,
13629,2.80906,
13630,2.76059,
13631,3.03914,
13632,2.56939,
13633,2.84335,
13634,2.7883,
13635,2.87879,
13636,2.88638,
13637,2.69252,
13638,2.74827,
13639,2.98202,
13640,3.12435,
13641,3.04882,
13642,2.73189,
13643,2.79364,
13644,3.33795,
13645,3.39954,
13646,3.35598,
13647,3.39138,
13648,3.32235,
13649,3.3479,
13650,3.25866,
13651,3.07342,
13652,3.18067,
13653,3.27618,
13654,3.14322,
13655,3.22141,
13656,3.36097,
13657,3.34682,
13658,3.21599,
13659,3.09878,
13660,2.96478,
13661,3.11629,
13662,3.12426,
13663,3.12342,
13664,2.88069,
13665,2.89623,
13666,2.84049,
13667,3.04025,
13668,3.04605,
13669,2.98483,
13670,3.26688,
13671,3.18094,
13672,3.23826,
13673,3.18889,
13674,3.29547,
13675,3.24057,
13676,3.05118,
13677,3.12236,
13678,2.95181,
13679,2.94412,
13680,2.93387,
13681,3.13845,
13682,3.22686,
13683,3.09113,
13684,2.89082,
13685,2.86608,
13686,2.7884,
13687,2.65954,
13688,2.76582,
13689,2.72033,
13690,3.02778,
13691,2.7442,
13692,2.7689,
13693,2.81599,
13694,3.08253,
13695,2.95744,
13696,3.15836,
13697,2.81464,
13698,3.31163,
13699,3.01672,
13700,3.33429,
13701,3.59563,
13702,3.25488,
13703,3.38669,
13704,3.26815,
13705,3.20706,
13706,3.29048,
13707,3.27112,
13708,3.12797,
13709,3.00626,
13710,2.9782,
13711,3.10249,
13712,3.05277,
13713,3.10526,
13714,3.16272,
13715,2.96887,
13716,3.14373,
13717,2.90415,
13718,3.17974,
13719,3.09971,
13720,2.85188,
13721,2.8534,
13722,3.1199,
13723,2.81895,
13724,2.84365,
13725,2.81996,
13726,2.7202,
13727,2.71688,
13728,2.81041,
13729,3.41721,
13730,3.34211,
13731,3.50536,
13732,3.48299,
13733,3.45527,
13734,3.37076,
13735,3.12436,
13736,3.19615,
13737,3.15823,
13738,3.26715,
13739,3.53417,
13740,3.35744,
13741,3.25387,
13742,3.1567,
13743,3.06987,
13744,3.39391,
13745,3.34635,
13746,3.41763,
13747,3.19931,
13748,3.42419,
13749,3.04432,
13750,3.14928,
13751,3.18947,
13752,3.24043,
13753,3.0871,
13754,3.10702,
13755,3.04122,
13756,2.99941,
13757,3.20084,
13758,2.95401,
13759,2.95715,
13760,3.09639,
13761,3.17329,
13762,3.15111,
13763,3.01906,
13764,3.07986,
13765,2.9553,
13766,3.07264,
13767,2.92887,
13768,2.94692,
13769,3.07018,
13770,2.77897,
13771,2.8914,
13772,3.09873,
13773,3.01768,
13774,3.47369,
13775,3.47273,
13776,3.39513,
13777,3.51062,
13778,3.41284,
13779,3.38523,
13780,3.24828,
13781,3.26248,
13782,3.0498,
13783,3.10038,
13784,3.05521,
13785,3.08735,
13786,3.30295,
13787,3.26739,
13788,3.15888,
13789,3.36378,
13790,3.30384,
13791,2.95502,
13792,3.0271,
13793,3.07401,
13794,2.96293,
13795,3.09577,
13796,3.21422,
13797,3.18908,
13798,3.27688,
13799,3.3982,
13800,3.35288,
13801,2.84682,
13802,2.99194,
13803,3.20613,
13804,3.2394,
13805,3.3365,
13806,3.31332,
13807,3.36378,
13808,3.30333,
13809,3.37162,
13810,3.15771,
13811,3.14242,
13812,3.32256,
13813,3.00708,
13814,3.22917,
13815,3.23312,
13816,3.20526,
13817,3.17808,
13818,3.13522,
13819,3.38531,
13820,3.2337,
13821,3.38452,
13822,3.23784,
13823,3.33547,
13824,3.26979,
13825,3.34722,
13826,3.09586,
13827,3.19617,
13828,3.10322,
13829,2.97439,
13830,3.07183,
13831,2.9902,
13832,3.09786,
13833,3.09782,
13834,3.2124,
13835,2.85547,
13836,3.07011,
13837,3.29945,
13838,3.17085,
13839,3.14798,
13840,3.10682,
13841,3.26588,
13842,3.02584,
13843,3.20623,
13844,2.56014,
13845,3.38067,
13846,3.25112,
13847,3.45549,
13848,3.51583,
13849,3.73419,
13850,3.33276,
13851,3.39315,
13852,3.26414,
13853,3.40234,
13854,3.34629,
13855,3.36897,
13856,3.30073,
13857,3.11283,
13858,3.13774,
13859,3.2346,
13860,3.33629,
13861,3.09311,
13862,3.30173,
13863,3.36604,
13864,3.20292,
13865,3.17495,
13866,3.2271,
13867,3.23525,
13868,3.33074,
13869,3.28317,
13870,3.23572,
13871,3.23426,
13872,3.14094,
13873,3.32866,
13874,3.35914,
13875,3.0799,
13876,3.21291,
13877,3.06301,
13878,2.99471,
13879,2.96035,
13880,2.79856,
13881,3.16097,
13882,3.15627,
13883,2.96859,
13884,3.06828,
13885,3.2152,
13886,3.02891,
13887,2.9803,
13888,3.04146,
13889,2.92214,
13890,3.12726,
13891,2.94698,
13892,3.07415,
13893,3.19648,
13894,3.04132,
13895,3.2631,
13896,3.30755,
13897,3.22917,
13898,3.10713,
13899,3.12775,
13900,3.2833,
13901,3.19049,
13902,3.14542,
13903,3.18923,
13904,3.24649,
13905,3.0751,
13906,2.87232,
13907,3.07428,
13908,3.01912,
13909,3.09089,
13910,3.11754,
13911,2.79218,
13912,3.17474,
13913,3.21456,
13914,3.1183,
13915,3.06015,
13916,2.98305,
13917,3.21846,
13918,3.01414,
13919,2.74203,
13920,3.05791,
13921,3.04106,
13922,3.25262,
13923,3.04343,
13924,2.92352,
13925,3.06855,
13926,3.04138,
13927,2.96861,
13928,3.00077,
13929,3.10503,
13930,3.30062,
13931,3.22904,
13932,3.28567,
13933,3.06168,
13934,3.08935,
13935,3.0451,
13936,3.28729,
13937,3.25676,
13938,3.22211,
13939,3.22396,
13940,3.33312,
13941,3.0885,
13942,3.19203,
13943,3.1095,
13944,2.98493,
13945,3.25802,
13946,3.18625,
13947,3.31961,
13948,3.21554,
13949,2.86512,
13950,2.94716,
13951,3.11596,
13952,2.96804,
13953,3.03973,
13954,2.85725,
13955,2.98471,
13956,3.21344,
13957,3.40696,
13958,3.14289,
13959,3.29283,
13960,3.23793,
13961,3.25677,
13962,3.17604,
13963,3.26731,
13964,3.28337,
13965,3.28267,
13966,3.21146,
13967,3.22846,
13968,3.19806,
13969,3.10214,
13970,3.23245,
13971,2.86542,
13972,3.02011,
13973,3.18685,
13974,3.04902,
13975,3.11222,
13976,2.90497,
13977,3.02939,
13978,3.18022,
13979,2.92453,
13980,3.02487,
13981,2.95215,
13982,2.91287,
13983,3.04395,
13984,2.86307,
13985,2.90022,
13986,2.93006,
13987,3.06064,
13988,2.93261,
13989,3.09052,
13990,3.1409,
13991,3.09747,
13992,2.96873,
13993,3.01332,
13994,3.11378,
13995,3.10438,
13996,2.95473,
13997,3.26947,
13998,3.20862,
13999,3.17906,
14000,3.23629,
14001,3.12856,
14002,3.05786,
14003,3.18885,
14004,3.09288,
14005,3.1813,
14006,3.15839,
14007,3.27275,
14008,3.40052,
14009,3.27933,
14010,3.1625,
14011,3.1125,
14012,3.02709,
14013,3.06653,
14014,3.03334,
14015,3.0811,
14016,2.93577,
14017,3.11038,
14018,3.01471,
14019,3.16651,
14020,3.00505,
14021,3.10091,
14022,3.23525,
14023,3.24331,
14024,3.37226,
14025,3.07571,
14026,2.87651,
14027,3.13514,
14028,2.84487,
14029,3.12938,
14030,3.28281,
14031,3.38187,
14032,3.34797,
14033,3.32601,
14034,3.09608,
14035,3.3187,
14036,3.18901,
14037,3.16653,
14038,3.14887,
14039,3.39756,
14040,3.09703,
14041,3.30143,
14042,2.90434,
14043,3.28014,
14044,3.28128,
14045,3.42744,
14046,3.13406,
14047,3.18388,
14048,3.28,
14049,3.01599,
14050,3.23555,
14051,2.93325,
14052,3.06061,
14053,3.05689,
14054,3.30361,
14055,3.2802,
14056,2.85981,
14057,3.12119,
14058,3.07692,
14059,3.18393,
14060,3.17272,
14061,3.3483,
14062,3.21459,
14063,3.09166,
14064,3.223,
14065,3.21779,
14066,3.07046,
14067,2.99503,
14068,2.96652,
14069,3.35146,
14070,3.40325,
14071,3.33863,
14072,3.30628,
14073,3.20558,
14074,3.20762,
14075,3.07257,
14076,3.36416,
14077,3.19043,
14078,3.26736,
14079,3.22073,
14080,3.23983,
14081,3.12653,
14082,3.23659,
14083,3.18722,
14084,3.10177,
14085,3.24792,
14086,3.32579,
14087,3.04688,
14088,3.40685,
14089,3.22168,
14090,3.09321,
14091,2.98403,
14092,3.20952,
14093,3.19116,
14094,3.11738,
14095,3.09762,
14096,3.24496,
14097,3.03495,
14098,3.02907,
14099,3.12596,
14100,3.05959,
14101,3.15744,
14102,3.2363,
14103,3.26109,
14104,3.11051,
14105,3.08208,
14106,3.06361,
14107,3.24089,
14108,3.25173,
14109,2.83721,
14110,3.08564,
14111,3.09285,
14112,3.16252,
14113,3.22464,
14114,3.21835,
14115,2.95369,
14116,3.10965,
14117,3.18783,
14118,2.88325,
14119,2.94667,
14120,3.30035,
14121,3.12716,
14122,3.18859,
14123,2.95824,
14124,2.96003,
14125,3.13307,
14126,3.11299,
14127,2.97138,
14128,3.277,
14129,3.18487,
14130,2.91424,
14131,3.01515,
14132,2.95586,
14133,3.07174,
14134,2.90486,
14135,3.09991,
14136,3.21865,
14137,3.11868,
14138,3.29288,
14139,3.31809,
14140,3.1958,
14141,3.27999,
14142,3.10792,
14143,3.13558,
14144,3.25459,
14145,3.19557,
14146,3.3144,
14147,3.43466,
14148,3.50025,
14149,4.34436,
14150,3.2037,
14151,3.17934,
14152,3.24024,
14153,3.20469,
14154,3.08795,
14155,3.21419,
14156,3.17844,
14157,3.16773,
14158,3.09444,
14159,3.70311,
14160,3.15844,
14161,3.15448,
14162,2.80403,
14163,2.96008,
14164,3.24661,
14165,3.19517,
14166,3.30575,
14167,3.37933,
14168,3.16975,
14169,3.25801,
14170,3.24456,
14171,3.1522,
14172,3.43637,
14173,3.18245,
14174,3.20431,
14175,3.29353,
14176,3.3551,
14177,3.19714,
14178,3.13027,
14179,3.19116,
14180,3.16712,
14181,3.17482,
14182,3.03968,
14183,2.82529,
14184,3.25996,
14185,3.07683,
14186,2.93817,
14187,2.99375,
14188,3.04908,
14189,3.15869,
14190,3.12962,
14191,3.07424,
14192,3.14899,
14193,2.85599,
14194,3.04343,
14195,2.83128,
14196,3.15246,
14197,3.01748,
14198,3.05615,
14199,3.13724,
14200,3.06672,
14201,3.08188,
14202,3.05129,
14203,3.01049,
14204,2.90266,
14205,3.10394,
14206,3.07448,
14207,2.81402,
14208,2.89955,
14209,2.8715,
14210,3.05751,
14211,3.05735,
14212,3.03671,
14213,3.02963,
14214,3.05806,
14215,3.13594,
14216,2.86388,
14217,3.18702,
14218,3.03288,
14219,3.04375,
14220,3.03439,
14221,3.21421,
14222,3.36235,
14223,3.2812,
14224,3.06385,
14225,2.9936,
14226,3.34959,
14227,3.13924,
14228,3.17656,
14229,3.04406,
14230,2.94108,
14231,2.99527,
14232,3.16668,
14233,2.78649,
14234,2.79166,
14235,2.60612,
14236,2.86935,
14237,3.04285,
14238,3.14078,
14239,3.12068,
14240,3.15174,
14241,3.01928,
14242,2.8583,
14243,2.92732,
14244,3.05543,
14245,3.21966,
14246,3.03101,
14247,3.01661,
14248,2.66375,
14249,2.68969,
14250,3.16654,
14251,2.82938,
14252,3.05641,
14253,2.79665,
14254,2.94711,
14255,2.77829,
14256,2.83283,
14257,2.8422,
14258,2.89645,
14259,2.83738,
14260,2.77287,
14261,2.88292,
14262,3.09281,
14263,2.77199,
14264,3.04997,
14265,3.09317,
14266,3.36817,
14267,3.34242,
14268,3.33016,
14269,3.3562,
14270,3.29546,
14271,3.33761,
14272,3.13402,
14273,2.8983,
14274,3.16028,
14275,2.99694,
14276,3.05806,
14277,3.22303,
14278,3.12972,
14279,3.17002,
14280,3.07524,
14281,3.03775,
14282,2.97929,
14283,3.10041,
14284,3.18464,
14285,3.10025,
14286,3.1116,
14287,3.01938,
14288,2.90628,
14289,3.31912,
14290,2.97099,
14291,2.98634,
14292,3.11985,
14293,3.15306,
14294,2.97636,
14295,3.41027,
14296,3.22424,
14297,3.43608,
14298,3.23981,
14299,3.31344,
14300,3.24025,
14301,3.17954,
14302,3.23027,
14303,3.12416,
14304,3.12602,
14305,3.14722,
14306,3.16877,
14307,3.11208,
14308,2.99929,
14309,3.14508,
14310,3.02076,
14311,3.04989,
14312,2.83566,
14313,2.91876,
14314,2.80713,
14315,2.99473,
14316,3.02268,
14317,2.83628,
14318,2.95869,
14319,2.90073,
14320,3.07214,
14321,2.97603,
14322,2.99795,
14323,3.17362,
14324,3.21005,
14325,3.25638,
14326,3.24613,
14327,3.17762,
14328,3.23555,
14329,3.18394,
14330,3.2553,
14331,3.23668,
14332,3.22631,
14333,3.29494,
14334,3.14859,
14335,3.1014,
14336,2.88533,
14337,3.13829,
14338,3.1041,
14339,3.23205,
14340,3.14191,
14341,2.98433,
14342,3.08306,
14343,3.0034,
14344,3.04603,
14345,3.16602,
14346,3.24212,
14347,3.03834,
14348,2.98684,
14349,3.01845,
14350,3.25107,
14351,3.21806,
14352,3.27401,
14353,3.09681,
14354,3.30919,
14355,3.1515,
14356,3.24168,
14357,3.40718,
14358,3.13441,
14359,3.02569,
14360,2.99097,
14361,3.27179,
14362,3.21948,
14363,3.12478,
14364,3.16637,
14365,3.09875,
14366,3.30713,
14367,3.24301,
14368,3.4188,
14369,3.00547,
14370,3.06668,
14371,2.84705,
14372,3.01693,
14373,3.05785,
14374,3.01081,
14375,2.99821,
14376,3.22382,
14377,3.10118,
14378,3.04406,
14379,2.83417,
14380,2.98508,
14381,3.08912,
14382,3.06813,
14383,2.97573,
14384,3.4402,
14385,3.35556,
14386,3.33579,
14387,3.21697,
14388,3.12687,
14389,3.24585,
14390,3.04555,
14391,3.30148,
14392,3.3607,
14393,3.25767,
14394,3.28281,
14395,3.487,
14396,3.60979,
14397,3.17705,
14398,3.25262,
14399,3.25126,
14400,3.32181,
14401,3.5,
14402,3.24853,
14403,3.15128,
14404,3.17599,
14405,3.05374,
14406,3.11714,
14407,3.1099,
14408,3.15737,
14409,3.08763,
14410,2.99675,
14411,3.17666,
14412,3.59092,
14413,3.60966,
14414,3.54932,
14415,3.53765,
14416,3.52454,
14417,3.54609,
14418,3.45017,
14419,3.49579,
14420,3.45759,
14421,3.4864,
14422,3.49348,
14423,3.46995,
14424,3.45751,
14425,3.33257,
14426,3.42901,
14427,3.4898,
14428,3.4136,
14429,3.35327,
14430,3.27374,
14431,3.26064,
14432,3.48176,
14433,3.32218,
14434,3.25686,
14435,3.23647,
14436,3.21576,
14437,3.10943,
14438,3.31491,
14439,3.1343,
14440,3.21534,
14441,3.18576,
14442,2.98687,
14443,2.89799,
14444,3.19364,
14445,3.38322,
14446,3.21756,
14447,2.93712,
14448,3.15908,
14449,3.17279,
14450,3.06794,
14451,3.1406,
14452,3.26974,
14453,3.02718,
14454,3.18542,
14455,3.06779,
14456,3.05955,
14457,3.32207,
14458,3.19666,
14459,3.17361,
14460,3.21217,
14461,3.07547,
14462,3.02117,
14463,2.97544,
14464,2.9929,
14465,3.13123,
14466,3.08026,
14467,3.00236,
14468,3.18868,
14469,3.0651,
14470,3.03675,
14471,3.10016,
14472,2.9433,
14473,2.92607,
14474,3.1337,
14475,2.89961,
14476,2.908,
14477,2.98411,
14478,3.05956,
14479,2.93412,
14480,2.88336,
14481,2.99091,
14482,2.9675,
14483,3.06244,
14484,3.10283,
14485,3.12012,
14486,3.17947,
14487,3.16461,
14488,2.99656,
14489,3.17426,
14490,2.885,
14491,3.05645,
14492,3.07517,
14493,2.98933,
14494,3.3534,
14495,2.98308,
14496,2.9487,
14497,3.20552,
14498,3.04618,
14499,2.8672,
14500,3.009,
14501,3.25632,
14502,2.7443,
14503,2.93362,
14504,3.08782,
14505,2.82976,
14506,3.01609,
14507,2.98661,
14508,2.9242,
14509,2.79926,
14510,3.29533,
14511,3.22338,
14512,3.21978,
14513,3.13162,
14514,3.28786,
14515,3.19332,
14516,3.29396,
14517,3.20512,
14518,3.10357,
14519,3.21606,
14520,3.14185,
14521,3.14086,
14522,3.10684,
14523,3.11889,
14524,3.16956,
14525,2.84412,
14526,3.0384,
14527,3.07004,
14528,3.16403,
14529,3.10715,
14530,2.76265,
14531,3.01558,
14532,3.03415,
14533,2.96358,
14534,2.7034,
14535,2.85927,
14536,2.92617,
14537,2.9252,
14538,2.95443,
14539,2.73607,
14540,2.75787,
14541,2.77024,
14542,2.93388,
14543,3.00813,
14544,3.6211,
14545,3.43117,
14546,3.27779,
14547,3.18774,
14548,3.35418,
14549,3.38825,
14550,3.13106,
14551,3.32125,
14552,3.15808,
14553,3.15674,
14554,3.05965,
14555,3.36836,
14556,3.19296,
14557,3.12667,
14558,3.2789,
14559,3.29576,
14560,3.17982,
14561,3.222,
14562,3.10515,
14563,3.22442,
14564,3.22316,
14565,3.07619,
14566,3.03713,
14567,3.08421,
14568,3.20546,
14569,3.26314,
14570,3.24947,
14571,3.17757,
14572,3.26929,
14573,3.13222,
14574,3.15657,
14575,3.31052,
14576,3.23453,
14577,3.15704,
14578,3.18545,
14579,3.21177,
14580,3.01594,
14581,3.10055,
14582,3.16398,
14583,3.28352,
14584,3.05436,
14585,3.08554,
14586,2.99487,
14587,3.17894,
14588,3.17643,
14589,3.14729,
14590,2.87112,
14591,3.12241,
14592,3.01185,
14593,2.98329,
14594,3.09901,
14595,3.17756,
14596,3.13323,
14597,3.0802,
14598,3.07043,
14599,3.13331,
14600,3.04685,
14601,3.03098,
14602,2.93043,
14603,2.97646,
14604,2.93983,
14605,3.08905,
14606,2.87604,
14607,2.85579,
14608,2.89618,
14609,2.96774,
14610,2.98596,
14611,2.93475,
14612,2.7455,
14613,2.98833,
14614,2.83844,
14615,3.00195,
14616,2.84891,
14617,2.90785,
14618,3.09759,
14619,3.01562,
14620,3.06709,
14621,2.77796,
14622,2.92944,
14623,2.86535,
14624,2.96524,
14625,3.08236,
14626,2.73023,
14627,2.83891,
14628,2.74281,
14629,2.72176,
14630,2.97257,
14631,2.99766,
14632,2.96814,
14633,2.84841,
14634,3.07866,
14635,2.94221,
14636,3.18564,
14637,3.20989,
14638,3.22466,
14639,3.19288,
14640,3.18679,
14641,3.47439,
14642,3.15708,
14643,3.03325,
14644,3.25011,
14645,3.10383,
14646,3.20218,
14647,3.25224,
14648,3.1679,
14649,3.12211,
14650,3.14295,
14651,2.92515,
14652,3.13071,
14653,3.08872,
14654,2.98018,
14655,3.07685,
14656,3.05311,
14657,2.87176,
14658,3.05426,
14659,3.07628,
14660,2.92449,
14661,2.98321,
14662,3.09991,
14663,3.2465,
14664,3.04506,
14665,3.09032,
14666,2.99311,
14667,3.35009,
14668,3.36558,
14669,3.41033,
14670,3.40086,
14671,3.42192,
14672,3.35605,
14673,3.28242,
14674,3.41203,
14675,3.2658,
14676,3.33284,
14677,3.35593,
14678,3.36435,
14679,3.17758,
14680,3.3936,
14681,3.29919,
14682,3.35001,
14683,3.42496,
14684,3.27028,
14685,3.2995,
14686,3.26975,
14687,3.30858,
14688,3.32629,
14689,3.39892,
14690,2.90713,
14691,2.98373,
14692,2.89387,
14693,2.74154,
14694,2.79434,
14695,2.741,
14696,3.02769,
14697,2.55151,
14698,2.81767,
14699,2.77331,
14700,2.84716,
14701,2.86865,
14702,2.6779,
14703,2.72644,
14704,2.97171,
14705,3.11798,
14706,3.03412,
14707,2.72238,
14708,2.76532,
14709,3.31084,
14710,3.38337,
14711,3.33608,
14712,3.36348,
14713,3.28847,
14714,3.32337,
14715,3.24347,
14716,3.05481,
14717,3.14894,
14718,3.25475,
14719,3.11668,
14720,3.19198,
14721,3.35359,
14722,3.32664,
14723,3.19627,
14724,3.08333,
14725,2.94722,
14726,3.10061,
14727,3.07435,
14728,3.11122,
14729,2.86153,
14730,2.87872,
14731,2.8324,
14732,3.02368,
14733,3.03001,
14734,2.9676,
14735,3.23985,
14736,3.15814,
14737,3.21668,
14738,3.17734,
14739,3.28833,
14740,3.2006,
14741,3.03992,
14742,3.10922,
14743,2.93454,
14744,2.92522,
14745,2.91783,
14746,3.1292,
14747,3.21409,
14748,3.07935,
14749,2.87289,
14750,2.83424,
14751,2.77421,
14752,2.63781,
14753,2.74397,
14754,2.70792,
14755,3.00947,
14756,2.72437,
14757,2.75442,
14758,2.8034,
14759,3.05115,
14760,2.93356,
14761,3.14403,
14762,2.80545,
14763,3.29149,
14764,2.99754,
14765,3.33297,
14766,3.56611,
14767,3.23599,
14768,3.3758,
14769,3.23988,
14770,3.18952,
14771,3.26295,
14772,3.24512,
14773,3.10627,
14774,2.97423,
14775,2.95319,
14776,3.08282,
14777,3.04203,
14778,3.08668,
14779,3.14983,
14780,2.96855,
14781,3.11994,
14782,2.89179,
14783,3.152,
14784,3.08473,
14785,2.84246,
14786,2.83457,
14787,3.10308,
14788,2.80501,
14789,2.83333,
14790,2.79732,
14791,2.69757,
14792,2.70906,
14793,2.79993,
14794,3.38549,
14795,3.31734,
14796,3.48334,
14797,3.44083,
14798,3.43406,
14799,3.33661,
14800,3.10884,
14801,3.15982,
14802,3.13546,
14803,3.25885,
14804,3.50864,
14805,3.33679,
14806,3.22749,
14807,3.11712,
14808,3.04756,
14809,3.36113,
14810,3.32253,
14811,3.39519,
14812,3.18272,
14813,3.41598,
14814,3.02884,
14815,3.13271,
14816,3.16994,
14817,3.22225,
14818,3.07294,
14819,3.09498,
14820,3.01163,
14821,2.97382,
14822,3.18918,
14823,2.93733,
14824,2.94818,
14825,3.09055,
14826,3.14877,
14827,3.14025,
14828,3.0114,
14829,3.07897,
14830,2.93473,
14831,3.05945,
14832,2.91013,
14833,2.92372,
14834,3.04691,
14835,2.75083,
14836,2.88219,
14837,3.08774,
14838,3.00027,
14839,3.44127,
14840,3.45116,
14841,3.3777,
14842,3.49341,
14843,3.38255,
14844,3.37411,
14845,3.22461,
14846,3.25943,
14847,3.02647,
14848,3.0851,
14849,3.04251,
14850,3.06639,
14851,3.30564,
14852,3.26487,
14853,3.14208,
14854,3.34582,
14855,3.28978,
14856,2.9431,
14857,3.01178,
14858,3.0589,
14859,2.9341,
14860,3.07927,
14861,3.20401,
14862,3.16782,
14863,3.26265,
14864,3.38578,
14865,3.34436,
14866,2.83157,
14867,2.97118,
14868,3.18175,
14869,3.22389,
14870,3.3101,
14871,3.28292,
14872,3.33099,
14873,3.28326,
14874,3.37332,
14875,3.13797,
14876,3.11085,
14877,3.31026,
14878,2.98891,
14879,3.21682,
14880,3.22385,
14881,3.17572,
14882,3.16611,
14883,3.12959,
14884,3.37427,
14885,3.21246,
14886,3.36478,
14887,3.21976,
14888,3.32388,
14889,3.24999,
14890,3.31653,
14891,3.07599,
14892,3.16745,
14893,3.08983,
14894,2.96014,
14895,3.06078,
14896,2.9869,
14897,3.07675,
14898,3.09275,
14899,3.196,
14900,2.84289,
14901,3.06164,
14902,3.27216,
14903,3.16359,
14904,3.1166,
14905,3.07936,
14906,3.25251,
14907,3.01468,
14908,3.18411,
14909,2.52118,
14910,3.34501,
14911,3.2188,
14912,3.41442,
14913,3.48321,
14914,3.71265,
14915,3.31689,
14916,3.38844,
14917,3.24533,
14918,3.38194,
14919,3.33892,
14920,3.34196,
14921,3.28505,
14922,3.09586,
14923,3.11294,
14924,3.22111,
14925,3.30878,
14926,3.08842,
14927,3.29814,
14928,3.34746,
14929,3.18929,
14930,3.16509,
14931,3.206,
14932,3.21858,
14933,3.30664,
14934,3.26143,
14935,3.23844,
14936,3.22151,
14937,3.11458,
14938,3.31393,
14939,3.35189,
14940,3.0625,
14941,3.18724,
14942,3.05658,
14943,2.99111,
14944,2.95205,
14945,2.78917,
14946,3.14237,
14947,3.10996,
14948,2.96994,
14949,3.05976,
14950,3.19377,
14951,3.00949,
14952,2.97397,
14953,3.02259,
14954,2.90954,
14955,3.10877,
14956,2.94063,
14957,3.05476,
14958,3.1848,
14959,3.02911,
14960,3.2412,
14961,3.2713,
14962,3.18507,
14963,3.08329,
14964,3.10411,
14965,3.26502,
14966,3.15642,
14967,3.12298,
14968,3.16602,
14969,3.22737,
14970,3.05838,
14971,2.84837,
14972,3.05656,
14973,2.99495,
14974,3.07246,
14975,3.09896,
14976,2.77258,
14977,3.15132,
14978,3.19932,
14979,3.10495,
14980,3.0502,
14981,2.9653,
14982,3.20362,
14983,3.00498,
14984,2.72429,
14985,3.04715,
14986,3.03085,
14987,3.24645,
14988,3.02698,
14989,2.91958,
14990,3.05498,
14991,3.03027,
14992,2.96211,
14993,2.97767,
14994,3.09423,
14995,3.28361,
14996,3.20562,
14997,3.25808,
14998,3.03811,
14999,3.07057,
15000,3.02833,
15001,3.26492,
15002,3.24819,
15003,3.1913,
15004,3.20904,
15005,3.31588,
15006,3.07667,
15007,3.166,
15008,3.08103,
15009,2.9623,
15010,3.23073,
15011,3.16308,
15012,3.30915,
15013,3.20362,
15014,2.85643,
15015,2.9298,
15016,3.08929,
15017,2.94233,
15018,3.01719,
15019,2.85042,
15020,2.97257,
15021,3.20051,
15022,3.36722,
15023,3.13192,
15024,3.26628,
15025,3.21163,
15026,3.23688,
15027,3.17152,
15028,3.25544,
15029,3.26879,
15030,3.26351,
15031,3.2034,
15032,3.20619,
15033,3.17733,
15034,3.08119,
15035,3.22808,
15036,2.85981,
15037,2.9962,
15038,3.17368,
15039,3.03919,
15040,3.1,
15041,2.88687,
15042,3.00423,
15043,3.17618,
15044,2.90898,
15045,3.00401,
15046,2.94344,
15047,2.88697,
15048,3.02403,
15049,2.85092,
15050,2.87799,
15051,2.91399,
15052,3.03519,
15053,2.91332,
15054,3.07382,
15055,3.12769,
15056,3.07899,
15057,2.94145,
15058,2.99652,
15059,3.10192,
15060,3.0806,
15061,2.93675,
15062,3.26775,
15063,3.19057,
15064,3.15502,
15065,3.21966,
15066,3.11374,
15067,3.04198,
15068,3.18061,
15069,3.07045,
15070,3.14783,
15071,3.11896,
15072,3.26643,
15073,3.38438,
15074,3.25402,
15075,3.14597,
15076,3.09311,
15077,3.02294,
15078,3.05804,
15079,3.0218,
15080,3.06484,
15081,2.91472,
15082,3.09339,
15083,3.00485,
15084,3.14693,
15085,2.98812,
15086,3.09071,
15087,3.22404,
15088,3.22791,
15089,3.35118,
15090,3.04964,
15091,2.86764,
15092,3.11718,
15093,2.83363,
15094,3.11559,
15095,3.25483,
15096,3.36678,
15097,3.33687,
15098,3.31885,
15099,3.07727,
15100,3.30089,
15101,3.18139,
15102,3.15078,
15103,3.13348,
15104,3.36988,
15105,3.07501,
15106,3.28245,
15107,2.89284,
15108,3.2615,
15109,3.25287,
15110,3.40338,
15111,3.13044,
15112,3.1732,
15113,3.26511,
15114,3.00024,
15115,3.22785,
15116,2.90111,
15117,3.04366,
15118,3.05295,
15119,3.28918,
15120,3.25997,
15121,2.84898,
15122,3.11519,
15123,3.07024,
15124,3.16722,
15125,3.15589,
15126,3.32841,
15127,3.19153,
15128,3.06929,
15129,3.19009,
15130,3.2096,
15131,3.04818,
15132,2.97715,
15133,2.95817,
15134,3.32619,
15135,3.3741,
15136,3.31401,
15137,3.28804,
15138,3.18188,
15139,3.18977,
15140,3.05407,
15141,3.32774,
15142,3.16941,
15143,3.2381,
15144,3.20276,
15145,3.22696,
15146,3.12195,
15147,3.21861,
15148,3.17656,
15149,3.06963,
15150,3.2111,
15151,3.30761,
15152,3.02106,
15153,3.38173,
15154,3.20364,
15155,3.07542,
15156,2.96954,
15157,3.19748,
15158,3.18045,
15159,3.09189,
15160,3.07358,
15161,3.23947,
15162,3.01825,
15163,3.0144,
15164,3.1117,
15165,3.04357,
15166,3.13598,
15167,3.22301,
15168,3.2459,
15169,3.08383,
15170,3.05384,
15171,3.03577,
15172,3.2191,
15173,3.23172,
15174,2.82649,
15175,3.06372,
15176,3.07676,
15177,3.14947,
15178,3.20709,
15179,3.20689,
15180,2.94264,
15181,3.09357,
15182,3.17112,
15183,2.86805,
15184,2.9325,
15185,3.28453,
15186,3.10088,
15187,3.16899,
15188,2.94002,
15189,2.94766,
15190,3.12832,
15191,3.08852,
15192,2.94827,
15193,3.25448,
15194,3.17453,
15195,2.89903,
15196,3.00194,
15197,2.93198,
15198,3.03216,
15199,2.89912,
15200,3.09843,
15201,3.19877,
15202,3.11547,
15203,3.2797,
15204,3.30954,
15205,3.17983,
15206,3.26721,
15207,3.08845,
15208,3.11889,
15209,3.24358,
15210,3.18829,
15211,3.28669,
15212,3.42125,
15213,3.48675,
15214,4.32689,
15215,3.19032,
15216,3.16168,
15217,3.2222,
15218,3.19646,
15219,3.07045,
15220,3.19875,
15221,3.16215,
15222,3.14395,
15223,3.07763,
15224,3.68022,
15225,3.15928,
15226,3.14303,
15227,2.78833,
15228,2.94846,
15229,3.232,
15230,3.17621,
15231,3.29329,
15232,3.35409,
15233,3.14737,
15234,3.24381,
15235,3.23603,
15236,3.13981,
15237,3.41078,
15238,3.16478,
15239,3.18143,
15240,3.28188,
15241,3.33005,
15242,3.17498,
15243,3.1139,
15244,3.16122,
15245,3.13374,
15246,3.1547,
15247,3.02199,
15248,2.81144,
15249,3.23169,
15250,3.06438,
15251,2.9214,
15252,2.97233,
15253,3.03017,
15254,3.14915,
15255,3.125,
15256,3.06953,
15257,3.12891,
15258,2.8444,
15259,3.02641,
15260,2.82112,
15261,3.14587,
15262,3.00417,
15263,3.05645,
15264,3.10227,
15265,3.04545,
15266,3.05736,
15267,3.04746,
15268,2.98055,
15269,2.87862,
15270,3.08443,
15271,3.05252,
15272,2.79135,
15273,2.88135,
15274,2.85195,
15275,3.03583,
15276,3.04687,
15277,3.00612,
15278,3.00453,
15279,3.0433,
15280,3.10223,
15281,2.85798,
15282,3.16282,
15283,3.01144,
15284,3.04403,
15285,3.02674,
15286,3.19761,
15287,3.34794,
15288,3.2606,
15289,3.04457,
15290,2.97353,
15291,3.33365,
15292,3.11473,
15293,3.16551,
15294,3.04655,
15295,2.93904,
15296,2.97988,
15297,3.15024,
15298,2.76812,
15299,2.78752,
15300,2.58985,
15301,2.87113,
15302,3.01541,
15303,3.11985,
15304,3.10329,
15305,3.14151,
15306,3.0143,
15307,2.86191,
15308,2.92009,
15309,3.0442,
15310,3.21582,
15311,3.00578,
15312,3.00719,
15313,2.64055,
15314,2.67392,
15315,3.15588,
15316,2.81755,
15317,3.03821,
15318,2.77287,
15319,2.93668,
15320,2.76635,
15321,2.82149,
15322,2.82089,
15323,2.87272,
15324,2.82361,
15325,2.76571,
15326,2.85004,
15327,3.08432,
15328,2.76322,
15329,3.04834,
15330,3.0857,
15331,3.34185,
15332,3.33548,
15333,3.30701,
15334,3.35329,
15335,3.28029,
15336,3.32296,
15337,3.12785,
15338,2.88378,
15339,3.1493,
15340,2.98512,
15341,3.03464,
15342,3.21626,
15343,3.10605,
15344,3.16279,
15345,3.0657,
15346,3.03024,
15347,2.97174,
15348,3.07853,
15349,3.15876,
15350,3.09106,
15351,3.0872,
15352,3.01031,
15353,2.88873,
15354,3.29872,
15355,2.98116,
15356,2.97114,
15357,3.10624,
15358,3.13988,
15359,2.96878,
15360,3.39807,
15361,3.2187,
15362,3.41232,
15363,3.22191,
15364,3.29281,
15365,3.23357,
15366,3.15379,
15367,3.21121,
15368,3.10946,
15369,3.11258,
15370,3.1313,
15371,3.14759,
15372,3.10144,
15373,2.97908,
15374,3.09816,
15375,3.01161,
15376,3.03011,
15377,2.80584,
15378,2.88952,
15379,2.79153,
15380,2.97635,
15381,3.01205,
15382,2.82139,
15383,2.94225,
15384,2.89723,
15385,3.06046,
15386,2.97456,
15387,3.00114,
15388,3.13928,
15389,3.18248,
15390,3.23231,
15391,3.22133,
15392,3.14916,
15393,3.22448,
15394,3.16322,
15395,3.2446,
15396,3.21822,
15397,3.21269,
15398,3.26998,
15399,3.13426,
15400,3.08642,
15401,2.87162,
15402,3.12151,
15403,3.08079,
15404,3.21401,
15405,3.12617,
15406,2.97956,
15407,3.06449,
15408,2.99138,
15409,3.02955,
15410,3.1567,
15411,3.22126,
15412,3.0202,
15413,2.9686,
15414,3.00697,
15415,3.2314,
15416,3.1979,
15417,3.25978,
15418,3.07941,
15419,3.29058,
15420,3.15157,
15421,3.23907,
15422,3.38478,
15423,3.12724,
15424,3.01074,
15425,2.97672,
15426,3.25802,
15427,3.21381,
15428,3.12343,
15429,3.15289,
15430,3.09745,
15431,3.28598,
15432,3.22365,
15433,3.40918,
15434,2.9965,
15435,3.06533,
15436,2.83009,
15437,3.0032,
15438,3.03077,
15439,3.00233,
15440,2.98401,
15441,3.21375,
15442,3.08616,
15443,3.02179,
15444,2.83272,
15445,2.97332,
15446,3.07514,
15447,3.04576,
15448,2.96782,
15449,3.4187,
15450,3.33609,
15451,3.30335,
15452,3.19073,
15453,3.09819,
15454,3.22997,
15455,3.01202,
15456,3.28509,
15457,3.33495,
15458,3.24879,
15459,3.27102,
15460,3.47431,
15461,3.5829,
15462,3.16331,
15463,3.24131,
15464,3.23291,
15465,3.31645,
15466,3.48935,
15467,3.23297,
15468,3.15573,
15469,3.15316,
15470,3.05105,
15471,3.11578,
15472,3.10346,
15473,3.1443,
15474,3.07789,
15475,2.96684,
15476,3.16611,
15477,3.56762,
15478,3.58249,
15479,3.54165,
15480,3.52813,
15481,3.50665,
15482,3.52012,
15483,3.42879,
15484,3.48569,
15485,3.43738,
15486,3.46828,
15487,3.475,
15488,3.47516,
15489,3.44854,
15490,3.31463,
15491,3.41727,
15492,3.47442,
15493,3.39736,
15494,3.3415,
15495,3.26615,
15496,3.23304,
15497,3.46936,
15498,3.2991,
15499,3.23511,
15500,3.21963,
15501,3.19108,
15502,3.08734,
15503,3.29938,
15504,3.12414,
15505,3.19111,
15506,3.18645,
15507,2.96312,
15508,2.88485,
15509,3.16669,
15510,3.37911,
15511,3.20555,
15512,2.94827,
15513,3.15266,
15514,3.15546,
15515,3.05886,
15516,3.12567,
15517,3.25327,
15518,3.00487,
15519,3.16736,
15520,3.04625,
15521,3.04123,
15522,3.30166,
15523,3.17125,
15524,3.16497,
15525,3.18021,
15526,3.07351,
15527,3.00994,
15528,2.96929,
15529,2.97301,
15530,3.12333,
15531,3.04913,
15532,2.98513,
15533,3.17039,
15534,3.05332,
15535,3.02681,
15536,3.07036,
15537,2.93221,
15538,2.9182,
15539,3.14053,
15540,2.88169,
15541,2.90337,
15542,2.96761,
15543,3.04507,
15544,2.92302,
15545,2.88064,
15546,2.97487,
15547,2.95331,
15548,3.03848,
15549,3.07158,
15550,3.10676,
15551,3.14596,
15552,3.14545,
15553,2.97678,
15554,3.15749,
15555,2.89358,
15556,3.03087,
15557,3.05965,
15558,2.97719,
15559,3.33503,
15560,2.96899,
15561,2.9281,
15562,3.17894,
15563,3.03172,
15564,2.85075,
15565,3.01322,
15566,3.23413,
15567,2.72329,
15568,2.90707,
15569,3.07217,
15570,2.81217,
15571,3.00617,
15572,2.97071,
15573,2.90623,
15574,2.79267,
15575,3.26165,
15576,3.20071,
15577,3.18138,
15578,3.10631,
15579,3.27327,
15580,3.17862,
15581,3.2669,
15582,3.17562,
15583,3.07027,
15584,3.19663,
15585,3.11453,
15586,3.12664,
15587,3.08577,
15588,3.10195,
15589,3.14985,
15590,2.81614,
15591,3.02509,
15592,3.06439,
15593,3.15251,
15594,3.10175,
15595,2.75023,
15596,2.99804,
15597,3.02733,
15598,2.94745,
15599,2.70429,
15600,2.84266,
15601,2.91184,
15602,2.91563,
15603,2.9403,
15604,2.69846,
15605,2.75006,
15606,2.75008,
15607,2.91532,
15608,2.98502,
15609,3.59639,
15610,3.40222,
15611,3.24534,
15612,3.17501,
15613,3.33478,
15614,3.37309,
15615,3.11626,
15616,3.31461,
15617,3.14642,
15618,3.13501,
15619,3.04344,
15620,3.34836,
15621,3.17593,
15622,3.10973,
15623,3.25206,
15624,3.26573,
15625,3.16194,
15626,3.20095,
15627,3.0797,
15628,3.22508,
15629,3.21035,
15630,3.05503,
15631,3.00946,
15632,3.0775,
15633,3.1689,
15634,3.24501,
15635,3.23792,
15636,3.16986,
15637,3.25055,
15638,3.12313,
15639,3.14364,
15640,3.2997,
15641,3.21782,
15642,3.12887,
15643,3.18524,
15644,3.1898,
15645,3.00677,
15646,3.09892,
15647,3.14851,
15648,3.27858,
15649,3.03026,
15650,3.06525,
15651,2.99024,
15652,3.16475,
15653,3.16348,
15654,3.13415,
15655,2.87237,
15656,3.10972,
15657,3.00584,
15658,2.97183,
15659,3.08784,
15660,3.17939,
15661,3.10853,
15662,3.05379,
15663,3.06156,
15664,3.12149,
15665,3.03667,
15666,3.01315,
15667,2.92697,
15668,2.96866,
15669,2.93043,
15670,3.06713,
15671,2.84931,
15672,2.82495,
15673,2.87536,
15674,2.9547,
15675,2.98039,
15676,2.91141,
15677,2.73249,
15678,2.95636,
15679,2.83394,
15680,2.98629,
15681,2.83202,
15682,2.90193,
15683,3.07672,
15684,3.00538,
15685,3.06182,
15686,2.75196,
15687,2.91563,
15688,2.85263,
15689,2.94108,
15690,3.07037,
15691,2.72578,
15692,2.83422,
15693,2.73508,
15694,2.70955,
15695,2.95099,
15696,2.98977,
15697,2.94883,
15698,2.83222,
15699,3.05099,
15700,2.92886,
15701,3.15941,
15702,3.19633,
15703,3.20742,
15704,3.17774,
15705,3.16462,
15706,3.46171,
15707,3.15143,
15708,3.02702,
15709,3.237,
15710,3.07802,
15711,3.18108,
15712,3.24273,
15713,3.15656,
15714,3.11512,
15715,3.13641,
15716,2.91919,
15717,3.11631,
15718,3.0668,
15719,2.97069,
15720,3.05939,
15721,3.0482,
15722,2.86101,
15723,3.03168,
15724,3.06257,
15725,2.92871,
15726,2.96599,
15727,3.07888,
15728,3.23341,
15729,3.02764,
15730,3.07546,
15731,2.98708,
15732,3.33674,
15733,3.35193,
15734,3.39451,
15735,3.38896,
15736,3.3971,
15737,3.34977,
15738,3.27263,
15739,3.39824,
15740,3.24524,
15741,3.33416,
15742,3.34642,
15743,3.34705,
15744,3.17375,
15745,3.37404,
15746,3.29488,
15747,3.34102,
15748,3.39708,
15749,3.25904,
15750,3.28023,
15751,3.24953,
15752,3.29257,
15753,3.30861,
15754,3.37726,
15755,2.88651,
15756,2.96411,
15757,2.87533,
15758,2.73191,
15759,2.76975,
15760,2.73387,
15761,3.01901,
15762,2.54708,
15763,2.80273,
15764,2.78249,
15765,2.83278,
15766,2.86376,
15767,2.6651,
15768,2.71273,
15769,2.94538,
15770,3.08266,
15771,3.01953,
15772,2.70544,
15773,2.75109,
15774,3.29691,
15775,3.36136,
15776,3.30632,
15777,3.33926,
15778,3.27935,
15779,3.31231,
15780,3.20953,
15781,3.02422,
15782,3.12968,
15783,3.23082,
15784,3.10782,
15785,3.18106,
15786,3.31706,
15787,3.31476,
15788,3.17985,
15789,3.06672,
15790,2.93055,
15791,3.08429,
15792,3.06617,
15793,3.08798,
15794,2.85958,
15795,2.86157,
15796,2.81416,
15797,3.01761,
15798,3.01837,
15799,2.9599,
15800,3.20459,
15801,3.13836,
15802,3.20604,
15803,3.14797,
15804,3.25369,
15805,3.17156,
15806,3.01567,
15807,3.09426,
15808,2.90906,
15809,2.91174,
15810,2.89466,
15811,3.10399,
15812,3.19841,
15813,3.06571,
15814,2.86121,
15815,2.81286,
15816,2.76014,
15817,2.62549,
15818,2.71941,
15819,2.69752,
15820,3.00371,
15821,2.70984,
15822,2.74066,
15823,2.79962,
15824,3.03993,
15825,2.90897,
15826,3.13207,
15827,2.78561,
15828,3.26615,
15829,2.97914,
15830,3.30467,
15831,3.54486,
15832,3.2274,
15833,3.35517,
15834,3.23575,
15835,3.15674,
15836,3.24346,
15837,3.21779,
15838,3.08796,
15839,2.96262,
15840,2.94134,
15841,3.05948,
15842,3.02747,
15843,3.07045,
15844,3.12883,
15845,2.94878,
15846,3.11267,
15847,2.8714,
15848,3.13584,
15849,3.06831,
15850,2.82004,
15851,2.81774,
15852,3.08784,
15853,2.79476,
15854,2.82136,
15855,2.78875,
15856,2.70586,
15857,2.70075,
15858,2.78891,
15859,3.36995,
15860,3.3019,
15861,3.4745,
15862,3.42015,
15863,3.41539,
15864,3.31127,
15865,3.10307,
15866,3.14091,
15867,3.13323,
15868,3.23239,
15869,3.4901,
15870,3.31218,
15871,3.22109,
15872,3.09942,
15873,3.03811,
15874,3.35171,
15875,3.30992,
15876,3.38874,
15877,3.1776,
15878,3.39327,
15879,3.02319,
15880,3.11786,
15881,3.15153,
15882,3.1932,
15883,3.04743,
15884,3.07471,
15885,2.99719,
15886,2.94445,
15887,3.18451,
15888,2.93771,
15889,2.92062,
15890,3.07629,
15891,3.14705,
15892,3.12942,
15893,2.98796,
15894,3.05578,
15895,2.92578,
15896,3.03891,
15897,2.90513,
15898,2.91551,
15899,3.03135,
15900,2.73503,
15901,2.87264,
15902,3.07024,
15903,2.99152,
15904,3.43283,
15905,3.44288,
15906,3.35578,
15907,3.47806,
15908,3.36663,
15909,3.34966,
15910,3.20758,
15911,3.22918,
15912,3.02433,
15913,3.07179,
15914,3.03891,
15915,3.04858,
15916,3.28116,
15917,3.25923,
15918,3.12146,
15919,3.33381,
15920,3.27094,
15921,2.93709,
15922,3.00242,
15923,3.0366,
15924,2.92411,
15925,3.07054,
15926,3.18677,
15927,3.1558,
15928,3.24386,
15929,3.37353,
15930,3.32396,
15931,2.81046,
15932,2.96457,
15933,3.17108,
15934,3.21081,
15935,3.28153,
15936,3.26029,
15937,3.31568,
15938,3.27063,
15939,3.34773,
15940,3.1341,
15941,3.10253,
15942,3.28487,
15943,2.96448,
15944,3.2,
15945,3.20411,
15946,3.1679,
15947,3.14939,
15948,3.10854,
15949,3.36121,
15950,3.20067,
15951,3.34923,
15952,3.19818,
15953,3.30264,
15954,3.22964,
15955,3.29176,
15956,3.06969,
15957,3.15365,
15958,3.06698,
15959,2.94679,
15960,3.04498,
15961,2.97314,
15962,3.07209,
15963,3.06221,
15964,3.1918,
15965,2.83827,
15966,3.04993,
15967,3.25792,
15968,3.13855,
15969,3.08547,
15970,3.06174,
15971,3.22777,
15972,2.9911,
15973,3.16953,
15974,2.48707,
15975,3.31791,
15976,3.19879,
15977,3.39168,
15978,3.46148,
15979,3.69756,
15980,3.28838,
15981,3.38847,
15982,3.22894,
15983,3.35841,
15984,3.30965,
15985,3.32636,
15986,3.27591,
15987,3.09513,
15988,3.11332,
15989,3.21585,
15990,3.30255,
15991,3.08203,
15992,3.273,
15993,3.32902,
15994,3.17584,
15995,3.14699,
15996,3.19575,
15997,3.19294,
15998,3.28268,
15999,3.25273,
16000,3.2096,
16001,3.20452,
16002,3.10961,
16003,3.31758,
16004,3.34781,
16005,3.04758,
16006,3.17014,
16007,3.02935,
16008,2.9725,
16009,2.93916,
16010,2.77096,
16011,3.13461,
16012,3.09267,
16013,2.94624,
16014,3.03616,
16015,3.17342,
16016,3.00107,
16017,2.95604,
16018,2.9932,
16019,2.90921,
16020,3.09404,
16021,2.9254,
16022,3.05378,
16023,3.16471,
16024,3.01671,
16025,3.21449,
16026,3.25471,
16027,3.15919,
16028,3.06737,
16029,3.07565,
16030,3.24795,
16031,3.1388,
16032,3.11184,
16033,3.15086,
16034,3.20846,
16035,3.03877,
16036,2.8317,
16037,3.02771,
16038,2.9741,
16039,3.05834,
16040,3.08518,
16041,2.75793,
16042,3.13374,
16043,3.18693,
16044,3.08889,
16045,3.03376,
16046,2.96684,
16047,3.1967,
16048,2.98438,
16049,2.71614,
16050,3.0343,
16051,3.00054,
16052,3.23678,
16053,3.00012,
16054,2.89535,
16055,3.0428,
16056,3.0264,
16057,2.94306,
16058,2.96822,
16059,3.06669,
16060,3.26879,
16061,3.19336,
16062,3.22668,
16063,3.01447,
16064,3.05327,
16065,3.00284,
16066,3.24744,
16067,3.22003,
16068,3.17546,
16069,3.18496,
16070,3.31097,
16071,3.0521,
16072,3.16137,
16073,3.07947,
16074,2.95444,
16075,3.2155,
16076,3.13959,
16077,3.2903,
16078,3.17484,
16079,2.83195,
16080,2.91655,
16081,3.06775,
16082,2.92222,
16083,3.0031,
16084,2.82265,
16085,2.9482,
16086,3.18092,
16087,3.34447,
16088,3.10286,
16089,3.25918,
16090,3.18347,
16091,3.21937,
16092,3.14407,
16093,3.24515,
16094,3.24739,
16095,3.24569,
16096,3.16751,
16097,3.18497,
16098,3.1606,
16099,3.07094,
16100,3.22009,
16101,2.83969,
16102,2.98333,
16103,3.1598,
16104,3.0316,
16105,3.0843,
16106,2.87428,
16107,2.99837,
16108,3.15301,
16109,2.89414,
16110,2.98343,
16111,2.92813,
16112,2.8752,
16113,3.00213,
16114,2.82757,
16115,2.86578,
16116,2.92863,
16117,3.02413,
16118,2.90092,
16119,3.06245,
16120,3.10367,
16121,3.06611,
16122,2.92677,
16123,2.99376,
16124,3.07271,
16125,3.05744,
16126,2.92779,
16127,3.23157,
16128,3.16392,
16129,3.13616,
16130,3.20209,
16131,3.10306,
16132,3.0178,
16133,3.15963,
16134,3.05353,
16135,3.13663,
16136,3.1036,
16137,3.24906,
16138,3.36852,
16139,3.24152,
16140,3.12808,
16141,3.08085,
16142,3.00375,
16143,3.04279,
16144,2.99821,
16145,3.04116,
16146,2.90231,
16147,3.07628,
16148,2.98655,
16149,3.13935,
16150,2.9628,
16151,3.07624,
16152,3.20604,
16153,3.20537,
16154,3.33378,
16155,3.02297,
16156,2.86067,
16157,3.11176,
16158,2.81707,
16159,3.11021,
16160,3.23794,
16161,3.34968,
16162,3.32343,
16163,3.30644,
16164,3.06277,
16165,3.29047,
16166,3.1702,
16167,3.14075,
16168,3.11532,
16169,3.34105,
16170,3.05149,
16171,3.26883,
16172,2.87513,
16173,3.25275,
16174,3.24946,
16175,3.39413,
16176,3.11747,
16177,3.16471,
16178,3.25395,
16179,3.00124,
16180,3.2114,
16181,2.89273,
16182,3.02643,
16183,3.04362,
16184,3.28227,
16185,3.26268,
16186,2.84099,
16187,3.09488,
16188,3.05085,
16189,3.15791,
16190,3.13543,
16191,3.31087,
16192,3.16359,
16193,3.04695,
16194,3.16683,
16195,3.18334,
16196,3.03232,
16197,2.96675,
16198,2.94189,
16199,3.30617,
16200,3.35948,
16201,3.30319,
16202,3.2872,
16203,3.16424,
16204,3.17072,
16205,3.01892,
16206,3.30113,
16207,3.14731,
16208,3.22435,
16209,3.18395,
16210,3.19667,
16211,3.1091,
16212,3.20765,
16213,3.15657,
16214,3.05479,
16215,3.18254,
16216,3.28099,
16217,3.00322,
16218,3.36406,
16219,3.18592,
16220,3.0624,
16221,2.95418,
16222,3.19336,
16223,3.16775,
16224,3.08381,
16225,3.05835,
16226,3.22194,
16227,3.0076,
16228,3.00015,
16229,3.09493,
16230,3.0296,
16231,3.10922,
16232,3.21298,
16233,3.22497,
16234,3.06526,
16235,3.04872,
16236,3.0136,
16237,3.20057,
16238,3.20286,
16239,2.80848,
16240,3.05848,
16241,3.06318,
16242,3.13227,
16243,3.19128,
16244,3.19612,
16245,2.92403,
16246,3.08092,
16247,3.15018,
16248,2.85137,
16249,2.92716,
16250,3.27683,
16251,3.08565,
16252,3.1626,
16253,2.92514,
16254,2.92341,
16255,3.10808,
16256,3.06624,
16257,2.93852,
16258,3.23994,
16259,3.15688,
16260,2.88657,
16261,2.98836,
16262,2.91655,
16263,3.02762,
16264,2.90241,
16265,3.05531,
16266,3.18326,
16267,3.09841,
16268,3.26993,
16269,3.28845,
16270,3.15557,
16271,3.24786,
16272,3.06645,
16273,3.12877,
16274,3.22336,
16275,3.179,
16276,3.28298,
16277,3.41382,
16278,3.4717,
16279,4.31826,
16280,3.17887,
16281,3.15077,
16282,3.20553,
16283,3.17023,
16284,3.05609,
16285,3.18741,
16286,3.14313,
16287,3.13518,
16288,3.07222,
16289,3.65664,
16290,3.14041,
16291,3.12361,
16292,2.77622,
16293,2.93649,
16294,3.22488,
16295,3.16909,
16296,3.28852,
16297,3.3454,
16298,3.13484,
16299,3.22632,
16300,3.21528,
16301,3.12423,
16302,3.38978,
16303,3.14064,
16304,3.17196,
16305,3.26604,
16306,3.31293,
16307,3.15092,
16308,3.09253,
16309,3.14204,
16310,3.1111,
16311,3.13462,
16312,3.00183,
16313,2.78536,
16314,3.21292,
16315,3.05347,
16316,2.89893,
16317,2.95535,
16318,3.02168,
16319,3.13304,
16320,3.1046,
16321,3.0483,
16322,3.1154,
16323,2.83356,
16324,3.02954,
16325,2.80662,
16326,3.12379,
16327,2.99336,
16328,3.03578,
16329,3.08053,
16330,3.03506,
16331,3.04467,
16332,3.01597,
16333,2.9667,
16334,2.86943,
16335,3.06766,
16336,3.03897,
16337,2.76728,
16338,2.86777,
16339,2.83579,
16340,3.02141,
16341,3.02832,
16342,2.98654,
16343,3.00126,
16344,3.02321,
16345,3.09969,
16346,2.83649,
16347,3.15317,
16348,3.00496,
16349,3.04718,
16350,2.99608,
16351,3.17694,
16352,3.33711,
16353,3.25268,
16354,3.02474,
16355,2.95881,
16356,3.32938,
16357,3.10957,
16358,3.1494,
16359,3.02483,
16360,2.92388,
16361,2.96895,
16362,3.1364,
16363,2.74511,
16364,2.7828,
16365,2.59033,
16366,2.84652,
16367,3.00467,
16368,3.11153,
16369,3.09835,
16370,3.13323,
16371,2.99525,
16372,2.84206,
16373,2.91627,
16374,3.02632,
16375,3.20202,
16376,2.99169,
16377,2.98728,
16378,2.61037,
16379,2.6643,
16380,3.14577,
16381,2.80552,
16382,3.01929,
16383,2.76702,
16384,2.93177,
16385,2.75126,
16386,2.81684,
16387,2.80103,
16388,2.85773,
16389,2.81633,
16390,2.75387,
16391,2.84057,
16392,3.06902,
16393,2.76239,
16394,3.03101,
16395,3.07478,
16396,3.32174,
16397,3.31312,
16398,3.29424,
16399,3.33053,
16400,3.27189,
16401,3.3088,
16402,3.10667,
16403,2.87301,
16404,3.13624,
16405,2.97998,
16406,3.02015,
16407,3.19746,
16408,3.09279,
16409,3.15406,
16410,3.05803,
16411,3.017,
16412,2.95113,
16413,3.07227,
16414,3.14595,
16415,3.07286,
16416,3.05994,
16417,3.00674,
16418,2.89517,
16419,3.28245,
16420,2.95057,
16421,2.9507,
16422,3.08107,
16423,3.12237,
16424,2.94841,
16425,3.38214,
16426,3.20018,
16427,3.39761,
16428,3.18983,
16429,3.29128,
16430,3.2087,
16431,3.14338,
16432,3.20023,
16433,3.09535,
16434,3.10413,
16435,3.12191,
16436,3.1369,
16437,3.0887,
16438,2.97732,
16439,3.08591,
16440,2.99329,
16441,3.01695,
16442,2.77691,
16443,2.8807,
16444,2.76707,
16445,2.95921,
16446,3.01947,
16447,2.80282,
16448,2.9223,
16449,2.86272,
16450,3.04958,
16451,2.93707,
16452,2.97601,
16453,3.10786,
16454,3.16277,
16455,3.20347,
16456,3.20634,
16457,3.13703,
16458,3.2052,
16459,3.14493,
16460,3.23782,
16461,3.21345,
16462,3.19876,
16463,3.25265,
16464,3.10364,
16465,3.06799,
16466,2.8573,
16467,3.10717,
16468,3.06492,
16469,3.18517,
16470,3.1017,
16471,2.96356,
16472,3.05428,
16473,2.9651,
16474,3.02215,
16475,3.13395,
16476,3.20748,
16477,3.00645,
16478,2.95504,
16479,2.99698,
16480,3.22789,
16481,3.18448,
16482,3.24877,
16483,3.05958,
16484,3.29628,
16485,3.12334,
16486,3.20986,
16487,3.36521,
16488,3.1176,
16489,2.99822,
16490,2.95509,
16491,3.23552,
16492,3.20086,
16493,3.13012,
16494,3.13365,
16495,3.08726,
16496,3.27752,
16497,3.21698,
16498,3.38688,
16499,2.97834,
16500,3.05408,
16501,2.83332,
16502,3.00177,
16503,3.02245,
16504,2.97974,
16505,2.97692,
16506,3.20403,
16507,3.07215,
16508,3.00784,
16509,2.82341,
16510,2.96711,
16511,3.07241,
16512,3.03057,
16513,2.95048,
16514,3.39291,
16515,3.31947,
16516,3.29092,
16517,3.17539,
16518,3.07882,
16519,3.20474,
16520,2.99674,
16521,3.26978,
16522,3.33272,
16523,3.24145,
16524,3.25248,
16525,3.45952,
16526,3.5729,
16527,3.14258,
16528,3.22414,
16529,3.2245,
16530,3.29714,
16531,3.47091,
16532,3.22312,
16533,3.12818,
16534,3.13951,
16535,3.03397,
16536,3.09736,
16537,3.08594,
16538,3.13074,
16539,3.05123,
16540,2.95771,
16541,3.15718,
16542,3.55791,
16543,3.57432,
16544,3.52471,
16545,3.50284,
16546,3.49502,
16547,3.52134,
16548,3.41776,
16549,3.47359,
16550,3.41995,
16551,3.44897,
16552,3.45991,
16553,3.46091,
16554,3.4268,
16555,3.30819,
16556,3.40748,
16557,3.46743,
16558,3.38284,
16559,3.32838,
16560,3.25454,
16561,3.21234,
16562,3.44118,
16563,3.27344,
16564,3.20662,
16565,3.20172,
16566,3.17673,
16567,3.05773,
16568,3.27591,
16569,3.10655,
16570,3.17632,
16571,3.16528,
16572,2.94686,
16573,2.87289,
16574,3.15451,
16575,3.37597,
16576,3.18967,
16577,2.91205,
16578,3.12946,
16579,3.13946,
16580,3.04607,
16581,3.11605,
16582,3.22983,
16583,3.00836,
16584,3.14334,
16585,3.03957,
16586,3.02863,
16587,3.28422,
16588,3.14594,
16589,3.16432,
16590,3.16816,
16591,3.05321,
16592,2.98566,
16593,2.94695,
16594,2.97312,
16595,3.112,
16596,3.04144,
16597,2.96881,
16598,3.1526,
16599,3.03576,
16600,3.02107,
16601,3.06228,
16602,2.92075,
16603,2.89678,
16604,3.11221,
16605,2.85513,
16606,2.88584,
16607,2.95412,
16608,3.0352,
16609,2.91219,
16610,2.86479,
16611,2.97133,
16612,2.93812,
16613,3.01605,
16614,3.06973,
16615,3.08481,
16616,3.13409,
16617,3.12339,
16618,2.97366,
16619,3.14635,
16620,2.86505,
16621,3.0256,
16622,3.03869,
16623,2.97177,
16624,3.32015,
16625,2.96108,
16626,2.91098,
16627,3.15724,
16628,3.01135,
16629,2.82659,
16630,2.98982,
16631,3.21321,
16632,2.70653,
16633,2.88167,
16634,3.06954,
16635,2.8067,
16636,3.00656,
16637,2.96299,
16638,2.88254,
16639,2.76994,
16640,3.2408,
16641,3.16165,
16642,3.16891,
16643,3.07816,
16644,3.26472,
16645,3.16358,
16646,3.25402,
16647,3.16112,
16648,3.04834,
16649,3.17791,
16650,3.10337,
16651,3.11733,
16652,3.07859,
16653,3.08599,
16654,3.13001,
16655,2.8031,
16656,3.00292,
16657,3.06905,
16658,3.14387,
16659,3.09596,
16660,2.74373,
16661,2.97533,
16662,3.02201,
16663,2.94173,
16664,2.67633,
16665,2.82879,
16666,2.8983,
16667,2.89622,
16668,2.92816,
16669,2.68566,
16670,2.73751,
16671,2.73574,
16672,2.91258,
16673,2.98175,
16674,3.57715,
16675,3.40178,
16676,3.23227,
16677,3.15876,
16678,3.31945,
16679,3.34833,
16680,3.11066,
16681,3.28378,
16682,3.12532,
16683,3.11854,
16684,3.02431,
16685,3.33588,
16686,3.15237,
16687,3.09672,
16688,3.25124,
16689,3.24531,
16690,3.14391,
16691,3.18679,
16692,3.0646,
16693,3.20324,
16694,3.18891,
16695,3.04135,
16696,3.0055,
16697,3.06876,
16698,3.16851,
16699,3.23621,
16700,3.22521,
16701,3.14734,
16702,3.24709,
16703,3.10869,
16704,3.1291,
16705,3.29292,
16706,3.2133,
16707,3.11071,
16708,3.15866,
16709,3.17301,
16710,3.00276,
16711,3.07953,
16712,3.13355,
16713,3.26247,
16714,3.01207,
16715,3.05977,
16716,2.96773,
16717,3.15325,
16718,3.1554,
16719,3.12704,
16720,2.84692,
16721,3.1053,
16722,2.99151,
16723,2.94537,
16724,3.06883,
16725,3.15456,
16726,3.09439,
16727,3.0289,
16728,3.01972,
16729,3.10199,
16730,3.0262,
16731,2.99503,
16732,2.88656,
16733,2.9527,
16734,2.925,
16735,3.05919,
16736,2.82001,
16737,2.80608,
16738,2.87838,
16739,2.93349,
16740,2.95874,
16741,2.91094,
16742,2.71534,
16743,2.94971,
16744,2.8105,
16745,2.95528,
16746,2.81858,
16747,2.89129,
16748,3.05622,
16749,2.99258,
16750,3.04139,
16751,2.7391,
16752,2.89826,
16753,2.84602,
16754,2.92837,
16755,3.05953,
16756,2.71197,
16757,2.8204,
16758,2.71619,
16759,2.69682,
16760,2.94242,
16761,2.96118,
16762,2.93967,
16763,2.82482,
16764,3.04009,
16765,2.91492,
16766,3.11709,
16767,3.1664,
16768,3.17825,
16769,3.15982,
16770,3.14265,
16771,3.44587,
16772,3.13644,
16773,2.99911,
16774,3.22565,
16775,3.07685,
16776,3.17544,
16777,3.23173,
16778,3.1537,
16779,3.09582,
16780,3.10913,
16781,2.9052,
16782,3.11917,
16783,3.06036,
16784,2.95866,
16785,3.05747,
16786,3.03874,
16787,2.84534,
16788,3.02275,
16789,3.05738,
16790,2.89281,
16791,2.95831,
16792,3.06763,
16793,3.21767,
16794,3.01242,
16795,3.05911,
16796,2.98228,
16797,3.33175,
16798,3.34133,
16799,3.38408,
16800,3.37353,
16801,3.38784,
16802,3.32866,
16803,3.26905,
16804,3.38552,
16805,3.23043,
16806,3.32368,
16807,3.33672,
16808,3.33244,
16809,3.15669,
16810,3.36276,
16811,3.27825,
16812,3.32339,
16813,3.3895,
16814,3.25033,
16815,3.26597,
16816,3.2384,
16817,3.28088,
16818,3.28301,
16819,3.36179,
16820,2.86086,
16821,2.95209,
16822,2.8648,
16823,2.7072,
16824,2.7582,
16825,2.71606,
16826,2.99717,
16827,2.53021,
16828,2.79305,
16829,2.75365,
16830,2.82167,
16831,2.84964,
16832,2.65558,
16833,2.71431,
16834,2.9254,
16835,3.06494,
16836,3.01678,
16837,2.68815,
16838,2.73227,
16839,3.27191,
16840,3.3572,
16841,3.30615,
16842,3.32585,
16843,3.26958,
16844,3.28953,
16845,3.18904,
16846,3.00674,
16847,3.10664,
16848,3.22453,
16849,3.0982,
16850,3.15598,
16851,3.31058,
16852,3.29528,
16853,3.17759,
16854,3.06106,
16855,2.90653,
16856,3.08012,
16857,3.04246,
16858,3.07179,
16859,2.83895,
16860,2.85482,
16861,2.80958,
16862,3.00518,
16863,3.01029,
16864,2.94665,
16865,3.19039,
16866,3.10762,
16867,3.17818,
16868,3.12693,
16869,3.24369,
16870,3.15348,
16871,2.98756,
16872,3.08591,
16873,2.88781,
16874,2.90423,
16875,2.88134,
16876,3.09292,
16877,3.17404,
16878,3.04538,
16879,2.84517,
16880,2.81966,
16881,2.73363,
16882,2.6224,
16883,2.71107,
16884,2.6969,
16885,2.98256,
16886,2.69824,
16887,2.7401,
16888,2.78968,
16889,3.03629,
16890,2.89963,
16891,3.13365,
16892,2.76981,
16893,3.25546,
16894,2.97285,
16895,3.30611,
16896,3.52224,
16897,3.2124,
16898,3.34089,
16899,3.20338,
16900,3.1309,
16901,3.22981,
16902,3.21602,
16903,3.07144,
16904,2.94245,
16905,2.91769,
16906,3.05674,
16907,3.01257,
16908,3.05132,
16909,3.11929,
16910,2.94394,
16911,3.10254,
16912,2.8788,
16913,3.11697,
16914,3.05739,
16915,2.81378,
16916,2.81752,
16917,3.08243,
16918,2.77726,
16919,2.81405,
16920,2.77503,
16921,2.68199,
16922,2.68726,
16923,2.7726,
16924,3.34573,
16925,3.28128,
16926,3.44903,
16927,3.41198,
16928,3.39904,
16929,3.29835,
16930,3.06598,
16931,3.12429,
16932,3.10893,
16933,3.20444,
16934,3.48725,
16935,3.29523,
16936,3.20557,
16937,3.09239,
16938,3.01736,
16939,3.32715,
16940,3.29031,
16941,3.37145,
16942,3.15749,
16943,3.38243,
16944,3.02679,
16945,3.10154,
16946,3.13967,
16947,3.17812,
16948,3.03247,
16949,3.05989,
16950,2.98615,
16951,2.93043,
16952,3.15967,
16953,2.90053,
16954,2.91139,
16955,3.04617,
16956,3.11699,
16957,3.11803,
16958,2.98626,
16959,3.03584,
16960,2.9236,
16961,3.0216,
16962,2.89419,
16963,2.89396,
16964,3.03018,
16965,2.72667,
16966,2.85353,
16967,3.06443,
16968,2.96964,
16969,3.41316,
16970,3.42422,
16971,3.34984,
16972,3.47083,
16973,3.34319,
16974,3.33243,
16975,3.18952,
16976,3.22587,
16977,3.01257,
16978,3.04924,
16979,3.02737,
16980,3.03105,
16981,3.27259,
16982,3.22951,
16983,3.11545,
16984,3.31681,
16985,3.25575,
16986,2.9294,
16987,2.99756,
16988,3.03814,
16989,2.89706,
16990,3.04412,
16991,3.18174,
16992,3.14132,
16993,3.22779,
16994,3.3791,
16995,3.33401,
16996,2.79735,
16997,2.95134,
16998,3.16293,
16999,3.21281,
17000,3.26927,
17001,3.23908,
17002,3.29014,
17003,3.25724,
17004,3.34263,
17005,3.10902,
17006,3.074,
17007,3.27649,
17008,2.94933,
17009,3.1771,
17010,3.18925,
17011,3.14609,
17012,3.1271,
17013,3.09859,
17014,3.34358,
17015,3.19081,
17016,3.32861,
17017,3.1723,
17018,3.29267,
17019,3.21721,
17020,3.28885,
17021,3.05239,
17022,3.1531,
17023,3.06576,
17024,2.93843,
17025,3.03611,
17026,2.9572,
17027,3.07157,
17028,3.05229,
17029,3.1588,
17030,2.83039,
17031,3.02764,
17032,3.2423,
17033,3.12391,
17034,3.05554,
17035,3.03157,
17036,3.21707,
17037,2.98557,
17038,3.1549,
17039,2.45937,
17040,3.30711,
17041,3.19256,
17042,3.3663,
17043,3.45335,
17044,3.67986,
17045,3.28041,
17046,3.35741,
17047,3.2125,
17048,3.35113,
17049,3.2949,
17050,3.32427,
17051,3.25034,
17052,3.07862,
17053,3.09743,
17054,3.19317,
17055,3.29765,
17056,3.05883,
17057,3.261,
17058,3.32262,
17059,3.18241,
17060,3.13417,
17061,3.17278,
17062,3.16589,
17063,3.26982,
17064,3.22658,
17065,3.21158,
17066,3.19541,
17067,3.08428,
17068,3.28944,
17069,3.33108,
17070,3.03481,
17071,3.16186,
17072,3.02276,
17073,2.95057,
17074,2.92025,
17075,2.77314,
17076,3.1117,
17077,3.05544,
17078,2.93603,
17079,3.02761,
17080,3.1593,
17081,2.99136,
17082,2.94012,
17083,2.97233,
17084,2.88796,
17085,3.08751,
17086,2.928,
17087,3.0368,
17088,3.15277,
17089,3.00381,
17090,3.18872,
17091,3.20683,
17092,3.14821,
17093,3.04512,
17094,3.05818,
17095,3.24478,
17096,3.12733,
17097,3.10375,
17098,3.13519,
17099,3.18347,
17100,3.02917,
17101,2.83213,
17102,3.02168,
17103,2.95304,
17104,3.04261,
17105,3.06525,
17106,2.75018,
17107,3.11447,
17108,3.16738,
17109,3.08503,
17110,3.02212,
17111,2.94476,
17112,3.18691,
17113,2.97439,
17114,2.70473,
17115,3.01948,
17116,2.98859,
17117,3.23174,
17118,2.99959,
17119,2.88306,
17120,3.02588,
17121,3.01032,
17122,2.92758,
17123,2.96251,
17124,3.0445,
17125,3.24532,
17126,3.17348,
17127,3.20238,
17128,2.99301,
17129,3.03838,
17130,2.9943,
17131,3.22819,
17132,3.22215,
17133,3.16188,
17134,3.17707,
17135,3.29382,
17136,3.03622,
17137,3.14024,
17138,3.07969,
17139,2.94809,
17140,3.20054,
17141,3.13105,
17142,3.27749,
17143,3.15296,
17144,2.83676,
17145,2.8975,
17146,3.05391,
17147,2.90495,
17148,2.98638,
17149,2.8173,
17150,2.93398,
17151,3.16535,
17152,3.32201,
17153,3.08958,
17154,3.24895,
17155,3.16953,
17156,3.19237,
17157,3.12882,
17158,3.24679,
17159,3.23047,
17160,3.2162,
17161,3.15535,
17162,3.16366,
17163,3.16392,
17164,3.05965,
17165,3.19064,
17166,2.81442,
17167,2.9598,
17168,3.15471,
17169,3.0308,
17170,3.06431,
17171,2.85471,
17172,2.98926,
17173,3.13655,
17174,2.87972,
17175,2.98065,
17176,2.92213,
17177,2.86271,
17178,2.99252,
17179,2.81448,
17180,2.85486,
17181,2.9032,
17182,3.02815,
17183,2.89111,
17184,3.04741,
17185,3.09666,
17186,3.0529,
17187,2.90907,
17188,2.96962,
17189,3.05809,
17190,3.03656,
17191,2.91168,
17192,3.21432,
17193,3.14051,
17194,3.12626,
17195,3.1952,
17196,3.08485,
17197,3.00601,
17198,3.13644,
17199,3.04283,
17200,3.11624,
17201,3.10532,
17202,3.24438,
17203,3.36676,
17204,3.23559,
17205,3.11419,
17206,3.08149,
17207,2.97926,
17208,3.01931,
17209,2.99201,
17210,3.02462,
17211,2.89832,
17212,3.07153,
17213,2.97402,
17214,3.11713,
17215,2.95932,
17216,3.06112,
17217,3.20087,
17218,3.19412,
17219,3.33721,
17220,3.00927,
17221,2.83859,
17222,3.08972,
17223,2.82018,
17224,3.10513,
17225,3.22216,
17226,3.33644,
17227,3.31208,
17228,3.29154,
17229,3.04858,
17230,3.27861,
17231,3.15326,
17232,3.12427,
17233,3.10159,
17234,3.3273,
17235,3.03434,
17236,3.25404,
17237,2.87316,
17238,3.23163,
17239,3.22868,
17240,3.38756,
17241,3.09203,
17242,3.15783,
17243,3.24717,
17244,2.98995,
17245,3.20149,
17246,2.87249,
17247,3.02215,
17248,3.03327,
17249,3.26954,
17250,3.25255,
17251,2.81922,
17252,3.08763,
17253,3.04183,
17254,3.15106,
17255,3.13015,
17256,3.29739,
17257,3.14546,
17258,3.02396,
17259,3.15778,
17260,3.17791,
17261,3.01431,
17262,2.95092,
17263,2.9366,
17264,3.2914,
17265,3.3503,
17266,3.28859,
17267,3.25443,
17268,3.14708,
17269,3.1431,
17270,3.00963,
17271,3.28748,
17272,3.1318,
17273,3.21356,
17274,3.16643,
17275,3.18798,
17276,3.1023,
17277,3.20755,
17278,3.13804,
17279,3.07268,
17280,3.17032,
17281,3.26433,
17282,2.98159,
17283,3.36754,
17284,3.18448,
17285,3.04395,
17286,2.95092,
17287,3.17054,
17288,3.16052,
17289,3.05619,
17290,3.04729,
17291,3.19868,
17292,2.98938,
17293,2.9957,
17294,3.0833,
17295,3.00658,
17296,3.08993,
17297,3.19559,
17298,3.2104,
17299,3.05803,
17300,3.02286,
17301,3.00126,
17302,3.18191,
17303,3.18978,
17304,2.79698,
17305,3.04802,
17306,3.05551,
17307,3.1243,
17308,3.17785,
17309,3.17995,
17310,2.92729,
17311,3.05715,
17312,3.13659,
17313,2.84637,
17314,2.92248,
17315,3.26805,
17316,3.06764,
17317,3.1363,
17318,2.91249,
17319,2.90119,
17320,3.1065,
17321,3.05847,
17322,2.91844,
17323,3.2284,
17324,3.1428,
17325,2.85929,
17326,2.98405,
17327,2.90448,
17328,3.01458,
17329,2.87817,
17330,3.03123,
17331,3.17842,
17332,3.08337,
17333,3.24911,
17334,3.29846,
17335,3.14017,
17336,3.23668,
17337,3.05122,
17338,3.1,
17339,3.22439,
17340,3.16079,
17341,3.26751,
17342,3.38881,
17343,3.46067,
17344,4.29852,
17345,3.1594,
17346,3.14473,
17347,3.20279,
17348,3.16889,
17349,3.04178,
17350,3.17838,
17351,3.12186,
17352,3.13494,
17353,3.05095,
17354,3.64617,
17355,3.13055,
17356,3.11432,
17357,2.77334,
17358,2.92253,
17359,3.20592,
17360,3.14816,
17361,3.2657,
17362,3.33079,
17363,3.12561,
17364,3.21438,
17365,3.19974,
17366,3.10665,
17367,3.36792,
17368,3.12483,
17369,3.14553,
17370,3.25276,
17371,3.30915,
17372,3.13387,
17373,3.07813,
17374,3.12495,
17375,3.08862,
17376,3.12095,
17377,2.99528,
17378,2.77255,
17379,3.2071,
17380,3.04421,
17381,2.90277,
17382,2.94763,
17383,3.01836,
17384,3.12377,
17385,3.10334,
17386,3.05026,
17387,3.10125,
17388,2.82598,
17389,3.00278,
17390,2.80768,
17391,3.11913,
17392,2.98419,
17393,3.02316,
17394,3.06136,
17395,3.02946,
17396,3.03909,
17397,3.00932,
17398,2.95652,
17399,2.86134,
17400,3.05307,
17401,3.03311,
17402,2.7466,
17403,2.84072,
17404,2.84139,
17405,3.01694,
17406,3.03014,
17407,2.98099,
17408,2.97938,
17409,3.01211,
17410,3.08516,
17411,2.83506,
17412,3.13763,
17413,3.00518,
17414,3.01783,
17415,3.00014,
17416,3.15629,
17417,3.31597,
17418,3.2333,
17419,3.0112,
17420,2.94971,
17421,3.33444,
17422,3.09937,
17423,3.14238,
17424,3.01607,
17425,2.90788,
17426,2.97266,
17427,3.12899,
17428,2.73142,
17429,2.76008,
17430,2.56594,
17431,2.84525,
17432,2.9983,
17433,3.11024,
17434,3.09042,
17435,3.12288,
17436,2.99164,
17437,2.8324,
17438,2.89786,
17439,3.03763,
17440,3.18309,
17441,2.97497,
17442,2.96816,
17443,2.58926,
17444,2.64836,
17445,3.13262,
17446,2.79168,
17447,3.01345,
17448,2.75568,
17449,2.91222,
17450,2.7502,
17451,2.79537,
17452,2.7859,
17453,2.85093,
17454,2.81795,
17455,2.74934,
17456,2.83487,
17457,3.05723,
17458,2.7483,
17459,3.0128,
17460,3.05645,
17461,3.31855,
17462,3.30226,
17463,3.27431,
17464,3.32981,
17465,3.25914,
17466,3.2911,
17467,3.0942,
17468,2.86316,
17469,3.142,
17470,2.96374,
17471,3.01249,
17472,3.18982,
17473,3.0806,
17474,3.12967,
17475,3.04558,
17476,3.0124,
17477,2.93607,
17478,3.05634,
17479,3.13125,
17480,3.06857,
17481,3.04539,
17482,2.99753,
17483,2.87376,
17484,3.2657,
17485,2.94748,
17486,2.94299,
17487,3.0754,
17488,3.10834,
17489,2.94342,
17490,3.37592,
17491,3.18874,
17492,3.37955,
17493,3.17011,
17494,3.27292,
17495,3.19722,
17496,3.11423,
17497,3.18333,
17498,3.09706,
17499,3.09421,
17500,3.118,
17501,3.12557,
17502,3.07285,
17503,2.9591,
17504,3.07728,
17505,2.98742,
17506,2.99385,
17507,2.76958,
17508,2.85404,
17509,2.75433,
17510,2.94517,
17511,3.00081,
17512,2.81969,
17513,2.90718,
17514,2.85119,
17515,3.03517,
17516,2.93125,
17517,2.97817,
17518,3.07338,
17519,3.12316,
17520,3.20322,
17521,3.18586,
17522,3.12319,
17523,3.20721,
17524,3.1225,
17525,3.2291,
17526,3.18691,
17527,3.19225,
17528,3.23568,
17529,3.09643,
17530,3.05823,
17531,2.83718,
17532,3.0996,
17533,3.04395,
17534,3.17321,
17535,3.09003,
17536,2.94394,
17537,3.03731,
17538,2.95927,
17539,3.0012,
17540,3.12201,
17541,3.20081,
17542,2.989,
17543,2.94212,
17544,2.98254,
17545,3.21144,
17546,3.18184,
17547,3.23837,
17548,3.05834,
17549,3.27293,
17550,3.11236,
17551,3.21268,
17552,3.35035,
17553,3.09844,
17554,2.99295,
17555,2.94428,
17556,3.23989,
17557,3.19628,
17558,3.09516,
17559,3.11341,
17560,3.07853,
17561,3.27055,
17562,3.19866,
17563,3.38324,
17564,2.96428,
17565,3.04242,
17566,2.82604,
17567,2.97924,
17568,3.00923,
17569,2.98561,
17570,2.96678,
17571,3.19034,
17572,3.07332,
17573,2.99715,
17574,2.80775,
17575,2.96153,
17576,3.06179,
17577,3.03402,
17578,2.95615,
17579,3.37334,
17580,3.30203,
17581,3.27422,
17582,3.16193,
17583,3.05667,
17584,3.19165,
17585,2.98324,
17586,3.25479,
17587,3.31651,
17588,3.21927,
17589,3.23135,
17590,3.42772,
17591,3.55662,
17592,3.12469,
17593,3.2058,
17594,3.21097,
17595,3.29017,
17596,3.47031,
17597,3.21002,
17598,3.1197,
17599,3.14238,
17600,3.01968,
17601,3.08581,
17602,3.07917,
17603,3.11999,
17604,3.03984,
17605,2.93715,
17606,3.13814,
17607,3.56095,
17608,3.55307,
17609,3.50537,
17610,3.49001,
17611,3.47764,
17612,3.50604,
17613,3.41223,
17614,3.46489,
17615,3.40985,
17616,3.43554,
17617,3.45276,
17618,3.43861,
17619,3.42456,
17620,3.2974,
17621,3.3958,
17622,3.46101,
17623,3.37489,
17624,3.31406,
17625,3.2442,
17626,3.19208,
17627,3.41112,
17628,3.24775,
17629,3.18274,
17630,3.19286,
17631,3.16932,
17632,3.06918,
17633,3.26077,
17634,3.08902,
17635,3.16948,
17636,3.15442,
17637,2.94442,
17638,2.84978,
17639,3.13861,
17640,3.35745,
17641,3.18822,
17642,2.89904,
17643,3.11513,
17644,3.12048,
17645,3.02778,
17646,3.09515,
17647,3.23731,
17648,2.97198,
17649,3.13361,
17650,3.01579,
17651,3.01647,
17652,3.27478,
17653,3.13511,
17654,3.14232,
17655,3.15542,
17656,3.02829,
17657,2.9792,
17658,2.94668,
17659,2.95251,
17660,3.09337,
17661,3.03406,
17662,2.96699,
17663,3.15054,
17664,3.03093,
17665,2.9978,
17666,3.04356,
17667,2.89565,
17668,2.88501,
17669,3.09933,
17670,2.84134,
17671,2.87469,
17672,2.94258,
17673,3.02844,
17674,2.90255,
17675,2.85564,
17676,2.96201,
17677,2.92536,
17678,2.99779,
17679,3.02645,
17680,3.07725,
17681,3.12061,
17682,3.10626,
17683,2.95622,
17684,3.13779,
17685,2.85212,
17686,3.02969,
17687,3.03603,
17688,2.96855,
17689,3.29401,
17690,2.95252,
17691,2.8948,
17692,3.1309,
17693,2.9882,
17694,2.81037,
17695,2.97558,
17696,3.20596,
17697,2.70023,
17698,2.86712,
17699,3.06696,
17700,2.78923,
17701,2.98259,
17702,2.94692,
17703,2.87942,
17704,2.76901,
17705,3.22655,
17706,3.15955,
17707,3.15211,
17708,3.06877,
17709,3.25083,
17710,3.15557,
17711,3.23842,
17712,3.14097,
17713,3.03559,
17714,3.16289,
17715,3.09579,
17716,3.10861,
17717,3.06102,
17718,3.0856,
17719,3.11491,
17720,2.78989,
17721,3.03455,
17722,3.04757,
17723,3.12385,
17724,3.06942,
17725,2.7341,
17726,2.97095,
17727,3.01019,
17728,2.92432,
17729,2.66917,
17730,2.82091,
17731,2.89067,
17732,2.88938,
17733,2.928,
17734,2.66696,
17735,2.73527,
17736,2.72719,
17737,2.90223,
17738,2.96537,
17739,3.54623,
17740,3.38049,
17741,3.21611,
17742,3.14197,
17743,3.31101,
17744,3.33756,
17745,3.09813,
17746,3.26829,
17747,3.10455,
17748,3.10304,
17749,3.00201,
17750,3.33231,
17751,3.14444,
17752,3.08781,
17753,3.23548,
17754,3.24689,
17755,3.14697,
17756,3.18004,
17757,3.03584,
17758,3.19419,
17759,3.17296,
17760,3.02374,
17761,2.98942,
17762,3.05419,
17763,3.1293,
17764,3.22037,
17765,3.21444,
17766,3.12995,
17767,3.20818,
17768,3.09569,
17769,3.13075,
17770,3.26909,
17771,3.19936,
17772,3.10157,
17773,3.13884,
17774,3.1639,
17775,2.99448,
17776,3.06483,
17777,3.11431,
17778,3.24369,
17779,2.99924,
17780,3.04916,
17781,2.95686,
17782,3.14083,
17783,3.13161,
17784,3.11408,
17785,2.86164,
17786,3.08764,
17787,2.98531,
17788,2.93513,
17789,3.06146,
17790,3.14766,
17791,3.08217,
17792,3.02537,
17793,3.02095,
17794,3.08748,
17795,3.02206,
17796,2.98599,
17797,2.87207,
17798,2.95218,
17799,2.90724,
17800,3.03824,
17801,2.80148,
17802,2.79453,
17803,2.85715,
17804,2.92148,
17805,2.94253,
17806,2.9055,
17807,2.71039,
17808,2.92883,
17809,2.80238,
17810,2.95165,
17811,2.81835,
17812,2.88958,
17813,3.04852,
17814,2.97825,
17815,3.02376,
17816,2.72503,
17817,2.90881,
17818,2.83424,
17819,2.91801,
17820,3.05798,
17821,2.69954,
17822,2.81788,
17823,2.70481,
17824,2.68131,
17825,2.92982,
17826,2.95163,
17827,2.92578,
17828,2.81258,
17829,3.03815,
17830,2.89018,
17831,3.09326,
17832,3.14919,
17833,3.17744,
17834,3.13733,
17835,3.13646,
17836,3.44107,
17837,3.13378,
17838,2.99719,
17839,3.21817,
17840,3.06571,
17841,3.16693,
17842,3.21846,
17843,3.13698,
17844,3.08664,
17845,3.11928,
17846,2.88492,
17847,3.10458,
17848,3.05725,
17849,2.94479,
17850,3.04925,
17851,3.0141,
17852,2.83329,
17853,3.00945,
17854,3.04607,
17855,2.89187,
17856,2.94017,
17857,3.04994,
17858,3.20427,
17859,2.99836,
17860,3.05246,
17861,2.96223,
17862,3.32388,
17863,3.32913,
17864,3.3696,
17865,3.35802,
17866,3.38342,
17867,3.31223,
17868,3.25027,
17869,3.38344,
17870,3.21752,
17871,3.29998,
17872,3.32162,
17873,3.32681,
17874,3.14686,
17875,3.36515,
17876,3.28396,
17877,3.3211,
17878,3.3825,
17879,3.2415,
17880,3.26422,
17881,3.23762,
17882,3.27602,
17883,3.26986,
17884,3.34935,
17885,2.84772,
17886,2.93316,
17887,2.8636,
17888,2.69668,
17889,2.73955,
17890,2.71096,
17891,2.9947,
17892,2.53464,
17893,2.79242,
17894,2.74492,
17895,2.81772,
17896,2.84742,
17897,2.64501,
17898,2.70181,
17899,2.92094,
17900,3.05476,
17901,2.99038,
17902,2.6807,
17903,2.72052,
17904,3.26527,
17905,3.344,
17906,3.27616,
17907,3.30494,
17908,3.24268,
17909,3.29038,
17910,3.16744,
17911,2.99887,
17912,3.103,
17913,3.20459,
17914,3.07726,
17915,3.14219,
17916,3.29107,
17917,3.28826,
17918,3.16048,
17919,3.05837,
17920,2.8924,
17921,3.0721,
17922,3.03755,
17923,3.06218,
17924,2.82859,
17925,2.8387,
17926,2.78983,
17927,2.98693,
17928,2.99144,
17929,2.93436,
17930,3.15336,
17931,3.0924,
17932,3.15469,
17933,3.11533,
17934,3.21819,
17935,3.12987,
17936,2.97036,
17937,3.07429,
17938,2.87784,
17939,2.88726,
17940,2.86518,
17941,3.08059,
17942,3.16634,
17943,3.02792,
17944,2.83428,
17945,2.78593,
17946,2.7215,
17947,2.59682,
17948,2.68443,
17949,2.67303,
17950,2.9839,
17951,2.68285,
17952,2.72354,
17953,2.76926,
17954,3.01478,
17955,2.89633,
17956,3.12206,
17957,2.76372,
17958,3.23977,
17959,2.95556,
17960,3.28149,
17961,3.50932,
17962,3.20583,
17963,3.33037,
17964,3.19368,
17965,3.11437,
17966,3.21029,
17967,3.18687,
17968,3.04632,
17969,2.93776,
17970,2.90967,
17971,3.02729,
17972,3.00751,
17973,3.05275,
17974,3.10932,
17975,2.93657,
17976,3.09945,
17977,2.86122,
17978,3.10923,
17979,3.05341,
17980,2.80726,
17981,2.79385,
17982,3.06751,
17983,2.75921,
17984,2.80217,
17985,2.77132,
17986,2.67182,
17987,2.67924,
17988,2.77462,
17989,3.32799,
17990,3.26222,
17991,3.42724,
17992,3.38329,
17993,3.39009,
17994,3.28228,
17995,3.04541,
17996,3.11771,
17997,3.0907,
17998,3.19519,
17999,3.47012,
18000,3.26994,
18001,3.20294,
18002,3.07441,
18003,3.00374,
18004,3.31208,
18005,3.28206,
18006,3.35536,
18007,3.14377,
18008,3.36849,
18009,3.00372,
18010,3.09194,
18011,3.1176,
18012,3.15771,
18013,3.01963,
18014,3.04582,
18015,2.97088,
18016,2.92127,
18017,3.15108,
18018,2.88883,
18019,2.8984,
18020,3.05371,
18021,3.10994,
18022,3.11511,
18023,2.97088,
18024,3.02366,
18025,2.90181,
18026,3.01124,
18027,2.88386,
18028,2.8949,
18029,3.01599,
18030,2.71978,
18031,2.84819,
18032,3.04937,
18033,2.9536,
18034,3.39263,
18035,3.40862,
18036,3.35046,
18037,3.45792,
18038,3.33215,
18039,3.32801,
18040,3.17171,
18041,3.20882,
18042,2.99172,
18043,3.04377,
18044,3.00529,
18045,3.01477,
18046,3.26353,
18047,3.22026,
18048,3.09809,
18049,3.29547,
18050,3.23706,
18051,2.92876,
18052,2.98418,
18053,3.02037,
18054,2.88472,
18055,3.02661,
18056,3.16836,
18057,3.13312,
18058,3.21353,
18059,3.35137,
18060,3.3048,
18061,2.78757,
18062,2.94151,
18063,3.1698,
18064,3.18525,
18065,3.26123,
18066,3.21328,
18067,3.26183,
18068,3.24337,
18069,3.33505,
18070,3.09209,
18071,3.0636,
18072,3.25589,
18073,2.93367,
18074,3.18023,
18075,3.1808,
18076,3.12869,
18077,3.10895,
18078,3.09203,
18079,3.34011,
18080,3.17824,
18081,3.30095,
18082,3.14729,
18083,3.273,
18084,3.21212,
18085,3.26265,
18086,3.03633,
18087,3.13469,
18088,3.0505,
18089,2.92973,
18090,3.01494,
18091,2.94676,
18092,3.05654,
18093,3.04033,
18094,3.14855,
18095,2.81729,
18096,3.02372,
18097,3.22492,
18098,3.10603,
18099,3.0415,
18100,3.01702,
18101,3.21837,
18102,2.97159,
18103,3.13828,
18104,2.432,
18105,3.3,
18106,3.16991,
18107,3.35212,
18108,3.43351,
18109,3.67054,
18110,3.26313,
18111,3.35451,
18112,3.20091,
18113,3.33593,
18114,3.28894,
18115,3.29806,
18116,3.2486,
18117,3.05261,
18118,3.08745,
18119,3.18067,
18120,3.30476,
18121,3.05448,
18122,3.24506,
18123,3.3149,
18124,3.15011,
18125,3.12051,
18126,3.15995,
18127,3.15662,
18128,3.25042,
18129,3.21357,
18130,3.20224,
18131,3.1908,
18132,3.07204,
18133,3.27974,
18134,3.32614,
18135,3.02482,
18136,3.15008,
18137,3.00613,
18138,2.93794,
18139,2.90955,
18140,2.7639,
18141,3.10956,
18142,3.04166,
18143,2.91932,
18144,3.0124,
18145,3.15492,
18146,2.98628,
18147,2.92948,
18148,2.96078,
18149,2.88618,
18150,3.07853,
18151,2.89798,
18152,3.03251,
18153,3.13684,
18154,2.98046,
18155,3.17837,
18156,3.19794,
18157,3.12131,
18158,3.02813,
18159,3.04478,
18160,3.23522,
18161,3.12015,
18162,3.08645,
18163,3.12146,
18164,3.1751,
18165,3.01354,
18166,2.81903,
18167,3.00755,
18168,2.94647,
18169,3.03908,
18170,3.05983,
18171,2.7424,
18172,3.10715,
18173,3.16198,
18174,3.07593,
18175,2.99615,
18176,2.9376,
18177,3.17416,
18178,2.9636,
18179,2.70591,
18180,3.01515,
18181,2.98678,
18182,3.21911,
18183,2.97218,
18184,2.87742,
18185,3.01778,
18186,2.99526,
18187,2.93031,
18188,2.94358,
18189,3.02199,
18190,3.23308,
18191,3.17066,
18192,3.1923,
18193,2.96779,
18194,3.02325,
18195,2.98866,
18196,3.21334,
18197,3.1923,
18198,3.13866,
18199,3.15267,
18200,3.29157,
18201,3.01888,
18202,3.12926,
18203,3.05609,
18204,2.92519,
18205,3.18312,
18206,3.11448,
18207,3.27455,
18208,3.13588,
18209,2.81491,
18210,2.90184,
18211,3.04835,
18212,2.90194,
18213,2.97465,
18214,2.79778,
18215,2.92153,
18216,3.16306,
18217,3.30201,
18218,3.07577,
18219,3.24074,
18220,3.14926,
18221,3.1785,
18222,3.11118,
18223,3.2239,
18224,3.20997,
18225,3.2135,
18226,3.14788,
18227,3.1558,
18228,3.13888,
18229,3.04874,
18230,3.18406,
18231,2.80736,
18232,2.95406,
18233,3.13823,
18234,3.00974,
18235,3.05277,
18236,2.84639,
18237,2.96606,
18238,3.12597,
18239,2.86801,
18240,2.96232,
18241,2.9218,
18242,2.84579,
18243,2.979,
18244,2.81793,
18245,2.8534,
18246,2.88154,
18247,3.01593,
18248,2.89651,
18249,3.03965,
18250,3.08239,
18251,3.04133,
18252,2.89288,
18253,2.96444,
18254,3.03335,
18255,3.0269,
18256,2.88484,
18257,3.19702,
18258,3.12704,
18259,3.11898,
18260,3.17467,
18261,3.06599,
18262,2.98191,
18263,3.12946,
18264,3.0269,
18265,3.10158,
18266,3.09244,
18267,3.23082,
18268,3.34197,
18269,3.21796,
18270,3.10287,
18271,3.06601,
18272,2.97573,
18273,3.01253,
18274,2.98851,
18275,3.02055,
18276,2.88708,
18277,3.06274,
18278,2.94812,
18279,3.11341,
18280,2.94489,
18281,3.05843,
18282,3.19377,
18283,3.18845,
18284,3.31375,
18285,2.99644,
18286,2.83525,
18287,3.08263,
18288,2.81442,
18289,3.09906,
18290,3.20346,
18291,3.30115,
18292,3.29794,
18293,3.26744,
18294,3.04162,
18295,3.2689,
18296,3.1429,
18297,3.11194,
18298,3.09087,
18299,3.30908,
18300,3.03738,
18301,3.25067,
18302,2.85233,
18303,3.21849,
18304,3.22431,
18305,3.37453,
18306,3.09266,
18307,3.14333,
18308,3.24047,
18309,2.98193,
18310,3.1884,
18311,2.85963,
18312,3.01686,
18313,3.02404,
18314,3.25432,
18315,3.22992,
18316,2.81627,
18317,3.08865,
18318,3.03011,
18319,3.13505,
18320,3.11707,
18321,3.2923,
18322,3.1289,
18323,3.02281,
18324,3.15097,
18325,3.15846,
18326,3.00518,
18327,2.94378,
18328,2.93326,
18329,3.27925,
18330,3.33577,
18331,3.27363,
18332,3.24145,
18333,3.14692,
18334,3.13745,
18335,2.99087,
18336,3.25832,
18337,3.1152,
18338,3.20701,
18339,3.14958,
18340,3.17679,
18341,3.09041,
18342,3.19127,
18343,3.13835,
18344,3.03614,
18345,3.14793,
18346,3.26816,
18347,2.97653,
18348,3.35022,
18349,3.17164,
18350,3.03321,
18351,2.93201,
18352,3.16389,
18353,3.14204,
18354,3.05334,
18355,3.02279,
18356,3.19832,
18357,2.98008,
18358,2.97785,
18359,3.07567,
18360,3.00098,
18361,3.08228,
18362,3.19821,
18363,3.20933,
18364,3.02855,
18365,3.0189,
18366,2.9832,
18367,3.17859,
18368,3.18652,
18369,2.78404,
18370,3.04224,
18371,3.03926,
18372,3.10828,
18373,3.16723,
18374,3.15281,
18375,2.9055,
18376,3.05037,
18377,3.1332,
18378,2.83287,
18379,2.90354,
18380,3.25878,
18381,3.06289,
18382,3.11711,
18383,2.91397,
18384,2.89779,
18385,3.09268,
18386,3.04093,
18387,2.90507,
18388,3.21144,
18389,3.12977,
18390,2.84825,
18391,2.97789,
18392,2.91101,
18393,3.00159,
18394,2.87169,
18395,3.0211,
18396,3.1492,
18397,3.06521,
18398,3.23179,
18399,3.26308,
18400,3.12557,
18401,3.23066,
18402,3.04159,
18403,3.09875,
18404,3.21413,
18405,3.16002,
18406,3.25941,
18407,3.36288,
18408,3.44889,
18409,4.28852,
18410,3.14445,
18411,3.13235,
18412,3.1932,
18413,3.15819,
18414,3.02673,
18415,3.15183,
18416,3.10816,
18417,3.11286,
18418,3.04001,
18419,3.64125,
18420,3.13552,
18421,3.10153,
18422,2.75646,
18423,2.91115,
18424,3.19467,
18425,3.14412,
18426,3.25772,
18427,3.32417,
18428,3.11295,
18429,3.19494,
18430,3.18765,
18431,3.09587,
18432,3.3599,
18433,3.1098,
18434,3.12941,
18435,3.24263,
18436,3.28357,
18437,3.13502,
18438,3.06245,
18439,3.10247,
18440,3.06253,
18441,3.09649,
18442,2.98415,
18443,2.76165,
18444,3.19356,
18445,3.0368,
18446,2.88626,
18447,2.93439,
18448,3.00441,
18449,3.12199,
18450,3.09708,
18451,3.03525,
18452,3.10025,
18453,2.80428,
18454,2.99826,
18455,2.80402,
18456,3.11495,
18457,2.97406,
18458,3.00425,
18459,3.04439,
18460,3.01722,
18461,3.01966,
18462,2.99583,
18463,2.94356,
18464,2.85059,
18465,3.04606,
18466,3.02014,
18467,2.73871,
18468,2.83337,
18469,2.82515,
18470,3.00659,
18471,3.01936,
18472,2.97544,
18473,2.97059,
18474,3.01686,
18475,3.06756,
18476,2.82709,
18477,3.13506,
18478,2.99175,
18479,3.01105,
18480,2.96994,
18481,3.14313,
18482,3.29386,
18483,3.22092,
18484,3.00365,
18485,2.94445,
18486,3.31207,
18487,3.0845,
18488,3.12996,
18489,3.00866,
18490,2.89365,
18491,2.9455,
18492,3.11694,
18493,2.71064,
18494,2.76246,
18495,2.56273,
18496,2.8322,
18497,2.98354,
18498,3.10495,
18499,3.08824,
18500,3.11445,
18501,2.9701,
18502,2.84696,
18503,2.89752,
18504,3.03402,
18505,3.18101,
18506,2.96626,
18507,2.94474,
18508,2.57125,
18509,2.63479,
18510,3.11947,
18511,2.78536,
18512,2.99688,
18513,2.76035,
18514,2.91983,
18515,2.74408,
18516,2.78486,
18517,2.77062,
18518,2.83936,
18519,2.80057,
18520,2.73723,
18521,2.82059,
18522,3.04389,
18523,2.73713,
18524,3.00712,
18525,3.02583,
18526,3.29526,
18527,3.28023,
18528,3.27519,
18529,3.30938,
18530,3.25265,
18531,3.28509,
18532,3.07553,
18533,2.86061,
18534,3.115,
18535,2.95259,
18536,3.00518,
18537,3.18627,
18538,3.07305,
18539,3.13057,
18540,3.03346,
18541,3.00101,
18542,2.93022,
18543,3.05515,
18544,3.12695,
18545,3.0595,
18546,3.03926,
18547,2.9998,
18548,2.86876,
18549,3.26153,
18550,2.93362,
18551,2.91623,
18552,3.06002,
18553,3.08913,
18554,2.93179,
18555,3.36205,
18556,3.17921,
18557,3.36655,
18558,3.15946,
18559,3.25381,
18560,3.17339,
18561,3.1025,
18562,3.16361,
18563,3.07975,
18564,3.07493,
18565,3.10025,
18566,3.11013,
18567,3.04701,
18568,2.94757,
18569,3.06383,
18570,2.96587,
18571,2.98261,
18572,2.74802,
18573,2.84236,
18574,2.74102,
18575,2.93669,
18576,2.98692,
18577,2.77798,
18578,2.90454,
18579,2.84974,
18580,3.02615,
18581,2.9119,
18582,2.96157,
18583,3.04675,
18584,3.11342,
18585,3.1666,
18586,3.18656,
18587,3.09847,
18588,3.19028,
18589,3.11341,
18590,3.21761,
18591,3.18434,
18592,3.17434,
18593,3.23115,
18594,3.0766,
18595,3.03453,
18596,2.83421,
18597,3.09258,
18598,3.04553,
18599,3.15335,
18600,3.0723,
18601,2.93776,
18602,3.02073,
18603,2.96155,
18604,2.98837,
18605,3.11099,
18606,3.18226,
18607,2.98235,
18608,2.92548,
18609,2.97688,
18610,3.20349,
18611,3.16855,
18612,3.22004,
18613,3.04415,
18614,3.27196,
18615,3.09715,
18616,3.18309,
18617,3.34038,
18618,3.08218,
18619,2.97686,
18620,2.94469,
18621,3.21318,
18622,3.18433,
18623,3.09372,
18624,3.12136,
18625,3.06596,
18626,3.27403,
18627,3.18787,
18628,3.37718,
18629,2.95485,
18630,3.04325,
18631,2.8129,
18632,2.972,
18633,3.00045,
18634,2.96865,
18635,2.95679,
18636,3.19046,
18637,3.06714,
18638,3.00095,
18639,2.80856,
18640,2.9431,
18641,3.04313,
18642,3.02441,
18643,2.95508,
18644,3.36174,
18645,3.28844,
18646,3.28002,
18647,3.15157,
18648,3.04519,
18649,3.18569,
18650,2.97384,
18651,3.23999,
18652,3.29873,
18653,3.19636,
18654,3.21454,
18655,3.41392,
18656,3.55362,
18657,3.11497,
18658,3.19475,
18659,3.19845,
18660,3.28301,
18661,3.45882,
18662,3.19836,
18663,3.10688,
18664,3.12246,
18665,3.00589,
18666,3.08207,
18667,3.08243,
18668,3.11743,
18669,3.03542,
18670,2.92969,
18671,3.12743,
18672,3.53106,
18673,3.54331,
18674,3.49359,
18675,3.48233,
18676,3.47225,
18677,3.50186,
18678,3.40151,
18679,3.44079,
18680,3.40892,
18681,3.42091,
18682,3.43931,
18683,3.43996,
18684,3.41281,
18685,3.29453,
18686,3.38904,
18687,3.45461,
18688,3.36333,
18689,3.30824,
18690,3.23039,
18691,3.17315,
18692,3.39885,
18693,3.2358,
18694,3.16573,
18695,3.17375,
18696,3.15897,
18697,3.03254,
18698,3.25453,
18699,3.07546,
18700,3.14619,
18701,3.13882,
18702,2.9289,
18703,2.84216,
18704,3.13223,
18705,3.35376,
18706,3.18078,
18707,2.88883,
18708,3.10378,
18709,3.12833,
18710,3.01743,
18711,3.09065,
18712,3.21407,
18713,2.96494,
18714,3.10951,
18715,3.01223,
18716,2.996,
18717,3.24821,
18718,3.11959,
18719,3.12786,
18720,3.13807,
18721,3.01646,
18722,2.96954,
18723,2.9305,
18724,2.94379,
18725,3.09004,
18726,3.01542,
18727,2.94129,
18728,3.12744,
18729,3.02384,
18730,2.98917,
18731,3.033,
18732,2.87607,
18733,2.87919,
18734,3.09282,
18735,2.83346,
18736,2.88451,
18737,2.92736,
18738,3.00323,
18739,2.89716,
18740,2.858,
18741,2.95604,
18742,2.91635,
18743,2.99889,
18744,3.00342,
18745,3.04987,
18746,3.107,
18747,3.09116,
18748,2.94199,
18749,3.12334,
18750,2.83845,
18751,3.0033,
18752,3.04052,
18753,2.95528,
18754,3.28893,
18755,2.93164,
18756,2.89016,
18757,3.13248,
18758,2.97302,
18759,2.80006,
18760,2.96286,
18761,3.19514,
18762,2.68738,
18763,2.84582,
18764,3.04432,
18765,2.78545,
18766,2.96615,
18767,2.94138,
18768,2.87531,
18769,2.76246,
18770,3.20181,
18771,3.12151,
18772,3.12747,
18773,3.03997,
18774,3.23501,
18775,3.13889,
18776,3.22693,
18777,3.11482,
18778,3.02572,
18779,3.14805,
18780,3.07689,
18781,3.08729,
18782,3.05409,
18783,3.07454,
18784,3.10292,
18785,2.78578,
18786,2.9936,
18787,3.03778,
18788,3.11649,
18789,3.05861,
18790,2.72981,
18791,2.95251,
18792,2.99802,
18793,2.92404,
18794,2.66113,
18795,2.81286,
18796,2.87875,
18797,2.87436,
18798,2.90489,
18799,2.6621,
18800,2.72843,
18801,2.7215,
18802,2.90507,
18803,2.95536,
18804,3.53583,
18805,3.35102,
18806,3.19453,
18807,3.12856,
18808,3.27356,
18809,3.32677,
18810,3.08214,
18811,3.2459,
18812,3.09225,
18813,3.09087,
18814,3.01019,
18815,3.31646,
18816,3.13489,
18817,3.0734,
18818,3.21404,
18819,3.21446,
18820,3.12441,
18821,3.16604,
18822,3.04246,
18823,3.18686,
18824,3.1673,
18825,3.02346,
18826,2.97077,
18827,3.04811,
18828,3.10134,
18829,3.2056,
18830,3.19658,
18831,3.1185,
18832,3.18995,
18833,3.08814,
18834,3.09908,
18835,3.26984,
18836,3.20278,
18837,3.08482,
18838,3.13089,
18839,3.15578,
18840,2.97411,
18841,3.06684,
18842,3.11227,
18843,3.237,
18844,2.98362,
18845,3.04369,
18846,2.95481,
18847,3.14306,
18848,3.12747,
18849,3.11694,
18850,2.83799,
18851,3.07629,
18852,2.97731,
18853,2.93723,
18854,3.05969,
18855,3.14146,
18856,3.07385,
18857,3.00874,
18858,3.00366,
18859,3.09131,
18860,3.01165,
18861,2.97429,
18862,2.87017,
18863,2.9323,
18864,2.88931,
18865,3.0331,
18866,2.78189,
18867,2.78769,
18868,2.85904,
18869,2.91518,
18870,2.93328,
18871,2.88337,
18872,2.68532,
18873,2.9351,
18874,2.80127,
18875,2.94282,
18876,2.80561,
18877,2.87411,
18878,3.04598,
18879,2.96264,
18880,3.02106,
18881,2.72476,
18882,2.8867,
18883,2.82085,
18884,2.90746,
18885,3.04454,
18886,2.68615,
18887,2.79927,
18888,2.70631,
18889,2.67734,
18890,2.9162,
18891,2.94167,
18892,2.91294,
18893,2.80768,
18894,3.01699,
18895,2.88288,
18896,3.05709,
18897,3.13257,
18898,3.16118,
18899,3.12736,
18900,3.11867,
18901,3.42203,
18902,3.11272,
18903,2.97886,
18904,3.21407,
18905,3.05442,
18906,3.14952,
18907,3.20636,
18908,3.12512,
18909,3.0817,
18910,3.08888,
18911,2.87953,
18912,3.09077,
18913,3.04575,
18914,2.94862,
18915,3.03148,
18916,3.0219,
18917,2.83131,
18918,2.99511,
18919,3.02347,
18920,2.87393,
18921,2.93115,
18922,3.03627,
18923,3.19319,
18924,2.97542,
18925,3.03852,
18926,2.9532,
18927,3.29417,
18928,3.32391,
18929,3.37217,
18930,3.35948,
18931,3.36868,
18932,3.31727,
18933,3.25668,
18934,3.36676,
18935,3.21002,
18936,3.29573,
18937,3.31423,
18938,3.31511,
18939,3.13055,
18940,3.34766,
18941,3.2697,
18942,3.31594,
18943,3.37554,
18944,3.23627,
18945,3.25847,
18946,3.22283,
18947,3.26848,
18948,3.25305,
18949,3.33671,
18950,2.83348,
18951,2.91237,
18952,2.83931,
18953,2.68165,
18954,2.7376,
18955,2.68971,
18956,2.97204,
18957,2.53216,
18958,2.7822,
18959,2.72778,
18960,2.8118,
18961,2.83064,
18962,2.63588,
18963,2.68978,
18964,2.91826,
18965,3.04119,
18966,2.99046,
18967,2.66667,
18968,2.71799,
18969,3.25559,
18970,3.32644,
18971,3.26405,
18972,3.29145,
18973,3.22183,
18974,3.24648,
18975,3.15952,
18976,2.97935,
18977,3.08759,
18978,3.18766,
18979,3.067,
18980,3.13091,
18981,3.27438,
18982,3.27696,
18983,3.14436,
18984,3.03911,
18985,2.8991,
18986,3.06089,
18987,3.03752,
18988,3.05025,
18989,2.81707,
18990,2.81914,
18991,2.77573,
18992,2.98095,
18993,2.98517,
18994,2.92108,
18995,3.1387,
18996,3.07226,
18997,3.14682,
18998,3.08697,
18999,3.20523,
19000,3.10238,
19001,2.9547,
19002,3.05962,
19003,2.86396,
19004,2.87078,
19005,2.8529,
19006,3.07884,
19007,3.15249,
19008,3.01742,
19009,2.82454,
19010,2.78953,
19011,2.70683,
19012,2.5906,
19013,2.67413,
19014,2.67869,
19015,2.96715,
19016,2.66864,
19017,2.70487,
19018,2.77244,
19019,3.00687,
19020,2.889,
19021,3.11188,
19022,2.75464,
19023,3.23199,
19024,2.94104,
19025,3.27601,
19026,3.49319,
19027,3.19172,
19028,3.31295,
19029,3.17332,
19030,3.10078,
19031,3.18862,
19032,3.17186,
19033,3.03255,
19034,2.91635,
19035,2.88862,
19036,3.00993,
19037,2.99286,
19038,3.04113,
19039,3.10273,
19040,2.91718,
19041,3.07512,
19042,2.84452,
19043,3.09471,
19044,3.05253,
19045,2.80032,
19046,2.79076,
19047,3.06601,
19048,2.76384,
19049,2.7986,
19050,2.76477,
19051,2.6742,
19052,2.66494,
19053,2.76,
19054,3.29779,
19055,3.26208,
19056,3.43221,
19057,3.37696,
19058,3.37721,
19059,3.25375,
19060,3.03583,
19061,3.10195,
19062,3.07152,
19063,3.17849,
19064,3.44951,
19065,3.24389,
19066,3.18604,
19067,3.0637,
19068,2.98759,
19069,3.30058,
19070,3.27971,
19071,3.34208,
19072,3.13643,
19073,3.36915,
19074,2.99608,
19075,3.08179,
19076,3.11132,
19077,3.14307,
19078,3.01182,
19079,3.03303,
19080,2.95564,
19081,2.9044,
19082,3.14848,
19083,2.8614,
19084,2.88636,
19085,3.02357,
19086,3.0916,
19087,3.0947,
19088,2.95929,
19089,3.01733,
19090,2.90683,
19091,2.99102,
19092,2.86604,
19093,2.87605,
19094,2.99245,
19095,2.71201,
19096,2.8348,
19097,3.04545,
19098,2.94662,
19099,3.38983,
19100,3.41594,
19101,3.32118,
19102,3.44611,
19103,3.30631,
19104,3.29884,
19105,3.15504,
19106,3.19261,
19107,2.9699,
19108,3.02234,
19109,2.9992,
19110,2.98755,
19111,3.24703,
19112,3.21666,
19113,3.09562,
19114,3.28405,
19115,3.22948,
19116,2.93105,
19117,2.96842,
19118,3.00244,
19119,2.87304,
19120,3.01149,
19121,3.15535,
19122,3.12716,
19123,3.199,
19124,3.34796,
19125,3.29219,
19126,2.7719,
19127,2.93243,
19128,3.14311,
19129,3.17953,
19130,3.24718,
19131,3.19399,
19132,3.25948,
19133,3.24275,
19134,3.31885,
19135,3.08188,
19136,3.05596,
19137,3.23917,
19138,2.91477,
19139,3.15384,
19140,3.16222,
19141,3.11594,
19142,3.09699,
19143,3.08768,
19144,3.33336,
19145,3.16507,
19146,3.28594,
19147,3.13849,
19148,3.27894,
19149,3.20443,
19150,3.24856,
19151,3.03716,
19152,3.11503,
19153,3.04621,
19154,2.91666,
19155,3.01195,
19156,2.93762,
19157,3.04814,
19158,3.04118,
19159,3.13846,
19160,2.80561,
19161,3.00938,
19162,3.20808,
19163,3.09817,
19164,3.01552,
19165,2.98889,
19166,3.19622,
19167,2.96418,
19168,3.11821,
19169,2.40726,
19170,3.26546,
19171,3.1485,
19172,3.34317,
19173,3.40851,
19174,3.66491,
19175,3.24817,
19176,3.34892,
19177,3.19095,
19178,3.317,
19179,3.27545,
19180,3.29044,
19181,3.24155,
19182,3.04788,
19183,3.09174,
19184,3.17015,
19185,3.28481,
19186,3.04158,
19187,3.23236,
19188,3.29427,
19189,3.145,
19190,3.11754,
19191,3.13123,
19192,3.1443,
19193,3.23617,
19194,3.20472,
19195,3.20349,
19196,3.18649,
19197,3.06481,
19198,3.27523,
19199,3.30775,
19200,3.03065,
19201,3.12746,
19202,2.98956,
19203,2.94952,
19204,2.90099,
19205,2.75891,
19206,3.09146,
19207,3.0212,
19208,2.9296,
19209,3.00085,
19210,3.1383,
19211,2.97207,
19212,2.92158,
19213,2.95156,
19214,2.87862,
19215,3.07828,
19216,2.88372,
19217,3.00825,
19218,3.13791,
19219,2.96972,
19220,3.16744,
19221,3.17422,
19222,3.10057,
19223,3.0231,
19224,3.03212,
19225,3.21758,
19226,3.10558,
19227,3.07022,
19228,3.10689,
19229,3.1553,
19230,3.00401,
19231,2.81438,
19232,2.98717,
19233,2.94295,
19234,3.02211,
19235,3.03698,
19236,2.73943,
19237,3.09142,
19238,3.16511,
19239,3.07187,
19240,2.9843,
19241,2.93036,
19242,3.17749,
19243,2.95865,
19244,2.69502,
19245,3.01339,
19246,2.97498,
19247,3.20693,
19248,2.95756,
19249,2.85918,
19250,3.00243,
19251,2.99304,
19252,2.89914,
19253,2.93175,
19254,3.02197,
19255,3.20718,
19256,3.15866,
19257,3.16334,
19258,2.95573,
19259,3.01059,
19260,2.97633,
19261,3.21122,
19262,3.18171,
19263,3.13539,
19264,3.14413,
19265,3.28278,
19266,3.01448,
19267,3.11488,
19268,3.05638,
19269,2.92483,
19270,3.17802,
19271,3.12087,
19272,3.26719,
19273,3.13118,
19274,2.81256,
19275,2.87913,
19276,3.02825,
19277,2.88625,
19278,2.95594,
19279,2.78253,
19280,2.91619,
19281,3.15775,
19282,3.28305,
19283,3.06904,
19284,3.21119,
19285,3.12901,
19286,3.17438,
19287,3.09109,
19288,3.21728,
19289,3.20713,
19290,3.19623,
19291,3.13936,
19292,3.14004,
19293,3.12625,
19294,3.03507,
19295,3.16443,
19296,2.78967,
19297,2.93491,
19298,3.13913,
19299,2.99501,
19300,3.03992,
19301,2.84134,
19302,2.95709,
19303,3.1111,
19304,2.86166,
19305,2.95188,
19306,2.90402,
19307,2.84369,
19308,2.96462,
19309,2.79361,
19310,2.83733,
19311,2.86748,
19312,2.99585,
19313,2.8838,
19314,3.02475,
19315,3.07952,
19316,3.04197,
19317,2.88804,
19318,2.94761,
19319,3.02598,
19320,3.0053,
19321,2.88376,
19322,3.18165,
19323,3.11827,
19324,3.10854,
19325,3.1773,
19326,3.06454,
19327,2.98015,
19328,3.11333,
19329,3.02208,
19330,3.09064,
19331,3.08978,
19332,3.22174,
19333,3.33186,
19334,3.20659,
19335,3.08454,
19336,3.05688,
19337,2.97738,
19338,2.99835,
19339,2.96351,
19340,3.00026,
19341,2.87232,
19342,3.04708,
19343,2.93626,
19344,3.10408,
19345,2.93416,
19346,3.04298,
19347,3.17856,
19348,3.17214,
19349,3.31034,
19350,2.99034,
19351,2.83861,
19352,3.07988,
19353,2.80913,
19354,3.08139,
19355,3.19797,
19356,3.29142,
19357,3.3028,
19358,3.26007,
19359,3.03861,
19360,3.26392,
19361,3.14149,
19362,3.10556,
19363,3.0874,
19364,3.30142,
19365,3.00995,
19366,3.23643,
19367,2.85991,
19368,3.21006,
19369,3.20214,
19370,3.36463,
19371,3.07512,
19372,3.15416,
19373,3.22304,
19374,2.96945,
19375,3.17925,
19376,2.84477,
19377,2.99684,
19378,3.0005,
19379,3.24693,
19380,3.21784,
19381,2.80324,
19382,3.07807,
19383,3.02728,
19384,3.11746,
19385,3.10124,
19386,3.29007,
19387,3.11663,
19388,2.99622,
19389,3.13633,
19390,3.15765,
19391,3.00001,
19392,2.94553,
19393,2.91558,
19394,3.26306,
19395,3.31109,
19396,3.25186,
19397,3.23141,
19398,3.12473,
19399,3.1242,
19400,2.99529,
19401,3.2396,
19402,3.10567,
19403,3.20815,
19404,3.13546,
19405,3.16415,
19406,3.09534,
19407,3.18463,
19408,3.12349,
19409,3.02532,
19410,3.14589,
19411,3.2408,
19412,2.95816,
19413,3.33128,
19414,3.1523,
19415,3.02882,
19416,2.93497,
19417,3.1538,
19418,3.12975,
19419,3.04672,
19420,3.02515,
19421,3.18741,
19422,2.96785,
19423,2.97176,
19424,3.06289,
19425,2.98132,
19426,3.05303,
19427,3.17317,
19428,3.1881,
19429,3.03257,
19430,3.0014,
19431,2.98222,
19432,3.15325,
19433,3.17694,
19434,2.77882,
19435,3.02677,
19436,3.03591,
19437,3.08937,
19438,3.16486,
19439,3.13968,
19440,2.89995,
19441,3.04397,
19442,3.10332,
19443,2.81427,
19444,2.91501,
19445,3.25614,
19446,3.05048,
19447,3.11288,
19448,2.89833,
19449,2.89545,
19450,3.08707,
19451,3.03319,
19452,2.89063,
19453,3.20453,
19454,3.12208,
19455,2.84328,
19456,2.97372,
19457,2.88511,
19458,3.00108,
19459,2.863,
19460,3.00554,
19461,3.15522,
19462,3.05944,
19463,3.22497,
19464,3.2529,
19465,3.1187,
19466,3.22095,
19467,3.02098,
19468,3.09107,
19469,3.19584,
19470,3.15237,
19471,3.24685,
19472,3.35432,
19473,3.43722,
19474,4.27648,
19475,3.13078,
19476,3.11376,
19477,3.15686,
19478,3.14387,
19479,3.02499,
19480,3.14536,
19481,3.09539,
19482,3.0989,
19483,3.03499,
19484,3.61724,
19485,3.13776,
19486,3.0949,
19487,2.75066,
19488,2.90254,
19489,3.17491,
19490,3.13312,
19491,3.26008,
19492,3.30515,
19493,3.10648,
19494,3.1876,
19495,3.1922,
19496,3.08707,
19497,3.34628,
19498,3.10762,
19499,3.11024,
19500,3.23757,
19501,3.26641,
19502,3.11387,
19503,3.05158,
19504,3.08766,
19505,3.04729,
19506,3.07994,
19507,2.96791,
19508,2.75755,
19509,3.17068,
19510,3.02735,
19511,2.87545,
19512,2.9284,
19513,2.99327,
19514,3.10801,
19515,3.08818,
19516,3.02746,
19517,3.08886,
19518,2.79776,
19519,3.00446,
19520,2.7794,
19521,3.09976,
19522,2.96445,
19523,3.00399,
19524,3.03135,
19525,3.00799,
19526,3.01085,
19527,2.98753,
19528,2.91849,
19529,2.85289,
19530,3.02849,
19531,3.0039,
19532,2.71726,
19533,2.82097,
19534,2.81174,
19535,2.99396,
19536,2.99975,
19537,2.95653,
19538,2.95723,
19539,2.99794,
19540,3.06193,
19541,2.81606,
19542,3.12429,
19543,2.97802,
19544,3.01221,
19545,2.96135,
19546,3.1386,
19547,3.28695,
19548,3.21225,
19549,2.99092,
19550,2.93434,
19551,3.30104,
19552,3.0785,
19553,3.12124,
19554,2.99831,
19555,2.90013,
19556,2.93068,
19557,3.107,
19558,2.70433,
19559,2.75428,
19560,2.55605,
19561,2.82726,
19562,2.98528,
19563,3.10343,
19564,3.07281,
19565,3.10927,
19566,2.97704,
19567,2.80604,
19568,2.88835,
19569,3.01369,
19570,3.17023,
19571,2.95376,
19572,2.92292,
19573,2.56885,
19574,2.61975,
19575,3.11579,
19576,2.77499,
19577,3.005,
19578,2.73429,
19579,2.90707,
19580,2.74363,
19581,2.77289,
19582,2.75368,
19583,2.82758,
19584,2.79606,
19585,2.72849,
19586,2.81474,
19587,3.0424,
19588,2.73172,
19589,2.99535,
19590,3.01036,
19591,3.27614,
19592,3.28473,
19593,3.26732,
19594,3.30534,
19595,3.23977,
19596,3.26616,
19597,3.06727,
19598,2.8539,
19599,3.10236,
19600,2.94927,
19601,2.99713,
19602,3.17192,
19603,3.06879,
19604,3.11005,
19605,3.0218,
19606,2.98272,
19607,2.91144,
19608,3.04176,
19609,3.11437,
19610,3.04518,
19611,3.04033,
19612,2.98776,
19613,2.85334,
19614,3.26347,
19615,2.92799,
19616,2.91217,
19617,3.04101,
19618,3.07276,
19619,2.92977,
19620,3.3493,
19621,3.17474,
19622,3.35467,
19623,3.13592,
19624,3.25228,
19625,3.16349,
19626,3.09499,
19627,3.15771,
19628,3.07813,
19629,3.07635,
19630,3.09831,
19631,3.12379,
19632,3.03447,
19633,2.94066,
19634,3.05735,
19635,2.96591,
19636,2.99217,
19637,2.73241,
19638,2.8477,
19639,2.72908,
19640,2.92193,
19641,2.97784,
19642,2.77251,
19643,2.88719,
19644,2.83325,
19645,3.0167,
19646,2.90007,
19647,2.95865,
19648,3.01478,
19649,3.10895,
19650,3.16233,
19651,3.16184,
19652,3.0918,
19653,3.18321,
19654,3.09193,
19655,3.20773,
19656,3.16814,
19657,3.16209,
19658,3.20348,
19659,3.05655,
19660,3.02479,
19661,2.82448,
19662,3.06719,
19663,3.02805,
19664,3.14521,
19665,3.06113,
19666,2.92337,
19667,3.01709,
19668,2.93649,
19669,2.98947,
19670,3.10439,
19671,3.17962,
19672,2.98579,
19673,2.91525,
19674,2.97865,
19675,3.18406,
19676,3.15854,
19677,3.20842,
19678,3.05095,
19679,3.26605,
19680,3.09,
19681,3.17617,
19682,3.33165,
19683,3.07447,
19684,2.97047,
19685,2.92115,
19686,3.20435,
19687,3.18782,
19688,3.08168,
19689,3.10488,
19690,3.07064,
19691,3.2631,
19692,3.18026,
19693,3.37807,
19694,2.96086,
19695,3.05086,
19696,2.7976,
19697,2.96937,
19698,2.99775,
19699,2.96199,
19700,2.95019,
19701,3.17559,
19702,3.05878,
19703,2.98243,
19704,2.79231,
19705,2.94695,
19706,3.03394,
19707,3.00183,
19708,2.93543,
19709,3.33967,
19710,3.27807,
19711,3.2625,
19712,3.13843,
19713,3.02969,
19714,3.16617,
19715,2.95487,
19716,3.22946,
19717,3.2674,
19718,3.18039,
19719,3.20762,
19720,3.40701,
19721,3.53191,
19722,3.10101,
19723,3.18906,
19724,3.19374,
19725,3.2698,
19726,3.45402,
19727,3.19133,
19728,3.09972,
19729,3.11949,
19730,3.00465,
19731,3.07708,
19732,3.06237,
19733,3.1079,
19734,3.02015,
19735,2.91497,
19736,3.12538,
19737,3.51749,
19738,3.5269,
19739,3.47911,
19740,3.46813,
19741,3.45674,
19742,3.47892,
19743,3.38549,
19744,3.42479,
19745,3.39929,
19746,3.42489,
19747,3.42758,
19748,3.42825,
19749,3.41613,
19750,3.28084,
19751,3.37509,
19752,3.43699,
19753,3.38681,
19754,3.30208,
19755,3.22612,
19756,3.17039,
19757,3.38416,
19758,3.21899,
19759,3.15686,
19760,3.15822,
19761,3.1501,
19762,3.02269,
19763,3.24474,
19764,3.0652,
19765,3.13067,
19766,3.1284,
19767,2.92281,
19768,2.82522,
19769,3.12304,
19770,3.3305,
19771,3.17836,
19772,2.88729,
19773,3.10139,
19774,3.0968,
19775,3.01685,
19776,3.08134,
19777,3.19231,
19778,2.95374,
19779,3.09447,
19780,2.9958,
19781,2.99133,
19782,3.2412,
19783,3.12625,
19784,3.11273,
19785,3.13095,
19786,3.00403,
19787,2.96052,
19788,2.90924,
19789,2.93283,
19790,3.07934,
19791,2.99852,
19792,2.94095,
19793,3.12147,
19794,3.00873,
19795,2.98332,
19796,3.01931,
19797,2.86913,
19798,2.86202,
19799,3.08319,
19800,2.81764,
19801,2.86237,
19802,2.92174,
19803,2.99569,
19804,2.87856,
19805,2.84802,
19806,2.94861,
19807,2.89705,
19808,2.97677,
19809,2.9964,
19810,3.04451,
19811,3.08481,
19812,3.08501,
19813,2.93311,
19814,3.11822,
19815,2.84265,
19816,2.99026,
19817,3.01613,
19818,2.94003,
19819,3.27597,
19820,2.92693,
19821,2.87533,
19822,3.10425,
19823,2.97142,
19824,2.79047,
19825,2.9556,
19826,3.17709,
19827,2.67461,
19828,2.83813,
19829,3.03584,
19830,2.77892,
19831,2.96311,
19832,2.92175,
19833,2.86267,
19834,2.75025,
19835,3.19163,
19836,3.11328,
19837,3.11271,
19838,3.02934,
19839,3.22774,
19840,3.12773,
19841,3.21633,
19842,3.09488,
19843,3.00178,
19844,3.13611,
19845,3.06561,
19846,3.08781,
19847,3.03873,
19848,3.06438,
19849,3.09333,
19850,2.78339,
19851,2.99191,
19852,3.0337,
19853,3.11782,
19854,3.05787,
19855,2.71562,
19856,2.94594,
19857,2.9942,
19858,2.90278,
19859,2.65009,
19860,2.80668,
19861,2.87283,
19862,2.86627,
19863,2.90291,
19864,2.64441,
19865,2.7216,
19866,2.72174,
19867,2.9094,
19868,2.95084,
19869,3.50323,
19870,3.34693,
19871,3.1839,
19872,3.11737,
19873,3.26403,
19874,3.31406,
19875,3.05026,
19876,3.23176,
19877,3.08005,
19878,3.0845,
19879,2.99074,
19880,3.31401,
19881,3.12666,
19882,3.07378,
19883,3.2192,
19884,3.20447,
19885,3.11041,
19886,3.175,
19887,3.01631,
19888,3.17257,
19889,3.14992,
19890,3.01623,
19891,2.96167,
19892,3.03352,
19893,3.0861,
19894,3.20046,
19895,3.20152,
19896,3.10118,
19897,3.17926,
19898,3.06484,
19899,3.08922,
19900,3.24981,
19901,3.17527,
19902,3.0675,
19903,3.10281,
19904,3.15205,
19905,2.95761,
19906,3.04931,
19907,3.10326,
19908,3.23418,
19909,2.98843,
19910,3.03441,
19911,2.94863,
19912,3.11627,
19913,3.1108,
19914,3.11057,
19915,2.83339,
19916,3.06581,
19917,2.969,
19918,2.91472,
19919,3.04475,
19920,3.12939,
19921,3.06283,
19922,2.98219,
19923,2.98684,
19924,3.08101,
19925,3.01674,
19926,2.96559,
19927,2.8533,
19928,2.92022,
19929,2.88331,
19930,3.01471,
19931,2.77788,
19932,2.76708,
19933,2.84817,
19934,2.90678,
19935,2.92573,
19936,2.86653,
19937,2.68964,
19938,2.90987,
19939,2.79327,
19940,2.92552,
19941,2.78959,
19942,2.86217,
19943,3.03093,
19944,2.95704,
19945,3.0011,
19946,2.71073,
19947,2.86673,
19948,2.79798,
19949,2.88586,
19950,3.03146,
19951,2.70119,
19952,2.79521,
19953,2.69628,
19954,2.67635,
19955,2.91017,
19956,2.92324,
19957,2.8985,
19958,2.80146,
19959,3.01709,
19960,2.86374,
19961,3.03533,
19962,3.12955,
19963,3.14183,
19964,3.11495,
19965,3.10776,
19966,3.40624,
19967,3.10493,
19968,2.97518,
19969,3.20285,
19970,3.06757,
19971,3.1346,
19972,3.19853,
19973,3.11177,
19974,3.06416,
19975,3.0906,
19976,2.86324,
19977,3.07453,
19978,3.03823,
19979,2.92921,
19980,3.03386,
19981,3.01882,
19982,2.81521,
19983,2.99264,
19984,3.01864,
19985,2.8752,
19986,2.93317,
19987,3.02676,
19988,3.17604,
19989,2.96827,
19990,3.02956,
19991,2.94978,
19992,3.28686,
19993,3.30915,
19994,3.35228,
19995,3.34842,
19996,3.35113,
19997,3.29508,
19998,3.23514,
19999,3.35874,
20000,3.1911,
20001,3.29365,
20002,3.30797,
20003,3.32057,
20004,3.12854,
20005,3.34526,
20006,3.2529,
20007,3.30243,
20008,3.36207,
20009,3.23059,
20010,3.25103,
20011,3.21539,
20012,3.25821,
20013,3.22976,
20014,3.32801,
20015,2.82774,
20016,2.89373,
20017,2.82229,
20018,2.68659,
20019,2.7352,
20020,2.67507,
20021,2.97389,
20022,2.5102,
20023,2.77632,
20024,2.71907,
20025,2.81022,
20026,2.8184,
20027,2.64613,
20028,2.67311,
20029,2.88689,
20030,3.03297,
20031,2.977,
20032,2.65712,
20033,2.70177,
20034,3.2411,
20035,3.3245,
20036,3.26587,
20037,3.27187,
20038,3.22431,
20039,3.23551,
20040,3.14422,
20041,2.96861,
20042,3.06905,
20043,3.17592,
20044,3.04934,
20045,3.12341,
20046,3.25366,
20047,3.25647,
20048,3.15114,
20049,3.03102,
20050,2.87419,
20051,3.0599,
20052,3.02597,
20053,3.04382,
20054,2.80274,
20055,2.80556,
20056,2.77176,
20057,2.98432,
20058,2.98025,
20059,2.91392,
20060,3.12245,
20061,3.06072,
20062,3.139,
20063,3.07431,
20064,3.18805,
20065,3.08128,
20066,2.93684,
20067,3.05062,
20068,2.85419,
20069,2.85609,
20070,2.85491,
20071,3.05977,
20072,3.15056,
20073,3.01377,
20074,2.81104,
20075,2.77289,
20076,2.70425,
20077,2.58051,
20078,2.66069,
20079,2.67637,
20080,2.95829,
20081,2.64389,
20082,2.71096,
20083,2.7646,
20084,2.98121,
20085,2.87881,
20086,3.09255,
20087,2.74649,
20088,3.21238,
20089,2.93103,
20090,3.26507,
20091,3.47838,
20092,3.18313,
20093,3.31358,
20094,3.16648,
20095,3.08124,
20096,3.18978,
20097,3.16343,
20098,3.02003,
20099,2.90307,
20100,2.86741,
20101,2.99648,
20102,2.9805,
20103,3.02091,
20104,3.08218,
20105,2.91598,
20106,3.08414,
20107,2.83311,
20108,3.08496,
20109,3.03861,
20110,2.80605,
20111,2.78118,
20112,3.04854,
20113,2.74966,
20114,2.78976,
20115,2.74671,
20116,2.65931,
20117,2.67347,
20118,2.75138,
20119,3.28486,
20120,3.23123,
20121,3.40274,
20122,3.3543,
20123,3.36018,
20124,3.24111,
20125,3.01927,
20126,3.08525,
20127,3.06358,
20128,3.18102,
20129,3.43524,
20130,3.24328,
20131,3.19397,
20132,3.04797,
20133,2.9726,
20134,3.28595,
20135,3.27465,
20136,3.32911,
20137,3.12394,
20138,3.35192,
20139,2.99843,
20140,3.07629,
20141,3.10997,
20142,3.13409,
20143,2.99454,
20144,3.02152,
20145,2.93513,
20146,2.89239,
20147,3.1278,
20148,2.85988,
20149,2.88294,
20150,3.01021,
20151,3.08119,
20152,3.08683,
20153,2.96006,
20154,3.0118,
20155,2.88904,
20156,2.97306,
20157,2.84932,
20158,2.8568,
20159,2.98127,
20160,2.70119,
20161,2.83005,
20162,3.0322,
20163,2.94506,
20164,3.36528,
20165,3.38557,
20166,3.31509,
20167,3.42643,
20168,3.29211,
20169,3.28804,
20170,3.13295,
20171,3.18201,
20172,2.96679,
20173,3.01055,
20174,2.9681,
20175,2.97948,
20176,3.23378,
20177,3.20335,
20178,3.08792,
20179,3.27632,
20180,3.21297,
20181,2.92756,
20182,2.96522,
20183,2.99823,
20184,2.85184,
20185,3.00266,
20186,3.14831,
20187,3.14588,
20188,3.19759,
20189,3.33426,
20190,3.28346,
20191,2.7623,
20192,2.93033,
20193,3.12886,
20194,3.16893,
20195,3.23261,
20196,3.18875,
20197,3.23831,
20198,3.22474,
20199,3.30091,
20200,3.06607,
20201,3.04966,
20202,3.2335,
20203,2.89304,
20204,3.14379,
20205,3.17176,
20206,3.11887,
20207,3.08906,
20208,3.08101,
20209,3.32136,
20210,3.15662,
20211,3.28273,
20212,3.13015,
20213,3.27584,
20214,3.1842,
20215,3.24592,
20216,3.02587,
20217,3.12415,
20218,3.05108,
20219,2.91777,
20220,3.01856,
20221,2.93123,
20222,3.04428,
20223,3.0257,
20224,3.11619,
20225,2.8143,
20226,3.00603,
20227,3.19997,
20228,3.08074,
20229,3.00243,
20230,2.97098,
20231,3.18935,
20232,2.95158,
20233,3.11494,
20234,2.38345,
20235,3.2659,
20236,3.13281,
20237,3.31864,
20238,3.39223,
20239,3.64222,
20240,3.23195,
20241,3.33954,
20242,3.16879,
20243,3.30659,
20244,3.25361,
20245,3.29353,
20246,3.21905,
20247,3.02942,
20248,3.06095,
20249,3.15994,
20250,3.27828,
20251,3.06458,
20252,3.2263,
20253,3.28708,
20254,3.134,
20255,3.10749,
20256,3.11558,
20257,3.12203,
20258,3.22428,
20259,3.19158,
20260,3.18506,
20261,3.17575,
20262,3.03474,
20263,3.25604,
20264,3.29371,
20265,3.01617,
20266,3.12327,
20267,2.97231,
20268,2.92225,
20269,2.89338,
20270,2.74221,
20271,3.07869,
20272,3.0023,
20273,2.90396,
20274,2.99402,
20275,3.13447,
20276,2.97426,
20277,2.91697,
20278,2.94198,
20279,2.87697,
20280,3.07403,
20281,2.87583,
20282,2.99829,
20283,3.13101,
20284,2.96402,
20285,3.14233,
20286,3.1611,
20287,3.09879,
20288,3.02137,
20289,3.01623,
20290,3.21423,
20291,3.08701,
20292,3.06413,
20293,3.11221,
20294,3.15754,
20295,3.0034,
20296,2.7924,
20297,2.97674,
20298,2.9078,
20299,3.02026,
20300,3.01816,
20301,2.7263,
20302,3.07167,
20303,3.15748,
20304,3.06371,
20305,2.9807,
20306,2.92472,
20307,3.158,
20308,2.93924,
20309,2.68604,
20310,3.00301,
20311,2.96797,
20312,3.20075,
20313,2.93934,
20314,2.86142,
20315,3.00796,
20316,2.97124,
20317,2.89056,
20318,2.92582,
20319,3.00031,
20320,3.21002,
20321,3.14442,
20322,3.14053,
20323,2.93029,
20324,3.01211,
20325,2.95843,
20326,3.18912,
20327,3.17202,
20328,3.10623,
20329,3.13873,
20330,3.25458,
20331,2.99807,
20332,3.10647,
20333,3.04426,
20334,2.91317,
20335,3.16196,
20336,3.10804,
20337,3.24715,
20338,3.11978,
20339,2.80093,
20340,2.86928,
20341,3.02181,
20342,2.86911,
20343,2.9424,
20344,2.78726,
20345,2.90797,
20346,3.16261,
20347,3.27147,
20348,3.04194,
20349,3.20135,
20350,3.11762,
20351,3.15244,
20352,3.08374,
20353,3.19802,
20354,3.18418,
20355,3.19436,
20356,3.12756,
20357,3.1365,
20358,3.12134,
20359,3.03234,
20360,3.16082,
20361,2.77521,
20362,2.92585,
20363,3.1496,
20364,2.99228,
20365,3.04486,
20366,2.83494,
20367,2.94634,
20368,3.10724,
20369,2.858,
20370,2.94347,
20371,2.90451,
20372,2.82828,
20373,2.96163,
20374,2.77704,
20375,2.84071,
20376,2.86811,
20377,2.98268,
20378,2.8717,
20379,3.01595,
20380,3.06614,
20381,3.02554,
20382,2.88278,
20383,2.94504,
20384,3.00376,
20385,2.99093,
20386,2.86795,
20387,3.17281,
20388,3.10085,
20389,3.09186,
20390,3.1476,
20391,3.04904,
20392,2.95752,
20393,3.09622,
20394,3.01583,
20395,3.08769,
20396,3.07391,
20397,3.19927,
20398,3.31542,
20399,3.20151,
20400,3.08094,
20401,3.04445,
20402,2.96799,
20403,2.99052,
20404,2.95862,
20405,2.98714,
20406,2.86433,
20407,3.03043,
20408,2.92613,
20409,3.08846,
20410,2.92642,
20411,3.03328,
20412,3.17129,
20413,3.15245,
20414,3.29822,
20415,2.975,
20416,2.81453,
20417,3.07117,
20418,2.80134,
20419,3.07485,
20420,3.17953,
20421,3.2741,
20422,3.27993,
20423,3.24557,
20424,3.0296,
20425,3.2381,
20426,3.12674,
20427,3.0944,
20428,3.08208,
20429,3.27549,
20430,2.99089,
20431,3.21814,
20432,2.83258,
20433,3.19083,
20434,3.19347,
20435,3.35631,
20436,3.06423,
20437,3.13161,
20438,3.20807,
20439,2.97393,
20440,3.17504,
20441,2.83728,
20442,2.98658,
20443,2.99372,
20444,3.23104,
20445,3.19991,
20446,2.79721,
20447,3.0645,
20448,3.00594,
20449,3.12383,
20450,3.09934,
20451,3.27532,
20452,3.1162,
20453,2.98467,
20454,3.1176,
20455,3.15521,
20456,3.00137,
20457,2.95215,
20458,2.90889,
20459,3.24659,
20460,3.30878,
20461,3.23434,
20462,3.21859,
20463,3.12002,
20464,3.09903,
20465,2.97294,
20466,3.22793,
20467,3.09941,
20468,3.17817,
20469,3.1308,
20470,3.14743,
20471,3.08107,
20472,3.19076,
20473,3.12496,
20474,3.0168,
20475,3.11945,
20476,3.23718,
20477,2.95452,
20478,3.31955,
20479,3.14485,
20480,3.01865,
20481,2.92145,
20482,3.15403,
20483,3.12884,
20484,3.02087,
20485,2.99805,
20486,3.1679,
20487,2.96402,
20488,2.96598,
20489,3.05566,
20490,2.97033,
20491,3.03808,
20492,3.16367,
20493,3.18637,
20494,3.00689,
20495,2.99737,
20496,2.96724,
20497,3.1497,
20498,3.15418,
20499,2.77441,
20500,3.02598,
20501,3.03741,
20502,3.09929,
20503,3.14936,
20504,3.13095,
20505,2.90159,
20506,3.03626,
20507,3.09162,
20508,2.80202,
20509,2.88378,
20510,3.23422,
20511,3.04131,
20512,3.09684,
20513,2.8941,
20514,2.88014,
20515,3.08146,
20516,3.01833,
20517,2.88579,
20518,3.19309,
20519,3.10523,
20520,2.82007,
20521,2.9607,
20522,2.86836,
20523,2.99886,
20524,2.85613,
20525,2.98619,
20526,3.13504,
20527,3.04797,
20528,3.21905,
20529,3.24686,
20530,3.10741,
20531,3.21165,
20532,2.99862,
20533,3.06955,
20534,3.18811,
20535,3.13663,
20536,3.23732,
20537,3.33961,
20538,3.43691,
20539,4.2558,
20540,3.11672,
20541,3.09969,
20542,3.1468,
20543,3.12953,
20544,3.01978,
20545,3.14356,
20546,3.08953,
20547,3.10198,
20548,3.01991,
20549,3.60866,
20550,3.11957,
20551,3.0935,
20552,2.74338,
20553,2.89792,
20554,3.16297,
20555,3.11993,
20556,3.24028,
20557,3.29619,
20558,3.1061,
20559,3.19945,
20560,3.16934,
20561,3.07451,
20562,3.33447,
20563,3.09083,
20564,3.09727,
20565,3.2144,
20566,3.27075,
20567,3.10088,
20568,3.03916,
20569,3.06373,
20570,3.02884,
20571,3.07053,
20572,2.96306,
20573,2.74704,
20574,3.17277,
20575,3.01607,
20576,2.87449,
20577,2.90726,
20578,2.99828,
20579,3.10159,
20580,3.07607,
20581,3.02957,
20582,3.08102,
20583,2.79909,
20584,2.97736,
20585,2.77513,
20586,3.09501,
20587,2.94829,
20588,2.99222,
20589,3.02538,
20590,2.99411,
20591,2.99149,
20592,2.97971,
20593,2.91161,
20594,2.84118,
20595,3.0108,
20596,3.00195,
20597,2.70191,
20598,2.80171,
20599,2.81302,
20600,2.97845,
20601,3.00386,
20602,2.94598,
20603,2.95279,
20604,2.99597,
20605,3.04868,
20606,2.80743,
20607,3.12367,
20608,2.96848,
20609,2.99846,
20610,2.95396,
20611,3.1231,
20612,3.26359,
20613,3.18368,
20614,2.98982,
20615,2.93113,
20616,3.28565,
20617,3.08939,
20618,3.11624,
20619,2.99039,
20620,2.88297,
20621,2.93541,
20622,3.09475,
20623,2.69097,
20624,2.7585,
20625,2.54876,
20626,2.82118,
20627,2.98016,
20628,3.09227,
20629,3.06561,
20630,3.10213,
20631,2.95752,
20632,2.79929,
20633,2.87824,
20634,3.00606,
20635,3.17468,
20636,2.94341,
20637,2.90614,
20638,2.54482,
20639,2.62309,
20640,3.10787,
20641,2.76862,
20642,2.97018,
20643,2.74214,
20644,2.89817,
20645,2.72606,
20646,2.75788,
20647,2.74964,
20648,2.83274,
20649,2.78206,
20650,2.73606,
20651,2.8021,
20652,3.02787,
20653,2.72406,
20654,2.98656,
20655,2.99348,
20656,3.26965,
20657,3.26104,
20658,3.2603,
20659,3.28385,
20660,3.22892,
20661,3.2446,
20662,3.06038,
20663,2.83918,
20664,3.09671,
20665,2.93279,
20666,2.96223,
20667,3.16744,
20668,3.06302,
20669,3.1184,
20670,3.01901,
20671,2.98535,
20672,2.90667,
20673,3.03477,
20674,3.11296,
20675,3.05666,
20676,3.02367,
20677,2.97224,
20678,2.85272,
20679,3.227,
20680,2.91583,
20681,2.89801,
20682,3.03507,
20683,3.06383,
20684,2.92761,
20685,3.35794,
20686,3.16402,
20687,3.32472,
20688,3.12117,
20689,3.23423,
20690,3.16581,
20691,3.08204,
20692,3.14643,
20693,3.0799,
20694,3.07021,
20695,3.09121,
20696,3.09504,
20697,3.02793,
20698,2.9337,
20699,3.05286,
20700,2.96958,
20701,2.97467,
20702,2.73969,
20703,2.8261,
20704,2.70951,
20705,2.9117,
20706,2.98175,
20707,2.75402,
20708,2.87302,
20709,2.81557,
20710,3.00293,
20711,2.89429,
20712,2.95564,
20713,2.99668,
20714,3.07212,
20715,3.14686,
20716,3.16286,
20717,3.08603,
20718,3.17132,
20719,3.08123,
20720,3.21318,
20721,3.15869,
20722,3.15468,
20723,3.19981,
20724,3.04229,
20725,3.01176,
20726,2.80153,
20727,3.05515,
20728,3.00998,
20729,3.12615,
20730,3.03919,
20731,2.91737,
20732,3.01304,
20733,2.92824,
20734,2.98051,
20735,3.10099,
20736,3.1627,
20737,2.97224,
20738,2.90492,
20739,2.96129,
20740,3.17033,
20741,3.16345,
20742,3.2067,
20743,3.02901,
20744,3.26195,
20745,3.08211,
20746,3.16622,
20747,3.31794,
20748,3.06726,
20749,2.95367,
20750,2.91289,
20751,3.18662,
20752,3.17187,
20753,3.06988,
20754,3.07918,
20755,3.06817,
20756,3.27365,
20757,3.16128,
20758,3.36261,
20759,2.94364,
20760,3.02311,
20761,2.80848,
20762,2.9527,
20763,2.98188,
20764,2.952,
20765,2.93967,
20766,3.17022,
20767,3.05406,
20768,2.98212,
20769,2.78331,
20770,2.9269,
20771,3.0398,
20772,3.00511,
20773,2.93531,
20774,3.32268,
20775,3.25282,
20776,3.2425,
20777,3.12663,
20778,3.01577,
20779,3.15614,
20780,2.94688,
20781,3.2237,
20782,3.25783,
20783,3.18656,
20784,3.20692,
20785,3.39583,
20786,3.52551,
20787,3.10328,
20788,3.17867,
20789,3.19631,
20790,3.26658,
20791,3.4488,
20792,3.17656,
20793,3.09486,
20794,3.10147,
20795,2.99436,
20796,3.07684,
20797,3.05914,
20798,3.09958,
20799,3.01545,
20800,2.91355,
20801,3.11849,
20802,3.5047,
20803,3.5123,
20804,3.46139,
20805,3.4509,
20806,3.45858,
20807,3.47295,
20808,3.3897,
20809,3.4192,
20810,3.39682,
20811,3.40506,
20812,3.42379,
20813,3.41344,
20814,3.3892,
20815,3.27472,
20816,3.3717,
20817,3.42939,
20818,3.34099,
20819,3.30066,
20820,3.22033,
20821,3.13994,
20822,3.36666,
20823,3.20809,
20824,3.14798,
20825,3.15372,
20826,3.13423,
20827,3.01899,
20828,3.22872,
20829,3.06753,
20830,3.11388,
20831,3.12421,
20832,2.9295,
20833,2.82844,
20834,3.11264,
20835,3.33231,
20836,3.17295,
20837,2.86673,
20838,3.09163,
20839,3.0922,
20840,3.00184,
20841,3.07328,
20842,3.18108,
20843,2.94606,
20844,3.08412,
20845,2.99083,
20846,2.96443,
20847,3.24438,
20848,3.10253,
20849,3.09581,
20850,3.11047,
20851,2.99591,
20852,2.96766,
20853,2.90722,
20854,2.92405,
20855,3.06799,
20856,2.98709,
20857,2.9235,
20858,3.10779,
20859,3.01649,
20860,2.97744,
20861,3.02368,
20862,2.85732,
20863,2.86477,
20864,3.06145,
20865,2.80216,
20866,2.84885,
20867,2.90694,
20868,2.98868,
20869,2.87686,
20870,2.84549,
20871,2.94734,
20872,2.89803,
20873,2.97083,
20874,2.97814,
20875,3.03331,
20876,3.07214,
20877,3.06318,
20878,2.92064,
20879,3.10401,
20880,2.82285,
20881,2.99285,
20882,3.00431,
20883,2.93511,
20884,3.25787,
20885,2.92334,
20886,2.87527,
20887,3.0893,
20888,2.95721,
20889,2.78295,
20890,2.95874,
20891,3.17169,
20892,2.68024,
20893,2.8218,
20894,3.02821,
20895,2.77914,
20896,2.96816,
20897,2.90414,
20898,2.85282,
20899,2.74325,
20900,3.18506,
20901,3.08994,
20902,3.10448,
20903,3.00501,
20904,3.21034,
20905,3.11924,
20906,3.21373,
20907,3.09706,
20908,2.99327,
20909,3.13585,
20910,3.0611,
20911,3.07393,
20912,3.03559,
20913,3.05008,
20914,3.08495,
20915,2.76724,
20916,2.9746,
20917,3.03405,
20918,3.10011,
20919,3.0497,
20920,2.70026,
20921,2.93226,
20922,2.99064,
20923,2.89177,
20924,2.63532,
20925,2.80548,
20926,2.86125,
20927,2.8667,
20928,2.89947,
20929,2.62182,
20930,2.70745,
20931,2.71284,
20932,2.88698,
20933,2.93338,
20934,3.49619,
20935,3.3258,
20936,3.1698,
20937,3.11637,
20938,3.25286,
20939,3.29491,
20940,3.03765,
20941,3.23165,
20942,3.05809,
20943,3.06929,
20944,2.96571,
20945,3.29209,
20946,3.11106,
20947,3.0566,
20948,3.19094,
20949,3.18722,
20950,3.08132,
20951,3.15439,
20952,2.99834,
20953,3.176,
20954,3.14884,
20955,3.00308,
20956,2.95812,
20957,3.01546,
20958,3.0797,
20959,3.17496,
20960,3.16952,
20961,3.09291,
20962,3.15772,
20963,3.05719,
20964,3.08459,
20965,3.23845,
20966,3.1739,
20967,3.05741,
20968,3.09708,
20969,3.13054,
20970,2.9504,
20971,3.03876,
20972,3.0768,
20973,3.21387,
20974,2.96351,
20975,3.0228,
20976,2.92592,
20977,3.10954,
20978,3.09828,
20979,3.10094,
20980,2.82016,
20981,3.05809,
20982,2.95416,
20983,2.90476,
20984,3.03506,
20985,3.11954,
20986,3.04804,
20987,2.96463,
20988,2.98435,
20989,3.07107,
20990,2.98046,
20991,2.94238,
20992,2.84266,
20993,2.90371,
20994,2.87236,
20995,3.01912,
20996,2.7711,
20997,2.77618,
20998,2.84124,
20999,2.90297,
21000,2.92117,
21001,2.86142,
21002,2.67572,
21003,2.89507,
21004,2.78556,
21005,2.91128,
21006,2.7823,
21007,2.85958,
21008,3.02173,
21009,2.95234,
21010,3.01016,
21011,2.71059,
21012,2.87583,
21013,2.78951,
21014,2.88311,
21015,3.02922,
21016,2.6793,
21017,2.78334,
21018,2.68019,
21019,2.66451,
21020,2.89075,
21021,2.92195,
21022,2.89802,
21023,2.7923,
21024,2.99636,
21025,2.85436,
21026,3.01624,
21027,3.11617,
21028,3.13319,
21029,3.10894,
21030,3.10674,
21031,3.39232,
21032,3.08485,
21033,2.96458,
21034,3.1951,
21035,3.04192,
21036,3.11351,
21037,3.1921,
21038,3.10419,
21039,3.05168,
21040,3.08462,
21041,2.85323,
21042,3.08099,
21043,3.03594,
21044,2.90826,
21045,3.01812,
21046,2.99054,
21047,2.8042,
21048,2.9716,
21049,3.01109,
21050,2.87493,
21051,2.93104,
21052,3.0204,
21053,3.16956,
21054,2.95726,
21055,3.0202,
21056,2.94824,
21057,3.27451,
21058,3.3006,
21059,3.34681,
21060,3.32574,
21061,3.35125,
21062,3.29488,
21063,3.23129,
21064,3.3583,
21065,3.19603,
21066,3.27707,
21067,3.30683,
21068,3.30572,
21069,3.11481,
21070,3.3339,
21071,3.25538,
21072,3.29181,
21073,3.35921,
21074,3.22624,
21075,3.2465,
21076,3.21559,
21077,3.25303,
21078,3.2075,
21079,3.32164,
21080,2.81224,
21081,2.8846,
21082,2.80378,
21083,2.66279,
21084,2.71521,
21085,2.66318,
21086,2.97001,
21087,2.50345,
21088,2.75808,
21089,2.71769,
21090,2.79268,
21091,2.80885,
21092,2.6201,
21093,2.65751,
21094,2.88264,
21095,3.02544,
21096,2.96917,
21097,2.64463,
21098,2.6914,
21099,3.22572,
21100,3.31045,
21101,3.25203,
21102,3.25966,
21103,3.2072,
21104,3.2147,
21105,3.1243,
21106,2.95496,
21107,3.05737,
21108,3.16129,
21109,3.03943,
21110,3.1025,
21111,3.23959,
21112,3.25506,
21113,3.13585,
21114,3.01997,
21115,2.8713,
21116,3.05401,
21117,3.01342,
21118,3.03181,
21119,2.81738,
21120,2.80133,
21121,2.76221,
21122,2.97031,
21123,2.97705,
21124,2.91571,
21125,3.09203,
21126,3.04829,
21127,3.11083,
21128,3.05898,
21129,3.18912,
21130,3.06021,
21131,2.92194,
21132,3.05878,
21133,2.84379,
21134,2.84607,
21135,2.83305,
21136,3.04256,
21137,3.14694,
21138,2.99846,
21139,2.81704,
21140,2.76346,
21141,2.69549,
21142,2.57659,
21143,2.64913,
21144,2.6633,
21145,2.9475,
21146,2.63287,
21147,2.68767,
21148,2.74615,
21149,2.97645,
21150,2.87812,
21151,3.08692,
21152,2.73764,
21153,3.20341,
21154,2.93682,
21155,3.26592,
21156,3.46128,
21157,3.17083,
21158,3.29013,
21159,3.15477,
21160,3.06252,
21161,3.16323,
21162,3.15975,
21163,3.0025,
21164,2.8915,
21165,2.85683,
21166,2.98994,
21167,2.96608,
21168,3.01722,
21169,3.08299,
21170,2.91698,
21171,3.05767,
21172,2.82305,
21173,3.06816,
21174,3.02585,
21175,2.78719,
21176,2.7734,
21177,3.04066,
21178,2.7382,
21179,2.78518,
21180,2.74322,
21181,2.66185,
21182,2.66003,
21183,2.74216,
21184,3.26341,
21185,3.22804,
21186,3.39063,
21187,3.3473,
21188,3.34715,
21189,3.23858,
21190,2.99692,
21191,3.10218,
21192,3.06387,
21193,3.1715,
21194,3.42779,
21195,3.21784,
21196,3.17342,
21197,3.04261,
21198,2.96899,
21199,3.28401,
21200,3.25269,
21201,3.33179,
21202,3.12266,
21203,3.34464,
21204,2.99077,
21205,3.08303,
21206,3.08716,
21207,3.12532,
21208,2.96316,
21209,3.0274,
21210,2.92343,
21211,2.88656,
21212,3.12805,
21213,2.84935,
21214,2.85471,
21215,3.0122,
21216,3.07538,
21217,3.07921,
21218,2.95387,
21219,2.99773,
21220,2.87891,
21221,2.95704,
21222,2.83249,
21223,2.85866,
21224,2.97502,
21225,2.68611,
21226,2.80984,
21227,3.02897,
21228,2.93338,
21229,3.35508,
21230,3.36973,
21231,3.30296,
21232,3.41523,
21233,3.27702,
21234,3.27623,
21235,3.11733,
21236,3.17281,
21237,2.95706,
21238,3.00413,
21239,2.95803,
21240,2.97156,
21241,3.22468,
21242,3.19809,
21243,3.08316,
21244,3.25867,
21245,3.19433,
21246,2.9167,
21247,2.9603,
21248,2.98734,
21249,2.85314,
21250,2.98763,
21251,3.143,
21252,3.11202,
21253,3.19544,
21254,3.33423,
21255,3.278,
21256,2.75747,
21257,2.91867,
21258,3.13304,
21259,3.15748,
21260,3.21202,
21261,3.16863,
21262,3.23033,
21263,3.21061,
21264,3.29846,
21265,3.06544,
21266,3.03925,
21267,3.24363,
21268,2.88021,
21269,3.12468,
21270,3.13979,
21271,3.09304,
21272,3.0698,
21273,3.06402,
21274,3.31279,
21275,3.15528,
21276,3.26162,
21277,3.11214,
21278,3.26128,
21279,3.19273,
21280,3.22153,
21281,3.0181,
21282,3.10524,
21283,3.04999,
21284,2.90667,
21285,3.01521,
21286,2.92672,
21287,3.03195,
21288,3.02278,
21289,3.11108,
21290,2.78953,
21291,3.00928,
21292,3.18327,
21293,3.07478,
21294,2.98972,
21295,2.95341,
21296,3.18325,
21297,2.95475,
21298,3.10618,
21299,2.35883,
21300,3.24429,
21301,3.13731,
21302,3.3061,
21303,3.38757,
21304,3.63213,
21305,3.23835,
21306,3.33692,
21307,3.16414,
21308,3.29083,
21309,3.23664,
21310,3.26706,
21311,3.20892,
21312,3.02594,
21313,3.06572,
21314,3.16124,
21315,3.26369,
21316,3.03696,
21317,3.20915,
21318,3.28072,
21319,3.14192,
21320,3.09566,
21321,3.11684,
21322,3.10372,
21323,3.22662,
21324,3.1908,
21325,3.17855,
21326,3.16896,
21327,3.02295,
21328,3.25092,
21329,3.2944,
21330,3.01529,
21331,3.11206,
21332,2.9651,
21333,2.89954,
21334,2.88801,
21335,2.73871,
21336,3.08402,
21337,2.99419,
21338,2.91319,
21339,2.98764,
21340,3.10896,
21341,2.9614,
21342,2.90675,
21343,2.95263,
21344,2.87503,
21345,3.05311,
21346,2.86958,
21347,2.99645,
21348,3.11678,
21349,2.94992,
21350,3.13697,
21351,3.15977,
21352,3.06668,
21353,3.00616,
21354,3.00629,
21355,3.21584,
21356,3.08977,
21357,3.05255,
21358,3.08224,
21359,3.13634,
21360,2.99513,
21361,2.79444,
21362,2.96412,
21363,2.90297,
21364,3.00419,
21365,3.0087,
21366,2.71584,
21367,3.0618,
21368,3.14598,
21369,3.05241,
21370,2.95755,
21371,2.9115,
21372,3.15777,
21373,2.93373,
21374,2.67566,
21375,2.99222,
21376,2.96817,
21377,3.19388,
21378,2.92983,
21379,2.85665,
21380,2.98901,
21381,2.96624,
21382,2.89438,
21383,2.91625,
21384,2.98808,
21385,3.18799,
21386,3.13227,
21387,3.13378,
21388,2.92812,
21389,2.99912,
21390,2.95795,
21391,3.19565,
21392,3.1651,
21393,3.10245,
21394,3.11565,
21395,3.25093,
21396,2.98208,
21397,3.09699,
21398,3.03851,
21399,2.89651,
21400,3.15383,
21401,3.08343,
21402,3.23901,
21403,3.10184,
21404,2.79645,
21405,2.85764,
21406,3.00862,
21407,2.86898,
21408,2.9389,
21409,2.77611,
21410,2.89828,
21411,3.13984,
21412,3.2524,
21413,3.04232,
21414,3.18993,
21415,3.09942,
21416,3.14769,
21417,3.08744,
21418,3.18926,
21419,3.18574,
21420,3.17462,
21421,3.11331,
21422,3.1128,
21423,3.10889,
21424,3.01572,
21425,3.14543,
21426,2.76541,
21427,2.92851,
21428,3.11916,
21429,2.98745,
21430,3.03038,
21431,2.82089,
21432,2.94996,
21433,3.10552,
21434,2.8553,
21435,2.94747,
21436,2.88564,
21437,2.82947,
21438,2.94572,
21439,2.78092,
21440,2.83709,
21441,2.86528,
21442,2.97152,
21443,2.88103,
21444,3.00498,
21445,3.05813,
21446,3.02083,
21447,2.87307,
21448,2.93735,
21449,2.99339,
21450,2.97893,
21451,2.84674,
21452,3.16225,
21453,3.08171,
21454,3.08513,
21455,3.14299,
21456,3.04183,
21457,2.95205,
21458,3.10328,
21459,3.01674,
21460,3.07509,
21461,3.06085,
21462,3.20705,
21463,3.31321,
21464,3.18007,
21465,3.06799,
21466,3.04931,
21467,2.9593,
21468,2.98088,
21469,2.93198,
21470,2.9799,
21471,2.85588,
21472,3.01951,
21473,2.92681,
21474,3.08523,
21475,2.92259,
21476,3.03488,
21477,3.15742,
21478,3.14705,
21479,3.28532,
21480,2.96395,
21481,2.80829,
21482,3.0753,
21483,2.80563,
21484,3.06218,
21485,3.16659,
21486,3.2486,
21487,3.27901,
21488,3.23485,
21489,3.01296,
21490,3.22428,
21491,3.11403,
21492,3.09569,
21493,3.06742,
21494,3.27242,
21495,2.99106,
21496,3.21299,
21497,2.81989,
21498,3.18891,
21499,3.20036,
21500,3.34444,
21501,3.06106,
21502,3.13446,
21503,3.21365,
21504,2.97565,
21505,3.16896,
21506,2.83252,
21507,2.97211,
21508,2.99098,
21509,3.22857,
21510,3.19616,
21511,2.79694,
21512,3.04702,
21513,2.99868,
21514,3.10405,
21515,3.08106,
21516,3.26506,
21517,3.09628,
21518,2.98045,
21519,3.11653,
21520,3.14683,
21521,2.9896,
21522,2.92328,
21523,2.90969,
21524,3.23532,
21525,3.29613,
21526,3.22642,
21527,3.20489,
21528,3.09857,
21529,3.1007,
21530,2.96135,
21531,3.22555,
21532,3.08024,
21533,3.17357,
21534,3.12773,
21535,3.14811,
21536,3.07822,
21537,3.16984,
21538,3.11794,
21539,3.01469,
21540,3.1145,
21541,3.21757,
21542,2.94367,
21543,3.29653,
21544,3.13281,
21545,3.02211,
21546,2.90982,
21547,3.13542,
21548,3.11878,
21549,3.02166,
21550,2.98485,
21551,3.15796,
21552,2.94915,
21553,2.94235,
21554,3.05167,
21555,2.96979,
21556,3.03734,
21557,3.15658,
21558,3.18031,
21559,2.99841,
21560,2.97591,
21561,2.94839,
21562,3.13063,
21563,3.15221,
21564,2.76318,
21565,3.00826,
21566,3.01605,
21567,3.09146,
21568,3.15051,
21569,3.13747,
21570,2.89904,
21571,3.01628,
21572,3.07921,
21573,2.7834,
21574,2.87829,
21575,3.24366,
21576,3.02765,
21577,3.09178,
21578,2.87179,
21579,2.87181,
21580,3.07467,
21581,3.00422,
21582,2.87958,
21583,3.18583,
21584,3.09636,
21585,2.81778,
21586,2.94197,
21587,2.86354,
21588,2.98901,
21589,2.85236,
21590,2.98252,
21591,3.11743,
21592,3.03893,
21593,3.20503,
21594,3.23194,
21595,3.1038,
21596,3.2074,
21597,2.98628,
21598,3.07118,
21599,3.17836,
21600,3.13655,
21601,3.23236,
21602,3.33626,
21603,3.41164,
21604,4.24272,
21605,3.11283,
21606,3.08864,
21607,3.13688,
21608,3.11568,
21609,3.01386,
21610,3.12634,
21611,3.07147,
21612,3.09689,
21613,3.00718,
21614,3.58897,
21615,3.10358,
21616,3.08516,
21617,2.74685,
21618,2.89339,
21619,3.15519,
21620,3.11663,
21621,3.24432,
21622,3.2961,
21623,3.09442,
21624,3.17053,
21625,3.16408,
21626,3.06075,
21627,3.32623,
21628,3.07815,
21629,3.08647,
21630,3.20499,
21631,3.25518,
21632,3.11262,
21633,3.03009,
21634,3.03985,
21635,3.01222,
21636,3.06147,
21637,2.94824,
21638,2.74843,
21639,3.15924,
21640,3.01397,
21641,2.85225,
21642,2.90504,
21643,2.9853,
21644,3.08583,
21645,3.08538,
21646,3.02169,
21647,3.08028,
21648,2.79608,
21649,2.98385,
21650,2.76102,
21651,3.08539,
21652,2.94921,
21653,3.00258,
21654,3.02462,
21655,2.98637,
21656,2.99049,
21657,2.97094,
21658,2.91148,
21659,2.83995,
21660,3.01526,
21661,2.98615,
21662,2.68843,
21663,2.79776,
21664,2.82272,
21665,2.97574,
21666,2.99482,
21667,2.93858,
21668,2.95707,
21669,2.99267,
21670,3.0429,
21671,2.79787,
21672,3.10233,
21673,2.95803,
21674,2.98949,
21675,2.95451,
21676,3.11299,
21677,3.24321,
21678,3.17567,
21679,2.97305,
21680,2.91681,
21681,3.27734,
21682,3.07461,
21683,3.10482,
21684,2.98861,
21685,2.873,
21686,2.91705,
21687,3.0869,
21688,2.6898,
21689,2.74155,
21690,2.53929,
21691,2.8161,
21692,2.97016,
21693,3.08426,
21694,3.06788,
21695,3.09646,
21696,2.94852,
21697,2.80136,
21698,2.87147,
21699,2.99375,
21700,3.15801,
21701,2.93849,
21702,2.90702,
21703,2.55567,
21704,2.61942,
21705,3.09639,
21706,2.75992,
21707,2.97269,
21708,2.71759,
21709,2.89317,
21710,2.72441,
21711,2.74885,
21712,2.74114,
21713,2.82669,
21714,2.77778,
21715,2.72227,
21716,2.80456,
21717,3.03017,
21718,2.71868,
21719,2.99506,
21720,2.98118,
21721,3.2752,
21722,3.24539,
21723,3.2372,
21724,3.27595,
21725,3.23381,
21726,3.22579,
21727,3.05482,
21728,2.82954,
21729,3.09156,
21730,2.9262,
21731,2.95708,
21732,3.15789,
21733,3.04858,
21734,3.10823,
21735,3.01989,
21736,2.97996,
21737,2.89981,
21738,3.02258,
21739,3.10024,
21740,3.03291,
21741,3.00759,
21742,2.96427,
21743,2.84894,
21744,3.22288,
21745,2.90001,
21746,2.90754,
21747,3.03129,
21748,3.05089,
21749,2.91015,
21750,3.33521,
21751,3.1557,
21752,3.32973,
21753,3.11741,
21754,3.21906,
21755,3.14284,
21756,3.07622,
21757,3.12888,
21758,3.06051,
21759,3.06924,
21760,3.07991,
21761,3.08352,
21762,3.01194,
21763,2.92145,
21764,3.03116,
21765,2.95435,
21766,2.95979,
21767,2.70862,
21768,2.81073,
21769,2.71107,
21770,2.91307,
21771,2.97699,
21772,2.75044,
21773,2.87906,
21774,2.81892,
21775,2.99771,
21776,2.88741,
21777,2.93768,
21778,2.9884,
21779,3.05479,
21780,3.13102,
21781,3.15494,
21782,3.07892,
21783,3.16188,
21784,3.07549,
21785,3.20522,
21786,3.15129,
21787,3.14396,
21788,3.19235,
21789,3.03692,
21790,3.00814,
21791,2.79419,
21792,3.05379,
21793,2.99803,
21794,3.13245,
21795,3.04559,
21796,2.90685,
21797,2.98879,
21798,2.91463,
21799,2.96513,
21800,3.08925,
21801,3.1593,
21802,2.96248,
21803,2.89445,
21804,2.94914,
21805,3.17101,
21806,3.15413,
21807,3.19786,
21808,3.00721,
21809,3.25347,
21810,3.0702,
21811,3.14414,
21812,3.30268,
21813,3.07619,
21814,2.94771,
21815,2.89839,
21816,3.17171,
21817,3.1761,
21818,3.07095,
21819,3.07917,
21820,3.05114,
21821,3.2561,
21822,3.15792,
21823,3.35595,
21824,2.94468,
21825,3.0387,
21826,2.78835,
21827,2.94602,
21828,2.98449,
21829,2.9403,
21830,2.92838,
21831,3.15639,
21832,3.0508,
21833,2.96844,
21834,2.78316,
21835,2.91963,
21836,3.031,
21837,2.99946,
21838,2.91513,
21839,3.30656,
21840,3.24151,
21841,3.2349,
21842,3.11609,
21843,3.01526,
21844,3.1551,
21845,2.94362,
21846,3.21763,
21847,3.2493,
21848,3.17291,
21849,3.18778,
21850,3.38507,
21851,3.52096,
21852,3.10736,
21853,3.16017,
21854,3.1735,
21855,3.2581,
21856,3.4413,
21857,3.16355,
21858,3.10873,
21859,3.09545,
21860,2.98806,
21861,3.07288,
21862,3.05955,
21863,3.09352,
21864,3.02069,
21865,2.89533,
21866,3.10765,
21867,3.51806,
21868,3.50609,
21869,3.44439,
21870,3.4475,
21871,3.43412,
21872,3.46628,
21873,3.37825,
21874,3.40532,
21875,3.37504,
21876,3.40029,
21877,3.40829,
21878,3.41272,
21879,3.37977,
21880,3.27348,
21881,3.36258,
21882,3.41785,
21883,3.33842,
21884,3.29533,
21885,3.22081,
21886,3.11746,
21887,3.35811,
21888,3.18885,
21889,3.13065,
21890,3.13257,
21891,3.13002,
21892,3.00499,
21893,3.2168,
21894,3.03406,
21895,3.11162,
21896,3.09981,
21897,2.90149,
21898,2.80853,
21899,3.10399,
21900,3.30638,
21901,3.16324,
21902,2.854,
21903,3.08079,
21904,3.07789,
21905,2.99235,
21906,3.06633,
21907,3.1763,
21908,2.94439,
21909,3.07832,
21910,2.97559,
21911,2.97225,
21912,3.22369,
21913,3.09262,
21914,3.08746,
21915,3.09536,
21916,2.99527,
21917,2.94197,
21918,2.89491,
21919,2.91364,
21920,3.06569,
21921,2.97938,
21922,2.91587,
21923,3.10433,
21924,2.9967,
21925,2.95924,
21926,3.00222,
21927,2.8523,
21928,2.84167,
21929,3.05154,
21930,2.78726,
21931,2.8498,
21932,2.89913,
21933,2.98153,
21934,2.86839,
21935,2.83862,
21936,2.93935,
21937,2.8794,
21938,2.94163,
21939,2.96103,
21940,3.02838,
21941,3.07151,
21942,3.05557,
21943,2.91877,
21944,3.10416,
21945,2.81905,
21946,2.97696,
21947,2.98736,
21948,2.92383,
21949,3.24056,
21950,2.91555,
21951,2.87301,
21952,3.08311,
21953,2.93823,
21954,2.76956,
21955,2.93902,
21956,3.16281,
21957,2.6801,
21958,2.79939,
21959,3.02181,
21960,2.75927,
21961,2.94787,
21962,2.90183,
21963,2.82841,
21964,2.74206,
21965,3.17776,
21966,3.07501,
21967,3.08964,
21968,3.00413,
21969,3.20475,
21970,3.11642,
21971,3.2003,
21972,3.07379,
21973,2.98464,
21974,3.13401,
21975,3.04541,
21976,3.07723,
21977,3.02335,
21978,3.03637,
21979,3.07696,
21980,2.76688,
21981,2.96729,
21982,3.02771,
21983,3.09089,
21984,3.04787,
21985,2.68883,
21986,2.92276,
21987,2.99539,
21988,2.89391,
21989,2.63625,
21990,2.79008,
21991,2.86108,
21992,2.8484,
21993,2.90281,
21994,2.62383,
21995,2.70239,
21996,2.7022,
21997,2.87871,
21998,2.92978,
21999,3.47007,
22000,3.32584,
22001,3.1657,
22002,3.09759,
22003,3.22806,
22004,3.28543,
22005,3.02861,
22006,3.22461,
22007,3.05728,
22008,3.06393,
22009,2.96348,
22010,3.29129,
22011,3.12157,
22012,3.05561,
22013,3.19087,
22014,3.18282,
22015,3.07801,
22016,3.14944,
22017,2.98015,
22018,3.15944,
22019,3.14436,
22020,3.00085,
22021,2.93726,
22022,3.0174,
22023,3.04991,
22024,3.17086,
22025,3.15873,
22026,3.08032,
22027,3.14531,
22028,3.04008,
22029,3.08138,
22030,3.22594,
22031,3.16564,
22032,3.05588,
22033,3.07635,
22034,3.12428,
22035,2.93931,
22036,3.02708,
22037,3.07766,
22038,3.20727,
22039,2.97163,
22040,3.00901,
22041,2.91861,
22042,3.0903,
22043,3.09873,
22044,3.09617,
22045,2.81304,
22046,3.04867,
22047,2.95463,
22048,2.89599,
22049,3.03006,
22050,3.11658,
22051,3.04318,
22052,2.94659,
22053,2.98274,
22054,3.04864,
22055,2.98137,
22056,2.93621,
22057,2.84038,
22058,2.89663,
22059,2.8671,
22060,3.00344,
22061,2.75381,
22062,2.75327,
22063,2.83272,
22064,2.90312,
22065,2.91139,
22066,2.85834,
22067,2.6572,
22068,2.89228,
22069,2.77202,
22070,2.90021,
22071,2.76074,
22072,2.84207,
22073,2.99948,
22074,2.93955,
22075,2.97851,
22076,2.68799,
22077,2.86111,
22078,2.79529,
22079,2.87041,
22080,3.02435,
22081,2.66954,
22082,2.79247,
22083,2.68655,
22084,2.65528,
22085,2.89149,
22086,2.9032,
22087,2.87967,
22088,2.78613,
22089,2.9949,
22090,2.85311,
22091,3.01082,
22092,3.10494,
22093,3.13193,
22094,3.09664,
22095,3.09127,
22096,3.39384,
22097,3.08789,
22098,2.9568,
22099,3.19224,
22100,3.028,
22101,3.12508,
22102,3.17772,
22103,3.09609,
22104,3.04574,
22105,3.06848,
22106,2.85394,
22107,3.06605,
22108,3.0196,
22109,2.90574,
22110,3.01107,
22111,2.99175,
22112,2.78958,
22113,2.97007,
22114,2.999,
22115,2.8575,
22116,2.91365,
22117,3.01125,
22118,3.15755,
22119,2.94514,
22120,3.02876,
22121,2.93941,
22122,3.26952,
22123,3.29081,
22124,3.3416,
22125,3.3264,
22126,3.34471,
22127,3.27934,
22128,3.22453,
22129,3.34534,
22130,3.18173,
22131,3.26828,
22132,3.30584,
22133,3.29506,
22134,3.11653,
22135,3.31668,
22136,3.25044,
22137,3.28163,
22138,3.3573,
22139,3.2144,
22140,3.24626,
22141,3.20242,
22142,3.2448,
22143,3.19222,
22144,3.30156,
22145,2.78845,
22146,2.87489,
22147,2.80326,
22148,2.64345,
22149,2.70681,
22150,2.66261,
22151,2.94278,
22152,2.51185,
22153,2.75083,
22154,2.69706,
22155,2.78526,
22156,2.82023,
22157,2.61144,
22158,2.6613,
22159,2.86957,
22160,3.02929,
22161,2.95646,
22162,2.64814,
22163,2.66765,
22164,3.22633,
22165,3.30593,
22166,3.23693,
22167,3.24499,
22168,3.18166,
22169,3.20278,
22170,3.12027,
22171,2.94563,
22172,3.05182,
22173,3.16999,
22174,3.03644,
22175,3.09429,
22176,3.23707,
22177,3.2514,
22178,3.13053,
22179,3.02145,
22180,2.86121,
22181,3.04205,
22182,3.02043,
22183,3.01721,
22184,2.80036,
22185,2.79055,
22186,2.76204,
22187,2.97182,
22188,2.96815,
22189,2.90483,
22190,3.07976,
22191,3.03925,
22192,3.09873,
22193,3.04594,
22194,3.16016,
22195,3.04429,
22196,2.9131,
22197,3.03468,
22198,2.85819,
22199,2.83408,
22200,2.82406,
22201,3.04182,
22202,3.1346,
22203,3.00082,
22204,2.81062,
22205,2.78284,
22206,2.67836,
22207,2.57469,
22208,2.6653,
22209,2.65315,
22210,2.93649,
22211,2.62479,
22212,2.67997,
22213,2.74938,
22214,2.9698,
22215,2.87107,
22216,3.08571,
22217,2.73739,
22218,3.19733,
22219,2.9135,
22220,3.2474,
22221,3.43344,
22222,3.16249,
22223,3.28239,
22224,3.14422,
22225,3.05575,
22226,3.16564,
22227,3.14154,
22228,2.99916,
22229,2.88399,
22230,2.84644,
22231,2.99734,
22232,2.95566,
22233,2.99895,
22234,3.05968,
22235,2.90622,
22236,3.06224,
22237,2.81167,
22238,3.07615,
22239,3.02091,
22240,2.78586,
22241,2.77962,
22242,3.04523,
22243,2.72733,
22244,2.79588,
22245,2.73072,
22246,2.65097,
22247,2.65675,
22248,2.74513,
22249,3.25247,
22250,3.22673,
22251,3.38774,
22252,3.34319,
22253,3.34874,
22254,3.22338,
22255,2.993,
22256,3.07319,
22257,3.05073,
22258,3.15715,
22259,3.40841,
22260,3.19579,
22261,3.1563,
22262,3.0239,
22263,2.95533,
22264,3.26996,
22265,3.24685,
22266,3.31743,
22267,3.1178,
22268,3.32788,
22269,2.99353,
22270,3.06348,
22271,3.07307,
22272,3.10693,
22273,2.9577,
22274,2.9969,
22275,2.91884,
22276,2.87775,
22277,3.12066,
22278,2.8374,
22279,2.84956,
22280,2.99068,
22281,3.0476,
22282,3.07093,
22283,2.93435,
22284,2.98388,
22285,2.8631,
22286,2.94475,
22287,2.8255,
22288,2.8407,
22289,2.9658,
22290,2.67683,
22291,2.80522,
22292,3.01622,
22293,2.91925,
22294,3.34348,
22295,3.37391,
22296,3.2832,
22297,3.40794,
22298,3.26822,
22299,3.25339,
22300,3.11015,
22301,3.15606,
22302,2.93708,
22303,2.99026,
22304,2.94322,
22305,2.95187,
22306,3.22264,
22307,3.19025,
22308,3.08139,
22309,3.24135,
22310,3.18555,
22311,2.91294,
22312,2.96341,
22313,2.98078,
22314,2.84214,
22315,2.98873,
22316,3.13679,
22317,3.11832,
22318,3.18536,
22319,3.32504,
22320,3.28316,
22321,2.75628,
22322,2.92557,
22323,3.11301,
22324,3.15366,
22325,3.19345,
22326,3.16132,
22327,3.22635,
22328,3.20528,
22329,3.28434,
22330,3.04748,
22331,3.0249,
22332,3.21156,
22333,2.8769,
22334,3.12652,
22335,3.13437,
22336,3.08599,
22337,3.05573,
22338,3.05199,
22339,3.30867,
22340,3.12894,
22341,3.24803,
22342,3.09648,
22343,3.25507,
22344,3.16514,
22345,3.21453,
22346,3.00532,
22347,3.09311,
22348,3.03585,
22349,2.89869,
22350,2.99174,
22351,2.90941,
22352,3.02502,
22353,3.01367,
22354,3.10578,
22355,2.79223,
22356,2.99793,
22357,3.17002,
22358,3.07232,
22359,2.966,
22360,2.9292,
22361,3.18696,
22362,2.9277,
22363,3.0834,
22364,2.33867,
22365,3.24203,
22366,3.1178,
22367,3.29111,
22368,3.36004,
22369,3.6224,
22370,3.20695,
22371,3.32083,
22372,3.15096,
22373,3.2837,
22374,3.22879,
22375,3.24835,
22376,3.21084,
22377,3.01691,
22378,3.03889,
22379,3.1554,
22380,3.26084,
22381,3.01406,
22382,3.19404,
22383,3.26841,
22384,3.12176,
22385,3.09216,
22386,3.08427,
22387,3.10305,
22388,3.20335,
22389,3.1662,
22390,3.17259,
22391,3.15185,
22392,3.01294,
22393,3.24301,
22394,3.27614,
22395,2.98988,
22396,3.10684,
22397,2.96174,
22398,2.89855,
22399,2.87971,
22400,2.72832,
22401,3.06963,
22402,2.97105,
22403,2.89607,
22404,2.97828,
22405,3.10574,
22406,2.94912,
22407,2.90111,
22408,2.9259,
22409,2.87332,
22410,3.05235,
22411,2.86976,
22412,2.99236,
22413,3.1045,
22414,2.94848,
22415,3.12747,
22416,3.1382,
22417,3.04494,
22418,2.99463,
22419,2.99753,
22420,3.20041,
22421,3.06939,
22422,3.05409,
22423,3.0718,
22424,3.14388,
22425,2.98191,
22426,2.77946,
22427,2.95644,
22428,2.8904,
22429,3.00547,
22430,2.99816,
22431,2.71299,
22432,3.04746,
22433,3.14023,
22434,3.04311,
22435,2.95552,
22436,2.90068,
22437,3.1464,
22438,2.92627,
22439,2.67069,
22440,2.98663,
22441,2.95181,
22442,3.19938,
22443,2.92229,
22444,2.84559,
22445,2.99868,
22446,2.95844,
22447,2.86888,
22448,2.91323,
22449,2.98466,
22450,3.17524,
22451,3.12834,
22452,3.1336,
22453,2.89636,
22454,2.98175,
22455,2.93502,
22456,3.16809,
22457,3.16091,
22458,3.09141,
22459,3.10955,
22460,3.24149,
22461,2.97629,
22462,3.08982,
22463,3.03469,
22464,2.89228,
22465,3.13729,
22466,3.09314,
22467,3.23006,
22468,3.09422,
22469,2.78794,
22470,2.85145,
22471,3.00685,
22472,2.86457,
22473,2.92103,
22474,2.76815,
22475,2.89495,
22476,3.13905,
22477,3.23979,
22478,3.03343,
22479,3.179,
22480,3.09038,
22481,3.15103,
22482,3.07364,
22483,3.19173,
22484,3.16945,
22485,3.1713,
22486,3.10732,
22487,3.10382,
22488,3.09555,
22489,3.00255,
22490,3.14355,
22491,2.75736,
22492,2.92097,
22493,3.11884,
22494,2.96956,
22495,3.03409,
22496,2.82867,
22497,2.94373,
22498,3.0912,
22499,2.84025,
22500,2.93876,
22501,2.88183,
22502,2.81141,
22503,2.93878,
22504,2.7579,
22505,2.83862,
22506,2.84559,
22507,2.96374,
22508,2.87249,
22509,3.0063,
22510,3.05608,
22511,3.00413,
22512,2.86614,
22513,2.93347,
22514,2.97386,
22515,2.96111,
22516,2.83472,
22517,3.13724,
22518,3.05964,
22519,3.07536,
22520,3.1178,
22521,3.0314,
22522,2.94957,
22523,3.07894,
22524,3.00424,
22525,3.06122,
22526,3.05471,
22527,3.18747,
22528,3.29345,
22529,3.18223,
22530,3.06546,
22531,3.03937,
22532,2.9497,
22533,2.96958,
22534,2.92353,
22535,2.9764,
22536,2.84079,
22537,3.01747,
22538,2.91296,
22539,3.07432,
22540,2.91342,
22541,3.02988,
22542,3.14314,
22543,3.13415,
22544,3.2841,
22545,2.95894,
22546,2.81148,
22547,3.0696,
22548,2.77799,
22549,3.06248,
22550,3.15391,
22551,3.23643,
22552,3.26111,
22553,3.22889,
22554,3.01721,
22555,3.21602,
22556,3.11216,
22557,3.07375,
22558,3.07205,
22559,3.24981,
22560,2.97508,
22561,3.21232,
22562,2.82212,
22563,3.18283,
22564,3.18185,
22565,3.34926,
22566,3.04816,
22567,3.12691,
22568,3.2011,
22569,2.94404,
22570,3.15616,
22571,2.82439,
22572,2.95865,
22573,2.97719,
22574,3.22213,
22575,3.19489,
22576,2.79636,
22577,3.04748,
22578,2.98275,
22579,3.10104,
22580,3.08126,
22581,3.26073,
22582,3.08353,
22583,2.97961,
22584,3.09627,
22585,3.13486,
22586,2.97576,
22587,2.92764,
22588,2.90389,
22589,3.21406,
22590,3.27984,
22591,3.22052,
22592,3.19655,
22593,3.09712,
22594,3.08711,
22595,2.94541,
22596,3.22449,
22597,3.08116,
22598,3.16182,
22599,3.10868,
22600,3.12462,
22601,3.06697,
22602,3.16778,
22603,3.11983,
22604,3.0052,
22605,3.10742,
22606,3.20631,
22607,2.93288,
22608,3.29638,
22609,3.13533,
22610,3.01677,
22611,2.91427,
22612,3.13107,
22613,3.10713,
22614,2.99502,
22615,2.97012,
22616,3.15762,
22617,2.95609,
22618,2.93401,
22619,3.04846,
22620,2.96019,
22621,3.00689,
22622,3.156,
22623,3.15659,
22624,2.99124,
22625,2.96682,
22626,2.9424,
22627,3.12649,
22628,3.14214,
22629,2.77522,
22630,3.00114,
22631,3.01261,
22632,3.06746,
22633,3.14465,
22634,3.13315,
22635,2.8895,
22636,3.01103,
22637,3.07961,
22638,2.76714,
22639,2.85644,
22640,3.23953,
22641,3.01954,
22642,3.07993,
22643,2.87065,
22644,2.85892,
22645,3.0571,
22646,3.00441,
22647,2.87071,
22648,3.17613,
22649,3.08224,
22650,2.81178,
22651,2.95275,
22652,2.84754,
22653,2.99496,
22654,2.86392,
22655,2.96094,
22656,3.10184,
22657,3.02847,
22658,3.19682,
22659,3.22425,
22660,3.08734,
22661,3.20853,
22662,2.98039,
22663,3.05423,
22664,3.17362,
22665,3.12584,
22666,3.21887,
22667,3.32494,
22668,3.41019,
22669,4.23955,
22670,3.11544,
22671,3.08705,
22672,3.13469,
22673,3.10318,
22674,3.00514,
22675,3.1294,
22676,3.07513,
22677,3.07527,
22678,3.00407,
22679,3.58683,
22680,3.10314,
22681,3.07642,
22682,2.74517,
22683,2.8895,
22684,3.15111,
22685,3.11346,
22686,3.22523,
22687,3.29127,
22688,3.08993,
22689,3.15706,
22690,3.14892,
22691,3.05461,
22692,3.30032,
22693,3.06585,
22694,3.07535,
22695,3.19707,
22696,3.2424,
22697,3.09781,
22698,3.01477,
22699,3.03041,
22700,2.99962,
22701,3.04928,
22702,2.95492,
22703,2.7435,
22704,3.14726,
22705,3.00008,
22706,2.84774,
22707,2.89675,
22708,2.97311,
22709,3.09365,
22710,3.0584,
22711,3.0128,
22712,3.07434,
22713,2.78807,
22714,2.97051,
22715,2.74733,
22716,3.08366,
22717,2.93572,
22718,2.96827,
22719,3.00765,
22720,2.97321,
22721,2.98658,
22722,2.96619,
22723,2.88703,
22724,2.81673,
22725,2.99575,
22726,2.98574,
22727,2.6769,
22728,2.78135,
22729,2.79085,
22730,2.96254,
22731,2.9834,
22732,2.9323,
22733,2.93915,
22734,2.98091,
22735,3.03902,
22736,2.79839,
22737,3.10475,
22738,2.94721,
22739,2.99213,
22740,2.95358,
22741,3.10355,
22742,3.23878,
22743,3.1561,
22744,2.97329,
22745,2.9115,
22746,3.29426,
22747,3.06234,
22748,3.09147,
22749,2.98468,
22750,2.86252,
22751,2.90994,
22752,3.08057,
22753,2.68676,
22754,2.7351,
22755,2.5542,
22756,2.81007,
22757,2.9639,
22758,3.07459,
22759,3.06392,
22760,3.09029,
22761,2.95335,
22762,2.78166,
22763,2.86533,
22764,2.99446,
22765,3.15333,
22766,2.92541,
22767,2.89754,
22768,2.52801,
22769,2.61607,
22770,3.08567,
22771,2.7466,
22772,2.95688,
22773,2.72396,
22774,2.87947,
22775,2.70807,
22776,2.75805,
22777,2.73814,
22778,2.81681,
22779,2.78331,
22780,2.72726,
22781,2.79596,
22782,3.02245,
22783,2.73758,
22784,2.98247,
22785,2.97529,
22786,3.24513,
22787,3.24419,
22788,3.22745,
22789,3.26175,
22790,3.21153,
22791,3.22583,
22792,3.03241,
22793,2.8101,
22794,3.08665,
22795,2.92425,
22796,2.94806,
22797,3.16249,
22798,3.03575,
22799,3.0964,
22800,2.99812,
22801,2.9648,
22802,2.89255,
22803,3.00662,
22804,3.09768,
22805,3.02624,
22806,2.99797,
22807,2.96582,
22808,2.85381,
22809,3.21516,
22810,2.8926,
22811,2.89091,
22812,3.01532,
22813,3.03966,
22814,2.90651,
22815,3.32772,
22816,3.16179,
22817,3.29842,
22818,3.09556,
22819,3.22047,
22820,3.13894,
22821,3.08677,
22822,3.11739,
22823,3.04084,
22824,3.03931,
22825,3.06631,
22826,3.08172,
22827,2.99976,
22828,2.9061,
22829,3.03477,
22830,2.94043,
22831,2.95512,
22832,2.70087,
22833,2.80849,
22834,2.68737,
22835,2.90262,
22836,2.96573,
22837,2.75116,
22838,2.86122,
22839,2.8037,
22840,2.97765,
22841,2.87103,
22842,2.93245,
22843,2.94596,
22844,3.03632,
22845,3.12443,
22846,3.1373,
22847,3.05911,
22848,3.14392,
22849,3.0563,
22850,3.2002,
22851,3.14489,
22852,3.13983,
22853,3.16842,
22854,3.02468,
22855,3.0046,
22856,2.77408,
22857,3.04094,
22858,2.99418,
22859,3.1055,
22860,3.02186,
22861,2.90254,
22862,2.97993,
22863,2.91699,
22864,2.95993,
22865,3.08817,
22866,3.15323,
22867,2.96204,
22868,2.88957,
22869,2.94038,
22870,3.15609,
22871,3.13836,
22872,3.19194,
22873,3.00822,
22874,3.24021,
22875,3.06821,
22876,3.13443,
22877,3.29998,
22878,3.04909,
22879,2.95068,
22880,2.88447,
22881,3.16811,
22882,3.16704,
22883,3.05964,
22884,3.06373,
22885,3.04672,
22886,3.2435,
22887,3.14869,
22888,3.35076,
22889,2.93952,
22890,3.01685,
22891,2.7963,
22892,2.94421,
22893,2.97102,
22894,2.94021,
22895,2.92453,
22896,3.17465,
22897,3.0393,
22898,2.97013,
22899,2.77043,
22900,2.91787,
22901,3.01919,
22902,2.9868,
22903,2.92734,
22904,3.28547,
22905,3.23134,
22906,3.22429,
22907,3.11552,
22908,2.99976,
22909,3.14001,
22910,2.93468,
22911,3.21549,
22912,3.24383,
22913,3.15263,
22914,3.18636,
22915,3.37779,
22916,3.51013,
22917,3.08708,
22918,3.155,
22919,3.16401,
22920,3.24948,
22921,3.43459,
22922,3.15914,
22923,3.08396,
22924,3.08985,
22925,2.98502,
22926,3.06206,
22927,3.05085,
22928,3.08975,
22929,3.0007,
22930,2.89801,
22931,3.10241,
22932,3.4905,
22933,3.49898,
22934,3.43408,
22935,3.44107,
22936,3.42024,
22937,3.45607,
22938,3.37581,
22939,3.40394,
22940,3.3669,
22941,3.39521,
22942,3.4093,
22943,3.40091,
22944,3.37022,
22945,3.26917,
22946,3.36472,
22947,3.42265,
22948,3.33841,
22949,3.29236,
22950,3.21962,
22951,3.11932,
22952,3.34197,
22953,3.16438,
22954,3.11662,
22955,3.12582,
22956,3.11736,
22957,3.00714,
22958,3.21589,
22959,3.03091,
22960,3.10311,
22961,3.09896,
22962,2.88617,
22963,2.81424,
22964,3.1059,
22965,3.30239,
22966,3.15934,
22967,2.86403,
22968,3.06821,
22969,3.07657,
22970,2.98556,
22971,3.06178,
22972,3.15157,
22973,2.92616,
22974,3.06487,
22975,2.96186,
22976,2.9436,
22977,3.21658,
22978,3.08356,
22979,3.07497,
22980,3.08808,
22981,2.99017,
22982,2.94448,
22983,2.88935,
22984,2.91835,
22985,3.04856,
22986,2.96796,
22987,2.91547,
22988,3.09566,
22989,2.98704,
22990,2.97037,
22991,3.01137,
22992,2.8441,
22993,2.83693,
22994,3.05517,
22995,2.77864,
22996,2.85138,
22997,2.8854,
22998,2.97138,
22999,2.86668,
23000,2.83466,
23001,2.9412,
23002,2.87233,
23003,2.93827,
23004,2.95226,
23005,3.01383,
23006,3.04332,
23007,3.04277,
23008,2.90542,
23009,3.08623,
23010,2.81764,
23011,2.96408,
23012,2.9764,
23013,2.92914,
23014,3.22313,
23015,2.90626,
23016,2.86101,
23017,3.06764,
23018,2.9337,
23019,2.7628,
23020,2.93561,
23021,3.15084,
23022,2.66286,
23023,2.79049,
23024,3.01438,
23025,2.75315,
23026,2.93487,
23027,2.89735,
23028,2.82044,
23029,2.7333,
23030,3.16572,
23031,3.059,
23032,3.08801,
23033,2.98071,
23034,3.19107,
23035,3.10039,
23036,3.20091,
23037,3.06309,
23038,2.9737,
23039,3.10163,
23040,3.03233,
23041,3.06889,
23042,3.02669,
23043,3.03717,
23044,3.06176,
23045,2.74476,
23046,2.97117,
23047,3.00993,
23048,3.08946,
23049,3.02622,
23050,2.68833,
23051,2.91445,
23052,2.98294,
23053,2.87522,
23054,2.60628,
23055,2.7832,
23056,2.86304,
23057,2.84452,
23058,2.87894,
23059,2.60534,
23060,2.69853,
23061,2.70085,
23062,2.88275,
23063,2.9359,
23064,3.44984,
23065,3.29773,
23066,3.14964,
23067,3.08109,
23068,3.2326,
23069,3.26819,
23070,3.00864,
23071,3.19776,
23072,3.05113,
23073,3.04115,
23074,2.96442,
23075,3.26799,
23076,3.10362,
23077,3.0472,
23078,3.16957,
23079,3.16438,
23080,3.05702,
23081,3.15092,
23082,2.96048,
23083,3.1537,
23084,3.12767,
23085,2.99331,
23086,2.93613,
23087,2.99832,
23088,3.03313,
23089,3.16236,
23090,3.15951,
23091,3.055,
23092,3.13713,
23093,3.03693,
23094,3.06934,
23095,3.22935,
23096,3.15009,
23097,3.03577,
23098,3.06781,
23099,3.1096,
23100,2.9196,
23101,3.03483,
23102,3.05763,
23103,3.20114,
23104,2.96492,
23105,3.01706,
23106,2.91995,
23107,3.09329,
23108,3.07911,
23109,3.09047,
23110,2.80782,
23111,3.04177,
23112,2.94659,
23113,2.89539,
23114,3.01835,
23115,3.11036,
23116,3.04015,
23117,2.94267,
23118,2.96425,
23119,3.03477,
23120,2.97434,
23121,2.92185,
23122,2.81149,
23123,2.89458,
23124,2.85203,
23125,3.00946,
23126,2.7429,
23127,2.74409,
23128,2.82333,
23129,2.89146,
23130,2.92008,
23131,2.84003,
23132,2.6527,
23133,2.88588,
23134,2.76874,
23135,2.89352,
23136,2.7578,
23137,2.84903,
23138,2.99361,
23139,2.93769,
23140,2.97457,
23141,2.68629,
23142,2.84846,
23143,2.77917,
23144,2.85944,
23145,3.01835,
23146,2.66218,
23147,2.77386,
23148,2.67886,
23149,2.65852,
23150,2.87404,
23151,2.89568,
23152,2.88071,
23153,2.80099,
23154,2.9906,
23155,2.84018,
23156,2.99656,
23157,3.10143,
23158,3.1117,
23159,3.08727,
23160,3.08596,
23161,3.38229,
23162,3.09305,
23163,2.95847,
23164,3.18302,
23165,3.02555,
23166,3.10407,
23167,3.17296,
23168,3.08343,
23169,3.04123,
23170,3.05855,
23171,2.8422,
23172,3.05381,
23173,3.01829,
23174,2.90822,
23175,3.01241,
23176,2.98489,
23177,2.78321,
23178,2.95666,
23179,2.994,
23180,2.85399,
23181,2.90076,
23182,2.99826,
23183,3.14093,
23184,2.93654,
23185,3.01946,
23186,2.93542,
23187,3.25302,
23188,3.29236,
23189,3.32031,
23190,3.30648,
23191,3.33529,
23192,3.27815,
23193,3.21609,
23194,3.34307,
23195,3.16862,
23196,3.26456,
23197,3.29734,
23198,3.28848,
23199,3.10985,
23200,3.31115,
23201,3.24246,
23202,3.265,
23203,3.35559,
23204,3.20812,
23205,3.22759,
23206,3.19797,
23207,3.23883,
23208,3.17876,
23209,3.30452,
23210,2.77282,
23211,2.85924,
23212,2.79437,
23213,2.62797,
23214,2.69605,
23215,2.65369,
23216,2.93501,
23217,2.49201,
23218,2.73491,
23219,2.68474,
23220,2.77541,
23221,2.80075,
23222,2.6065,
23223,2.64339,
23224,2.87336,
23225,3.02022,
23226,2.96099,
23227,2.63805,
23228,2.6553,
23229,3.22054,
23230,3.29032,
23231,3.22981,
23232,3.23069,
23233,3.17591,
23234,3.18554,
23235,3.09885,
23236,2.93206,
23237,3.04423,
23238,3.15199,
23239,3.02071,
23240,3.08814,
23241,3.21387,
23242,3.23313,
23243,3.11591,
23244,3.00295,
23245,2.86415,
23246,3.03723,
23247,2.99106,
23248,3.00191,
23249,2.78705,
23250,2.78851,
23251,2.75549,
23252,2.95192,
23253,2.9741,
23254,2.90373,
23255,3.06346,
23256,3.03651,
23257,3.08805,
23258,3.0263,
23259,3.15949,
23260,3.02832,
23261,2.89867,
23262,3.03117,
23263,2.85348,
23264,2.84901,
23265,2.81938,
23266,3.02969,
23267,3.13767,
23268,2.98706,
23269,2.78835,
23270,2.74516,
23271,2.66646,
23272,2.55789,
23273,2.63618,
23274,2.66475,
23275,2.92446,
23276,2.62087,
23277,2.6826,
23278,2.73665,
23279,2.96144,
23280,2.86941,
23281,3.07423,
23282,2.72185,
23283,3.19027,
23284,2.90384,
23285,3.2365,
23286,3.41625,
23287,3.14188,
23288,3.27083,
23289,3.14296,
23290,3.05535,
23291,3.15109,
23292,3.15541,
23293,2.99181,
23294,2.87135,
23295,2.86168,
23296,2.96685,
23297,2.94118,
23298,3.00303,
23299,3.04953,
23300,2.90087,
23301,3.06071,
23302,2.82143,
23303,3.06106,
23304,3.02119,
23305,2.799,
23306,2.76316,
23307,3.03939,
23308,2.71072,
23309,2.78427,
23310,2.73721,
23311,2.63445,
23312,2.64343,
23313,2.72837,
23314,3.25196,
23315,3.2062,
23316,3.385,
23317,3.31924,
23318,3.32745,
23319,3.22142,
23320,2.97898,
23321,3.07202,
23322,3.03654,
23323,3.15184,
23324,3.39762,
23325,3.18811,
23326,3.15721,
23327,3.02055,
23328,2.95626,
23329,3.26611,
23330,3.24527,
23331,3.32385,
23332,3.1021,
23333,3.32001,
23334,2.98069,
23335,3.06214,
23336,3.06614,
23337,3.10581,
23338,2.93405,
23339,2.98372,
23340,2.90416,
23341,2.8639,
23342,3.11811,
23343,2.82334,
23344,2.84569,
23345,2.99809,
23346,3.04423,
23347,3.05282,
23348,2.92653,
23349,2.97605,
23350,2.85893,
23351,2.93396,
23352,2.82133,
23353,2.82386,
23354,2.96393,
23355,2.67401,
23356,2.79988,
23357,3.00612,
23358,2.91336,
23359,3.31682,
23360,3.35605,
23361,3.27568,
23362,3.39256,
23363,3.25383,
23364,3.24824,
23365,3.08851,
23366,3.14769,
23367,2.92728,
23368,2.97842,
23369,2.93,
23370,2.95766,
23371,3.21299,
23372,3.19006,
23373,3.06914,
23374,3.2309,
23375,3.17971,
23376,2.91938,
23377,2.9504,
23378,2.9766,
23379,2.83781,
23380,2.97987,
23381,3.13043,
23382,3.10142,
23383,3.18086,
23384,3.31325,
23385,3.2721,
23386,2.74204,
23387,2.90518,
23388,3.12486,
23389,3.14023,
23390,3.18599,
23391,3.15777,
23392,3.22646,
23393,3.18375,
23394,3.26731,
23395,3.04648,
23396,3.02519,
23397,3.19788,
23398,2.86645,
23399,3.10739,
23400,3.1264,
23401,3.08368,
23402,3.05306,
23403,3.04432,
23404,3.3003,
23405,3.12758,
23406,3.22701,
23407,3.08276,
23408,3.24978,
23409,3.15808,
23410,3.20997,
23411,2.99759,
23412,3.08638,
23413,3.02977,
23414,2.89417,
23415,2.9971,
23416,2.91049,
23417,3.01855,
23418,3.00486,
23419,3.10394,
23420,2.78223,
23421,2.99605,
23422,3.15678,
23423,3.04942,
23424,2.95004,
23425,2.91846,
23426,3.16182,
23427,2.92751,
23428,3.07039,
23429,2.32268,
23430,3.21778,
23431,3.10987,
23432,3.29217,
23433,3.35117,
23434,3.61259,
23435,3.19433,
23436,3.31919,
23437,3.13327,
23438,3.25922,
23439,3.22628,
23440,3.24285,
23441,3.1973,
23442,2.99178,
23443,3.04144,
23444,3.1359,
23445,3.26218,
23446,3.00647,
23447,3.18364,
23448,3.2657,
23449,3.11141,
23450,3.08632,
23451,3.07563,
23452,3.08165,
23453,3.18271,
23454,3.16899,
23455,3.16756,
23456,3.14969,
23457,3.0073,
23458,3.2475,
23459,3.26767,
23460,2.98706,
23461,3.10408,
23462,2.94638,
23463,2.88393,
23464,2.87272,
23465,2.72794,
23466,3.07468,
23467,2.96003,
23468,2.87667,
23469,2.98273,
23470,3.09121,
23471,2.94563,
23472,2.88838,
23473,2.92396,
23474,2.86661,
23475,3.03966,
23476,2.85962,
23477,2.99983,
23478,3.09492,
23479,2.9374,
23480,3.11538,
23481,3.12556,
23482,3.02757,
23483,2.98222,
23484,2.98939,
23485,3.19394,
23486,3.05573,
23487,3.03562,
23488,3.07728,
23489,3.10976,
23490,2.97148,
23491,2.76395,
23492,2.94472,
23493,2.88738,
23494,2.98914,
23495,2.98686,
23496,2.70416,
23497,3.04999,
23498,3.12835,
23499,3.04527,
23500,2.95845,
23501,2.89395,
23502,3.14584,
23503,2.92132,
23504,2.66737,
23505,2.97072,
23506,2.95485,
23507,3.16967,
23508,2.91355,
23509,2.84016,
23510,2.96651,
23511,2.95313,
23512,2.85894,
23513,2.92137,
23514,2.97526,
23515,3.15575,
23516,3.11543,
23517,3.10968,
23518,2.88719,
23519,2.9866,
23520,2.92525,
23521,3.15876,
23522,3.16248,
23523,3.09064,
23524,3.10042,
23525,3.22911,
23526,2.95951,
23527,3.07754,
23528,3.02981,
23529,2.88485,
23530,3.13312,
23531,3.0785,
23532,3.23562,
23533,3.09725,
23534,2.77262,
23535,2.82748,
23536,2.99805,
23537,2.84337,
23538,2.91813,
23539,2.76805,
23540,2.88381,
23541,3.1241,
23542,3.22474,
23543,3.02633,
23544,3.17183,
23545,3.08461,
23546,3.12326,
23547,3.07597,
23548,3.17355,
23549,3.16484,
23550,3.16219,
23551,3.10053,
23552,3.09934,
23553,3.09218,
23554,2.9809,
23555,3.13972,
23556,2.75785,
23557,2.91197,
23558,3.11336,
23559,2.96306,
23560,3.01336,
23561,2.81441,
23562,2.93628,
23563,3.09031,
23564,2.82918,
23565,2.92133,
23566,2.8713,
23567,2.80584,
23568,2.92862,
23569,2.76275,
23570,2.84276,
23571,2.84204,
23572,2.96091,
23573,2.86548,
23574,2.99856,
23575,3.04621,
23576,2.99145,
23577,2.8626,
23578,2.91874,
23579,2.96014,
23580,2.95496,
23581,2.83443,
23582,3.1291,
23583,3.04938,
23584,3.06687,
23585,3.11555,
23586,3.02533,
23587,2.93897,
23588,3.08,
23589,3.00037,
23590,3.06367,
23591,3.04594,
23592,3.19033,
23593,3.29128,
23594,3.16702,
23595,3.04995,
23596,3.0261,
23597,2.95824,
23598,2.9598,
23599,2.90036,
23600,2.95492,
23601,2.83233,
23602,3.01439,
23603,2.90738,
23604,3.07461,
23605,2.90455,
23606,3.02315,
23607,3.14387,
23608,3.13938,
23609,3.26674,
23610,2.95585,
23611,2.80168,
23612,3.05544,
23613,2.77577,
23614,3.05445,
23615,3.14392,
23616,3.22939,
23617,3.24457,
23618,3.2268,
23619,3.01244,
23620,3.21762,
23621,3.10898,
23622,3.06519,
23623,3.06435,
23624,3.23615,
23625,2.96555,
23626,3.19841,
23627,2.8083,
23628,3.17627,
23629,3.16101,
23630,3.33563,
23631,3.03877,
23632,3.11476,
23633,3.18641,
23634,2.94234,
23635,3.15926,
23636,2.81091,
23637,2.95671,
23638,2.97807,
23639,3.21983,
23640,3.17675,
23641,2.78506,
23642,3.03051,
23643,2.98461,
23644,3.09186,
23645,3.0623,
23646,3.26394,
23647,3.09863,
23648,2.98733,
23649,3.09188,
23650,3.13089,
23651,2.97406,
23652,2.92095,
23653,2.8847,
23654,3.20669,
23655,3.28859,
23656,3.21265,
23657,3.18561,
23658,3.07878,
23659,3.09028,
23660,2.93176,
23661,3.19892,
23662,3.06561,
23663,3.16003,
23664,3.09793,
23665,3.11757,
23666,3.07033,
23667,3.17283,
23668,3.11316,
23669,2.99482,
23670,3.10251,
23671,3.20744,
23672,2.93171,
23673,3.28001,
23674,3.11627,
23675,3.00477,
23676,2.90255,
23677,3.11912,
23678,3.10988,
23679,2.98679,
23680,2.96859,
23681,3.14818,
23682,2.93564,
23683,2.93292,
23684,3.03176,
23685,2.94878,
23686,3.00046,
23687,3.13595,
23688,3.15977,
23689,2.98782,
23690,2.95308,
23691,2.93948,
23692,3.11544,
23693,3.13982,
23694,2.76343,
23695,2.99749,
23696,3.00812,
23697,3.07642,
23698,3.12913,
23699,3.1152,
23700,2.88471,
23701,3.00069,
23702,3.06439,
23703,2.76228,
23704,2.85146,
23705,3.21053,
23706,3.01568,
23707,3.06892,
23708,2.86194,
23709,2.85217,
23710,3.047,
23711,3.00236,
23712,2.85527,
23713,3.17489,
23714,3.07,
23715,2.8069,
23716,2.93403,
23717,2.84649,
23718,2.97741,
23719,2.84623,
23720,2.95057,
23721,3.09062,
23722,3.01699,
23723,3.18019,
23724,3.21268,
23725,3.10069,
23726,3.19309,
23727,2.96226,
23728,3.04138,
23729,3.16913,
23730,3.10399,
23731,3.2088,
23732,3.30597,
23733,3.40333,
23734,4.2276,
23735,3.09017,
23736,3.07546,
23737,3.12824,
23738,3.10011,
23739,2.99787,
23740,3.11615,
23741,3.05061,
23742,3.08994,
23743,2.99643,
23744,3.58921,
23745,3.07968,
23746,3.06939,
23747,2.72514,
23748,2.8951,
23749,3.13488,
23750,3.10137,
23751,3.22313,
23752,3.28086,
23753,3.08734,
23754,3.14723,
23755,3.14966,
23756,3.05277,
23757,3.29578,
23758,3.05245,
23759,3.06578,
23760,3.19228,
23761,3.22039,
23762,3.08375,
23763,3.00212,
23764,3.00341,
23765,2.98265,
23766,3.04442,
23767,2.93436,
23768,2.72861,
23769,3.14733,
23770,2.98627,
23771,2.83872,
23772,2.88999,
23773,2.96644,
23774,3.0716,
23775,3.04994,
23776,3.00811,
23777,3.06796,
23778,2.78021,
23779,2.95453,
23780,2.73639,
23781,3.0631,
23782,2.92516,
23783,2.95815,
23784,2.99201,
23785,2.96857,
23786,2.98694,
23787,2.95416,
23788,2.88295,
23789,2.80258,
23790,2.99426,
23791,2.96525,
23792,2.67607,
23793,2.77402,
23794,2.78227,
23795,2.95712,
23796,2.97244,
23797,2.9173,
23798,2.93552,
23799,2.98748,
23800,3.03396,
23801,2.78284,
23802,3.09684,
23803,2.94632,
23804,2.97661,
23805,2.93113,
23806,3.09405,
23807,3.22769,
23808,3.15452,
23809,2.9557,
23810,2.90565,
23811,3.26137,
23812,3.06462,
23813,3.08915,
23814,2.97251,
23815,2.85841,
23816,2.9061,
23817,3.07823,
23818,2.66954,
23819,2.723,
23820,2.52987,
23821,2.80194,
23822,2.94302,
23823,3.08992,
23824,3.04493,
23825,3.08084,
23826,2.94163,
23827,2.78078,
23828,2.85501,
23829,2.98625,
23830,3.1507,
23831,2.9281,
23832,2.88168,
23833,2.52209,
23834,2.59439,
23835,3.08011,
23836,2.75494,
23837,2.95401,
23838,2.70697,
23839,2.87785,
23840,2.70269,
23841,2.74404,
23842,2.73494,
23843,2.81466,
23844,2.77235,
23845,2.72002,
23846,2.79233,
23847,3.02982,
23848,2.70886,
23849,2.98887,
23850,2.95757,
23851,3.23662,
23852,3.2403,
23853,3.21141,
23854,3.2541,
23855,3.21552,
23856,3.2199,
23857,3.02111,
23858,2.79549,
23859,3.07873,
23860,2.90827,
23861,2.9557,
23862,3.14223,
23863,3.02335,
23864,3.08494,
23865,2.98563,
23866,2.95095,
23867,2.87881,
23868,3.00204,
23869,3.10416,
23870,3.01985,
23871,2.99413,
23872,2.94473,
23873,2.83874,
23874,3.19783,
23875,2.87351,
23876,2.8869,
23877,3.01238,
23878,3.03414,
23879,2.89718,
23880,3.32119,
23881,3.16551,
23882,3.2778,
23883,3.08946,
23884,3.21031,
23885,3.12597,
23886,3.04443,
23887,3.12721,
23888,3.02745,
23889,3.05216,
23890,3.06366,
23891,3.06543,
23892,2.99786,
23893,2.89791,
23894,3.01882,
23895,2.93193,
23896,2.94544,
23897,2.70519,
23898,2.79899,
23899,2.69042,
23900,2.88537,
23901,2.95384,
23902,2.73488,
23903,2.84948,
23904,2.79448,
23905,2.97308,
23906,2.86195,
23907,2.92843,
23908,2.93237,
23909,3.02259,
23910,3.10771,
23911,3.12139,
23912,3.06067,
23913,3.13436,
23914,3.04727,
23915,3.18324,
23916,3.12801,
23917,3.12556,
23918,3.16168,
23919,3.01027,
23920,2.99876,
23921,2.77958,
23922,3.0337,
23923,2.99343,
23924,3.11399,
23925,3.02014,
23926,2.89038,
23927,2.97576,
23928,2.90245,
23929,2.94447,
23930,3.07739,
23931,3.14902,
23932,2.93862,
23933,2.8892,
23934,2.92032,
23935,3.13883,
23936,3.12278,
23937,3.19277,
23938,2.99274,
23939,3.24064,
23940,3.04774,
23941,3.12291,
23942,3.28451,
23943,3.02987,
23944,2.92386,
23945,2.87261,
23946,3.15651,
23947,3.16282,
23948,3.05428,
23949,3.06421,
23950,3.03226,
23951,3.23259,
23952,3.14861,
23953,3.33603,
23954,2.92596,
23955,3.02048,
23956,2.79297,
23957,2.93935,
23958,2.98364,
23959,2.92563,
23960,2.92201,
23961,3.15291,
23962,3.03486,
23963,2.95261,
23964,2.75988,
23965,2.92037,
23966,3.00874,
23967,2.97363,
23968,2.91511,
23969,3.27795,
23970,3.22332,
23971,3.21767,
23972,3.09446,
23973,2.98878,
23974,3.11865,
23975,2.91772,
23976,3.20689,
23977,3.25423,
23978,3.14696,
23979,3.1761,
23980,3.36954,
23981,3.49446,
23982,3.06503,
23983,3.15026,
23984,3.15336,
23985,3.24314,
23986,3.42759,
23987,3.15838,
23988,3.07173,
23989,3.09147,
23990,2.98591,
23991,3.04796,
23992,3.04462,
23993,3.07736,
23994,2.99202,
23995,2.87976,
23996,3.09701,
23997,3.4956,
23998,3.48598,
23999,3.4378,
24000,3.4282,
24001,3.42139,
24002,3.44871,
24003,3.3735,
24004,3.38558,
24005,3.36954,
24006,3.39582,
24007,3.38647,
24008,3.3962,
24009,3.36473,
24010,3.25451,
24011,3.35358,
24012,3.40962,
24013,3.32439,
24014,3.27725,
24015,3.20712,
24016,3.10517,
24017,3.32416,
24018,3.14558,
24019,3.11027,
24020,3.10187,
24021,3.11033,
24022,3.00395,
24023,3.20455,
24024,3.01601,
24025,3.08602,
24026,3.08597,
24027,2.88462,
24028,2.79673,
24029,3.08842,
24030,3.28451,
24031,3.15756,
24032,2.84882,
24033,3.06832,
24034,3.08153,
24035,2.98349,
24036,3.04214,
24037,3.14629,
24038,2.91741,
24039,3.05466,
24040,2.96656,
24041,2.92857,
24042,3.20239,
24043,3.07574,
24044,3.06609,
24045,3.0753,
24046,2.96315,
24047,2.93165,
24048,2.88083,
24049,2.91511,
24050,3.04898,
24051,2.95681,
24052,2.9109,
24053,3.10184,
24054,2.9759,
24055,2.94238,
24056,2.99375,
24057,2.83142,
24058,2.82078,
24059,3.04662,
24060,2.76469,
24061,2.8387,
24062,2.88096,
24063,2.96777,
24064,2.86527,
24065,2.82777,
24066,2.93555,
24067,2.86777,
24068,2.92542,
24069,2.94185,
24070,3.00001,
24071,3.03386,
24072,3.03502,
24073,2.89585,
24074,3.0859,
24075,2.79949,
24076,2.9667,
24077,2.96335,
24078,2.91001,
24079,3.2142,
24080,2.90596,
24081,2.84287,
24082,3.0508,
24083,2.91736,
24084,2.75213,
24085,2.93912,
24086,3.15403,
24087,2.66674,
24088,2.79117,
24089,3.00955,
24090,2.75509,
24091,2.93192,
24092,2.90216,
24093,2.81006,
24094,2.72556,
24095,3.15796,
24096,3.04043,
24097,3.07175,
24098,2.96642,
24099,3.18538,
24100,3.08204,
24101,3.20554,
24102,3.05976,
24103,2.97972,
24104,3.10256,
24105,3.02848,
24106,3.0689,
24107,3.00654,
24108,3.01948,
24109,3.06395,
24110,2.74661,
24111,2.96021,
24112,3.01604,
24113,3.08186,
24114,3.02965,
24115,2.68056,
24116,2.90982,
24117,2.98539,
24118,2.87153,
24119,2.60149,
24120,2.77665,
24121,2.84183,
24122,2.83584,
24123,2.87595,
24124,2.61462,
24125,2.69574,
24126,2.68659,
24127,2.8704,
24128,2.93473,
24129,3.42845,
24130,3.29323,
24131,3.14557,
24132,3.07488,
24133,3.20272,
24134,3.26023,
24135,3.00613,
24136,3.18614,
24137,3.03309,
24138,3.0333,
24139,2.94108,
24140,3.26769,
24141,3.09236,
24142,3.04022,
24143,3.16251,
24144,3.15683,
24145,3.04345,
24146,3.13118,
24147,2.95037,
24148,3.14447,
24149,3.11535,
24150,2.97877,
24151,2.93829,
24152,2.99032,
24153,3.00606,
24154,3.14589,
24155,3.14574,
24156,3.04081,
24157,3.12172,
24158,3.02054,
24159,3.05683,
24160,3.20962,
24161,3.14895,
24162,3.0343,
24163,3.06194,
24164,3.09696,
24165,2.91376,
24166,3.01722,
24167,3.05219,
24168,3.18956,
24169,2.94302,
24170,3.02001,
24171,2.90609,
24172,3.06868,
24173,3.0703,
24174,3.09452,
24175,2.81078,
24176,3.04232,
24177,2.95018,
24178,2.88538,
24179,3.03035,
24180,3.10236,
24181,3.02397,
24182,2.92294,
24183,2.95854,
24184,3.03536,
24185,2.97077,
24186,2.91878,
24187,2.81868,
24188,2.8849,
24189,2.84483,
24190,2.989,
24191,2.73282,
24192,2.73905,
24193,2.82098,
24194,2.87797,
24195,2.90769,
24196,2.83472,
24197,2.6534,
24198,2.87565,
24199,2.74463,
24200,2.87877,
24201,2.75901,
24202,2.82758,
24203,2.9877,
24204,2.92418,
24205,2.9839,
24206,2.6812,
24207,2.84874,
24208,2.77511,
24209,2.84299,
24210,3.02419,
24211,2.66124,
24212,2.77029,
24213,2.67631,
24214,2.65276,
24215,2.86868,
24216,2.88693,
24217,2.86099,
24218,2.78292,
24219,2.97677,
24220,2.82876,
24221,2.97102,
24222,3.08223,
24223,3.11245,
24224,3.08113,
24225,3.07066,
24226,3.37424,
24227,3.06513,
24228,2.93801,
24229,3.16353,
24230,3.0133,
24231,3.08757,
24232,3.16707,
24233,3.07336,
24234,3.04692,
24235,3.05171,
24236,2.84126,
24237,3.05308,
24238,3.01446,
24239,2.89203,
24240,2.99903,
24241,2.96875,
24242,2.78561,
24243,2.94939,
24244,2.99824,
24245,2.83753,
24246,2.90855,
24247,2.99097,
24248,3.13946,
24249,2.93427,
24250,3.00597,
24251,2.92987,
24252,3.24662,
24253,3.28772,
24254,3.3261,
24255,3.29465,
24256,3.33356,
24257,3.26629,
24258,3.22471,
24259,3.33514,
24260,3.16711,
24261,3.27005,
24262,3.29398,
24263,3.28457,
24264,3.10067,
24265,3.314,
24266,3.23211,
24267,3.26582,
24268,3.33747,
24269,3.21989,
24270,3.2369,
24271,3.19719,
24272,3.24389,
24273,3.17961,
24274,3.29498,
24275,2.75362,
24276,2.85128,
24277,2.7703,
24278,2.62406,
24279,2.69063,
24280,2.64068,
24281,2.9454,
24282,2.49459,
24283,2.73542,
24284,2.67882,
24285,2.77002,
24286,2.81906,
24287,2.597,
24288,2.64248,
24289,2.87219,
24290,3.01998,
24291,2.95936,
24292,2.62561,
24293,2.64896,
24294,3.20715,
24295,3.2861,
24296,3.23185,
24297,3.21486,
24298,3.16589,
24299,3.18414,
24300,3.08729,
24301,2.92304,
24302,3.02321,
24303,3.14873,
24304,3.01004,
24305,3.08929,
24306,3.21303,
24307,3.21837,
24308,3.10464,
24309,3.00214,
24310,2.84148,
24311,3.02983,
24312,2.9769,
24313,3.00072,
24314,2.77912,
24315,2.78808,
24316,2.74042,
24317,2.94901,
24318,2.96215,
24319,2.8984,
24320,3.04685,
24321,3.01009,
24322,3.07086,
24323,3.01439,
24324,3.13807,
24325,3.02103,
24326,2.89377,
24327,3.02636,
24328,2.81469,
24329,2.82531,
24330,2.80444,
24331,3.02165,
24332,3.12682,
24333,2.98389,
24334,2.78571,
24335,2.74772,
24336,2.65905,
24337,2.57246,
24338,2.62815,
24339,2.66047,
24340,2.92027,
24341,2.62331,
24342,2.67381,
24343,2.74284,
24344,2.95622,
24345,2.86024,
24346,3.07225,
24347,2.71551,
24348,3.18622,
24349,2.90722,
24350,3.2253,
24351,3.41187,
24352,3.13592,
24353,3.25532,
24354,3.11068,
24355,3.03112,
24356,3.14339,
24357,3.13913,
24358,2.97656,
24359,2.85955,
24360,2.83403,
24361,2.96195,
24362,2.93507,
24363,2.99331,
24364,3.05248,
24365,2.89409,
24366,3.04198,
24367,2.81712,
24368,3.05393,
24369,3.00342,
24370,2.76753,
24371,2.76881,
24372,3.02706,
24373,2.70419,
24374,2.7799,
24375,2.7314,
24376,2.62523,
24377,2.64293,
24378,2.73816,
24379,3.2151,
24380,3.19326,
24381,3.34971,
24382,3.30589,
24383,3.30387,
24384,3.20241,
24385,2.97463,
24386,3.07688,
24387,3.02349,
24388,3.14253,
24389,3.39275,
24390,3.16344,
24391,3.14337,
24392,3.01052,
24393,2.94415,
24394,3.25707,
24395,3.238,
24396,3.29478,
24397,3.10758,
24398,3.32587,
24399,2.97352,
24400,3.05817,
24401,3.07406,
24402,3.09145,
24403,2.93546,
24404,2.97582,
24405,2.89777,
24406,2.8637,
24407,3.1278,
24408,2.80951,
24409,2.84375,
24410,2.98538,
24411,3.02625,
24412,3.0503,
24413,2.91911,
24414,2.96873,
24415,2.85156,
24416,2.91667,
24417,2.80482,
24418,2.81349,
24419,2.94513,
24420,2.66966,
24421,2.79375,
24422,3.00142,
24423,2.90902,
24424,3.30534,
24425,3.33812,
24426,3.2633,
24427,3.37995,
24428,3.25772,
24429,3.23416,
24430,3.07384,
24431,3.13019,
24432,2.92598,
24433,2.98517,
24434,2.9146,
24435,2.93879,
24436,3.19755,
24437,3.18598,
24438,3.06171,
24439,3.22604,
24440,3.17725,
24441,2.92913,
24442,2.9288,
24443,2.97255,
24444,2.83667,
24445,2.99038,
24446,3.12495,
24447,3.10085,
24448,3.17518,
24449,3.31323,
24450,3.27335,
24451,2.7392,
24452,2.89339,
24453,3.10377,
24454,3.13716,
24455,3.16948,
24456,3.15158,
24457,3.21863,
24458,3.17562,
24459,3.25927,
24460,3.05009,
24461,3.01103,
24462,3.18439,
24463,2.85442,
24464,3.09893,
24465,3.12774,
24466,3.0763,
24467,3.04062,
24468,3.05159,
24469,3.29135,
24470,3.10895,
24471,3.21618,
24472,3.07141,
24473,3.23643,
24474,3.15142,
24475,3.19418,
24476,3.00738,
24477,3.08161,
24478,3.01749,
24479,2.89969,
24480,2.99347,
24481,2.90786,
24482,3.00724,
24483,3.00135,
24484,3.08809,
24485,2.77791,
24486,2.99411,
24487,3.15723,
24488,3.04052,
24489,2.92878,
24490,2.91098,
24491,3.16392,
24492,2.90787,
24493,3.06915,
24494,2.30767,
24495,3.19864,
24496,3.1062,
24497,3.26407,
24498,3.33594,
24499,3.60174,
24500,3.18505,
24501,3.29593,
24502,3.12216,
24503,3.25203,
24504,3.20021,
24505,3.23429,
24506,3.18741,
24507,2.98327,
24508,3.03268,
24509,3.12166,
24510,3.24894,
24511,3.00315,
24512,3.18313,
24513,3.25216,
24514,3.10222,
24515,3.077,
24516,3.06971,
24517,3.07598,
24518,3.17794,
24519,3.14765,
24520,3.15878,
24521,3.15762,
24522,2.9916,
24523,3.24704,
24524,3.26101,
24525,2.98617,
24526,3.09209,
24527,2.93562,
24528,2.87573,
24529,2.86066,
24530,2.71304,
24531,3.05651,
24532,2.95708,
24533,2.88353,
24534,2.97599,
24535,3.09164,
24536,2.94319,
24537,2.88126,
24538,2.92127,
24539,2.86404,
24540,3.03665,
24541,2.86097,
24542,2.97993,
24543,3.0957,
24544,2.93269,
24545,3.10829,
24546,3.10146,
24547,3.0099,
24548,2.98169,
24549,2.97261,
24550,3.19161,
24551,3.05087,
24552,3.04784,
24553,3.06501,
24554,3.10857,
24555,2.95362,
24556,2.76043,
24557,2.93543,
24558,2.87688,
24559,2.97731,
24560,2.99041,
24561,2.70347,
24562,3.02949,
24563,3.12964,
24564,3.03983,
24565,2.95031,
24566,2.88811,
24567,3.12642,
24568,2.91022,
24569,2.66557,
24570,2.9728,
24571,2.94413,
24572,3.16161,
24573,2.89477,
24574,2.8338,
24575,2.97447,
24576,2.94428,
24577,2.84937,
24578,2.89941,
24579,2.95022,
24580,3.14319,
24581,3.10871,
24582,3.09501,
24583,2.86758,
24584,2.95997,
24585,2.90751,
24586,3.14549,
24587,3.14553,
24588,3.07921,
24589,3.09657,
24590,3.22645,
24591,2.95604,
24592,3.06454,
24593,3.01367,
24594,2.86868,
24595,3.12777,
24596,3.07991,
24597,3.2143,
24598,3.0742,
24599,2.77076,
24600,2.82112,
24601,3.00286,
24602,2.84699,
24603,2.91462,
24604,2.75286,
24605,2.89072,
24606,3.12914,
24607,3.2029,
24608,3.02815,
24609,3.15709,
24610,3.07142,
24611,3.10964,
24612,3.05269,
24613,3.16959,
24614,3.15168,
24615,3.16228,
24616,3.09531,
24617,3.09813,
24618,3.07706,
24619,2.97738,
24620,3.13223,
24621,2.74774,
24622,2.91112,
24623,3.10202,
24624,2.96098,
24625,3.02705,
24626,2.81032,
24627,2.94545,
24628,3.08171,
24629,2.81921,
24630,2.91438,
24631,2.85809,
24632,2.79366,
24633,2.91111,
24634,2.74071,
24635,2.82304,
24636,2.83143,
24637,2.95297,
24638,2.85289,
24639,2.99881,
24640,3.05223,
24641,2.99951,
24642,2.84707,
24643,2.91736,
24644,2.94831,
24645,2.94674,
24646,2.81895,
24647,3.11547,
24648,3.03656,
24649,3.06146,
24650,3.10063,
24651,3.026,
24652,2.92787,
24653,3.06865,
24654,2.99319,
24655,3.05557,
24656,3.05357,
24657,3.19524,
24658,3.2865,
24659,3.15732,
24660,3.04613,
24661,3.02759,
24662,2.94387,
24663,2.9531,
24664,2.88236,
24665,2.94399,
24666,2.8257,
24667,2.99944,
24668,2.89795,
24669,3.0609,
24670,2.90506,
24671,3.01388,
24672,3.12881,
24673,3.12753,
24674,3.25425,
24675,2.94122,
24676,2.79364,
24677,3.05529,
24678,2.77878,
24679,3.04252,
24680,3.12299,
24681,3.21338,
24682,3.23905,
24683,3.21289,
24684,2.99945,
24685,3.20657,
24686,3.0903,
24687,3.06384,
24688,3.05245,
24689,3.22741,
24690,2.94544,
24691,3.18129,
24692,2.7952,
24693,3.16237,
24694,3.15719,
24695,3.33076,
24696,3.02764,
24697,3.10535,
24698,3.18188,
24699,2.94281,
24700,3.15003,
24701,2.80454,
24702,2.96357,
24703,2.97246,
24704,3.21715,
24705,3.1849,
24706,2.78177,
24707,3.02487,
24708,2.98707,
24709,3.09801,
24710,3.06339,
24711,3.25214,
24712,3.07868,
24713,2.96912,
24714,3.09023,
24715,3.12545,
24716,2.9654,
24717,2.91082,
24718,2.88773,
24719,3.1833,
24720,3.25711,
24721,3.20557,
24722,3.17187,
24723,3.0808,
24724,3.0717,
24725,2.92271,
24726,3.19375,
24727,3.06181,
24728,3.14725,
24729,3.10209,
24730,3.10762,
24731,3.0617,
24732,3.15509,
24733,3.10851,
24734,2.9964,
24735,3.07493,
24736,3.19481,
24737,2.91658,
24738,3.2773,
24739,3.12072,
24740,2.99571,
24741,2.90763,
24742,3.1284,
24743,3.10589,
24744,2.98129,
24745,2.95417,
24746,3.14109,
24747,2.93125,
24748,2.92577,
24749,3.02146,
24750,2.93235,
24751,2.98303,
24752,3.12566,
24753,3.1342,
24754,2.97544,
24755,2.94657,
24756,2.93374,
24757,3.10796,
24758,3.13047,
24759,2.75013,
24760,2.98909,
24761,3.00341,
24762,3.05927,
24763,3.11607,
24764,3.11683,
24765,2.88933,
24766,2.99201,
24767,3.07051,
24768,2.75388,
24769,2.84424,
24770,3.20729,
24771,3.00049,
24772,3.05982,
24773,2.85489,
24774,2.84871,
24775,3.0516,
24776,2.98635,
24777,2.85051,
24778,3.16368,
24779,3.05416,
24780,2.80331,
24781,2.93863,
24782,2.83892,
24783,2.98653,
24784,2.84427,
24785,2.94484,
24786,3.07592,
24787,3.00915,
24788,3.17238,
24789,3.2137,
24790,3.06803,
24791,3.18874,
24792,2.96207,
24793,3.04761,
24794,3.1587,
24795,3.10304,
24796,3.19944,
24797,3.29573,
24798,3.38993,
24799,4.224,
24800,3.09783,
24801,3.0666,
24802,3.12016,
24803,3.09853,
24804,2.99443,
24805,3.1087,
24806,3.04114,
24807,3.06445,
24808,2.99181,
24809,3.56646,
24810,3.07331,
24811,3.0718,
24812,2.72178,
24813,2.8793,
24814,3.12547,
24815,3.09553,
24816,3.21644,
24817,3.27177,
24818,3.07736,
24819,3.1364,
24820,3.13108,
24821,3.05457,
24822,3.28333,
24823,3.04105,
24824,3.06477,
24825,3.19541,
24826,3.22115,
24827,3.06779,
24828,2.98561,
24829,2.98956,
24830,2.97123,
24831,3.03388,
24832,2.93088,
24833,2.71532,
24834,3.14149,
24835,2.9841,
24836,2.83523,
24837,2.88738,
24838,2.96702,
24839,3.07887,
24840,3.03847,
24841,3.00773,
24842,3.05625,
24843,2.77419,
24844,2.9568,
24845,2.7229,
24846,3.06354,
24847,2.92448,
24848,2.95429,
24849,2.98084,
24850,2.96285,
24851,2.97195,
24852,2.93987,
24853,2.86941,
24854,2.79888,
24855,2.98308,
24856,2.97312,
24857,2.66877,
24858,2.77641,
24859,2.78479,
24860,2.95026,
24861,2.97025,
24862,2.91685,
24863,2.92435,
24864,2.9637,
24865,3.0262,
24866,2.78491,
24867,3.10195,
24868,2.95024,
24869,2.97166,
24870,2.92557,
24871,3.09342,
24872,3.20671,
24873,3.13901,
24874,2.9545,
24875,2.89156,
24876,3.26666,
24877,3.0494,
24878,3.07822,
24879,2.97896,
24880,2.85473,
24881,2.90046,
24882,3.07423,
24883,2.65958,
24884,2.72056,
24885,2.51959,
24886,2.80323,
24887,2.94853,
24888,3.06229,
24889,3.0442,
24890,3.06405,
24891,2.93762,
24892,2.77317,
24893,2.84552,
24894,2.9783,
24895,3.13262,
24896,2.92185,
24897,2.89089,
24898,2.52209,
24899,2.58811,
24900,3.07583,
24901,2.75006,
24902,2.94602,
24903,2.70084,
24904,2.86319,
24905,2.6996,
24906,2.73012,
24907,2.72393,
24908,2.81104,
24909,2.76113,
24910,2.71815,
24911,2.78694,
24912,3.02154,
24913,2.71194,
24914,2.98107,
24915,2.93846,
24916,3.23623,
24917,3.22451,
24918,3.19879,
24919,3.24705,
24920,3.20973,
24921,3.19741,
24922,3.01193,
24923,2.79497,
24924,3.0818,
24925,2.89646,
24926,2.92977,
24927,3.12644,
24928,3.02069,
24929,3.07964,
24930,2.98207,
24931,2.9507,
24932,2.88242,
24933,3.00674,
24934,3.08431,
24935,3.01905,
24936,2.98344,
24937,2.9466,
24938,2.83081,
24939,3.19462,
24940,2.87415,
24941,2.87476,
24942,3.007,
24943,3.0286,
24944,2.89257,
24945,3.30688,
24946,3.13721,
24947,3.27957,
24948,3.06904,
24949,3.1885,
24950,3.11646,
24951,3.04186,
24952,3.10778,
24953,3.02711,
24954,3.05388,
24955,3.05322,
24956,3.0571,
24957,2.98053,
24958,2.8959,
24959,3.00631,
24960,2.94199,
24961,2.93429,
24962,2.68959,
24963,2.79041,
24964,2.674,
24965,2.88178,
24966,2.94971,
24967,2.72981,
24968,2.84247,
24969,2.79494,
24970,2.96263,
24971,2.86504,
24972,2.91857,
24973,2.90928,
24974,3.00652,
24975,3.09324,
24976,3.12283,
24977,3.04547,
24978,3.13287,
24979,3.03725,
24980,3.17314,
24981,3.12456,
24982,3.12003,
24983,3.14785,
24984,3.00997,
24985,2.97947,
24986,2.75638,
24987,3.02388,
24988,2.98311,
24989,3.08679,
24990,3.00373,
24991,2.87529,
24992,2.97129,
24993,2.8986,
24994,2.93197,
24995,3.06643,
24996,3.13978,
24997,2.9278,
24998,2.89348,
24999,2.91615,
25000,3.133,
25001,3.12543,
25002,3.17647,
25003,2.98797,
25004,3.21956,
25005,3.04621,
25006,3.11398,
25007,3.28652,
25008,3.02623,
25009,2.91448,
25010,2.87258,
25011,3.15521,
25012,3.15543,
25013,3.05051,
25014,3.05496,
25015,3.03435,
25016,3.23521,
25017,3.13399,
25018,3.33231,
25019,2.93254,
25020,3.0092,
25021,2.78027,
25022,2.93163,
25023,2.96691,
25024,2.93315,
25025,2.9115,
25026,3.14782,
25027,3.03361,
25028,2.93727,
25029,2.765,
25030,2.90744,
25031,2.99844,
25032,2.97148,
25033,2.90558,
25034,3.26453,
25035,3.20531,
25036,3.21948,
25037,3.08871,
25038,2.97019,
25039,3.11257,
25040,2.9052,
25041,3.19422,
25042,3.2334,
25043,3.15367,
25044,3.16958,
25045,3.37062,
25046,3.49743,
25047,3.05796,
25048,3.13844,
25049,3.14842,
25050,3.23429,
25051,3.43122,
25052,3.15393,
25053,3.05782,
25054,3.09068,
25055,2.97475,
25056,3.05622,
25057,3.04325,
25058,3.07399,
25059,2.9865,
25060,2.88571,
25061,3.09857,
25062,3.46824,
25063,3.47617,
25064,3.42175,
25065,3.41258,
25066,3.40782,
25067,3.43719,
25068,3.35729,
25069,3.39987,
25070,3.36223,
25071,3.38297,
25072,3.38968,
25073,3.38965,
25074,3.36288,
25075,3.25343,
25076,3.3414,
25077,3.40923,
25078,3.32873,
25079,3.27985,
25080,3.19742,
25081,3.09369,
25082,3.31207,
25083,3.12982,
25084,3.09768,
25085,3.09879,
25086,3.10159,
25087,2.98216,
25088,3.18375,
25089,2.99901,
25090,3.0651,
25091,3.06957,
25092,2.87687,
25093,2.78183,
25094,3.09231,
25095,3.28077,
25096,3.15136,
25097,2.84271,
25098,3.05788,
25099,3.07091,
25100,2.97731,
25101,3.03971,
25102,3.11892,
25103,2.91155,
25104,3.04292,
25105,2.95176,
25106,2.92273,
25107,3.18306,
25108,3.06597,
25109,3.06116,
25110,3.06574,
25111,2.95195,
25112,2.92974,
25113,2.86471,
25114,2.90412,
25115,3.04432,
25116,2.95548,
25117,2.91677,
25118,3.07851,
25119,2.98309,
25120,2.93609,
25121,2.98122,
25122,2.82013,
25123,2.82034,
25124,3.03228,
25125,2.76747,
25126,2.83343,
25127,2.87417,
25128,2.97605,
25129,2.84323,
25130,2.82893,
25131,2.92328,
25132,2.84772,
25133,2.9297,
25134,2.93794,
25135,2.98604,
25136,3.02357,
25137,3.03266,
25138,2.89553,
25139,3.084,
25140,2.80406,
25141,2.95553,
25142,2.95713,
25143,2.91533,
25144,3.20252,
25145,2.90708,
25146,2.83427,
25147,3.04554,
25148,2.92171,
25149,2.75182,
25150,2.92342,
25151,3.13702,
25152,2.66061,
25153,2.76569,
25154,2.99689,
25155,2.7376,
25156,2.92969,
25157,2.87432,
25158,2.80776,
25159,2.71501,
25160,3.1349,
25161,3.03275,
25162,3.05949,
25163,2.95761,
25164,3.18241,
25165,3.07873,
25166,3.17307,
25167,3.04548,
25168,2.9609,
25169,3.10514,
25170,3.0147,
25171,3.06013,
25172,3.00629,
25173,3.01807,
25174,3.04494,
25175,2.73223,
25176,2.95536,
25177,3.00878,
25178,3.07286,
25179,3.03763,
25180,2.66063,
25181,2.90615,
25182,2.97211,
25183,2.86352,
25184,2.60512,
25185,2.77802,
25186,2.84465,
25187,2.83254,
25188,2.86853,
25189,2.59311,
25190,2.68706,
25191,2.70606,
25192,2.87363,
25193,2.91427,
25194,3.41836,
25195,3.28023,
25196,3.13047,
25197,3.07054,
25198,3.2084,
25199,3.25542,
25200,2.98858,
25201,3.17001,
25202,3.0236,
25203,3.02484,
25204,2.93318,
25205,3.25246,
25206,3.09119,
25207,3.04439,
25208,3.1706,
25209,3.14983,
25210,3.0391,
25211,3.12071,
25212,2.94407,
25213,3.13515,
25214,3.1112,
25215,2.97316,
25216,2.9307,
25217,2.9864,
25218,2.99371,
25219,3.14098,
25220,3.15515,
25221,3.04008,
25222,3.10054,
25223,3.01499,
25224,3.05046,
25225,3.202,
25226,3.14935,
25227,3.00922,
25228,3.04481,
25229,3.10597,
25230,2.9039,
25231,3.00862,
25232,3.04966,
25233,3.18783,
25234,2.94115,
25235,3.00281,
25236,2.90275,
25237,3.06862,
25238,3.06886,
25239,3.08145,
25240,2.8068,
25241,3.03569,
25242,2.93912,
25243,2.88247,
25244,3.00671,
25245,3.09334,
25246,3.02266,
25247,2.92139,
25248,2.94797,
25249,3.02385,
25250,2.96854,
25251,2.90693,
25252,2.79822,
25253,2.89293,
25254,2.85302,
25255,2.98194,
25256,2.71548,
25257,2.73733,
25258,2.82044,
25259,2.88126,
25260,2.89664,
25261,2.81708,
25262,2.63025,
25263,2.86148,
25264,2.7374,
25265,2.86482,
25266,2.74655,
25267,2.82865,
25268,2.98375,
25269,2.91675,
25270,2.96578,
25271,2.67801,
25272,2.83088,
25273,2.77114,
25274,2.83576,
25275,3.01203,
25276,2.66518,
25277,2.77148,
25278,2.6664,
25279,2.64586,
25280,2.85015,
25281,2.88549,
25282,2.86644,
25283,2.77457,
25284,2.97131,
25285,2.82033,
25286,2.96214,
25287,3.08566,
25288,3.08552,
25289,3.05534,
25290,3.06838,
25291,3.37617,
25292,3.05402,
25293,2.93849,
25294,3.16093,
25295,3.01272,
25296,3.07947,
25297,3.15493,
25298,3.06448,
25299,3.0354,
25300,3.05915,
25301,2.83638,
25302,3.04192,
25303,3.0188,
25304,2.88884,
25305,2.99145,
25306,2.9698,
25307,2.77273,
25308,2.95795,
25309,2.96964,
25310,2.84003,
25311,2.89722,
25312,2.98837,
25313,3.12503,
25314,2.91863,
25315,2.99787,
25316,2.92131,
25317,3.25102,
25318,3.2803,
25319,3.30666,
25320,3.28438,
25321,3.32352,
25322,3.26242,
25323,3.2167,
25324,3.33305,
25325,3.15655,
25326,3.2587,
25327,3.29141,
25328,3.27791,
25329,3.10107,
25330,3.29854,
25331,3.23868,
25332,3.25366,
25333,3.33655,
25334,3.212,
25335,3.22688,
25336,3.18945,
25337,3.22302,
25338,3.1552,
25339,3.28065,
25340,2.73841,
25341,2.85157,
25342,2.76301,
25343,2.613,
25344,2.68863,
25345,2.6301,
25346,2.93237,
25347,2.49246,
25348,2.7274,
25349,2.67256,
25350,2.77179,
25351,2.78083,
25352,2.59537,
25353,2.62248,
25354,2.85357,
25355,3.00045,
25356,2.94215,
25357,2.62497,
25358,2.63742,
25359,3.19465,
25360,3.28052,
25361,3.20932,
25362,3.21502,
25363,3.15972,
25364,3.15091,
25365,3.08429,
25366,2.90685,
25367,3.02795,
25368,3.11956,
25369,2.99357,
25370,3.06925,
25371,3.19145,
25372,3.21491,
25373,3.10899,
25374,2.99918,
25375,2.83204,
25376,3.02778,
25377,2.97314,
25378,3.00694,
25379,2.77331,
25380,2.77499,
25381,2.7436,
25382,2.93777,
25383,2.95959,
25384,2.89177,
25385,3.03626,
25386,2.99211,
25387,3.06123,
25388,3.00851,
25389,3.13779,
25390,3.00289,
25391,2.87856,
25392,3.01252,
25393,2.82122,
25394,2.814,
25395,2.80185,
25396,2.99915,
25397,3.11299,
25398,2.96977,
25399,2.78129,
25400,2.73744,
25401,2.6661,
25402,2.56271,
25403,2.63248,
25404,2.6486,
25405,2.91892,
25406,2.60195,
25407,2.66337,
25408,2.73845,
25409,2.96164,
25410,2.8618,
25411,3.07238,
25412,2.72858,
25413,3.1783,
25414,2.89275,
25415,3.21325,
25416,3.38444,
25417,3.12352,
25418,3.25058,
25419,3.11756,
25420,3.02808,
25421,3.12555,
25422,3.12087,
25423,2.97733,
25424,2.84522,
25425,2.83188,
25426,2.95297,
25427,2.92165,
25428,2.99268,
25429,3.0421,
25430,2.88917,
25431,3.03154,
25432,2.8071,
25433,3.04295,
25434,2.99386,
25435,2.76852,
25436,2.77486,
25437,3.01493,
25438,2.70192,
25439,2.766,
25440,2.72329,
25441,2.63032,
25442,2.63295,
25443,2.72772,
25444,3.21176,
25445,3.18365,
25446,3.34672,
25447,3.30646,
25448,3.30195,
25449,3.19634,
25450,2.96369,
25451,3.06219,
25452,3.05548,
25453,3.13766,
25454,3.38206,
25455,3.15674,
25456,3.1365,
25457,3.00249,
25458,2.94012,
25459,3.25721,
25460,3.23442,
25461,3.29041,
25462,3.10479,
25463,3.30967,
25464,2.96964,
25465,3.04747,
25466,3.05467,
25467,3.0931,
25468,2.9194,
25469,2.97062,
25470,2.88411,
25471,2.85781,
25472,3.09976,
25473,2.8122,
25474,2.82133,
25475,2.9757,
25476,3.01362,
25477,3.04158,
25478,2.90318,
25479,2.95748,
25480,2.83824,
25481,2.89797,
25482,2.79518,
25483,2.80048,
25484,2.94074,
25485,2.65724,
25486,2.78385,
25487,2.99116,
25488,2.89589,
25489,3.28379,
25490,3.32784,
25491,3.25226,
25492,3.37113,
25493,3.2404,
25494,3.22233,
25495,3.05934,
25496,3.12816,
25497,2.92532,
25498,2.96318,
25499,2.89972,
25500,2.92174,
25501,3.20607,
25502,3.16655,
25503,3.05107,
25504,3.21589,
25505,3.16193,
25506,2.92399,
25507,2.9339,
25508,2.95926,
25509,2.83309,
25510,2.9755,
25511,3.1159,
25512,3.08591,
25513,3.18308,
25514,3.29287,
25515,3.27389,
25516,2.73692,
25517,2.9021,
25518,3.101,
25519,3.12047,
25520,3.15929,
25521,3.14032,
25522,3.20139,
25523,3.16343,
25524,3.24404,
25525,3.04093,
25526,2.99482,
25527,3.18552,
25528,2.84836,
25529,3.08136,
25530,3.11667,
25531,3.06951,
25532,3.03706,
25533,3.03993,
25534,3.29633,
25535,3.10125,
25536,3.21469,
25537,3.06332,
25538,3.24063,
25539,3.14382,
25540,3.17339,
25541,2.99083,
25542,3.07417,
25543,3.02212,
25544,2.88929,
25545,2.97719,
25546,2.8996,
25547,3.00179,
25548,2.99804,
25549,3.08554,
25550,2.78441,
25551,2.9794,
25552,3.15461,
25553,3.03841,
25554,2.92299,
25555,2.89477,
25556,3.13622,
25557,2.89327,
25558,3.05723,
25559,2.2936,
25560,3.19936,
25561,3.08038,
25562,3.26087,
25563,3.31993,
25564,3.59671,
25565,3.18699,
25566,3.28918,
25567,3.11703,
25568,3.23711,
25569,3.19184,
25570,3.22157,
25571,3.18515,
25572,2.9802,
25573,3.02433,
25574,3.12639,
25575,3.25747,
25576,3.01013,
25577,3.17718,
25578,3.24452,
25579,3.0925,
25580,3.06893,
25581,3.06886,
25582,3.08211,
25583,3.16188,
25584,3.14473,
25585,3.14612,
25586,3.13602,
25587,2.98753,
25588,3.22858,
25589,3.26073,
25590,2.9742,
25591,3.09815,
25592,2.93632,
25593,2.87046,
25594,2.85078,
25595,2.70603,
25596,3.06323,
25597,2.94357,
25598,2.87082,
25599,2.95897,
25600,3.08275,
25601,2.95021,
25602,2.8802,
25603,2.91436,
25604,2.86022,
25605,3.02411,
25606,2.85413,
25607,2.96079,
25608,3.08539,
25609,2.92878,
25610,3.10019,
25611,3.08012,
25612,2.98662,
25613,2.97495,
25614,2.95947,
25615,3.18337,
25616,3.03862,
25617,3.02302,
25618,3.05073,
25619,3.10123,
25620,2.94682,
25621,2.76664,
25622,2.93185,
25623,2.878,
25624,2.97007,
25625,2.96441,
25626,2.7152,
25627,3.02546,
25628,3.1141,
25629,3.05062,
25630,2.93838,
25631,2.86814,
25632,3.12579,
25633,2.91196,
25634,2.64905,
25635,2.97619,
25636,2.93605,
25637,3.16412,
25638,2.8886,
25639,2.83216,
25640,2.94826,
25641,2.92616,
25642,2.8488,
25643,2.90339,
25644,2.94621,
25645,3.13548,
25646,3.09162,
25647,3.08881,
25648,2.8616,
25649,2.94922,
25650,2.90528,
25651,3.12558,
25652,3.13627,
25653,3.07064,
25654,3.08268,
25655,3.21886,
25656,2.95997,
25657,3.06456,
25658,3.01221,
25659,2.86058,
25660,3.11079,
25661,3.06203,
25662,3.19938,
25663,3.05779,
25664,2.76464,
25665,2.81781,
25666,2.99001,
25667,2.84177,
25668,2.91343,
25669,2.75081,
25670,2.87279,
25671,3.10824,
25672,3.19275,
25673,3.00951,
25674,3.15998,
25675,3.05415,
25676,3.10076,
25677,3.04738,
25678,3.1635,
25679,3.14952,
25680,3.15675,
25681,3.09155,
25682,3.08799,
25683,3.07612,
25684,2.96385,
25685,3.11637,
25686,2.73906,
25687,2.9,
25688,3.10258,
25689,2.95661,
25690,3.01704,
25691,2.80822,
25692,2.95773,
25693,3.07916,
25694,2.81711,
25695,2.91201,
25696,2.86183,
25697,2.78524,
25698,2.90454,
25699,2.73161,
25700,2.80413,
25701,2.83466,
25702,2.95149,
25703,2.85159,
25704,2.98678,
25705,3.04657,
25706,2.98448,
25707,2.85567,
25708,2.91229,
25709,2.932,
25710,2.93174,
25711,2.79893,
25712,3.10843,
25713,3.02438,
25714,3.05148,
25715,3.09921,
25716,3.01832,
25717,2.91892,
25718,3.05812,
25719,2.99079,
25720,3.05682,
25721,3.03902,
25722,3.17741,
25723,3.28389,
25724,3.1474,
25725,3.03897,
25726,3.01951,
25727,2.93827,
25728,2.95024,
25729,2.8782,
25730,2.93524,
25731,2.82142,
25732,2.99538,
25733,2.87423,
25734,3.07702,
25735,2.89616,
25736,3.01663,
25737,3.12316,
25738,3.11447,
25739,3.2411,
25740,2.94656,
25741,2.78402,
25742,3.05275,
25743,2.77247,
25744,3.04558,
25745,3.11339,
25746,3.18675,
25747,3.22596,
25748,3.19504,
25749,2.99315,
25750,3.20279,
25751,3.09044,
25752,3.05535,
25753,3.05035,
25754,3.21835,
25755,2.94699,
25756,3.17184,
25757,2.78941,
25758,3.15386,
25759,3.14569,
25760,3.32187,
25761,3.02358,
25762,3.11397,
25763,3.18451,
25764,2.93017,
25765,3.14099,
25766,2.80895,
25767,2.94439,
25768,2.95409,
25769,3.22162,
25770,3.17261,
25771,2.78905,
25772,3.0257,
25773,2.96495,
25774,3.08984,
25775,3.05843,
25776,3.25412,
25777,3.06908,
25778,2.95861,
25779,3.07165,
25780,3.12351,
25781,2.96128,
25782,2.9033,
25783,2.86658,
25784,3.16792,
25785,3.24671,
25786,3.20319,
25787,3.16983,
25788,3.08117,
25789,3.0554,
25790,2.9118,
25791,3.18305,
25792,3.04922,
25793,3.13303,
25794,3.08569,
25795,3.10599,
25796,3.05569,
25797,3.15768,
25798,3.10824,
25799,2.97578,
25800,3.05943,
25801,3.19031,
25802,2.90737,
25803,3.26117,
25804,3.11704,
25805,2.99999,
25806,2.90596,
25807,3.11621,
25808,3.09726,
25809,2.96879,
25810,2.93671,
25811,3.1344,
25812,2.91693,
25813,2.91301,
25814,3.02717,
25815,2.92837,
25816,2.96338,
25817,3.13548,
25818,3.12592,
25819,2.97024,
25820,2.9426,
25821,2.92218,
25822,3.0938,
25823,3.12477,
25824,2.74311,
25825,2.99101,
25826,3.00703,
25827,3.0653,
25828,3.11535,
25829,3.10546,
25830,2.87809,
25831,3.00106,
25832,3.04307,
25833,2.74542,
25834,2.84119,
25835,3.21402,
25836,3.0022,
25837,3.04859,
25838,2.84731,
25839,2.84696,
25840,3.03686,
25841,2.97299,
25842,2.8478,
25843,3.15479,
25844,3.05406,
25845,2.79523,
25846,2.9218,
25847,2.83535,
25848,2.96887,
25849,2.83711,
25850,2.95045,
25851,3.07049,
25852,3.00506,
25853,3.16361,
25854,3.20553,
25855,3.06547,
25856,3.18626,
25857,2.95935,
25858,3.0262,
25859,3.16249,
25860,3.08766,
25861,3.20992,
25862,3.29202,
25863,3.38641,
25864,4.20303,
25865,3.07573,
25866,3.06206,
25867,3.10402,
25868,3.0905,
25869,2.97512,
25870,3.09895,
25871,3.04673,
25872,3.0617,
25873,2.98741,
25874,3.56056,
25875,3.07394,
25876,3.04911,
25877,2.71086,
25878,2.87892,
25879,3.11789,
25880,3.08662,
25881,3.21337,
25882,3.28459,
25883,3.07998,
25884,3.13492,
25885,3.12094,
25886,3.0521,
25887,3.2685,
25888,3.03334,
25889,3.05038,
25890,3.17914,
25891,3.20048,
25892,3.05217,
25893,2.97155,
25894,2.97582,
25895,2.96142,
25896,3.01895,
25897,2.91455,
25898,2.72977,
25899,3.13113,
25900,2.97459,
25901,2.83105,
25902,2.88251,
25903,2.95633,
25904,3.05804,
25905,3.03421,
25906,3.00462,
25907,3.05563,
25908,2.77514,
25909,2.96635,
25910,2.71307,
25911,3.04648,
25912,2.92407,
25913,2.94339,
25914,2.97445,
25915,2.94765,
25916,2.96502,
25917,2.93432,
25918,2.84888,
25919,2.7965,
25920,2.9637,
25921,2.96566,
25922,2.66008,
25923,2.76094,
25924,2.77183,
25925,2.93782,
25926,2.95708,
25927,2.92053,
25928,2.91354,
25929,2.96135,
25930,3.0162,
25931,2.7674,
25932,3.09216,
25933,2.93473,
25934,2.96359,
25935,2.9207,
25936,3.07799,
25937,3.2019,
25938,3.1253,
25939,2.94197,
25940,2.88891,
25941,3.24858,
25942,3.05738,
25943,3.07565,
25944,2.96004,
25945,2.83932,
25946,2.89532,
25947,3.06545,
25948,2.65327,
25949,2.71129,
25950,2.5273,
25951,2.79596,
25952,2.92978,
25953,3.05093,
25954,3.02556,
25955,3.06215,
25956,2.92611,
25957,2.76533,
25958,2.83972,
25959,2.97476,
25960,3.12724,
25961,2.91525,
25962,2.8722,
25963,2.51787,
25964,2.59158,
25965,3.07703,
25966,2.72111,
25967,2.92993,
25968,2.69634,
25969,2.87591,
25970,2.71153,
25971,2.72204,
25972,2.71161,
25973,2.80456,
25974,2.76582,
25975,2.69941,
25976,2.77368,
25977,3.00465,
25978,2.70038,
25979,2.98782,
25980,2.92806,
25981,3.22937,
25982,3.2115,
25983,3.18439,
25984,3.23691,
25985,3.19865,
25986,3.17986,
25987,3.00992,
25988,2.7846,
25989,3.07608,
25990,2.89889,
25991,2.93588,
25992,3.12238,
25993,3.00053,
25994,3.08042,
25995,2.97603,
25996,2.93651,
25997,2.87074,
25998,2.98077,
25999,3.07873,
26000,3.01181,
26001,2.98352,
26002,2.93464,
26003,2.83612,
26004,3.18324,
26005,2.8682,
26006,2.8582,
26007,3.0034,
26008,3.01984,
26009,2.90375,
26010,3.30673,
26011,3.1346,
26012,3.25246,
26013,3.05027,
26014,3.1847,
26015,3.10683,
26016,3.0229,
26017,3.10472,
26018,3.01978,
26019,3.02303,
26020,3.04206,
26021,3.05307,
26022,2.97421,
26023,2.87943,
26024,3.01129,
26025,2.91956,
26026,2.92654,
26027,2.69377,
26028,2.78982,
26029,2.66579,
26030,2.87735,
26031,2.95231,
26032,2.71869,
26033,2.8467,
26034,2.78277,
26035,2.94977,
26036,2.83871,
26037,2.91186,
26038,2.89386,
26039,2.99295,
26040,3.0937,
26041,3.10944,
26042,3.03837,
26043,3.11641,
26044,3.024,
26045,3.17491,
26046,3.11546,
26047,3.10742,
26048,3.14781,
26049,3.00506,
26050,2.96899,
26051,2.75586,
26052,3.02037,
26053,2.96447,
26054,3.07785,
26055,2.99852,
26056,2.86826,
26057,2.96486,
26058,2.88363,
26059,2.94054,
26060,3.0581,
26061,3.14038,
26062,2.92265,
26063,2.87863,
26064,2.90836,
26065,3.12529,
26066,3.10817,
26067,3.17424,
26068,2.98454,
26069,3.21667,
26070,3.03676,
26071,3.11617,
26072,3.27571,
26073,3.01701,
26074,2.91999,
26075,2.85893,
26076,3.13306,
26077,3.15043,
26078,3.03597,
26079,3.04655,
26080,3.02764,
26081,3.2307,
26082,3.13057,
26083,3.32794,
26084,2.91763,
26085,3.00005,
26086,2.7713,
26087,2.92076,
26088,2.96424,
26089,2.9171,
26090,2.90583,
26091,3.13941,
26092,3.03087,
26093,2.94432,
26094,2.76156,
26095,2.91176,
26096,2.99196,
26097,2.96442,
26098,2.91287,
26099,3.24327,
26100,3.19881,
26101,3.202,
26102,3.06776,
26103,2.97179,
26104,3.10998,
26105,2.90363,
26106,3.19673,
26107,3.21945,
26108,3.13079,
26109,3.15292,
26110,3.35433,
26111,3.48752,
26112,3.05134,
26113,3.13045,
26114,3.14115,
26115,3.23028,
26116,3.42405,
26117,3.13384,
26118,3.0611,
26119,3.0741,
26120,2.96965,
26121,3.04194,
26122,3.04134,
26123,3.06692,
26124,2.98042,
26125,2.88295,
26126,3.09156,
26127,3.4639,
26128,3.47217,
26129,3.41156,
26130,3.40909,
26131,3.39979,
26132,3.44705,
26133,3.35567,
26134,3.38159,
26135,3.35717,
26136,3.37344,
26137,3.3786,
26138,3.37589,
26139,3.34715,
26140,3.25324,
26141,3.33827,
26142,3.38638,
26143,3.31769,
26144,3.27954,
26145,3.19451,
26146,3.06784,
26147,3.29728,
26148,3.11688,
26149,3.07466,
26150,3.08348,
26151,3.10646,
26152,2.97719,
26153,3.17849,
26154,2.9865,
26155,3.06199,
26156,3.05903,
26157,2.88217,
26158,2.77203,
26159,3.09141,
26160,3.27467,
26161,3.13819,
26162,2.86108,
26163,3.05288,
26164,3.07291,
26165,2.97295,
26166,3.02383,
26167,3.10312,
26168,2.91168,
26169,3.03381,
26170,2.94347,
26171,2.90166,
26172,3.17477,
26173,3.06127,
26174,3.05409,
26175,3.06161,
26176,2.95268,
26177,2.92619,
26178,2.86613,
26179,2.90503,
26180,3.03814,
26181,2.94679,
26182,2.88945,
26183,3.07321,
26184,2.96724,
26185,2.93357,
26186,2.97011,
26187,2.80514,
26188,2.81731,
26189,3.0299,
26190,2.75397,
26191,2.83356,
26192,2.8679,
26193,2.96117,
26194,2.83421,
26195,2.82711,
26196,2.91731,
26197,2.84361,
26198,2.8965,
26199,2.92426,
26200,2.98413,
26201,3.01955,
26202,3.02292,
26203,2.88677,
26204,3.07869,
26205,2.79235,
26206,2.95444,
26207,2.9531,
26208,2.90238,
26209,3.19448,
26210,2.88594,
26211,2.83377,
26212,3.03215,
26213,2.9036,
26214,2.74037,
26215,2.90973,
26216,3.14681,
26217,2.64534,
26218,2.76163,
26219,2.98374,
26220,2.75292,
26221,2.91059,
26222,2.86853,
26223,2.79823,
26224,2.72025,
26225,3.12748,
26226,3.01858,
26227,3.05327,
26228,2.96338,
26229,3.18282,
26230,3.06455,
26231,3.16041,
26232,3.04203,
26233,2.95127,
26234,3.08048,
26235,3.01291,
26236,3.04342,
26237,3.01111,
26238,3.01319,
26239,3.04988,
26240,2.73434,
26241,2.94155,
26242,2.9964,
26243,3.0614,
26244,3.01917,
26245,2.65455,
26246,2.89711,
26247,2.97387,
26248,2.86039,
26249,2.60932,
26250,2.76714,
26251,2.83922,
26252,2.81658,
26253,2.86852,
26254,2.59453,
26255,2.69461,
26256,2.67984,
26257,2.8541,
26258,2.90523,
26259,3.40341,
26260,3.26898,
26261,3.11667,
26262,3.04847,
26263,3.19606,
26264,3.24486,
26265,2.98676,
26266,3.15833,
26267,3.00648,
26268,3.01477,
26269,2.93238,
26270,3.2604,
26271,3.07774,
26272,3.02419,
26273,3.15227,
26274,3.13728,
26275,3.02085,
26276,3.12463,
26277,2.92781,
26278,3.12135,
26279,3.10535,
26280,2.97824,
26281,2.91909,
26282,2.98854,
26283,2.96835,
26284,3.13609,
26285,3.13603,
26286,3.01389,
26287,3.09357,
26288,3.01203,
26289,3.05214,
26290,3.20057,
26291,3.12238,
26292,3.00404,
26293,3.04219,
26294,3.09043,
26295,2.89177,
26296,3.01153,
26297,3.0382,
26298,3.16375,
26299,2.94404,
26300,2.98387,
26301,2.90171,
26302,3.05233,
26303,3.0549,
26304,3.0883,
26305,2.78619,
26306,3.04195,
26307,2.94385,
26308,2.87464,
26309,3.00593,
26310,3.08886,
26311,3.00406,
26312,2.8994,
26313,2.93596,
26314,3.01775,
26315,2.95446,
26316,2.90158,
26317,2.79713,
26318,2.86553,
26319,2.83334,
26320,2.96513,
26321,2.71327,
26322,2.72471,
26323,2.81549,
26324,2.88009,
26325,2.89346,
26326,2.82058,
26327,2.62567,
26328,2.85304,
26329,2.73054,
26330,2.86474,
26331,2.73842,
26332,2.81139,
26333,2.97216,
26334,2.91061,
26335,2.96296,
26336,2.67157,
26337,2.83286,
26338,2.76671,
26339,2.84124,
26340,2.99224,
26341,2.65952,
26342,2.76475,
26343,2.67795,
26344,2.64596,
26345,2.84433,
26346,2.88526,
26347,2.85072,
26348,2.75672,
26349,2.96671,
26350,2.82173,
26351,2.94658,
26352,3.08462,
26353,3.0832,
26354,3.05828,
26355,3.06227,
26356,3.35851,
26357,3.05315,
26358,2.92164,
26359,3.16551,
26360,2.99767,
26361,3.0751,
26362,3.14629,
26363,3.04993,
26364,3.03315,
26365,3.04125,
26366,2.83338,
26367,3.04755,
26368,3.00727,
26369,2.8886,
26370,2.99274,
26371,2.95919,
26372,2.78477,
26373,2.94729,
26374,2.95855,
26375,2.83052,
26376,2.90191,
26377,2.9856,
26378,3.12179,
26379,2.91183,
26380,2.99202,
26381,2.90878,
26382,3.22709,
26383,3.27384,
26384,3.29383,
26385,3.27345,
26386,3.32022,
26387,3.25529,
26388,3.20549,
26389,3.33707,
26390,3.14959,
26391,3.24173,
26392,3.28192,
26393,3.26654,
26394,3.10169,
26395,3.2879,
26396,3.22024,
26397,3.25038,
26398,3.32191,
26399,3.20688,
26400,3.22789,
26401,3.18806,
26402,3.2199,
26403,3.13678,
26404,3.26699,
26405,2.71677,
26406,2.82736,
26407,2.7519,
26408,2.60197,
26409,2.6761,
26410,2.63378,
26411,2.92425,
26412,2.48958,
26413,2.72567,
26414,2.66602,
26415,2.76642,
26416,2.78225,
26417,2.57954,
26418,2.61745,
26419,2.8521,
26420,3.00968,
26421,2.93651,
26422,2.62286,
26423,2.63149,
26424,3.17518,
26425,3.26215,
26426,3.19753,
26427,3.20163,
26428,3.143,
26429,3.14244,
26430,3.07169,
26431,2.89426,
26432,3.0102,
26433,3.1276,
26434,2.99687,
26435,3.07143,
26436,3.18274,
26437,3.21905,
26438,3.09533,
26439,2.98733,
26440,2.81986,
26441,3.03466,
26442,2.95801,
26443,2.98232,
26444,2.76572,
26445,2.77133,
26446,2.7249,
26447,2.94662,
26448,2.96124,
26449,2.88515,
26450,3.03431,
26451,2.98314,
26452,3.05625,
26453,2.98636,
26454,3.12459,
26455,2.99905,
26456,2.8864,
26457,3.0098,
26458,2.81572,
26459,2.81731,
26460,2.79511,
26461,2.99771,
26462,3.11061,
26463,2.97901,
26464,2.76933,
26465,2.7397,
26466,2.64648,
26467,2.5574,
26468,2.62245,
26469,2.63021,
26470,2.90503,
26471,2.60144,
26472,2.65433,
26473,2.72171,
26474,2.94279,
26475,2.8539,
26476,3.05742,
26477,2.70627,
26478,3.167,
26479,2.88296,
26480,3.20274,
26481,3.37662,
26482,3.12301,
26483,3.23814,
26484,3.09464,
26485,3.00755,
26486,3.13,
26487,3.1209,
26488,2.96274,
26489,2.83555,
26490,2.83188,
26491,2.94258,
26492,2.9096,
26493,2.9767,
26494,3.03679,
26495,2.8772,
26496,3.03933,
26497,2.8023,
26498,3.03866,
26499,2.99407,
26500,2.77414,
26501,2.74479,
26502,3.00344,
26503,2.70466,
26504,2.76546,
26505,2.71799,
26506,2.62692,
26507,2.62845,
26508,2.72429,
26509,3.19713,
26510,3.17469,
26511,3.34029,
26512,3.30525,
26513,3.29039,
26514,3.19141,
26515,2.94697,
26516,3.04494,
26517,3.0219,
26518,3.12431,
26519,3.3739,
26520,3.1369,
26521,3.12163,
26522,2.9994,
26523,2.93144,
26524,3.24619,
26525,3.2238,
26526,3.28454,
26527,3.10198,
26528,3.3012,
26529,2.99117,
26530,3.03533,
26531,3.05718,
26532,3.08344,
26533,2.89729,
26534,2.96444,
26535,2.878,
26536,2.84478,
26537,3.09639,
26538,2.80472,
26539,2.82476,
26540,2.98031,
26541,3.00481,
26542,3.04704,
26543,2.9013,
26544,2.95754,
26545,2.83547,
26546,2.88317,
26547,2.78446,
26548,2.79565,
26549,2.9324,
26550,2.67187,
26551,2.77015,
26552,2.97905,
26553,2.89458,
26554,3.28258,
26555,3.32515,
26556,3.24621,
26557,3.36191,
26558,3.22667,
26559,3.23009,
26560,3.06676,
26561,3.11578,
26562,2.91075,
26563,2.96283,
26564,2.89511,
26565,2.92113,
26566,3.19579,
26567,3.16009,
26568,3.04502,
26569,3.20421,
26570,3.18029,
26571,2.90319,
26572,2.92875,
26573,2.95969,
26574,2.81846,
26575,2.97762,
26576,3.12043,
26577,3.07915,
26578,3.16829,
26579,3.28989,
26580,3.25764,
26581,2.72791,
26582,2.88822,
26583,3.0967,
26584,3.12134,
26585,3.14308,
26586,3.1251,
26587,3.19793,
26588,3.15866,
26589,3.23868,
26590,3.02562,
26591,2.98237,
26592,3.18293,
26593,2.835,
26594,3.07781,
26595,3.09369,
26596,3.04873,
26597,3.02203,
26598,3.02412,
26599,3.27613,
26600,3.10121,
26601,3.19585,
26602,3.05175,
26603,3.23452,
26604,3.13291,
26605,3.17209,
26606,2.98705,
26607,3.07324,
26608,3.02362,
26609,2.8952,
26610,2.98392,
26611,2.88582,
26612,3.01286,
26613,2.99067,
26614,3.07931,
26615,2.76506,
26616,2.96298,
26617,3.13349,
26618,3.03776,
26619,2.91482,
26620,2.87907,
26621,3.13812,
26622,2.89661,
26623,3.05817,
26624,2.28371,
26625,3.19213,
26626,3.07126,
26627,3.26291,
26628,3.30948,
26629,3.58578,
26630,3.16952,
26631,3.28205,
26632,3.11175,
26633,3.23035,
26634,3.17678,
26635,3.23035,
26636,3.17826,
26637,2.96829,
26638,3.01602,
26639,3.1147,
26640,3.25316,
26641,2.9887,
26642,3.15658,
26643,3.22751,
26644,3.09638,
26645,3.06516,
26646,3.04085,
26647,3.05547,
26648,3.15638,
26649,3.13253,
26650,3.13185,
26651,3.12243,
26652,2.988,
26653,3.21739,
26654,3.25199,
26655,2.96652,
26656,3.08383,
26657,2.92659,
26658,2.87013,
26659,2.84837,
26660,2.70743,
26661,3.05103,
26662,2.93967,
26663,2.85682,
26664,2.96184,
26665,3.07605,
26666,2.93153,
26667,2.86616,
26668,2.90675,
26669,2.85287,
26670,3.01368,
26671,2.85237,
26672,2.959,
26673,3.07476,
26674,2.92974,
26675,3.09329,
26676,3.0642,
26677,2.98342,
26678,2.96528,
26679,2.95371,
26680,3.17257,
26681,3.04122,
26682,3.01378,
26683,3.03905,
26684,3.09632,
26685,2.93307,
26686,2.75236,
26687,2.92179,
26688,2.86484,
26689,2.96579,
26690,2.95898,
26691,2.70387,
26692,3.02006,
26693,3.11584,
26694,3.02628,
26695,2.9302,
26696,2.86861,
26697,3.11516,
26698,2.90108,
26699,2.65911,
26700,2.95767,
26701,2.92184,
26702,3.15621,
26703,2.87271,
26704,2.82396,
26705,2.9529,
26706,2.92253,
26707,2.83406,
26708,2.89229,
26709,2.93763,
26710,3.12508,
26711,3.0802,
26712,3.08361,
26713,2.85012,
26714,2.94555,
26715,2.89992,
26716,3.11054,
26717,3.12424,
26718,3.05444,
26719,3.07274,
26720,3.21119,
26721,2.94949,
26722,3.05429,
26723,3.01416,
26724,2.85523,
26725,3.1066,
26726,3.04669,
26727,3.2078,
26728,3.04611,
26729,2.75949,
26730,2.81161,
26731,2.98315,
26732,2.82935,
26733,2.90129,
26734,2.73597,
26735,2.87688,
26736,3.11002,
26737,3.19045,
26738,2.99936,
26739,3.15229,
26740,3.03313,
26741,3.08458,
26742,3.04021,
26743,3.15244,
26744,3.13622,
26745,3.14131,
26746,3.07781,
26747,3.07483,
26748,3.06692,
26749,2.95201,
26750,3.11302,
26751,2.73323,
26752,2.89162,
26753,3.08537,
26754,2.95563,
26755,3.0052,
26756,2.81302,
26757,2.92756,
26758,3.07173,
26759,2.81039,
26760,2.91691,
26761,2.85711,
26762,2.78531,
26763,2.8991,
26764,2.74732,
26765,2.80718,
26766,2.83211,
26767,2.94699,
26768,2.85072,
26769,2.9888,
26770,3.04057,
26771,2.97533,
26772,2.8391,
26773,2.91545,
26774,2.9155,
26775,2.94489,
26776,2.7893,
26777,3.10087,
26778,3.01002,
26779,3.04104,
26780,3.09093,
26781,3.01036,
26782,2.9117,
26783,3.04715,
26784,2.98304,
26785,3.04186,
26786,3.03495,
26787,3.17064,
26788,3.26042,
26789,3.13866,
26790,3.0405,
26791,3.00218,
26792,2.93104,
26793,2.94838,
26794,2.86463,
26795,2.92225,
26796,2.80905,
26797,2.9899,
26798,2.87046,
26799,3.05284,
26800,2.90119,
26801,3.01171,
26802,3.11791,
26803,3.111,
26804,3.24155,
26805,2.92751,
26806,2.79172,
26807,3.04712,
26808,2.77095,
26809,3.03891,
26810,3.10757,
26811,3.1839,
26812,3.21596,
26813,3.18604,
26814,2.98317,
26815,3.18912,
26816,3.09274,
26817,3.05624,
26818,3.0442,
26819,3.20997,
26820,2.93109,
26821,3.15932,
26822,2.7882,
26823,3.13446,
26824,3.14417,
26825,3.30529,
26826,3.01974,
26827,3.09736,
26828,3.17189,
26829,2.92636,
26830,3.13844,
26831,2.7912,
26832,2.93263,
26833,2.9509,
26834,3.20873,
26835,3.16404,
26836,2.76849,
26837,3.01265,
26838,2.95518,
26839,3.08103,
26840,3.04496,
26841,3.24126,
26842,3.0681,
26843,2.96866,
26844,3.07914,
26845,3.11104,
26846,2.95727,
26847,2.91231,
26848,2.86588,
26849,3.14986,
26850,3.24344,
26851,3.19218,
26852,3.15561,
26853,3.06456,
26854,3.05414,
26855,2.90031,
26856,3.17972,
26857,3.03211,
26858,3.13184,
26859,3.07538,
26860,3.1059,
26861,3.04732,
26862,3.15879,
26863,3.10387,
26864,2.97526,
26865,3.0627,
26866,3.16549,
26867,2.89769,
26868,3.25395,
26869,3.10709,
26870,2.99181,
26871,2.90037,
26872,3.10775,
26873,3.08588,
26874,2.96685,
26875,2.94661,
26876,3.13316,
26877,2.9097,
26878,2.90598,
26879,3.01172,
26880,2.92126,
26881,2.95896,
26882,3.10609,
26883,3.11615,
26884,2.96736,
26885,2.92996,
26886,2.9111,
26887,3.09882,
26888,3.11285,
26889,2.7482,
26890,2.97697,
26891,2.98491,
26892,3.04913,
26893,3.10917,
26894,3.10445,
26895,2.87521,
26896,2.98132,
26897,3.05588,
26898,2.73828,
26899,2.82837,
26900,3.19013,
26901,2.99001,
26902,3.0387,
26903,2.8428,
26904,2.82616,
26905,3.03187,
26906,2.96482,
26907,2.83457,
26908,3.15085,
26909,3.04679,
26910,2.79485,
26911,2.91231,
26912,2.82457,
26913,2.97032,
26914,2.82669,
26915,2.92858,
26916,3.06105,
26917,3.00257,
26918,3.17048,
26919,3.19696,
26920,3.05986,
26921,3.17021,
26922,2.93663,
26923,3.01676,
26924,3.15227,
26925,3.09112,
26926,3.19741,
26927,3.28198,
26928,3.37257,
26929,4.19432,
26930,3.08518,
26931,3.05471,
26932,3.09204,
26933,3.08252,
26934,2.9812,
26935,3.08926,
26936,3.02459,
26937,3.04944,
26938,2.98864,
26939,3.55661,
26940,3.08205,
26941,3.05023,
26942,2.71032,
26943,2.87252,
26944,3.11116,
26945,3.09035,
26946,3.20261,
26947,3.26754,
26948,3.08182,
26949,3.13209,
26950,3.11251,
26951,3.0297,
26952,3.26535,
26953,3.02429,
26954,3.03893,
26955,3.17664,
26956,3.19056,
26957,3.0494,
26958,2.9683,
26959,2.95386,
26960,2.95491,
26961,3.01224,
26962,2.9168,
26963,2.70776,
26964,3.12014,
26965,2.96572,
26966,2.83027,
26967,2.86674,
26968,2.95068,
26969,3.05198,
26970,3.02976,
26971,2.99661,
26972,3.05126,
26973,2.74955,
26974,2.95093,
26975,2.70257,
26976,3.04497,
26977,2.91103,
26978,2.93587,
26979,2.96667,
26980,2.94537,
26981,2.94896,
26982,2.92922,
26983,2.8554,
26984,2.79843,
26985,2.95033,
26986,2.9537,
26987,2.64287,
26988,2.75156,
26989,2.76565,
26990,2.93957,
26991,2.94995,
26992,2.90709,
26993,2.92077,
26994,2.96507,
26995,3.01733,
26996,2.75809,
26997,3.08742,
26998,2.92683,
26999,2.9551,
27000,2.92361,
27001,3.07566,
27002,3.19062,
27003,3.11414,
27004,2.95056,
27005,2.88813,
27006,3.2522,
27007,3.05163,
27008,3.0857,
27009,2.95618,
27010,2.84447,
27011,2.88525,
27012,3.05296,
27013,2.64722,
27014,2.70764,
27015,2.50821,
27016,2.80053,
27017,2.93198,
27018,3.04748,
27019,3.02389,
27020,3.05111,
27021,2.92157,
27022,2.77253,
27023,2.85252,
27024,2.98215,
27025,3.1163,
27026,2.90939,
27027,2.86964,
27028,2.50593,
27029,2.57033,
27030,3.07485,
27031,2.72781,
27032,2.92531,
27033,2.6786,
27034,2.86087,
27035,2.68735,
27036,2.71767,
27037,2.70243,
27038,2.80771,
27039,2.74924,
27040,2.70097,
27041,2.76466,
27042,2.99597,
27043,2.70324,
27044,2.95656,
27045,2.93074,
27046,3.21915,
27047,3.21293,
27048,3.17361,
27049,3.23244,
27050,3.19776,
27051,3.17239,
27052,2.99665,
27053,2.76485,
27054,3.06273,
27055,2.89051,
27056,2.92056,
27057,3.11437,
27058,3.00184,
27059,3.07166,
27060,2.96875,
27061,2.95008,
27062,2.86447,
27063,2.97968,
27064,3.08751,
27065,3.01356,
27066,2.97432,
27067,2.93496,
27068,2.83648,
27069,3.16911,
27070,2.86373,
27071,2.85388,
27072,2.99184,
27073,3.01679,
27074,2.88674,
27075,3.30103,
27076,3.13009,
27077,3.23471,
27078,3.04191,
27079,3.1798,
27080,3.10021,
27081,3.01939,
27082,3.09995,
27083,3.01579,
27084,3.02494,
27085,3.04261,
27086,3.04637,
27087,2.9702,
27088,2.87033,
27089,2.99308,
27090,2.91461,
27091,2.92065,
27092,2.6765,
27093,2.79639,
27094,2.66064,
27095,2.8679,
27096,2.94868,
27097,2.72487,
27098,2.82234,
27099,2.7785,
27100,2.94807,
27101,2.83173,
27102,2.90144,
27103,2.88313,
27104,2.98414,
27105,3.0796,
27106,3.0956,
27107,3.02233,
27108,3.11905,
27109,3.02365,
27110,3.15223,
27111,3.11803,
27112,3.10299,
27113,3.13842,
27114,3.00474,
27115,2.96995,
27116,2.74024,
27117,3.00718,
27118,2.95703,
27119,3.07011,
27120,2.98405,
27121,2.86667,
27122,2.97001,
27123,2.87649,
27124,2.93374,
27125,3.05522,
27126,3.12819,
27127,2.91533,
27128,2.86237,
27129,2.90235,
27130,3.11955,
27131,3.1096,
27132,3.16146,
27133,2.96974,
27134,3.20455,
27135,3.03655,
27136,3.10899,
27137,3.27081,
27138,3.01826,
27139,2.9016,
27140,2.85128,
27141,3.12717,
27142,3.13528,
27143,3.02296,
27144,3.04531,
27145,3.01827,
27146,3.21197,
27147,3.12197,
27148,3.32319,
27149,2.93727,
27150,3.01213,
27151,2.7761,
27152,2.92915,
27153,2.96042,
27154,2.91466,
27155,2.89818,
27156,3.13876,
27157,3.02231,
27158,2.93239,
27159,2.75652,
27160,2.8987,
27161,2.97709,
27162,2.96474,
27163,2.91989,
27164,3.2265,
27165,3.18359,
27166,3.18409,
27167,3.0589,
27168,2.96642,
27169,3.09825,
27170,2.89138,
27171,3.18281,
27172,3.22693,
27173,3.12428,
27174,3.15835,
27175,3.35162,
27176,3.48315,
27177,3.05403,
27178,3.1164,
27179,3.14582,
27180,3.21846,
27181,3.41443,
27182,3.13533,
27183,3.0538,
27184,3.06513,
27185,2.96621,
27186,3.04016,
27187,3.04065,
27188,3.05989,
27189,2.97447,
27190,2.8688,
27191,3.0863,
27192,3.45322,
27193,3.47037,
27194,3.40522,
27195,3.40639,
27196,3.39282,
27197,3.43014,
27198,3.34962,
27199,3.36893,
27200,3.35048,
27201,3.37046,
27202,3.38106,
27203,3.3792,
27204,3.36009,
27205,3.24474,
27206,3.33412,
27207,3.38349,
27208,3.30249,
27209,3.26594,
27210,3.19797,
27211,3.07635,
27212,3.27614,
27213,3.10772,
27214,3.06041,
27215,3.0776,
27216,3.08178,
27217,2.97022,
27218,3.16888,
27219,2.97942,
27220,3.05241,
27221,3.0467,
27222,2.86864,
27223,2.76599,
27224,3.08254,
27225,3.26463,
27226,3.13903,
27227,2.82857,
27228,3.04419,
27229,3.05699,
27230,2.97026,
27231,3.02189,
27232,3.10661,
27233,2.89542,
27234,3.02605,
27235,2.93103,
27236,2.90344,
27237,3.17357,
27238,3.05034,
27239,3.03702,
27240,3.04318,
27241,2.9414,
27242,2.91578,
27243,2.85251,
27244,2.89136,
27245,3.0323,
27246,2.95377,
27247,2.89377,
27248,3.05859,
27249,2.96936,
27250,2.92916,
27251,2.96625,
27252,2.79655,
27253,2.8084,
27254,3.0249,
27255,2.74601,
27256,2.81862,
27257,2.86493,
27258,2.94477,
27259,2.82228,
27260,2.81646,
27261,2.91536,
27262,2.83796,
27263,2.89927,
27264,2.91439,
27265,2.97465,
27266,3.00939,
27267,3.0107,
27268,2.87,
27269,3.06433,
27270,2.78551,
27271,2.95483,
27272,2.92917,
27273,2.89428,
27274,3.1912,
27275,2.87902,
27276,2.82156,
27277,3.02859,
27278,2.8988,
27279,2.75299,
27280,2.90658,
27281,3.13933,
27282,2.6533,
27283,2.74201,
27284,2.99347,
27285,2.73679,
27286,2.90867,
27287,2.87168,
27288,2.78775,
27289,2.72479,
27290,3.12602,
27291,3.00978,
27292,3.05212,
27293,2.94602,
27294,3.16879,
27295,3.0652,
27296,3.17375,
27297,3.0315,
27298,2.94437,
27299,3.07826,
27300,3.00395,
27301,3.03446,
27302,2.98675,
27303,2.99323,
27304,3.03861,
27305,2.7166,
27306,2.93545,
27307,2.98746,
27308,3.06633,
27309,3.01578,
27310,2.66139,
27311,2.8964,
27312,2.9681,
27313,2.86849,
27314,2.58459,
27315,2.75793,
27316,2.84654,
27317,2.82086,
27318,2.86539,
27319,2.5867,
27320,2.6849,
27321,2.69771,
27322,2.84614,
27323,2.90641,
27324,3.38016,
27325,3.25884,
27326,3.11092,
27327,3.03874,
27328,3.18538,
27329,3.23147,
27330,2.9607,
27331,3.14764,
27332,2.99642,
27333,3.00929,
27334,2.92769,
27335,3.25134,
27336,3.08364,
27337,3.02032,
27338,3.14946,
27339,3.1306,
27340,3.01623,
27341,3.11791,
27342,2.92219,
27343,3.1256,
27344,3.09162,
27345,2.97094,
27346,2.90615,
27347,2.97481,
27348,2.94689,
27349,3.11523,
27350,3.1151,
27351,2.99792,
27352,3.07923,
27353,2.99404,
27354,3.05297,
27355,3.19163,
27356,3.11484,
27357,2.99614,
27358,3.03714,
27359,3.08139,
27360,2.8789,
27361,2.99798,
27362,3.03219,
27363,3.16711,
27364,2.91618,
27365,2.97865,
27366,2.90325,
27367,3.06264,
27368,3.05182,
27369,3.06897,
27370,2.79749,
27371,3.01784,
27372,2.93242,
27373,2.8698,
27374,3.0064,
27375,3.09106,
27376,3.01065,
27377,2.91032,
27378,2.92533,
27379,3.01331,
27380,2.94748,
27381,2.8982,
27382,2.78818,
27383,2.86035,
27384,2.83886,
27385,2.96571,
27386,2.69887,
27387,2.73658,
27388,2.80461,
27389,2.8607,
27390,2.88825,
27391,2.80851,
27392,2.62026,
27393,2.85965,
27394,2.72591,
27395,2.85493,
27396,2.73398,
27397,2.80517,
27398,2.96905,
27399,2.91534,
27400,2.95915,
27401,2.65902,
27402,2.82916,
27403,2.75675,
27404,2.8314,
27405,2.98826,
27406,2.63813,
27407,2.76075,
27408,2.66456,
27409,2.63531,
27410,2.84799,
27411,2.86512,
27412,2.84313,
27413,2.76321,
27414,2.9678,
27415,2.80996,
27416,2.92567,
27417,3.0554,
27418,3.0633,
27419,3.03535,
27420,3.05252,
27421,3.34447,
27422,3.04458,
27423,2.91726,
27424,3.14666,
27425,3.00146,
27426,3.05703,
27427,3.14705,
27428,3.04319,
27429,3.01956,
27430,3.03629,
27431,2.82268,
27432,3.03186,
27433,2.99497,
27434,2.87132,
27435,2.981,
27436,2.94978,
27437,2.75468,
27438,2.94064,
27439,2.9548,
27440,2.83698,
27441,2.87468,
27442,2.97263,
27443,3.124,
27444,2.90926,
27445,2.99476,
27446,2.9074,
27447,3.22988,
27448,3.26348,
27449,3.28946,
27450,3.26851,
27451,3.32867,
27452,3.24692,
27453,3.19954,
27454,3.31224,
27455,3.1537,
27456,3.24303,
27457,3.29622,
27458,3.27164,
27459,3.08654,
27460,3.29743,
27461,3.21699,
27462,3.24249,
27463,3.3193,
27464,3.19788,
27465,3.22112,
27466,3.18464,
27467,3.22438,
27468,3.11928,
27469,3.26395,
27470,2.71495,
27471,2.81979,
27472,2.74254,
27473,2.59324,
27474,2.66949,
27475,2.62727,
27476,2.91895,
27477,2.48047,
27478,2.71609,
27479,2.65736,
27480,2.75628,
27481,2.77532,
27482,2.57635,
27483,2.60935,
27484,2.8478,
27485,2.97858,
27486,2.93414,
27487,2.62443,
27488,2.62121,
27489,3.17461,
27490,3.25316,
27491,3.18106,
27492,3.18424,
27493,3.15201,
27494,3.13249,
27495,3.05657,
27496,2.88616,
27497,3.01308,
27498,3.11099,
27499,2.9781,
27500,3.0527,
27501,3.1737,
27502,3.1975,
27503,3.08784,
27504,2.9913,
27505,2.82047,
27506,3.02012,
27507,2.94962,
27508,2.97848,
27509,2.7535,
27510,2.76581,
27511,2.73626,
27512,2.93133,
27513,2.94963,
27514,2.88336,
27515,3.02513,
27516,2.97162,
27517,3.03404,
27518,2.97145,
27519,3.11712,
27520,2.98407,
27521,2.87185,
27522,2.99531,
27523,2.79928,
27524,2.80125,
27525,2.78515,
27526,2.9877,
27527,3.10241,
27528,2.95679,
27529,2.77762,
27530,2.74293,
27531,2.6488,
27532,2.54711,
27533,2.61985,
27534,2.63699,
27535,2.92189,
27536,2.60194,
27537,2.6552,
27538,2.71835,
27539,2.94763,
27540,2.84715,
27541,3.05491,
27542,2.69943,
27543,3.17225,
27544,2.88698,
27545,3.19854,
27546,3.36621,
27547,3.11433,
27548,3.22931,
27549,3.08818,
27550,2.992,
27551,3.10956,
27552,3.11661,
27553,2.94941,
27554,2.82265,
27555,2.81415,
27556,2.93451,
27557,2.90483,
27558,2.97311,
27559,3.02645,
27560,2.87761,
27561,3.02497,
27562,2.79813,
27563,3.03749,
27564,2.99237,
27565,2.75825,
27566,2.7442,
27567,3.00473,
27568,2.68742,
27569,2.76233,
27570,2.7206,
27571,2.609,
27572,2.62068,
27573,2.71781,
27574,3.18812,
27575,3.16541,
27576,3.32733,
27577,3.28236,
27578,3.28078,
27579,3.18631,
27580,2.93307,
27581,3.04246,
27582,3.00851,
27583,3.11915,
27584,3.36835,
27585,3.13314,
27586,3.11722,
27587,2.984,
27588,2.92058,
27589,3.23967,
27590,3.21443,
27591,3.28462,
27592,3.08119,
27593,3.3041,
27594,2.9553,
27595,3.03007,
27596,3.03338,
27597,3.07113,
27598,2.88851,
27599,2.94663,
27600,2.87155,
27601,2.84633,
27602,3.09612,
27603,2.79777,
27604,2.81594,
27605,2.96704,
27606,2.9991,
27607,3.02201,
27608,2.88789,
27609,2.94591,
27610,2.84644,
27611,2.88081,
27612,2.77644,
27613,2.7918,
27614,2.9254,
27615,2.64769,
27616,2.75911,
27617,2.97699,
27618,2.88353,
27619,3.27221,
27620,3.31379,
27621,3.233,
27622,3.34756,
27623,3.21781,
27624,3.2053,
27625,3.03608,
27626,3.11095,
27627,2.89896,
27628,2.9508,
27629,2.89169,
27630,2.90867,
27631,3.19102,
27632,3.16606,
27633,3.04254,
27634,3.19488,
27635,3.15221,
27636,2.90053,
27637,2.92405,
27638,2.95978,
27639,2.82147,
27640,2.95632,
27641,3.10437,
27642,3.08036,
27643,3.17028,
27644,3.28921,
27645,3.25204,
27646,2.74295,
27647,2.89375,
27648,3.10124,
27649,3.12295,
27650,3.1394,
27651,3.11608,
27652,3.19727,
27653,3.15423,
27654,3.22842,
27655,3.02506,
27656,2.98664,
27657,3.16111,
27658,2.83313,
27659,3.07396,
27660,3.09762,
27661,3.0604,
27662,3.00867,
27663,3.02652,
27664,3.26397,
27665,3.09342,
27666,3.19364,
27667,3.0544,
27668,3.21882,
27669,3.15279,
27670,3.15569,
27671,2.98257,
27672,3.06968,
27673,3.00792,
27674,2.88948,
27675,2.97465,
27676,2.8773,
27677,3.00308,
27678,2.97907,
27679,3.06591,
27680,2.77919,
27681,2.96643,
27682,3.12103,
27683,3.01345,
27684,2.89698,
27685,2.87352,
27686,3.13122,
27687,2.88451,
27688,3.05771,
27689,2.27194,
27690,3.17092,
27691,3.06001,
27692,3.24134,
27693,3.29713,
27694,3.56565,
27695,3.15573,
27696,3.28461,
27697,3.10552,
27698,3.22095,
27699,3.16473,
27700,3.20761,
27701,3.17457,
27702,2.97685,
27703,3.00946,
27704,3.09661,
27705,3.25822,
27706,2.9856,
27707,3.15294,
27708,3.20983,
27709,3.08983,
27710,3.07108,
27711,3.03247,
27712,3.03364,
27713,3.14606,
27714,3.12321,
27715,3.13159,
27716,3.12265,
27717,2.97035,
27718,3.22354,
27719,3.2398,
27720,2.96602,
27721,3.07705,
27722,2.91558,
27723,2.85706,
27724,2.83962,
27725,2.7173,
27726,3.03825,
27727,2.92856,
27728,2.86459,
27729,2.95575,
27730,3.06938,
27731,2.92694,
27732,2.86418,
27733,2.89757,
27734,2.85354,
27735,3.02776,
27736,2.84494,
27737,2.95241,
27738,3.07758,
27739,2.91757,
27740,3.08274,
27741,3.04583,
27742,2.96719,
27743,2.95942,
27744,2.94274,
27745,3.1593,
27746,3.02711,
27747,3.01373,
27748,3.02462,
27749,3.10143,
27750,2.94043,
27751,2.74521,
27752,2.90996,
27753,2.85991,
27754,2.96284,
27755,2.96331,
27756,2.70025,
27757,3.01151,
27758,3.11075,
27759,3.01828,
27760,2.92178,
27761,2.85527,
27762,3.1027,
27763,2.91334,
27764,2.6408,
27765,2.95925,
27766,2.93489,
27767,3.1436,
27768,2.88642,
27769,2.81872,
27770,2.93847,
27771,2.91013,
27772,2.82658,
27773,2.88249,
27774,2.93256,
27775,3.09611,
27776,3.08099,
27777,3.07091,
27778,2.83922,
27779,2.93872,
27780,2.8887,
27781,3.10832,
27782,3.12423,
27783,3.0534,
27784,3.07394,
27785,3.21118,
27786,2.93859,
27787,3.03771,
27788,3.027,
27789,2.84042,
27790,3.10293,
27791,3.04122,
27792,3.18565,
27793,3.03013,
27794,2.75453,
27795,2.80481,
27796,2.97862,
27797,2.83309,
27798,2.8985,
27799,2.74748,
27800,2.87133,
27801,3.10671,
27802,3.16283,
27803,2.98599,
27804,3.13026,
27805,3.02509,
27806,3.08296,
27807,3.04449,
27808,3.15564,
27809,3.12662,
27810,3.1459,
27811,3.07898,
27812,3.07532,
27813,3.0618,
27814,2.94639,
27815,3.11207,
27816,2.75071,
27817,2.88998,
27818,3.08508,
27819,2.94613,
27820,3.00156,
27821,2.80363,
27822,2.92486,
27823,3.05746,
27824,2.80402,
27825,2.90487,
27826,2.84412,
27827,2.78332,
27828,2.8882,
27829,2.72743,
27830,2.80942,
27831,2.82933,
27832,2.93947,
27833,2.84731,
27834,2.98065,
27835,3.03211,
27836,2.98035,
27837,2.83437,
27838,2.91907,
27839,2.91503,
27840,2.91753,
27841,2.78718,
27842,3.08714,
27843,3.01064,
27844,3.02709,
27845,3.08291,
27846,3.0087,
27847,2.90105,
27848,3.04174,
27849,2.98689,
27850,3.03836,
27851,3.0273,
27852,3.15454,
27853,3.24748,
27854,3.12216,
27855,3.03729,
27856,3.00115,
27857,2.91535,
27858,2.94559,
27859,2.85292,
27860,2.91672,
27861,2.8083,
27862,2.98258,
27863,2.85762,
27864,3.04334,
27865,2.88562,
27866,2.99571,
27867,3.11974,
27868,3.10639,
27869,3.23155,
27870,2.9207,
27871,2.78047,
27872,3.04394,
27873,2.7613,
27874,3.03638,
27875,3.06675,
27876,3.15965,
27877,3.19938,
27878,3.17417,
27879,2.98132,
27880,3.18506,
27881,3.07487,
27882,3.04783,
27883,3.03953,
27884,3.19511,
27885,2.92272,
27886,3.15199,
27887,2.77088,
27888,3.13447,
27889,3.13435,
27890,3.29519,
27891,3.02304,
27892,3.09791,
27893,3.17139,
27894,2.92361,
27895,3.1374,
27896,2.78529,
27897,2.93217,
27898,2.95071,
27899,3.19277,
27900,3.16395,
27901,2.76654,
27902,3.00662,
27903,2.96014,
27904,3.07488,
27905,3.0417,
27906,3.23947,
27907,3.06015,
27908,2.9568,
27909,3.0686,
27910,3.10302,
27911,2.95171,
27912,2.9014,
27913,2.85462,
27914,3.13124,
27915,3.23013,
27916,3.1954,
27917,3.15422,
27918,3.05835,
27919,3.05349,
27920,2.89062,
27921,3.17098,
27922,3.02977,
27923,3.12725,
27924,3.08238,
27925,3.10018,
27926,3.05765,
27927,3.1431,
27928,3.09345,
27929,2.97095,
27930,3.05043,
27931,3.17131,
27932,2.88281,
27933,3.25163,
27934,3.09199,
27935,2.99164,
27936,2.90483,
27937,3.09692,
27938,3.07558,
27939,2.9539,
27940,2.91731,
27941,3.12664,
27942,2.90081,
27943,2.89416,
27944,3.01699,
27945,2.92772,
27946,2.95059,
27947,3.09795,
27948,3.1117,
27949,2.95495,
27950,2.93063,
27951,2.91427,
27952,3.06815,
27953,3.12188,
27954,2.74584,
27955,2.97371,
27956,2.97679,
27957,3.05311,
27958,3.1077,
27959,3.10413,
27960,2.87766,
27961,2.98441,
27962,3.03984,
27963,2.71205,
27964,2.82224,
27965,3.18606,
27966,2.98297,
27967,3.03653,
27968,2.83997,
27969,2.82346,
27970,3.02255,
27971,2.95091,
27972,2.83365,
27973,3.1426,
27974,3.03064,
27975,2.7767,
27976,2.9093,
27977,2.82995,
27978,2.95036,
27979,2.82124,
27980,2.92683,
27981,3.04912,
27982,2.97809,
27983,3.1511,
27984,3.19856,
27985,3.05118,
27986,3.17543,
27987,2.92889,
27988,3.00995,
27989,3.149,
27990,3.08382,
27991,3.1908,
27992,3.27296,
27993,3.36212,
27994,4.2001,
27995,3.07511,
27996,3.05181,
27997,3.08779,
27998,3.08477,
27999,2.98393,
28000,3.09278,
28001,3.02222,
28002,3.03937,
28003,2.97302,
28004,3.55161,
28005,3.06419,
28006,3.03851,
28007,2.70499,
28008,2.87462,
28009,3.11851,
28010,3.09488,
28011,3.20475,
28012,3.2598,
28013,3.08636,
28014,3.1191,
28015,3.11024,
28016,3.03153,
28017,3.24043,
28018,3.00765,
28019,3.03612,
28020,3.1687,
28021,3.19371,
28022,3.03708,
28023,2.95673,
28024,2.94472,
28025,2.966,
28026,3.00554,
28027,2.91458,
28028,2.7105,
28029,3.12189,
28030,2.9758,
28031,2.82024,
28032,2.86193,
28033,2.941,
28034,3.06368,
28035,3.03758,
28036,2.99517,
28037,3.04537,
28038,2.76565,
28039,2.93474,
28040,2.70132,
28041,3.04955,
28042,2.91817,
28043,2.94094,
28044,2.95476,
28045,2.93971,
28046,2.93697,
28047,2.91882,
28048,2.8308,
28049,2.77952,
28050,2.9487,
28051,2.94874,
28052,2.63733,
28053,2.7412,
28054,2.76471,
28055,2.92304,
28056,2.95427,
28057,2.89905,
28058,2.90619,
28059,2.94877,
28060,3.01103,
28061,2.767,
28062,3.06993,
28063,2.92798,
28064,2.96966,
28065,2.91082,
28066,3.07622,
28067,3.1945,
28068,3.11657,
28069,2.93079,
28070,2.88599,
28071,3.23606,
28072,3.03363,
28073,3.08165,
28074,2.96033,
28075,2.84367,
28076,2.88289,
28077,3.05273,
28078,2.64702,
28079,2.70532,
28080,2.50689,
28081,2.78327,
28082,2.90924,
28083,3.04248,
28084,3.02038,
28085,3.05004,
28086,2.9109,
28087,2.75696,
28088,2.84015,
28089,2.96072,
28090,3.1275,
28091,2.90479,
28092,2.86305,
28093,2.49701,
28094,2.57242,
28095,3.06286,
28096,2.72053,
28097,2.91978,
28098,2.67648,
28099,2.84925,
28100,2.69792,
28101,2.72227,
28102,2.70997,
28103,2.78496,
28104,2.74602,
28105,2.69391,
28106,2.77069,
28107,3.00468,
28108,2.69682,
28109,2.95283,
28110,2.90655,
28111,3.21235,
28112,3.1916,
28113,3.1696,
28114,3.22336,
28115,3.20022,
28116,3.14898,
28117,3.00188,
28118,2.76867,
28119,3.0596,
28120,2.87963,
28121,2.91107,
28122,3.11186,
28123,2.99274,
28124,3.08997,
28125,2.96401,
28126,2.92666,
28127,2.86125,
28128,2.97119,
28129,3.08003,
28130,2.99682,
28131,2.97246,
28132,2.92414,
28133,2.83129,
28134,3.17744,
28135,2.86169,
28136,2.85615,
28137,2.98056,
28138,3.02246,
28139,2.88551,
28140,3.29268,
28141,3.13331,
28142,3.22283,
28143,3.03457,
28144,3.16731,
28145,3.11845,
28146,3.01655,
28147,3.08684,
28148,3.00378,
28149,3.00779,
28150,3.03136,
28151,3.04411,
28152,2.98482,
28153,2.856,
28154,2.99115,
28155,2.91525,
28156,2.92649,
28157,2.68902,
28158,2.77099,
28159,2.65641,
28160,2.86732,
28161,2.93544,
28162,2.71341,
28163,2.81317,
28164,2.77414,
28165,2.95839,
28166,2.82671,
28167,2.89773,
28168,2.86103,
28169,2.97231,
28170,3.0653,
28171,3.08704,
28172,3.01662,
28173,3.10328,
28174,3.02118,
28175,3.16144,
28176,3.10319,
28177,3.10552,
28178,3.14877,
28179,2.98492,
28180,2.95972,
28181,2.73175,
28182,3.00098,
28183,2.96676,
28184,3.05146,
28185,2.97689,
28186,2.86573,
28187,2.95075,
28188,2.87313,
28189,2.92475,
28190,3.03685,
28191,3.13367,
28192,2.90012,
28193,2.86242,
28194,2.88203,
28195,3.11047,
28196,3.10592,
28197,3.16105,
28198,2.96295,
28199,3.21497,
28200,3.02107,
28201,3.09678,
28202,3.25809,
28203,3.0167,
28204,2.90443,
28205,2.84903,
28206,3.11901,
28207,3.14539,
28208,3.0245,
28209,3.04112,
28210,3.02133,
28211,3.21262,
28212,3.12679,
28213,3.32091,
28214,2.90714,
28215,2.99051,
28216,2.76822,
28217,2.90659,
28218,2.9596,
28219,2.91607,
28220,2.89398,
28221,3.12926,
28222,3.02898,
28223,2.9263,
28224,2.75843,
28225,2.89292,
28226,2.98538,
28227,2.94966,
28228,2.90066,
28229,3.21419,
28230,3.16926,
28231,3.18669,
28232,3.04496,
28233,2.94384,
28234,3.08503,
28235,2.88742,
28236,3.18736,
28237,3.23221,
28238,3.12062,
28239,3.15588,
28240,3.36284,
28241,3.47658,
28242,3.04245,
28243,3.12002,
28244,3.1264,
28245,3.2136,
28246,3.40628,
28247,3.12453,
28248,3.04534,
28249,3.06383,
28250,2.95882,
28251,3.03266,
28252,3.04261,
28253,3.05659,
28254,2.96438,
28255,2.85992,
28256,3.07954,
28257,3.45126,
28258,3.4586,
28259,3.39659,
28260,3.41355,
28261,3.38089,
28262,3.42316,
28263,3.34483,
28264,3.35172,
28265,3.34877,
28266,3.36799,
28267,3.37088,
28268,3.38141,
28269,3.34432,
28270,3.24409,
28271,3.33268,
28272,3.38392,
28273,3.29533,
28274,3.25875,
28275,3.19346,
28276,3.04889,
28277,3.2776,
28278,3.093,
28279,3.04783,
28280,3.06464,
28281,3.07208,
28282,2.96374,
28283,3.15684,
28284,2.96609,
28285,3.04271,
28286,3.05222,
28287,2.86406,
28288,2.76095,
28289,3.0767,
28290,3.26374,
28291,3.13792,
28292,2.82994,
28293,3.04661,
28294,3.04952,
28295,2.95897,
28296,3.0128,
28297,3.08912,
28298,2.8916,
28299,3.03029,
28300,2.92735,
28301,2.88022,
28302,3.16968,
28303,3.04943,
28304,3.03134,
28305,3.03692,
28306,2.93646,
28307,2.90876,
28308,2.84988,
28309,2.8807,
28310,3.02753,
28311,2.93815,
28312,2.87536,
28313,3.04818,
28314,2.97016,
28315,2.92266,
28316,2.95525,
28317,2.7909,
28318,2.80339,
28319,3.01255,
28320,2.74675,
28321,2.80906,
28322,2.85608,
28323,2.94182,
28324,2.82164,
28325,2.82299,
28326,2.90776,
28327,2.8213,
28328,2.88462,
28329,2.91576,
28330,2.97193,
28331,3.00481,
28332,3.01227,
28333,2.86198,
28334,3.06814,
28335,2.78586,
28336,2.94816,
28337,2.9265,
28338,2.89217,
28339,3.18648,
28340,2.88626,
28341,2.81984,
28342,3.04869,
28343,2.88216,
28344,2.7583,
28345,2.891,
28346,3.13259,
28347,2.63345,
28348,2.74587,
28349,2.97706,
28350,2.73926,
28351,2.90579,
28352,2.87357,
28353,2.78901,
28354,2.71175,
28355,3.11798,
28356,3.00084,
28357,3.04041,
28358,2.93289,
28359,3.16739,
28360,3.05308,
28361,3.15126,
28362,3.03124,
28363,2.94171,
28364,3.0674,
28365,2.99474,
28366,3.02878,
28367,2.9888,
28368,2.99162,
28369,3.03547,
28370,2.70624,
28371,2.93413,
28372,2.98297,
28373,3.06613,
28374,3.0116,
28375,2.65554,
28376,2.89669,
28377,2.968,
28378,2.858,
28379,2.58144,
28380,2.76673,
28381,2.83316,
28382,2.81174,
28383,2.87716,
28384,2.57972,
28385,2.68955,
28386,2.68402,
28387,2.84268,
28388,2.91464,
28389,3.36882,
28390,3.2551,
28391,3.10455,
28392,3.03644,
28393,3.17296,
28394,3.21919,
28395,2.96349,
28396,3.1376,
28397,2.97786,
28398,3.00241,
28399,2.91032,
28400,3.23773,
28401,3.0602,
28402,3.01676,
28403,3.12754,
28404,3.1204,
28405,3.00188,
28406,3.11324,
28407,2.90677,
28408,3.11921,
28409,3.08612,
28410,2.96011,
28411,2.9026,
28412,2.96579,
28413,2.92638,
28414,3.10109,
28415,3.10134,
28416,2.9889,
28417,3.06654,
28418,2.98153,
28419,3.0312,
28420,3.18284,
28421,3.11279,
28422,2.99487,
28423,3.0196,
28424,3.07408,
28425,2.8679,
28426,3.00703,
28427,3.0352,
28428,3.14745,
28429,2.90745,
28430,2.96524,
28431,2.88247,
28432,3.04736,
28433,3.05783,
28434,3.06443,
28435,2.78158,
28436,3.01371,
28437,2.9333,
28438,2.86331,
28439,2.99032,
28440,3.0821,
28441,2.9975,
28442,2.87835,
28443,2.91627,
28444,3.01605,
28445,2.94302,
28446,2.89426,
28447,2.7915,
28448,2.86175,
28449,2.8251,
28450,2.95716,
28451,2.69666,
28452,2.73498,
28453,2.8206,
28454,2.87142,
28455,2.88914,
28456,2.8122,
28457,2.61498,
28458,2.84662,
28459,2.72297,
28460,2.86114,
28461,2.73053,
28462,2.81158,
28463,2.97962,
28464,2.911,
28465,2.95682,
28466,2.66161,
28467,2.83412,
28468,2.76464,
28469,2.81589,
28470,2.99514,
28471,2.63462,
28472,2.76285,
28473,2.66468,
28474,2.62245,
28475,2.83053,
28476,2.86201,
28477,2.83677,
28478,2.75474,
28479,2.95604,
28480,2.80204,
28481,2.90936,
28482,3.05307,
28483,3.05904,
28484,3.03462,
28485,3.0399,
28486,3.33654,
28487,3.04314,
28488,2.91469,
28489,3.14744,
28490,2.9752,
28491,3.05479,
28492,3.13726,
28493,3.05023,
28494,3.03002,
28495,3.03269,
28496,2.83614,
28497,3.03815,
28498,2.99429,
28499,2.87553,
28500,2.97135,
28501,2.95602,
28502,2.76485,
28503,2.92436,
28504,2.94245,
28505,2.81999,
28506,2.88288,
28507,2.96316,
28508,3.11613,
28509,2.90861,
28510,2.98335,
28511,2.90187,
28512,3.22788,
28513,3.25555,
28514,3.28978,
28515,3.26741,
28516,3.31322,
28517,3.24376,
28518,3.19849,
28519,3.30839,
28520,3.14443,
28521,3.23233,
28522,3.27831,
28523,3.26662,
28524,3.08629,
28525,3.28316,
28526,3.21527,
28527,3.23414,
28528,3.32522,
28529,3.19013,
28530,3.21353,
28531,3.20057,
28532,3.22649,
28533,3.12637,
28534,3.25724,
28535,2.70645,
28536,2.81962,
28537,2.73997,
28538,2.58098,
28539,2.65832,
28540,2.61491,
28541,2.90995,
28542,2.4865,
28543,2.71036,
28544,2.65994,
28545,2.76025,
28546,2.77301,
28547,2.57975,
28548,2.60769,
28549,2.8354,
28550,2.97469,
28551,2.92415,
28552,2.60886,
28553,2.60908,
28554,3.16223,
28555,3.25435,
28556,3.17013,
28557,3.18299,
28558,3.12505,
28559,3.12097,
28560,3.05836,
28561,2.87316,
28562,2.99397,
28563,3.10274,
28564,2.97976,
28565,3.05932,
28566,3.16642,
28567,3.1904,
28568,3.10269,
28569,2.97489,
28570,2.81895,
28571,3.01151,
28572,2.94969,
28573,2.96853,
28574,2.74484,
28575,2.75636,
28576,2.72016,
28577,2.93532,
28578,2.94995,
28579,2.87463,
28580,3.01008,
28581,2.96511,
28582,3.03472,
28583,2.96771,
28584,3.10956,
28585,2.97957,
28586,2.86452,
28587,3.00234,
28588,2.79077,
28589,2.79559,
28590,2.78916,
28591,2.99069,
28592,3.09523,
28593,2.95851,
28594,2.77087,
28595,2.73966,
28596,2.65456,
28597,2.54964,
28598,2.61386,
28599,2.62749,
28600,2.90735,
28601,2.59028,
28602,2.64983,
28603,2.72599,
28604,2.9351,
28605,2.85574,
28606,3.05936,
28607,2.69477,
28608,3.14712,
28609,2.88024,
28610,3.19156,
28611,3.33691,
28612,3.10067,
28613,3.22206,
28614,3.07012,
28615,2.98936,
28616,3.09929,
28617,3.09712,
28618,2.95191,
28619,2.8256,
28620,2.81322,
28621,2.92879,
28622,2.89846,
28623,2.96847,
28624,3.03405,
28625,2.87058,
28626,3.02693,
28627,2.78391,
28628,3.02697,
28629,3.00011,
28630,2.75277,
28631,2.73709,
28632,3.007,
28633,2.69107,
28634,2.77129,
28635,2.71957,
28636,2.61211,
28637,2.62425,
28638,2.7275,
28639,3.17254,
28640,3.14878,
28641,3.30839,
28642,3.26981,
28643,3.26658,
28644,3.17086,
28645,2.93119,
28646,3.03498,
28647,2.99239,
28648,3.10832,
28649,3.35348,
28650,3.11153,
28651,3.10663,
28652,2.97776,
28653,2.92603,
28654,3.23519,
28655,3.2159,
28656,3.2734,
28657,3.08574,
28658,3.291,
28659,2.96003,
28660,3.02225,
28661,3.0186,
28662,3.07098,
28663,2.8856,
28664,2.94081,
28665,2.85574,
28666,2.83378,
28667,3.08266,
28668,2.79875,
28669,2.80903,
28670,2.96245,
28671,2.98953,
28672,3.02195,
28673,2.88161,
28674,2.94027,
28675,2.83919,
28676,2.8559,
28677,2.76852,
28678,2.78586,
28679,2.91617,
28680,2.65009,
28681,2.76459,
28682,2.96653,
28683,2.87928,
28684,3.252,
28685,3.30535,
28686,3.22139,
28687,3.34785,
28688,3.21459,
28689,3.20376,
28690,3.03058,
28691,3.106,
28692,2.8876,
28693,2.95151,
28694,2.88302,
28695,2.90472,
28696,3.17701,
28697,3.14886,
28698,3.03643,
28699,3.17714,
28700,3.15082,
28701,2.9121,
28702,2.91865,
28703,2.95355,
28704,2.80575,
28705,2.95853,
28706,3.09778,
28707,3.07145,
28708,3.15942,
28709,3.28953,
28710,3.24905,
28711,2.72949,
28712,2.88442,
28713,3.08557,
28714,3.10761,
28715,3.11843,
28716,3.11032,
28717,3.19295,
28718,3.13497,
28719,3.23612,
28720,3.01511,
28721,2.97031,
28722,3.16642,
28723,2.81972,
28724,3.06587,
28725,3.08499,
28726,3.04538,
28727,3.00979,
28728,3.01567,
28729,3.27416,
28730,3.08506,
28731,3.18303,
28732,3.06107,
28733,3.22914,
28734,3.13005,
28735,3.13969,
28736,2.98706,
28737,3.06231,
28738,3.00569,
28739,2.88582,
28740,2.97099,
28741,2.88629,
28742,2.99209,
28743,2.99995,
28744,3.07886,
28745,2.7579,
28746,2.9582,
28747,3.10769,
28748,3.01303,
28749,2.88902,
28750,2.87127,
28751,3.11327,
28752,2.87193,
28753,3.04447,
28754,2.26149,
28755,3.16491,
28756,3.07175,
28757,3.23222,
28758,3.28698,
28759,3.56469,
28760,3.15213,
28761,3.2742,
28762,3.11445,
28763,3.2061,
28764,3.15474,
28765,3.20815,
28766,3.18331,
28767,2.96129,
28768,3.00967,
28769,3.10728,
28770,3.24385,
28771,2.97821,
28772,3.15816,
28773,3.21297,
28774,3.07739,
28775,3.05275,
28776,3.02122,
28777,3.02219,
28778,3.13339,
28779,3.12028,
28780,3.1177,
28781,3.11423,
28782,2.96231,
28783,3.21621,
28784,3.23279,
28785,2.95947,
28786,3.07681,
28787,2.91107,
28788,2.85994,
28789,2.82381,
28790,2.70179,
28791,3.02969,
28792,2.92405,
28793,2.8594,
28794,2.94276,
28795,3.07197,
28796,2.9292,
28797,2.85961,
28798,2.90349,
28799,2.86111,
28800,3.01175,
28801,2.85237,
28802,2.94804,
28803,3.06902,
28804,2.91197,
28805,3.07676,
28806,3.03918,
28807,2.95368,
28808,2.95086,
28809,2.93584,
28810,3.15592,
28811,3.0156,
28812,3.00112,
28813,3.01824,
28814,3.09203,
28815,2.92527,
28816,2.7316,
28817,2.90999,
28818,2.85962,
28819,2.95775,
28820,2.95329,
28821,2.69524,
28822,3.01971,
28823,3.11462,
28824,3.01164,
28825,2.93601,
28826,2.84521,
28827,3.10898,
28828,2.91442,
28829,2.63717,
28830,2.9532,
28831,2.91197,
28832,3.13908,
28833,2.85966,
28834,2.8213,
28835,2.93543,
28836,2.92378,
28837,2.83121,
28838,2.8917,
28839,2.91525,
28840,3.08737,
28841,3.06586,
28842,3.05422,
28843,2.83762,
28844,2.93482,
28845,2.87859,
28846,3.09573,
28847,3.11423,
28848,3.0373,
28849,3.06506,
28850,3.19698,
28851,2.93208,
28852,3.02776,
28853,3.00519,
28854,2.84045,
28855,3.08205,
28856,3.03304,
28857,3.18397,
28858,3.02657,
28859,2.75243,
28860,2.79971,
28861,2.97555,
28862,2.81897,
28863,2.88109,
28864,2.73125,
28865,2.86783,
28866,3.10861,
28867,3.1553,
28868,2.98542,
28869,3.13782,
28870,3.01964,
28871,3.06771,
28872,3.02948,
28873,3.15523,
28874,3.13029,
28875,3.14725,
28876,3.07347,
28877,3.06994,
28878,3.05372,
28879,2.94369,
28880,3.11329,
28881,2.73114,
28882,2.89688,
28883,3.076,
28884,2.95996,
28885,2.99513,
28886,2.79174,
28887,2.93009,
28888,3.05033,
28889,2.81566,
28890,2.90217,
28891,2.84592,
28892,2.7704,
28893,2.87519,
28894,2.71305,
28895,2.79735,
28896,2.81194,
28897,2.94083,
28898,2.84397,
28899,2.9659,
28900,3.03202,
28901,2.97955,
28902,2.83118,
28903,2.91137,
28904,2.8971,
28905,2.90572,
28906,2.78107,
28907,3.08738,
28908,2.98648,
28909,3.01523,
28910,3.06601,
28911,3.00463,
28912,2.91141,
28913,3.03043,
28914,2.97114,
28915,3.03502,
28916,3.02133,
28917,3.15709,
28918,3.2351,
28919,3.11984,
28920,3.02468,
28921,2.99279,
28922,2.92459,
28923,2.93649,
28924,2.85481,
28925,2.90262,
28926,2.79207,
28927,2.97039,
28928,2.85842,
28929,3.04519,
28930,2.89847,
28931,2.99966,
28932,3.11331,
28933,3.10005,
28934,3.22053,
28935,2.92587,
28936,2.77892,
28937,3.04099,
28938,2.76082,
28939,3.03219,
28940,3.07176,
28941,3.15644,
28942,3.20158,
28943,3.17083,
28944,2.98073,
28945,3.17924,
28946,3.08372,
28947,3.0431,
28948,3.03961,
28949,3.18421,
28950,2.9194,
28951,3.14761,
28952,2.75706,
28953,3.12803,
28954,3.13535,
28955,3.29787,
28956,2.99382,
28957,3.10407,
28958,3.15366,
28959,2.91519,
28960,3.13633,
28961,2.78706,
28962,2.92038,
28963,2.94691,
28964,3.19914,
28965,3.16228,
28966,2.76883,
28967,3.0014,
28968,2.95618,
28969,3.07272,
28970,3.03079,
28971,3.22671,
28972,3.04845,
28973,2.9495,
28974,3.06124,
28975,3.11707,
28976,2.94617,
28977,2.88943,
28978,2.8559,
28979,3.12203,
28980,3.22134,
28981,3.16938,
28982,3.15269,
28983,3.04514,
28984,3.0418,
28985,2.88333,
28986,3.16003,
28987,3.0133,
28988,3.12156,
28989,3.07467,
28990,3.0852,
28991,3.04208,
28992,3.15219,
28993,3.08771,
28994,2.97768,
28995,3.06397,
28996,3.16296,
28997,2.88534,
28998,3.23785,
28999,3.08827,
29000,2.98334,
29001,2.88493,
29002,3.09647,
29003,3.07097,
29004,2.96186,
29005,2.90753,
29006,3.11117,
29007,2.89673,
29008,2.88272,
29009,3.00953,
29010,2.91238,
29011,2.94218,
29012,3.10428,
29013,3.10137,
29014,2.95031,
29015,2.92531,
29016,2.89668,
29017,3.07319,
29018,3.10774,
29019,2.7275,
29020,2.96022,
29021,2.97699,
29022,3.04151,
29023,3.09482,
29024,3.09947,
29025,2.87739,
29026,2.97207,
29027,3.02588,
29028,2.71581,
29029,2.81502,
29030,3.19091,
29031,2.96842,
29032,3.03345,
29033,2.83238,
29034,2.81387,
29035,3.01206,
29036,2.94507,
29037,2.83037,
29038,3.13204,
29039,3.02332,
29040,2.77135,
29041,2.91742,
29042,2.81572,
29043,2.94323,
29044,2.83357,
29045,2.90671,
29046,3.04077,
29047,2.98199,
29048,3.14379,
29049,3.17894,
29050,3.0527,
29051,3.1609,
29052,2.92562,
29053,3.0141,
29054,3.15018,
29055,3.07529,
29056,3.18534,
29057,3.26602,
29058,3.36118,
29059,4.18159,
29060,3.07186,
29061,3.04464,
29062,3.07722,
29063,3.06658,
29064,2.96785,
29065,3.08462,
29066,3.01624,
29067,3.04414,
29068,2.97077,
29069,3.54854,
29070,3.06101,
29071,3.04157,
29072,2.69523,
29073,2.87453,
29074,3.1065,
29075,3.08049,
29076,3.19169,
29077,3.25954,
29078,3.07148,
29079,3.10792,
29080,3.10138,
29081,3.02606,
29082,3.22685,
29083,3.01148,
29084,3.02818,
29085,3.16855,
29086,3.17561,
29087,3.03992,
29088,2.96207,
29089,2.93501,
29090,2.94129,
29091,3.00351,
29092,2.90011,
29093,2.69779,
29094,3.11173,
29095,2.96719,
29096,2.81251,
29097,2.85009,
29098,2.94011,
29099,3.04582,
29100,3.01038,
29101,2.98289,
29102,3.04532,
29103,2.73667,
29104,2.9257,
29105,2.687,
29106,3.03593,
29107,2.89869,
29108,2.92816,
29109,2.95958,
29110,2.9338,
29111,2.93532,
29112,2.91834,
29113,2.83232,
29114,2.78197,
29115,2.93876,
29116,2.94437,
29117,2.63669,
29118,2.73609,
29119,2.76338,
29120,2.92479,
29121,2.94396,
29122,2.88756,
29123,2.90792,
29124,2.94249,
29125,3.01256,
29126,2.74574,
29127,3.07655,
29128,2.92698,
29129,2.95169,
29130,2.91065,
29131,3.05933,
29132,3.1749,
29133,3.1006,
29134,2.92466,
29135,2.89231,
29136,3.23805,
29137,3.03765,
29138,3.0684,
29139,2.95085,
29140,2.8387,
29141,2.88346,
29142,3.0391,
29143,2.64083,
29144,2.69617,
29145,2.50014,
29146,2.77459,
29147,2.90461,
29148,3.03419,
29149,3.00479,
29150,3.03529,
29151,2.91488,
29152,2.75969,
29153,2.83899,
29154,2.97227,
29155,3.12027,
29156,2.89077,
29157,2.86061,
29158,2.49198,
29159,2.55709,
29160,3.05428,
29161,2.71554,
29162,2.91443,
29163,2.68014,
29164,2.87183,
29165,2.67702,
29166,2.71297,
29167,2.69877,
29168,2.79819,
29169,2.74021,
29170,2.69812,
29171,2.76944,
29172,2.98571,
29173,2.69386,
29174,2.94994,
29175,2.90071,
29176,3.20637,
29177,3.19445,
29178,3.16547,
29179,3.22095,
29180,3.18004,
29181,3.13887,
29182,2.97876,
29183,2.75795,
29184,3.05439,
29185,2.8679,
29186,2.89961,
29187,3.09852,
29188,2.97716,
29189,3.0707,
29190,2.95325,
29191,2.92291,
29192,2.85834,
29193,2.95991,
29194,3.07387,
29195,3.00186,
29196,2.97438,
29197,2.91873,
29198,2.80924,
29199,3.16034,
29200,2.84054,
29201,2.84791,
29202,2.98333,
29203,3.0064,
29204,2.88457,
29205,3.28304,
29206,3.12433,
29207,3.21063,
29208,3.02267,
29209,3.15571,
29210,3.09414,
29211,2.99951,
29212,3.08117,
29213,2.99633,
29214,3.01139,
29215,3.0196,
29216,3.03673,
29217,2.95053,
29218,2.84111,
29219,2.97966,
29220,2.91836,
29221,2.91445,
29222,2.68201,
29223,2.76795,
29224,2.64513,
29225,2.86069,
29226,2.95212,
29227,2.70372,
29228,2.80142,
29229,2.78002,
29230,2.94285,
29231,2.82235,
29232,2.89254,
29233,2.85316,
29234,2.9608,
29235,3.05828,
29236,3.08179,
29237,2.99785,
29238,3.09987,
29239,2.99595,
29240,3.14143,
29241,3.09029,
29242,3.09509,
29243,3.12195,
29244,2.97986,
29245,2.95082,
29246,2.74208,
29247,2.99377,
29248,2.94627,
29249,3.05635,
29250,2.97839,
29251,2.84483,
29252,2.95067,
29253,2.85885,
29254,2.9198,
29255,3.05067,
29256,3.11907,
29257,2.89187,
29258,2.86048,
29259,2.87517,
29260,3.10882,
29261,3.09364,
29262,3.14374,
29263,2.95838,
29264,3.19186,
29265,3.01515,
29266,3.08711,
29267,3.25169,
29268,3.01299,
29269,2.89761,
29270,2.83867,
29271,3.11621,
29272,3.12845,
29273,3.01546,
29274,3.03179,
29275,3.01713,
29276,3.20008,
29277,3.11839,
29278,3.31773,
29279,2.90873,
29280,2.98316,
29281,2.75501,
29282,2.91133,
29283,2.95416,
29284,2.9078,
29285,2.90899,
29286,3.1229,
29287,3.01899,
29288,2.92436,
29289,2.74585,
29290,2.89826,
29291,2.9647,
29292,2.94261,
29293,2.90105,
29294,3.21312,
29295,3.17067,
29296,3.16757,
29297,3.03657,
29298,2.93157,
29299,3.08406,
29300,2.89055,
29301,3.177,
29302,3.20284,
29303,3.10686,
29304,3.13816,
29305,3.33941,
29306,3.46464,
29307,3.03987,
29308,3.10653,
29309,3.11768,
29310,3.20932,
29311,3.40594,
29312,3.11879,
29313,3.05751,
29314,3.05627,
29315,2.9596,
29316,3.03279,
29317,3.02912,
29318,3.05743,
29319,2.9683,
29320,2.85283,
29321,3.0677,
29322,3.44625,
29323,3.45355,
29324,3.38376,
29325,3.38051,
29326,3.38008,
29327,3.41262,
29328,3.34566,
29329,3.34563,
29330,3.34547,
29331,3.35991,
29332,3.3684,
29333,3.36486,
29334,3.33391,
29335,3.24217,
29336,3.32591,
29337,3.36919,
29338,3.29269,
29339,3.25459,
29340,3.18807,
29341,3.04957,
29342,3.25388,
29343,3.08432,
29344,3.04796,
29345,3.05801,
29346,3.06428,
29347,2.95334,
29348,3.14556,
29349,2.9538,
29350,3.02967,
29351,3.03744,
29352,2.84794,
29353,2.75803,
29354,3.07907,
29355,3.25845,
29356,3.12051,
29357,2.81645,
29358,3.04638,
29359,3.04466,
29360,2.95514,
29361,3.01098,
29362,3.08767,
29363,2.88094,
29364,3.00888,
29365,2.91457,
29366,2.87116,
29367,3.16074,
29368,3.03084,
29369,3.03464,
29370,3.02748,
29371,2.92863,
29372,2.90409,
29373,2.83514,
29374,2.87894,
29375,3.02656,
29376,2.93552,
29377,2.87287,
29378,3.04439,
29379,2.96509,
29380,2.91296,
29381,2.95546,
29382,2.78092,
29383,2.78951,
29384,3.01851,
29385,2.73687,
29386,2.80281,
29387,2.84953,
29388,2.93339,
29389,2.81183,
29390,2.82072,
29391,2.91068,
29392,2.81597,
29393,2.88451,
29394,2.90703,
29395,2.97232,
29396,2.98752,
29397,3.00207,
29398,2.8548,
29399,3.07026,
29400,2.77874,
29401,2.94988,
29402,2.93365,
29403,2.89509,
29404,3.17583,
29405,2.887,
29406,2.81865,
29407,3.02581,
29408,2.88171,
29409,2.73434,
29410,2.89316,
29411,3.11544,
29412,2.63089,
29413,2.73417,
29414,2.96804,
29415,2.7326,
29416,2.89515,
29417,2.86494,
29418,2.78227,
29419,2.70629,
29420,3.09231,
29421,2.98915,
29422,3.03383,
29423,2.9213,
29424,3.15518,
29425,3.04212,
29426,3.14341,
29427,3.02216,
29428,2.94328,
29429,3.06338,
29430,2.99817,
29431,3.03771,
29432,2.97547,
29433,2.98395,
29434,3.033,
29435,2.70677,
29436,2.93195,
29437,2.98559,
29438,3.05942,
29439,3.0031,
29440,2.64539,
29441,2.88742,
29442,2.97215,
29443,2.85066,
29444,2.59102,
29445,2.75663,
29446,2.82632,
29447,2.81059,
29448,2.85784,
29449,2.59594,
29450,2.67806,
29451,2.68158,
29452,2.84097,
29453,2.90624,
29454,3.34385,
29455,3.25897,
29456,3.09574,
29457,3.0424,
29458,3.17591,
29459,3.21648,
29460,2.95605,
29461,3.13492,
29462,2.97066,
29463,2.98562,
29464,2.90375,
29465,3.22911,
29466,3.05581,
29467,3.0072,
29468,3.12002,
29469,3.12449,
29470,2.99933,
29471,3.10761,
29472,2.89547,
29473,3.10298,
29474,3.08372,
29475,2.95667,
29476,2.90581,
29477,2.9666,
29478,2.91128,
29479,3.09275,
29480,3.10127,
29481,2.97916,
29482,3.05787,
29483,2.96913,
29484,3.03193,
29485,3.17777,
29486,3.09836,
29487,2.96724,
29488,3.00756,
29489,3.06371,
29490,2.85461,
29491,2.9837,
29492,3.02453,
29493,3.13369,
29494,2.90104,
29495,2.97133,
29496,2.87997,
29497,3.03691,
29498,3.04294,
29499,3.06325,
29500,2.79214,
29501,2.99729,
29502,2.93793,
29503,2.86853,
29504,2.99575,
29505,3.07316,
29506,2.99681,
29507,2.87281,
29508,2.90707,
29509,3.00809,
29510,2.93537,
29511,2.8925,
29512,2.77552,
29513,2.85459,
29514,2.82493,
29515,2.9479,
29516,2.6895,
29517,2.71679,
29518,2.79923,
29519,2.86096,
29520,2.87338,
29521,2.7984,
29522,2.60608,
29523,2.84133,
29524,2.71588,
29525,2.8403,
29526,2.7346,
29527,2.80349,
29528,2.95972,
29529,2.89937,
29530,2.95213,
29531,2.66916,
29532,2.8169,
29533,2.73724,
29534,2.81243,
29535,2.98595,
29536,2.64719,
29537,2.76372,
29538,2.65357,
29539,2.62931,
29540,2.82903,
29541,2.85434,
29542,2.83638,
29543,2.75229,
29544,2.95876,
29545,2.79293,
29546,2.89637,
29547,3.04677,
29548,3.05769,
29549,3.02731,
29550,3.04309,
29551,3.32317,
29552,3.02638,
29553,2.89804,
29554,3.14586,
29555,2.97907,
29556,3.05281,
29557,3.13105,
29558,3.02878,
29559,3.01099,
29560,3.01924,
29561,2.81385,
29562,3.02366,
29563,2.98584,
29564,2.85194,
29565,2.96936,
29566,2.94733,
29567,2.7487,
29568,2.9264,
29569,2.93504,
29570,2.82299,
29571,2.88098,
29572,2.95365,
29573,3.10974,
29574,2.91657,
29575,2.98586,
29576,2.89177,
29577,3.21477,
29578,3.24486,
29579,3.27097,
29580,3.24881,
29581,3.30352,
29582,3.24568,
29583,3.18572,
29584,3.29799,
29585,3.12684,
29586,3.22085,
29587,3.26517,
29588,3.2543,
29589,3.07806,
29590,3.27924,
29591,3.21274,
29592,3.23252,
29593,3.30951,
29594,3.19521,
29595,3.21737,
29596,3.18297,
29597,3.19834,
29598,3.09498,
29599,3.25757,
29600,2.69136,
29601,2.81475,
29602,2.72019,
29603,2.5734,
29604,2.66243,
29605,2.61692,
29606,2.91392,
29607,2.48024,
29608,2.70511,
29609,2.64202,
29610,2.75368,
29611,2.76959,
29612,2.56321,
29613,2.59841,
29614,2.82423,
29615,2.96731,
29616,2.91505,
29617,2.60381,
29618,2.60447,
29619,3.16551,
29620,3.24264,
29621,3.15187,
29622,3.16865,
29623,3.12438,
29624,3.11849,
29625,3.04106,
29626,2.87168,
29627,2.99401,
29628,3.09388,
29629,2.96864,
29630,3.05993,
29631,3.16261,
29632,3.18432,
29633,3.0758,
29634,2.96471,
29635,2.80284,
29636,3.01349,
29637,2.94292,
29638,2.97972,
29639,2.74617,
29640,2.76484,
29641,2.71107,
29642,2.91731,
29643,2.94571,
29644,2.87155,
29645,2.98707,
29646,2.95781,
29647,3.01193,
29648,2.95064,
29649,3.10628,
29650,2.96761,
29651,2.85454,
29652,2.99438,
29653,2.79822,
29654,2.79752,
29655,2.77378,
29656,2.97393,
29657,3.08967,
29658,2.9571,
29659,2.7651,
29660,2.72786,
29661,2.65421,
29662,2.55461,
29663,2.62006,
29664,2.62576,
29665,2.90763,
29666,2.58637,
29667,2.64378,
29668,2.70713,
29669,2.93569,
29670,2.8507,
29671,3.04252,
29672,2.72135,
29673,3.14859,
29674,2.8775,
29675,3.17825,
29676,3.32781,
29677,3.09,
29678,3.21438,
29679,3.06442,
29680,2.97983,
29681,3.09831,
29682,3.0991,
29683,2.94481,
29684,2.82019,
29685,2.81053,
29686,2.94076,
29687,2.89349,
29688,2.96374,
29689,3.02412,
29690,2.88104,
29691,3.01547,
29692,2.79978,
29693,3.03011,
29694,2.9973,
29695,2.7606,
29696,2.73472,
29697,2.985,
29698,2.67597,
29699,2.75148,
29700,2.71164,
29701,2.60441,
29702,2.62276,
29703,2.706,
29704,3.15885,
29705,3.15144,
29706,3.30253,
29707,3.26087,
29708,3.27091,
29709,3.17956,
29710,2.92286,
29711,3.0193,
29712,2.97952,
29713,3.10704,
29714,3.34682,
29715,3.09894,
29716,3.10289,
29717,2.96439,
29718,2.91674,
29719,3.22693,
29720,3.20441,
29721,3.25672,
29722,3.07682,
29723,3.29409,
29724,2.9576,
29725,3.02694,
29726,3.00982,
29727,3.07734,
29728,2.87727,
29729,2.93091,
29730,2.84608,
29731,2.82996,
29732,3.0846,
29733,2.793,
29734,2.82063,
29735,2.96304,
29736,2.97727,
29737,3.02313,
29738,2.87816,
29739,2.93917,
29740,2.82652,
29741,2.84421,
29742,2.76556,
29743,2.79344,
29744,2.91714,
29745,2.65006,
29746,2.75213,
29747,2.96114,
29748,2.87254,
29749,3.24212,
29750,3.29567,
29751,3.20982,
29752,3.33094,
29753,3.1992,
29754,3.19625,
29755,3.02374,
29756,3.08352,
29757,2.89439,
29758,2.95667,
29759,2.8626,
29760,2.8983,
29761,3.16834,
29762,3.16056,
29763,3.03801,
29764,3.16994,
29765,3.14571,
29766,2.90003,
29767,2.91042,
29768,2.94849,
29769,2.81155,
29770,2.96963,
29771,3.09963,
29772,3.07251,
29773,3.16156,
29774,3.27366,
29775,3.25196,
29776,2.72261,
29777,2.87904,
29778,3.09368,
29779,3.11104,
29780,3.11162,
29781,3.10234,
29782,3.17231,
29783,3.12771,
29784,3.2232,
29785,3.00736,
29786,2.96226,
29787,3.15185,
29788,2.81962,
29789,3.0581,
29790,3.07852,
29791,3.0311,
29792,2.9963,
29793,3.00988,
29794,3.25091,
29795,3.08744,
29796,3.17798,
29797,3.03536,
29798,3.21711,
29799,3.12264,
29800,3.13405,
29801,2.97539,
29802,3.06813,
29803,2.99918,
29804,2.87737,
29805,2.96405,
29806,2.87494,
29807,2.98695,
29808,2.97103,
29809,3.05445,
29810,2.76038,
29811,2.9555,
29812,3.10703,
29813,2.99523,
29814,2.87773,
29815,2.8544,
29816,3.11241,
29817,2.86364,
29818,3.04886,
29819,2.25046,
29820,3.14226,
29821,3.05839,
29822,3.23501,
29823,3.27833,
29824,3.55356,
29825,3.13898,
29826,3.26565,
29827,3.09731,
29828,3.20234,
29829,3.15,
29830,3.21005,
29831,3.16399,
29832,2.95969,
29833,3.01756,
29834,3.08193,
29835,3.23441,
29836,2.97466,
29837,3.1283,
29838,3.199,
29839,3.07661,
29840,3.05139,
29841,3.01844,
29842,3.01225,
29843,3.13244,
29844,3.10044,
29845,3.10809,
29846,3.09871,
29847,2.9525,
29848,3.2111,
29849,3.23583,
29850,2.94539,
29851,3.06216,
29852,2.90866,
29853,2.84378,
29854,2.82524,
29855,2.69332,
29856,3.02495,
29857,2.91856,
29858,2.83622,
29859,2.93766,
29860,3.05299,
29861,2.91612,
29862,2.85539,
29863,2.88456,
29864,2.83822,
29865,3.00852,
29866,2.84054,
29867,2.95091,
29868,3.06737,
29869,2.91252,
29870,3.07458,
29871,3.02528,
29872,2.94064,
29873,2.95389,
29874,2.9359,
29875,3.16476,
29876,3.01125,
29877,2.99654,
29878,3.0105,
29879,3.07809,
29880,2.92177,
29881,2.72445,
29882,2.90192,
29883,2.84913,
29884,2.96062,
29885,2.94725,
29886,2.70288,
29887,3.01186,
29888,3.11234,
29889,3.01437,
29890,2.91013,
29891,2.85471,
29892,3.09851,
29893,2.91131,
29894,2.62601,
29895,2.95214,
29896,2.91252,
29897,3.1376,
29898,2.85643,
29899,2.80132,
29900,2.92722,
29901,2.89643,
29902,2.82439,
29903,2.87551,
29904,2.90974,
29905,3.09214,
29906,3.05992,
29907,3.06304,
29908,2.83625,
29909,2.93626,
29910,2.88144,
29911,3.08308,
29912,3.10802,
29913,3.03495,
29914,3.05975,
29915,3.18486,
29916,2.93155,
29917,3.02434,
29918,3.00099,
29919,2.83282,
29920,3.08126,
29921,3.03142,
29922,3.17363,
29923,3.02541,
29924,2.74368,
29925,2.79739,
29926,2.96852,
29927,2.80972,
29928,2.88612,
29929,2.72768,
29930,2.86384,
29931,3.09897,
29932,3.14741,
29933,2.97434,
29934,3.12058,
29935,3.00494,
29936,3.06815,
29937,3.01145,
29938,3.13352,
29939,3.11476,
29940,3.13288,
29941,3.07387,
29942,3.06007,
29943,3.04275,
29944,2.93103,
29945,3.09585,
29946,2.72124,
29947,2.88915,
29948,3.07919,
29949,2.93854,
29950,3.00897,
29951,2.80384,
29952,2.92781,
29953,3.05383,
29954,2.80382,
29955,2.90536,
29956,2.84199,
29957,2.77785,
29958,2.88361,
29959,2.71316,
29960,2.78839,
29961,2.81128,
29962,2.93422,
29963,2.84665,
29964,2.97156,
29965,3.02543,
29966,2.96866,
29967,2.81566,
29968,2.90157,
29969,2.87975,
29970,2.8965,
29971,2.7698,
29972,3.07391,
29973,2.98695,
29974,3.02166,
29975,3.05733,
29976,3.00897,
29977,2.90327,
29978,3.04413,
29979,2.96523,
29980,3.03359,
29981,3.01975,
29982,3.15745,
29983,3.23092,
29984,3.11738,
29985,3.02402,
29986,2.99586,
29987,2.91491,
29988,2.92708,
29989,2.83216,
29990,2.89426,
29991,2.78845,
29992,2.975,
29993,2.87671,
29994,3.03609,
29995,2.87736,
29996,2.99512,
29997,3.11008,
29998,3.08745,
29999,3.21226,
30000,2.91546,
30001,2.77594,
30002,3.03237,
30003,2.76779,
30004,3.03425,
30005,3.04174,
30006,3.14975,
30007,3.18458,
30008,3.16258,
30009,2.97767,
30010,3.18042,
30011,3.06503,
30012,3.04034,
30013,3.04264,
30014,3.17732,
30015,2.90356,
30016,3.15555,
30017,2.76181,
30018,3.10835,
30019,3.12082,
30020,3.28691,
30021,2.99065,
30022,3.09041,
30023,3.15275,
30024,2.91721,
30025,3.13523,
30026,2.78312,
30027,2.92024,
30028,2.94408,
30029,3.18506,
30030,3.16178,
30031,2.7613,
30032,2.9973,
30033,2.95616,
30034,3.07062,
30035,3.03619,
30036,3.23076,
30037,3.05611,
30038,2.95631,
30039,3.06119,
30040,3.09421,
30041,2.94262,
30042,2.886,
30043,2.85017,
30044,3.12148,
30045,3.21032,
30046,3.17192,
30047,3.1242,
30048,3.04303,
30049,3.05222,
30050,2.88419,
30051,3.16402,
30052,3.0042,
30053,3.10968,
30054,3.0547,
30055,3.0691,
30056,3.04787,
30057,3.12686,
30058,3.09085,
30059,2.9568,
30060,3.03246,
30061,3.15488,
30062,2.88472,
30063,3.22634,
30064,3.08189,
30065,2.98626,
30066,2.88844,
30067,3.09031,
30068,3.0667,
30069,2.96271,
30070,2.89871,
30071,3.11114,
30072,2.89401,
30073,2.8865,
30074,3.00399,
30075,2.90404,
30076,2.91978,
30077,3.08453,
30078,3.0959,
30079,2.95309,
30080,2.91993,
30081,2.91529,
30082,3.06093,
30083,3.10436,
30084,2.72216,
30085,2.95374,
30086,2.97477,
30087,3.03948,
30088,3.08782,
30089,3.08642,
30090,2.88717,
30091,2.98369,
30092,3.02719,
30093,2.70192,
30094,2.80641,
30095,3.17955,
30096,2.9795,
30097,3.0208,
30098,2.83376,
30099,2.8274,
30100,3.00666,
30101,2.93688,
30102,2.81012,
30103,3.13401,
30104,3.02104,
30105,2.7696,
30106,2.90007,
30107,2.8204,
30108,2.9403,
30109,2.82133,
30110,2.88788,
30111,3.03467,
30112,2.97437,
30113,3.14339,
30114,3.16542,
30115,3.05018,
30116,3.16386,
30117,2.91043,
30118,3.00646,
30119,3.13708,
30120,3.06649,
30121,3.17477,
30122,3.27448,
30123,3.35483,
30124,4.19069,
30125,3.06654,
30126,3.04186,
30127,3.07739,
30128,3.07563,
30129,2.96538,
30130,3.07956,
30131,3.00668,
30132,3.02838,
30133,2.97138,
30134,3.55351,
30135,3.07233,
30136,3.03175,
30137,2.69538,
30138,2.86209,
30139,3.09491,
30140,3.06955,
30141,3.19506,
30142,3.25061,
30143,3.07428,
30144,3.10553,
30145,3.09287,
30146,3.01642,
30147,3.21629,
30148,3.00307,
30149,3.02284,
30150,3.1448,
30151,3.18033,
30152,3.02845,
30153,2.94449,
30154,2.91944,
30155,2.92712,
30156,2.99707,
30157,2.90918,
30158,2.68611,
30159,3.10375,
30160,2.9631,
30161,2.80828,
30162,2.85028,
30163,2.93665,
30164,3.04271,
30165,3.00215,
30166,2.99444,
30167,3.03546,
30168,2.75108,
30169,2.92833,
30170,2.68468,
30171,3.03164,
30172,2.89436,
30173,2.91851,
30174,2.94642,
30175,2.93547,
30176,2.94837,
30177,2.90545,
30178,2.8184,
30179,2.76451,
30180,2.94396,
30181,2.94147,
30182,2.63617,
30183,2.73305,
30184,2.78149,
30185,2.91845,
30186,2.93148,
30187,2.87926,
30188,2.91314,
30189,2.95029,
30190,3.00344,
30191,2.74625,
30192,3.06467,
30193,2.92439,
30194,2.94509,
30195,2.89764,
30196,3.06359,
30197,3.16968,
30198,3.10212,
30199,2.93142,
30200,2.86586,
30201,3.2275,
30202,3.02954,
30203,3.0528,
30204,2.94797,
30205,2.82541,
30206,2.86767,
30207,3.04724,
30208,2.62588,
30209,2.69811,
30210,2.49505,
30211,2.77633,
30212,2.89646,
30213,3.02516,
30214,2.99813,
30215,3.03236,
30216,2.90674,
30217,2.7577,
30218,2.83474,
30219,2.96017,
30220,3.11336,
30221,2.90131,
30222,2.85212,
30223,2.48104,
30224,2.56645,
30225,3.06579,
30226,2.71514,
30227,2.90983,
30228,2.68083,
30229,2.84137,
30230,2.6868,
30231,2.72175,
30232,2.7033,
30233,2.78328,
30234,2.73134,
30235,2.69868,
30236,2.76405,
30237,2.98617,
30238,2.69013,
30239,2.95138,
30240,2.89047,
30241,3.1901,
30242,3.171,
30243,3.15317,
30244,3.2124,
30245,3.17339,
30246,3.13701,
30247,2.98911,
30248,2.74588,
30249,3.04658,
30250,2.86721,
30251,2.90531,
30252,3.09914,
30253,2.98411,
30254,3.05928,
30255,2.95031,
30256,2.92546,
30257,2.85298,
30258,2.95406,
30259,3.05903,
30260,3.00971,
30261,2.97043,
30262,2.91526,
30263,2.82887,
30264,3.17103,
30265,2.83834,
30266,2.85669,
30267,2.98131,
30268,3.00252,
30269,2.88156,
30270,3.27941,
30271,3.12189,
30272,3.18993,
30273,3.00653,
30274,3.15679,
30275,3.09235,
30276,2.99597,
30277,3.0745,
30278,2.9879,
30279,3.00499,
30280,3.02219,
30281,3.04196,
30282,2.94276,
30283,2.84263,
30284,2.97424,
30285,2.91587,
30286,2.91215,
30287,2.6704,
30288,2.77904,
30289,2.64571,
30290,2.85442,
30291,2.93806,
30292,2.69756,
30293,2.79445,
30294,2.76773,
30295,2.92769,
30296,2.81104,
30297,2.89575,
30298,2.82498,
30299,2.95026,
30300,3.04385,
30301,3.05851,
30302,2.99328,
30303,3.08856,
30304,2.99338,
30305,3.13389,
30306,3.08831,
30307,3.09607,
30308,3.1273,
30309,2.96928,
30310,2.94942,
30311,2.72761,
30312,3.00206,
30313,2.94637,
30314,3.04763,
30315,2.97106,
30316,2.84458,
30317,2.94141,
30318,2.8475,
30319,2.92893,
30320,3.0318,
30321,3.11519,
30322,2.88586,
30323,2.85169,
30324,2.86946,
30325,3.10174,
30326,3.0875,
30327,3.13759,
30328,2.94806,
30329,3.17791,
30330,3.00127,
30331,3.07925,
30332,3.24123,
30333,3.00476,
30334,2.88681,
30335,2.83187,
30336,3.1061,
30337,3.12507,
30338,3.00788,
30339,3.02475,
30340,3.01857,
30341,3.20097,
30342,3.10827,
30343,3.31328,
30344,2.90476,
30345,2.9822,
30346,2.75417,
30347,2.90216,
30348,2.94338,
30349,2.90155,
30350,2.8933,
30351,3.11991,
30352,3.02246,
30353,2.91469,
30354,2.75242,
30355,2.89786,
30356,2.96245,
30357,2.94237,
30358,2.89421,
30359,3.19239,
30360,3.15425,
30361,3.16461,
30362,3.04107,
30363,2.93141,
30364,3.08397,
30365,2.88399,
30366,3.18354,
30367,3.19769,
30368,3.1095,
30369,3.13097,
30370,3.34562,
30371,3.45982,
30372,3.03712,
30373,3.09718,
30374,3.11411,
30375,3.19992,
30376,3.41356,
30377,3.10384,
30378,3.04112,
30379,3.05342,
30380,2.97593,
30381,3.02263,
30382,3.03582,
30383,3.05032,
30384,2.96664,
30385,2.8599,
30386,3.05726,
30387,3.45282,
30388,3.44652,
30389,3.38763,
30390,3.37374,
30391,3.3734,
30392,3.41312,
30393,3.34023,
30394,3.34017,
30395,3.3344,
30396,3.3675,
30397,3.36441,
30398,3.38185,
30399,3.34004,
30400,3.24576,
30401,3.34068,
30402,3.37603,
30403,3.29493,
30404,3.24903,
30405,3.18297,
30406,3.03415,
30407,3.25666,
30408,3.07297,
30409,3.02789,
30410,3.06116,
30411,3.06539,
30412,2.94442,
30413,3.13939,
30414,2.95438,
30415,3.02467,
30416,3.03838,
30417,2.84004,
30418,2.75746,
30419,3.0839,
30420,3.24682,
30421,3.11511,
30422,2.81797,
30423,3.0244,
30424,3.03923,
30425,2.94798,
30426,3.00412,
30427,3.08303,
30428,2.89008,
30429,3.00704,
30430,2.9047,
30431,2.86755,
30432,3.14289,
30433,3.03344,
30434,3.02576,
30435,3.01916,
30436,2.92258,
30437,2.9019,
30438,2.84243,
30439,2.88561,
30440,3.01783,
30441,2.92764,
30442,2.87836,
30443,3.03916,
30444,2.96598,
30445,2.90855,
30446,2.94582,
30447,2.78781,
30448,2.78625,
30449,3.00718,
30450,2.7265,
30451,2.81212,
30452,2.8433,
30453,2.93632,
30454,2.83061,
30455,2.81638,
30456,2.90096,
30457,2.80864,
30458,2.87154,
30459,2.89443,
30460,2.95466,
30461,2.97868,
30462,2.97975,
30463,2.85933,
30464,3.04676,
30465,2.79024,
30466,2.94298,
30467,2.91614,
30468,2.89103,
30469,3.17262,
30470,2.87405,
30471,2.82462,
30472,3.00631,
30473,2.88408,
30474,2.74726,
30475,2.89105,
30476,3.12322,
30477,2.63392,
30478,2.72626,
30479,2.9724,
30480,2.72593,
30481,2.91523,
30482,2.84717,
30483,2.78272,
30484,2.70565,
30485,3.09452,
30486,2.99288,
30487,3.03547,
30488,2.91514,
30489,3.15496,
30490,3.04669,
30491,3.13128,
30492,3.00915,
30493,2.93342,
30494,3.06025,
30495,2.98727,
30496,3.02469,
30497,2.98492,
30498,2.9798,
30499,3.02254,
30500,2.71341,
30501,2.92075,
30502,2.97797,
30503,3.05101,
30504,3.00875,
30505,2.64029,
30506,2.87726,
30507,2.96276,
30508,2.8443,
30509,2.58313,
30510,2.75872,
30511,2.82382,
30512,2.81434,
30513,2.86224,
30514,2.58619,
30515,2.67333,
30516,2.68514,
30517,2.84377,
30518,2.89715,
30519,3.33156,
30520,3.2389,
30521,3.0815,
30522,3.01408,
30523,3.16594,
30524,3.20976,
30525,2.94604,
30526,3.13781,
30527,2.96598,
30528,2.98354,
30529,2.89733,
30530,3.24153,
30531,3.04117,
30532,2.99768,
30533,3.13011,
30534,3.10234,
30535,2.98588,
30536,3.1067,
30537,2.89634,
30538,3.0977,
30539,3.07276,
30540,2.9527,
30541,2.90321,
30542,2.95784,
30543,2.8999,
30544,3.08582,
30545,3.09534,
30546,2.97678,
30547,3.04973,
30548,2.97476,
30549,3.01169,
30550,3.16595,
30551,3.09185,
30552,2.9781,
30553,3.01212,
30554,3.05845,
30555,2.85771,
30556,2.98332,
30557,3.01542,
30558,3.1304,
30559,2.90132,
30560,2.96733,
30561,2.88009,
30562,3.03603,
30563,3.03709,
30564,3.05378,
30565,2.78733,
30566,3.0017,
30567,2.93158,
30568,2.85849,
30569,2.98888,
30570,3.06116,
30571,2.99849,
30572,2.87053,
30573,2.9031,
30574,3.01132,
30575,2.93746,
30576,2.88037,
30577,2.77279,
30578,2.84615,
30579,2.81845,
30580,2.93924,
30581,2.67682,
30582,2.70188,
30583,2.79171,
30584,2.8411,
30585,2.86866,
30586,2.79724,
30587,2.61623,
30588,2.83068,
30589,2.73099,
30590,2.83598,
30591,2.72057,
30592,2.79149,
30593,2.95343,
30594,2.89774,
30595,2.93886,
30596,2.66467,
30597,2.81215,
30598,2.74214,
30599,2.81284,
30600,2.98317,
30601,2.62982,
30602,2.75774,
30603,2.65467,
30604,2.62602,
30605,2.83824,
30606,2.84572,
30607,2.82748,
30608,2.75532,
30609,2.95517,
30610,2.78837,
30611,2.89326,
30612,3.03324,
30613,3.03488,
30614,3.01589,
30615,3.02604,
30616,3.33516,
30617,3.03446,
30618,2.88938,
30619,3.1481,
30620,2.96202,
30621,3.0571,
30622,3.12237,
30623,3.02773,
30624,3.00115,
30625,3.03355,
30626,2.8157,
30627,3.02713,
30628,2.98898,
30629,2.84384,
30630,2.96206,
30631,2.93899,
30632,2.74453,
30633,2.91954,
30634,2.9349,
30635,2.80558,
30636,2.86336,
30637,2.95482,
30638,3.10171,
30639,2.88575,
30640,2.98002,
30641,2.89607,
30642,3.21305,
30643,3.24925,
30644,3.2678,
30645,3.24652,
30646,3.30199,
30647,3.24028,
30648,3.18396,
30649,3.29269,
30650,3.12285,
30651,3.22662,
30652,3.27277,
30653,3.25254,
30654,3.09289,
30655,3.27074,
30656,3.2108,
30657,3.23929,
30658,3.31252,
30659,3.20248,
30660,3.22135,
30661,3.1796,
30662,3.19576,
30663,3.08592,
30664,3.25351,
30665,2.68225,
30666,2.80443,
30667,2.72215,
30668,2.57282,
30669,2.64463,
30670,2.60845,
30671,2.91059,
30672,2.46702,
30673,2.71098,
30674,2.64282,
30675,2.77268,
30676,2.75209,
30677,2.55235,
30678,2.5971,
30679,2.81295,
30680,2.95703,
30681,2.90898,
30682,2.60681,
30683,2.60094,
30684,3.13928,
30685,3.23691,
30686,3.1443,
30687,3.15296,
30688,3.10971,
30689,3.10658,
30690,3.05225,
30691,2.87589,
30692,2.98549,
30693,3.08654,
30694,2.97036,
30695,3.05157,
30696,3.15848,
30697,3.18717,
30698,3.07777,
30699,2.96545,
30700,2.79558,
30701,3.01805,
30702,2.94022,
30703,2.9623,
30704,2.74063,
30705,2.75756,
30706,2.70727,
30707,2.91644,
30708,2.93955,
30709,2.86662,
30710,2.99264,
30711,2.96527,
30712,3.00492,
30713,2.94885,
30714,3.09005,
30715,2.96567,
30716,2.84769,
30717,2.99147,
30718,2.78165,
30719,2.79683,
30720,2.77208,
30721,2.96274,
30722,3.09502,
30723,2.95612,
30724,2.77343,
30725,2.72383,
30726,2.64127,
30727,2.5403,
30728,2.61956,
30729,2.62812,
30730,2.91825,
30731,2.57535,
30732,2.64089,
30733,2.71312,
30734,2.94223,
30735,2.8544,
30736,3.04172,
30737,2.69444,
30738,3.14244,
30739,2.87836,
30740,3.17161,
30741,3.31362,
30742,3.08481,
30743,3.21021,
30744,3.06419,
30745,2.96848,
30746,3.07991,
30747,3.09083,
30748,2.92573,
30749,2.80522,
30750,2.80076,
30751,2.91217,
30752,2.87853,
30753,2.96524,
30754,3.02883,
30755,2.86135,
30756,3.01773,
30757,2.78065,
30758,3.01066,
30759,2.98989,
30760,2.74728,
30761,2.74032,
30762,2.99394,
30763,2.68835,
30764,2.76638,
30765,2.71575,
30766,2.60393,
30767,2.61946,
30768,2.7024,
30769,3.1578,
30770,3.1311,
30771,3.29596,
30772,3.25662,
30773,3.2558,
30774,3.14908,
30775,2.91381,
30776,3.01632,
30777,2.97609,
30778,3.11258,
30779,3.33979,
30780,3.09134,
30781,3.11405,
30782,2.96581,
30783,2.90367,
30784,3.22686,
30785,3.1992,
30786,3.24438,
30787,3.07946,
30788,3.29007,
30789,2.94784,
30790,3.02812,
30791,3.01278,
30792,3.05871,
30793,2.87241,
30794,2.92869,
30795,2.83795,
30796,2.83092,
30797,3.0783,
30798,2.78118,
30799,2.79879,
30800,2.96015,
30801,2.96684,
30802,3.00391,
30803,2.87835,
30804,2.94465,
30805,2.83123,
30806,2.84387,
30807,2.75312,
30808,2.77791,
30809,2.91375,
30810,2.64773,
30811,2.73977,
30812,2.96535,
30813,2.86257,
30814,3.24057,
30815,3.28196,
30816,3.20728,
30817,3.32774,
30818,3.2,
30819,3.17721,
30820,3.01223,
30821,3.0815,
30822,2.89831,
30823,2.92947,
30824,2.85957,
30825,2.88587,
30826,3.17159,
30827,3.1437,
30828,3.03057,
30829,3.16939,
30830,3.13023,
30831,2.91043,
30832,2.90731,
30833,2.94483,
30834,2.8034,
30835,2.95929,
30836,3.09015,
30837,3.06035,
30838,3.14683,
30839,3.26837,
30840,3.26515,
30841,2.71445,
30842,2.87348,
30843,3.09477,
30844,3.1039,
30845,3.09647,
30846,3.08699,
30847,3.17039,
30848,3.1226,
30849,3.22046,
30850,3.00428,
30851,2.95757,
30852,3.14131,
30853,2.82211,
30854,3.05067,
30855,3.06655,
30856,3.02043,
30857,2.99276,
30858,3.00228,
30859,3.24707,
30860,3.08021,
30861,3.16303,
30862,3.02271,
30863,3.2069,
30864,3.11212,
30865,3.12441,
30866,2.97242,
30867,3.05404,
30868,2.99389,
30869,2.87016,
30870,2.96506,
30871,2.87019,
30872,2.98055,
30873,2.9772,
30874,3.06263,
30875,2.75413,
30876,2.95004,
30877,3.08957,
30878,2.99138,
30879,2.87007,
30880,2.84557,
30881,3.11422,
30882,2.86364,
30883,3.03393,
30884,2.24125,
30885,3.14362,
30886,3.06256,
30887,3.22036,
30888,3.27449,
30889,3.53847,
30890,3.13504,
30891,3.26086,
30892,3.0897,
30893,3.18879,
30894,3.13667,
30895,3.20271,
30896,3.15768,
30897,2.95681,
30898,3.00465,
30899,3.07636,
30900,3.23564,
30901,2.97106,
30902,3.12567,
30903,3.20665,
30904,3.07661,
30905,3.05301,
30906,3.01774,
30907,3.00292,
30908,3.12856,
30909,3.09837,
30910,3.10686,
30911,3.10866,
30912,2.94004,
30913,3.20359,
30914,3.22002,
30915,2.94215,
30916,3.05576,
30917,2.89607,
30918,2.83444,
30919,2.82236,
30920,2.68415,
30921,3.02471,
30922,2.90795,
30923,2.83945,
30924,2.93273,
30925,3.05162,
30926,2.92932,
30927,2.85255,
30928,2.88963,
30929,2.8502,
30930,2.99753,
30931,2.83782,
30932,2.93906,
30933,3.06703,
30934,2.90601,
30935,3.05043,
30936,3.01245,
30937,2.93656,
30938,2.9448,
30939,2.91268,
30940,3.14314,
30941,3.0095,
30942,3.004,
30943,2.99858,
30944,3.08188,
30945,2.91372,
30946,2.72216,
30947,2.89997,
30948,2.84083,
30949,2.95688,
30950,2.94771,
30951,2.69163,
30952,2.99967,
30953,3.10104,
30954,3.00327,
30955,2.91658,
30956,2.8351,
30957,3.08771,
30958,2.88702,
30959,2.62504,
30960,2.95626,
30961,2.91655,
30962,3.13024,
30963,2.8478,
30964,2.81221,
30965,2.92639,
30966,2.89949,
30967,2.81982,
30968,2.88003,
30969,2.8977,
30970,3.05911,
30971,3.05695,
30972,3.06307,
30973,2.81553,
30974,2.92373,
30975,2.86871,
30976,3.07627,
30977,3.08827,
30978,3.02197,
30979,3.0426,
30980,3.18771,
30981,2.9108,
30982,3.02247,
30983,2.99125,
30984,2.82311,
30985,3.0676,
30986,3.02073,
30987,3.16189,
30988,2.99861,
30989,2.74213,
30990,2.79776,
30991,2.9717,
30992,2.80505,
30993,2.87424,
30994,2.72313,
30995,2.85844,
30996,3.08913,
30997,3.13187,
30998,2.97352,
30999,3.11349,
31000,3.00473,
31001,3.05147,
31002,3.02369,
31003,3.13415,
31004,3.10977,
31005,3.12652,
31006,3.06308,
31007,3.05878,
31008,3.04295,
31009,2.92562,
31010,3.10854,
31011,2.71829,
31012,2.87311,
31013,3.06907,
31014,2.93618,
31015,2.99031,
31016,2.78372,
31017,2.91691,
31018,3.03843,
31019,2.79672,
31020,2.8851,
31021,2.84424,
31022,2.77461,
31023,2.87015,
31024,2.70119,
31025,2.79005,
31026,2.81123,
31027,2.93423,
31028,2.83209,
31029,2.97006,
31030,3.01986,
31031,2.97025,
31032,2.82842,
31033,2.89984,
31034,2.87959,
31035,2.89435,
31036,2.76642,
31037,3.06947,
31038,2.97307,
31039,2.99916,
31040,3.05741,
31041,3.00066,
31042,2.88391,
31043,3.02151,
31044,2.95942,
31045,3.02484,
31046,3.03349,
31047,3.15742,
31048,3.22994,
31049,3.1035,
31050,3.01387,
31051,2.99362,
31052,2.90497,
31053,2.92884,
31054,2.84309,
31055,2.88991,
31056,2.78812,
31057,2.97271,
31058,2.83993,
31059,3.04137,
31060,2.87825,
31061,2.99328,
31062,3.11306,
31063,3.08051,
31064,3.21229,
31065,2.91677,
31066,2.76762,
31067,3.03919,
31068,2.74783,
31069,3.03165,
31070,3.0395,
31071,3.14352,
31072,3.17693,
31073,3.14551,
31074,2.96028,
31075,3.17153,
31076,3.05131,
31077,3.05967,
31078,3.03106,
31079,3.16731,
31080,2.89121,
31081,3.13826,
31082,2.75371,
31083,3.11675,
31084,3.11216,
31085,3.27336,
31086,2.98686,
31087,3.08872,
31088,3.14804,
31089,2.91316,
31090,3.12657,
31091,2.78332,
31092,2.91044,
31093,2.94468,
31094,3.18819,
31095,3.14703,
31096,2.77446,
31097,2.99054,
31098,2.93276,
31099,3.06956,
31100,3.02731,
31101,3.22027,
31102,3.05609,
31103,2.94045,
31104,3.0463,
31105,3.1013,
31106,2.94815,
31107,2.89329,
31108,2.85226,
31109,3.10076,
31110,3.20617,
31111,3.16932,
31112,3.12602,
31113,3.02946,
31114,3.03351,
31115,2.8841,
31116,3.15188,
31117,3.01832,
31118,3.10726,
31119,3.0522,
31120,3.06577,
31121,3.03338,
31122,3.12309,
31123,3.07852,
31124,2.96835,
31125,3.03969,
31126,3.14901,
31127,2.8713,
31128,3.22513,
31129,3.07497,
31130,2.9779,
31131,2.89071,
31132,3.08439,
31133,3.07012,
31134,2.94096,
31135,2.89071,
31136,3.11541,
31137,2.88538,
31138,2.88076,
31139,2.9938,
31140,2.89737,
31141,2.91414,
31142,3.07739,
31143,3.09257,
31144,2.94781,
31145,2.91161,
31146,2.89798,
31147,3.05529,
31148,3.10406,
31149,2.72788,
31150,2.95538,
31151,2.95307,
31152,3.02783,
31153,3.07876,
31154,3.09687,
31155,2.86964,
31156,2.957,
31157,3.01178,
31158,2.69303,
31159,2.7931,
31160,3.18413,
31161,2.96683,
31162,3.02088,
31163,2.82529,
31164,2.82134,
31165,3.0146,
31166,2.94355,
31167,2.82816,
31168,3.13406,
31169,3.00395,
31170,2.76795,
31171,2.90873,
31172,2.81095,
31173,2.94188,
31174,2.81062,
31175,2.89107,
31176,3.01882,
31177,2.96751,
31178,3.14269,
31179,3.1635,
31180,3.03244,
31181,3.15673,
31182,2.89932,
31183,3.00218,
31184,3.12976,
31185,3.05482,
31186,3.17399,
31187,3.26582,
31188,3.35078,
31189,4.17543,
31190,3.04681,
31191,3.03543,
31192,3.06117,
31193,3.05364,
31194,2.95605,
31195,3.07278,
31196,2.99997,
31197,3.03461,
31198,2.97179,
31199,3.54559,
31200,3.06017,
31201,3.02808,
31202,2.714,
31203,2.86888,
31204,3.08878,
31205,3.08484,
31206,3.18958,
31207,3.25374,
31208,3.07023,
31209,3.08716,
31210,3.08978,
31211,3.00765,
31212,3.21798,
31213,2.99014,
31214,3.00924,
31215,3.13537,
31216,3.15984,
31217,3.02219,
31218,2.93597,
31219,2.91331,
31220,2.92305,
31221,2.98833,
31222,2.88767,
31223,2.69311,
31224,3.10598,
31225,2.94694,
31226,2.81873,
31227,2.84824,
31228,2.93366,
31229,3.03994,
31230,3.00162,
31231,2.98061,
31232,3.0273,
31233,2.73719,
31234,2.91375,
31235,2.68162,
31236,3.02271,
31237,2.89475,
31238,2.92072,
31239,2.94614,
31240,2.92983,
31241,2.9294,
31242,2.9049,
31243,2.81271,
31244,2.75754,
31245,2.92723,
31246,2.9255,
31247,2.63372,
31248,2.72708,
31249,2.75276,
31250,2.92758,
31251,2.93947,
31252,2.8842,
31253,2.88689,
31254,2.93876,
31255,3.01975,
31256,2.75224,
31257,3.06392,
31258,2.91748,
31259,2.94603,
31260,2.90127,
31261,3.05433,
31262,3.16611,
31263,3.07811,
31264,2.92032,
31265,2.86768,
31266,3.21236,
31267,3.02118,
31268,3.05089,
31269,2.95163,
31270,2.81855,
31271,2.89162,
31272,3.03533,
31273,2.64919,
31274,2.69656,
31275,2.50221,
31276,2.77229,
31277,2.90097,
31278,3.02383,
31279,2.99799,
31280,3.02408,
31281,2.90895,
31282,2.76864,
31283,2.84056,
31284,2.95745,
31285,3.09919,
31286,2.89817,
31287,2.84712,
31288,2.47613,
31289,2.55306,
31290,3.03968,
31291,2.69639,
31292,2.91199,
31293,2.65546,
31294,2.85837,
31295,2.68064,
31296,2.7093,
31297,2.69648,
31298,2.77754,
31299,2.73666,
31300,2.68602,
31301,2.75582,
31302,2.97415,
31303,2.69015,
31304,2.94379,
31305,2.87991,
31306,3.17854,
31307,3.1726,
31308,3.13944,
31309,3.1994,
31310,3.17125,
31311,3.11558,
31312,2.96398,
31313,2.72975,
31314,3.02483,
31315,2.86041,
31316,2.9103,
31317,3.08184,
31318,2.96596,
31319,3.05514,
31320,2.95152,
31321,2.92291,
31322,2.84628,
31323,2.95644,
31324,3.06162,
31325,2.99411,
31326,2.96532,
31327,2.90573,
31328,2.81783,
31329,3.15201,
31330,2.83817,
31331,2.85651,
31332,2.97503,
31333,3.00028,
31334,2.88744,
31335,3.28969,
31336,3.11409,
31337,3.18037,
31338,2.99397,
31339,3.14591,
31340,3.06896,
31341,2.98767,
31342,3.06475,
31343,2.99578,
31344,3.00827,
31345,3.01422,
31346,3.0219,
31347,2.94612,
31348,2.82495,
31349,2.98646,
31350,2.92364,
31351,2.89867,
31352,2.66362,
31353,2.77075,
31354,2.62927,
31355,2.8495,
31356,2.94672,
31357,2.69998,
31358,2.79214,
31359,2.77285,
31360,2.92673,
31361,2.8052,
31362,2.895,
31363,2.80704,
31364,2.93707,
31365,3.04899,
31366,3.05048,
31367,2.98044,
31368,3.09125,
31369,2.99543,
31370,3.12802,
31371,3.07884,
31372,3.0937,
31373,3.13466,
31374,2.97154,
31375,2.9359,
31376,2.73091,
31377,2.9897,
31378,2.96198,
31379,3.04153,
31380,2.95916,
31381,2.83287,
31382,2.94123,
31383,2.84437,
31384,2.92269,
31385,3.02869,
31386,3.11688,
31387,2.87881,
31388,2.86137,
31389,2.87356,
31390,3.08743,
31391,3.07739,
31392,3.13244,
31393,2.93991,
31394,3.16583,
31395,3.00133,
31396,3.08025,
31397,3.2352,
31398,2.99902,
31399,2.88622,
31400,2.82431,
31401,3.10162,
31402,3.11966,
31403,3.00455,
31404,3.02769,
31405,3.00622,
31406,3.20952,
31407,3.09795,
31408,3.3062,
31409,2.90093,
31410,2.99205,
31411,2.75166,
31412,2.90422,
31413,2.94725,
31414,2.91462,
31415,2.88648,
31416,3.11854,
31417,3.01336,
31418,2.9232,
31419,2.73429,
31420,2.87634,
31421,2.95528,
31422,2.93246,
31423,2.9051,
31424,3.19536,
31425,3.15366,
31426,3.1521,
31427,3.01537,
31428,2.91928,
31429,3.07744,
31430,2.86613,
31431,3.16595,
31432,3.19147,
31433,3.10896,
31434,3.13247,
31435,3.32627,
31436,3.46237,
31437,3.02591,
31438,3.09032,
31439,3.11461,
31440,3.20432,
31441,3.40188,
31442,3.11409,
31443,3.02582,
31444,3.06003,
31445,2.96942,
31446,3.01475,
31447,3.02168,
31448,3.04375,
31449,2.9519,
31450,2.85308,
31451,3.05258,
31452,3.43719,
31453,3.43901,
31454,3.37687,
31455,3.37241,
31456,3.37273,
31457,3.40206,
31458,3.33869,
31459,3.33003,
31460,3.33955,
31461,3.3497,
31462,3.35425,
31463,3.36809,
31464,3.33478,
31465,3.23932,
31466,3.32238,
31467,3.35993,
31468,3.28378,
31469,3.24858,
31470,3.17883,
31471,3.02575,
31472,3.264,
31473,3.06559,
31474,3.02003,
31475,3.06298,
31476,3.04541,
31477,2.94812,
31478,3.12989,
31479,2.95115,
31480,3.02858,
31481,3.02712,
31482,2.82801,
31483,2.75487,
31484,3.05967,
31485,3.24578,
31486,3.12345,
31487,2.81395,
31488,3.01287,
31489,3.02484,
31490,2.93591,
31491,2.99851,
31492,3.07438,
31493,2.86853,
31494,2.99564,
31495,2.90859,
31496,2.86865,
31497,3.13589,
31498,3.01867,
31499,3.00765,
31500,3.00541,
31501,2.92368,
31502,2.89235,
31503,2.82703,
31504,2.86452,
31505,3.02147,
31506,2.91678,
31507,2.87211,
31508,3.03624,
31509,2.96476,
31510,2.91141,
31511,2.95152,
31512,2.77644,
31513,2.78733,
31514,2.99807,
31515,2.71873,
31516,2.80144,
31517,2.83229,
31518,2.92668,
31519,2.81749,
31520,2.81013,
31521,2.90359,
31522,2.81046,
31523,2.86128,
31524,2.90074,
31525,2.94441,
31526,2.98413,
31527,2.97502,
31528,2.85663,
31529,3.04543,
31530,2.76924,
31531,2.93673,
31532,2.90416,
31533,2.88175,
31534,3.16125,
31535,2.86999,
31536,2.80863,
31537,3.01329,
31538,2.87414,
31539,2.74031,
31540,2.89188,
31541,3.11081,
31542,2.62731,
31543,2.73355,
31544,2.9599,
31545,2.71963,
31546,2.89859,
31547,2.85751,
31548,2.76817,
31549,2.7124,
31550,3.08014,
31551,2.981,
31552,3.0165,
31553,2.90899,
31554,3.16227,
31555,3.03823,
31556,3.1299,
31557,2.99679,
31558,2.92355,
31559,3.05314,
31560,2.97984,
31561,3.02097,
31562,2.96961,
31563,2.97297,
31564,3.01387,
31565,2.70264,
31566,2.92058,
31567,2.98144,
31568,3.04352,
31569,2.9967,
31570,2.63591,
31571,2.88726,
31572,2.9664,
31573,2.84517,
31574,2.58301,
31575,2.76193,
31576,2.82553,
31577,2.81421,
31578,2.84415,
31579,2.58811,
31580,2.67447,
31581,2.67346,
31582,2.82746,
31583,2.90997,
31584,3.33442,
31585,3.23695,
31586,3.07538,
31587,3.01529,
31588,3.15299,
31589,3.21818,
31590,2.9294,
31591,3.11639,
31592,2.95181,
31593,2.99389,
31594,2.89139,
31595,3.22591,
31596,3.04886,
31597,2.99473,
31598,3.11027,
31599,3.09934,
31600,2.98475,
31601,3.08789,
31602,2.89142,
31603,3.09316,
31604,3.06931,
31605,2.95195,
31606,2.89568,
31607,2.97359,
31608,2.88416,
31609,3.08083,
31610,3.08534,
31611,2.96008,
31612,3.05391,
31613,2.95889,
31614,3.00359,
31615,3.16874,
31616,3.0921,
31617,2.96246,
31618,3.00357,
31619,3.05582,
31620,2.84951,
31621,2.97199,
31622,3.01921,
31623,3.12554,
31624,2.88469,
31625,2.94815,
31626,2.87307,
31627,3.02583,
31628,3.03734,
31629,3.05218,
31630,2.76626,
31631,2.98852,
31632,2.94025,
31633,2.86718,
31634,2.98651,
31635,3.06515,
31636,2.98439,
31637,2.86477,
31638,2.90004,
31639,2.99277,
31640,2.93621,
31641,2.87571,
31642,2.76362,
31643,2.83918,
31644,2.81221,
31645,2.93731,
31646,2.67556,
31647,2.70092,
31648,2.78271,
31649,2.83749,
31650,2.87101,
31651,2.78495,
31652,2.5923,
31653,2.82356,
31654,2.7062,
31655,2.82963,
31656,2.71003,
31657,2.79337,
31658,2.94829,
31659,2.89084,
31660,2.94129,
31661,2.64934,
31662,2.80717,
31663,2.73395,
31664,2.81149,
31665,2.99548,
31666,2.63464,
31667,2.7589,
31668,2.64266,
31669,2.61147,
31670,2.8202,
31671,2.85909,
31672,2.81536,
31673,2.74286,
31674,2.94702,
31675,2.78523,
31676,2.87686,
31677,3.03458,
31678,3.03897,
31679,3.00157,
31680,3.01848,
31681,3.30699,
31682,3.01523,
31683,2.89454,
31684,3.13834,
31685,2.96488,
31686,3.03952,
31687,3.11321,
31688,3.01155,
31689,2.99461,
31690,3.00638,
31691,2.80841,
31692,3.02976,
31693,2.98733,
31694,2.84922,
31695,2.97276,
31696,2.93872,
31697,2.73617,
31698,2.91886,
31699,2.92272,
31700,2.81,
31701,2.87623,
31702,2.94471,
31703,3.09359,
31704,2.87841,
31705,2.9776,
31706,2.87877,
31707,3.19731,
31708,3.22765,
31709,3.26663,
31710,3.25371,
31711,3.29398,
31712,3.23832,
31713,3.1862,
31714,3.28199,
31715,3.12049,
31716,3.2272,
31717,3.27378,
31718,3.25653,
31719,3.07285,
31720,3.27604,
31721,3.20684,
31722,3.21363,
31723,3.30105,
31724,3.19326,
31725,3.21221,
31726,3.18629,
31727,3.20088,
31728,3.07638,
31729,3.24983,
31730,2.67383,
31731,2.79594,
31732,2.71562,
31733,2.55644,
31734,2.64449,
31735,2.59744,
31736,2.89759,
31737,2.46542,
31738,2.7024,
31739,2.63409,
31740,2.7472,
31741,2.74621,
31742,2.54761,
31743,2.59768,
31744,2.81921,
31745,2.94642,
31746,2.90937,
31747,2.60021,
31748,2.59405,
31749,3.16031,
31750,3.22162,
31751,3.13841,
31752,3.14829,
31753,3.10676,
31754,3.10238,
31755,3.03236,
31756,2.85317,
31757,2.97698,
31758,3.08103,
31759,2.95506,
31760,3.0371,
31761,3.14966,
31762,3.18312,
31763,3.07653,
31764,2.96979,
31765,2.79795,
31766,3.00274,
31767,2.93535,
31768,2.9507,
31769,2.73483,
31770,2.75084,
31771,2.71321,
31772,2.90128,
31773,2.9253,
31774,2.86229,
31775,2.97853,
31776,2.93214,
31777,3.00835,
31778,2.95328,
31779,3.08388,
31780,2.962,
31781,2.8459,
31782,2.97403,
31783,2.78735,
31784,2.78084,
31785,2.76667,
31786,2.96608,
31787,3.08834,
31788,2.94817,
31789,2.76775,
31790,2.73145,
31791,2.63343,
31792,2.55026,
31793,2.61073,
31794,2.63327,
31795,2.89206,
31796,2.57727,
31797,2.64017,
31798,2.71548,
31799,2.93042,
31800,2.86395,
31801,3.0421,
31802,2.69379,
31803,3.13444,
31804,2.87451,
31805,3.17472,
31806,3.30106,
31807,3.07106,
31808,3.19221,
31809,3.0598,
31810,2.95437,
31811,3.07374,
31812,3.10794,
31813,2.92959,
31814,2.79714,
31815,2.79133,
31816,2.9105,
31817,2.88339,
31818,2.9561,
31819,3.00885,
31820,2.85973,
31821,3.01436,
31822,2.7795,
31823,3.01312,
31824,2.99621,
31825,2.74493,
31826,2.73688,
31827,2.9795,
31828,2.67225,
31829,2.74477,
31830,2.71129,
31831,2.5972,
31832,2.61306,
31833,2.70263,
31834,3.13519,
31835,3.11956,
31836,3.28376,
31837,3.25044,
31838,3.27056,
31839,3.15818,
31840,2.90656,
31841,3.02145,
31842,2.97681,
31843,3.09065,
31844,3.34032,
31845,3.09158,
31846,3.10413,
31847,2.94979,
31848,2.89906,
31849,3.2361,
31850,3.1899,
31851,3.23848,
31852,3.07062,
31853,3.28399,
31854,2.94473,
31855,3.02383,
31856,3.01305,
31857,3.05205,
31858,2.86042,
31859,2.92469,
31860,2.83664,
31861,2.80968,
31862,3.10279,
31863,2.78174,
31864,2.80112,
31865,2.95737,
31866,2.96366,
31867,3.00067,
31868,2.86487,
31869,2.94295,
31870,2.8251,
31871,2.82744,
31872,2.75926,
31873,2.77535,
31874,2.90668,
31875,2.64923,
31876,2.74391,
31877,2.96299,
31878,2.87321,
31879,3.23584,
31880,3.27752,
31881,3.22004,
31882,3.31871,
31883,3.18109,
31884,3.17968,
31885,3.01001,
31886,3.07945,
31887,2.88794,
31888,2.93594,
31889,2.84973,
31890,2.8834,
31891,3.16273,
31892,3.14016,
31893,3.01933,
31894,3.16437,
31895,3.12959,
31896,2.89476,
31897,2.90015,
31898,2.95922,
31899,2.79658,
31900,2.95986,
31901,3.07307,
31902,3.05595,
31903,3.14495,
31904,3.26732,
31905,3.24594,
31906,2.72402,
31907,2.87455,
31908,3.08578,
31909,3.09183,
31910,3.07329,
31911,3.08239,
31912,3.1626,
31913,3.11986,
31914,3.20826,
31915,2.99742,
31916,2.9576,
31917,3.14899,
31918,2.80396,
31919,3.0438,
31920,3.06817,
31921,3.01876,
31922,2.98993,
31923,3.01649,
31924,3.24985,
31925,3.07014,
31926,3.16279,
31927,3.02178,
31928,3.20785,
31929,3.10697,
31930,3.11048,
31931,2.95989,
31932,3.05249,
31933,3.00207,
31934,2.86439,
31935,2.96008,
31936,2.86989,
31937,2.98781,
31938,2.96648,
31939,3.04936,
31940,2.74643,
31941,2.94828,
31942,3.0906,
31943,2.98839,
31944,2.85133,
31945,2.83933,
31946,3.09977,
31947,2.85042,
31948,3.03077,
31949,2.23176,
31950,3.14179,
31951,3.03873,
31952,3.2128,
31953,3.26686,
31954,3.52622,
31955,3.12789,
31956,3.25883,
31957,3.07746,
31958,3.17792,
31959,3.13593,
31960,3.19585,
31961,3.14911,
31962,2.96794,
31963,3.00205,
31964,3.07636,
31965,3.22617,
31966,2.98933,
31967,3.13223,
31968,3.19207,
31969,3.08131,
31970,3.04671,
31971,2.99503,
31972,3.00442,
31973,3.1257,
31974,3.08708,
31975,3.09273,
31976,3.09296,
31977,2.93269,
31978,3.19194,
31979,3.21119,
31980,2.93688,
31981,3.06822,
31982,2.89023,
31983,2.83198,
31984,2.80878,
31985,2.68317,
31986,3.01786,
31987,2.88844,
31988,2.83693,
31989,2.92676,
31990,3.04219,
31991,2.9017,
31992,2.84559,
31993,2.89006,
31994,2.84668,
31995,2.99923,
31996,2.84477,
31997,2.93635,
31998,3.05761,
31999,2.8997,
32000,3.04945,
32001,2.99242,
32002,2.9283,
32003,2.94379,
32004,2.91276,
32005,3.13606,
32006,3.00236,
32007,2.97825,
32008,2.9972,
32009,3.06242,
32010,2.90507,
32011,2.72438,
32012,2.9001,
32013,2.84255,
32014,2.95981,
32015,2.93071,
32016,2.69132,
32017,2.99436,
32018,3.09978,
32019,3.00386,
32020,2.90134,
32021,2.83433,
32022,3.08574,
32023,2.88248,
32024,2.631,
32025,2.94243,
32026,2.90774,
32027,3.12706,
32028,2.83857,
32029,2.81192,
32030,2.9134,
32031,2.8877,
32032,2.80969,
32033,2.87592,
32034,2.90127,
32035,3.07008,
32036,3.04053,
32037,3.04884,
32038,2.81292,
32039,2.91363,
32040,2.8555,
32041,3.06934,
32042,3.08675,
32043,3.01507,
32044,3.03626,
32045,3.18024,
32046,2.91281,
32047,3.01395,
32048,2.99437,
32049,2.81773,
32050,3.08432,
32051,3.01932,
32052,3.16798,
32053,2.99625,
32054,2.73817,
32055,2.79677,
32056,2.95901,
32057,2.80729,
32058,2.87118,
32059,2.71892,
32060,2.86039,
32061,3.08832,
32062,3.12793,
32063,2.9622,
32064,3.1164,
32065,2.98763,
32066,3.04523,
32067,2.99805,
32068,3.11672,
32069,3.10195,
32070,3.11492,
32071,3.07691,
32072,3.0534,
32073,3.03501,
32074,2.92823,
32075,3.09923,
32076,2.72064,
32077,2.87147,
32078,3.06876,
32079,2.93094,
32080,3.00066,
32081,2.79128,
32082,2.91672,
32083,3.03387,
32084,2.79271,
32085,2.8865,
32086,2.84312,
32087,2.76533,
32088,2.86403,
32089,2.69647,
32090,2.78557,
32091,2.80498,
32092,2.92549,
32093,2.83167,
32094,2.9571,
32095,3.00988,
32096,2.97082,
32097,2.80644,
32098,2.89199,
32099,2.86469,
32100,2.87544,
32101,2.7463,
32102,3.06734,
32103,2.96027,
32104,2.98994,
32105,3.05447,
32106,2.99655,
32107,2.87731,
32108,3.00814,
32109,2.95527,
32110,3.02395,
32111,3.01672,
32112,3.15532,
32113,3.21468,
32114,3.10149,
32115,3.01102,
32116,2.98266,
32117,2.90351,
32118,2.92008,
32119,2.81744,
32120,2.88342,
32121,2.79482,
32122,2.96023,
32123,2.84175,
32124,3.05126,
32125,2.8857,
32126,2.98442,
32127,3.10856,
32128,3.07091,
32129,3.21204,
32130,2.91206,
32131,2.77685,
32132,3.02663,
32133,2.75328,
32134,3.02662,
32135,3.0053,
32136,3.12621,
32137,3.16868,
32138,3.1372,
32139,2.96447,
32140,3.16479,
32141,3.05774,
32142,3.03096,
32143,3.04046,
32144,3.1548,
32145,2.90076,
32146,3.14097,
32147,2.74888,
32148,3.10889,
32149,3.09686,
32150,3.26363,
32151,2.98452,
32152,3.07742,
32153,3.13885,
32154,2.91931,
32155,3.1165,
32156,2.7692,
32157,2.90469,
32158,2.93049,
32159,3.18045,
32160,3.15171,
32161,2.75364,
32162,2.99509,
32163,2.92585,
32164,3.07051,
32165,3.01668,
32166,3.21783,
32167,3.05511,
32168,2.93899,
32169,3.04118,
32170,3.09605,
32171,2.93662,
32172,2.87494,
32173,2.84111,
32174,3.08302,
32175,3.1956,
32176,3.15712,
32177,3.10944,
32178,3.02407,
32179,3.03639,
32180,2.87279,
32181,3.14333,
32182,2.98995,
32183,3.10498,
32184,3.04453,
32185,3.06164,
32186,3.03188,
32187,3.12619,
32188,3.07954,
32189,2.95919,
32190,3.03888,
32191,3.13765,
32192,2.85771,
32193,3.21336,
32194,3.06953,
32195,2.97764,
32196,2.90262,
32197,3.07034,
32198,3.0651,
32199,2.93064,
32200,2.89577,
32201,3.10475,
32202,2.88792,
32203,2.8757,
32204,2.99341,
32205,2.89322,
32206,2.90111,
32207,3.06987,
32208,3.09643,
32209,2.93688,
32210,2.91019,
32211,2.87526,
32212,3.04804,
32213,3.10466,
32214,2.71822,
32215,2.95589,
32216,2.95149,
32217,3.0428,
32218,3.08128,
32219,3.09677,
32220,2.86261,
32221,2.95944,
32222,3.01398,
32223,2.6862,
32224,2.79554,
32225,3.17157,
32226,2.94593,
32227,3.01403,
32228,2.81743,
32229,2.8012,
32230,3.00631,
32231,2.93033,
32232,2.80246,
32233,3.1266,
32234,2.9977,
32235,2.78911,
32236,2.90086,
32237,2.81419,
32238,2.93666,
32239,2.82358,
32240,2.88124,
32241,3.00912,
32242,2.96903,
32243,3.12377,
32244,3.15972,
32245,3.03299,
32246,3.16745,
32247,2.9081,
32248,2.99451,
32249,3.12726,
32250,3.03932,
32251,3.17524,
32252,3.25385,
32253,3.3421,
32254,4.16914,
32255,3.04753,
32256,3.02916,
32257,3.06211,
32258,3.05519,
32259,2.94788,
32260,3.06753,
32261,2.99865,
32262,3.02584,
32263,2.95466,
32264,3.54368,
32265,3.04422,
32266,3.0195,
32267,2.68308,
32268,2.85735,
32269,3.09832,
32270,3.07276,
32271,3.18101,
32272,3.26328,
32273,3.06868,
32274,3.08607,
32275,3.08192,
32276,3.00225,
32277,3.19924,
32278,2.98861,
32279,2.99841,
32280,3.13756,
32281,3.16148,
32282,3.01827,
32283,2.92463,
32284,2.92289,
32285,2.9192,
32286,2.97593,
32287,2.88301,
32288,2.6828,
32289,3.09559,
32290,2.94089,
32291,2.80721,
32292,2.84845,
32293,2.92161,
32294,3.03292,
32295,2.99416,
32296,2.98339,
32297,3.01934,
32298,2.72761,
32299,2.91295,
32300,2.69038,
32301,3.01418,
32302,2.90266,
32303,2.92598,
32304,2.94696,
32305,2.92937,
32306,2.91601,
32307,2.89927,
32308,2.80514,
32309,2.75831,
32310,2.9157,
32311,2.91992,
32312,2.61448,
32313,2.72844,
32314,2.75211,
32315,2.91336,
32316,2.94221,
32317,2.87614,
32318,2.88946,
32319,2.94891,
32320,2.99409,
32321,2.74052,
32322,3.05779,
32323,2.91002,
32324,2.93782,
32325,2.8994,
32326,3.05699,
32327,3.17076,
32328,3.07311,
32329,2.90869,
32330,2.86169,
32331,3.21084,
32332,3.01179,
32333,3.05067,
32334,2.95352,
32335,2.82153,
32336,2.87306,
32337,3.04112,
32338,2.63262,
32339,2.68941,
32340,2.50239,
32341,2.75516,
32342,2.89115,
32343,3.0338,
32344,2.99929,
32345,3.01552,
32346,2.89876,
32347,2.76286,
32348,2.84509,
32349,2.95516,
32350,3.09107,
32351,2.88699,
32352,2.83987,
32353,2.49064,
32354,2.54473,
32355,3.04295,
32356,2.70034,
32357,2.89711,
32358,2.65128,
32359,2.83997,
32360,2.67108,
32361,2.70128,
32362,2.69687,
32363,2.78096,
32364,2.73042,
32365,2.69096,
32366,2.75789,
32367,2.97478,
32368,2.68158,
32369,2.93479,
32370,2.86861,
32371,3.16628,
32372,3.15549,
32373,3.13986,
32374,3.18543,
32375,3.15912,
32376,3.10564,
32377,2.96018,
32378,2.7268,
32379,3.02428,
32380,2.85558,
32381,2.89311,
32382,3.07307,
32383,2.96794,
32384,3.04798,
32385,2.93814,
32386,2.91319,
32387,2.85786,
32388,2.9485,
32389,3.05791,
32390,2.98735,
32391,2.96619,
32392,2.91133,
32393,2.80597,
32394,3.15017,
32395,2.83118,
32396,2.85508,
32397,2.96653,
32398,2.98633,
32399,2.88069,
32400,3.27491,
32401,3.11506,
32402,3.16549,
32403,2.97946,
32404,3.13908,
32405,3.07454,
32406,2.98536,
32407,3.05487,
32408,2.98198,
32409,2.99248,
32410,3.0006,
32411,3.01503,
32412,2.95007,
32413,2.82286,
32414,2.98151,
32415,2.90181,
32416,2.90749,
32417,2.66874,
32418,2.75902,
32419,2.62314,
32420,2.84535,
32421,2.92791,
32422,2.69042,
32423,2.78896,
32424,2.75591,
32425,2.91607,
32426,2.80356,
32427,2.869,
32428,2.80607,
32429,2.92119,
32430,3.03558,
32431,3.03424,
32432,2.98182,
32433,3.07754,
32434,2.97556,
32435,3.11859,
32436,3.08829,
32437,3.07917,
32438,3.10596,
32439,2.97326,
32440,2.92419,
32441,2.71214,
32442,2.98433,
32443,2.93755,
32444,3.04054,
32445,2.95975,
32446,2.83155,
32447,2.93517,
32448,2.83703,
32449,2.90587,
32450,3.02496,
32451,3.10689,
32452,2.87343,
32453,2.85641,
32454,2.85889,
32455,3.0888,
32456,3.07086,
32457,3.11517,
32458,2.93397,
32459,3.17451,
32460,2.97575,
32461,3.06359,
32462,3.22703,
32463,3.0002,
32464,2.877,
32465,2.81063,
32466,3.09242,
32467,3.11431,
32468,3.01155,
32469,3.04259,
32470,3.00439,
32471,3.1916,
32472,3.10484,
32473,3.29795,
32474,2.90577,
32475,2.98838,
32476,2.75227,
32477,2.90287,
32478,2.94257,
32479,2.91148,
32480,2.88333,
32481,3.11395,
32482,3.0046,
32483,2.90413,
32484,2.75047,
32485,2.87425,
32486,2.94811,
32487,2.95178,
32488,2.89402,
32489,3.17698,
32490,3.13288,
32491,3.15309,
32492,3.01454,
32493,2.92176,
32494,3.07436,
32495,2.86872,
32496,3.15844,
32497,3.19321,
32498,3.10127,
32499,3.12801,
32500,3.3326,
32501,3.45917,
32502,3.02234,
32503,3.0987,
32504,3.09679,
32505,3.18926,
32506,3.4003,
32507,3.09297,
32508,3.03718,
32509,3.04417,
32510,2.96456,
32511,3.03517,
32512,3.0184,
32513,3.03409,
32514,2.95845,
32515,2.85855,
32516,3.04994,
32517,3.44125,
32518,3.43809,
32519,3.3708,
32520,3.37285,
32521,3.36981,
32522,3.39492,
32523,3.32859,
32524,3.33183,
32525,3.34222,
32526,3.34878,
32527,3.33991,
32528,3.3709,
32529,3.33546,
32530,3.24507,
32531,3.32114,
32532,3.36924,
32533,3.28359,
32534,3.24969,
32535,3.17709,
32536,3.04199,
32537,3.23951,
32538,3.04909,
32539,3.01693,
32540,3.02475,
32541,3.04388,
32542,2.93365,
32543,3.13274,
32544,2.93099,
32545,3.0143,
32546,3.01409,
32547,2.83746,
32548,2.75671,
32549,3.05431,
32550,3.2376,
32551,3.11141,
32552,2.81002,
32553,3.00903,
32554,3.03029,
32555,2.93031,
32556,2.98913,
32557,3.07294,
32558,2.87026,
32559,2.99367,
32560,2.89048,
32561,2.86382,
32562,3.12182,
32563,3.0081,
32564,3.00003,
32565,3.00216,
32566,2.91179,
32567,2.8887,
32568,2.84912,
32569,2.85954,
32570,3.02231,
32571,2.91127,
32572,2.86933,
32573,3.02493,
32574,2.94782,
32575,2.90172,
32576,2.93919,
32577,2.78279,
32578,2.77807,
32579,2.98909,
32580,2.71174,
32581,2.80443,
32582,2.83953,
32583,2.91925,
32584,2.8117,
32585,2.81478,
32586,2.89215,
32587,2.79617,
32588,2.8534,
32589,2.89804,
32590,2.93839,
32591,2.97391,
32592,2.96977,
32593,2.839,
32594,3.04084,
32595,2.76962,
32596,2.93477,
32597,2.90457,
32598,2.88273,
32599,3.16631,
32600,2.86698,
32601,2.80039,
32602,3.00291,
32603,2.86102,
32604,2.73277,
32605,2.87549,
32606,3.09981,
32607,2.62479,
32608,2.72811,
32609,2.96045,
32610,2.71682,
32611,2.88762,
32612,2.86594,
32613,2.78237,
32614,2.7164,
32615,3.08554,
32616,2.96883,
32617,3.00994,
32618,2.90513,
32619,3.14003,
32620,3.03728,
32621,3.13508,
32622,3.00246,
32623,2.92139,
32624,3.04366,
32625,2.97931,
32626,3.00843,
32627,2.97957,
32628,2.97334,
32629,3.00928,
32630,2.70257,
32631,2.92049,
32632,2.9856,
32633,3.03762,
32634,2.99209,
32635,2.64254,
32636,2.88036,
32637,2.95619,
32638,2.83727,
32639,2.57501,
32640,2.74442,
32641,2.81749,
32642,2.79581,
32643,2.85178,
32644,2.59218,
32645,2.66947,
32646,2.67246,
32647,2.8224,
32648,2.90073,
32649,3.32225,
32650,3.22766,
32651,3.08888,
32652,3.00068,
32653,3.16884,
32654,3.19772,
32655,2.9233,
32656,3.11642,
32657,2.94775,
32658,2.98483,
32659,2.88782,
32660,3.22955,
32661,3.03534,
32662,2.98263,
32663,3.10214,
32664,3.09594,
32665,2.97291,
32666,3.08262,
32667,2.88436,
32668,3.09021,
32669,3.07517,
32670,2.95283,
32671,2.88922,
32672,2.95146,
32673,2.87312,
32674,3.07106,
32675,3.08325,
32676,2.9512,
32677,3.04246,
32678,2.95496,
32679,3.00746,
32680,3.1605,
32681,3.10021,
32682,2.94389,
32683,3.00183,
32684,3.04441,
32685,2.8407,
32686,2.97024,
32687,3.0151,
32688,3.12571,
32689,2.87701,
32690,2.95765,
32691,2.86539,
32692,3.02721,
32693,3.03405,
32694,3.05504,
32695,2.77169,
32696,2.99864,
32697,2.92682,
32698,2.85236,
32699,2.98997,
32700,3.05178,
32701,2.98098,
32702,2.84307,
32703,2.88833,
32704,2.98937,
32705,2.93073,
32706,2.8727,
32707,2.77692,
32708,2.83377,
32709,2.81238,
32710,2.92389,
32711,2.67177,
32712,2.7015,
32713,2.77941,
32714,2.84272,
32715,2.86739,
32716,2.77938,
32717,2.5921,
32718,2.82489,
32719,2.71394,
32720,2.83634,
32721,2.7194,
32722,2.79797,
32723,2.94379,
32724,2.88914,
32725,2.9241,
32726,2.65426,
32727,2.81633,
32728,2.73156,
32729,2.80896,
32730,2.97708,
32731,2.62998,
32732,2.76208,
32733,2.64791,
32734,2.62085,
32735,2.81876,
32736,2.83742,
32737,2.81527,
32738,2.7405,
32739,2.95027,
32740,2.79604,
32741,2.85833,
32742,3.02878,
32743,3.02088,
32744,2.99468,
32745,3.01305,
32746,3.30388,
32747,3.01914,
32748,2.88711,
32749,3.12085,
32750,2.9669,
32751,3.02731,
32752,3.11449,
32753,3.01795,
32754,2.99518,
32755,3.00815,
32756,2.80665,
32757,3.02173,
32758,2.97871,
32759,2.83444,
32760,2.95936,
32761,2.93286,
32762,2.73262,
32763,2.91398,
32764,2.9175,
32765,2.79992,
32766,2.85487,
32767,2.9399,
32768,3.09078,
32769,2.87872,
32770,2.95975,
32771,2.87074,
32772,3.20203,
32773,3.22634,
32774,3.2579,
32775,3.23138,
32776,3.29813,
32777,3.22864,
32778,3.17216,
32779,3.28065,
32780,3.12109,
32781,3.20862,
32782,3.26443,
32783,3.24714,
32784,3.07499,
32785,3.26723,
32786,3.22664,
32787,3.21281,
32788,3.31404,
32789,3.18485,
32790,3.21983,
32791,3.1817,
32792,3.19364,
32793,3.0688,
32794,3.22557,
32795,2.66664,
32796,2.79117,
32797,2.70686,
32798,2.54855,
32799,2.63652,
32800,2.59851,
32801,2.9069,
32802,2.4681,
32803,2.69834,
32804,2.64328,
32805,2.74721,
32806,2.74785,
32807,2.54436,
32808,2.5904,
32809,2.8058,
32810,2.93864,
32811,2.90707,
32812,2.59904,
32813,2.57787,
32814,3.12504,
32815,3.22041,
32816,3.12227,
32817,3.14143,
32818,3.10536,
32819,3.09655,
32820,3.01665,
32821,2.84777,
32822,2.98229,
32823,3.07132,
32824,2.94547,
32825,3.02983,
32826,3.15484,
32827,3.16538,
32828,3.06949,
32829,2.95961,
32830,2.79662,
32831,2.99893,
32832,2.92839,
32833,2.95129,
32834,2.72239,
32835,2.73875,
32836,2.70744,
32837,2.89573,
32838,2.92316,
32839,2.85428,
32840,2.97113,
32841,2.93108,
32842,2.99273,
32843,2.93023,
32844,3.0789,
32845,2.96342,
32846,2.83989,
32847,2.98781,
32848,2.78648,
32849,2.78409,
32850,2.76132,
32851,2.95012,
32852,3.0848,
32853,2.96447,
32854,2.76685,
32855,2.72556,
32856,2.6278,
32857,2.55587,
32858,2.60835,
32859,2.63188,
32860,2.88947,
32861,2.58702,
32862,2.64128,
32863,2.70978,
32864,2.93451,
32865,2.84342,
32866,3.03464,
32867,2.69082,
32868,3.13045,
32869,2.86487,
32870,3.1636,
32871,3.28371,
32872,3.06815,
32873,3.19015,
32874,3.03822,
32875,2.9569,
32876,3.05752,
32877,3.07462,
32878,2.92264,
32879,2.79431,
32880,2.79678,
32881,2.90446,
32882,2.87212,
32883,2.94467,
32884,3.00566,
32885,2.85143,
32886,3.00341,
32887,2.78407,
32888,3.01259,
32889,2.97599,
32890,2.75184,
32891,2.72862,
32892,2.9889,
32893,2.67033,
32894,2.75439,
32895,2.70156,
32896,2.59255,
32897,2.60979,
32898,2.69573,
32899,3.12748,
32900,3.12227,
32901,3.276,
32902,3.23901,
32903,3.24314,
32904,3.13745,
32905,2.91041,
32906,3.0001,
32907,2.96078,
32908,3.08454,
32909,3.32004,
32910,3.07007,
32911,3.09013,
32912,2.94482,
32913,2.89432,
32914,3.22176,
32915,3.18193,
32916,3.23251,
32917,3.06989,
32918,3.28009,
32919,2.95069,
32920,3.02113,
32921,2.98934,
32922,3.04225,
32923,2.84681,
32924,2.91474,
32925,2.82706,
32926,2.81436,
32927,3.07507,
32928,2.76592,
32929,2.7833,
32930,2.95567,
32931,2.96312,
32932,3.00027,
32933,2.85689,
32934,2.93154,
32935,2.82969,
32936,2.81683,
32937,2.73505,
32938,2.77646,
32939,2.9023,
32940,2.63496,
32941,2.73209,
32942,2.94848,
32943,2.8439,
32944,3.21796,
32945,3.2716,
32946,3.21695,
32947,3.31123,
32948,3.17656,
32949,3.17193,
32950,2.99423,
32951,3.06805,
32952,2.87566,
32953,2.93354,
32954,2.84752,
32955,2.88235,
32956,3.15433,
32957,3.1421,
32958,3.0358,
32959,3.15773,
32960,3.12688,
32961,2.9021,
32962,2.89745,
32963,2.94878,
32964,2.80284,
32965,2.94596,
32966,3.07762,
32967,3.05167,
32968,3.14469,
32969,3.24989,
32970,3.2322,
32971,2.72605,
32972,2.86561,
32973,3.08603,
32974,3.09069,
32975,3.06499,
32976,3.07503,
32977,3.16264,
32978,3.12255,
32979,3.20017,
32980,2.99575,
32981,2.94565,
32982,3.1431,
32983,2.81035,
32984,3.06096,
32985,3.06006,
32986,3.01641,
32987,2.9873,
32988,2.99927,
32989,3.23544,
32990,3.07348,
32991,3.14623,
32992,3.02281,
32993,3.21049,
32994,3.09848,
32995,3.11001,
32996,2.95823,
32997,3.0388,
32998,2.99482,
32999,2.8718,
33000,2.95409,
33001,2.8701,
33002,2.98637,
33003,2.97023,
33004,3.04944,
33005,2.74528,
33006,2.94388,
33007,3.07394,
33008,2.99193,
33009,2.85253,
33010,2.82823,
33011,3.11439,
33012,2.84327,
33013,3.01594,
33014,2.22512,
33015,3.12367,
33016,3.02731,
33017,3.20131,
33018,3.26685,
33019,3.52125,
33020,3.13978,
33021,3.25091,
33022,3.07277,
33023,3.18406,
33024,3.11668,
33025,3.19623,
33026,3.15645,
33027,2.95578,
33028,2.99141,
33029,3.06362,
33030,3.2383,
33031,2.9739,
33032,3.1174,
33033,3.18758,
33034,3.05971,
33035,3.04898,
33036,2.99091,
33037,2.99143,
33038,3.10719,
33039,3.08976,
33040,3.08722,
33041,3.07779,
33042,2.92312,
33043,3.17929,
33044,3.20263,
33045,2.92936,
33046,3.05364,
33047,2.87743,
33048,2.82852,
33049,2.81612,
33050,2.68185,
33051,3.01784,
33052,2.88243,
33053,2.82709,
33054,2.92106,
33055,3.03797,
33056,2.90688,
33057,2.83418,
33058,2.88012,
33059,2.83416,
33060,2.98481,
33061,2.83462,
33062,2.93697,
33063,3.05052,
33064,2.89615,
33065,3.04292,
33066,2.97896,
33067,2.92309,
33068,2.94061,
33069,2.8955,
33070,3.14333,
33071,2.98664,
33072,2.96873,
33073,2.99703,
33074,3.06419,
33075,2.89828,
33076,2.72009,
33077,2.886,
33078,2.84515,
33079,2.95579,
33080,2.93719,
33081,2.68463,
33082,2.9926,
33083,3.09925,
33084,3.00483,
33085,2.90137,
33086,2.83745,
33087,3.07543,
33088,2.88096,
33089,2.62313,
33090,2.9599,
33091,2.91329,
33092,3.11738,
33093,2.83798,
33094,2.81319,
33095,2.92496,
33096,2.88514,
33097,2.81474,
33098,2.87327,
33099,2.88485,
33100,3.04293,
33101,3.02821,
33102,3.02651,
33103,2.80002,
33104,2.92167,
33105,2.85277,
33106,3.05791,
33107,3.07489,
33108,3.00334,
33109,3.03808,
33110,3.1707,
33111,2.91492,
33112,3.01419,
33113,2.98853,
33114,2.81439,
33115,3.06078,
33116,3.0098,
33117,3.16129,
33118,2.98499,
33119,2.75351,
33120,2.78467,
33121,2.96336,
33122,2.8025,
33123,2.86545,
33124,2.71464,
33125,2.86281,
33126,3.08002,
33127,3.12096,
33128,2.95337,
33129,3.10599,
33130,2.9711,
33131,3.04533,
33132,2.9915,
33133,3.12047,
33134,3.09979,
33135,3.1128,
33136,3.05165,
33137,3.04554,
33138,3.02438,
33139,2.91612,
33140,3.08046,
33141,2.7185,
33142,2.86807,
33143,3.06449,
33144,2.93415,
33145,2.98045,
33146,2.77271,
33147,2.90361,
33148,3.05123,
33149,2.78156,
33150,2.8882,
33151,2.82438,
33152,2.76883,
33153,2.86702,
33154,2.69958,
33155,2.78335,
33156,2.81385,
33157,2.92527,
33158,2.82979,
33159,2.95446,
33160,3.01395,
33161,2.95426,
33162,2.80603,
33163,2.88693,
33164,2.86438,
33165,2.87983,
33166,2.74968,
33167,3.05612,
33168,2.94986,
33169,2.99073,
33170,3.05214,
33171,3.01264,
33172,2.87274,
33173,3.01458,
33174,2.95239,
33175,3.01974,
33176,3.00869,
33177,3.15617,
33178,3.21576,
33179,3.10937,
33180,2.99636,
33181,2.97828,
33182,2.90657,
33183,2.92218,
33184,2.82751,
33185,2.87682,
33186,2.7733,
33187,2.95394,
33188,2.83989,
33189,3.03302,
33190,2.86905,
33191,2.97957,
33192,3.10296,
33193,3.069,
33194,3.19886,
33195,2.89899,
33196,2.76212,
33197,3.02653,
33198,2.74805,
33199,3.02441,
33200,2.99356,
33201,3.12224,
33202,3.17152,
33203,3.13706,
33204,2.94516,
33205,3.16683,
33206,3.04564,
33207,3.03066,
33208,3.02744,
33209,3.14915,
33210,2.89041,
33211,3.13021,
33212,2.74005,
33213,3.10158,
33214,3.10242,
33215,3.26575,
33216,2.98407,
33217,3.0791,
33218,3.14088,
33219,2.91023,
33220,3.1212,
33221,2.78651,
33222,2.91675,
33223,2.93314,
33224,3.17763,
33225,3.14327,
33226,2.75456,
33227,2.98838,
33228,2.91691,
33229,3.06604,
33230,3.01756,
33231,3.21624,
33232,3.04257,
33233,2.9434,
33234,3.03605,
33235,3.0878,
33236,2.94689,
33237,2.87243,
33238,2.85045,
33239,3.07848,
33240,3.19037,
33241,3.14228,
33242,3.10039,
33243,3.0219,
33244,3.02338,
33245,2.8571,
33246,3.13643,
33247,2.98228,
33248,3.09023,
33249,3.05234,
33250,3.06774,
33251,3.01892,
33252,3.10978,
33253,3.0854,
33254,2.95221,
33255,3.02526,
33256,3.12734,
33257,2.85756,
33258,3.20905,
33259,3.06602,
33260,2.97145,
33261,2.87685,
33262,3.0703,
33263,3.07137,
33264,2.9228,
33265,2.87456,
33266,3.09951,
33267,2.88656,
33268,2.87837,
33269,2.99073,
33270,2.88931,
33271,2.88796,
33272,3.07151,
33273,3.09513,
33274,2.93746,
33275,2.90325,
33276,2.88681,
33277,3.03781,
33278,3.09887,
33279,2.72695,
33280,2.94428,
33281,2.9465,
33282,3.02784,
33283,3.08667,
33284,3.08659,
33285,2.88434,
33286,2.95163,
33287,3.00885,
33288,2.68304,
33289,2.79051,
33290,3.15834,
33291,2.93888,
33292,3.01089,
33293,2.81082,
33294,2.79973,
33295,2.99852,
33296,2.92961,
33297,2.79958,
33298,3.11719,
33299,3.00599,
33300,2.7824,
33301,2.89392,
33302,2.83625,
33303,2.93767,
33304,2.80554,
33305,2.8602,
33306,3.00852,
33307,2.95937,
33308,3.12185,
33309,3.15021,
33310,3.02353,
33311,3.14763,
33312,2.89271,
33313,3.00882,
33314,3.1184,
33315,3.04677,
33316,3.15698,
33317,3.24504,
33318,3.3376,
33319,4.15591,
33320,3.04264,
33321,3.04055,
33322,3.0567,
33323,3.04635,
33324,2.94766,
33325,3.06478,
33326,2.99589,
33327,3.02066,
33328,2.958,
33329,3.53636,
33330,3.05069,
33331,3.02766,
33332,2.68418,
33333,2.8582,
33334,3.09006,
33335,3.06529,
33336,3.1825,
33337,3.2522,
33338,3.08057,
33339,3.06713,
33340,3.07391,
33341,3.00599,
33342,3.20029,
33343,2.97149,
33344,2.99572,
33345,3.13288,
33346,3.14506,
33347,3.02786,
33348,2.9319,
33349,2.89895,
33350,2.91659,
33351,2.97512,
33352,2.87395,
33353,2.68325,
33354,3.0929,
33355,2.94165,
33356,2.80001,
33357,2.85548,
33358,2.92444,
33359,3.02738,
33360,2.98394,
33361,2.97365,
33362,3.01747,
33363,2.7279,
33364,2.91347,
33365,2.67876,
33366,3.03795,
33367,2.89151,
33368,2.90446,
33369,2.9367,
33370,2.93751,
33371,2.91609,
33372,2.90337,
33373,2.80196,
33374,2.75281,
33375,2.91192,
33376,2.91657,
33377,2.60992,
33378,2.72927,
33379,2.74759,
33380,2.90724,
33381,2.92514,
33382,2.86544,
33383,2.88345,
33384,2.93929,
33385,2.99044,
33386,2.74006,
33387,3.05491,
33388,2.91571,
33389,2.924,
33390,2.89274,
33391,3.04458,
33392,3.14974,
33393,3.07558,
33394,2.9063,
33395,2.85833,
33396,3.20221,
33397,3.02358,
33398,3.04025,
33399,2.94889,
33400,2.82429,
33401,2.86645,
33402,3.01928,
33403,2.62432,
33404,2.68649,
33405,2.49467,
33406,2.76303,
33407,2.88897,
33408,3.0195,
33409,2.99361,
33410,3.009,
33411,2.89162,
33412,2.74545,
33413,2.82728,
33414,2.93968,
33415,3.09551,
33416,2.87793,
33417,2.83582,
33418,2.47314,
33419,2.54821,
33420,3.03438,
33421,2.6906,
33422,2.89146,
33423,2.65945,
33424,2.83647,
33425,2.68371,
33426,2.69407,
33427,2.68238,
33428,2.7685,
33429,2.72877,
33430,2.68961,
33431,2.75498,
33432,2.96494,
33433,2.68563,
33434,2.93037,
33435,2.85896,
33436,3.15795,
33437,3.14783,
33438,3.13619,
33439,3.17922,
33440,3.15704,
33441,3.09576,
33442,2.95456,
33443,2.72271,
33444,3.01767,
33445,2.85212,
33446,2.88401,
33447,3.07886,
33448,2.95516,
33449,3.03279,
33450,2.94122,
33451,2.90608,
33452,2.84097,
33453,2.95656,
33454,3.05648,
33455,2.98911,
33456,2.96009,
33457,2.91289,
33458,2.80627,
33459,3.15064,
33460,2.83068,
33461,2.84646,
33462,2.96686,
33463,2.98388,
33464,2.87218,
33465,3.26954,
33466,3.13795,
33467,3.15481,
33468,2.97123,
33469,3.13323,
33470,3.06314,
33471,2.97212,
33472,3.05518,
33473,2.97832,
33474,2.99059,
33475,2.9979,
33476,3.01535,
33477,2.93237,
33478,2.81854,
33479,2.95669,
33480,2.90193,
33481,2.89571,
33482,2.64863,
33483,2.7515,
33484,2.62293,
33485,2.83882,
33486,2.92748,
33487,2.69399,
33488,2.77565,
33489,2.76684,
33490,2.91395,
33491,2.81044,
33492,2.89593,
33493,2.76858,
33494,2.91488,
33495,3.03055,
33496,3.03802,
33497,2.96751,
33498,3.06061,
33499,2.98368,
33500,3.11389,
33501,3.07472,
33502,3.07482,
33503,3.11018,
33504,2.96805,
33505,2.92889,
33506,2.71502,
33507,2.97926,
33508,2.94094,
33509,3.02201,
33510,2.9533,
33511,2.82529,
33512,2.93901,
33513,2.84089,
33514,2.91554,
33515,3.01448,
33516,3.10595,
33517,2.87289,
33518,2.84326,
33519,2.84417,
33520,3.08078,
33521,3.06333,
33522,3.11873,
33523,2.91999,
33524,3.15643,
33525,2.96449,
33526,3.05291,
33527,3.22475,
33528,2.98937,
33529,2.87847,
33530,2.80806,
33531,3.09289,
33532,3.10953,
33533,2.99672,
33534,3.02929,
33535,2.9984,
33536,3.19076,
33537,3.09111,
33538,3.31027,
33539,2.89649,
33540,2.96953,
33541,2.76356,
33542,2.89805,
33543,2.94371,
33544,2.90064,
33545,2.87632,
33546,3.10535,
33547,3.00835,
33548,2.90134,
33549,2.73703,
33550,2.8807,
33551,2.93908,
33552,2.92885,
33553,2.89862,
33554,3.16555,
33555,3.12672,
33556,3.13592,
33557,3.00381,
33558,2.91425,
33559,3.05267,
33560,2.84545,
33561,3.1558,
33562,3.1753,
33563,3.09507,
33564,3.13183,
33565,3.32251,
33566,3.44966,
33567,3.03015,
33568,3.07906,
33569,3.09205,
33570,3.17717,
33571,3.39453,
33572,3.0895,
33573,3.01539,
33574,3.03524,
33575,2.9528,
33576,3.01609,
33577,3.01912,
33578,3.04182,
33579,2.94343,
33580,2.85352,
33581,3.03743,
33582,3.41808,
33583,3.42412,
33584,3.3546,
33585,3.36103,
33586,3.37231,
33587,3.39707,
33588,3.33066,
33589,3.32391,
33590,3.32924,
33591,3.33329,
33592,3.3498,
33593,3.34943,
33594,3.32778,
33595,3.23923,
33596,3.30588,
33597,3.35302,
33598,3.28012,
33599,3.25984,
33600,3.187,
33601,3.01868,
33602,3.22857,
33603,3.03969,
33604,3.01699,
33605,3.01769,
33606,3.0408,
33607,2.92707,
33608,3.11807,
33609,2.91774,
33610,3.00248,
33611,3.00453,
33612,2.81821,
33613,2.74316,
33614,3.05928,
33615,3.22608,
33616,3.10683,
33617,2.80147,
33618,2.99979,
33619,3.02122,
33620,2.92289,
33621,2.9929,
33622,3.06471,
33623,2.86464,
33624,3.01744,
33625,2.8867,
33626,2.83685,
33627,3.12439,
33628,3.00294,
33629,2.99299,
33630,2.98773,
33631,2.9096,
33632,2.88367,
33633,2.82002,
33634,2.85601,
33635,3.01833,
33636,2.91339,
33637,2.85856,
33638,3.02166,
33639,2.94765,
33640,2.91177,
33641,2.94437,
33642,2.76602,
33643,2.77047,
33644,3.00384,
33645,2.70716,
33646,2.79894,
33647,2.82297,
33648,2.91805,
33649,2.80597,
33650,2.80809,
33651,2.8903,
33652,2.80352,
33653,2.84483,
33654,2.88606,
33655,2.9409,
33656,2.96134,
33657,2.95537,
33658,2.83744,
33659,3.0314,
33660,2.75611,
33661,2.92315,
33662,2.89704,
33663,2.88077,
33664,3.15251,
33665,2.87954,
33666,2.79901,
33667,3.0026,
33668,2.85732,
33669,2.72039,
33670,2.87865,
33671,3.10867,
33672,2.62558,
33673,2.72723,
33674,2.95326,
33675,2.72508,
33676,2.88303,
33677,2.85642,
33678,2.76244,
33679,2.69661,
33680,3.06452,
33681,2.97057,
33682,3.00793,
33683,2.89957,
33684,3.13501,
33685,3.02459,
33686,3.11167,
33687,2.98957,
33688,2.91877,
33689,3.04332,
33690,2.96423,
33691,3.01054,
33692,2.9654,
33693,2.96511,
33694,2.99905,
33695,2.69083,
33696,2.91584,
33697,2.97182,
33698,3.03452,
33699,2.98526,
33700,2.63231,
33701,2.87712,
33702,2.96401,
33703,2.83505,
33704,2.56908,
33705,2.74901,
33706,2.81682,
33707,2.80092,
33708,2.84187,
33709,2.58512,
33710,2.67495,
33711,2.66783,
33712,2.82,
33713,2.89371,
33714,3.30611,
33715,3.22301,
33716,3.06818,
33717,2.98857,
33718,3.13229,
33719,3.18498,
33720,2.91203,
33721,3.103,
33722,2.93558,
33723,2.97067,
33724,2.88525,
33725,3.22187,
33726,3.02273,
33727,2.9873,
33728,3.09316,
33729,3.08724,
33730,2.97034,
33731,3.08459,
33732,2.8698,
33733,3.08595,
33734,3.06228,
33735,2.94144,
33736,2.88145,
33737,2.95344,
33738,2.86221,
33739,3.06829,
33740,3.08164,
33741,2.94371,
33742,3.03589,
33743,2.95246,
33744,2.99617,
33745,3.15392,
33746,3.08679,
33747,2.93526,
33748,2.97926,
33749,3.04292,
33750,2.82374,
33751,2.96853,
33752,3.00939,
33753,3.11638,
33754,2.88445,
33755,2.93938,
33756,2.87292,
33757,3.01994,
33758,3.03874,
33759,3.05506,
33760,2.7659,
33761,2.98245,
33762,2.91586,
33763,2.83455,
33764,2.98137,
33765,3.05471,
33766,2.9888,
33767,2.82883,
33768,2.88331,
33769,2.98243,
33770,2.92265,
33771,2.86613,
33772,2.76619,
33773,2.83585,
33774,2.81091,
33775,2.92025,
33776,2.66192,
33777,2.68832,
33778,2.78365,
33779,2.82744,
33780,2.86706,
33781,2.77596,
33782,2.59958,
33783,2.82839,
33784,2.69998,
33785,2.82358,
33786,2.71176,
33787,2.81236,
33788,2.94127,
33789,2.88782,
33790,2.93523,
33791,2.64711,
33792,2.80831,
33793,2.72353,
33794,2.79569,
33795,2.97409,
33796,2.62582,
33797,2.7466,
33798,2.64862,
33799,2.61529,
33800,2.81292,
33801,2.83944,
33802,2.81089,
33803,2.73591,
33804,2.95122,
33805,2.79893,
33806,2.85754,
33807,3.01562,
33808,3.01515,
33809,2.9887,
33810,3.01957,
33811,3.30286,
33812,3.01934,
33813,2.89146,
33814,3.11868,
33815,2.94573,
33816,3.02535,
33817,3.11078,
33818,2.99784,
33819,2.99972,
33820,3.00105,
33821,2.80051,
33822,3.03126,
33823,2.97667,
33824,2.85257,
33825,2.96225,
33826,2.92569,
33827,2.72768,
33828,2.91283,
33829,2.91815,
33830,2.80019,
33831,2.86662,
33832,2.95449,
33833,3.08018,
33834,2.86489,
33835,2.9561,
33836,2.89537,
33837,3.19262,
33838,3.22283,
33839,3.24746,
33840,3.22451,
33841,3.28996,
33842,3.2297,
33843,3.17337,
33844,3.27938,
33845,3.12512,
33846,3.22926,
33847,3.25684,
33848,3.24351,
33849,3.07234,
33850,3.26925,
33851,3.20777,
33852,3.20836,
33853,3.29353,
33854,3.19089,
33855,3.20719,
33856,3.19487,
33857,3.19128,
33858,3.05074,
33859,3.21922,
33860,2.66353,
33861,2.76958,
33862,2.70022,
33863,2.56065,
33864,2.63399,
33865,2.59222,
33866,2.89032,
33867,2.47004,
33868,2.70366,
33869,2.6347,
33870,2.7498,
33871,2.74807,
33872,2.54252,
33873,2.59542,
33874,2.79453,
33875,2.93085,
33876,2.89024,
33877,2.59165,
33878,2.58356,
33879,3.12469,
33880,3.20955,
33881,3.1233,
33882,3.12965,
33883,3.09454,
33884,3.08653,
33885,3.01558,
33886,2.84546,
33887,2.9827,
33888,3.06331,
33889,2.96361,
33890,3.03515,
33891,3.13838,
33892,3.15883,
33893,3.0608,
33894,2.95446,
33895,2.79612,
33896,2.99931,
33897,2.93009,
33898,2.95503,
33899,2.72359,
33900,2.74148,
33901,2.70302,
33902,2.8898,
33903,2.92358,
33904,2.84991,
33905,2.95319,
33906,2.91741,
33907,2.98719,
33908,2.92755,
33909,3.06916,
33910,2.95922,
33911,2.82295,
33912,2.98243,
33913,2.77301,
33914,2.79051,
33915,2.75929,
33916,2.94791,
33917,3.0783,
33918,2.95824,
33919,2.76103,
33920,2.7313,
33921,2.62744,
33922,2.55326,
33923,2.60866,
33924,2.61091,
33925,2.88795,
33926,2.56492,
33927,2.6613,
33928,2.71222,
33929,2.92277,
33930,2.8548,
33931,3.01949,
33932,2.70247,
33933,3.12115,
33934,2.86957,
33935,3.16223,
33936,3.26809,
33937,3.05316,
33938,3.18107,
33939,3.02934,
33940,2.93702,
33941,3.06236,
33942,3.0847,
33943,2.90552,
33944,2.78094,
33945,2.78377,
33946,2.88968,
33947,2.87506,
33948,2.93918,
33949,2.99092,
33950,2.87449,
33951,2.99152,
33952,2.7646,
33953,2.99466,
33954,2.96516,
33955,2.74853,
33956,2.7188,
33957,2.9743,
33958,2.67456,
33959,2.75195,
33960,2.72883,
33961,2.60225,
33962,2.61436,
33963,2.70871,
33964,3.10689,
33965,3.10855,
33966,3.26444,
33967,3.23757,
33968,3.23654,
33969,3.12977,
33970,2.9023,
33971,2.99606,
33972,2.94958,
33973,3.08582,
33974,3.31337,
33975,3.07299,
33976,3.09451,
33977,2.93393,
33978,2.89741,
33979,3.21133,
33980,3.1924,
33981,3.23613,
33982,3.08476,
33983,3.28175,
33984,2.95049,
33985,3.00672,
33986,2.97922,
33987,3.0376,
33988,2.84318,
33989,2.9074,
33990,2.80913,
33991,2.80478,
33992,3.06171,
33993,2.76045,
33994,2.78863,
33995,2.94578,
33996,2.9772,
33997,3.00329,
33998,2.85152,
33999,2.92508,
34000,2.82179,
34001,2.80866,
34002,2.72961,
34003,2.76608,
34004,2.90023,
34005,2.63989,
34006,2.73412,
34007,2.95196,
34008,2.84542,
34009,3.20596,
34010,3.26389,
34011,3.20488,
34012,3.32552,
34013,3.18038,
34014,3.16369,
34015,3.00033,
34016,3.05929,
34017,2.87592,
34018,2.91713,
34019,2.84802,
34020,2.86581,
34021,3.14176,
34022,3.13436,
34023,3.02503,
34024,3.14904,
34025,3.12354,
34026,2.89376,
34027,2.91097,
34028,2.94648,
34029,2.78656,
34030,2.94285,
34031,3.06571,
34032,3.05213,
34033,3.1453,
34034,3.24367,
34035,3.23905,
34036,2.73449,
34037,2.87185,
34038,3.07466,
34039,3.08999,
34040,3.05813,
34041,3.07335,
34042,3.15324,
34043,3.10234,
34044,3.20785,
34045,2.99567,
34046,2.95169,
34047,3.12914,
34048,2.8145,
34049,3.05336,
34050,3.0592,
34051,3.00685,
34052,2.9822,
34053,2.99889,
34054,3.22814,
34055,3.06455,
34056,3.14777,
34057,3.0329,
34058,3.20261,
34059,3.10643,
34060,3.08991,
34061,2.95628,
34062,3.05438,
34063,2.98048,
34064,2.86323,
34065,2.96022,
34066,2.85877,
34067,2.98379,
34068,2.96402,
34069,3.05766,
34070,2.74943,
34071,2.94845,
34072,3.06571,
34073,2.97618,
34074,2.83529,
34075,2.82265,
34076,3.10696,
34077,2.84064,
34078,3.03994,
34079,2.21728,
34080,3.11527,
34081,3.01545,
34082,3.19598,
34083,3.25633,
34084,3.5065,
34085,3.11725,
34086,3.23651,
34087,3.05626,
34088,3.16743,
34089,3.11302,
34090,3.18736,
34091,3.14434,
34092,2.95207,
34093,3.00201,
34094,3.07272,
34095,3.22151,
34096,2.97232,
34097,3.10607,
34098,3.17681,
34099,3.06105,
34100,3.05212,
34101,2.98286,
34102,2.98782,
34103,3.0994,
34104,3.08134,
34105,3.0788,
34106,3.08556,
34107,2.91812,
34108,3.18973,
34109,3.20778,
34110,2.93165,
34111,3.03816,
34112,2.87971,
34113,2.82065,
34114,2.8027,
34115,2.67478,
34116,3.01254,
34117,2.87431,
34118,2.81403,
34119,2.91933,
34120,3.03573,
34121,2.89966,
34122,2.8421,
34123,2.87266,
34124,2.83445,
34125,2.97623,
34126,2.84054,
34127,2.92766,
34128,3.05522,
34129,2.90109,
34130,3.03517,
34131,2.97164,
34132,2.91386,
34133,2.92777,
34134,2.89039,
34135,3.12421,
34136,2.98727,
34137,2.96696,
34138,2.98518,
34139,3.06086,
34140,2.88966,
34141,2.71738,
34142,2.89169,
34143,2.83771,
34144,2.94585,
34145,2.92537,
34146,2.6916,
34147,2.99004,
34148,3.10741,
34149,2.99184,
34150,2.89191,
34151,2.81886,
34152,3.08168,
34153,2.87316,
34154,2.62423,
34155,2.93746,
34156,2.90249,
34157,3.12064,
34158,2.8213,
34159,2.78998,
34160,2.91819,
34161,2.88698,
34162,2.82135,
34163,2.87039,
34164,2.89083,
34165,3.03082,
34166,3.03851,
34167,3.01427,
34168,2.79029,
34169,2.90095,
34170,2.84821,
34171,3.05705,
34172,3.06361,
34173,3.00671,
34174,3.02689,
34175,3.17428,
34176,2.91111,
34177,2.99914,
34178,3.00082,
34179,2.80914,
34180,3.06305,
34181,3.00483,
34182,3.14602,
34183,2.98311,
34184,2.72967,
34185,2.78266,
34186,2.9592,
34187,2.80197,
34188,2.85603,
34189,2.71269,
34190,2.85575,
34191,3.08029,
34192,3.09709,
34193,2.94774,
34194,3.10805,
34195,2.99175,
34196,3.0298,
34197,2.98818,
34198,3.11427,
34199,3.08777,
34200,3.10227,
34201,3.05114,
34202,3.04988,
34203,3.02924,
34204,2.91209,
34205,3.08008,
34206,2.73326,
34207,2.87045,
34208,3.05951,
34209,2.9362,
34210,3.00218,
34211,2.78415,
34212,2.91153,
34213,3.02503,
34214,2.79125,
34215,2.88248,
34216,2.83166,
34217,2.76363,
34218,2.85714,
34219,2.69716,
34220,2.79585,
34221,2.80083,
34222,2.91473,
34223,2.84266,
34224,2.97309,
34225,3.0119,
34226,2.95223,
34227,2.80677,
34228,2.87884,
34229,2.85045,
34230,2.87124,
34231,2.73865,
34232,3.04861,
34233,2.95345,
34234,2.98042,
34235,3.05237,
34236,2.99504,
34237,2.8719,
34238,3.00071,
34239,2.94687,
34240,3.01167,
34241,3.01628,
34242,3.13278,
34243,3.218,
34244,3.09469,
34245,3.00282,
34246,2.98749,
34247,2.89056,
34248,2.9161,
34249,2.81014,
34250,2.87606,
34251,2.76932,
34252,2.95586,
34253,2.83455,
34254,3.03079,
34255,2.87403,
34256,2.97596,
34257,3.09928,
34258,3.06465,
34259,3.18448,
34260,2.90784,
34261,2.77489,
34262,3.029,
34263,2.75211,
34264,3.02718,
34265,2.98186,
34266,3.10139,
34267,3.16494,
34268,3.13784,
34269,2.94371,
34270,3.14812,
34271,3.04344,
34272,3.03004,
34273,3.02494,
34274,3.15132,
34275,2.87209,
34276,3.11632,
34277,2.72683,
34278,3.09784,
34279,3.09489,
34280,3.26578,
34281,2.97767,
34282,3.08274,
34283,3.13596,
34284,2.90424,
34285,3.10576,
34286,2.76749,
34287,2.90674,
34288,2.93189,
34289,3.1952,
34290,3.13401,
34291,2.74751,
34292,2.97173,
34293,2.925,
34294,3.06081,
34295,3.01057,
34296,3.206,
34297,3.04685,
34298,2.94677,
34299,3.04359,
34300,3.09144,
34301,2.92631,
34302,2.88537,
34303,2.84155,
34304,3.0583,
34305,3.17841,
34306,3.14669,
34307,3.0961,
34308,3.00951,
34309,3.01738,
34310,2.86316,
34311,3.13661,
34312,2.98044,
34313,3.09192,
34314,3.03112,
34315,3.06833,
34316,3.0244,
34317,3.11459,
34318,3.06721,
34319,2.9347,
34320,3.03025,
34321,3.12563,
34322,2.85999,
34323,3.20444,
34324,3.06163,
34325,2.98247,
34326,2.87675,
34327,3.05973,
34328,3.07249,
34329,2.9264,
34330,2.87873,
34331,3.08045,
34332,2.87095,
34333,2.87455,
34334,2.98936,
34335,2.89653,
34336,2.88051,
34337,3.06403,
34338,3.08618,
34339,2.94029,
34340,2.9087,
34341,2.87182,
34342,3.03375,
34343,3.0976,
34344,2.73428,
34345,2.93198,
34346,2.95679,
34347,3.03007,
34348,3.07646,
34349,3.08956,
34350,2.88332,
34351,2.94787,
34352,3.00351,
34353,2.70236,
34354,2.79087,
34355,3.17103,
34356,2.95021,
34357,3.00823,
34358,2.81247,
34359,2.80486,
34360,2.99173,
34361,2.91304,
34362,2.79686,
34363,3.10614,
34364,2.99411,
34365,2.76578,
34366,2.90191,
34367,2.81193,
34368,2.91584,
34369,2.80425,
34370,2.85063,
34371,3.00199,
34372,2.94475,
34373,3.13689,
34374,3.14348,
34375,3.02969,
34376,3.14927,
34377,2.9,
34378,2.99923,
34379,3.1145,
34380,3.03243,
34381,3.14679,
34382,3.24367,
34383,3.33133,
34384,4.14266,
34385,3.03403,
34386,3.03514,
34387,3.04356,
34388,3.05499,
34389,2.94833,
34390,3.058,
34391,2.99467,
34392,3.02415,
34393,2.95487,
34394,3.53418,
34395,3.04641,
34396,3.01948,
34397,2.68948,
34398,2.85298,
34399,3.08496,
34400,3.05368,
34401,3.17617,
34402,3.24311,
34403,3.08226,
34404,3.06826,
34405,3.06588,
34406,3.01637,
34407,3.18569,
34408,2.96736,
34409,2.9904,
34410,3.11772,
34411,3.13707,
34412,3.00486,
34413,2.9147,
34414,2.89182,
34415,2.9061,
34416,2.96614,
34417,2.88201,
34418,2.67709,
34419,3.08699,
34420,2.93946,
34421,2.79464,
34422,2.85064,
34423,2.91458,
34424,3.01995,
34425,2.97933,
34426,2.98609,
34427,3.0376,
34428,2.72077,
34429,2.90644,
34430,2.66854,
34431,3.01147,
34432,2.88297,
34433,2.9041,
34434,2.91817,
34435,2.92168,
34436,2.91263,
34437,2.9015,
34438,2.79959,
34439,2.74553,
34440,2.91181,
34441,2.91822,
34442,2.62463,
34443,2.73425,
34444,2.74385,
34445,2.90166,
34446,2.91582,
34447,2.86586,
34448,2.8727,
34449,2.93233,
34450,3.00247,
34451,2.73066,
34452,3.0527,
34453,2.9069,
34454,2.9259,
34455,2.88923,
34456,3.04078,
34457,3.15578,
34458,3.07224,
34459,2.90303,
34460,2.85732,
34461,3.1996,
34462,3.00046,
34463,3.04036,
34464,2.94435,
34465,2.8092,
34466,2.86006,
34467,3.01985,
34468,2.61594,
34469,2.68369,
34470,2.48902,
34471,2.75459,
34472,2.88275,
34473,3.00463,
34474,2.9914,
34475,3.00857,
34476,2.90289,
34477,2.74346,
34478,2.84164,
34479,2.95198,
34480,3.08529,
34481,2.89715,
34482,2.83114,
34483,2.46556,
34484,2.53695,
34485,3.04423,
34486,2.70511,
34487,2.90971,
34488,2.64481,
34489,2.83242,
34490,2.66235,
34491,2.68767,
34492,2.67952,
34493,2.78337,
34494,2.73767,
34495,2.70312,
34496,2.76583,
34497,2.97115,
34498,2.68117,
34499,2.93329,
34500,2.86472,
34501,3.16107,
34502,3.13908,
34503,3.12335,
34504,3.17107,
34505,3.14875,
34506,3.08684,
34507,2.93686,
34508,2.70511,
34509,3.00743,
34510,2.84191,
34511,2.87289,
34512,3.07096,
34513,2.94397,
34514,3.04024,
34515,2.94269,
34516,2.90843,
34517,2.84544,
34518,2.94538,
34519,3.06133,
34520,2.98264,
34521,2.96504,
34522,2.89604,
34523,2.80508,
34524,3.1339,
34525,2.82066,
34526,2.84431,
34527,2.9608,
34528,2.98774,
34529,2.8715,
34530,3.28424,
34531,3.10261,
34532,3.16253,
34533,2.96228,
34534,3.13139,
34535,3.06139,
34536,2.96219,
34537,3.04627,
34538,2.97805,
34539,2.97979,
34540,2.99199,
34541,3.01819,
34542,2.92413,
34543,2.81172,
34544,2.9625,
34545,2.90926,
34546,2.89725,
34547,2.65134,
34548,2.74577,
34549,2.61323,
34550,2.83953,
34551,2.9453,
34552,2.68422,
34553,2.78786,
34554,2.76626,
34555,2.92057,
34556,2.79001,
34557,2.87487,
34558,2.76576,
34559,2.92045,
34560,3.0295,
34561,3.02015,
34562,2.96092,
34563,3.05212,
34564,2.96123,
34565,3.10354,
34566,3.06862,
34567,3.07456,
34568,3.09938,
34569,2.95675,
34570,2.92118,
34571,2.70818,
34572,2.97016,
34573,2.92153,
34574,3.017,
34575,2.93976,
34576,2.83394,
34577,2.93972,
34578,2.84402,
34579,2.90698,
34580,3.02212,
34581,3.10442,
34582,2.87711,
34583,2.83672,
34584,2.83645,
34585,3.0698,
34586,3.0647,
34587,3.10033,
34588,2.92241,
34589,3.1476,
34590,2.96285,
34591,3.04512,
34592,3.21681,
34593,2.98903,
34594,2.88677,
34595,2.81354,
34596,3.09077,
34597,3.11173,
34598,2.99154,
34599,3.0128,
34600,2.99611,
34601,3.18867,
34602,3.09533,
34603,3.29947,
34604,2.89644,
34605,2.97854,
34606,2.75401,
34607,2.8907,
34608,2.92933,
34609,2.89325,
34610,2.86694,
34611,3.12587,
34612,3.00113,
34613,2.90605,
34614,2.73553,
34615,2.87722,
34616,2.94704,
34617,2.92493,
34618,2.89288,
34619,3.16701,
34620,3.12133,
34621,3.13005,
34622,2.99979,
34623,2.8989,
34624,3.05386,
34625,2.84355,
34626,3.16096,
34627,3.17845,
34628,3.09126,
34629,3.1274,
34630,3.31854,
34631,3.44724,
34632,3.01536,
34633,3.08563,
34634,3.09013,
34635,3.18733,
34636,3.40619,
34637,3.08928,
34638,3.0228,
34639,3.03371,
34640,2.94659,
34641,3.01897,
34642,3.02565,
34643,3.04481,
34644,2.9385,
34645,2.83809,
34646,3.04009,
34647,3.4151,
34648,3.41884,
34649,3.35664,
34650,3.35635,
34651,3.35027,
34652,3.39929,
34653,3.32684,
34654,3.32391,
34655,3.32759,
34656,3.33611,
34657,3.32918,
34658,3.35892,
34659,3.32932,
34660,3.2443,
34661,3.3039,
34662,3.35319,
34663,3.28189,
34664,3.24227,
34665,3.17996,
34666,3.01406,
34667,3.2238,
34668,3.04491,
34669,3.01174,
34670,3.02614,
34671,3.03094,
34672,2.92615,
34673,3.09714,
34674,2.92492,
34675,3.00383,
34676,3.00662,
34677,2.80888,
34678,2.74447,
34679,3.06307,
34680,3.2229,
34681,3.10537,
34682,2.80478,
34683,3.00445,
34684,3.02182,
34685,2.92143,
34686,2.98511,
34687,3.0559,
34688,2.85522,
34689,2.98817,
34690,2.88408,
34691,2.84293,
34692,3.10468,
34693,3.01047,
34694,2.98815,
34695,2.98401,
34696,2.89484,
34697,2.88385,
34698,2.81265,
34699,2.85103,
34700,3.01526,
34701,2.90068,
34702,2.85941,
34703,3.01401,
34704,2.95515,
34705,2.90991,
34706,2.93176,
34707,2.75935,
34708,2.76804,
34709,2.98886,
34710,2.71055,
34711,2.7963,
34712,2.82375,
34713,2.92317,
34714,2.79793,
34715,2.8093,
34716,2.88784,
34717,2.79423,
34718,2.84443,
34719,2.87251,
34720,2.93599,
34721,2.96505,
34722,2.94823,
34723,2.82636,
34724,3.0417,
34725,2.75945,
34726,2.92003,
34727,2.89539,
34728,2.87718,
34729,3.14673,
34730,2.85855,
34731,2.80849,
34732,3.00952,
34733,2.85828,
34734,2.72703,
34735,2.87772,
34736,3.09262,
34737,2.6272,
34738,2.72392,
34739,2.95686,
34740,2.71358,
34741,2.89286,
34742,2.84606,
34743,2.75986,
34744,2.71001,
34745,3.05977,
34746,2.96317,
34747,3.01098,
34748,2.89409,
34749,3.14084,
34750,3.02775,
34751,3.11591,
34752,2.981,
34753,2.90823,
34754,3.0377,
34755,2.96868,
34756,3.00482,
34757,2.95602,
34758,2.97555,
34759,3.00453,
34760,2.69628,
34761,2.91516,
34762,2.96256,
34763,3.04058,
34764,2.99205,
34765,2.63622,
34766,2.88727,
34767,2.95269,
34768,2.83098,
34769,2.57769,
34770,2.74341,
34771,2.82555,
34772,2.79292,
34773,2.83318,
34774,2.59042,
34775,2.68031,
34776,2.67587,
34777,2.82791,
34778,2.89477,
34779,3.29129,
34780,3.2198,
34781,3.059,
34782,2.9819,
34783,3.13404,
34784,3.19545,
34785,2.90565,
34786,3.08664,
34787,2.93408,
34788,2.95837,
34789,2.88015,
34790,3.22666,
34791,3.02527,
34792,2.98109,
34793,3.08412,
34794,3.08718,
34795,2.96917,
34796,3.08653,
34797,2.86399,
34798,3.09269,
34799,3.06074,
34800,2.9437,
34801,2.88871,
34802,2.95088,
34803,2.84723,
34804,3.06593,
34805,3.06044,
34806,2.92712,
34807,3.01966,
34808,2.95598,
34809,2.9899,
34810,3.15338,
34811,3.07423,
34812,2.93448,
34813,2.97709,
34814,3.03326,
34815,2.82143,
34816,2.96699,
34817,3.0019,
34818,3.11673,
34819,2.87191,
34820,2.93543,
34821,2.85622,
34822,3.01556,
34823,3.02405,
34824,3.04526,
34825,2.7495,
34826,2.9745,
34827,2.92544,
34828,2.83727,
34829,2.97179,
34830,3.05445,
34831,2.97262,
34832,2.82256,
34833,2.89016,
34834,2.97537,
34835,2.92127,
34836,2.85931,
34837,2.7525,
34838,2.8364,
34839,2.81189,
34840,2.91719,
34841,2.65029,
34842,2.69401,
34843,2.76775,
34844,2.83157,
34845,2.86558,
34846,2.77004,
34847,2.58622,
34848,2.8128,
34849,2.699,
34850,2.82402,
34851,2.69741,
34852,2.77858,
34853,2.93436,
34854,2.88836,
34855,2.92401,
34856,2.64223,
34857,2.80066,
34858,2.72392,
34859,2.81,
34860,2.98106,
34861,2.62055,
34862,2.74582,
34863,2.64631,
34864,2.62693,
34865,2.81204,
34866,2.83791,
34867,2.80519,
34868,2.73341,
34869,2.93714,
34870,2.78608,
34871,2.8475,
34872,3.01263,
34873,3.01127,
34874,2.97648,
34875,3.02109,
34876,3.29071,
34877,3.01603,
34878,2.88189,
34879,3.10543,
34880,2.95267,
34881,3.01341,
34882,3.10073,
34883,2.98818,
34884,2.99121,
34885,2.99043,
34886,2.79326,
34887,3.01929,
34888,2.98665,
34889,2.82747,
34890,2.96246,
34891,2.9163,
34892,2.72509,
34893,2.90639,
34894,2.93627,
34895,2.78979,
34896,2.84804,
34897,2.93519,
34898,3.08361,
34899,2.86499,
34900,2.95985,
34901,2.86806,
34902,3.18646,
34903,3.2201,
34904,3.25345,
34905,3.22393,
34906,3.28672,
34907,3.21842,
34908,3.16196,
34909,3.27236,
34910,3.10988,
34911,3.21346,
34912,3.2694,
34913,3.24736,
34914,3.07358,
34915,3.25606,
34916,3.20569,
34917,3.20461,
34918,3.30479,
34919,3.17462,
34920,3.21227,
34921,3.17124,
34922,3.18878,
34923,3.04356,
34924,3.2065,
34925,2.65354,
34926,2.76925,
34927,2.68597,
34928,2.53506,
34929,2.63556,
34930,2.58395,
34931,2.90154,
34932,2.45129,
34933,2.68255,
34934,2.62246,
34935,2.74683,
34936,2.73229,
34937,2.53346,
34938,2.59668,
34939,2.80207,
34940,2.92242,
34941,2.88314,
34942,2.59616,
34943,2.57153,
34944,3.11012,
34945,3.19327,
34946,3.11449,
34947,3.12331,
34948,3.08684,
34949,3.0776,
34950,3.02861,
34951,2.8459,
34952,2.95898,
34953,3.06356,
34954,2.95994,
34955,3.01636,
34956,3.13389,
34957,3.15069,
34958,3.05491,
34959,2.95016,
34960,2.79494,
34961,3.00796,
34962,2.92499,
34963,2.95807,
34964,2.71202,
34965,2.74125,
34966,2.70854,
34967,2.90029,
34968,2.92307,
34969,2.85787,
34970,2.94828,
34971,2.90613,
34972,2.98235,
34973,2.91562,
34974,3.06934,
34975,2.93642,
34976,2.82318,
34977,2.96463,
34978,2.7688,
34979,2.77539,
34980,2.75772,
34981,2.93839,
34982,3.08025,
34983,2.95567,
34984,2.76156,
34985,2.72006,
34986,2.63517,
34987,2.55321,
34988,2.60503,
34989,2.62376,
34990,2.89714,
34991,2.56347,
34992,2.64783,
34993,2.70897,
34994,2.9248,
34995,2.84662,
34996,3.03476,
34997,2.69987,
34998,3.12095,
34999,2.87149,
35000,3.1708,
35001,3.24973,
35002,3.05213,
35003,3.16822,
35004,3.02397,
35005,2.93656,
35006,3.04116,
35007,3.05189,
35008,2.90207,
35009,2.78113,
35010,2.79526,
35011,2.89441,
35012,2.8583,
35013,2.93322,
35014,2.99854,
35015,2.85068,
35016,2.98745,
35017,2.77487,
35018,3.00095,
35019,2.97221,
35020,2.75236,
35021,2.71851,
35022,2.9743,
35023,2.67595,
35024,2.74493,
35025,2.7185,
35026,2.58194,
35027,2.60448,
35028,2.69188,
35029,3.1021,
35030,3.0898,
35031,3.25068,
35032,3.2191,
35033,3.22716,
35034,3.13323,
35035,2.87795,
35036,2.99023,
35037,2.94024,
35038,3.08787,
35039,3.31857,
35040,3.06048,
35041,3.09316,
35042,2.93965,
35043,2.89077,
35044,3.21454,
35045,3.17223,
35046,3.22535,
35047,3.0583,
35048,3.28578,
35049,2.93225,
35050,3.00006,
35051,2.98144,
35052,3.02605,
35053,2.84044,
35054,2.9146,
35055,2.8016,
35056,2.80121,
35057,3.06009,
35058,2.75319,
35059,2.78378,
35060,2.93288,
35061,2.95082,
35062,2.99304,
35063,2.85066,
35064,2.91927,
35065,2.81668,
35066,2.79545,
35067,2.72398,
35068,2.75209,
35069,2.89795,
35070,2.62377,
35071,2.74503,
35072,2.94942,
35073,2.8424,
35074,3.21307,
35075,3.26446,
35076,3.20164,
35077,3.3116,
35078,3.16984,
35079,3.15131,
35080,2.99571,
35081,3.06445,
35082,2.85956,
35083,2.90656,
35084,2.82762,
35085,2.85922,
35086,3.13697,
35087,3.14165,
35088,3.02344,
35089,3.15181,
35090,3.13044,
35091,2.89586,
35092,2.88939,
35093,2.94182,
35094,2.80033,
35095,2.95622,
35096,3.06845,
35097,3.04567,
35098,3.12577,
35099,3.2569,
35100,3.22823,
35101,2.72711,
35102,2.87252,
35103,3.07384,
35104,3.08592,
35105,3.06193,
35106,3.06235,
35107,3.14431,
35108,3.08658,
35109,3.18831,
35110,2.99916,
35111,2.93817,
35112,3.11938,
35113,2.80287,
35114,3.03067,
35115,3.05551,
35116,3.01505,
35117,2.9927,
35118,3.00342,
35119,3.23724,
35120,3.07229,
35121,3.12323,
35122,3.00838,
35123,3.19321,
35124,3.09929,
35125,3.09551,
35126,2.95651,
35127,3.03034,
35128,2.97746,
35129,2.87308,
35130,2.94634,
35131,2.8618,
35132,2.97725,
35133,2.96178,
35134,3.05645,
35135,2.74143,
35136,2.93482,
35137,3.07414,
35138,2.9663,
35139,2.84904,
35140,2.8226,
35141,3.08072,
35142,2.84128,
35143,3.00998,
35144,2.20899,
35145,3.09667,
35146,3.0138,
35147,3.1826,
35148,3.24445,
35149,3.50283,
35150,3.11046,
35151,3.2331,
35152,3.05297,
35153,3.15932,
35154,3.11175,
35155,3.17351,
35156,3.14699,
35157,2.9384,
35158,3.00568,
35159,3.05201,
35160,3.21404,
35161,2.96829,
35162,3.10793,
35163,3.16791,
35164,3.05139,
35165,3.04112,
35166,2.97481,
35167,2.98757,
35168,3.0991,
35169,3.07578,
35170,3.06844,
35171,3.07284,
35172,2.92202,
35173,3.17421,
35174,3.21115,
35175,2.9205,
35176,3.05278,
35177,2.88204,
35178,2.82547,
35179,2.8087,
35180,2.67304,
35181,3.01248,
35182,2.87002,
35183,2.81604,
35184,2.91021,
35185,3.03696,
35186,2.89088,
35187,2.83329,
35188,2.87528,
35189,2.83858,
35190,3.01091,
35191,2.83202,
35192,2.91994,
35193,3.04858,
35194,2.89235,
35195,3.02676,
35196,2.96425,
35197,2.89877,
35198,2.91964,
35199,2.88503,
35200,3.13096,
35201,2.98411,
35202,2.96282,
35203,2.97784,
35204,3.05142,
35205,2.8825,
35206,2.71792,
35207,2.8835,
35208,2.83915,
35209,2.94177,
35210,2.92316,
35211,2.68959,
35212,2.98507,
35213,3.09378,
35214,2.98659,
35215,2.90271,
35216,2.82292,
35217,3.08868,
35218,2.89033,
35219,2.61696,
35220,2.93566,
35221,2.89717,
35222,3.11625,
35223,2.82002,
35224,2.79153,
35225,2.90776,
35226,2.88103,
35227,2.81617,
35228,2.87435,
35229,2.88024,
35230,3.02165,
35231,3.01679,
35232,3.02244,
35233,2.78672,
35234,2.90817,
35235,2.84445,
35236,3.05317,
35237,3.05989,
35238,3.00275,
35239,3.02105,
35240,3.1638,
35241,2.88941,
35242,3.00985,
35243,2.98974,
35244,2.80858,
35245,3.05327,
35246,3.0151,
35247,3.14423,
35248,2.97598,
35249,2.73129,
35250,2.78006,
35251,2.94857,
35252,2.78887,
35253,2.86698,
35254,2.70657,
35255,2.85091,
35256,3.07108,
35257,3.09564,
35258,2.96099,
35259,3.09568,
35260,2.9601,
35261,3.02108,
35262,2.97904,
35263,3.09703,
35264,3.08451,
35265,3.12039,
35266,3.05103,
35267,3.04014,
35268,3.01126,
35269,2.92427,
35270,3.09064,
35271,2.71331,
35272,2.85607,
35273,3.05525,
35274,2.94038,
35275,2.99279,
35276,2.77054,
35277,2.91496,
35278,3.02916,
35279,2.78542,
35280,2.887,
35281,2.82996,
35282,2.769,
35283,2.85264,
35284,2.6974,
35285,2.78999,
35286,2.80698,
35287,2.91285,
35288,2.83402,
35289,2.96157,
35290,3.00765,
35291,2.94702,
35292,2.80026,
35293,2.88764,
35294,2.84197,
35295,2.85387,
35296,2.74508,
35297,3.0347,
35298,2.93369,
35299,2.96919,
35300,3.03536,
35301,2.995,
35302,2.86604,
35303,3.00049,
35304,2.95569,
35305,3.01799,
35306,3.00479,
35307,3.14965,
35308,3.19146,
35309,3.08653,
35310,3.00099,
35311,2.96809,
35312,2.89311,
35313,2.91493,
35314,2.79997,
35315,2.86682,
35316,2.75978,
35317,2.94131,
35318,2.82425,
35319,3.03156,
35320,2.88047,
35321,2.96983,
35322,3.09824,
35323,3.0617,
35324,3.19689,
35325,2.90427,
35326,2.76039,
35327,3.02984,
35328,2.74386,
35329,3.02467,
35330,2.96889,
35331,3.11709,
35332,3.15372,
35333,3.12571,
35334,2.9391,
35335,3.14924,
35336,3.03821,
35337,3.0319,
35338,3.02068,
35339,3.14725,
35340,2.8818,
35341,3.12742,
35342,2.72941,
35343,3.08775,
35344,3.09175,
35345,3.25704,
35346,2.98087,
35347,3.0733,
35348,3.13672,
35349,2.89234,
35350,3.10001,
35351,2.77279,
35352,2.90265,
35353,2.92169,
35354,3.17585,
35355,3.14549,
35356,2.74505,
35357,2.96787,
35358,2.91854,
35359,3.05207,
35360,3.01211,
35361,3.20655,
35362,3.02855,
35363,2.94305,
35364,3.03675,
35365,3.08798,
35366,2.93132,
35367,2.88493,
35368,2.84757,
35369,3.04114,
35370,3.17803,
35371,3.13707,
35372,3.09253,
35373,3.00596,
35374,3.00628,
35375,2.86455,
35376,3.13612,
35377,2.97196,
35378,3.09091,
35379,3.04061,
35380,3.04693,
35381,3.02036,
35382,3.11346,
35383,3.07269,
35384,2.94712,
35385,3.00774,
35386,3.12431,
35387,2.86146,
35388,3.20769,
35389,3.05593,
35390,2.9641,
35391,2.87871,
35392,3.05994,
35393,3.07371,
35394,2.93251,
35395,2.86326,
35396,3.07649,
35397,2.86637,
35398,2.86366,
35399,2.98372,
35400,2.89055,
35401,2.88693,
35402,3.06674,
35403,3.07421,
35404,2.92515,
35405,2.90822,
35406,2.8651,
35407,3.02666,
35408,3.09478,
35409,2.71268,
35410,2.9329,
35411,2.93698,
35412,3.01647,
35413,3.07123,
35414,3.07904,
35415,2.86539,
35416,2.95093,
35417,3.01322,
35418,2.68188,
35419,2.78856,
35420,3.15644,
35421,2.93311,
35422,2.99661,
35423,2.81451,
35424,2.79604,
35425,2.9998,
35426,2.91245,
35427,2.78934,
35428,3.10538,
35429,2.98122,
35430,2.77945,
35431,2.89311,
35432,2.81295,
35433,2.91817,
35434,2.81335,
35435,2.84098,
35436,2.9981,
35437,2.93611,
35438,3.11261,
35439,3.13654,
35440,3.01526,
35441,3.14326,
35442,2.89608,
35443,2.98921,
35444,3.11519,
35445,3.03058,
35446,3.14902,
35447,3.23378,
35448,3.33428,
35449,4.13683,
35450,3.03491,
35451,3.01786,
35452,3.04215,
35453,3.04541,
35454,2.94064,
35455,3.0689,
35456,2.99253,
35457,3.01821,
35458,2.95078,
35459,3.54252,
35460,3.03782,
35461,3.01879,
35462,2.68286,
35463,2.85374,
35464,3.09381,
35465,3.05369,
35466,3.17931,
35467,3.2414,
35468,3.08942,
35469,3.05508,
35470,3.06276,
35471,2.98357,
35472,3.18045,
35473,2.95836,
35474,2.98812,
35475,3.12392,
35476,3.13402,
35477,3.00757,
35478,2.90042,
35479,2.87134,
35480,2.91113,
35481,2.97074,
35482,2.86292,
35483,2.67168,
35484,3.08411,
35485,2.93226,
35486,2.80014,
35487,2.83042,
35488,2.90985,
35489,3.01421,
35490,2.98013,
35491,2.98666,
35492,3.0092,
35493,2.71624,
35494,2.90085,
35495,2.66515,
35496,3.00826,
35497,2.87715,
35498,2.8994,
35499,2.92886,
35500,2.93168,
35501,2.90267,
35502,2.89393,
35503,2.78852,
35504,2.73987,
35505,2.91047,
35506,2.90655,
35507,2.61906,
35508,2.73026,
35509,2.73744,
35510,2.90459,
35511,2.91816,
35512,2.8689,
35513,2.88037,
35514,2.92587,
35515,2.99364,
35516,2.72446,
35517,3.05002,
35518,2.91388,
35519,2.93361,
35520,2.87951,
35521,3.04117,
35522,3.14418,
35523,3.06373,
35524,2.90343,
35525,2.85364,
35526,3.19367,
35527,3.00077,
35528,3.04819,
35529,2.96206,
35530,2.80601,
35531,2.85899,
35532,3.01199,
35533,2.61987,
35534,2.67086,
35535,2.49599,
35536,2.74928,
35537,2.89341,
35538,3.00622,
35539,2.98,
35540,2.99846,
35541,2.8879,
35542,2.74158,
35543,2.82392,
35544,2.95597,
35545,3.09073,
35546,2.88578,
35547,2.84067,
35548,2.46966,
35549,2.53567,
35550,3.04237,
35551,2.69348,
35552,2.89219,
35553,2.65239,
35554,2.83948,
35555,2.66634,
35556,2.69339,
35557,2.6775,
35558,2.77037,
35559,2.71818,
35560,2.68648,
35561,2.75618,
35562,2.96342,
35563,2.68626,
35564,2.92668,
35565,2.85891,
35566,3.14854,
35567,3.13717,
35568,3.11404,
35569,3.17049,
35570,3.14962,
35571,3.07754,
35572,2.92352,
35573,2.70656,
35574,3.00486,
35575,2.84141,
35576,2.87177,
35577,3.0709,
35578,2.94708,
35579,3.03085,
35580,2.92742,
35581,2.9055,
35582,2.8404,
35583,2.93608,
35584,3.0675,
35585,2.9875,
35586,2.96207,
35587,2.9038,
35588,2.79644,
35589,3.14135,
35590,2.82021,
35591,2.86636,
35592,2.97314,
35593,2.98091,
35594,2.86366,
35595,3.24801,
35596,3.10922,
35597,3.14354,
35598,2.97145,
35599,3.11961,
35600,3.05005,
35601,2.96819,
35602,3.05063,
35603,2.97516,
35604,2.9894,
35605,2.99013,
35606,3.01132,
35607,2.92855,
35608,2.80702,
35609,2.95836,
35610,2.89545,
35611,2.89125,
35612,2.64365,
35613,2.75079,
35614,2.60708,
35615,2.8427,
35616,2.92224,
35617,2.6718,
35618,2.76552,
35619,2.75898,
35620,2.91144,
35621,2.80646,
35622,2.87299,
35623,2.73767,
35624,2.89345,
35625,3.02658,
35626,3.01437,
35627,2.95544,
35628,3.05874,
35629,2.95846,
35630,3.10102,
35631,3.05454,
35632,3.06483,
35633,3.09756,
35634,2.94939,
35635,2.9215,
35636,2.71352,
35637,2.97281,
35638,2.92633,
35639,3.00686,
35640,2.9508,
35641,2.82808,
35642,2.92513,
35643,2.83218,
35644,2.9038,
35645,3.00079,
35646,3.10364,
35647,2.86507,
35648,2.85576,
35649,2.83615,
35650,3.06141,
35651,3.04941,
35652,3.10282,
35653,2.91172,
35654,3.14436,
35655,2.94205,
35656,3.03534,
35657,3.21872,
35658,2.9804,
35659,2.87254,
35660,2.79823,
35661,3.07853,
35662,3.10383,
35663,2.99052,
35664,3.01841,
35665,2.99443,
35666,3.18864,
35667,3.08136,
35668,3.29556,
35669,2.90211,
35670,2.98436,
35671,2.74809,
35672,2.89963,
35673,2.92672,
35674,2.89443,
35675,2.86773,
35676,3.10062,
35677,3.01463,
35678,2.90081,
35679,2.72892,
35680,2.87184,
35681,2.94083,
35682,2.93113,
35683,2.89404,
35684,3.14308,
35685,3.11538,
35686,3.1295,
35687,3.00081,
35688,2.89754,
35689,3.03603,
35690,2.83843,
35691,3.15349,
35692,3.16183,
35693,3.10071,
35694,3.12016,
35695,3.3052,
35696,3.4429,
35697,3.02669,
35698,3.08171,
35699,3.09838,
35700,3.16986,
35701,3.37934,
35702,3.09334,
35703,3.00559,
35704,3.0212,
35705,2.94047,
35706,3.02309,
35707,3.01706,
35708,3.03323,
35709,2.93728,
35710,2.83991,
35711,3.03782,
35712,3.39972,
35713,3.40906,
35714,3.33858,
35715,3.34973,
35716,3.36975,
35717,3.38688,
35718,3.33007,
35719,3.31308,
35720,3.32525,
35721,3.33564,
35722,3.31958,
35723,3.34163,
35724,3.33527,
35725,3.23242,
35726,3.30298,
35727,3.34759,
35728,3.2884,
35729,3.2365,
35730,3.18255,
35731,3.00631,
35732,3.22922,
35733,3.0279,
35734,3.00378,
35735,3.01358,
35736,3.0324,
35737,2.93245,
35738,3.09599,
35739,2.92132,
35740,2.99532,
35741,3.00819,
35742,2.8158,
35743,2.7492,
35744,3.0493,
35745,3.23357,
35746,3.10663,
35747,2.79752,
35748,2.99302,
35749,3.01863,
35750,2.91651,
35751,2.97676,
35752,3.06138,
35753,2.85445,
35754,2.99537,
35755,2.86934,
35756,2.82345,
35757,3.10111,
35758,3.00648,
35759,2.9873,
35760,2.97401,
35761,2.89686,
35762,2.87362,
35763,2.81777,
35764,2.84403,
35765,3.02617,
35766,2.89954,
35767,2.86284,
35768,3.01075,
35769,2.94717,
35770,2.89838,
35771,2.93157,
35772,2.76811,
35773,2.76858,
35774,2.98981,
35775,2.70482,
35776,2.79079,
35777,2.8204,
35778,2.91115,
35779,2.78299,
35780,2.80147,
35781,2.89887,
35782,2.78819,
35783,2.83666,
35784,2.8671,
35785,2.93111,
35786,2.95415,
35787,2.94555,
35788,2.81144,
35789,3.02546,
35790,2.75407,
35791,2.92783,
35792,2.8818,
35793,2.8791,
35794,3.13943,
35795,2.85298,
35796,2.79445,
35797,2.99872,
35798,2.86229,
35799,2.74218,
35800,2.86294,
35801,3.09189,
35802,2.63412,
35803,2.71979,
35804,2.95853,
35805,2.70712,
35806,2.90707,
35807,2.84688,
35808,2.75487,
35809,2.69731,
35810,3.05148,
35811,2.95195,
35812,2.99352,
35813,2.88639,
35814,3.14204,
35815,3.01741,
35816,3.10612,
35817,2.97175,
35818,2.90086,
35819,3.0472,
35820,2.95622,
35821,3.00366,
35822,2.9535,
35823,2.97261,
35824,2.9977,
35825,2.7009,
35826,2.91895,
35827,2.96477,
35828,3.0301,
35829,2.98811,
35830,2.63282,
35831,2.86248,
35832,2.95215,
35833,2.82901,
35834,2.56838,
35835,2.74459,
35836,2.81764,
35837,2.80301,
35838,2.83574,
35839,2.61111,
35840,2.66819,
35841,2.67594,
35842,2.82647,
35843,2.91852,
35844,3.28217,
35845,3.21294,
35846,3.04669,
35847,2.97491,
35848,3.13552,
35849,3.17808,
35850,2.90487,
35851,3.08927,
35852,2.93481,
35853,2.96764,
35854,2.89111,
35855,3.20608,
35856,3.01,
35857,2.99648,
35858,3.07879,
35859,3.07708,
35860,2.94941,
35861,3.07684,
35862,2.86453,
35863,3.07323,
35864,3.06543,
35865,2.93676,
35866,2.88114,
35867,2.95934,
35868,2.82317,
35869,3.05761,
35870,3.06917,
35871,2.91899,
35872,3.02292,
35873,2.93208,
35874,2.99237,
35875,3.14234,
35876,3.05248,
35877,2.92612,
35878,2.97044,
35879,3.02672,
35880,2.81104,
35881,2.95069,
35882,2.99332,
35883,3.10419,
35884,2.87635,
35885,2.92407,
35886,2.87473,
35887,3.01212,
35888,3.02649,
35889,3.03766,
35890,2.74581,
35891,2.98465,
35892,2.91165,
35893,2.83497,
35894,2.9722,
35895,3.04166,
35896,2.99807,
35897,2.81347,
35898,2.8738,
35899,2.97645,
35900,2.90965,
35901,2.86166,
35902,2.77026,
35903,2.83404,
35904,2.80365,
35905,2.91324,
35906,2.6442,
35907,2.68285,
35908,2.76697,
35909,2.82532,
35910,2.86438,
35911,2.78411,
35912,2.58092,
35913,2.80112,
35914,2.71659,
35915,2.80619,
35916,2.69545,
35917,2.7907,
35918,2.93465,
35919,2.88526,
35920,2.92685,
35921,2.64712,
35922,2.81699,
35923,2.73082,
35924,2.80501,
35925,2.96878,
35926,2.62841,
35927,2.74102,
35928,2.6413,
35929,2.60958,
35930,2.81186,
35931,2.8319,
35932,2.79595,
35933,2.73363,
35934,2.94095,
35935,2.77815,
35936,2.83018,
35937,3.015,
35938,3.0106,
35939,2.97788,
35940,2.99434,
35941,3.2804,
35942,3.00384,
35943,2.8739,
35944,3.12357,
35945,2.93728,
35946,3.02091,
35947,3.10943,
35948,2.98376,
35949,2.9771,
35950,2.98874,
35951,2.79251,
35952,3.00866,
35953,2.99061,
35954,2.84019,
35955,2.94858,
35956,2.92536,
35957,2.72566,
35958,2.90291,
35959,2.91197,
35960,2.79647,
35961,2.86324,
35962,2.92359,
35963,3.07243,
35964,2.85887,
35965,2.95056,
35966,2.8571,
35967,3.18089,
35968,3.22255,
35969,3.2416,
35970,3.22931,
35971,3.28294,
35972,3.21063,
35973,3.15626,
35974,3.26745,
35975,3.12386,
35976,3.20378,
35977,3.25733,
35978,3.22986,
35979,3.07655,
35980,3.25381,
35981,3.20574,
35982,3.20499,
35983,3.28898,
35984,3.17418,
35985,3.21087,
35986,3.17129,
35987,3.18678,
35988,3.03044,
35989,3.19668,
35990,2.63743,
35991,2.7624,
35992,2.6855,
35993,2.54711,
35994,2.63491,
35995,2.587,
35996,2.88136,
35997,2.46399,
35998,2.68462,
35999,2.61992,
36000,2.73687,
36001,2.74432,
36002,2.53064,
36003,2.58411,
36004,2.79475,
36005,2.92632,
36006,2.88553,
36007,2.58879,
36008,2.56961,
36009,3.10402,
36010,3.19095,
36011,3.09429,
36012,3.10636,
36013,3.08605,
36014,3.07461,
36015,3.02489,
36016,2.8523,
36017,2.95492,
36018,3.06787,
36019,2.95201,
36020,3.01445,
36021,3.14655,
36022,3.14475,
36023,3.05633,
36024,2.94522,
36025,2.77892,
36026,2.99315,
36027,2.91822,
36028,2.93793,
36029,2.71068,
36030,2.73022,
36031,2.69773,
36032,2.88034,
36033,2.91276,
36034,2.84648,
36035,2.93872,
36036,2.89741,
36037,2.96853,
36038,2.90597,
36039,3.0624,
36040,2.93877,
36041,2.82338,
36042,2.95897,
36043,2.76266,
36044,2.77575,
36045,2.76342,
36046,2.95241,
36047,3.07533,
36048,2.94967,
36049,2.76327,
36050,2.72948,
36051,2.622,
36052,2.54091,
36053,2.61252,
36054,2.6075,
36055,2.88169,
36056,2.59123,
36057,2.63859,
36058,2.71661,
36059,2.92578,
36060,2.84932,
36061,3.02212,
36062,2.69471,
36063,3.1164,
36064,2.86982,
36065,3.15714,
36066,3.24894,
36067,3.04261,
36068,3.15811,
36069,3.01323,
36070,2.9259,
36071,3.02451,
36072,3.05603,
36073,2.89379,
36074,2.77117,
36075,2.77285,
36076,2.89019,
36077,2.84742,
36078,2.93135,
36079,2.99182,
36080,2.85515,
36081,2.99467,
36082,2.75809,
36083,3.00451,
36084,2.96704,
36085,2.74825,
36086,2.71449,
36087,2.97575,
36088,2.66101,
36089,2.73994,
36090,2.69123,
36091,2.59137,
36092,2.60468,
36093,2.69502,
36094,3.0839,
36095,3.08899,
36096,3.24696,
36097,3.21744,
36098,3.22354,
36099,3.13887,
36100,2.87602,
36101,2.98261,
36102,2.93751,
36103,3.06801,
36104,3.30526,
36105,3.05239,
36106,3.09373,
36107,2.92634,
36108,2.89682,
36109,3.21376,
36110,3.17793,
36111,3.21134,
36112,3.05852,
36113,3.27071,
36114,2.94544,
36115,3.01401,
36116,2.98226,
36117,3.02464,
36118,2.83541,
36119,2.89723,
36120,2.79397,
36121,2.8023,
36122,3.04865,
36123,2.74905,
36124,2.77782,
36125,2.93874,
36126,2.94767,
36127,2.98807,
36128,2.84224,
36129,2.90902,
36130,2.80275,
36131,2.79328,
36132,2.73203,
36133,2.75636,
36134,2.88539,
36135,2.62648,
36136,2.7299,
36137,2.94479,
36138,2.82759,
36139,3.18719,
36140,3.24521,
36141,3.17905,
36142,3.30354,
36143,3.15831,
36144,3.15147,
36145,2.98499,
36146,3.06513,
36147,2.85673,
36148,2.91004,
36149,2.8267,
36150,2.85548,
36151,3.14896,
36152,3.12889,
36153,3.01237,
36154,3.14426,
36155,3.12106,
36156,2.8883,
36157,2.89512,
36158,2.9303,
36159,2.79569,
36160,2.94639,
36161,3.06372,
36162,3.05046,
36163,3.13994,
36164,3.23881,
36165,3.24369,
36166,2.73508,
36167,2.86416,
36168,3.07718,
36169,3.08922,
36170,3.04054,
36171,3.06095,
36172,3.14492,
36173,3.08678,
36174,3.19953,
36175,2.98109,
36176,2.9444,
36177,3.14324,
36178,2.79203,
36179,3.0409,
36180,3.04302,
36181,3.01412,
36182,2.97224,
36183,2.98932,
36184,3.23937,
36185,3.06041,
36186,3.12493,
36187,3.00645,
36188,3.19545,
36189,3.0878,
36190,3.08771,
36191,2.94571,
36192,3.03122,
36193,2.98748,
36194,2.85196,
36195,2.94431,
36196,2.85891,
36197,2.9782,
36198,2.95687,
36199,3.0491,
36200,2.74055,
36201,2.93689,
36202,3.05836,
36203,2.97248,
36204,2.82415,
36205,2.82103,
36206,3.09562,
36207,2.82908,
36208,3.01047,
36209,2.20081,
36210,3.08878,
36211,3.0162,
36212,3.17187,
36213,3.23325,
36214,3.48675,
36215,3.08978,
36216,3.23155,
36217,3.05624,
36218,3.1568,
36219,3.11151,
36220,3.17921,
36221,3.13637,
36222,2.94031,
36223,2.98362,
36224,3.05056,
36225,3.2228,
36226,2.96141,
36227,3.10625,
36228,3.1701,
36229,3.04755,
36230,3.03955,
36231,2.97068,
36232,2.98377,
36233,3.08883,
36234,3.07171,
36235,3.07107,
36236,3.07801,
36237,2.90617,
36238,3.16834,
36239,3.18579,
36240,2.91339,
36241,3.02835,
36242,2.87745,
36243,2.81704,
36244,2.7988,
36245,2.67308,
36246,2.99107,
36247,2.86287,
36248,2.80863,
36249,2.90433,
36250,3.03227,
36251,2.89354,
36252,2.83652,
36253,2.88538,
36254,2.82931,
36255,2.9785,
36256,2.82171,
36257,2.93609,
36258,3.04446,
36259,2.89471,
36260,3.02093,
36261,2.96089,
36262,2.89869,
36263,2.91777,
36264,2.88184,
36265,3.12706,
36266,2.97689,
36267,2.96018,
36268,2.98203,
36269,3.04489,
36270,2.88045,
36271,2.70912,
36272,2.87442,
36273,2.82768,
36274,2.93918,
36275,2.93033,
36276,2.68835,
36277,2.97873,
36278,3.08727,
36279,2.99207,
36280,2.88936,
36281,2.81568,
36282,3.07029,
36283,2.88424,
36284,2.60848,
36285,2.93938,
36286,2.90242,
36287,3.11004,
36288,2.82318,
36289,2.807,
36290,2.91837,
36291,2.88381,
36292,2.79907,
36293,2.85457,
36294,2.88195,
36295,3.01631,
36296,3.01516,
36297,3.00635,
36298,2.78061,
36299,2.89657,
36300,2.85044,
36301,3.02893,
36302,3.05448,
36303,2.98537,
36304,3.02095,
36305,3.15361,
36306,2.90465,
36307,2.99004,
36308,2.99482,
36309,2.80397,
36310,3.05833,
36311,3.00302,
36312,3.14186,
36313,2.96856,
36314,2.7415,
36315,2.79116,
36316,2.9599,
36317,2.80066,
36318,2.86212,
36319,2.71735,
36320,2.85972,
36321,3.06814,
36322,3.0883,
36323,2.93206,
36324,3.08917,
36325,2.94295,
36326,3.0143,
36327,2.97527,
36328,3.11073,
36329,3.0744,
36330,3.09158,
36331,3.05616,
36332,3.03694,
36333,3.01978,
36334,2.91169,
36335,3.08856,
36336,2.71107,
36337,2.85326,
36338,3.04606,
36339,2.92923,
36340,3.00213,
36341,2.77635,
36342,2.90527,
36343,3.03309,
36344,2.7873,
36345,2.87663,
36346,2.81575,
36347,2.75522,
36348,2.85109,
36349,2.68415,
36350,2.78484,
36351,2.80545,
36352,2.91908,
36353,2.82706,
36354,2.94607,
36355,3.00877,
36356,2.95489,
36357,2.80276,
36358,2.8897,
36359,2.83447,
36360,2.85834,
36361,2.74113,
36362,3.03772,
36363,2.93463,
36364,2.96819,
36365,3.03175,
36366,2.97631,
36367,2.85373,
36368,2.98605,
36369,2.95246,
36370,3.00379,
36371,3.00988,
36372,3.14041,
36373,3.19475,
36374,3.09033,
36375,2.99238,
36376,2.97246,
36377,2.88575,
36378,2.91912,
36379,2.80928,
36380,2.86425,
36381,2.76377,
36382,2.94243,
36383,2.81491,
36384,3.02297,
36385,2.85962,
36386,2.97315,
36387,3.09312,
36388,3.05151,
36389,3.18775,
36390,2.90436,
36391,2.76725,
36392,3.02565,
36393,2.76294,
36394,3.02401,
36395,2.95921,
36396,3.09678,
36397,3.14485,
36398,3.12951,
36399,2.92919,
36400,3.12883,
36401,3.04701,
36402,3.01643,
36403,3.012,
36404,3.13177,
36405,2.87623,
36406,3.11007,
36407,2.72246,
36408,3.08281,
36409,3.07883,
36410,3.26815,
36411,2.97756,
36412,3.08838,
36413,3.14736,
36414,2.8904,
36415,3.09581,
36416,2.7668,
36417,2.89615,
36418,2.92067,
36419,3.17958,
36420,3.12771,
36421,2.75334,
36422,2.97757,
36423,2.91344,
36424,3.05399,
36425,3.01089,
36426,3.20353,
36427,3.0267,
36428,2.94437,
36429,3.04422,
36430,3.0833,
36431,2.92148,
36432,2.8693,
36433,2.83053,
36434,3.03506,
36435,3.16029,
36436,3.13038,
36437,3.08852,
36438,3.00526,
36439,3.0097,
36440,2.84623,
36441,3.13096,
36442,2.95877,
36443,3.09346,
36444,3.03189,
36445,3.03658,
36446,3.01688,
36447,3.10173,
36448,3.06391,
36449,2.93077,
36450,3.00183,
36451,3.12319,
36452,2.84284,
36453,3.19069,
36454,3.06374,
36455,2.95745,
36456,2.88707,
36457,3.05637,
36458,3.05609,
36459,2.92392,
36460,2.85532,
36461,3.07007,
36462,2.86618,
36463,2.86442,
36464,2.98232,
36465,2.89124,
36466,2.8727,
36467,3.05594,
36468,3.08379,
36469,2.93173,
36470,2.90294,
36471,2.87394,
36472,3.0249,
36473,3.10224,
36474,2.71712,
36475,2.93985,
36476,2.92977,
36477,3.01852,
36478,3.07273,
36479,3.07811,
36480,2.86633,
36481,2.93848,
36482,3.00432,
36483,2.67679,
36484,2.78006,
36485,3.15783,
36486,2.9319,
36487,2.99952,
36488,2.8079,
36489,2.79662,
36490,2.99778,
36491,2.90481,
36492,2.7895,
36493,3.10109,
36494,2.98362,
36495,2.75886,
36496,2.90339,
36497,2.83788,
36498,2.9125,
36499,2.81217,
36500,2.83786,
36501,2.97438,
36502,2.93372,
36503,3.11416,
36504,3.13461,
36505,3.02099,
36506,3.14762,
36507,2.88674,
36508,2.97803,
36509,3.12135,
36510,3.01895,
36511,3.14606,
36512,3.23478,
36513,3.33229,
36514,4.13156,
36515,3.02903,
36516,3.02387,
36517,3.04283,
36518,3.04526,
36519,2.94833,
36520,3.06495,
36521,2.98262,
36522,3.01714,
36523,2.93495,
36524,3.54527,
36525,3.04167,
36526,3.02263,
36527,2.69538,
36528,2.85204,
36529,3.0806,
36530,3.05094,
36531,3.18754,
36532,3.24959,
36533,3.08075,
36534,3.05332,
36535,3.04679,
36536,2.98438,
36537,3.16655,
36538,2.95374,
36539,2.97942,
36540,3.10598,
36541,3.12995,
36542,2.99565,
36543,2.90426,
36544,2.86603,
36545,2.88701,
36546,2.95505,
36547,2.86052,
36548,2.65743,
36549,3.09757,
36550,2.9389,
36551,2.79308,
36552,2.83526,
36553,2.90647,
36554,3.01253,
36555,2.98048,
36556,2.98718,
36557,3.01083,
36558,2.72472,
36559,2.89058,
36560,2.66105,
36561,3.01241,
36562,2.88581,
36563,2.88784,
36564,2.90839,
36565,2.92284,
36566,2.90942,
36567,2.87397,
36568,2.80642,
36569,2.73935,
36570,2.90703,
36571,2.91252,
36572,2.59796,
36573,2.72536,
36574,2.72763,
36575,2.9008,
36576,2.90894,
36577,2.85454,
36578,2.86682,
36579,2.93958,
36580,2.97639,
36581,2.71972,
36582,3.05328,
36583,2.90682,
36584,2.93288,
36585,2.88429,
36586,3.03594,
36587,3.14277,
36588,3.04805,
36589,2.91213,
36590,2.8468,
36591,3.19289,
36592,3.00731,
36593,3.02933,
36594,2.96361,
36595,2.80202,
36596,2.85008,
36597,3.0111,
36598,2.62557,
36599,2.6756,
36600,2.48679,
36601,2.74464,
36602,2.87725,
36603,3.0055,
36604,2.97411,
36605,3.00142,
36606,2.89417,
36607,2.7511,
36608,2.83431,
36609,2.9496,
36610,3.08614,
36611,2.88217,
36612,2.83153,
36613,2.46503,
36614,2.5494,
36615,3.03902,
36616,2.68871,
36617,2.89351,
36618,2.643,
36619,2.83683,
36620,2.65951,
36621,2.68728,
36622,2.68382,
36623,2.77869,
36624,2.72708,
36625,2.69035,
36626,2.76096,
36627,2.95912,
36628,2.67667,
36629,2.92153,
36630,2.848,
36631,3.1326,
36632,3.13833,
36633,3.10813,
36634,3.15893,
36635,3.12509,
36636,3.0733,
36637,2.91497,
36638,2.70695,
36639,3.00149,
36640,2.84352,
36641,2.86714,
36642,3.0738,
36643,2.9506,
36644,3.01702,
36645,2.93074,
36646,2.89777,
36647,2.84071,
36648,2.93868,
36649,3.05334,
36650,2.98571,
36651,2.94982,
36652,2.89348,
36653,2.79584,
36654,3.12187,
36655,2.82114,
36656,2.83931,
36657,2.9593,
36658,2.97912,
36659,2.8699,
36660,3.25643,
36661,3.12413,
36662,3.13944,
36663,2.95394,
36664,3.10741,
36665,3.04074,
36666,2.95865,
36667,3.02705,
36668,2.9504,
36669,2.98565,
36670,2.97736,
36671,2.99752,
36672,2.91279,
36673,2.80417,
36674,2.95662,
36675,2.88317,
36676,2.88714,
36677,2.64429,
36678,2.73372,
36679,2.60755,
36680,2.82351,
36681,2.9256,
36682,2.6788,
36683,2.77247,
36684,2.74907,
36685,2.91328,
36686,2.78302,
36687,2.8732,
36688,2.73163,
36689,2.88541,
36690,3.00501,
36691,3.00578,
36692,2.94257,
36693,3.03908,
36694,2.954,
36695,3.08412,
36696,3.05871,
36697,3.05568,
36698,3.08834,
36699,2.95444,
36700,2.91824,
36701,2.70819,
36702,2.96743,
36703,2.91769,
36704,3.00712,
36705,2.92934,
36706,2.82225,
36707,2.92215,
36708,2.83436,
36709,2.90115,
36710,3.00398,
36711,3.10455,
36712,2.86865,
36713,2.82838,
36714,2.83603,
36715,3.06635,
36716,3.04002,
36717,3.09694,
36718,2.92155,
36719,3.13987,
36720,2.94881,
36721,3.0311,
36722,3.20647,
36723,2.97966,
36724,2.87156,
36725,2.80478,
36726,3.07577,
36727,3.11024,
36728,2.99138,
36729,3.01487,
36730,2.99628,
36731,3.19174,
36732,3.08325,
36733,3.29909,
36734,2.88186,
36735,2.96633,
36736,2.74603,
36737,2.89942,
36738,2.93382,
36739,2.89411,
36740,2.8717,
36741,3.1034,
36742,2.99627,
36743,2.91645,
36744,2.73055,
36745,2.86828,
36746,2.93466,
36747,2.92211,
36748,2.89032,
36749,3.14386,
36750,3.108,
36751,3.12316,
36752,2.98357,
36753,2.89471,
36754,3.02984,
36755,2.83117,
36756,3.13782,
36757,3.17861,
36758,3.08969,
36759,3.12483,
36760,3.30608,
36761,3.4388,
36762,3.01505,
36763,3.07339,
36764,3.07866,
36765,3.17325,
36766,3.37709,
36767,3.07306,
36768,3.00874,
36769,3.01927,
36770,2.95054,
36771,3.01888,
36772,3.01187,
36773,3.02476,
36774,2.93257,
36775,2.83787,
36776,3.03703,
36777,3.40948,
36778,3.40729,
36779,3.33896,
36780,3.33076,
36781,3.34394,
36782,3.39438,
36783,3.32762,
36784,3.322,
36785,3.31903,
36786,3.32208,
36787,3.31831,
36788,3.34648,
36789,3.31751,
36790,3.23346,
36791,3.30936,
36792,3.34549,
36793,3.28153,
36794,3.24961,
36795,3.17675,
36796,3.01607,
36797,3.21428,
36798,3.02688,
36799,2.98769,
36800,3.0238,
36801,3.02052,
36802,2.92954,
36803,3.09669,
36804,2.90314,
36805,2.98776,
36806,2.99249,
36807,2.81018,
36808,2.7532,
36809,3.04152,
36810,3.21315,
36811,3.09274,
36812,2.78698,
36813,2.98356,
36814,3.00635,
36815,2.92664,
36816,2.97843,
36817,3.05716,
36818,2.85137,
36819,2.98249,
36820,2.85817,
36821,2.82417,
36822,3.09731,
36823,2.98501,
36824,2.99203,
36825,2.97118,
36826,2.89104,
36827,2.85391,
36828,2.79872,
36829,2.84078,
36830,3.01647,
36831,2.90858,
36832,2.86476,
36833,3.00015,
36834,2.95127,
36835,2.90015,
36836,2.93038,
36837,2.75025,
36838,2.75765,
36839,3.00261,
36840,2.68781,
36841,2.78909,
36842,2.83504,
36843,2.90609,
36844,2.79147,
36845,2.80915,
36846,2.88627,
36847,2.78562,
36848,2.82766,
36849,2.87495,
36850,2.91795,
36851,2.94362,
36852,2.93683,
36853,2.81454,
36854,3.02143,
36855,2.75371,
36856,2.92083,
36857,2.8815,
36858,2.87647,
36859,3.12601,
36860,2.85345,
36861,2.79845,
36862,2.99811,
36863,2.85801,
36864,2.72064,
36865,2.86922,
36866,3.09841,
36867,2.62729,
36868,2.72609,
36869,2.94486,
36870,2.72162,
36871,2.87819,
36872,2.8629,
36873,2.76843,
36874,2.69857,
36875,3.035,
36876,2.95021,
36877,2.99569,
36878,2.88183,
36879,3.13136,
36880,3.01165,
36881,3.10122,
36882,2.97506,
36883,2.90453,
36884,3.03185,
36885,2.96706,
36886,2.9991,
36887,2.96072,
36888,2.96286,
36889,2.99104,
36890,2.69256,
36891,2.91416,
36892,2.96304,
36893,3.01865,
36894,2.97955,
36895,2.63793,
36896,2.86873,
36897,2.9569,
36898,2.83697,
36899,2.58478,
36900,2.75192,
36901,2.80932,
36902,2.7842,
36903,2.83446,
36904,2.59164,
36905,2.66661,
36906,2.68058,
36907,2.83451,
36908,2.89855,
36909,3.27202,
36910,3.20612,
36911,3.05374,
36912,2.96742,
36913,3.11222,
36914,3.17733,
36915,2.8942,
36916,3.08496,
36917,2.92456,
36918,2.96605,
36919,2.87133,
36920,3.19053,
36921,3.00875,
36922,2.96391,
36923,3.07271,
36924,3.06496,
36925,2.96263,
36926,3.07875,
36927,2.85513,
36928,3.08228,
36929,3.05675,
36930,2.9328,
36931,2.87853,
36932,2.95524,
36933,2.81621,
36934,3.05182,
36935,3.0474,
36936,2.91759,
36937,3.0103,
36938,2.92842,
36939,2.97465,
36940,3.14427,
36941,3.05685,
36942,2.92155,
36943,2.96948,
36944,3.01799,
36945,2.82181,
36946,2.94886,
36947,2.99236,
36948,3.11423,
36949,2.85679,
36950,2.92436,
36951,2.85453,
36952,3.02727,
36953,3.02303,
36954,3.03813,
36955,2.74619,
36956,2.9636,
36957,2.91368,
36958,2.82077,
36959,2.96974,
36960,3.04566,
36961,2.97912,
36962,2.80229,
36963,2.87392,
36964,2.96621,
36965,2.92506,
36966,2.86005,
36967,2.75107,
36968,2.84109,
36969,2.80723,
36970,2.91856,
36971,2.65236,
36972,2.67921,
36973,2.75874,
36974,2.81246,
36975,2.85887,
36976,2.7698,
36977,2.58622,
36978,2.80631,
36979,2.70409,
36980,2.80049,
36981,2.69464,
36982,2.77732,
36983,2.95134,
36984,2.8909,
36985,2.92149,
36986,2.64648,
36987,2.80261,
36988,2.71884,
36989,2.78341,
36990,2.97695,
36991,2.65038,
36992,2.75237,
36993,2.64077,
36994,2.60569,
36995,2.80125,
36996,2.81797,
36997,2.79487,
36998,2.72977,
36999,2.939,
37000,2.77573,
37001,2.82065,
37002,3.00499,
37003,3.0043,
37004,2.96011,
37005,2.99153,
37006,3.27435,
37007,3.00055,
37008,2.89457,
37009,3.10357,
37010,2.93932,
37011,3.01238,
37012,3.0932,
37013,2.98862,
37014,2.97737,
37015,3.00013,
37016,2.79347,
37017,3.00532,
37018,2.9747,
37019,2.83254,
37020,2.95519,
37021,2.90956,
37022,2.72324,
37023,2.91364,
37024,2.91182,
37025,2.78453,
37026,2.8563,
37027,2.93562,
37028,3.07592,
37029,2.8773,
37030,2.94712,
37031,2.86372,
37032,3.18019,
37033,3.20901,
37034,3.23964,
37035,3.21629,
37036,3.27893,
37037,3.2224,
37038,3.15591,
37039,3.25746,
37040,3.11814,
37041,3.19608,
37042,3.26446,
37043,3.2395,
37044,3.0711,
37045,3.25982,
37046,3.19278,
37047,3.2009,
37048,3.30344,
37049,3.17507,
37050,3.20515,
37051,3.16616,
37052,3.19022,
37053,3.01143,
37054,3.18791,
37055,2.62705,
37056,2.75066,
37057,2.67594,
37058,2.5281,
37059,2.62538,
37060,2.58145,
37061,2.89453,
37062,2.46722,
37063,2.67612,
37064,2.62484,
37065,2.73338,
37066,2.73409,
37067,2.52762,
37068,2.58119,
37069,2.78602,
37070,2.90715,
37071,2.88388,
37072,2.59202,
37073,2.57697,
37074,3.10857,
37075,3.17919,
37076,3.08318,
37077,3.09471,
37078,3.07313,
37079,3.06865,
37080,2.99289,
37081,2.82687,
37082,2.95606,
37083,3.04647,
37084,2.93296,
37085,3.01376,
37086,3.13305,
37087,3.14388,
37088,3.04708,
37089,2.94242,
37090,2.77549,
37091,3.00574,
37092,2.91831,
37093,2.94168,
37094,2.70136,
37095,2.74052,
37096,2.70277,
37097,2.87723,
37098,2.91452,
37099,2.84864,
37100,2.92583,
37101,2.90372,
37102,2.9574,
37103,2.91344,
37104,3.04863,
37105,2.93205,
37106,2.80777,
37107,2.95424,
37108,2.76317,
37109,2.78125,
37110,2.77577,
37111,2.92931,
37112,3.06489,
37113,2.95489,
37114,2.76323,
37115,2.72497,
37116,2.6242,
37117,2.55767,
37118,2.60457,
37119,2.61946,
37120,2.88399,
37121,2.56274,
37122,2.65626,
37123,2.72028,
37124,2.91983,
37125,2.85587,
37126,3.01695,
37127,2.69822,
37128,3.11069,
37129,2.8714,
37130,3.14695,
37131,3.22679,
37132,3.03665,
37133,3.1576,
37134,3.00994,
37135,2.9187,
37136,3.02013,
37137,3.04275,
37138,2.89461,
37139,2.75988,
37140,2.78223,
37141,2.88274,
37142,2.84628,
37143,2.93559,
37144,3,
37145,2.83305,
37146,2.98558,
37147,2.75431,
37148,2.98953,
37149,2.96024,
37150,2.74159,
37151,2.71264,
37152,2.96446,
37153,2.65847,
37154,2.75229,
37155,2.69297,
37156,2.58172,
37157,2.60923,
37158,2.69439,
37159,3.07554,
37160,3.07667,
37161,3.24478,
37162,3.21801,
37163,3.21435,
37164,3.11997,
37165,2.87944,
37166,2.98318,
37167,2.92835,
37168,3.06547,
37169,3.2991,
37170,3.04575,
37171,3.07662,
37172,2.92081,
37173,2.89981,
37174,3.21059,
37175,3.17365,
37176,3.21936,
37177,3.05811,
37178,3.2676,
37179,2.95822,
37180,3.00347,
37181,2.96172,
37182,3.01521,
37183,2.8285,
37184,2.89155,
37185,2.79212,
37186,2.77211,
37187,3.06817,
37188,2.74185,
37189,2.76966,
37190,2.93315,
37191,2.95184,
37192,2.97647,
37193,2.83804,
37194,2.9109,
37195,2.81424,
37196,2.79918,
37197,2.71975,
37198,2.75464,
37199,2.88681,
37200,2.62089,
37201,2.72491,
37202,2.94129,
37203,2.82848,
37204,3.18411,
37205,3.24951,
37206,3.18171,
37207,3.29949,
37208,3.15429,
37209,3.14587,
37210,2.97624,
37211,3.05324,
37212,2.84871,
37213,2.90539,
37214,2.82219,
37215,2.84475,
37216,3.12959,
37217,3.12604,
37218,3.00238,
37219,3.13672,
37220,3.11353,
37221,2.88257,
37222,2.8884,
37223,2.9286,
37224,2.77815,
37225,2.95746,
37226,3.07562,
37227,3.03846,
37228,3.12529,
37229,3.23038,
37230,3.22837,
37231,2.71434,
37232,2.86965,
37233,3.07987,
37234,3.0822,
37235,3.03116,
37236,3.04415,
37237,3.15152,
37238,3.09146,
37239,3.18909,
37240,2.98378,
37241,2.94095,
37242,3.1097,
37243,2.79118,
37244,3.02413,
37245,3.04173,
37246,3.00422,
37247,2.95927,
37248,2.98,
37249,3.2138,
37250,3.08654,
37251,3.11233,
37252,3.0157,
37253,3.19514,
37254,3.08523,
37255,3.07089,
37256,2.94681,
37257,3.02636,
37258,2.97256,
37259,2.85991,
37260,2.94103,
37261,2.86659,
37262,2.97101,
37263,2.96312,
37264,3.03366,
37265,2.75915,
37266,2.93763,
37267,3.04977,
37268,2.96522,
37269,2.80873,
37270,2.8041,
37271,3.07183,
37272,2.82878,
37273,2.99338,
37274,2.19309,
37275,3.07689,
37276,2.99618,
37277,3.16869,
37278,3.24047,
37279,3.47872,
37280,3.09329,
37281,3.22389,
37282,3.05068,
37283,3.16506,
37284,3.10665,
37285,3.16208,
37286,3.1325,
37287,2.93204,
37288,2.98021,
37289,3.03493,
37290,3.21682,
37291,2.96398,
37292,3.08706,
37293,3.18574,
37294,3.05967,
37295,3.0473,
37296,2.96123,
37297,2.98215,
37298,3.08452,
37299,3.05196,
37300,3.06467,
37301,3.0635,
37302,2.90623,
37303,3.17168,
37304,3.1863,
37305,2.91197,
37306,3.03711,
37307,2.87575,
37308,2.82111,
37309,2.81217,
37310,2.68202,
37311,2.99024,
37312,2.86748,
37313,2.8076,
37314,2.8972,
37315,3.0209,
37316,2.87953,
37317,2.83147,
37318,2.86645,
37319,2.83694,
37320,2.97619,
37321,2.82599,
37322,2.91985,
37323,3.04329,
37324,2.89426,
37325,3.01696,
37326,2.9475,
37327,2.87636,
37328,2.90939,
37329,2.87793,
37330,3.11123,
37331,2.97151,
37332,2.94822,
37333,2.96575,
37334,3.03982,
37335,2.88342,
37336,2.70729,
37337,2.87267,
37338,2.82117,
37339,2.94839,
37340,2.92497,
37341,2.68898,
37342,2.97822,
37343,3.09158,
37344,2.98935,
37345,2.88846,
37346,2.82512,
37347,3.08653,
37348,2.87007,
37349,2.61719,
37350,2.93608,
37351,2.89499,
37352,3.10205,
37353,2.81594,
37354,2.79701,
37355,2.9034,
37356,2.88921,
37357,2.79713,
37358,2.85255,
37359,2.8781,
37360,3.0251,
37361,3.01232,
37362,3.00354,
37363,2.77682,
37364,2.88568,
37365,2.84064,
37366,3.02398,
37367,3.05563,
37368,2.98475,
37369,3.0137,
37370,3.14608,
37371,2.89785,
37372,3.00187,
37373,2.99082,
37374,2.80123,
37375,3.0625,
37376,2.99766,
37377,3.15069,
37378,2.9607,
37379,2.73234,
37380,2.78056,
37381,2.94992,
37382,2.78603,
37383,2.86111,
37384,2.73031,
37385,2.84563,
37386,3.06534,
37387,3.07096,
37388,2.93694,
37389,3.08055,
37390,2.93186,
37391,3.01478,
37392,2.96123,
37393,3.09562,
37394,3.08144,
37395,3.09515,
37396,3.03529,
37397,3.0461,
37398,3.01926,
37399,2.9077,
37400,3.07845,
37401,2.71855,
37402,2.84433,
37403,3.04178,
37404,2.9316,
37405,2.97464,
37406,2.77789,
37407,2.89727,
37408,3.01395,
37409,2.79617,
37410,2.88767,
37411,2.82895,
37412,2.75559,
37413,2.85918,
37414,2.67978,
37415,2.77836,
37416,2.80681,
37417,2.9216,
37418,2.82433,
37419,2.95591,
37420,3.00261,
37421,2.94559,
37422,2.79671,
37423,2.88396,
37424,2.82051,
37425,2.86122,
37426,2.73489,
37427,3.04923,
37428,2.91719,
37429,2.97327,
37430,3.0288,
37431,2.97584,
37432,2.85086,
37433,2.97863,
37434,2.93791,
37435,3.01782,
37436,2.99795,
37437,3.12503,
37438,3.1974,
37439,3.09861,
37440,2.98577,
37441,2.9726,
37442,2.89841,
37443,2.91762,
37444,2.79245,
37445,2.86846,
37446,2.75928,
37447,2.94994,
37448,2.82965,
37449,3.02236,
37450,2.85855,
37451,2.96395,
37452,3.09339,
37453,3.05082,
37454,3.1835,
37455,2.89482,
37456,2.76612,
37457,3.01739,
37458,2.74931,
37459,3.01619,
37460,2.94666,
37461,3.08366,
37462,3.14315,
37463,3.11202,
37464,2.93368,
37465,3.12308,
37466,3.03081,
37467,3.01846,
37468,3.01666,
37469,3.1247,
37470,2.86931,
37471,3.10865,
37472,2.7165,
37473,3.08342,
37474,3.07729,
37475,3.24234,
37476,2.96257,
37477,3.07312,
37478,3.12738,
37479,2.89407,
37480,3.09149,
37481,2.78815,
37482,2.9002,
37483,2.91278,
37484,3.16864,
37485,3.13503,
37486,2.75428,
37487,2.95825,
37488,2.89728,
37489,3.04498,
37490,3.00182,
37491,3.20286,
37492,3.03638,
37493,2.94394,
37494,3.0345,
37495,3.08225,
37496,2.91312,
37497,2.87398,
37498,2.84112,
37499,3.0288,
37500,3.1646,
37501,3.12381,
37502,3.06697,
37503,2.98735,
37504,3.00679,
37505,2.83531,
37506,3.11676,
37507,2.95952,
37508,3.07142,
37509,3.02212,
37510,3.03044,
37511,3.01101,
37512,3.11145,
37513,3.06505,
37514,2.91966,
37515,3.00522,
37516,3.13342,
37517,2.84427,
37518,3.19636,
37519,3.04451,
37520,2.97287,
37521,2.87252,
37522,3.05451,
37523,3.05783,
37524,2.90446,
37525,2.85414,
37526,3.06967,
37527,2.86927,
37528,2.85796,
37529,2.978,
37530,2.87374,
37531,2.87201,
37532,3.06158,
37533,3.07802,
37534,2.9247,
37535,2.90632,
37536,2.85892,
37537,3.03004,
37538,3.0953,
37539,2.73284,
37540,2.92805,
37541,2.92264,
37542,3.01208,
37543,3.064,
37544,3.08208,
37545,2.86683,
37546,2.9474,
37547,3.00371,
37548,2.67882,
37549,2.78099,
37550,3.15711,
37551,2.91302,
37552,3.00317,
37553,2.79656,
37554,2.79019,
37555,2.99302,
37556,2.89743,
37557,2.78081,
37558,3.09326,
37559,2.97308,
37560,2.77946,
37561,2.88674,
37562,2.81389,
37563,2.90391,
37564,2.81521,
37565,2.83597,
37566,2.97911,
37567,2.93048,
37568,3.10244,
37569,3.13288,
37570,3.01906,
37571,3.1405,
37572,2.88284,
37573,2.99007,
37574,3.11998,
37575,3.03202,
37576,3.14087,
37577,3.23203,
37578,3.32848,
37579,4.13095,
37580,3.02983,
37581,3.023,
37582,3.04737,
37583,3.03386,
37584,2.94632,
37585,3.0535,
37586,2.99055,
37587,3.00505,
37588,2.93979,
37589,3.53545,
37590,3.04181,
37591,3.01831,
37592,2.68075,
37593,2.84098,
37594,3.09039,
37595,3.04434,
37596,3.17055,
37597,3.24717,
37598,3.07808,
37599,3.03688,
37600,3.04064,
37601,2.97122,
37602,3.16932,
37603,2.94347,
37604,2.98056,
37605,3.12408,
37606,3.12865,
37607,2.99079,
37608,2.90151,
37609,2.86532,
37610,2.89048,
37611,2.96114,
37612,2.86768,
37613,2.66917,
37614,3.07945,
37615,2.92901,
37616,2.79349,
37617,2.82406,
37618,2.9029,
37619,3.00571,
37620,2.97749,
37621,2.97663,
37622,3.01677,
37623,2.71306,
37624,2.89769,
37625,2.65546,
37626,3.00353,
37627,2.88385,
37628,2.88968,
37629,2.91369,
37630,2.92264,
37631,2.90079,
37632,2.8726,
37633,2.78287,
37634,2.74234,
37635,2.89901,
37636,2.90302,
37637,2.59289,
37638,2.71686,
37639,2.73262,
37640,2.8876,
37641,2.9058,
37642,2.85619,
37643,2.86901,
37644,2.92604,
37645,2.98592,
37646,2.72149,
37647,3.04442,
37648,2.91536,
37649,2.92259,
37650,2.87517,
37651,3.04102,
37652,3.13629,
37653,3.04662,
37654,2.89789,
37655,2.85961,
37656,3.1927,
37657,3.00281,
37658,3.03058,
37659,2.95319,
37660,2.81809,
37661,2.84355,
37662,3.01158,
37663,2.60573,
37664,2.66761,
37665,2.50452,
37666,2.7478,
37667,2.88192,
37668,2.99964,
37669,2.98047,
37670,2.99217,
37671,2.89965,
37672,2.74108,
37673,2.82508,
37674,2.93873,
37675,3.08608,
37676,2.87642,
37677,2.84646,
37678,2.46518,
37679,2.52673,
37680,3.02499,
37681,2.70671,
37682,2.88016,
37683,2.64991,
37684,2.8318,
37685,2.67396,
37686,2.67948,
37687,2.6721,
37688,2.77443,
37689,2.72738,
37690,2.68442,
37691,2.76857,
37692,2.95363,
37693,2.67234,
37694,2.92258,
37695,2.84915,
37696,3.13756,
37697,3.13136,
37698,3.10715,
37699,3.1472,
37700,3.13258,
37701,3.06455,
37702,2.91906,
37703,2.70316,
37704,2.99416,
37705,2.83368,
37706,2.86063,
37707,3.04835,
37708,2.93543,
37709,3.01445,
37710,2.92374,
37711,2.89421,
37712,2.84526,
37713,2.93055,
37714,3.05651,
37715,2.98035,
37716,2.95125,
37717,2.90382,
37718,2.79468,
37719,3.12501,
37720,2.81225,
37721,2.8477,
37722,2.96688,
37723,2.99062,
37724,2.86715,
37725,3.24699,
37726,3.10159,
37727,3.12543,
37728,2.93395,
37729,3.10705,
37730,3.0343,
37731,2.95474,
37732,3.03789,
37733,2.94921,
37734,2.96116,
37735,2.97053,
37736,3.00043,
37737,2.92332,
37738,2.79984,
37739,2.94675,
37740,2.88926,
37741,2.87593,
37742,2.63659,
37743,2.74097,
37744,2.61462,
37745,2.8297,
37746,2.93457,
37747,2.67188,
37748,2.76398,
37749,2.74778,
37750,2.90504,
37751,2.78661,
37752,2.85296,
37753,2.71788,
37754,2.88576,
37755,3.00426,
37756,3.00583,
37757,2.95667,
37758,3.04295,
37759,2.96433,
37760,3.09128,
37761,3.04243,
37762,3.04894,
37763,3.09497,
37764,2.95048,
37765,2.91206,
37766,2.70818,
37767,2.9591,
37768,2.91102,
37769,3.00021,
37770,2.92176,
37771,2.81208,
37772,2.92243,
37773,2.81778,
37774,2.89602,
37775,3.00372,
37776,3.1122,
37777,2.85752,
37778,2.83555,
37779,2.83222,
37780,3.0474,
37781,3.03736,
37782,3.08125,
37783,2.8944,
37784,3.11889,
37785,2.93242,
37786,3.03263,
37787,3.20564,
37788,2.96951,
37789,2.86914,
37790,2.80073,
37791,3.0741,
37792,3.10116,
37793,2.98918,
37794,3.0072,
37795,2.98929,
37796,3.17676,
37797,3.07699,
37798,3.28596,
37799,2.88521,
37800,2.96875,
37801,2.75029,
37802,2.89493,
37803,2.92827,
37804,2.88535,
37805,2.87225,
37806,3.10682,
37807,3.01208,
37808,2.90598,
37809,2.73203,
37810,2.85666,
37811,2.93758,
37812,2.91791,
37813,2.88691,
37814,3.13619,
37815,3.10075,
37816,3.11326,
37817,2.97665,
37818,2.90397,
37819,3.04122,
37820,2.81739,
37821,3.14859,
37822,3.15369,
37823,3.08586,
37824,3.12182,
37825,3.30371,
37826,3.4334,
37827,3.02495,
37828,3.07236,
37829,3.06743,
37830,3.1657,
37831,3.3823,
37832,3.07644,
37833,2.99755,
37834,3.01597,
37835,2.94495,
37836,3.01685,
37837,3.0071,
37838,3.02324,
37839,2.93153,
37840,2.83868,
37841,3.03974,
37842,3.38929,
37843,3.39775,
37844,3.33731,
37845,3.32817,
37846,3.33795,
37847,3.38192,
37848,3.3118,
37849,3.30526,
37850,3.32344,
37851,3.32088,
37852,3.30446,
37853,3.33932,
37854,3.33583,
37855,3.24113,
37856,3.30436,
37857,3.3595,
37858,3.28588,
37859,3.2461,
37860,3.19145,
37861,2.99996,
37862,3.20851,
37863,3.0123,
37864,2.99747,
37865,2.99878,
37866,3.01847,
37867,2.91002,
37868,3.07356,
37869,2.90929,
37870,2.9802,
37871,2.98223,
37872,2.80253,
37873,2.7302,
37874,3.02778,
37875,3.20724,
37876,3.09222,
37877,2.79065,
37878,2.9801,
37879,3.01632,
37880,2.91279,
37881,2.9768,
37882,3.0569,
37883,2.84549,
37884,2.99914,
37885,2.84795,
37886,2.81486,
37887,3.09126,
37888,2.9829,
37889,2.96704,
37890,2.95759,
37891,2.87754,
37892,2.86177,
37893,2.78897,
37894,2.82944,
37895,3.01855,
37896,2.89962,
37897,2.86901,
37898,3.00103,
37899,2.93258,
37900,2.89746,
37901,2.92661,
37902,2.74931,
37903,2.75606,
37904,2.98731,
37905,2.68496,
37906,2.80322,
37907,2.81775,
37908,2.90744,
37909,2.78976,
37910,2.82135,
37911,2.89219,
37912,2.80073,
37913,2.83055,
37914,2.87064,
37915,2.91813,
37916,2.93852,
37917,2.93742,
37918,2.80719,
37919,3.0371,
37920,2.75125,
37921,2.92153,
37922,2.88639,
37923,2.87058,
37924,3.13146,
37925,2.85578,
37926,2.78726,
37927,2.98829,
37928,2.85203,
37929,2.73112,
37930,2.85222,
37931,3.07512,
37932,2.62292,
37933,2.72127,
37934,2.94042,
37935,2.71511,
37936,2.88434,
37937,2.85051,
37938,2.75725,
37939,2.71111,
37940,3.0329,
37941,2.93229,
37942,2.98056,
37943,2.87671,
37944,3.14112,
37945,3.00696,
37946,3.09588,
37947,2.98118,
37948,2.90228,
37949,3.02671,
37950,2.96041,
37951,2.98659,
37952,2.95724,
37953,2.95984,
37954,2.98043,
37955,2.69825,
37956,2.91398,
37957,2.95486,
37958,3.01538,
37959,2.98559,
37960,2.62864,
37961,2.86289,
37962,2.96601,
37963,2.82913,
37964,2.57626,
37965,2.749,
37966,2.81712,
37967,2.80524,
37968,2.83598,
37969,2.61591,
37970,2.67007,
37971,2.67969,
37972,2.81773,
37973,2.89419,
37974,3.26423,
37975,3.19792,
37976,3.04261,
37977,2.96144,
37978,3.10636,
37979,3.17771,
37980,2.89659,
37981,3.07251,
37982,2.93159,
37983,2.95943,
37984,2.87988,
37985,3.18571,
37986,2.99462,
37987,2.96531,
37988,3.071,
37989,3.07633,
37990,2.93624,
37991,3.0788,
37992,2.84904,
37993,3.07755,
37994,3.04876,
37995,2.92915,
37996,2.89573,
37997,2.95397,
37998,2.80841,
37999,3.03964,
38000,3.0681,
38001,2.91238,
38002,3.00086,
38003,2.92703,
38004,2.98147,
38005,3.1321,
38006,3.06259,
38007,2.9281,
38008,2.96181,
38009,3.01748,
38010,2.80537,
38011,2.93731,
38012,2.98817,
38013,3.10111,
38014,2.85306,
38015,2.93545,
38016,2.84797,
38017,3.00292,
38018,3.01072,
38019,3.0291,
38020,2.74773,
38021,2.97276,
38022,2.90984,
38023,2.82219,
38024,2.9651,
38025,3.04561,
38026,2.96488,
38027,2.8037,
38028,2.87256,
38029,2.98944,
38030,2.90609,
38031,2.85811,
38032,2.74862,
38033,2.8258,
38034,2.8057,
38035,2.89225,
38036,2.64082,
38037,2.66511,
38038,2.76266,
38039,2.83097,
38040,2.85974,
38041,2.76913,
38042,2.58652,
38043,2.80712,
38044,2.69768,
38045,2.80628,
38046,2.6969,
38047,2.7635,
38048,2.92829,
38049,2.88175,
38050,2.91105,
38051,2.64446,
38052,2.8073,
38053,2.70946,
38054,2.79198,
38055,2.97125,
38056,2.6337,
38057,2.75725,
38058,2.6534,
38059,2.60993,
38060,2.80334,
38061,2.82393,
38062,2.79349,
38063,2.73363,
38064,2.93094,
38065,2.7684,
38066,2.80958,
38067,2.99614,
38068,3.00363,
38069,2.95045,
38070,2.98652,
38071,3.271,
38072,2.99428,
38073,2.86024,
38074,3.10259,
38075,2.935,
38076,3.01846,
38077,3.10593,
38078,2.96958,
38079,2.98947,
38080,2.99743,
38081,2.80081,
38082,3.00867,
38083,2.96887,
38084,2.82545,
38085,2.9509,
38086,2.92607,
38087,2.71827,
38088,2.9003,
38089,2.90832,
38090,2.782,
38091,2.84863,
38092,2.91997,
38093,3.07348,
38094,2.85658,
38095,2.94561,
38096,2.85905,
38097,3.16868,
38098,3.21021,
38099,3.2359,
38100,3.21785,
38101,3.27332,
38102,3.21052,
38103,3.15258,
38104,3.26587,
38105,3.11941,
38106,3.19836,
38107,3.24639,
38108,3.22998,
38109,3.06672,
38110,3.25064,
38111,3.20032,
38112,3.20031,
38113,3.29359,
38114,3.17955,
38115,3.20941,
38116,3.16952,
38117,3.18751,
38118,3.00763,
38119,3.17423,
38120,2.62289,
38121,2.7586,
38122,2.68042,
38123,2.51623,
38124,2.62504,
38125,2.56794,
38126,2.89693,
38127,2.45485,
38128,2.67533,
38129,2.63042,
38130,2.7326,
38131,2.72516,
38132,2.5203,
38133,2.59048,
38134,2.79493,
38135,2.91923,
38136,2.87191,
38137,2.59857,
38138,2.56036,
38139,3.09556,
38140,3.17938,
38141,3.07955,
38142,3.09078,
38143,3.06783,
38144,3.06304,
38145,2.99439,
38146,2.82381,
38147,2.94673,
38148,3.04394,
38149,2.92274,
38150,3.00897,
38151,3.12088,
38152,3.13331,
38153,3.03403,
38154,2.94181,
38155,2.76955,
38156,2.99562,
38157,2.91543,
38158,2.93447,
38159,2.70695,
38160,2.72722,
38161,2.71143,
38162,2.88637,
38163,2.91669,
38164,2.83972,
38165,2.92433,
38166,2.88556,
38167,2.95481,
38168,2.89144,
38169,3.04008,
38170,2.91463,
38171,2.81678,
38172,2.95409,
38173,2.75888,
38174,2.76131,
38175,2.76613,
38176,2.92705,
38177,3.07296,
38178,2.96152,
38179,2.77002,
38180,2.74093,
38181,2.62587,
38182,2.56015,
38183,2.60643,
38184,2.61457,
38185,2.8934,
38186,2.56839,
38187,2.64386,
38188,2.70614,
38189,2.90762,
38190,2.85443,
38191,3.00676,
38192,2.69829,
38193,3.10665,
38194,2.86165,
38195,3.15132,
38196,3.2244,
38197,3.02451,
38198,3.14959,
38199,2.99615,
38200,2.91826,
38201,3.01297,
38202,3.02844,
38203,2.88401,
38204,2.75821,
38205,2.76777,
38206,2.88083,
38207,2.84358,
38208,2.93704,
38209,2.98466,
38210,2.82728,
38211,2.99337,
38212,2.76038,
38213,2.99773,
38214,2.95281,
38215,2.74941,
38216,2.71215,
38217,2.95159,
38218,2.65315,
38219,2.74092,
38220,2.69376,
38221,2.57458,
38222,2.60163,
38223,2.68447,
38224,3.08066,
38225,3.0711,
38226,3.22363,
38227,3.20971,
38228,3.21117,
38229,3.11931,
38230,2.86453,
38231,2.97187,
38232,2.91932,
38233,3.06857,
38234,3.29667,
38235,3.03106,
38236,3.068,
38237,2.92289,
38238,2.87963,
38239,3.20211,
38240,3.16509,
38241,3.2042,
38242,3.07365,
38243,3.26616,
38244,2.93675,
38245,3.00721,
38246,2.97248,
38247,3.02385,
38248,2.81997,
38249,2.88837,
38250,2.79212,
38251,2.77719,
38252,3.06343,
38253,2.74021,
38254,2.78754,
38255,2.93233,
38256,2.93104,
38257,2.98194,
38258,2.85823,
38259,2.89685,
38260,2.79735,
38261,2.78424,
38262,2.72106,
38263,2.74367,
38264,2.87972,
38265,2.62742,
38266,2.71771,
38267,2.93783,
38268,2.82047,
38269,3.17295,
38270,3.23746,
38271,3.1704,
38272,3.28475,
38273,3.15522,
38274,3.14131,
38275,2.95898,
38276,3.03937,
38277,2.8483,
38278,2.89678,
38279,2.82685,
38280,2.86215,
38281,3.12899,
38282,3.12047,
38283,2.99952,
38284,3.14276,
38285,3.11698,
38286,2.88493,
38287,2.88322,
38288,2.95785,
38289,2.78921,
38290,2.95196,
38291,3.06484,
38292,3.04291,
38293,3.1258,
38294,3.2229,
38295,3.22338,
38296,2.72236,
38297,2.87419,
38298,3.0946,
38299,3.0843,
38300,3.01784,
38301,3.03579,
38302,3.13903,
38303,3.07383,
38304,3.1704,
38305,2.99253,
38306,2.93926,
38307,3.1083,
38308,2.78418,
38309,3.02129,
38310,3.0331,
38311,2.98829,
38312,2.96092,
38313,2.98472,
38314,3.21421,
38315,3.05914,
38316,3.10473,
38317,2.99125,
38318,3.18784,
38319,3.08989,
38320,3.06433,
38321,2.94095,
38322,3.02722,
38323,2.96854,
38324,2.85696,
38325,2.93558,
38326,2.85424,
38327,2.97032,
38328,2.9565,
38329,3.043,
38330,2.75295,
38331,2.93896,
38332,3.04202,
38333,2.95455,
38334,2.80465,
38335,2.80276,
38336,3.07504,
38337,2.8291,
38338,3.00421,
38339,2.18575,
38340,3.07113,
38341,2.9822,
38342,3.16652,
38343,3.23065,
38344,3.46834,
38345,3.08415,
38346,3.20708,
38347,3.03327,
38348,3.15356,
38349,3.10757,
38350,3.15345,
38351,3.12626,
38352,2.94204,
38353,2.98427,
38354,3.03028,
38355,3.21106,
38356,2.96446,
38357,3.08389,
38358,3.16385,
38359,3.04395,
38360,3.04435,
38361,2.95871,
38362,2.97687,
38363,3.07232,
38364,3.05177,
38365,3.06641,
38366,3.07532,
38367,2.90773,
38368,3.18077,
38369,3.18921,
38370,2.92407,
38371,3.01957,
38372,2.86594,
38373,2.80425,
38374,2.78594,
38375,2.66262,
38376,2.9895,
38377,2.85561,
38378,2.80223,
38379,2.89791,
38380,3.01836,
38381,2.88285,
38382,2.83123,
38383,2.87175,
38384,2.82343,
38385,2.97536,
38386,2.81669,
38387,2.92242,
38388,3.04327,
38389,2.8952,
38390,3.01537,
38391,2.94206,
38392,2.8837,
38393,2.91095,
38394,2.86702,
38395,3.10542,
38396,2.96611,
38397,2.94619,
38398,2.95291,
38399,3.03752,
38400,2.86772,
38401,2.70414,
38402,2.87164,
38403,2.82043,
38404,2.97258,
38405,2.92539,
38406,2.68126,
38407,2.97677,
38408,3.08943,
38409,2.99335,
38410,2.88518,
38411,2.80909,
38412,3.07855,
38413,2.86736,
38414,2.61242,
38415,2.93234,
38416,2.88466,
38417,3.10138,
38418,2.80976,
38419,2.80222,
38420,2.91984,
38421,2.88611,
38422,2.79664,
38423,2.86499,
38424,2.87107,
38425,2.99418,
38426,3.00769,
38427,2.98901,
38428,2.76981,
38429,2.915,
38430,2.8473,
38431,3.02165,
38432,3.03978,
38433,2.97657,
38434,3.00723,
38435,3.15066,
38436,2.89327,
38437,3.0091,
38438,2.98063,
38439,2.80107,
38440,3.04467,
38441,2.99471,
38442,3.14486,
38443,2.96349,
38444,2.72597,
38445,2.78492,
38446,2.94778,
38447,2.78945,
38448,2.85643,
38449,2.705,
38450,2.8454,
38451,3.06914,
38452,3.06795,
38453,2.92495,
38454,3.07424,
38455,2.94022,
38456,3.01479,
38457,2.95825,
38458,3.08577,
38459,3.06517,
38460,3.08292,
38461,3.02967,
38462,3.03137,
38463,3.0163,
38464,2.90527,
38465,3.06567,
38466,2.72376,
38467,2.84151,
38468,3.04311,
38469,2.91845,
38470,2.98241,
38471,2.79353,
38472,2.90367,
38473,3.02399,
38474,2.79244,
38475,2.88085,
38476,2.82317,
38477,2.76041,
38478,2.85166,
38479,2.68784,
38480,2.78249,
38481,2.80793,
38482,2.91648,
38483,2.82768,
38484,2.95026,
38485,2.99854,
38486,2.95665,
38487,2.79642,
38488,2.88935,
38489,2.82187,
38490,2.84328,
38491,2.7464,
38492,3.02859,
38493,2.91552,
38494,2.97093,
38495,3.03374,
38496,2.96756,
38497,2.84399,
38498,2.9815,
38499,2.93831,
38500,2.99947,
38501,2.99337,
38502,3.12907,
38503,3.19252,
38504,3.09895,
38505,2.99316,
38506,2.96481,
38507,2.88915,
38508,2.90008,
38509,2.79457,
38510,2.86158,
38511,2.75358,
38512,2.94037,
38513,2.8233,
38514,3.03822,
38515,2.87079,
38516,2.9778,
38517,3.09521,
38518,3.06252,
38519,3.17788,
38520,2.89751,
38521,2.77237,
38522,3.02598,
38523,2.74764,
38524,3.02716,
38525,2.94535,
38526,3.08001,
38527,3.14713,
38528,3.11883,
38529,2.9221,
38530,3.12003,
38531,3.03086,
38532,3.00419,
38533,3.00636,
38534,3.12266,
38535,2.85506,
38536,3.10589,
38537,2.71971,
38538,3.07728,
38539,3.07186,
38540,3.24339,
38541,2.96995,
38542,3.07306,
38543,3.12515,
38544,2.89847,
38545,3.09783,
38546,2.7653,
38547,2.91035,
38548,2.93613,
38549,3.16883,
38550,3.12092,
38551,2.7584,
38552,2.96549,
38553,2.89479,
38554,3.05677,
38555,2.99922,
38556,3.19562,
38557,3.01542,
38558,2.93119,
38559,3.02995,
38560,3.07491,
38561,2.91658,
38562,2.87771,
38563,2.83508,
38564,3.01845,
38565,3.1516,
38566,3.12502,
38567,3.078,
38568,2.98712,
38569,2.9916,
38570,2.82081,
38571,3.11258,
38572,2.95189,
38573,3.06555,
38574,3.01617,
38575,3.03029,
38576,3.01137,
38577,3.09943,
38578,3.05291,
38579,2.92311,
38580,3.00767,
38581,3.11783,
38582,2.83017,
38583,3.18616,
38584,3.04222,
38585,2.9566,
38586,2.87507,
38587,3.0418,
38588,3.05859,
38589,2.91438,
38590,2.83874,
38591,3.06401,
38592,2.85804,
38593,2.86465,
38594,2.97864,
38595,2.88048,
38596,2.87486,
38597,3.05229,
38598,3.06966,
38599,2.91637,
38600,2.887,
38601,2.85602,
38602,3.02965,
38603,3.09509,
38604,2.71445,
38605,2.93277,
38606,2.92703,
38607,3.02994,
38608,3.0702,
38609,3.08921,
38610,2.86625,
38611,2.93882,
38612,2.99243,
38613,2.67845,
38614,2.78384,
38615,3.16557,
38616,2.9198,
38617,2.98117,
38618,2.78875,
38619,2.78676,
38620,2.99541,
38621,2.89421,
38622,2.80123,
38623,3.09336,
38624,2.98208,
38625,2.76796,
38626,2.88991,
38627,2.82345,
38628,2.90412,
38629,2.80663,
38630,2.83585,
38631,2.96744,
38632,2.93013,
38633,3.10057,
38634,3.12368,
38635,3.01611,
38636,3.14398,
38637,2.87899,
38638,2.97144,
38639,3.11725,
38640,3.01431,
38641,3.13852,
38642,3.23592,
38643,3.32366,
38644,4.12749,
38645,3.01775,
38646,3.00715,
38647,3.0358,
38648,3.04171,
38649,2.93395,
38650,3.05289,
38651,2.97911,
38652,3.00929,
38653,2.93701,
38654,3.54371,
38655,3.03776,
38656,3.02221,
38657,2.6867,
38658,2.84259,
38659,3.09098,
38660,3.04216,
38661,3.16662,
38662,3.25124,
38663,3.07595,
38664,3.03252,
38665,3.03609,
38666,2.98351,
38667,3.15309,
38668,2.92731,
38669,2.96652,
38670,3.1018,
38671,3.1183,
38672,2.98982,
38673,2.89143,
38674,2.85594,
38675,2.88314,
38676,2.94443,
38677,2.85543,
38678,2.67284,
38679,3.08103,
38680,2.95158,
38681,2.79386,
38682,2.82734,
38683,2.91733,
38684,3.00007,
38685,2.97737,
38686,2.97319,
38687,3.00409,
38688,2.70926,
38689,2.88282,
38690,2.64432,
38691,2.99315,
38692,2.88033,
38693,2.89901,
38694,2.90901,
38695,2.92105,
38696,2.89955,
38697,2.8819,
38698,2.78812,
38699,2.74379,
38700,2.9019,
38701,2.89351,
38702,2.60256,
38703,2.71145,
38704,2.72473,
38705,2.9055,
38706,2.90273,
38707,2.85919,
38708,2.87357,
38709,2.93152,
38710,2.98033,
38711,2.71507,
38712,3.04339,
38713,2.90677,
38714,2.91673,
38715,2.88038,
38716,3.03448,
38717,3.13668,
38718,3.0341,
38719,2.88777,
38720,2.85425,
38721,3.18627,
38722,2.99301,
38723,3.0261,
38724,2.95517,
38725,2.79962,
38726,2.84434,
38727,3.00624,
38728,2.59614,
38729,2.67095,
38730,2.49756,
38731,2.74744,
38732,2.88334,
38733,3.01634,
38734,2.98894,
38735,2.99504,
38736,2.88849,
38737,2.75016,
38738,2.82965,
38739,2.95342,
38740,3.07389,
38741,2.87224,
38742,2.82516,
38743,2.46382,
38744,2.52817,
38745,3.03323,
38746,2.69548,
38747,2.90107,
38748,2.64904,
38749,2.82486,
38750,2.66019,
38751,2.67741,
38752,2.67326,
38753,2.77237,
38754,2.72819,
38755,2.69092,
38756,2.7495,
38757,2.95458,
38758,2.6774,
38759,2.91916,
38760,2.84271,
38761,3.12439,
38762,3.14128,
38763,3.09486,
38764,3.16135,
38765,3.11999,
38766,3.04991,
38767,2.90402,
38768,2.69369,
38769,3.0084,
38770,2.82792,
38771,2.8587,
38772,3.04056,
38773,2.93842,
38774,3.02562,
38775,2.91109,
38776,2.89113,
38777,2.83072,
38778,2.9279,
38779,3.05192,
38780,2.98409,
38781,2.94434,
38782,2.90315,
38783,2.79189,
38784,3.1195,
38785,2.81819,
38786,2.8494,
38787,2.95992,
38788,2.97828,
38789,2.86296,
38790,3.23872,
38791,3.10417,
38792,3.12467,
38793,2.93025,
38794,3.09297,
38795,3.02749,
38796,2.9518,
38797,3.01672,
38798,2.94657,
38799,2.96875,
38800,2.96992,
38801,2.98706,
38802,2.90793,
38803,2.79676,
38804,2.95811,
38805,2.8814,
38806,2.88782,
38807,2.62268,
38808,2.73397,
38809,2.62505,
38810,2.82415,
38811,2.91792,
38812,2.67643,
38813,2.75951,
38814,2.7448,
38815,2.89057,
38816,2.77659,
38817,2.87254,
38818,2.69377,
38819,2.87653,
38820,3.01739,
38821,2.99384,
38822,2.93521,
38823,3.03708,
38824,2.94361,
38825,3.07776,
38826,3.03506,
38827,3.04281,
38828,3.08504,
38829,2.9295,
38830,2.91593,
38831,2.69637,
38832,2.96928,
38833,2.90994,
38834,2.99696,
38835,2.92039,
38836,2.81118,
38837,2.92567,
38838,2.8365,
38839,2.89967,
38840,3.00199,
38841,3.09549,
38842,2.86149,
38843,2.82325,
38844,2.82821,
38845,3.0522,
38846,3.05495,
38847,3.07734,
38848,2.9006,
38849,3.12183,
38850,2.92018,
38851,3.00689,
38852,3.19452,
38853,2.97074,
38854,2.85578,
38855,2.79699,
38856,3.07017,
38857,3.0971,
38858,2.97219,
38859,3.00002,
38860,2.9849,
38861,3.16931,
38862,3.06916,
38863,3.28503,
38864,2.88315,
38865,2.964,
38866,2.74149,
38867,2.89323,
38868,2.92218,
38869,2.88475,
38870,2.87912,
38871,3.11254,
38872,3.00415,
38873,2.89593,
38874,2.7372,
38875,2.85988,
38876,2.91779,
38877,2.9163,
38878,2.89861,
38879,3.11806,
38880,3.10074,
38881,3.12413,
38882,2.97826,
38883,2.8876,
38884,3.02194,
38885,2.80685,
38886,3.14674,
38887,3.15362,
38888,3.07956,
38889,3.11533,
38890,3.29794,
38891,3.42941,
38892,3.009,
38893,3.06927,
38894,3.06353,
38895,3.16184,
38896,3.37382,
38897,3.07625,
38898,3.00459,
38899,3.00562,
38900,2.94602,
38901,3.01813,
38902,3.00797,
38903,3.02169,
38904,2.93444,
38905,2.83992,
38906,3.02267,
38907,3.38357,
38908,3.37966,
38909,3.33789,
38910,3.34394,
38911,3.34082,
38912,3.37083,
38913,3.32234,
38914,3.3159,
38915,3.32097,
38916,3.31946,
38917,3.31588,
38918,3.34967,
38919,3.31704,
38920,3.2336,
38921,3.30452,
38922,3.34762,
38923,3.29602,
38924,3.23312,
38925,3.19546,
38926,3.01076,
38927,3.20409,
38928,3.0118,
38929,2.97679,
38930,2.9977,
38931,3.01258,
38932,2.90573,
38933,3.07555,
38934,2.89647,
38935,2.98533,
38936,2.9997,
38937,2.80649,
38938,2.73202,
38939,3.03324,
38940,3.20983,
38941,3.0759,
38942,2.77768,
38943,2.97036,
38944,3.00295,
38945,2.90323,
38946,2.96609,
38947,3.04449,
38948,2.8469,
38949,2.97123,
38950,2.84334,
38951,2.8092,
38952,3.08184,
38953,2.99334,
38954,2.96595,
38955,2.95581,
38956,2.86851,
38957,2.84914,
38958,2.80088,
38959,2.83147,
38960,3.0049,
38961,2.90232,
38962,2.85199,
38963,3.00293,
38964,2.92795,
38965,2.88505,
38966,2.9137,
38967,2.74259,
38968,2.76187,
38969,2.98209,
38970,2.69606,
38971,2.77993,
38972,2.81732,
38973,2.90715,
38974,2.78387,
38975,2.81168,
38976,2.89311,
38977,2.79064,
38978,2.83611,
38979,2.87663,
38980,2.91965,
38981,2.9339,
38982,2.9327,
38983,2.80258,
38984,3.02532,
38985,2.74957,
38986,2.91204,
38987,2.88503,
38988,2.8855,
38989,3.1241,
38990,2.85125,
38991,2.7964,
38992,2.98932,
38993,2.84489,
38994,2.72481,
38995,2.84949,
38996,3.07654,
38997,2.62565,
38998,2.72665,
38999,2.93394,
39000,2.70518,
39001,2.88361,
39002,2.83772,
39003,2.75769,
39004,2.69472,
39005,3.01385,
39006,2.93069,
39007,2.98871,
39008,2.87586,
39009,3.11869,
39010,3.00432,
39011,3.08893,
39012,2.95659,
39013,2.8953,
39014,3.04006,
39015,2.94723,
39016,2.97892,
39017,2.94202,
39018,2.96347,
39019,2.99131,
39020,2.68372,
39021,2.91037,
39022,2.9573,
39023,3.01285,
39024,2.98373,
39025,2.63651,
39026,2.86433,
39027,2.95745,
39028,2.82958,
39029,2.56552,
39030,2.75333,
39031,2.82345,
39032,2.79621,
39033,2.82748,
39034,2.59651,
39035,2.678,
39036,2.68223,
39037,2.82042,
39038,2.89885,
39039,3.25714,
39040,3.19314,
39041,3.03353,
39042,2.95308,
39043,3.09819,
39044,3.17014,
39045,2.88572,
39046,3.07552,
39047,2.92137,
39048,2.94178,
39049,2.87441,
39050,3.18446,
39051,2.99581,
39052,2.95978,
39053,3.08554,
39054,3.05712,
39055,2.9387,
39056,3.06518,
39057,2.85257,
39058,3.07128,
39059,3.05586,
39060,2.94223,
39061,2.87176,
39062,2.94656,
39063,2.78955,
39064,3.03419,
39065,3.04953,
39066,2.90198,
39067,2.99171,
39068,2.92986,
39069,2.98691,
39070,3.13036,
39071,3.04562,
39072,2.91664,
39073,2.94754,
39074,3.02143,
39075,2.79847,
39076,2.93743,
39077,2.98055,
39078,3.09518,
39079,2.86538,
39080,2.92339,
39081,2.83999,
39082,3.0043,
39083,3.01131,
39084,3.03954,
39085,2.75785,
39086,2.96393,
39087,2.92563,
39088,2.81487,
39089,2.96837,
39090,3.03764,
39091,2.96431,
39092,2.79152,
39093,2.87317,
39094,2.96505,
39095,2.91875,
39096,2.8457,
39097,2.74253,
39098,2.82384,
39099,2.79733,
39100,2.8945,
39101,2.64896,
39102,2.66469,
39103,2.74897,
39104,2.80612,
39105,2.86151,
39106,2.75827,
39107,2.57632,
39108,2.81818,
39109,2.69392,
39110,2.80376,
39111,2.6893,
39112,2.76704,
39113,2.93178,
39114,2.86665,
39115,2.90858,
39116,2.64806,
39117,2.80644,
39118,2.70657,
39119,2.78751,
39120,2.9651,
39121,2.63059,
39122,2.75008,
39123,2.65239,
39124,2.59912,
39125,2.8066,
39126,2.8134,
39127,2.79154,
39128,2.72045,
39129,2.92671,
39130,2.78119,
39131,2.81169,
39132,2.9981,
39133,3.00139,
39134,2.94168,
39135,2.98077,
39136,3.27474,
39137,2.98761,
39138,2.85675,
39139,3.09129,
39140,2.93895,
39141,3.00349,
39142,3.09145,
39143,2.97823,
39144,2.9787,
39145,2.98838,
39146,2.78833,
39147,3.00803,
39148,2.96893,
39149,2.82825,
39150,2.94712,
39151,2.9045,
39152,2.72097,
39153,2.90026,
39154,2.89295,
39155,2.80953,
39156,2.84606,
39157,2.91272,
39158,3.07036,
39159,2.86399,
39160,2.95113,
39161,2.8582,
39162,3.16819,
39163,3.21122,
39164,3.2323,
39165,3.20521,
39166,3.27149,
39167,3.20788,
39168,3.15498,
39169,3.26525,
39170,3.09834,
39171,3.2035,
39172,3.25352,
39173,3.23321,
39174,3.07157,
39175,3.25317,
39176,3.19193,
39177,3.20618,
39178,3.29213,
39179,3.17679,
39180,3.20812,
39181,3.16099,
39182,3.2103,
39183,2.99685,
39184,3.16999,
39185,2.62903,
39186,2.74356,
39187,2.67879,
39188,2.51563,
39189,2.63029,
39190,2.56792,
39191,2.89413,
39192,2.44659,
39193,2.68885,
39194,2.63537,
39195,2.72168,
39196,2.72135,
39197,2.52668,
39198,2.58226,
39199,2.77818,
39200,2.89771,
39201,2.86908,
39202,2.59351,
39203,2.55371,
39204,3.07499,
39205,3.16392,
39206,3.07929,
39207,3.0781,
39208,3.07111,
39209,3.06715,
39210,2.98639,
39211,2.81861,
39212,2.94464,
39213,3.05064,
39214,2.92685,
39215,3.00795,
39216,3.11555,
39217,3.12969,
39218,3.03893,
39219,2.93672,
39220,2.76586,
39221,3.0086,
39222,2.90683,
39223,2.92707,
39224,2.693,
39225,2.71716,
39226,2.68186,
39227,2.87077,
39228,2.90218,
39229,2.84687,
39230,2.91247,
39231,2.8899,
39232,2.93404,
39233,2.88489,
39234,3.03553,
39235,2.91555,
39236,2.81183,
39237,2.93747,
39238,2.76604,
39239,2.78048,
39240,2.75208,
39241,2.92147,
39242,3.06579,
39243,2.95754,
39244,2.77288,
39245,2.72318,
39246,2.62476,
39247,2.5539,
39248,2.60872,
39249,2.6209,
39250,2.88058,
39251,2.57038,
39252,2.66086,
39253,2.71567,
39254,2.91895,
39255,2.85016,
39256,3.00987,
39257,2.70421,
39258,3.10921,
39259,2.87302,
39260,3.14857,
39261,3.21287,
39262,3.02077,
39263,3.13876,
39264,2.99567,
39265,2.90035,
39266,3.0062,
39267,3.02781,
39268,2.87907,
39269,2.76333,
39270,2.76261,
39271,2.86852,
39272,2.82433,
39273,2.92455,
39274,2.99649,
39275,2.82682,
39276,2.98706,
39277,2.74822,
39278,2.99084,
39279,2.95415,
39280,2.75829,
39281,2.71273,
39282,2.95682,
39283,2.65576,
39284,2.74422,
39285,2.70484,
39286,2.57579,
39287,2.61472,
39288,2.68411,
39289,3.06021,
39290,3.06638,
39291,3.22071,
39292,3.20359,
39293,3.19198,
39294,3.1135,
39295,2.85582,
39296,2.9567,
39297,2.91671,
39298,3.05917,
39299,3.28308,
39300,3.02454,
39301,3.06448,
39302,2.9103,
39303,2.87888,
39304,3.20785,
39305,3.16067,
39306,3.19925,
39307,3.05616,
39308,3.26552,
39309,2.932,
39310,2.99997,
39311,2.9636,
39312,3.00054,
39313,2.81635,
39314,2.87973,
39315,2.79001,
39316,2.78243,
39317,3.0452,
39318,2.719,
39319,2.77022,
39320,2.93673,
39321,2.93915,
39322,2.98476,
39323,2.83711,
39324,2.8926,
39325,2.81174,
39326,2.77378,
39327,2.70461,
39328,2.74375,
39329,2.88687,
39330,2.62628,
39331,2.72663,
39332,2.94126,
39333,2.81658,
39334,3.16307,
39335,3.2316,
39336,3.1663,
39337,3.28502,
39338,3.15366,
39339,3.14802,
39340,2.95627,
39341,3.03666,
39342,2.83737,
39343,2.89601,
39344,2.80687,
39345,2.84487,
39346,3.12472,
39347,3.11535,
39348,3.00784,
39349,3.15047,
39350,3.09712,
39351,2.88467,
39352,2.87864,
39353,2.93372,
39354,2.78387,
39355,2.9537,
39356,3.05586,
39357,3.0404,
39358,3.1258,
39359,3.23047,
39360,3.22723,
39361,2.72046,
39362,2.87142,
39363,3.06835,
39364,3.07408,
39365,3.01162,
39366,3.04185,
39367,3.13287,
39368,3.07528,
39369,3.1663,
39370,2.98476,
39371,2.93091,
39372,3.1147,
39373,2.77907,
39374,3.02333,
39375,3.0292,
39376,2.99075,
39377,2.96682,
39378,2.9829,
39379,3.20354,
39380,3.04876,
39381,3.10314,
39382,2.99395,
39383,3.18629,
39384,3.07503,
39385,3.05968,
39386,2.94257,
39387,3.02466,
39388,2.96014,
39389,2.86439,
39390,2.94597,
39391,2.85703,
39392,2.98796,
39393,2.95593,
39394,3.04409,
39395,2.74254,
39396,2.94232,
39397,3.03474,
39398,2.95608,
39399,2.80313,
39400,2.80064,
39401,3.07264,
39402,2.82974,
39403,2.99721,
39404,2.17855,
39405,3.06503,
39406,2.97357,
39407,3.16594,
39408,3.24569,
39409,3.46813,
39410,3.07542,
39411,3.2065,
39412,3.0347,
39413,3.15487,
39414,3.08809,
39415,3.16294,
39416,3.1251,
39417,2.93859,
39418,2.99357,
39419,3.03729,
39420,3.21443,
39421,2.95305,
39422,3.08531,
39423,3.17146,
39424,3.03989,
39425,3.05203,
39426,2.95435,
39427,2.98458,
39428,3.06355,
39429,3.05415,
39430,3.05159,
39431,3.06099,
39432,2.8911,
39433,3.16165,
39434,3.19184,
39435,2.91326,
39436,3.02603,
39437,2.86407,
39438,2.80989,
39439,2.79072,
39440,2.66219,
39441,2.98773,
39442,2.84148,
39443,2.81746,
39444,2.89925,
39445,3.01407,
39446,2.8746,
39447,2.82534,
39448,2.87291,
39449,2.82404,
39450,2.96365,
39451,2.81886,
39452,2.91291,
39453,3.04455,
39454,2.89186,
39455,3.0152,
39456,2.94529,
39457,2.86484,
39458,2.89778,
39459,2.86552,
39460,3.10277,
39461,2.95045,
39462,2.93928,
39463,2.95338,
39464,3.03028,
39465,2.85948,
39466,2.71548,
39467,2.86635,
39468,2.82575,
39469,2.94378,
39470,2.91639,
39471,2.67971,
39472,2.98013,
39473,3.09433,
39474,2.9819,
39475,2.88341,
39476,2.81235,
39477,3.07889,
39478,2.87127,
39479,2.60853,
39480,2.93436,
39481,2.89979,
39482,3.10211,
39483,2.80759,
39484,2.79455,
39485,2.91513,
39486,2.88494,
39487,2.80989,
39488,2.85543,
39489,2.86459,
39490,2.99526,
39491,3.00059,
39492,2.9918,
39493,2.76522,
39494,2.87514,
39495,2.83156,
39496,3.01804,
39497,3.03144,
39498,2.97451,
39499,2.99974,
39500,3.13187,
39501,2.87968,
39502,2.9865,
39503,2.97738,
39504,2.79939,
39505,3.06138,
39506,2.99444,
39507,3.14346,
39508,2.95199,
39509,2.73139,
39510,2.7765,
39511,2.95354,
39512,2.7835,
39513,2.85378,
39514,2.70063,
39515,2.85165,
39516,3.0668,
39517,3.05652,
39518,2.92912,
39519,3.0726,
39520,2.92333,
39521,3.00868,
39522,2.95228,
39523,3.07154,
39524,3.05884,
39525,3.08321,
39526,3.0419,
39527,3.02947,
39528,3.01654,
39529,2.89826,
39530,3.07711,
39531,2.71358,
39532,2.84837,
39533,3.04508,
39534,2.92164,
39535,2.98675,
39536,2.7833,
39537,2.9126,
39538,3.00838,
39539,2.79879,
39540,2.88512,
39541,2.80737,
39542,2.75471,
39543,2.84566,
39544,2.67961,
39545,2.78583,
39546,2.80326,
39547,2.91079,
39548,2.81819,
39549,2.9521,
39550,3.00876,
39551,2.94895,
39552,2.81382,
39553,2.87386,
39554,2.81537,
39555,2.84246,
39556,2.7225,
39557,3.01804,
39558,2.90942,
39559,2.96622,
39560,3.02404,
39561,2.97986,
39562,2.85475,
39563,2.98815,
39564,2.92576,
39565,3.00882,
39566,2.99633,
39567,3.12306,
39568,3.17797,
39569,3.07508,
39570,2.98695,
39571,2.97132,
39572,2.8841,
39573,2.91565,
39574,2.78755,
39575,2.84138,
39576,2.75815,
39577,2.93315,
39578,2.80976,
39579,3.02779,
39580,2.87165,
39581,2.96851,
39582,3.09573,
39583,3.04773,
39584,3.17577,
39585,2.89517,
39586,2.77955,
39587,3.02468,
39588,2.76532,
39589,3.03296,
39590,2.92699,
39591,3.06986,
39592,3.12877,
39593,3.10911,
39594,2.90793,
39595,3.11572,
39596,3.01811,
39597,3.02369,
39598,3.01353,
39599,3.11254,
39600,2.84159,
39601,3.11416,
39602,2.70391,
39603,3.07873,
39604,3.0655,
39605,3.25611,
39606,2.96715,
39607,3.07085,
39608,3.12182,
39609,2.89924,
39610,3.0926,
39611,2.78037,
39612,2.90315,
39613,2.93362,
39614,3.16457,
39615,3.13586,
39616,2.74804,
39617,2.96038,
39618,2.88563,
39619,3.04507,
39620,3.01408,
39621,3.20107,
39622,3.02213,
39623,2.94031,
39624,3.03044,
39625,3.09475,
39626,2.92582,
39627,2.87911,
39628,2.83631,
39629,3.01316,
39630,3.14562,
39631,3.12918,
39632,3.06099,
39633,2.97269,
39634,2.99152,
39635,2.82392,
39636,3.12146,
39637,2.95034,
39638,3.06173,
39639,3.01536,
39640,3.02745,
39641,2.99808,
39642,3.08708,
39643,3.0463,
39644,2.91518,
39645,2.99463,
39646,3.11259,
39647,2.83093,
39648,3.18215,
39649,3.03943,
39650,2.95239,
39651,2.86052,
39652,3.03416,
39653,3.05522,
39654,2.91472,
39655,2.84191,
39656,3.06872,
39657,2.85001,
39658,2.85286,
39659,2.97363,
39660,2.87019,
39661,2.87081,
39662,3.06116,
39663,3.07369,
39664,2.91514,
39665,2.89202,
39666,2.8468,
39667,3.01357,
39668,3.08897,
39669,2.7069,
39670,2.92495,
39671,2.93472,
39672,3.01958,
39673,3.06603,
39674,3.07449,
39675,2.86342,
39676,2.92968,
39677,2.99493,
39678,2.67579,
39679,2.78377,
39680,3.1492,
39681,2.91064,
39682,2.99507,
39683,2.79535,
39684,2.78467,
39685,2.98949,
39686,2.8898,
39687,2.77738,
39688,3.09429,
39689,2.97802,
39690,2.76243,
39691,2.87095,
39692,2.81694,
39693,2.90287,
39694,2.80794,
39695,2.81551,
39696,2.9615,
39697,2.92046,
39698,3.0991,
39699,3.11702,
39700,3.01184,
39701,3.13999,
39702,2.87255,
39703,2.96877,
39704,3.11288,
39705,3.00835,
39706,3.12644,
39707,3.236,
39708,3.31392,
39709,4.13002,
39710,3.01907,
39711,3.00318,
39712,3.03051,
39713,3.03927,
39714,2.94062,
39715,3.04698,
39716,2.9837,
39717,3.00248,
39718,2.9519,
39719,3.53989,
39720,3.02801,
39721,3.01173,
39722,2.69826,
39723,2.84286,
39724,3.08072,
39725,3.04288,
39726,3.17339,
39727,3.23676,
39728,3.08085,
39729,3.03172,
39730,3.03898,
39731,2.95983,
39732,3.15555,
39733,2.91936,
39734,2.96953,
39735,3.0974,
39736,3.11634,
39737,2.98193,
39738,2.88584,
39739,2.8427,
39740,2.8739,
39741,2.94619,
39742,2.85148,
39743,2.65944,
39744,3.08315,
39745,2.925,
39746,2.79289,
39747,2.83479,
39748,2.89179,
39749,3.00215,
39750,2.97348,
39751,2.96606,
39752,3.00819,
39753,2.71631,
39754,2.88086,
39755,2.64547,
39756,2.98997,
39757,2.87527,
39758,2.88386,
39759,2.9198,
39760,2.90965,
39761,2.89081,
39762,2.874,
39763,2.76647,
39764,2.73807,
39765,2.9054,
39766,2.89519,
39767,2.59013,
39768,2.70641,
39769,2.72803,
39770,2.89911,
39771,2.90745,
39772,2.85468,
39773,2.86495,
39774,2.91084,
39775,2.97207,
39776,2.71678,
39777,3.05536,
39778,2.90855,
39779,2.91022,
39780,2.891,
39781,3.02542,
39782,3.12245,
39783,3.03628,
39784,2.89051,
39785,2.85071,
39786,3.17877,
39787,2.98405,
39788,3.02876,
39789,2.94087,
39790,2.80895,
39791,2.84267,
39792,2.99555,
39793,2.60228,
39794,2.67941,
39795,2.49556,
39796,2.75652,
39797,2.88063,
39798,2.99842,
39799,2.98656,
39800,2.98871,
39801,2.88232,
39802,2.74172,
39803,2.82142,
39804,2.94035,
39805,3.08064,
39806,2.8863,
39807,2.83516,
39808,2.45214,
39809,2.51484,
39810,3.03406,
39811,2.70814,
39812,2.88338,
39813,2.65003,
39814,2.81989,
39815,2.65639,
39816,2.68826,
39817,2.68112,
39818,2.76371,
39819,2.71703,
39820,2.69432,
39821,2.76368,
39822,2.96196,
39823,2.6731,
39824,2.91774,
39825,2.84721,
39826,3.10988,
39827,3.11088,
39828,3.08986,
39829,3.13699,
39830,3.11355,
39831,3.0429,
39832,2.89816,
39833,2.68271,
39834,2.98795,
39835,2.83143,
39836,2.8548,
39837,3.0449,
39838,2.92829,
39839,3.00611,
39840,2.91839,
39841,2.8931,
39842,2.83432,
39843,2.93701,
39844,3.04531,
39845,2.98775,
39846,2.93955,
39847,2.89162,
39848,2.80467,
39849,3.12067,
39850,2.80645,
39851,2.83392,
39852,2.94996,
39853,2.97583,
39854,2.86034,
39855,3.23763,
39856,3.10729,
39857,3.09807,
39858,2.91832,
39859,3.09983,
39860,3.02277,
39861,2.94442,
39862,3.01374,
39863,2.95061,
39864,2.96117,
39865,2.96193,
39866,3.00024,
39867,2.91307,
39868,2.79174,
39869,2.94797,
39870,2.88267,
39871,2.87875,
39872,2.63548,
39873,2.73495,
39874,2.61381,
39875,2.81267,
39876,2.92941,
39877,2.66747,
39878,2.7577,
39879,2.74309,
39880,2.90582,
39881,2.7847,
39882,2.85068,
39883,2.69275,
39884,2.86324,
39885,2.98667,
39886,2.98741,
39887,2.92036,
39888,3.03373,
39889,2.954,
39890,3.07062,
39891,3.04558,
39892,3.03877,
39893,3.08782,
39894,2.92712,
39895,2.9029,
39896,2.69052,
39897,2.94536,
39898,2.91199,
39899,2.98238,
39900,2.92416,
39901,2.79794,
39902,2.92264,
39903,2.81202,
39904,2.89789,
39905,3.0018,
39906,3.09726,
39907,2.85266,
39908,2.82632,
39909,2.81767,
39910,3.03759,
39911,3.03833,
39912,3.07775,
39913,2.90311,
39914,3.10473,
39915,2.91729,
39916,3.00295,
39917,3.19107,
39918,2.96903,
39919,2.85029,
39920,2.78297,
39921,3.0592,
39922,3.09655,
39923,2.97986,
39924,2.99791,
39925,2.99296,
39926,3.16319,
39927,3.06986,
39928,3.27757,
39929,2.89279,
39930,2.9632,
39931,2.74525,
39932,2.90056,
39933,2.93695,
39934,2.88323,
39935,2.88083,
39936,3.10999,
39937,3.00964,
39938,2.90569,
39939,2.73709,
39940,2.85684,
39941,2.92173,
39942,2.91279,
39943,2.88483,
39944,3.12428,
39945,3.09741,
39946,3.11075,
39947,2.99226,
39948,2.88095,
39949,3.01601,
39950,2.81087,
39951,3.13341,
39952,3.13661,
39953,3.08482,
39954,3.11424,
39955,3.29681,
39956,3.43527,
39957,3.01002,
39958,3.06649,
39959,3.06866,
39960,3.15747,
39961,3.3677,
39962,3.08497,
39963,2.99189,
39964,3.00921,
39965,2.95736,
39966,3.01498,
39967,3.01242,
39968,3.02961,
39969,2.93076,
39970,2.83679,
39971,3.02664,
39972,3.39396,
39973,3.37895,
39974,3.31846,
39975,3.32083,
39976,3.33919,
39977,3.36157,
39978,3.31766,
39979,3.29097,
39980,3.31558,
39981,3.32052,
39982,3.29671,
39983,3.3412,
39984,3.31761,
39985,3.24003,
39986,3.30606,
39987,3.35299,
39988,3.30868,
39989,3.23402,
39990,3.18349,
39991,2.99854,
39992,3.19964,
39993,2.99218,
39994,2.97271,
39995,3.0036,
39996,3.02266,
39997,2.90845,
39998,3.06536,
39999,2.88644,
40000,2.97522,
40001,2.9852,
40002,2.79512,
40003,2.72965,
40004,3.04064,
40005,3.21337,
40006,3.08555,
40007,2.78205,
40008,2.96438,
40009,2.9934,
40010,2.92433,
40011,2.96385,
40012,3.05165,
40013,2.85355,
40014,2.96608,
40015,2.84221,
40016,2.8044,
40017,3.07602,
40018,2.98225,
40019,2.96367,
40020,2.95643,
40021,2.86471,
40022,2.83924,
40023,2.78853,
40024,2.83035,
40025,3.00237,
40026,2.88104,
40027,2.83811,
40028,2.99456,
40029,2.92439,
40030,2.88024,
40031,2.91356,
40032,2.74792,
40033,2.76151,
40034,2.97496,
40035,2.68665,
40036,2.78679,
40037,2.82596,
40038,2.90547,
40039,2.78097,
40040,2.80649,
40041,2.89268,
40042,2.7815,
40043,2.81399,
40044,2.86207,
40045,2.92548,
40046,2.92802,
40047,2.94277,
40048,2.81589,
40049,3.02907,
40050,2.74734,
40051,2.91549,
40052,2.88815,
40053,2.87873,
40054,3.12732,
40055,2.85179,
40056,2.80276,
40057,2.98824,
40058,2.8376,
40059,2.72829,
40060,2.85818,
40061,3.06538,
40062,2.63091,
40063,2.72463,
40064,2.93487,
40065,2.70856,
40066,2.88603,
40067,2.85971,
40068,2.75859,
40069,2.68955,
40070,3.02358,
40071,2.93683,
40072,2.97081,
40073,2.89354,
40074,3.11249,
40075,2.99773,
40076,3.10118,
40077,2.95658,
40078,2.88859,
40079,3.02424,
40080,2.95494,
40081,2.98119,
40082,2.94545,
40083,2.95679,
40084,2.98256,
40085,2.69673,
40086,2.90143,
40087,2.95887,
40088,3.02062,
40089,2.97571,
40090,2.62988,
40091,2.86738,
40092,2.96578,
40093,2.83659,
40094,2.57674,
40095,2.7444,
40096,2.81065,
40097,2.79369,
40098,2.82941,
40099,2.59039,
40100,2.6725,
40101,2.68202,
40102,2.82396,
40103,2.89328,
40104,3.23678,
40105,3.18811,
40106,3.03046,
40107,2.95962,
40108,3.08833,
40109,3.1643,
40110,2.88151,
40111,3.05893,
40112,2.92059,
40113,2.94324,
40114,2.85332,
40115,3.1845,
40116,2.995,
40117,2.96885,
40118,3.06256,
40119,3.05329,
40120,2.93262,
40121,3.06281,
40122,2.85042,
40123,3.06005,
40124,3.05102,
40125,2.93252,
40126,2.8703,
40127,2.94237,
40128,2.78929,
40129,3.03566,
40130,3.05412,
40131,2.90407,
40132,2.98176,
40133,2.91908,
40134,2.97928,
40135,3.12702,
40136,3.05221,
40137,2.91779,
40138,2.94599,
40139,3.01849,
40140,2.79974,
40141,2.92673,
40142,2.97487,
40143,3.08342,
40144,2.85657,
40145,2.90914,
40146,2.83588,
40147,3.0134,
40148,3.01836,
40149,3.02631,
40150,2.74237,
40151,2.97499,
40152,2.90997,
40153,2.80862,
40154,2.95206,
40155,3.0385,
40156,2.95961,
40157,2.77258,
40158,2.85888,
40159,2.95608,
40160,2.90776,
40161,2.85089,
40162,2.73515,
40163,2.82422,
40164,2.79665,
40165,2.88341,
40166,2.62908,
40167,2.6629,
40168,2.74788,
40169,2.80561,
40170,2.85929,
40171,2.75374,
40172,2.5772,
40173,2.7962,
40174,2.68966,
40175,2.79771,
40176,2.68653,
40177,2.76279,
40178,2.92661,
40179,2.85794,
40180,2.90439,
40181,2.63787,
40182,2.80595,
40183,2.7262,
40184,2.78891,
40185,2.97702,
40186,2.64282,
40187,2.74596,
40188,2.64371,
40189,2.60542,
40190,2.80349,
40191,2.80499,
40192,2.79157,
40193,2.7274,
40194,2.92786,
40195,2.78075,
40196,2.79199,
40197,3.00008,
40198,3.00669,
40199,2.95318,
40200,2.97217,
40201,3.28437,
40202,2.97732,
40203,2.86186,
40204,3.08566,
40205,2.93259,
40206,3.00637,
40207,3.08399,
40208,2.97384,
40209,2.9729,
40210,2.97845,
40211,2.8006,
40212,3.00408,
40213,2.96607,
40214,2.81885,
40215,2.96488,
40216,2.90671,
40217,2.71176,
40218,2.88547,
40219,2.90223,
40220,2.79253,
40221,2.85244,
40222,2.9226,
40223,3.05937,
40224,2.8595,
40225,2.93934,
40226,2.8555,
40227,3.16195,
40228,3.20206,
40229,3.23086,
40230,3.20303,
40231,3.27036,
40232,3.20013,
40233,3.1448,
40234,3.25616,
40235,3.10018,
40236,3.19089,
40237,3.24987,
40238,3.23146,
40239,3.07659,
40240,3.25326,
40241,3.19495,
40242,3.18965,
40243,3.28687,
40244,3.18666,
40245,3.20429,
40246,3.17195,
40247,3.18155,
40248,2.99777,
40249,3.17594,
40250,2.61101,
40251,2.74109,
40252,2.66694,
40253,2.50366,
40254,2.61597,
40255,2.56434,
40256,2.89807,
40257,2.45029,
40258,2.68144,
40259,2.6101,
40260,2.72222,
40261,2.71622,
40262,2.51594,
40263,2.57567,
40264,2.77447,
40265,2.89098,
40266,2.86625,
40267,2.60025,
40268,2.55287,
40269,3.08116,
40270,3.16463,
40271,3.05639,
40272,3.08872,
40273,3.06386,
40274,3.04785,
40275,2.98064,
40276,2.80455,
40277,2.92696,
40278,3.04304,
40279,2.93244,
40280,3.0079,
40281,3.11866,
40282,3.1353,
40283,3.04092,
40284,2.93088,
40285,2.75794,
40286,2.99015,
40287,2.90849,
40288,2.92284,
40289,2.70844,
40290,2.71353,
40291,2.68437,
40292,2.88115,
40293,2.91265,
40294,2.85421,
40295,2.90992,
40296,2.87056,
40297,2.92594,
40298,2.91071,
40299,3.02524,
40300,2.91225,
40301,2.80279,
40302,2.93858,
40303,2.7511,
40304,2.75746,
40305,2.74122,
40306,2.92502,
40307,3.06359,
40308,2.94898,
40309,2.76727,
40310,2.73379,
40311,2.63811,
40312,2.56265,
40313,2.63202,
40314,2.62907,
40315,2.87701,
40316,2.57602,
40317,2.65537,
40318,2.72674,
40319,2.9088,
40320,2.85115,
40321,3.01128,
40322,2.70707,
40323,3.10287,
40324,2.88739,
40325,3.15687,
40326,3.19912,
40327,2.99982,
40328,3.14541,
40329,2.98837,
40330,2.90985,
40331,2.99231,
40332,3.02818,
40333,2.87525,
40334,2.73935,
40335,2.75311,
40336,2.86521,
40337,2.82755,
40338,2.92479,
40339,2.99325,
40340,2.8186,
40341,2.97109,
40342,2.76215,
40343,2.9938,
40344,2.9438,
40345,2.75038,
40346,2.70423,
40347,2.9528,
40348,2.65502,
40349,2.76506,
40350,2.68858,
40351,2.5689,
40352,2.60435,
40353,2.69882,
40354,3.04577,
40355,3.05464,
40356,3.21392,
40357,3.18867,
40358,3.18419,
40359,3.10855,
40360,2.85626,
40361,2.96246,
40362,2.92662,
40363,3.05879,
40364,3.29061,
40365,3.0192,
40366,3.06236,
40367,2.93148,
40368,2.8741,
40369,3.2037,
40370,3.15553,
40371,3.1942,
40372,3.05998,
40373,3.26375,
40374,2.93126,
40375,3.00254,
40376,2.95147,
40377,2.9959,
40378,2.81219,
40379,2.88435,
40380,2.77421,
40381,2.75794,
40382,3.03477,
40383,2.7206,
40384,2.77101,
40385,2.93937,
40386,2.93944,
40387,2.97276,
40388,2.82837,
40389,2.89149,
40390,2.79888,
40391,2.76762,
40392,2.7104,
40393,2.74755,
40394,2.8813,
40395,2.61826,
40396,2.71253,
40397,2.93182,
40398,2.82761,
40399,3.16192,
40400,3.21805,
40401,3.16544,
40402,3.28135,
40403,3.1504,
40404,3.12274,
40405,2.94489,
40406,3.0309,
40407,2.84295,
40408,2.88091,
40409,2.80123,
40410,2.8447,
40411,3.11879,
40412,3.1179,
40413,3.01036,
40414,3.12383,
40415,3.09864,
40416,2.88065,
40417,2.8893,
40418,2.93422,
40419,2.78516,
40420,2.9532,
40421,3.0437,
40422,3.03625,
40423,3.12064,
40424,3.21593,
40425,3.22411,
40426,2.72752,
40427,2.86861,
40428,3.07277,
40429,3.08818,
40430,3.01264,
40431,3.02861,
40432,3.14333,
40433,3.06107,
40434,3.18148,
40435,2.98576,
40436,2.93589,
40437,3.09735,
40438,2.77939,
40439,3.01254,
40440,3.03308,
40441,2.97376,
40442,2.95137,
40443,2.99165,
40444,3.21209,
40445,3.04153,
40446,3.09514,
40447,2.98545,
40448,3.1941,
40449,3.07442,
40450,3.04948,
40451,2.93648,
40452,3.01982,
40453,2.9637,
40454,2.84734,
40455,2.93281,
40456,2.84624,
40457,2.97132,
40458,2.96685,
40459,3.04229,
40460,2.74181,
40461,2.93446,
40462,3.02502,
40463,2.95909,
40464,2.80444,
40465,2.78973,
40466,3.0651,
40467,2.81762,
40468,2.99161,
40469,2.17129,
40470,3.0592,
40471,2.97092,
40472,3.16935,
40473,3.23868,
40474,3.46734,
40475,3.07653,
40476,3.19632,
40477,3.02261,
40478,3.1491,
40479,3.09567,
40480,3.15437,
40481,3.12442,
40482,2.94422,
40483,2.98301,
40484,3.02893,
40485,3.20136,
40486,2.96203,
40487,3.08123,
40488,3.15532,
40489,3.04092,
40490,3.04697,
40491,2.96375,
40492,2.97994,
40493,3.06176,
40494,3.04091,
40495,3.04481,
40496,3.05321,
40497,2.88215,
40498,3.16626,
40499,3.18112,
40500,2.91958,
40501,3.02498,
40502,2.85403,
40503,2.80524,
40504,2.78557,
40505,2.66101,
40506,2.98161,
40507,2.83065,
40508,2.79754,
40509,2.90011,
40510,3.01899,
40511,2.86243,
40512,2.81708,
40513,2.86967,
40514,2.82288,
40515,2.96749,
40516,2.82389,
40517,2.91097,
40518,3.03371,
40519,2.8917,
40520,2.99817,
40521,2.92315,
40522,2.85863,
40523,2.89559,
40524,2.86004,
40525,3.0956,
40526,2.94988,
40527,2.93509,
40528,2.95652,
40529,3.027,
40530,2.86567,
40531,2.69261,
40532,2.87005,
40533,2.83233,
40534,2.94801,
40535,2.91548,
40536,2.67426,
40537,2.98483,
40538,3.10067,
40539,2.97409,
40540,2.87907,
40541,2.81114,
40542,3.06689,
40543,2.86373,
40544,2.60197,
40545,2.93186,
40546,2.8796,
40547,3.11322,
40548,2.81051,
40549,2.80523,
40550,2.90099,
40551,2.9015,
40552,2.80307,
40553,2.86159,
40554,2.8684,
40555,3.00057,
40556,3.00384,
40557,2.99455,
40558,2.76285,
40559,2.87241,
40560,2.82223,
40561,3.01311,
40562,3.02424,
40563,2.96775,
40564,2.98946,
40565,3.13729,
40566,2.87741,
40567,2.98336,
40568,2.99486,
40569,2.80341,
40570,3.04885,
40571,3.00567,
40572,3.14558,
40573,2.95974,
40574,2.7261,
40575,2.78361,
40576,2.93811,
40577,2.79338,
40578,2.85392,
40579,2.71286,
40580,2.8405,
40581,3.06462,
40582,3.05296,
40583,2.93165,
40584,3.05911,
40585,2.9087,
40586,2.997,
40587,2.95227,
40588,3.0633,
40589,3.05668,
40590,3.101,
40591,3.02684,
40592,3.04209,
40593,3.0011,
40594,2.89976,
40595,3.06411,
40596,2.70935,
40597,2.85006,
40598,3.03904,
40599,2.91649,
40600,2.99068,
40601,2.78214,
40602,2.8998,
40603,3.02523,
40604,2.78253,
40605,2.87958,
40606,2.81305,
40607,2.7538,
40608,2.84211,
40609,2.68625,
40610,2.78816,
40611,2.80284,
40612,2.91843,
40613,2.8273,
40614,2.95062,
40615,2.98868,
40616,2.9589,
40617,2.79921,
40618,2.88085,
40619,2.81915,
40620,2.83069,
40621,2.71945,
40622,3.0218,
40623,2.91106,
40624,2.95867,
40625,3.02731,
40626,2.97613,
40627,2.85245,
40628,2.97463,
40629,2.92653,
40630,3.00329,
40631,2.99866,
40632,3.12252,
40633,3.1753,
40634,3.08296,
40635,2.97446,
40636,2.98092,
40637,2.87588,
40638,2.89296,
40639,2.78662,
40640,2.83667,
40641,2.75001,
40642,2.93878,
40643,2.80276,
40644,3.02965,
40645,2.87028,
40646,2.97259,
40647,3.08782,
40648,3.05276,
40649,3.17866,
40650,2.9172,
40651,2.77612,
40652,3.02529,
40653,2.74634,
40654,3.02878,
40655,2.92088,
40656,3.07882,
40657,3.12189,
40658,3.10773,
40659,2.90433,
40660,3.11186,
40661,3.03409,
40662,2.99603,
40663,3.00855,
40664,3.11256,
40665,2.8378,
40666,3.10619,
40667,2.70222,
40668,3.0814,
40669,3.06442,
40670,3.23755,
40671,2.96316,
40672,3.06039,
40673,3.13904,
40674,2.88466,
40675,3.09354,
40676,2.76906,
40677,2.91167,
40678,2.92339,
40679,3.16321,
40680,3.11553,
40681,2.76421,
40682,2.9555,
40683,2.89221,
40684,3.04928,
40685,3.00708,
40686,3.19031,
40687,3.01904,
40688,2.93487,
40689,3.02488,
40690,3.07634,
40691,2.91107,
40692,2.87548,
40693,2.82627,
40694,2.99322,
40695,3.1411,
40696,3.11016,
40697,3.05798,
40698,2.97207,
40699,2.98579,
40700,2.81916,
40701,3.10496,
40702,2.93629,
40703,3.06486,
40704,3.02229,
40705,3.02264,
40706,2.99112,
40707,3.09075,
40708,3.05565,
40709,2.91911,
40710,2.98284,
40711,3.10632,
40712,2.83638,
40713,3.17321,
40714,3.03151,
40715,2.95079,
40716,2.87256,
40717,3.04069,
40718,3.04326,
40719,2.89067,
40720,2.82603,
40721,3.05287,
40722,2.86782,
40723,2.85684,
40724,2.9638,
40725,2.86498,
40726,2.85195,
40727,3.04573,
40728,3.06279,
40729,2.92163,
40730,2.89019,
40731,2.85638,
40732,3.00832,
40733,3.0869,
40734,2.7096,
40735,2.91912,
40736,2.91413,
40737,3.00619,
40738,3.0563,
40739,3.08757,
40740,2.87095,
40741,2.91993,
40742,2.99409,
40743,2.67962,
40744,2.78275,
40745,3.15276,
40746,2.90513,
40747,2.98054,
40748,2.80329,
40749,2.80206,
40750,2.98486,
40751,2.88242,
40752,2.77549,
40753,3.08167,
40754,2.97715,
40755,2.7726,
40756,2.86854,
40757,2.82497,
40758,2.9081,
40759,2.81092,
40760,2.82341,
40761,2.95801,
40762,2.90942,
40763,3.09532,
40764,3.11191,
40765,3.0105,
40766,3.13045,
40767,2.87352,
40768,2.96183,
40769,3.10585,
40770,3.00614,
40771,3.13392,
40772,3.23671,
40773,3.31538,
40774,4.12256,
40775,3.01581,
40776,2.99806,
40777,3.03655,
40778,3.02386,
40779,2.94059,
40780,3.04632,
40781,2.97818,
40782,2.99884,
40783,2.9445,
40784,3.54765,
40785,3.03813,
40786,3.01203,
40787,2.68524,
40788,2.85415,
40789,3.08411,
40790,3.04989,
40791,3.16087,
40792,3.24357,
40793,3.077,
40794,3.02377,
40795,3.04094,
40796,2.95601,
40797,3.16085,
40798,2.92138,
40799,2.95927,
40800,3.09691,
40801,3.10286,
40802,2.98638,
40803,2.87797,
40804,2.83759,
40805,2.87299,
40806,2.93796,
40807,2.84801,
40808,2.65155,
40809,3.08437,
40810,2.921,
40811,2.79892,
40812,2.82654,
40813,2.89538,
40814,2.99371,
40815,2.98378,
40816,2.96966,
40817,3.01099,
40818,2.71486,
40819,2.88216,
40820,2.64769,
40821,2.98845,
40822,2.87879,
40823,2.89292,
40824,2.91051,
40825,2.91893,
40826,2.90735,
40827,2.87621,
40828,2.78793,
40829,2.73086,
40830,2.90954,
40831,2.88807,
40832,2.58811,
40833,2.69961,
40834,2.73669,
40835,2.89322,
40836,2.90253,
40837,2.85687,
40838,2.86673,
40839,2.9111,
40840,2.97362,
40841,2.70713,
40842,3.03728,
40843,2.90425,
40844,2.91143,
40845,2.88103,
40846,3.01904,
40847,3.12576,
40848,3.03747,
40849,2.88296,
40850,2.85197,
40851,3.17389,
40852,2.98451,
40853,3.03247,
40854,2.95373,
40855,2.81035,
40856,2.83969,
40857,3.00021,
40858,2.60182,
40859,2.67972,
40860,2.4887,
40861,2.7448,
40862,2.87294,
40863,2.99403,
40864,2.97569,
40865,2.9932,
40866,2.89416,
40867,2.74562,
40868,2.82716,
40869,2.94739,
40870,3.07066,
40871,2.87488,
40872,2.8274,
40873,2.45263,
40874,2.52359,
40875,3.02275,
40876,2.6891,
40877,2.89285,
40878,2.63938,
40879,2.83072,
40880,2.66216,
40881,2.67866,
40882,2.67743,
40883,2.77788,
40884,2.71819,
40885,2.69691,
40886,2.76324,
40887,2.96254,
40888,2.67624,
40889,2.92298,
40890,2.83853,
40891,3.11785,
40892,3.10542,
40893,3.07264,
40894,3.1323,
40895,3.10676,
40896,3.03931,
40897,2.89497,
40898,2.67204,
40899,2.97775,
40900,2.82359,
40901,2.84161,
40902,3.03291,
40903,2.91594,
40904,3.01054,
40905,2.90334,
40906,2.88843,
40907,2.83305,
40908,2.92455,
40909,3.04843,
40910,2.98476,
40911,2.94564,
40912,2.89392,
40913,2.78678,
40914,3.11089,
40915,2.80836,
40916,2.83906,
40917,2.94489,
40918,2.97423,
40919,2.86047,
40920,3.23026,
40921,3.11666,
40922,3.09914,
40923,2.92076,
40924,3.08204,
40925,3.02594,
40926,2.9359,
40927,3.01613,
40928,2.94192,
40929,2.96715,
40930,2.97277,
40931,2.98755,
40932,2.91395,
40933,2.80426,
40934,2.945,
40935,2.88034,
40936,2.87133,
40937,2.61717,
40938,2.72966,
40939,2.58431,
40940,2.81286,
40941,2.92557,
40942,2.67177,
40943,2.75112,
40944,2.74707,
40945,2.89825,
40946,2.7701,
40947,2.85881,
40948,2.66865,
40949,2.85769,
40950,2.98313,
40951,2.98531,
40952,2.93227,
40953,3.02286,
40954,2.92825,
40955,3.0771,
40956,3.03567,
40957,3.03155,
40958,3.08255,
40959,2.92911,
40960,2.89228,
40961,2.69544,
40962,2.94761,
40963,2.91632,
40964,2.98493,
40965,2.91649,
40966,2.8186,
40967,2.91959,
40968,2.80927,
40969,2.89269,
40970,3.0058,
40971,3.10831,
40972,2.85657,
40973,2.82022,
40974,2.81597,
40975,3.03079,
40976,3.0439,
40977,3.08167,
40978,2.89461,
40979,3.09754,
40980,2.90739,
40981,2.99197,
40982,3.18144,
40983,2.96712,
40984,2.85069,
40985,2.78375,
40986,3.05508,
40987,3.0833,
40988,2.96714,
40989,2.99459,
40990,2.98282,
40991,3.16488,
40992,3.06684,
40993,3.27867,
40994,2.87684,
40995,2.95824,
40996,2.74001,
40997,2.88444,
40998,2.92433,
40999,2.88769,
41000,2.86255,
41001,3.09464,
41002,2.99316,
41003,2.88542,
41004,2.73036,
41005,2.86158,
41006,2.91529,
41007,2.91902,
41008,2.89727,
41009,3.12053,
41010,3.08223,
41011,3.11486,
41012,2.96229,
41013,2.87939,
41014,3.01274,
41015,2.78991,
41016,3.12659,
41017,3.14621,
41018,3.0889,
41019,3.10707,
41020,3.28861,
41021,3.42687,
41022,3.00619,
41023,3.06213,
41024,3.05647,
41025,3.14461,
41026,3.37169,
41027,3.06657,
41028,3.00136,
41029,3.0035,
41030,2.94123,
41031,3.01272,
41032,3.01757,
41033,3.03241,
41034,2.92427,
41035,2.83094,
41036,3.0199,
41037,3.38561,
41038,3.37085,
41039,3.32098,
41040,3.31328,
41041,3.3276,
41042,3.35639,
41043,3.30729,
41044,3.28648,
41045,3.32956,
41046,3.31291,
41047,3.29919,
41048,3.33534,
41049,3.32244,
41050,3.24414,
41051,3.30231,
41052,3.35452,
41053,3.29836,
41054,3.24364,
41055,3.18825,
41056,2.99607,
41057,3.18528,
41058,2.98812,
41059,2.97044,
41060,2.99602,
41061,3.01239,
41062,2.90593,
41063,3.06337,
41064,2.89833,
41065,2.9904,
41066,2.98372,
41067,2.80097,
41068,2.73664,
41069,3.02119,
41070,3.21106,
41071,3.08497,
41072,2.77153,
41073,2.96438,
41074,2.99631,
41075,2.89407,
41076,2.95342,
41077,3.03459,
41078,2.83661,
41079,2.95785,
41080,2.83632,
41081,2.79091,
41082,3.06527,
41083,2.97766,
41084,2.94659,
41085,2.95758,
41086,2.85121,
41087,2.83894,
41088,2.78835,
41089,2.83124,
41090,2.99904,
41091,2.88884,
41092,2.83158,
41093,2.98934,
41094,2.93165,
41095,2.87896,
41096,2.91038,
41097,2.73236,
41098,2.75157,
41099,2.98013,
41100,2.68759,
41101,2.7844,
41102,2.80937,
41103,2.90188,
41104,2.7764,
41105,2.81732,
41106,2.8928,
41107,2.80704,
41108,2.81647,
41109,2.86406,
41110,2.91467,
41111,2.92921,
41112,2.9236,
41113,2.79785,
41114,3.02066,
41115,2.74301,
41116,2.91155,
41117,2.87305,
41118,2.8756,
41119,3.11212,
41120,2.84479,
41121,2.78628,
41122,2.98676,
41123,2.8371,
41124,2.72273,
41125,2.8472,
41126,3.06096,
41127,2.63502,
41128,2.71634,
41129,2.94547,
41130,2.71405,
41131,2.88876,
41132,2.84991,
41133,2.76243,
41134,2.70218,
41135,3.01046,
41136,2.9186,
41137,2.96348,
41138,2.86375,
41139,3.13012,
41140,2.99661,
41141,3.08015,
41142,2.94446,
41143,2.89382,
41144,3.01746,
41145,2.9429,
41146,2.9796,
41147,2.94022,
41148,2.94842,
41149,2.97581,
41150,2.67083,
41151,2.92266,
41152,2.97328,
41153,3.01091,
41154,2.96671,
41155,2.6316,
41156,2.86488,
41157,2.95337,
41158,2.82452,
41159,2.57955,
41160,2.74216,
41161,2.81945,
41162,2.79806,
41163,2.83426,
41164,2.59707,
41165,2.68423,
41166,2.69408,
41167,2.82311,
41168,2.89054,
41169,3.22795,
41170,3.20222,
41171,3.0156,
41172,2.94918,
41173,3.08307,
41174,3.16073,
41175,2.87099,
41176,3.07343,
41177,2.92403,
41178,2.93379,
41179,2.85429,
41180,3.16814,
41181,2.99309,
41182,2.96535,
41183,3.05923,
41184,3.05125,
41185,2.92903,
41186,3.05678,
41187,2.85083,
41188,3.04598,
41189,3.05123,
41190,2.93263,
41191,2.87199,
41192,2.94323,
41193,2.78011,
41194,3.02254,
41195,3.02947,
41196,2.89122,
41197,2.98077,
41198,2.92492,
41199,2.96828,
41200,3.12652,
41201,3.02454,
41202,2.90301,
41203,2.93428,
41204,3.01345,
41205,2.79325,
41206,2.93027,
41207,2.98116,
41208,3.0933,
41209,2.84217,
41210,2.93062,
41211,2.83679,
41212,2.99179,
41213,3.01706,
41214,3.04776,
41215,2.73427,
41216,2.95681,
41217,2.91103,
41218,2.80548,
41219,2.94877,
41220,3.06669,
41221,2.96312,
41222,2.76784,
41223,2.86169,
41224,2.95516,
41225,2.89282,
41226,2.84348,
41227,2.72644,
41228,2.82949,
41229,2.78342,
41230,2.88058,
41231,2.6178,
41232,2.6506,
41233,2.74776,
41234,2.8128,
41235,2.86852,
41236,2.75809,
41237,2.59534,
41238,2.80834,
41239,2.68299,
41240,2.79526,
41241,2.69559,
41242,2.77491,
41243,2.91718,
41244,2.86806,
41245,2.90438,
41246,2.65063,
41247,2.82211,
41248,2.70985,
41249,2.79438,
41250,2.97356,
41251,2.62733,
41252,2.75608,
41253,2.6381,
41254,2.60594,
41255,2.7922,
41256,2.81743,
41257,2.79371,
41258,2.73694,
41259,2.93598,
41260,2.7681,
41261,2.78707,
41262,2.99838,
41263,2.99041,
41264,2.93618,
41265,2.97377,
41266,3.26599,
41267,2.97865,
41268,2.86266,
41269,3.09433,
41270,2.92947,
41271,2.99444,
41272,3.08179,
41273,2.96083,
41274,2.96582,
41275,2.98703,
41276,2.79206,
41277,3.01165,
41278,2.96338,
41279,2.8193,
41280,2.95006,
41281,2.91614,
41282,2.73109,
41283,2.88913,
41284,2.90492,
41285,2.7825,
41286,2.84569,
41287,2.91258,
41288,3.06076,
41289,2.848,
41290,2.95071,
41291,2.85557,
41292,3.1683,
41293,3.21486,
41294,3.22516,
41295,3.19498,
41296,3.2632,
41297,3.20463,
41298,3.14684,
41299,3.24618,
41300,3.09382,
41301,3.19219,
41302,3.24691,
41303,3.23109,
41304,3.08016,
41305,3.26583,
41306,3.18621,
41307,3.18886,
41308,3.28868,
41309,3.17684,
41310,3.2154,
41311,3.17018,
41312,3.18432,
41313,2.97931,
41314,3.16401,
41315,2.6094,
41316,2.72488,
41317,2.6558,
41318,2.49299,
41319,2.61597,
41320,2.55518,
41321,2.88393,
41322,2.46543,
41323,2.68024,
41324,2.60752,
41325,2.72331,
41326,2.70796,
41327,2.52588,
41328,2.60172,
41329,2.77083,
41330,2.88849,
41331,2.8809,
41332,2.60442,
41333,2.55611,
41334,3.06513,
41335,3.1629,
41336,3.06901,
41337,3.06543,
41338,3.06706,
41339,3.05172,
41340,2.97024,
41341,2.81637,
41342,2.92192,
41343,3.03107,
41344,2.9212,
41345,2.9972,
41346,3.13071,
41347,3.13802,
41348,3.03689,
41349,2.93545,
41350,2.77222,
41351,2.9888,
41352,2.90667,
41353,2.91153,
41354,2.68486,
41355,2.71339,
41356,2.67615,
41357,2.88157,
41358,2.90618,
41359,2.84984,
41360,2.8993,
41361,2.8559,
41362,2.92791,
41363,2.87053,
41364,3.02672,
41365,2.89736,
41366,2.80381,
41367,2.93681,
41368,2.75105,
41369,2.75119,
41370,2.76326,
41371,2.91481,
41372,3.05643,
41373,2.94988,
41374,2.77264,
41375,2.73315,
41376,2.62043,
41377,2.56167,
41378,2.60531,
41379,2.60701,
41380,2.88004,
41381,2.57842,
41382,2.65159,
41383,2.7287,
41384,2.90126,
41385,2.86313,
41386,3.01037,
41387,2.71235,
41388,3.10755,
41389,2.86982,
41390,3.14936,
41391,3.18202,
41392,2.9967,
41393,3.13056,
41394,2.99167,
41395,2.89853,
41396,2.99089,
41397,3.00799,
41398,2.86842,
41399,2.75053,
41400,2.7437,
41401,2.8554,
41402,2.81059,
41403,2.91766,
41404,2.97464,
41405,2.82754,
41406,2.97478,
41407,2.76053,
41408,2.97517,
41409,2.94608,
41410,2.75598,
41411,2.70205,
41412,2.94926,
41413,2.66174,
41414,2.75281,
41415,2.6873,
41416,2.57272,
41417,2.61518,
41418,2.68351,
41419,3.05387,
41420,3.04508,
41421,3.20303,
41422,3.18501,
41423,3.1932,
41424,3.09945,
41425,2.86787,
41426,2.94503,
41427,2.90654,
41428,3.03837,
41429,3.26899,
41430,3.0172,
41431,3.06854,
41432,2.90994,
41433,2.86934,
41434,3.19566,
41435,3.1526,
41436,3.18586,
41437,3.05444,
41438,3.25901,
41439,2.94561,
41440,2.99516,
41441,2.96581,
41442,2.99196,
41443,2.80403,
41444,2.86784,
41445,2.78263,
41446,2.76472,
41447,3.04305,
41448,2.71748,
41449,2.76475,
41450,2.91843,
41451,2.92905,
41452,2.96608,
41453,2.83204,
41454,2.88895,
41455,2.79417,
41456,2.77341,
41457,2.70957,
41458,2.74138,
41459,2.874,
41460,2.61832,
41461,2.71409,
41462,2.93609,
41463,2.81054,
41464,3.1598,
41465,3.22105,
41466,3.15021,
41467,3.27716,
41468,3.14266,
41469,3.13528,
41470,2.93961,
41471,3.02864,
41472,2.84915,
41473,2.89179,
41474,2.81023,
41475,2.82854,
41476,3.1163,
41477,3.11633,
41478,2.99364,
41479,3.142,
41480,3.09842,
41481,2.88341,
41482,2.87298,
41483,2.93938,
41484,2.77384,
41485,2.95955,
41486,3.06185,
41487,3.03507,
41488,3.11617,
41489,3.21734,
41490,3.23351,
41491,2.73389,
41492,2.86483,
41493,3.06857,
41494,3.08271,
41495,2.9935,
41496,3.0266,
41497,3.1446,
41498,3.04948,
41499,3.18519,
41500,2.96927,
41501,2.93294,
41502,3.11631,
41503,2.7861,
41504,3.00818,
41505,3.02869,
41506,2.98092,
41507,2.94138,
41508,2.97576,
41509,3.20008,
41510,3.04075,
41511,3.0812,
41512,2.98786,
41513,3.17993,
41514,3.07228,
41515,3.05116,
41516,2.94056,
41517,3.01655,
41518,2.962,
41519,2.85658,
41520,2.9326,
41521,2.84935,
41522,2.97541,
41523,2.95953,
41524,3.04138,
41525,2.74573,
41526,2.93252,
41527,3.03162,
41528,2.95835,
41529,2.79434,
41530,2.78304,
41531,3.0624,
41532,2.81723,
41533,2.97827,
41534,2.16359,
41535,3.05186,
41536,2.97324,
41537,3.16635,
41538,3.24092,
41539,3.46092,
41540,3.06529,
41541,3.18823,
41542,3.02985,
41543,3.13359,
41544,3.08017,
41545,3.15119,
41546,3.11769,
41547,2.92631,
41548,2.98455,
41549,3.02485,
41550,3.19539,
41551,2.95957,
41552,3.07228,
41553,3.15976,
41554,3.04341,
41555,3.04635,
41556,2.95783,
41557,2.96429,
41558,3.05601,
41559,3.05268,
41560,3.04624,
41561,3.05091,
41562,2.88077,
41563,3.15071,
41564,3.17266,
41565,2.92189,
41566,3.01462,
41567,2.85791,
41568,2.80231,
41569,2.78928,
41570,2.65891,
41571,2.97599,
41572,2.83269,
41573,2.80107,
41574,2.89524,
41575,3.03568,
41576,2.8631,
41577,2.82538,
41578,2.86588,
41579,2.8302,
41580,2.96063,
41581,2.82161,
41582,2.91205,
41583,3.02541,
41584,2.90062,
41585,2.99929,
41586,2.92211,
41587,2.86152,
41588,2.89186,
41589,2.86919,
41590,3.08448,
41591,2.95637,
41592,2.92233,
41593,2.94003,
41594,3.02322,
41595,2.8578,
41596,2.70255,
41597,2.87195,
41598,2.82784,
41599,2.93583,
41600,2.92586,
41601,2.69004,
41602,2.98823,
41603,3.08543,
41604,2.97266,
41605,2.88032,
41606,2.80165,
41607,3.05132,
41608,2.86449,
41609,2.61328,
41610,2.93103,
41611,2.88421,
41612,3.10095,
41613,2.81038,
41614,2.80451,
41615,2.90851,
41616,2.88626,
41617,2.82231,
41618,2.86274,
41619,2.86293,
41620,2.98135,
41621,2.98042,
41622,2.98456,
41623,2.75181,
41624,2.86739,
41625,2.82124,
41626,3.00907,
41627,3.02619,
41628,2.96259,
41629,2.98644,
41630,3.12015,
41631,2.87647,
41632,2.98096,
41633,2.98641,
41634,2.80604,
41635,3.05089,
41636,2.98448,
41637,3.14038,
41638,2.95084,
41639,2.72709,
41640,2.7772,
41641,2.94582,
41642,2.78763,
41643,2.84589,
41644,2.71058,
41645,2.85002,
41646,3.06661,
41647,3.04957,
41648,2.91015,
41649,3.05894,
41650,2.89621,
41651,2.99323,
41652,2.93449,
41653,3.0623,
41654,3.05032,
41655,3.06894,
41656,3.02954,
41657,3.02669,
41658,3.0055,
41659,2.90583,
41660,3.0557,
41661,2.70479,
41662,2.83497,
41663,3.03056,
41664,2.92416,
41665,2.98401,
41666,2.77748,
41667,2.89658,
41668,3.01661,
41669,2.8035,
41670,2.89073,
41671,2.8044,
41672,2.75582,
41673,2.83565,
41674,2.68084,
41675,2.79675,
41676,2.8037,
41677,2.92409,
41678,2.81844,
41679,2.93842,
41680,2.98966,
41681,2.94866,
41682,2.79311,
41683,2.88539,
41684,2.81089,
41685,2.82868,
41686,2.7228,
41687,3.01952,
41688,2.91739,
41689,2.95367,
41690,3.01387,
41691,2.9709,
41692,2.84728,
41693,2.96811,
41694,2.92893,
41695,3.0012,
41696,2.98346,
41697,3.10761,
41698,3.16561,
41699,3.06929,
41700,2.97507,
41701,2.97832,
41702,2.87868,
41703,2.89115,
41704,2.78811,
41705,2.84135,
41706,2.76472,
41707,2.93433,
41708,2.81887,
41709,3.01913,
41710,2.86297,
41711,2.95985,
41712,3.09616,
41713,3.05241,
41714,3.18335,
41715,2.89561,
41716,2.78053,
41717,3.02591,
41718,2.75017,
41719,3.02771,
41720,2.91421,
41721,3.06007,
41722,3.12519,
41723,3.09004,
41724,2.89783,
41725,3.10847,
41726,3.02425,
41727,3.00525,
41728,2.9943,
41729,3.10531,
41730,2.83397,
41731,3.08703,
41732,2.6989,
41733,3.06982,
41734,3.05827,
41735,3.24606,
41736,2.95553,
41737,3.07038,
41738,3.12358,
41739,2.89168,
41740,3.08291,
41741,2.77303,
41742,2.89451,
41743,2.91787,
41744,3.1828,
41745,3.12442,
41746,2.74768,
41747,2.96339,
41748,2.8803,
41749,3.03592,
41750,2.99627,
41751,3.19362,
41752,3.02395,
41753,2.92122,
41754,3.02395,
41755,3.07433,
41756,2.90903,
41757,2.87327,
41758,2.84386,
41759,2.98413,
41760,3.12883,
41761,3.10953,
41762,3.05281,
41763,2.96539,
41764,2.96834,
41765,2.80431,
41766,3.10379,
41767,2.9378,
41768,3.06948,
41769,3.00069,
41770,3.01487,
41771,2.98772,
41772,3.09725,
41773,3.05225,
41774,2.91897,
41775,2.99133,
41776,3.11691,
41777,2.83341,
41778,3.17615,
41779,3.0384,
41780,2.95085,
41781,2.86991,
41782,3.02522,
41783,3.05202,
41784,2.89327,
41785,2.82311,
41786,3.06247,
41787,2.85024,
41788,2.85431,
41789,2.96575,
41790,2.87699,
41791,2.85472,
41792,3.03967,
41793,3.06296,
41794,2.91214,
41795,2.89632,
41796,2.85232,
41797,3.00198,
41798,3.09969,
41799,2.70639,
41800,2.91123,
41801,2.92264,
41802,3.0067,
41803,3.06852,
41804,3.07405,
41805,2.86265,
41806,2.91833,
41807,2.99148,
41808,2.67306,
41809,2.78327,
41810,3.1561,
41811,2.89412,
41812,2.97775,
41813,2.79636,
41814,2.77705,
41815,2.99374,
41816,2.88481,
41817,2.77065,
41818,3.07584,
41819,2.9699,
41820,2.77309,
41821,2.86638,
41822,2.8212,
41823,2.90522,
41824,2.81133,
41825,2.83108,
41826,2.94731,
41827,2.91105,
41828,3.08795,
41829,3.1075,
41830,2.99832,
41831,3.13015,
41832,2.88751,
41833,2.95172,
41834,3.09288,
41835,3.00083,
41836,3.13026,
41837,3.22521,
41838,3.30705,
41839,4.12614,
41840,3.01616,
41841,2.99896,
41842,3.02449,
41843,3.03033,
41844,2.93538,
41845,3.05299,
41846,2.9793,
41847,2.99779,
41848,2.9316,
41849,3.54422,
41850,3.03501,
41851,3.01651,
41852,2.69775,
41853,2.83521,
41854,3.07636,
41855,3.06019,
41856,3.16291,
41857,3.25173,
41858,3.08421,
41859,3.02232,
41860,3.02157,
41861,2.95027,
41862,3.14143,
41863,2.92076,
41864,2.95398,
41865,3.09759,
41866,3.10489,
41867,2.97797,
41868,2.8692,
41869,2.83722,
41870,2.87189,
41871,2.92616,
41872,2.84114,
41873,2.65498,
41874,3.07552,
41875,2.92465,
41876,2.80303,
41877,2.82943,
41878,2.8868,
41879,2.9909,
41880,2.96171,
41881,2.97865,
41882,3.02186,
41883,2.71581,
41884,2.87652,
41885,2.64142,
41886,2.99255,
41887,2.87214,
41888,2.88833,
41889,2.90119,
41890,2.91931,
41891,2.88725,
41892,2.87252,
41893,2.78099,
41894,2.72979,
41895,2.89699,
41896,2.88254,
41897,2.58979,
41898,2.69861,
41899,2.72241,
41900,2.88351,
41901,2.91601,
41902,2.84804,
41903,2.86667,
41904,2.91522,
41905,2.98702,
41906,2.71759,
41907,3.04449,
41908,2.9213,
41909,2.91653,
41910,2.8835,
41911,3.01952,
41912,3.11861,
41913,3.01859,
41914,2.87117,
41915,2.84027,
41916,3.16894,
41917,2.98095,
41918,3.02472,
41919,2.94608,
41920,2.80059,
41921,2.84491,
41922,3.00004,
41923,2.58966,
41924,2.6956,
41925,2.49022,
41926,2.73774,
41927,2.87733,
41928,3.00201,
41929,2.96728,
41930,2.99388,
41931,2.90184,
41932,2.75805,
41933,2.82193,
41934,2.94562,
41935,3.08392,
41936,2.87754,
41937,2.82877,
41938,2.44952,
41939,2.5144,
41940,3.01878,
41941,2.70236,
41942,2.87786,
41943,2.65127,
41944,2.82327,
41945,2.67226,
41946,2.68792,
41947,2.6784,
41948,2.76817,
41949,2.7297,
41950,2.70242,
41951,2.76799,
41952,2.9546,
41953,2.69184,
41954,2.91389,
41955,2.8356,
41956,3.10197,
41957,3.11292,
41958,3.08213,
41959,3.11674,
41960,3.10195,
41961,3.02992,
41962,2.89228,
41963,2.68404,
41964,2.98215,
41965,2.8247,
41966,2.83686,
41967,3.02322,
41968,2.91829,
41969,3.0019,
41970,2.9033,
41971,2.89683,
41972,2.82564,
41973,2.93032,
41974,3.04411,
41975,3.00045,
41976,2.95536,
41977,2.88974,
41978,2.79092,
41979,3.1073,
41980,2.798,
41981,2.84343,
41982,2.95188,
41983,2.9753,
41984,2.8564,
41985,3.23331,
41986,3.09082,
41987,3.08237,
41988,2.90314,
41989,3.08089,
41990,3.02059,
41991,2.93079,
41992,3.00977,
41993,2.93939,
41994,2.95955,
41995,2.96571,
41996,2.98863,
41997,2.91212,
41998,2.79931,
41999,2.94995,
42000,2.88626,
42001,2.88714,
42002,2.62987,
42003,2.72569,
42004,2.60978,
42005,2.82094,
42006,2.92594,
42007,2.67882,
42008,2.76234,
42009,2.73121,
42010,2.8962,
42011,2.76961,
42012,2.86093,
42013,2.66719,
42014,2.86193,
42015,2.98712,
42016,2.97364,
42017,2.9211,
42018,3.01174,
42019,2.93261,
42020,3.06519,
42021,3.02773,
42022,3.03671,
42023,3.07394,
42024,2.93894,
42025,2.89644,
42026,2.70462,
42027,2.95087,
42028,2.89886,
42029,2.97275,
42030,2.90205,
42031,2.79919,
42032,2.91653,
42033,2.81822,
42034,2.89445,
42035,3.00421,
42036,3.10071,
42037,2.84893,
42038,2.82473,
42039,2.8045,
42040,3.02602,
42041,3.02786,
42042,3.06438,
42043,2.87837,
42044,3.10372,
42045,2.90525,
42046,2.98759,
42047,3.18102,
42048,2.95281,
42049,2.85185,
42050,2.79033,
42051,3.05202,
42052,3.08312,
42053,2.96961,
42054,2.98499,
42055,2.97541,
42056,3.16692,
42057,3.06506,
42058,3.26651,
42059,2.87491,
42060,2.96566,
42061,2.7436,
42062,2.90326,
42063,2.92882,
42064,2.88221,
42065,2.85354,
42066,3.09446,
42067,3.00977,
42068,2.88665,
42069,2.73717,
42070,2.85858,
42071,2.91608,
42072,2.92139,
42073,2.89433,
42074,3.10324,
42075,3.0725,
42076,3.10697,
42077,2.95889,
42078,2.88101,
42079,3.01063,
42080,2.78313,
42081,3.13279,
42082,3.13433,
42083,3.08149,
42084,3.11017,
42085,3.28539,
42086,3.4217,
42087,2.99837,
42088,3.06547,
42089,3.05972,
42090,3.15052,
42091,3.37441,
42092,3.06905,
42093,2.99676,
42094,3.00538,
42095,2.94126,
42096,3.01279,
42097,3.01076,
42098,3.0275,
42099,2.93679,
42100,2.84177,
42101,3.02,
42102,3.38533,
42103,3.35574,
42104,3.30505,
42105,3.30714,
42106,3.32909,
42107,3.35904,
42108,3.30919,
42109,3.29919,
42110,3.32157,
42111,3.32527,
42112,3.30148,
42113,3.34559,
42114,3.31803,
42115,3.23736,
42116,3.30091,
42117,3.35379,
42118,3.29358,
42119,3.24589,
42120,3.19501,
42121,2.99376,
42122,3.18395,
42123,2.97376,
42124,2.95847,
42125,2.98079,
42126,3.00355,
42127,2.90361,
42128,3.05906,
42129,2.88685,
42130,2.97551,
42131,2.97533,
42132,2.7998,
42133,2.72651,
42134,3.02679,
42135,3.20816,
42136,3.0642,
42137,2.77397,
42138,2.96288,
42139,2.99626,
42140,2.88871,
42141,2.96235,
42142,3.04366,
42143,2.83866,
42144,2.95868,
42145,2.83461,
42146,2.79036,
42147,3.06026,
42148,2.98943,
42149,2.94579,
42150,2.94921,
42151,2.86008,
42152,2.84105,
42153,2.77216,
42154,2.80811,
42155,3.0016,
42156,2.87656,
42157,2.83643,
42158,2.98983,
42159,2.92535,
42160,2.88276,
42161,2.90628,
42162,2.73362,
42163,2.74212,
42164,2.98084,
42165,2.68247,
42166,2.78627,
42167,2.81773,
42168,2.89347,
42169,2.78187,
42170,2.80251,
42171,2.88651,
42172,2.79767,
42173,2.81322,
42174,2.86264,
42175,2.90763,
42176,2.91589,
42177,2.91825,
42178,2.79092,
42179,3.02871,
42180,2.75593,
42181,2.92723,
42182,2.87858,
42183,2.87288,
42184,3.11877,
42185,2.86219,
42186,2.78732,
42187,2.99223,
42188,2.86074,
42189,2.7278,
42190,2.84312,
42191,3.0619,
42192,2.63427,
42193,2.72084,
42194,2.93184,
42195,2.71941,
42196,2.89336,
42197,2.83333,
42198,2.74975,
42199,2.71058,
42200,3.00554,
42201,2.90895,
42202,2.96019,
42203,2.86536,
42204,3.1041,
42205,2.99087,
42206,3.07774,
42207,2.94356,
42208,2.90177,
42209,3.01463,
42210,2.94151,
42211,2.97219,
42212,2.9277,
42213,2.95834,
42214,2.96547,
42215,2.67123,
42216,2.90042,
42217,2.96086,
42218,3.00173,
42219,2.97407,
42220,2.6512,
42221,2.86248,
42222,2.96485,
42223,2.83399,
42224,2.577,
42225,2.75323,
42226,2.81542,
42227,2.79964,
42228,2.83178,
42229,2.61024,
42230,2.6804,
42231,2.68747,
42232,2.82449,
42233,2.90223,
42234,3.23726,
42235,3.17465,
42236,3.01609,
42237,2.94728,
42238,3.07446,
42239,3.15412,
42240,2.85967,
42241,3.052,
42242,2.90284,
42243,2.92687,
42244,2.85898,
42245,3.17117,
42246,2.98386,
42247,2.96238,
42248,3.05992,
42249,3.04244,
42250,2.92008,
42251,3.06681,
42252,2.84112,
42253,3.05733,
42254,3.04795,
42255,2.93627,
42256,2.87736,
42257,2.93924,
42258,2.76153,
42259,3.01417,
42260,3.02408,
42261,2.88448,
42262,2.973,
42263,2.91352,
42264,2.96877,
42265,3.10768,
42266,3.02213,
42267,2.89503,
42268,2.92612,
42269,2.99651,
42270,2.79537,
42271,2.93111,
42272,2.96743,
42273,3.08701,
42274,2.84153,
42275,2.90536,
42276,2.83573,
42277,2.98773,
42278,2.99279,
42279,3.03191,
42280,2.74261,
42281,2.97465,
42282,2.90083,
42283,2.81171,
42284,2.95202,
42285,3.04918,
42286,2.96204,
42287,2.75507,
42288,2.85293,
42289,2.95925,
42290,2.93356,
42291,2.8341,
42292,2.72781,
42293,2.80987,
42294,2.7933,
42295,2.87884,
42296,2.61576,
42297,2.65275,
42298,2.73742,
42299,2.80697,
42300,2.86353,
42301,2.74597,
42302,2.58076,
42303,2.79839,
42304,2.68106,
42305,2.78476,
42306,2.68381,
42307,2.75449,
42308,2.92273,
42309,2.86689,
42310,2.90709,
42311,2.63973,
42312,2.80265,
42313,2.70693,
42314,2.78158,
42315,2.96243,
42316,2.63622,
42317,2.73776,
42318,2.6401,
42319,2.62624,
42320,2.79068,
42321,2.80396,
42322,2.80001,
42323,2.72351,
42324,2.92256,
42325,2.76279,
42326,2.78018,
42327,2.99191,
42328,2.97616,
42329,2.93542,
42330,2.96,
42331,3.26738,
42332,2.96802,
42333,2.85199,
42334,3.09685,
42335,2.93639,
42336,3.01351,
42337,3.07381,
42338,2.96413,
42339,2.95478,
42340,2.98164,
42341,2.79137,
42342,3.00606,
42343,2.98372,
42344,2.82557,
42345,2.95499,
42346,2.90753,
42347,2.72106,
42348,2.89675,
42349,2.89047,
42350,2.79202,
42351,2.84738,
42352,2.91164,
42353,3.06285,
42354,2.87733,
42355,2.94654,
42356,2.86053,
42357,3.16425,
42358,3.19638,
42359,3.21404,
42360,3.19127,
42361,3.26602,
42362,3.20906,
42363,3.16225,
42364,3.25171,
42365,3.0866,
42366,3.18997,
42367,3.23859,
42368,3.22316,
42369,3.08162,
42370,3.25072,
42371,3.20249,
42372,3.18533,
42373,3.28948,
42374,3.167,
42375,3.20975,
42376,3.16194,
42377,3.17477,
42378,2.98065,
42379,3.15965,
42380,2.59782,
42381,2.72496,
42382,2.65392,
42383,2.50066,
42384,2.59917,
42385,2.54052,
42386,2.86792,
42387,2.46071,
42388,2.65969,
42389,2.61873,
42390,2.72631,
42391,2.70782,
42392,2.53137,
42393,2.59445,
42394,2.76023,
42395,2.89033,
42396,2.89034,
42397,2.60236,
42398,2.54758,
42399,3.06598,
42400,3.14588,
42401,3.03779,
42402,3.05624,
42403,3.06191,
42404,3.04349,
42405,2.97244,
42406,2.80549,
42407,2.91474,
42408,3.03905,
42409,2.93052,
42410,3.00305,
42411,3.11386,
42412,3.11275,
42413,3.01924,
42414,2.92722,
42415,2.7658,
42416,2.99304,
42417,2.90409,
42418,2.91393,
42419,2.68336,
42420,2.71283,
42421,2.6896,
42422,2.87214,
42423,2.91689,
42424,2.83351,
42425,2.88994,
42426,2.85092,
42427,2.92394,
42428,2.86272,
42429,3.00332,
42430,2.89469,
42431,2.79693,
42432,2.92707,
42433,2.76135,
42434,2.74683,
42435,2.74258,
42436,2.90952,
42437,3.06069,
42438,2.95348,
42439,2.77666,
42440,2.72976,
42441,2.61631,
42442,2.56319,
42443,2.61953,
42444,2.61705,
42445,2.8814,
42446,2.58869,
42447,2.67633,
42448,2.73106,
42449,2.91544,
42450,2.8578,
42451,3.01334,
42452,2.71259,
42453,3.09484,
42454,2.87771,
42455,3.1445,
42456,3.19546,
42457,2.99625,
42458,3.12625,
42459,2.9788,
42460,2.89635,
42461,2.99897,
42462,3.02059,
42463,2.86869,
42464,2.74337,
42465,2.76704,
42466,2.84752,
42467,2.79915,
42468,2.92382,
42469,2.99306,
42470,2.82805,
42471,2.96274,
42472,2.74879,
42473,2.98445,
42474,2.94414,
42475,2.76956,
42476,2.70123,
42477,2.94377,
42478,2.65969,
42479,2.74629,
42480,2.68,
42481,2.56222,
42482,2.60387,
42483,2.68891,
42484,3.0305,
42485,3.04391,
42486,3.18886,
42487,3.17901,
42488,3.18805,
42489,3.09249,
42490,2.84606,
42491,2.9368,
42492,2.9129,
42493,3.04358,
42494,3.27267,
42495,3.01471,
42496,3.06649,
42497,2.90505,
42498,2.87628,
42499,3.18896,
42500,3.15587,
42501,3.18824,
42502,3.05593,
42503,3.2588,
42504,2.93292,
42505,2.99316,
42506,2.96938,
42507,2.98412,
42508,2.80372,
42509,2.88117,
42510,2.76832,
42511,2.76072,
42512,3.03862,
42513,2.71103,
42514,2.76621,
42515,2.90542,
42516,2.93589,
42517,2.98568,
42518,2.82579,
42519,2.89156,
42520,2.81244,
42521,2.76149,
42522,2.71413,
42523,2.74103,
42524,2.87895,
42525,2.61695,
42526,2.71284,
42527,2.93779,
42528,2.80627,
42529,3.15919,
42530,3.21067,
42531,3.13704,
42532,3.27054,
42533,3.14441,
42534,3.1361,
42535,2.93977,
42536,3.01679,
42537,2.82973,
42538,2.88111,
42539,2.78866,
42540,2.83047,
42541,3.10691,
42542,3.10496,
42543,3.00083,
42544,3.11872,
42545,3.10806,
42546,2.88166,
42547,2.87299,
42548,2.92717,
42549,2.77637,
42550,2.95089,
42551,3.0449,
42552,3.03587,
42553,3.11551,
42554,3.21171,
42555,3.21883,
42556,2.72615,
42557,2.86683,
42558,3.07606,
42559,3.0799,
42560,3.00049,
42561,3.0108,
42562,3.13533,
42563,3.0447,
42564,3.16459,
42565,2.9783,
42566,2.91985,
42567,3.09148,
42568,2.77619,
42569,3.00491,
42570,3.02266,
42571,2.97468,
42572,2.94484,
42573,2.97171,
42574,3.19087,
42575,3.03191,
42576,3.08965,
42577,2.98262,
42578,3.18872,
42579,3.06153,
42580,3.04084,
42581,2.92509,
42582,3.01715,
42583,2.96723,
42584,2.84798,
42585,2.93374,
42586,2.85744,
42587,2.9678,
42588,2.9515,
42589,3.03845,
42590,2.74146,
42591,2.94279,
42592,3.02101,
42593,2.94478,
42594,2.78996,
42595,2.79241,
42596,3.06016,
42597,2.81901,
42598,2.97289,
42599,2.15539,
42600,3.04659,
42601,2.96677,
42602,3.14468,
42603,3.24404,
42604,3.4474,
42605,3.06346,
42606,3.1984,
42607,3.02874,
42608,3.13297,
42609,3.07364,
42610,3.13582,
42611,3.12112,
42612,2.92611,
42613,2.97341,
42614,3.02543,
42615,3.19672,
42616,2.96715,
42617,3.08642,
42618,3.15846,
42619,3.04719,
42620,3.05607,
42621,2.94877,
42622,2.96163,
42623,3.05767,
42624,3.02487,
42625,3.04411,
42626,3.0499,
42627,2.88627,
42628,3.15028,
42629,3.17538,
42630,2.91642,
42631,3.0258,
42632,2.86031,
42633,2.79657,
42634,2.77156,
42635,2.65657,
42636,2.97694,
42637,2.82023,
42638,2.79291,
42639,2.88644,
42640,3.01868,
42641,2.85617,
42642,2.81988,
42643,2.87865,
42644,2.81727,
42645,2.97224,
42646,2.83841,
42647,2.91019,
42648,3.02433,
42649,2.89041,
42650,2.99644,
42651,2.90965,
42652,2.84274,
42653,2.88507,
42654,2.85485,
42655,3.09663,
42656,2.95308,
42657,2.93412,
42658,2.94013,
42659,3.02464,
42660,2.86131,
42661,2.68756,
42662,2.86084,
42663,2.82876,
42664,2.9441,
42665,2.92746,
42666,2.68674,
42667,2.98541,
42668,3.08929,
42669,2.97831,
42670,2.86938,
42671,2.7998,
42672,3.06952,
42673,2.86116,
42674,2.60871,
42675,2.9341,
42676,2.8769,
42677,3.09934,
42678,2.80475,
42679,2.79797,
42680,2.90312,
42681,2.878,
42682,2.7998,
42683,2.86944,
42684,2.86492,
42685,2.96563,
42686,2.98413,
42687,2.98026,
42688,2.74791,
42689,2.85951,
42690,2.82079,
42691,3.00293,
42692,3.02369,
42693,2.96098,
42694,2.98001,
42695,3.11918,
42696,2.88187,
42697,2.99552,
42698,2.98854,
42699,2.80018,
42700,3.06716,
42701,2.99144,
42702,3.13831,
42703,2.9486,
42704,2.73396,
42705,2.77651,
42706,2.94367,
42707,2.79127,
42708,2.85093,
42709,2.70653,
42710,2.84362,
42711,3.06604,
42712,3.03774,
42713,2.90965,
42714,3.05405,
42715,2.90343,
42716,3.00521,
42717,2.95017,
42718,3.0635,
42719,3.0577,
42720,3.08007,
42721,3.01664,
42722,3.04976,
42723,2.99622,
42724,2.8942,
42725,3.06517,
42726,2.70368,
42727,2.8538,
42728,3.02967,
42729,2.91809,
42730,2.98733,
42731,2.77423,
42732,2.89603,
42733,3.00336,
42734,2.78748,
42735,2.89503,
42736,2.82117,
42737,2.75839,
42738,2.85059,
42739,2.69691,
42740,2.79353,
42741,2.8077,
42742,2.91548,
42743,2.82859,
42744,2.96595,
42745,3.00535,
42746,2.94974,
42747,2.8026,
42748,2.88785,
42749,2.7922,
42750,2.82236,
42751,2.70742,
42752,3.01369,
42753,2.89783,
42754,2.94403,
42755,3.02435,
42756,2.96721,
42757,2.84181,
42758,2.9832,
42759,2.91339,
42760,3.00515,
42761,2.99002,
42762,3.11469,
42763,3.17113,
42764,3.06652,
42765,2.97874,
42766,2.96951,
42767,2.89104,
42768,2.90549,
42769,2.79164,
42770,2.83671,
42771,2.74963,
42772,2.931,
42773,2.8005,
42774,3.02027,
42775,2.86161,
42776,2.96568,
42777,3.09121,
42778,3.06122,
42779,3.17431,
42780,2.89033,
42781,2.78637,
42782,3.0306,
42783,2.75639,
42784,3.03488,
42785,2.9009,
42786,3.07912,
42787,3.11682,
42788,3.09487,
42789,2.8967,
42790,3.10539,
42791,3.00176,
42792,2.98487,
42793,2.99168,
42794,3.10017,
42795,2.84576,
42796,3.09196,
42797,2.69732,
42798,3.06503,
42799,3.04868,
42800,3.23895,
42801,2.9489,
42802,3.07275,
42803,3.14564,
42804,2.88257,
42805,3.07923,
42806,2.77352,
42807,2.90686,
42808,2.91875,
42809,3.17454,
42810,3.12686,
42811,2.76192,
42812,2.9592,
42813,2.89527,
42814,3.03285,
42815,3.00023,
42816,3.19406,
42817,3.00849,
42818,2.93457,
42819,3.03772,
42820,3.0793,
42821,2.9166,
42822,2.89471,
42823,2.82943,
42824,2.98193,
42825,3.13385,
42826,3.10704,
42827,3.04696,
42828,2.96689,
42829,2.96456,
42830,2.80037,
42831,3.08599,
42832,2.93244,
42833,3.05847,
42834,3.00633,
42835,3.02221,
42836,2.99317,
42837,3.09747,
42838,3.04075,
42839,2.9009,
42840,2.98344,
42841,3.11148,
42842,2.82302,
42843,3.166,
42844,3.02354,
42845,2.93714,
42846,2.86258,
42847,3.01967,
42848,3.0388,
42849,2.89285,
42850,2.8246,
42851,3.04728,
42852,2.84469,
42853,2.86016,
42854,2.96838,
42855,2.88048,
42856,2.83942,
42857,3.04268,
42858,3.06294,
42859,2.91083,
42860,2.89651,
42861,2.8431,
42862,3.02014,
42863,3.09563,
42864,2.71277,
42865,2.90654,
42866,2.92931,
42867,3.00933,
42868,3.05315,
42869,3.09713,
42870,2.86213,
42871,2.90931,
42872,2.98227,
42873,2.68135,
42874,2.78586,
42875,3.1517,
42876,2.89717,
42877,2.97093,
42878,2.81107,
42879,2.78246,
42880,2.99677,
42881,2.8926,
42882,2.77239,
42883,3.06977,
42884,2.97962,
42885,2.7658,
42886,2.87329,
42887,2.8229,
42888,2.90946,
42889,2.8079,
42890,2.81233,
42891,2.94242,
42892,2.91247,
42893,3.09096,
42894,3.10174,
42895,3.00179,
42896,3.13768,
42897,2.85343,
42898,2.94745,
42899,3.09904,
42900,2.99336,
42901,3.11711,
42902,3.2223,
42903,3.30773,
42904,4.12435,
42905,3.02269,
42906,2.9975,
42907,3.03079,
42908,3.03166,
42909,2.93059,
42910,3.04493,
42911,2.97488,
42912,2.99524,
42913,2.93275,
42914,3.54596,
42915,3.03487,
42916,3.03139,
42917,2.69275,
42918,2.85405,
42919,3.0864,
42920,3.05701,
42921,3.17383,
42922,3.24306,
42923,3.08758,
42924,3.01385,
42925,3.01624,
42926,2.94615,
42927,3.14053,
42928,2.90619,
42929,2.96128,
42930,3.08849,
42931,3.09736,
42932,2.98327,
42933,2.85856,
42934,2.83297,
42935,2.86825,
42936,2.92606,
42937,2.85614,
42938,2.65926,
42939,3.06886,
42940,2.9352,
42941,2.78575,
42942,2.81672,
42943,2.88146,
42944,2.9935,
42945,2.96224,
42946,2.96625,
42947,3.00329,
42948,2.70844,
42949,2.87617,
42950,2.64214,
42951,2.98575,
42952,2.87382,
42953,2.87513,
42954,2.89379,
42955,2.92777,
42956,2.88078,
42957,2.872,
42958,2.76972,
42959,2.74515,
42960,2.89533,
42961,2.89888,
42962,2.58225,
42963,2.71049,
42964,2.72461,
42965,2.89345,
42966,2.89504,
42967,2.84958,
42968,2.87565,
42969,2.91544,
42970,2.96768,
42971,2.70223,
42972,3.03838,
42973,2.90904,
42974,2.92173,
42975,2.87635,
42976,3.0267,
42977,3.12464,
42978,3.01983,
42979,2.8833,
42980,2.86993,
42981,3.16432,
42982,2.98437,
42983,3.03142,
42984,2.95003,
42985,2.806,
42986,2.84169,
42987,2.99256,
42988,2.60112,
42989,2.67696,
42990,2.48977,
42991,2.73696,
42992,2.88672,
42993,3.00806,
42994,2.97024,
42995,2.99615,
42996,2.89596,
42997,2.74897,
42998,2.83487,
42999,2.94025,
43000,3.08519,
43001,2.87567,
43002,2.8222,
43003,2.46049,
43004,2.51447,
43005,3.02263,
43006,2.6927,
43007,2.88253,
43008,2.66169,
43009,2.82452,
43010,2.67914,
43011,2.68227,
43012,2.6922,
43013,2.767,
43014,2.72203,
43015,2.69833,
43016,2.76187,
43017,2.95189,
43018,2.67862,
43019,2.92056,
43020,2.85207,
43021,3.10877,
43022,3.09877,
43023,3.07041,
43024,3.11202,
43025,3.08973,
43026,3.03873,
43027,2.88502,
43028,2.6632,
43029,2.97726,
43030,2.81336,
43031,2.84972,
43032,3.01641,
43033,2.92307,
43034,3.00963,
43035,2.90543,
43036,2.87584,
43037,2.83037,
43038,2.91823,
43039,3.04923,
43040,2.9933,
43041,2.94011,
43042,2.88057,
43043,2.79409,
43044,3.09157,
43045,2.80207,
43046,2.83923,
43047,2.94193,
43048,2.97608,
43049,2.86747,
43050,3.22901,
43051,3.10119,
43052,3.07801,
43053,2.91817,
43054,3.06774,
43055,3.00112,
43056,2.92906,
43057,3.0048,
43058,2.93962,
43059,2.95242,
43060,2.95296,
43061,2.97197,
43062,2.90644,
43063,2.78973,
43064,2.94106,
43065,2.87693,
43066,2.87607,
43067,2.62173,
43068,2.72241,
43069,2.59509,
43070,2.8089,
43071,2.91897,
43072,2.66505,
43073,2.7585,
43074,2.74386,
43075,2.88324,
43076,2.76448,
43077,2.85984,
43078,2.66148,
43079,2.85242,
43080,2.98007,
43081,2.97486,
43082,2.91742,
43083,3.0112,
43084,2.92907,
43085,3.06035,
43086,3.03314,
43087,3.02569,
43088,3.08672,
43089,2.91924,
43090,2.8967,
43091,2.69486,
43092,2.94952,
43093,2.91453,
43094,2.9791,
43095,2.912,
43096,2.80023,
43097,2.91915,
43098,2.81857,
43099,2.90196,
43100,3.00444,
43101,3.09981,
43102,2.85567,
43103,2.82418,
43104,2.80529,
43105,3.02132,
43106,3.01492,
43107,3.05797,
43108,2.87442,
43109,3.086,
43110,2.88984,
43111,2.98267,
43112,3.18673,
43113,2.95625,
43114,2.84585,
43115,2.77907,
43116,3.04684,
43117,3.07996,
43118,2.98049,
43119,2.98171,
43120,2.97187,
43121,3.1536,
43122,3.05525,
43123,3.28419,
43124,2.87661,
43125,2.96697,
43126,2.75544,
43127,2.88653,
43128,2.93579,
43129,2.89138,
43130,2.87014,
43131,3.09402,
43132,3.0131,
43133,2.88226,
43134,2.73555,
43135,2.84026,
43136,2.92587,
43137,2.91208,
43138,2.89241,
43139,3.09614,
43140,3.06868,
43141,3.0981,
43142,2.95726,
43143,2.8686,
43144,2.99618,
43145,2.77725,
43146,3.12305,
43147,3.1381,
43148,3.08111,
43149,3.11318,
43150,3.28302,
43151,3.42265,
43152,3.01192,
43153,3.06373,
43154,3.05492,
43155,3.14435,
43156,3.36471,
43157,3.06675,
43158,2.98981,
43159,3.00776,
43160,2.93683,
43161,3.00935,
43162,2.99724,
43163,3.03263,
43164,2.92779,
43165,2.84923,
43166,3.01541,
43167,3.37896,
43168,3.36405,
43169,3.30637,
43170,3.2955,
43171,3.31632,
43172,3.34552,
43173,3.29842,
43174,3.2834,
43175,3.31805,
43176,3.30601,
43177,3.29,
43178,3.32846,
43179,3.32148,
43180,3.25068,
43181,3.3025,
43182,3.35665,
43183,3.29087,
43184,3.25384,
43185,3.19081,
43186,2.98751,
43187,3.17799,
43188,2.9687,
43189,2.9625,
43190,2.97234,
43191,2.99315,
43192,2.89499,
43193,3.03916,
43194,2.87674,
43195,2.9684,
43196,2.97585,
43197,2.79478,
43198,2.73045,
43199,3.02533,
43200,3.21669,
43201,3.0695,
43202,2.76787,
43203,2.96054,
43204,2.98514,
43205,2.90298,
43206,2.96141,
43207,3.03892,
43208,2.83135,
43209,2.9452,
43210,2.82448,
43211,2.78479,
43212,3.07009,
43213,2.97389,
43214,2.93994,
43215,2.94169,
43216,2.84886,
43217,2.83441,
43218,2.7741,
43219,2.81118,
43220,2.98892,
43221,2.87924,
43222,2.8309,
43223,2.9894,
43224,2.92759,
43225,2.8794,
43226,2.91273,
43227,2.74923,
43228,2.73939,
43229,2.97171,
43230,2.67806,
43231,2.7848,
43232,2.80543,
43233,2.90946,
43234,2.79202,
43235,2.80787,
43236,2.88976,
43237,2.78153,
43238,2.80779,
43239,2.85669,
43240,2.89695,
43241,2.9195,
43242,2.92529,
43243,2.80369,
43244,3.01147,
43245,2.75428,
43246,2.92017,
43247,2.8677,
43248,2.86798,
43249,3.10781,
43250,2.84895,
43251,2.78277,
43252,2.97161,
43253,2.83781,
43254,2.74357,
43255,2.84842,
43256,3.07441,
43257,2.63197,
43258,2.71735,
43259,2.93354,
43260,2.7104,
43261,2.8896,
43262,2.83283,
43263,2.74448,
43264,2.69305,
43265,3.00992,
43266,2.9222,
43267,2.96268,
43268,2.8656,
43269,3.09799,
43270,2.98963,
43271,3.08667,
43272,2.9471,
43273,2.89419,
43274,3.00688,
43275,2.94925,
43276,2.97532,
43277,2.93144,
43278,2.95307,
43279,2.96377,
43280,2.67204,
43281,2.90397,
43282,2.95047,
43283,3.01639,
43284,2.97227,
43285,2.62991,
43286,2.854,
43287,2.95009,
43288,2.83397,
43289,2.5804,
43290,2.74292,
43291,2.81793,
43292,2.78852,
43293,2.83877,
43294,2.6059,
43295,2.67193,
43296,2.69069,
43297,2.82937,
43298,2.90439,
43299,3.22023,
43300,3.17808,
43301,3.00469,
43302,2.93979,
43303,3.07059,
43304,3.14112,
43305,2.86432,
43306,3.05518,
43307,2.89083,
43308,2.94444,
43309,2.84929,
43310,3.16666,
43311,2.97849,
43312,2.95094,
43313,3.04754,
43314,3.03887,
43315,2.91936,
43316,3.06621,
43317,2.83681,
43318,3.04384,
43319,3.04133,
43320,2.93644,
43321,2.87665,
43322,2.94233,
43323,2.76134,
43324,3.00656,
43325,3.01609,
43326,2.87599,
43327,2.9732,
43328,2.90679,
43329,2.95275,
43330,3.11859,
43331,3.01788,
43332,2.89685,
43333,2.92748,
43334,2.98815,
43335,2.78493,
43336,2.92491,
43337,2.97461,
43338,3.07308,
43339,2.84602,
43340,2.90048,
43341,2.83321,
43342,2.9983,
43343,2.99772,
43344,3.02726,
43345,2.74507,
43346,2.94828,
43347,2.9156,
43348,2.81216,
43349,2.95362,
43350,3.03848,
43351,2.96175,
43352,2.7486,
43353,2.85802,
43354,2.94911,
43355,2.89469,
43356,2.84704,
43357,2.73245,
43358,2.80287,
43359,2.78761,
43360,2.88094,
43361,2.60662,
43362,2.63471,
43363,2.74855,
43364,2.82262,
43365,2.85531,
43366,2.75422,
43367,2.57191,
43368,2.78978,
43369,2.67909,
43370,2.79211,
43371,2.6994,
43372,2.75587,
43373,2.91624,
43374,2.85351,
43375,2.89752,
43376,2.64189,
43377,2.81597,
43378,2.71022,
43379,2.77896,
43380,2.9684,
43381,2.62943,
43382,2.74377,
43383,2.65102,
43384,2.61866,
43385,2.79283,
43386,2.79535,
43387,2.79086,
43388,2.72153,
43389,2.9181,
43390,2.7588,
43391,2.76333,
43392,2.98545,
43393,2.97602,
43394,2.91852,
43395,2.96557,
43396,3.24852,
43397,2.97151,
43398,2.84971,
43399,3.09042,
43400,2.93366,
43401,3.00419,
43402,3.08794,
43403,2.96142,
43404,2.95788,
43405,2.97642,
43406,2.79122,
43407,2.99881,
43408,2.97491,
43409,2.82047,
43410,2.95429,
43411,2.91431,
43412,2.71629,
43413,2.87877,
43414,2.88638,
43415,2.781,
43416,2.84652,
43417,2.91703,
43418,3.05577,
43419,2.85777,
43420,2.93892,
43421,2.8551,
43422,3.1574,
43423,3.18882,
43424,3.22202,
43425,3.20295,
43426,3.26103,
43427,3.20359,
43428,3.15356,
43429,3.25533,
43430,3.08947,
43431,3.19872,
43432,3.24527,
43433,3.21604,
43434,3.08022,
43435,3.25449,
43436,3.19297,
43437,3.20498,
43438,3.28652,
43439,3.17261,
43440,3.20851,
43441,3.17025,
43442,3.19098,
43443,2.95751,
43444,3.15608,
43445,2.58253,
43446,2.70799,
43447,2.6525,
43448,2.48297,
43449,2.60276,
43450,2.53452,
43451,2.86393,
43452,2.44046,
43453,2.65911,
43454,2.61889,
43455,2.71306,
43456,2.70346,
43457,2.51306,
43458,2.58528,
43459,2.76742,
43460,2.8835,
43461,2.89287,
43462,2.60992,
43463,2.54594,
43464,3.059,
43465,3.14124,
43466,3.03425,
43467,3.05909,
43468,3.04253,
43469,3.03919,
43470,2.96892,
43471,2.79847,
43472,2.91748,
43473,3.02316,
43474,2.91137,
43475,2.98889,
43476,3.10062,
43477,3.12092,
43478,3.0224,
43479,2.93082,
43480,2.74979,
43481,2.98027,
43482,2.89826,
43483,2.90713,
43484,2.67934,
43485,2.7204,
43486,2.67434,
43487,2.88191,
43488,2.91258,
43489,2.84647,
43490,2.88589,
43491,2.8433,
43492,2.92629,
43493,2.87232,
43494,2.99776,
43495,2.88709,
43496,2.79914,
43497,2.92721,
43498,2.73291,
43499,2.75331,
43500,2.7407,
43501,2.91126,
43502,3.05444,
43503,2.95562,
43504,2.77427,
43505,2.73651,
43506,2.62744,
43507,2.56984,
43508,2.61274,
43509,2.62381,
43510,2.87905,
43511,2.57547,
43512,2.66285,
43513,2.72495,
43514,2.90394,
43515,2.8613,
43516,3.01089,
43517,2.72007,
43518,3.11634,
43519,2.87666,
43520,3.14624,
43521,3.16516,
43522,2.97523,
43523,3.12032,
43524,2.96079,
43525,2.88956,
43526,2.98633,
43527,3.00675,
43528,2.85684,
43529,2.72724,
43530,2.74878,
43531,2.87013,
43532,2.79545,
43533,2.92693,
43534,2.97493,
43535,2.81333,
43536,2.96791,
43537,2.74087,
43538,2.98306,
43539,2.93161,
43540,2.76207,
43541,2.69194,
43542,2.94377,
43543,2.65234,
43544,2.75482,
43545,2.69929,
43546,2.56867,
43547,2.60551,
43548,2.6967,
43549,3.02349,
43550,3.03012,
43551,3.17813,
43552,3.16419,
43553,3.16373,
43554,3.08698,
43555,2.83899,
43556,2.93039,
43557,2.90991,
43558,3.04608,
43559,3.27266,
43560,3.00807,
43561,3.06411,
43562,2.90598,
43563,2.87562,
43564,3.1851,
43565,3.15801,
43566,3.20224,
43567,3.06353,
43568,3.24962,
43569,2.92332,
43570,2.99512,
43571,2.95568,
43572,2.9719,
43573,2.79548,
43574,2.8576,
43575,2.76652,
43576,2.75704,
43577,3.04132,
43578,2.70096,
43579,2.76579,
43580,2.91134,
43581,2.91248,
43582,2.9763,
43583,2.82969,
43584,2.89278,
43585,2.79181,
43586,2.7625,
43587,2.69642,
43588,2.73667,
43589,2.87103,
43590,2.62165,
43591,2.70889,
43592,2.93466,
43593,2.80762,
43594,3.12545,
43595,3.19614,
43596,3.14689,
43597,3.25498,
43598,3.14442,
43599,3.11948,
43600,2.91662,
43601,3.01002,
43602,2.82461,
43603,2.87529,
43604,2.79078,
43605,2.82851,
43606,3.1148,
43607,3.12624,
43608,3.00439,
43609,3.12112,
43610,3.08519,
43611,2.88389,
43612,2.8773,
43613,2.93083,
43614,2.77129,
43615,2.95509,
43616,3.05001,
43617,3.03402,
43618,3.10524,
43619,3.19998,
43620,3.23112,
43621,2.74001,
43622,2.8653,
43623,3.06338,
43624,3.07879,
43625,2.98825,
43626,3.01182,
43627,3.14697,
43628,3.05579,
43629,3.16629,
43630,2.97201,
43631,2.93338,
43632,3.09222,
43633,2.77039,
43634,2.99938,
43635,3.02095,
43636,2.96965,
43637,2.95651,
43638,2.97478,
43639,3.18382,
43640,3.03611,
43641,3.07974,
43642,2.97162,
43643,3.18022,
43644,3.07367,
43645,3.05412,
43646,2.93376,
43647,3.02287,
43648,2.95267,
43649,2.85349,
43650,2.93542,
43651,2.84336,
43652,2.97239,
43653,2.95049,
43654,3.0376,
43655,2.74381,
43656,2.94671,
43657,3.03039,
43658,2.94447,
43659,2.79649,
43660,2.78901,
43661,3.05496,
43662,2.8288,
43663,2.97489,
43664,2.1472,
43665,3.04886,
43666,2.96362,
43667,3.13793,
43668,3.22893,
43669,3.44169,
43670,3.06673,
43671,3.19025,
43672,3.01123,
43673,3.12798,
43674,3.07263,
43675,3.13452,
43676,3.12123,
43677,2.93499,
43678,2.99527,
43679,3.02464,
43680,3.18633,
43681,2.96465,
43682,3.06476,
43683,3.15612,
43684,3.03705,
43685,3.05661,
43686,2.94165,
43687,2.9629,
43688,3.04982,
43689,3.02446,
43690,3.04468,
43691,3.04663,
43692,2.88054,
43693,3.15646,
43694,3.17184,
43695,2.91608,
43696,3.00615,
43697,2.85589,
43698,2.80268,
43699,2.76701,
43700,2.67219,
43701,2.97598,
43702,2.80892,
43703,2.80111,
43704,2.89401,
43705,3.01732,
43706,2.85844,
43707,2.81543,
43708,2.87016,
43709,2.8292,
43710,2.97611,
43711,2.83196,
43712,2.90625,
43713,3.02987,
43714,2.89617,
43715,2.99839,
43716,2.90506,
43717,2.84621,
43718,2.8929,
43719,2.85127,
43720,3.07568,
43721,2.94174,
43722,2.92391,
43723,2.93539,
43724,3.02115,
43725,2.86366,
43726,2.68887,
43727,2.86559,
43728,2.82062,
43729,2.93303,
43730,2.91874,
43731,2.68601,
43732,3.00155,
43733,3.08407,
43734,2.95821,
43735,2.87372,
43736,2.80388,
43737,3.05141,
43738,2.85983,
43739,2.60638,
43740,2.93075,
43741,2.87582,
43742,3.11744,
43743,2.80902,
43744,2.80181,
43745,2.89953,
43746,2.8914,
43747,2.8182,
43748,2.85626,
43749,2.86805,
43750,2.97497,
43751,2.97186,
43752,2.97427,
43753,2.7441,
43754,2.86417,
43755,2.82179,
43756,2.9987,
43757,3.04291,
43758,2.9707,
43759,2.98317,
43760,3.13033,
43761,2.86723,
43762,2.99167,
43763,2.99437,
43764,2.79007,
43765,3.05135,
43766,2.99175,
43767,3.12634,
43768,2.95593,
43769,2.73577,
43770,2.78321,
43771,2.95101,
43772,2.7786,
43773,2.84701,
43774,2.71669,
43775,2.85041,
43776,3.05788,
43777,3.03196,
43778,2.90727,
43779,3.04482,
43780,2.88105,
43781,2.98942,
43782,2.92921,
43783,3.05151,
43784,3.04155,
43785,3.06455,
43786,3.01943,
43787,3.02015,
43788,3.0085,
43789,2.88862,
43790,3.04954,
43791,2.70594,
43792,2.84664,
43793,3.01975,
43794,2.91835,
43795,2.98314,
43796,2.79601,
43797,2.90288,
43798,3.01044,
43799,2.80077,
43800,2.87848,
43801,2.81016,
43802,2.75954,
43803,2.85151,
43804,2.67651,
43805,2.79585,
43806,2.82276,
43807,2.92333,
43808,2.8197,
43809,2.94948,
43810,2.9843,
43811,2.96639,
43812,2.80526,
43813,2.89171,
43814,2.79756,
43815,2.81641,
43816,2.70628,
43817,3.00753,
43818,2.90826,
43819,2.93884,
43820,3.01175,
43821,2.96823,
43822,2.83266,
43823,2.96011,
43824,2.91515,
43825,2.99858,
43826,2.98196,
43827,3.1131,
43828,3.17175,
43829,3.06879,
43830,2.97104,
43831,2.96969,
43832,2.89388,
43833,2.90366,
43834,2.77503,
43835,2.83354,
43836,2.73973,
43837,2.92873,
43838,2.80554,
43839,3.01748,
43840,2.86487,
43841,2.96541,
43842,3.10468,
43843,3.04981,
43844,3.17433,
43845,2.90352,
43846,2.79712,
43847,3.0308,
43848,2.77109,
43849,3.02212,
43850,2.91208,
43851,3.04058,
43852,3.11776,
43853,3.09493,
43854,2.89141,
43855,3.09977,
43856,3.00789,
43857,2.98412,
43858,2.99792,
43859,3.10191,
43860,2.83311,
43861,3.10742,
43862,2.68847,
43863,3.07829,
43864,3.05638,
43865,3.22035,
43866,2.95503,
43867,3.06087,
43868,3.12356,
43869,2.88569,
43870,3.08469,
43871,2.77783,
43872,2.89786,
43873,2.91341,
43874,3.17201,
43875,3.11564,
43876,2.75614,
43877,2.95172,
43878,2.88758,
43879,3.04418,
43880,2.99805,
43881,3.20734,
43882,3.00577,
43883,2.91829,
43884,3.0278,
43885,3.08291,
43886,2.91074,
43887,2.89246,
43888,2.84447,
43889,2.97167,
43890,3.12767,
43891,3.09939,
43892,3.04001,
43893,2.96332,
43894,2.96608,
43895,2.80246,
43896,3.09254,
43897,2.9212,
43898,3.06047,
43899,3.01519,
43900,3.00879,
43901,2.99015,
43902,3.08232,
43903,3.04435,
43904,2.91897,
43905,2.975,
43906,3.09637,
43907,2.83278,
43908,3.15109,
43909,3.02687,
43910,2.93747,
43911,2.86018,
43912,3.02633,
43913,3.05208,
43914,2.87285,
43915,2.83162,
43916,3.05091,
43917,2.84031,
43918,2.84953,
43919,2.96175,
43920,2.87453,
43921,2.84793,
43922,3.0311,
43923,3.04987,
43924,2.90515,
43925,2.88639,
43926,2.84085,
43927,3.00311,
43928,3.08801,
43929,2.7206,
43930,2.9207,
43931,2.9135,
43932,3.00836,
43933,3.07179,
43934,3.07787,
43935,2.88047,
43936,2.90691,
43937,2.98916,
43938,2.67381,
43939,2.77444,
43940,3.16152,
43941,2.89001,
43942,2.96515,
43943,2.78088,
43944,2.77236,
43945,2.99208,
43946,2.87028,
43947,2.77328,
43948,3.07537,
43949,2.97781,
43950,2.76508,
43951,2.88223,
43952,2.82166,
43953,2.92004,
43954,2.81377,
43955,2.82224,
43956,2.94574,
43957,2.92081,
43958,3.08756,
43959,3.08774,
43960,2.98494,
43961,3.14756,
43962,2.86662,
43963,2.94966,
43964,3.09966,
43965,3.00572,
43966,3.11416,
43967,3.22813,
43968,3.31524,
43969,4.11346,
43970,3.01464,
43971,2.98888,
43972,3.02087,
43973,3.01534,
43974,2.93369,
43975,3.06838,
43976,2.96887,
43977,2.98744,
43978,2.93076,
43979,3.54755,
43980,3.02889,
43981,3.01178,
43982,2.69739,
43983,2.85724,
43984,3.0788,
43985,3.04284,
43986,3.17327,
43987,3.24091,
43988,3.09514,
43989,3.00869,
43990,3.01523,
43991,2.94855,
43992,3.13709,
43993,2.89556,
43994,2.93927,
43995,3.07606,
43996,3.08953,
43997,2.98111,
43998,2.85252,
43999,2.82373,
44000,2.86662,
44001,2.92282,
44002,2.84443,
44003,2.63916,
44004,3.0734,
44005,2.92683,
44006,2.79355,
44007,2.82575,
44008,2.89334,
44009,2.99201,
44010,2.97485,
44011,2.97578,
44012,3.00133,
44013,2.72756,
44014,2.86526,
44015,2.63899,
44016,2.99109,
44017,2.88103,
44018,2.87404,
44019,2.89989,
44020,2.93016,
44021,2.88481,
44022,2.87624,
44023,2.76624,
44024,2.7248,
44025,2.90585,
44026,2.88594,
44027,2.58743,
44028,2.70123,
44029,2.72748,
44030,2.88779,
44031,2.91463,
44032,2.8409,
44033,2.87012,
44034,2.92667,
44035,2.98058,
44036,2.70185,
44037,3.03242,
44038,2.92308,
44039,2.90603,
44040,2.87446,
44041,3.01268,
44042,3.12448,
44043,3.02276,
44044,2.86242,
44045,2.85487,
44046,3.16848,
44047,2.98484,
44048,3.03209,
44049,2.97408,
44050,2.79894,
44051,2.85801,
44052,3.00055,
44053,2.59543,
44054,2.69891,
44055,2.50693,
44056,2.74194,
44057,2.88886,
44058,2.98896,
44059,2.97372,
44060,2.99359,
44061,2.89394,
44062,2.74557,
44063,2.83492,
44064,2.95005,
44065,3.07743,
44066,2.87726,
44067,2.81517,
44068,2.45766,
44069,2.50398,
44070,3.01857,
44071,2.71392,
44072,2.88171,
44073,2.65169,
44074,2.82646,
44075,2.6806,
44076,2.68563,
44077,2.68107,
44078,2.77808,
44079,2.73434,
44080,2.70325,
44081,2.78509,
44082,2.96074,
44083,2.69145,
44084,2.91149,
44085,2.83637,
44086,3.10147,
44087,3.09569,
44088,3.06939,
44089,3.10313,
44090,3.08826,
44091,3.03995,
44092,2.88287,
44093,2.65836,
44094,2.9717,
44095,2.81071,
44096,2.83986,
44097,3.02372,
44098,2.90633,
44099,3.00852,
44100,2.89537,
44101,2.88564,
44102,2.83023,
44103,2.9172,
44104,3.0415,
44105,2.98031,
44106,2.93727,
44107,2.88516,
44108,2.77991,
44109,3.10011,
44110,2.79342,
44111,2.8344,
44112,2.93274,
44113,2.97853,
44114,2.86272,
44115,3.22813,
44116,3.09331,
44117,3.07008,
44118,2.90517,
44119,3.05838,
44120,2.9969,
44121,2.92063,
44122,2.99416,
44123,2.92796,
44124,2.94807,
44125,2.95856,
44126,2.97876,
44127,2.9237,
44128,2.78759,
44129,2.95012,
44130,2.8781,
44131,2.88223,
44132,2.61061,
44133,2.73342,
44134,2.57853,
44135,2.81654,
44136,2.9204,
44137,2.67694,
44138,2.75119,
44139,2.75374,
44140,2.89757,
44141,2.77239,
44142,2.85213,
44143,2.65437,
44144,2.85908,
44145,3.00371,
44146,2.96385,
44147,2.9089,
44148,3.00746,
44149,2.93272,
44150,3.06301,
44151,3.02051,
44152,3.02057,
44153,3.08634,
44154,2.91582,
44155,2.88117,
44156,2.68789,
44157,2.94515,
44158,2.90071,
44159,2.97547,
44160,2.90201,
44161,2.7898,
44162,2.91835,
44163,2.80515,
44164,2.90105,
44165,2.99395,
44166,3.09663,
44167,2.84924,
44168,2.82572,
44169,2.7959,
44170,3.01363,
44171,3.01812,
44172,3.05893,
44173,2.86889,
44174,3.07014,
44175,2.88189,
44176,2.98319,
44177,3.17028,
44178,2.95204,
44179,2.85655,
44180,2.77766,
44181,3.05381,
44182,3.07853,
44183,2.97957,
44184,2.98494,
44185,2.97804,
44186,3.15445,
44187,3.05039,
44188,3.27241,
44189,2.8706,
44190,2.97628,
44191,2.74246,
44192,2.90593,
44193,2.92385,
44194,2.87078,
44195,2.8684,
44196,3.09762,
44197,2.99105,
44198,2.8803,
44199,2.72632,
44200,2.84083,
44201,2.92982,
44202,2.91965,
44203,2.8933,
44204,3.08917,
44205,3.06147,
44206,3.09968,
44207,2.95069,
44208,2.85901,
44209,2.99355,
44210,2.76985,
44211,3.11872,
44212,3.13115,
44213,3.07726,
44214,3.12001,
44215,3.30622,
44216,3.41681,
44217,3.00932,
44218,3.05525,
44219,3.0542,
44220,3.14682,
44221,3.36526,
44222,3.06488,
44223,2.98134,
44224,2.99965,
44225,2.9266,
44226,3.01478,
44227,3.00212,
44228,3.03764,
44229,2.9223,
44230,2.83927,
44231,3.01745,
44232,3.39554,
44233,3.34956,
44234,3.31073,
44235,3.29774,
44236,3.31085,
44237,3.34515,
44238,3.29442,
44239,3.27841,
44240,3.31915,
44241,3.30418,
44242,3.2874,
44243,3.33075,
44244,3.3092,
44245,3.25025,
44246,3.29946,
44247,3.36101,
44248,3.30398,
44249,3.25888,
44250,3.18602,
44251,2.98521,
44252,3.17445,
44253,2.95817,
44254,2.94648,
44255,2.97017,
44256,2.99083,
44257,2.89187,
44258,3.04308,
44259,2.878,
44260,2.97976,
44261,2.97296,
44262,2.78585,
44263,2.74099,
44264,3.02658,
44265,3.19417,
44266,3.06228,
44267,2.78143,
44268,2.95398,
44269,2.9892,
44270,2.88629,
44271,2.94732,
44272,3.03859,
44273,2.83097,
44274,2.95049,
44275,2.81791,
44276,2.77646,
44277,3.05495,
44278,2.97892,
44279,2.93269,
44280,2.93335,
44281,2.85058,
44282,2.83558,
44283,2.78024,
44284,2.81319,
44285,2.99161,
44286,2.87219,
44287,2.83988,
44288,2.99838,
44289,2.91996,
44290,2.87836,
44291,2.90291,
44292,2.72627,
44293,2.74771,
44294,2.98493,
44295,2.70278,
44296,2.79434,
44297,2.80838,
44298,2.90078,
44299,2.77212,
44300,2.80226,
44301,2.87962,
44302,2.78614,
44303,2.80035,
44304,2.85145,
44305,2.90115,
44306,2.93246,
44307,2.92234,
44308,2.78769,
44309,3.01383,
44310,2.75318,
44311,2.91247,
44312,2.86093,
44313,2.87104,
44314,3.10247,
44315,2.84408,
44316,2.79346,
44317,2.98081,
44318,2.83854,
44319,2.73681,
44320,2.85135,
44321,3.05389,
44322,2.6361,
44323,2.71891,
44324,2.92786,
44325,2.71261,
44326,2.89229,
44327,2.83741,
44328,2.7427,
44329,2.6972,
44330,2.98347,
44331,2.8998,
44332,2.94546,
44333,2.85671,
44334,3.09866,
44335,2.98155,
44336,3.07653,
44337,2.92766,
44338,2.88744,
44339,3.00458,
44340,2.94204,
44341,2.97722,
44342,2.93316,
44343,2.95662,
44344,2.95665,
44345,2.66028,
44346,2.89823,
44347,2.94523,
44348,3.00015,
44349,2.95747,
44350,2.63251,
44351,2.86095,
44352,2.94751,
44353,2.82766,
44354,2.57865,
44355,2.74579,
44356,2.8164,
44357,2.79408,
44358,2.83566,
44359,2.61782,
44360,2.6893,
44361,2.70335,
44362,2.82765,
44363,2.89895,
44364,3.2086,
44365,3.17138,
44366,3.01131,
44367,2.93867,
44368,3.07626,
44369,3.15045,
44370,2.85766,
44371,3.03842,
44372,2.89455,
44373,2.92397,
44374,2.86333,
44375,3.15607,
44376,2.97307,
44377,2.95277,
44378,3.04706,
44379,3.02616,
44380,2.91799,
44381,3.05273,
44382,2.84369,
44383,3.05174,
44384,3.0419,
44385,2.93169,
44386,2.8725,
44387,2.95662,
44388,2.75159,
44389,3.01024,
44390,3.0295,
44391,2.86977,
44392,2.97753,
44393,2.90464,
44394,2.96034,
44395,3.10989,
44396,3.01675,
44397,2.88646,
44398,2.91682,
44399,2.98857,
44400,2.78716,
44401,2.94719,
44402,2.96197,
44403,3.07954,
44404,2.84995,
44405,2.91144,
44406,2.83556,
44407,2.99509,
44408,2.9963,
44409,3.02034,
44410,2.74549,
44411,2.9406,
44412,2.89471,
44413,2.79655,
44414,2.96242,
44415,3.03788,
44416,2.95561,
44417,2.73604,
44418,2.85613,
44419,2.9543,
44420,2.88028,
44421,2.82417,
44422,2.7195,
44423,2.8121,
44424,2.77636,
44425,2.87816,
44426,2.59967,
44427,2.63334,
44428,2.74109,
44429,2.78785,
44430,2.85748,
44431,2.74339,
44432,2.56657,
44433,2.78094,
44434,2.67563,
44435,2.78613,
44436,2.70226,
44437,2.74853,
44438,2.91869,
44439,2.86365,
44440,2.90315,
44441,2.64307,
44442,2.81001,
44443,2.71197,
44444,2.78039,
44445,2.96797,
44446,2.65844,
44447,2.73799,
44448,2.64727,
44449,2.60845,
44450,2.7939,
44451,2.79751,
44452,2.80086,
44453,2.71658,
44454,2.92372,
44455,2.76072,
44456,2.75967,
44457,2.99232,
44458,2.97072,
44459,2.92594,
44460,2.95755,
44461,3.24735,
44462,2.96637,
44463,2.8411,
44464,3.07844,
44465,2.91359,
44466,2.99785,
44467,3.06811,
44468,2.95891,
44469,2.94879,
44470,2.96625,
44471,2.79526,
44472,3.02037,
44473,2.95967,
44474,2.82395,
44475,2.95775,
44476,2.9119,
44477,2.71231,
44478,2.88079,
44479,2.88147,
44480,2.787,
44481,2.84949,
44482,2.9084,
44483,3.04908,
44484,2.85866,
44485,2.94786,
44486,2.87205,
44487,3.1693,
44488,3.19876,
44489,3.21677,
44490,3.18996,
44491,3.2592,
44492,3.21226,
44493,3.14303,
44494,3.24146,
44495,3.09403,
44496,3.19574,
44497,3.25352,
44498,3.22835,
44499,3.07251,
44500,3.2674,
44501,3.19519,
44502,3.19453,
44503,3.28388,
44504,3.1732,
44505,3.21422,
44506,3.16127,
44507,3.18937,
44508,2.96014,
44509,3.15909,
44510,2.5838,
44511,2.69918,
44512,2.63822,
44513,2.48336,
44514,2.60608,
44515,2.52808,
44516,2.85715,
44517,2.44702,
44518,2.65656,
44519,2.59144,
44520,2.72468,
44521,2.70141,
44522,2.52063,
44523,2.57618,
44524,2.75817,
44525,2.88261,
44526,2.87483,
44527,2.60246,
44528,2.5385,
44529,3.0472,
44530,3.13061,
44531,3.0294,
44532,3.04894,
44533,3.044,
44534,3.03617,
44535,2.95447,
44536,2.79174,
44537,2.90996,
44538,3.0262,
44539,2.91983,
44540,2.99777,
44541,3.10549,
44542,3.11977,
44543,3.01885,
44544,2.91881,
44545,2.75261,
44546,2.97673,
44547,2.88638,
44548,2.91729,
44549,2.66686,
44550,2.71428,
44551,2.68098,
44552,2.87432,
44553,2.90468,
44554,2.83434,
44555,2.88828,
44556,2.83759,
44557,2.89594,
44558,2.86231,
44559,2.9881,
44560,2.86755,
44561,2.77912,
44562,2.92682,
44563,2.72449,
44564,2.74629,
44565,2.75518,
44566,2.90262,
44567,3.05894,
44568,2.94842,
44569,2.77205,
44570,2.73375,
44571,2.61238,
44572,2.57772,
44573,2.61406,
44574,2.60948,
44575,2.87627,
44576,2.57865,
44577,2.67282,
44578,2.72633,
44579,2.90552,
44580,2.87481,
44581,3.00683,
44582,2.7161,
44583,3.09815,
44584,2.88201,
44585,3.15481,
44586,3.16615,
44587,2.97519,
44588,3.12163,
44589,2.97553,
44590,2.88851,
44591,2.98649,
44592,2.99972,
44593,2.85582,
44594,2.72686,
44595,2.74285,
44596,2.84711,
44597,2.80525,
44598,2.91815,
44599,2.99548,
44600,2.83192,
44601,2.97129,
44602,2.74502,
44603,2.98837,
44604,2.92543,
44605,2.75897,
44606,2.71217,
44607,2.93623,
44608,2.66897,
44609,2.76323,
44610,2.69453,
44611,2.56682,
44612,2.63946,
44613,2.69667,
44614,3.02285,
44615,3.02837,
44616,3.16099,
44617,3.15898,
44618,3.16877,
44619,3.08116,
44620,2.83593,
44621,2.9297,
44622,2.90271,
44623,3.03021,
44624,3.27107,
44625,3.011,
44626,3.05913,
44627,2.90806,
44628,2.8713,
44629,3.18322,
44630,3.15906,
44631,3.19123,
44632,3.05969,
44633,3.24899,
44634,2.92303,
44635,3.00263,
44636,2.94415,
44637,2.98305,
44638,2.79525,
44639,2.86754,
44640,2.76672,
44641,2.74472,
44642,3.02565,
44643,2.71474,
44644,2.75454,
44645,2.90007,
44646,2.90984,
44647,2.97301,
44648,2.82288,
44649,2.89583,
44650,2.81088,
44651,2.75062,
44652,2.70786,
44653,2.73633,
44654,2.88515,
44655,2.6204,
44656,2.71686,
44657,2.93171,
44658,2.81433,
44659,3.11743,
44660,3.19348,
44661,3.12649,
44662,3.26155,
44663,3.14238,
44664,3.09885,
44665,2.91502,
44666,3.02236,
44667,2.81997,
44668,2.8691,
44669,2.78582,
44670,2.81953,
44671,3.11153,
44672,3.107,
44673,2.99644,
44674,3.11838,
44675,3.10033,
44676,2.87876,
44677,2.87813,
44678,2.92694,
44679,2.76239,
44680,2.94349,
44681,3.04311,
44682,3.02797,
44683,3.10034,
44684,3.19695,
44685,3.22188,
44686,2.73953,
44687,2.85985,
44688,3.08136,
44689,3.07673,
44690,2.99174,
44691,3.00457,
44692,3.12655,
44693,3.0386,
44694,3.16076,
44695,2.96117,
44696,2.9223,
44697,3.09437,
44698,2.78087,
44699,2.99348,
44700,3.01956,
44701,2.95993,
44702,2.93579,
44703,2.96305,
44704,3.18645,
44705,3.03315,
44706,3.0711,
44707,2.96739,
44708,3.1879,
44709,3.06774,
44710,3.05576,
44711,2.92466,
44712,3.00977,
44713,2.95959,
44714,2.84083,
44715,2.92778,
44716,2.84094,
44717,2.97244,
44718,2.96332,
44719,3.01891,
44720,2.75616,
44721,2.96048,
44722,3.01988,
44723,2.93567,
44724,2.7838,
44725,2.7922,
44726,3.06385,
44727,2.80437,
44728,2.96325,
44729,2.13981,
44730,3.04942,
44731,2.95956,
44732,3.13795,
44733,3.22393,
44734,3.43461,
44735,3.06376,
44736,3.18945,
44737,3.01449,
44738,3.12744,
44739,3.06931,
44740,3.1448,
44741,3.12578,
44742,2.92724,
44743,2.98411,
44744,3.02374,
44745,3.18432,
44746,2.96246,
44747,3.05866,
44748,3.15117,
44749,3.03132,
44750,3.04685,
44751,2.94219,
44752,2.95797,
44753,3.05816,
44754,3.0181,
44755,3.0403,
44756,3.03777,
44757,2.873,
44758,3.14881,
44759,3.1693,
44760,2.92056,
44761,3.00522,
44762,2.85953,
44763,2.79974,
44764,2.76577,
44765,2.66435,
44766,2.97458,
44767,2.81776,
44768,2.79204,
44769,2.90145,
44770,3.01281,
44771,2.86211,
44772,2.82457,
44773,2.87563,
44774,2.82471,
44775,2.96988,
44776,2.82196,
44777,2.90363,
44778,3.02778,
44779,2.89345,
44780,2.99878,
44781,2.91025,
44782,2.84256,
44783,2.88325,
44784,2.86382,
44785,3.0687,
44786,2.95557,
44787,2.91817,
44788,2.93269,
44789,3.01138,
44790,2.86424,
44791,2.69162,
44792,2.85966,
44793,2.83819,
44794,2.93994,
44795,2.91875,
44796,2.67608,
44797,2.9896,
44798,3.08646,
44799,2.94929,
44800,2.8855,
44801,2.80454,
44802,3.05307,
44803,2.86086,
44804,2.61085,
44805,2.93061,
44806,2.87282,
44807,3.10113,
44808,2.81438,
44809,2.8063,
44810,2.9047,
44811,2.87759,
44812,2.82356,
44813,2.85402,
44814,2.86103,
44815,2.96679,
44816,2.97342,
44817,2.97415,
44818,2.74605,
44819,2.85155,
44820,2.81898,
44821,2.99748,
44822,3.00874,
44823,2.95887,
44824,2.98087,
44825,3.11256,
44826,2.87066,
44827,2.98099,
44828,2.97824,
44829,2.78745,
44830,3.06959,
44831,2.98849,
44832,3.13218,
44833,2.95125,
44834,2.73306,
44835,2.78371,
44836,2.94267,
44837,2.77976,
44838,2.85051,
44839,2.70458,
44840,2.86592,
44841,3.05863,
44842,3.02833,
44843,2.90672,
44844,3.05757,
44845,2.89651,
44846,2.98407,
44847,2.93236,
44848,3.0422,
44849,3.02904,
44850,3.06115,
44851,3.00451,
44852,3.02271,
44853,2.99301,
44854,2.89565,
44855,3.05722,
44856,2.70704,
44857,2.83039,
44858,3.02804,
44859,2.90766,
44860,2.98899,
44861,2.79374,
44862,2.90599,
44863,3.03059,
44864,2.78437,
44865,2.89179,
44866,2.81226,
44867,2.76172,
44868,2.83879,
44869,2.69899,
44870,2.79664,
44871,2.8184,
44872,2.92438,
44873,2.83566,
44874,2.94374,
44875,2.98699,
44876,2.94873,
44877,2.8174,
44878,2.88511,
44879,2.78707,
44880,2.81962,
44881,2.71027,
44882,2.99662,
44883,2.90458,
44884,2.94998,
44885,3.01348,
44886,2.95808,
44887,2.83972,
44888,2.96048,
44889,2.90436,
44890,3.00863,
44891,2.98299,
44892,3.11719,
44893,3.16177,
44894,3.07359,
44895,2.97238,
44896,2.9675,
44897,2.8827,
44898,2.90344,
44899,2.783,
44900,2.83114,
44901,2.73998,
44902,2.92119,
44903,2.80731,
44904,3.02293,
44905,2.87354,
44906,2.96672,
44907,3.07743,
44908,3.05595,
44909,3.17554,
44910,2.8953,
44911,2.78947,
44912,3.02406,
44913,2.75715,
44914,3.01798,
44915,2.88748,
44916,3.04242,
44917,3.11294,
44918,3.08078,
44919,2.87874,
44920,3.09915,
44921,2.99343,
44922,2.97989,
44923,2.98154,
44924,3.08068,
44925,2.83252,
44926,3.08057,
44927,2.69428,
44928,3.05748,
44929,3.04493,
44930,3.22064,
44931,2.9451,
44932,3.0714,
44933,3.12418,
44934,2.88098,
44935,3.09617,
44936,2.77893,
44937,2.89998,
44938,2.91677,
44939,3.17642,
44940,3.11884,
44941,2.76981,
44942,2.95511,
44943,2.89283,
44944,3.04479,
44945,2.99644,
44946,3.19853,
44947,3.00719,
44948,2.92754,
44949,3.0192,
44950,3.07293,
44951,2.92183,
44952,2.88716,
44953,2.84866,
44954,2.96657,
44955,3.11451,
44956,3.09128,
44957,3.03387,
44958,2.9551,
44959,2.95433,
44960,2.78259,
44961,3.07876,
44962,2.92751,
44963,3.04748,
44964,3.00192,
44965,3.02232,
44966,2.97733,
44967,3.09062,
44968,3.04598,
44969,2.90798,
44970,2.96718,
44971,3.10398,
44972,2.82416,
44973,3.15891,
44974,3.01268,
44975,2.93347,
44976,2.85233,
44977,3.01254,
44978,3.03648,
44979,2.8815,
44980,2.80638,
44981,3.05031,
44982,2.8456,
44983,2.84847,
44984,2.97249,
44985,2.85305,
44986,2.83152,
44987,3.03211,
44988,3.04117,
44989,2.89286,
44990,2.88514,
44991,2.84468,
44992,2.99756,
44993,3.07605,
44994,2.70645,
44995,2.91235,
44996,2.92779,
44997,2.99948,
44998,3.04543,
44999,3.08771,
45000,2.86961,
45001,2.92128,
45002,2.98431,
45003,2.67904,
45004,2.78078,
45005,3.14935,
45006,2.89917,
45007,2.96207,
45008,2.78099,
45009,2.78413,
45010,2.99419,
45011,2.87347,
45012,2.77969,
45013,3.07293,
45014,2.96062,
45015,2.78118,
45016,2.86653,
45017,2.82195,
45018,2.92404,
45019,2.8173,
45020,2.80828,
45021,2.94699,
45022,2.89017,
45023,3.08134,
45024,3.08727,
45025,2.99203,
45026,3.13827,
45027,2.85762,
45028,2.95787,
45029,3.08515,
45030,2.99603,
45031,3.11892,
45032,3.24204,
45033,3.31764,
45034,4.10552,
45035,3.02133,
45036,2.99718,
45037,3.01206,
45038,3.0119,
45039,2.93603,
45040,3.04717,
45041,2.97107,
45042,2.98492,
45043,2.91928,
45044,3.55371,
45045,3.04056,
45046,3.00948,
45047,2.6959,
45048,2.8595,
45049,3.07919,
45050,3.05862,
45051,3.17484,
45052,3.24319,
45053,3.10052,
45054,3.00472,
45055,3.01594,
45056,2.93428,
45057,3.12266,
45058,2.90652,
45059,2.94951,
45060,3.07593,
45061,3.09268,
45062,2.9657,
45063,2.86351,
45064,2.81723,
45065,2.85096,
45066,2.92637,
45067,2.84545,
45068,2.64958,
45069,3.07829,
45070,2.93102,
45071,2.78571,
45072,2.83397,
45073,2.88353,
45074,2.99179,
45075,2.96519,
45076,2.9688,
45077,3.01631,
45078,2.72102,
45079,2.87422,
45080,2.63334,
45081,2.98319,
45082,2.8698,
45083,2.88325,
45084,2.90529,
45085,2.91151,
45086,2.87672,
45087,2.86985,
45088,2.76786,
45089,2.72444,
45090,2.90351,
45091,2.88644,
45092,2.58211,
45093,2.70616,
45094,2.72725,
45095,2.8826,
45096,2.90407,
45097,2.84432,
45098,2.86413,
45099,2.91492,
45100,2.96997,
45101,2.70422,
45102,3.03391,
45103,2.91259,
45104,2.90982,
45105,2.87862,
45106,3.00518,
45107,3.11962,
45108,3.02885,
45109,2.86458,
45110,2.83398,
45111,3.16525,
45112,2.97725,
45113,3.02621,
45114,2.95838,
45115,2.79207,
45116,2.84928,
45117,3.01106,
45118,2.60215,
45119,2.68023,
45120,2.50688,
45121,2.74279,
45122,2.87391,
45123,2.99593,
45124,2.97374,
45125,3.00734,
45126,2.895,
45127,2.75693,
45128,2.83405,
45129,2.94936,
45130,3.07662,
45131,2.87602,
45132,2.82077,
45133,2.45914,
45134,2.50756,
45135,3.03007,
45136,2.70106,
45137,2.89138,
45138,2.64876,
45139,2.8208,
45140,2.66508,
45141,2.69262,
45142,2.70763,
45143,2.78082,
45144,2.7338,
45145,2.71023,
45146,2.77413,
45147,2.96171,
45148,2.68433,
45149,2.92037,
45150,2.84892,
45151,3.08358,
45152,3.09215,
45153,3.04782,
45154,3.09654,
45155,3.07885,
45156,3.01502,
45157,2.87686,
45158,2.65138,
45159,2.96376,
45160,2.81377,
45161,2.82868,
45162,3.0156,
45163,2.90378,
45164,2.99368,
45165,2.90196,
45166,2.87799,
45167,2.82338,
45168,2.93698,
45169,3.04909,
45170,2.984,
45171,2.94335,
45172,2.88198,
45173,2.78396,
45174,3.08886,
45175,2.7909,
45176,2.83827,
45177,2.94245,
45178,2.99161,
45179,2.86434,
45180,3.22353,
45181,3.08804,
45182,3.05056,
45183,2.89321,
45184,3.06747,
45185,2.99639,
45186,2.92737,
45187,2.99942,
45188,2.93489,
45189,2.95585,
45190,2.95252,
45191,2.97065,
45192,2.89512,
45193,2.78477,
45194,2.94719,
45195,2.87056,
45196,2.8795,
45197,2.60374,
45198,2.72039,
45199,2.56932,
45200,2.81125,
45201,2.93962,
45202,2.66496,
45203,2.75452,
45204,2.73587,
45205,2.89301,
45206,2.78306,
45207,2.8382,
45208,2.65253,
45209,2.8527,
45210,2.97934,
45211,2.96091,
45212,2.91058,
45213,3.01163,
45214,2.92885,
45215,3.06269,
45216,3.027,
45217,3.01726,
45218,3.07845,
45219,2.93231,
45220,2.88084,
45221,2.6843,
45222,2.94305,
45223,2.895,
45224,2.97015,
45225,2.91005,
45226,2.79708,
45227,2.91271,
45228,2.81292,
45229,2.88325,
45230,2.99331,
45231,3.09758,
45232,2.86735,
45233,2.82351,
45234,2.80096,
45235,3.01524,
45236,3.01513,
45237,3.05542,
45238,2.867,
45239,3.06874,
45240,2.88058,
45241,2.96896,
45242,3.16538,
45243,2.93818,
45244,2.83319,
45245,2.78257,
45246,3.04298,
45247,3.08419,
45248,2.96202,
45249,2.97601,
45250,2.97197,
45251,3.14512,
45252,3.05471,
45253,3.25437,
45254,2.87843,
45255,2.96216,
45256,2.75318,
45257,2.88321,
45258,2.92992,
45259,2.87413,
45260,2.86022,
45261,3.0962,
45262,2.99933,
45263,2.87946,
45264,2.73556,
45265,2.86227,
45266,2.92163,
45267,2.92903,
45268,2.90136,
45269,3.08229,
45270,3.05736,
45271,3.08742,
45272,2.93348,
45273,2.8608,
45274,2.98945,
45275,2.76059,
45276,3.09891,
45277,3.13778,
45278,3.10247,
45279,3.11951,
45280,3.29102,
45281,3.43778,
45282,3.01894,
45283,3.06228,
45284,3.06267,
45285,3.12721,
45286,3.35474,
45287,3.06263,
45288,2.98225,
45289,2.99814,
45290,2.92701,
45291,3.00311,
45292,3.00155,
45293,3.03052,
45294,2.92356,
45295,2.8483,
45296,3.02756,
45297,3.36564,
45298,3.34209,
45299,3.29357,
45300,3.29203,
45301,3.30693,
45302,3.33913,
45303,3.30258,
45304,3.2706,
45305,3.30573,
45306,3.31598,
45307,3.29011,
45308,3.33423,
45309,3.30812,
45310,3.24097,
45311,3.30392,
45312,3.36134,
45313,3.29771,
45314,3.25957,
45315,3.19162,
45316,2.99086,
45317,3.17771,
45318,2.95759,
45319,2.94349,
45320,2.95773,
45321,2.99157,
45322,2.88171,
45323,3.03079,
45324,2.89031,
45325,2.96312,
45326,2.96731,
45327,2.78892,
45328,2.72793,
45329,3.01464,
45330,3.20632,
45331,3.0695,
45332,2.77076,
45333,2.95313,
45334,2.97565,
45335,2.89078,
45336,2.94034,
45337,3.02739,
45338,2.83676,
45339,2.9432,
45340,2.80685,
45341,2.76068,
45342,3.04893,
45343,2.95942,
45344,2.92695,
45345,2.9319,
45346,2.84119,
45347,2.83565,
45348,2.76908,
45349,2.80836,
45350,2.97868,
45351,2.8712,
45352,2.84133,
45353,2.9822,
45354,2.92547,
45355,2.87308,
45356,2.89722,
45357,2.72581,
45358,2.74694,
45359,2.98661,
45360,2.67338,
45361,2.78464,
45362,2.80188,
45363,2.89259,
45364,2.77859,
45365,2.80734,
45366,2.87829,
45367,2.77587,
45368,2.79083,
45369,2.84463,
45370,2.88438,
45371,2.90872,
45372,2.91905,
45373,2.78742,
45374,3.01015,
45375,2.74971,
45376,2.91747,
45377,2.87954,
45378,2.86641,
45379,3.10353,
45380,2.85276,
45381,2.78038,
45382,2.97384,
45383,2.83568,
45384,2.73646,
45385,2.86106,
45386,3.05869,
45387,2.64624,
45388,2.71069,
45389,2.9173,
45390,2.73594,
45391,2.88465,
45392,2.83644,
45393,2.74714,
45394,2.70436,
45395,2.9813,
45396,2.90517,
45397,2.9462,
45398,2.84425,
45399,3.09467,
45400,2.98107,
45401,3.06092,
45402,2.91999,
45403,2.88835,
45404,3.00971,
45405,2.93376,
45406,2.96206,
45407,2.93635,
45408,2.94365,
45409,2.95295,
45410,2.65925,
45411,2.8848,
45412,2.9445,
45413,3.00356,
45414,2.96043,
45415,2.63168,
45416,2.86485,
45417,2.96195,
45418,2.84407,
45419,2.59144,
45420,2.7499,
45421,2.82672,
45422,2.79702,
45423,2.84754,
45424,2.61031,
45425,2.68405,
45426,2.69339,
45427,2.84053,
45428,2.90827,
45429,3.18776,
45430,3.17751,
45431,2.99515,
45432,2.93197,
45433,3.05493,
45434,3.13817,
45435,2.85268,
45436,3.0382,
45437,2.88264,
45438,2.91313,
45439,2.85374,
45440,3.1613,
45441,2.97252,
45442,2.93934,
45443,3.03997,
45444,3.03024,
45445,2.91333,
45446,3.05993,
45447,2.83547,
45448,3.04392,
45449,3.03878,
45450,2.9251,
45451,2.86325,
45452,2.94421,
45453,2.7527,
45454,2.99953,
45455,3.01147,
45456,2.86263,
45457,2.96483,
45458,2.90299,
45459,2.94969,
45460,3.11238,
45461,3.00956,
45462,2.88725,
45463,2.91384,
45464,2.98333,
45465,2.78286,
45466,2.92173,
45467,2.95906,
45468,3.08394,
45469,2.82966,
45470,2.90099,
45471,2.83206,
45472,2.99049,
45473,2.98903,
45474,3.02391,
45475,2.73847,
45476,2.95292,
45477,2.89103,
45478,2.7924,
45479,2.94158,
45480,3.03364,
45481,2.95648,
45482,2.74093,
45483,2.85057,
45484,2.9352,
45485,2.89225,
45486,2.8323,
45487,2.72111,
45488,2.80175,
45489,2.77175,
45490,2.86531,
45491,2.60062,
45492,2.63026,
45493,2.73769,
45494,2.79464,
45495,2.86072,
45496,2.74235,
45497,2.56898,
45498,2.79246,
45499,2.68002,
45500,2.77321,
45501,2.68403,
45502,2.75866,
45503,2.90961,
45504,2.85836,
45505,2.89505,
45506,2.63916,
45507,2.8199,
45508,2.71724,
45509,2.77609,
45510,2.96273,
45511,2.65324,
45512,2.73798,
45513,2.6575,
45514,2.60837,
45515,2.78965,
45516,2.80554,
45517,2.78599,
45518,2.74666,
45519,2.92302,
45520,2.77356,
45521,2.74873,
45522,2.98976,
45523,2.97369,
45524,2.90345,
45525,2.95553,
45526,3.24028,
45527,2.95248,
45528,2.83539,
45529,3.08401,
45530,2.91433,
45531,2.99545,
45532,3.0661,
45533,2.94563,
45534,2.95574,
45535,2.97419,
45536,2.78212,
45537,3.00421,
45538,2.97029,
45539,2.80693,
45540,2.9583,
45541,2.91122,
45542,2.71661,
45543,2.8825,
45544,2.89063,
45545,2.7707,
45546,2.84539,
45547,2.91206,
45548,3.04814,
45549,2.85632,
45550,2.9549,
45551,2.8728,
45552,3.1584,
45553,3.19399,
45554,3.2063,
45555,3.18547,
45556,3.26312,
45557,3.19534,
45558,3.14295,
45559,3.24561,
45560,3.1013,
45561,3.19065,
45562,3.2418,
45563,3.2175,
45564,3.07452,
45565,3.26368,
45566,3.19116,
45567,3.19126,
45568,3.28575,
45569,3.16903,
45570,3.21198,
45571,3.17051,
45572,3.18263,
45573,2.94703,
45574,3.14825,
45575,2.56809,
45576,2.70574,
45577,2.63999,
45578,2.4781,
45579,2.60096,
45580,2.52197,
45581,2.8632,
45582,2.43628,
45583,2.64886,
45584,2.60058,
45585,2.72065,
45586,2.69929,
45587,2.52068,
45588,2.58663,
45589,2.76439,
45590,2.87446,
45591,2.87993,
45592,2.60042,
45593,2.5503,
45594,3.04335,
45595,3.1365,
45596,3.02419,
45597,3.04442,
45598,3.04794,
45599,3.02905,
45600,2.94987,
45601,2.78686,
45602,2.90528,
45603,3.03047,
45604,2.92163,
45605,2.98513,
45606,3.11903,
45607,3.11297,
45608,3.01878,
45609,2.92063,
45610,2.7436,
45611,2.98161,
45612,2.89343,
45613,2.89753,
45614,2.66982,
45615,2.71035,
45616,2.6786,
45617,2.88228,
45618,2.90168,
45619,2.84575,
45620,2.87816,
45621,2.82261,
45622,2.89544,
45623,2.83932,
45624,2.97455,
45625,2.87483,
45626,2.79125,
45627,2.9074,
45628,2.723,
45629,2.74795,
45630,2.73726,
45631,2.89659,
45632,3.05514,
45633,2.95015,
45634,2.75933,
45635,2.72824,
45636,2.61844,
45637,2.56421,
45638,2.61374,
45639,2.61967,
45640,2.89014,
45641,2.57616,
45642,2.67515,
45643,2.72937,
45644,2.8971,
45645,2.86838,
45646,3.00492,
45647,2.72018,
45648,3.10345,
45649,2.87632,
45650,3.14781,
45651,3.14975,
45652,2.95657,
45653,3.10956,
45654,2.9615,
45655,2.88246,
45656,2.97616,
45657,3.00872,
45658,2.85939,
45659,2.72826,
45660,2.74691,
45661,2.84399,
45662,2.81151,
45663,2.91596,
45664,2.9761,
45665,2.82257,
45666,2.95849,
45667,2.7583,
45668,2.98376,
45669,2.93411,
45670,2.7606,
45671,2.68254,
45672,2.93657,
45673,2.66389,
45674,2.75677,
45675,2.69166,
45676,2.56023,
45677,2.63219,
45678,2.69104,
45679,3.02418,
45680,3.01385,
45681,3.16841,
45682,3.15654,
45683,3.14591,
45684,3.08914,
45685,2.84293,
45686,2.92601,
45687,2.89181,
45688,3.02528,
45689,3.26052,
45690,3.00602,
45691,3.05437,
45692,2.89434,
45693,2.85984,
45694,3.18031,
45695,3.14454,
45696,3.18819,
45697,3.05499,
45698,3.24301,
45699,2.92881,
45700,2.99223,
45701,2.95516,
45702,2.96699,
45703,2.79455,
45704,2.86174,
45705,2.75311,
45706,2.74569,
45707,3.02912,
45708,2.70073,
45709,2.75506,
45710,2.90995,
45711,2.90604,
45712,2.96214,
45713,2.82095,
45714,2.88962,
45715,2.79541,
45716,2.76502,
45717,2.69562,
45718,2.73809,
45719,2.87764,
45720,2.61589,
45721,2.73466,
45722,2.93843,
45723,2.8207,
45724,3.11694,
45725,3.19225,
45726,3.12837,
45727,3.24444,
45728,3.13546,
45729,3.09988,
45730,2.9159,
45731,2.99431,
45732,2.83405,
45733,2.86125,
45734,2.77552,
45735,2.83477,
45736,3.11548,
45737,3.11183,
45738,2.98882,
45739,3.11085,
45740,3.08042,
45741,2.87641,
45742,2.87823,
45743,2.91905,
45744,2.78119,
45745,2.95834,
45746,3.03487,
45747,3.03176,
45748,3.09365,
45749,3.2064,
45750,3.21966,
45751,2.73286,
45752,2.87436,
45753,3.07093,
45754,3.09574,
45755,2.9867,
45756,2.99071,
45757,3.12545,
45758,3.03938,
45759,3.1564,
45760,2.96295,
45761,2.9149,
45762,3.09349,
45763,2.79025,
45764,2.99879,
45765,3.00927,
45766,2.95635,
45767,2.93516,
45768,2.97029,
45769,3.17861,
45770,3.03199,
45771,3.0778,
45772,2.97532,
45773,3.1838,
45774,3.06902,
45775,3.03193,
45776,2.94131,
45777,3.02034,
45778,2.96224,
45779,2.8414,
45780,2.93012,
45781,2.84576,
45782,2.97185,
45783,2.9552,
45784,3.02031,
45785,2.75917,
45786,2.9375,
45787,3.01988,
45788,2.93227,
45789,2.78317,
45790,2.77707,
45791,3.05212,
45792,2.79971,
45793,2.96453,
45794,2.13413,
45795,3.03478,
45796,2.96259,
45797,3.12802,
45798,3.22725,
45799,3.4414,
45800,3.06091,
45801,3.17869,
45802,3.01845,
45803,3.13167,
45804,3.07944,
45805,3.13972,
45806,3.10867,
45807,2.93762,
45808,2.97341,
45809,3.03472,
45810,3.18304,
45811,2.97288,
45812,3.06722,
45813,3.15275,
45814,3.0464,
45815,3.04445,
45816,2.9342,
45817,2.96414,
45818,3.06421,
45819,3.03072,
45820,3.02938,
45821,3.04395,
45822,2.86567,
45823,3.14158,
45824,3.15429,
45825,2.91413,
45826,3.01618,
45827,2.86481,
45828,2.79916,
45829,2.77932,
45830,2.66073,
45831,2.97294,
45832,2.82924,
45833,2.78552,
45834,2.89474,
45835,3.02336,
45836,2.85396,
45837,2.82766,
45838,2.89041,
45839,2.82439,
45840,2.97717,
45841,2.83101,
45842,2.9042,
45843,3.0241,
45844,2.90278,
45845,2.99677,
45846,2.90275,
45847,2.81907,
45848,2.89647,
45849,2.83545,
45850,3.07142,
45851,2.93204,
45852,2.91653,
45853,2.93311,
45854,3.02512,
45855,2.85855,
45856,2.68873,
45857,2.86731,
45858,2.82884,
45859,2.94156,
45860,2.92002,
45861,2.67746,
45862,2.98635,
45863,3.08655,
45864,2.95843,
45865,2.87771,
45866,2.81328,
45867,3.05344,
45868,2.86393,
45869,2.61029,
45870,2.93899,
45871,2.87601,
45872,3.09719,
45873,2.81013,
45874,2.79763,
45875,2.88742,
45876,2.89606,
45877,2.80681,
45878,2.84262,
45879,2.85624,
45880,2.96745,
45881,2.96755,
45882,2.96407,
45883,2.73684,
45884,2.8551,
45885,2.81111,
45886,2.99371,
45887,3.00415,
45888,2.96483,
45889,2.98088,
45890,3.11539,
45891,2.87107,
45892,2.9788,
45893,2.99888,
45894,2.79389,
45895,3.04595,
45896,2.99112,
45897,3.13142,
45898,2.94152,
45899,2.74469,
45900,2.77856,
45901,2.95202,
45902,2.78355,
45903,2.84949,
45904,2.7238,
45905,2.85414,
45906,3.06814,
45907,3.03735,
45908,2.89951,
45909,3.05205,
45910,2.87031,
45911,2.97479,
45912,2.92866,
45913,3.04698,
45914,3.0318,
45915,3.06193,
45916,3.00619,
45917,3.02659,
45918,2.9872,
45919,2.89827,
45920,3.05161,
45921,2.71107,
45922,2.84401,
45923,3.01811,
45924,2.92166,
45925,2.97607,
45926,2.77414,
45927,2.90433,
45928,3.00511,
45929,2.78429,
45930,2.88359,
45931,2.81481,
45932,2.76445,
45933,2.8538,
45934,2.69456,
45935,2.80144,
45936,2.83553,
45937,2.92132,
45938,2.83629,
45939,2.93936,
45940,2.98361,
45941,2.9585,
45942,2.80383,
45943,2.88933,
45944,2.79006,
45945,2.81314,
45946,2.69985,
45947,3.00937,
45948,2.89741,
45949,2.93624,
45950,3.00836,
45951,2.95761,
45952,2.84197,
45953,2.95685,
45954,2.90032,
45955,3.0092,
45956,2.98485,
45957,3.12759,
45958,3.15864,
45959,3.06446,
45960,2.96821,
45961,2.97907,
45962,2.88239,
45963,2.89587,
45964,2.77943,
45965,2.82839,
45966,2.75004,
45967,2.93496,
45968,2.80227,
45969,3.02154,
45970,2.86522,
45971,2.9705,
45972,3.08493,
45973,3.04498,
45974,3.1725,
45975,2.8988,
45976,2.79143,
45977,3.02665,
45978,2.76287,
45979,3.03557,
45980,2.8941,
45981,3.06112,
45982,3.11533,
45983,3.07844,
45984,2.87155,
45985,3.08149,
45986,2.99913,
45987,2.96509,
45988,2.9849,
45989,3.08378,
45990,2.82715,
45991,3.08448,
45992,2.68455,
45993,3.05874,
45994,3.03574,
45995,3.22682,
45996,2.95105,
45997,3.05329,
45998,3.1203,
45999,2.8856,
46000,3.09113,
46001,2.79322,
46002,2.90671,
46003,2.92146,
46004,3.16544,
46005,3.11179,
46006,2.774,
46007,2.96458,
46008,2.89423,
46009,3.05815,
46010,2.99916,
46011,3.2065,
46012,2.99917,
46013,2.9232,
46014,3.02465,
46015,3.07656,
46016,2.90444,
46017,2.88588,
46018,2.85504,
46019,2.9751,
46020,3.11602,
46021,3.08188,
46022,3.03188,
46023,2.94627,
46024,2.94174,
46025,2.77698,
46026,3.0895,
46027,2.9189,
46028,3.05913,
46029,2.99663,
46030,3.01415,
46031,2.97529,
46032,3.09784,
46033,3.04497,
46034,2.90761,
46035,2.97603,
46036,3.09682,
46037,2.81522,
46038,3.14163,
46039,3.00199,
46040,2.93224,
46041,2.86451,
46042,3.01031,
46043,3.0526,
46044,2.87042,
46045,2.80549,
46046,3.05088,
46047,2.83413,
46048,2.85868,
46049,2.95412,
46050,2.85296,
46051,2.82465,
46052,3.02954,
46053,3.04628,
46054,2.89867,
46055,2.88135,
46056,2.8344,
46057,2.99211,
46058,3.08699,
46059,2.70329,
46060,2.90878,
46061,2.91811,
46062,3.00772,
46063,3.04373,
46064,3.09095,
46065,2.86743,
46066,2.91095,
46067,2.98791,
46068,2.67967,
46069,2.79177,
46070,3.1558,
46071,2.88235,
46072,2.96267,
46073,2.77561,
46074,2.76645,
46075,2.99514,
46076,2.87298,
46077,2.7709,
46078,3.0643,
46079,2.95846,
46080,2.7687,
46081,2.87378,
46082,2.82666,
46083,2.92732,
46084,2.80827,
46085,2.80977,
46086,2.94825,
46087,2.90945,
46088,3.08851,
46089,3.07919,
46090,2.98333,
46091,3.14501,
46092,2.84955,
46093,2.9486,
46094,3.10375,
46095,3.00137,
46096,3.1187,
46097,3.23251,
46098,3.30347,
46099,4.10981,
46100,3.01463,
46101,2.98962,
46102,3.01902,
46103,3.0221,
46104,2.94432,
46105,3.04457,
46106,2.96461,
46107,2.98686,
46108,2.91661,
46109,3.55058,
46110,3.02899,
46111,3.00736,
46112,2.69746,
46113,2.83641,
46114,3.08254,
46115,3.04891,
46116,3.17787,
46117,3.25643,
46118,3.09945,
46119,3.00366,
46120,3.00524,
46121,2.9351,
46122,3.12309,
46123,2.89164,
46124,2.93971,
46125,3.09635,
46126,3.09334,
46127,2.97223,
46128,2.84713,
46129,2.81659,
46130,2.85716,
46131,2.92543,
46132,2.84841,
46133,2.63657,
46134,3.07951,
46135,2.92438,
46136,2.78602,
46137,2.82732,
46138,2.87339,
46139,2.99278,
46140,2.96204,
46141,2.96276,
46142,3.00884,
46143,2.74292,
46144,2.87532,
46145,2.63604,
46146,2.98726,
46147,2.87382,
46148,2.88671,
46149,2.89948,
46150,2.92767,
46151,2.87779,
46152,2.86243,
46153,2.7603,
46154,2.74501,
46155,2.89284,
46156,2.89633,
46157,2.60746,
46158,2.71083,
46159,2.73333,
46160,2.87732,
46161,2.8963,
46162,2.84562,
46163,2.8678,
46164,2.91482,
46165,2.96761,
46166,2.70599,
46167,3.03549,
46168,2.91674,
46169,2.90067,
46170,2.89145,
46171,3.01863,
46172,3.12497,
46173,3.02331,
46174,2.87516,
46175,2.83335,
46176,3.1631,
46177,2.97767,
46178,3.0275,
46179,2.95543,
46180,2.80941,
46181,2.83939,
46182,2.99592,
46183,2.58746,
46184,2.68416,
46185,2.52848,
46186,2.74174,
46187,2.8799,
46188,2.9899,
46189,2.97548,
46190,2.98822,
46191,2.89,
46192,2.75721,
46193,2.8336,
46194,2.9558,
46195,3.07444,
46196,2.87896,
46197,2.81577,
46198,2.45965,
46199,2.50144,
46200,3.03081,
46201,2.70743,
46202,2.88225,
46203,2.65094,
46204,2.83313,
46205,2.69377,
46206,2.6926,
46207,2.70121,
46208,2.77798,
46209,2.7474,
46210,2.71008,
46211,2.77769,
46212,2.95356,
46213,2.69405,
46214,2.92566,
46215,2.84271,
46216,3.10222,
46217,3.07443,
46218,3.03978,
46219,3.10648,
46220,3.08389,
46221,3.01277,
46222,2.86082,
46223,2.64282,
46224,2.9602,
46225,2.81108,
46226,2.82392,
46227,3.0047,
46228,2.91186,
46229,3.00039,
46230,2.88924,
46231,2.87613,
46232,2.80878,
46233,2.92282,
46234,3.04099,
46235,2.97498,
46236,2.93907,
46237,2.87417,
46238,2.78379,
46239,3.08614,
46240,2.77531,
46241,2.83659,
46242,2.93291,
46243,2.98136,
46244,2.85628,
46245,3.22553,
46246,3.08825,
46247,3.05745,
46248,2.88239,
46249,3.05761,
46250,2.98796,
46251,2.91635,
46252,2.9859,
46253,2.91536,
46254,2.93869,
46255,2.94369,
46256,2.95762,
46257,2.89961,
46258,2.78066,
46259,2.95328,
46260,2.88354,
46261,2.87754,
46262,2.60259,
46263,2.72568,
46264,2.56525,
46265,2.82169,
46266,2.92498,
46267,2.67133,
46268,2.77293,
46269,2.73494,
46270,2.90466,
46271,2.7779,
46272,2.83878,
46273,2.64338,
46274,2.84073,
46275,2.98842,
46276,2.9678,
46277,2.90056,
46278,3.01297,
46279,2.94013,
46280,3.05728,
46281,3.01807,
46282,3.00166,
46283,3.06332,
46284,2.90704,
46285,2.89064,
46286,2.68043,
46287,2.9483,
46288,2.89115,
46289,2.97357,
46290,2.91799,
46291,2.79393,
46292,2.90901,
46293,2.81015,
46294,2.89906,
46295,2.99723,
46296,3.11477,
46297,2.85402,
46298,2.83263,
46299,2.79639,
46300,2.99516,
46301,3.02995,
46302,3.05655,
46303,2.88641,
46304,3.07885,
46305,2.87609,
46306,2.95887,
46307,3.15975,
46308,2.92557,
46309,2.85283,
46310,2.76372,
46311,3.0459,
46312,3.06834,
46313,2.98555,
46314,2.98577,
46315,2.96684,
46316,3.14346,
46317,3.04351,
46318,3.25575,
46319,2.86799,
46320,2.9625,
46321,2.75236,
46322,2.89378,
46323,2.92679,
46324,2.87103,
46325,2.8626,
46326,3.08028,
46327,3.00887,
46328,2.90677,
46329,2.73548,
46330,2.84884,
46331,2.92214,
46332,2.92531,
46333,2.89885,
46334,3.08313,
46335,3.05941,
46336,3.09181,
46337,2.92736,
46338,2.84959,
46339,2.98552,
46340,2.75556,
46341,3.10766,
46342,3.12932,
46343,3.06909,
46344,3.11517,
46345,3.2855,
46346,3.40375,
46347,2.99598,
46348,3.05607,
46349,3.05293,
46350,3.13099,
46351,3.3571,
46352,3.07869,
46353,2.98246,
46354,2.98264,
46355,2.93752,
46356,3.01143,
46357,2.99723,
46358,3.03177,
46359,2.91982,
46360,2.84965,
46361,3.01678,
46362,3.37054,
46363,3.34106,
46364,3.2929,
46365,3.28151,
46366,3.30639,
46367,3.32818,
46368,3.2923,
46369,3.27123,
46370,3.31938,
46371,3.30174,
46372,3.28417,
46373,3.33727,
46374,3.32888,
46375,3.23664,
46376,3.29759,
46377,3.35173,
46378,3.30071,
46379,3.25397,
46380,3.19883,
46381,2.98923,
46382,3.1703,
46383,2.94438,
46384,2.93946,
46385,2.96503,
46386,2.98696,
46387,2.87613,
46388,3.03341,
46389,2.87498,
46390,2.96442,
46391,2.96394,
46392,2.78232,
46393,2.72744,
46394,3.01317,
46395,3.19216,
46396,3.06141,
46397,2.77061,
46398,2.95787,
46399,2.98091,
46400,2.89469,
46401,2.94156,
46402,3.04179,
46403,2.83147,
46404,2.95851,
46405,2.81201,
46406,2.75275,
46407,3.05283,
46408,2.96455,
46409,2.92707,
46410,2.91367,
46411,2.83587,
46412,2.83983,
46413,2.76156,
46414,2.79626,
46415,2.98955,
46416,2.87338,
46417,2.82441,
46418,2.9714,
46419,2.93218,
46420,2.87479,
46421,2.89134,
46422,2.73672,
46423,2.74013,
46424,2.97246,
46425,2.67544,
46426,2.78113,
46427,2.80962,
46428,2.89979,
46429,2.77498,
46430,2.80616,
46431,2.89695,
46432,2.77923,
46433,2.78772,
46434,2.8494,
46435,2.88185,
46436,2.90642,
46437,2.91488,
46438,2.77114,
46439,3.00208,
46440,2.73924,
46441,2.91154,
46442,2.86727,
46443,2.86713,
46444,3.09623,
46445,2.85278,
46446,2.78711,
46447,2.97707,
46448,2.83808,
46449,2.74441,
46450,2.84593,
46451,3.04798,
46452,2.63897,
46453,2.71999,
46454,2.91345,
46455,2.71866,
46456,2.88524,
46457,2.84818,
46458,2.74235,
46459,2.70605,
46460,2.97238,
46461,2.89111,
46462,2.95501,
46463,2.84303,
46464,3.08704,
46465,2.96962,
46466,3.05685,
46467,2.92874,
46468,2.87334,
46469,3.00709,
46470,2.92457,
46471,2.97798,
46472,2.92111,
46473,2.94458,
46474,2.95207,
46475,2.66452,
46476,2.88231,
46477,2.9478,
46478,2.99093,
46479,2.95247,
46480,2.63089,
46481,2.85202,
46482,2.95136,
46483,2.83074,
46484,2.57423,
46485,2.74436,
46486,2.82294,
46487,2.80261,
46488,2.83966,
46489,2.59727,
46490,2.68617,
46491,2.70746,
46492,2.82926,
46493,2.89672,
46494,3.1804,
46495,3.15636,
46496,2.98506,
46497,2.91595,
46498,3.06584,
46499,3.12978,
46500,2.85327,
46501,3.03501,
46502,2.88718,
46503,2.90825,
46504,2.85609,
46505,3.14594,
46506,2.96763,
46507,2.93843,
46508,3.03468,
46509,3.02437,
46510,2.90403,
46511,3.062,
46512,2.84182,
46513,3.03857,
46514,3.03242,
46515,2.93283,
46516,2.86703,
46517,2.94483,
46518,2.73173,
46519,2.99213,
46520,3.01058,
46521,2.85467,
46522,2.95344,
46523,2.8849,
46524,2.94547,
46525,3.09544,
46526,3.00616,
46527,2.88337,
46528,2.90304,
46529,2.98874,
46530,2.77799,
46531,2.93141,
46532,2.95226,
46533,3.08693,
46534,2.83529,
46535,2.91684,
46536,2.82949,
46537,2.98386,
46538,2.98164,
46539,3.01571,
46540,2.73057,
46541,2.94218,
46542,2.89184,
46543,2.78951,
46544,2.94516,
46545,3.03506,
46546,2.95066,
46547,2.73069,
46548,2.84174,
46549,2.93058,
46550,2.88384,
46551,2.81958,
46552,2.72086,
46553,2.81685,
46554,2.77343,
46555,2.86475,
46556,2.59709,
46557,2.63154,
46558,2.7333,
46559,2.80087,
46560,2.8488,
46561,2.74559,
46562,2.57457,
46563,2.78881,
46564,2.68278,
46565,2.76468,
46566,2.69705,
46567,2.74813,
46568,2.92454,
46569,2.85994,
46570,2.89648,
46571,2.63959,
46572,2.80698,
46573,2.72273,
46574,2.77664,
46575,2.97285,
46576,2.6464,
46577,2.76516,
46578,2.64242,
46579,2.5969,
46580,2.78186,
46581,2.80382,
46582,2.79998,
46583,2.74847,
46584,2.91987,
46585,2.77968,
46586,2.73839,
46587,2.9697,
46588,2.96934,
46589,2.90397,
46590,2.94577,
46591,3.2355,
46592,2.95103,
46593,2.83184,
46594,3.07961,
46595,2.92551,
46596,3.00449,
46597,3.06998,
46598,2.95854,
46599,2.95785,
46600,2.97603,
46601,2.78454,
46602,3.0103,
46603,2.96981,
46604,2.82025,
46605,2.9541,
46606,2.9026,
46607,2.73026,
46608,2.88101,
46609,2.89327,
46610,2.76836,
46611,2.85292,
46612,2.91052,
46613,3.05087,
46614,2.85459,
46615,2.94934,
46616,2.86705,
46617,3.15843,
46618,3.18574,
46619,3.2104,
46620,3.19301,
46621,3.25943,
46622,3.19651,
46623,3.15099,
46624,3.26586,
46625,3.09347,
46626,3.21244,
46627,3.24744,
46628,3.22931,
46629,3.07694,
46630,3.27278,
46631,3.18383,
46632,3.17838,
46633,3.28281,
46634,3.1877,
46635,3.22113,
46636,3.17865,
46637,3.18676,
46638,2.93662,
46639,3.14616,
46640,2.59914,
46641,2.69238,
46642,2.63462,
46643,2.47553,
46644,2.58673,
46645,2.50555,
46646,2.85591,
46647,2.44803,
46648,2.6528,
46649,2.58855,
46650,2.70811,
46651,2.68546,
46652,2.5137,
46653,2.56717,
46654,2.76007,
46655,2.87545,
46656,2.86037,
46657,2.62496,
46658,2.54316,
46659,3.04604,
46660,3.12731,
46661,3.01806,
46662,3.03591,
46663,3.03456,
46664,3.01664,
46665,2.93858,
46666,2.77371,
46667,2.89243,
46668,3.02173,
46669,2.89594,
46670,2.97777,
46671,3.08744,
46672,3.09798,
46673,3.02151,
46674,2.90953,
46675,2.74377,
46676,2.97379,
46677,2.88693,
46678,2.89431,
46679,2.66833,
46680,2.70823,
46681,2.66613,
46682,2.87488,
46683,2.91143,
46684,2.83113,
46685,2.88454,
46686,2.8246,
46687,2.88451,
46688,2.83616,
46689,2.96743,
46690,2.86559,
46691,2.77782,
46692,2.90253,
46693,2.71724,
46694,2.7304,
46695,2.72852,
46696,2.89339,
46697,3.05686,
46698,2.94261,
46699,2.75966,
46700,2.72589,
46701,2.62151,
46702,2.55832,
46703,2.6151,
46704,2.60268,
46705,2.87404,
46706,2.5916,
46707,2.67411,
46708,2.73599,
46709,2.89907,
46710,2.87218,
46711,3.00538,
46712,2.7312,
46713,3.09667,
46714,2.88019,
46715,3.16079,
46716,3.1392,
46717,2.96407,
46718,3.10892,
46719,2.95125,
46720,2.88127,
46721,2.96976,
46722,2.99925,
46723,2.84774,
46724,2.71282,
46725,2.73277,
46726,2.85491,
46727,2.79217,
46728,2.91512,
46729,2.97766,
46730,2.81875,
46731,2.95811,
46732,2.74267,
46733,2.97774,
46734,2.94273,
46735,2.76823,
46736,2.68538,
46737,2.93997,
46738,2.65533,
46739,2.76226,
46740,2.6954,
46741,2.5627,
46742,2.62653,
46743,2.69223,
46744,3.00509,
46745,3.01208,
46746,3.15217,
46747,3.16219,
46748,3.14212,
46749,3.08801,
46750,2.82867,
46751,2.91898,
46752,2.88919,
46753,3.02638,
46754,3.24402,
46755,2.99776,
46756,3.04907,
46757,2.8854,
46758,2.85752,
46759,3.18362,
46760,3.13644,
46761,3.189,
46762,3.0571,
46763,3.23469,
46764,2.9154,
46765,3.00309,
46766,2.94481,
46767,2.96265,
46768,2.77974,
46769,2.85346,
46770,2.76158,
46771,2.74518,
46772,3.02041,
46773,2.70574,
46774,2.75898,
46775,2.90727,
46776,2.92748,
46777,2.96388,
46778,2.82644,
46779,2.89352,
46780,2.79628,
46781,2.74771,
46782,2.69319,
46783,2.73916,
46784,2.8808,
46785,2.61548,
46786,2.71594,
46787,2.9386,
46788,2.81867,
46789,3.11282,
46790,3.20511,
46791,3.12128,
46792,3.24336,
46793,3.12586,
46794,3.08675,
46795,2.90128,
46796,3.00032,
46797,2.81871,
46798,2.85413,
46799,2.77422,
46800,2.82176,
46801,3.10178,
46802,3.11343,
46803,2.99094,
46804,3.10787,
46805,3.07572,
46806,2.87561,
46807,2.87829,
46808,2.92491,
46809,2.77806,
46810,2.94548,
46811,3.05267,
46812,3.01802,
46813,3.09785,
46814,3.19126,
46815,3.2172,
46816,2.72791,
46817,2.869,
46818,3.08887,
46819,3.08106,
46820,2.99466,
46821,2.99294,
46822,3.11389,
46823,3.04666,
46824,3.15349,
46825,2.95507,
46826,2.91097,
46827,3.0875,
46828,2.7781,
46829,2.98636,
46830,3.00424,
46831,2.95931,
46832,2.94011,
46833,2.96766,
46834,3.17979,
46835,3.03358,
46836,3.0694,
46837,2.97383,
46838,3.1706,
46839,3.05459,
46840,3.04261,
46841,2.93723,
46842,3.01163,
46843,2.96731,
46844,2.85094,
46845,2.93315,
46846,2.83263,
46847,2.97467,
46848,2.97981,
46849,3.0196,
46850,2.75106,
46851,2.94543,
46852,3.01363,
46853,2.93533,
46854,2.78415,
46855,2.7689,
46856,3.04154,
46857,2.80147,
46858,2.95435,
46859,2.1294,
46860,3.03886,
46861,2.96101,
46862,3.1292,
46863,3.21184,
46864,3.44317,
46865,3.04778,
46866,3.19955,
46867,3.01133,
46868,3.13897,
46869,3.0697,
46870,3.12626,
46871,3.11594,
46872,2.92942,
46873,2.97949,
46874,3.02427,
46875,3.20215,
46876,2.9804,
46877,3.06824,
46878,3.15387,
46879,3.04332,
46880,3.05224,
46881,2.92762,
46882,2.94686,
46883,3.05047,
46884,3.01595,
46885,3.02645,
46886,3.04188,
46887,2.86558,
46888,3.13711,
46889,3.1584,
46890,2.91056,
46891,3.02362,
46892,2.85854,
46893,2.80529,
46894,2.77153,
46895,2.66906,
46896,2.96487,
46897,2.81275,
46898,2.78421,
46899,2.88388,
46900,3.01883,
46901,2.85555,
46902,2.8269,
46903,2.87263,
46904,2.82416,
46905,2.98013,
46906,2.82694,
46907,2.91692,
46908,3.02436,
46909,2.8921,
46910,2.9816,
46911,2.90299,
46912,2.82384,
46913,2.87697,
46914,2.83681,
46915,3.06323,
46916,2.93149,
46917,2.90932,
46918,2.93919,
46919,3.02615,
46920,2.8628,
46921,2.66985,
46922,2.86692,
46923,2.8267,
46924,2.94103,
46925,2.92997,
46926,2.67924,
46927,3.00116,
46928,3.08633,
46929,2.9609,
46930,2.87333,
46931,2.80691,
46932,3.05268,
46933,2.85606,
46934,2.60776,
46935,2.93302,
46936,2.88374,
46937,3.10169,
46938,2.80586,
46939,2.80283,
46940,2.89413,
46941,2.89405,
46942,2.79905,
46943,2.84472,
46944,2.85717,
46945,2.95325,
46946,2.94756,
46947,2.95874,
46948,2.73979,
46949,2.84763,
46950,2.80478,
46951,2.9854,
46952,3.0031,
46953,2.95653,
46954,2.97897,
46955,3.11103,
46956,2.87128,
46957,2.97073,
46958,2.99493,
46959,2.7858,
46960,3.04566,
46961,2.99052,
46962,3.12722,
46963,2.95063,
46964,2.74441,
46965,2.78968,
46966,2.94125,
46967,2.7713,
46968,2.85168,
46969,2.71761,
46970,2.85543,
46971,3.06749,
46972,3.01719,
46973,2.90905,
46974,3.03925,
46975,2.86507,
46976,2.96907,
46977,2.93658,
46978,3.03857,
46979,3.01928,
46980,3.04615,
46981,3.02434,
46982,3.03021,
46983,2.9834,
46984,2.88811,
46985,3.0437,
46986,2.71855,
46987,2.83844,
46988,3.02351,
46989,2.90516,
46990,2.98549,
46991,2.77875,
46992,2.89626,
46993,3.00749,
46994,2.79101,
46995,2.87482,
46996,2.80798,
46997,2.78283,
46998,2.84971,
46999,2.68915,
47000,2.80363,
47001,2.82555,
47002,2.93543,
47003,2.83115,
47004,2.94148,
47005,2.9946,
47006,2.95601,
47007,2.80351,
47008,2.8818,
47009,2.7818,
47010,2.80166,
47011,2.72214,
47012,2.99443,
47013,2.90212,
47014,2.9475,
47015,3.01479,
47016,2.96492,
47017,2.84212,
47018,2.95997,
47019,2.89592,
47020,3.01324,
47021,2.98718,
47022,3.13851,
47023,3.15798,
47024,3.06079,
47025,2.96648,
47026,2.96905,
47027,2.88184,
47028,2.90527,
47029,2.77908,
47030,2.8278,
47031,2.73513,
47032,2.92363,
47033,2.81961,
47034,3.02117,
47035,2.86353,
47036,2.97476,
47037,3.08251,
47038,3.0523,
47039,3.17546,
47040,2.89998,
47041,2.80499,
47042,3.03539,
47043,2.76304,
47044,3.03829,
47045,2.88907,
47046,3.04134,
47047,3.10461,
47048,3.08052,
47049,2.86888,
47050,3.07798,
47051,2.99427,
47052,2.95935,
47053,2.97096,
47054,3.06905,
47055,2.8246,
47056,3.08643,
47057,2.6797,
47058,3.04932,
47059,3.05465,
47060,3.23254,
47061,2.95384,
47062,3.06142,
47063,3.11766,
47064,2.88097,
47065,3.1024,
47066,2.77897,
47067,2.89173,
47068,2.90648,
47069,3.1635,
47070,3.14372,
47071,2.7772,
47072,2.9572,
47073,2.87924,
47074,3.0502,
47075,3.00542,
47076,3.2053,
47077,3.01687,
47078,2.9272,
47079,3.0296,
47080,3.08496,
47081,2.91767,
47082,2.91026,
47083,2.85442,
47084,2.96543,
47085,3.12246,
47086,3.0779,
47087,3.0204,
47088,2.94716,
47089,2.93712,
47090,2.77964,
47091,3.07093,
47092,2.9191,
47093,3.04538,
47094,3.00959,
47095,3.01793,
47096,2.97879,
47097,3.08303,
47098,3.02635,
47099,2.90507,
47100,2.96948,
47101,3.11122,
47102,2.81478,
47103,3.14817,
47104,2.99084,
47105,2.93086,
47106,2.86002,
47107,3.01501,
47108,3.0491,
47109,2.86724,
47110,2.8001,
47111,3.05117,
47112,2.82909,
47113,2.8427,
47114,2.95702,
47115,2.84414,
47116,2.81832,
47117,3.03909,
47118,3.03438,
47119,2.88181,
47120,2.89007,
47121,2.82721,
47122,2.99915,
47123,3.08237,
47124,2.69916,
47125,2.91589,
47126,2.91567,
47127,3.00524,
47128,3.04953,
47129,3.08602,
47130,2.88291,
47131,2.91574,
47132,2.97956,
47133,2.66543,
47134,2.77964,
47135,3.15653,
47136,2.88592,
47137,2.97795,
47138,2.76789,
47139,2.76337,
47140,2.98275,
47141,2.86953,
47142,2.7673,
47143,3.05464,
47144,2.96772,
47145,2.76458,
47146,2.87005,
47147,2.83553,
47148,2.9282,
47149,2.80731,
47150,2.81609,
47151,2.94062,
47152,2.88967,
47153,3.08361,
47154,3.08495,
47155,2.98475,
47156,3.14062,
47157,2.84174,
47158,2.9536,
47159,3.08682,
47160,2.99719,
47161,3.10573,
47162,3.23929,
47163,3.30184,
47164,4.10135,
47165,3.01841,
47166,2.98402,
47167,3.0058,
47168,3.02134,
47169,2.94119,
47170,3.04138,
47171,2.96281,
47172,2.98812,
47173,2.92878,
47174,3.55695,
47175,3.0264,
47176,3.01598,
47177,2.69803,
47178,2.84044,
47179,3.07402,
47180,3.05888,
47181,3.16548,
47182,3.24712,
47183,3.09011,
47184,3.00962,
47185,3.01384,
47186,2.94035,
47187,3.11697,
47188,2.88309,
47189,2.9327,
47190,3.07622,
47191,3.095,
47192,2.95715,
47193,2.83803,
47194,2.80407,
47195,2.84985,
47196,2.92339,
47197,2.82694,
47198,2.64977,
47199,3.06859,
47200,2.92359,
47201,2.77626,
47202,2.81086,
47203,2.88489,
47204,2.98953,
47205,2.97438,
47206,2.96993,
47207,3.01062,
47208,2.72321,
47209,2.86501,
47210,2.62695,
47211,2.98811,
47212,2.87901,
47213,2.87173,
47214,2.9025,
47215,2.91853,
47216,2.88159,
47217,2.8697,
47218,2.76354,
47219,2.73166,
47220,2.90801,
47221,2.87671,
47222,2.57847,
47223,2.70115,
47224,2.73481,
47225,2.89242,
47226,2.90059,
47227,2.84164,
47228,2.87823,
47229,2.9237,
47230,2.98417,
47231,2.69456,
47232,3.03902,
47233,2.91342,
47234,2.90604,
47235,2.87962,
47236,3.01645,
47237,3.11931,
47238,3.00039,
47239,2.86372,
47240,2.8444,
47241,3.17137,
47242,2.98602,
47243,3.02159,
47244,2.95302,
47245,2.79098,
47246,2.84632,
47247,2.9842,
47248,2.60854,
47249,2.68657,
47250,2.52853,
47251,2.74317,
47252,2.8744,
47253,2.9932,
47254,2.97206,
47255,3.00177,
47256,2.91292,
47257,2.76142,
47258,2.84898,
47259,2.94848,
47260,3.08891,
47261,2.88871,
47262,2.81609,
47263,2.45831,
47264,2.49761,
47265,3.02899,
47266,2.70536,
47267,2.90207,
47268,2.64414,
47269,2.81229,
47270,2.68149,
47271,2.68122,
47272,2.70293,
47273,2.78809,
47274,2.74529,
47275,2.72324,
47276,2.7768,
47277,2.97095,
47278,2.70153,
47279,2.92592,
47280,2.83992,
47281,3.08973,
47282,3.07346,
47283,3.03857,
47284,3.09324,
47285,3.06924,
47286,3.02545,
47287,2.85797,
47288,2.6458,
47289,2.95961,
47290,2.80122,
47291,2.83555,
47292,3.01045,
47293,2.89276,
47294,2.99736,
47295,2.89928,
47296,2.87561,
47297,2.81082,
47298,2.91382,
47299,3.04269,
47300,2.97881,
47301,2.94871,
47302,2.87343,
47303,2.78428,
47304,3.09288,
47305,2.7904,
47306,2.83853,
47307,2.94797,
47308,2.97204,
47309,2.8727,
47310,3.22577,
47311,3.09431,
47312,3.03731,
47313,2.87843,
47314,3.05677,
47315,2.98539,
47316,2.90643,
47317,2.98767,
47318,2.92507,
47319,2.9507,
47320,2.94723,
47321,2.96108,
47322,2.89117,
47323,2.76844,
47324,2.95244,
47325,2.89374,
47326,2.8948,
47327,2.61002,
47328,2.71772,
47329,2.57056,
47330,2.81884,
47331,2.93278,
47332,2.66388,
47333,2.7606,
47334,2.73607,
47335,2.88637,
47336,2.77017,
47337,2.84902,
47338,2.65114,
47339,2.84399,
47340,2.99122,
47341,2.95632,
47342,2.90398,
47343,3.00819,
47344,2.92986,
47345,3.06581,
47346,3.01487,
47347,3.00631,
47348,3.08649,
47349,2.9188,
47350,2.87595,
47351,2.68268,
47352,2.94055,
47353,2.89612,
47354,2.96034,
47355,2.90297,
47356,2.79572,
47357,2.91025,
47358,2.80633,
47359,2.88516,
47360,2.99712,
47361,3.09907,
47362,2.85122,
47363,2.84305,
47364,2.79748,
47365,2.9968,
47366,3.00479,
47367,3.04458,
47368,2.86329,
47369,3.06189,
47370,2.85237,
47371,2.95303,
47372,3.16606,
47373,2.9269,
47374,2.82725,
47375,2.76442,
47376,3.04048,
47377,3.06415,
47378,2.95599,
47379,2.97736,
47380,2.9691,
47381,3.14245,
47382,3.04413,
47383,3.25125,
47384,2.87057,
47385,2.96911,
47386,2.74318,
47387,2.8961,
47388,2.91943,
47389,2.87159,
47390,2.86231,
47391,3.08867,
47392,2.99674,
47393,2.90427,
47394,2.73214,
47395,2.83699,
47396,2.93176,
47397,2.92857,
47398,2.90264,
47399,3.06824,
47400,3.05177,
47401,3.07319,
47402,2.93113,
47403,2.84456,
47404,2.97706,
47405,2.76014,
47406,3.08818,
47407,3.13147,
47408,3.06615,
47409,3.1074,
47410,3.27258,
47411,3.41147,
47412,2.99903,
47413,3.04862,
47414,3.04721,
47415,3.12278,
47416,3.35322,
47417,3.0863,
47418,2.97533,
47419,2.98261,
47420,2.93927,
47421,3.00832,
47422,3.01407,
47423,3.04012,
47424,2.93676,
47425,2.83928,
47426,3.00974,
47427,3.36511,
47428,3.33537,
47429,3.27245,
47430,3.28606,
47431,3.29041,
47432,3.32662,
47433,3.28407,
47434,3.26992,
47435,3.30555,
47436,3.29888,
47437,3.2878,
47438,3.32688,
47439,3.31898,
47440,3.23483,
47441,3.30211,
47442,3.36308,
47443,3.32086,
47444,3.2417,
47445,3.19129,
47446,2.97751,
47447,3.18312,
47448,2.92922,
47449,2.93778,
47450,2.97087,
47451,2.9752,
47452,2.87426,
47453,3.04203,
47454,2.86962,
47455,2.96279,
47456,2.95562,
47457,2.78435,
47458,2.71873,
47459,3.0207,
47460,3.19395,
47461,3.06296,
47462,2.77511,
47463,2.95813,
47464,2.97364,
47465,2.88443,
47466,2.93921,
47467,3.03212,
47468,2.85108,
47469,2.93931,
47470,2.80102,
47471,2.76456,
47472,3.05489,
47473,2.95546,
47474,2.92029,
47475,2.911,
47476,2.83071,
47477,2.82826,
47478,2.77242,
47479,2.81095,
47480,2.97233,
47481,2.86959,
47482,2.81618,
47483,2.96878,
47484,2.92431,
47485,2.8926,
47486,2.88367,
47487,2.72634,
47488,2.73529,
47489,2.96675,
47490,2.69445,
47491,2.77747,
47492,2.79898,
47493,2.88217,
47494,2.76858,
47495,2.81492,
47496,2.87872,
47497,2.79775,
47498,2.77181,
47499,2.84051,
47500,2.88275,
47501,2.92031,
47502,2.92716,
47503,2.76774,
47504,3.00449,
47505,2.74837,
47506,2.90902,
47507,2.86401,
47508,2.88148,
47509,3.08222,
47510,2.86163,
47511,2.79202,
47512,2.97843,
47513,2.8348,
47514,2.75131,
47515,2.84503,
47516,3.05272,
47517,2.65759,
47518,2.71522,
47519,2.91097,
47520,2.73354,
47521,2.89361,
47522,2.85265,
47523,2.74555,
47524,2.71553,
47525,2.9804,
47526,2.9047,
47527,2.94922,
47528,2.83718,
47529,3.10367,
47530,2.97276,
47531,3.05286,
47532,2.91773,
47533,2.86811,
47534,3.00331,
47535,2.93848,
47536,2.96386,
47537,2.92692,
47538,2.94907,
47539,2.9542,
47540,2.65693,
47541,2.87833,
47542,2.94332,
47543,2.99158,
47544,2.96094,
47545,2.64473,
47546,2.85705,
47547,2.94486,
47548,2.83927,
47549,2.57548,
47550,2.75112,
47551,2.82854,
47552,2.80196,
47553,2.84008,
47554,2.61544,
47555,2.69081,
47556,2.71005,
47557,2.8256,
47558,2.90375,
47559,3.16229,
47560,3.15921,
47561,2.98664,
47562,2.91192,
47563,3.06152,
47564,3.12588,
47565,2.83987,
47566,3.02289,
47567,2.87912,
47568,2.90919,
47569,2.84768,
47570,3.14512,
47571,2.96002,
47572,2.93863,
47573,3.04047,
47574,3.02416,
47575,2.90203,
47576,3.05723,
47577,2.83334,
47578,3.03749,
47579,3.0347,
47580,2.94438,
47581,2.87082,
47582,2.9517,
47583,2.73625,
47584,2.99739,
47585,3.00488,
47586,2.86089,
47587,2.9569,
47588,2.89159,
47589,2.95036,
47590,3.095,
47591,3.01267,
47592,2.87264,
47593,2.91138,
47594,2.97226,
47595,2.78425,
47596,2.91833,
47597,2.95389,
47598,3.08431,
47599,2.84072,
47600,2.89593,
47601,2.81676,
47602,2.99326,
47603,2.98056,
47604,3.01612,
47605,2.73918,
47606,2.94378,
47607,2.89328,
47608,2.78516,
47609,2.93025,
47610,3.02546,
47611,2.95419,
47612,2.729,
47613,2.8427,
47614,2.93883,
47615,2.88974,
47616,2.8319,
47617,2.71609,
47618,2.79587,
47619,2.76782,
47620,2.85653,
47621,2.60006,
47622,2.62355,
47623,2.71755,
47624,2.7876,
47625,2.84393,
47626,2.74389,
47627,2.57484,
47628,2.78394,
47629,2.68261,
47630,2.77457,
47631,2.68664,
47632,2.75894,
47633,2.91369,
47634,2.85539,
47635,2.88719,
47636,2.64308,
47637,2.80553,
47638,2.71023,
47639,2.77417,
47640,2.96998,
47641,2.64959,
47642,2.74258,
47643,2.64629,
47644,2.6004,
47645,2.78646,
47646,2.78779,
47647,2.80323,
47648,2.74186,
47649,2.90996,
47650,2.75453,
47651,2.73589,
47652,2.95654,
47653,2.96141,
47654,2.89317,
47655,2.94383,
47656,3.24243,
47657,2.94317,
47658,2.83161,
47659,3.06496,
47660,2.90807,
47661,2.99189,
47662,3.05377,
47663,2.94432,
47664,2.94662,
47665,2.96167,
47666,2.7883,
47667,2.99801,
47668,2.96562,
47669,2.80952,
47670,2.95608,
47671,2.90691,
47672,2.71147,
47673,2.88752,
47674,2.89124,
47675,2.77778,
47676,2.84882,
47677,2.91797,
47678,3.05955,
47679,2.84482,
47680,2.95908,
47681,2.87216,
47682,3.17203,
47683,3.19619,
47684,3.20601,
47685,3.18313,
47686,3.25687,
47687,3.20855,
47688,3.16067,
47689,3.23709,
47690,3.08608,
47691,3.2119,
47692,3.24291,
47693,3.22165,
47694,3.07594,
47695,3.25687,
47696,3.19282,
47697,3.19135,
47698,3.29356,
47699,3.19182,
47700,3.23516,
47701,3.16903,
47702,3.18777,
47703,2.94622,
47704,3.1471,
47705,2.55964,
47706,2.68405,
47707,2.6515,
47708,2.47155,
47709,2.58816,
47710,2.51178,
47711,2.85208,
47712,2.43647,
47713,2.63922,
47714,2.57705,
47715,2.72619,
47716,2.68533,
47717,2.52885,
47718,2.56526,
47719,2.75145,
47720,2.88469,
47721,2.87128,
47722,2.61143,
47723,2.54252,
47724,3.03256,
47725,3.11475,
47726,3.01024,
47727,3.02111,
47728,3.0427,
47729,3.01951,
47730,2.94408,
47731,2.7703,
47732,2.89526,
47733,3.01114,
47734,2.89901,
47735,2.97864,
47736,3.08503,
47737,3.09931,
47738,3.00928,
47739,2.92237,
47740,2.75309,
47741,2.9653,
47742,2.8992,
47743,2.89951,
47744,2.65519,
47745,2.70979,
47746,2.67849,
47747,2.8738,
47748,2.90505,
47749,2.8296,
47750,2.86459,
47751,2.80529,
47752,2.88326,
47753,2.83029,
47754,2.97058,
47755,2.84221,
47756,2.76558,
47757,2.90576,
47758,2.70663,
47759,2.74476,
47760,2.72686,
47761,2.88915,
47762,3.05006,
47763,2.93633,
47764,2.75735,
47765,2.72523,
47766,2.62226,
47767,2.54947,
47768,2.62541,
47769,2.61277,
47770,2.87324,
47771,2.59773,
47772,2.67306,
47773,2.74345,
47774,2.90456,
47775,2.86867,
47776,3.00235,
47777,2.73045,
47778,3.09161,
47779,2.88203,
47780,3.14964,
47781,3.13023,
47782,2.95655,
47783,3.09793,
47784,2.94665,
47785,2.88258,
47786,2.9652,
47787,2.98805,
47788,2.83618,
47789,2.71422,
47790,2.7396,
47791,2.83568,
47792,2.78923,
47793,2.90688,
47794,2.97468,
47795,2.81405,
47796,2.96846,
47797,2.74379,
47798,2.99899,
47799,2.92986,
47800,2.76541,
47801,2.68397,
47802,2.94272,
47803,2.66055,
47804,2.75993,
47805,2.69633,
47806,2.57558,
47807,2.64351,
47808,2.70105,
47809,3.00974,
47810,3.01056,
47811,3.14681,
47812,3.13951,
47813,3.12764,
47814,3.07402,
47815,2.81554,
47816,2.91611,
47817,2.88546,
47818,3.01514,
47819,3.24547,
47820,3.00122,
47821,3.05046,
47822,2.90032,
47823,2.86865,
47824,3.1741,
47825,3.1414,
47826,3.17667,
47827,3.06182,
47828,3.23354,
47829,2.92372,
47830,2.99704,
47831,2.94574,
47832,2.96501,
47833,2.78865,
47834,2.85054,
47835,2.74227,
47836,2.74692,
47837,3.01434,
47838,2.69389,
47839,2.74667,
47840,2.90736,
47841,2.9192,
47842,2.95718,
47843,2.82504,
47844,2.90066,
47845,2.80214,
47846,2.74791,
47847,2.69204,
47848,2.73681,
47849,2.877,
47850,2.61781,
47851,2.71778,
47852,2.93742,
47853,2.80213,
47854,3.10955,
47855,3.18213,
47856,3.10974,
47857,3.23894,
47858,3.12095,
47859,3.08538,
47860,2.90475,
47861,2.98161,
47862,2.81907,
47863,2.85994,
47864,2.78571,
47865,2.82004,
47866,3.10367,
47867,3.09745,
47868,2.98243,
47869,3.1133,
47870,3.08002,
47871,2.88464,
47872,2.85749,
47873,2.94028,
47874,2.75944,
47875,2.94856,
47876,3.04256,
47877,3.02689,
47878,3.0888,
47879,3.19772,
47880,3.22395,
47881,2.73537,
47882,2.87048,
47883,3.07998,
47884,3.07629,
47885,2.99259,
47886,2.98588,
47887,3.11722,
47888,3.03113,
47889,3.14194,
47890,2.95866,
47891,2.92005,
47892,3.0819,
47893,2.76386,
47894,2.99136,
47895,3.0143,
47896,2.97804,
47897,2.95179,
47898,2.96911,
47899,3.17303,
47900,3.02817,
47901,3.07465,
47902,2.96815,
47903,3.17722,
47904,3.05959,
47905,3.0332,
47906,2.93533,
47907,3.03105,
47908,2.96254,
47909,2.86151,
47910,2.93632,
47911,2.84716,
47912,2.9755,
47913,2.95368,
47914,3.01507,
47915,2.74612,
47916,2.95621,
47917,3.0174,
47918,2.93399,
47919,2.77613,
47920,2.78041,
47921,3.04418,
47922,2.79905,
47923,2.95904,
47924,2.12525,
47925,3.03569,
47926,2.96875,
47927,3.13319,
47928,3.20798,
47929,3.42422,
47930,3.05596,
47931,3.17988,
47932,3.0213,
47933,3.13634,
47934,3.06902,
47935,3.12519,
47936,3.11083,
47937,2.94486,
47938,2.98113,
47939,3.01613,
47940,3.18723,
47941,2.97508,
47942,3.06858,
47943,3.16933,
47944,3.04561,
47945,3.04903,
47946,2.93136,
47947,2.94702,
47948,3.04535,
47949,3.0114,
47950,3.04954,
47951,3.03488,
47952,2.8641,
47953,3.13061,
47954,3.15029,
47955,2.90705,
47956,3.02074,
47957,2.86962,
47958,2.80113,
47959,2.76926,
47960,2.66477,
47961,2.96781,
47962,2.82055,
47963,2.78603,
47964,2.89284,
47965,3.01319,
47966,2.85604,
47967,2.81801,
47968,2.87113,
47969,2.8222,
47970,2.989,
47971,2.8234,
47972,2.90344,
47973,3.04314,
47974,2.90208,
47975,2.9873,
47976,2.8769,
47977,2.82059,
47978,2.88361,
47979,2.83979,
47980,3.08107,
47981,2.92487,
47982,2.91738,
47983,2.94144,
47984,3.01376,
47985,2.85959,
47986,2.66231,
47987,2.85952,
47988,2.83251,
47989,2.93149,
47990,2.91863,
47991,2.68032,
47992,3.00882,
47993,3.07748,
47994,2.94273,
47995,2.87179,
47996,2.80077,
47997,3.07055,
47998,2.8562,
47999,2.61623,
48000,2.93236,
48001,2.88817,
48002,3.10929,
48003,2.81212,
48004,2.80085,
48005,2.89532,
48006,2.88242,
48007,2.80068,
48008,2.85985,
48009,2.86967,
48010,2.95252,
48011,2.94595,
48012,2.94348,
48013,2.74049,
48014,2.84915,
48015,2.80506,
48016,2.984,
48017,2.99117,
48018,2.95452,
48019,2.9824,
48020,3.0998,
48021,2.86614,
48022,2.96649,
48023,2.98831,
48024,2.804,
48025,3.04782,
48026,3.00544,
48027,3.12608,
48028,2.94387,
48029,2.74649,
48030,2.78093,
48031,2.93208,
48032,2.78851,
48033,2.85936,
48034,2.71561,
48035,2.86887,
48036,3.07305,
48037,3.01764,
48038,2.89816,
48039,3.03363,
48040,2.85977,
48041,2.96747,
48042,2.92917,
48043,3.03313,
48044,3.02144,
48045,3.04931,
48046,3.01347,
48047,3.02068,
48048,2.98053,
48049,2.88974,
48050,3.04497,
48051,2.71116,
48052,2.82555,
48053,3.02479,
48054,2.90345,
48055,2.98212,
48056,2.77757,
48057,2.895,
48058,3.0181,
48059,2.78692,
48060,2.87969,
48061,2.82065,
48062,2.76265,
48063,2.83908,
48064,2.69097,
48065,2.80272,
48066,2.82908,
48067,2.92184,
48068,2.84244,
48069,2.96455,
48070,2.99132,
48071,2.9545,
48072,2.80905,
48073,2.88609,
48074,2.78164,
48075,2.81165,
48076,2.70514,
48077,2.99888,
48078,2.88307,
48079,2.92947,
48080,3.00855,
48081,2.95943,
48082,2.84886,
48083,2.95517,
48084,2.89859,
48085,3.0083,
48086,2.97902,
48087,3.12618,
48088,3.15651,
48089,3.0654,
48090,2.98008,
48091,2.97542,
48092,2.8866,
48093,2.89568,
48094,2.77817,
48095,2.82804,
48096,2.73751,
48097,2.94018,
48098,2.82067,
48099,3.04054,
48100,2.87028,
48101,2.98824,
48102,3.09756,
48103,3.05453,
48104,3.16544,
48105,2.90407,
48106,2.79621,
48107,3.03085,
48108,2.75826,
48109,3.02286,
48110,2.88131,
48111,3.03974,
48112,3.09542,
48113,3.07802,
48114,2.85572,
48115,3.08602,
48116,2.98227,
48117,2.95551,
48118,2.96534,
48119,3.06952,
48120,2.82728,
48121,3.08607,
48122,2.67261,
48123,3.05568,
48124,3.04771,
48125,3.22772,
48126,2.94115,
48127,3.05175,
48128,3.11716,
48129,2.89924,
48130,3.07791,
48131,2.77798,
48132,2.91359,
48133,2.90891,
48134,3.16116,
48135,3.11025,
48136,2.76716,
48137,2.97549,
48138,2.88298,
48139,3.0521,
48140,3.00303,
48141,3.20553,
48142,2.99754,
48143,2.92536,
48144,3.03901,
48145,3.08319,
48146,2.91823,
48147,2.89684,
48148,2.85028,
48149,2.95475,
48150,3.09786,
48151,3.07506,
48152,3.02308,
48153,2.94588,
48154,2.94667,
48155,2.76511,
48156,3.05297,
48157,2.91042,
48158,3.04774,
48159,2.98569,
48160,2.99807,
48161,2.97192,
48162,3.08456,
48163,3.02938,
48164,2.89182,
48165,2.97994,
48166,3.09728,
48167,2.81716,
48168,3.14757,
48169,2.99185,
48170,2.93718,
48171,2.85384,
48172,3.01004,
48173,3.05139,
48174,2.86925,
48175,2.80169,
48176,3.04427,
48177,2.839,
48178,2.85584,
48179,2.9589,
48180,2.84445,
48181,2.81761,
48182,3.03024,
48183,3.04259,
48184,2.88495,
48185,2.88488,
48186,2.84601,
48187,2.98399,
48188,3.07818,
48189,2.71311,
48190,2.93002,
48191,2.91119,
48192,3.00041,
48193,3.04203,
48194,3.06924,
48195,2.87681,
48196,2.89308,
48197,2.97859,
48198,2.67134,
48199,2.78959,
48200,3.15993,
48201,2.8879,
48202,2.95527,
48203,2.77353,
48204,2.78388,
48205,2.99132,
48206,2.86864,
48207,2.76228,
48208,3.05836,
48209,2.95634,
48210,2.75973,
48211,2.86751,
48212,2.81924,
48213,2.91319,
48214,2.80616,
48215,2.8061,
48216,2.94278,
48217,2.8917,
48218,3.07059,
48219,3.08551,
48220,2.97744,
48221,3.1279,
48222,2.86536,
48223,2.93043,
48224,3.09049,
48225,2.99621,
48226,3.11509,
48227,3.23883,
48228,3.29723,
48229,4.09307,
48230,3.02462,
48231,2.98748,
48232,3.01094,
48233,3.01276,
48234,2.93451,
48235,3.03978,
48236,2.96863,
48237,2.98085,
48238,2.91717,
48239,3.55716,
48240,3.03248,
48241,3.01433,
48242,2.69929,
48243,2.86341,
48244,3.07713,
48245,3.04519,
48246,3.15951,
48247,3.25162,
48248,3.10626,
48249,3.00837,
48250,3.00226,
48251,2.93846,
48252,3.11983,
48253,2.88331,
48254,2.93124,
48255,3.06953,
48256,3.07665,
48257,2.96891,
48258,2.83826,
48259,2.80785,
48260,2.86042,
48261,2.91172,
48262,2.83714,
48263,2.63713,
48264,3.07595,
48265,2.95325,
48266,2.78683,
48267,2.8037,
48268,2.87284,
48269,2.99404,
48270,2.97623,
48271,2.95901,
48272,3.00059,
48273,2.72673,
48274,2.87498,
48275,2.61294,
48276,2.98026,
48277,2.88786,
48278,2.89018,
48279,2.88737,
48280,2.91846,
48281,2.87251,
48282,2.87329,
48283,2.75659,
48284,2.73558,
48285,2.89064,
48286,2.87094,
48287,2.59014,
48288,2.71227,
48289,2.73691,
48290,2.87582,
48291,2.88571,
48292,2.84488,
48293,2.86158,
48294,2.91058,
48295,2.96048,
48296,2.71084,
48297,3.02595,
48298,2.91608,
48299,2.898,
48300,2.86759,
48301,3.02233,
48302,3.12635,
48303,3.00279,
48304,2.87083,
48305,2.8563,
48306,3.16913,
48307,2.97274,
48308,3.03619,
48309,2.96545,
48310,2.79717,
48311,2.84404,
48312,2.98354,
48313,2.58762,
48314,2.70432,
48315,2.5239,
48316,2.73496,
48317,2.87273,
48318,2.99696,
48319,2.98548,
48320,2.98759,
48321,2.89843,
48322,2.7507,
48323,2.85004,
48324,2.96399,
48325,3.08156,
48326,2.88913,
48327,2.8252,
48328,2.4614,
48329,2.5064,
48330,3.0308,
48331,2.70511,
48332,2.89476,
48333,2.65127,
48334,2.81838,
48335,2.69377,
48336,2.69364,
48337,2.70046,
48338,2.78164,
48339,2.75496,
48340,2.72522,
48341,2.79491,
48342,2.959,
48343,2.70285,
48344,2.93216,
48345,2.84995,
48346,3.07041,
48347,3.06244,
48348,3.03177,
48349,3.09086,
48350,3.0806,
48351,3.01713,
48352,2.8534,
48353,2.66143,
48354,2.98203,
48355,2.80245,
48356,2.82866,
48357,2.98708,
48358,2.88961,
48359,2.99679,
48360,2.88451,
48361,2.87141,
48362,2.80633,
48363,2.92209,
48364,3.038,
48365,2.97782,
48366,2.94993,
48367,2.90811,
48368,2.78648,
48369,3.08664,
48370,2.79018,
48371,2.82918,
48372,2.94146,
48373,2.979,
48374,2.85919,
48375,3.243,
48376,3.09181,
48377,3.03858,
48378,2.87559,
48379,3.05748,
48380,2.97559,
48381,2.91472,
48382,2.98328,
48383,2.90906,
48384,2.94526,
48385,2.94305,
48386,2.9552,
48387,2.90118,
48388,2.76475,
48389,2.94151,
48390,2.88758,
48391,2.86793,
48392,2.61189,
48393,2.7281,
48394,2.55998,
48395,2.81801,
48396,2.92296,
48397,2.65722,
48398,2.75726,
48399,2.73309,
48400,2.88802,
48401,2.76461,
48402,2.85934,
48403,2.66285,
48404,2.85038,
48405,2.97724,
48406,2.95654,
48407,2.90983,
48408,3.00689,
48409,2.93158,
48410,3.07184,
48411,3.02417,
48412,3.00624,
48413,3.0681,
48414,2.91115,
48415,2.87362,
48416,2.69411,
48417,2.93366,
48418,2.90546,
48419,2.95949,
48420,2.90823,
48421,2.79393,
48422,2.89653,
48423,2.82003,
48424,2.90304,
48425,2.99845,
48426,3.11792,
48427,2.85149,
48428,2.83382,
48429,2.79809,
48430,2.98278,
48431,3.00522,
48432,3.03763,
48433,2.86052,
48434,3.04879,
48435,2.85234,
48436,2.94501,
48437,3.15608,
48438,2.92034,
48439,2.8389,
48440,2.76507,
48441,3.03303,
48442,3.05911,
48443,2.94843,
48444,2.97218,
48445,2.959,
48446,3.13537,
48447,3.04373,
48448,3.25047,
48449,2.86955,
48450,2.96599,
48451,2.7583,
48452,2.87966,
48453,2.9269,
48454,2.86691,
48455,2.8637,
48456,3.08927,
48457,2.99429,
48458,2.88615,
48459,2.74225,
48460,2.84163,
48461,2.92483,
48462,2.92181,
48463,2.89221,
48464,3.05373,
48465,3.04919,
48466,3.08203,
48467,2.93002,
48468,2.84316,
48469,2.9825,
48470,2.7535,
48471,3.08598,
48472,3.13957,
48473,3.0671,
48474,3.11023,
48475,3.28263,
48476,3.40338,
48477,2.99362,
48478,3.04878,
48479,3.05534,
48480,3.1199,
48481,3.363,
48482,3.06625,
48483,2.9857,
48484,2.98696,
48485,2.93301,
48486,3.01042,
48487,2.99943,
48488,3.03369,
48489,2.92981,
48490,2.83457,
48491,3.01419,
48492,3.35307,
48493,3.33535,
48494,3.27519,
48495,3.2875,
48496,3.29477,
48497,3.32556,
48498,3.28659,
48499,3.26986,
48500,3.31623,
48501,3.30141,
48502,3.28178,
48503,3.32179,
48504,3.32207,
48505,3.2369,
48506,3.29453,
48507,3.36188,
48508,3.30607,
48509,3.2375,
48510,3.21437,
48511,2.97956,
48512,3.16085,
48513,2.92795,
48514,2.9353,
48515,2.9476,
48516,2.97649,
48517,2.86825,
48518,3.03834,
48519,2.87064,
48520,2.95988,
48521,2.96155,
48522,2.77923,
48523,2.72079,
48524,3.01697,
48525,3.19231,
48526,3.07924,
48527,2.76996,
48528,2.94853,
48529,2.96556,
48530,2.88983,
48531,2.93266,
48532,3.0248,
48533,2.85733,
48534,2.94573,
48535,2.79733,
48536,2.73752,
48537,3.03595,
48538,2.95322,
48539,2.92075,
48540,2.89764,
48541,2.82634,
48542,2.82989,
48543,2.75559,
48544,2.79382,
48545,2.97724,
48546,2.85676,
48547,2.81884,
48548,2.97007,
48549,2.91855,
48550,2.87448,
48551,2.88004,
48552,2.72264,
48553,2.74543,
48554,2.97194,
48555,2.67542,
48556,2.78346,
48557,2.7898,
48558,2.88163,
48559,2.77503,
48560,2.82406,
48561,2.88031,
48562,2.77043,
48563,2.76214,
48564,2.82856,
48565,2.86758,
48566,2.91409,
48567,2.91452,
48568,2.76246,
48569,2.99934,
48570,2.73716,
48571,2.92263,
48572,2.87081,
48573,2.87863,
48574,3.07309,
48575,2.83776,
48576,2.79072,
48577,2.98118,
48578,2.84021,
48579,2.74625,
48580,2.84703,
48581,3.04574,
48582,2.66184,
48583,2.72353,
48584,2.91222,
48585,2.73189,
48586,2.88896,
48587,2.84974,
48588,2.75843,
48589,2.71792,
48590,2.99299,
48591,2.89268,
48592,2.94387,
48593,2.83484,
48594,3.08835,
48595,2.96821,
48596,3.05373,
48597,2.93194,
48598,2.86425,
48599,2.9987,
48600,2.93258,
48601,2.96919,
48602,2.92186,
48603,2.97027,
48604,2.95872,
48605,2.64805,
48606,2.88096,
48607,2.94645,
48608,2.99211,
48609,2.94983,
48610,2.62013,
48611,2.84214,
48612,2.96295,
48613,2.84866,
48614,2.58403,
48615,2.73677,
48616,2.82874,
48617,2.81659,
48618,2.85396,
48619,2.60079,
48620,2.70452,
48621,2.70357,
48622,2.8249,
48623,2.91177,
48624,3.1486,
48625,3.14806,
48626,2.97913,
48627,2.9324,
48628,3.05992,
48629,3.12473,
48630,2.83776,
48631,3.03575,
48632,2.88116,
48633,2.9002,
48634,2.84091,
48635,3.13712,
48636,2.95804,
48637,2.94717,
48638,3.0338,
48639,3.02553,
48640,2.90063,
48641,3.05389,
48642,2.84221,
48643,3.02916,
48644,3.02805,
48645,2.92121,
48646,2.868,
48647,2.94178,
48648,2.71823,
48649,2.99233,
48650,2.99838,
48651,2.84612,
48652,2.95296,
48653,2.88094,
48654,2.94113,
48655,3.08426,
48656,2.99763,
48657,2.87585,
48658,2.90823,
48659,2.96608,
48660,2.7839,
48661,2.90792,
48662,2.94763,
48663,3.06457,
48664,2.82393,
48665,2.89175,
48666,2.83237,
48667,2.98055,
48668,2.97968,
48669,3.01221,
48670,2.73598,
48671,2.93199,
48672,2.88253,
48673,2.76916,
48674,2.93481,
48675,3.02876,
48676,2.94494,
48677,2.73132,
48678,2.8295,
48679,2.93127,
48680,2.88119,
48681,2.81939,
48682,2.73137,
48683,2.80477,
48684,2.77167,
48685,2.86937,
48686,2.59065,
48687,2.62586,
48688,2.72183,
48689,2.78046,
48690,2.8506,
48691,2.74824,
48692,2.56645,
48693,2.7859,
48694,2.67816,
48695,2.7626,
48696,2.68283,
48697,2.74493,
48698,2.91248,
48699,2.84898,
48700,2.90118,
48701,2.64303,
48702,2.80305,
48703,2.69951,
48704,2.78811,
48705,2.98226,
48706,2.64701,
48707,2.74379,
48708,2.66374,
48709,2.5969,
48710,2.79536,
48711,2.79174,
48712,2.79258,
48713,2.7416,
48714,2.92537,
48715,2.75573,
48716,2.72238,
48717,2.96562,
48718,2.97432,
48719,2.89127,
48720,2.96059,
48721,3.22859,
48722,2.9416,
48723,2.83708,
48724,3.06464,
48725,2.91826,
48726,2.98647,
48727,3.0587,
48728,2.94734,
48729,2.93725,
48730,2.9768,
48731,2.77663,
48732,3.01077,
48733,2.97318,
48734,2.83031,
48735,2.95391,
48736,2.90138,
48737,2.7113,
48738,2.8883,
48739,2.8842,
48740,2.77112,
48741,2.84567,
48742,2.92009,
48743,3.04724,
48744,2.86051,
48745,2.96007,
48746,2.86054,
48747,3.17605,
48748,3.19647,
48749,3.19933,
48750,3.20197,
48751,3.24818,
48752,3.19951,
48753,3.13993,
48754,3.24336,
48755,3.09012,
48756,3.19118,
48757,3.2398,
48758,3.21414,
48759,3.08613,
48760,3.26232,
48761,3.18194,
48762,3.17985,
48763,3.29261,
48764,3.17742,
48765,3.2093,
48766,3.18602,
48767,3.19342,
48768,2.92165,
48769,3.14814,
48770,2.56261,
48771,2.70125,
48772,2.62578,
48773,2.4767,
48774,2.57295,
48775,2.49899,
48776,2.84295,
48777,2.44211,
48778,2.64608,
48779,2.5882,
48780,2.71165,
48781,2.68765,
48782,2.51031,
48783,2.57895,
48784,2.75412,
48785,2.87396,
48786,2.87278,
48787,2.60291,
48788,2.54365,
48789,3.03556,
48790,3.11221,
48791,2.99442,
48792,3.02099,
48793,3.03209,
48794,2.99961,
48795,2.9471,
48796,2.76457,
48797,2.88747,
48798,3.01024,
48799,2.89369,
48800,2.96917,
48801,3.09285,
48802,3.09246,
48803,3.0084,
48804,2.91169,
48805,2.74295,
48806,2.97116,
48807,2.87862,
48808,2.89964,
48809,2.65304,
48810,2.70327,
48811,2.66898,
48812,2.87055,
48813,2.91005,
48814,2.83233,
48815,2.85749,
48816,2.79845,
48817,2.86378,
48818,2.81924,
48819,2.96322,
48820,2.83252,
48821,2.75898,
48822,2.89513,
48823,2.70789,
48824,2.7318,
48825,2.73673,
48826,2.88271,
48827,3.04759,
48828,2.93671,
48829,2.7546,
48830,2.71614,
48831,2.61617,
48832,2.54591,
48833,2.6162,
48834,2.61201,
48835,2.87992,
48836,2.59511,
48837,2.66913,
48838,2.74081,
48839,2.89318,
48840,2.8732,
48841,3.00444,
48842,2.73141,
48843,3.10145,
48844,2.87802,
48845,3.15997,
48846,3.13895,
48847,2.9527,
48848,3.11017,
48849,2.94316,
48850,2.87359,
48851,2.96494,
48852,2.99223,
48853,2.84113,
48854,2.71628,
48855,2.72835,
48856,2.83767,
48857,2.78625,
48858,2.91236,
48859,2.98207,
48860,2.81891,
48861,2.97277,
48862,2.73928,
48863,2.99871,
48864,2.94092,
48865,2.77019,
48866,2.68462,
48867,2.94211,
48868,2.65624,
48869,2.78012,
48870,2.69664,
48871,2.576,
48872,2.63212,
48873,2.71284,
48874,3.01014,
48875,3.00082,
48876,3.13859,
48877,3.13158,
48878,3.12498,
48879,3.07394,
48880,2.8136,
48881,2.93261,
48882,2.88009,
48883,3.01339,
48884,3.23658,
48885,2.98711,
48886,3.03825,
48887,2.89088,
48888,2.85994,
48889,3.16371,
48890,3.13801,
48891,3.17634,
48892,3.05768,
48893,3.22998,
48894,2.91168,
48895,3.00895,
48896,2.93025,
48897,2.95291,
48898,2.78792,
48899,2.8697,
48900,2.7469,
48901,2.73655,
48902,3.01594,
48903,2.68532,
48904,2.75374,
48905,2.89169,
48906,2.92395,
48907,2.95301,
48908,2.82015,
48909,2.88661,
48910,2.79451,
48911,2.73954,
48912,2.70328,
48913,2.73384,
48914,2.88396,
48915,2.61068,
48916,2.71674,
48917,2.9335,
48918,2.80377,
48919,3.09389,
48920,3.17159,
48921,3.09862,
48922,3.23539,
48923,3.11739,
48924,3.08801,
48925,2.89738,
48926,3.00811,
48927,2.81529,
48928,2.84815,
48929,2.76849,
48930,2.81156,
48931,3.09464,
48932,3.10072,
48933,2.99603,
48934,3.10902,
48935,3.06917,
48936,2.87822,
48937,2.86407,
48938,2.91223,
48939,2.75994,
48940,2.95217,
48941,3.03556,
48942,3.04562,
48943,3.08894,
48944,3.19163,
48945,3.21099,
48946,2.74203,
48947,2.85825,
48948,3.06462,
48949,3.08574,
48950,2.96108,
48951,2.98047,
48952,3.11243,
48953,3.0341,
48954,3.13956,
48955,2.95409,
48956,2.90798,
48957,3.09436,
48958,2.76659,
48959,2.99483,
48960,3.00472,
48961,2.94806,
48962,2.94719,
48963,2.9642,
48964,3.17572,
48965,3.04113,
48966,3.05721,
48967,2.96467,
48968,3.16991,
48969,3.05345,
48970,3.02711,
48971,2.92732,
48972,3.00582,
48973,2.95311,
48974,2.85479,
48975,2.92802,
48976,2.83944,
48977,2.98191,
48978,2.9554,
48979,3.02401,
48980,2.7406,
48981,2.94919,
48982,3.01843,
48983,2.92152,
48984,2.78074,
48985,2.77673,
48986,3.04429,
48987,2.80903,
48988,2.96125,
48989,2.12208,
48990,3.03441,
48991,2.94579,
48992,3.11639,
48993,3.20501,
48994,3.42649,
48995,3.0502,
48996,3.18054,
48997,3.02685,
48998,3.14458,
48999,3.08278,
49000,3.11861,
49001,3.10751,
49002,2.94993,
49003,2.98497,
49004,3.02069,
49005,3.20153,
49006,2.99028,
49007,3.06132,
49008,3.15597,
49009,3.03772,
49010,3.05231,
49011,2.93487,
49012,2.94769,
49013,3.05171,
49014,3.02341,
49015,3.03521,
49016,3.0355,
49017,2.87416,
49018,3.13429,
49019,3.15457,
49020,2.90755,
49021,3.01017,
49022,2.86116,
49023,2.79361,
49024,2.77565,
49025,2.64919,
49026,2.97227,
49027,2.82207,
49028,2.7861,
49029,2.88619,
49030,3.01771,
49031,2.85957,
49032,2.81908,
49033,2.8917,
49034,2.82314,
49035,2.97362,
49036,2.83949,
49037,2.91447,
49038,3.02688,
49039,2.91084,
49040,2.98477,
49041,2.89417,
49042,2.807,
49043,2.86792,
49044,2.83473,
49045,3.06435,
49046,2.92258,
49047,2.91132,
49048,2.9295,
49049,3.01125,
49050,2.85534,
49051,2.6634,
49052,2.85981,
49053,2.86616,
49054,2.93619,
49055,2.91846,
49056,2.68621,
49057,2.98612,
49058,3.09196,
49059,2.94299,
49060,2.87964,
49061,2.79667,
49062,3.05628,
49063,2.87974,
49064,2.617,
49065,2.93445,
49066,2.87311,
49067,3.11732,
49068,2.80687,
49069,2.81858,
49070,2.90973,
49071,2.89334,
49072,2.80327,
49073,2.85318,
49074,2.87275,
49075,2.93965,
49076,2.95247,
49077,2.94192,
49078,2.72468,
49079,2.8451,
49080,2.79149,
49081,2.98566,
49082,2.99651,
49083,2.9668,
49084,2.972,
49085,3.10225,
49086,2.86628,
49087,2.98097,
49088,3.00673,
49089,2.78765,
49090,3.04682,
49091,2.99247,
49092,3.12357,
49093,2.94337,
49094,2.73673,
49095,2.77688,
49096,2.94117,
49097,2.77971,
49098,2.83673,
49099,2.72134,
49100,2.86773,
49101,3.07422,
49102,3.01553,
49103,2.89878,
49104,3.02876,
49105,2.84968,
49106,2.96547,
49107,2.92157,
49108,3.02863,
49109,3.01244,
49110,3.05259,
49111,3.00098,
49112,3.03108,
49113,2.97063,
49114,2.88055,
49115,3.04614,
49116,2.71782,
49117,2.8312,
49118,3.01788,
49119,2.90801,
49120,2.97361,
49121,2.77845,
49122,2.91338,
49123,3.01261,
49124,2.79411,
49125,2.88121,
49126,2.81203,
49127,2.778,
49128,2.84359,
49129,2.68086,
49130,2.80229,
49131,2.84264,
49132,2.91517,
49133,2.82695,
49134,2.94362,
49135,2.98533,
49136,2.95505,
49137,2.80216,
49138,2.90288,
49139,2.76975,
49140,2.80989,
49141,2.70496,
49142,2.99713,
49143,2.88505,
49144,2.94771,
49145,3.01653,
49146,2.97474,
49147,2.85089,
49148,2.96392,
49149,2.89727,
49150,3.00783,
49151,2.99744,
49152,3.13086,
49153,3.15393,
49154,3.05566,
49155,2.97266,
49156,2.97989,
49157,2.87257,
49158,2.8972,
49159,2.78515,
49160,2.82578,
49161,2.72618,
49162,2.92188,
49163,2.80855,
49164,3.03397,
49165,2.88602,
49166,2.99479,
49167,3.08504,
49168,3.0602,
49169,3.16124,
49170,2.8987,
49171,2.79476,
49172,3.03476,
49173,2.75959,
49174,3.03189,
49175,2.89624,
49176,3.02192,
49177,3.09932,
49178,3.06192,
49179,2.84878,
49180,3.07429,
49181,2.98337,
49182,2.95819,
49183,2.96025,
49184,3.06283,
49185,2.81221,
49186,3.08082,
49187,2.68752,
49188,3.04083,
49189,3.04734,
49190,3.21045,
49191,2.94364,
49192,3.06125,
49193,3.11865,
49194,2.88733,
49195,3.0775,
49196,2.78173,
49197,2.89131,
49198,2.90664,
49199,3.16351,
49200,3.10988,
49201,2.78892,
49202,2.94733,
49203,2.89688,
49204,3.04906,
49205,3.00242,
49206,3.22404,
49207,2.98734,
49208,2.92475,
49209,3.03627,
49210,3.07724,
49211,2.90895,
49212,2.90847,
49213,2.84761,
49214,2.94274,
49215,3.0939,
49216,3.07491,
49217,3.02196,
49218,2.94128,
49219,2.93614,
49220,2.78188,
49221,3.0484,
49222,2.90385,
49223,3.03905,
49224,2.98332,
49225,3.01301,
49226,2.98019,
49227,3.10037,
49228,3.02786,
49229,2.91006,
49230,2.97027,
49231,3.09813,
49232,2.80959,
49233,3.12941,
49234,2.99407,
49235,2.93651,
49236,2.86836,
49237,3.01047,
49238,3.02514,
49239,2.87127,
49240,2.81057,
49241,3.0516,
49242,2.81708,
49243,2.83724,
49244,2.95395,
49245,2.83409,
49246,2.80061,
49247,3.02165,
49248,3.04452,
49249,2.89257,
49250,2.8745,
49251,2.84184,
49252,2.99254,
49253,3.08601,
49254,2.6982,
49255,2.92125,
49256,2.923,
49257,3.0122,
49258,3.05082,
49259,3.08504,
49260,2.87463,
49261,2.90515,
49262,2.9773,
49263,2.66719,
49264,2.77279,
49265,3.17124,
49266,2.87151,
49267,2.94966,
49268,2.76504,
49269,2.76694,
49270,2.99687,
49271,2.86798,
49272,2.76116,
49273,3.0659,
49274,2.96256,
49275,2.7616,
49276,2.85604,
49277,2.82312,
49278,2.9079,
49279,2.80863,
49280,2.80971,
49281,2.93034,
49282,2.8903,
49283,3.07363,
49284,3.07447,
49285,2.98733,
49286,3.13352,
49287,2.84786,
49288,2.9221,
49289,3.09999,
49290,2.99169,
49291,3.11908,
49292,3.22684,
49293,3.30232,
49294,4.0876,
49295,3.01968,
49296,2.98722,
49297,3.0122,
49298,3.0284,
49299,2.93145,
49300,3.05568,
49301,2.95777,
49302,2.97793,
49303,2.91475,
49304,3.54701,
49305,3.0231,
49306,3.01523,
49307,2.70343,
49308,2.83969,
49309,3.07339,
49310,3.04431,
49311,3.1669,
49312,3.24972,
49313,3.10524,
49314,3.00475,
49315,3.00142,
49316,2.93262,
49317,3.11489,
49318,2.86865,
49319,2.92466,
49320,3.05938,
49321,3.08853,
49322,2.96028,
49323,2.83842,
49324,2.81704,
49325,2.83483,
49326,2.90187,
49327,2.81689,
49328,2.64359,
49329,3.07019,
49330,2.91769,
49331,2.79551,
49332,2.81348,
49333,2.87363,
49334,2.97868,
49335,2.96131,
49336,2.96161,
49337,3.00998,
49338,2.72863,
49339,2.85498,
49340,2.61647,
49341,2.98883,
49342,2.87376,
49343,2.8716,
49344,2.89254,
49345,2.9069,
49346,2.87259,
49347,2.86471,
49348,2.74994,
49349,2.72757,
49350,2.89152,
49351,2.88148,
49352,2.58769,
49353,2.69975,
49354,2.72871,
49355,2.88534,
49356,2.88846,
49357,2.84633,
49358,2.86396,
49359,2.90428,
49360,2.97923,
49361,2.70391,
49362,3.02376,
49363,2.90362,
49364,2.90011,
49365,2.86776,
49366,3.01168,
49367,3.13004,
49368,3.01418,
49369,2.85127,
49370,2.84168,
49371,3.1728,
49372,2.97705,
49373,3.02033,
49374,2.96309,
49375,2.79493,
49376,2.83278,
49377,2.99982,
49378,2.58615,
49379,2.6865,
49380,2.52572,
49381,2.73747,
49382,2.87749,
49383,2.99175,
49384,2.97491,
49385,2.98562,
49386,2.90403,
49387,2.75589,
49388,2.84306,
49389,2.94761,
49390,3.07789,
49391,2.87788,
49392,2.82654,
49393,2.4626,
49394,2.50158,
49395,3.02366,
49396,2.7194,
49397,2.88637,
49398,2.64925,
49399,2.83241,
49400,2.689,
49401,2.69214,
49402,2.7041,
49403,2.7788,
49404,2.74183,
49405,2.71831,
49406,2.78759,
49407,2.97172,
49408,2.70702,
49409,2.92814,
49410,2.8481,
49411,3.06894,
49412,3.06281,
49413,3.04303,
49414,3.08193,
49415,3.07029,
49416,3.01612,
49417,2.84774,
49418,2.6369,
49419,2.95936,
49420,2.80489,
49421,2.81894,
49422,2.99236,
49423,2.89487,
49424,2.98065,
49425,2.88151,
49426,2.87472,
49427,2.81418,
49428,2.90968,
49429,3.02452,
49430,2.98071,
49431,2.95047,
49432,2.88258,
49433,2.77867,
49434,3.07822,
49435,2.76608,
49436,2.83513,
49437,2.93211,
49438,2.98103,
49439,2.87777,
49440,3.21278,
49441,3.08453,
49442,3.04737,
49443,2.8702,
49444,3.05209,
49445,2.97321,
49446,2.90889,
49447,2.98246,
49448,2.91908,
49449,2.95586,
49450,2.9413,
49451,2.94497,
49452,2.88895,
49453,2.76822,
49454,2.93491,
49455,2.8773,
49456,2.86732,
49457,2.60778,
49458,2.71678,
49459,2.55764,
49460,2.81136,
49461,2.92949,
49462,2.66359,
49463,2.76757,
49464,2.73767,
49465,2.91824,
49466,2.7686,
49467,2.86169,
49468,2.65704,
49469,2.84921,
49470,2.96443,
49471,2.95621,
49472,2.89832,
49473,3.00805,
49474,2.94535,
49475,3.05878,
49476,3.01032,
49477,3.00075,
49478,3.06683,
49479,2.91271,
49480,2.88078,
49481,2.68896,
49482,2.93954,
49483,2.89612,
49484,2.96618,
49485,2.90925,
49486,2.79253,
49487,2.89768,
49488,2.81284,
49489,2.89989,
49490,2.99342,
49491,3.11838,
49492,2.85899,
49493,2.83618,
49494,2.78799,
49495,2.98289,
49496,3.00091,
49497,3.02381,
49498,2.85902,
49499,3.03368,
49500,2.84449,
49501,2.94657,
49502,3.1651,
49503,2.91225,
49504,2.83121,
49505,2.76072,
49506,3.04166,
49507,3.05111,
49508,2.94643,
49509,2.96814,
49510,2.96397,
49511,3.13208,
49512,3.04678,
49513,3.25096,
49514,2.86412,
49515,2.96469,
49516,2.76087,
49517,2.88362,
49518,2.91744,
49519,2.86588,
49520,2.87954,
49521,3.08256,
49522,2.9923,
49523,2.87502,
49524,2.73786,
49525,2.84913,
49526,2.92517,
49527,2.91618,
49528,2.89896,
49529,3.05547,
49530,3.02618,
49531,3.06399,
49532,2.91964,
49533,2.82529,
49534,2.9723,
49535,2.74723,
49536,3.09021,
49537,3.12262,
49538,3.05939,
49539,3.1004,
49540,3.27883,
49541,3.40079,
49542,2.99656,
49543,3.04664,
49544,3.04148,
49545,3.12888,
49546,3.36516,
49547,3.06995,
49548,2.98496,
49549,2.98691,
49550,2.93877,
49551,3.01856,
49552,3.00137,
49553,3.03885,
49554,2.92395,
49555,2.84556,
49556,3.01591,
49557,3.34999,
49558,3.3278,
49559,3.27265,
49560,3.28393,
49561,3.28107,
49562,3.32964,
49563,3.28699,
49564,3.27765,
49565,3.29707,
49566,3.3055,
49567,3.27646,
49568,3.31999,
49569,3.30944,
49570,3.23894,
49571,3.29084,
49572,3.35589,
49573,3.30124,
49574,3.24071,
49575,3.20063,
49576,2.97539,
49577,3.16429,
49578,2.92412,
49579,2.92409,
49580,2.94457,
49581,2.97892,
49582,2.87126,
49583,3.02571,
49584,2.87561,
49585,2.94742,
49586,2.95255,
49587,2.79244,
49588,2.72766,
49589,3.01221,
49590,3.18786,
49591,3.07155,
49592,2.77373,
49593,2.94333,
49594,2.97216,
49595,2.90183,
49596,2.93929,
49597,3.03388,
49598,2.84448,
49599,2.93027,
49600,2.79762,
49601,2.73321,
49602,3.04355,
49603,2.9504,
49604,2.90685,
49605,2.89493,
49606,2.81464,
49607,2.83732,
49608,2.75556,
49609,2.79849,
49610,2.96661,
49611,2.8501,
49612,2.81718,
49613,2.9758,
49614,2.91733,
49615,2.87083,
49616,2.89339,
49617,2.71687,
49618,2.74031,
49619,2.962,
49620,2.67387,
49621,2.79101,
49622,2.79517,
49623,2.88087,
49624,2.76939,
49625,2.83034,
49626,2.87613,
49627,2.77731,
49628,2.76692,
49629,2.82519,
49630,2.86693,
49631,2.903,
49632,2.9087,
49633,2.75777,
49634,2.99437,
49635,2.7451,
49636,2.9182,
49637,2.87016,
49638,2.88146,
49639,3.07098,
49640,2.8531,
49641,2.78166,
49642,2.97336,
49643,2.84712,
49644,2.74702,
49645,2.84938,
49646,3.03413,
49647,2.64833,
49648,2.73007,
49649,2.90834,
49650,2.72462,
49651,2.9127,
49652,2.8553,
49653,2.76281,
49654,2.7281,
49655,2.95735,
49656,2.87672,
49657,2.94419,
49658,2.84704,
49659,3.08789,
49660,2.97256,
49661,3.05025,
49662,2.91301,
49663,2.8714,
49664,3.00237,
49665,2.92787,
49666,2.96004,
49667,2.9147,
49668,2.95719,
49669,2.94792,
49670,2.65494,
49671,2.87368,
49672,2.93114,
49673,3.00043,
49674,2.94889,
49675,2.61315,
49676,2.83893,
49677,2.94968,
49678,2.84065,
49679,2.56841,
49680,2.73544,
49681,2.8324,
49682,2.7956,
49683,2.83626,
49684,2.60425,
49685,2.69651,
49686,2.70916,
49687,2.82404,
49688,2.91848,
49689,3.13568,
49690,3.14575,
49691,2.97435,
49692,2.92621,
49693,3.05482,
49694,3.1448,
49695,2.81995,
49696,3.018,
49697,2.87645,
49698,2.90414,
49699,2.83492,
49700,3.13712,
49701,2.95362,
49702,2.93949,
49703,3.02541,
49704,3.02283,
49705,2.9075,
49706,3.04996,
49707,2.84187,
49708,3.04511,
49709,3.02135,
49710,2.91938,
49711,2.86695,
49712,2.94553,
49713,2.71718,
49714,2.98394,
49715,2.99145,
49716,2.8494,
49717,2.93985,
49718,2.87155,
49719,2.93711,
49720,3.08217,
49721,2.99885,
49722,2.8868,
49723,2.91153,
49724,2.98667,
49725,2.77438,
49726,2.91094,
49727,2.95093,
49728,3.06779,
49729,2.82468,
49730,2.89897,
49731,2.83406,
49732,2.98134,
49733,2.98632,
49734,3.02492,
49735,2.72596,
49736,2.92855,
49737,2.88494,
49738,2.7792,
49739,2.92617,
49740,3.02496,
49741,2.94273,
49742,2.72611,
49743,2.83034,
49744,2.92543,
49745,2.88516,
49746,2.81273,
49747,2.71241,
49748,2.80344,
49749,2.7619,
49750,2.85767,
49751,2.59117,
49752,2.6288,
49753,2.7227,
49754,2.7867,
49755,2.8437,
49756,2.75893,
49757,2.56509,
49758,2.79075,
49759,2.67886,
49760,2.77242,
49761,2.68495,
49762,2.74987,
49763,2.91338,
49764,2.84553,
49765,2.89226,
49766,2.64378,
49767,2.79902,
49768,2.71165,
49769,2.77361,
49770,2.96267,
49771,2.64527,
49772,2.73917,
49773,2.64816,
49774,2.60827,
49775,2.78686,
49776,2.78896,
49777,2.83063,
49778,2.72596,
49779,2.91456,
49780,2.76209,
49781,2.72531,
49782,2.95303,
49783,2.9585,
49784,2.89068,
49785,2.95148,
49786,3.23031,
49787,2.9422,
49788,2.82607,
49789,3.0634,
49790,2.90206,
49791,2.98655,
49792,3.05527,
49793,2.92235,
49794,2.95379,
49795,2.95932,
49796,2.77623,
49797,3.01646,
49798,2.98058,
49799,2.81177,
49800,2.95119,
49801,2.91081,
49802,2.71627,
49803,2.88548,
49804,2.88785,
49805,2.77997,
49806,2.84775,
49807,2.90896,
49808,3.05406,
49809,2.84765,
49810,2.95127,
49811,2.8756,
49812,3.15208,
49813,3.19339,
49814,3.21222,
49815,3.19041,
49816,3.25689,
49817,3.20069,
49818,3.13912,
49819,3.24841,
49820,3.0821,
49821,3.18875,
49822,3.23463,
49823,3.21418,
49824,3.0819,
49825,3.26342,
49826,3.18777,
49827,3.17217,
49828,3.29462,
49829,3.1876,
49830,3.21927,
49831,3.1708,
49832,3.18822,
49833,2.91749,
49834,3.15738,
49835,2.5724,
49836,2.68981,
49837,2.62082,
49838,2.47349,
49839,2.58083,
49840,2.49678,
49841,2.85284,
49842,2.43701,
49843,2.63914,
49844,2.58519,
49845,2.71551,
49846,2.67205,
49847,2.50634,
49848,2.57047,
49849,2.75955,
49850,2.88496,
49851,2.86621,
49852,2.6228,
49853,2.5325,
49854,3.02754,
49855,3.11256,
49856,2.99828,
49857,3.01589,
49858,3.0315,
49859,2.99854,
49860,2.92109,
49861,2.76119,
49862,2.88471,
49863,3.01056,
49864,2.89184,
49865,2.96545,
49866,3.08464,
49867,3.09524,
49868,3.02089,
49869,2.91034,
49870,2.75328,
49871,2.95776,
49872,2.88186,
49873,2.89821,
49874,2.65954,
49875,2.70057,
49876,2.68914,
49877,2.8746,
49878,2.91858,
49879,2.83719,
49880,2.86013,
49881,2.79729,
49882,2.86762,
49883,2.81879,
49884,2.95816,
49885,2.81726,
49886,2.76567,
49887,2.88202,
49888,2.69222,
49889,2.72951,
49890,2.71464,
49891,2.8856,
49892,3.04877,
49893,2.93774,
49894,2.75149,
49895,2.71137,
49896,2.60029,
49897,2.54176,
49898,2.61216,
49899,2.60964,
49900,2.87824,
49901,2.6083,
49902,2.66489,
49903,2.76143,
49904,2.91382,
49905,2.87402,
49906,3.01267,
49907,2.72988,
49908,3.11271,
49909,2.87326,
49910,3.15171,
49911,3.13006,
49912,2.93678,
49913,3.08966,
49914,2.9628,
49915,2.87148,
49916,2.96212,
49917,2.98082,
49918,2.82818,
49919,2.70301,
49920,2.72989,
49921,2.83478,
49922,2.79255,
49923,2.91087,
49924,2.97767,
49925,2.81296,
49926,2.9651,
49927,2.7448,
49928,2.97934,
49929,2.91661,
49930,2.77134,
49931,2.69436,
49932,2.9357,
49933,2.65924,
49934,2.77539,
49935,2.6855,
49936,2.59697,
49937,2.64959,
49938,2.70399,
49939,2.99905,
49940,3.00056,
49941,3.1251,
49942,3.1414,
49943,3.12843,
49944,3.06142,
49945,2.8059,
49946,2.91123,
49947,2.87529,
49948,3.00667,
49949,3.2443,
49950,2.98556,
49951,3.04054,
49952,2.88412,
49953,2.84503,
49954,3.17345,
49955,3.14119,
49956,3.16957,
49957,3.0557,
49958,3.2429,
49959,2.91134,
49960,2.99091,
49961,2.93822,
49962,2.9626,
49963,2.78114,
49964,2.8548,
49965,2.73783,
49966,2.727,
49967,3.02489,
49968,2.68035,
49969,2.76943,
49970,2.90141,
49971,2.92084,
49972,2.95642,
49973,2.82549,
49974,2.88881,
49975,2.799,
49976,2.7436,
49977,2.6917,
49978,2.74632,
49979,2.88187,
49980,2.6129,
49981,2.7218,
49982,2.93038,
49983,2.80453,
49984,3.09493,
49985,3.16356,
49986,3.08345,
49987,3.22736,
49988,3.11788,
49989,3.07635,
49990,2.88706,
49991,2.97551,
49992,2.80837,
49993,2.85349,
49994,2.77249,
49995,2.81881,
49996,3.09031,
49997,3.09163,
49998,2.9854,
49999,3.11197,
50000,3.08853,
50001,2.86635,
50002,2.86208,
50003,2.92753,
50004,2.74577,
50005,2.93646,
50006,3.03309,
50007,3.01412,
50008,3.09369,
50009,3.18794,
50010,3.21391,
50011,2.73895,
50012,2.8703,
50013,3.06446,
50014,3.07469,
50015,2.95373,
50016,2.98715,
50017,3.10208,
50018,3.02703,
50019,3.14719,
50020,2.95643,
50021,2.89843,
50022,3.0747,
50023,2.75618,
50024,2.99321,
50025,3.00462,
50026,2.9527,
50027,2.93881,
50028,2.95681,
50029,3.16938,
50030,3.01382,
50031,3.06072,
50032,2.96911,
50033,3.17284,
50034,3.05513,
50035,3.02708,
50036,2.92628,
50037,3.00321,
50038,2.95928,
50039,2.84872,
50040,2.92545,
50041,2.82997,
50042,2.97539,
50043,2.95368,
50044,3.00287,
50045,2.75706,
50046,2.95718,
50047,3.01316,
50048,2.92095,
50049,2.77978,
50050,2.77498,
50051,3.03543,
50052,2.78722,
50053,2.96347,
50054,2.11845,
50055,3.02656,
50056,2.95102,
50057,3.12744,
50058,3.19972,
50059,3.42443,
50060,3.0403,
50061,3.18606,
50062,3.01223,
50063,3.12513,
50064,3.08395,
50065,3.11881,
50066,3.12364,
50067,2.93624,
50068,2.98637,
50069,3.02519,
50070,3.18301,
50071,2.98086,
50072,3.06423,
50073,3.14775,
50074,3.0331,
50075,3.06547,
50076,2.92121,
50077,2.94358,
50078,3.04059,
50079,3.02249,
50080,3.02188,
50081,3.03395,
50082,2.86149,
50083,3.14325,
50084,3.14442,
50085,2.90639,
50086,3.00968,
50087,2.85817,
50088,2.80629,
50089,2.77484,
50090,2.65258,
50091,2.97201,
50092,2.80891,
50093,2.78845,
50094,2.89291,
50095,3.01454,
50096,2.85287,
50097,2.82754,
50098,2.8787,
50099,2.82398,
50100,2.98157,
50101,2.82738,
50102,2.91548,
50103,3.02668,
50104,2.89974,
50105,2.99495,
50106,2.86528,
50107,2.81653,
50108,2.87885,
50109,2.8234,
50110,3.07041,
50111,2.93634,
50112,2.91254,
50113,2.93205,
50114,3.01062,
50115,2.85225,
50116,2.65565,
50117,2.8604,
50118,2.83426,
50119,2.93007,
50120,2.9264,
50121,2.68461,
50122,2.98507,
50123,3.07843,
50124,2.95276,
50125,2.86945,
50126,2.79609,
50127,3.06078,
50128,2.86896,
50129,2.62189,
50130,2.92796,
50131,2.8859,
50132,3.10721,
50133,2.81865,
50134,2.80382,
50135,2.90447,
50136,2.8885,
50137,2.8161,
50138,2.85398,
50139,2.86104,
50140,2.94084,
50141,2.94167,
50142,2.94085,
50143,2.73097,
50144,2.8417,
50145,2.78588,
50146,2.99764,
50147,2.99424,
50148,2.95449,
50149,2.98685,
50150,3.10007,
50151,2.85438,
50152,2.97167,
50153,3.00274,
50154,2.78771,
50155,3.04674,
50156,2.99442,
50157,3.1279,
50158,2.9448,
50159,2.74621,
50160,2.80034,
50161,2.9514,
50162,2.7843,
50163,2.84956,
50164,2.7259,
50165,2.86043,
50166,3.07605,
50167,3.01536,
50168,2.89891,
50169,3.02829,
50170,2.84625,
50171,2.97914,
50172,2.91491,
50173,3.0224,
50174,3.01839,
50175,3.04211,
50176,3.00311,
50177,3.02081,
50178,2.97297,
50179,2.88403,
50180,3.0371,
50181,2.71077,
50182,2.82787,
50183,3.01778,
50184,2.90651,
50185,2.97483,
50186,2.78328,
50187,2.90131,
50188,3.01267,
50189,2.78899,
50190,2.87781,
50191,2.81048,
50192,2.77129,
50193,2.84703,
50194,2.69798,
50195,2.81612,
50196,2.85219,
50197,2.92454,
50198,2.83644,
50199,2.94723,
50200,2.98559,
50201,2.95902,
50202,2.81711,
50203,2.90542,
50204,2.77899,
50205,2.80114,
50206,2.70567,
50207,2.99904,
50208,2.8936,
50209,2.93434,
50210,3.0267,
50211,2.96271,
50212,2.83408,
50213,2.9561,
50214,2.90164,
50215,3.00587,
50216,2.98711,
50217,3.11759,
50218,3.14992,
50219,3.06163,
50220,2.96467,
50221,2.97882,
50222,2.87918,
50223,2.89572,
50224,2.78082,
50225,2.82683,
50226,2.73834,
50227,2.92841,
50228,2.8114,
50229,3.02901,
50230,2.87285,
50231,2.97371,
50232,3.08746,
50233,3.05162,
50234,3.17386,
50235,2.90813,
50236,2.80841,
50237,3.04258,
50238,2.76191,
50239,3.02233,
50240,2.88424,
50241,3.03947,
50242,3.10237,
50243,3.06257,
50244,2.84485,
50245,3.06432,
50246,2.9841,
50247,2.95196,
50248,2.97186,
50249,3.05824,
50250,2.80196,
50251,3.07715,
50252,2.66995,
50253,3.04385,
50254,3.02876,
50255,3.21263,
50256,2.94637,
50257,3.05976,
50258,3.12633,
50259,2.88444,
50260,3.08076,
50261,2.78438,
50262,2.88867,
50263,2.90808,
50264,3.15418,
50265,3.10655,
50266,2.78237,
50267,2.95287,
50268,2.89317,
50269,3.03911,
50270,3.01124,
50271,3.19841,
50272,2.98217,
50273,2.93143,
50274,3.02588,
50275,3.0771,
50276,2.93694,
50277,2.90945,
50278,2.85483,
50279,2.94694,
50280,3.09135,
50281,3.06879,
50282,3.02347,
50283,2.95574,
50284,2.93838,
50285,2.76321,
50286,3.05082,
50287,2.90646,
50288,3.04454,
50289,2.98817,
50290,2.99766,
50291,2.97661,
50292,3.08137,
50293,3.02554,
50294,2.91046,
50295,2.97535,
50296,3.10922,
50297,2.80376,
50298,3.13579,
50299,2.98833,
50300,2.9383,
50301,2.86182,
50302,3.01101,
50303,3.03356,
50304,2.86344,
50305,2.79846,
50306,3.04942,
50307,2.8175,
50308,2.84558,
50309,2.95922,
50310,2.82815,
50311,2.818,
50312,3.02122,
50313,3.04526,
50314,2.89053,
50315,2.87948,
50316,2.82432,
50317,2.99855,
50318,3.08686,
50319,2.69249,
50320,2.92588,
50321,2.9132,
50322,3.01113,
50323,3.04395,
50324,3.07862,
50325,2.88004,
50326,2.89613,
50327,2.97689,
50328,2.67508,
50329,2.77515,
50330,3.16225,
50331,2.86675,
50332,2.95057,
50333,2.77376,
50334,2.75636,
50335,2.99034,
50336,2.86081,
50337,2.77457,
50338,3.06042,
50339,2.96706,
50340,2.76057,
50341,2.87548,
50342,2.82504,
50343,2.91815,
50344,2.82032,
50345,2.8177,
50346,2.92562,
50347,2.88597,
50348,3.07148,
50349,3.07897,
50350,2.98033,
50351,3.14248,
50352,2.85212,
50353,2.93419,
50354,3.08416,
50355,3.00638,
50356,3.10316,
50357,3.23651,
50358,3.29673,
50359,4.09768,
50360,3.01595,
50361,2.97939,
50362,3.00939,
50363,3.01542,
50364,2.93272,
50365,3.04396,
50366,2.9605,
50367,2.98101,
50368,2.91754,
50369,3.55594,
50370,3.02413,
50371,3.01295,
50372,2.69898,
50373,2.84501,
50374,3.0786,
50375,3.04421,
50376,3.16095,
50377,3.25573,
50378,3.09867,
50379,3.01297,
50380,3.00259,
50381,2.92468,
50382,3.11085,
50383,2.86988,
50384,2.9187,
50385,3.06377,
50386,3.06419,
50387,2.95877,
50388,2.83913,
50389,2.79572,
50390,2.83832,
50391,2.90373,
50392,2.81948,
50393,2.63916,
50394,3.06862,
50395,2.92297,
50396,2.78739,
50397,2.81294,
50398,2.87009,
50399,2.98917,
50400,2.9621,
50401,2.95698,
50402,3.0133,
50403,2.72625,
50404,2.85113,
50405,2.61538,
50406,2.97763,
50407,2.8791,
50408,2.86916,
50409,2.88807,
50410,2.92376,
50411,2.87833,
50412,2.88295,
50413,2.75429,
50414,2.724,
50415,2.89295,
50416,2.87316,
50417,2.58391,
50418,2.71376,
50419,2.73389,
50420,2.87451,
50421,2.88546,
50422,2.84556,
50423,2.86392,
50424,2.91034,
50425,2.96318,
50426,2.69181,
50427,3.02687,
50428,2.9064,
50429,2.90247,
50430,2.85581,
50431,3.00707,
50432,3.1253,
50433,3.00172,
50434,2.85239,
50435,2.8517,
50436,3.15683,
50437,2.98491,
50438,3.01836,
50439,2.96939,
50440,2.78726,
50441,2.83488,
50442,3.00482,
50443,2.59207,
50444,2.69882,
50445,2.51832,
50446,2.75269,
50447,2.87103,
50448,2.99637,
50449,2.96686,
50450,2.98079,
50451,2.8978,
50452,2.76581,
50453,2.84319,
50454,2.94726,
50455,3.06626,
50456,2.88126,
50457,2.81605,
50458,2.47374,
50459,2.4968,
50460,3.03459,
50461,2.71524,
50462,2.89588,
50463,2.65288,
50464,2.82266,
50465,2.67669,
50466,2.68772,
50467,2.70223,
50468,2.78776,
50469,2.75204,
50470,2.73334,
50471,2.79507,
50472,2.96656,
50473,2.71766,
50474,2.93572,
50475,2.86472,
50476,3.09104,
50477,3.05576,
50478,3.03863,
50479,3.08236,
50480,3.06048,
50481,3.01465,
50482,2.84216,
50483,2.63767,
50484,2.97055,
50485,2.80136,
50486,2.83098,
50487,2.98607,
50488,2.90049,
50489,2.98286,
50490,2.88707,
50491,2.86671,
50492,2.81577,
50493,2.91156,
50494,3.03357,
50495,2.98137,
50496,2.93217,
50497,2.88402,
50498,2.78852,
50499,3.07496,
50500,2.77858,
50501,2.83103,
50502,2.94367,
50503,2.97615,
50504,2.86478,
50505,3.22229,
50506,3.07737,
50507,3.03921,
50508,2.862,
50509,3.05617,
50510,2.97817,
50511,2.89298,
50512,2.98405,
50513,2.92025,
50514,2.94469,
50515,2.94957,
50516,2.95349,
50517,2.89481,
50518,2.75812,
50519,2.93467,
50520,2.87731,
50521,2.87396,
50522,2.61695,
50523,2.73242,
50524,2.56447,
50525,2.81475,
50526,2.93737,
50527,2.66013,
50528,2.7727,
50529,2.74235,
50530,2.89117,
50531,2.7929,
50532,2.84791,
50533,2.6423,
50534,2.84281,
50535,2.96781,
50536,2.96645,
50537,2.90681,
50538,3.00958,
50539,2.92724,
50540,3.05745,
50541,3.02387,
50542,2.99657,
50543,3.05985,
50544,2.9033,
50545,2.89962,
50546,2.68942,
50547,2.95048,
50548,2.89728,
50549,2.96379,
50550,2.91155,
50551,2.81813,
50552,2.89741,
50553,2.81271,
50554,2.8857,
50555,2.99616,
50556,3.11254,
50557,2.85785,
50558,2.84327,
50559,2.80157,
50560,2.98756,
50561,2.99168,
50562,3.02188,
50563,2.8344,
50564,3.04329,
50565,2.84653,
50566,2.9354,
50567,3.16267,
50568,2.9127,
50569,2.82746,
50570,2.75129,
50571,3.04341,
50572,3.06049,
50573,2.93465,
50574,2.9733,
50575,2.97325,
50576,3.13445,
50577,3.04438,
50578,3.24043,
50579,2.86004,
50580,2.97978,
50581,2.74798,
50582,2.88729,
50583,2.92129,
50584,2.87054,
50585,2.85825,
50586,3.08332,
50587,3.0008,
50588,2.90046,
50589,2.7383,
50590,2.84037,
50591,2.9337,
50592,2.92466,
50593,2.90979,
50594,3.04921,
50595,3.0268,
50596,3.07186,
50597,2.90857,
50598,2.83288,
50599,2.96788,
50600,2.73463,
50601,3.09072,
50602,3.11979,
50603,3.07511,
50604,3.0969,
50605,3.26229,
50606,3.39111,
50607,2.97949,
50608,3.03426,
50609,3.04035,
50610,3.11329,
50611,3.35013,
50612,3.065,
50613,2.97128,
50614,2.99544,
50615,2.92383,
50616,3.02006,
50617,2.99942,
50618,3.04214,
50619,2.9481,
50620,2.856,
50621,3.01292,
50622,3.35337,
50623,3.33032,
50624,3.26902,
50625,3.27357,
50626,3.27732,
50627,3.31521,
50628,3.28813,
50629,3.25974,
50630,3.29564,
50631,3.29723,
50632,3.28386,
50633,3.31422,
50634,3.30442,
50635,3.23573,
50636,3.29587,
50637,3.35758,
50638,3.30069,
50639,3.2534,
50640,3.19339,
50641,2.97684,
50642,3.16876,
50643,2.93327,
50644,2.92589,
50645,2.95103,
50646,2.9817,
50647,2.85661,
50648,3.02776,
50649,2.86227,
50650,2.94484,
50651,2.9485,
50652,2.77174,
50653,2.73707,
50654,3.01566,
50655,3.19706,
50656,3.06851,
50657,2.768,
50658,2.94526,
50659,2.97795,
50660,2.8871,
50661,2.95818,
50662,3.03019,
50663,2.83903,
50664,2.9329,
50665,2.79521,
50666,2.74035,
50667,3.03486,
50668,2.95259,
50669,2.88828,
50670,2.89353,
50671,2.80443,
50672,2.81706,
50673,2.76708,
50674,2.79338,
50675,2.98055,
50676,2.84957,
50677,2.80194,
50678,2.96179,
50679,2.91469,
50680,2.88463,
50681,2.88226,
50682,2.72007,
50683,2.72917,
50684,2.95997,
50685,2.67064,
50686,2.784,
50687,2.80516,
50688,2.90311,
50689,2.78604,
50690,2.82228,
50691,2.88994,
50692,2.76545,
50693,2.74929,
50694,2.80866,
50695,2.86179,
50696,2.90152,
50697,2.90105,
50698,2.75599,
50699,2.98509,
50700,2.73038,
50701,2.90899,
50702,2.85789,
50703,2.8685,
50704,3.06913,
50705,2.84146,
50706,2.77324,
50707,2.97206,
50708,2.8318,
50709,2.7464,
50710,2.84248,
50711,3.03347,
50712,2.65188,
50713,2.71848,
50714,2.91753,
50715,2.72947,
50716,2.89267,
50717,2.83523,
50718,2.75803,
50719,2.72985,
50720,2.95796,
50721,2.88125,
50722,2.93356,
50723,2.82085,
50724,3.08027,
50725,2.97954,
50726,3.07809,
50727,2.90915,
50728,2.87765,
50729,2.99547,
50730,2.91945,
50731,2.95549,
50732,2.90959,
50733,2.94987,
50734,2.93826,
50735,2.66,
50736,2.8785,
50737,2.93699,
50738,2.98647,
50739,2.94621,
50740,2.61526,
50741,2.84873,
50742,2.95987,
50743,2.84722,
50744,2.58255,
50745,2.74733,
50746,2.83003,
50747,2.80086,
50748,2.8415,
50749,2.60144,
50750,2.69308,
50751,2.70247,
50752,2.83647,
50753,2.9133,
50754,3.14726,
50755,3.14779,
50756,2.97539,
50757,2.91527,
50758,3.04948,
50759,3.11906,
50760,2.81535,
50761,3.0137,
50762,2.86215,
50763,2.89768,
50764,2.83747,
50765,3.13753,
50766,2.95039,
50767,2.93141,
50768,3.02639,
50769,3.01167,
50770,2.9034,
50771,3.06186,
50772,2.83921,
50773,3.02506,
50774,3.02959,
50775,2.92447,
50776,2.86233,
50777,2.94871,
50778,2.70868,
50779,2.98393,
50780,2.9915,
50781,2.84738,
50782,2.94347,
50783,2.87295,
50784,2.92945,
50785,3.0797,
50786,2.99524,
50787,2.87937,
50788,2.90166,
50789,2.96491,
50790,2.77413,
50791,2.9247,
50792,2.94843,
50793,3.06033,
50794,2.82713,
50795,2.89215,
50796,2.83427,
50797,2.9733,
50798,2.98707,
50799,3.02194,
50800,2.73909,
50801,2.93124,
50802,2.87983,
50803,2.77613,
50804,2.92311,
50805,3.01908,
50806,2.9516,
50807,2.72682,
50808,2.82206,
50809,2.92524,
50810,2.87523,
50811,2.8139,
50812,2.70796,
50813,2.78896,
50814,2.76051,
50815,2.85371,
50816,2.58013,
50817,2.63072,
50818,2.71163,
50819,2.78895,
50820,2.83955,
50821,2.74218,
50822,2.56862,
50823,2.77697,
50824,2.67963,
50825,2.76184,
50826,2.6946,
50827,2.75342,
50828,2.90865,
50829,2.84886,
50830,2.90266,
50831,2.65239,
50832,2.80686,
50833,2.71429,
50834,2.77833,
50835,2.97248,
50836,2.64966,
50837,2.74459,
50838,2.6546,
50839,2.59992,
50840,2.78709,
50841,2.78764,
50842,2.80705,
50843,2.74033,
50844,2.9091,
50845,2.77093,
50846,2.71158,
50847,2.95889,
50848,2.95352,
50849,2.88147,
50850,2.94975,
50851,3.23727,
50852,2.92495,
50853,2.82593,
50854,3.06143,
50855,2.92025,
50856,2.98534,
50857,3.04947,
50858,2.92484,
50859,2.93514,
50860,2.9655,
50861,2.77449,
50862,2.99918,
50863,2.96495,
50864,2.83311,
50865,2.94761,
50866,2.89909,
50867,2.71791,
50868,2.88526,
50869,2.89491,
50870,2.77453,
50871,2.84705,
50872,2.90601,
50873,3.05124,
50874,2.85322,
50875,2.96354,
50876,2.86637,
50877,3.16042,
50878,3.18458,
50879,3.19339,
50880,3.18578,
50881,3.25464,
50882,3.19473,
50883,3.14681,
50884,3.25172,
50885,3.08103,
50886,3.18858,
50887,3.24698,
50888,3.21115,
50889,3.08669,
50890,3.2601,
50891,3.19091,
50892,3.18515,
50893,3.28887,
50894,3.19038,
50895,3.22605,
50896,3.18876,
50897,3.1915,
50898,2.91723,
50899,3.14106,
50900,2.55564,
50901,2.67652,
50902,2.62741,
50903,2.46159,
50904,2.57044,
50905,2.49009,
50906,2.86442,
50907,2.45237,
50908,2.64467,
50909,2.57723,
50910,2.7131,
50911,2.67272,
50912,2.52422,
50913,2.5732,
50914,2.75511,
50915,2.86255,
50916,2.85918,
50917,2.61165,
50918,2.52562,
50919,3.02069,
50920,3.10303,
50921,2.9851,
50922,3.00288,
50923,3.03256,
50924,2.98841,
50925,2.92812,
50926,2.76346,
50927,2.87999,
50928,3.00166,
50929,2.90822,
50930,2.95715,
50931,3.07458,
50932,3.10728,
50933,3.0118,
50934,2.90954,
50935,2.74992,
50936,2.98125,
50937,2.90066,
50938,2.88859,
50939,2.6535,
50940,2.69608,
50941,2.68592,
50942,2.87617,
50943,2.90574,
50944,2.83415,
50945,2.85149,
50946,2.78665,
50947,2.85856,
50948,2.81451,
50949,2.95449,
50950,2.81659,
50951,2.74946,
50952,2.87906,
50953,2.68335,
50954,2.71603,
50955,2.71093,
50956,2.87402,
50957,3.03122,
50958,2.92211,
50959,2.74697,
50960,2.6985,
50961,2.60272,
50962,2.5488,
50963,2.60694,
50964,2.59695,
50965,2.87235,
50966,2.57625,
50967,2.66005,
50968,2.73579,
50969,2.88489,
50970,2.87784,
50971,3.00604,
50972,2.73546,
50973,3.09689,
50974,2.87635,
50975,3.16211,
50976,3.12783,
50977,2.93008,
50978,3.09169,
50979,2.95075,
50980,2.85883,
50981,2.95858,
50982,2.97384,
50983,2.83091,
50984,2.70257,
50985,2.7447,
50986,2.83858,
50987,2.79569,
50988,2.91176,
50989,2.97521,
50990,2.81253,
50991,2.95878,
50992,2.73393,
50993,2.97712,
50994,2.91518,
50995,2.77318,
50996,2.68769,
50997,2.94214,
50998,2.66763,
50999,2.7673,
51000,2.68992,
51001,2.58102,
51002,2.63225,
51003,2.70269,
51004,3.00096,
51005,2.99243,
51006,3.12246,
51007,3.12023,
51008,3.11888,
51009,3.06464,
51010,2.80403,
51011,2.91461,
51012,2.87266,
51013,3.01022,
51014,3.23827,
51015,2.99237,
51016,3.02431,
51017,2.87549,
51018,2.84474,
51019,3.15424,
51020,3.12776,
51021,3.16664,
51022,3.04714,
51023,3.23159,
51024,2.91356,
51025,2.98605,
51026,2.92537,
51027,2.94781,
51028,2.79136,
51029,2.8574,
51030,2.74103,
51031,2.72476,
51032,3.00612,
51033,2.68907,
51034,2.75205,
51035,2.89187,
51036,2.91151,
51037,2.95163,
51038,2.81636,
51039,2.88264,
51040,2.79495,
51041,2.74561,
51042,2.69514,
51043,2.74629,
51044,2.88203,
51045,2.62044,
51046,2.71744,
51047,2.92628,
51048,2.80715,
51049,3.09856,
51050,3.16768,
51051,3.07797,
51052,3.21547,
51053,3.11209,
51054,3.06133,
51055,2.88143,
51056,2.97242,
51057,2.8193,
51058,2.84924,
51059,2.76223,
51060,2.80389,
51061,3.08531,
51062,3.08669,
51063,2.98135,
51064,3.09948,
51065,3.07796,
51066,2.86883,
51067,2.85358,
51068,2.92702,
51069,2.747,
51070,2.93763,
51071,3.03151,
51072,3.01544,
51073,3.0907,
51074,3.18848,
51075,3.20718,
51076,2.73449,
51077,2.85144,
51078,3.0691,
51079,3.07908,
51080,2.95112,
51081,2.97604,
51082,3.1027,
51083,3.02282,
51084,3.12973,
51085,2.94744,
51086,2.88673,
51087,3.08287,
51088,2.76179,
51089,2.98721,
51090,2.99014,
51091,2.95142,
51092,2.93871,
51093,2.97105,
51094,3.16336,
51095,3.03035,
51096,3.05923,
51097,2.96756,
51098,3.17847,
51099,3.05525,
51100,3.03032,
51101,2.93068,
51102,3.00627,
51103,2.95433,
51104,2.82947,
51105,2.91913,
51106,2.82676,
51107,2.97888,
51108,2.96939,
51109,3.00792,
51110,2.74319,
51111,2.94988,
51112,3.01428,
51113,2.92075,
51114,2.77984,
51115,2.76328,
51116,3.0419,
51117,2.78886,
51118,2.94951,
51119,2.11378,
51120,3.03294,
51121,2.9432,
51122,3.10889,
51123,3.19962,
51124,3.42427,
51125,3.07219,
51126,3.19377,
51127,3.00129,
51128,3.13462,
51129,3.06795,
51130,3.12134,
51131,3.11722,
51132,2.9425,
51133,2.97695,
51134,3.0164,
51135,3.18115,
51136,2.99271,
51137,3.06374,
51138,3.15521,
51139,3.03752,
51140,3.04195,
51141,2.92088,
51142,2.93696,
51143,3.05886,
51144,3.00714,
51145,3.03162,
51146,3.03792,
51147,2.85609,
51148,3.13572,
51149,3.14432,
51150,2.90263,
51151,3.00709,
51152,2.8509,
51153,2.79462,
51154,2.76888,
51155,2.65372,
51156,2.96239,
51157,2.80647,
51158,2.79162,
51159,2.89299,
51160,3.02435,
51161,2.85797,
51162,2.83287,
51163,2.88549,
51164,2.82807,
51165,2.98809,
51166,2.82673,
51167,2.91205,
51168,3.0344,
51169,2.89817,
51170,2.98971,
51171,2.86968,
51172,2.81586,
51173,2.86668,
51174,2.81634,
51175,3.05862,
51176,2.91983,
51177,2.90941,
51178,2.93741,
51179,3.00998,
51180,2.86796,
51181,2.66416,
51182,2.86223,
51183,2.85381,
51184,2.929,
51185,2.92659,
51186,2.68057,
51187,2.98212,
51188,3.08321,
51189,2.96477,
51190,2.88036,
51191,2.80253,
51192,3.06618,
51193,2.86431,
51194,2.61771,
51195,2.93471,
51196,2.88918,
51197,3.12334,
51198,2.82309,
51199,2.81141,
51200,2.91602,
51201,2.87892,
51202,2.8275,
51203,2.85073,
51204,2.87177,
51205,2.94727,
51206,2.93313,
51207,2.94525,
51208,2.73245,
51209,2.84246,
51210,2.79855,
51211,2.98073,
51212,2.98043,
51213,2.9682,
51214,2.97731,
51215,3.09677,
51216,2.85588,
51217,2.97139,
51218,3.00383,
51219,2.80367,
51220,3.03577,
51221,3.00107,
51222,3.12837,
51223,2.95419,
51224,2.7432,
51225,2.80088,
51226,2.93972,
51227,2.7805,
51228,2.8481,
51229,2.71878,
51230,2.86901,
51231,3.08329,
51232,3.01671,
51233,2.89727,
51234,3.04937,
51235,2.85241,
51236,2.97203,
51237,2.9134,
51238,3.01844,
51239,3.01873,
51240,3.04676,
51241,2.99403,
51242,3.01299,
51243,2.97163,
51244,2.8845,
51245,3.03015,
51246,2.72691,
51247,2.82821,
51248,3.01465,
51249,2.89774,
51250,2.96429,
51251,2.77739,
51252,2.90734,
51253,3.011,
51254,2.79551,
51255,2.88365,
51256,2.81423,
51257,2.77036,
51258,2.84749,
51259,2.69435,
51260,2.82819,
51261,2.83065,
51262,2.92196,
51263,2.82911,
51264,2.94316,
51265,2.99433,
51266,2.97294,
51267,2.83088,
51268,2.90388,
51269,2.78056,
51270,2.81168,
51271,2.70413,
51272,2.99754,
51273,2.88877,
51274,2.93545,
51275,3.00889,
51276,2.96178,
51277,2.85172,
51278,2.96979,
51279,2.8918,
51280,3.01141,
51281,2.9943,
51282,3.1103,
51283,3.17053,
51284,3.06637,
51285,2.96336,
51286,2.96858,
51287,2.87955,
51288,2.89628,
51289,2.77529,
51290,2.83809,
51291,2.73853,
51292,2.91879,
51293,2.81428,
51294,3.03595,
51295,2.87433,
51296,2.97913,
51297,3.07883,
51298,3.04686,
51299,3.16946,
51300,2.90901,
51301,2.80878,
51302,3.04043,
51303,2.7663,
51304,3.02812,
51305,2.88246,
51306,3.01652,
51307,3.08463,
51308,3.0606,
51309,2.83864,
51310,3.07523,
51311,2.9823,
51312,2.93782,
51313,2.95699,
51314,3.06112,
51315,2.79677,
51316,3.07921,
51317,2.66903,
51318,3.03516,
51319,3.02922,
51320,3.19998,
51321,2.94072,
51322,3.06326,
51323,3.11691,
51324,2.88504,
51325,3.07795,
51326,2.7794,
51327,2.8944,
51328,2.90845,
51329,3.17248,
51330,3.11313,
51331,2.7785,
51332,2.95184,
51333,2.8847,
51334,3.05985,
51335,3.00655,
51336,3.20634,
51337,2.99023,
51338,2.91775,
51339,3.03999,
51340,3.07882,
51341,2.91192,
51342,2.92849,
51343,2.85683,
51344,2.93908,
51345,3.08239,
51346,3.06936,
51347,3.00696,
51348,2.93998,
51349,2.93539,
51350,2.77432,
51351,3.04904,
51352,2.90235,
51353,3.0428,
51354,2.98569,
51355,3.00599,
51356,2.96957,
51357,3.08049,
51358,3.03712,
51359,2.88334,
51360,2.97217,
51361,3.09576,
51362,2.80987,
51363,3.12703,
51364,2.9973,
51365,2.93007,
51366,2.86712,
51367,3.00357,
51368,3.03754,
51369,2.86329,
51370,2.79075,
51371,3.04076,
51372,2.82181,
51373,2.83364,
51374,2.95209,
51375,2.84485,
51376,2.80078,
51377,3.02595,
51378,3.02827,
51379,2.90173,
51380,2.86792,
51381,2.82041,
51382,2.97552,
51383,3.07496,
51384,2.69783,
51385,2.93036,
51386,2.91891,
51387,3.00501,
51388,3.0498,
51389,3.06811,
51390,2.86848,
51391,2.89315,
51392,2.98095,
51393,2.68433,
51394,2.77257,
51395,3.15873,
51396,2.86184,
51397,2.95277,
51398,2.78459,
51399,2.76954,
51400,2.99361,
51401,2.85311,
51402,2.75316,
51403,3.04195,
51404,2.97785,
51405,2.78337,
51406,2.85838,
51407,2.82165,
51408,2.90838,
51409,2.8104,
51410,2.80211,
51411,2.9343,
51412,2.8765,
51413,3.07222,
51414,3.08226,
51415,2.98165,
51416,3.1357,
51417,2.83419,
51418,2.93148,
51419,3.09307,
51420,3.00127,
51421,3.09672,
51422,3.23688,
51423,3.30078,
51424,4.08454,
51425,3.03366,
51426,2.98777,
51427,3.02077,
51428,3.02421,
51429,2.92737,
51430,3.04437,
51431,2.96332,
51432,2.99451,
51433,2.91363,
51434,3.55757,
51435,3.03593,
51436,3.02181,
51437,2.69203,
51438,2.84975,
51439,3.0918,
51440,3.04779,
51441,3.15219,
51442,3.24965,
51443,3.09946,
51444,3.0117,
51445,2.99798,
51446,2.93755,
51447,3.11186,
51448,2.87347,
51449,2.92347,
51450,3.07657,
51451,3.06948,
51452,2.94712,
51453,2.83316,
51454,2.79151,
51455,2.83507,
51456,2.89061,
51457,2.81405,
51458,2.62946,
51459,3.08272,
51460,2.91048,
51461,2.77321,
51462,2.79733,
51463,2.86935,
51464,2.97609,
51465,2.9622,
51466,2.9638,
51467,3.01715,
51468,2.7279,
51469,2.85031,
51470,2.61818,
51471,2.98133,
51472,2.88528,
51473,2.86659,
51474,2.88918,
51475,2.91113,
51476,2.88845,
51477,2.86878,
51478,2.75983,
51479,2.72706,
51480,2.90995,
51481,2.86093,
51482,2.58528,
51483,2.68761,
51484,2.74781,
51485,2.87109,
51486,2.88808,
51487,2.84485,
51488,2.87904,
51489,2.90068,
51490,2.97548,
51491,2.70101,
51492,3.02135,
51493,2.9232,
51494,2.90129,
51495,2.85236,
51496,3.00766,
51497,3.13618,
51498,3.01365,
51499,2.85708,
51500,2.84158,
51501,3.17195,
51502,2.9834,
51503,3.02546,
51504,2.94699,
51505,2.79074,
51506,2.83015,
51507,2.99026,
51508,2.58925,
51509,2.69928,
51510,2.53086,
51511,2.73014,
51512,2.8659,
51513,2.99565,
51514,2.96044,
51515,2.98666,
51516,2.8937,
51517,2.75965,
51518,2.83344,
51519,2.94869,
51520,3.06778,
51521,2.87944,
51522,2.80948,
51523,2.44815,
51524,2.49174,
51525,3.01937,
51526,2.71382,
51527,2.90108,
51528,2.65927,
51529,2.8141,
51530,2.68594,
51531,2.68244,
51532,2.71188,
51533,2.77928,
51534,2.75705,
51535,2.72776,
51536,2.79366,
51537,2.9594,
51538,2.70766,
51539,2.92739,
51540,2.85721,
51541,3.08017,
51542,3.05503,
51543,3.04218,
51544,3.08042,
51545,3.06587,
51546,3.00781,
51547,2.84293,
51548,2.63633,
51549,2.95172,
51550,2.82317,
51551,2.82966,
51552,2.99043,
51553,2.8955,
51554,2.97912,
51555,2.9016,
51556,2.86652,
51557,2.82105,
51558,2.90667,
51559,3.02192,
51560,2.99786,
51561,2.92602,
51562,2.87569,
51563,2.77904,
51564,3.07686,
51565,2.7686,
51566,2.83731,
51567,2.92995,
51568,2.97866,
51569,2.86159,
51570,3.22332,
51571,3.08528,
51572,3.02883,
51573,2.85732,
51574,3.0524,
51575,2.97362,
51576,2.8992,
51577,2.98319,
51578,2.92591,
51579,2.93697,
51580,2.95695,
51581,2.94073,
51582,2.88654,
51583,2.76249,
51584,2.95652,
51585,2.87228,
51586,2.87741,
51587,2.60961,
51588,2.73297,
51589,2.56837,
51590,2.81794,
51591,2.92948,
51592,2.67472,
51593,2.76668,
51594,2.75032,
51595,2.91314,
51596,2.77594,
51597,2.85139,
51598,2.64342,
51599,2.84546,
51600,2.98763,
51601,2.95551,
51602,2.89461,
51603,3.00148,
51604,2.92535,
51605,3.05761,
51606,3.01256,
51607,2.98799,
51608,3.06745,
51609,2.90826,
51610,2.87572,
51611,2.68848,
51612,2.92891,
51613,2.89494,
51614,2.96928,
51615,2.92064,
51616,2.79291,
51617,2.9096,
51618,2.81962,
51619,2.88839,
51620,2.99261,
51621,3.11602,
51622,2.86048,
51623,2.84706,
51624,2.80236,
51625,2.98398,
51626,2.99894,
51627,3.01433,
51628,2.83561,
51629,3.02924,
51630,2.84435,
51631,2.93453,
51632,3.14809,
51633,2.91527,
51634,2.83493,
51635,2.75284,
51636,3.03536,
51637,3.05745,
51638,2.93781,
51639,2.97017,
51640,2.95832,
51641,3.14054,
51642,3.04378,
51643,3.24655,
51644,2.87279,
51645,2.95628,
51646,2.74631,
51647,2.8861,
51648,2.91859,
51649,2.87035,
51650,2.86538,
51651,3.0793,
51652,2.9898,
51653,2.88151,
51654,2.73519,
51655,2.85078,
51656,2.92098,
51657,2.92716,
51658,2.90202,
51659,3.03964,
51660,3.01714,
51661,3.04883,
51662,2.91008,
51663,2.82965,
51664,2.95926,
51665,2.7374,
51666,3.07884,
51667,3.12527,
51668,3.06611,
51669,3.09667,
51670,3.26565,
51671,3.38966,
51672,2.99195,
51673,3.03134,
51674,3.04429,
51675,3.11817,
51676,3.3687,
51677,3.05824,
51678,2.98001,
51679,2.98677,
51680,2.93991,
51681,3.01147,
51682,2.99415,
51683,3.04681,
51684,2.93092,
51685,2.84263,
51686,3.01001,
51687,3.34647,
51688,3.33083,
51689,3.26449,
51690,3.2778,
51691,3.27676,
51692,3.3129,
51693,3.26938,
51694,3.26266,
51695,3.29248,
51696,3.28871,
51697,3.27169,
51698,3.33034,
51699,3.30535,
51700,3.23346,
51701,3.29193,
51702,3.35269,
51703,3.2976,
51704,3.2382,
51705,3.19752,
51706,2.96947,
51707,3.16466,
51708,2.91312,
51709,2.92463,
51710,2.93868,
51711,2.96146,
51712,2.85213,
51713,3.02481,
51714,2.86206,
51715,2.95214,
51716,2.94645,
51717,2.77464,
51718,2.71871,
51719,3.01736,
51720,3.18955,
51721,3.06236,
51722,2.77088,
51723,2.94583,
51724,2.9785,
51725,2.89354,
51726,2.94155,
51727,3.04244,
51728,2.84231,
51729,2.93191,
51730,2.79018,
51731,2.72631,
51732,3.0541,
51733,2.95082,
51734,2.88712,
51735,2.8902,
51736,2.8089,
51737,2.81447,
51738,2.758,
51739,2.79924,
51740,2.96792,
51741,2.8502,
51742,2.79491,
51743,2.95188,
51744,2.9118,
51745,2.85578,
51746,2.87599,
51747,2.71167,
51748,2.73999,
51749,2.96289,
51750,2.67098,
51751,2.7884,
51752,2.80314,
51753,2.88815,
51754,2.77875,
51755,2.82282,
51756,2.88976,
51757,2.75325,
51758,2.75699,
51759,2.79575,
51760,2.85992,
51761,2.89638,
51762,2.90993,
51763,2.74392,
51764,2.98128,
51765,2.73154,
51766,2.90842,
51767,2.84229,
51768,2.87286,
51769,3.06126,
51770,2.8446,
51771,2.78611,
51772,2.95881,
51773,2.83366,
51774,2.74467,
51775,2.85499,
51776,3.03926,
51777,2.65382,
51778,2.72311,
51779,2.91745,
51780,2.74402,
51781,2.89588,
51782,2.84728,
51783,2.77681,
51784,2.71946,
51785,2.9682,
51786,2.88434,
51787,2.9257,
51788,2.82906,
51789,3.07231,
51790,2.95564,
51791,3.05505,
51792,2.9029,
51793,2.85258,
51794,2.98986,
51795,2.91466,
51796,2.9577,
51797,2.91772,
51798,2.96077,
51799,2.95137,
51800,2.65618,
51801,2.86525,
51802,2.92818,
51803,2.99356,
51804,2.94864,
51805,2.60664,
51806,2.84388,
51807,2.95295,
51808,2.83636,
51809,2.57982,
51810,2.74262,
51811,2.82521,
51812,2.8039,
51813,2.84621,
51814,2.60795,
51815,2.68607,
51816,2.70471,
51817,2.8243,
51818,2.90488,
51819,3.13007,
51820,3.14036,
51821,2.96823,
51822,2.92817,
51823,3.04925,
51824,3.12491,
51825,2.82522,
51826,3.01079,
51827,2.861,
51828,2.90895,
51829,2.83536,
51830,3.12975,
51831,2.94188,
51832,2.92891,
51833,3.0298,
51834,3.02952,
51835,2.89689,
51836,3.05356,
51837,2.82827,
51838,3.02725,
51839,3.01879,
51840,2.92363,
51841,2.87908,
51842,2.94069,
51843,2.70333,
51844,2.97776,
51845,2.9837,
51846,2.85505,
51847,2.94322,
51848,2.87809,
51849,2.93298,
51850,3.07617,
51851,2.99692,
51852,2.87769,
51853,2.89371,
51854,2.97094,
51855,2.76477,
51856,2.90776,
51857,2.94348,
51858,3.08045,
51859,2.83028,
51860,2.89123,
51861,2.81624,
51862,2.97591,
51863,2.99241,
51864,3.01407,
51865,2.74499,
51866,2.93274,
51867,2.88992,
51868,2.76654,
51869,2.92426,
51870,3.03017,
51871,2.94346,
51872,2.73086,
51873,2.81978,
51874,2.93032,
51875,2.88473,
51876,2.81207,
51877,2.70269,
51878,2.7927,
51879,2.77923,
51880,2.85299,
51881,2.58697,
51882,2.63281,
51883,2.72316,
51884,2.7977,
51885,2.84933,
51886,2.74558,
51887,2.56387,
51888,2.78974,
51889,2.67753,
51890,2.7671,
51891,2.68255,
51892,2.74278,
51893,2.91498,
51894,2.84302,
51895,2.89176,
51896,2.63751,
51897,2.80318,
51898,2.69935,
51899,2.77878,
51900,2.96763,
51901,2.65474,
51902,2.7756,
51903,2.65628,
51904,2.61217,
51905,2.79226,
51906,2.79292,
51907,2.80796,
51908,2.73753,
51909,2.9247,
51910,2.76652,
51911,2.72839,
51912,2.95855,
51913,2.94002,
51914,2.88471,
51915,2.93615,
51916,3.22152,
51917,2.92682,
51918,2.82654,
51919,3.05626,
51920,2.90949,
51921,2.98157,
51922,3.05442,
51923,2.92139,
51924,2.93817,
51925,2.96318,
51926,2.77064,
51927,3.00478,
51928,2.96308,
51929,2.81514,
51930,2.96058,
51931,2.90044,
51932,2.73725,
51933,2.88853,
51934,2.88767,
51935,2.77994,
51936,2.8428,
51937,2.91202,
51938,3.04226,
51939,2.8495,
51940,2.9736,
51941,2.87958,
51942,3.16172,
51943,3.18626,
51944,3.19007,
51945,3.18262,
51946,3.26316,
51947,3.18445,
51948,3.13779,
51949,3.24029,
51950,3.07809,
51951,3.18888,
51952,3.23601,
51953,3.21613,
51954,3.08742,
51955,3.25369,
51956,3.18462,
51957,3.17554,
51958,3.28162,
51959,3.1854,
51960,3.21803,
51961,3.18108,
51962,3.18809,
51963,2.91725,
51964,3.14317,
51965,2.54886,
51966,2.68244,
51967,2.63175,
51968,2.46099,
51969,2.57555,
51970,2.48232,
51971,2.85304,
51972,2.42443,
51973,2.63187,
51974,2.56758,
51975,2.70495,
51976,2.67903,
51977,2.50502,
51978,2.57182,
51979,2.76376,
51980,2.86408,
51981,2.86155,
51982,2.60452,
51983,2.53328,
51984,3.00875,
51985,3.10531,
51986,2.98476,
51987,3.00689,
51988,3.02276,
51989,2.98054,
51990,2.91913,
51991,2.76208,
51992,2.89207,
51993,3.00152,
51994,2.87932,
51995,2.96089,
51996,3.06752,
51997,3.08929,
51998,3.01508,
51999,2.91353,
52000,2.73522,
52001,2.95929,
52002,2.87478,
52003,2.90186,
52004,2.65889,
52005,2.69005,
52006,2.68266,
52007,2.86638,
52008,2.90522,
52009,2.83751,
52010,2.85945,
52011,2.78407,
52012,2.84604,
52013,2.80438,
52014,2.94529,
52015,2.8172,
52016,2.74414,
52017,2.87946,
52018,2.67617,
52019,2.71963,
52020,2.71798,
52021,2.87588,
52022,3.03142,
52023,2.91356,
52024,2.74007,
52025,2.69647,
52026,2.59295,
52027,2.5337,
52028,2.61662,
52029,2.59421,
52030,2.88909,
52031,2.5801,
52032,2.66623,
52033,2.74917,
52034,2.88633,
52035,2.87976,
52036,2.99397,
52037,2.72283,
52038,3.09687,
52039,2.86815,
52040,3.15219,
52041,3.11935,
52042,2.93968,
52043,3.08858,
52044,2.92646,
52045,2.86294,
52046,2.96443,
52047,2.97354,
52048,2.84244,
52049,2.69699,
52050,2.73757,
52051,2.82962,
52052,2.77917,
52053,2.91983,
52054,2.96487,
52055,2.82362,
52056,2.96061,
52057,2.75028,
52058,2.98197,
52059,2.91873,
52060,2.77495,
52061,2.6799,
52062,2.93779,
52063,2.67328,
52064,2.76454,
52065,2.68748,
52066,2.59186,
52067,2.63654,
52068,2.72185,
52069,2.99609,
52070,2.99565,
52071,3.12719,
52072,3.12696,
52073,3.12008,
52074,3.05777,
52075,2.80439,
52076,2.89316,
52077,2.86661,
52078,3.00701,
52079,3.23744,
52080,2.97656,
52081,3.03461,
52082,2.89574,
52083,2.84222,
52084,3.15717,
52085,3.1323,
52086,3.16369,
52087,3.05247,
52088,3.22276,
52089,2.90753,
52090,2.98674,
52091,2.93363,
52092,2.95418,
52093,2.78634,
52094,2.86112,
52095,2.74443,
52096,2.73432,
52097,3.01989,
52098,2.69696,
52099,2.75126,
52100,2.88234,
52101,2.91436,
52102,2.94402,
52103,2.84091,
52104,2.88295,
52105,2.81655,
52106,2.7392,
52107,2.71689,
52108,2.74876,
52109,2.88511,
52110,2.62503,
52111,2.72065,
52112,2.93772,
52113,2.80644,
52114,3.08238,
52115,3.1582,
52116,3.07347,
52117,3.20275,
52118,3.10722,
52119,3.05228,
52120,2.88383,
52121,2.96357,
52122,2.81132,
52123,2.84153,
52124,2.74885,
52125,2.80702,
52126,3.09451,
52127,3.096,
52128,2.97724,
52129,3.09667,
52130,3.08174,
52131,2.8636,
52132,2.85656,
52133,2.90479,
52134,2.74512,
52135,2.92561,
52136,3.03084,
52137,3.00694,
52138,3.07759,
52139,3.17698,
52140,3.20952,
52141,2.73141,
52142,2.85446,
52143,3.05804,
52144,3.07653,
52145,2.94835,
52146,2.97048,
52147,3.09652,
52148,3.02381,
52149,3.13352,
52150,2.95841,
52151,2.88709,
52152,3.07914,
52153,2.76818,
52154,2.97894,
52155,2.99186,
52156,2.94715,
52157,2.94592,
52158,2.96221,
52159,3.1676,
52160,3.00943,
52161,3.03982,
52162,2.95466,
52163,3.16372,
52164,3.06228,
52165,3.02157,
52166,2.91668,
52167,2.99972,
52168,2.96246,
52169,2.84043,
52170,2.90565,
52171,2.82561,
52172,2.9837,
52173,2.96069,
52174,2.99615,
52175,2.74215,
52176,2.94781,
52177,3.02027,
52178,2.92957,
52179,2.77504,
52180,2.76242,
52181,3.03734,
52182,2.79662,
52183,2.95318,
52184,2.10887,
52185,3.02968,
52186,2.95385,
52187,3.10987,
52188,3.19358,
52189,3.42386,
52190,3.04304,
52191,3.17858,
52192,2.99964,
52193,3.11998,
52194,3.08291,
52195,3.1083,
52196,3.11672,
52197,2.92987,
52198,2.97606,
52199,3.0246,
52200,3.18804,
52201,2.99281,
52202,3.06432,
52203,3.16239,
52204,3.02631,
52205,3.0423,
52206,2.93011,
52207,2.94216,
52208,3.03577,
52209,3.00851,
52210,3.02896,
52211,3.02809,
52212,2.8555,
52213,3.12086,
52214,3.14132,
52215,2.89637,
52216,3.02045,
52217,2.85831,
52218,2.80494,
52219,2.76785,
52220,2.6577,
52221,2.96312,
52222,2.80797,
52223,2.78359,
52224,2.89386,
52225,3.01606,
52226,2.86115,
52227,2.82904,
52228,2.88886,
52229,2.82205,
52230,2.97272,
52231,2.82522,
52232,2.91308,
52233,3.02192,
52234,2.89719,
52235,2.98362,
52236,2.8691,
52237,2.80273,
52238,2.85881,
52239,2.81701,
52240,3.05959,
52241,2.91318,
52242,2.89629,
52243,2.93099,
52244,3.00173,
52245,2.84891,
52246,2.65555,
52247,2.84959,
52248,2.84194,
52249,2.93575,
52250,2.91376,
52251,2.67934,
52252,2.98748,
52253,3.0845,
52254,2.94361,
52255,2.89688,
52256,2.79384,
52257,3.06257,
52258,2.86899,
52259,2.61868,
52260,2.92819,
52261,2.87571,
52262,3.10651,
52263,2.81984,
52264,2.81879,
52265,2.90509,
52266,2.88747,
52267,2.82621,
52268,2.84945,
52269,2.86674,
52270,2.94094,
52271,2.94675,
52272,2.93843,
52273,2.72979,
52274,2.84131,
52275,2.79391,
52276,2.98052,
52277,2.97968,
52278,2.94536,
52279,2.98248,
52280,3.09841,
52281,2.87693,
52282,2.96765,
52283,2.99592,
52284,2.79422,
52285,3.04488,
52286,2.99606,
52287,3.12836,
52288,2.94394,
52289,2.7392,
52290,2.78622,
52291,2.93594,
52292,2.78327,
52293,2.84855,
52294,2.72783,
52295,2.88317,
52296,3.08097,
52297,3.02314,
52298,2.89778,
52299,3.02269,
52300,2.84804,
52301,2.96623,
52302,2.91886,
52303,3.04035,
52304,3.02165,
52305,3.05822,
52306,3.01769,
52307,3.02846,
52308,2.9677,
52309,2.89679,
52310,3.03155,
52311,2.71363,
52312,2.83688,
52313,3.00267,
52314,2.90234,
52315,2.9788,
52316,2.77269,
52317,2.89651,
52318,3.00545,
52319,2.78397,
52320,2.88292,
52321,2.81582,
52322,2.76781,
52323,2.85728,
52324,2.68476,
52325,2.80845,
52326,2.84014,
52327,2.91899,
52328,2.83006,
52329,2.94095,
52330,2.99238,
52331,2.97265,
52332,2.81771,
52333,2.90077,
52334,2.76604,
52335,2.79949,
52336,2.72101,
52337,2.99649,
52338,2.89072,
52339,2.92604,
52340,3.00812,
52341,2.95984,
52342,2.83887,
52343,2.9678,
52344,2.89384,
52345,3.01627,
52346,2.98652,
52347,3.12538,
52348,3.15109,
52349,3.06243,
52350,2.97499,
52351,2.97076,
52352,2.86966,
52353,2.89305,
52354,2.78961,
52355,2.82929,
52356,2.72494,
52357,2.93914,
52358,2.81246,
52359,3.0286,
52360,2.87446,
52361,2.9916,
52362,3.08633,
52363,3.05139,
52364,3.16345,
52365,2.91674,
52366,2.80329,
52367,3.0479,
52368,2.77747,
52369,3.0301,
52370,2.88729,
52371,3.01909,
52372,3.10431,
52373,3.05297,
52374,2.8388,
52375,3.06468,
52376,2.98701,
52377,2.94144,
52378,2.95541,
52379,3.05951,
52380,2.8118,
52381,3.07847,
52382,2.6678,
52383,3.04498,
52384,3.02366,
52385,3.20336,
52386,2.94221,
52387,3.05147,
52388,3.11271,
52389,2.87842,
52390,3.08421,
52391,2.77595,
52392,2.9036,
52393,2.89922,
52394,3.15644,
52395,3.10058,
52396,2.7855,
52397,2.96138,
52398,2.88999,
52399,3.03911,
52400,3.00543,
52401,3.22244,
52402,2.983,
52403,2.91883,
52404,3.02607,
52405,3.07652,
52406,2.92615,
52407,2.90571,
52408,2.86274,
52409,2.94466,
52410,3.08568,
52411,3.06322,
52412,3.0055,
52413,2.93434,
52414,2.94662,
52415,2.76172,
52416,3.04116,
52417,2.88474,
52418,3.04684,
52419,2.98123,
52420,2.99689,
52421,2.95533,
52422,3.07384,
52423,3.02575,
52424,2.89057,
52425,2.96465,
52426,3.10528,
52427,2.80703,
52428,3.13242,
52429,2.98232,
52430,2.93239,
52431,2.85012,
52432,3.01518,
52433,3.03741,
52434,2.86275,
52435,2.8041,
52436,3.03723,
52437,2.81512,
52438,2.82756,
52439,2.95165,
52440,2.84666,
52441,2.78067,
52442,3.014,
52443,3.02971,
52444,2.88356,
52445,2.8873,
52446,2.83781,
52447,2.972,
52448,3.06917,
52449,2.69503,
52450,2.91956,
52451,2.91682,
52452,3.02466,
52453,3.06137,
52454,3.08711,
52455,2.86891,
52456,2.90484,
52457,2.98146,
52458,2.68086,
52459,2.76979,
52460,3.16403,
52461,2.86312,
52462,2.96523,
52463,2.76971,
52464,2.7655,
52465,2.99513,
52466,2.85769,
52467,2.74547,
52468,3.04819,
52469,2.96696,
52470,2.77825,
52471,2.85169,
52472,2.82227,
52473,2.91293,
52474,2.81318,
52475,2.80078,
52476,2.93971,
52477,2.88814,
52478,3.06184,
52479,3.07807,
52480,2.9809,
52481,3.13479,
52482,2.82794,
52483,2.92613,
52484,3.08907,
52485,2.97742,
52486,3.10095,
52487,3.24322,
52488,3.30353,
52489,4.09023,
52490,3.03605,
52491,2.9799,
52492,3.0074,
52493,3.01681,
52494,2.93368,
52495,3.0475,
52496,2.95712,
52497,2.99807,
52498,2.91124,
52499,3.54552,
52500,3.02218,
52501,3.01424,
52502,2.71046,
52503,2.83835,
52504,3.0796,
52505,3.0432,
52506,3.1582,
52507,3.25528,
52508,3.10288,
52509,3.00223,
52510,2.99192,
52511,2.91982,
52512,3.10518,
52513,2.86656,
52514,2.92261,
52515,3.06634,
52516,3.05598,
52517,2.95356,
52518,2.84095,
52519,2.80815,
52520,2.83032,
52521,2.89389,
52522,2.80351,
52523,2.61899,
52524,3.06409,
52525,2.90754,
52526,2.77331,
52527,2.81572,
52528,2.87169,
52529,2.97806,
52530,2.97664,
52531,2.9647,
52532,3.00773,
52533,2.7177,
52534,2.8381,
52535,2.60535,
52536,2.97638,
52537,2.87603,
52538,2.86338,
52539,2.8901,
52540,2.90662,
52541,2.87539,
52542,2.87824,
52543,2.74204,
52544,2.71435,
52545,2.89995,
52546,2.86184,
52547,2.57279,
52548,2.70208,
52549,2.72859,
52550,2.88416,
52551,2.89173,
52552,2.84535,
52553,2.85509,
52554,2.9101,
52555,2.97711,
52556,2.6981,
52557,3.0279,
52558,2.90404,
52559,2.88815,
52560,2.87078,
52561,3.00128,
52562,3.12965,
52563,3.01249,
52564,2.8755,
52565,2.844,
52566,3.17277,
52567,2.9778,
52568,3.0269,
52569,2.96405,
52570,2.79421,
52571,2.83142,
52572,2.98832,
52573,2.60073,
52574,2.69509,
52575,2.51878,
52576,2.73553,
52577,2.86482,
52578,3.00123,
52579,2.97899,
52580,2.97374,
52581,2.90079,
52582,2.76367,
52583,2.84375,
52584,2.96004,
52585,3.0691,
52586,2.87319,
52587,2.8249,
52588,2.45753,
52589,2.4899,
52590,3.02066,
52591,2.71513,
52592,2.89368,
52593,2.6597,
52594,2.81153,
52595,2.68768,
52596,2.6855,
52597,2.71235,
52598,2.78234,
52599,2.76287,
52600,2.74765,
52601,2.79319,
52602,2.95885,
52603,2.72366,
52604,2.92159,
52605,2.85419,
52606,3.07688,
52607,3.05604,
52608,3.05147,
52609,3.09194,
52610,3.07081,
52611,3.00066,
52612,2.84617,
52613,2.63644,
52614,2.96097,
52615,2.80348,
52616,2.84336,
52617,2.97826,
52618,2.90246,
52619,2.99059,
52620,2.89392,
52621,2.86689,
52622,2.8204,
52623,2.90808,
52624,3.03624,
52625,2.97226,
52626,2.92836,
52627,2.87777,
52628,2.78889,
52629,3.08354,
52630,2.76717,
52631,2.83636,
52632,2.92774,
52633,2.98534,
52634,2.8652,
52635,3.20888,
52636,3.08544,
52637,3.03304,
52638,2.86936,
52639,3.04523,
52640,2.98521,
52641,2.90012,
52642,2.97057,
52643,2.90625,
52644,2.94029,
52645,2.95001,
52646,2.94626,
52647,2.88472,
52648,2.75994,
52649,2.95861,
52650,2.88074,
52651,2.86416,
52652,2.61051,
52653,2.72799,
52654,2.57731,
52655,2.82477,
52656,2.9325,
52657,2.66892,
52658,2.76716,
52659,2.74373,
52660,2.90547,
52661,2.76856,
52662,2.84039,
52663,2.65022,
52664,2.84457,
52665,2.97085,
52666,2.97229,
52667,2.90838,
52668,3.00343,
52669,2.93235,
52670,3.05432,
52671,3.02313,
52672,2.99804,
52673,3.06171,
52674,2.90313,
52675,2.88187,
52676,2.69055,
52677,2.92821,
52678,2.91493,
52679,2.97715,
52680,2.89681,
52681,2.80193,
52682,2.91434,
52683,2.81083,
52684,2.8927,
52685,3.00838,
52686,3.11502,
52687,2.85545,
52688,2.83471,
52689,2.80115,
52690,2.97396,
52691,2.9963,
52692,3.01481,
52693,2.82837,
52694,3.03139,
52695,2.84174,
52696,2.93504,
52697,3.14502,
52698,2.90948,
52699,2.82587,
52700,2.74651,
52701,3.04458,
52702,3.06417,
52703,2.93348,
52704,2.97954,
52705,2.95251,
52706,3.13229,
52707,3.04306,
52708,3.2505,
52709,2.86724,
52710,2.95836,
52711,2.76,
52712,2.89711,
52713,2.92753,
52714,2.86248,
52715,2.87487,
52716,3.07965,
52717,3.0064,
52718,2.8823,
52719,2.74712,
52720,2.83893,
52721,2.92566,
52722,2.9298,
52723,2.9043,
52724,3.04348,
52725,3.02081,
52726,3.0543,
52727,2.916,
52728,2.81593,
52729,2.95822,
52730,2.7205,
52731,3.07227,
52732,3.12107,
52733,3.0573,
52734,3.08872,
52735,3.25648,
52736,3.38747,
52737,2.97643,
52738,3.02727,
52739,3.03769,
52740,3.11002,
52741,3.37231,
52742,3.06217,
52743,2.97384,
52744,2.98845,
52745,2.94199,
52746,3.01581,
52747,3.00134,
52748,3.05611,
52749,2.93023,
52750,2.85003,
52751,3.02032,
52752,3.35679,
52753,3.33693,
52754,3.27158,
52755,3.27156,
52756,3.28614,
52757,3.32085,
52758,3.27255,
52759,3.25924,
52760,3.29992,
52761,3.2914,
52762,3.28105,
52763,3.31691,
52764,3.3009,
52765,3.23138,
52766,3.29248,
52767,3.35076,
52768,3.30576,
52769,3.24362,
52770,3.21131,
52771,2.97585,
52772,3.16141,
52773,2.91325,
52774,2.91658,
52775,2.94943,
52776,2.97515,
52777,2.86356,
52778,3.01146,
52779,2.86335,
52780,2.94299,
52781,2.93867,
52782,2.77514,
52783,2.71461,
52784,3.00879,
52785,3.1929,
52786,3.06231,
52787,2.75621,
52788,2.94475,
52789,2.98159,
52790,2.87885,
52791,2.92945,
52792,3.01706,
52793,2.8397,
52794,2.93849,
52795,2.78476,
52796,2.73911,
52797,3.04374,
52798,2.94124,
52799,2.89103,
52800,2.88636,
52801,2.80448,
52802,2.81526,
52803,2.76209,
52804,2.79546,
52805,2.96096,
52806,2.84615,
52807,2.80843,
52808,2.95464,
52809,2.92479,
52810,2.86511,
52811,2.87495,
52812,2.70661,
52813,2.7334,
52814,2.9569,
52815,2.66114,
52816,2.78699,
52817,2.79108,
52818,2.88117,
52819,2.76439,
52820,2.82379,
52821,2.88854,
52822,2.75241,
52823,2.72951,
52824,2.79531,
52825,2.84785,
52826,2.89835,
52827,2.91028,
52828,2.75073,
52829,2.98265,
52830,2.72997,
52831,2.90249,
52832,2.84166,
52833,2.88749,
52834,3.06491,
52835,2.83789,
52836,2.76798,
52837,2.96032,
52838,2.82292,
52839,2.72997,
52840,2.84103,
52841,3.02492,
52842,2.64313,
52843,2.71627,
52844,2.91761,
52845,2.73887,
52846,2.89748,
52847,2.84094,
52848,2.75394,
52849,2.72216,
52850,2.94218,
52851,2.87886,
52852,2.92159,
52853,2.82264,
52854,3.08093,
52855,2.95595,
52856,3.05079,
52857,2.89806,
52858,2.85118,
52859,2.98652,
52860,2.91273,
52861,2.95807,
52862,2.90461,
52863,2.94254,
52864,2.93486,
52865,2.65182,
52866,2.87037,
52867,2.94133,
52868,2.99501,
52869,2.95652,
52870,2.60198,
52871,2.83874,
52872,2.95191,
52873,2.83033,
52874,2.56443,
52875,2.73178,
52876,2.82416,
52877,2.80271,
52878,2.836,
52879,2.60265,
52880,2.6984,
52881,2.69316,
52882,2.83366,
52883,2.91794,
52884,3.11935,
52885,3.13257,
52886,2.97288,
52887,2.90511,
52888,3.06256,
52889,3.11806,
52890,2.83283,
52891,3.00262,
52892,2.85048,
52893,2.89824,
52894,2.83893,
52895,3.14104,
52896,2.94522,
52897,2.92717,
52898,3.01594,
52899,3.02518,
52900,2.90139,
52901,3.04273,
52902,2.83471,
52903,3.02802,
52904,3.01689,
52905,2.91739,
52906,2.88357,
52907,2.93912,
52908,2.70617,
52909,3.00183,
52910,2.97888,
52911,2.84306,
52912,2.94089,
52913,2.88565,
52914,2.93999,
52915,3.0735,
52916,2.98787,
52917,2.87292,
52918,2.89294,
52919,2.96091,
52920,2.77741,
52921,2.90955,
52922,2.95253,
52923,3.07025,
52924,2.82453,
52925,2.91047,
52926,2.8182,
52927,2.97585,
52928,2.97769,
52929,3.02054,
52930,2.73263,
52931,2.93623,
52932,2.88085,
52933,2.77238,
52934,2.92016,
52935,3.02805,
52936,2.95178,
52937,2.72148,
52938,2.83002,
52939,2.92869,
52940,2.86491,
52941,2.82036,
52942,2.71594,
52943,2.79377,
52944,2.76555,
52945,2.84421,
52946,2.5906,
52947,2.62496,
52948,2.71146,
52949,2.78547,
52950,2.84348,
52951,2.73342,
52952,2.5506,
52953,2.79686,
52954,2.67298,
52955,2.76833,
52956,2.69511,
52957,2.74621,
52958,2.91241,
52959,2.84672,
52960,2.90511,
52961,2.65127,
52962,2.806,
52963,2.70106,
52964,2.77644,
52965,2.96896,
52966,2.65882,
52967,2.74502,
52968,2.64418,
52969,2.60735,
52970,2.78637,
52971,2.79901,
52972,2.81761,
52973,2.73639,
52974,2.92614,
52975,2.75704,
52976,2.71036,
52977,2.95135,
52978,2.94593,
52979,2.87351,
52980,2.95366,
52981,3.23476,
52982,2.92876,
52983,2.82076,
52984,3.06111,
52985,2.90135,
52986,2.99201,
52987,3.05655,
52988,2.92638,
52989,2.93821,
52990,2.96274,
52991,2.77054,
52992,2.99873,
52993,2.97726,
52994,2.80158,
52995,2.95365,
52996,2.89757,
52997,2.71893,
52998,2.89253,
52999,2.88149,
53000,2.77403,
53001,2.85695,
53002,2.91506,
53003,3.04688,
53004,2.85147,
53005,2.96363,
53006,2.88216,
53007,3.16251,
53008,3.18964,
53009,3.19582,
53010,3.18354,
53011,3.25497,
53012,3.18704,
53013,3.13979,
53014,3.24147,
53015,3.08847,
53016,3.20074,
53017,3.23903,
53018,3.2113,
53019,3.08298,
53020,3.26129,
53021,3.19039,
53022,3.18263,
53023,3.28682,
53024,3.18221,
53025,3.21513,
53026,3.18339,
53027,3.19311,
53028,2.92973,
53029,3.14837,
53030,2.55196,
53031,2.67778,
53032,2.61998,
53033,2.46721,
53034,2.57535,
53035,2.48972,
53036,2.84872,
53037,2.42533,
53038,2.62988,
53039,2.56766,
53040,2.71237,
53041,2.66614,
53042,2.502,
53043,2.55039,
53044,2.74114,
53045,2.86228,
53046,2.87496,
53047,2.60803,
53048,2.52177,
53049,3.01771,
53050,3.1009,
53051,2.97173,
53052,3.01549,
53053,3.02946,
53054,2.98973,
53055,2.90635,
53056,2.74435,
53057,2.87673,
53058,3.00007,
53059,2.88765,
53060,2.95071,
53061,3.07035,
53062,3.08669,
53063,3.02458,
53064,2.91993,
53065,2.74272,
53066,2.96056,
53067,2.87837,
53068,2.88389,
53069,2.65181,
53070,2.69812,
53071,2.67541,
53072,2.87593,
53073,2.90067,
53074,2.83045,
53075,2.84315,
53076,2.77808,
53077,2.86532,
53078,2.80745,
53079,2.94022,
53080,2.81365,
53081,2.74209,
53082,2.87944,
53083,2.66909,
53084,2.71269,
53085,2.71349,
53086,2.86211,
53087,3.02207,
53088,2.90934,
53089,2.72742,
53090,2.7141,
53091,2.59748,
53092,2.55105,
53093,2.61065,
53094,2.59697,
53095,2.86902,
53096,2.57012,
53097,2.6543,
53098,2.73433,
53099,2.88204,
53100,2.87371,
53101,2.99761,
53102,2.72222,
53103,3.09329,
53104,2.87793,
53105,3.14632,
53106,3.11225,
53107,2.93166,
53108,3.09259,
53109,2.92674,
53110,2.85273,
53111,2.95921,
53112,2.97025,
53113,2.83063,
53114,2.70425,
53115,2.72634,
53116,2.83433,
53117,2.78028,
53118,2.91441,
53119,2.96347,
53120,2.81693,
53121,2.94816,
53122,2.75114,
53123,2.98087,
53124,2.92187,
53125,2.76076,
53126,2.67267,
53127,2.93068,
53128,2.67066,
53129,2.76864,
53130,2.69176,
53131,2.58925,
53132,2.62971,
53133,2.7113,
53134,2.99101,
53135,2.98868,
53136,3.1197,
53137,3.11518,
53138,3.10604,
53139,3.0456,
53140,2.79003,
53141,2.92353,
53142,2.86254,
53143,3.01695,
53144,3.23702,
53145,2.98231,
53146,3.03427,
53147,2.87744,
53148,2.84155,
53149,3.15773,
53150,3.13629,
53151,3.16785,
53152,3.05349,
53153,3.23577,
53154,2.91353,
53155,2.99437,
53156,2.92706,
53157,2.94156,
53158,2.78983,
53159,2.84028,
53160,2.74811,
53161,2.73065,
53162,3.01248,
53163,2.67765,
53164,2.73628,
53165,2.89731,
53166,2.91746,
53167,2.94679,
53168,2.81691,
53169,2.8722,
53170,2.8041,
53171,2.74093,
53172,2.69686,
53173,2.74779,
53174,2.87932,
53175,2.61177,
53176,2.71468,
53177,2.93375,
53178,2.79207,
53179,3.08365,
53180,3.15905,
53181,3.09258,
53182,3.20924,
53183,3.10194,
53184,3.05559,
53185,2.87816,
53186,2.97682,
53187,2.81411,
53188,2.83893,
53189,2.74283,
53190,2.80324,
53191,3.08096,
53192,3.09139,
53193,2.98908,
53194,3.09336,
53195,3.07442,
53196,2.86258,
53197,2.84537,
53198,2.90994,
53199,2.74585,
53200,2.91864,
53201,3.03385,
53202,3.0048,
53203,3.08341,
53204,3.18726,
53205,3.19923,
53206,2.73729,
53207,2.85669,
53208,3.05114,
53209,3.07518,
53210,2.94511,
53211,2.96617,
53212,3.0969,
53213,3.02275,
53214,3.1274,
53215,2.93791,
53216,2.90465,
53217,3.07768,
53218,2.75825,
53219,2.97926,
53220,2.98277,
53221,2.94078,
53222,2.92342,
53223,2.95614,
53224,3.15838,
53225,3.01281,
53226,3.04712,
53227,2.95272,
53228,3.15855,
53229,3.0518,
53230,3.02541,
53231,2.91119,
53232,3.00318,
53233,2.9462,
53234,2.83013,
53235,2.92037,
53236,2.82968,
53237,2.97667,
53238,2.95783,
53239,2.99783,
53240,2.73502,
53241,2.95707,
53242,3.00804,
53243,2.92266,
53244,2.77307,
53245,2.76729,
53246,3.03467,
53247,2.7872,
53248,2.95093,
53249,2.10587,
