step,train_loss,validation_loss
0,6.40248,4.26295
1,6.23115,3.75695
2,6.10183,3.60617
3,6.09448,3.51955
4,5.97486,3.47174
5,6.00405,3.43097
6,5.92628,3.40376
7,5.92021,3.38895
8,5.91158,3.38062
9,5.85178,3.37288
10,5.85718,3.3719
11,5.8365,3.37435
12,5.84746,3.37574
13,5.7588,3.37702
14,5.73601,3.37231
15,5.7614,3.36768
16,5.76437,3.36966
17,5.79375,3.36779
18,5.88397,3.37482
19,5.80937,3.37495
20,5.70733,3.37978
21,5.76355,3.38235
22,5.81366,3.38775
23,5.80371,3.39182
24,5.84317,3.39246
25,5.78041,3.39986
26,5.88384,
27,5.85475,
28,5.80766,
29,5.78889,
30,5.80034,
31,5.82336,
32,5.77101,
33,5.81053,
34,5.80622,
35,5.79959,
36,5.81995,
37,5.75794,
38,5.76845,
39,5.82124,
40,5.77537,
41,5.78856,
42,5.74203,
43,5.73135,
44,5.69432,
45,5.75274,
46,5.78748,
47,5.74541,
48,5.84598,
49,5.79669,
50,5.83829,
51,5.8402,
52,5.79205,
53,5.79406,
54,5.84638,
55,5.77809,
56,5.77548,
57,5.77683,
58,5.81985,
59,5.72953,
60,5.75919,
61,5.75351,
62,5.78139,
63,5.72157,
64,5.78049,
65,5.74084,
66,5.7654,
67,5.73661,
68,5.73277,
69,5.79605,
70,5.71013,
71,5.7413,
72,5.74078,
73,5.77081,
74,5.78201,
75,5.77055,
76,5.77716,
77,5.74532,
78,5.74185,
79,5.72156,
80,5.77907,
81,5.76184,
82,5.69802,
83,5.70153,
84,5.7349,
85,5.81976,
86,5.79398,
87,5.92103,
88,5.80709,
89,5.84413,
90,5.83024,
91,5.77114,
92,5.77847,
93,5.76843,
94,5.72379,
95,5.70806,
96,5.70856,
97,5.63193,
98,5.66366,
99,5.6985,
100,5.68179,
101,5.6347,
102,5.73885,
103,5.72874,
104,5.49366,
105,5.518,
106,5.63354,
107,5.56279,
108,5.50049,
109,5.51935,
110,5.48659,
111,5.54943,
112,5.63535,
113,5.66378,
114,5.66434,
115,5.64469,
116,5.57124,
117,5.56826,
118,5.53606,
119,5.52223,
120,5.51025,
121,5.40874,
122,5.3552,
123,5.4371,
124,5.37363,
125,5.3862,
126,5.36431,
127,5.32615,
128,5.36039,
129,5.28053,
130,5.29671,
131,5.1904,
132,5.24678,
133,5.29259,
134,5.17044,
135,5.21303,
136,5.25193,
137,5.25997,
138,5.23697,
139,5.19564,
140,5.12842,
141,5.13426,
142,5.15358,
143,5.14097,
144,5.25517,
145,5.25624,
146,5.15317,
147,5.17008,
148,5.10356,
149,5.19974,
150,5.26153,
151,5.14604,
152,5.30163,
153,5.25024,
154,5.24507,
155,5.19677,
156,5.15289,
157,5.1191,
158,5.16553,
159,5.10194,
160,5.13835,
161,5.15498,
162,5.16384,
163,5.21226,
164,5.17103,
165,5.13116,
166,5.1101,
167,5.12041,
168,5.05364,
169,5.14025,
170,5.17299,
171,5.04801,
172,5.1324,
173,5.06905,
174,5.07861,
175,5.02859,
176,5.07602,
177,5.08191,
178,5.11718,
179,5.14534,
180,5.09572,
181,4.98307,
182,5.06336,
183,4.9314,
184,5.03539,
185,5.14849,
186,5.13321,
187,5.1295,
188,5.12002,
189,5.048,
190,5.10849,
191,5.08876,
192,4.99636,
193,5.00651,
194,5.15533,
195,5.0424,
196,5.13932,
197,4.93072,
198,5.04714,
199,5.02482,
200,5.0675,
201,5.05825,
202,4.97368,
203,5.00701,
204,4.88288,
205,5.01154,
206,4.80154,
207,4.91461,
208,4.89448,
209,4.93567,
210,4.98194,
211,4.75588,
212,4.91832,
213,5.0267,
214,4.94666,
215,4.97295,
216,4.95645,
217,5.01565,
218,4.82067,
219,4.86721,
220,4.95687,
221,4.81004,
222,4.76093,
223,4.8252,
224,5.17109,
225,5.10872,
226,5.13034,
227,5.07425,
228,5.01022,
229,4.96065,
230,4.94043,
231,4.89848,
232,4.97822,
233,4.9461,
234,4.90182,
235,4.91384,
236,4.85177,
237,4.90259,
238,4.83176,
239,4.87496,
240,4.95658,
241,4.95595,
242,4.88669,
243,5.05254,
244,4.9642,
245,4.77427,
246,4.78439,
247,4.9442,
248,4.84355,
249,4.88931,
250,4.9711,
251,4.93281,
252,4.88058,
253,4.81968,
254,4.88445,
255,4.87945,
256,4.88147,
257,4.8785,
258,4.93232,
259,4.85633,
260,4.79143,
261,4.83948,
262,4.91377,
263,4.86624,
264,4.73465,
265,4.84238,
266,4.82349,
267,4.79892,
268,4.81416,
269,4.75647,
270,4.67253,
271,4.89252,
272,4.83893,
273,4.61916,
274,4.6223,
275,4.81463,
276,4.963,
277,4.95815,
278,4.93092,
279,4.82435,
280,4.78568,
281,4.88165,
282,4.8585,
283,4.87604,
284,4.81487,
285,4.68316,
286,4.83375,
287,4.6322,
288,4.74056,
289,4.64735,
290,4.79593,
291,4.90407,
292,4.87905,
293,4.89357,
294,4.90975,
295,4.87697,
296,4.85688,
297,4.85469,
298,4.85262,
299,4.87425,
300,4.82977,
301,4.80602,
302,4.86944,
303,4.85793,
304,5.21599,
305,4.79824,
306,4.8158,
307,4.83695,
308,4.80976,
309,4.70738,
310,4.78937,
311,4.78116,
312,4.76071,
313,4.75573,
314,4.88314,
315,4.78487,
316,4.7608,
317,4.67296,
318,4.7303,
319,4.71808,
320,4.7921,
321,4.83286,
322,4.84047,
323,4.65372,
324,4.8316,
325,4.84498,
326,4.90241,
327,4.92827,
328,4.92491,
329,4.78681,
330,4.83976,
331,4.88063,
332,4.84067,
333,4.84556,
334,4.80919,
335,4.76309,
336,4.76664,
337,4.71139,
338,4.68575,
339,4.7977,
340,4.71123,
341,4.65479,
342,4.67179,
343,4.74193,
344,4.79656,
345,4.7282,
346,4.69148,
347,4.75744,
348,4.67576,
349,4.71383,
350,4.78678,
351,4.78494,
352,4.72918,
353,4.72105,
354,4.79934,
355,4.72006,
356,4.71833,
357,4.73393,
358,4.73708,
359,4.71156,
360,4.72873,
361,4.73564,
362,4.64571,
363,4.65082,
364,4.64965,
365,4.65512,
366,4.63176,
367,4.68284,
368,4.6487,
369,4.69796,
370,4.6671,
371,4.55159,
372,4.71591,
373,4.62896,
374,4.63611,
375,4.57834,
376,4.69755,
377,4.74764,
378,4.80232,
379,4.72363,
380,4.64096,
381,4.75196,
382,4.68942,
383,4.70547,
384,4.66403,
385,4.6201,
386,4.61163,
387,4.70374,
388,4.49978,
389,4.49005,
390,4.36851,
391,4.56624,
392,4.56615,
393,4.69152,
394,4.62022,
395,4.66637,
396,4.59586,
397,4.56381,
398,4.47303,
399,4.58351,
400,4.61179,
401,4.48504,
402,4.59829,
403,4.4424,
404,4.40583,
405,4.66985,
406,4.55331,
407,4.61996,
408,4.5149,
409,4.58241,
410,4.50431,
411,4.46212,
412,4.45342,
413,4.50784,
414,4.46151,
415,4.35695,
416,4.41281,
417,4.61893,
418,4.42889,
419,4.55477,
420,4.62644,
421,4.85913,
422,4.81062,
423,4.87145,
424,4.85157,
425,4.82792,
426,4.82852,
427,4.74673,
428,4.64516,
429,4.68856,
430,4.61344,
431,4.67492,
432,4.67532,
433,4.63851,
434,4.67218,
435,4.69162,
436,4.61744,
437,4.54109,
438,4.56308,
439,4.64183,
440,4.53506,
441,4.59301,
442,4.57742,
443,4.51254,
444,4.66632,
445,4.5628,
446,4.56977,
447,4.65614,
448,4.64456,
449,4.50269,
450,4.72106,
451,4.62521,
452,4.7683,
453,4.73051,
454,4.76717,
455,4.67314,
456,4.64142,
457,4.68812,
458,4.68148,
459,4.66919,
460,4.62719,
461,4.64983,
462,4.65931,
463,4.55552,
464,4.56454,
465,4.53145,
466,4.60103,
467,4.4833,
468,4.50616,
469,4.5487,
470,4.51145,
471,4.42893,
472,4.45765,
473,4.51156,
474,4.49726,
475,4.52546,
476,4.54257,
477,4.50306,
478,4.84379,
479,4.70155,
480,4.76723,
481,4.7135,
482,4.73542,
483,4.73703,
484,4.64974,
485,4.65713,
486,4.71034,
487,4.60961,
488,4.65205,
489,4.55896,
490,4.56761,
491,4.53752,
492,4.50362,
493,4.61456,
494,4.68398,
495,4.61857,
496,4.49369,
497,4.56033,
498,4.53369,
499,4.49318,
500,4.60211,
501,4.58305,
502,4.51399,
503,4.50868,
504,4.59423,
505,4.70268,
506,4.57537,
507,4.67364,
508,4.64626,
509,4.71399,
510,4.63273,
511,4.81386,
512,4.67258,
513,4.585,
514,4.48803,
515,4.50667,
516,4.66612,
517,4.61183,
518,4.50931,
519,4.5307,
520,4.52296,
521,4.5158,
522,4.52269,
523,4.55027,
524,4.49567,
525,4.46615,
526,4.41372,
527,4.42821,
528,4.47199,
529,4.44747,
530,4.33422,
531,4.41916,
532,4.39482,
533,4.49287,
534,4.38519,
535,4.44868,
536,4.51422,
537,4.44041,
538,4.40949,
539,4.7247,
540,4.69782,
541,4.67749,
542,4.68283,
543,4.5758,
544,4.62385,
545,4.62307,
546,4.59587,
547,4.53938,
548,4.53511,
549,4.60199,
550,4.629,
551,4.75408,
552,4.56635,
553,4.56816,
554,4.58072,
555,4.56466,
556,4.6722,
557,4.59101,
558,4.59175,
559,4.5343,
560,4.43583,
561,4.49461,
562,4.45907,
563,4.43669,
564,4.4703,
565,4.45444,
566,4.49046,
567,4.69357,
568,4.75294,
569,4.6751,
570,4.59211,
571,4.55431,
572,4.5625,
573,4.58464,
574,4.57456,
575,4.49058,
576,4.58761,
577,4.56762,
578,4.55151,
579,4.46284,
580,4.45224,
581,4.48381,
582,4.48566,
583,4.43167,
584,4.45869,
585,4.37609,
586,4.67607,
587,4.7756,
588,4.7611,
589,4.68022,
590,4.62326,
591,4.60646,
592,4.51792,
593,4.7445,
594,4.49448,
595,4.55073,
596,4.53357,
597,4.40813,
598,4.33268,
599,4.45611,
600,4.57733,
601,4.50769,
602,4.32674,
603,4.44714,
604,4.43191,
605,4.41052,
606,4.42309,
607,4.4359,
608,4.29035,
609,4.56556,
610,4.53904,
611,4.55857,
612,4.53938,
613,4.62727,
614,4.62939,
615,4.70701,
616,4.66345,
617,4.47765,
618,4.53988,
619,4.45702,
620,4.50919,
621,4.44819,
622,4.45568,
623,4.54935,
624,4.48678,
625,4.45123,
626,4.47839,
627,4.44072,
628,4.41745,
629,4.46372,
630,4.36054,
631,4.33455,
632,4.39207,
633,4.33551,
634,4.36639,
635,4.24262,
636,4.32034,
637,4.39173,
638,4.66308,
639,4.63115,
640,4.49768,
641,4.57441,
642,4.59977,
643,4.46839,
644,4.50303,
645,4.34015,
646,4.479,
647,4.52501,
648,4.3356,
649,4.55675,
650,4.35461,
651,4.3243,
652,4.50401,
653,4.39011,
654,4.32479,
655,4.38321,
656,4.51796,
657,4.1289,
658,4.34588,
659,4.42562,
660,4.20705,
661,4.33109,
662,4.33761,
663,4.32213,
664,4.11572,
665,4.6482,
666,4.54208,
667,4.56364,
668,4.55122,
669,4.56786,
670,4.50244,
671,4.57672,
672,4.55923,
673,4.46013,
674,4.50717,
675,4.5412,
676,4.53933,
677,4.45299,
678,4.39923,
679,4.45909,
680,4.34123,
681,4.35743,
682,4.36588,
683,4.451,
684,4.34946,
685,4.18502,
686,4.36067,
687,4.25475,
688,4.20193,
689,4.08127,
690,4.21595,
691,4.318,
692,4.30161,
693,4.20978,
694,4.16328,
695,4.0109,
696,4.04741,
697,4.19213,
698,4.22965,
699,4.8757,
700,4.58638,
701,4.53745,
702,4.45223,
703,4.55273,
704,4.57454,
705,4.49182,
706,4.50057,
707,4.42878,
708,4.44707,
709,4.29628,
710,4.54737,
711,4.41617,
712,4.38952,
713,4.50161,
714,4.50087,
715,4.5166,
716,4.42037,
717,4.4333,
718,4.4907,
719,4.429,
720,4.35673,
721,4.36778,
722,4.32693,
723,4.61136,
724,4.57544,
725,4.49077,
726,4.50979,
727,4.56772,
728,4.46871,
729,4.43487,
730,4.52952,
731,4.4415,
732,4.413,
733,4.46209,
734,4.44977,
735,4.35961,
736,4.3694,
737,4.41837,
738,4.39968,
739,4.38482,
740,4.31064,
741,4.31876,
742,4.38736,
743,4.42757,
744,4.31519,
745,4.18615,
746,4.31565,
747,4.2197,
748,4.23631,
749,4.28472,
750,4.34719,
751,4.37397,
752,4.48073,
753,4.36479,
754,4.3904,
755,4.31263,
756,4.36538,
757,4.33421,
758,4.31848,
759,4.24804,
760,4.35374,
761,4.30847,
762,4.22781,
763,4.2954,
764,4.21619,
765,4.30923,
766,4.28742,
767,4.22742,
768,4.32113,
769,4.17791,
770,4.39116,
771,4.2013,
772,4.2237,
773,4.30833,
774,4.25836,
775,4.28497,
776,4.14381,
777,4.24583,
778,4.22203,
779,4.2949,
780,4.26613,
781,4.00406,
782,4.10487,
783,3.98239,
784,4.01498,
785,4.30191,
786,4.26585,
787,4.30434,
788,4.18824,
789,4.26059,
790,4.2214,
791,4.58133,
792,4.43878,
793,4.51612,
794,4.51621,
795,4.38757,
796,4.53024,
797,4.43932,
798,4.37316,
799,4.4131,
800,4.31722,
801,4.33693,
802,4.49965,
803,4.42722,
804,4.26937,
805,4.39351,
806,4.26934,
807,4.32178,
808,4.32715,
809,4.29413,
810,4.2195,
811,4.22073,
812,4.14212,
813,4.24561,
814,4.23649,
815,4.18279,
816,4.2091,
817,4.29992,
818,4.37302,
819,4.2975,
820,4.24326,
821,4.21628,
822,4.48227,
823,4.43336,
824,4.45173,
825,4.41345,
826,4.43558,
827,4.41543,
828,4.29776,
829,4.46353,
830,4.39272,
831,4.37678,
832,4.28855,
833,4.34997,
834,4.1749,
835,4.34081,
836,4.27008,
837,4.27709,
838,4.34041,
839,4.26365,
840,4.19553,
841,4.24187,
842,4.24627,
843,4.80509,
844,4.45109,
845,4.44183,
846,4.35047,
847,4.32239,
848,4.32013,
849,4.2205,
850,4.29003,
851,4.2985,
852,3.96516,
853,4.16509,
854,4.17151,
855,4.1135,
856,4.07597,
857,3.96612,
858,4.03679,
859,4.22409,
860,4.35213,
861,4.21901,
862,3.99302,
863,4.08267,
864,4.45052,
865,4.56604,
866,4.54398,
867,4.55372,
868,4.43976,
869,4.50195,
870,4.44303,
871,4.41116,
872,4.46816,
873,4.44394,
874,4.37538,
875,4.39679,
876,4.41555,
877,4.43185,
878,4.30493,
879,4.28796,
880,4.23804,
881,4.28018,
882,4.24549,
883,4.29959,
884,4.3051,
885,4.1979,
886,4.16395,
887,4.27306,
888,4.16339,
889,4.14538,
890,4.49519,
891,4.5067,
892,4.45015,
893,4.43561,
894,4.52012,
895,4.39985,
896,4.32099,
897,4.2975,
898,4.14853,
899,4.20854,
900,4.17254,
901,4.29128,
902,4.28268,
903,4.20852,
904,4.06577,
905,3.98796,
906,3.97556,
907,3.89931,
908,3.98912,
909,3.95068,
910,4.07087,
911,3.96109,
912,3.82484,
913,3.83321,
914,4.12969,
915,4.02468,
916,4.25228,
917,3.89079,
918,4.28613,
919,4.02238,
920,4.30875,
921,4.61195,
922,4.42556,
923,4.45831,
924,4.45733,
925,4.44181,
926,4.43255,
927,4.50759,
928,4.39341,
929,4.25524,
930,4.28942,
931,4.25481,
932,4.26117,
933,4.16896,
934,4.20031,
935,4.14879,
936,4.2274,
937,4.02417,
938,4.26564,
939,4.19057,
940,3.95864,
941,3.99064,
942,4.11303,
943,3.93302,
944,3.99281,
945,3.9643,
946,3.88286,
947,3.78478,
948,3.86789,
949,4.44758,
950,4.41688,
951,4.55599,
952,4.49188,
953,4.47555,
954,4.42928,
955,4.30743,
956,4.29065,
957,4.26486,
958,4.35499,
959,4.41736,
960,4.36262,
961,4.32531,
962,4.27042,
963,4.16884,
964,4.39164,
965,4.38607,
966,4.40823,
967,4.20928,
968,4.4181,
969,4.20648,
970,4.24008,
971,4.32585,
972,4.30112,
973,4.21323,
974,4.19555,
975,4.18979,
976,4.17275,
977,4.20514,
978,4.08509,
979,4.13414,
980,4.22497,
981,4.1848,
982,4.18261,
983,4.13549,
984,4.10929,
985,4.05589,
986,4.15139,
987,4.12165,
988,4.06439,
989,4.14628,
990,3.96152,
991,3.98678,
992,4.15484,
993,4.14048,
994,4.44903,
995,4.40224,
996,4.35829,
997,4.43563,
998,4.40008,
999,4.39241,
1000,4.2983,
1001,4.32023,
1002,4.17756,
1003,4.23021,
1004,4.24404,
1005,4.14132,
1006,4.30927,
1007,4.23202,
1008,4.11418,
1009,4.30618,
1010,4.29191,
1011,3.96446,
1012,4.07722,
1013,4.09491,
1014,4.01412,
1015,4.14985,
1016,4.17685,
1017,4.18726,
1018,4.25121,
1019,4.27713,
1020,4.31651,
1021,3.97856,
1022,4.07013,
1023,4.18718,
1024,4.13618,
1025,4.33489,
1026,4.31196,
1027,4.25185,
1028,4.26503,
1029,4.3042,
1030,4.22828,
1031,4.07688,
1032,4.24216,
1033,4.00339,
1034,4.24469,
1035,4.24344,
1036,4.17038,
1037,4.19343,
1038,4.0858,
1039,4.33614,
1040,4.23482,
1041,4.35754,
1042,4.22638,
1043,4.24458,
1044,4.18964,
1045,4.35324,
1046,4.1566,
1047,4.18472,
1048,4.06967,
1049,4.08112,
1050,4.13847,
1051,4.03563,
1052,4.12061,
1053,4.05367,
1054,4.24284,
1055,3.87874,
1056,4.04194,
1057,4.19952,
1058,4.15862,
1059,4.10143,
1060,4.0657,
1061,4.15307,
1062,4.03337,
1063,4.07311,
1064,3.83347,
1065,4.40444,
1066,4.34541,
1067,4.36452,
1068,4.50519,
1069,4.46845,
1070,4.28125,
1071,4.26041,
1072,4.25876,
1073,4.40982,
1074,4.19816,
1075,4.17249,
1076,4.22281,
1077,4.12931,
1078,4.10985,
1079,4.14004,
1080,4.20423,
1081,4.10677,
1082,4.26554,
1083,4.26864,
1084,4.15842,
1085,4.09997,
1086,4.16598,
1087,4.23366,
1088,4.2819,
1089,4.2442,
1090,4.18408,
1091,4.22771,
1092,4.19267,
1093,4.19119,
1094,4.22636,
1095,4.11182,
1096,4.12974,
1097,4.11475,
1098,3.98606,
1099,3.98041,
1100,3.89295,
1101,4.12319,
1102,4.17469,
1103,4.00812,
1104,3.99039,
1105,4.056,
1106,3.96843,
1107,3.93939,
1108,3.99104,
1109,3.90234,
1110,3.94698,
1111,3.9333,
1112,3.93759,
1113,4.08157,
1114,3.93861,
1115,4.17368,
1116,4.30123,
1117,4.20806,
1118,4.1609,
1119,4.14167,
1120,4.23625,
1121,4.16029,
1122,4.15824,
1123,4.18732,
1124,4.21111,
1125,4.01623,
1126,3.93105,
1127,4.04739,
1128,4.01301,
1129,4.03281,
1130,4.0315,
1131,3.80746,
1132,4.09164,
1133,4.02074,
1134,4.05859,
1135,3.95181,
1136,3.86199,
1137,4.05714,
1138,3.89655,
1139,3.87838,
1140,3.92429,
1141,3.98,
1142,4.08149,
1143,3.86902,
1144,3.87176,
1145,3.93127,
1146,3.92016,
1147,3.85829,
1148,3.91081,
1149,4.04734,
1150,4.32003,
1151,4.14784,
1152,4.34239,
1153,4.19785,
1154,4.09709,
1155,4.09281,
1156,4.15699,
1157,4.17384,
1158,4.19469,
1159,4.07705,
1160,4.2073,
1161,4.09454,
1162,4.21034,
1163,4.02912,
1164,4.08088,
1165,4.17835,
1166,4.06574,
1167,4.16205,
1168,4.08422,
1169,3.79289,
1170,3.79492,
1171,3.91964,
1172,3.90155,
1173,3.97054,
1174,3.80316,
1175,3.92729,
1176,4.07373,
1177,4.33633,
1178,4.16458,
1179,4.16842,
1180,4.26165,
1181,4.19882,
1182,4.16789,
1183,4.14624,
1184,4.08487,
1185,4.15529,
1186,4.09126,
1187,4.16015,
1188,4.14457,
1189,4.03131,
1190,4.08858,
1191,3.85961,
1192,3.9569,
1193,4.06964,
1194,3.96176,
1195,4.01697,
1196,3.82472,
1197,3.90354,
1198,4.05784,
1199,3.78998,
1200,3.92205,
1201,3.85215,
1202,3.85901,
1203,3.98568,
1204,3.93189,
1205,3.77981,
1206,3.79352,
1207,3.88423,
1208,3.83607,
1209,3.97595,
1210,4.01171,
1211,3.86146,
1212,3.86908,
1213,3.83834,
1214,4.15474,
1215,4.03951,
1216,3.92266,
1217,4.17394,
1218,4.10233,
1219,4.03756,
1220,4.14288,
1221,4.06951,
1222,3.88849,
1223,4.01934,
1224,3.94058,
1225,4.04815,
1226,3.957,
1227,4.15984,
1228,4.17519,
1229,4.07621,
1230,4.01362,
1231,3.96834,
1232,3.95443,
1233,3.93773,
1234,3.92198,
1235,3.96354,
1236,3.88044,
1237,3.95395,
1238,3.8947,
1239,3.97418,
1240,3.83975,
1241,3.99307,
1242,4.02242,
1243,4.0468,
1244,4.12136,
1245,3.96808,
1246,3.79193,
1247,4.00184,
1248,3.72397,
1249,3.95716,
1250,4.23332,
1251,4.23229,
1252,4.15145,
1253,4.19274,
1254,4.06631,
1255,4.15833,
1256,4.00318,
1257,4.00169,
1258,4.02007,
1259,4.19312,
1260,3.99896,
1261,4.07868,
1262,3.84392,
1263,4.09593,
1264,4.05299,
1265,4.15861,
1266,3.99403,
1267,3.89986,
1268,3.99195,
1269,3.80248,
1270,4.005,
1271,3.77427,
1272,3.86066,
1273,3.76112,
1274,3.96448,
1275,3.98421,
1276,3.63363,
1277,3.87896,
1278,3.93024,
1279,3.95946,
1280,3.88723,
1281,4.02153,
1282,3.96222,
1283,3.86938,
1284,3.94842,
1285,3.94656,
1286,3.81186,
1287,3.6767,
1288,3.67877,
1289,4.33379,
1290,4.27603,
1291,4.254,
1292,4.18774,
1293,4.06869,
1294,4.09541,
1295,4.00365,
1296,4.03862,
1297,4.04112,
1298,4.007,
1299,4.01445,
1300,3.99943,
1301,3.87707,
1302,3.97725,
1303,3.92897,
1304,3.8447,
1305,4.08561,
1306,4.10921,
1307,3.95178,
1308,4.20671,
1309,4.06428,
1310,3.80993,
1311,3.80508,
1312,4.05893,
1313,3.94235,
1314,3.9331,
1315,3.96292,
1316,3.99687,
1317,3.89965,
1318,3.79709,
1319,3.90236,
1320,3.9531,
1321,4.06454,
1322,3.95323,
1323,4.03616,
1324,3.95432,
1325,3.95889,
1326,3.88255,
1327,4.01922,
1328,3.99368,
1329,3.71497,
1330,3.87556,
1331,3.87533,
1332,3.85769,
1333,3.89136,
1334,3.83352,
1335,3.67701,
1336,3.94505,
1337,3.99132,
1338,3.66276,
1339,3.65149,
1340,3.94311,
1341,4.05129,
1342,4.07746,
1343,3.95222,
1344,3.88601,
1345,3.93496,
1346,3.94814,
1347,3.87363,
1348,3.98911,
1349,3.88725,
1350,3.72068,
1351,3.86242,
1352,3.68032,
1353,3.80922,
1354,3.65264,
1355,4.02242,
1356,4.03622,
1357,3.96037,
1358,4.04286,
1359,4.10697,
1360,3.98614,
1361,4.02775,
1362,3.91242,
1363,3.9128,
1364,3.99329,
1365,3.96786,
1366,4.01908,
1367,4.09142,
1368,4.09779,
1369,4.80514,
1370,3.93307,
1371,3.97998,
1372,4.01895,
1373,4.008,
1374,3.87442,
1375,3.88786,
1376,3.91803,
1377,3.90449,
1378,3.87671,
1379,4.23218,
1380,3.87873,
1381,3.89905,
1382,3.65562,
1383,3.71596,
1384,3.87215,
1385,3.89138,
1386,3.97594,
1387,4.02817,
1388,3.80239,
1389,4.05235,
1390,4.02986,
1391,4.0292,
1392,4.13062,
1393,4.03263,
1394,3.97057,
1395,4.031,
1396,4.07628,
1397,3.99259,
1398,3.95134,
1399,4.00911,
1400,3.93361,
1401,3.96585,
1402,3.83792,
1403,3.71525,
1404,3.93904,
1405,3.84945,
1406,3.68368,
1407,3.75268,
1408,3.8167,
1409,3.87105,
1410,3.80362,
1411,3.74495,
1412,3.8714,
1413,3.64312,
1414,3.79826,
1415,3.77625,
1416,3.89036,
1417,3.79105,
1418,3.81697,
1419,3.93323,
1420,3.83612,
1421,3.83283,
1422,3.80229,
1423,3.78677,
1424,3.72002,
1425,3.78725,
1426,3.82264,
1427,3.54356,
1428,3.70167,
1429,3.6755,
1430,3.7427,
1431,3.7491,
1432,3.74537,
1433,3.63681,
1434,3.74271,
1435,3.78817,
1436,3.51994,
1437,3.84273,
1438,3.69777,
1439,3.69215,
1440,3.65986,
1441,3.87709,
1442,3.92891,
1443,3.93895,
1444,3.73738,
1445,3.68805,
1446,3.97805,
1447,3.77977,
1448,3.83364,
1449,3.75431,
1450,3.62779,
1451,3.71137,
1452,3.83097,
1453,3.64197,
1454,3.50985,
1455,3.3375,
1456,3.60214,
1457,3.64017,
1458,3.79081,
1459,3.73582,
1460,3.79419,
1461,3.63721,
1462,3.55329,
1463,3.5422,
1464,3.64107,
1465,3.78789,
1466,3.58176,
1467,3.66664,
1468,3.39386,
1469,3.41472,
1470,3.77482,
1471,3.5494,
1472,3.69774,
1473,3.53162,
1474,3.58734,
1475,3.50751,
1476,3.49874,
1477,3.50517,
1478,3.50088,
1479,3.49804,
1480,3.36719,
1481,3.45685,
1482,3.67362,
1483,3.38378,
1484,3.65067,
1485,3.71986,
1486,4.03454,
1487,4.00806,
1488,4.01932,
1489,3.99582,
1490,3.95385,
1491,4.01132,
1492,3.87006,
1493,3.72993,
1494,3.8065,
1495,3.65077,
1496,3.69091,
1497,3.8966,
1498,3.77469,
1499,3.80986,
1500,3.79474,
1501,3.68267,
1502,3.602,
1503,3.73975,
1504,3.78394,
1505,3.70532,
1506,3.74412,
1507,3.66801,
1508,3.56455,
1509,3.88308,
1510,3.65844,
1511,3.65918,
1512,3.79474,
1513,3.75557,
1514,3.59089,
1515,3.93927,
1516,3.7563,
1517,4.03558,
1518,3.98719,
1519,4.01325,
1520,3.94815,
1521,3.83834,
1522,3.89937,
1523,3.7843,
1524,3.79701,
1525,3.77401,
1526,3.79423,
1527,3.79156,
1528,3.62024,
1529,3.71412,
1530,3.62323,
1531,3.69256,
1532,3.59217,
1533,3.62323,
1534,3.61636,
1535,3.57956,
1536,3.56663,
1537,3.53327,
1538,3.61116,
1539,3.5221,
1540,3.65854,
1541,3.62585,
1542,3.60846,
1543,4.09915,
1544,3.9609,
1545,3.95518,
1546,3.89883,
1547,3.91717,
1548,3.91298,
1549,3.82544,
1550,3.88031,
1551,3.87942,
1552,3.79394,
1553,3.89822,
1554,3.72264,
1555,3.71906,
1556,3.55764,
1557,3.69152,
1558,3.72434,
1559,3.91663,
1560,3.77768,
1561,3.62971,
1562,3.70518,
1563,3.69473,
1564,3.59917,
1565,3.79286,
1566,3.75536,
1567,3.6154,
1568,3.57322,
1569,3.69407,
1570,3.97792,
1571,3.84359,
1572,3.95457,
1573,3.81988,
1574,3.89226,
1575,3.78179,
1576,3.98119,
1577,3.96803,
1578,3.74155,
1579,3.63364,
1580,3.65604,
1581,3.90769,
1582,3.75451,
1583,3.655,
1584,3.73188,
1585,3.72231,
1586,3.81025,
1587,3.73402,
1588,3.84748,
1589,3.58656,
1590,3.56571,
1591,3.47167,
1592,3.54658,
1593,3.59155,
1594,3.58736,
1595,3.49445,
1596,3.63318,
1597,3.59373,
1598,3.59724,
1599,3.43702,
1600,3.52365,
1601,3.68274,
1602,3.61941,
1603,3.54545,
1604,4.08736,
1605,3.93442,
1606,3.99223,
1607,3.98656,
1608,3.86943,
1609,3.85707,
1610,3.79231,
1611,3.93667,
1612,3.97894,
1613,3.75453,
1614,3.86664,
1615,3.99197,
1616,4.10207,
1617,3.79008,
1618,3.85229,
1619,3.80377,
1620,3.83017,
1621,4.01946,
1622,3.8377,
1623,3.76704,
1624,3.75805,
1625,3.6622,
1626,3.67678,
1627,3.65928,
1628,3.65928,
1629,3.6523,
1630,3.6405,
1631,3.68154,
1632,4.1039,
1633,4.16465,
1634,4.07707,
1635,3.97049,
1636,3.96411,
1637,3.94719,
1638,3.93551,
1639,3.94529,
1640,3.86609,
1641,3.99681,
1642,3.95171,
1643,3.89633,
1644,3.85949,
1645,3.7839,
1646,3.84521,
1647,3.93146,
1648,3.79249,
1649,3.73597,
1650,3.71476,
1651,3.98598,
1652,4.1445,
1653,4.11934,
1654,3.94223,
1655,3.8733,
1656,3.85343,
1657,3.77647,
1658,4.00281,
1659,3.80348,
1660,3.80854,
1661,3.81087,
1662,3.68239,
1663,3.51935,
1664,3.7039,
1665,3.87434,
1666,3.73777,
1667,3.5299,
1668,3.69225,
1669,3.722,
1670,3.58385,
1671,3.68476,
1672,3.71871,
1673,3.521,
1674,3.85649,
1675,3.68132,
1676,3.71871,
1677,3.85972,
1678,3.89881,
1679,3.86443,
1680,3.87374,
1681,3.80824,
1682,3.71405,
1683,3.65476,
1684,3.65177,
1685,3.75128,
1686,3.65582,
1687,3.63637,
1688,3.74321,
1689,3.59408,
1690,3.54687,
1691,3.60632,
1692,3.50777,
1693,3.4897,
1694,3.66484,
1695,3.49468,
1696,3.3886,
1697,3.49314,
1698,3.55105,
1699,3.4574,
1700,3.36462,
1701,3.46385,
1702,3.48981,
1703,3.91872,
1704,3.87706,
1705,3.76785,
1706,3.74914,
1707,3.81045,
1708,3.69269,
1709,3.69683,
1710,3.48079,
1711,3.65757,
1712,3.68667,
1713,3.52566,
1714,3.83876,
1715,3.4813,
1716,3.43829,
1717,3.74216,
1718,3.58786,
1719,3.45427,
1720,3.51794,
1721,3.75902,
1722,3.29105,
1723,3.43507,
1724,3.62514,
1725,3.33899,
1726,3.47659,
1727,3.44727,
1728,3.4133,
1729,3.23598,
1730,3.95061,
1731,3.81391,
1732,3.79274,
1733,3.70821,
1734,3.81712,
1735,3.74353,
1736,3.80589,
1737,3.79312,
1738,3.73771,
1739,3.76347,
1740,3.74416,
1741,3.72993,
1742,3.67172,
1743,3.59451,
1744,3.66651,
1745,3.42581,
1746,3.54184,
1747,3.52598,
1748,3.66752,
1749,3.59596,
1750,3.3494,
1751,3.57111,
1752,3.4568,
1753,3.42344,
1754,3.22934,
1755,3.35874,
1756,3.44558,
1757,3.42251,
1758,3.40002,
1759,3.2684,
1760,3.14629,
1761,3.13869,
1762,3.37406,
1763,3.44602,
1764,4.28377,
1765,3.93548,
1766,3.78964,
1767,3.71168,
1768,3.85265,
1769,3.84597,
1770,3.69089,
1771,3.79622,
1772,3.66889,
1773,3.64611,
1774,3.54518,
1775,3.82586,
1776,3.68874,
1777,3.59199,
1778,3.77988,
1779,3.80799,
1780,3.7684,
1781,3.69842,
1782,3.72704,
1783,3.75657,
1784,3.78797,
1785,3.57697,
1786,3.55439,
1787,3.51037,
1788,3.89086,
1789,3.87617,
1790,3.8255,
1791,3.73816,
1792,3.8795,
1793,3.69047,
1794,3.74737,
1795,3.83503,
1796,3.73902,
1797,3.70178,
1798,3.70115,
1799,3.72738,
1800,3.60315,
1801,3.57468,
1802,3.62401,
1803,3.69171,
1804,3.54685,
1805,3.53584,
1806,3.47971,
1807,3.62124,
1808,3.70653,
1809,3.56557,
1810,3.35416,
1811,3.53764,
1812,3.42983,
1813,3.43463,
1814,3.58075,
1815,3.61376,
1816,3.60554,
1817,3.74029,
1818,3.63987,
1819,3.63171,
1820,3.5202,
1821,3.56137,
1822,3.4968,
1823,3.47231,
1824,3.45956,
1825,3.60548,
1826,3.45804,
1827,3.42887,
1828,3.43509,
1829,3.40042,
1830,3.47496,
1831,3.48693,
1832,3.34774,
1833,3.48349,
1834,3.30567,
1835,3.59615,
1836,3.33606,
1837,3.40792,
1838,3.52147,
1839,3.43756,
1840,3.50266,
1841,3.23287,
1842,3.37182,
1843,3.38183,
1844,3.43007,
1845,3.44337,
1846,3.11896,
1847,3.23437,
1848,3.08868,
1849,3.14977,
1850,3.41291,
1851,3.48969,
1852,3.42183,
1853,3.24855,
1854,3.47909,
1855,3.43407,
1856,3.82663,
1857,3.8498,
1858,3.84807,
1859,3.83471,
1860,3.7055,
1861,3.95993,
1862,3.71426,
1863,3.65813,
1864,3.723,
1865,3.56831,
1866,3.66469,
1867,3.87019,
1868,3.68053,
1869,3.54858,
1870,3.71614,
1871,3.46476,
1872,3.59671,
1873,3.57785,
1874,3.56084,
1875,3.49797,
1876,3.49655,
1877,3.36969,
1878,3.46437,
1879,3.48822,
1880,3.36049,
1881,3.45121,
1882,3.56832,
1883,3.69404,
1884,3.49642,
1885,3.52817,
1886,3.44822,
1887,3.80445,
1888,3.78058,
1889,3.8259,
1890,3.78994,
1891,3.79003,
1892,3.7366,
1893,3.62923,
1894,3.7797,
1895,3.70266,
1896,3.69446,
1897,3.68709,
1898,3.69807,
1899,3.48481,
1900,3.69356,
1901,3.62693,
1902,3.67191,
1903,3.72941,
1904,3.56768,
1905,3.57687,
1906,3.55913,
1907,3.60816,
1908,4.11514,
1909,3.89474,
1910,3.74206,
1911,3.69023,
1912,3.60987,
1913,3.5701,
1914,3.45364,
1915,3.4874,
1916,3.51155,
1917,3.06689,
1918,3.30392,
1919,3.3406,
1920,3.31484,
1921,3.29732,
1922,3.1232,
1923,3.19973,
1924,3.42512,
1925,3.5734,
1926,3.47164,
1927,3.20793,
1928,3.23857,
1929,3.82047,
1930,3.89233,
1931,3.85667,
1932,3.91901,
1933,3.76248,
1934,3.82936,
1935,3.74421,
1936,3.66742,
1937,3.74719,
1938,3.71376,
1939,3.59691,
1940,3.65496,
1941,3.7206,
1942,3.73004,
1943,3.58315,
1944,3.49991,
1945,3.41015,
1946,3.52378,
1947,3.4802,
1948,3.50401,
1949,3.37094,
1950,3.29868,
1951,3.24476,
1952,3.50372,
1953,3.38957,
1954,3.33113,
1955,3.88365,
1956,3.79173,
1957,3.80792,
1958,3.72804,
1959,3.83462,
1960,3.94736,
1961,3.66907,
1962,3.65578,
1963,3.42599,
1964,3.43665,
1965,3.35284,
1966,3.53076,
1967,3.69421,
1968,3.57789,
1969,3.31885,
1970,3.23309,
1971,3.16478,
1972,3.06502,
1973,3.23166,
1974,3.14763,
1975,3.37663,
1976,3.19851,
1977,3.1108,
1978,3.07696,
1979,3.41398,
1980,3.31562,
1981,3.52683,
1982,3.12251,
1983,3.66691,
1984,3.33737,
1985,3.70429,
1986,4.05365,
1987,3.68761,
1988,3.75924,
1989,3.74522,
1990,3.80533,
1991,3.77783,
1992,3.77008,
1993,3.69644,
1994,3.49459,
1995,3.53348,
1996,3.54547,
1997,3.59433,
1998,3.48593,
1999,3.49806,
2000,3.40755,
2001,3.54267,
2002,3.254,
2003,3.65025,
2004,3.57161,
2005,3.2099,
2006,3.28421,
2007,3.47124,
2008,3.20689,
2009,3.21582,
2010,3.22361,
2011,3.07117,
2012,3.03521,
2013,3.11252,
2014,3.87712,
2015,3.83264,
2016,4.00338,
2017,3.9465,
2018,3.91472,
2019,3.79851,
2020,3.62183,
2021,3.75441,
2022,3.67927,
2023,3.72723,
2024,3.88842,
2025,3.81426,
2026,3.69341,
2027,3.60619,
2028,3.51781,
2029,3.76266,
2030,3.73073,
2031,3.79339,
2032,3.58876,
2033,3.76159,
2034,3.45787,
2035,3.5453,
2036,3.59993,
2037,3.82344,
2038,3.65782,
2039,3.58497,
2040,3.5496,
2041,3.58328,
2042,3.59996,
2043,3.42825,
2044,3.40182,
2045,3.53804,
2046,3.50561,
2047,3.48473,
2048,3.43124,
2049,3.46289,
2050,3.38593,
2051,3.38569,
2052,3.30902,
2053,3.33416,
2054,3.40494,
2055,3.11909,
2056,3.2168,
2057,3.41579,
2058,3.3813,
2059,3.85991,
2060,3.78925,
2061,3.75515,
2062,3.87936,
2063,3.80182,
2064,3.7354,
2065,3.70977,
2066,3.69005,
2067,3.5906,
2068,3.58764,
2069,3.54956,
2070,3.48792,
2071,3.66379,
2072,3.61489,
2073,3.4888,
2074,3.72084,
2075,3.64763,
2076,3.2242,
2077,3.34878,
2078,3.41522,
2079,3.40101,
2080,3.53005,
2081,3.53982,
2082,3.53143,
2083,3.62929,
2084,3.72185,
2085,3.69658,
2086,3.22523,
2087,3.37229,
2088,3.51817,
2089,3.50878,
2090,3.78443,
2091,3.69003,
2092,3.75557,
2093,3.65628,
2094,3.72297,
2095,3.60121,
2096,3.49215,
2097,3.61493,
2098,3.30992,
2099,3.59015,
2100,3.56776,
2101,3.51782,
2102,3.50947,
2103,3.4504,
2104,3.7549,
2105,3.58701,
2106,3.87879,
2107,3.68612,
2108,3.66557,
2109,3.6132,
2110,3.8003,
2111,3.46932,
2112,3.5336,
2113,3.44069,
2114,3.40644,
2115,3.46659,
2116,3.3381,
2117,3.46351,
2118,3.39952,
2119,3.56291,
2120,3.1252,
2121,3.38956,
2122,3.63773,
2123,3.55661,
2124,3.56996,
2125,3.50276,
2126,3.57308,
2127,3.34269,
2128,3.49868,
2129,3.10802,
2130,3.81406,
2131,3.74028,
2132,3.81935,
2133,3.99761,
2134,4.04799,
2135,3.76586,
2136,3.75619,
2137,3.66739,
2138,3.85263,
2139,3.67728,
2140,3.67433,
2141,3.64398,
2142,3.48536,
2143,3.49583,
2144,3.5662,
2145,3.65955,
2146,3.43378,
2147,3.66553,
2148,3.70634,
2149,3.54938,
2150,3.56336,
2151,3.57182,
2152,3.65707,
2153,3.71027,
2154,3.65686,
2155,3.60326,
2156,3.59703,
2157,3.535,
2158,3.68535,
2159,3.66666,
2160,3.48682,
2161,3.54357,
2162,3.54154,
2163,3.35907,
2164,3.31525,
2165,3.17588,
2166,3.51611,
2167,3.61901,
2168,3.3042,
2169,3.38393,
2170,3.49151,
2171,3.31635,
2172,3.24927,
2173,3.34897,
2174,3.24747,
2175,3.37321,
2176,3.27151,
2177,3.32868,
2178,3.46786,
2179,3.30458,
2180,3.61914,
2181,3.71671,
2182,3.72725,
2183,3.59816,
2184,3.56756,
2185,3.67934,
2186,3.58206,
2187,3.55485,
2188,3.55717,
2189,3.67811,
2190,3.41796,
2191,3.22599,
2192,3.50032,
2193,3.4187,
2194,3.47014,
2195,3.40984,
2196,3.12738,
2197,3.48137,
2198,3.48096,
2199,3.44992,
2200,3.35496,
2201,3.2534,
2202,3.46451,
2203,3.26025,
2204,3.17109,
2205,3.31256,
2206,3.38471,
2207,3.53246,
2208,3.32982,
2209,3.23197,
2210,3.31922,
2211,3.32005,
2212,3.2264,
2213,3.31751,
2214,3.45671,
2215,3.78032,
2216,3.55667,
2217,3.81206,
2218,3.59589,
2219,3.50611,
2220,3.44303,
2221,3.56873,
2222,3.57846,
2223,3.64324,
2224,3.5041,
2225,3.67109,
2226,3.47125,
2227,3.62773,
2228,3.40302,
2229,3.39221,
2230,3.55961,
2231,3.52997,
2232,3.57846,
2233,3.50413,
2234,3.0637,
2235,3.15779,
2236,3.36116,
2237,3.23619,
2238,3.32372,
2239,3.11407,
2240,3.28324,
2241,3.5127,
2242,3.78657,
2243,3.62704,
2244,3.62492,
2245,3.72889,
2246,3.66025,
2247,3.64237,
2248,3.58932,
2249,3.57635,
2250,3.62207,
2251,3.55496,
2252,3.59011,
2253,3.57779,
2254,3.41903,
2255,3.57242,
2256,3.26531,
2257,3.37571,
2258,3.48448,
2259,3.3766,
2260,3.44806,
2261,3.25153,
2262,3.30891,
2263,3.45777,
2264,3.1899,
2265,3.34481,
2266,3.24096,
2267,3.20396,
2268,3.39079,
2269,3.22224,
2270,3.18188,
2271,3.16418,
2272,3.29745,
2273,3.2039,
2274,3.39419,
2275,3.43211,
2276,3.27543,
2277,3.27344,
2278,3.2898,
2279,3.57851,
2280,3.4838,
2281,3.35784,
2282,3.62482,
2283,3.61825,
2284,3.45873,
2285,3.62321,
2286,3.49493,
2287,3.33989,
2288,3.48498,
2289,3.3889,
2290,3.49241,
2291,3.41424,
2292,3.56571,
2293,3.6838,
2294,3.57184,
2295,3.38953,
2296,3.38828,
2297,3.32604,
2298,3.35228,
2299,3.40149,
2300,3.4532,
2301,3.3601,
2302,3.45016,
2303,3.40649,
2304,3.40703,
2305,3.24355,
2306,3.36128,
2307,3.49195,
2308,3.54327,
2309,3.62811,
2310,3.38048,
2311,3.20101,
2312,3.40837,
2313,3.12563,
2314,3.39239,
2315,3.74886,
2316,3.85559,
2317,3.63771,
2318,3.64481,
2319,3.50523,
2320,3.62517,
2321,3.506,
2322,3.48716,
2323,3.4164,
2324,3.69229,
2325,3.48701,
2326,3.57889,
2327,3.32581,
2328,3.60266,
2329,3.54791,
2330,3.72303,
2331,3.43505,
2332,3.40263,
2333,3.49204,
2334,3.27098,
2335,3.43982,
2336,3.20317,
2337,3.30602,
2338,3.25336,
2339,3.52196,
2340,3.50696,
2341,3.04729,
2342,3.37196,
2343,3.36338,
2344,3.48465,
2345,3.41114,
2346,3.56832,
2347,3.54158,
2348,3.438,
2349,3.43288,
2350,3.44822,
2351,3.3319,
2352,3.20529,
2353,3.19221,
2354,3.80482,
2355,3.7786,
2356,3.70765,
2357,3.63044,
2358,3.55066,
2359,3.63666,
2360,3.52618,
2361,3.60572,
2362,3.46536,
2363,3.5024,
2364,3.52424,
2365,3.47232,
2366,3.36937,
2367,3.49966,
2368,3.42383,
2369,3.29327,
2370,3.55669,
2371,3.60647,
2372,3.39065,
2373,3.68142,
2374,3.507,
2375,3.33871,
2376,3.23928,
2377,3.53564,
2378,3.48534,
2379,3.42166,
2380,3.41194,
2381,3.49033,
2382,3.33781,
2383,3.26594,
2384,3.34731,
2385,3.37729,
2386,3.52903,
2387,3.44506,
2388,3.50146,
2389,3.42832,
2390,3.51107,
2391,3.35835,
2392,3.47839,
2393,3.50342,
2394,3.17723,
2395,3.35303,
2396,3.32992,
2397,3.41567,
2398,3.45895,
2399,3.41333,
2400,3.15968,
2401,3.36832,
2402,3.48535,
2403,3.16981,
2404,3.20387,
2405,3.50314,
2406,3.43995,
2407,3.51777,
2408,3.36898,
2409,3.33918,
2410,3.40265,
2411,3.46264,
2412,3.37489,
2413,3.51119,
2414,3.4325,
2415,3.17318,
2416,3.30248,
2417,3.19469,
2418,3.31169,
2419,3.12461,
2420,3.46384,
2421,3.54135,
2422,3.45118,
2423,3.56962,
2424,3.58025,
2425,3.49835,
2426,3.58469,
2427,3.38037,
2428,3.38396,
2429,3.48605,
2430,3.42528,
2431,3.54449,
2432,3.62244,
2433,3.73088,
2434,4.64519,
2435,3.44712,
2436,3.43317,
2437,3.59108,
2438,3.57673,
2439,3.33321,
2440,3.42201,
2441,3.41937,
2442,3.40576,
2443,3.34921,
2444,3.85971,
2445,3.38434,
2446,3.38796,
2447,3.08002,
2448,3.19722,
2449,3.42675,
2450,3.42154,
2451,3.51411,
2452,3.55099,
2453,3.37042,
2454,3.58381,
2455,3.5349,
2456,3.49302,
2457,3.71372,
2458,3.53845,
2459,3.45873,
2460,3.54213,
2461,3.60971,
2462,3.52424,
2463,3.42231,
2464,3.55161,
2465,3.49459,
2466,3.46856,
2467,3.31743,
2468,3.14164,
2469,3.466,
2470,3.33635,
2471,3.13564,
2472,3.21847,
2473,3.3121,
2474,3.37217,
2475,3.34438,
2476,3.26677,
2477,3.3859,
2478,3.07951,
2479,3.28168,
2480,3.17,
2481,3.40151,
2482,3.23778,
2483,3.30376,
2484,3.46855,
2485,3.31774,
2486,3.27763,
2487,3.2857,
2488,3.28823,
2489,3.12348,
2490,3.2954,
2491,3.29115,
2492,3.04503,
2493,3.15989,
2494,3.07553,
2495,3.27328,
2496,3.25855,
2497,3.22672,
2498,3.18568,
2499,3.26087,
2500,3.3075,
2501,3.05684,
2502,3.36716,
2503,3.2194,
2504,3.22104,
2505,3.18262,
2506,3.44348,
2507,3.54125,
2508,3.51461,
2509,3.25607,
2510,3.17628,
2511,3.54264,
2512,3.31725,
2513,3.35333,
2514,3.22611,
2515,3.14844,
2516,3.26356,
2517,3.36423,
2518,3.09617,
2519,3.00464,
2520,2.83638,
2521,3.11269,
2522,3.16892,
2523,3.31097,
2524,3.28527,
2525,3.33339,
2526,3.19263,
2527,3.06532,
2528,3.095,
2529,3.1977,
2530,3.372,
2531,3.16248,
2532,3.18129,
2533,2.87619,
2534,2.92677,
2535,3.34161,
2536,3.05664,
2537,3.25823,
2538,3.02288,
2539,3.14936,
2540,3.0331,
2541,3.05356,
2542,2.99616,
2543,3.07707,
2544,3.02351,
2545,2.92703,
2546,2.99555,
2547,3.23989,
2548,2.90456,
2549,3.24743,
2550,3.28483,
2551,3.55361,
2552,3.56605,
2553,3.52004,
2554,3.56539,
2555,3.51483,
2556,3.56483,
2557,3.4084,
2558,3.1698,
2559,3.37369,
2560,3.19672,
2561,3.26055,
2562,3.47666,
2563,3.31468,
2564,3.37339,
2565,3.29865,
2566,3.23624,
2567,3.1542,
2568,3.2896,
2569,3.37521,
2570,3.29214,
2571,3.31321,
2572,3.24026,
2573,3.0691,
2574,3.48366,
2575,3.15179,
2576,3.18034,
2577,3.33477,
2578,3.33045,
2579,3.16016,
2580,3.58939,
2581,3.39808,
2582,3.67151,
2583,3.54944,
2584,3.56301,
2585,3.5218,
2586,3.42389,
2587,3.49086,
2588,3.35386,
2589,3.33922,
2590,3.3502,
2591,3.35581,
2592,3.32697,
2593,3.16156,
2594,3.28112,
2595,3.19261,
2596,3.27318,
2597,3.15695,
2598,3.21534,
2599,3.19285,
2600,3.17022,
2601,3.19062,
2602,3.04528,
2603,3.13969,
2604,3.08808,
2605,3.26359,
2606,3.17079,
2607,3.16118,
2608,3.62616,
2609,3.54598,
2610,3.52376,
2611,3.49909,
2612,3.49186,
2613,3.47871,
2614,3.40679,
2615,3.48114,
2616,3.44455,
2617,3.41291,
2618,3.50217,
2619,3.33126,
2620,3.28553,
2621,3.13161,
2622,3.30384,
2623,3.33648,
2624,3.49433,
2625,3.33777,
2626,3.1745,
2627,3.29056,
2628,3.25146,
2629,3.19743,
2630,3.35766,
2631,3.3852,
2632,3.22238,
2633,3.16844,
2634,3.26404,
2635,3.59107,
2636,3.45329,
2637,3.53187,
2638,3.38158,
2639,3.53545,
2640,3.38355,
2641,3.54328,
2642,3.60125,
2643,3.37394,
2644,3.19657,
2645,3.2212,
2646,3.56648,
2647,3.39813,
2648,3.2671,
2649,3.33701,
2650,3.29485,
2651,3.47148,
2652,3.37141,
2653,3.53919,
2654,3.14736,
2655,3.20517,
2656,3.03485,
2657,3.16664,
2658,3.23757,
2659,3.20455,
2660,3.13639,
2661,3.33166,
2662,3.25357,
2663,3.20634,
2664,2.98383,
2665,3.13816,
2666,3.23692,
2667,3.21776,
2668,3.11908,
2669,3.74968,
2670,3.54692,
2671,3.57646,
2672,3.6595,
2673,3.47393,
2674,3.48652,
2675,3.30897,
2676,3.51834,
2677,3.62019,
2678,3.39398,
2679,3.47796,
2680,3.7024,
2681,3.80914,
2682,3.39973,
2683,3.50012,
2684,3.41155,
2685,3.50525,
2686,3.68761,
2687,3.42664,
2688,3.31504,
2689,3.31152,
2690,3.22095,
2691,3.28794,
2692,3.29465,
2693,3.30323,
2694,3.22429,
2695,3.20295,
2696,3.32962,
2697,3.79948,
2698,3.86035,
2699,3.73555,
2700,3.68223,
2701,3.65611,
2702,3.6754,
2703,3.6185,
2704,3.64229,
2705,3.5576,
2706,3.65229,
2707,3.62852,
2708,3.57656,
2709,3.56011,
2710,3.4492,
2711,3.53984,
2712,3.601,
2713,3.47198,
2714,3.42319,
2715,3.38446,
2716,3.57912,
2717,3.76226,
2718,3.70987,
2719,3.55939,
2720,3.51699,
2721,3.49987,
2722,3.38034,
2723,3.58246,
2724,3.39501,
2725,3.41705,
2726,3.40127,
2727,3.29706,
2728,3.10388,
2729,3.36374,
2730,3.53817,
2731,3.37821,
2732,3.14065,
2733,3.34296,
2734,3.35137,
2735,3.25342,
2736,3.33444,
2737,3.40826,
2738,3.15874,
2739,3.43998,
2740,3.27939,
2741,3.33366,
2742,3.49728,
2743,3.52565,
2744,3.45589,
2745,3.52642,
2746,3.38051,
2747,3.32564,
2748,3.22231,
2749,3.23026,
2750,3.34901,
2751,3.25483,
2752,3.20519,
2753,3.37312,
2754,3.19501,
2755,3.1443,
2756,3.23132,
2757,3.14061,
2758,3.08678,
2759,3.28775,
2760,3.08571,
2761,2.99437,
2762,3.09789,
2763,3.19575,
2764,3.10106,
2765,3.00202,
2766,3.12604,
2767,3.12114,
2768,3.48096,
2769,3.41834,
2770,3.36237,
2771,3.38291,
2772,3.39318,
2773,3.29002,
2774,3.32574,
2775,3.05927,
2776,3.263,
2777,3.28135,
2778,3.12769,
2779,3.49636,
2780,3.10777,
2781,3.139,
2782,3.41728,
2783,3.25317,
2784,3.06712,
2785,3.12589,
2786,3.3904,
2787,2.88207,
2788,3.07171,
2789,3.29298,
2790,2.98,
2791,3.10573,
2792,3.09574,
2793,3.03075,
2794,2.89834,
2795,3.58473,
2796,3.45629,
2797,3.44853,
2798,3.3548,
2799,3.45337,
2800,3.36061,
2801,3.46183,
2802,3.34652,
2803,3.35148,
2804,3.37724,
2805,3.32824,
2806,3.33782,
2807,3.25742,
2808,3.22303,
2809,3.32088,
2810,3.00193,
2811,3.15441,
2812,3.19079,
2813,3.30506,
2814,3.2466,
2815,2.93354,
2816,3.19888,
2817,3.14001,
2818,3.07492,
2819,2.88007,
2820,3.00266,
2821,3.05611,
2822,3.04376,
2823,3.07417,
2824,2.89902,
2825,2.86183,
2826,2.8225,
2827,3.05591,
2828,3.12722,
2829,3.94422,
2830,3.62224,
2831,3.46917,
2832,3.39829,
2833,3.52468,
2834,3.56122,
2835,3.33724,
2836,3.49092,
2837,3.40121,
2838,3.32034,
2839,3.24911,
2840,3.51858,
2841,3.37147,
2842,3.26305,
2843,3.43195,
2844,3.48901,
2845,3.39502,
2846,3.36938,
2847,3.33956,
2848,3.39535,
2849,3.44316,
2850,3.19752,
2851,3.16468,
2852,3.17012,
2853,3.55539,
2854,3.50461,
2855,3.45642,
2856,3.39658,
2857,3.48684,
2858,3.3301,
2859,3.39307,
2860,3.51689,
2861,3.3795,
2862,3.34797,
2863,3.36014,
2864,3.3862,
2865,3.22829,
2866,3.24926,
2867,3.28841,
2868,3.38166,
2869,3.15684,
2870,3.17135,
2871,3.12716,
2872,3.30798,
2873,3.33429,
2874,3.24875,
2875,2.99492,
2876,3.21537,
2877,3.1155,
2878,3.07525,
2879,3.20877,
2880,3.32172,
2881,3.27262,
2882,3.34209,
2883,3.29473,
2884,3.31354,
2885,3.17223,
2886,3.20114,
2887,3.13238,
2888,3.1292,
2889,3.10134,
2890,3.26642,
2891,3.05976,
2892,3.06302,
2893,3.06704,
2894,3.09365,
2895,3.12974,
2896,3.13083,
2897,2.95262,
2898,3.10756,
2899,2.97889,
2900,3.18947,
2901,2.95974,
2902,3.07733,
2903,3.2243,
2904,3.13602,
2905,3.18133,
2906,2.8982,
2907,3.04763,
2908,3.06007,
2909,3.08214,
2910,3.14049,
2911,2.83124,
2912,2.93633,
2913,2.811,
2914,2.8292,
2915,3.08529,
2916,3.13381,
2917,3.07127,
2918,2.94932,
2919,3.20209,
2920,3.10678,
2921,3.54566,
2922,3.48305,
2923,3.50877,
2924,3.44582,
2925,3.36642,
2926,3.67364,
2927,3.3524,
2928,3.28818,
2929,3.37631,
2930,3.20089,
2931,3.33799,
2932,3.5066,
2933,3.33007,
2934,3.22933,
2935,3.34428,
2936,3.07626,
2937,3.23873,
2938,3.19085,
2939,3.14212,
2940,3.18405,
2941,3.15446,
2942,3.02017,
2943,3.14991,
2944,3.1952,
2945,3.01302,
2946,3.12767,
2947,3.27347,
2948,3.39327,
2949,3.15749,
2950,3.23151,
2951,3.10996,
2952,3.4926,
2953,3.52747,
2954,3.52705,
2955,3.51844,
2956,3.51292,
2957,3.46374,
2958,3.38628,
2959,3.52957,
2960,3.42477,
2961,3.42922,
2962,3.45802,
2963,3.45385,
2964,3.23287,
2965,3.43409,
2966,3.36322,
2967,3.41112,
2968,3.49227,
2969,3.31881,
2970,3.34782,
2971,3.31017,
2972,3.39744,
2973,3.71159,
2974,3.58802,
2975,3.29662,
2976,3.37517,
2977,3.17758,
2978,3.04246,
2979,3.00134,
2980,3.00877,
2981,3.18394,
2982,2.67542,
2983,2.95359,
2984,2.96393,
2985,2.99809,
2986,2.98991,
2987,2.79219,
2988,2.83472,
2989,3.10683,
2990,3.24479,
2991,3.14192,
2992,2.88075,
2993,2.94308,
2994,3.5332,
2995,3.60078,
2996,3.54998,
2997,3.55647,
2998,3.44783,
2999,3.56038,
3000,3.46229,
3001,3.3452,
3002,3.39598,
3003,3.40655,
3004,3.27198,
3005,3.36962,
3006,3.42263,
3007,3.44694,
3008,3.33013,
3009,3.18817,
3010,3.06791,
3011,3.25132,
3012,3.1775,
3013,3.18624,
3014,2.99956,
3015,2.99377,
3016,2.89045,
3017,3.15231,
3018,3.12906,
3019,3.02702,
3020,3.52547,
3021,3.41302,
3022,3.44105,
3023,3.34886,
3024,3.51687,
3025,3.62158,
3026,3.3322,
3027,3.29999,
3028,3.09015,
3029,3.06734,
3030,3.06795,
3031,3.25504,
3032,3.35703,
3033,3.20584,
3034,2.97799,
3035,2.90461,
3036,2.89662,
3037,2.73252,
3038,2.89899,
3039,2.86737,
3040,3.10492,
3041,2.86398,
3042,2.85509,
3043,2.83302,
3044,3.15789,
3045,3.00477,
3046,3.25226,
3047,2.83809,
3048,3.43308,
3049,3.08108,
3050,3.43781,
3051,3.78454,
3052,3.38126,
3053,3.49449,
3054,3.40967,
3055,3.46296,
3056,3.4751,
3057,3.45781,
3058,3.30205,
3059,3.13668,
3060,3.14061,
3061,3.24403,
3062,3.21291,
3063,3.17493,
3064,3.22846,
3065,3.12787,
3066,3.23962,
3067,2.96628,
3068,3.38838,
3069,3.3051,
3070,2.96151,
3071,2.99304,
3072,3.20748,
3073,2.9039,
3074,2.89959,
3075,2.91292,
3076,2.78507,
3077,2.79113,
3078,2.88342,
3079,3.62384,
3080,3.56695,
3081,3.7329,
3082,3.67878,
3083,3.64841,
3084,3.53679,
3085,3.33397,
3086,3.4842,
3087,3.36392,
3088,3.41893,
3089,3.62922,
3090,3.47954,
3091,3.46664,
3092,3.30058,
3093,3.19606,
3094,3.48214,
3095,3.48478,
3096,3.55509,
3097,3.2748,
3098,3.50733,
3099,3.15691,
3100,3.2398,
3101,3.29338,
3102,3.55588,
3103,3.4001,
3104,3.33335,
3105,3.24914,
3106,3.24551,
3107,3.31804,
3108,3.12186,
3109,3.09185,
3110,3.20567,
3111,3.23366,
3112,3.23305,
3113,3.13237,
3114,3.17941,
3115,3.07172,
3116,3.15809,
3117,3.02955,
3118,3.07849,
3119,3.14391,
3120,2.853,
3121,2.96304,
3122,3.14086,
3123,3.10102,
3124,3.60683,
3125,3.55215,
3126,3.51147,
3127,3.61164,
3128,3.55257,
3129,3.47393,
3130,3.41957,
3131,3.3991,
3132,3.25128,
3133,3.27048,
3134,3.28472,
3135,3.19013,
3136,3.38386,
3137,3.36302,
3138,3.23991,
3139,3.49778,
3140,3.40439,
3141,2.97213,
3142,3.09194,
3143,3.15315,
3144,3.14184,
3145,3.22957,
3146,3.26183,
3147,3.25471,
3148,3.37867,
3149,3.48284,
3150,3.45413,
3151,2.92684,
3152,3.06287,
3153,3.25658,
3154,3.30397,
3155,3.52408,
3156,3.46872,
3157,3.51785,
3158,3.44353,
3159,3.48623,
3160,3.32118,
3161,3.23801,
3162,3.39169,
3163,3.07912,
3164,3.32365,
3165,3.32348,
3166,3.24714,
3167,3.22623,
3168,3.19969,
3169,3.5345,
3170,3.31455,
3171,3.58639,
3172,3.40306,
3173,3.47592,
3174,3.38029,
3175,3.47472,
3176,3.21534,
3177,3.26516,
3178,3.20393,
3179,3.09545,
3180,3.15617,
3181,3.05737,
3182,3.19291,
3183,3.13695,
3184,3.28201,
3185,2.89337,
3186,3.12988,
3187,3.42882,
3188,3.35171,
3189,3.38477,
3190,3.28834,
3191,3.33274,
3192,3.11414,
3193,3.30215,
3194,2.79138,
3195,3.55035,
3196,3.46961,
3197,3.57087,
3198,3.74107,
3199,3.85355,
3200,3.52613,
3201,3.5371,
3202,3.4054,
3203,3.59987,
3204,3.48739,
3205,3.45187,
3206,3.42044,
3207,3.24015,
3208,3.20928,
3209,3.34106,
3210,3.43267,
3211,3.18096,
3212,3.40846,
3213,3.45219,
3214,3.28486,
3215,3.28447,
3216,3.35274,
3217,3.42743,
3218,3.46053,
3219,3.42259,
3220,3.37936,
3221,3.34634,
3222,3.25677,
3223,3.45677,
3224,3.44272,
3225,3.19925,
3226,3.30869,
3227,3.21817,
3228,3.08126,
3229,3.06333,
3230,2.8955,
3231,3.26573,
3232,3.2901,
3233,3.01569,
3234,3.14813,
3235,3.26487,
3236,3.07412,
3237,2.98032,
3238,3.08322,
3239,2.99956,
3240,3.15543,
3241,3.00616,
3242,3.09681,
3243,3.26181,
3244,3.08863,
3245,3.37766,
3246,3.44476,
3247,3.46264,
3248,3.32144,
3249,3.29108,
3250,3.41901,
3251,3.30389,
3252,3.26955,
3253,3.26518,
3254,3.4003,
3255,3.14226,
3256,2.90271,
3257,3.22335,
3258,3.11872,
3259,3.19144,
3260,3.15741,
3261,2.8344,
3262,3.22849,
3263,3.22943,
3264,3.2241,
3265,3.10767,
3266,3.02368,
3267,3.23784,
3268,3.02777,
3269,2.87218,
3270,3.11099,
3271,3.17213,
3272,3.2904,
3273,3.1139,
3274,2.98856,
3275,3.10997,
3276,3.09779,
3277,2.98513,
3278,3.07476,
3279,3.21909,
3280,3.56179,
3281,3.36002,
3282,3.53074,
3283,3.28627,
3284,3.26001,
3285,3.16791,
3286,3.35201,
3287,3.31192,
3288,3.34326,
3289,3.3056,
3290,3.44035,
3291,3.20309,
3292,3.29222,
3293,3.1533,
3294,3.10205,
3295,3.26564,
3296,3.26715,
3297,3.36059,
3298,3.26708,
3299,2.83679,
3300,2.92588,
3301,3.14536,
3302,2.96681,
3303,3.07578,
3304,2.88395,
3305,3.03362,
3306,3.27641,
3307,3.49929,
3308,3.32115,
3309,3.37134,
3310,3.46329,
3311,3.41934,
3312,3.37524,
3313,3.36928,
3314,3.37034,
3315,3.37345,
3316,3.30147,
3317,3.31087,
3318,3.29835,
3319,3.12681,
3320,3.30643,
3321,2.9569,
3322,3.07413,
3323,3.22534,
3324,3.085,
3325,3.18695,
3326,2.9594,
3327,3.03659,
3328,3.21065,
3329,2.94976,
3330,3.07537,
3331,2.95685,
3332,2.94133,
3333,3.12022,
3334,2.90731,
3335,2.9678,
3336,2.93771,
3337,3.0631,
3338,3.02061,
3339,3.15116,
3340,3.1768,
3341,3.08323,
3342,3.00215,
3343,3.03995,
3344,3.28205,
3345,3.24131,
3346,3.10374,
3347,3.38697,
3348,3.37587,
3349,3.22082,
3350,3.36827,
3351,3.21983,
3352,3.0904,
3353,3.23404,
3354,3.13614,
3355,3.2179,
3356,3.18561,
3357,3.32802,
3358,3.46608,
3359,3.35753,
3360,3.18469,
3361,3.17263,
3362,3.07169,
3363,3.0992,
3364,3.15552,
3365,3.18721,
3366,3.02067,
3367,3.18529,
3368,3.11437,
3369,3.19214,
3370,3.01034,
3371,3.13572,
3372,3.28796,
3373,3.32661,
3374,3.44497,
3375,3.13599,
3376,2.93727,
3377,3.18432,
3378,2.87427,
3379,3.17641,
3380,3.48934,
3381,3.60435,
3382,3.42766,
3383,3.43307,
3384,3.18871,
3385,3.40416,
3386,3.25012,
3387,3.24862,
3388,3.19432,
3389,3.45549,
3390,3.22759,
3391,3.36262,
3392,3.09581,
3393,3.39286,
3394,3.32206,
3395,3.50326,
3396,3.20976,
3397,3.21749,
3398,3.29246,
3399,3.03633,
3400,3.26865,
3401,2.95573,
3402,3.08824,
3403,3.10013,
3404,3.34206,
3405,3.31436,
3406,2.84656,
3407,3.17209,
3408,3.13671,
3409,3.27933,
3410,3.22142,
3411,3.38376,
3412,3.35033,
3413,3.25039,
3414,3.20826,
3415,3.24484,
3416,3.14356,
3417,3.02178,
3418,3.00908,
3419,3.55266,
3420,3.53602,
3421,3.46019,
3422,3.40335,
3423,3.32216,
3424,3.36808,
3425,3.23572,
3426,3.44946,
3427,3.2183,
3428,3.28179,
3429,3.29455,
3430,3.23503,
3431,3.16234,
3432,3.29536,
3433,3.23872,
3434,3.10852,
3435,3.33014,
3436,3.37731,
3437,3.16389,
3438,3.47896,
3439,3.28811,
3440,3.13496,
3441,3.01192,
3442,3.30248,
3443,3.24652,
3444,3.1976,
3445,3.18089,
3446,3.29713,
3447,3.09868,
3448,3.0331,
3449,3.1589,
3450,3.09327,
3451,3.25693,
3452,3.21891,
3453,3.30205,
3454,3.22296,
3455,3.27048,
3456,3.1213,
3457,3.27669,
3458,3.30045,
3459,2.91967,
3460,3.13517,
3461,3.12416,
3462,3.2133,
3463,3.28231,
3464,3.22055,
3465,2.98755,
3466,3.13789,
3467,3.25274,
3468,2.95084,
3469,3.01687,
3470,3.33,
3471,3.18364,
3472,3.28607,
3473,3.09454,
3474,3.08675,
3475,3.21117,
3476,3.21972,
3477,3.159,
3478,3.32161,
3479,3.22488,
3480,2.92148,
3481,3.0923,
3482,2.99204,
3483,3.12267,
3484,2.93201,
3485,3.23659,
3486,3.32587,
3487,3.24363,
3488,3.37951,
3489,3.35639,
3490,3.25483,
3491,3.35716,
3492,3.15085,
3493,3.1911,
3494,3.27563,
3495,3.22245,
3496,3.35292,
3497,3.44389,
3498,3.55755,
3499,4.46391,
3500,3.24269,
3501,3.22247,
3502,3.37508,
3503,3.38721,
3504,3.11331,
3505,3.24275,
3506,3.21993,
3507,3.19365,
3508,3.14772,
3509,3.66749,
3510,3.19547,
3511,3.18039,
3512,2.8525,
3513,2.99844,
3514,3.24227,
3515,3.24043,
3516,3.32467,
3517,3.36177,
3518,3.19866,
3519,3.34717,
3520,3.28391,
3521,3.26918,
3522,3.5006,
3523,3.30492,
3524,3.26173,
3525,3.32145,
3526,3.39026,
3527,3.27377,
3528,3.17975,
3529,3.32373,
3530,3.24866,
3531,3.24349,
3532,3.09022,
3533,2.89151,
3534,3.23404,
3535,3.11185,
3536,2.90927,
3537,2.99291,
3538,3.06551,
3539,3.18484,
3540,3.14515,
3541,3.06364,
3542,3.15166,
3543,2.83225,
3544,3.10592,
3545,2.92567,
3546,3.19249,
3547,3.00533,
3548,3.08188,
3549,3.21112,
3550,3.10922,
3551,3.07213,
3552,3.08608,
3553,3.07839,
3554,2.91283,
3555,3.12536,
3556,3.05839,
3557,2.86894,
3558,2.97584,
3559,2.85982,
3560,3.07305,
3561,3.0626,
3562,3.02181,
3563,3.00867,
3564,3.08125,
3565,3.1083,
3566,2.86183,
3567,3.19198,
3568,3.02063,
3569,3.05121,
3570,3.00484,
3571,3.24582,
3572,3.37138,
3573,3.35983,
3574,3.09142,
3575,2.98754,
3576,3.38073,
3577,3.11549,
3578,3.18159,
3579,3.05952,
3580,2.97857,
3581,3.06395,
3582,3.20584,
3583,2.86883,
3584,2.8049,
3585,2.64762,
3586,2.91571,
3587,3.01364,
3588,3.12792,
3589,3.10589,
3590,3.13114,
3591,3.02984,
3592,2.86749,
3593,2.92088,
3594,3.04213,
3595,3.2109,
3596,2.97926,
3597,3.02382,
3598,2.68246,
3599,2.73037,
3600,3.1692,
3601,2.85122,
3602,3.06765,
3603,2.82519,
3604,2.99732,
3605,2.81564,
3606,2.85253,
3607,2.82719,
3608,2.89537,
3609,2.86596,
3610,2.75826,
3611,2.82666,
3612,3.0773,
3613,2.73878,
3614,3.05317,
3615,3.10354,
3616,3.38469,
3617,3.40051,
3618,3.34033,
3619,3.39266,
3620,3.36421,
3621,3.41249,
3622,3.21298,
3623,2.93183,
3624,3.2046,
3625,3.00288,
3626,3.04653,
3627,3.28822,
3628,3.15505,
3629,3.21088,
3630,3.12439,
3631,3.06675,
3632,2.95645,
3633,3.09727,
3634,3.17947,
3635,3.11652,
3636,3.13263,
3637,3.07317,
3638,2.9128,
3639,3.29931,
3640,2.98286,
3641,3.00365,
3642,3.13304,
3643,3.13172,
3644,2.99863,
3645,3.42486,
3646,3.22439,
3647,3.46159,
3648,3.30849,
3649,3.34346,
3650,3.30592,
3651,3.2233,
3652,3.25826,
3653,3.15935,
3654,3.17286,
3655,3.18753,
3656,3.17837,
3657,3.13631,
3658,2.98272,
3659,3.10006,
3660,3.0353,
3661,3.06959,
3662,2.94014,
3663,3.03212,
3664,2.90179,
3665,2.99642,
3666,3.05045,
3667,2.84173,
3668,2.95136,
3669,2.87449,
3670,3.10264,
3671,2.95802,
3672,2.98666,
3673,3.34936,
3674,3.35397,
3675,3.29883,
3676,3.27717,
3677,3.27258,
3678,3.29769,
3679,3.23387,
3680,3.31734,
3681,3.26389,
3682,3.24032,
3683,3.3055,
3684,3.16029,
3685,3.14398,
3686,2.92597,
3687,3.15228,
3688,3.14524,
3689,3.29079,
3690,3.13796,
3691,2.9749,
3692,3.09225,
3693,3.02031,
3694,3.02675,
3695,3.16366,
3696,3.22337,
3697,3.03315,
3698,2.99156,
3699,3.0863,
3700,3.373,
3701,3.26751,
3702,3.37919,
3703,3.18107,
3704,3.34978,
3705,3.19818,
3706,3.32846,
3707,3.42189,
3708,3.17293,
3709,3.03001,
3710,3.00785,
3711,3.32143,
3712,3.23057,
3713,3.08838,
3714,3.16894,
3715,3.10857,
3716,3.31639,
3717,3.1909,
3718,3.39258,
3719,2.96481,
3720,3.05406,
3721,2.85822,
3722,3.02387,
3723,3.06799,
3724,3.03261,
3725,3.01151,
3726,3.21048,
3727,3.11838,
3728,3.04238,
3729,2.81076,
3730,2.99105,
3731,3.04976,
3732,3.03611,
3733,2.95102,
3734,3.52433,
3735,3.36666,
3736,3.40408,
3737,3.39773,
3738,3.21097,
3739,3.3272,
3740,3.10749,
3741,3.32167,
3742,3.37989,
3743,3.23912,
3744,3.2927,
3745,3.52905,
3746,3.65062,
3747,3.21591,
3748,3.3145,
3749,3.24093,
3750,3.3492,
3751,3.49776,
3752,3.24102,
3753,3.16853,
3754,3.13502,
3755,3.03592,
3756,3.11431,
3757,3.13042,
3758,3.14504,
3759,3.03655,
3760,2.99843,
3761,3.15762,
3762,3.64316,
3763,3.68203,
3764,3.57965,
3765,3.51243,
3766,3.50756,
3767,3.51402,
3768,3.44686,
3769,3.49786,
3770,3.43497,
3771,3.49243,
3772,3.47016,
3773,3.42743,
3774,3.40657,
3775,3.31149,
3776,3.39179,
3777,3.44483,
3778,3.34797,
3779,3.29723,
3780,3.22,
3781,3.34397,
3782,3.55576,
3783,3.45386,
3784,3.34548,
3785,3.31337,
3786,3.29216,
3787,3.16005,
3788,3.377,
3789,3.16967,
3790,3.22432,
3791,3.20771,
3792,3.06564,
3793,2.90856,
3794,3.20623,
3795,3.38469,
3796,3.21436,
3797,3.00744,
3798,3.17441,
3799,3.18328,
3800,3.09951,
3801,3.16866,
3802,3.24721,
3803,3.00018,
3804,3.22041,
3805,3.09402,
3806,3.1602,
3807,3.34461,
3808,3.3162,
3809,3.28844,
3810,3.32085,
3811,3.15,
3812,3.11042,
3813,2.99666,
3814,3.042,
3815,3.15388,
3816,3.06026,
3817,2.98421,
3818,3.19153,
3819,3.03762,
3820,2.98247,
3821,3.07456,
3822,2.9617,
3823,2.91624,
3824,3.12902,
3825,2.91381,
3826,2.85977,
3827,2.94426,
3828,3.04274,
3829,2.95703,
3830,2.86672,
3831,2.99439,
3832,2.98435,
3833,3.25099,
3834,3.17579,
3835,3.18083,
3836,3.20646,
3837,3.16744,
3838,3.0695,
3839,3.1513,
3840,2.89119,
3841,3.08186,
3842,3.12982,
3843,2.97625,
3844,3.31374,
3845,2.97825,
3846,2.98189,
3847,3.24078,
3848,3.01722,
3849,2.89576,
3850,2.9797,
3851,3.25834,
3852,2.71174,
3853,2.86093,
3854,3.12122,
3855,2.82366,
3856,2.96361,
3857,2.93958,
3858,2.86259,
3859,2.74347,
3860,3.36763,
3861,3.28959,
3862,3.2493,
3863,3.17333,
3864,3.30273,
3865,3.18377,
3866,3.29034,
3867,3.14087,
3868,3.16356,
3869,3.21331,
3870,3.12295,
3871,3.15381,
3872,3.08893,
3873,3.06937,
3874,3.16984,
3875,2.83354,
3876,3.01921,
3877,3.03327,
3878,3.1326,
3879,3.10447,
3880,2.76715,
3881,3.03552,
3882,2.99203,
3883,2.92368,
3884,2.72193,
3885,2.83814,
3886,2.8829,
3887,2.89998,
3888,2.92133,
3889,2.7318,
3890,2.72498,
3891,2.69184,
3892,2.90615,
3893,2.99,
3894,3.69551,
3895,3.46451,
3896,3.30029,
3897,3.22345,
3898,3.3731,
3899,3.38098,
3900,3.14253,
3901,3.30004,
3902,3.2111,
3903,3.14945,
3904,3.06452,
3905,3.33929,
3906,3.21802,
3907,3.12559,
3908,3.2925,
3909,3.34118,
3910,3.24404,
3911,3.20301,
3912,3.16254,
3913,3.23521,
3914,3.23264,
3915,3.03623,
3916,2.98365,
3917,3.03103,
3918,3.29692,
3919,3.32084,
3920,3.30229,
3921,3.22359,
3922,3.29138,
3923,3.15207,
3924,3.18315,
3925,3.36549,
3926,3.24794,
3927,3.18118,
3928,3.20785,
3929,3.21498,
3930,3.02135,
3931,3.09583,
3932,3.13528,
3933,3.27771,
3934,3.00217,
3935,3.02703,
3936,2.96153,
3937,3.15333,
3938,3.17652,
3939,3.11768,
3940,2.84572,
3941,3.08972,
3942,2.98412,
3943,2.91759,
3944,3.06558,
3945,3.18865,
3946,3.09999,
3947,3.10597,
3948,3.12109,
3949,3.1505,
3950,3.02994,
3951,3.04971,
3952,2.96119,
3953,2.95989,
3954,2.94843,
3955,3.07099,
3956,2.85896,
3957,2.85278,
3958,2.88214,
3959,2.92242,
3960,2.97537,
3961,2.95032,
3962,2.79037,
3963,2.93749,
3964,2.81575,
3965,2.98751,
3966,2.79685,
3967,2.91617,
3968,3.07899,
3969,2.98855,
3970,3.0509,
3971,2.73992,
3972,2.89788,
3973,2.92125,
3974,2.94875,
3975,3.03026,
3976,2.7008,
3977,2.81435,
3978,2.70519,
3979,2.6787,
3980,2.92292,
3981,2.95743,
3982,2.88748,
3983,2.80881,
3984,3.06033,
3985,2.93328,
3986,3.3685,
3987,3.27308,
3988,3.32767,
3989,3.24968,
3990,3.21482,
3991,3.49102,
3992,3.17172,
3993,3.07693,
3994,3.21791,
3995,3.04022,
3996,3.19026,
3997,3.34054,
3998,3.13305,
3999,3.07837,
4000,3.17739,
4001,2.90421,
4002,3.09838,
4003,3.04526,
4004,2.94079,
4005,3.0416,
4006,3.02668,
4007,2.87896,
4008,3.00765,
4009,3.05113,
4010,2.87003,
4011,2.9721,
4012,3.12535,
4013,3.2429,
4014,3.01199,
4015,3.08865,
4016,2.95095,
4017,3.35898,
4018,3.38674,
4019,3.40023,
4020,3.39928,
4021,3.39176,
4022,3.34353,
4023,3.27159,
4024,3.4075,
4025,3.2871,
4026,3.31069,
4027,3.35719,
4028,3.34705,
4029,3.15772,
4030,3.32039,
4031,3.26724,
4032,3.3097,
4033,3.36105,
4034,3.22148,
4035,3.25284,
4036,3.21709,
4037,3.30983,
4038,3.46696,
4039,3.43041,
4040,3.04344,
4041,3.17671,
4042,2.92736,
4043,2.77842,
4044,2.8033,
4045,2.79705,
4046,3.03065,
4047,2.52511,
4048,2.83796,
4049,2.77848,
4050,2.86509,
4051,2.86126,
4052,2.64356,
4053,2.66236,
4054,2.926,
4055,3.06846,
4056,3.00865,
4057,2.72396,
4058,2.80123,
4059,3.38603,
4060,3.42531,
4061,3.3676,
4062,3.36982,
4063,3.3206,
4064,3.36146,
4065,3.26204,
4066,3.08202,
4067,3.15668,
4068,3.23549,
4069,3.09682,
4070,3.19839,
4071,3.2613,
4072,3.31215,
4073,3.18846,
4074,3.03617,
4075,2.90896,
4076,3.09441,
4077,3.06031,
4078,3.02703,
4079,2.81012,
4080,2.84553,
4081,2.75492,
4082,2.97947,
4083,3.02452,
4084,2.88864,
4085,3.30569,
4086,3.21786,
4087,3.24455,
4088,3.15968,
4089,3.31449,
4090,3.31767,
4091,3.08585,
4092,3.1452,
4093,2.91944,
4094,2.91621,
4095,2.92871,
4096,3.09953,
4097,3.15634,
4098,3.03478,
4099,2.8191,
4100,2.75695,
4101,2.75066,
4102,2.58928,
4103,2.74083,
4104,2.71334,
4105,2.96854,
4106,2.69895,
4107,2.72436,
4108,2.72193,
4109,3.01949,
4110,2.85728,
4111,3.10982,
4112,2.72425,
4113,3.29084,
4114,2.95862,
4115,3.27666,
4116,3.6154,
4117,3.20234,
4118,3.36606,
4119,3.26225,
4120,3.25891,
4121,3.27184,
4122,3.25805,
4123,3.0911,
4124,2.93592,
4125,2.94047,
4126,3.06865,
4127,3.03753,
4128,3.02306,
4129,3.07011,
4130,2.96783,
4131,3.08139,
4132,2.8362,
4133,3.22806,
4134,3.14389,
4135,2.8214,
4136,2.82689,
4137,3.09308,
4138,2.77517,
4139,2.77202,
4140,2.79673,
4141,2.6566,
4142,2.6801,
4143,2.75519,
4144,3.43707,
4145,3.38096,
4146,3.53114,
4147,3.48369,
4148,3.48499,
4149,3.35181,
4150,3.11982,
4151,3.24366,
4152,3.15353,
4153,3.23849,
4154,3.48307,
4155,3.30218,
4156,3.26925,
4157,3.09379,
4158,3.00933,
4159,3.34131,
4160,3.33115,
4161,3.41351,
4162,3.13011,
4163,3.37113,
4164,3.0012,
4165,3.07732,
4166,3.13345,
4167,3.34042,
4168,3.17165,
4169,3.14018,
4170,3.06173,
4171,3.01136,
4172,3.17904,
4173,2.95177,
4174,2.95233,
4175,3.06522,
4176,3.06001,
4177,3.11781,
4178,2.99841,
4179,3.07417,
4180,2.9464,
4181,3.01989,
4182,2.89856,
4183,2.95606,
4184,3.00582,
4185,2.74152,
4186,2.81449,
4187,3.00786,
4188,2.95681,
4189,3.46937,
4190,3.41582,
4191,3.35727,
4192,3.47122,
4193,3.41389,
4194,3.34171,
4195,3.26498,
4196,3.23837,
4197,3.03597,
4198,3.07723,
4199,3.09953,
4200,3.02859,
4201,3.2518,
4202,3.22664,
4203,3.10377,
4204,3.36419,
4205,3.252,
4206,2.85896,
4207,2.97153,
4208,3.02227,
4209,2.98723,
4210,3.06862,
4211,3.17638,
4212,3.11597,
4213,3.23273,
4214,3.36034,
4215,3.30442,
4216,2.77326,
4217,2.93506,
4218,3.11803,
4219,3.1977,
4220,3.33582,
4221,3.32775,
4222,3.38621,
4223,3.29564,
4224,3.34922,
4225,3.12434,
4226,3.07229,
4227,3.27206,
4228,2.95514,
4229,3.18829,
4230,3.19603,
4231,3.10871,
4232,3.09409,
4233,3.06639,
4234,3.3904,
4235,3.15956,
4236,3.36722,
4237,3.19953,
4238,3.34683,
4239,3.24619,
4240,3.28273,
4241,3.06326,
4242,3.12901,
4243,3.07737,
4244,2.9521,
4245,3.04539,
4246,2.93216,
4247,3.05458,
4248,3.02215,
4249,3.14336,
4250,2.80504,
4251,3.023,
4252,3.27468,
4253,3.19777,
4254,3.15402,
4255,3.09645,
4256,3.19825,
4257,2.97169,
4258,3.17587,
4259,2.49962,
4260,3.35946,
4261,3.29773,
4262,3.43273,
4263,3.59695,
4264,3.70916,
4265,3.34668,
4266,3.40558,
4267,3.21838,
4268,3.40899,
4269,3.34527,
4270,3.3208,
4271,3.26123,
4272,3.07396,
4273,3.06952,
4274,3.17514,
4275,3.28914,
4276,3.04198,
4277,3.24702,
4278,3.31592,
4279,3.12437,
4280,3.10328,
4281,3.18354,
4282,3.28214,
4283,3.30555,
4284,3.29984,
4285,3.23317,
4286,3.20429,
4287,3.10351,
4288,3.3341,
4289,3.31905,
4290,3.04868,
4291,3.17398,
4292,3.06544,
4293,2.94498,
4294,2.91785,
4295,2.75947,
4296,3.14213,
4297,3.10227,
4298,2.88988,
4299,3.0354,
4300,3.1386,
4301,2.95834,
4302,2.86928,
4303,2.92391,
4304,2.84448,
4305,3.05581,
4306,2.88053,
4307,2.99084,
4308,3.14136,
4309,2.968,
4310,3.224,
4311,3.27778,
4312,3.22922,
4313,3.13654,
4314,3.10982,
4315,3.26344,
4316,3.14479,
4317,3.11708,
4318,3.12939,
4319,3.22779,
4320,3.00079,
4321,2.76168,
4322,3.0423,
4323,2.97237,
4324,3.0577,
4325,3.01475,
4326,2.72646,
4327,3.08116,
4328,3.12376,
4329,3.10748,
4330,2.96783,
4331,2.92177,
4332,3.13269,
4333,2.91309,
4334,2.70342,
4335,2.98648,
4336,3.02645,
4337,3.16328,
4338,2.98677,
4339,2.87046,
4340,2.99932,
4341,2.98512,
4342,2.86326,
4343,2.95283,
4344,3.051,
4345,3.4011,
4346,3.23912,
4347,3.35744,
4348,3.09087,
4349,3.08515,
4350,3.02186,
4351,3.22333,
4352,3.15369,
4353,3.18483,
4354,3.17719,
4355,3.30757,
4356,3.07946,
4357,3.18048,
4358,3.02304,
4359,2.92165,
4360,3.15611,
4361,3.11032,
4362,3.2432,
4363,3.13346,
4364,2.74382,
4365,2.82211,
4366,3.03114,
4367,2.859,
4368,2.92857,
4369,2.76538,
4370,2.91401,
4371,3.13815,
4372,3.35613,
4373,3.15158,
4374,3.23482,
4375,3.29406,
4376,3.26357,
4377,3.19518,
4378,3.24131,
4379,3.25488,
4380,3.24435,
4381,3.16888,
4382,3.14136,
4383,3.1518,
4384,3.00341,
4385,3.15008,
4386,2.81464,
4387,2.95703,
4388,3.08109,
4389,2.97096,
4390,3.06005,
4391,2.82402,
4392,2.92238,
4393,3.08711,
4394,2.82973,
4395,2.93813,
4396,2.84261,
4397,2.84019,
4398,2.99803,
4399,2.78427,
4400,2.84216,
4401,2.82547,
4402,2.95261,
4403,2.89765,
4404,3.02947,
4405,3.05856,
4406,2.9923,
4407,2.89227,
4408,2.94333,
4409,3.09159,
4410,3.10308,
4411,2.96506,
4412,3.22853,
4413,3.19716,
4414,3.10225,
4415,3.18984,
4416,3.08942,
4417,2.95686,
4418,3.1022,
4419,3.00353,
4420,3.08222,
4421,3.06913,
4422,3.21981,
4423,3.34992,
4424,3.21868,
4425,3.07573,
4426,3.05138,
4427,2.9522,
4428,2.98207,
4429,2.95773,
4430,3.00642,
4431,2.84653,
4432,3.02747,
4433,2.96653,
4434,3.06977,
4435,2.8932,
4436,3.01152,
4437,3.16521,
4438,3.19336,
4439,3.32576,
4440,2.99195,
4441,2.80737,
4442,3.067,
4443,2.76513,
4444,3.0579,
4445,3.2871,
4446,3.41351,
4447,3.31094,
4448,3.31299,
4449,3.02533,
4450,3.26052,
4451,3.11597,
4452,3.10958,
4453,3.07684,
4454,3.29393,
4455,3.04229,
4456,3.23694,
4457,2.9167,
4458,3.2514,
4459,3.19662,
4460,3.37094,
4461,3.04801,
4462,3.12639,
4463,3.19801,
4464,2.91579,
4465,3.16488,
4466,2.83129,
4467,2.96301,
4468,3.00729,
4469,3.25267,
4470,3.21297,
4471,2.76665,
4472,3.06659,
4473,3.00869,
4474,3.12498,
4475,3.10232,
4476,3.29913,
4477,3.20415,
4478,3.06334,
4479,3.08975,
4480,3.14174,
4481,3.02631,
4482,2.91882,
4483,2.8755,
4484,3.36715,
4485,3.37688,
4486,3.31549,
4487,3.26691,
4488,3.20449,
4489,3.21586,
4490,3.06464,
4491,3.34728,
4492,3.10407,
4493,3.15983,
4494,3.12792,
4495,3.09327,
4496,3.07211,
4497,3.20283,
4498,3.13127,
4499,3.01448,
4500,3.19615,
4501,3.25928,
4502,3.02249,
4503,3.36035,
4504,3.1723,
4505,3.01285,
4506,2.88998,
4507,3.17819,
4508,3.12629,
4509,3.05995,
4510,3.04872,
4511,3.17699,
4512,2.96119,
4513,2.91388,
4514,3.04239,
4515,2.94579,
4516,3.10295,
4517,3.09883,
4518,3.18596,
4519,3.10173,
4520,3.09148,
4521,2.98405,
4522,3.13787,
4523,3.18255,
4524,2.77696,
4525,3.03313,
4526,2.99707,
4527,3.10834,
4528,3.16486,
4529,3.12583,
4530,2.88768,
4531,3.01597,
4532,3.1443,
4533,2.81441,
4534,2.89671,
4535,3.20171,
4536,3.04074,
4537,3.16054,
4538,2.93591,
4539,2.93685,
4540,3.10927,
4541,3.07503,
4542,3.03483,
4543,3.21789,
4544,3.10696,
4545,2.79471,
4546,2.99196,
4547,2.88147,
4548,3.03555,
4549,2.8355,
4550,3.04452,
4551,3.17918,
4552,3.12369,
4553,3.25236,
4554,3.24826,
4555,3.13609,
4556,3.21781,
4557,3.0186,
4558,3.07682,
4559,3.17525,
4560,3.11036,
4561,3.22183,
4562,3.35553,
4563,3.42774,
4564,4.33151,
4565,3.13067,
4566,3.09634,
4567,3.24309,
4568,3.2242,
4569,2.9968,
4570,3.13698,
4571,3.09815,
4572,3.08867,
4573,3.0571,
4574,3.54414,
4575,3.09816,
4576,3.0712,
4577,2.71178,
4578,2.87674,
4579,3.11784,
4580,3.12597,
4581,3.21543,
4582,3.27548,
4583,3.0859,
4584,3.19015,
4585,3.17283,
4586,3.13924,
4587,3.3766,
4588,3.16491,
4589,3.13475,
4590,3.22834,
4591,3.23885,
4592,3.13718,
4593,3.05771,
4594,3.15299,
4595,3.0885,
4596,3.10121,
4597,2.96253,
4598,2.76581,
4599,3.08929,
4600,2.97485,
4601,2.78499,
4602,2.87791,
4603,2.9436,
4604,3.05724,
4605,3.02931,
4606,2.96113,
4607,3.06015,
4608,2.71976,
4609,2.97085,
4610,2.74811,
4611,3.0809,
4612,2.87558,
4613,2.95448,
4614,3.06064,
4615,2.99052,
4616,2.96696,
4617,2.96787,
4618,2.95907,
4619,2.80325,
4620,3.0058,
4621,2.93411,
4622,2.7542,
4623,2.83583,
4624,2.73903,
4625,2.96991,
4626,2.94377,
4627,2.90699,
4628,2.91986,
4629,2.97337,
4630,3.01016,
4631,2.7656,
4632,3.10185,
4633,2.93546,
4634,2.97124,
4635,2.91948,
4636,3.13598,
4637,3.26058,
4638,3.22139,
4639,2.97378,
4640,2.89738,
4641,3.26201,
4642,3.0134,
4643,3.06652,
4644,2.96331,
4645,2.86336,
4646,2.93311,
4647,3.1088,
4648,2.71727,
4649,2.69897,
4650,2.54233,
4651,2.80521,
4652,2.90415,
4653,3.01621,
4654,3.00266,
4655,3.03906,
4656,2.92952,
4657,2.77568,
4658,2.83337,
4659,2.95801,
4660,3.13154,
4661,2.89439,
4662,2.90018,
4663,2.56526,
4664,2.60812,
4665,3.06522,
4666,2.75637,
4667,2.96245,
4668,2.72745,
4669,2.89318,
4670,2.70301,
4671,2.74054,
4672,2.7288,
4673,2.79033,
4674,2.74028,
4675,2.66646,
4676,2.74126,
4677,3.00267,
4678,2.64002,
4679,2.95387,
4680,2.98334,
4681,3.30194,
4682,3.30169,
4683,3.24156,
4684,3.28009,
4685,3.27276,
4686,3.30227,
4687,3.08008,
4688,2.81297,
4689,3.09964,
4690,2.90996,
4691,2.93071,
4692,3.17929,
4693,3.03566,
4694,3.10205,
4695,3.02471,
4696,2.97181,
4697,2.86106,
4698,2.97035,
4699,3.08013,
4700,3.02246,
4701,3.02651,
4702,2.97322,
4703,2.83396,
4704,3.18986,
4705,2.89194,
4706,2.88569,
4707,3.03734,
4708,3.00638,
4709,2.88931,
4710,3.30071,
4711,3.13504,
4712,3.33266,
4713,3.1795,
4714,3.23602,
4715,3.1928,
4716,3.10665,
4717,3.1262,
4718,3.05724,
4719,3.05842,
4720,3.0875,
4721,3.09312,
4722,3.02491,
4723,2.87244,
4724,2.98764,
4725,2.94885,
4726,2.96618,
4727,2.75638,
4728,2.83544,
4729,2.68774,
4730,2.91221,
4731,2.96926,
4732,2.73225,
4733,2.86062,
4734,2.78139,
4735,2.99778,
4736,2.82734,
4737,2.88358,
4738,3.15582,
4739,3.23941,
4740,3.16348,
4741,3.13476,
4742,3.14952,
4743,3.18271,
4744,3.09976,
4745,3.20836,
4746,3.16632,
4747,3.13598,
4748,3.17084,
4749,3.04633,
4750,3.0408,
4751,2.80902,
4752,3.05593,
4753,3.01331,
4754,3.16626,
4755,3.04537,
4756,2.87984,
4757,2.98774,
4758,2.88701,
4759,2.92248,
4760,3.0691,
4761,3.14863,
4762,2.93115,
4763,2.89448,
4764,2.97253,
4765,3.24285,
4766,3.15638,
4767,3.28109,
4768,3.05897,
4769,3.23427,
4770,3.07711,
4771,3.22488,
4772,3.33213,
4773,3.06702,
4774,2.93097,
4775,2.88939,
4776,3.19321,
4777,3.15785,
4778,2.97311,
4779,3.06275,
4780,3.01194,
4781,3.23051,
4782,3.09872,
4783,3.3167,
4784,2.88648,
4785,2.96967,
4786,2.76525,
4787,2.94996,
4788,2.9728,
4789,2.93508,
4790,2.92133,
4791,3.1324,
4792,3.03025,
4793,2.96661,
4794,2.7289,
4795,2.89462,
4796,2.94942,
4797,2.9604,
4798,2.85859,
4799,3.37905,
4800,3.26862,
4801,3.28518,
4802,3.20644,
4803,3.06168,
4804,3.21548,
4805,2.97211,
4806,3.20198,
4807,3.26855,
4808,3.14378,
4809,3.17232,
4810,3.40551,
4811,3.52353,
4812,3.09789,
4813,3.19205,
4814,3.13579,
4815,3.24423,
4816,3.39093,
4817,3.14363,
4818,3.0773,
4819,3.05674,
4820,2.92824,
4821,3.01862,
4822,3.05193,
4823,3.0576,
4824,2.91096,
4825,2.89557,
4826,3.05577,
4827,3.50721,
4828,3.54565,
4829,3.47937,
4830,3.43997,
4831,3.3997,
4832,3.43052,
4833,3.35341,
4834,3.40336,
4835,3.34915,
4836,3.38478,
4837,3.37935,
4838,3.33492,
4839,3.32022,
4840,3.21754,
4841,3.31615,
4842,3.37028,
4843,3.27982,
4844,3.2053,
4845,3.12854,
4846,3.18881,
4847,3.40449,
4848,3.27714,
4849,3.20236,
4850,3.16586,
4851,3.18017,
4852,3.0337,
4853,3.26082,
4854,3.01829,
4855,3.08623,
4856,3.10963,
4857,2.9297,
4858,2.77918,
4859,3.09128,
4860,3.28726,
4861,3.10951,
4862,2.8907,
4863,3.05016,
4864,3.07329,
4865,2.99656,
4866,3.05538,
4867,3.14765,
4868,2.91034,
4869,3.0876,
4870,2.9802,
4871,3.02067,
4872,3.23451,
4873,3.14155,
4874,3.12283,
4875,3.14675,
4876,3.00845,
4877,2.9564,
4878,2.8623,
4879,2.94608,
4880,3.04873,
4881,2.95994,
4882,2.86937,
4883,3.10398,
4884,2.94078,
4885,2.8756,
4886,2.99376,
4887,2.84709,
4888,2.79686,
4889,3.02904,
4890,2.79349,
4891,2.78029,
4892,2.86484,
4893,2.94823,
4894,2.85832,
4895,2.78868,
4896,2.89473,
4897,2.86562,
4898,3.07605,
4899,3.04626,
4900,3.05343,
4901,3.08304,
4902,3.03417,
4903,2.93673,
4904,3.0555,
4905,2.8105,
4906,2.96653,
4907,3.04304,
4908,2.88456,
4909,3.21046,
4910,2.87467,
4911,2.87191,
4912,3.10963,
4913,2.90005,
4914,2.77473,
4915,2.90729,
4916,3.17487,
4917,2.63473,
4918,2.73674,
4919,3.02086,
4920,2.7319,
4921,2.88607,
4922,2.84823,
4923,2.76613,
4924,2.68401,
4925,3.21244,
4926,3.17394,
4927,3.11229,
4928,3.04594,
4929,3.19101,
4930,3.08894,
4931,3.18931,
4932,3.04503,
4933,3.06342,
4934,3.11611,
4935,3.01588,
4936,3.05333,
4937,3.0035,
4938,2.98432,
4939,3.0652,
4940,2.73896,
4941,2.92572,
4942,2.95465,
4943,3.04597,
4944,3.0155,
4945,2.66709,
4946,2.94138,
4947,2.92268,
4948,2.85836,
4949,2.64231,
4950,2.76724,
4951,2.78651,
4952,2.81765,
4953,2.8524,
4954,2.60218,
4955,2.64386,
4956,2.62903,
4957,2.80868,
4958,2.90019,
4959,3.53562,
4960,3.38029,
4961,3.19927,
4962,3.13606,
4963,3.27664,
4964,3.29557,
4965,3.0086,
4966,3.20083,
4967,3.10186,
4968,3.05389,
4969,2.96181,
4970,3.2489,
4971,3.1217,
4972,3.0307,
4973,3.17446,
4974,3.22852,
4975,3.11579,
4976,3.1071,
4977,3.03494,
4978,3.13212,
4979,3.09472,
4980,2.93667,
4981,2.89919,
4982,2.94845,
4983,3.09883,
4984,3.19318,
4985,3.20619,
4986,3.09506,
4987,3.1551,
4988,3.03389,
4989,3.06407,
4990,3.24295,
4991,3.14262,
4992,3.08576,
4993,3.10784,
4994,3.1206,
4995,2.89086,
4996,2.99223,
4997,3.03725,
4998,3.16148,
4999,2.90307,
5000,2.92903,
5001,2.87966,
5002,3.07645,
5003,3.08587,
5004,3.02699,
5005,2.77844,
5006,2.99271,
5007,2.8981,
5008,2.814,
5009,2.97982,
5010,3.10065,
5011,2.99015,
5012,2.95395,
5013,3.01163,
5014,3.04243,
5015,2.97628,
5016,2.95272,
5017,2.85255,
5018,2.87157,
5019,2.86586,
5020,2.97886,
5021,2.736,
5022,2.74293,
5023,2.78349,
5024,2.83202,
5025,2.8961,
5026,2.85446,
5027,2.70177,
5028,2.83267,
5029,2.72305,
5030,2.8722,
5031,2.71707,
5032,2.80622,
5033,2.9811,
5034,2.90052,
5035,2.95358,
5036,2.64576,
5037,2.81879,
5038,2.8263,
5039,2.84413,
5040,2.95212,
5041,2.64298,
5042,2.76201,
5043,2.61594,
5044,2.59136,
5045,2.82692,
5046,2.84115,
5047,2.7876,
5048,2.72316,
5049,2.97805,
5050,2.82941,
5051,3.17791,
5052,3.13146,
5053,3.16513,
5054,3.11365,
5055,3.09071,
5056,3.36277,
5057,3.06193,
5058,2.94857,
5059,3.13031,
5060,2.95488,
5061,3.10311,
5062,3.23327,
5063,3.03895,
5064,3.00167,
5065,3.07151,
5066,2.79341,
5067,3.01144,
5068,2.9642,
5069,2.82784,
5070,2.95578,
5071,2.93556,
5072,2.79331,
5073,2.92817,
5074,2.95944,
5075,2.78237,
5076,2.87782,
5077,3.01248,
5078,3.1752,
5079,2.92841,
5080,2.99047,
5081,2.86293,
5082,3.26424,
5083,3.31099,
5084,3.34544,
5085,3.31089,
5086,3.30853,
5087,3.27064,
5088,3.21382,
5089,3.31606,
5090,3.20096,
5091,3.22415,
5092,3.2648,
5093,3.28217,
5094,3.08659,
5095,3.25254,
5096,3.20795,
5097,3.24052,
5098,3.29525,
5099,3.1478,
5100,3.18546,
5101,3.15028,
5102,3.2404,
5103,3.30116,
5104,3.33163,
5105,2.85507,
5106,2.99061,
5107,2.79126,
5108,2.66985,
5109,2.70153,
5110,2.68226,
5111,2.94232,
5112,2.47507,
5113,2.75596,
5114,2.68575,
5115,2.76564,
5116,2.79241,
5117,2.56479,
5118,2.5689,
5119,2.83164,
5120,2.96274,
5121,2.90242,
5122,2.61957,
5123,2.65578,
5124,3.25601,
5125,3.31395,
5126,3.23544,
5127,3.24123,
5128,3.20944,
5129,3.21537,
5130,3.14424,
5131,2.94324,
5132,3.03976,
5133,3.15052,
5134,2.98538,
5135,3.09246,
5136,3.15978,
5137,3.2217,
5138,3.09041,
5139,2.95579,
5140,2.82208,
5141,3.0073,
5142,2.95771,
5143,2.94341,
5144,2.7089,
5145,2.7693,
5146,2.67029,
5147,2.8947,
5148,2.95304,
5149,2.81241,
5150,3.17908,
5151,3.0717,
5152,3.12039,
5153,3.0488,
5154,3.208,
5155,3.09653,
5156,2.95285,
5157,3.03702,
5158,2.82997,
5159,2.81756,
5160,2.83141,
5161,3.00791,
5162,3.0534,
5163,2.91361,
5164,2.72965,
5165,2.67964,
5166,2.6618,
5167,2.50471,
5168,2.63707,
5169,2.64599,
5170,2.87207,
5171,2.58004,
5172,2.64497,
5173,2.64111,
5174,2.93068,
5175,2.77328,
5176,3.01834,
5177,2.64771,
5178,3.19161,
5179,2.87476,
5180,3.1855,
5181,3.4627,
5182,3.13441,
5183,3.2836,
5184,3.15057,
5185,3.11746,
5186,3.16464,
5187,3.14694,
5188,2.97936,
5189,2.82016,
5190,2.84302,
5191,2.96343,
5192,2.95605,
5193,2.94132,
5194,2.97726,
5195,2.86476,
5196,3.01353,
5197,2.76521,
5198,3.12085,
5199,3.02713,
5200,2.745,
5201,2.71474,
5202,2.98298,
5203,2.67695,
5204,2.70888,
5205,2.70447,
5206,2.55843,
5207,2.6045,
5208,2.67741,
5209,3.28959,
5210,3.24658,
5211,3.40687,
5212,3.34452,
5213,3.34776,
5214,3.23663,
5215,2.97362,
5216,3.07188,
5217,3.01256,
5218,3.14278,
5219,3.38098,
5220,3.18309,
5221,3.14856,
5222,2.96353,
5223,2.91036,
5224,3.24251,
5225,3.22822,
5226,3.30183,
5227,3.03588,
5228,3.29244,
5229,2.90273,
5230,2.97621,
5231,3.03315,
5232,3.20995,
5233,3.01158,
5234,3.02181,
5235,2.9386,
5236,2.90217,
5237,3.09162,
5238,2.83147,
5239,2.85666,
5240,2.98939,
5241,2.98136,
5242,3.01827,
5243,2.89025,
5244,2.97688,
5245,2.85142,
5246,2.90054,
5247,2.81611,
5248,2.86154,
5249,2.91867,
5250,2.66031,
5251,2.72052,
5252,2.92776,
5253,2.84898,
5254,3.3429,
5255,3.33268,
5256,3.26826,
5257,3.37466,
5258,3.29515,
5259,3.23979,
5260,3.15109,
5261,3.14512,
5262,2.90067,
5263,2.99204,
5264,2.96446,
5265,2.92207,
5266,3.18404,
5267,3.15006,
5268,3.02257,
5269,3.25208,
5270,3.14595,
5271,2.79838,
5272,2.90254,
5273,2.93519,
5274,2.87686,
5275,2.96986,
5276,3.1051,
5277,3.04178,
5278,3.15652,
5279,3.27489,
5280,3.21735,
5281,2.6834,
5282,2.86173,
5283,3.03476,
5284,3.11167,
5285,3.20389,
5286,3.21321,
5287,3.27099,
5288,3.18907,
5289,3.26407,
5290,3.04348,
5291,2.96336,
5292,3.187,
5293,2.87861,
5294,3.0885,
5295,3.1135,
5296,3.03051,
5297,3.00849,
5298,3.00346,
5299,3.28805,
5300,3.07724,
5301,3.25628,
5302,3.07633,
5303,3.26069,
5304,3.14702,
5305,3.15173,
5306,2.99404,
5307,3.03591,
5308,2.98772,
5309,2.8502,
5310,2.95981,
5311,2.85744,
5312,2.97291,
5313,2.93871,
5314,3.06574,
5315,2.72451,
5316,2.95018,
5317,3.14038,
5318,3.1041,
5319,2.99242,
5320,2.95708,
5321,3.11009,
5322,2.89613,
5323,3.08038,
5324,2.26543,
5325,3.23186,
5326,3.17732,
5327,3.31393,
5328,3.48586,
5329,3.5876,
5330,3.23816,
5331,3.28341,
5332,3.11237,
5333,3.29296,
5334,3.23557,
5335,3.21138,
5336,3.17032,
5337,2.9663,
5338,2.98611,
5339,3.05663,
5340,3.20688,
5341,2.97035,
5342,3.1648,
5343,3.22096,
5344,3.03139,
5345,3.03652,
5346,3.04687,
5347,3.1993,
5348,3.19801,
5349,3.19922,
5350,3.1571,
5351,3.11402,
5352,3.00096,
5353,3.24975,
5354,3.24911,
5355,2.93718,
5356,3.0879,
5357,2.95657,
5358,2.84875,
5359,2.82673,
5360,2.68309,
5361,3.06278,
5362,2.97242,
5363,2.81356,
5364,2.93095,
5365,3.05078,
5366,2.88648,
5367,2.7898,
5368,2.84116,
5369,2.76027,
5370,2.98431,
5371,2.82151,
5372,2.91322,
5373,3.06705,
5374,2.89554,
5375,3.11847,
5376,3.16657,
5377,3.06858,
5378,2.99816,
5379,3.0095,
5380,3.18135,
5381,3.02296,
5382,3.02198,
5383,3.03199,
5384,3.15126,
5385,2.89864,
5386,2.67147,
5387,2.92956,
5388,2.85308,
5389,2.95104,
5390,2.92287,
5391,2.63252,
5392,2.99848,
5393,3.04329,
5394,3.02459,
5395,2.88876,
5396,2.85907,
5397,3.07019,
5398,2.84443,
5399,2.62845,
5400,2.90284,
5401,2.96096,
5402,3.08706,
5403,2.91863,
5404,2.79695,
5405,2.91849,
5406,2.88032,
5407,2.76985,
5408,2.88209,
5409,2.95306,
5410,3.2777,
5411,3.14069,
5412,3.23868,
5413,2.96199,
5414,2.99104,
5415,2.91771,
5416,3.1378,
5417,3.06407,
5418,3.09543,
5419,3.06974,
5420,3.2105,
5421,2.96123,
5422,3.08383,
5423,2.93949,
5424,2.82132,
5425,3.07617,
5426,3.01608,
5427,3.17264,
5428,3.02038,
5429,2.68499,
5430,2.74846,
5431,2.94148,
5432,2.77377,
5433,2.83468,
5434,2.68114,
5435,2.824,
5436,3.05161,
5437,3.2434,
5438,3.06423,
5439,3.14797,
5440,3.16285,
5441,3.16806,
5442,3.07413,
5443,3.15486,
5444,3.14996,
5445,3.16418,
5446,3.07053,
5447,3.02377,
5448,3.06246,
5449,2.94091,
5450,3.08156,
5451,2.73243,
5452,2.87448,
5453,3.02541,
5454,2.88934,
5455,2.97411,
5456,2.74727,
5457,2.84838,
5458,3.01775,
5459,2.74757,
5460,2.85678,
5461,2.77325,
5462,2.78084,
5463,2.93002,
5464,2.71229,
5465,2.77084,
5466,2.76506,
5467,2.91288,
5468,2.82891,
5469,2.96327,
5470,3.00899,
5471,2.9257,
5472,2.82427,
5473,2.87577,
5474,2.95127,
5475,2.98553,
5476,2.8402,
5477,3.13923,
5478,3.06578,
5479,3.02289,
5480,3.08729,
5481,3.01972,
5482,2.89449,
5483,3.00935,
5484,2.9368,
5485,2.99244,
5486,3.00214,
5487,3.14185,
5488,3.2749,
5489,3.14422,
5490,3.00933,
5491,2.97674,
5492,2.87605,
5493,2.89882,
5494,2.85452,
5495,2.92287,
5496,2.76112,
5497,2.94534,
5498,2.86577,
5499,2.99694,
5500,2.81843,
5501,2.9369,
5502,3.08914,
5503,3.11002,
5504,3.25171,
5505,2.90376,
5506,2.74998,
5507,2.99794,
5508,2.68796,
5509,2.99227,
5510,3.14366,
5511,3.30327,
5512,3.22279,
5513,3.22137,
5514,2.92279,
5515,3.19225,
5516,3.03561,
5517,3.03056,
5518,3.0114,
5519,3.17601,
5520,2.93136,
5521,3.15333,
5522,2.79669,
5523,3.1388,
5524,3.09519,
5525,3.26479,
5526,2.9566,
5527,3.07577,
5528,3.12744,
5529,2.86078,
5530,3.10066,
5531,2.76947,
5532,2.88084,
5533,2.94353,
5534,3.18472,
5535,3.16331,
5536,2.70093,
5537,2.99281,
5538,2.92245,
5539,3.03568,
5540,3.04381,
5541,3.23714,
5542,3.07527,
5543,2.94551,
5544,3.03242,
5545,3.07229,
5546,2.93552,
5547,2.87163,
5548,2.80266,
5549,3.22811,
5550,3.27797,
5551,3.21149,
5552,3.18384,
5553,3.10205,
5554,3.08566,
5555,2.91643,
5556,3.24028,
5557,3.02184,
5558,3.06995,
5559,3.02431,
5560,3.01795,
5561,2.99805,
5562,3.12075,
5563,3.07185,
5564,2.93493,
5565,3.07917,
5566,3.17233,
5567,2.90623,
5568,3.27813,
5569,3.08072,
5570,2.93383,
5571,2.82403,
5572,3.08988,
5573,3.04668,
5574,2.97247,
5575,2.93053,
5576,3.10285,
5577,2.88251,
5578,2.82165,
5579,2.96049,
5580,2.88467,
5581,2.97218,
5582,3.063,
5583,3.12766,
5584,2.99727,
5585,2.94408,
5586,2.88204,
5587,3.04805,
5588,3.10253,
5589,2.68967,
5590,2.96853,
5591,2.93003,
5592,3.01985,
5593,3.08386,
5594,3.03193,
5595,2.81646,
5596,2.93525,
5597,3.04885,
5598,2.71624,
5599,2.80541,
5600,3.12759,
5601,2.96067,
5602,3.06741,
5603,2.83608,
5604,2.83737,
5605,3.01474,
5606,2.98345,
5607,2.92228,
5608,3.12863,
5609,3.02979,
5610,2.72323,
5611,2.9267,
5612,2.78936,
5613,2.96468,
5614,2.78282,
5615,2.8993,
5616,3.07013,
5617,3.02403,
5618,3.16435,
5619,3.1778,
5620,3.04565,
5621,3.12637,
5622,2.92981,
5623,3.00487,
5624,3.08298,
5625,3.03836,
5626,3.13241,
5627,3.25613,
5628,3.3431,
5629,4.20205,
5630,3.02634,
5631,3.00172,
5632,3.11821,
5633,3.09038,
5634,2.91191,
5635,3.06342,
5636,3.00126,
5637,3.01029,
5638,2.97563,
5639,3.4454,
5640,3.02954,
5641,3.00051,
5642,2.62487,
5643,2.79024,
5644,3.05528,
5645,3.029,
5646,3.13037,
5647,3.23158,
5648,3.00458,
5649,3.09489,
5650,3.07754,
5651,3.04301,
5652,3.28481,
5653,3.05265,
5654,3.04943,
5655,3.13613,
5656,3.12984,
5657,3.02817,
5658,2.97619,
5659,3.01788,
5660,2.97384,
5661,2.99806,
5662,2.87382,
5663,2.68755,
5664,3.00429,
5665,2.90018,
5666,2.69759,
5667,2.79961,
5668,2.85832,
5669,2.96682,
5670,2.96839,
5671,2.89068,
5672,2.96788,
5673,2.64771,
5674,2.92226,
5675,2.64461,
5676,2.99888,
5677,2.80206,
5678,2.86932,
5679,2.93943,
5680,2.91085,
5681,2.89474,
5682,2.88537,
5683,2.87684,
5684,2.73139,
5685,2.92722,
5686,2.85452,
5687,2.65671,
5688,2.74845,
5689,2.67819,
5690,2.89378,
5691,2.86731,
5692,2.83816,
5693,2.8649,
5694,2.90537,
5695,2.94477,
5696,2.67181,
5697,3.03163,
5698,2.87129,
5699,2.90004,
5700,2.8671,
5701,3.06916,
5702,3.17797,
5703,3.13954,
5704,2.89883,
5705,2.81528,
5706,3.17703,
5707,2.96058,
5708,2.9942,
5709,2.90092,
5710,2.78976,
5711,2.83702,
5712,3.01221,
5713,2.59201,
5714,2.63843,
5715,2.48714,
5716,2.73298,
5717,2.81679,
5718,2.94606,
5719,2.9334,
5720,2.96423,
5721,2.86546,
5722,2.71034,
5723,2.77964,
5724,2.89082,
5725,3.07235,
5726,2.84471,
5727,2.81853,
5728,2.4831,
5729,2.53106,
5730,2.99262,
5731,2.66602,
5732,2.88916,
5733,2.66392,
5734,2.84114,
5735,2.64173,
5736,2.6608,
5737,2.655,
5738,2.72013,
5739,2.67445,
5740,2.60955,
5741,2.69068,
5742,2.94227,
5743,2.59073,
5744,2.89929,
5745,2.88094,
5746,3.23044,
5747,3.21627,
5748,3.15598,
5749,3.22199,
5750,3.19422,
5751,3.18838,
5752,2.9855,
5753,2.72816,
5754,3.01494,
5755,2.84631,
5756,2.86814,
5757,3.10568,
5758,2.95709,
5759,3.03982,
5760,2.95527,
5761,2.91264,
5762,2.79327,
5763,2.90024,
5764,3.01213,
5765,2.96035,
5766,2.95967,
5767,2.89946,
5768,2.7759,
5769,3.10948,
5770,2.83739,
5771,2.81084,
5772,2.95117,
5773,2.93499,
5774,2.82411,
5775,3.23763,
5776,3.06905,
5777,3.24479,
5778,3.08624,
5779,3.1729,
5780,3.09745,
5781,3.03298,
5782,3.04049,
5783,2.98305,
5784,2.97931,
5785,3.0133,
5786,3.02311,
5787,2.9367,
5788,2.77003,
5789,2.9118,
5790,2.89418,
5791,2.89648,
5792,2.6443,
5793,2.75439,
5794,2.58093,
5795,2.84945,
5796,2.89763,
5797,2.65007,
5798,2.78958,
5799,2.71622,
5800,2.90765,
5801,2.73344,
5802,2.78503,
5803,2.95955,
5804,3.1043,
5805,3.07742,
5806,3.04282,
5807,3.03127,
5808,3.08001,
5809,3.02256,
5810,3.14121,
5811,3.07561,
5812,3.06643,
5813,3.09228,
5814,2.95864,
5815,2.95508,
5816,2.71571,
5817,2.98972,
5818,2.9253,
5819,3.06104,
5820,2.95908,
5821,2.81495,
5822,2.9101,
5823,2.82268,
5824,2.86601,
5825,2.99587,
5826,3.06824,
5827,2.85799,
5828,2.82987,
5829,2.88527,
5830,3.14893,
5831,3.07312,
5832,3.20671,
5833,2.99327,
5834,3.16494,
5835,2.99758,
5836,3.13506,
5837,3.25945,
5838,2.99525,
5839,2.8767,
5840,2.80575,
5841,3.10128,
5842,3.08403,
5843,2.92287,
5844,2.99689,
5845,2.96116,
5846,3.14284,
5847,3.03483,
5848,3.25825,
5849,2.82663,
5850,2.89559,
5851,2.70483,
5852,2.90019,
5853,2.92174,
5854,2.88311,
5855,2.87288,
5856,3.06071,
5857,2.97246,
5858,2.91303,
5859,2.67098,
5860,2.83576,
5861,2.87992,
5862,2.89362,
5863,2.79793,
5864,3.27175,
5865,3.1786,
5866,3.22464,
5867,3.08418,
5868,2.95407,
5869,3.12873,
5870,2.86735,
5871,3.12119,
5872,3.14803,
5873,3.08721,
5874,3.08917,
5875,3.31929,
5876,3.42511,
5877,3.02339,
5878,3.10012,
5879,3.05436,
5880,3.17565,
5881,3.29766,
5882,3.07528,
5883,3.00613,
5884,2.99673,
5885,2.85883,
5886,2.97599,
5887,2.98258,
5888,3.00396,
5889,2.83398,
5890,2.82451,
5891,2.99031,
5892,3.39724,
5893,3.46816,
5894,3.42292,
5895,3.39316,
5896,3.34165,
5897,3.36435,
5898,3.29839,
5899,3.33141,
5900,3.28808,
5901,3.3109,
5902,3.31304,
5903,3.26957,
5904,3.26342,
5905,3.16156,
5906,3.27466,
5907,3.29747,
5908,3.22407,
5909,3.1597,
5910,3.07666,
5911,3.05955,
5912,3.30198,
5913,3.16582,
5914,3.08194,
5915,3.10019,
5916,3.11073,
5917,2.95551,
5918,3.17817,
5919,2.9425,
5920,3.01112,
5921,3.04528,
5922,2.86129,
5923,2.72125,
5924,3.03454,
5925,3.2229,
5926,3.04354,
5927,2.82383,
5928,2.98893,
5929,3.01586,
5930,2.91395,
5931,2.97017,
5932,3.07358,
5933,2.85041,
5934,2.98705,
5935,2.91123,
5936,2.91123,
5937,3.13587,
5938,3.05215,
5939,3.01943,
5940,3.05038,
5941,2.92727,
5942,2.87469,
5943,2.79492,
5944,2.87593,
5945,3.00384,
5946,2.88791,
5947,2.81926,
5948,3.02842,
5949,2.87436,
5950,2.81797,
5951,2.92766,
5952,2.77775,
5953,2.72325,
5954,2.96642,
5955,2.70621,
5956,2.71977,
5957,2.79118,
5958,2.87823,
5959,2.79966,
5960,2.72457,
5961,2.83847,
5962,2.7763,
5963,2.9544,
5964,2.93203,
5965,2.996,
5966,3.0033,
5967,2.95378,
5968,2.82344,
5969,2.99244,
5970,2.73614,
5971,2.88569,
5972,2.9566,
5973,2.82484,
5974,3.12275,
5975,2.80792,
5976,2.78361,
5977,3.00737,
5978,2.82655,
5979,2.70714,
5980,2.84549,
5981,3.10399,
5982,2.58222,
5983,2.64683,
5984,2.94401,
5985,2.6663,
5986,2.81588,
5987,2.78238,
5988,2.68412,
5989,2.63076,
5990,3.11994,
5991,3.04631,
5992,3.01584,
5993,2.93351,
5994,3.10808,
5995,3.00958,
5996,3.12792,
5997,2.99201,
5998,2.9863,
5999,3.05582,
6000,2.94282,
6001,2.98073,
6002,2.93512,
6003,2.92599,
6004,2.9908,
6005,2.67411,
6006,2.86752,
6007,2.90486,
6008,2.96773,
6009,2.93656,
6010,2.60137,
6011,2.86392,
6012,2.8733,
6013,2.80225,
6014,2.56944,
6015,2.71565,
6016,2.73687,
6017,2.76188,
6018,2.80067,
6019,2.51749,
6020,2.61232,
6021,2.59273,
6022,2.74589,
6023,2.8214,
6024,3.40532,
6025,3.29829,
6026,3.1322,
6027,3.03468,
6028,3.20015,
6029,3.2139,
6030,2.93807,
6031,3.12173,
6032,3.0005,
6033,2.972,
6034,2.88566,
6035,3.18297,
6036,3.0427,
6037,2.95768,
6038,3.08278,
6039,3.16286,
6040,3.0285,
6041,3.02731,
6042,2.93612,
6043,3.07373,
6044,3.00407,
6045,2.87873,
6046,2.8358,
6047,2.87322,
6048,3.0003,
6049,3.123,
6050,3.12942,
6051,3.01941,
6052,3.08007,
6053,2.95713,
6054,2.99498,
6055,3.1695,
6056,3.07736,
6057,3.00538,
6058,3.02815,
6059,3.02631,
6060,2.81149,
6061,2.91939,
6062,2.96756,
6063,3.09263,
6064,2.82154,
6065,2.86481,
6066,2.82922,
6067,2.99157,
6068,3.02054,
6069,2.97825,
6070,2.73125,
6071,2.92617,
6072,2.8489,
6073,2.76949,
6074,2.91952,
6075,3.05728,
6076,2.91078,
6077,2.84479,
6078,2.92979,
6079,2.97741,
6080,2.92892,
6081,2.89231,
6082,2.78348,
6083,2.815,
6084,2.79401,
6085,2.92937,
6086,2.65178,
6087,2.6738,
6088,2.71415,
6089,2.76572,
6090,2.82867,
6091,2.78651,
6092,2.61624,
6093,2.75179,
6094,2.66003,
6095,2.79923,
6096,2.64448,
6097,2.73268,
6098,2.9087,
6099,2.83524,
6100,2.87612,
6101,2.57753,
6102,2.75519,
6103,2.73853,
6104,2.7774,
6105,2.89314,
6106,2.60096,
6107,2.71577,
6108,2.56224,
6109,2.52891,
6110,2.76501,
6111,2.74912,
6112,2.72022,
6113,2.6496,
6114,2.91202,
6115,2.74902,
6116,3.0501,
6117,3.02902,
6118,3.08766,
6119,3.01527,
6120,3.01541,
6121,3.29161,
6122,3.00024,
6123,2.87567,
6124,3.07749,
6125,2.88706,
6126,3.03853,
6127,3.14563,
6128,2.97755,
6129,2.95703,
6130,2.99397,
6131,2.71777,
6132,2.96271,
6133,2.91259,
6134,2.77008,
6135,2.89214,
6136,2.88356,
6137,2.73175,
6138,2.86861,
6139,2.894,
6140,2.72229,
6141,2.8235,
6142,2.92773,
6143,3.10247,
6144,2.8584,
6145,2.92779,
6146,2.80888,
6147,3.1916,
6148,3.25457,
6149,3.29248,
6150,3.25466,
6151,3.25907,
6152,3.21388,
6153,3.16919,
6154,3.2589,
6155,3.1347,
6156,3.16389,
6157,3.20824,
6158,3.22273,
6159,3.03692,
6160,3.19367,
6161,3.15651,
6162,3.19663,
6163,3.24368,
6164,3.12021,
6165,3.14436,
6166,3.11108,
6167,3.20007,
6168,3.18698,
6169,3.28085,
6170,2.78006,
6171,2.87417,
6172,2.70529,
6173,2.59081,
6174,2.63558,
6175,2.60956,
6176,2.88422,
6177,2.4175,
6178,2.69769,
6179,2.62276,
6180,2.69702,
6181,2.71917,
6182,2.49894,
6183,2.50617,
6184,2.755,
6185,2.90302,
6186,2.83566,
6187,2.56879,
6188,2.57418,
6189,3.16496,
6190,3.22536,
6191,3.14369,
6192,3.18309,
6193,3.12668,
6194,3.11824,
6195,3.06986,
6196,2.83746,
6197,2.96639,
6198,3.06248,
6199,2.90536,
6200,3.01432,
6201,3.08591,
6202,3.15924,
6203,3.03155,
6204,2.89324,
6205,2.77584,
6206,2.93884,
6207,2.90984,
6208,2.87563,
6209,2.66201,
6210,2.71631,
6211,2.61638,
6212,2.81906,
6213,2.92236,
6214,2.74318,
6215,3.0536,
6216,2.98607,
6217,3.01172,
6218,2.95442,
6219,3.13648,
6220,2.93433,
6221,2.83104,
6222,2.99315,
6223,2.73917,
6224,2.74929,
6225,2.76947,
6226,2.9348,
6227,2.95881,
6228,2.83783,
6229,2.67436,
6230,2.62599,
6231,2.59529,
6232,2.43542,
6233,2.5898,
6234,2.5857,
6235,2.80816,
6236,2.49235,
6237,2.60573,
6238,2.60277,
6239,2.8905,
6240,2.72146,
6241,2.94938,
6242,2.61309,
6243,3.14541,
6244,2.80822,
6245,3.11658,
6246,3.35268,
6247,3.05327,
6248,3.22307,
6249,3.08091,
6250,3.03281,
6251,3.08879,
6252,3.06599,
6253,2.89339,
6254,2.74319,
6255,2.77097,
6256,2.89409,
6257,2.88099,
6258,2.89321,
6259,2.89063,
6260,2.7821,
6261,2.94071,
6262,2.70158,
6263,3.02945,
6264,2.97092,
6265,2.6965,
6266,2.655,
6267,2.90385,
6268,2.62008,
6269,2.66551,
6270,2.64382,
6271,2.50298,
6272,2.56018,
6273,2.61551,
6274,3.17145,
6275,3.14935,
6276,3.31226,
6277,3.28106,
6278,3.27859,
6279,3.15214,
6280,2.88429,
6281,2.98234,
6282,2.93018,
6283,3.06213,
6284,3.29471,
6285,3.08113,
6286,3.06361,
6287,2.88191,
6288,2.83337,
6289,3.16526,
6290,3.1491,
6291,3.22622,
6292,2.97814,
6293,3.22866,
6294,2.84294,
6295,2.92541,
6296,2.94475,
6297,3.15633,
6298,2.92562,
6299,2.93624,
6300,2.85625,
6301,2.83414,
6302,3.02228,
6303,2.76131,
6304,2.77828,
6305,2.91762,
6306,2.91182,
6307,2.95684,
6308,2.83423,
6309,2.90834,
6310,2.80149,
6311,2.8499,
6312,2.73908,
6313,2.786,
6314,2.83907,
6315,2.60642,
6316,2.64492,
6317,2.88008,
6318,2.76445,
6319,3.2351,
6320,3.26799,
6321,3.20279,
6322,3.30821,
6323,3.22942,
6324,3.16759,
6325,3.05094,
6326,3.07011,
6327,2.84926,
6328,2.92221,
6329,2.85543,
6330,2.84352,
6331,3.11989,
6332,3.09844,
6333,2.97063,
6334,3.15526,
6335,3.06909,
6336,2.75582,
6337,2.83738,
6338,2.89675,
6339,2.785,
6340,2.89703,
6341,3.04433,
6342,2.98583,
6343,3.11072,
6344,3.23922,
6345,3.16351,
6346,2.64176,
6347,2.81076,
6348,2.98883,
6349,3.07296,
6350,3.10178,
6351,3.10494,
6352,3.19475,
6353,3.11659,
6354,3.1882,
6355,2.96261,
6356,2.88686,
6357,3.1209,
6358,2.79738,
6359,3.0259,
6360,3.05675,
6361,2.95382,
6362,2.93969,
6363,2.94921,
6364,3.21881,
6365,3.02449,
6366,3.17826,
6367,2.99794,
6368,3.1737,
6369,3.08772,
6370,3.08617,
6371,2.93533,
6372,2.97716,
6373,2.93192,
6374,2.79189,
6375,2.90035,
6376,2.79748,
6377,2.91798,
6378,2.88992,
6379,2.99943,
6380,2.6886,
6381,2.90036,
6382,3.03318,
6383,3.02715,
6384,2.86959,
6385,2.85683,
6386,3.0526,
6387,2.84295,
6388,3.01137,
6389,2.10744,
6390,3.14233,
6391,3.09197,
6392,3.21167,
6393,3.36601,
6394,3.48094,
6395,3.14418,
6396,3.2009,
6397,3.02024,
6398,3.18303,
6399,3.15835,
6400,3.14131,
6401,3.10388,
6402,2.89688,
6403,2.91906,
6404,2.98366,
6405,3.14045,
6406,2.88795,
6407,3.09581,
6408,3.15306,
6409,2.97148,
6410,2.95622,
6411,2.96715,
6412,3.13822,
6413,3.13506,
6414,3.11872,
6415,3.10701,
6416,3.05255,
6417,2.93845,
6418,3.1904,
6419,3.18281,
6420,2.87689,
6421,3.03779,
6422,2.88829,
6423,2.79806,
6424,2.77814,
6425,2.62845,
6426,3.00655,
6427,2.86632,
6428,2.7695,
6429,2.88682,
6430,2.99597,
6431,2.83565,
6432,2.74442,
6433,2.77245,
6434,2.70823,
6435,2.95065,
6436,2.79284,
6437,2.86353,
6438,3.01387,
6439,2.84326,
6440,3.03757,
6441,3.04105,
6442,2.94499,
6443,2.92095,
6444,2.92126,
6445,3.11699,
6446,2.96647,
6447,2.94804,
6448,2.97937,
6449,3.07745,
6450,2.83098,
6451,2.60814,
6452,2.88485,
6453,2.78345,
6454,2.88238,
6455,2.8526,
6456,2.57927,
6457,2.9366,
6458,2.98835,
6459,2.93392,
6460,2.83314,
6461,2.79708,
6462,3.00868,
6463,2.79393,
6464,2.55582,
6465,2.85394,
6466,2.89011,
6467,3.0266,
6468,2.84636,
6469,2.72735,
6470,2.86148,
6471,2.80175,
6472,2.7054,
6473,2.81774,
6474,2.87892,
6475,3.14194,
6476,3.08799,
6477,3.08826,
6478,2.85589,
6479,2.92032,
6480,2.85474,
6481,3.06062,
6482,3.0094,
6483,3.04072,
6484,2.99246,
6485,3.14975,
6486,2.89002,
6487,3.01453,
6488,2.88857,
6489,2.76188,
6490,3.01642,
6491,2.94794,
6492,3.09658,
6493,2.93534,
6494,2.62644,
6495,2.70647,
6496,2.87094,
6497,2.73254,
6498,2.76282,
6499,2.60309,
6500,2.7555,
6501,2.97882,
6502,3.12943,
6503,2.98096,
6504,3.07148,
6505,3.06471,
6506,3.05095,
6507,2.95777,
6508,3.08232,
6509,3.08341,
6510,3.08618,
6511,2.9857,
6512,2.97518,
6513,2.98619,
6514,2.89211,
6515,3.03038,
6516,2.68864,
6517,2.8027,
6518,2.96758,
6519,2.84509,
6520,2.90102,
6521,2.68424,
6522,2.80063,
6523,2.98998,
6524,2.68717,
6525,2.79094,
6526,2.72096,
6527,2.72728,
6528,2.86773,
6529,2.65682,
6530,2.70859,
6531,2.71902,
6532,2.85227,
6533,2.78111,
6534,2.91394,
6535,2.94374,
6536,2.89087,
6537,2.74273,
6538,2.81172,
6539,2.86445,
6540,2.89717,
6541,2.76217,
6542,3.05778,
6543,2.99486,
6544,2.97323,
6545,3.02451,
6546,2.97334,
6547,2.83194,
6548,2.95688,
6549,2.87977,
6550,2.93481,
6551,2.94452,
6552,3.08128,
6553,3.22463,
6554,3.08926,
6555,2.96005,
6556,2.919,
6557,2.81898,
6558,2.84325,
6559,2.78103,
6560,2.83728,
6561,2.70005,
6562,2.87455,
6563,2.78746,
6564,2.93618,
6565,2.76268,
6566,2.89288,
6567,3.02318,
6568,3.04351,
6569,3.20999,
6570,2.84518,
6571,2.68978,
6572,2.93766,
6573,2.63371,
6574,2.93097,
6575,3.02256,
6576,3.20633,
6577,3.15645,
6578,3.16265,
6579,2.85311,
6580,3.12472,
6581,2.97308,
6582,2.97718,
6583,2.95268,
6584,3.09507,
6585,2.85278,
6586,3.08117,
6587,2.70827,
6588,3.04914,
6589,3.03015,
6590,3.17855,
6591,2.91308,
6592,3.03062,
6593,3.07649,
6594,2.81188,
6595,3.03962,
6596,2.72217,
6597,2.8302,
6598,2.89702,
6599,3.13136,
6600,3.12342,
6601,2.67764,
6602,2.94131,
6603,2.87455,
6604,2.97025,
6605,2.99072,
6606,3.1803,
6607,3.02358,
6608,2.88875,
6609,2.98268,
6610,3.01975,
6611,2.86357,
6612,2.81922,
6613,2.74743,
6614,3.1126,
6615,3.21604,
6616,3.16322,
6617,3.10223,
6618,3.03053,
6619,3.01061,
6620,2.82696,
6621,3.11935,
6622,2.94516,
6623,3.00653,
6624,2.96449,
6625,2.94747,
6626,2.93592,
6627,3.05232,
6628,3.00105,
6629,2.89464,
6630,3.0064,
6631,3.08574,
6632,2.84295,
6633,3.20491,
6634,3.0257,
6635,2.88081,
6636,2.76368,
6637,3.0375,
6638,2.96674,
6639,2.91298,
6640,2.85737,
6641,3.05612,
6642,2.83447,
6643,2.76911,
6644,2.9052,
6645,2.82731,
6646,2.8962,
6647,3.02301,
6648,3.09088,
6649,2.93275,
6650,2.86569,
6651,2.80201,
6652,3.00179,
6653,3.06316,
6654,2.64197,
6655,2.92139,
6656,2.88286,
6657,2.96403,
6658,3.02607,
6659,2.98348,
6660,2.7514,
6661,2.86828,
6662,2.99176,
6663,2.64548,
6664,2.71215,
6665,3.06775,
6666,2.90085,
6667,3.0064,
6668,2.78039,
6669,2.76453,
6670,2.94131,
6671,2.89652,
6672,2.84769,
6673,3.06632,
6674,2.98133,
6675,2.67185,
6676,2.86569,
6677,2.74065,
6678,2.90681,
6679,2.72801,
6680,2.8073,
6681,2.97991,
6682,2.9329,
6683,3.07586,
6684,3.10155,
6685,2.99132,
6686,3.06738,
6687,2.85677,
6688,2.93595,
6689,3.03556,
6690,2.97287,
6691,3.06033,
6692,3.1755,
6693,3.2577,
6694,4.0822,
6695,2.97434,
6696,2.92909,
6697,3.03813,
6698,2.99489,
6699,2.86545,
6700,3.01152,
6701,2.94543,
6702,2.9625,
6703,2.91539,
6704,3.3512,
6705,2.98192,
6706,2.93892,
6707,2.56419,
6708,2.7393,
6709,2.99989,
6710,2.97904,
6711,3.06515,
6712,3.17554,
6713,2.95963,
6714,3.00394,
6715,3.01808,
6716,2.97792,
6717,3.21382,
6718,2.98085,
6719,2.97637,
6720,3.07635,
6721,3.05081,
6722,2.96992,
6723,2.89599,
6724,2.88827,
6725,2.86926,
6726,2.93639,
6727,2.81938,
6728,2.62034,
6729,2.93737,
6730,2.83133,
6731,2.64858,
6732,2.75075,
6733,2.81067,
6734,2.90411,
6735,2.91926,
6736,2.8326,
6737,2.89961,
6738,2.60311,
6739,2.86322,
6740,2.57647,
6741,2.94712,
6742,2.75157,
6743,2.81911,
6744,2.8572,
6745,2.83544,
6746,2.84348,
6747,2.83354,
6748,2.80817,
6749,2.66696,
6750,2.86279,
6751,2.79626,
6752,2.58665,
6753,2.67067,
6754,2.62746,
6755,2.83978,
6756,2.82046,
6757,2.79627,
6758,2.81247,
6759,2.86437,
6760,2.90244,
6761,2.62184,
6762,2.98809,
6763,2.83704,
6764,2.85139,
6765,2.80663,
6766,2.98179,
6767,3.1084,
6768,3.07575,
6769,2.82823,
6770,2.75152,
6771,3.12007,
6772,2.91269,
6773,2.93903,
6774,2.84221,
6775,2.73616,
6776,2.77458,
6777,2.9573,
6778,2.5111,
6779,2.60677,
6780,2.43892,
6781,2.68027,
6782,2.77295,
6783,2.88362,
6784,2.88461,
6785,2.90854,
6786,2.82129,
6787,2.65526,
6788,2.72652,
6789,2.83255,
6790,3.0315,
6791,2.79392,
6792,2.77227,
6793,2.44359,
6794,2.48237,
6795,2.95186,
6796,2.6301,
6797,2.83434,
6798,2.62334,
6799,2.79611,
6800,2.58583,
6801,2.61031,
6802,2.60961,
6803,2.66768,
6804,2.61144,
6805,2.56292,
6806,2.6605,
6807,2.89709,
6808,2.53966,
6809,2.8408,
6810,2.82345,
6811,3.17396,
6812,3.16892,
6813,3.09251,
6814,3.18829,
6815,3.12984,
6816,3.09693,
6817,2.91832,
6818,2.66849,
6819,2.98324,
6820,2.79481,
6821,2.8029,
6822,3.04653,
6823,2.89028,
6824,3.0014,
6825,2.89803,
6826,2.86987,
6827,2.75772,
6828,2.84678,
6829,2.96376,
6830,2.90969,
6831,2.89965,
6832,2.85472,
6833,2.73649,
6834,3.05042,
6835,2.78171,
6836,2.76181,
6837,2.89532,
6838,2.8773,
6839,2.77291,
6840,3.18548,
6841,3.02433,
6842,3.172,
6843,2.99197,
6844,3.11117,
6845,3.02283,
6846,2.95795,
6847,2.97666,
6848,2.9316,
6849,2.91691,
6850,2.97606,
6851,2.95733,
6852,2.87905,
6853,2.69863,
6854,2.86431,
6855,2.84012,
6856,2.84686,
6857,2.5724,
6858,2.70268,
6859,2.51724,
6860,2.80174,
6861,2.84417,
6862,2.61085,
6863,2.7503,
6864,2.65475,
6865,2.8565,
6866,2.67895,
6867,2.74795,
6868,2.81085,
6869,2.97985,
6870,2.98643,
6871,2.9692,
6872,2.9457,
6873,3.02114,
6874,2.96414,
6875,3.07893,
6876,3.01105,
6877,3.01239,
6878,3.02053,
6879,2.89322,
6880,2.90795,
6881,2.65848,
6882,2.94579,
6883,2.87697,
6884,2.99183,
6885,2.90128,
6886,2.77092,
6887,2.86665,
6888,2.76736,
6889,2.80083,
6890,2.94368,
6891,3.01337,
6892,2.79546,
6893,2.77801,
6894,2.82176,
6895,3.06906,
6896,3.03499,
6897,3.14271,
6898,2.92562,
6899,3.0987,
6900,2.93396,
6901,3.06457,
6902,3.18176,
6903,2.92784,
6904,2.82086,
6905,2.7524,
6906,3.04246,
6907,3.0463,
6908,2.87903,
6909,2.94531,
6910,2.91124,
6911,3.09722,
6912,2.98474,
6913,3.20437,
6914,2.77007,
6915,2.84423,
6916,2.66464,
6917,2.85327,
6918,2.87474,
6919,2.83864,
6920,2.81732,
6921,3.00859,
6922,2.93212,
6923,2.87469,
6924,2.6431,
6925,2.78193,
6926,2.83038,
6927,2.84328,
6928,2.75523,
6929,3.17191,
6930,3.08858,
6931,3.14676,
6932,3.00359,
6933,2.8901,
6934,3.07022,
6935,2.79954,
6936,3.07283,
6937,3.08306,
6938,3.02608,
6939,3.04958,
6940,3.25111,
6941,3.34881,
6942,2.95745,
6943,3.03411,
6944,3.0014,
6945,3.13644,
6946,3.21879,
6947,2.99766,
6948,2.95101,
6949,2.9423,
6950,2.80778,
6951,2.91493,
6952,2.94184,
6953,2.95339,
6954,2.77303,
6955,2.78144,
6956,2.93451,
6957,3.33205,
6958,3.40621,
6959,3.3685,
6960,3.34773,
6961,3.30178,
6962,3.32646,
6963,3.25044,
6964,3.27314,
6965,3.24226,
6966,3.25237,
6967,3.26362,
6968,3.22634,
6969,3.22646,
6970,3.12757,
6971,3.23815,
6972,3.25819,
6973,3.17664,
6974,3.11993,
6975,3.04272,
6976,2.99811,
6977,3.25715,
6978,3.07629,
6979,3.01662,
6980,3.0299,
6981,3.04927,
6982,2.91213,
6983,3.11861,
6984,2.86624,
6985,2.93284,
6986,2.99075,
6987,2.81898,
6988,2.67449,
6989,2.99083,
6990,3.1667,
6991,3.00142,
6992,2.77663,
6993,2.93461,
6994,2.9539,
6995,2.87546,
6996,2.89089,
6997,2.99249,
6998,2.80435,
6999,2.91017,
7000,2.84161,
7001,2.81917,
7002,3.07804,
7003,2.99638,
7004,2.9541,
7005,2.98848,
7006,2.86493,
7007,2.82558,
7008,2.74925,
7009,2.82089,
7010,2.97554,
7011,2.83994,
7012,2.76869,
7013,2.98512,
7014,2.82808,
7015,2.75295,
7016,2.87885,
7017,2.71503,
7018,2.68445,
7019,2.91577,
7020,2.65263,
7021,2.6775,
7022,2.74778,
7023,2.84339,
7024,2.74248,
7025,2.67865,
7026,2.79951,
7027,2.71306,
7028,2.87272,
7029,2.86202,
7030,2.93768,
7031,2.93857,
7032,2.88871,
7033,2.76174,
7034,2.94106,
7035,2.70175,
7036,2.82965,
7037,2.89622,
7038,2.78315,
7039,3.06209,
7040,2.75983,
7041,2.71224,
7042,2.91678,
7043,2.75523,
7044,2.65825,
7045,2.8031,
7046,3.07636,
7047,2.54455,
7048,2.58353,
7049,2.90297,
7050,2.62243,
7051,2.75492,
7052,2.72395,
7053,2.62244,
7054,2.57302,
7055,3.02792,
7056,2.95781,
7057,2.95959,
7058,2.87006,
7059,3.06603,
7060,2.9597,
7061,3.07277,
7062,2.94774,
7063,2.91099,
7064,3.00903,
7065,2.89553,
7066,2.93289,
7067,2.88131,
7068,2.88395,
7069,2.95184,
7070,2.62999,
7071,2.82588,
7072,2.86596,
7073,2.93519,
7074,2.89705,
7075,2.55652,
7076,2.81994,
7077,2.83094,
7078,2.75816,
7079,2.51162,
7080,2.6619,
7081,2.70574,
7082,2.71972,
7083,2.76105,
7084,2.45419,
7085,2.58197,
7086,2.56901,
7087,2.70236,
7088,2.77944,
7089,3.30722,
7090,3.24316,
7091,3.05576,
7092,2.98938,
7093,3.1492,
7094,3.15372,
7095,2.87574,
7096,3.02945,
7097,2.92781,
7098,2.90137,
7099,2.84162,
7100,3.13124,
7101,2.98097,
7102,2.90548,
7103,3.01837,
7104,3.09058,
7105,2.95486,
7106,2.97807,
7107,2.86949,
7108,2.98515,
7109,2.93699,
7110,2.83858,
7111,2.79098,
7112,2.82544,
7113,2.91873,
7114,3.06549,
7115,3.07086,
7116,2.94797,
7117,3.02073,
7118,2.90962,
7119,2.9495,
7120,3.10519,
7121,3.02214,
7122,2.94241,
7123,2.96815,
7124,2.97517,
7125,2.76696,
7126,2.86903,
7127,2.90846,
7128,3.04349,
7129,2.77001,
7130,2.83119,
7131,2.80298,
7132,2.9386,
7133,2.95191,
7134,2.94202,
7135,2.69285,
7136,2.8784,
7137,2.8052,
7138,2.72456,
7139,2.88376,
7140,3.02674,
7141,2.86893,
7142,2.75133,
7143,2.87398,
7144,2.93786,
7145,2.88428,
7146,2.82298,
7147,2.727,
7148,2.76326,
7149,2.7453,
7150,2.87357,
7151,2.59642,
7152,2.62462,
7153,2.66774,
7154,2.71764,
7155,2.78326,
7156,2.73006,
7157,2.55863,
7158,2.70972,
7159,2.62269,
7160,2.75286,
7161,2.60867,
7162,2.67675,
7163,2.86441,
7164,2.78401,
7165,2.82075,
7166,2.51573,
7167,2.70641,
7168,2.67936,
7169,2.72864,
7170,2.85077,
7171,2.55278,
7172,2.67934,
7173,2.52775,
7174,2.48516,
7175,2.72873,
7176,2.69008,
7177,2.65753,
7178,2.60654,
7179,2.87782,
7180,2.68982,
7181,2.93259,
7182,2.97486,
7183,3.03857,
7184,2.96958,
7185,2.95569,
7186,3.24092,
7187,2.9393,
7188,2.84683,
7189,3.03673,
7190,2.84876,
7191,2.98414,
7192,3.07566,
7193,2.93921,
7194,2.91493,
7195,2.93437,
7196,2.66786,
7197,2.9067,
7198,2.86442,
7199,2.71165,
7200,2.85506,
7201,2.83732,
7202,2.67739,
7203,2.82352,
7204,2.86342,
7205,2.68842,
7206,2.76662,
7207,2.87451,
7208,3.03892,
7209,2.81537,
7210,2.86553,
7211,2.75338,
7212,3.13254,
7213,3.21913,
7214,3.2385,
7215,3.21275,
7216,3.22663,
7217,3.17094,
7218,3.12661,
7219,3.20151,
7220,3.0886,
7221,3.11736,
7222,3.16056,
7223,3.17457,
7224,3.00469,
7225,3.14574,
7226,3.1161,
7227,3.16277,
7228,3.20771,
7229,3.06932,
7230,3.102,
7231,3.0661,
7232,3.1566,
7233,3.10266,
7234,3.22436,
7235,2.75421,
7236,2.80828,
7237,2.66641,
7238,2.54913,
7239,2.58457,
7240,2.55844,
7241,2.81856,
7242,2.37902,
7243,2.64693,
7244,2.55203,
7245,2.65617,
7246,2.67457,
7247,2.44247,
7248,2.46458,
7249,2.70711,
7250,2.86307,
7251,2.77841,
7252,2.49788,
7253,2.50991,
7254,3.09766,
7255,3.16325,
7256,3.07434,
7257,3.10928,
7258,3.07312,
7259,3.0662,
7260,3.01406,
7261,2.77264,
7262,2.89375,
7263,3.01739,
7264,2.85208,
7265,2.9529,
7266,3.03173,
7267,3.10732,
7268,2.98256,
7269,2.8273,
7270,2.72616,
7271,2.89278,
7272,2.8635,
7273,2.825,
7274,2.63174,
7275,2.66991,
7276,2.57793,
7277,2.77639,
7278,2.85556,
7279,2.70335,
7280,2.97882,
7281,2.90417,
7282,2.93351,
7283,2.89175,
7284,3.07136,
7285,2.85586,
7286,2.76603,
7287,2.92932,
7288,2.68732,
7289,2.70853,
7290,2.7238,
7291,2.88752,
7292,2.91454,
7293,2.79157,
7294,2.63341,
7295,2.58206,
7296,2.54677,
7297,2.38672,
7298,2.53999,
7299,2.54327,
7300,2.7429,
7301,2.44068,
7302,2.55299,
7303,2.55571,
7304,2.85716,
7305,2.69029,
7306,2.9049,
7307,2.56856,
7308,3.10379,
7309,2.75252,
7310,3.04641,
7311,3.26628,
7312,3.00168,
7313,3.17289,
7314,3.02268,
7315,2.96087,
7316,3.03837,
7317,3.0049,
7318,2.84566,
7319,2.70093,
7320,2.70836,
7321,2.83141,
7322,2.8379,
7323,2.84862,
7324,2.82916,
7325,2.75208,
7326,2.88254,
7327,2.64495,
7328,2.97212,
7329,2.91604,
7330,2.65784,
7331,2.59436,
7332,2.86243,
7333,2.56801,
7334,2.63441,
7335,2.60176,
7336,2.44717,
7337,2.52422,
7338,2.5695,
7339,3.09498,
7340,3.06303,
7341,3.24028,
7342,3.22055,
7343,3.2048,
7344,3.09105,
7345,2.81341,
7346,2.92204,
7347,2.86522,
7348,3.01048,
7349,3.2457,
7350,2.99093,
7351,3.01757,
7352,2.81964,
7353,2.79178,
7354,3.13181,
7355,3.09565,
7356,3.1814,
7357,2.92653,
7358,3.17804,
7359,2.8059,
7360,2.87757,
7361,2.89687,
7362,3.10521,
7363,2.86323,
7364,2.89034,
7365,2.81751,
7366,2.8007,
7367,2.98722,
7368,2.7044,
7369,2.73463,
7370,2.87759,
7371,2.87775,
7372,2.91303,
7373,2.78694,
7374,2.85735,
7375,2.75724,
7376,2.77887,
7377,2.68506,
7378,2.71407,
7379,2.79407,
7380,2.56296,
7381,2.59985,
7382,2.84846,
7383,2.70384,
7384,3.1633,
7385,3.20393,
7386,3.1515,
7387,3.27042,
7388,3.16878,
7389,3.10163,
7390,2.99182,
7391,3.0439,
7392,2.81196,
7393,2.86404,
7394,2.82206,
7395,2.80203,
7396,3.0689,
7397,3.0509,
7398,2.93475,
7399,3.0814,
7400,3.04829,
7401,2.72731,
7402,2.80967,
7403,2.84876,
7404,2.72017,
7405,2.83867,
7406,2.99604,
7407,2.95842,
7408,3.06741,
7409,3.19645,
7410,3.12645,
7411,2.60765,
7412,2.77959,
7413,2.93141,
7414,3.01325,
7415,3.05598,
7416,3.06522,
7417,3.13636,
7418,3.06283,
7419,3.14409,
7420,2.92576,
7421,2.86068,
7422,3.09494,
7423,2.74691,
7424,2.97278,
7425,3.01414,
7426,2.89765,
7427,2.89659,
7428,2.92011,
7429,3.17499,
7430,2.99813,
7431,3.11443,
7432,2.94065,
7433,3.10824,
7434,3.03997,
7435,3.01498,
7436,2.892,
7437,2.93888,
7438,2.89119,
7439,2.7329,
7440,2.86133,
7441,2.76293,
7442,2.89098,
7443,2.84616,
7444,2.96052,
7445,2.66205,
7446,2.85681,
7447,2.95973,
7448,2.96378,
7449,2.79045,
7450,2.80426,
7451,3.00631,
7452,2.78472,
7453,2.95569,
7454,1.95459,
7455,3.04655,
7456,3.04664,
7457,3.14056,
7458,3.26054,
7459,3.41213,
7460,3.08553,
7461,3.11129,
7462,2.97174,
7463,3.10861,
7464,3.07987,
7465,3.09817,
7466,3.06368,
7467,2.87202,
7468,2.8797,
7469,2.91387,
7470,3.08544,
7471,2.82676,
7472,3.03902,
7473,3.09084,
7474,2.91968,
7475,2.90432,
7476,2.89151,
7477,3.05674,
7478,3.06375,
7479,3.08023,
7480,3.03534,
7481,3.02069,
7482,2.86842,
7483,3.13869,
7484,3.13139,
7485,2.83686,
7486,2.9968,
7487,2.85495,
7488,2.7506,
7489,2.73619,
7490,2.5951,
7491,2.9525,
7492,2.80013,
7493,2.72396,
7494,2.85252,
7495,2.9585,
7496,2.79783,
7497,2.71713,
7498,2.73389,
7499,2.66607,
7500,2.9209,
7501,2.75181,
7502,2.81408,
7503,2.9626,
7504,2.80473,
7505,2.963,
7506,2.95911,
7507,2.84588,
7508,2.87554,
7509,2.86742,
7510,3.06039,
7511,2.91534,
7512,2.90226,
7513,2.92123,
7514,2.98972,
7515,2.78832,
7516,2.59251,
7517,2.85441,
7518,2.74707,
7519,2.83064,
7520,2.79767,
7521,2.55781,
7522,2.89108,
7523,2.94318,
7524,2.89131,
7525,2.77757,
7526,2.755,
7527,2.96026,
7528,2.76124,
7529,2.49727,
7530,2.80301,
7531,2.83578,
7532,2.97558,
7533,2.7857,
7534,2.68269,
7535,2.81158,
7536,2.74227,
7537,2.66411,
7538,2.78001,
7539,2.8124,
7540,3.0735,
7541,3.03142,
7542,3.02063,
7543,2.78156,
7544,2.86518,
7545,2.81784,
7546,3.00336,
7547,2.96267,
7548,2.96986,
7549,2.93607,
7550,3.09379,
7551,2.85676,
7552,2.95666,
7553,2.84895,
7554,2.72857,
7555,2.98015,
7556,2.90292,
7557,3.04771,
7558,2.88127,
7559,2.58553,
7560,2.679,
7561,2.82103,
7562,2.693,
7563,2.71987,
7564,2.56618,
7565,2.71853,
7566,2.95065,
7567,3.05502,
7568,2.91477,
7569,3.04647,
7570,3.00627,
7571,2.9925,
7572,2.88441,
7573,3.03611,
7574,3.02143,
7575,3.02193,
7576,2.93069,
7577,2.93478,
7578,2.93158,
7579,2.85218,
7580,2.98837,
7581,2.64888,
7582,2.75475,
7583,2.9257,
7584,2.81,
7585,2.86024,
7586,2.63816,
7587,2.76367,
7588,2.93956,
7589,2.64302,
7590,2.74657,
7591,2.68737,
7592,2.66488,
7593,2.82762,
7594,2.60634,
7595,2.67543,
7596,2.67647,
7597,2.81028,
7598,2.74451,
7599,2.88223,
7600,2.89951,
7601,2.86141,
7602,2.67457,
7603,2.76161,
7604,2.7959,
7605,2.84718,
7606,2.70287,
7607,2.99973,
7608,2.9316,
7609,2.93067,
7610,2.97097,
7611,2.9471,
7612,2.79354,
7613,2.91683,
7614,2.84278,
7615,2.89824,
7616,2.89837,
7617,3.05503,
7618,3.16123,
7619,3.03245,
7620,2.91701,
7621,2.88959,
7622,2.78831,
7623,2.7931,
7624,2.71557,
7625,2.76935,
7626,2.64266,
7627,2.82098,
7628,2.72328,
7629,2.88622,
7630,2.72479,
7631,2.87478,
7632,2.99692,
7633,3.00223,
7634,3.15893,
7635,2.805,
7636,2.63801,
7637,2.89749,
7638,2.61584,
7639,2.89737,
7640,2.94551,
7641,3.10102,
7642,3.09877,
7643,3.12595,
7644,2.80639,
7645,3.08357,
7646,2.93686,
7647,2.92938,
7648,2.90415,
7649,3.03396,
7650,2.81359,
7651,3.0379,
7652,2.66511,
7653,2.99509,
7654,2.97212,
7655,3.12156,
7656,2.87197,
7657,2.98574,
7658,3.04535,
7659,2.78499,
7660,2.99281,
7661,2.67785,
7662,2.78911,
7663,2.85913,
7664,3.09382,
7665,3.08104,
7666,2.6376,
7667,2.9032,
7668,2.84531,
7669,2.927,
7670,2.94974,
7671,3.14104,
7672,2.95861,
7673,2.82888,
7674,2.94008,
7675,2.98474,
7676,2.78198,
7677,2.77497,
7678,2.69795,
7679,3.01785,
7680,3.14775,
7681,3.11385,
7682,3.04274,
7683,2.98077,
7684,2.96889,
7685,2.77425,
7686,3.03327,
7687,2.89718,
7688,2.9694,
7689,2.9093,
7690,2.89365,
7691,2.89144,
7692,3.01374,
7693,2.98275,
7694,2.87483,
7695,2.95785,
7696,3.03584,
7697,2.79023,
7698,3.16921,
7699,2.98708,
7700,2.83887,
7701,2.71701,
7702,2.98484,
7703,2.92312,
7704,2.85199,
7705,2.80601,
7706,3.0256,
7707,2.79247,
7708,2.73273,
7709,2.86017,
7710,2.76886,
7711,2.813,
7712,2.97677,
7713,3.02853,
7714,2.87306,
7715,2.8185,
7716,2.75753,
7717,2.93739,
7718,3.02255,
7719,2.6095,
7720,2.88123,
7721,2.84047,
7722,2.93368,
7723,2.98345,
7724,2.93964,
7725,2.72349,
7726,2.83368,
7727,2.92149,
7728,2.5852,
7729,2.65352,
7730,3.02291,
7731,2.84857,
7732,2.95791,
7733,2.726,
7734,2.69714,
7735,2.89145,
7736,2.8344,
7737,2.77867,
7738,3.01626,
7739,2.92632,
7740,2.6326,
7741,2.81307,
7742,2.69208,
7743,2.85305,
7744,2.70017,
7745,2.73815,
7746,2.90857,
7747,2.86592,
7748,3.02188,
7749,3.05561,
7750,2.93914,
7751,3.02886,
7752,2.81162,
7753,2.89665,
7754,2.98422,
7755,2.93506,
7756,3.0308,
7757,3.11862,
7758,3.20279,
7759,3.99445,
7760,2.90931,
7761,2.88967,
7762,2.96302,
7763,2.94081,
7764,2.82142,
7765,2.95814,
7766,2.89083,
7767,2.91325,
7768,2.86588,
7769,3.30952,
7770,2.9325,
7771,2.9053,
7772,2.52216,
7773,2.69764,
7774,2.96475,
7775,2.94362,
7776,3.0178,
7777,3.13822,
7778,2.91332,
7779,2.92617,
7780,2.97807,
7781,2.93041,
7782,3.14062,
7783,2.91289,
7784,2.93239,
7785,3.02693,
7786,2.99744,
7787,2.9132,
7788,2.85294,
7789,2.8127,
7790,2.81385,
7791,2.89105,
7792,2.75659,
7793,2.58092,
7794,2.90641,
7795,2.7873,
7796,2.60028,
7797,2.70665,
7798,2.7652,
7799,2.86031,
7800,2.88582,
7801,2.80305,
7802,2.84295,
7803,2.55123,
7804,2.82366,
7805,2.54088,
7806,2.90271,
7807,2.7114,
7808,2.76812,
7809,2.79045,
7810,2.78605,
7811,2.79901,
7812,2.79397,
7813,2.75042,
7814,2.63684,
7815,2.81565,
7816,2.77101,
7817,2.52822,
7818,2.6227,
7819,2.57953,
7820,2.7912,
7821,2.78086,
7822,2.76293,
7823,2.77256,
7824,2.82964,
7825,2.8643,
7826,2.57157,
7827,2.95317,
7828,2.79206,
7829,2.8202,
7830,2.76484,
7831,2.93248,
7832,3.05985,
7833,3.01711,
7834,2.78902,
7835,2.69522,
7836,3.08098,
7837,2.89363,
7838,2.90356,
7839,2.80082,
7840,2.70332,
7841,2.72469,
7842,2.91292,
7843,2.44362,
7844,2.56563,
7845,2.40637,
7846,2.62039,
7847,2.73576,
7848,2.83726,
7849,2.8353,
7850,2.85849,
7851,2.78358,
7852,2.62177,
7853,2.69033,
7854,2.81012,
7855,2.97967,
7856,2.75708,
7857,2.73181,
7858,2.39767,
7859,2.44721,
7860,2.91103,
7861,2.57607,
7862,2.78876,
7863,2.59366,
7864,2.74731,
7865,2.53892,
7866,2.57425,
7867,2.58016,
7868,2.61637,
7869,2.56828,
7870,2.52558,
7871,2.62287,
7872,2.8404,
7873,2.50375,
7874,2.79865,
7875,2.75839,
7876,3.13804,
7877,3.10317,
7878,3.03836,
7879,3.14832,
7880,3.07807,
7881,3.02768,
7882,2.87877,
7883,2.63923,
7884,2.93533,
7885,2.7496,
7886,2.75682,
7887,2.99534,
7888,2.85407,
7889,2.96329,
7890,2.84677,
7891,2.82996,
7892,2.71579,
7893,2.79062,
7894,2.93085,
7895,2.87071,
7896,2.84738,
7897,2.81864,
7898,2.70983,
7899,3.01775,
7900,2.74696,
7901,2.71578,
7902,2.84363,
7903,2.82984,
7904,2.73418,
7905,3.14233,
7906,2.9791,
7907,3.09054,
7908,2.92819,
7909,3.06773,
7910,2.9897,
7911,2.91729,
7912,2.92467,
7913,2.89768,
7914,2.8841,
7915,2.93169,
7916,2.90373,
7917,2.81563,
7918,2.63506,
7919,2.80317,
7920,2.80744,
7921,2.81858,
7922,2.52722,
7923,2.65709,
7924,2.46241,
7925,2.76745,
7926,2.80371,
7927,2.57231,
7928,2.69386,
7929,2.63045,
7930,2.80775,
7931,2.6203,
7932,2.70121,
7933,2.71899,
7934,2.91703,
7935,2.92675,
7936,2.91765,
7937,2.89259,
7938,2.96012,
7939,2.91493,
7940,3.03295,
7941,2.97629,
7942,2.99165,
7943,2.98517,
7944,2.83693,
7945,2.86123,
7946,2.61383,
7947,2.89758,
7948,2.83029,
7949,2.95424,
7950,2.8554,
7951,2.72427,
7952,2.84884,
7953,2.71588,
7954,2.75489,
7955,2.89563,
7956,2.96551,
7957,2.74467,
7958,2.73921,
7959,2.7718,
7960,3.02291,
7961,2.97863,
7962,3.09941,
7963,2.88531,
7964,3.06063,
7965,2.87712,
7966,3.01041,
7967,3.12887,
7968,2.89434,
7969,2.78795,
7970,2.70448,
7971,2.99569,
7972,2.99885,
7973,2.8555,
7974,2.90782,
7975,2.87404,
7976,3.05486,
7977,2.95979,
7978,3.16344,
7979,2.74697,
7980,2.8035,
7981,2.6273,
7982,2.80568,
7983,2.84586,
7984,2.82404,
7985,2.80896,
7986,2.96608,
7987,2.89857,
7988,2.82886,
7989,2.59121,
7990,2.75046,
7991,2.78322,
7992,2.81315,
7993,2.73526,
7994,3.11909,
7995,3.03431,
7996,3.07082,
7997,2.94125,
7998,2.82087,
7999,3.0318,
8000,2.75971,
8001,3.03073,
8002,3.03023,
8003,2.96664,
8004,3.00497,
8005,3.21041,
8006,3.29284,
8007,2.91876,
8008,2.97526,
8009,2.9625,
8010,3.09445,
8011,3.17048,
8012,2.94553,
8013,2.91461,
8014,2.91027,
8015,2.7824,
8016,2.88052,
8017,2.90554,
8018,2.91839,
8019,2.71912,
8020,2.74359,
8021,2.89755,
8022,3.2573,
8023,3.3433,
8024,3.30366,
8025,3.3016,
8026,3.26054,
8027,3.29571,
8028,3.2029,
8029,3.23703,
8030,3.20231,
8031,3.21685,
8032,3.22567,
8033,3.17757,
8034,3.19625,
8035,3.0873,
8036,3.19562,
8037,3.21208,
8038,3.12764,
8039,3.10017,
8040,3.00356,
8041,2.92975,
8042,3.19317,
8043,3.03233,
8044,2.95129,
8045,2.98975,
8046,3.00529,
8047,2.85716,
8048,3.06484,
8049,2.82178,
8050,2.88131,
8051,2.967,
8052,2.78019,
8053,2.63641,
8054,2.95074,
8055,3.11833,
8056,2.95809,
8057,2.73959,
8058,2.89194,
8059,2.91681,
8060,2.82676,
8061,2.83601,
8062,2.93269,
8063,2.74076,
8064,2.84809,
8065,2.80409,
8066,2.77529,
8067,3.03624,
8068,2.95772,
8069,2.89523,
8070,2.93893,
8071,2.82239,
8072,2.79127,
8073,2.70928,
8074,2.78045,
8075,2.94554,
8076,2.79875,
8077,2.73107,
8078,2.95489,
8079,2.80422,
8080,2.72935,
8081,2.84577,
8082,2.67427,
8083,2.64282,
8084,2.88924,
8085,2.595,
8086,2.64853,
8087,2.70782,
8088,2.79501,
8089,2.70473,
8090,2.65388,
8091,2.75341,
8092,2.67504,
8093,2.8081,
8094,2.82023,
8095,2.89152,
8096,2.89263,
8097,2.83604,
8098,2.71141,
8099,2.89647,
8100,2.68645,
8101,2.79489,
8102,2.85638,
8103,2.75016,
8104,3.0235,
8105,2.71613,
8106,2.6611,
8107,2.84935,
8108,2.70511,
8109,2.60658,
8110,2.77067,
8111,3.03865,
8112,2.52589,
8113,2.51744,
8114,2.8702,
8115,2.57329,
8116,2.72899,
8117,2.69956,
8118,2.59674,
8119,2.52653,
8120,2.96152,
8121,2.9023,
8122,2.91211,
8123,2.81258,
8124,3.02051,
8125,2.91233,
8126,3.03982,
8127,2.91004,
8128,2.86766,
8129,2.97343,
8130,2.85908,
8131,2.88374,
8132,2.83136,
8133,2.85075,
8134,2.91066,
8135,2.58975,
8136,2.79686,
8137,2.84816,
8138,2.91148,
8139,2.86634,
8140,2.51458,
8141,2.76596,
8142,2.79835,
8143,2.70622,
8144,2.47593,
8145,2.6391,
8146,2.67037,
8147,2.69199,
8148,2.71914,
8149,2.41416,
8150,2.55916,
8151,2.52691,
8152,2.65374,
8153,2.75852,
8154,3.22466,
8155,3.18804,
8156,3.0138,
8157,2.95511,
8158,3.12191,
8159,3.10775,
8160,2.83315,
8161,2.99317,
8162,2.88281,
8163,2.87293,
8164,2.79855,
8165,3.08431,
8166,2.93045,
8167,2.88184,
8168,2.96872,
8169,3.0223,
8170,2.91662,
8171,2.94392,
8172,2.80445,
8173,2.95277,
8174,2.88458,
8175,2.80769,
8176,2.75002,
8177,2.77899,
8178,2.85965,
8179,3.02696,
8180,3.03228,
8181,2.89116,
8182,2.97258,
8183,2.87597,
8184,2.90716,
8185,3.0598,
8186,2.97125,
8187,2.88019,
8188,2.90626,
8189,2.92815,
8190,2.70312,
8191,2.81643,
8192,2.8777,
8193,3.00706,
8194,2.74252,
8195,2.79305,
8196,2.76611,
8197,2.90187,
8198,2.88036,
8199,2.91169,
8200,2.66207,
8201,2.84992,
8202,2.7779,
8203,2.6789,
8204,2.84289,
8205,2.98081,
8206,2.81727,
8207,2.67807,
8208,2.82624,
8209,2.89792,
8210,2.84162,
8211,2.7905,
8212,2.68077,
8213,2.71833,
8214,2.70045,
8215,2.83761,
8216,2.55465,
8217,2.58892,
8218,2.62697,
8219,2.6799,
8220,2.74026,
8221,2.68713,
8222,2.51854,
8223,2.69265,
8224,2.5809,
8225,2.70694,
8226,2.56331,
8227,2.62706,
8228,2.82928,
8229,2.75196,
8230,2.79473,
8231,2.4844,
8232,2.68041,
8233,2.60799,
8234,2.66125,
8235,2.81657,
8236,2.52336,
8237,2.63343,
8238,2.50751,
8239,2.45981,
8240,2.68459,
8241,2.66203,
8242,2.62133,
8243,2.56188,
8244,2.82691,
8245,2.65176,
8246,2.8589,
8247,2.93148,
8248,3.0076,
8249,2.90673,
8250,2.91228,
8251,3.19877,
8252,2.89292,
8253,2.78743,
8254,2.99645,
8255,2.80169,
8256,2.95309,
8257,3.01513,
8258,2.89769,
8259,2.89142,
8260,2.90286,
8261,2.62256,
8262,2.86307,
8263,2.84614,
8264,2.67872,
8265,2.80373,
8266,2.80033,
8267,2.64225,
8268,2.78457,
8269,2.80676,
8270,2.64202,
8271,2.71824,
8272,2.84532,
8273,2.97775,
8274,2.75936,
8275,2.81607,
8276,2.71101,
8277,3.08619,
8278,3.17325,
8279,3.22151,
8280,3.18791,
8281,3.20356,
8282,3.13887,
8283,3.08895,
8284,3.17671,
8285,3.06478,
8286,3.08817,
8287,3.11793,
8288,3.13498,
8289,2.97522,
8290,3.12536,
8291,3.09192,
8292,3.1278,
8293,3.17384,
8294,3.05426,
8295,3.08005,
8296,3.03579,
8297,3.11517,
8298,3.02135,
8299,3.17612,
8300,2.71034,
8301,2.75258,
8302,2.62634,
8303,2.51244,
8304,2.55066,
8305,2.52196,
8306,2.77933,
8307,2.35388,
8308,2.60766,
8309,2.51369,
8310,2.61391,
8311,2.63765,
8312,2.40284,
8313,2.41604,
8314,2.68284,
8315,2.81759,
8316,2.73271,
8317,2.46724,
8318,2.45538,
8319,3.04025,
8320,3.11884,
8321,3.03023,
8322,3.05271,
8323,3.00766,
8324,3.01723,
8325,2.96227,
8326,2.73897,
8327,2.84611,
8328,2.9721,
8329,2.81412,
8330,2.91008,
8331,2.97006,
8332,3.06594,
8333,2.95334,
8334,2.78995,
8335,2.70173,
8336,2.85679,
8337,2.82777,
8338,2.795,
8339,2.59611,
8340,2.61395,
8341,2.5523,
8342,2.73422,
8343,2.84425,
8344,2.66337,
8345,2.89278,
8346,2.86293,
8347,2.88711,
8348,2.85633,
8349,3.00901,
8350,2.78996,
8351,2.71795,
8352,2.89497,
8353,2.64344,
8354,2.65523,
8355,2.68451,
8356,2.84271,
8357,2.87608,
8358,2.76097,
8359,2.59682,
8360,2.54248,
8361,2.50619,
8362,2.34426,
8363,2.49915,
8364,2.50182,
8365,2.70097,
8366,2.40217,
8367,2.52436,
8368,2.51349,
8369,2.82204,
8370,2.64731,
8371,2.86375,
8372,2.53267,
8373,3.06007,
8374,2.69746,
8375,2.99606,
8376,3.18914,
8377,2.94698,
8378,3.14143,
8379,2.9817,
8380,2.92763,
8381,2.98245,
8382,2.95997,
8383,2.79462,
8384,2.66149,
8385,2.66748,
8386,2.79257,
8387,2.79561,
8388,2.81861,
8389,2.79047,
8390,2.71514,
8391,2.84451,
8392,2.61341,
8393,2.94408,
8394,2.8578,
8395,2.61548,
8396,2.5557,
8397,2.80973,
8398,2.53019,
8399,2.61371,
8400,2.57444,
8401,2.42034,
8402,2.47994,
8403,2.54245,
8404,3.03801,
8405,3.01154,
8406,3.20387,
8407,3.17489,
8408,3.1654,
8409,3.05011,
8410,2.77258,
8411,2.86572,
8412,2.83386,
8413,2.96928,
8414,3.22042,
8415,2.94098,
8416,2.98371,
8417,2.78407,
8418,2.75796,
8419,3.09573,
8420,3.05023,
8421,3.12086,
8422,2.89982,
8423,3.15152,
8424,2.78883,
8425,2.84,
8426,2.85027,
8427,3.05368,
8428,2.81961,
8429,2.8494,
8430,2.76336,
8431,2.75344,
8432,2.9693,
8433,2.65606,
8434,2.69957,
8435,2.8277,
8436,2.83036,
8437,2.87749,
8438,2.73938,
8439,2.80996,
8440,2.71633,
8441,2.73331,
8442,2.62304,
8443,2.68117,
8444,2.75795,
8445,2.52482,
8446,2.56509,
8447,2.8146,
8448,2.65895,
8449,3.09846,
8450,3.17136,
8451,3.10465,
8452,3.23324,
8453,3.13213,
8454,3.05292,
8455,2.9461,
8456,2.99036,
8457,2.79047,
8458,2.84555,
8459,2.77993,
8460,2.77387,
8461,3.03612,
8462,3.02014,
8463,2.89507,
8464,3.03695,
8465,3.00039,
8466,2.70279,
8467,2.78579,
8468,2.83019,
8469,2.68809,
8470,2.79295,
8471,2.96566,
8472,2.93052,
8473,3.04004,
8474,3.15316,
8475,3.08958,
8476,2.5665,
8477,2.74214,
8478,2.8984,
8479,2.98068,
8480,2.98916,
8481,3.02953,
8482,3.11814,
8483,3.01847,
8484,3.10517,
8485,2.88857,
8486,2.82579,
8487,3.0466,
8488,2.71584,
8489,2.9433,
8490,2.9701,
8491,2.86755,
8492,2.86757,
8493,2.88622,
8494,3.13881,
8495,2.97441,
8496,3.05763,
8497,2.8986,
8498,3.08725,
8499,3.00393,
8500,2.98412,
8501,2.85905,
8502,2.90512,
8503,2.86906,
8504,2.69252,
8505,2.81472,
8506,2.73441,
8507,2.85314,
8508,2.81113,
8509,2.94189,
8510,2.62088,
8511,2.83127,
8512,2.91304,
8513,2.91511,
8514,2.7162,
8515,2.75635,
8516,2.97522,
8517,2.76303,
8518,2.91042,
8519,1.86631,
8520,2.97246,
8521,2.99349,
8522,3.08886,
8523,3.18643,
8524,3.35057,
8525,3.04579,
8526,3.04843,
8527,2.92519,
8528,3.03818,
8529,2.99815,
8530,3.05256,
8531,3.0276,
8532,2.83706,
8533,2.85151,
8534,2.87256,
8535,3.03546,
8536,2.78442,
8537,3.00112,
8538,3.01814,
8539,2.87048,
8540,2.87382,
8541,2.83732,
8542,2.9995,
8543,3.02272,
8544,3.03353,
8545,2.98736,
8546,2.99431,
8547,2.83481,
8548,3.11275,
8549,3.10725,
8550,2.81233,
8551,2.9582,
8552,2.80802,
8553,2.71771,
8554,2.70396,
8555,2.56993,
8556,2.91175,
8557,2.74548,
8558,2.69378,
8559,2.82863,
8560,2.92067,
8561,2.7728,
8562,2.6777,
8563,2.70368,
8564,2.63783,
8565,2.8874,
8566,2.73431,
8567,2.78925,
8568,2.94371,
8569,2.75825,
8570,2.90976,
8571,2.89949,
8572,2.79792,
8573,2.81756,
8574,2.83811,
8575,3.03087,
8576,2.87502,
8577,2.86457,
8578,2.88542,
8579,2.92927,
8580,2.74138,
8581,2.55112,
8582,2.82404,
8583,2.7105,
8584,2.8062,
8585,2.7864,
8586,2.51742,
8587,2.84642,
8588,2.91135,
8589,2.83405,
8590,2.72979,
8591,2.71064,
8592,2.93153,
8593,2.72678,
8594,2.48036,
8595,2.76825,
8596,2.7899,
8597,2.91969,
8598,2.72445,
8599,2.6521,
8600,2.76604,
8601,2.69574,
8602,2.62151,
8603,2.72212,
8604,2.76653,
8605,3.02499,
8606,2.97486,
8607,2.95874,
8608,2.70442,
8609,2.82274,
8610,2.76263,
8611,2.9552,
8612,2.91526,
8613,2.93291,
8614,2.89164,
8615,3.06617,
8616,2.8042,
8617,2.9041,
8618,2.81493,
8619,2.68273,
8620,2.94009,
8621,2.84895,
8622,2.99962,
8623,2.8212,
8624,2.55595,
8625,2.65693,
8626,2.79387,
8627,2.64672,
8628,2.67646,
8629,2.53491,
8630,2.68374,
8631,2.91527,
8632,2.9861,
8633,2.87194,
8634,3.00238,
8635,2.93606,
8636,2.93555,
8637,2.81548,
8638,2.97241,
8639,2.98482,
8640,2.9857,
8641,2.90651,
8642,2.90337,
8643,2.89757,
8644,2.81675,
8645,2.94634,
8646,2.62245,
8647,2.72578,
8648,2.88761,
8649,2.77084,
8650,2.8169,
8651,2.60587,
8652,2.72103,
8653,2.91179,
8654,2.59889,
8655,2.70506,
8656,2.6502,
8657,2.63371,
8658,2.80685,
8659,2.57969,
8660,2.65521,
8661,2.64248,
8662,2.77351,
8663,2.71937,
8664,2.82917,
8665,2.87171,
8666,2.82629,
8667,2.62702,
8668,2.73472,
8669,2.75767,
8670,2.80642,
8671,2.65281,
8672,2.95547,
8673,2.89122,
8674,2.90183,
8675,2.93321,
8676,2.90802,
8677,2.76043,
8678,2.88579,
8679,2.80638,
8680,2.84959,
8681,2.86554,
8682,3.01708,
8683,3.10813,
8684,2.98514,
8685,2.88233,
8686,2.85219,
8687,2.7465,
8688,2.76298,
8689,2.65859,
8690,2.72406,
8691,2.60788,
8692,2.77682,
8693,2.68177,
8694,2.86632,
8695,2.69629,
8696,2.82659,
8697,2.97107,
8698,2.96861,
8699,3.12807,
8700,2.77685,
8701,2.61234,
8702,2.87607,
8703,2.57209,
8704,2.86748,
8705,2.8812,
8706,3.02283,
8707,3.05887,
8708,3.08417,
8709,2.7525,
8710,3.0448,
8711,2.90647,
8712,2.89317,
8713,2.87562,
8714,2.98371,
8715,2.76013,
8716,3.00388,
8717,2.6399,
8718,2.97011,
8719,2.93247,
8720,3.0698,
8721,2.83487,
8722,2.94803,
8723,2.99477,
8724,2.7354,
8725,2.9568,
8726,2.63683,
8727,2.76249,
8728,2.81885,
8729,3.068,
8730,3.05955,
8731,2.60744,
8732,2.86795,
8733,2.79955,
8734,2.89698,
8735,2.93571,
8736,3.109,
8737,2.90366,
8738,2.77732,
8739,2.89661,
8740,2.94551,
8741,2.75136,
8742,2.75973,
8743,2.68507,
8744,2.93608,
8745,3.09508,
8746,3.07693,
8747,3.02318,
8748,2.94052,
8749,2.92122,
8750,2.72611,
8751,2.98629,
8752,2.85395,
8753,2.9269,
8754,2.85534,
8755,2.8573,
8756,2.84981,
8757,2.95693,
8758,2.94444,
8759,2.82547,
8760,2.8845,
8761,2.97904,
8762,2.74339,
8763,3.14417,
8764,2.93635,
8765,2.78325,
8766,2.68167,
8767,2.94662,
8768,2.88841,
8769,2.81937,
8770,2.74138,
8771,2.98734,
8772,2.7505,
8773,2.68538,
8774,2.82129,
8775,2.72382,
8776,2.77377,
8777,2.93458,
8778,2.986,
8779,2.81831,
8780,2.76451,
8781,2.73996,
8782,2.90086,
8783,2.99223,
8784,2.56249,
8785,2.85244,
8786,2.81934,
8787,2.88679,
8788,2.9399,
8789,2.89622,
8790,2.6974,
8791,2.78905,
8792,2.87432,
8793,2.54936,
8794,2.61107,
8795,3.00078,
8796,2.81942,
8797,2.92372,
8798,2.69177,
8799,2.64972,
8800,2.85359,
8801,2.78785,
8802,2.73959,
8803,2.98121,
8804,2.89708,
8805,2.61067,
8806,2.77637,
8807,2.64987,
8808,2.81221,
8809,2.66652,
8810,2.68192,
8811,2.86248,
8812,2.80318,
8813,2.98744,
8814,3.01574,
8815,2.90872,
8816,2.98078,
8817,2.77695,
8818,2.86197,
8819,2.9478,
8820,2.89294,
8821,2.98025,
8822,3.07704,
8823,3.17073,
8824,3.94024,
8825,2.87331,
8826,2.85446,
8827,2.92896,
8828,2.89597,
8829,2.79102,
8830,2.92773,
8831,2.85139,
8832,2.88106,
8833,2.82713,
8834,3.269,
8835,2.88845,
8836,2.86816,
8837,2.48282,
8838,2.66231,
8839,2.92461,
8840,2.89863,
8841,3.00231,
8842,3.11661,
8843,2.88098,
8844,2.87636,
8845,2.94694,
8846,2.88498,
8847,3.1063,
8848,2.86434,
8849,2.88213,
8850,3.00413,
8851,2.96287,
8852,2.87881,
8853,2.8112,
8854,2.761,
8855,2.77562,
8856,2.83955,
8857,2.72721,
8858,2.55332,
8859,2.86667,
8860,2.745,
8861,2.56667,
8862,2.67115,
8863,2.73825,
8864,2.82362,
8865,2.85308,
8866,2.76284,
8867,2.79224,
8868,2.50218,
8869,2.7983,
8870,2.5071,
8871,2.87065,
8872,2.69105,
8873,2.73437,
8874,2.70657,
8875,2.74723,
8876,2.76286,
8877,2.75129,
8878,2.69192,
8879,2.59165,
8880,2.78675,
8881,2.7282,
8882,2.49221,
8883,2.59906,
8884,2.53944,
8885,2.76266,
8886,2.75069,
8887,2.71687,
8888,2.74751,
8889,2.79739,
8890,2.84596,
8891,2.5433,
8892,2.9111,
8893,2.75608,
8894,2.79609,
8895,2.74221,
8896,2.8867,
8897,3.01159,
8898,2.97245,
8899,2.75547,
8900,2.65091,
8901,3.04357,
8902,2.85904,
8903,2.87723,
8904,2.77998,
8905,2.67689,
8906,2.69294,
8907,2.87356,
8908,2.41204,
8909,2.52929,
8910,2.36677,
8911,2.59939,
8912,2.69704,
8913,2.80597,
8914,2.79908,
8915,2.83481,
8916,2.76073,
8917,2.5876,
8918,2.65136,
8919,2.77562,
8920,2.95098,
8921,2.72986,
8922,2.70289,
8923,2.3754,
8924,2.43491,
8925,2.87706,
8926,2.55666,
8927,2.76114,
8928,2.56142,
8929,2.72588,
8930,2.52169,
8931,2.54055,
8932,2.54673,
8933,2.58579,
8934,2.52764,
8935,2.48792,
8936,2.59207,
8937,2.80096,
8938,2.46942,
8939,2.77296,
8940,2.70352,
8941,3.0811,
8942,3.05903,
8943,2.99339,
8944,3.11721,
8945,3.0279,
8946,2.99024,
8947,2.83087,
8948,2.60608,
8949,2.9131,
8950,2.73001,
8951,2.73793,
8952,2.97133,
8953,2.81583,
8954,2.9352,
8955,2.8105,
8956,2.78976,
8957,2.68613,
8958,2.76901,
8959,2.89946,
8960,2.84562,
8961,2.8192,
8962,2.78678,
8963,2.66752,
8964,2.97636,
8965,2.69353,
8966,2.69618,
8967,2.80792,
8968,2.80176,
8969,2.71066,
8970,3.10299,
8971,2.94777,
8972,3.01699,
8973,2.8632,
8974,3.04367,
8975,2.95353,
8976,2.88542,
8977,2.87557,
8978,2.86228,
8979,2.84862,
8980,2.89056,
8981,2.87226,
8982,2.78306,
8983,2.59823,
8984,2.76828,
8985,2.77468,
8986,2.77239,
8987,2.49223,
8988,2.6436,
8989,2.42397,
8990,2.74077,
8991,2.7878,
8992,2.55349,
8993,2.67227,
8994,2.61198,
8995,2.77267,
8996,2.59754,
8997,2.66908,
8998,2.64748,
8999,2.85366,
9000,2.90441,
9001,2.89512,
9002,2.8406,
9003,2.93861,
9004,2.86309,
9005,2.99877,
9006,2.93746,
9007,2.9597,
9008,2.95003,
9009,2.80935,
9010,2.81323,
9011,2.58108,
9012,2.86893,
9013,2.80143,
9014,2.92918,
9015,2.81315,
9016,2.69101,
9017,2.80925,
9018,2.68244,
9019,2.7232,
9020,2.86167,
9021,2.9421,
9022,2.7187,
9023,2.71239,
9024,2.72088,
9025,2.97717,
9026,2.93859,
9027,3.05621,
9028,2.84981,
9029,3.01054,
9030,2.84507,
9031,2.97654,
9032,3.10074,
9033,2.85951,
9034,2.75866,
9035,2.68156,
9036,2.9679,
9037,2.97171,
9038,2.83344,
9039,2.8791,
9040,2.83761,
9041,3.04788,
9042,2.93435,
9043,3.1309,
9044,2.71891,
9045,2.78556,
9046,2.6073,
9047,2.77549,
9048,2.81585,
9049,2.79175,
9050,2.75722,
9051,2.93337,
9052,2.85833,
9053,2.79345,
9054,2.56267,
9055,2.71371,
9056,2.76469,
9057,2.78787,
9058,2.72462,
9059,3.08559,
9060,2.99846,
9061,3.04771,
9062,2.89382,
9063,2.78067,
9064,3.00147,
9065,2.73264,
9066,2.98813,
9067,2.97952,
9068,2.93438,
9069,2.95365,
9070,3.17673,
9071,3.25872,
9072,2.89798,
9073,2.92737,
9074,2.94478,
9075,3.05707,
9076,3.13237,
9077,2.90844,
9078,2.88967,
9079,2.87591,
9080,2.73778,
9081,2.85995,
9082,2.87417,
9083,2.89356,
9084,2.68564,
9085,2.70785,
9086,2.86645,
9087,3.21818,
9088,3.2986,
9089,3.2722,
9090,3.27096,
9091,3.23642,
9092,3.25546,
9093,3.17613,
9094,3.20906,
9095,3.18019,
9096,3.18515,
9097,3.19299,
9098,3.15208,
9099,3.15592,
9100,3.07139,
9101,3.1687,
9102,3.18318,
9103,3.0989,
9104,3.05505,
9105,3.00539,
9106,2.88715,
9107,3.1541,
9108,2.98275,
9109,2.91509,
9110,2.96243,
9111,2.96073,
9112,2.81603,
9113,3.01812,
9114,2.79299,
9115,2.83313,
9116,2.89813,
9117,2.74864,
9118,2.61756,
9119,2.92835,
9120,3.07383,
9121,2.92016,
9122,2.71126,
9123,2.86161,
9124,2.87611,
9125,2.78905,
9126,2.79464,
9127,2.89865,
9128,2.7033,
9129,2.79497,
9130,2.77091,
9131,2.73985,
9132,2.99664,
9133,2.90967,
9134,2.85041,
9135,2.9018,
9136,2.78615,
9137,2.77391,
9138,2.70629,
9139,2.75461,
9140,2.90851,
9141,2.78761,
9142,2.70341,
9143,2.93666,
9144,2.79751,
9145,2.6893,
9146,2.81012,
9147,2.62791,
9148,2.61223,
9149,2.8513,
9150,2.5707,
9151,2.62679,
9152,2.67215,
9153,2.7798,
9154,2.68087,
9155,2.63266,
9156,2.73353,
9157,2.63315,
9158,2.7565,
9159,2.78725,
9160,2.86392,
9161,2.86021,
9162,2.79784,
9163,2.66628,
9164,2.86075,
9165,2.6561,
9166,2.75957,
9167,2.81369,
9168,2.73576,
9169,2.99848,
9170,2.68707,
9171,2.61253,
9172,2.78854,
9173,2.65722,
9174,2.57286,
9175,2.73934,
9176,3.00745,
9177,2.50787,
9178,2.46763,
9179,2.84919,
9180,2.54947,
9181,2.70054,
9182,2.65894,
9183,2.56478,
9184,2.50165,
9185,2.91179,
9186,2.88199,
9187,2.88373,
9188,2.77761,
9189,2.98346,
9190,2.87598,
9191,3.00179,
9192,2.87268,
9193,2.82184,
9194,2.93613,
9195,2.82905,
9196,2.85516,
9197,2.81216,
9198,2.8307,
9199,2.88008,
9200,2.56132,
9201,2.76427,
9202,2.83317,
9203,2.87241,
9204,2.83193,
9205,2.47928,
9206,2.74455,
9207,2.77312,
9208,2.68398,
9209,2.44383,
9210,2.62829,
9211,2.64404,
9212,2.66528,
9213,2.71826,
9214,2.39308,
9215,2.5219,
9216,2.51235,
9217,2.6305,
9218,2.71658,
9219,3.15558,
9220,3.15664,
9221,2.98459,
9222,2.91643,
9223,3.07602,
9224,3.08142,
9225,2.80337,
9226,2.97491,
9227,2.85342,
9228,2.82336,
9229,2.77003,
9230,3.05297,
9231,2.87003,
9232,2.84578,
9233,2.94832,
9234,2.99611,
9235,2.88985,
9236,2.90076,
9237,2.76564,
9238,2.91243,
9239,2.85379,
9240,2.77702,
9241,2.70218,
9242,2.74038,
9243,2.78236,
9244,2.97905,
9245,3.00327,
9246,2.84556,
9247,2.93736,
9248,2.86954,
9249,2.88822,
9250,3.02836,
9251,2.94577,
9252,2.83092,
9253,2.86954,
9254,2.89592,
9255,2.65808,
9256,2.7816,
9257,2.85465,
9258,2.96614,
9259,2.70701,
9260,2.75657,
9261,2.74512,
9262,2.87104,
9263,2.83487,
9264,2.88245,
9265,2.63548,
9266,2.8358,
9267,2.75921,
9268,2.66232,
9269,2.81842,
9270,2.95861,
9271,2.78794,
9272,2.63995,
9273,2.80541,
9274,2.86751,
9275,2.81053,
9276,2.7497,
9277,2.6605,
9278,2.68113,
9279,2.66427,
9280,2.80369,
9281,2.50649,
9282,2.54989,
9283,2.59761,
9284,2.65426,
9285,2.70628,
9286,2.64875,
9287,2.47735,
9288,2.64274,
9289,2.56516,
9290,2.68897,
9291,2.53586,
9292,2.60931,
9293,2.79702,
9294,2.71589,
9295,2.78431,
9296,2.46372,
9297,2.635,
9298,2.57118,
9299,2.63865,
9300,2.77949,
9301,2.50077,
9302,2.61455,
9303,2.48807,
9304,2.43945,
9305,2.65733,
9306,2.64096,
9307,2.59349,
9308,2.5489,
9309,2.79817,
9310,2.61331,
9311,2.78931,
9312,2.89745,
9313,2.97008,
9314,2.89655,
9315,2.8683,
9316,3.14989,
9317,2.84879,
9318,2.75857,
9319,2.97265,
9320,2.76494,
9321,2.91951,
9322,2.97199,
9323,2.87339,
9324,2.85542,
9325,2.8779,
9326,2.58339,
9327,2.83054,
9328,2.81471,
9329,2.66296,
9330,2.77906,
9331,2.75597,
9332,2.61766,
9333,2.75839,
9334,2.78539,
9335,2.62589,
9336,2.68593,
9337,2.79478,
9338,2.91225,
9339,2.71647,
9340,2.78251,
9341,2.67686,
9342,3.0574,
9343,3.14922,
9344,3.20371,
9345,3.16491,
9346,3.17037,
9347,3.10927,
9348,3.07086,
9349,3.15529,
9350,3.05011,
9351,3.06421,
9352,3.08964,
9353,3.12424,
9354,2.94535,
9355,3.09458,
9356,3.06254,
9357,3.108,
9358,3.14054,
9359,3.02777,
9360,3.05791,
9361,3.00718,
9362,3.075,
9363,2.95295,
9364,3.13678,
9365,2.67242,
9366,2.71934,
9367,2.59031,
9368,2.48554,
9369,2.52021,
9370,2.48531,
9371,2.76324,
9372,2.33493,
9373,2.58933,
9374,2.4974,
9375,2.59067,
9376,2.60711,
9377,2.35635,
9378,2.39783,
9379,2.64695,
9380,2.77726,
9381,2.71261,
9382,2.42854,
9383,2.40246,
9384,3.0041,
9385,3.07708,
9386,2.97881,
9387,3.01245,
9388,2.96606,
9389,2.97343,
9390,2.9372,
9391,2.71364,
9392,2.81321,
9393,2.92182,
9394,2.7777,
9395,2.87032,
9396,2.92678,
9397,3.04029,
9398,2.92226,
9399,2.75312,
9400,2.66735,
9401,2.84159,
9402,2.80125,
9403,2.75232,
9404,2.55792,
9405,2.59175,
9406,2.52319,
9407,2.70833,
9408,2.79725,
9409,2.6399,
9410,2.83492,
9411,2.82432,
9412,2.85335,
9413,2.81129,
9414,2.97732,
9415,2.74608,
9416,2.68885,
9417,2.84783,
9418,2.61678,
9419,2.62064,
9420,2.65262,
9421,2.81383,
9422,2.83037,
9423,2.72021,
9424,2.5622,
9425,2.51279,
9426,2.48616,
9427,2.31425,
9428,2.46042,
9429,2.47588,
9430,2.67811,
9431,2.38689,
9432,2.49421,
9433,2.50571,
9434,2.79703,
9435,2.61689,
9436,2.84431,
9437,2.50224,
9438,3.01036,
9439,2.66223,
9440,2.95733,
9441,3.1237,
9442,2.91053,
9443,3.09795,
9444,2.95214,
9445,2.88721,
9446,2.95806,
9447,2.92898,
9448,2.76013,
9449,2.63145,
9450,2.62703,
9451,2.76075,
9452,2.76509,
9453,2.77094,
9454,2.74811,
9455,2.68805,
9456,2.8035,
9457,2.58401,
9458,2.92069,
9459,2.83169,
9460,2.60042,
9461,2.52717,
9462,2.78669,
9463,2.49157,
9464,2.58141,
9465,2.54655,
9466,2.39328,
9467,2.44437,
9468,2.52095,
9469,2.96374,
9470,2.95599,
9471,3.18685,
9472,3.13499,
9473,3.12427,
9474,3.02901,
9475,2.74717,
9476,2.81274,
9477,2.7991,
9478,2.93292,
9479,3.19903,
9480,2.88706,
9481,2.95847,
9482,2.74385,
9483,2.7213,
9484,3.05861,
9485,3.0149,
9486,3.08914,
9487,2.87425,
9488,3.11483,
9489,2.75061,
9490,2.81902,
9491,2.80707,
9492,2.98453,
9493,2.79921,
9494,2.82134,
9495,2.72794,
9496,2.71681,
9497,2.94126,
9498,2.62827,
9499,2.66557,
9500,2.79305,
9501,2.79541,
9502,2.86559,
9503,2.70252,
9504,2.7793,
9505,2.68309,
9506,2.66824,
9507,2.60337,
9508,2.64055,
9509,2.72978,
9510,2.51171,
9511,2.52368,
9512,2.7845,
9513,2.61933,
9514,3.05993,
9515,3.14862,
9516,3.07048,
9517,3.19679,
9518,3.10329,
9519,3.02263,
9520,2.90303,
9521,2.95783,
9522,2.76769,
9523,2.80429,
9524,2.74543,
9525,2.74673,
9526,3.01498,
9527,2.98458,
9528,2.87844,
9529,3.00231,
9530,2.96876,
9531,2.68192,
9532,2.77352,
9533,2.79773,
9534,2.6555,
9535,2.76673,
9536,2.91959,
9537,2.91325,
9538,3.02084,
9539,3.12375,
9540,3.0667,
9541,2.54068,
9542,2.72058,
9543,2.86038,
9544,2.93562,
9545,2.91831,
9546,2.97797,
9547,3.07985,
9548,2.97325,
9549,3.07003,
9550,2.85205,
9551,2.7811,
9552,3.01084,
9553,2.68272,
9554,2.89382,
9555,2.94105,
9556,2.82179,
9557,2.85338,
9558,2.85462,
9559,3.10947,
9560,2.94205,
9561,3.01346,
9562,2.86244,
9563,3.04337,
9564,2.96277,
9565,2.90314,
9566,2.84391,
9567,2.88343,
9568,2.84833,
9569,2.6613,
9570,2.78886,
9571,2.71539,
9572,2.82818,
9573,2.78994,
9574,2.91505,
9575,2.60721,
9576,2.80325,
9577,2.85807,
9578,2.89756,
9579,2.68233,
9580,2.70398,
9581,2.9476,
9582,2.7376,
9583,2.88732,
9584,1.82582,
9585,2.96147,
9586,2.96026,
9587,3.07475,
9588,3.14355,
9589,3.31419,
9590,3.01189,
9591,2.99802,
9592,2.8928,
9593,3.0028,
9594,2.92967,
9595,3.02277,
9596,3.00118,
9597,2.80675,
9598,2.83308,
9599,2.82816,
9600,2.9998,
9601,2.74034,
9602,2.96143,
9603,2.98476,
9604,2.83671,
9605,2.82764,
9606,2.80698,
9607,2.9784,
9608,3.00769,
9609,3.00665,
9610,2.95961,
9611,2.95668,
9612,2.79716,
9613,3.05545,
9614,3.05342,
9615,2.77745,
9616,2.95608,
9617,2.76479,
9618,2.71216,
9619,2.67198,
9620,2.55083,
9621,2.87645,
9622,2.71553,
9623,2.67065,
9624,2.81704,
9625,2.89384,
9626,2.73769,
9627,2.63556,
9628,2.67591,
9629,2.61443,
9630,2.87266,
9631,2.68988,
9632,2.76753,
9633,2.91326,
9634,2.74329,
9635,2.85051,
9636,2.86547,
9637,2.7483,
9638,2.78992,
9639,2.8117,
9640,2.98711,
9641,2.83913,
9642,2.81159,
9643,2.8428,
9644,2.89838,
9645,2.71009,
9646,2.54162,
9647,2.77455,
9648,2.66569,
9649,2.7719,
9650,2.74314,
9651,2.48688,
9652,2.82838,
9653,2.88744,
9654,2.78888,
9655,2.72154,
9656,2.65671,
9657,2.90599,
9658,2.71765,
9659,2.44961,
9660,2.75889,
9661,2.76757,
9662,2.88644,
9663,2.69243,
9664,2.62635,
9665,2.73896,
9666,2.661,
9667,2.60026,
9668,2.69926,
9669,2.73693,
9670,2.95964,
9671,2.92174,
9672,2.90614,
9673,2.6531,
9674,2.80192,
9675,2.73594,
9676,2.92767,
9677,2.89196,
9678,2.88713,
9679,2.85301,
9680,3.04381,
9681,2.77944,
9682,2.87573,
9683,2.78493,
9684,2.66139,
9685,2.89401,
9686,2.8154,
9687,2.97428,
9688,2.79304,
9689,2.52542,
9690,2.62572,
9691,2.77957,
9692,2.61997,
9693,2.65814,
9694,2.50367,
9695,2.65263,
9696,2.89332,
9697,2.92829,
9698,2.83023,
9699,2.96719,
9700,2.89749,
9701,2.91479,
9702,2.7985,
9703,2.94102,
9704,2.95509,
9705,2.94133,
9706,2.87243,
9707,2.87349,
9708,2.87052,
9709,2.78842,
9710,2.93259,
9711,2.59089,
9712,2.70432,
9713,2.86946,
9714,2.74834,
9715,2.78752,
9716,2.57027,
9717,2.70738,
9718,2.89589,
9719,2.55904,
9720,2.68832,
9721,2.64845,
9722,2.60684,
9723,2.76912,
9724,2.56008,
9725,2.63277,
9726,2.6119,
9727,2.74882,
9728,2.72575,
9729,2.80443,
9730,2.85462,
9731,2.80887,
9732,2.60119,
9733,2.70488,
9734,2.69689,
9735,2.77131,
9736,2.6163,
9737,2.91599,
9738,2.86687,
9739,2.86439,
9740,2.90232,
9741,2.86802,
9742,2.72602,
9743,2.86499,
9744,2.77766,
9745,2.82066,
9746,2.83186,
9747,2.99197,
9748,3.08634,
9749,2.95995,
9750,2.86394,
9751,2.82792,
9752,2.73246,
9753,2.72962,
9754,2.63568,
9755,2.70107,
9756,2.57429,
9757,2.75139,
9758,2.66122,
9759,2.8318,
9760,2.68134,
9761,2.81773,
9762,2.93096,
9763,2.91467,
9764,3.1083,
9765,2.75535,
9766,2.57,
9767,2.84955,
9768,2.54465,
9769,2.84461,
9770,2.83142,
9771,2.99003,
9772,3.04251,
9773,3.04345,
9774,2.72861,
9775,2.99498,
9776,2.86383,
9777,2.85318,
9778,2.84292,
9779,2.95066,
9780,2.71441,
9781,2.97588,
9782,2.60027,
9783,2.93133,
9784,2.9079,
9785,3.02612,
9786,2.80508,
9787,2.94778,
9788,2.97997,
9789,2.72353,
9790,2.9397,
9791,2.62837,
9792,2.73939,
9793,2.78621,
9794,3.04631,
9795,3.02595,
9796,2.56534,
9797,2.84321,
9798,2.77998,
9799,2.8719,
9800,2.89813,
9801,3.07542,
9802,2.88413,
9803,2.74461,
9804,2.8692,
9805,2.91725,
9806,2.71508,
9807,2.72692,
9808,2.64839,
9809,2.88205,
9810,3.0632,
9811,3.03786,
9812,2.97539,
9813,2.90481,
9814,2.88345,
9815,2.6758,
9816,2.93937,
9817,2.80412,
9818,2.9094,
9819,2.80793,
9820,2.84462,
9821,2.81579,
9822,2.91484,
9823,2.91778,
9824,2.79127,
9825,2.8381,
9826,2.93275,
9827,2.71304,
9828,3.09216,
9829,2.90627,
9830,2.78223,
9831,2.66832,
9832,2.91283,
9833,2.84255,
9834,2.78063,
9835,2.6983,
9836,2.97209,
9837,2.71883,
9838,2.6514,
9839,2.79018,
9840,2.68582,
9841,2.72488,
9842,2.91693,
9843,2.97749,
9844,2.76626,
9845,2.73312,
9846,2.69187,
9847,2.8727,
9848,2.95552,
9849,2.54095,
9850,2.82233,
9851,2.79719,
9852,2.86886,
9853,2.8913,
9854,2.86633,
9855,2.66728,
9856,2.76886,
9857,2.84415,
9858,2.51115,
9859,2.57617,
9860,2.96031,
9861,2.78556,
9862,2.8764,
9863,2.63986,
9864,2.61594,
9865,2.8223,
9866,2.752,
9867,2.70384,
9868,2.93939,
9869,2.8746,
9870,2.56692,
9871,2.74626,
9872,2.62244,
9873,2.79285,
9874,2.65658,
9875,2.63075,
9876,2.81861,
9877,2.7589,
9878,2.94619,
9879,2.98067,
9880,2.85416,
9881,2.96041,
9882,2.74879,
9883,2.83126,
9884,2.92679,
9885,2.86284,
9886,2.96024,
9887,3.03863,
9888,3.11039,
9889,3.85614,
9890,2.83058,
9891,2.83467,
9892,2.90583,
9893,2.87022,
9894,2.74339,
9895,2.9028,
9896,2.82593,
9897,2.83589,
9898,2.80236,
9899,3.23136,
9900,2.84761,
9901,2.82927,
9902,2.45056,
9903,2.63473,
9904,2.89532,
9905,2.87731,
9906,2.95853,
9907,3.09162,
9908,2.8772,
9909,2.82886,
9910,2.90863,
9911,2.87104,
9912,3.07479,
9913,2.85221,
9914,2.85493,
9915,2.96802,
9916,2.91732,
9917,2.84221,
9918,2.78676,
9919,2.73001,
9920,2.7424,
9921,2.80402,
9922,2.69422,
9923,2.53009,
9924,2.85116,
9925,2.72257,
9926,2.55453,
9927,2.62842,
9928,2.71649,
9929,2.79469,
9930,2.8124,
9931,2.73705,
9932,2.764,
9933,2.47712,
9934,2.76678,
9935,2.4874,
9936,2.84139,
9937,2.64164,
9938,2.69438,
9939,2.64941,
9940,2.71555,
9941,2.7484,
9942,2.71303,
9943,2.65868,
9944,2.56768,
9945,2.75559,
9946,2.70992,
9947,2.4595,
9948,2.55247,
9949,2.53727,
9950,2.72194,
9951,2.73451,
9952,2.69079,
9953,2.72194,
9954,2.78147,
9955,2.80891,
9956,2.51113,
9957,2.89126,
9958,2.71498,
9959,2.76637,
9960,2.71516,
9961,2.84217,
9962,2.95739,
9963,2.92262,
9964,2.72906,
9965,2.61712,
9966,3.02361,
9967,2.8331,
9968,2.84543,
9969,2.74844,
9970,2.64628,
9971,2.66447,
9972,2.83693,
9973,2.36715,
9974,2.498,
9975,2.34891,
9976,2.56867,
9977,2.68271,
9978,2.78005,
9979,2.77261,
9980,2.79719,
9981,2.72063,
9982,2.55729,
9983,2.62699,
9984,2.74735,
9985,2.91347,
9986,2.69637,
9987,2.66351,
9988,2.35258,
9989,2.41835,
9990,2.85314,
9991,2.51168,
9992,2.73789,
9993,2.53719,
9994,2.68668,
9995,2.48772,
9996,2.51837,
9997,2.52923,
9998,2.56596,
9999,2.52114,
10000,2.461,
10001,2.57762,
10002,2.7809,
10003,2.44698,
10004,2.74171,
10005,2.65813,
10006,3.06077,
10007,3.01813,
10008,2.96183,
10009,3.08709,
10010,2.99935,
10011,2.95989,
10012,2.79781,
10013,2.58426,
10014,2.88651,
10015,2.70631,
10016,2.71525,
10017,2.9456,
10018,2.78849,
10019,2.9198,
10020,2.78367,
10021,2.76452,
10022,2.68194,
10023,2.74497,
10024,2.89122,
10025,2.81705,
10026,2.80563,
10027,2.7541,
10028,2.64478,
10029,2.94137,
10030,2.65618,
10031,2.6675,
10032,2.77463,
10033,2.75759,
10034,2.68106,
10035,3.07155,
10036,2.91332,
10037,2.94847,
10038,2.82646,
10039,2.99879,
10040,2.92717,
10041,2.84504,
10042,2.84366,
10043,2.8442,
10044,2.82717,
10045,2.85943,
10046,2.84211,
10047,2.75179,
10048,2.55308,
10049,2.74705,
10050,2.7505,
10051,2.74265,
10052,2.47033,
10053,2.60563,
10054,2.38474,
10055,2.71583,
10056,2.75808,
10057,2.51624,
10058,2.64361,
10059,2.57621,
10060,2.74348,
10061,2.57885,
10062,2.6175,
10063,2.59389,
10064,2.81452,
10065,2.85961,
10066,2.85471,
10067,2.80128,
10068,2.91114,
10069,2.83368,
10070,2.98063,
10071,2.91108,
10072,2.93973,
10073,2.9185,
10074,2.77529,
10075,2.78624,
10076,2.55097,
10077,2.84296,
10078,2.7794,
10079,2.90319,
10080,2.79531,
10081,2.67077,
10082,2.77682,
10083,2.67393,
10084,2.7039,
10085,2.83628,
10086,2.90631,
10087,2.68994,
10088,2.68616,
10089,2.67934,
10090,2.94787,
10091,2.90116,
10092,3.01751,
10093,2.81737,
10094,2.96715,
10095,2.80962,
10096,2.96635,
10097,3.04653,
10098,2.82313,
10099,2.73336,
10100,2.65217,
10101,2.94046,
10102,2.94766,
10103,2.81562,
10104,2.85238,
10105,2.82269,
10106,3.00867,
10107,2.90987,
10108,3.12506,
10109,2.69381,
10110,2.76277,
10111,2.58518,
10112,2.7545,
10113,2.79351,
10114,2.77011,
10115,2.73102,
10116,2.89471,
10117,2.84001,
10118,2.76872,
10119,2.53718,
10120,2.69169,
10121,2.73052,
10122,2.76185,
10123,2.69384,
10124,3.03052,
10125,2.97328,
10126,3.02703,
10127,2.85814,
10128,2.73516,
10129,2.98055,
10130,2.68314,
10131,2.94925,
10132,2.93268,
10133,2.91058,
10134,2.92787,
10135,3.14214,
10136,3.2276,
10137,2.86202,
10138,2.88811,
10139,2.90882,
10140,3.03787,
10141,3.09573,
10142,2.85942,
10143,2.85172,
10144,2.84926,
10145,2.71867,
10146,2.81713,
10147,2.85895,
10148,2.87426,
10149,2.64161,
10150,2.68287,
10151,2.85134,
10152,3.1724,
10153,3.26304,
10154,3.24811,
10155,3.24766,
10156,3.19666,
10157,3.23397,
10158,3.14467,
10159,3.18433,
10160,3.14333,
10161,3.15045,
10162,3.15879,
10163,3.12134,
10164,3.13863,
10165,3.04339,
10166,3.13615,
10167,3.14105,
10168,3.05797,
10169,3.04202,
10170,2.96894,
10171,2.8367,
10172,3.09947,
10173,2.93254,
10174,2.869,
10175,2.92339,
10176,2.9342,
10177,2.78524,
10178,2.97796,
10179,2.74428,
10180,2.80807,
10181,2.86036,
10182,2.71825,
10183,2.59512,
10184,2.87856,
10185,3.03019,
10186,2.8853,
10187,2.68107,
10188,2.85082,
10189,2.85564,
10190,2.77671,
10191,2.75266,
10192,2.84578,
10193,2.66274,
10194,2.73949,
10195,2.7447,
10196,2.6908,
10197,2.96413,
10198,2.87537,
10199,2.81359,
10200,2.86627,
10201,2.75953,
10202,2.73401,
10203,2.66936,
10204,2.73596,
10205,2.88823,
10206,2.75863,
10207,2.67998,
10208,2.9006,
10209,2.75796,
10210,2.67434,
10211,2.78004,
10212,2.59566,
10213,2.5861,
10214,2.81795,
10215,2.52455,
10216,2.61145,
10217,2.64984,
10218,2.75242,
10219,2.63937,
10220,2.59402,
10221,2.69983,
10222,2.59935,
10223,2.72137,
10224,2.76582,
10225,2.84571,
10226,2.83785,
10227,2.77957,
10228,2.63865,
10229,2.83109,
10230,2.63006,
10231,2.73522,
10232,2.76988,
10233,2.7145,
10234,2.96778,
10235,2.65572,
10236,2.60011,
10237,2.75896,
10238,2.63205,
10239,2.53775,
10240,2.71807,
10241,2.96986,
10242,2.46572,
10243,2.43279,
10244,2.81457,
10245,2.50964,
10246,2.66719,
10247,2.64477,
10248,2.55001,
10249,2.49371,
10250,2.87245,
10251,2.83192,
10252,2.84759,
10253,2.75265,
10254,2.96321,
10255,2.85148,
10256,2.97786,
10257,2.84131,
10258,2.79799,
10259,2.90407,
10260,2.80238,
10261,2.83362,
10262,2.78876,
10263,2.79269,
10264,2.82206,
10265,2.52845,
10266,2.74973,
10267,2.80769,
10268,2.84513,
10269,2.80615,
10270,2.46439,
10271,2.69483,
10272,2.75366,
10273,2.65251,
10274,2.39816,
10275,2.59585,
10276,2.61612,
10277,2.63026,
10278,2.67683,
10279,2.34589,
10280,2.48746,
10281,2.48636,
10282,2.60719,
10283,2.69689,
10284,3.09844,
10285,3.11755,
10286,2.93946,
10287,2.88817,
10288,3.03951,
10289,3.04273,
10290,2.77363,
10291,2.93673,
10292,2.81416,
10293,2.80183,
10294,2.74778,
10295,3.00362,
10296,2.83093,
10297,2.82117,
10298,2.90959,
10299,2.947,
10300,2.85435,
10301,2.86929,
10302,2.73068,
10303,2.88576,
10304,2.82437,
10305,2.7449,
10306,2.70318,
10307,2.72573,
10308,2.73744,
10309,2.95206,
10310,2.97122,
10311,2.80026,
10312,2.89209,
10313,2.82648,
10314,2.86691,
10315,2.98911,
10316,2.91079,
10317,2.79657,
10318,2.82536,
10319,2.8659,
10320,2.61916,
10321,2.75369,
10322,2.82881,
10323,2.93219,
10324,2.69564,
10325,2.74292,
10326,2.73089,
10327,2.83156,
10328,2.793,
10329,2.86329,
10330,2.62911,
10331,2.79618,
10332,2.72435,
10333,2.63779,
10334,2.78368,
10335,2.92129,
10336,2.75018,
10337,2.58258,
10338,2.75901,
10339,2.836,
10340,2.78439,
10341,2.73453,
10342,2.64114,
10343,2.65555,
10344,2.65767,
10345,2.77492,
10346,2.48543,
10347,2.51798,
10348,2.5704,
10349,2.62134,
10350,2.68099,
10351,2.62858,
10352,2.45251,
10353,2.61753,
10354,2.54296,
10355,2.66217,
10356,2.49915,
10357,2.58343,
10358,2.78547,
10359,2.68824,
10360,2.73732,
10361,2.42251,
10362,2.61007,
10363,2.53946,
10364,2.60842,
10365,2.76372,
10366,2.45872,
10367,2.58304,
10368,2.46505,
10369,2.41239,
10370,2.62813,
10371,2.60357,
10372,2.575,
10373,2.52658,
10374,2.77945,
10375,2.58414,
10376,2.7157,
10377,2.87778,
10378,2.93391,
10379,2.85606,
10380,2.83306,
10381,3.11888,
10382,2.8217,
10383,2.72446,
10384,2.94719,
10385,2.75708,
10386,2.90069,
10387,2.94126,
10388,2.83597,
10389,2.82609,
10390,2.85748,
10391,2.55809,
10392,2.79732,
10393,2.792,
10394,2.63669,
10395,2.73826,
10396,2.72208,
10397,2.60239,
10398,2.71495,
10399,2.75014,
10400,2.57873,
10401,2.6656,
10402,2.75725,
10403,2.87243,
10404,2.6946,
10405,2.75619,
10406,2.65127,
10407,3.02854,
10408,3.10604,
10409,3.18487,
10410,3.13217,
10411,3.14619,
10412,3.09179,
10413,3.04831,
10414,3.124,
10415,3.03476,
10416,3.03728,
10417,3.06285,
10418,3.09296,
10419,2.92396,
10420,3.07214,
10421,3.03504,
10422,3.08399,
10423,3.11301,
10424,3.00328,
10425,3.04002,
10426,2.99598,
10427,3.0484,
10428,2.92607,
10429,3.0945,
10430,2.60634,
10431,2.6482,
10432,2.55782,
10433,2.45172,
10434,2.49198,
10435,2.45145,
10436,2.74159,
10437,2.31782,
10438,2.54656,
10439,2.45805,
10440,2.55318,
10441,2.58657,
10442,2.3319,
10443,2.35944,
10444,2.61302,
10445,2.75163,
10446,2.68036,
10447,2.39932,
10448,2.38431,
10449,2.96565,
10450,3.05294,
10451,2.94568,
10452,2.97015,
10453,2.94134,
10454,2.931,
10455,2.89557,
10456,2.65983,
10457,2.77584,
10458,2.88706,
10459,2.75228,
10460,2.84293,
10461,2.8779,
10462,3.02147,
10463,2.88799,
10464,2.73634,
10465,2.64362,
10466,2.81777,
10467,2.76487,
10468,2.73534,
10469,2.53792,
10470,2.57171,
10471,2.49224,
10472,2.6797,
10473,2.78006,
10474,2.63792,
10475,2.79705,
10476,2.78049,
10477,2.8106,
10478,2.77368,
10479,2.93539,
10480,2.70594,
10481,2.66978,
10482,2.81494,
10483,2.5782,
10484,2.57419,
10485,2.61791,
10486,2.78493,
10487,2.79246,
10488,2.68548,
10489,2.54378,
10490,2.4835,
10491,2.46753,
10492,2.3026,
10493,2.42879,
10494,2.46215,
10495,2.6572,
10496,2.36753,
10497,2.48067,
10498,2.47451,
10499,2.77116,
10500,2.59709,
10501,2.81826,
10502,2.47994,
10503,2.99514,
10504,2.64296,
10505,2.94319,
10506,3.05487,
10507,2.87955,
10508,3.07472,
10509,2.90609,
10510,2.86347,
10511,2.91877,
10512,2.89536,
10513,2.72905,
10514,2.59585,
10515,2.5974,
10516,2.73174,
10517,2.73539,
10518,2.73765,
10519,2.72513,
10520,2.66147,
10521,2.78919,
10522,2.55908,
10523,2.89274,
10524,2.80013,
10525,2.57226,
10526,2.5006,
10527,2.76437,
10528,2.48375,
10529,2.5589,
10530,2.52435,
10531,2.37923,
10532,2.41536,
10533,2.51066,
10534,2.92558,
10535,2.9158,
10536,3.14255,
10537,3.096,
10538,3.08565,
10539,2.99832,
10540,2.72139,
10541,2.76883,
10542,2.76833,
10543,2.90836,
10544,3.17087,
10545,2.84029,
10546,2.93366,
10547,2.74313,
10548,2.69487,
10549,3.02677,
10550,3.00634,
10551,3.03786,
10552,2.85287,
10553,3.077,
10554,2.71464,
10555,2.80046,
10556,2.78055,
10557,2.97155,
10558,2.77775,
10559,2.79054,
10560,2.69877,
10561,2.68235,
10562,2.91733,
10563,2.60823,
10564,2.65469,
10565,2.76126,
10566,2.76018,
10567,2.848,
10568,2.68835,
10569,2.75636,
10570,2.64967,
10571,2.63616,
10572,2.58058,
10573,2.6032,
10574,2.70962,
10575,2.47553,
10576,2.4969,
10577,2.76688,
10578,2.58656,
10579,3.02268,
10580,3.11727,
10581,3.03986,
10582,3.17455,
10583,3.08991,
10584,3.00067,
10585,2.88086,
10586,2.93096,
10587,2.74277,
10588,2.77606,
10589,2.72342,
10590,2.71756,
10591,2.97926,
10592,2.9622,
10593,2.84487,
10594,2.97221,
10595,2.9436,
10596,2.66198,
10597,2.73929,
10598,2.78462,
10599,2.64788,
10600,2.74077,
10601,2.88959,
10602,2.88648,
10603,2.9944,
10604,3.09199,
10605,3.04309,
10606,2.51839,
10607,2.7116,
10608,2.84144,
10609,2.92135,
10610,2.84723,
10611,2.90894,
10612,3.05003,
10613,2.96004,
10614,3.04359,
10615,2.8339,
10616,2.75446,
10617,2.98646,
10618,2.65109,
10619,2.8823,
10620,2.89972,
10621,2.79345,
10622,2.81738,
10623,2.83313,
10624,3.07485,
10625,2.92454,
10626,2.99347,
10627,2.83368,
10628,3.00597,
10629,2.92308,
10630,2.86415,
10631,2.81131,
10632,2.86474,
10633,2.82729,
10634,2.64347,
10635,2.76638,
10636,2.69114,
10637,2.80737,
10638,2.78099,
10639,2.89143,
10640,2.58953,
10641,2.78548,
10642,2.80095,
10643,2.86094,
10644,2.65757,
10645,2.67341,
10646,2.9124,
10647,2.71135,
10648,2.8574,
10649,1.71909,
10650,2.92518,
10651,2.90883,
10652,3.03375,
10653,3.10083,
10654,3.27995,
10655,2.97796,
10656,2.95818,
10657,2.86755,
10658,2.95521,
10659,2.87697,
10660,2.9851,
10661,2.96168,
10662,2.77181,
10663,2.79804,
10664,2.77635,
10665,2.98394,
10666,2.71103,
10667,2.92788,
10668,2.96908,
10669,2.80468,
10670,2.791,
10671,2.77621,
10672,2.93613,
10673,2.96466,
10674,2.96683,
10675,2.94158,
10676,2.94622,
10677,2.77702,
10678,3.02583,
10679,3.0317,
10680,2.76021,
10681,2.92599,
10682,2.74771,
10683,2.66801,
10684,2.65462,
10685,2.52935,
10686,2.84989,
10687,2.6672,
10688,2.64293,
10689,2.7807,
10690,2.87153,
10691,2.71362,
10692,2.6161,
10693,2.64245,
10694,2.59597,
10695,2.84479,
10696,2.66646,
10697,2.74617,
10698,2.89118,
10699,2.71153,
10700,2.82807,
10701,2.81142,
10702,2.73313,
10703,2.75531,
10704,2.78598,
10705,2.9675,
10706,2.81727,
10707,2.79438,
10708,2.81797,
10709,2.86251,
10710,2.68838,
10711,2.51127,
10712,2.74324,
10713,2.64059,
10714,2.75471,
10715,2.71896,
10716,2.46472,
10717,2.80728,
10718,2.86044,
10719,2.76228,
10720,2.69164,
10721,2.64082,
10722,2.87431,
10723,2.70084,
10724,2.42639,
10725,2.72488,
10726,2.74145,
10727,2.8784,
10728,2.65442,
10729,2.60189,
10730,2.7171,
10731,2.62925,
10732,2.5699,
10733,2.68139,
10734,2.69825,
10735,2.91545,
10736,2.89498,
10737,2.87193,
10738,2.62991,
10739,2.77186,
10740,2.6978,
10741,2.8897,
10742,2.86454,
10743,2.86154,
10744,2.82098,
10745,3.01021,
10746,2.74305,
10747,2.84518,
10748,2.75393,
10749,2.65278,
10750,2.8758,
10751,2.78185,
10752,2.94213,
10753,2.74929,
10754,2.49632,
10755,2.60371,
10756,2.76779,
10757,2.59514,
10758,2.63586,
10759,2.48919,
10760,2.62321,
10761,2.85965,
10762,2.87381,
10763,2.81631,
10764,2.93825,
10765,2.86012,
10766,2.87505,
10767,2.7563,
10768,2.9202,
10769,2.91806,
10770,2.91633,
10771,2.85954,
10772,2.86142,
10773,2.84272,
10774,2.76606,
10775,2.90902,
10776,2.56471,
10777,2.6594,
10778,2.84243,
10779,2.71492,
10780,2.75888,
10781,2.54592,
10782,2.6721,
10783,2.88115,
10784,2.51932,
10785,2.64962,
10786,2.61658,
10787,2.59578,
10788,2.75431,
10789,2.54359,
10790,2.61263,
10791,2.58808,
10792,2.72568,
10793,2.69525,
10794,2.77695,
10795,2.81928,
10796,2.79133,
10797,2.56628,
10798,2.67616,
10799,2.64831,
10800,2.75771,
10801,2.58145,
10802,2.88949,
10803,2.82449,
10804,2.84018,
10805,2.87057,
10806,2.86555,
10807,2.7131,
10808,2.82796,
10809,2.75319,
10810,2.80398,
10811,2.81538,
10812,2.96039,
10813,3.0551,
10814,2.94921,
10815,2.82533,
10816,2.80203,
10817,2.70524,
10818,2.71624,
10819,2.59702,
10820,2.67606,
10821,2.54303,
10822,2.72723,
10823,2.64011,
10824,2.81324,
10825,2.66415,
10826,2.78138,
10827,2.91746,
10828,2.87565,
10829,3.0764,
10830,2.7412,
10831,2.55946,
10832,2.83426,
10833,2.55134,
10834,2.82407,
10835,2.78997,
10836,2.94862,
10837,3.00789,
10838,3.01897,
10839,2.69474,
10840,2.96671,
10841,2.83182,
10842,2.82542,
10843,2.8133,
10844,2.93195,
10845,2.67863,
10846,2.95685,
10847,2.57811,
10848,2.88798,
10849,2.86629,
10850,2.9981,
10851,2.77574,
10852,2.89948,
10853,2.95708,
10854,2.69846,
10855,2.9067,
10856,2.58541,
10857,2.70772,
10858,2.75823,
10859,3.00744,
10860,2.99736,
10861,2.53824,
10862,2.80681,
10863,2.75118,
10864,2.84314,
10865,2.87982,
10866,3.05811,
10867,2.85781,
10868,2.71663,
10869,2.84773,
10870,2.87984,
10871,2.68689,
10872,2.71973,
10873,2.61443,
10874,2.84978,
10875,3.00781,
10876,2.99682,
10877,2.94899,
10878,2.87081,
10879,2.85939,
10880,2.64863,
10881,2.89666,
10882,2.76648,
10883,2.87858,
10884,2.77343,
10885,2.82082,
10886,2.78905,
10887,2.89552,
10888,2.89254,
10889,2.75951,
10890,2.81073,
10891,2.90429,
10892,2.69803,
10893,3.07146,
10894,2.87814,
10895,2.74741,
10896,2.65147,
10897,2.89334,
10898,2.80871,
10899,2.75182,
10900,2.67534,
10901,2.93965,
10902,2.68283,
10903,2.61509,
10904,2.77785,
10905,2.64171,
10906,2.68537,
10907,2.88848,
10908,2.94533,
10909,2.75308,
10910,2.69585,
10911,2.66241,
10912,2.83874,
10913,2.91247,
10914,2.5064,
10915,2.79538,
10916,2.76455,
10917,2.83322,
10918,2.87124,
10919,2.83611,
10920,2.64207,
10921,2.75339,
10922,2.81174,
10923,2.46993,
10924,2.53891,
10925,2.93568,
10926,2.76411,
10927,2.84706,
10928,2.63063,
10929,2.58697,
10930,2.79639,
10931,2.71868,
10932,2.66266,
10933,2.92922,
10934,2.83762,
10935,2.55405,
10936,2.72886,
10937,2.59845,
10938,2.76828,
10939,2.63084,
10940,2.5795,
10941,2.79436,
10942,2.73034,
10943,2.92055,
10944,2.95945,
10945,2.82808,
10946,2.9274,
10947,2.72369,
10948,2.80168,
10949,2.89799,
10950,2.83864,
10951,2.92841,
10952,3.00346,
10953,3.0817,
10954,3.80507,
10955,2.81433,
10956,2.80962,
10957,2.86122,
10958,2.85018,
10959,2.71243,
10960,2.88393,
10961,2.8131,
10962,2.81201,
10963,2.78725,
10964,3.18926,
10965,2.82929,
10966,2.80147,
10967,2.43195,
10968,2.59532,
10969,2.86768,
10970,2.85524,
10971,2.91777,
10972,3.05568,
10973,2.85482,
10974,2.79542,
10975,2.88864,
10976,2.83615,
10977,3.04568,
10978,2.83535,
10979,2.83061,
10980,2.9261,
10981,2.89359,
10982,2.82094,
10983,2.75858,
10984,2.71432,
10985,2.71367,
10986,2.78541,
10987,2.67991,
10988,2.5062,
10989,2.82163,
10990,2.70085,
10991,2.53556,
10992,2.6023,
10993,2.68592,
10994,2.78343,
10995,2.77541,
10996,2.71366,
10997,2.71832,
10998,2.45444,
10999,2.7314,
11000,2.4568,
11001,2.81346,
11002,2.61718,
11003,2.67653,
11004,2.59538,
11005,2.69863,
11006,2.7134,
11007,2.70058,
11008,2.62249,
11009,2.55435,
11010,2.73261,
11011,2.6755,
11012,2.42609,
11013,2.52556,
11014,2.50636,
11015,2.69711,
11016,2.70447,
11017,2.65845,
11018,2.70848,
11019,2.75672,
11020,2.80212,
11021,2.49615,
11022,2.87425,
11023,2.69166,
11024,2.75189,
11025,2.69176,
11026,2.82446,
11027,2.91154,
11028,2.88753,
11029,2.69088,
11030,2.5953,
11031,2.9872,
11032,2.79866,
11033,2.81893,
11034,2.7291,
11035,2.62053,
11036,2.65338,
11037,2.83211,
11038,2.35375,
11039,2.48199,
11040,2.32162,
11041,2.54099,
11042,2.6522,
11043,2.76827,
11044,2.74629,
11045,2.78283,
11046,2.69383,
11047,2.54582,
11048,2.61974,
11049,2.72392,
11050,2.9005,
11051,2.6915,
11052,2.63365,
11053,2.34097,
11054,2.40822,
11055,2.84013,
11056,2.49542,
11057,2.71932,
11058,2.51056,
11059,2.66079,
11060,2.47297,
11061,2.48814,
11062,2.51828,
11063,2.53191,
11064,2.49285,
11065,2.4191,
11066,2.55035,
11067,2.73986,
11068,2.43524,
11069,2.72118,
11070,2.61959,
11071,3.02514,
11072,2.99081,
11073,2.93159,
11074,3.06953,
11075,2.96761,
11076,2.91886,
11077,2.77723,
11078,2.56291,
11079,2.8708,
11080,2.70335,
11081,2.68982,
11082,2.91265,
11083,2.77684,
11084,2.88335,
11085,2.7669,
11086,2.74968,
11087,2.66193,
11088,2.71859,
11089,2.85217,
11090,2.78731,
11091,2.77062,
11092,2.72028,
11093,2.62844,
11094,2.90577,
11095,2.64179,
11096,2.65677,
11097,2.74963,
11098,2.73068,
11099,2.6632,
11100,3.04616,
11101,2.90523,
11102,2.91471,
11103,2.78813,
11104,2.97414,
11105,2.90106,
11106,2.82895,
11107,2.82133,
11108,2.81991,
11109,2.80452,
11110,2.83851,
11111,2.8183,
11112,2.71845,
11113,2.51522,
11114,2.72421,
11115,2.72504,
11116,2.72202,
11117,2.43901,
11118,2.597,
11119,2.35418,
11120,2.70814,
11121,2.73262,
11122,2.49237,
11123,2.62611,
11124,2.55405,
11125,2.71669,
11126,2.54225,
11127,2.59588,
11128,2.54262,
11129,2.77811,
11130,2.83009,
11131,2.82229,
11132,2.77131,
11133,2.87023,
11134,2.79823,
11135,2.94766,
11136,2.87805,
11137,2.90667,
11138,2.89311,
11139,2.7356,
11140,2.74547,
11141,2.52918,
11142,2.8184,
11143,2.74356,
11144,2.87227,
11145,2.75939,
11146,2.65136,
11147,2.75876,
11148,2.63945,
11149,2.67613,
11150,2.80509,
11151,2.89296,
11152,2.66686,
11153,2.66743,
11154,2.64747,
11155,2.92111,
11156,2.87538,
11157,2.97145,
11158,2.79008,
11159,2.93887,
11160,2.78689,
11161,2.90643,
11162,3.02452,
11163,2.80388,
11164,2.71962,
11165,2.64066,
11166,2.92116,
11167,2.90339,
11168,2.78655,
11169,2.83021,
11170,2.78514,
11171,2.98868,
11172,2.88374,
11173,3.08249,
11174,2.66817,
11175,2.73413,
11176,2.56361,
11177,2.72193,
11178,2.76398,
11179,2.75757,
11180,2.721,
11181,2.88101,
11182,2.82245,
11183,2.75308,
11184,2.52624,
11185,2.6795,
11186,2.7203,
11187,2.73485,
11188,2.68188,
11189,2.997,
11190,2.92555,
11191,2.98442,
11192,2.83824,
11193,2.70356,
11194,2.927,
11195,2.63724,
11196,2.92884,
11197,2.92227,
11198,2.8862,
11199,2.896,
11200,3.09198,
11201,3.19347,
11202,2.84497,
11203,2.87904,
11204,2.88549,
11205,3.01983,
11206,3.07703,
11207,2.83933,
11208,2.83342,
11209,2.81537,
11210,2.68853,
11211,2.80348,
11212,2.82369,
11213,2.84197,
11214,2.62107,
11215,2.6572,
11216,2.82843,
11217,3.12938,
11218,3.23652,
11219,3.22509,
11220,3.2238,
11221,3.18367,
11222,3.21153,
11223,3.12546,
11224,3.1609,
11225,3.12893,
11226,3.11978,
11227,3.12697,
11228,3.11746,
11229,3.12432,
11230,3.03426,
11231,3.11652,
11232,3.1217,
11233,3.0435,
11234,3.00725,
11235,2.96003,
11236,2.79815,
11237,3.06065,
11238,2.88296,
11239,2.84889,
11240,2.89249,
11241,2.89927,
11242,2.77629,
11243,2.94629,
11244,2.71661,
11245,2.77971,
11246,2.84164,
11247,2.68788,
11248,2.58189,
11249,2.86273,
11250,2.99303,
11251,2.85192,
11252,2.64301,
11253,2.82378,
11254,2.82217,
11255,2.76434,
11256,2.73009,
11257,2.83202,
11258,2.63933,
11259,2.71333,
11260,2.71457,
11261,2.66326,
11262,2.93655,
11263,2.86095,
11264,2.78256,
11265,2.82563,
11266,2.7422,
11267,2.72504,
11268,2.64502,
11269,2.71066,
11270,2.86053,
11271,2.74093,
11272,2.64545,
11273,2.88495,
11274,2.77089,
11275,2.64813,
11276,2.75719,
11277,2.55144,
11278,2.56747,
11279,2.79679,
11280,2.49328,
11281,2.59523,
11282,2.62909,
11283,2.72898,
11284,2.62359,
11285,2.56667,
11286,2.67775,
11287,2.56841,
11288,2.67848,
11289,2.7586,
11290,2.81151,
11291,2.80698,
11292,2.75356,
11293,2.62248,
11294,2.80366,
11295,2.61877,
11296,2.70043,
11297,2.73977,
11298,2.69438,
11299,2.94843,
11300,2.64199,
11301,2.57281,
11302,2.73156,
11303,2.59615,
11304,2.51731,
11305,2.69361,
11306,2.94466,
11307,2.4459,
11308,2.40948,
11309,2.79161,
11310,2.48449,
11311,2.65386,
11312,2.61988,
11313,2.52827,
11314,2.45894,
11315,2.84106,
11316,2.79506,
11317,2.80833,
11318,2.71553,
11319,2.94068,
11320,2.83022,
11321,2.95074,
11322,2.81307,
11323,2.77206,
11324,2.88404,
11325,2.79566,
11326,2.80627,
11327,2.76271,
11328,2.774,
11329,2.80663,
11330,2.4965,
11331,2.722,
11332,2.77847,
11333,2.81209,
11334,2.78254,
11335,2.43584,
11336,2.69362,
11337,2.74211,
11338,2.64051,
11339,2.37095,
11340,2.56811,
11341,2.59098,
11342,2.60895,
11343,2.65847,
11344,2.33298,
11345,2.47223,
11346,2.46663,
11347,2.59267,
11348,2.68034,
11349,3.04846,
11350,3.10578,
11351,2.92345,
11352,2.87009,
11353,3.0017,
11354,3.01376,
11355,2.75319,
11356,2.91325,
11357,2.79335,
11358,2.77925,
11359,2.72569,
11360,2.98972,
11361,2.82273,
11362,2.80407,
11363,2.87302,
11364,2.91694,
11365,2.83355,
11366,2.8488,
11367,2.72153,
11368,2.86185,
11369,2.79316,
11370,2.72265,
11371,2.66481,
11372,2.69501,
11373,2.67557,
11374,2.92206,
11375,2.93924,
11376,2.77281,
11377,2.85253,
11378,2.80453,
11379,2.83057,
11380,2.97258,
11381,2.90107,
11382,2.77783,
11383,2.80644,
11384,2.83847,
11385,2.60012,
11386,2.7345,
11387,2.80184,
11388,2.89359,
11389,2.66133,
11390,2.72696,
11391,2.70518,
11392,2.78777,
11393,2.76576,
11394,2.85895,
11395,2.60998,
11396,2.77172,
11397,2.70211,
11398,2.61605,
11399,2.76857,
11400,2.88921,
11401,2.72147,
11402,2.53293,
11403,2.73698,
11404,2.80915,
11405,2.75828,
11406,2.70824,
11407,2.6281,
11408,2.63801,
11409,2.62881,
11410,2.73116,
11411,2.45582,
11412,2.48945,
11413,2.54161,
11414,2.60975,
11415,2.65942,
11416,2.59015,
11417,2.43657,
11418,2.59574,
11419,2.51574,
11420,2.62025,
11421,2.45795,
11422,2.54093,
11423,2.75889,
11424,2.66852,
11425,2.71077,
11426,2.40387,
11427,2.58634,
11428,2.5139,
11429,2.58813,
11430,2.74483,
11431,2.45061,
11432,2.57171,
11433,2.43579,
11434,2.38308,
11435,2.59785,
11436,2.57648,
11437,2.54434,
11438,2.50827,
11439,2.74794,
11440,2.5591,
11441,2.67877,
11442,2.85859,
11443,2.9041,
11444,2.81968,
11445,2.82704,
11446,3.08815,
11447,2.79993,
11448,2.697,
11449,2.91729,
11450,2.72786,
11451,2.87264,
11452,2.92246,
11453,2.8086,
11454,2.80322,
11455,2.83495,
11456,2.53283,
11457,2.79906,
11458,2.77219,
11459,2.60691,
11460,2.72599,
11461,2.70067,
11462,2.57284,
11463,2.6877,
11464,2.72679,
11465,2.55992,
11466,2.63839,
11467,2.73485,
11468,2.838,
11469,2.67071,
11470,2.7184,
11471,2.61618,
11472,2.99227,
11473,3.08746,
11474,3.16205,
11475,3.12014,
11476,3.12415,
11477,3.06361,
11478,3.03072,
11479,3.09489,
11480,2.99815,
11481,3.01441,
11482,3.05443,
11483,3.07362,
11484,2.89806,
11485,3.04337,
11486,3.01491,
11487,3.04387,
11488,3.09444,
11489,2.99712,
11490,3.0196,
11491,2.96666,
11492,3.02871,
11493,2.88915,
11494,3.0702,
11495,2.60707,
11496,2.62548,
11497,2.53803,
11498,2.43399,
11499,2.48157,
11500,2.42571,
11501,2.71706,
11502,2.29955,
11503,2.52438,
11504,2.43218,
11505,2.52991,
11506,2.57317,
11507,2.32,
11508,2.34175,
11509,2.59437,
11510,2.72257,
11511,2.65584,
11512,2.37798,
11513,2.34989,
11514,2.95606,
11515,3.032,
11516,2.92078,
11517,2.93894,
11518,2.90788,
11519,2.8958,
11520,2.86995,
11521,2.62158,
11522,2.74232,
11523,2.86785,
11524,2.71912,
11525,2.80179,
11526,2.84317,
11527,2.98163,
11528,2.86694,
11529,2.72128,
11530,2.62159,
11531,2.78812,
11532,2.7487,
11533,2.69341,
11534,2.52497,
11535,2.55587,
11536,2.48773,
11537,2.66548,
11538,2.76228,
11539,2.60768,
11540,2.75083,
11541,2.73932,
11542,2.79101,
11543,2.73042,
11544,2.90909,
11545,2.67576,
11546,2.65525,
11547,2.77974,
11548,2.54171,
11549,2.55171,
11550,2.57857,
11551,2.74819,
11552,2.76505,
11553,2.65242,
11554,2.49983,
11555,2.4619,
11556,2.43953,
11557,2.27271,
11558,2.41783,
11559,2.43199,
11560,2.63641,
11561,2.34451,
11562,2.45979,
11563,2.45597,
11564,2.73939,
11565,2.57679,
11566,2.78541,
11567,2.4711,
11568,2.95336,
11569,2.61852,
11570,2.89012,
11571,3.01516,
11572,2.85663,
11573,3.05833,
11574,2.87814,
11575,2.83689,
11576,2.90057,
11577,2.87097,
11578,2.71028,
11579,2.57276,
11580,2.57909,
11581,2.70572,
11582,2.71465,
11583,2.70838,
11584,2.69481,
11585,2.63538,
11586,2.75953,
11587,2.54867,
11588,2.87654,
11589,2.78201,
11590,2.56234,
11591,2.48888,
11592,2.73666,
11593,2.44512,
11594,2.54902,
11595,2.50135,
11596,2.34889,
11597,2.39527,
11598,2.4913,
11599,2.87268,
11600,2.89093,
11601,3.11543,
11602,3.07417,
11603,3.06644,
11604,2.95937,
11605,2.69648,
11606,2.74237,
11607,2.74105,
11608,2.86072,
11609,3.1312,
11610,2.81111,
11611,2.89786,
11612,2.70144,
11613,2.66694,
11614,2.99679,
11615,2.95789,
11616,3.02792,
11617,2.83358,
11618,3.06104,
11619,2.70182,
11620,2.77267,
11621,2.75006,
11622,2.90575,
11623,2.73794,
11624,2.76442,
11625,2.66004,
11626,2.6587,
11627,2.88761,
11628,2.58333,
11629,2.61796,
11630,2.7287,
11631,2.74301,
11632,2.8136,
11633,2.64432,
11634,2.71619,
11635,2.63637,
11636,2.62046,
11637,2.54443,
11638,2.56605,
11639,2.6731,
11640,2.45086,
11641,2.46922,
11642,2.73789,
11643,2.55715,
11644,2.97791,
11645,3.10245,
11646,2.99152,
11647,3.15091,
11648,3.06119,
11649,2.96702,
11650,2.84642,
11651,2.92421,
11652,2.72704,
11653,2.75459,
11654,2.68441,
11655,2.69659,
11656,2.95474,
11657,2.95139,
11658,2.82775,
11659,2.93135,
11660,2.92671,
11661,2.659,
11662,2.72119,
11663,2.75169,
11664,2.59784,
11665,2.71901,
11666,2.88451,
11667,2.86904,
11668,2.9665,
11669,3.07524,
11670,3.02019,
11671,2.4875,
11672,2.68237,
11673,2.82486,
11674,2.87486,
11675,2.79139,
11676,2.884,
11677,3.04052,
11678,2.92968,
11679,3.02245,
11680,2.80839,
11681,2.73553,
11682,2.95602,
11683,2.6352,
11684,2.85305,
11685,2.87336,
11686,2.77683,
11687,2.79084,
11688,2.81529,
11689,3.03714,
11690,2.88114,
11691,2.94955,
11692,2.81388,
11693,2.98778,
11694,2.89541,
11695,2.80776,
11696,2.79306,
11697,2.84061,
11698,2.80539,
11699,2.62532,
11700,2.74427,
11701,2.67676,
11702,2.78869,
11703,2.74644,
11704,2.8654,
11705,2.5664,
11706,2.75626,
11707,2.75749,
11708,2.82,
11709,2.63206,
11710,2.648,
11711,2.88636,
11712,2.69577,
11713,2.84278,
11714,1.63668,
11715,2.89797,
11716,2.90465,
11717,2.99283,
11718,3.05858,
11719,3.26063,
11720,2.96634,
11721,2.92617,
11722,2.83924,
11723,2.91712,
11724,2.83056,
11725,2.96719,
11726,2.94211,
11727,2.75521,
11728,2.77467,
11729,2.74409,
11730,2.95979,
11731,2.68939,
11732,2.89588,
11733,2.92526,
11734,2.77635,
11735,2.7534,
11736,2.74233,
11737,2.91225,
11738,2.96353,
11739,2.95485,
11740,2.91909,
11741,2.90935,
11742,2.74073,
11743,3.00362,
11744,2.99744,
11745,2.72783,
11746,2.9084,
11747,2.72462,
11748,2.64892,
11749,2.64036,
11750,2.50234,
11751,2.81469,
11752,2.64455,
11753,2.61804,
11754,2.75008,
11755,2.84676,
11756,2.70216,
11757,2.57453,
11758,2.61256,
11759,2.57928,
11760,2.81176,
11761,2.63234,
11762,2.72879,
11763,2.87237,
11764,2.68494,
11765,2.80515,
11766,2.78187,
11767,2.69197,
11768,2.74029,
11769,2.7653,
11770,2.93885,
11771,2.79066,
11772,2.78145,
11773,2.80458,
11774,2.82399,
11775,2.67356,
11776,2.4932,
11777,2.70933,
11778,2.61469,
11779,2.72922,
11780,2.68816,
11781,2.45963,
11782,2.78458,
11783,2.8397,
11784,2.74127,
11785,2.68417,
11786,2.6123,
11787,2.8414,
11788,2.67848,
11789,2.4,
11790,2.71794,
11791,2.71629,
11792,2.84829,
11793,2.62442,
11794,2.57428,
11795,2.68914,
11796,2.60569,
11797,2.55674,
11798,2.64626,
11799,2.66286,
11800,2.87314,
11801,2.85655,
11802,2.85366,
11803,2.59502,
11804,2.74248,
11805,2.67908,
11806,2.86144,
11807,2.83232,
11808,2.83985,
11809,2.80861,
11810,2.99116,
11811,2.70895,
11812,2.82418,
11813,2.73785,
11814,2.62843,
11815,2.8377,
11816,2.75893,
11817,2.93587,
11818,2.73123,
11819,2.48114,
11820,2.58522,
11821,2.74094,
11822,2.57129,
11823,2.59895,
11824,2.45873,
11825,2.58996,
11826,2.84193,
11827,2.83621,
11828,2.7797,
11829,2.92256,
11830,2.84166,
11831,2.85648,
11832,2.75468,
11833,2.88717,
11834,2.8913,
11835,2.89745,
11836,2.83848,
11837,2.8462,
11838,2.83589,
11839,2.72971,
11840,2.89118,
11841,2.54621,
11842,2.63999,
11843,2.81798,
11844,2.70245,
11845,2.74804,
11846,2.52335,
11847,2.65621,
11848,2.85871,
11849,2.50803,
11850,2.62876,
11851,2.58882,
11852,2.57529,
11853,2.72354,
11854,2.52144,
11855,2.58147,
11856,2.57475,
11857,2.70944,
11858,2.67901,
11859,2.76822,
11860,2.8014,
11861,2.77668,
11862,2.55412,
11863,2.66857,
11864,2.62496,
11865,2.72981,
11866,2.54959,
11867,2.86832,
11868,2.7962,
11869,2.81619,
11870,2.86008,
11871,2.8257,
11872,2.67017,
11873,2.80822,
11874,2.74611,
11875,2.77454,
11876,2.78501,
11877,2.93098,
11878,3.03616,
11879,2.91988,
11880,2.80847,
11881,2.79337,
11882,2.67927,
11883,2.68675,
11884,2.57863,
11885,2.65646,
11886,2.53642,
11887,2.7043,
11888,2.61199,
11889,2.79773,
11890,2.63332,
11891,2.76436,
11892,2.88604,
11893,2.85074,
11894,3.05245,
11895,2.70539,
11896,2.5433,
11897,2.79882,
11898,2.52829,
11899,2.81336,
11900,2.73367,
11901,2.93302,
11902,2.98806,
11903,2.99585,
11904,2.67552,
11905,2.93759,
11906,2.81303,
11907,2.80283,
11908,2.7893,
11909,2.8982,
11910,2.66065,
11911,2.93715,
11912,2.55163,
11913,2.85585,
11914,2.8371,
11915,2.9782,
11916,2.76122,
11917,2.88291,
11918,2.92521,
11919,2.67812,
11920,2.88905,
11921,2.56444,
11922,2.69101,
11923,2.74046,
11924,2.99462,
11925,2.97331,
11926,2.51961,
11927,2.79008,
11928,2.73998,
11929,2.82925,
11930,2.864,
11931,3.04027,
11932,2.8181,
11933,2.69522,
11934,2.82941,
11935,2.8596,
11936,2.67322,
11937,2.69139,
11938,2.61096,
11939,2.80277,
11940,2.97774,
11941,2.97193,
11942,2.94179,
11943,2.86497,
11944,2.83513,
11945,2.62091,
11946,2.86372,
11947,2.7488,
11948,2.86465,
11949,2.74326,
11950,2.77231,
11951,2.77159,
11952,2.87958,
11953,2.85394,
11954,2.73439,
11955,2.78022,
11956,2.88876,
11957,2.67045,
11958,3.04519,
11959,2.86723,
11960,2.7187,
11961,2.61604,
11962,2.85345,
11963,2.7932,
11964,2.73297,
11965,2.62858,
11966,2.9132,
11967,2.6692,
11968,2.59824,
11969,2.75738,
11970,2.62088,
11971,2.63865,
11972,2.86602,
11973,2.91839,
11974,2.71665,
11975,2.67522,
11976,2.63099,
11977,2.83656,
11978,2.8999,
11979,2.47955,
11980,2.76032,
11981,2.74242,
11982,2.80205,
11983,2.83222,
11984,2.80863,
11985,2.61667,
11986,2.73264,
11987,2.78526,
11988,2.44277,
11989,2.50828,
11990,2.91041,
11991,2.73017,
11992,2.82097,
11993,2.59068,
11994,2.5507,
11995,2.76281,
11996,2.68344,
11997,2.62348,
11998,2.90248,
11999,2.81326,
12000,2.52972,
12001,2.70205,
12002,2.57746,
12003,2.73292,
12004,2.60477,
12005,2.54015,
12006,2.77408,
12007,2.69628,
12008,2.90422,
12009,2.93789,
12010,2.80742,
12011,2.91582,
12012,2.69759,
12013,2.78457,
12014,2.8755,
12015,2.80481,
12016,2.8897,
12017,2.94928,
12018,3.04264,
12019,3.75051,
12020,2.78084,
12021,2.77677,
12022,2.84328,
12023,2.81339,
12024,2.68742,
12025,2.87651,
12026,2.79612,
12027,2.78467,
12028,2.74515,
12029,3.15803,
12030,2.78471,
12031,2.77487,
12032,2.41486,
12033,2.58187,
12034,2.83597,
12035,2.82986,
12036,2.89127,
12037,3.04497,
12038,2.83706,
12039,2.76144,
12040,2.85874,
12041,2.79603,
12042,3.00061,
12043,2.77922,
12044,2.79007,
12045,2.89933,
12046,2.85349,
12047,2.78897,
12048,2.73917,
12049,2.68453,
12050,2.69392,
12051,2.76199,
12052,2.65044,
12053,2.47229,
12054,2.80128,
12055,2.67852,
12056,2.50458,
12057,2.58899,
12058,2.66231,
12059,2.75427,
12060,2.75528,
12061,2.69184,
12062,2.69514,
12063,2.42487,
12064,2.70328,
12065,2.43101,
12066,2.78309,
12067,2.60027,
12068,2.6633,
12069,2.53993,
12070,2.68047,
12071,2.68991,
12072,2.67411,
12073,2.60179,
12074,2.52904,
12075,2.70003,
12076,2.66095,
12077,2.41015,
12078,2.49809,
12079,2.48479,
12080,2.65508,
12081,2.67728,
12082,2.6313,
12083,2.68762,
12084,2.73212,
12085,2.77816,
12086,2.48332,
12087,2.86536,
12088,2.6736,
12089,2.73516,
12090,2.67364,
12091,2.78145,
12092,2.88459,
12093,2.8534,
12094,2.66694,
12095,2.57744,
12096,2.95906,
12097,2.77887,
12098,2.80028,
12099,2.69634,
12100,2.58506,
12101,2.61668,
12102,2.78388,
12103,2.29856,
12104,2.45694,
12105,2.29918,
12106,2.5126,
12107,2.62236,
12108,2.74067,
12109,2.72929,
12110,2.76049,
12111,2.67424,
12112,2.52425,
12113,2.58977,
12114,2.7055,
12115,2.8756,
12116,2.64184,
12117,2.61449,
12118,2.31376,
12119,2.38668,
12120,2.81728,
12121,2.47015,
12122,2.67996,
12123,2.48121,
12124,2.63099,
12125,2.44913,
12126,2.46793,
12127,2.4971,
12128,2.50231,
12129,2.47398,
12130,2.39885,
12131,2.52711,
12132,2.71564,
12133,2.40664,
12134,2.69909,
12135,2.58378,
12136,3.01974,
12137,2.95255,
12138,2.90087,
12139,3.03901,
12140,2.9442,
12141,2.89691,
12142,2.75534,
12143,2.53605,
12144,2.85838,
12145,2.66695,
12146,2.66244,
12147,2.89742,
12148,2.74407,
12149,2.87255,
12150,2.75749,
12151,2.72486,
12152,2.64356,
12153,2.69595,
12154,2.83639,
12155,2.77029,
12156,2.7408,
12157,2.69939,
12158,2.61311,
12159,2.89685,
12160,2.61991,
12161,2.62752,
12162,2.73118,
12163,2.70117,
12164,2.64071,
12165,3.03884,
12166,2.8692,
12167,2.87407,
12168,2.75698,
12169,2.95729,
12170,2.8781,
12171,2.7928,
12172,2.79392,
12173,2.81542,
12174,2.80436,
12175,2.81042,
12176,2.79881,
12177,2.68399,
12178,2.49955,
12179,2.70311,
12180,2.71173,
12181,2.70299,
12182,2.43051,
12183,2.58577,
12184,2.33185,
12185,2.6639,
12186,2.72004,
12187,2.46905,
12188,2.59329,
12189,2.53717,
12190,2.7126,
12191,2.53593,
12192,2.56412,
12193,2.4829,
12194,2.74923,
12195,2.81402,
12196,2.79939,
12197,2.73596,
12198,2.84588,
12199,2.77374,
12200,2.91033,
12201,2.85136,
12202,2.88027,
12203,2.86753,
12204,2.72302,
12205,2.73392,
12206,2.50948,
12207,2.79692,
12208,2.73269,
12209,2.85036,
12210,2.73894,
12211,2.63539,
12212,2.73067,
12213,2.61288,
12214,2.64274,
12215,2.78549,
12216,2.85875,
12217,2.63635,
12218,2.62899,
12219,2.63544,
12220,2.90295,
12221,2.84968,
12222,2.96024,
12223,2.75066,
12224,2.90636,
12225,2.75883,
12226,2.88634,
12227,2.98602,
12228,2.75463,
12229,2.69403,
12230,2.60649,
12231,2.89577,
12232,2.87685,
12233,2.75836,
12234,2.80804,
12235,2.76622,
12236,2.96953,
12237,2.86598,
12238,3.05533,
12239,2.64105,
12240,2.71757,
12241,2.54794,
12242,2.69971,
12243,2.74208,
12244,2.74927,
12245,2.68686,
12246,2.84849,
12247,2.80302,
12248,2.72263,
12249,2.51179,
12250,2.64415,
12251,2.69113,
12252,2.7221,
12253,2.66512,
12254,2.96519,
12255,2.92165,
12256,2.95991,
12257,2.81816,
12258,2.67951,
12259,2.90264,
12260,2.61456,
12261,2.9061,
12262,2.89329,
12263,2.87352,
12264,2.88056,
12265,3.05359,
12266,3.17354,
12267,2.83893,
12268,2.84706,
12269,2.85918,
12270,2.9893,
12271,3.03457,
12272,2.81162,
12273,2.81979,
12274,2.79138,
12275,2.66896,
12276,2.78019,
12277,2.79683,
12278,2.81028,
12279,2.5997,
12280,2.63824,
12281,2.80749,
12282,3.09498,
12283,3.21341,
12284,3.20353,
12285,3.19025,
12286,3.15784,
12287,3.19295,
12288,3.11164,
12289,3.12155,
12290,3.10004,
12291,3.09846,
12292,3.09119,
12293,3.08331,
12294,3.09853,
12295,3.01032,
12296,3.0906,
12297,3.08776,
12298,3.02554,
12299,2.98956,
12300,2.95331,
12301,2.76948,
12302,3.03593,
12303,2.85961,
12304,2.81505,
12305,2.86882,
12306,2.86966,
12307,2.74191,
12308,2.92237,
12309,2.68176,
12310,2.75562,
12311,2.81515,
12312,2.66741,
12313,2.57505,
12314,2.83198,
12315,2.94176,
12316,2.81589,
12317,2.61832,
12318,2.81293,
12319,2.81246,
12320,2.73811,
12321,2.69842,
12322,2.79698,
12323,2.62129,
12324,2.6885,
12325,2.68599,
12326,2.64539,
12327,2.8996,
12328,2.82386,
12329,2.77728,
12330,2.79825,
12331,2.71481,
12332,2.70705,
12333,2.62938,
12334,2.6997,
12335,2.85029,
12336,2.71464,
12337,2.63106,
12338,2.86674,
12339,2.73992,
12340,2.63446,
12341,2.74758,
12342,2.52855,
12343,2.54876,
12344,2.77748,
12345,2.46702,
12346,2.57178,
12347,2.61233,
12348,2.6978,
12349,2.5976,
12350,2.55819,
12351,2.66046,
12352,2.55864,
12353,2.65964,
12354,2.7202,
12355,2.79615,
12356,2.79558,
12357,2.73151,
12358,2.60159,
12359,2.78927,
12360,2.60345,
12361,2.68901,
12362,2.70754,
12363,2.66848,
12364,2.93763,
12365,2.62189,
12366,2.55809,
12367,2.71672,
12368,2.57998,
12369,2.50369,
12370,2.67632,
12371,2.91954,
12372,2.42918,
12373,2.39804,
12374,2.76499,
12375,2.46969,
12376,2.6273,
12377,2.60257,
12378,2.50387,
12379,2.43895,
12380,2.81334,
12381,2.76901,
12382,2.78458,
12383,2.6833,
12384,2.93176,
12385,2.81559,
12386,2.9109,
12387,2.79115,
12388,2.74865,
12389,2.86688,
12390,2.75259,
12391,2.78615,
12392,2.74804,
12393,2.76547,
12394,2.78746,
12395,2.47605,
12396,2.70446,
12397,2.75605,
12398,2.78565,
12399,2.76042,
12400,2.40476,
12401,2.6537,
12402,2.70403,
12403,2.62715,
12404,2.34995,
12405,2.55369,
12406,2.58019,
12407,2.57275,
12408,2.64581,
12409,2.3259,
12410,2.45874,
12411,2.44663,
12412,2.58245,
12413,2.65221,
12414,3.00987,
12415,3.06846,
12416,2.89607,
12417,2.83554,
12418,2.98157,
12419,2.98132,
12420,2.73039,
12421,2.8817,
12422,2.76756,
12423,2.77377,
12424,2.70711,
12425,2.95347,
12426,2.78487,
12427,2.77972,
12428,2.86469,
12429,2.87742,
12430,2.80313,
12431,2.84294,
12432,2.71016,
12433,2.83906,
12434,2.77467,
12435,2.7033,
12436,2.6443,
12437,2.68318,
12438,2.64701,
12439,2.9148,
12440,2.90838,
12441,2.7446,
12442,2.82924,
12443,2.78606,
12444,2.80759,
12445,2.94887,
12446,2.8832,
12447,2.75967,
12448,2.77577,
12449,2.81042,
12450,2.57087,
12451,2.70429,
12452,2.77283,
12453,2.8758,
12454,2.67061,
12455,2.71704,
12456,2.67811,
12457,2.76875,
12458,2.73538,
12459,2.82979,
12460,2.60599,
12461,2.74487,
12462,2.69219,
12463,2.58753,
12464,2.75255,
12465,2.88021,
12466,2.70271,
12467,2.49521,
12468,2.70558,
12469,2.78729,
12470,2.72475,
12471,2.67081,
12472,2.61039,
12473,2.61375,
12474,2.61617,
12475,2.71875,
12476,2.43842,
12477,2.47077,
12478,2.51302,
12479,2.59003,
12480,2.65038,
12481,2.56673,
12482,2.40499,
12483,2.57523,
12484,2.50011,
12485,2.59314,
12486,2.44027,
12487,2.5239,
12488,2.74842,
12489,2.6427,
12490,2.68469,
12491,2.39808,
12492,2.57601,
12493,2.48529,
12494,2.56914,
12495,2.71995,
12496,2.4124,
12497,2.54363,
12498,2.42888,
12499,2.36622,
12500,2.56314,
12501,2.555,
12502,2.52524,
12503,2.46728,
12504,2.72713,
12505,2.52107,
12506,2.6319,
12507,2.83825,
12508,2.87436,
12509,2.78546,
12510,2.78587,
12511,3.05884,
12512,2.77829,
12513,2.6755,
12514,2.88767,
12515,2.7072,
12516,2.85964,
12517,2.90393,
12518,2.78357,
12519,2.79945,
12520,2.79527,
12521,2.51163,
12522,2.76845,
12523,2.74948,
12524,2.58442,
12525,2.70088,
12526,2.67219,
12527,2.55549,
12528,2.67765,
12529,2.7127,
12530,2.53706,
12531,2.62039,
12532,2.71251,
12533,2.79558,
12534,2.64479,
12535,2.70705,
12536,2.59168,
12537,2.9682,
12538,3.06214,
12539,3.14783,
12540,3.10548,
12541,3.11984,
12542,3.05539,
12543,3.01364,
12544,3.07385,
12545,2.98518,
12546,3.00248,
12547,3.03167,
12548,3.05426,
12549,2.88293,
12550,3.0225,
12551,2.99389,
12552,3.025,
12553,3.08167,
12554,2.97596,
12555,2.99801,
12556,2.94221,
12557,3.01707,
12558,2.85447,
12559,3.02505,
12560,2.54648,
12561,2.60812,
12562,2.51224,
12563,2.39605,
12564,2.4628,
12565,2.40686,
12566,2.70935,
12567,2.2696,
12568,2.49323,
12569,2.40949,
12570,2.51633,
12571,2.5296,
12572,2.29099,
12573,2.31795,
12574,2.57186,
12575,2.70875,
12576,2.64091,
12577,2.34966,
12578,2.3271,
12579,2.9186,
12580,3.01182,
12581,2.88348,
12582,2.90546,
12583,2.88023,
12584,2.86705,
12585,2.84139,
12586,2.60218,
12587,2.71635,
12588,2.82977,
12589,2.70045,
12590,2.77732,
12591,2.80971,
12592,2.96968,
12593,2.85027,
12594,2.71057,
12595,2.60301,
12596,2.77051,
12597,2.72113,
12598,2.69579,
12599,2.49659,
12600,2.53631,
12601,2.46468,
12602,2.63795,
12603,2.72864,
12604,2.60107,
12605,2.72164,
12606,2.69984,
12607,2.74104,
12608,2.70039,
12609,2.8744,
12610,2.63493,
12611,2.61032,
12612,2.74909,
12613,2.51811,
12614,2.52181,
12615,2.56505,
12616,2.72447,
12617,2.73371,
12618,2.61585,
12619,2.48186,
12620,2.43462,
12621,2.41903,
12622,2.2525,
12623,2.37785,
12624,2.40217,
12625,2.61252,
12626,2.3242,
12627,2.44348,
12628,2.43121,
12629,2.73271,
12630,2.55751,
12631,2.77192,
12632,2.44455,
12633,2.92746,
12634,2.59763,
12635,2.85576,
12636,2.993,
12637,2.82752,
12638,3.02065,
12639,2.84767,
12640,2.82107,
12641,2.86994,
12642,2.85772,
12643,2.68199,
12644,2.53828,
12645,2.55396,
12646,2.68504,
12647,2.68275,
12648,2.68973,
12649,2.66318,
12650,2.62702,
12651,2.73668,
12652,2.52368,
12653,2.85318,
12654,2.75642,
12655,2.54094,
12656,2.46878,
12657,2.70752,
12658,2.4345,
12659,2.53177,
12660,2.49234,
12661,2.32883,
12662,2.37835,
12663,2.45761,
12664,2.82242,
12665,2.8847,
12666,3.08692,
12667,3.04135,
12668,3.03614,
12669,2.95259,
12670,2.6714,
12671,2.71951,
12672,2.7261,
12673,2.84295,
12674,3.09815,
12675,2.78383,
12676,2.88705,
12677,2.679,
12678,2.65111,
12679,2.97746,
12680,2.93408,
12681,2.99702,
12682,2.81449,
12683,3.04785,
12684,2.68706,
12685,2.75689,
12686,2.73226,
12687,2.87949,
12688,2.71666,
12689,2.73937,
12690,2.63626,
12691,2.64391,
12692,2.85334,
12693,2.5534,
12694,2.62173,
12695,2.70668,
12696,2.72955,
12697,2.79069,
12698,2.61953,
12699,2.69958,
12700,2.60321,
12701,2.59174,
12702,2.53262,
12703,2.54057,
12704,2.65571,
12705,2.42036,
12706,2.45392,
12707,2.72042,
12708,2.53242,
12709,2.95422,
12710,3.06735,
12711,2.96616,
12712,3.12931,
12713,3.04504,
12714,2.94733,
12715,2.82034,
12716,2.89898,
12717,2.70812,
12718,2.74514,
12719,2.66475,
12720,2.6738,
12721,2.93157,
12722,2.93037,
12723,2.82447,
12724,2.90607,
12725,2.89012,
12726,2.6421,
12727,2.68498,
12728,2.74194,
12729,2.58439,
12730,2.69447,
12731,2.84792,
12732,2.83982,
12733,2.94817,
12734,3.04351,
12735,3.00394,
12736,2.48498,
12737,2.66199,
12738,2.80345,
12739,2.85948,
12740,2.77199,
12741,2.85679,
12742,3.00103,
12743,2.90352,
12744,3.01503,
12745,2.77941,
12746,2.71864,
12747,2.92538,
12748,2.61281,
12749,2.82633,
12750,2.84351,
12751,2.75517,
12752,2.77752,
12753,2.78978,
12754,3.01351,
12755,2.86475,
12756,2.93041,
12757,2.79398,
12758,2.97815,
12759,2.87515,
12760,2.79344,
12761,2.76038,
12762,2.81439,
12763,2.78554,
12764,2.61291,
12765,2.71794,
12766,2.65966,
12767,2.78263,
12768,2.73653,
12769,2.86,
12770,2.53364,
12771,2.7291,
12772,2.7422,
12773,2.81186,
12774,2.60962,
12775,2.6179,
12776,2.85959,
12777,2.66998,
12778,2.82817,
12779,1.58578,
12780,2.84469,
12781,2.87645,
12782,2.96286,
12783,3.02788,
12784,3.2299,
12785,2.94394,
12786,2.89184,
12787,2.79874,
12788,2.88256,
12789,2.80713,
12790,2.93793,
12791,2.92314,
12792,2.74631,
12793,2.75032,
12794,2.70304,
12795,2.93547,
12796,2.66225,
12797,2.87968,
12798,2.90287,
12799,2.76599,
12800,2.73362,
12801,2.70583,
12802,2.89186,
12803,2.93136,
12804,2.91232,
12805,2.90372,
12806,2.89278,
12807,2.7217,
12808,2.97339,
12809,2.97793,
12810,2.70892,
12811,2.87765,
12812,2.70558,
12813,2.62963,
12814,2.6202,
12815,2.4831,
12816,2.80587,
12817,2.6039,
12818,2.59149,
12819,2.74069,
12820,2.81627,
12821,2.67563,
12822,2.56343,
12823,2.60827,
12824,2.55942,
12825,2.80552,
12826,2.61451,
12827,2.7027,
12828,2.85802,
12829,2.67816,
12830,2.79247,
12831,2.74574,
12832,2.66576,
12833,2.71832,
12834,2.73681,
12835,2.90985,
12836,2.77387,
12837,2.75084,
12838,2.77814,
12839,2.81939,
12840,2.6451,
12841,2.476,
12842,2.69725,
12843,2.6038,
12844,2.71292,
12845,2.67181,
12846,2.42847,
12847,2.75183,
12848,2.81258,
12849,2.73272,
12850,2.65794,
12851,2.61327,
12852,2.8324,
12853,2.66754,
12854,2.37014,
12855,2.69387,
12856,2.68779,
12857,2.82166,
12858,2.59226,
12859,2.55094,
12860,2.66695,
12861,2.58036,
12862,2.54498,
12863,2.63132,
12864,2.64232,
12865,2.85773,
12866,2.84334,
12867,2.81219,
12868,2.5744,
12869,2.72511,
12870,2.66447,
12871,2.84139,
12872,2.81913,
12873,2.8208,
12874,2.79367,
12875,2.95124,
12876,2.67523,
12877,2.8005,
12878,2.69692,
12879,2.58444,
12880,2.81385,
12881,2.7354,
12882,2.90453,
12883,2.70194,
12884,2.46379,
12885,2.56633,
12886,2.72423,
12887,2.54446,
12888,2.58241,
12889,2.45281,
12890,2.57189,
12891,2.81196,
12892,2.79961,
12893,2.74948,
12894,2.89974,
12895,2.80717,
12896,2.83992,
12897,2.72329,
12898,2.87142,
12899,2.86514,
12900,2.87095,
12901,2.80911,
12902,2.81902,
12903,2.81135,
12904,2.71567,
12905,2.87429,
12906,2.536,
12907,2.6274,
12908,2.80705,
12909,2.68933,
12910,2.72583,
12911,2.50853,
12912,2.64074,
12913,2.83306,
12914,2.48932,
12915,2.6235,
12916,2.5788,
12917,2.56799,
12918,2.70439,
12919,2.49315,
12920,2.56673,
12921,2.55735,
12922,2.69304,
12923,2.65236,
12924,2.74012,
12925,2.77756,
12926,2.74679,
12927,2.53409,
12928,2.64277,
12929,2.60874,
12930,2.72426,
12931,2.53585,
12932,2.84603,
12933,2.7724,
12934,2.79677,
12935,2.841,
12936,2.82046,
12937,2.65878,
12938,2.77221,
12939,2.73719,
12940,2.76884,
12941,2.77028,
12942,2.90751,
12943,3.01361,
12944,2.90718,
12945,2.79233,
12946,2.75501,
12947,2.66377,
12948,2.6602,
12949,2.55678,
12950,2.64057,
12951,2.51768,
12952,2.69651,
12953,2.59747,
12954,2.76433,
12955,2.62368,
12956,2.73908,
12957,2.87614,
12958,2.82396,
12959,3.03266,
12960,2.67982,
12961,2.52073,
12962,2.79085,
12963,2.52565,
12964,2.79202,
12965,2.69204,
12966,2.89862,
12967,2.9541,
12968,2.96174,
12969,2.66499,
12970,2.91334,
12971,2.77408,
12972,2.77602,
12973,2.77379,
12974,2.86596,
12975,2.63565,
12976,2.90784,
12977,2.52254,
12978,2.82812,
12979,2.82899,
12980,2.95494,
12981,2.74402,
12982,2.86262,
12983,2.90534,
12984,2.66572,
12985,2.87905,
12986,2.55672,
12987,2.6731,
12988,2.73333,
12989,2.97733,
12990,2.96461,
12991,2.50375,
12992,2.76069,
12993,2.71621,
12994,2.81899,
12995,2.84164,
12996,3.02324,
12997,2.79773,
12998,2.68972,
12999,2.81272,
13000,2.84602,
13001,2.66335,
13002,2.6683,
13003,2.57945,
13004,2.7844,
13005,2.95789,
13006,2.94486,
13007,2.91915,
13008,2.83943,
13009,2.80899,
13010,2.59737,
13011,2.83588,
13012,2.73566,
13013,2.83585,
13014,2.72958,
13015,2.75069,
13016,2.74502,
13017,2.85546,
13018,2.83717,
13019,2.697,
13020,2.75458,
13021,2.86788,
13022,2.65781,
13023,3.01782,
13024,2.84841,
13025,2.70953,
13026,2.59342,
13027,2.83079,
13028,2.75755,
13029,2.69978,
13030,2.60525,
13031,2.89386,
13032,2.64538,
13033,2.57004,
13034,2.74401,
13035,2.60251,
13036,2.60319,
13037,2.85158,
13038,2.90161,
13039,2.68823,
13040,2.65543,
13041,2.62279,
13042,2.8033,
13043,2.87216,
13044,2.47836,
13045,2.74539,
13046,2.72393,
13047,2.7812,
13048,2.80268,
13049,2.77799,
13050,2.59532,
13051,2.70492,
13052,2.78161,
13053,2.42538,
13054,2.47686,
13055,2.88272,
13056,2.71843,
13057,2.82398,
13058,2.5704,
13059,2.52985,
13060,2.73962,
13061,2.66225,
13062,2.59899,
13063,2.90517,
13064,2.7866,
13065,2.49945,
13066,2.68107,
13067,2.56603,
13068,2.71883,
13069,2.59576,
13070,2.51807,
13071,2.75047,
13072,2.66384,
13073,2.87478,
13074,2.91039,
13075,2.78238,
13076,2.88291,
13077,2.68488,
13078,2.74846,
13079,2.85502,
13080,2.78223,
13081,2.87737,
13082,2.92471,
13083,3.01119,
13084,3.69725,
13085,2.75838,
13086,2.75209,
13087,2.80926,
13088,2.79882,
13089,2.65976,
13090,2.84343,
13091,2.77182,
13092,2.76728,
13093,2.72448,
13094,3.13118,
13095,2.76835,
13096,2.74859,
13097,2.40735,
13098,2.53913,
13099,2.80435,
13100,2.81439,
13101,2.86376,
13102,3.02172,
13103,2.81752,
13104,2.73822,
13105,2.8364,
13106,2.77682,
13107,2.98145,
13108,2.75473,
13109,2.77259,
13110,2.88513,
13111,2.83346,
13112,2.75791,
13113,2.72083,
13114,2.66108,
13115,2.67138,
13116,2.74965,
13117,2.62748,
13118,2.45124,
13119,2.78689,
13120,2.66717,
13121,2.50757,
13122,2.56431,
13123,2.64186,
13124,2.75351,
13125,2.73894,
13126,2.66962,
13127,2.67042,
13128,2.41595,
13129,2.69621,
13130,2.41531,
13131,2.76288,
13132,2.58158,
13133,2.64679,
13134,2.49523,
13135,2.65098,
13136,2.66529,
13137,2.66028,
13138,2.57106,
13139,2.51668,
13140,2.68444,
13141,2.6419,
13142,2.38488,
13143,2.47668,
13144,2.45528,
13145,2.63475,
13146,2.66326,
13147,2.61907,
13148,2.67404,
13149,2.72103,
13150,2.75827,
13151,2.46792,
13152,2.83244,
13153,2.63565,
13154,2.70459,
13155,2.65085,
13156,2.75541,
13157,2.86258,
13158,2.82322,
13159,2.6459,
13160,2.55662,
13161,2.94314,
13162,2.7568,
13163,2.78138,
13164,2.67964,
13165,2.56513,
13166,2.59725,
13167,2.75249,
13168,2.27343,
13169,2.44516,
13170,2.29561,
13171,2.49352,
13172,2.59069,
13173,2.72803,
13174,2.70733,
13175,2.75599,
13176,2.66029,
13177,2.49601,
13178,2.55875,
13179,2.68834,
13180,2.85262,
13181,2.63377,
13182,2.58714,
13183,2.30069,
13184,2.35881,
13185,2.78452,
13186,2.45592,
13187,2.65547,
13188,2.4589,
13189,2.61883,
13190,2.42391,
13191,2.45281,
13192,2.48662,
13193,2.4779,
13194,2.45026,
13195,2.38591,
13196,2.52204,
13197,2.71457,
13198,2.39236,
13199,2.66309,
13200,2.56418,
13201,2.996,
13202,2.94547,
13203,2.87024,
13204,3.02245,
13205,2.92361,
13206,2.87822,
13207,2.72447,
13208,2.54116,
13209,2.84755,
13210,2.65847,
13211,2.63859,
13212,2.87653,
13213,2.72044,
13214,2.85726,
13215,2.72691,
13216,2.72334,
13217,2.62734,
13218,2.67558,
13219,2.81017,
13220,2.76325,
13221,2.73593,
13222,2.68894,
13223,2.59584,
13224,2.87889,
13225,2.60494,
13226,2.60781,
13227,2.71114,
13228,2.67539,
13229,2.62898,
13230,3.01175,
13231,2.85647,
13232,2.82772,
13233,2.73154,
13234,2.92971,
13235,2.8726,
13236,2.78519,
13237,2.76348,
13238,2.77988,
13239,2.78022,
13240,2.80266,
13241,2.75928,
13242,2.66964,
13243,2.48094,
13244,2.67848,
13245,2.70612,
13246,2.69909,
13247,2.41428,
13248,2.56554,
13249,2.31993,
13250,2.65683,
13251,2.70421,
13252,2.45547,
13253,2.57503,
13254,2.50977,
13255,2.69046,
13256,2.5203,
13257,2.55153,
13258,2.44594,
13259,2.72335,
13260,2.78792,
13261,2.7676,
13262,2.72938,
13263,2.82184,
13264,2.76091,
13265,2.88916,
13266,2.81942,
13267,2.86773,
13268,2.84972,
13269,2.70431,
13270,2.70367,
13271,2.48974,
13272,2.77918,
13273,2.72748,
13274,2.84129,
13275,2.72113,
13276,2.60291,
13277,2.71194,
13278,2.59354,
13279,2.62693,
13280,2.75733,
13281,2.85987,
13282,2.60577,
13283,2.62303,
13284,2.61818,
13285,2.88436,
13286,2.85116,
13287,2.92921,
13288,2.73476,
13289,2.87816,
13290,2.75296,
13291,2.83875,
13292,2.96213,
13293,2.73138,
13294,2.67218,
13295,2.58236,
13296,2.88664,
13297,2.86462,
13298,2.75073,
13299,2.78478,
13300,2.75289,
13301,2.96462,
13302,2.85226,
13303,3.03853,
13304,2.62385,
13305,2.71052,
13306,2.55322,
13307,2.7003,
13308,2.72908,
13309,2.73934,
13310,2.67384,
13311,2.83146,
13312,2.78306,
13313,2.71263,
13314,2.50368,
13315,2.62888,
13316,2.68499,
13317,2.69536,
13318,2.64331,
13319,2.95278,
13320,2.89063,
13321,2.93682,
13322,2.79032,
13323,2.66379,
13324,2.85689,
13325,2.58357,
13326,2.89688,
13327,2.87009,
13328,2.86206,
13329,2.84443,
13330,3.02306,
13331,3.14566,
13332,2.80835,
13333,2.81856,
13334,2.83633,
13335,2.96759,
13336,3.01657,
13337,2.77286,
13338,2.80955,
13339,2.77536,
13340,2.66488,
13341,2.75324,
13342,2.77862,
13343,2.78009,
13344,2.57979,
13345,2.61279,
13346,2.79968,
13347,3.06087,
13348,3.18003,
13349,3.18126,
13350,3.1756,
13351,3.13075,
13352,3.17413,
13353,3.07969,
13354,3.11293,
13355,3.08795,
13356,3.07315,
13357,3.06731,
13358,3.06205,
13359,3.08764,
13360,2.98322,
13361,3.06904,
13362,3.06312,
13363,3.01309,
13364,2.97104,
13365,2.93922,
13366,2.73174,
13367,3.0074,
13368,2.82969,
13369,2.7958,
13370,2.84873,
13371,2.86134,
13372,2.72139,
13373,2.8971,
13374,2.66179,
13375,2.72576,
13376,2.77889,
13377,2.65839,
13378,2.56066,
13379,2.80141,
13380,2.91535,
13381,2.78315,
13382,2.60648,
13383,2.78561,
13384,2.78709,
13385,2.69812,
13386,2.67103,
13387,2.7808,
13388,2.61784,
13389,2.66297,
13390,2.67535,
13391,2.63231,
13392,2.88346,
13393,2.80579,
13394,2.75246,
13395,2.76117,
13396,2.69372,
13397,2.69053,
13398,2.61753,
13399,2.67676,
13400,2.82281,
13401,2.69192,
13402,2.61807,
13403,2.87244,
13404,2.72441,
13405,2.62759,
13406,2.72087,
13407,2.5069,
13408,2.53415,
13409,2.75723,
13410,2.449,
13411,2.56157,
13412,2.60205,
13413,2.69083,
13414,2.58216,
13415,2.54902,
13416,2.65053,
13417,2.52237,
13418,2.62934,
13419,2.66515,
13420,2.75508,
13421,2.77541,
13422,2.70943,
13423,2.59363,
13424,2.76898,
13425,2.58479,
13426,2.67961,
13427,2.68609,
13428,2.66612,
13429,2.92023,
13430,2.6029,
13431,2.5389,
13432,2.68623,
13433,2.55113,
13434,2.47306,
13435,2.66367,
13436,2.89995,
13437,2.42251,
13438,2.37701,
13439,2.74493,
13440,2.44006,
13441,2.62795,
13442,2.59468,
13443,2.48943,
13444,2.41701,
13445,2.79504,
13446,2.73869,
13447,2.77318,
13448,2.66795,
13449,2.91143,
13450,2.81431,
13451,2.88928,
13452,2.76461,
13453,2.71876,
13454,2.84535,
13455,2.73762,
13456,2.78189,
13457,2.73826,
13458,2.74388,
13459,2.74677,
13460,2.45268,
13461,2.70087,
13462,2.75008,
13463,2.77471,
13464,2.75212,
13465,2.39572,
13466,2.63454,
13467,2.70477,
13468,2.60784,
13469,2.33465,
13470,2.54408,
13471,2.56331,
13472,2.57032,
13473,2.63477,
13474,2.31736,
13475,2.44892,
13476,2.43786,
13477,2.56468,
13478,2.63947,
13479,2.97382,
13480,3.06536,
13481,2.86651,
13482,2.81825,
13483,2.96669,
13484,2.96339,
13485,2.7101,
13486,2.85399,
13487,2.74524,
13488,2.73741,
13489,2.68226,
13490,2.93876,
13491,2.75443,
13492,2.75853,
13493,2.84519,
13494,2.84657,
13495,2.78221,
13496,2.81548,
13497,2.6876,
13498,2.83218,
13499,2.75488,
13500,2.69717,
13501,2.63174,
13502,2.67216,
13503,2.58709,
13504,2.87625,
13505,2.87873,
13506,2.70752,
13507,2.80311,
13508,2.75486,
13509,2.79694,
13510,2.93133,
13511,2.85522,
13512,2.74677,
13513,2.75177,
13514,2.79079,
13515,2.56355,
13516,2.69493,
13517,2.7614,
13518,2.84773,
13519,2.63872,
13520,2.70258,
13521,2.66892,
13522,2.7558,
13523,2.71227,
13524,2.81332,
13525,2.57662,
13526,2.73036,
13527,2.68219,
13528,2.5826,
13529,2.73889,
13530,2.85637,
13531,2.67718,
13532,2.48552,
13533,2.68087,
13534,2.77149,
13535,2.71557,
13536,2.64859,
13537,2.59885,
13538,2.59796,
13539,2.59902,
13540,2.68739,
13541,2.41378,
13542,2.45694,
13543,2.49505,
13544,2.57763,
13545,2.61758,
13546,2.55114,
13547,2.39393,
13548,2.55886,
13549,2.48157,
13550,2.57995,
13551,2.41278,
13552,2.50211,
13553,2.72855,
13554,2.62611,
13555,2.67901,
13556,2.38608,
13557,2.55136,
13558,2.48395,
13559,2.54642,
13560,2.71015,
13561,2.4095,
13562,2.53446,
13563,2.40999,
13564,2.35506,
13565,2.53699,
13566,2.54313,
13567,2.5116,
13568,2.4452,
13569,2.71111,
13570,2.50279,
13571,2.60692,
13572,2.81127,
13573,2.83946,
13574,2.76879,
13575,2.76912,
13576,3.05196,
13577,2.75294,
13578,2.66378,
13579,2.88271,
13580,2.70949,
13581,2.8327,
13582,2.8831,
13583,2.77299,
13584,2.76396,
13585,2.77885,
13586,2.49427,
13587,2.7582,
13588,2.73715,
13589,2.56418,
13590,2.69502,
13591,2.65129,
13592,2.54393,
13593,2.65977,
13594,2.69357,
13595,2.51102,
13596,2.61185,
13597,2.68532,
13598,2.76971,
13599,2.62313,
13600,2.67628,
13601,2.58089,
13602,2.93811,
13603,3.03547,
13604,3.13552,
13605,3.09597,
13606,3.08569,
13607,3.02965,
13608,2.98406,
13609,3.05385,
13610,2.95925,
13611,2.98781,
13612,3.01812,
13613,3.038,
13614,2.86841,
13615,2.98821,
13616,2.97841,
13617,3.01108,
13618,3.07025,
13619,2.95973,
13620,2.98973,
13621,2.92001,
13622,2.98712,
13623,2.82434,
13624,3.00281,
13625,2.5404,
13626,2.5949,
13627,2.50741,
13628,2.39365,
13629,2.45451,
13630,2.38041,
13631,2.6698,
13632,2.24224,
13633,2.45782,
13634,2.38747,
13635,2.48712,
13636,2.50796,
13637,2.27298,
13638,2.29798,
13639,2.54885,
13640,2.67382,
13641,2.61874,
13642,2.34107,
13643,2.31684,
13644,2.90613,
13645,2.9883,
13646,2.85738,
13647,2.89245,
13648,2.85919,
13649,2.82602,
13650,2.81575,
13651,2.58351,
13652,2.6935,
13653,2.80155,
13654,2.68021,
13655,2.75625,
13656,2.7846,
13657,2.9516,
13658,2.8239,
13659,2.68063,
13660,2.58878,
13661,2.74225,
13662,2.70631,
13663,2.66048,
13664,2.46278,
13665,2.52762,
13666,2.45164,
13667,2.61554,
13668,2.72216,
13669,2.58091,
13670,2.68966,
13671,2.67338,
13672,2.7168,
13673,2.68382,
13674,2.85184,
13675,2.60921,
13676,2.58362,
13677,2.7252,
13678,2.49298,
13679,2.50389,
13680,2.53958,
13681,2.69762,
13682,2.70152,
13683,2.59902,
13684,2.45495,
13685,2.41669,
13686,2.40257,
13687,2.22723,
13688,2.36442,
13689,2.38167,
13690,2.59643,
13691,2.29878,
13692,2.41711,
13693,2.42083,
13694,2.69839,
13695,2.55372,
13696,2.75288,
13697,2.41414,
13698,2.8918,
13699,2.57799,
13700,2.81798,
13701,2.95085,
13702,2.79713,
13703,2.98258,
13704,2.81805,
13705,2.7883,
13706,2.85296,
13707,2.83151,
13708,2.65859,
13709,2.51992,
13710,2.5196,
13711,2.65894,
13712,2.65492,
13713,2.66803,
13714,2.64468,
13715,2.598,
13716,2.72523,
13717,2.51019,
13718,2.84089,
13719,2.71609,
13720,2.5195,
13721,2.46518,
13722,2.68868,
13723,2.42627,
13724,2.51148,
13725,2.46447,
13726,2.31083,
13727,2.35835,
13728,2.44438,
13729,2.80798,
13730,2.83899,
13731,3.05475,
13732,3.02442,
13733,3.01033,
13734,2.92722,
13735,2.65977,
13736,2.70364,
13737,2.71754,
13738,2.82523,
13739,3.07163,
13740,2.76546,
13741,2.87785,
13742,2.65738,
13743,2.61671,
13744,2.95819,
13745,2.90007,
13746,2.97337,
13747,2.79388,
13748,3.02539,
13749,2.67662,
13750,2.73541,
13751,2.70781,
13752,2.86172,
13753,2.68181,
13754,2.72385,
13755,2.6155,
13756,2.61524,
13757,2.82927,
13758,2.54757,
13759,2.58833,
13760,2.701,
13761,2.69579,
13762,2.77934,
13763,2.59259,
13764,2.67145,
13765,2.58361,
13766,2.56973,
13767,2.49843,
13768,2.529,
13769,2.6243,
13770,2.39545,
13771,2.43658,
13772,2.70148,
13773,2.51421,
13774,2.92171,
13775,3.0627,
13776,2.93286,
13777,3.11724,
13778,3.01812,
13779,2.92716,
13780,2.80657,
13781,2.87385,
13782,2.68794,
13783,2.71553,
13784,2.64841,
13785,2.65845,
13786,2.91985,
13787,2.91804,
13788,2.79792,
13789,2.87514,
13790,2.87233,
13791,2.62788,
13792,2.66751,
13793,2.73673,
13794,2.56431,
13795,2.6817,
13796,2.82997,
13797,2.81607,
13798,2.93643,
13799,3.02834,
13800,2.97944,
13801,2.47151,
13802,2.65787,
13803,2.783,
13804,2.82779,
13805,2.74265,
13806,2.82832,
13807,2.99048,
13808,2.87721,
13809,2.99549,
13810,2.76894,
13811,2.70751,
13812,2.88875,
13813,2.5876,
13814,2.81087,
13815,2.82009,
13816,2.75419,
13817,2.76252,
13818,2.76649,
13819,2.99368,
13820,2.84318,
13821,2.90035,
13822,2.77313,
13823,2.94674,
13824,2.85685,
13825,2.78283,
13826,2.74199,
13827,2.80271,
13828,2.77549,
13829,2.60015,
13830,2.70042,
13831,2.65938,
13832,2.76965,
13833,2.71005,
13834,2.85548,
13835,2.52293,
13836,2.72543,
13837,2.70164,
13838,2.79585,
13839,2.58378,
13840,2.60155,
13841,2.84104,
13842,2.65677,
13843,2.79343,
13844,1.53093,
13845,2.79815,
13846,2.84853,
13847,2.94477,
13848,2.99917,
13849,3.18497,
13850,2.90296,
13851,2.87341,
13852,2.77042,
13853,2.868,
13854,2.77169,
13855,2.93181,
13856,2.89866,
13857,2.71348,
13858,2.7229,
13859,2.67442,
13860,2.90173,
13861,2.6507,
13862,2.84275,
13863,2.86685,
13864,2.73194,
13865,2.71004,
13866,2.67009,
13867,2.88604,
13868,2.93665,
13869,2.89517,
13870,2.88163,
13871,2.88541,
13872,2.69694,
13873,2.94862,
13874,2.97001,
13875,2.68977,
13876,2.85607,
13877,2.67258,
13878,2.61022,
13879,2.60603,
13880,2.45786,
13881,2.77785,
13882,2.57923,
13883,2.59024,
13884,2.71923,
13885,2.78936,
13886,2.65976,
13887,2.54523,
13888,2.59008,
13889,2.53464,
13890,2.78224,
13891,2.60574,
13892,2.69132,
13893,2.82032,
13894,2.67041,
13895,2.757,
13896,2.72332,
13897,2.64469,
13898,2.68678,
13899,2.73051,
13900,2.88687,
13901,2.73942,
13902,2.72652,
13903,2.75952,
13904,2.77763,
13905,2.62728,
13906,2.4656,
13907,2.65792,
13908,2.56846,
13909,2.70451,
13910,2.65783,
13911,2.40607,
13912,2.73885,
13913,2.79816,
13914,2.70805,
13915,2.63864,
13916,2.59606,
13917,2.80307,
13918,2.64533,
13919,2.35944,
13920,2.68197,
13921,2.66852,
13922,2.80278,
13923,2.56705,
13924,2.53468,
13925,2.64398,
13926,2.5642,
13927,2.53203,
13928,2.61668,
13929,2.61752,
13930,2.82613,
13931,2.83331,
13932,2.79208,
13933,2.55198,
13934,2.71482,
13935,2.63091,
13936,2.82448,
13937,2.80263,
13938,2.80143,
13939,2.76217,
13940,2.93543,
13941,2.6578,
13942,2.79251,
13943,2.6816,
13944,2.56908,
13945,2.79988,
13946,2.72006,
13947,2.8856,
13948,2.68407,
13949,2.44628,
13950,2.54512,
13951,2.71254,
13952,2.53454,
13953,2.55674,
13954,2.4393,
13955,2.54105,
13956,2.79136,
13957,2.73895,
13958,2.71878,
13959,2.88262,
13960,2.77589,
13961,2.83251,
13962,2.68966,
13963,2.8389,
13964,2.82852,
13965,2.83823,
13966,2.79245,
13967,2.79076,
13968,2.78899,
13969,2.69702,
13970,2.85262,
13971,2.50895,
13972,2.61244,
13973,2.78778,
13974,2.68203,
13975,2.69981,
13976,2.49545,
13977,2.61086,
13978,2.81983,
13979,2.47144,
13980,2.60374,
13981,2.55211,
13982,2.53257,
13983,2.68494,
13984,2.47785,
13985,2.53839,
13986,2.53597,
13987,2.67735,
13988,2.65877,
13989,2.71683,
13990,2.76102,
13991,2.7316,
13992,2.51687,
13993,2.62947,
13994,2.57496,
13995,2.69971,
13996,2.52249,
13997,2.83518,
13998,2.74841,
13999,2.7695,
14000,2.8232,
14001,2.79732,
14002,2.63879,
14003,2.76186,
14004,2.7087,
14005,2.74478,
14006,2.75549,
14007,2.89207,
14008,2.99568,
14009,2.89081,
14010,2.78039,
14011,2.74998,
14012,2.6518,
14013,2.64179,
14014,2.54003,
14015,2.60651,
14016,2.49105,
14017,2.67717,
14018,2.57364,
14019,2.7387,
14020,2.60012,
14021,2.72614,
14022,2.85711,
14023,2.81871,
14024,3.00535,
14025,2.66642,
14026,2.51216,
14027,2.77164,
14028,2.50098,
14029,2.78208,
14030,2.67084,
14031,2.87792,
14032,2.94409,
14033,2.95504,
14034,2.65218,
14035,2.90001,
14036,2.75277,
14037,2.74972,
14038,2.76805,
14039,2.85569,
14040,2.62959,
14041,2.87549,
14042,2.50427,
14043,2.8109,
14044,2.80179,
14045,2.92899,
14046,2.7243,
14047,2.85198,
14048,2.87993,
14049,2.65184,
14050,2.85289,
14051,2.54051,
14052,2.65772,
14053,2.70048,
14054,2.95819,
14055,2.95079,
14056,2.49529,
14057,2.76128,
14058,2.69507,
14059,2.80136,
14060,2.8238,
14061,3.00886,
14062,2.77355,
14063,2.67094,
14064,2.79416,
14065,2.83533,
14066,2.64914,
14067,2.64651,
14068,2.56975,
14069,2.74549,
14070,2.93311,
14071,2.91609,
14072,2.89412,
14073,2.82505,
14074,2.79017,
14075,2.57859,
14076,2.82636,
14077,2.69088,
14078,2.82087,
14079,2.70274,
14080,2.72546,
14081,2.72708,
14082,2.8397,
14083,2.82283,
14084,2.67884,
14085,2.73152,
14086,2.84565,
14087,2.62218,
14088,2.99896,
14089,2.84015,
14090,2.7123,
14091,2.59177,
14092,2.79457,
14093,2.73518,
14094,2.6758,
14095,2.59175,
14096,2.8754,
14097,2.61846,
14098,2.5545,
14099,2.74616,
14100,2.56776,
14101,2.56294,
14102,2.84247,
14103,2.89519,
14104,2.67553,
14105,2.62562,
14106,2.58954,
14107,2.78429,
14108,2.85998,
14109,2.44934,
14110,2.73008,
14111,2.69346,
14112,2.75465,
14113,2.7819,
14114,2.75833,
14115,2.5725,
14116,2.68848,
14117,2.74669,
14118,2.40243,
14119,2.47349,
14120,2.86843,
14121,2.69543,
14122,2.78281,
14123,2.55183,
14124,2.50941,
14125,2.71857,
14126,2.64866,
14127,2.59834,
14128,2.87264,
14129,2.77709,
14130,2.48971,
14131,2.67736,
14132,2.54317,
14133,2.68642,
14134,2.5761,
14135,2.48326,
14136,2.71789,
14137,2.65054,
14138,2.8628,
14139,2.89156,
14140,2.75886,
14141,2.8718,
14142,2.65566,
14143,2.73584,
14144,2.8321,
14145,2.75675,
14146,2.84761,
14147,2.88832,
14148,2.98393,
14149,3.64436,
14150,2.72378,
14151,2.73585,
14152,2.79265,
14153,2.78799,
14154,2.64392,
14155,2.82798,
14156,2.75361,
14157,2.73834,
14158,2.71121,
14159,3.10358,
14160,2.75027,
14161,2.7277,
14162,2.38651,
14163,2.52422,
14164,2.79223,
14165,2.79041,
14166,2.83733,
14167,3.00359,
14168,2.78931,
14169,2.71243,
14170,2.81083,
14171,2.75871,
14172,2.96274,
14173,2.73556,
14174,2.73933,
14175,2.85825,
14176,2.81215,
14177,2.73439,
14178,2.6932,
14179,2.65781,
14180,2.6426,
14181,2.73941,
14182,2.60574,
14183,2.4288,
14184,2.76585,
14185,2.64807,
14186,2.49781,
14187,2.55327,
14188,2.62679,
14189,2.71837,
14190,2.71731,
14191,2.6636,
14192,2.67103,
14193,2.3932,
14194,2.67016,
14195,2.39531,
14196,2.74334,
14197,2.5598,
14198,2.62283,
14199,2.46735,
14200,2.64005,
14201,2.65936,
14202,2.63445,
14203,2.55741,
14204,2.48478,
14205,2.66384,
14206,2.62602,
14207,2.36331,
14208,2.45696,
14209,2.44589,
14210,2.62119,
14211,2.64828,
14212,2.58862,
14213,2.65502,
14214,2.69272,
14215,2.73943,
14216,2.45029,
14217,2.82462,
14218,2.62081,
14219,2.68221,
14220,2.63441,
14221,2.73163,
14222,2.84678,
14223,2.80283,
14224,2.64287,
14225,2.53531,
14226,2.92549,
14227,2.74187,
14228,2.76034,
14229,2.67289,
14230,2.54881,
14231,2.58666,
14232,2.72373,
14233,2.24373,
14234,2.4264,
14235,2.27926,
14236,2.47622,
14237,2.57195,
14238,2.71603,
14239,2.68816,
14240,2.73594,
14241,2.64952,
14242,2.48974,
14243,2.54783,
14244,2.67792,
14245,2.83504,
14246,2.62028,
14247,2.57336,
14248,2.28004,
14249,2.34395,
14250,2.76688,
14251,2.44091,
14252,2.64578,
14253,2.45767,
14254,2.59558,
14255,2.42372,
14256,2.43101,
14257,2.46909,
14258,2.46191,
14259,2.42622,
14260,2.36255,
14261,2.50264,
14262,2.68687,
14263,2.38536,
14264,2.6365,
14265,2.53343,
14266,2.96246,
14267,2.91132,
14268,2.84618,
14269,3.02143,
14270,2.91713,
14271,2.83822,
14272,2.70761,
14273,2.5119,
14274,2.83913,
14275,2.63525,
14276,2.63406,
14277,2.85204,
14278,2.69396,
14279,2.83432,
14280,2.71617,
14281,2.69804,
14282,2.60218,
14283,2.67259,
14284,2.79749,
14285,2.74028,
14286,2.70266,
14287,2.66241,
14288,2.59641,
14289,2.85262,
14290,2.58451,
14291,2.60415,
14292,2.6911,
14293,2.66006,
14294,2.62426,
14295,2.98147,
14296,2.85185,
14297,2.79635,
14298,2.69072,
14299,2.91274,
14300,2.84064,
14301,2.76366,
14302,2.75139,
14303,2.7513,
14304,2.75687,
14305,2.78842,
14306,2.75642,
14307,2.66248,
14308,2.46922,
14309,2.67117,
14310,2.69586,
14311,2.66465,
14312,2.40278,
14313,2.55591,
14314,2.30975,
14315,2.6351,
14316,2.68746,
14317,2.4433,
14318,2.56305,
14319,2.48818,
14320,2.67098,
14321,2.49511,
14322,2.53267,
14323,2.40891,
14324,2.70713,
14325,2.76591,
14326,2.7494,
14327,2.68743,
14328,2.80758,
14329,2.73344,
14330,2.87281,
14331,2.7977,
14332,2.83859,
14333,2.82864,
14334,2.6795,
14335,2.68809,
14336,2.46244,
14337,2.7739,
14338,2.69994,
14339,2.81603,
14340,2.69124,
14341,2.58042,
14342,2.69024,
14343,2.56274,
14344,2.61182,
14345,2.7472,
14346,2.83322,
14347,2.58505,
14348,2.60051,
14349,2.59895,
14350,2.86192,
14351,2.82096,
14352,2.90891,
14353,2.70228,
14354,2.86863,
14355,2.72901,
14356,2.82237,
14357,2.96843,
14358,2.72215,
14359,2.66217,
14360,2.56329,
14361,2.85325,
14362,2.84034,
14363,2.72659,
14364,2.75959,
14365,2.74898,
14366,2.93654,
14367,2.81968,
14368,3.01738,
14369,2.61749,
14370,2.69352,
14371,2.51692,
14372,2.66383,
14373,2.70105,
14374,2.71031,
14375,2.66615,
14376,2.81038,
14377,2.77264,
14378,2.69156,
14379,2.48653,
14380,2.61374,
14381,2.6651,
14382,2.68059,
14383,2.6319,
14384,2.92512,
14385,2.86295,
14386,2.91402,
14387,2.78099,
14388,2.64912,
14389,2.86026,
14390,2.58569,
14391,2.87753,
14392,2.84775,
14393,2.84752,
14394,2.82785,
14395,3.00248,
14396,3.11759,
14397,2.78847,
14398,2.79824,
14399,2.82053,
14400,2.96702,
14401,2.98208,
14402,2.75729,
14403,2.7771,
14404,2.75062,
14405,2.653,
14406,2.75024,
14407,2.75704,
14408,2.75876,
14409,2.54587,
14410,2.58562,
14411,2.78913,
14412,3.02782,
14413,3.16363,
14414,3.16834,
14415,3.14966,
14416,3.10729,
14417,3.14507,
14418,3.0615,
14419,3.08812,
14420,3.07164,
14421,3.05229,
14422,3.05175,
14423,3.04466,
14424,3.07507,
14425,2.96573,
14426,3.04902,
14427,3.04676,
14428,2.98453,
14429,2.9573,
14430,2.91048,
14431,2.70572,
14432,2.9741,
14433,2.81718,
14434,2.78021,
14435,2.8301,
14436,2.83938,
14437,2.69306,
14438,2.88727,
14439,2.65,
14440,2.7028,
14441,2.77237,
14442,2.62344,
14443,2.53529,
14444,2.78626,
14445,2.90729,
14446,2.76229,
14447,2.59984,
14448,2.76227,
14449,2.77559,
14450,2.67788,
14451,2.65942,
14452,2.76178,
14453,2.59015,
14454,2.64078,
14455,2.65037,
14456,2.62323,
14457,2.87596,
14458,2.77537,
14459,2.73035,
14460,2.75164,
14461,2.67305,
14462,2.68218,
14463,2.6118,
14464,2.67404,
14465,2.81101,
14466,2.68021,
14467,2.61015,
14468,2.83007,
14469,2.69753,
14470,2.61929,
14471,2.72133,
14472,2.4763,
14473,2.51228,
14474,2.74504,
14475,2.43226,
14476,2.56305,
14477,2.56749,
14478,2.67206,
14479,2.57886,
14480,2.52374,
14481,2.63582,
14482,2.50199,
14483,2.61333,
14484,2.66181,
14485,2.77929,
14486,2.74568,
14487,2.68525,
14488,2.55764,
14489,2.74283,
14490,2.55949,
14491,2.65556,
14492,2.67071,
14493,2.64626,
14494,2.91037,
14495,2.58418,
14496,2.53782,
14497,2.69202,
14498,2.54267,
14499,2.47091,
14500,2.64014,
14501,2.87537,
14502,2.39884,
14503,2.37106,
14504,2.72881,
14505,2.43359,
14506,2.59689,
14507,2.56765,
14508,2.46772,
14509,2.40488,
14510,2.78071,
14511,2.73364,
14512,2.74791,
14513,2.65295,
14514,2.90269,
14515,2.78916,
14516,2.86028,
14517,2.74381,
14518,2.699,
14519,2.82195,
14520,2.73021,
14521,2.75056,
14522,2.73061,
14523,2.72885,
14524,2.73138,
14525,2.43431,
14526,2.69724,
14527,2.74062,
14528,2.75373,
14529,2.73629,
14530,2.37711,
14531,2.61227,
14532,2.68456,
14533,2.59143,
14534,2.31863,
14535,2.51637,
14536,2.55657,
14537,2.55043,
14538,2.61763,
14539,2.29301,
14540,2.44192,
14541,2.44555,
14542,2.56155,
14543,2.63091,
14544,2.94255,
14545,3.03545,
14546,2.85896,
14547,2.79826,
14548,2.94563,
14549,2.93398,
14550,2.69523,
14551,2.83012,
14552,2.7243,
14553,2.7372,
14554,2.66513,
14555,2.92603,
14556,2.73679,
14557,2.74415,
14558,2.83526,
14559,2.8261,
14560,2.75351,
14561,2.79973,
14562,2.66855,
14563,2.80624,
14564,2.74495,
14565,2.68671,
14566,2.61121,
14567,2.64793,
14568,2.57264,
14569,2.8694,
14570,2.86556,
14571,2.69904,
14572,2.79318,
14573,2.73482,
14574,2.79944,
14575,2.89999,
14576,2.85115,
14577,2.73171,
14578,2.72256,
14579,2.76668,
14580,2.536,
14581,2.67719,
14582,2.75435,
14583,2.8345,
14584,2.62342,
14585,2.68436,
14586,2.64139,
14587,2.7437,
14588,2.6857,
14589,2.79503,
14590,2.58597,
14591,2.71748,
14592,2.6633,
14593,2.55956,
14594,2.73548,
14595,2.85102,
14596,2.67121,
14597,2.4552,
14598,2.66154,
14599,2.75655,
14600,2.69791,
14601,2.62733,
14602,2.57749,
14603,2.58408,
14604,2.60313,
14605,2.67615,
14606,2.40214,
14607,2.43943,
14608,2.48238,
14609,2.56111,
14610,2.60908,
14611,2.53773,
14612,2.37206,
14613,2.54097,
14614,2.46431,
14615,2.56164,
14616,2.39379,
14617,2.47838,
14618,2.72716,
14619,2.61891,
14620,2.65536,
14621,2.37274,
14622,2.53096,
14623,2.4599,
14624,2.53827,
14625,2.68635,
14626,2.40437,
14627,2.53397,
14628,2.40306,
14629,2.33819,
14630,2.52101,
14631,2.52263,
14632,2.47637,
14633,2.44037,
14634,2.70175,
14635,2.49564,
14636,2.55987,
14637,2.78798,
14638,2.82325,
14639,2.73834,
14640,2.75723,
14641,3.03878,
14642,2.73157,
14643,2.63386,
14644,2.84456,
14645,2.68611,
14646,2.81501,
14647,2.86544,
14648,2.74657,
14649,2.73978,
14650,2.74848,
14651,2.47954,
14652,2.74898,
14653,2.72245,
14654,2.54417,
14655,2.68413,
14656,2.62506,
14657,2.51834,
14658,2.63429,
14659,2.6774,
14660,2.50134,
14661,2.58062,
14662,2.6697,
14663,2.75803,
14664,2.60961,
14665,2.67255,
14666,2.56523,
14667,2.91588,
14668,3.01553,
14669,3.12148,
14670,3.05857,
14671,3.06024,
14672,3.01091,
14673,2.96997,
14674,3.0449,
14675,2.94177,
14676,2.98712,
14677,3.00258,
14678,3.01895,
14679,2.85852,
14680,2.97037,
14681,2.95732,
14682,2.99407,
14683,3.0396,
14684,2.9491,
14685,2.97453,
14686,2.90275,
14687,2.97462,
14688,2.78648,
14689,2.98048,
14690,2.51262,
14691,2.55955,
14692,2.48657,
14693,2.37785,
14694,2.44215,
14695,2.37167,
14696,2.65351,
14697,2.23689,
14698,2.44577,
14699,2.37277,
14700,2.48024,
14701,2.48416,
14702,2.2534,
14703,2.27884,
14704,2.53066,
14705,2.65308,
14706,2.61195,
14707,2.32036,
14708,2.30064,
14709,2.89181,
14710,2.96859,
14711,2.8249,
14712,2.87857,
14713,2.82608,
14714,2.80756,
14715,2.81051,
14716,2.5626,
14717,2.66439,
14718,2.78396,
14719,2.66426,
14720,2.73122,
14721,2.76713,
14722,2.92523,
14723,2.80959,
14724,2.6701,
14725,2.57359,
14726,2.73178,
14727,2.67827,
14728,2.6372,
14729,2.45915,
14730,2.50435,
14731,2.42533,
14732,2.57919,
14733,2.70852,
14734,2.58192,
14735,2.67131,
14736,2.64904,
14737,2.68936,
14738,2.65432,
14739,2.83285,
14740,2.58802,
14741,2.57024,
14742,2.70617,
14743,2.48223,
14744,2.49024,
14745,2.50982,
14746,2.66715,
14747,2.68104,
14748,2.5846,
14749,2.43798,
14750,2.4105,
14751,2.37687,
14752,2.21552,
14753,2.33498,
14754,2.37533,
14755,2.57788,
14756,2.27371,
14757,2.38916,
14758,2.40361,
14759,2.69543,
14760,2.51291,
14761,2.73938,
14762,2.3951,
14763,2.87689,
14764,2.56439,
14765,2.80252,
14766,2.93409,
14767,2.77173,
14768,2.95975,
14769,2.78401,
14770,2.76066,
14771,2.83789,
14772,2.80166,
14773,2.63,
14774,2.50419,
14775,2.50263,
14776,2.63764,
14777,2.63198,
14778,2.6345,
14779,2.62999,
14780,2.58069,
14781,2.7085,
14782,2.491,
14783,2.80752,
14784,2.70063,
14785,2.52442,
14786,2.43866,
14787,2.67216,
14788,2.39395,
14789,2.48759,
14790,2.46167,
14791,2.28768,
14792,2.33907,
14793,2.42944,
14794,2.77919,
14795,2.8264,
14796,3.06199,
14797,2.992,
14798,2.9778,
14799,2.90619,
14800,2.63873,
14801,2.66709,
14802,2.6986,
14803,2.82119,
14804,3.05173,
14805,2.75045,
14806,2.86885,
14807,2.62273,
14808,2.59543,
14809,2.93994,
14810,2.88726,
14811,2.94819,
14812,2.77525,
14813,3.01006,
14814,2.66451,
14815,2.72586,
14816,2.68154,
14817,2.85728,
14818,2.67129,
14819,2.70096,
14820,2.61257,
14821,2.59704,
14822,2.8184,
14823,2.5194,
14824,2.58708,
14825,2.67224,
14826,2.67262,
14827,2.76588,
14828,2.58822,
14829,2.66122,
14830,2.56886,
14831,2.54002,
14832,2.47178,
14833,2.49673,
14834,2.59781,
14835,2.38518,
14836,2.42267,
14837,2.6785,
14838,2.51622,
14839,2.89581,
14840,3.04807,
14841,2.93811,
14842,3.0791,
14843,3.00839,
14844,2.90138,
14845,2.7958,
14846,2.85037,
14847,2.67892,
14848,2.69769,
14849,2.63933,
14850,2.6383,
14851,2.9103,
14852,2.90913,
14853,2.78058,
14854,2.8435,
14855,2.84296,
14856,2.62258,
14857,2.65576,
14858,2.7042,
14859,2.54172,
14860,2.66643,
14861,2.81345,
14862,2.80274,
14863,2.91518,
14864,3.00991,
14865,2.96973,
14866,2.45452,
14867,2.65031,
14868,2.77853,
14869,2.81159,
14870,2.712,
14871,2.80282,
14872,2.9668,
14873,2.86156,
14874,2.97466,
14875,2.74049,
14876,2.69193,
14877,2.88319,
14878,2.57871,
14879,2.80195,
14880,2.81054,
14881,2.73865,
14882,2.74976,
14883,2.75436,
14884,2.97595,
14885,2.82584,
14886,2.8701,
14887,2.75563,
14888,2.925,
14889,2.83304,
14890,2.75939,
14891,2.71585,
14892,2.78706,
14893,2.77047,
14894,2.57483,
14895,2.68877,
14896,2.63993,
14897,2.75103,
14898,2.69965,
14899,2.8297,
14900,2.51509,
14901,2.71619,
14902,2.66727,
14903,2.78844,
14904,2.54658,
14905,2.58572,
14906,2.81468,
14907,2.63124,
14908,2.77133,
14909,1.47145,
14910,2.76702,
14911,2.81635,
14912,2.93051,
14913,2.98367,
14914,3.16357,
14915,2.89498,
14916,2.86488,
14917,2.74972,
14918,2.83521,
14919,2.73524,
14920,2.90795,
14921,2.86037,
14922,2.69425,
14923,2.71593,
14924,2.65295,
14925,2.88195,
14926,2.63717,
14927,2.82451,
14928,2.85512,
14929,2.71145,
14930,2.69226,
14931,2.65019,
14932,2.83429,
14933,2.88919,
14934,2.87471,
14935,2.85371,
14936,2.85657,
14937,2.68093,
14938,2.927,
14939,2.94554,
14940,2.66092,
14941,2.8397,
14942,2.66683,
14943,2.59942,
14944,2.5904,
14945,2.45552,
14946,2.76438,
14947,2.56008,
14948,2.56523,
14949,2.70432,
14950,2.78066,
14951,2.63669,
14952,2.53858,
14953,2.57779,
14954,2.5185,
14955,2.77246,
14956,2.59017,
14957,2.67154,
14958,2.80466,
14959,2.65583,
14960,2.70997,
14961,2.69068,
14962,2.62352,
14963,2.67882,
14964,2.71152,
14965,2.85832,
14966,2.71125,
14967,2.70833,
14968,2.75306,
14969,2.75462,
14970,2.61731,
14971,2.43595,
14972,2.63845,
14973,2.54694,
14974,2.68093,
14975,2.63545,
14976,2.40667,
14977,2.7218,
14978,2.78152,
14979,2.69202,
14980,2.63378,
14981,2.57309,
14982,2.78671,
14983,2.63237,
14984,2.34639,
14985,2.66873,
14986,2.64535,
14987,2.78135,
14988,2.5571,
14989,2.52183,
14990,2.62194,
14991,2.53672,
14992,2.5105,
14993,2.61042,
14994,2.59917,
14995,2.78144,
14996,2.79528,
14997,2.76463,
14998,2.54017,
14999,2.70824,
15000,2.61073,
15001,2.81144,
15002,2.77836,
15003,2.77498,
15004,2.75264,
15005,2.92806,
15006,2.63513,
15007,2.77462,
15008,2.65514,
15009,2.54733,
15010,2.79129,
15011,2.70862,
15012,2.86383,
15013,2.66489,
15014,2.43261,
15015,2.53443,
15016,2.70406,
15017,2.52096,
15018,2.56173,
15019,2.40661,
15020,2.52048,
15021,2.77246,
15022,2.71759,
15023,2.69123,
15024,2.84837,
15025,2.74119,
15026,2.80904,
15027,2.67507,
15028,2.81598,
15029,2.80779,
15030,2.84456,
15031,2.79116,
15032,2.78572,
15033,2.77676,
15034,2.68265,
15035,2.84139,
15036,2.49535,
15037,2.60366,
15038,2.77222,
15039,2.67283,
15040,2.69378,
15041,2.49026,
15042,2.59723,
15043,2.80106,
15044,2.4623,
15045,2.59564,
15046,2.54286,
15047,2.52015,
15048,2.68189,
15049,2.45759,
15050,2.52458,
15051,2.53269,
15052,2.66616,
15053,2.63801,
15054,2.7015,
15055,2.75306,
15056,2.72535,
15057,2.51004,
15058,2.62375,
15059,2.55007,
15060,2.67899,
15061,2.50207,
15062,2.80875,
15063,2.71964,
15064,2.75989,
15065,2.81891,
15066,2.79208,
15067,2.61221,
15068,2.73963,
15069,2.69238,
15070,2.72267,
15071,2.73542,
15072,2.86197,
15073,2.98201,
15074,2.85994,
15075,2.75957,
15076,2.72329,
15077,2.6312,
15078,2.63997,
15079,2.51054,
15080,2.59496,
15081,2.49156,
15082,2.65366,
15083,2.55833,
15084,2.74575,
15085,2.59656,
15086,2.70168,
15087,2.85433,
15088,2.79489,
15089,2.99843,
15090,2.6545,
15091,2.49149,
15092,2.75975,
15093,2.48646,
15094,2.76065,
15095,2.652,
15096,2.8593,
15097,2.92588,
15098,2.941,
15099,2.63335,
15100,2.88788,
15101,2.74569,
15102,2.73093,
15103,2.74646,
15104,2.83466,
15105,2.62431,
15106,2.862,
15107,2.47772,
15108,2.80813,
15109,2.78913,
15110,2.90612,
15111,2.70059,
15112,2.83278,
15113,2.8618,
15114,2.62706,
15115,2.82871,
15116,2.5121,
15117,2.64228,
15118,2.6908,
15119,2.94697,
15120,2.93522,
15121,2.48622,
15122,2.73483,
15123,2.678,
15124,2.78572,
15125,2.82774,
15126,3.00061,
15127,2.73631,
15128,2.6434,
15129,2.76026,
15130,2.82187,
15131,2.63287,
15132,2.6492,
15133,2.56108,
15134,2.73399,
15135,2.89938,
15136,2.89755,
15137,2.88509,
15138,2.81377,
15139,2.76913,
15140,2.55975,
15141,2.81205,
15142,2.66614,
15143,2.80352,
15144,2.66636,
15145,2.70586,
15146,2.72729,
15147,2.80994,
15148,2.79411,
15149,2.64665,
15150,2.71032,
15151,2.82987,
15152,2.59512,
15153,2.97162,
15154,2.81277,
15155,2.67271,
15156,2.56454,
15157,2.79951,
15158,2.71918,
15159,2.66114,
15160,2.57256,
15161,2.84778,
15162,2.59904,
15163,2.53226,
15164,2.72914,
15165,2.54601,
15166,2.53423,
15167,2.81917,
15168,2.86105,
15169,2.65781,
15170,2.60405,
15171,2.5812,
15172,2.75862,
15173,2.83986,
15174,2.42864,
15175,2.72174,
15176,2.66889,
15177,2.73508,
15178,2.76206,
15179,2.74352,
15180,2.5564,
15181,2.66619,
15182,2.72774,
15183,2.38902,
15184,2.44143,
15185,2.85205,
15186,2.67385,
15187,2.78199,
15188,2.53494,
15189,2.48948,
15190,2.68071,
15191,2.63415,
15192,2.57734,
15193,2.8602,
15194,2.75132,
15195,2.47018,
15196,2.65285,
15197,2.52935,
15198,2.66352,
15199,2.56141,
15200,2.44653,
15201,2.70622,
15202,2.63042,
15203,2.83849,
15204,2.87107,
15205,2.73774,
15206,2.86266,
15207,2.63445,
15208,2.72108,
15209,2.81149,
15210,2.73651,
15211,2.84186,
15212,2.86843,
15213,2.97396,
15214,3.61906,
15215,2.71393,
15216,2.72176,
15217,2.75614,
15218,2.76176,
15219,2.62475,
15220,2.82122,
15221,2.75001,
15222,2.73027,
15223,2.7008,
15224,3.08348,
15225,2.73046,
15226,2.70995,
15227,2.37233,
15228,2.49931,
15229,2.75656,
15230,2.76846,
15231,2.81162,
15232,2.98172,
15233,2.77432,
15234,2.69053,
15235,2.7987,
15236,2.7279,
15237,2.93531,
15238,2.72527,
15239,2.72764,
15240,2.8301,
15241,2.79214,
15242,2.72242,
15243,2.67868,
15244,2.63409,
15245,2.62957,
15246,2.71761,
15247,2.59189,
15248,2.42357,
15249,2.75482,
15250,2.62774,
15251,2.48573,
15252,2.5269,
15253,2.61938,
15254,2.70246,
15255,2.71729,
15256,2.6389,
15257,2.6466,
15258,2.37921,
15259,2.65531,
15260,2.3812,
15261,2.72556,
15262,2.54025,
15263,2.61587,
15264,2.45003,
15265,2.62085,
15266,2.63415,
15267,2.62083,
15268,2.53566,
15269,2.48605,
15270,2.63855,
15271,2.58923,
15272,2.34302,
15273,2.43847,
15274,2.427,
15275,2.60421,
15276,2.63447,
15277,2.56933,
15278,2.63567,
15279,2.68335,
15280,2.70886,
15281,2.43865,
15282,2.80378,
15283,2.6094,
15284,2.67511,
15285,2.60381,
15286,2.70719,
15287,2.81822,
15288,2.772,
15289,2.60954,
15290,2.51074,
15291,2.89745,
15292,2.72803,
15293,2.74754,
15294,2.64853,
15295,2.53005,
15296,2.56001,
15297,2.69403,
15298,2.22474,
15299,2.42955,
15300,2.26093,
15301,2.45406,
15302,2.55132,
15303,2.69699,
15304,2.67298,
15305,2.72425,
15306,2.63485,
15307,2.48152,
15308,2.53389,
15309,2.65492,
15310,2.81023,
15311,2.609,
15312,2.5462,
15313,2.25429,
15314,2.32836,
15315,2.74732,
15316,2.4264,
15317,2.62337,
15318,2.42895,
15319,2.58844,
15320,2.39629,
15321,2.41666,
15322,2.45591,
15323,2.45372,
15324,2.41274,
15325,2.36543,
15326,2.47433,
15327,2.6804,
15328,2.35988,
15329,2.63307,
15330,2.503,
15331,2.94088,
15332,2.89551,
15333,2.8332,
15334,3.01001,
15335,2.89008,
15336,2.82199,
15337,2.68524,
15338,2.49404,
15339,2.82462,
15340,2.62762,
15341,2.60949,
15342,2.84504,
15343,2.66934,
15344,2.82931,
15345,2.69635,
15346,2.68398,
15347,2.59625,
15348,2.65416,
15349,2.77408,
15350,2.724,
15351,2.68683,
15352,2.65657,
15353,2.57006,
15354,2.84149,
15355,2.58349,
15356,2.57879,
15357,2.68826,
15358,2.64484,
15359,2.6196,
15360,2.97224,
15361,2.83026,
15362,2.77728,
15363,2.67634,
15364,2.90643,
15365,2.82653,
15366,2.7282,
15367,2.71906,
15368,2.74353,
15369,2.75427,
15370,2.77137,
15371,2.7388,
15372,2.63432,
15373,2.4475,
15374,2.63806,
15375,2.67512,
15376,2.65013,
15377,2.37936,
15378,2.53285,
15379,2.27543,
15380,2.62135,
15381,2.6688,
15382,2.43231,
15383,2.53713,
15384,2.49027,
15385,2.65548,
15386,2.47373,
15387,2.54705,
15388,2.35173,
15389,2.68942,
15390,2.7394,
15391,2.72083,
15392,2.67411,
15393,2.79682,
15394,2.72568,
15395,2.86194,
15396,2.78019,
15397,2.81839,
15398,2.80387,
15399,2.6612,
15400,2.67826,
15401,2.43969,
15402,2.74609,
15403,2.69773,
15404,2.81461,
15405,2.68789,
15406,2.57879,
15407,2.68525,
15408,2.55809,
15409,2.59994,
15410,2.72458,
15411,2.81688,
15412,2.57232,
15413,2.58284,
15414,2.58665,
15415,2.84255,
15416,2.80928,
15417,2.87937,
15418,2.67796,
15419,2.82727,
15420,2.69991,
15421,2.79781,
15422,2.94673,
15423,2.69533,
15424,2.64208,
15425,2.54514,
15426,2.83958,
15427,2.82274,
15428,2.71852,
15429,2.73808,
15430,2.72446,
15431,2.9191,
15432,2.81268,
15433,3.00101,
15434,2.58554,
15435,2.69045,
15436,2.49825,
15437,2.64499,
15438,2.69385,
15439,2.68543,
15440,2.64356,
15441,2.79114,
15442,2.74091,
15443,2.68473,
15444,2.47484,
15445,2.60073,
15446,2.63502,
15447,2.65747,
15448,2.61055,
15449,2.89534,
15450,2.85206,
15451,2.87177,
15452,2.74492,
15453,2.62601,
15454,2.83588,
15455,2.55518,
15456,2.86828,
15457,2.83514,
15458,2.83594,
15459,2.8105,
15460,2.96933,
15461,3.08346,
15462,2.76323,
15463,2.77765,
15464,2.81147,
15465,2.94854,
15466,2.97189,
15467,2.74894,
15468,2.74352,
15469,2.73458,
15470,2.6333,
15471,2.73018,
15472,2.74035,
15473,2.73127,
15474,2.53357,
15475,2.56068,
15476,2.76053,
15477,3.00098,
15478,3.13793,
15479,3.14066,
15480,3.14013,
15481,3.1055,
15482,3.12451,
15483,3.04913,
15484,3.08169,
15485,3.06295,
15486,3.03228,
15487,3.03138,
15488,3.02641,
15489,3.04508,
15490,2.95233,
15491,3.03003,
15492,3.02776,
15493,2.97251,
15494,2.94345,
15495,2.90512,
15496,2.69374,
15497,2.95171,
15498,2.79228,
15499,2.75761,
15500,2.81995,
15501,2.82373,
15502,2.6909,
15503,2.8731,
15504,2.63905,
15505,2.68923,
15506,2.74912,
15507,2.61174,
15508,2.52799,
15509,2.76678,
15510,2.87864,
15511,2.73819,
15512,2.57423,
15513,2.74267,
15514,2.76232,
15515,2.66061,
15516,2.62646,
15517,2.74696,
15518,2.57873,
15519,2.63358,
15520,2.63196,
15521,2.61104,
15522,2.85819,
15523,2.77505,
15524,2.72308,
15525,2.7407,
15526,2.66581,
15527,2.65188,
15528,2.59201,
15529,2.66743,
15530,2.80099,
15531,2.66246,
15532,2.58302,
15533,2.82223,
15534,2.67951,
15535,2.61299,
15536,2.70143,
15537,2.47193,
15538,2.49521,
15539,2.71555,
15540,2.42149,
15541,2.53853,
15542,2.54517,
15543,2.6445,
15544,2.55879,
15545,2.51653,
15546,2.62402,
15547,2.48336,
15548,2.58889,
15549,2.63528,
15550,2.7624,
15551,2.73068,
15552,2.6709,
15553,2.53885,
15554,2.72801,
15555,2.54616,
15556,2.63475,
15557,2.63969,
15558,2.63588,
15559,2.90153,
15560,2.58011,
15561,2.51906,
15562,2.66142,
15563,2.52899,
15564,2.44525,
15565,2.633,
15566,2.85943,
15567,2.39403,
15568,2.34857,
15569,2.71588,
15570,2.41182,
15571,2.59495,
15572,2.56573,
15573,2.45323,
15574,2.39281,
15575,2.74945,
15576,2.7177,
15577,2.7326,
15578,2.62137,
15579,2.89003,
15580,2.76506,
15581,2.82852,
15582,2.72732,
15583,2.68075,
15584,2.80794,
15585,2.70146,
15586,2.73983,
15587,2.70981,
15588,2.71354,
15589,2.71872,
15590,2.41318,
15591,2.67177,
15592,2.71444,
15593,2.73849,
15594,2.71446,
15595,2.36858,
15596,2.59294,
15597,2.68072,
15598,2.58771,
15599,2.30688,
15600,2.50409,
15601,2.54394,
15602,2.53411,
15603,2.59448,
15604,2.28111,
15605,2.42417,
15606,2.4335,
15607,2.54126,
15608,2.61303,
15609,2.90217,
15610,3.02642,
15611,2.83415,
15612,2.7777,
15613,2.93306,
15614,2.91691,
15615,2.67123,
15616,2.79488,
15617,2.71041,
15618,2.70516,
15619,2.63259,
15620,2.90497,
15621,2.70662,
15622,2.72387,
15623,2.83053,
15624,2.80481,
15625,2.7251,
15626,2.78325,
15627,2.63473,
15628,2.78611,
15629,2.73141,
15630,2.67094,
15631,2.58571,
15632,2.63848,
15633,2.54875,
15634,2.84276,
15635,2.84177,
15636,2.68207,
15637,2.7741,
15638,2.72337,
15639,2.75997,
15640,2.87855,
15641,2.82062,
15642,2.72358,
15643,2.70922,
15644,2.75134,
15645,2.52794,
15646,2.66924,
15647,2.73251,
15648,2.80573,
15649,2.61339,
15650,2.65692,
15651,2.6191,
15652,2.72213,
15653,2.67328,
15654,2.79318,
15655,2.54521,
15656,2.69212,
15657,2.65341,
15658,2.54528,
15659,2.70945,
15660,2.82788,
15661,2.65223,
15662,2.41661,
15663,2.64507,
15664,2.74572,
15665,2.67786,
15666,2.61787,
15667,2.56248,
15668,2.57411,
15669,2.56972,
15670,2.66709,
15671,2.39011,
15672,2.42323,
15673,2.46398,
15674,2.55217,
15675,2.59234,
15676,2.51906,
15677,2.36303,
15678,2.52448,
15679,2.44335,
15680,2.55089,
15681,2.38393,
15682,2.46008,
15683,2.72392,
15684,2.61275,
15685,2.64994,
15686,2.35302,
15687,2.51201,
15688,2.44538,
15689,2.52312,
15690,2.68013,
15691,2.39325,
15692,2.51693,
15693,2.39447,
15694,2.32265,
15695,2.49213,
15696,2.49147,
15697,2.45587,
15698,2.40718,
15699,2.68307,
15700,2.47922,
15701,2.53318,
15702,2.76695,
15703,2.80815,
15704,2.71714,
15705,2.7419,
15706,2.99467,
15707,2.70325,
15708,2.63388,
15709,2.8379,
15710,2.67683,
15711,2.80155,
15712,2.83734,
15713,2.74419,
15714,2.7296,
15715,2.74301,
15716,2.45542,
15717,2.73033,
15718,2.69288,
15719,2.52045,
15720,2.6546,
15721,2.61142,
15722,2.50247,
15723,2.62386,
15724,2.65848,
15725,2.48017,
15726,2.56759,
15727,2.65001,
15728,2.73686,
15729,2.59549,
15730,2.63781,
15731,2.54293,
15732,2.88874,
15733,2.99578,
15734,3.09332,
15735,3.04903,
15736,3.04726,
15737,2.99401,
15738,2.97233,
15739,3.03297,
15740,2.93217,
15741,2.97481,
15742,2.99021,
15743,3.00467,
15744,2.8385,
15745,2.96576,
15746,2.95149,
15747,2.97321,
15748,3.03106,
15749,2.92988,
15750,2.95314,
15751,2.8872,
15752,2.95191,
15753,2.75649,
15754,2.97315,
15755,2.48633,
15756,2.55053,
15757,2.48252,
15758,2.36153,
15759,2.4277,
15760,2.35579,
15761,2.62999,
15762,2.20817,
15763,2.42979,
15764,2.36193,
15765,2.45623,
15766,2.47573,
15767,2.2384,
15768,2.26902,
15769,2.51142,
15770,2.63579,
15771,2.59812,
15772,2.3124,
15773,2.27677,
15774,2.86134,
15775,2.95316,
15776,2.7964,
15777,2.83879,
15778,2.81107,
15779,2.78528,
15780,2.78231,
15781,2.54568,
15782,2.66435,
15783,2.75463,
15784,2.64406,
15785,2.71667,
15786,2.75157,
15787,2.92372,
15788,2.80042,
15789,2.64212,
15790,2.54921,
15791,2.7079,
15792,2.66447,
15793,2.61503,
15794,2.43988,
15795,2.48972,
15796,2.41253,
15797,2.55222,
15798,2.70027,
15799,2.56325,
15800,2.65198,
15801,2.63554,
15802,2.67325,
15803,2.65203,
15804,2.81004,
15805,2.57617,
15806,2.54642,
15807,2.70003,
15808,2.45353,
15809,2.47695,
15810,2.49289,
15811,2.65063,
15812,2.66043,
15813,2.54159,
15814,2.41986,
15815,2.38969,
15816,2.38113,
15817,2.18744,
15818,2.33069,
15819,2.35687,
15820,2.57749,
15821,2.25358,
15822,2.38975,
15823,2.38663,
15824,2.67002,
15825,2.49863,
15826,2.72254,
15827,2.38648,
15828,2.84376,
15829,2.55348,
15830,2.78468,
15831,2.90411,
15832,2.75766,
15833,2.92848,
15834,2.76387,
15835,2.72952,
15836,2.80957,
15837,2.77231,
15838,2.61683,
15839,2.49698,
15840,2.482,
15841,2.63563,
15842,2.61529,
15843,2.61925,
15844,2.60451,
15845,2.56042,
15846,2.70589,
15847,2.47939,
15848,2.77447,
15849,2.67348,
15850,2.49142,
15851,2.41624,
15852,2.65766,
15853,2.37784,
15854,2.47494,
15855,2.446,
15856,2.27783,
15857,2.32003,
15858,2.41942,
15859,2.75811,
15860,2.81016,
15861,3.05444,
15862,2.97687,
15863,2.96494,
15864,2.87795,
15865,2.61435,
15866,2.65635,
15867,2.67952,
15868,2.80692,
15869,3.03493,
15870,2.73388,
15871,2.85122,
15872,2.60472,
15873,2.57294,
15874,2.91664,
15875,2.84863,
15876,2.9275,
15877,2.75951,
15878,3.00703,
15879,2.6425,
15880,2.70588,
15881,2.64807,
15882,2.82597,
15883,2.64047,
15884,2.6789,
15885,2.58955,
15886,2.58019,
15887,2.81418,
15888,2.50047,
15889,2.56794,
15890,2.6586,
15891,2.66863,
15892,2.75012,
15893,2.56546,
15894,2.64067,
15895,2.56365,
15896,2.52218,
15897,2.45811,
15898,2.47647,
15899,2.59046,
15900,2.36153,
15901,2.41604,
15902,2.6679,
15903,2.49424,
15904,2.87551,
15905,3.03975,
15906,2.92111,
15907,3.06992,
15908,2.9779,
15909,2.88285,
15910,2.74976,
15911,2.83642,
15912,2.64294,
15913,2.68498,
15914,2.622,
15915,2.62941,
15916,2.89176,
15917,2.87897,
15918,2.76504,
15919,2.83372,
15920,2.82838,
15921,2.60189,
15922,2.64478,
15923,2.6945,
15924,2.53278,
15925,2.63411,
15926,2.80084,
15927,2.778,
15928,2.88737,
15929,2.97623,
15930,2.95131,
15931,2.42766,
15932,2.64494,
15933,2.75787,
15934,2.78785,
15935,2.70411,
15936,2.79693,
15937,2.95464,
15938,2.83944,
15939,2.94946,
15940,2.7378,
15941,2.67294,
15942,2.86735,
15943,2.565,
15944,2.79234,
15945,2.79697,
15946,2.72165,
15947,2.72631,
15948,2.7503,
15949,2.96153,
15950,2.81165,
15951,2.84496,
15952,2.75355,
15953,2.92713,
15954,2.80416,
15955,2.74613,
15956,2.70499,
15957,2.77677,
15958,2.74868,
15959,2.55782,
15960,2.66792,
15961,2.63925,
15962,2.73724,
15963,2.69098,
15964,2.82892,
15965,2.5076,
15966,2.69922,
15967,2.64141,
15968,2.7468,
15969,2.51784,
15970,2.56039,
15971,2.80478,
15972,2.63435,
15973,2.7525,
15974,1.41574,
15975,2.75066,
15976,2.80404,
15977,2.9069,
15978,2.96295,
15979,3.14071,
15980,2.86792,
15981,2.83054,
15982,2.7327,
15983,2.81819,
15984,2.70489,
15985,2.89672,
15986,2.84155,
15987,2.69298,
15988,2.70599,
15989,2.64273,
15990,2.86638,
15991,2.62727,
15992,2.79664,
15993,2.83606,
15994,2.68488,
15995,2.66919,
15996,2.63446,
15997,2.80837,
15998,2.86815,
15999,2.86726,
16000,2.83672,
16001,2.8576,
16002,2.66365,
16003,2.91975,
16004,2.94767,
16005,2.65597,
16006,2.81532,
16007,2.64349,
16008,2.58218,
16009,2.578,
16010,2.44879,
16011,2.75623,
16012,2.52888,
16013,2.55808,
16014,2.70087,
16015,2.75551,
16016,2.63524,
16017,2.53135,
16018,2.55851,
16019,2.51959,
16020,2.75436,
16021,2.57121,
16022,2.65752,
16023,2.79263,
16024,2.6259,
16025,2.68536,
16026,2.68075,
16027,2.60169,
16028,2.65905,
16029,2.68631,
16030,2.84597,
16031,2.69973,
16032,2.68068,
16033,2.73428,
16034,2.7367,
16035,2.60977,
16036,2.43064,
16037,2.62374,
16038,2.53378,
16039,2.66794,
16040,2.62257,
16041,2.37714,
16042,2.70632,
16043,2.75771,
16044,2.6697,
16045,2.61255,
16046,2.55257,
16047,2.77183,
16048,2.61591,
16049,2.34657,
16050,2.66405,
16051,2.63445,
16052,2.76507,
16053,2.55399,
16054,2.51793,
16055,2.61418,
16056,2.51917,
16057,2.50931,
16058,2.58926,
16059,2.58366,
16060,2.76405,
16061,2.78761,
16062,2.75771,
16063,2.52928,
16064,2.68361,
16065,2.59975,
16066,2.8019,
16067,2.76442,
16068,2.75326,
16069,2.72606,
16070,2.91654,
16071,2.61799,
16072,2.76035,
16073,2.6468,
16074,2.53448,
16075,2.77034,
16076,2.68442,
16077,2.84012,
16078,2.66017,
16079,2.42522,
16080,2.51178,
16081,2.68805,
16082,2.52089,
16083,2.53202,
16084,2.39431,
16085,2.49603,
16086,2.77118,
16087,2.67725,
16088,2.66864,
16089,2.83362,
16090,2.71599,
16091,2.79506,
16092,2.64617,
16093,2.78226,
16094,2.79625,
16095,2.81247,
16096,2.75486,
16097,2.77345,
16098,2.76722,
16099,2.67729,
16100,2.82695,
16101,2.48405,
16102,2.57815,
16103,2.75264,
16104,2.6514,
16105,2.70237,
16106,2.47618,
16107,2.59876,
16108,2.78693,
16109,2.45673,
16110,2.5841,
16111,2.5355,
16112,2.50327,
16113,2.67676,
16114,2.45273,
16115,2.50725,
16116,2.52844,
16117,2.65242,
16118,2.61503,
16119,2.69184,
16120,2.74022,
16121,2.72179,
16122,2.50138,
16123,2.60481,
16124,2.5416,
16125,2.66341,
16126,2.48122,
16127,2.77525,
16128,2.70568,
16129,2.73595,
16130,2.79045,
16131,2.78108,
16132,2.59891,
16133,2.71914,
16134,2.68667,
16135,2.70068,
16136,2.70626,
16137,2.84326,
16138,2.95155,
16139,2.8552,
16140,2.74233,
16141,2.70945,
16142,2.62044,
16143,2.6349,
16144,2.48962,
16145,2.56551,
16146,2.455,
16147,2.63699,
16148,2.53208,
16149,2.70714,
16150,2.5836,
16151,2.70036,
16152,2.82661,
16153,2.77882,
16154,2.98681,
16155,2.63886,
16156,2.48563,
16157,2.7367,
16158,2.48183,
16159,2.73816,
16160,2.63053,
16161,2.85088,
16162,2.91098,
16163,2.92572,
16164,2.62606,
16165,2.87944,
16166,2.73916,
16167,2.70885,
16168,2.73887,
16169,2.81783,
16170,2.59765,
16171,2.84839,
16172,2.46506,
16173,2.79103,
16174,2.7704,
16175,2.8755,
16176,2.7012,
16177,2.82553,
16178,2.84643,
16179,2.61523,
16180,2.82124,
16181,2.50605,
16182,2.62092,
16183,2.67022,
16184,2.94168,
16185,2.90043,
16186,2.46564,
16187,2.72318,
16188,2.67739,
16189,2.78331,
16190,2.79647,
16191,2.98808,
16192,2.74178,
16193,2.63941,
16194,2.75197,
16195,2.80409,
16196,2.62759,
16197,2.6352,
16198,2.5329,
16199,2.7062,
16200,2.88009,
16201,2.89364,
16202,2.83612,
16203,2.79351,
16204,2.75432,
16205,2.55926,
16206,2.81149,
16207,2.63728,
16208,2.78803,
16209,2.65958,
16210,2.67538,
16211,2.69008,
16212,2.80338,
16213,2.78888,
16214,2.6259,
16215,2.68143,
16216,2.81137,
16217,2.56918,
16218,2.95505,
16219,2.79826,
16220,2.65942,
16221,2.54551,
16222,2.77457,
16223,2.6938,
16224,2.64896,
16225,2.55606,
16226,2.82215,
16227,2.6012,
16228,2.51971,
16229,2.7004,
16230,2.52313,
16231,2.49517,
16232,2.80203,
16233,2.8535,
16234,2.64629,
16235,2.5888,
16236,2.56679,
16237,2.74175,
16238,2.82147,
16239,2.4109,
16240,2.68919,
16241,2.6443,
16242,2.71179,
16243,2.75099,
16244,2.74003,
16245,2.55776,
16246,2.65525,
16247,2.70512,
16248,2.36079,
16249,2.41711,
16250,2.82621,
16251,2.66636,
16252,2.76195,
16253,2.5172,
16254,2.47852,
16255,2.66917,
16256,2.61258,
16257,2.55525,
16258,2.8407,
16259,2.74049,
16260,2.4586,
16261,2.64477,
16262,2.52732,
16263,2.6504,
16264,2.54881,
16265,2.43224,
16266,2.67021,
16267,2.60068,
16268,2.81906,
16269,2.86515,
16270,2.72335,
16271,2.83027,
16272,2.62312,
16273,2.70518,
16274,2.79243,
16275,2.72862,
16276,2.83325,
16277,2.85327,
16278,2.95048,
16279,3.5739,
16280,2.68851,
16281,2.71662,
16282,2.73848,
16283,2.74079,
16284,2.61252,
16285,2.81318,
16286,2.73091,
16287,2.72051,
16288,2.68657,
16289,3.06243,
16290,2.70253,
16291,2.68849,
16292,2.35396,
16293,2.48668,
16294,2.74967,
16295,2.75999,
16296,2.79112,
16297,2.96874,
16298,2.76851,
16299,2.65612,
16300,2.77516,
16301,2.72395,
16302,2.92579,
16303,2.69443,
16304,2.70686,
16305,2.8099,
16306,2.77469,
16307,2.70428,
16308,2.66102,
16309,2.60647,
16310,2.61956,
16311,2.69854,
16312,2.56589,
16313,2.40843,
16314,2.7518,
16315,2.6083,
16316,2.46617,
16317,2.52217,
16318,2.59441,
16319,2.69057,
16320,2.68382,
16321,2.62877,
16322,2.63291,
16323,2.36495,
16324,2.63885,
16325,2.36513,
16326,2.71011,
16327,2.53608,
16328,2.59354,
16329,2.40168,
16330,2.60514,
16331,2.60637,
16332,2.59805,
16333,2.50811,
16334,2.45838,
16335,2.62084,
16336,2.57289,
16337,2.31191,
16338,2.42042,
16339,2.42032,
16340,2.56491,
16341,2.62328,
16342,2.54766,
16343,2.61979,
16344,2.66921,
16345,2.70326,
16346,2.42316,
16347,2.78366,
16348,2.59246,
16349,2.64529,
16350,2.59386,
16351,2.68782,
16352,2.80995,
16353,2.74158,
16354,2.60008,
16355,2.47723,
16356,2.86911,
16357,2.7129,
16358,2.73025,
16359,2.62551,
16360,2.51464,
16361,2.54392,
16362,2.67235,
16363,2.20325,
16364,2.40748,
16365,2.2542,
16366,2.43101,
16367,2.54477,
16368,2.67297,
16369,2.66,
16370,2.70538,
16371,2.6296,
16372,2.45502,
16373,2.52033,
16374,2.64915,
16375,2.78758,
16376,2.60572,
16377,2.55112,
16378,2.24178,
16379,2.31403,
16380,2.73493,
16381,2.40722,
16382,2.61297,
16383,2.40772,
16384,2.56926,
16385,2.38165,
16386,2.41508,
16387,2.4469,
16388,2.42698,
16389,2.3993,
16390,2.33505,
16391,2.46198,
16392,2.66209,
16393,2.3379,
16394,2.60364,
16395,2.47815,
16396,2.91574,
16397,2.86658,
16398,2.79431,
16399,2.98651,
16400,2.88433,
16401,2.82592,
16402,2.67855,
16403,2.48407,
16404,2.80155,
16405,2.6305,
16406,2.59127,
16407,2.82423,
16408,2.6476,
16409,2.81582,
16410,2.6793,
16411,2.69189,
16412,2.58611,
16413,2.63554,
16414,2.75282,
16415,2.70683,
16416,2.66687,
16417,2.64449,
16418,2.55894,
16419,2.83415,
16420,2.56275,
16421,2.57433,
16422,2.67839,
16423,2.64059,
16424,2.59541,
16425,2.96936,
16426,2.8162,
16427,2.72684,
16428,2.65894,
16429,2.8882,
16430,2.80478,
16431,2.71649,
16432,2.69517,
16433,2.70789,
16434,2.7352,
16435,2.75454,
16436,2.70968,
16437,2.62475,
16438,2.42724,
16439,2.63114,
16440,2.64581,
16441,2.62457,
16442,2.36514,
16443,2.51076,
16444,2.26857,
16445,2.60227,
16446,2.6451,
16447,2.4236,
16448,2.51639,
16449,2.46281,
16450,2.64259,
16451,2.46178,
16452,2.52501,
16453,2.3134,
16454,2.66886,
16455,2.71575,
16456,2.72301,
16457,2.65286,
16458,2.77216,
16459,2.70568,
16460,2.84148,
16461,2.76578,
16462,2.79667,
16463,2.79249,
16464,2.65818,
16465,2.66807,
16466,2.41702,
16467,2.73329,
16468,2.6672,
16469,2.77625,
16470,2.66426,
16471,2.55724,
16472,2.64939,
16473,2.54575,
16474,2.58123,
16475,2.71462,
16476,2.78372,
16477,2.54248,
16478,2.56178,
16479,2.56431,
16480,2.8184,
16481,2.80069,
16482,2.86616,
16483,2.66856,
16484,2.80638,
16485,2.68308,
16486,2.7773,
16487,2.92748,
16488,2.69801,
16489,2.60553,
16490,2.53139,
16491,2.82579,
16492,2.81213,
16493,2.69243,
16494,2.72387,
16495,2.71403,
16496,2.91436,
16497,2.79805,
16498,2.98907,
16499,2.59384,
16500,2.68481,
16501,2.48208,
16502,2.62077,
16503,2.67288,
16504,2.6604,
16505,2.63361,
16506,2.77524,
16507,2.73207,
16508,2.6613,
16509,2.4672,
16510,2.59176,
16511,2.61851,
16512,2.64775,
16513,2.60915,
16514,2.87185,
16515,2.83257,
16516,2.84658,
16517,2.73528,
16518,2.6112,
16519,2.80808,
16520,2.52147,
16521,2.85753,
16522,2.81376,
16523,2.8172,
16524,2.79685,
16525,2.95219,
16526,3.07056,
16527,2.73983,
16528,2.76437,
16529,2.79143,
16530,2.92435,
16531,2.95605,
16532,2.73537,
16533,2.72692,
16534,2.71648,
16535,2.62161,
16536,2.70626,
16537,2.72859,
16538,2.70487,
16539,2.51385,
16540,2.53498,
16541,2.75416,
16542,2.9707,
16543,3.11462,
16544,3.12882,
16545,3.11391,
16546,3.08333,
16547,3.12049,
16548,3.02779,
16549,3.06054,
16550,3.0379,
16551,3.01926,
16552,3.00759,
16553,3.02016,
16554,3.03875,
16555,2.94168,
16556,3.02654,
16557,3.01134,
16558,2.96198,
16559,2.93329,
16560,2.89728,
16561,2.66628,
16562,2.92499,
16563,2.77661,
16564,2.75075,
16565,2.80681,
16566,2.80156,
16567,2.66411,
16568,2.85013,
16569,2.61099,
16570,2.66857,
16571,2.73567,
16572,2.58968,
16573,2.49795,
16574,2.75487,
16575,2.85238,
16576,2.73892,
16577,2.56779,
16578,2.72785,
16579,2.73374,
16580,2.64178,
16581,2.61063,
16582,2.72478,
16583,2.55354,
16584,2.60542,
16585,2.61514,
16586,2.59114,
16587,2.83777,
16588,2.75058,
16589,2.68276,
16590,2.71732,
16591,2.64585,
16592,2.6466,
16593,2.58458,
16594,2.64498,
16595,2.78952,
16596,2.65891,
16597,2.55816,
16598,2.79708,
16599,2.66304,
16600,2.60004,
16601,2.69492,
16602,2.459,
16603,2.47765,
16604,2.69935,
16605,2.41142,
16606,2.53029,
16607,2.53188,
16608,2.62497,
16609,2.56544,
16610,2.50001,
16611,2.61238,
16612,2.45795,
16613,2.57241,
16614,2.615,
16615,2.72738,
16616,2.70614,
16617,2.63881,
16618,2.52169,
16619,2.72012,
16620,2.52765,
16621,2.62408,
16622,2.62882,
16623,2.62225,
16624,2.88694,
16625,2.58142,
16626,2.50823,
16627,2.64813,
16628,2.5129,
16629,2.44326,
16630,2.6127,
16631,2.84049,
16632,2.37736,
16633,2.33348,
16634,2.69211,
16635,2.38845,
16636,2.57715,
16637,2.53595,
16638,2.43455,
16639,2.37903,
16640,2.72872,
16641,2.6825,
16642,2.7162,
16643,2.61256,
16644,2.86883,
16645,2.75343,
16646,2.82363,
16647,2.71128,
16648,2.65619,
16649,2.77977,
16650,2.68267,
16651,2.72408,
16652,2.68144,
16653,2.69966,
16654,2.69411,
16655,2.41002,
16656,2.66052,
16657,2.69995,
16658,2.71194,
16659,2.69989,
16660,2.35463,
16661,2.58654,
16662,2.66221,
16663,2.56461,
16664,2.29213,
16665,2.50127,
16666,2.53598,
16667,2.53203,
16668,2.58477,
16669,2.26578,
16670,2.42312,
16671,2.41116,
16672,2.53016,
16673,2.61657,
16674,2.86421,
16675,3.01947,
16676,2.79991,
16677,2.76843,
16678,2.92148,
16679,2.89891,
16680,2.67283,
16681,2.77768,
16682,2.69952,
16683,2.69608,
16684,2.6087,
16685,2.88174,
16686,2.69173,
16687,2.7023,
16688,2.82779,
16689,2.77907,
16690,2.71407,
16691,2.76473,
16692,2.62019,
16693,2.7687,
16694,2.71204,
16695,2.66735,
16696,2.57594,
16697,2.62035,
16698,2.49918,
16699,2.82262,
16700,2.83144,
16701,2.65886,
16702,2.74037,
16703,2.71875,
16704,2.74653,
16705,2.87186,
16706,2.79196,
16707,2.70542,
16708,2.70746,
16709,2.75027,
16710,2.50504,
16711,2.65725,
16712,2.71045,
16713,2.794,
16714,2.60277,
16715,2.64887,
16716,2.61339,
16717,2.70397,
16718,2.66561,
16719,2.78709,
16720,2.53356,
16721,2.67252,
16722,2.63839,
16723,2.54451,
16724,2.69867,
16725,2.80915,
16726,2.63225,
16727,2.38598,
16728,2.6248,
16729,2.73255,
16730,2.68134,
16731,2.59885,
16732,2.5425,
16733,2.55867,
16734,2.55567,
16735,2.64497,
16736,2.36909,
16737,2.41331,
16738,2.44814,
16739,2.5377,
16740,2.58305,
16741,2.48914,
16742,2.34956,
16743,2.52561,
16744,2.44283,
16745,2.53661,
16746,2.37145,
16747,2.44343,
16748,2.67335,
16749,2.59033,
16750,2.63794,
16751,2.35005,
16752,2.49846,
16753,2.42908,
16754,2.50174,
16755,2.66187,
16756,2.38831,
16757,2.51559,
16758,2.38088,
16759,2.32355,
16760,2.46836,
16761,2.48664,
16762,2.44916,
16763,2.3935,
16764,2.66454,
16765,2.45998,
16766,2.51602,
16767,2.73407,
16768,2.80403,
16769,2.6976,
16770,2.73073,
16771,2.98447,
16772,2.69812,
16773,2.60999,
16774,2.82439,
16775,2.66958,
16776,2.7775,
16777,2.82857,
16778,2.7153,
16779,2.7076,
16780,2.71213,
16781,2.45834,
16782,2.71402,
16783,2.6718,
16784,2.52423,
16785,2.64172,
16786,2.59127,
16787,2.48215,
16788,2.61069,
16789,2.65109,
16790,2.46911,
16791,2.56197,
16792,2.63078,
16793,2.71402,
16794,2.56528,
16795,2.62372,
16796,2.54397,
16797,2.8744,
16798,2.96745,
16799,3.06769,
16800,3.03299,
16801,3.0353,
16802,2.97215,
16803,2.94842,
16804,3.01538,
16805,2.91082,
16806,2.94555,
16807,2.97581,
16808,2.9939,
16809,2.82916,
16810,2.95805,
16811,2.92647,
16812,2.9677,
16813,3.02148,
16814,2.9165,
16815,2.94807,
16816,2.8623,
16817,2.93374,
16818,2.73585,
16819,2.9473,
16820,2.47523,
16821,2.53201,
16822,2.45838,
16823,2.34891,
16824,2.40632,
16825,2.33707,
16826,2.61835,
16827,2.19703,
16828,2.42421,
16829,2.3416,
16830,2.43762,
16831,2.45305,
16832,2.22781,
16833,2.24216,
16834,2.49974,
16835,2.62176,
16836,2.59936,
16837,2.30414,
16838,2.25036,
16839,2.84993,
16840,2.92922,
16841,2.78337,
16842,2.82405,
16843,2.814,
16844,2.76547,
16845,2.76382,
16846,2.52621,
16847,2.63657,
16848,2.74588,
16849,2.63037,
16850,2.6891,
16851,2.72423,
16852,2.90051,
16853,2.7803,
16854,2.62736,
16855,2.54452,
16856,2.70123,
16857,2.64494,
16858,2.60271,
16859,2.41425,
16860,2.47625,
16861,2.39104,
16862,2.53208,
16863,2.68791,
16864,2.54426,
16865,2.6173,
16866,2.61227,
16867,2.65743,
16868,2.62476,
16869,2.78589,
16870,2.54533,
16871,2.53226,
16872,2.67208,
16873,2.43676,
16874,2.4607,
16875,2.48674,
16876,2.63663,
16877,2.63256,
16878,2.53196,
16879,2.40698,
16880,2.38462,
16881,2.335,
16882,2.17888,
16883,2.32331,
16884,2.35235,
16885,2.55751,
16886,2.23076,
16887,2.36459,
16888,2.35309,
16889,2.66493,
16890,2.49244,
16891,2.69234,
16892,2.36886,
16893,2.80695,
16894,2.53344,
16895,2.77006,
16896,2.8851,
16897,2.75073,
16898,2.90834,
16899,2.73273,
16900,2.71263,
16901,2.79801,
16902,2.75282,
16903,2.5936,
16904,2.48126,
16905,2.46468,
16906,2.61928,
16907,2.59296,
16908,2.60458,
16909,2.57782,
16910,2.55035,
16911,2.67256,
16912,2.45854,
16913,2.7677,
16914,2.65894,
16915,2.47891,
16916,2.39654,
16917,2.65435,
16918,2.35504,
16919,2.46785,
16920,2.41998,
16921,2.26495,
16922,2.31476,
16923,2.4052,
16924,2.72429,
16925,2.79733,
16926,3.02137,
16927,2.97001,
16928,2.94118,
16929,2.8691,
16930,2.59418,
16931,2.63988,
16932,2.668,
16933,2.79542,
16934,3.01879,
16935,2.72814,
16936,2.85312,
16937,2.58511,
16938,2.56509,
16939,2.90635,
16940,2.8488,
16941,2.90987,
16942,2.72691,
16943,2.98306,
16944,2.62214,
16945,2.69271,
16946,2.64484,
16947,2.78835,
16948,2.61635,
16949,2.6633,
16950,2.57107,
16951,2.57182,
16952,2.80244,
16953,2.48745,
16954,2.5433,
16955,2.64473,
16956,2.64961,
16957,2.75175,
16958,2.54878,
16959,2.63362,
16960,2.55212,
16961,2.51739,
16962,2.44552,
16963,2.47017,
16964,2.57375,
16965,2.34676,
16966,2.39753,
16967,2.64661,
16968,2.47224,
16969,2.85019,
16970,3.01456,
16971,2.89647,
16972,3.05218,
16973,2.97675,
16974,2.85996,
16975,2.74631,
16976,2.82003,
16977,2.63162,
16978,2.66725,
16979,2.60361,
16980,2.61413,
16981,2.87567,
16982,2.86982,
16983,2.75,
16984,2.81471,
16985,2.80568,
16986,2.59468,
16987,2.62505,
16988,2.67445,
16989,2.5065,
16990,2.62005,
16991,2.78707,
16992,2.77675,
16993,2.87283,
16994,2.96895,
16995,2.93881,
16996,2.41617,
16997,2.62294,
16998,2.73975,
16999,2.78983,
17000,2.68163,
17001,2.77911,
17002,2.93957,
17003,2.82211,
17004,2.94915,
17005,2.71347,
17006,2.65536,
17007,2.874,
17008,2.55069,
17009,2.7692,
17010,2.78073,
17011,2.70385,
17012,2.71164,
17013,2.73302,
17014,2.93156,
17015,2.79173,
17016,2.82837,
17017,2.73524,
17018,2.90605,
17019,2.7917,
17020,2.72536,
17021,2.68149,
17022,2.75962,
17023,2.74462,
17024,2.54886,
17025,2.67907,
17026,2.62159,
17027,2.71703,
17028,2.67818,
17029,2.81644,
17030,2.50153,
17031,2.67159,
17032,2.62443,
17033,2.74596,
17034,2.50255,
17035,2.5315,
17036,2.77431,
17037,2.60526,
17038,2.73508,
17039,1.35604,
17040,2.72183,
17041,2.77524,
17042,2.88171,
17043,2.94293,
17044,3.12718,
17045,2.8494,
17046,2.81919,
17047,2.7221,
17048,2.80508,
17049,2.68596,
17050,2.89026,
17051,2.83711,
17052,2.67655,
17053,2.69019,
17054,2.62504,
17055,2.83217,
17056,2.61358,
17057,2.7646,
17058,2.79476,
17059,2.67452,
17060,2.65401,
17061,2.61597,
17062,2.79604,
17063,2.85294,
17064,2.84728,
17065,2.80717,
17066,2.84062,
17067,2.65031,
17068,2.90277,
17069,2.92046,
17070,2.63831,
17071,2.78398,
17072,2.62598,
17073,2.57074,
17074,2.58162,
17075,2.42958,
17076,2.73323,
17077,2.50704,
17078,2.54291,
17079,2.67791,
17080,2.73645,
17081,2.60226,
17082,2.51468,
17083,2.54949,
17084,2.50521,
17085,2.73835,
17086,2.56996,
17087,2.669,
17088,2.78094,
17089,2.61407,
17090,2.66767,
17091,2.66972,
17092,2.58943,
17093,2.63238,
17094,2.67357,
17095,2.83526,
17096,2.68229,
17097,2.68614,
17098,2.71731,
17099,2.73898,
17100,2.5989,
17101,2.42017,
17102,2.60543,
17103,2.50418,
17104,2.65552,
17105,2.60812,
17106,2.37743,
17107,2.69687,
17108,2.74316,
17109,2.65132,
17110,2.60633,
17111,2.5362,
17112,2.76722,
17113,2.61167,
17114,2.33136,
17115,2.63845,
17116,2.62673,
17117,2.74734,
17118,2.53597,
17119,2.50623,
17120,2.57715,
17121,2.49594,
17122,2.49237,
17123,2.5808,
17124,2.5719,
17125,2.73829,
17126,2.77213,
17127,2.73366,
17128,2.51161,
17129,2.67003,
17130,2.5779,
17131,2.78473,
17132,2.75266,
17133,2.75152,
17134,2.71454,
17135,2.89304,
17136,2.59595,
17137,2.74428,
17138,2.63143,
17139,2.52916,
17140,2.75978,
17141,2.68133,
17142,2.82607,
17143,2.6419,
17144,2.41062,
17145,2.50138,
17146,2.67072,
17147,2.50182,
17148,2.52757,
17149,2.36935,
17150,2.49228,
17151,2.74382,
17152,2.66082,
17153,2.65718,
17154,2.84227,
17155,2.69855,
17156,2.78535,
17157,2.63109,
17158,2.77108,
17159,2.76744,
17160,2.79978,
17161,2.75022,
17162,2.74367,
17163,2.7587,
17164,2.67599,
17165,2.81262,
17166,2.47603,
17167,2.56451,
17168,2.744,
17169,2.64709,
17170,2.67702,
17171,2.4626,
17172,2.58027,
17173,2.78321,
17174,2.44801,
17175,2.59483,
17176,2.5312,
17177,2.48509,
17178,2.65607,
17179,2.43367,
17180,2.49805,
17181,2.5139,
17182,2.63634,
17183,2.59698,
17184,2.68496,
17185,2.73954,
17186,2.71407,
17187,2.49278,
17188,2.59099,
17189,2.51727,
17190,2.65059,
17191,2.48301,
17192,2.77417,
17193,2.69305,
17194,2.72287,
17195,2.78604,
17196,2.76256,
17197,2.59461,
17198,2.71538,
17199,2.66263,
17200,2.69664,
17201,2.70302,
17202,2.82072,
17203,2.9337,
17204,2.8413,
17205,2.73701,
17206,2.68453,
17207,2.60389,
17208,2.62463,
17209,2.4697,
17210,2.55118,
17211,2.42953,
17212,2.62942,
17213,2.52481,
17214,2.6944,
17215,2.57524,
17216,2.67803,
17217,2.81155,
17218,2.76728,
17219,2.9823,
17220,2.62561,
17221,2.46901,
17222,2.72554,
17223,2.46609,
17224,2.72802,
17225,2.62479,
17226,2.82405,
17227,2.90092,
17228,2.8964,
17229,2.62096,
17230,2.8651,
17231,2.72273,
17232,2.7075,
17233,2.71893,
17234,2.80902,
17235,2.58219,
17236,2.83496,
17237,2.44724,
17238,2.76727,
17239,2.75456,
17240,2.85441,
17241,2.68322,
17242,2.80843,
17243,2.83403,
17244,2.59405,
17245,2.804,
17246,2.4834,
17247,2.61975,
17248,2.64706,
17249,2.91306,
17250,2.89427,
17251,2.4545,
17252,2.73212,
17253,2.65802,
17254,2.76714,
17255,2.79744,
17256,2.97988,
17257,2.73898,
17258,2.63342,
17259,2.74775,
17260,2.79815,
17261,2.61728,
17262,2.62935,
17263,2.52249,
17264,2.69249,
17265,2.8575,
17266,2.87018,
17267,2.82278,
17268,2.77892,
17269,2.74324,
17270,2.52195,
17271,2.79536,
17272,2.61626,
17273,2.76475,
17274,2.62776,
17275,2.67092,
17276,2.69027,
17277,2.7816,
17278,2.77185,
17279,2.62152,
17280,2.65773,
17281,2.78885,
17282,2.55282,
17283,2.93495,
17284,2.77006,
17285,2.63966,
17286,2.52838,
17287,2.77135,
17288,2.67866,
17289,2.63835,
17290,2.53652,
17291,2.803,
17292,2.59069,
17293,2.51855,
17294,2.68825,
17295,2.51614,
17296,2.47589,
17297,2.78033,
17298,2.83045,
17299,2.62201,
17300,2.58372,
17301,2.55304,
17302,2.72907,
17303,2.79551,
17304,2.38941,
17305,2.67328,
17306,2.63107,
17307,2.69379,
17308,2.70962,
17309,2.72697,
17310,2.55109,
17311,2.63056,
17312,2.68345,
17313,2.33014,
17314,2.39552,
17315,2.80888,
17316,2.65621,
17317,2.75045,
17318,2.49421,
17319,2.46738,
17320,2.6586,
17321,2.59769,
17322,2.52738,
17323,2.81858,
17324,2.74429,
17325,2.44244,
17326,2.63825,
17327,2.50713,
17328,2.63727,
17329,2.5365,
17330,2.38567,
17331,2.65312,
17332,2.59384,
17333,2.79134,
17334,2.84447,
17335,2.71672,
17336,2.80771,
17337,2.61568,
17338,2.7059,
17339,2.7763,
17340,2.70727,
17341,2.81472,
17342,2.8495,
17343,2.93263,
17344,3.54156,
17345,2.65744,
17346,2.69932,
17347,2.71124,
17348,2.73004,
17349,2.59761,
17350,2.81643,
17351,2.71251,
17352,2.704,
17353,2.66576,
17354,3.06695,
17355,2.69165,
17356,2.68045,
17357,2.34553,
17358,2.48167,
17359,2.72288,
17360,2.73271,
17361,2.77491,
17362,2.94913,
17363,2.76323,
17364,2.63732,
17365,2.75889,
17366,2.70212,
17367,2.90148,
17368,2.6643,
17369,2.67982,
17370,2.79554,
17371,2.74698,
17372,2.70987,
17373,2.64265,
17374,2.60349,
17375,2.60166,
17376,2.67504,
17377,2.55945,
17378,2.37895,
17379,2.72711,
17380,2.59591,
17381,2.48208,
17382,2.5108,
17383,2.57501,
17384,2.68266,
17385,2.67104,
17386,2.6304,
17387,2.61309,
17388,2.33515,
17389,2.62241,
17390,2.35627,
17391,2.6879,
17392,2.51939,
17393,2.57953,
17394,2.377,
17395,2.58857,
17396,2.58991,
17397,2.58534,
17398,2.50329,
17399,2.44753,
17400,2.60286,
17401,2.56561,
17402,2.29755,
17403,2.40313,
17404,2.42179,
17405,2.54785,
17406,2.60816,
17407,2.53391,
17408,2.59708,
17409,2.66224,
17410,2.68922,
17411,2.41441,
17412,2.76601,
17413,2.57813,
17414,2.64248,
17415,2.55963,
17416,2.66895,
17417,2.78167,
17418,2.72516,
17419,2.58554,
17420,2.46106,
17421,2.86129,
17422,2.69523,
17423,2.71452,
17424,2.619,
17425,2.4989,
17426,2.52893,
17427,2.64702,
17428,2.19611,
17429,2.39724,
17430,2.23741,
17431,2.42441,
17432,2.52797,
17433,2.64973,
17434,2.65327,
17435,2.68336,
17436,2.61321,
17437,2.44938,
17438,2.50682,
17439,2.63648,
17440,2.76893,
17441,2.58184,
17442,2.53716,
17443,2.24102,
17444,2.30644,
17445,2.70851,
17446,2.38676,
17447,2.59792,
17448,2.3986,
17449,2.54545,
17450,2.37977,
17451,2.3906,
17452,2.4277,
17453,2.4274,
17454,2.38891,
17455,2.32835,
17456,2.44927,
17457,2.62932,
17458,2.33111,
17459,2.58374,
17460,2.46148,
17461,2.91196,
17462,2.87844,
17463,2.77954,
17464,2.968,
17465,2.86104,
17466,2.76665,
17467,2.6528,
17468,2.46942,
17469,2.79444,
17470,2.60595,
17471,2.58826,
17472,2.8126,
17473,2.63035,
17474,2.79345,
17475,2.6792,
17476,2.67754,
17477,2.56395,
17478,2.61936,
17479,2.75146,
17480,2.70224,
17481,2.64381,
17482,2.62472,
17483,2.53736,
17484,2.82675,
17485,2.56536,
17486,2.56315,
17487,2.67617,
17488,2.62646,
17489,2.58692,
17490,2.9465,
17491,2.79918,
17492,2.70793,
17493,2.67035,
17494,2.89139,
17495,2.80711,
17496,2.70639,
17497,2.69746,
17498,2.70306,
17499,2.71618,
17500,2.74488,
17501,2.70822,
17502,2.6174,
17503,2.42005,
17504,2.63137,
17505,2.649,
17506,2.61832,
17507,2.34471,
17508,2.50227,
17509,2.25924,
17510,2.58864,
17511,2.64971,
17512,2.39907,
17513,2.50451,
17514,2.4627,
17515,2.6419,
17516,2.45374,
17517,2.49657,
17518,2.29152,
17519,2.65194,
17520,2.69345,
17521,2.68496,
17522,2.6485,
17523,2.76658,
17524,2.6865,
17525,2.83851,
17526,2.75078,
17527,2.78612,
17528,2.7635,
17529,2.64559,
17530,2.65191,
17531,2.39707,
17532,2.71303,
17533,2.65695,
17534,2.75907,
17535,2.64974,
17536,2.54332,
17537,2.63892,
17538,2.54542,
17539,2.5587,
17540,2.69276,
17541,2.77657,
17542,2.5382,
17543,2.56463,
17544,2.54411,
17545,2.79387,
17546,2.77694,
17547,2.84076,
17548,2.65973,
17549,2.79878,
17550,2.6547,
17551,2.76823,
17552,2.90897,
17553,2.68361,
17554,2.5916,
17555,2.51885,
17556,2.79728,
17557,2.80198,
17558,2.67615,
17559,2.70615,
17560,2.7072,
17561,2.89145,
17562,2.77286,
17563,2.98027,
17564,2.57309,
17565,2.65734,
17566,2.46632,
17567,2.60046,
17568,2.6623,
17569,2.65017,
17570,2.60735,
17571,2.76327,
17572,2.71238,
17573,2.64929,
17574,2.45207,
17575,2.58368,
17576,2.6063,
17577,2.64055,
17578,2.59665,
17579,2.85202,
17580,2.81196,
17581,2.82652,
17582,2.72946,
17583,2.58572,
17584,2.78206,
17585,2.49094,
17586,2.85625,
17587,2.78938,
17588,2.79859,
17589,2.79318,
17590,2.94654,
17591,3.04012,
17592,2.73876,
17593,2.76199,
17594,2.7744,
17595,2.90186,
17596,2.93414,
17597,2.73757,
17598,2.73023,
17599,2.69995,
17600,2.62062,
17601,2.69847,
17602,2.70748,
17603,2.69017,
17604,2.5052,
17605,2.5286,
17606,2.74014,
17607,2.93537,
17608,3.10714,
17609,3.10963,
17610,3.09153,
17611,3.06836,
17612,3.09032,
17613,3.03359,
17614,3.04541,
17615,3.03112,
17616,3.00081,
17617,2.99882,
17618,3.00673,
17619,3.01964,
17620,2.9259,
17621,3.00488,
17622,2.99743,
17623,2.95009,
17624,2.91696,
17625,2.87546,
17626,2.64838,
17627,2.90754,
17628,2.76793,
17629,2.73097,
17630,2.78515,
17631,2.7861,
17632,2.64892,
17633,2.84283,
17634,2.59453,
17635,2.66992,
17636,2.72869,
17637,2.59904,
17638,2.49008,
17639,2.76071,
17640,2.83105,
17641,2.71229,
17642,2.55183,
17643,2.71893,
17644,2.71354,
17645,2.62074,
17646,2.58909,
17647,2.69486,
17648,2.54269,
17649,2.59624,
17650,2.61157,
17651,2.58587,
17652,2.82667,
17653,2.73727,
17654,2.68221,
17655,2.70618,
17656,2.63092,
17657,2.63049,
17658,2.55881,
17659,2.62855,
17660,2.7811,
17661,2.63756,
17662,2.5636,
17663,2.77581,
17664,2.63406,
17665,2.57191,
17666,2.69797,
17667,2.45394,
17668,2.4673,
17669,2.69302,
17670,2.38587,
17671,2.5224,
17672,2.5233,
17673,2.62026,
17674,2.55191,
17675,2.49013,
17676,2.60291,
17677,2.44837,
17678,2.55301,
17679,2.60252,
17680,2.71263,
17681,2.69128,
17682,2.63125,
17683,2.51199,
17684,2.70478,
17685,2.52105,
17686,2.60895,
17687,2.612,
17688,2.61706,
17689,2.85973,
17690,2.55516,
17691,2.50174,
17692,2.65612,
17693,2.50319,
17694,2.41866,
17695,2.60206,
17696,2.82727,
17697,2.36966,
17698,2.31854,
17699,2.67782,
17700,2.37778,
17701,2.57233,
17702,2.52918,
17703,2.42853,
17704,2.35914,
17705,2.71994,
17706,2.66748,
17707,2.69679,
17708,2.59826,
17709,2.85521,
17710,2.7352,
17711,2.79494,
17712,2.7124,
17713,2.63429,
17714,2.77572,
17715,2.67145,
17716,2.70327,
17717,2.67299,
17718,2.69991,
17719,2.69239,
17720,2.39626,
17721,2.64226,
17722,2.68775,
17723,2.70907,
17724,2.70585,
17725,2.34865,
17726,2.56504,
17727,2.64297,
17728,2.55817,
17729,2.2865,
17730,2.48686,
17731,2.51259,
17732,2.50743,
17733,2.55827,
17734,2.24886,
17735,2.40249,
17736,2.40433,
17737,2.52794,
17738,2.59673,
17739,2.82498,
17740,2.99606,
17741,2.78906,
17742,2.75973,
17743,2.91759,
17744,2.88704,
17745,2.63733,
17746,2.7653,
17747,2.67924,
17748,2.67798,
17749,2.58979,
17750,2.86113,
17751,2.67792,
17752,2.68425,
17753,2.82219,
17754,2.76488,
17755,2.68237,
17756,2.74202,
17757,2.59571,
17758,2.75843,
17759,2.69022,
17760,2.65584,
17761,2.55975,
17762,2.59019,
17763,2.47043,
17764,2.80642,
17765,2.81503,
17766,2.65618,
17767,2.72252,
17768,2.7011,
17769,2.74361,
17770,2.84389,
17771,2.77252,
17772,2.70512,
17773,2.69619,
17774,2.72465,
17775,2.48983,
17776,2.64851,
17777,2.71604,
17778,2.77954,
17779,2.58647,
17780,2.64071,
17781,2.59096,
17782,2.67941,
17783,2.65001,
17784,2.7742,
17785,2.5191,
17786,2.6745,
17787,2.62001,
17788,2.51262,
17789,2.67754,
17790,2.80759,
17791,2.62757,
17792,2.36029,
17793,2.60705,
17794,2.70437,
17795,2.65318,
17796,2.58259,
17797,2.54169,
17798,2.56716,
17799,2.54423,
17800,2.62478,
17801,2.36657,
17802,2.41894,
17803,2.43083,
17804,2.54069,
17805,2.5784,
17806,2.49058,
17807,2.33463,
17808,2.49559,
17809,2.42024,
17810,2.51656,
17811,2.3479,
17812,2.45575,
17813,2.66237,
17814,2.58934,
17815,2.62146,
17816,2.33928,
17817,2.48887,
17818,2.41009,
17819,2.48682,
17820,2.64262,
17821,2.37778,
17822,2.49228,
17823,2.36699,
17824,2.2975,
17825,2.44943,
17826,2.4536,
17827,2.43489,
17828,2.37431,
17829,2.66472,
17830,2.43784,
17831,2.48547,
17832,2.72932,
17833,2.77635,
17834,2.68402,
17835,2.70376,
17836,2.96077,
17837,2.69079,
17838,2.58123,
17839,2.80033,
17840,2.63826,
17841,2.7704,
17842,2.81989,
17843,2.70464,
17844,2.69655,
17845,2.72972,
17846,2.44713,
17847,2.69714,
17848,2.66013,
17849,2.50375,
17850,2.62757,
17851,2.58232,
17852,2.47561,
17853,2.5835,
17854,2.64021,
17855,2.46061,
17856,2.55202,
17857,2.62752,
17858,2.70508,
17859,2.54995,
17860,2.61213,
17861,2.53113,
17862,2.85625,
17863,2.95239,
17864,3.05646,
17865,3.0085,
17866,3.01126,
17867,2.95724,
17868,2.93231,
17869,3.0078,
17870,2.89238,
17871,2.92844,
17872,2.98073,
17873,2.99202,
17874,2.82714,
17875,2.94629,
17876,2.92008,
17877,2.956,
17878,3.00892,
17879,2.90652,
17880,2.92753,
17881,2.85199,
17882,2.92594,
17883,2.69607,
17884,2.91653,
17885,2.4391,
17886,2.5195,
17887,2.44323,
17888,2.31428,
17889,2.39618,
17890,2.3131,
17891,2.60413,
17892,2.18334,
17893,2.4026,
17894,2.3193,
17895,2.42687,
17896,2.43387,
17897,2.21795,
17898,2.23124,
17899,2.48465,
17900,2.59888,
17901,2.57463,
17902,2.28505,
17903,2.21461,
17904,2.83138,
17905,2.90632,
17906,2.77499,
17907,2.7992,
17908,2.78304,
17909,2.75388,
17910,2.73793,
17911,2.53505,
17912,2.61317,
17913,2.72777,
17914,2.62229,
17915,2.67496,
17916,2.70595,
17917,2.89099,
17918,2.78387,
17919,2.6064,
17920,2.52889,
17921,2.6981,
17922,2.64478,
17923,2.57541,
17924,2.40482,
17925,2.46313,
17926,2.39581,
17927,2.51972,
17928,2.67487,
17929,2.52879,
17930,2.60765,
17931,2.59471,
17932,2.64048,
17933,2.61315,
17934,2.77781,
17935,2.53134,
17936,2.51635,
17937,2.66557,
17938,2.42364,
17939,2.45639,
17940,2.46715,
17941,2.63277,
17942,2.61748,
17943,2.52306,
17944,2.40487,
17945,2.36175,
17946,2.32899,
17947,2.18214,
17948,2.30183,
17949,2.34414,
17950,2.55591,
17951,2.22309,
17952,2.35916,
17953,2.33802,
17954,2.6548,
17955,2.45839,
17956,2.67353,
17957,2.3576,
17958,2.77435,
17959,2.51526,
17960,2.75258,
17961,2.85376,
17962,2.73487,
17963,2.89489,
17964,2.72389,
17965,2.708,
17966,2.76835,
17967,2.72224,
17968,2.58533,
17969,2.47095,
17970,2.45095,
17971,2.61689,
17972,2.57902,
17973,2.59097,
17974,2.551,
17975,2.53121,
17976,2.66402,
17977,2.45042,
17978,2.73269,
17979,2.62658,
17980,2.45768,
17981,2.37613,
17982,2.6266,
17983,2.34757,
17984,2.4457,
17985,2.38817,
17986,2.24042,
17987,2.29973,
17988,2.39057,
17989,2.70852,
17990,2.79862,
17991,2.99605,
17992,2.94859,
17993,2.92445,
17994,2.86051,
17995,2.58022,
17996,2.63527,
17997,2.66254,
17998,2.76959,
17999,2.99625,
18000,2.70339,
18001,2.83085,
18002,2.57075,
18003,2.54948,
18004,2.91479,
18005,2.82249,
18006,2.88047,
18007,2.70763,
18008,2.96805,
18009,2.62249,
18010,2.67183,
18011,2.6423,
18012,2.79803,
18013,2.60099,
18014,2.65947,
18015,2.57027,
18016,2.55136,
18017,2.79725,
18018,2.48257,
18019,2.52299,
18020,2.61999,
18021,2.63753,
18022,2.72973,
18023,2.53456,
18024,2.61064,
18025,2.53536,
18026,2.48896,
18027,2.43223,
18028,2.44835,
18029,2.5612,
18030,2.33503,
18031,2.39305,
18032,2.64949,
18033,2.45478,
18034,2.82704,
18035,2.99723,
18036,2.88558,
18037,3.03449,
18038,2.95621,
18039,2.8618,
18040,2.72807,
18041,2.79477,
18042,2.63015,
18043,2.65412,
18044,2.58485,
18045,2.5895,
18046,2.85868,
18047,2.8612,
18048,2.7308,
18049,2.7978,
18050,2.79753,
18051,2.57806,
18052,2.62087,
18053,2.67921,
18054,2.497,
18055,2.60383,
18056,2.77461,
18057,2.76335,
18058,2.84655,
18059,2.94858,
18060,2.92395,
18061,2.40406,
18062,2.60558,
18063,2.72194,
18064,2.7686,
18065,2.66177,
18066,2.74974,
18067,2.92382,
18068,2.822,
18069,2.91795,
18070,2.70588,
18071,2.65299,
18072,2.8468,
18073,2.54278,
18074,2.77417,
18075,2.77404,
18076,2.68744,
18077,2.70431,
18078,2.73603,
18079,2.92954,
18080,2.78092,
18081,2.80939,
18082,2.71382,
18083,2.87399,
18084,2.77654,
18085,2.71027,
18086,2.66226,
18087,2.74805,
18088,2.7358,
18089,2.53458,
18090,2.64581,
18091,2.61379,
18092,2.70082,
18093,2.65578,
18094,2.78902,
18095,2.48908,
18096,2.66345,
18097,2.59509,
18098,2.72331,
18099,2.47797,
18100,2.51656,
18101,2.76578,
18102,2.59819,
18103,2.71852,
18104,1.30931,
18105,2.70579,
18106,2.77936,
18107,2.85128,
18108,2.93267,
18109,3.11492,
18110,2.81813,
18111,2.79398,
18112,2.70658,
18113,2.7896,
18114,2.66453,
18115,2.8768,
18116,2.81133,
18117,2.67113,
18118,2.68388,
18119,2.61526,
18120,2.82356,
18121,2.60781,
18122,2.76043,
18123,2.79205,
18124,2.65266,
18125,2.64491,
18126,2.61522,
18127,2.77566,
18128,2.84302,
18129,2.82747,
18130,2.78642,
18131,2.81129,
18132,2.6358,
18133,2.88741,
18134,2.91703,
18135,2.63293,
18136,2.78458,
18137,2.6154,
18138,2.55972,
18139,2.57021,
18140,2.4267,
18141,2.71799,
18142,2.48765,
18143,2.5141,
18144,2.65775,
18145,2.71317,
18146,2.59683,
18147,2.4978,
18148,2.54227,
18149,2.50086,
18150,2.73077,
18151,2.55587,
18152,2.63805,
18153,2.77783,
18154,2.5969,
18155,2.63293,
18156,2.65089,
18157,2.58298,
18158,2.62117,
18159,2.64153,
18160,2.82287,
18161,2.66645,
18162,2.65994,
18163,2.71694,
18164,2.73729,
18165,2.59818,
18166,2.40492,
18167,2.59631,
18168,2.47512,
18169,2.6456,
18170,2.59765,
18171,2.34924,
18172,2.67508,
18173,2.72531,
18174,2.65681,
18175,2.60824,
18176,2.52365,
18177,2.75352,
18178,2.59112,
18179,2.30186,
18180,2.64197,
18181,2.60927,
18182,2.72402,
18183,2.50538,
18184,2.48792,
18185,2.57612,
18186,2.48479,
18187,2.47809,
18188,2.57749,
18189,2.54942,
18190,2.704,
18191,2.74454,
18192,2.73643,
18193,2.48713,
18194,2.66208,
18195,2.5615,
18196,2.76637,
18197,2.7347,
18198,2.73656,
18199,2.7049,
18200,2.87421,
18201,2.58978,
18202,2.72672,
18203,2.62058,
18204,2.50815,
18205,2.75999,
18206,2.65416,
18207,2.81227,
18208,2.61289,
18209,2.40629,
18210,2.49086,
18211,2.65026,
18212,2.49492,
18213,2.50026,
18214,2.36108,
18215,2.46035,
18216,2.74526,
18217,2.62902,
18218,2.64546,
18219,2.80903,
18220,2.66587,
18221,2.76185,
18222,2.61241,
18223,2.75448,
18224,2.75308,
18225,2.79053,
18226,2.72356,
18227,2.72222,
18228,2.73984,
18229,2.65438,
18230,2.78741,
18231,2.46236,
18232,2.54427,
18233,2.74768,
18234,2.64325,
18235,2.66398,
18236,2.44129,
18237,2.57078,
18238,2.76919,
18239,2.43866,
18240,2.58517,
18241,2.54877,
18242,2.48695,
18243,2.63549,
18244,2.41492,
18245,2.48281,
18246,2.50908,
18247,2.62068,
18248,2.59734,
18249,2.65314,
18250,2.70135,
18251,2.69388,
18252,2.46911,
18253,2.58382,
18254,2.50504,
18255,2.64814,
18256,2.46065,
18257,2.75633,
18258,2.6908,
18259,2.70628,
18260,2.78008,
18261,2.74442,
18262,2.5832,
18263,2.701,
18264,2.66154,
18265,2.67899,
18266,2.67867,
18267,2.79129,
18268,2.9035,
18269,2.8411,
18270,2.73009,
18271,2.68148,
18272,2.59546,
18273,2.60966,
18274,2.45452,
18275,2.54478,
18276,2.41925,
18277,2.60736,
18278,2.50311,
18279,2.68197,
18280,2.54833,
18281,2.65477,
18282,2.80912,
18283,2.76735,
18284,2.95589,
18285,2.61081,
18286,2.46208,
18287,2.71173,
18288,2.46893,
18289,2.71975,
18290,2.58338,
18291,2.80322,
18292,2.88475,
18293,2.8803,
18294,2.59298,
18295,2.84336,
18296,2.70159,
18297,2.69561,
18298,2.69523,
18299,2.78971,
18300,2.56932,
18301,2.81093,
18302,2.44896,
18303,2.75959,
18304,2.73323,
18305,2.84312,
18306,2.67171,
18307,2.80496,
18308,2.80643,
18309,2.56949,
18310,2.77755,
18311,2.45956,
18312,2.6189,
18313,2.64281,
18314,2.91329,
18315,2.86436,
18316,2.44883,
18317,2.71625,
18318,2.63042,
18319,2.74268,
18320,2.77146,
18321,2.95584,
18322,2.70747,
18323,2.61466,
18324,2.7185,
18325,2.80017,
18326,2.60674,
18327,2.62869,
18328,2.50941,
18329,2.6647,
18330,2.84464,
18331,2.86851,
18332,2.80343,
18333,2.75997,
18334,2.72315,
18335,2.50951,
18336,2.76801,
18337,2.59387,
18338,2.74018,
18339,2.61885,
18340,2.64089,
18341,2.65595,
18342,2.766,
18343,2.75727,
18344,2.5847,
18345,2.64555,
18346,2.77745,
18347,2.52525,
18348,2.91891,
18349,2.75129,
18350,2.62484,
18351,2.51072,
18352,2.75694,
18353,2.67096,
18354,2.61869,
18355,2.52916,
18356,2.79997,
18357,2.56041,
18358,2.49919,
18359,2.68866,
18360,2.50904,
18361,2.44899,
18362,2.75671,
18363,2.82341,
18364,2.61301,
18365,2.56112,
18366,2.53848,
18367,2.71366,
18368,2.78164,
18369,2.37671,
18370,2.67666,
18371,2.6218,
18372,2.66402,
18373,2.69379,
18374,2.7114,
18375,2.53117,
18376,2.61452,
18377,2.68149,
18378,2.30329,
18379,2.39104,
18380,2.77832,
18381,2.65467,
18382,2.74559,
18383,2.47758,
18384,2.44072,
18385,2.63999,
18386,2.57439,
18387,2.52527,
18388,2.80339,
18389,2.71744,
18390,2.42646,
18391,2.63705,
18392,2.49157,
18393,2.61439,
18394,2.50384,
18395,2.38566,
18396,2.63899,
18397,2.57841,
18398,2.77589,
18399,2.82606,
18400,2.70542,
18401,2.80955,
18402,2.59208,
18403,2.67428,
18404,2.76584,
18405,2.69067,
18406,2.80234,
18407,2.81712,
18408,2.91691,
18409,3.51369,
18410,2.64735,
18411,2.68624,
18412,2.70478,
18413,2.72419,
18414,2.57121,
18415,2.80543,
18416,2.70095,
18417,2.68718,
18418,2.66012,
18419,3.03831,
18420,2.67232,
18421,2.66744,
18422,2.33938,
18423,2.45757,
18424,2.71009,
18425,2.71471,
18426,2.76725,
18427,2.94127,
18428,2.74218,
18429,2.61515,
18430,2.74314,
18431,2.7001,
18432,2.87868,
18433,2.65019,
18434,2.65042,
18435,2.78824,
18436,2.72721,
18437,2.67656,
18438,2.62851,
18439,2.57531,
18440,2.59105,
18441,2.66129,
18442,2.53724,
18443,2.37791,
18444,2.71102,
18445,2.57519,
18446,2.46487,
18447,2.50765,
18448,2.57105,
18449,2.66097,
18450,2.66844,
18451,2.621,
18452,2.60442,
18453,2.32921,
18454,2.60601,
18455,2.35421,
18456,2.68293,
18457,2.49311,
18458,2.56283,
18459,2.34833,
18460,2.57026,
18461,2.58378,
18462,2.56263,
18463,2.47974,
18464,2.44389,
18465,2.59404,
18466,2.5456,
18467,2.2868,
18468,2.40302,
18469,2.39007,
18470,2.53308,
18471,2.60489,
18472,2.52741,
18473,2.58111,
18474,2.63343,
18475,2.66752,
18476,2.40687,
18477,2.75711,
18478,2.56059,
18479,2.61692,
18480,2.54009,
18481,2.64726,
18482,2.75255,
18483,2.72626,
18484,2.58265,
18485,2.42819,
18486,2.84712,
18487,2.66697,
18488,2.69752,
18489,2.60904,
18490,2.48867,
18491,2.50998,
18492,2.63434,
18493,2.16484,
18494,2.38682,
18495,2.22607,
18496,2.41886,
18497,2.50772,
18498,2.64436,
18499,2.64639,
18500,2.67883,
18501,2.59337,
18502,2.43346,
18503,2.49196,
18504,2.62546,
18505,2.7589,
18506,2.60869,
18507,2.5101,
18508,2.2143,
18509,2.29122,
18510,2.6877,
18511,2.38296,
18512,2.58768,
18513,2.38058,
18514,2.53789,
18515,2.3484,
18516,2.38031,
18517,2.42821,
18518,2.3987,
18519,2.37296,
18520,2.31744,
18521,2.44592,
18522,2.62496,
18523,2.30505,
18524,2.57145,
18525,2.42384,
18526,2.88201,
18527,2.8442,
18528,2.76717,
18529,2.95664,
18530,2.84527,
18531,2.75531,
18532,2.64957,
18533,2.4643,
18534,2.78436,
18535,2.6018,
18536,2.56349,
18537,2.79666,
18538,2.60895,
18539,2.78038,
18540,2.6594,
18541,2.66837,
18542,2.56429,
18543,2.59643,
18544,2.73329,
18545,2.68331,
18546,2.63112,
18547,2.60601,
18548,2.52667,
18549,2.81154,
18550,2.53355,
18551,2.55434,
18552,2.67866,
18553,2.61143,
18554,2.56859,
18555,2.9501,
18556,2.79802,
18557,2.67668,
18558,2.63717,
18559,2.86787,
18560,2.77559,
18561,2.69728,
18562,2.68954,
18563,2.6732,
18564,2.69091,
18565,2.71399,
18566,2.67815,
18567,2.61059,
18568,2.40148,
18569,2.61429,
18570,2.63659,
18571,2.61482,
18572,2.3327,
18573,2.49263,
18574,2.23644,
18575,2.57803,
18576,2.61038,
18577,2.38256,
18578,2.48958,
18579,2.44817,
18580,2.626,
18581,2.44004,
18582,2.4815,
18583,2.25665,
18584,2.63127,
18585,2.66031,
18586,2.67376,
18587,2.62161,
18588,2.74088,
18589,2.6753,
18590,2.81538,
18591,2.73415,
18592,2.76575,
18593,2.76462,
18594,2.62497,
18595,2.64606,
18596,2.38279,
18597,2.69845,
18598,2.65757,
18599,2.75803,
18600,2.64833,
18601,2.53259,
18602,2.62833,
18603,2.51795,
18604,2.55172,
18605,2.66064,
18606,2.75752,
18607,2.52984,
18608,2.53247,
18609,2.50516,
18610,2.77673,
18611,2.77053,
18612,2.82558,
18613,2.63809,
18614,2.78207,
18615,2.65427,
18616,2.74581,
18617,2.89786,
18618,2.65726,
18619,2.58006,
18620,2.5077,
18621,2.78558,
18622,2.78651,
18623,2.66488,
18624,2.70151,
18625,2.6933,
18626,2.89389,
18627,2.76129,
18628,2.95674,
18629,2.56632,
18630,2.63226,
18631,2.44674,
18632,2.58976,
18633,2.64632,
18634,2.63393,
18635,2.59453,
18636,2.76267,
18637,2.70443,
18638,2.62156,
18639,2.44113,
18640,2.57699,
18641,2.59416,
18642,2.62283,
18643,2.57862,
18644,2.81761,
18645,2.78976,
18646,2.80394,
18647,2.69409,
18648,2.57081,
18649,2.7632,
18650,2.49621,
18651,2.83512,
18652,2.76426,
18653,2.79297,
18654,2.75468,
18655,2.91549,
18656,3.03168,
18657,2.71129,
18658,2.75168,
18659,2.77191,
18660,2.88287,
18661,2.95062,
18662,2.71511,
18663,2.70803,
18664,2.69173,
18665,2.59803,
18666,2.67809,
18667,2.6988,
18668,2.69739,
18669,2.49426,
18670,2.53328,
18671,2.72872,
18672,2.92255,
18673,3.07952,
18674,3.10891,
18675,3.07532,
18676,3.06149,
18677,3.08228,
18678,3.0043,
18679,3.04194,
18680,3.00928,
18681,2.99003,
18682,2.98328,
18683,2.99956,
18684,3.005,
18685,2.91425,
18686,2.99254,
18687,2.98989,
18688,2.92319,
18689,2.91609,
18690,2.87046,
18691,2.6259,
18692,2.89048,
18693,2.75799,
18694,2.71238,
18695,2.78475,
18696,2.77763,
18697,2.63215,
18698,2.82208,
18699,2.57377,
18700,2.6418,
18701,2.71102,
18702,2.57595,
18703,2.47283,
18704,2.73159,
18705,2.80168,
18706,2.68527,
18707,2.53985,
18708,2.70053,
18709,2.6994,
18710,2.60894,
18711,2.5673,
18712,2.6863,
18713,2.51385,
18714,2.57815,
18715,2.59273,
18716,2.55965,
18717,2.81573,
18718,2.72891,
18719,2.67267,
18720,2.68605,
18721,2.61978,
18722,2.62501,
18723,2.55003,
18724,2.61363,
18725,2.77975,
18726,2.61904,
18727,2.53047,
18728,2.7565,
18729,2.61964,
18730,2.56015,
18731,2.68523,
18732,2.43654,
18733,2.4612,
18734,2.6704,
18735,2.37861,
18736,2.52032,
18737,2.50392,
18738,2.59557,
18739,2.54148,
18740,2.47124,
18741,2.59312,
18742,2.4248,
18743,2.54269,
18744,2.57894,
18745,2.67387,
18746,2.67308,
18747,2.63092,
18748,2.51158,
18749,2.69669,
18750,2.50552,
18751,2.60676,
18752,2.59392,
18753,2.61507,
18754,2.84043,
18755,2.54135,
18756,2.49543,
18757,2.63399,
18758,2.49349,
18759,2.41568,
18760,2.58076,
18761,2.81139,
18762,2.3479,
18763,2.30851,
18764,2.65929,
18765,2.36903,
18766,2.57352,
18767,2.51227,
18768,2.41291,
18769,2.35536,
18770,2.69851,
18771,2.6405,
18772,2.69284,
18773,2.56924,
18774,2.84558,
18775,2.723,
18776,2.78409,
18777,2.681,
18778,2.62872,
18779,2.7486,
18780,2.65927,
18781,2.69957,
18782,2.6521,
18783,2.68934,
18784,2.67574,
18785,2.38641,
18786,2.62639,
18787,2.68291,
18788,2.68888,
18789,2.68322,
18790,2.34531,
18791,2.55821,
18792,2.62803,
18793,2.53443,
18794,2.26605,
18795,2.47067,
18796,2.50973,
18797,2.49304,
18798,2.54537,
18799,2.23124,
18800,2.39028,
18801,2.39597,
18802,2.49233,
18803,2.57613,
18804,2.80805,
18805,2.97891,
18806,2.78062,
18807,2.72914,
18808,2.88278,
18809,2.8676,
18810,2.62962,
18811,2.75493,
18812,2.66516,
18813,2.66823,
18814,2.58203,
18815,2.8424,
18816,2.6573,
18817,2.67244,
18818,2.79959,
18819,2.74247,
18820,2.65429,
18821,2.72485,
18822,2.5834,
18823,2.74953,
18824,2.69687,
18825,2.63711,
18826,2.54678,
18827,2.57807,
18828,2.44457,
18829,2.80656,
18830,2.81575,
18831,2.62062,
18832,2.71947,
18833,2.67714,
18834,2.71681,
18835,2.82618,
18836,2.76609,
18837,2.67771,
18838,2.67383,
18839,2.70544,
18840,2.48547,
18841,2.62999,
18842,2.68861,
18843,2.77049,
18844,2.57815,
18845,2.61128,
18846,2.5797,
18847,2.66606,
18848,2.63027,
18849,2.75531,
18850,2.50617,
18851,2.64793,
18852,2.60894,
18853,2.49978,
18854,2.66651,
18855,2.78449,
18856,2.59693,
18857,2.35254,
18858,2.59478,
18859,2.71445,
18860,2.64025,
18861,2.56778,
18862,2.52464,
18863,2.54156,
18864,2.53103,
18865,2.61578,
18866,2.36303,
18867,2.40157,
18868,2.41759,
18869,2.52814,
18870,2.56562,
18871,2.47553,
18872,2.32419,
18873,2.50164,
18874,2.40829,
18875,2.51001,
18876,2.33837,
18877,2.42115,
18878,2.65167,
18879,2.57071,
18880,2.62279,
18881,2.32929,
18882,2.47329,
18883,2.40532,
18884,2.48555,
18885,2.62794,
18886,2.35696,
18887,2.48132,
18888,2.35278,
18889,2.29495,
18890,2.43888,
18891,2.44553,
18892,2.42008,
18893,2.36852,
18894,2.64554,
18895,2.41982,
18896,2.47331,
18897,2.71134,
18898,2.77426,
18899,2.65666,
18900,2.68584,
18901,2.9498,
18902,2.68076,
18903,2.58104,
18904,2.78991,
18905,2.62175,
18906,2.7634,
18907,2.80633,
18908,2.67528,
18909,2.68066,
18910,2.68017,
18911,2.41871,
18912,2.68514,
18913,2.64126,
18914,2.48261,
18915,2.61892,
18916,2.56253,
18917,2.46743,
18918,2.58045,
18919,2.61587,
18920,2.44471,
18921,2.53526,
18922,2.59482,
18923,2.69535,
18924,2.53778,
18925,2.59292,
18926,2.5208,
18927,2.84337,
18928,2.93105,
18929,3.04976,
18930,2.99843,
18931,2.99836,
18932,2.95273,
18933,2.92671,
18934,2.99957,
18935,2.89519,
18936,2.91605,
18937,2.96161,
18938,2.9687,
18939,2.81171,
18940,2.94159,
18941,2.90614,
18942,2.94362,
18943,2.99258,
18944,2.89561,
18945,2.92347,
18946,2.83806,
18947,2.90672,
18948,2.6797,
18949,2.89163,
18950,2.43723,
18951,2.51474,
18952,2.42006,
18953,2.29741,
18954,2.37746,
18955,2.29586,
18956,2.59719,
18957,2.18299,
18958,2.38811,
18959,2.31414,
18960,2.41743,
18961,2.42177,
18962,2.20526,
18963,2.21271,
18964,2.48498,
18965,2.58444,
18966,2.56813,
18967,2.27316,
18968,2.20477,
18969,2.81674,
18970,2.89378,
18971,2.75831,
18972,2.79646,
18973,2.77284,
18974,2.73972,
18975,2.72709,
18976,2.50053,
18977,2.60039,
18978,2.70969,
18979,2.59508,
18980,2.65733,
18981,2.69997,
18982,2.87022,
18983,2.76874,
18984,2.59014,
18985,2.50022,
18986,2.6805,
18987,2.63173,
18988,2.56348,
18989,2.39528,
18990,2.4407,
18991,2.3641,
18992,2.50343,
18993,2.64795,
18994,2.51765,
18995,2.583,
18996,2.58945,
18997,2.62852,
18998,2.60199,
18999,2.7664,
19000,2.51645,
19001,2.5023,
19002,2.64188,
19003,2.41156,
19004,2.45679,
19005,2.45642,
19006,2.6241,
19007,2.58194,
19008,2.51836,
19009,2.39278,
19010,2.35235,
19011,2.31066,
19012,2.15586,
19013,2.2877,
19014,2.32371,
19015,2.52587,
19016,2.19174,
19017,2.34394,
19018,2.33749,
19019,2.63053,
19020,2.44229,
19021,2.6566,
19022,2.33742,
19023,2.76498,
19024,2.49405,
19025,2.72183,
19026,2.8369,
19027,2.70785,
19028,2.87034,
19029,2.70518,
19030,2.67966,
19031,2.74833,
19032,2.70705,
19033,2.55528,
19034,2.4568,
19035,2.44274,
19036,2.59309,
19037,2.56514,
19038,2.59708,
19039,2.52955,
19040,2.52035,
19041,2.64509,
19042,2.43388,
19043,2.72055,
19044,2.62261,
19045,2.45953,
19046,2.35622,
19047,2.60182,
19048,2.3221,
19049,2.43119,
19050,2.37637,
19051,2.22422,
19052,2.28591,
19053,2.38527,
19054,2.68644,
19055,2.77136,
19056,2.98094,
19057,2.93885,
19058,2.90581,
19059,2.84277,
19060,2.56178,
19061,2.61242,
19062,2.63464,
19063,2.75056,
19064,2.97408,
19065,2.67747,
19066,2.8126,
19067,2.55895,
19068,2.54223,
19069,2.86361,
19070,2.80401,
19071,2.87046,
19072,2.69494,
19073,2.95823,
19074,2.61225,
19075,2.65934,
19076,2.62216,
19077,2.7698,
19078,2.56492,
19079,2.63507,
19080,2.55988,
19081,2.53098,
19082,2.76855,
19083,2.46197,
19084,2.50418,
19085,2.60163,
19086,2.61375,
19087,2.71269,
19088,2.5188,
19089,2.59118,
19090,2.51101,
19091,2.47221,
19092,2.42839,
19093,2.43753,
19094,2.54734,
19095,2.31796,
19096,2.38192,
19097,2.63841,
19098,2.44601,
19099,2.81053,
19100,2.98815,
19101,2.86359,
19102,3.02869,
19103,2.95153,
19104,2.83296,
19105,2.69668,
19106,2.78477,
19107,2.59697,
19108,2.6472,
19109,2.57173,
19110,2.57548,
19111,2.85764,
19112,2.85116,
19113,2.71509,
19114,2.79785,
19115,2.7872,
19116,2.56919,
19117,2.61542,
19118,2.65791,
19119,2.50153,
19120,2.58887,
19121,2.75238,
19122,2.74034,
19123,2.83392,
19124,2.93392,
19125,2.92706,
19126,2.39138,
19127,2.59662,
19128,2.72483,
19129,2.77528,
19130,2.64616,
19131,2.73318,
19132,2.9087,
19133,2.7892,
19134,2.92678,
19135,2.68543,
19136,2.6385,
19137,2.81932,
19138,2.5412,
19139,2.74081,
19140,2.75414,
19141,2.67136,
19142,2.68843,
19143,2.71188,
19144,2.91073,
19145,2.76626,
19146,2.79252,
19147,2.69626,
19148,2.85726,
19149,2.77865,
19150,2.69453,
19151,2.64457,
19152,2.73835,
19153,2.74216,
19154,2.51986,
19155,2.6197,
19156,2.60191,
19157,2.69494,
19158,2.64768,
19159,2.78409,
19160,2.47355,
19161,2.64792,
19162,2.5844,
19163,2.70905,
19164,2.46433,
19165,2.49705,
19166,2.75053,
19167,2.58096,
19168,2.69168,
19169,1.26559,
19170,2.69715,
19171,2.74274,
19172,2.85594,
19173,2.90932,
19174,3.09845,
19175,2.8112,
19176,2.78938,
19177,2.68885,
19178,2.77089,
19179,2.6448,
19180,2.85889,
19181,2.78367,
19182,2.65224,
19183,2.6744,
19184,2.5818,
19185,2.80782,
19186,2.58674,
19187,2.73294,
19188,2.76845,
19189,2.63671,
19190,2.63826,
19191,2.58379,
19192,2.76212,
19193,2.80374,
19194,2.79552,
19195,2.77141,
19196,2.79428,
19197,2.61476,
19198,2.88906,
19199,2.92224,
19200,2.62022,
19201,2.77087,
19202,2.58701,
19203,2.54704,
19204,2.56169,
19205,2.41634,
19206,2.70228,
19207,2.47161,
19208,2.51624,
19209,2.64939,
19210,2.69754,
19211,2.58633,
19212,2.49019,
19213,2.51569,
19214,2.4864,
19215,2.71103,
19216,2.53471,
19217,2.63181,
19218,2.76782,
19219,2.59981,
19220,2.60719,
19221,2.62575,
19222,2.56088,
19223,2.61832,
19224,2.6371,
19225,2.79822,
19226,2.64876,
19227,2.64851,
19228,2.69501,
19229,2.69232,
19230,2.58695,
19231,2.39573,
19232,2.59458,
19233,2.47067,
19234,2.62638,
19235,2.59727,
19236,2.35644,
19237,2.66991,
19238,2.70984,
19239,2.64462,
19240,2.5984,
19241,2.50808,
19242,2.73653,
19243,2.57989,
19244,2.30636,
19245,2.63731,
19246,2.58776,
19247,2.71608,
19248,2.50424,
19249,2.48019,
19250,2.55621,
19251,2.46911,
19252,2.47191,
19253,2.56419,
19254,2.52769,
19255,2.69795,
19256,2.71165,
19257,2.71248,
19258,2.49514,
19259,2.65671,
19260,2.5461,
19261,2.7504,
19262,2.71575,
19263,2.73813,
19264,2.69031,
19265,2.87354,
19266,2.55936,
19267,2.70092,
19268,2.61077,
19269,2.49505,
19270,2.73668,
19271,2.63755,
19272,2.80092,
19273,2.59975,
19274,2.38689,
19275,2.4672,
19276,2.6413,
19277,2.4794,
19278,2.49959,
19279,2.3424,
19280,2.44276,
19281,2.72125,
19282,2.61706,
19283,2.63118,
19284,2.7961,
19285,2.65858,
19286,2.75424,
19287,2.60121,
19288,2.74725,
19289,2.73769,
19290,2.77776,
19291,2.70821,
19292,2.71272,
19293,2.7209,
19294,2.63177,
19295,2.77734,
19296,2.4377,
19297,2.53166,
19298,2.72271,
19299,2.63843,
19300,2.63144,
19301,2.43389,
19302,2.56661,
19303,2.75972,
19304,2.42639,
19305,2.56914,
19306,2.50768,
19307,2.46933,
19308,2.63145,
19309,2.40905,
19310,2.45847,
19311,2.50446,
19312,2.60716,
19313,2.57797,
19314,2.64038,
19315,2.68546,
19316,2.69948,
19317,2.45533,
19318,2.56114,
19319,2.47772,
19320,2.64086,
19321,2.46965,
19322,2.75531,
19323,2.68926,
19324,2.68594,
19325,2.74925,
19326,2.74958,
19327,2.57361,
19328,2.67772,
19329,2.64701,
19330,2.67052,
19331,2.66903,
19332,2.77946,
19333,2.89151,
19334,2.81209,
19335,2.71101,
19336,2.6667,
19337,2.5843,
19338,2.58837,
19339,2.4523,
19340,2.52174,
19341,2.40286,
19342,2.58552,
19343,2.48481,
19344,2.68344,
19345,2.54235,
19346,2.64974,
19347,2.80201,
19348,2.76949,
19349,2.93918,
19350,2.59976,
19351,2.45609,
19352,2.6988,
19353,2.44905,
19354,2.6944,
19355,2.55892,
19356,2.78745,
19357,2.86169,
19358,2.85122,
19359,2.58133,
19360,2.82155,
19361,2.68988,
19362,2.67548,
19363,2.67814,
19364,2.78648,
19365,2.56341,
19366,2.79109,
19367,2.43498,
19368,2.73517,
19369,2.73049,
19370,2.82178,
19371,2.65385,
19372,2.78323,
19373,2.82094,
19374,2.56883,
19375,2.76886,
19376,2.4431,
19377,2.58928,
19378,2.6368,
19379,2.88328,
19380,2.85442,
19381,2.44274,
19382,2.69842,
19383,2.63867,
19384,2.72392,
19385,2.76625,
19386,2.95973,
19387,2.688,
19388,2.59141,
19389,2.7244,
19390,2.77287,
19391,2.5943,
19392,2.60364,
19393,2.48567,
19394,2.65535,
19395,2.82745,
19396,2.84415,
19397,2.78958,
19398,2.73883,
19399,2.71912,
19400,2.48581,
19401,2.74887,
19402,2.57605,
19403,2.73125,
19404,2.59978,
19405,2.62261,
19406,2.64091,
19407,2.76293,
19408,2.75659,
19409,2.5645,
19410,2.62384,
19411,2.75081,
19412,2.51442,
19413,2.91635,
19414,2.73485,
19415,2.60088,
19416,2.5062,
19417,2.74141,
19418,2.64809,
19419,2.59929,
19420,2.50714,
19421,2.78797,
19422,2.55485,
19423,2.48553,
19424,2.66592,
19425,2.49527,
19426,2.42586,
19427,2.74353,
19428,2.80661,
19429,2.58211,
19430,2.56001,
19431,2.52632,
19432,2.69724,
19433,2.76501,
19434,2.35753,
19435,2.66406,
19436,2.62184,
19437,2.64192,
19438,2.66963,
19439,2.69637,
19440,2.51417,
19441,2.58322,
19442,2.66789,
19443,2.30968,
19444,2.36687,
19445,2.76126,
19446,2.64397,
19447,2.72772,
19448,2.48253,
19449,2.43098,
19450,2.62956,
19451,2.57187,
19452,2.5082,
19453,2.79519,
19454,2.71013,
19455,2.41881,
19456,2.62952,
19457,2.49136,
19458,2.60401,
19459,2.48741,
19460,2.35439,
19461,2.61748,
19462,2.58716,
19463,2.76237,
19464,2.82682,
19465,2.70092,
19466,2.77841,
19467,2.58051,
19468,2.66173,
19469,2.7458,
19470,2.68352,
19471,2.79541,
19472,2.81008,
19473,2.90675,
19474,3.49168,
19475,2.63209,
19476,2.67899,
19477,2.70375,
19478,2.71901,
19479,2.55855,
19480,2.78364,
19481,2.69733,
19482,2.66643,
19483,2.65639,
19484,3.01291,
19485,2.66134,
19486,2.65209,
19487,2.32942,
19488,2.44885,
19489,2.69037,
19490,2.70707,
19491,2.75354,
19492,2.93573,
19493,2.72071,
19494,2.59346,
19495,2.71701,
19496,2.66976,
19497,2.85828,
19498,2.63653,
19499,2.63438,
19500,2.76744,
19501,2.71464,
19502,2.65145,
19503,2.61953,
19504,2.57359,
19505,2.57645,
19506,2.66728,
19507,2.53036,
19508,2.35933,
19509,2.6996,
19510,2.56166,
19511,2.44908,
19512,2.48766,
19513,2.57134,
19514,2.64478,
19515,2.63594,
19516,2.61826,
19517,2.59555,
19518,2.31196,
19519,2.5936,
19520,2.33465,
19521,2.67316,
19522,2.48834,
19523,2.55303,
19524,2.31267,
19525,2.56436,
19526,2.57873,
19527,2.5477,
19528,2.4568,
19529,2.42523,
19530,2.57012,
19531,2.52998,
19532,2.26993,
19533,2.39568,
19534,2.37333,
19535,2.5212,
19536,2.59576,
19537,2.5096,
19538,2.57145,
19539,2.62393,
19540,2.66283,
19541,2.3862,
19542,2.73609,
19543,2.53638,
19544,2.60168,
19545,2.54818,
19546,2.63362,
19547,2.74236,
19548,2.69533,
19549,2.56618,
19550,2.40822,
19551,2.83088,
19552,2.65593,
19553,2.69651,
19554,2.60068,
19555,2.48215,
19556,2.49857,
19557,2.62678,
19558,2.15963,
19559,2.36261,
19560,2.21932,
19561,2.40337,
19562,2.49896,
19563,2.62275,
19564,2.63835,
19565,2.6813,
19566,2.57849,
19567,2.43024,
19568,2.48456,
19569,2.6007,
19570,2.73805,
19571,2.56672,
19572,2.49293,
19573,2.20611,
19574,2.27994,
19575,2.67001,
19576,2.36393,
19577,2.56622,
19578,2.3657,
19579,2.51077,
19580,2.33643,
19581,2.36761,
19582,2.41098,
19583,2.39596,
19584,2.37166,
19585,2.31133,
19586,2.43293,
19587,2.61224,
19588,2.28995,
19589,2.56011,
19590,2.39973,
19591,2.88215,
19592,2.81858,
19593,2.75921,
19594,2.93847,
19595,2.83426,
19596,2.74262,
19597,2.62913,
19598,2.43862,
19599,2.76433,
19600,2.58207,
19601,2.56281,
19602,2.77257,
19603,2.59717,
19604,2.75757,
19605,2.64056,
19606,2.65619,
19607,2.54859,
19608,2.58077,
19609,2.72998,
19610,2.67752,
19611,2.63571,
19612,2.60071,
19613,2.51006,
19614,2.78859,
19615,2.51871,
19616,2.54744,
19617,2.65277,
19618,2.59784,
19619,2.56449,
19620,2.9244,
19621,2.79268,
19622,2.64561,
19623,2.621,
19624,2.8615,
19625,2.77004,
19626,2.69495,
19627,2.66051,
19628,2.66304,
19629,2.68308,
19630,2.70765,
19631,2.67949,
19632,2.59338,
19633,2.39345,
19634,2.5945,
19635,2.65121,
19636,2.59946,
19637,2.3345,
19638,2.46616,
19639,2.21986,
19640,2.56366,
19641,2.59112,
19642,2.35623,
19643,2.48128,
19644,2.43271,
19645,2.60687,
19646,2.43387,
19647,2.47055,
19648,2.25794,
19649,2.6189,
19650,2.64672,
19651,2.65914,
19652,2.60876,
19653,2.7325,
19654,2.6659,
19655,2.81199,
19656,2.71948,
19657,2.74243,
19658,2.73742,
19659,2.60604,
19660,2.63843,
19661,2.37694,
19662,2.69484,
19663,2.64519,
19664,2.73563,
19665,2.63581,
19666,2.52521,
19667,2.62413,
19668,2.51174,
19669,2.54663,
19670,2.65645,
19671,2.74321,
19672,2.51184,
19673,2.53193,
19674,2.48783,
19675,2.75869,
19676,2.76356,
19677,2.80631,
19678,2.63327,
19679,2.77429,
19680,2.63383,
19681,2.71871,
19682,2.87041,
19683,2.64219,
19684,2.57467,
19685,2.49543,
19686,2.77168,
19687,2.77727,
19688,2.6596,
19689,2.67917,
19690,2.68395,
19691,2.85272,
19692,2.74859,
19693,2.94027,
19694,2.55542,
19695,2.62544,
19696,2.44341,
19697,2.57688,
19698,2.654,
19699,2.63127,
19700,2.59078,
19701,2.73321,
19702,2.68622,
19703,2.61295,
19704,2.4294,
19705,2.55859,
19706,2.57944,
19707,2.60897,
19708,2.57487,
19709,2.80751,
19710,2.78254,
19711,2.79699,
19712,2.70299,
19713,2.57355,
19714,2.74953,
19715,2.46996,
19716,2.82494,
19717,2.74863,
19718,2.77542,
19719,2.76192,
19720,2.91409,
19721,3.01818,
19722,2.70151,
19723,2.73778,
19724,2.75598,
19725,2.88207,
19726,2.90737,
19727,2.68931,
19728,2.68684,
19729,2.67351,
19730,2.5884,
19731,2.66664,
19732,2.68325,
19733,2.67954,
19734,2.4673,
19735,2.50169,
19736,2.71966,
19737,2.89789,
19738,3.05413,
19739,3.07496,
19740,3.0735,
19741,3.03796,
19742,3.07842,
19743,2.99548,
19744,3.01781,
19745,3.00285,
19746,2.97923,
19747,2.96843,
19748,2.98508,
19749,3.00092,
19750,2.89957,
19751,2.98111,
19752,2.97866,
19753,2.9128,
19754,2.897,
19755,2.85822,
19756,2.6153,
19757,2.87818,
19758,2.73035,
19759,2.71118,
19760,2.76077,
19761,2.75889,
19762,2.6169,
19763,2.80829,
19764,2.54988,
19765,2.63784,
19766,2.71395,
19767,2.56221,
19768,2.45918,
19769,2.74284,
19770,2.78133,
19771,2.66881,
19772,2.5194,
19773,2.68873,
19774,2.68746,
19775,2.60939,
19776,2.57213,
19777,2.66907,
19778,2.51157,
19779,2.55977,
19780,2.57687,
19781,2.55672,
19782,2.80426,
19783,2.70735,
19784,2.64617,
19785,2.66844,
19786,2.62098,
19787,2.60593,
19788,2.52322,
19789,2.60033,
19790,2.75196,
19791,2.59579,
19792,2.52477,
19793,2.74894,
19794,2.61308,
19795,2.54992,
19796,2.66731,
19797,2.44362,
19798,2.4378,
19799,2.65435,
19800,2.35691,
19801,2.50023,
19802,2.48752,
19803,2.59284,
19804,2.5366,
19805,2.45692,
19806,2.58482,
19807,2.41889,
19808,2.51739,
19809,2.57545,
19810,2.66421,
19811,2.67089,
19812,2.60196,
19813,2.48342,
19814,2.68688,
19815,2.49139,
19816,2.57844,
19817,2.57926,
19818,2.59971,
19819,2.83178,
19820,2.52568,
19821,2.47582,
19822,2.62509,
19823,2.48889,
19824,2.39661,
19825,2.58087,
19826,2.79751,
19827,2.34885,
19828,2.29405,
19829,2.65159,
19830,2.36461,
19831,2.55873,
19832,2.48761,
19833,2.39945,
19834,2.35003,
19835,2.68776,
19836,2.62694,
19837,2.67075,
19838,2.55578,
19839,2.83291,
19840,2.70649,
19841,2.74624,
19842,2.67567,
19843,2.60174,
19844,2.73645,
19845,2.64665,
19846,2.67032,
19847,2.64049,
19848,2.67459,
19849,2.66035,
19850,2.37199,
19851,2.60796,
19852,2.6577,
19853,2.68101,
19854,2.66265,
19855,2.34101,
19856,2.55036,
19857,2.62637,
19858,2.52921,
19859,2.26709,
19860,2.45741,
19861,2.49575,
19862,2.48606,
19863,2.53156,
19864,2.22108,
19865,2.37787,
19866,2.37361,
19867,2.48039,
19868,2.56281,
19869,2.78928,
19870,2.95405,
19871,2.76722,
19872,2.72585,
19873,2.86864,
19874,2.85868,
19875,2.61148,
19876,2.72553,
19877,2.66322,
19878,2.65419,
19879,2.57519,
19880,2.82859,
19881,2.64008,
19882,2.67309,
19883,2.78843,
19884,2.73513,
19885,2.63884,
19886,2.71947,
19887,2.56204,
19888,2.7238,
19889,2.66661,
19890,2.62439,
19891,2.54201,
19892,2.56572,
19893,2.42229,
19894,2.77881,
19895,2.79213,
19896,2.62084,
19897,2.71168,
19898,2.66051,
19899,2.70564,
19900,2.81498,
19901,2.73324,
19902,2.65842,
19903,2.66058,
19904,2.68527,
19905,2.47406,
19906,2.61494,
19907,2.67461,
19908,2.76193,
19909,2.56055,
19910,2.59933,
19911,2.5634,
19912,2.65924,
19913,2.61458,
19914,2.7527,
19915,2.48722,
19916,2.63932,
19917,2.60331,
19918,2.47251,
19919,2.65708,
19920,2.77273,
19921,2.58563,
19922,2.32846,
19923,2.58017,
19924,2.66879,
19925,2.62206,
19926,2.55454,
19927,2.51097,
19928,2.53756,
19929,2.5149,
19930,2.60767,
19931,2.33318,
19932,2.38218,
19933,2.40213,
19934,2.51009,
19935,2.5575,
19936,2.46842,
19937,2.30858,
19938,2.48554,
19939,2.40201,
19940,2.50395,
19941,2.31126,
19942,2.41692,
19943,2.64081,
19944,2.56287,
19945,2.61429,
19946,2.30782,
19947,2.46105,
19948,2.37944,
19949,2.46582,
19950,2.60801,
19951,2.3449,
19952,2.47409,
19953,2.35231,
19954,2.28332,
19955,2.41467,
19956,2.43142,
19957,2.40863,
19958,2.34581,
19959,2.61993,
19960,2.39968,
19961,2.45768,
19962,2.69456,
19963,2.75524,
19964,2.65329,
19965,2.66694,
19966,2.9362,
19967,2.66135,
19968,2.56596,
19969,2.78007,
19970,2.60603,
19971,2.73929,
19972,2.78675,
19973,2.66272,
19974,2.66489,
19975,2.66298,
19976,2.41358,
19977,2.68313,
19978,2.63593,
19979,2.46744,
19980,2.60641,
19981,2.54897,
19982,2.44969,
19983,2.58191,
19984,2.61041,
19985,2.43137,
19986,2.53154,
19987,2.5762,
19988,2.67655,
19989,2.52283,
19990,2.57564,
19991,2.51556,
19992,2.82253,
19993,2.9221,
19994,3.02845,
19995,2.99428,
19996,2.99346,
19997,2.93465,
19998,2.90786,
19999,2.98128,
20000,2.87562,
20001,2.90178,
20002,2.94737,
20003,2.95873,
20004,2.82107,
20005,2.92253,
20006,2.90283,
20007,2.92333,
20008,2.97952,
20009,2.88788,
20010,2.91249,
20011,2.83562,
20012,2.88837,
20013,2.65747,
20014,2.87202,
20015,2.41868,
20016,2.50255,
20017,2.41216,
20018,2.2945,
20019,2.36092,
20020,2.28131,
20021,2.58438,
20022,2.15895,
20023,2.38899,
20024,2.30902,
20025,2.40038,
20026,2.39945,
20027,2.18328,
20028,2.19756,
20029,2.45121,
20030,2.58039,
20031,2.54906,
20032,2.25751,
20033,2.19399,
20034,2.80317,
20035,2.87878,
20036,2.75351,
20037,2.77129,
20038,2.7585,
20039,2.70503,
20040,2.70752,
20041,2.49798,
20042,2.58018,
20043,2.69452,
20044,2.60445,
20045,2.64498,
20046,2.69613,
20047,2.86661,
20048,2.75909,
20049,2.57368,
20050,2.49238,
20051,2.65998,
20052,2.60856,
20053,2.55509,
20054,2.38517,
20055,2.41872,
20056,2.35656,
20057,2.49976,
20058,2.63055,
20059,2.51403,
20060,2.55823,
20061,2.55294,
20062,2.60123,
20063,2.56977,
20064,2.74092,
20065,2.48525,
20066,2.49404,
20067,2.6337,
20068,2.39051,
20069,2.43872,
20070,2.45073,
20071,2.60289,
20072,2.55737,
20073,2.50797,
20074,2.38187,
20075,2.34739,
20076,2.31302,
20077,2.15856,
20078,2.25895,
20079,2.29136,
20080,2.51354,
20081,2.16775,
20082,2.34611,
20083,2.33229,
20084,2.61681,
20085,2.43178,
20086,2.63772,
20087,2.32982,
20088,2.73432,
20089,2.48896,
20090,2.70367,
20091,2.81444,
20092,2.70262,
20093,2.86541,
20094,2.68787,
20095,2.6778,
20096,2.72359,
20097,2.69382,
20098,2.5457,
20099,2.45682,
20100,2.42709,
20101,2.58409,
20102,2.54515,
20103,2.55878,
20104,2.51452,
20105,2.50964,
20106,2.62615,
20107,2.42686,
20108,2.70701,
20109,2.57513,
20110,2.4404,
20111,2.35045,
20112,2.5977,
20113,2.31348,
20114,2.41896,
20115,2.36353,
20116,2.21462,
20117,2.27036,
20118,2.36936,
20119,2.66395,
20120,2.75475,
20121,2.97071,
20122,2.90778,
20123,2.87719,
20124,2.8245,
20125,2.55838,
20126,2.58776,
20127,2.63411,
20128,2.73765,
20129,2.9599,
20130,2.66428,
20131,2.80452,
20132,2.53849,
20133,2.54753,
20134,2.84785,
20135,2.79061,
20136,2.84511,
20137,2.6806,
20138,2.9362,
20139,2.60524,
20140,2.65343,
20141,2.60675,
20142,2.75949,
20143,2.54681,
20144,2.61835,
20145,2.55542,
20146,2.51605,
20147,2.74875,
20148,2.46117,
20149,2.51893,
20150,2.60275,
20151,2.59688,
20152,2.7055,
20153,2.50223,
20154,2.58576,
20155,2.50403,
20156,2.45236,
20157,2.43582,
20158,2.42019,
20159,2.54452,
20160,2.31614,
20161,2.3588,
20162,2.61688,
20163,2.44391,
20164,2.78858,
20165,2.98156,
20166,2.8493,
20167,3.01715,
20168,2.93372,
20169,2.80499,
20170,2.69017,
20171,2.76826,
20172,2.58902,
20173,2.63355,
20174,2.56296,
20175,2.55326,
20176,2.82563,
20177,2.85866,
20178,2.69813,
20179,2.77672,
20180,2.7642,
20181,2.55494,
20182,2.60779,
20183,2.65269,
20184,2.49196,
20185,2.57141,
20186,2.74375,
20187,2.728,
20188,2.81692,
20189,2.91076,
20190,2.90867,
20191,2.37717,
20192,2.59178,
20193,2.71106,
20194,2.74799,
20195,2.62216,
20196,2.70659,
20197,2.90395,
20198,2.76891,
20199,2.8992,
20200,2.67503,
20201,2.62294,
20202,2.82079,
20203,2.51846,
20204,2.73643,
20205,2.75522,
20206,2.66876,
20207,2.67025,
20208,2.71174,
20209,2.89977,
20210,2.75551,
20211,2.76863,
20212,2.68895,
20213,2.84303,
20214,2.75508,
20215,2.67745,
20216,2.64683,
20217,2.71539,
20218,2.71123,
20219,2.51206,
20220,2.60897,
20221,2.58466,
20222,2.68822,
20223,2.63774,
20224,2.76372,
20225,2.47156,
20226,2.6376,
20227,2.54159,
20228,2.67651,
20229,2.4578,
20230,2.46802,
20231,2.73408,
20232,2.56985,
20233,2.6863,
20234,1.2243,
20235,2.66561,
20236,2.72706,
20237,2.83211,
20238,2.88538,
20239,3.09188,
20240,2.78796,
20241,2.77197,
20242,2.68834,
20243,2.74736,
20244,2.62092,
20245,2.84809,
20246,2.77245,
20247,2.63457,
20248,2.65022,
20249,2.55768,
20250,2.78992,
20251,2.5775,
20252,2.71439,
20253,2.75337,
20254,2.62097,
20255,2.62474,
20256,2.57841,
20257,2.73462,
20258,2.79458,
20259,2.79303,
20260,2.76325,
20261,2.77883,
20262,2.59875,
20263,2.86668,
20264,2.89298,
20265,2.61145,
20266,2.7588,
20267,2.57437,
20268,2.54031,
20269,2.53996,
20270,2.39226,
20271,2.70531,
20272,2.45706,
20273,2.49352,
20274,2.65095,
20275,2.67905,
20276,2.57655,
20277,2.46678,
20278,2.51068,
20279,2.4811,
20280,2.70281,
20281,2.53268,
20282,2.62479,
20283,2.75708,
20284,2.58171,
20285,2.59987,
20286,2.61429,
20287,2.52755,
20288,2.6033,
20289,2.62127,
20290,2.79933,
20291,2.6364,
20292,2.6372,
20293,2.67994,
20294,2.68113,
20295,2.58745,
20296,2.39357,
20297,2.60025,
20298,2.46275,
20299,2.61334,
20300,2.58078,
20301,2.33417,
20302,2.65218,
20303,2.69854,
20304,2.6234,
20305,2.58139,
20306,2.50316,
20307,2.72701,
20308,2.56838,
20309,2.27903,
20310,2.62274,
20311,2.57748,
20312,2.70241,
20313,2.48485,
20314,2.48363,
20315,2.56156,
20316,2.4524,
20317,2.4673,
20318,2.5469,
20319,2.50483,
20320,2.67079,
20321,2.69368,
20322,2.71812,
20323,2.46166,
20324,2.62012,
20325,2.54109,
20326,2.73713,
20327,2.70192,
20328,2.70523,
20329,2.67329,
20330,2.85418,
20331,2.55168,
20332,2.68872,
20333,2.59342,
20334,2.4964,
20335,2.72233,
20336,2.62555,
20337,2.80585,
20338,2.58159,
20339,2.36955,
20340,2.45689,
20341,2.61772,
20342,2.47159,
20343,2.47325,
20344,2.3395,
20345,2.41873,
20346,2.70625,
20347,2.59148,
20348,2.61686,
20349,2.77619,
20350,2.64009,
20351,2.736,
20352,2.57826,
20353,2.71646,
20354,2.72817,
20355,2.75408,
20356,2.699,
20357,2.69422,
20358,2.70733,
20359,2.62392,
20360,2.7759,
20361,2.43502,
20362,2.531,
20363,2.71448,
20364,2.63742,
20365,2.61759,
20366,2.40773,
20367,2.55313,
20368,2.74572,
20369,2.41887,
20370,2.55904,
20371,2.49888,
20372,2.45332,
20373,2.61484,
20374,2.39595,
20375,2.43956,
20376,2.48601,
20377,2.61562,
20378,2.56418,
20379,2.63904,
20380,2.67836,
20381,2.69339,
20382,2.45324,
20383,2.56101,
20384,2.45995,
20385,2.62841,
20386,2.44099,
20387,2.73531,
20388,2.66696,
20389,2.68164,
20390,2.74046,
20391,2.73614,
20392,2.55854,
20393,2.66672,
20394,2.63383,
20395,2.66599,
20396,2.65235,
20397,2.76433,
20398,2.88869,
20399,2.806,
20400,2.70642,
20401,2.65928,
20402,2.57225,
20403,2.57459,
20404,2.43545,
20405,2.5177,
20406,2.39747,
20407,2.57383,
20408,2.46833,
20409,2.65389,
20410,2.53591,
20411,2.63088,
20412,2.79503,
20413,2.74232,
20414,2.93318,
20415,2.58462,
20416,2.45396,
20417,2.70408,
20418,2.43173,
20419,2.69296,
20420,2.53599,
20421,2.75494,
20422,2.84074,
20423,2.838,
20424,2.57134,
20425,2.81264,
20426,2.66491,
20427,2.66586,
20428,2.64748,
20429,2.76576,
20430,2.54127,
20431,2.76875,
20432,2.43393,
20433,2.71993,
20434,2.72854,
20435,2.81325,
20436,2.64629,
20437,2.7713,
20438,2.77592,
20439,2.55913,
20440,2.75596,
20441,2.43423,
20442,2.57699,
20443,2.62338,
20444,2.86831,
20445,2.84459,
20446,2.42842,
20447,2.69535,
20448,2.60342,
20449,2.70483,
20450,2.75188,
20451,2.93727,
20452,2.66227,
20453,2.58148,
20454,2.70516,
20455,2.75735,
20456,2.57925,
20457,2.60087,
20458,2.48673,
20459,2.61153,
20460,2.8124,
20461,2.8244,
20462,2.77497,
20463,2.72916,
20464,2.70678,
20465,2.48952,
20466,2.7361,
20467,2.5622,
20468,2.71408,
20469,2.58821,
20470,2.60588,
20471,2.61994,
20472,2.74694,
20473,2.74227,
20474,2.55055,
20475,2.61638,
20476,2.73956,
20477,2.49777,
20478,2.89783,
20479,2.71255,
20480,2.59211,
20481,2.48573,
20482,2.71867,
20483,2.63585,
20484,2.59445,
20485,2.4877,
20486,2.77408,
20487,2.53901,
20488,2.49265,
20489,2.64786,
20490,2.50608,
20491,2.40908,
20492,2.7276,
20493,2.78645,
20494,2.58905,
20495,2.54639,
20496,2.50554,
20497,2.68638,
20498,2.74271,
20499,2.33949,
20500,2.62887,
20501,2.59624,
20502,2.63958,
20503,2.65225,
20504,2.68753,
20505,2.51239,
20506,2.57438,
20507,2.63682,
20508,2.28563,
20509,2.35237,
20510,2.75144,
20511,2.6249,
20512,2.7083,
20513,2.45155,
20514,2.40914,
20515,2.61712,
20516,2.54464,
20517,2.47954,
20518,2.78245,
20519,2.68943,
20520,2.41308,
20521,2.61946,
20522,2.48279,
20523,2.59128,
20524,2.49299,
20525,2.332,
20526,2.59584,
20527,2.55118,
20528,2.75082,
20529,2.80581,
20530,2.68886,
20531,2.7542,
20532,2.56958,
20533,2.65808,
20534,2.74526,
20535,2.6614,
20536,2.77888,
20537,2.80379,
20538,2.88312,
20539,3.4668,
20540,2.60839,
20541,2.66183,
20542,2.69379,
20543,2.71339,
20544,2.54588,
20545,2.76694,
20546,2.68599,
20547,2.65936,
20548,2.63221,
20549,3.00268,
20550,2.65306,
20551,2.63893,
20552,2.31947,
20553,2.42584,
20554,2.68559,
20555,2.6932,
20556,2.74439,
20557,2.9155,
20558,2.70993,
20559,2.56838,
20560,2.70255,
20561,2.65031,
20562,2.81916,
20563,2.62217,
20564,2.63147,
20565,2.76151,
20566,2.68834,
20567,2.64327,
20568,2.60139,
20569,2.56166,
20570,2.56698,
20571,2.62787,
20572,2.51434,
20573,2.3492,
20574,2.68568,
20575,2.55119,
20576,2.44471,
20577,2.46542,
20578,2.55575,
20579,2.63497,
20580,2.62107,
20581,2.60679,
20582,2.57023,
20583,2.30116,
20584,2.56714,
20585,2.32917,
20586,2.66087,
20587,2.47935,
20588,2.54356,
20589,2.29072,
20590,2.53904,
20591,2.56871,
20592,2.54427,
20593,2.44915,
20594,2.41021,
20595,2.56591,
20596,2.51768,
20597,2.25939,
20598,2.3769,
20599,2.36985,
20600,2.50545,
20601,2.57739,
20602,2.49765,
20603,2.55731,
20604,2.60568,
20605,2.65535,
20606,2.37465,
20607,2.7322,
20608,2.53501,
20609,2.59153,
20610,2.51289,
20611,2.62435,
20612,2.72472,
20613,2.70156,
20614,2.54762,
20615,2.40492,
20616,2.81875,
20617,2.64268,
20618,2.67376,
20619,2.59474,
20620,2.46646,
20621,2.48603,
20622,2.62268,
20623,2.14009,
20624,2.34763,
20625,2.20093,
20626,2.38151,
20627,2.49771,
20628,2.60892,
20629,2.63566,
20630,2.65606,
20631,2.5745,
20632,2.41866,
20633,2.46325,
20634,2.58416,
20635,2.72034,
20636,2.56139,
20637,2.48164,
20638,2.1943,
20639,2.27213,
20640,2.65713,
20641,2.35058,
20642,2.54985,
20643,2.35177,
20644,2.49848,
20645,2.33576,
20646,2.37138,
20647,2.41716,
20648,2.38375,
20649,2.34751,
20650,2.29523,
20651,2.43066,
20652,2.58535,
20653,2.27977,
20654,2.54717,
20655,2.3837,
20656,2.85657,
20657,2.80356,
20658,2.73304,
20659,2.92976,
20660,2.8014,
20661,2.73973,
20662,2.61636,
20663,2.4296,
20664,2.74376,
20665,2.5694,
20666,2.53631,
20667,2.77407,
20668,2.5739,
20669,2.74475,
20670,2.63689,
20671,2.65218,
20672,2.53776,
20673,2.57381,
20674,2.71625,
20675,2.67414,
20676,2.62623,
20677,2.58639,
20678,2.52241,
20679,2.76443,
20680,2.50944,
20681,2.52766,
20682,2.64626,
20683,2.58785,
20684,2.54694,
20685,2.90992,
20686,2.77617,
20687,2.61891,
20688,2.59988,
20689,2.85228,
20690,2.75257,
20691,2.67502,
20692,2.65208,
20693,2.64792,
20694,2.67245,
20695,2.6855,
20696,2.65879,
20697,2.57038,
20698,2.38014,
20699,2.59286,
20700,2.65108,
20701,2.59096,
20702,2.31443,
20703,2.46231,
20704,2.2131,
20705,2.55008,
20706,2.5878,
20707,2.33743,
20708,2.46794,
20709,2.42145,
20710,2.59107,
20711,2.41402,
20712,2.43782,
20713,2.21495,
20714,2.62622,
20715,2.64183,
20716,2.63539,
20717,2.59488,
20718,2.71362,
20719,2.63606,
20720,2.79131,
20721,2.70471,
20722,2.72668,
20723,2.72288,
20724,2.60252,
20725,2.63024,
20726,2.36565,
20727,2.67377,
20728,2.62301,
20729,2.72765,
20730,2.63449,
20731,2.51797,
20732,2.61993,
20733,2.51535,
20734,2.53828,
20735,2.64141,
20736,2.74675,
20737,2.50709,
20738,2.51056,
20739,2.47353,
20740,2.75113,
20741,2.73784,
20742,2.80659,
20743,2.62047,
20744,2.76206,
20745,2.61366,
20746,2.70468,
20747,2.85881,
20748,2.63429,
20749,2.56775,
20750,2.47765,
20751,2.76347,
20752,2.76845,
20753,2.64999,
20754,2.65761,
20755,2.67012,
20756,2.83333,
20757,2.74225,
20758,2.93161,
20759,2.54941,
20760,2.6081,
20761,2.43059,
20762,2.55695,
20763,2.63451,
20764,2.61211,
20765,2.56884,
20766,2.72805,
20767,2.68142,
20768,2.6138,
20769,2.4213,
20770,2.55952,
20771,2.57896,
20772,2.60236,
20773,2.57053,
20774,2.78653,
20775,2.78197,
20776,2.78536,
20777,2.67272,
20778,2.56325,
20779,2.7398,
20780,2.47121,
20781,2.82646,
20782,2.74198,
20783,2.75272,
20784,2.72652,
20785,2.90027,
20786,2.99658,
20787,2.70266,
20788,2.74054,
20789,2.74623,
20790,2.87647,
20791,2.88967,
20792,2.67072,
20793,2.68627,
20794,2.65887,
20795,2.56971,
20796,2.656,
20797,2.66651,
20798,2.67744,
20799,2.45449,
20800,2.48628,
20801,2.70465,
20802,2.88623,
20803,3.04598,
20804,3.07537,
20805,3.04347,
20806,3.03809,
20807,3.07402,
20808,2.98466,
20809,3.00346,
20810,2.99771,
20811,2.96267,
20812,2.95504,
20813,2.99071,
20814,2.98406,
20815,2.89137,
20816,2.97813,
20817,2.9779,
20818,2.90584,
20819,2.90832,
20820,2.84893,
20821,2.58883,
20822,2.8464,
20823,2.72401,
20824,2.69801,
20825,2.7473,
20826,2.7463,
20827,2.60581,
20828,2.78463,
20829,2.53125,
20830,2.62631,
20831,2.70765,
20832,2.54842,
20833,2.45253,
20834,2.72338,
20835,2.78042,
20836,2.65665,
20837,2.51066,
20838,2.6729,
20839,2.66773,
20840,2.58038,
20841,2.5482,
20842,2.65869,
20843,2.49594,
20844,2.55022,
20845,2.58389,
20846,2.53275,
20847,2.79745,
20848,2.69679,
20849,2.63536,
20850,2.64467,
20851,2.59386,
20852,2.60777,
20853,2.51085,
20854,2.60392,
20855,2.73977,
20856,2.58912,
20857,2.50455,
20858,2.72652,
20859,2.58781,
20860,2.52532,
20861,2.64991,
20862,2.43203,
20863,2.43203,
20864,2.64603,
20865,2.36173,
20866,2.48772,
20867,2.48342,
20868,2.58305,
20869,2.51806,
20870,2.44776,
20871,2.5744,
20872,2.40741,
20873,2.50457,
20874,2.55635,
20875,2.6422,
20876,2.65457,
20877,2.59254,
20878,2.46019,
20879,2.66176,
20880,2.48822,
20881,2.56683,
20882,2.57556,
20883,2.58244,
20884,2.81856,
20885,2.51669,
20886,2.45027,
20887,2.61149,
20888,2.47452,
20889,2.37047,
20890,2.55835,
20891,2.79764,
20892,2.32932,
20893,2.27999,
20894,2.64682,
20895,2.34525,
20896,2.5404,
20897,2.49175,
20898,2.39087,
20899,2.34321,
20900,2.66875,
20901,2.62692,
20902,2.652,
20903,2.54382,
20904,2.81117,
20905,2.69936,
20906,2.75596,
20907,2.64445,
20908,2.59241,
20909,2.73368,
20910,2.63375,
20911,2.66501,
20912,2.62769,
20913,2.65011,
20914,2.64952,
20915,2.35961,
20916,2.60201,
20917,2.644,
20918,2.65802,
20919,2.64557,
20920,2.33594,
20921,2.544,
20922,2.61347,
20923,2.52559,
20924,2.24094,
20925,2.45513,
20926,2.48864,
20927,2.46839,
20928,2.52607,
20929,2.20097,
20930,2.37303,
20931,2.36647,
20932,2.47291,
20933,2.54797,
20934,2.7672,
20935,2.94308,
20936,2.75809,
20937,2.7146,
20938,2.86234,
20939,2.84914,
20940,2.59649,
20941,2.7208,
20942,2.64759,
20943,2.63558,
20944,2.5532,
20945,2.80694,
20946,2.61469,
20947,2.65148,
20948,2.77541,
20949,2.70525,
20950,2.61891,
20951,2.70458,
20952,2.54846,
20953,2.71449,
20954,2.64763,
20955,2.632,
20956,2.52452,
20957,2.54335,
20958,2.3855,
20959,2.76855,
20960,2.78965,
20961,2.61119,
20962,2.70199,
20963,2.64333,
20964,2.69322,
20965,2.8311,
20966,2.72772,
20967,2.6387,
20968,2.65596,
20969,2.67429,
20970,2.45855,
20971,2.60181,
20972,2.66958,
20973,2.73797,
20974,2.56415,
20975,2.59038,
20976,2.55012,
20977,2.63564,
20978,2.60631,
20979,2.74436,
20980,2.4909,
20981,2.63066,
20982,2.60001,
20983,2.46637,
20984,2.63802,
20985,2.76342,
20986,2.56625,
20987,2.28592,
20988,2.55338,
20989,2.6557,
20990,2.60848,
20991,2.53722,
20992,2.48981,
20993,2.533,
20994,2.51512,
20995,2.58954,
20996,2.32712,
20997,2.3958,
20998,2.39018,
20999,2.50433,
21000,2.55055,
21001,2.45782,
21002,2.28869,
21003,2.48593,
21004,2.39577,
21005,2.49839,
21006,2.29495,
21007,2.40715,
21008,2.63294,
21009,2.5574,
21010,2.59698,
21011,2.29087,
21012,2.4446,
21013,2.37322,
21014,2.45624,
21015,2.5935,
21016,2.339,
21017,2.47462,
21018,2.32741,
21019,2.27176,
21020,2.41602,
21021,2.41311,
21022,2.40103,
21023,2.33896,
21024,2.61515,
21025,2.39598,
21026,2.42389,
21027,2.67634,
21028,2.74396,
21029,2.63393,
21030,2.65475,
21031,2.92229,
21032,2.64843,
21033,2.56176,
21034,2.76085,
21035,2.6086,
21036,2.74468,
21037,2.76942,
21038,2.64374,
21039,2.64948,
21040,2.64678,
21041,2.39018,
21042,2.65865,
21043,2.63281,
21044,2.46012,
21045,2.59294,
21046,2.53942,
21047,2.44459,
21048,2.56193,
21049,2.59301,
21050,2.4202,
21051,2.51451,
21052,2.57194,
21053,2.65556,
21054,2.5148,
21055,2.56465,
21056,2.50945,
21057,2.80144,
21058,2.9059,
21059,3.01475,
21060,2.96536,
21061,2.97223,
21062,2.91019,
21063,2.89236,
21064,2.97051,
21065,2.86045,
21066,2.89229,
21067,2.93092,
21068,2.95635,
21069,2.80725,
21070,2.91062,
21071,2.89632,
21072,2.92528,
21073,2.97343,
21074,2.87893,
21075,2.89689,
21076,2.83276,
21077,2.88172,
21078,2.63273,
21079,2.86465,
21080,2.39645,
21081,2.4934,
21082,2.38766,
21083,2.26571,
21084,2.35987,
21085,2.28812,
21086,2.59483,
21087,2.14815,
21088,2.38484,
21089,2.29571,
21090,2.39521,
21091,2.38165,
21092,2.17147,
21093,2.17972,
21094,2.45867,
21095,2.56332,
21096,2.52745,
21097,2.24877,
21098,2.16154,
21099,2.78204,
21100,2.86026,
21101,2.73305,
21102,2.75394,
21103,2.76952,
21104,2.67504,
21105,2.69585,
21106,2.46894,
21107,2.57245,
21108,2.66859,
21109,2.57727,
21110,2.62628,
21111,2.67568,
21112,2.8554,
21113,2.74851,
21114,2.56645,
21115,2.48035,
21116,2.6501,
21117,2.59947,
21118,2.56513,
21119,2.37866,
21120,2.40693,
21121,2.33874,
21122,2.48273,
21123,2.62491,
21124,2.51096,
21125,2.53845,
21126,2.52638,
21127,2.58041,
21128,2.55687,
21129,2.71599,
21130,2.46965,
21131,2.49045,
21132,2.60628,
21133,2.37325,
21134,2.42264,
21135,2.41941,
21136,2.59169,
21137,2.54003,
21138,2.49194,
21139,2.36372,
21140,2.3377,
21141,2.31079,
21142,2.14234,
21143,2.26454,
21144,2.28723,
21145,2.49315,
21146,2.15688,
21147,2.32465,
21148,2.31477,
21149,2.59985,
21150,2.4187,
21151,2.62306,
21152,2.31631,
21153,2.71416,
21154,2.47229,
21155,2.69249,
21156,2.77613,
21157,2.68431,
21158,2.85489,
21159,2.67387,
21160,2.64889,
21161,2.71288,
21162,2.68982,
21163,2.53194,
21164,2.43057,
21165,2.39868,
21166,2.56578,
21167,2.53025,
21168,2.54597,
21169,2.50504,
21170,2.50414,
21171,2.61266,
21172,2.41474,
21173,2.682,
21174,2.56777,
21175,2.43373,
21176,2.34996,
21177,2.58138,
21178,2.31029,
21179,2.40818,
21180,2.34213,
21181,2.19917,
21182,2.26374,
21183,2.38006,
21184,2.64784,
21185,2.73358,
21186,2.94708,
21187,2.89183,
21188,2.87432,
21189,2.80932,
21190,2.54833,
21191,2.57896,
21192,2.6158,
21193,2.71907,
21194,2.93831,
21195,2.64647,
21196,2.78684,
21197,2.52952,
21198,2.53017,
21199,2.82706,
21200,2.78076,
21201,2.83353,
21202,2.66944,
21203,2.94241,
21204,2.59148,
21205,2.64415,
21206,2.59126,
21207,2.753,
21208,2.53183,
21209,2.60631,
21210,2.54141,
21211,2.50408,
21212,2.74078,
21213,2.42791,
21214,2.48505,
21215,2.57849,
21216,2.59287,
21217,2.70967,
21218,2.50177,
21219,2.57647,
21220,2.49538,
21221,2.43601,
21222,2.41594,
21223,2.40201,
21224,2.51692,
21225,2.29479,
21226,2.3494,
21227,2.61191,
21228,2.41762,
21229,2.76538,
21230,2.9673,
21231,2.82392,
21232,3.00323,
21233,2.9484,
21234,2.78923,
21235,2.67553,
21236,2.76553,
21237,2.5704,
21238,2.61706,
21239,2.55143,
21240,2.54021,
21241,2.81372,
21242,2.82829,
21243,2.68025,
21244,2.76676,
21245,2.75428,
21246,2.53297,
21247,2.61381,
21248,2.64371,
21249,2.47391,
21250,2.57657,
21251,2.73291,
21252,2.70792,
21253,2.81286,
21254,2.90289,
21255,2.88402,
21256,2.36893,
21257,2.57898,
21258,2.68068,
21259,2.7513,
21260,2.6103,
21261,2.70308,
21262,2.89751,
21263,2.75383,
21264,2.8712,
21265,2.6796,
21266,2.61799,
21267,2.80797,
21268,2.50826,
21269,2.7217,
21270,2.73158,
21271,2.67033,
21272,2.67948,
21273,2.69357,
21274,2.88498,
21275,2.74561,
21276,2.7509,
21277,2.68242,
21278,2.82616,
21279,2.72726,
21280,2.66419,
21281,2.62851,
21282,2.69901,
21283,2.69865,
21284,2.5016,
21285,2.6089,
21286,2.58776,
21287,2.67684,
21288,2.62765,
21289,2.75479,
21290,2.45843,
21291,2.64423,
21292,2.53513,
21293,2.68536,
21294,2.44444,
21295,2.44871,
21296,2.72208,
21297,2.56978,
21298,2.6705,
21299,1.17913,
21300,2.64886,
21301,2.70564,
21302,2.82114,
21303,2.86573,
21304,3.06628,
21305,2.78128,
21306,2.75271,
21307,2.68691,
21308,2.74964,
21309,2.60541,
21310,2.84523,
21311,2.75583,
21312,2.63273,
21313,2.6397,
21314,2.54739,
21315,2.76771,
21316,2.56172,
21317,2.69944,
21318,2.75154,
21319,2.62363,
21320,2.59156,
21321,2.55485,
21322,2.71536,
21323,2.77521,
21324,2.79707,
21325,2.74171,
21326,2.77684,
21327,2.57996,
21328,2.85015,
21329,2.89043,
21330,2.59317,
21331,2.75299,
21332,2.56906,
21333,2.51692,
21334,2.5341,
21335,2.39402,
21336,2.69011,
21337,2.44111,
21338,2.48632,
21339,2.63128,
21340,2.67991,
21341,2.56934,
21342,2.4556,
21343,2.50603,
21344,2.46501,
21345,2.6741,
21346,2.51448,
21347,2.62738,
21348,2.72641,
21349,2.56448,
21350,2.58936,
21351,2.59443,
21352,2.51632,
21353,2.59084,
21354,2.62598,
21355,2.77003,
21356,2.62648,
21357,2.61757,
21358,2.6657,
21359,2.67484,
21360,2.56525,
21361,2.37905,
21362,2.57574,
21363,2.44642,
21364,2.61261,
21365,2.58199,
21366,2.33875,
21367,2.63583,
21368,2.6812,
21369,2.60861,
21370,2.56845,
21371,2.48781,
21372,2.7364,
21373,2.55727,
21374,2.27395,
21375,2.61308,
21376,2.5694,
21377,2.69428,
21378,2.46595,
21379,2.46868,
21380,2.52709,
21381,2.44406,
21382,2.44756,
21383,2.53673,
21384,2.49007,
21385,2.66665,
21386,2.69163,
21387,2.69183,
21388,2.45917,
21389,2.6133,
21390,2.52459,
21391,2.72593,
21392,2.69511,
21393,2.6962,
21394,2.66439,
21395,2.84325,
21396,2.55018,
21397,2.66474,
21398,2.58193,
21399,2.47404,
21400,2.70269,
21401,2.59654,
21402,2.7772,
21403,2.57601,
21404,2.35809,
21405,2.44419,
21406,2.61223,
21407,2.45504,
21408,2.46087,
21409,2.32129,
21410,2.40492,
21411,2.69545,
21412,2.57941,
21413,2.60135,
21414,2.76654,
21415,2.60757,
21416,2.72549,
21417,2.56836,
21418,2.71424,
21419,2.71814,
21420,2.7521,
21421,2.68746,
21422,2.69174,
21423,2.69917,
21424,2.61377,
21425,2.7685,
21426,2.41879,
21427,2.51758,
21428,2.70243,
21429,2.62437,
21430,2.60358,
21431,2.40191,
21432,2.55428,
21433,2.72735,
21434,2.40692,
21435,2.56376,
21436,2.49495,
21437,2.45265,
21438,2.59399,
21439,2.38784,
21440,2.44664,
21441,2.48452,
21442,2.59327,
21443,2.55641,
21444,2.61918,
21445,2.67258,
21446,2.67406,
21447,2.44137,
21448,2.55729,
21449,2.44971,
21450,2.60986,
21451,2.43646,
21452,2.71978,
21453,2.67795,
21454,2.65798,
21455,2.72926,
21456,2.74136,
21457,2.55838,
21458,2.6582,
21459,2.63333,
21460,2.65965,
21461,2.64809,
21462,2.76442,
21463,2.88246,
21464,2.80103,
21465,2.6946,
21466,2.64459,
21467,2.55774,
21468,2.58351,
21469,2.41712,
21470,2.50514,
21471,2.37475,
21472,2.56898,
21473,2.46043,
21474,2.64545,
21475,2.52949,
21476,2.6393,
21477,2.77606,
21478,2.7152,
21479,2.91813,
21480,2.58006,
21481,2.43056,
21482,2.69117,
21483,2.43785,
21484,2.67988,
21485,2.51269,
21486,2.73679,
21487,2.82729,
21488,2.81264,
21489,2.55671,
21490,2.7996,
21491,2.64574,
21492,2.65773,
21493,2.62721,
21494,2.7596,
21495,2.53109,
21496,2.75297,
21497,2.408,
21498,2.70301,
21499,2.7033,
21500,2.80408,
21501,2.64062,
21502,2.75218,
21503,2.76877,
21504,2.54361,
21505,2.74443,
21506,2.43788,
21507,2.57284,
21508,2.6159,
21509,2.87071,
21510,2.84572,
21511,2.43455,
21512,2.67492,
21513,2.60642,
21514,2.6934,
21515,2.73091,
21516,2.9295,
21517,2.65073,
21518,2.57506,
21519,2.69649,
21520,2.74333,
21521,2.57024,
21522,2.58708,
21523,2.47241,
21524,2.59068,
21525,2.80153,
21526,2.81042,
21527,2.74464,
21528,2.71163,
21529,2.68921,
21530,2.46,
21531,2.70992,
21532,2.55222,
21533,2.70035,
21534,2.58291,
21535,2.59495,
21536,2.61796,
21537,2.72036,
21538,2.73312,
21539,2.53318,
21540,2.59413,
21541,2.71873,
21542,2.48287,
21543,2.88287,
21544,2.70027,
21545,2.57671,
21546,2.47955,
21547,2.70201,
21548,2.62414,
21549,2.57966,
21550,2.47437,
21551,2.75261,
21552,2.53912,
21553,2.47764,
21554,2.64781,
21555,2.48563,
21556,2.39432,
21557,2.71589,
21558,2.78504,
21559,2.55649,
21560,2.52392,
21561,2.51274,
21562,2.68399,
21563,2.7245,
21564,2.33555,
21565,2.62173,
21566,2.5822,
21567,2.60763,
21568,2.64933,
21569,2.65541,
21570,2.48764,
21571,2.55641,
21572,2.624,
21573,2.26859,
21574,2.35675,
21575,2.73063,
21576,2.63033,
21577,2.71305,
21578,2.46797,
21579,2.40665,
21580,2.60678,
21581,2.556,
21582,2.4666,
21583,2.76551,
21584,2.69469,
21585,2.41118,
21586,2.60399,
21587,2.45428,
21588,2.55966,
21589,2.46001,
21590,2.33277,
21591,2.5849,
21592,2.54811,
21593,2.75896,
21594,2.79352,
21595,2.6783,
21596,2.74107,
21597,2.54054,
21598,2.64102,
21599,2.72656,
21600,2.64843,
21601,2.76704,
21602,2.7724,
21603,2.85988,
21604,3.44866,
21605,2.6013,
21606,2.65379,
21607,2.67538,
21608,2.70258,
21609,2.55388,
21610,2.77505,
21611,2.66628,
21612,2.64235,
21613,2.62479,
21614,2.98448,
21615,2.65336,
21616,2.63253,
21617,2.30531,
21618,2.41445,
21619,2.66442,
21620,2.68164,
21621,2.74066,
21622,2.90989,
21623,2.69897,
21624,2.54286,
21625,2.67834,
21626,2.63026,
21627,2.81106,
21628,2.59591,
21629,2.61756,
21630,2.74322,
21631,2.68224,
21632,2.61822,
21633,2.57775,
21634,2.54268,
21635,2.56729,
21636,2.6148,
21637,2.50468,
21638,2.33747,
21639,2.67983,
21640,2.54572,
21641,2.42858,
21642,2.46002,
21643,2.54327,
21644,2.62834,
21645,2.61011,
21646,2.59806,
21647,2.56109,
21648,2.29255,
21649,2.56941,
21650,2.33848,
21651,2.6518,
21652,2.45677,
21653,2.53664,
21654,2.26171,
21655,2.54587,
21656,2.55121,
21657,2.53104,
21658,2.44383,
21659,2.3954,
21660,2.5543,
21661,2.51577,
21662,2.25252,
21663,2.35576,
21664,2.37446,
21665,2.50508,
21666,2.57327,
21667,2.49281,
21668,2.55643,
21669,2.60483,
21670,2.64607,
21671,2.35371,
21672,2.71114,
21673,2.52866,
21674,2.56165,
21675,2.51886,
21676,2.59978,
21677,2.69766,
21678,2.67321,
21679,2.53942,
21680,2.3904,
21681,2.83168,
21682,2.63146,
21683,2.65697,
21684,2.5892,
21685,2.44459,
21686,2.48151,
21687,2.61179,
21688,2.12428,
21689,2.33489,
21690,2.21183,
21691,2.38833,
21692,2.48467,
21693,2.60552,
21694,2.60593,
21695,2.63327,
21696,2.56946,
21697,2.40618,
21698,2.45546,
21699,2.57843,
21700,2.71374,
21701,2.54222,
21702,2.46764,
21703,2.18199,
21704,2.25743,
21705,2.6524,
21706,2.34324,
21707,2.53666,
21708,2.343,
21709,2.48019,
21710,2.32815,
21711,2.35045,
21712,2.38917,
21713,2.37516,
21714,2.34377,
21715,2.2815,
21716,2.41797,
21717,2.59416,
21718,2.27335,
21719,2.54394,
21720,2.37087,
21721,2.82456,
21722,2.77827,
21723,2.71223,
21724,2.90727,
21725,2.79603,
21726,2.70917,
21727,2.60113,
21728,2.41764,
21729,2.73731,
21730,2.55371,
21731,2.5414,
21732,2.75103,
21733,2.57194,
21734,2.73152,
21735,2.61777,
21736,2.63403,
21737,2.51543,
21738,2.56508,
21739,2.71587,
21740,2.67422,
21741,2.61472,
21742,2.57445,
21743,2.49986,
21744,2.76106,
21745,2.49658,
21746,2.53339,
21747,2.63538,
21748,2.58999,
21749,2.54199,
21750,2.90281,
21751,2.75818,
21752,2.61134,
21753,2.58281,
21754,2.83844,
21755,2.74143,
21756,2.65066,
21757,2.64493,
21758,2.64427,
21759,2.66292,
21760,2.67507,
21761,2.64424,
21762,2.55348,
21763,2.37035,
21764,2.56717,
21765,2.60301,
21766,2.58844,
21767,2.30721,
21768,2.4451,
21769,2.20287,
21770,2.53957,
21771,2.56903,
21772,2.3258,
21773,2.45981,
21774,2.41566,
21775,2.58955,
21776,2.40121,
21777,2.4349,
21778,2.19129,
21779,2.60281,
21780,2.6073,
21781,2.62354,
21782,2.5741,
21783,2.71032,
21784,2.63932,
21785,2.78591,
21786,2.69666,
21787,2.71526,
21788,2.71712,
21789,2.58005,
21790,2.62044,
21791,2.35539,
21792,2.65504,
21793,2.60617,
21794,2.70931,
21795,2.62737,
21796,2.53775,
21797,2.60057,
21798,2.49389,
21799,2.52584,
21800,2.62357,
21801,2.73303,
21802,2.4981,
21803,2.50041,
21804,2.46043,
21805,2.73094,
21806,2.72547,
21807,2.77828,
21808,2.60469,
21809,2.75107,
21810,2.60883,
21811,2.69714,
21812,2.84504,
21813,2.59746,
21814,2.55357,
21815,2.46298,
21816,2.7281,
21817,2.7528,
21818,2.63663,
21819,2.63491,
21820,2.66911,
21821,2.82188,
21822,2.71339,
21823,2.91807,
21824,2.54191,
21825,2.59419,
21826,2.41461,
21827,2.54419,
21828,2.63664,
21829,2.62437,
21830,2.55985,
21831,2.71582,
21832,2.65473,
21833,2.59939,
21834,2.40766,
21835,2.54525,
21836,2.55485,
21837,2.60069,
21838,2.56521,
21839,2.76866,
21840,2.76899,
21841,2.7635,
21842,2.66191,
21843,2.56921,
21844,2.72964,
21845,2.45288,
21846,2.809,
21847,2.73894,
21848,2.74192,
21849,2.71469,
21850,2.88597,
21851,2.99096,
21852,2.68816,
21853,2.72876,
21854,2.73338,
21855,2.86957,
21856,2.87796,
21857,2.66175,
21858,2.66824,
21859,2.65366,
21860,2.55316,
21861,2.64113,
21862,2.65708,
21863,2.65965,
21864,2.45325,
21865,2.46911,
21866,2.70462,
21867,2.85844,
21868,3.03254,
21869,3.05645,
21870,3.0282,
21871,3.02645,
21872,3.08055,
21873,2.96647,
21874,2.99244,
21875,2.98041,
21876,2.96213,
21877,2.9602,
21878,2.96854,
21879,2.97717,
21880,2.89063,
21881,2.97387,
21882,2.95826,
21883,2.90159,
21884,2.89638,
21885,2.83716,
21886,2.56895,
21887,2.82806,
21888,2.69825,
21889,2.69297,
21890,2.75335,
21891,2.73904,
21892,2.59352,
21893,2.7661,
21894,2.53003,
21895,2.62458,
21896,2.69979,
21897,2.53763,
21898,2.44207,
21899,2.7087,
21900,2.75039,
21901,2.6487,
21902,2.50357,
21903,2.66605,
21904,2.65914,
21905,2.57698,
21906,2.53632,
21907,2.65782,
21908,2.48974,
21909,2.52239,
21910,2.55754,
21911,2.52464,
21912,2.76698,
21913,2.70122,
21914,2.62221,
21915,2.61656,
21916,2.57949,
21917,2.58721,
21918,2.50488,
21919,2.58106,
21920,2.72826,
21921,2.59409,
21922,2.49075,
21923,2.72762,
21924,2.57307,
21925,2.51263,
21926,2.63445,
21927,2.43756,
21928,2.43161,
21929,2.63722,
21930,2.36081,
21931,2.48906,
21932,2.46567,
21933,2.56813,
21934,2.51993,
21935,2.44881,
21936,2.57017,
21937,2.3876,
21938,2.48181,
21939,2.54877,
21940,2.64082,
21941,2.6409,
21942,2.58308,
21943,2.44937,
21944,2.65542,
21945,2.47154,
21946,2.56485,
21947,2.55736,
21948,2.57202,
21949,2.80872,
21950,2.49688,
21951,2.4448,
21952,2.57996,
21953,2.4565,
21954,2.36347,
21955,2.56605,
21956,2.77725,
21957,2.32346,
21958,2.26046,
21959,2.62941,
21960,2.32631,
21961,2.53111,
21962,2.47417,
21963,2.38364,
21964,2.33045,
21965,2.65481,
21966,2.60641,
21967,2.62442,
21968,2.54651,
21969,2.80338,
21970,2.68348,
21971,2.73143,
21972,2.64699,
21973,2.58914,
21974,2.7244,
21975,2.62207,
21976,2.64425,
21977,2.61478,
21978,2.64153,
21979,2.63732,
21980,2.36104,
21981,2.5875,
21982,2.62988,
21983,2.67253,
21984,2.63596,
21985,2.33238,
21986,2.54035,
21987,2.60948,
21988,2.50408,
21989,2.23951,
21990,2.43405,
21991,2.47635,
21992,2.45279,
21993,2.5225,
21994,2.19254,
21995,2.3693,
21996,2.34821,
21997,2.46121,
21998,2.5286,
21999,2.74429,
22000,2.92822,
22001,2.74482,
22002,2.70723,
22003,2.84012,
22004,2.84633,
22005,2.58853,
22006,2.68576,
22007,2.62418,
22008,2.63423,
22009,2.53576,
22010,2.80002,
22011,2.5998,
22012,2.62081,
22013,2.75788,
22014,2.69803,
22015,2.60145,
22016,2.6853,
22017,2.53674,
22018,2.69883,
22019,2.63395,
22020,2.61367,
22021,2.50177,
22022,2.54213,
22023,2.37627,
22024,2.75622,
22025,2.77507,
22026,2.59354,
22027,2.69051,
22028,2.63809,
22029,2.6899,
22030,2.79452,
22031,2.71006,
22032,2.62895,
22033,2.63978,
22034,2.65469,
22035,2.45965,
22036,2.60236,
22037,2.66543,
22038,2.74188,
22039,2.55729,
22040,2.59021,
22041,2.56462,
22042,2.63262,
22043,2.57816,
22044,2.73751,
22045,2.47345,
22046,2.61992,
22047,2.58247,
22048,2.44477,
22049,2.63372,
22050,2.75396,
22051,2.55213,
22052,2.26762,
22053,2.53955,
22054,2.64904,
22055,2.58269,
22056,2.53417,
22057,2.49186,
22058,2.5119,
22059,2.48939,
22060,2.58196,
22061,2.31246,
22062,2.36905,
22063,2.38292,
22064,2.50681,
22065,2.5367,
22066,2.43716,
22067,2.27514,
22068,2.46474,
22069,2.37706,
22070,2.49533,
22071,2.28184,
22072,2.40795,
22073,2.61311,
22074,2.53893,
22075,2.5916,
22076,2.28024,
22077,2.43954,
22078,2.35844,
22079,2.44403,
22080,2.58006,
22081,2.34681,
22082,2.46118,
22083,2.33035,
22084,2.26214,
22085,2.39029,
22086,2.41071,
22087,2.39795,
22088,2.33773,
22089,2.6045,
22090,2.39026,
22091,2.40331,
22092,2.66123,
22093,2.7317,
22094,2.61176,
22095,2.64963,
22096,2.90138,
22097,2.63589,
22098,2.55152,
22099,2.76281,
22100,2.59611,
22101,2.7158,
22102,2.76695,
22103,2.63881,
22104,2.63504,
22105,2.63982,
22106,2.38323,
22107,2.63636,
22108,2.60438,
22109,2.457,
22110,2.58013,
22111,2.52673,
22112,2.42478,
22113,2.54347,
22114,2.5747,
22115,2.4089,
22116,2.51049,
22117,2.55734,
22118,2.64203,
22119,2.49605,
22120,2.55398,
22121,2.49343,
22122,2.78379,
22123,2.88123,
22124,3.00269,
22125,2.95453,
22126,2.95591,
22127,2.8953,
22128,2.8837,
22129,2.97215,
22130,2.85509,
22131,2.87961,
22132,2.91177,
22133,2.9444,
22134,2.79793,
22135,2.90584,
22136,2.89333,
22137,2.8941,
22138,2.97498,
22139,2.86265,
22140,2.89219,
22141,2.82223,
22142,2.86797,
22143,2.6214,
22144,2.84075,
22145,2.38481,
22146,2.48351,
22147,2.37179,
22148,2.24983,
22149,2.34921,
22150,2.26906,
22151,2.57357,
22152,2.13954,
22153,2.36229,
22154,2.27919,
22155,2.38787,
22156,2.37272,
22157,2.15618,
22158,2.17612,
22159,2.44103,
22160,2.54658,
22161,2.53123,
22162,2.23174,
22163,2.16042,
22164,2.77014,
22165,2.84968,
22166,2.72258,
22167,2.72616,
22168,2.73453,
22169,2.66171,
22170,2.68843,
22171,2.45225,
22172,2.57071,
22173,2.66322,
22174,2.55174,
22175,2.61309,
22176,2.65198,
22177,2.83769,
22178,2.72464,
22179,2.54573,
22180,2.4552,
22181,2.64586,
22182,2.58684,
22183,2.52201,
22184,2.36184,
22185,2.4052,
22186,2.32193,
22187,2.46666,
22188,2.60261,
22189,2.49207,
22190,2.52333,
22191,2.51408,
22192,2.56553,
22193,2.54192,
22194,2.69972,
22195,2.46127,
22196,2.46376,
22197,2.59092,
22198,2.35542,
22199,2.40777,
22200,2.41673,
22201,2.5756,
22202,2.54388,
22203,2.47726,
22204,2.36507,
22205,2.34724,
22206,2.30746,
22207,2.1368,
22208,2.24102,
22209,2.28202,
22210,2.48702,
22211,2.12183,
22212,2.31516,
22213,2.29535,
22214,2.58293,
22215,2.41434,
22216,2.61256,
22217,2.31875,
22218,2.69095,
22219,2.45802,
22220,2.65986,
22221,2.75437,
22222,2.67098,
22223,2.84141,
22224,2.64737,
22225,2.63648,
22226,2.71277,
22227,2.67016,
22228,2.54047,
22229,2.41119,
22230,2.38732,
22231,2.55403,
22232,2.52163,
22233,2.54841,
22234,2.49191,
22235,2.49232,
22236,2.61073,
22237,2.40936,
22238,2.65703,
22239,2.54219,
22240,2.4189,
22241,2.33885,
22242,2.55239,
22243,2.28772,
22244,2.40753,
22245,2.34064,
22246,2.19189,
22247,2.25552,
22248,2.35661,
22249,2.64368,
22250,2.72175,
22251,2.943,
22252,2.88595,
22253,2.85286,
22254,2.8171,
22255,2.51253,
22256,2.58548,
22257,2.59499,
22258,2.71731,
22259,2.91828,
22260,2.63283,
22261,2.77873,
22262,2.51572,
22263,2.5125,
22264,2.81278,
22265,2.7684,
22266,2.83871,
22267,2.66013,
22268,2.91765,
22269,2.5963,
22270,2.62502,
22271,2.57785,
22272,2.73296,
22273,2.54762,
22274,2.60435,
22275,2.52412,
22276,2.49752,
22277,2.72871,
22278,2.43188,
22279,2.47675,
22280,2.55812,
22281,2.58493,
22282,2.70076,
22283,2.49443,
22284,2.55027,
22285,2.46784,
22286,2.44354,
22287,2.40448,
22288,2.39875,
22289,2.50556,
22290,2.29895,
22291,2.33939,
22292,2.59894,
22293,2.39472,
22294,2.75951,
22295,2.9559,
22296,2.81687,
22297,2.98443,
22298,2.91104,
22299,2.78201,
22300,2.65966,
22301,2.74375,
22302,2.58179,
22303,2.61858,
22304,2.54361,
22305,2.51757,
22306,2.80232,
22307,2.81333,
22308,2.67468,
22309,2.75565,
22310,2.73007,
22311,2.52611,
22312,2.60162,
22313,2.63834,
22314,2.47654,
22315,2.55918,
22316,2.7264,
22317,2.69968,
22318,2.80347,
22319,2.8835,
22320,2.88646,
22321,2.36638,
22322,2.56854,
22323,2.66319,
22324,2.72641,
22325,2.60098,
22326,2.70081,
22327,2.88522,
22328,2.73899,
22329,2.85609,
22330,2.65937,
22331,2.59067,
22332,2.80498,
22333,2.51674,
22334,2.72403,
22335,2.72774,
22336,2.64742,
22337,2.65261,
22338,2.68978,
22339,2.86151,
22340,2.74923,
22341,2.73481,
22342,2.66464,
22343,2.81863,
22344,2.72757,
22345,2.65377,
22346,2.61388,
22347,2.68474,
22348,2.69727,
22349,2.48653,
22350,2.60168,
22351,2.59139,
22352,2.66725,
22353,2.60418,
22354,2.7546,
22355,2.45893,
22356,2.61252,
22357,2.51965,
22358,2.66533,
22359,2.43605,
22360,2.44144,
22361,2.71388,
22362,2.55355,
22363,2.65205,
22364,1.14318,
22365,2.63075,
22366,2.69527,
22367,2.80594,
22368,2.86108,
22369,3.073,
22370,2.78002,
22371,2.73739,
22372,2.67111,
22373,2.72198,
22374,2.62222,
22375,2.81935,
22376,2.74475,
22377,2.61312,
22378,2.6497,
22379,2.53261,
22380,2.758,
22381,2.54868,
22382,2.68952,
22383,2.73041,
22384,2.60412,
22385,2.57572,
22386,2.54887,
22387,2.69926,
22388,2.75991,
22389,2.76428,
22390,2.73603,
22391,2.76624,
22392,2.57466,
22393,2.84398,
22394,2.8645,
22395,2.58522,
22396,2.72792,
22397,2.55381,
22398,2.49897,
22399,2.53138,
22400,2.36925,
22401,2.69346,
22402,2.43774,
22403,2.4726,
22404,2.62969,
22405,2.65928,
22406,2.55622,
22407,2.4507,
22408,2.48194,
22409,2.4783,
22410,2.66375,
22411,2.51212,
22412,2.60752,
22413,2.72525,
22414,2.55607,
22415,2.56551,
22416,2.57361,
22417,2.50074,
22418,2.57578,
22419,2.60264,
22420,2.76721,
22421,2.61166,
22422,2.61736,
22423,2.66239,
22424,2.6481,
22425,2.55739,
22426,2.36766,
22427,2.56689,
22428,2.4458,
22429,2.60015,
22430,2.57125,
22431,2.31044,
22432,2.62964,
22433,2.66948,
22434,2.59536,
22435,2.55585,
22436,2.4862,
22437,2.70492,
22438,2.55206,
22439,2.26956,
22440,2.60788,
22441,2.55479,
22442,2.68963,
22443,2.4575,
22444,2.45951,
22445,2.52507,
22446,2.44058,
22447,2.43555,
22448,2.52442,
22449,2.47762,
22450,2.6472,
22451,2.67875,
22452,2.67359,
22453,2.43948,
22454,2.60515,
22455,2.51816,
22456,2.72028,
22457,2.68285,
22458,2.6776,
22459,2.65595,
22460,2.83461,
22461,2.52924,
22462,2.67008,
22463,2.58289,
22464,2.47003,
22465,2.69509,
22466,2.57719,
22467,2.76998,
22468,2.55983,
22469,2.35214,
22470,2.43712,
22471,2.60715,
22472,2.44428,
22473,2.45311,
22474,2.32514,
22475,2.3899,
22476,2.68705,
22477,2.55772,
22478,2.58459,
22479,2.74763,
22480,2.59341,
22481,2.6924,
22482,2.55403,
22483,2.7058,
22484,2.71039,
22485,2.71756,
22486,2.67613,
22487,2.67806,
22488,2.68723,
22489,2.60407,
22490,2.74997,
22491,2.41748,
22492,2.51169,
22493,2.6869,
22494,2.61919,
22495,2.59695,
22496,2.39811,
22497,2.54894,
22498,2.72578,
22499,2.39284,
22500,2.5306,
22501,2.48109,
22502,2.44626,
22503,2.58332,
22504,2.38178,
22505,2.4286,
22506,2.46474,
22507,2.58615,
22508,2.54898,
22509,2.62523,
22510,2.65315,
22511,2.66956,
22512,2.43189,
22513,2.53281,
22514,2.42516,
22515,2.60122,
22516,2.42692,
22517,2.70485,
22518,2.64291,
22519,2.64946,
22520,2.72479,
22521,2.71408,
22522,2.55307,
22523,2.64275,
22524,2.63738,
22525,2.64175,
22526,2.62777,
22527,2.74272,
22528,2.86461,
22529,2.78865,
22530,2.67989,
22531,2.64432,
22532,2.55596,
22533,2.5659,
22534,2.41523,
22535,2.50251,
22536,2.37211,
22537,2.55818,
22538,2.44393,
22539,2.63516,
22540,2.50808,
22541,2.61083,
22542,2.76467,
22543,2.70402,
22544,2.9095,
22545,2.56375,
22546,2.41959,
22547,2.67175,
22548,2.4237,
22549,2.67039,
22550,2.5014,
22551,2.72439,
22552,2.81561,
22553,2.79875,
22554,2.52976,
22555,2.78097,
22556,2.63243,
22557,2.65451,
22558,2.62002,
22559,2.73589,
22560,2.52805,
22561,2.74748,
22562,2.39145,
22563,2.69223,
22564,2.67441,
22565,2.78328,
22566,2.62566,
22567,2.74414,
22568,2.76608,
22569,2.52828,
22570,2.72956,
22571,2.42647,
22572,2.57559,
22573,2.60481,
22574,2.83792,
22575,2.82892,
22576,2.41162,
22577,2.66553,
22578,2.58292,
22579,2.67851,
22580,2.73837,
22581,2.91784,
22582,2.64162,
22583,2.57675,
22584,2.68268,
22585,2.72491,
22586,2.55182,
22587,2.5689,
22588,2.46356,
22589,2.56264,
22590,2.80012,
22591,2.79085,
22592,2.73849,
22593,2.70488,
22594,2.68746,
22595,2.46489,
22596,2.69797,
22597,2.53758,
22598,2.70954,
22599,2.561,
22600,2.56873,
22601,2.59534,
22602,2.71228,
22603,2.71385,
22604,2.52207,
22605,2.57981,
22606,2.71567,
22607,2.4804,
22608,2.87007,
22609,2.69377,
22610,2.56599,
22611,2.48695,
22612,2.70797,
22613,2.61552,
22614,2.55238,
22615,2.46468,
22616,2.74009,
22617,2.52207,
22618,2.46281,
22619,2.63403,
22620,2.46425,
22621,2.37711,
22622,2.70069,
22623,2.76532,
22624,2.54447,
22625,2.50721,
22626,2.47708,
22627,2.66282,
22628,2.7233,
22629,2.32314,
22630,2.60674,
22631,2.57824,
22632,2.58841,
22633,2.61709,
22634,2.64355,
22635,2.48428,
22636,2.56905,
22637,2.61114,
22638,2.25325,
22639,2.3389,
22640,2.72026,
22641,2.60703,
22642,2.6801,
22643,2.4492,
22644,2.39828,
22645,2.60182,
22646,2.53604,
22647,2.45732,
22648,2.76126,
22649,2.6666,
22650,2.40401,
22651,2.59411,
22652,2.44418,
22653,2.53342,
22654,2.44321,
22655,2.29636,
22656,2.58643,
22657,2.52919,
22658,2.73121,
22659,2.777,
22660,2.67479,
22661,2.71807,
22662,2.52706,
22663,2.64865,
22664,2.71086,
22665,2.63714,
22666,2.74041,
22667,2.75056,
22668,2.83713,
22669,3.41867,
22670,2.59201,
22671,2.63891,
22672,2.66484,
22673,2.67813,
22674,2.53609,
22675,2.74126,
22676,2.65105,
22677,2.62818,
22678,2.61877,
22679,2.9682,
22680,2.61725,
22681,2.62814,
22682,2.31267,
22683,2.40576,
22684,2.65147,
22685,2.67148,
22686,2.73448,
22687,2.88859,
22688,2.69639,
22689,2.51849,
22690,2.66505,
22691,2.62488,
22692,2.77997,
22693,2.58806,
22694,2.60489,
22695,2.7176,
22696,2.67741,
22697,2.6137,
22698,2.56823,
22699,2.54672,
22700,2.54544,
22701,2.60506,
22702,2.49289,
22703,2.3454,
22704,2.65553,
22705,2.5295,
22706,2.42204,
22707,2.44105,
22708,2.54614,
22709,2.60569,
22710,2.59651,
22711,2.59293,
22712,2.55412,
22713,2.2738,
22714,2.55307,
22715,2.30341,
22716,2.63776,
22717,2.44821,
22718,2.52543,
22719,2.24623,
22720,2.51628,
22721,2.54487,
22722,2.53371,
22723,2.41856,
22724,2.39318,
22725,2.54174,
22726,2.49722,
22727,2.24708,
22728,2.34813,
22729,2.36139,
22730,2.48909,
22731,2.56605,
22732,2.47533,
22733,2.52982,
22734,2.58505,
22735,2.64247,
22736,2.34736,
22737,2.71378,
22738,2.50587,
22739,2.55118,
22740,2.49208,
22741,2.59644,
22742,2.68161,
22743,2.65845,
22744,2.53202,
22745,2.39688,
22746,2.80894,
22747,2.62072,
22748,2.65552,
22749,2.57598,
22750,2.4386,
22751,2.46804,
22752,2.6059,
22753,2.11506,
22754,2.31788,
22755,2.19128,
22756,2.36387,
22757,2.48248,
22758,2.60049,
22759,2.60354,
22760,2.6231,
22761,2.55858,
22762,2.39831,
22763,2.46868,
22764,2.56448,
22765,2.70452,
22766,2.54141,
22767,2.44514,
22768,2.16757,
22769,2.26751,
22770,2.63268,
22771,2.33749,
22772,2.53051,
22773,2.33943,
22774,2.48525,
22775,2.32104,
22776,2.35095,
22777,2.40308,
22778,2.3714,
22779,2.32828,
22780,2.25853,
22781,2.39824,
22782,2.57586,
22783,2.27808,
22784,2.52957,
22785,2.36231,
22786,2.82694,
22787,2.75775,
22788,2.72092,
22789,2.88816,
22790,2.77238,
22791,2.7044,
22792,2.57146,
22793,2.40547,
22794,2.71823,
22795,2.53767,
22796,2.5374,
22797,2.72082,
22798,2.55648,
22799,2.72589,
22800,2.61655,
22801,2.62479,
22802,2.50961,
22803,2.54288,
22804,2.69888,
22805,2.65405,
22806,2.61621,
22807,2.57168,
22808,2.48733,
22809,2.74545,
22810,2.4894,
22811,2.52695,
22812,2.61226,
22813,2.56887,
22814,2.51597,
22815,2.88169,
22816,2.74792,
22817,2.57822,
22818,2.55787,
22819,2.83011,
22820,2.72994,
22821,2.64021,
22822,2.63041,
22823,2.65177,
22824,2.63773,
22825,2.6632,
22826,2.63373,
22827,2.54479,
22828,2.35073,
22829,2.57024,
22830,2.59948,
22831,2.5704,
22832,2.29004,
22833,2.43152,
22834,2.2009,
22835,2.53897,
22836,2.58155,
22837,2.32772,
22838,2.44437,
22839,2.41231,
22840,2.58123,
22841,2.40001,
22842,2.40574,
22843,2.17383,
22844,2.58392,
22845,2.58592,
22846,2.61386,
22847,2.56748,
22848,2.6858,
22849,2.61291,
22850,2.77031,
22851,2.6826,
22852,2.70616,
22853,2.69777,
22854,2.5806,
22855,2.61551,
22856,2.34428,
22857,2.66271,
22858,2.59955,
22859,2.69276,
22860,2.62322,
22861,2.49504,
22862,2.60754,
22863,2.49457,
22864,2.52957,
22865,2.60019,
22866,2.72126,
22867,2.50007,
22868,2.47482,
22869,2.44715,
22870,2.72538,
22871,2.70832,
22872,2.7618,
22873,2.60077,
22874,2.74983,
22875,2.60865,
22876,2.68685,
22877,2.83789,
22878,2.59836,
22879,2.54274,
22880,2.44974,
22881,2.7174,
22882,2.73524,
22883,2.63157,
22884,2.6414,
22885,2.64132,
22886,2.80493,
22887,2.71833,
22888,2.90322,
22889,2.54152,
22890,2.58994,
22891,2.4076,
22892,2.53675,
22893,2.60102,
22894,2.59545,
22895,2.54477,
22896,2.70383,
22897,2.64734,
22898,2.57655,
22899,2.39786,
22900,2.52679,
22901,2.55365,
22902,2.59626,
22903,2.56047,
22904,2.74743,
22905,2.75766,
22906,2.77159,
22907,2.63383,
22908,2.54135,
22909,2.7237,
22910,2.44317,
22911,2.80027,
22912,2.71909,
22913,2.72454,
22914,2.71112,
22915,2.86237,
22916,2.97319,
22917,2.68339,
22918,2.70828,
22919,2.72155,
22920,2.8508,
22921,2.85402,
22922,2.64716,
22923,2.64691,
22924,2.6625,
22925,2.5503,
22926,2.6335,
22927,2.64988,
22928,2.66141,
22929,2.43951,
22930,2.47783,
22931,2.68796,
22932,2.8461,
22933,3.02767,
22934,3.04685,
22935,3.01664,
22936,2.99641,
22937,3.06749,
22938,2.951,
22939,2.98101,
22940,2.97164,
22941,2.93933,
22942,2.94399,
22943,2.96332,
22944,2.97715,
22945,2.87237,
22946,2.96869,
22947,2.9498,
22948,2.90328,
22949,2.87786,
22950,2.82482,
22951,2.56043,
22952,2.8032,
22953,2.68068,
22954,2.6867,
22955,2.73713,
22956,2.74801,
22957,2.58761,
22958,2.75964,
22959,2.50379,
22960,2.6008,
22961,2.67586,
22962,2.52685,
22963,2.42959,
22964,2.68461,
22965,2.74298,
22966,2.64341,
22967,2.47152,
22968,2.65068,
22969,2.65382,
22970,2.55452,
22971,2.52721,
22972,2.62753,
22973,2.48558,
22974,2.51673,
22975,2.54597,
22976,2.49602,
22977,2.7529,
22978,2.67808,
22979,2.62633,
22980,2.60178,
22981,2.56124,
22982,2.5685,
22983,2.50058,
22984,2.56847,
22985,2.71356,
22986,2.5722,
22987,2.48488,
22988,2.70753,
22989,2.56239,
22990,2.51185,
22991,2.62743,
22992,2.40027,
22993,2.41919,
22994,2.62519,
22995,2.35643,
22996,2.47796,
22997,2.46371,
22998,2.54462,
22999,2.49252,
23000,2.43844,
23001,2.55791,
23002,2.36618,
23003,2.46811,
23004,2.51997,
23005,2.61967,
23006,2.63143,
23007,2.57275,
23008,2.42662,
23009,2.66198,
23010,2.47421,
23011,2.54806,
23012,2.54975,
23013,2.56346,
23014,2.79113,
23015,2.47709,
23016,2.43494,
23017,2.58161,
23018,2.43989,
23019,2.35599,
23020,2.54265,
23021,2.77213,
23022,2.3205,
23023,2.2502,
23024,2.62141,
23025,2.31881,
23026,2.51522,
23027,2.45397,
23028,2.36794,
23029,2.32827,
23030,2.63676,
23031,2.59309,
23032,2.60951,
23033,2.5214,
23034,2.79348,
23035,2.67647,
23036,2.71988,
23037,2.62038,
23038,2.5712,
23039,2.7109,
23040,2.61262,
23041,2.63417,
23042,2.60648,
23043,2.6203,
23044,2.64717,
23045,2.33732,
23046,2.57598,
23047,2.61209,
23048,2.64365,
23049,2.6127,
23050,2.32111,
23051,2.52166,
23052,2.59167,
23053,2.50169,
23054,2.22654,
23055,2.4273,
23056,2.46864,
23057,2.4407,
23058,2.52264,
23059,2.1745,
23060,2.34598,
23061,2.33996,
23062,2.44941,
23063,2.51806,
23064,2.72118,
23065,2.91221,
23066,2.73245,
23067,2.68594,
23068,2.83592,
23069,2.82371,
23070,2.57434,
23071,2.68214,
23072,2.61508,
23073,2.62684,
23074,2.53842,
23075,2.79542,
23076,2.59915,
23077,2.61912,
23078,2.74862,
23079,2.67899,
23080,2.59498,
23081,2.67061,
23082,2.52657,
23083,2.68168,
23084,2.63219,
23085,2.60231,
23086,2.49913,
23087,2.52999,
23088,2.34564,
23089,2.74621,
23090,2.7559,
23091,2.57588,
23092,2.66552,
23093,2.61327,
23094,2.67406,
23095,2.79208,
23096,2.69958,
23097,2.60604,
23098,2.61673,
23099,2.64746,
23100,2.45087,
23101,2.58445,
23102,2.64883,
23103,2.72185,
23104,2.52991,
23105,2.56953,
23106,2.54263,
23107,2.62129,
23108,2.56,
23109,2.70927,
23110,2.45997,
23111,2.60281,
23112,2.57698,
23113,2.41898,
23114,2.61052,
23115,2.74727,
23116,2.54558,
23117,2.25951,
23118,2.52847,
23119,2.61589,
23120,2.56554,
23121,2.5255,
23122,2.46626,
23123,2.49723,
23124,2.48417,
23125,2.55763,
23126,2.30487,
23127,2.36059,
23128,2.35423,
23129,2.47831,
23130,2.53236,
23131,2.42146,
23132,2.26642,
23133,2.43815,
23134,2.37035,
23135,2.47479,
23136,2.27291,
23137,2.40018,
23138,2.60619,
23139,2.51986,
23140,2.58298,
23141,2.26934,
23142,2.43181,
23143,2.35493,
23144,2.43043,
23145,2.56945,
23146,2.31257,
23147,2.44447,
23148,2.30388,
23149,2.25374,
23150,2.39126,
23151,2.38465,
23152,2.37414,
23153,2.32231,
23154,2.59475,
23155,2.36815,
23156,2.40005,
23157,2.63024,
23158,2.72007,
23159,2.59975,
23160,2.63471,
23161,2.88468,
23162,2.61034,
23163,2.54276,
23164,2.74268,
23165,2.57332,
23166,2.71051,
23167,2.74378,
23168,2.63117,
23169,2.63494,
23170,2.63728,
23171,2.37828,
23172,2.62803,
23173,2.60138,
23174,2.43514,
23175,2.5708,
23176,2.52283,
23177,2.42221,
23178,2.54968,
23179,2.57748,
23180,2.41377,
23181,2.48784,
23182,2.5478,
23183,2.62656,
23184,2.49444,
23185,2.53996,
23186,2.47512,
23187,2.77665,
23188,2.86854,
23189,2.98986,
23190,2.94806,
23191,2.95345,
23192,2.8863,
23193,2.86911,
23194,2.97064,
23195,2.84694,
23196,2.86712,
23197,2.90106,
23198,2.92895,
23199,2.79493,
23200,2.91557,
23201,2.88188,
23202,2.87938,
23203,2.94852,
23204,2.84868,
23205,2.88941,
23206,2.81342,
23207,2.85399,
23208,2.60363,
23209,2.82517,
23210,2.37142,
23211,2.46668,
23212,2.37527,
23213,2.24689,
23214,2.34203,
23215,2.2438,
23216,2.5528,
23217,2.13784,
23218,2.3496,
23219,2.28424,
23220,2.37748,
23221,2.37284,
23222,2.14443,
23223,2.16642,
23224,2.44595,
23225,2.52933,
23226,2.50875,
23227,2.22815,
23228,2.14484,
23229,2.74859,
23230,2.82975,
23231,2.71566,
23232,2.72399,
23233,2.7274,
23234,2.64549,
23235,2.67368,
23236,2.43153,
23237,2.56237,
23238,2.63677,
23239,2.55102,
23240,2.61955,
23241,2.63699,
23242,2.82211,
23243,2.71847,
23244,2.53573,
23245,2.45381,
23246,2.63739,
23247,2.58386,
23248,2.50827,
23249,2.36906,
23250,2.39378,
23251,2.32368,
23252,2.45583,
23253,2.59957,
23254,2.48145,
23255,2.51367,
23256,2.508,
23257,2.54012,
23258,2.52439,
23259,2.68408,
23260,2.44861,
23261,2.45765,
23262,2.57047,
23263,2.35225,
23264,2.40441,
23265,2.40818,
23266,2.56483,
23267,2.53049,
23268,2.45658,
23269,2.3442,
23270,2.31971,
23271,2.28449,
23272,2.12913,
23273,2.22001,
23274,2.26699,
23275,2.49839,
23276,2.11593,
23277,2.29939,
23278,2.29338,
23279,2.57491,
23280,2.39989,
23281,2.5997,
23282,2.30323,
23283,2.6704,
23284,2.4532,
23285,2.65038,
23286,2.71611,
23287,2.64634,
23288,2.81893,
23289,2.63834,
23290,2.63227,
23291,2.71191,
23292,2.66327,
23293,2.50745,
23294,2.41804,
23295,2.37928,
23296,2.54313,
23297,2.51464,
23298,2.52791,
23299,2.47699,
23300,2.49336,
23301,2.59601,
23302,2.38757,
23303,2.64264,
23304,2.53648,
23305,2.4078,
23306,2.31439,
23307,2.54795,
23308,2.27987,
23309,2.39366,
23310,2.32198,
23311,2.17665,
23312,2.2373,
23313,2.34841,
23314,2.61432,
23315,2.71614,
23316,2.93444,
23317,2.87864,
23318,2.83202,
23319,2.78406,
23320,2.49916,
23321,2.55388,
23322,2.58824,
23323,2.70356,
23324,2.91328,
23325,2.6085,
23326,2.76704,
23327,2.50283,
23328,2.50401,
23329,2.79992,
23330,2.76013,
23331,2.81048,
23332,2.65028,
23333,2.90157,
23334,2.58155,
23335,2.61969,
23336,2.57336,
23337,2.71537,
23338,2.5233,
23339,2.57912,
23340,2.52344,
23341,2.47237,
23342,2.71609,
23343,2.4085,
23344,2.45938,
23345,2.56179,
23346,2.56722,
23347,2.6877,
23348,2.48854,
23349,2.54659,
23350,2.4648,
23351,2.44153,
23352,2.39788,
23353,2.4043,
23354,2.50003,
23355,2.29838,
23356,2.34225,
23357,2.60422,
23358,2.38335,
23359,2.74447,
23360,2.92856,
23361,2.79382,
23362,2.95623,
23363,2.90115,
23364,2.7688,
23365,2.65408,
23366,2.7431,
23367,2.54677,
23368,2.59213,
23369,2.51421,
23370,2.49897,
23371,2.79559,
23372,2.80541,
23373,2.65622,
23374,2.74852,
23375,2.71946,
23376,2.50878,
23377,2.5781,
23378,2.6284,
23379,2.45729,
23380,2.55789,
23381,2.71738,
23382,2.70204,
23383,2.78722,
23384,2.87904,
23385,2.87159,
23386,2.34058,
23387,2.56256,
23388,2.65147,
23389,2.71677,
23390,2.57305,
23391,2.66828,
23392,2.87965,
23393,2.73751,
23394,2.85121,
23395,2.64819,
23396,2.58069,
23397,2.79402,
23398,2.48219,
23399,2.70481,
23400,2.71131,
23401,2.6445,
23402,2.64284,
23403,2.69254,
23404,2.86609,
23405,2.73569,
23406,2.73659,
23407,2.66939,
23408,2.79972,
23409,2.73418,
23410,2.63492,
23411,2.60203,
23412,2.67593,
23413,2.69737,
23414,2.47951,
23415,2.58829,
23416,2.5844,
23417,2.66342,
23418,2.59321,
23419,2.73114,
23420,2.45236,
23421,2.60468,
23422,2.50446,
23423,2.66342,
23424,2.42696,
23425,2.44946,
23426,2.71034,
23427,2.54007,
23428,2.63508,
23429,1.10178,
23430,2.62286,
23431,2.68405,
23432,2.80708,
23433,2.85081,
23434,3.04798,
23435,2.7587,
23436,2.72036,
23437,2.65975,
23438,2.71277,
23439,2.59342,
23440,2.81492,
23441,2.74329,
23442,2.60847,
23443,2.6296,
23444,2.52613,
23445,2.75969,
23446,2.54648,
23447,2.66403,
23448,2.72011,
23449,2.58871,
23450,2.56155,
23451,2.5389,
23452,2.6892,
23453,2.7579,
23454,2.74062,
23455,2.72749,
23456,2.75348,
23457,2.55563,
23458,2.84094,
23459,2.85488,
23460,2.56815,
23461,2.72175,
23462,2.53629,
23463,2.51067,
23464,2.52765,
23465,2.36613,
23466,2.6947,
23467,2.41768,
23468,2.47251,
23469,2.61964,
23470,2.64681,
23471,2.56276,
23472,2.43829,
23473,2.47235,
23474,2.45514,
23475,2.65016,
23476,2.49849,
23477,2.58547,
23478,2.71102,
23479,2.55881,
23480,2.56725,
23481,2.56763,
23482,2.49323,
23483,2.5717,
23484,2.60093,
23485,2.74343,
23486,2.61034,
23487,2.59792,
23488,2.65419,
23489,2.64062,
23490,2.54593,
23491,2.35581,
23492,2.54494,
23493,2.42607,
23494,2.61022,
23495,2.55886,
23496,2.30612,
23497,2.60442,
23498,2.66102,
23499,2.58383,
23500,2.5397,
23501,2.46959,
23502,2.71329,
23503,2.55291,
23504,2.2569,
23505,2.59172,
23506,2.53256,
23507,2.67681,
23508,2.46592,
23509,2.45583,
23510,2.52292,
23511,2.42213,
23512,2.43989,
23513,2.52609,
23514,2.45903,
23515,2.62575,
23516,2.6779,
23517,2.67452,
23518,2.43764,
23519,2.61292,
23520,2.51222,
23521,2.69731,
23522,2.65922,
23523,2.66598,
23524,2.64469,
23525,2.83759,
23526,2.51466,
23527,2.636,
23528,2.56489,
23529,2.4451,
23530,2.66625,
23531,2.58028,
23532,2.7527,
23533,2.5435,
23534,2.35168,
23535,2.40843,
23536,2.58402,
23537,2.44543,
23538,2.43989,
23539,2.30759,
23540,2.37158,
23541,2.6769,
23542,2.54179,
23543,2.5758,
23544,2.73873,
23545,2.58226,
23546,2.68051,
23547,2.5371,
23548,2.68586,
23549,2.69978,
23550,2.70854,
23551,2.66324,
23552,2.67085,
23553,2.67165,
23554,2.59288,
23555,2.74406,
23556,2.41409,
23557,2.50504,
23558,2.69073,
23559,2.60689,
23560,2.58018,
23561,2.38959,
23562,2.54335,
23563,2.71561,
23564,2.37288,
23565,2.52109,
23566,2.47189,
23567,2.44351,
23568,2.57871,
23569,2.37611,
23570,2.41357,
23571,2.45386,
23572,2.59838,
23573,2.54055,
23574,2.59497,
23575,2.63962,
23576,2.64783,
23577,2.42752,
23578,2.52039,
23579,2.42466,
23580,2.58986,
23581,2.42954,
23582,2.6854,
23583,2.63613,
23584,2.64542,
23585,2.70348,
23586,2.71631,
23587,2.54235,
23588,2.64169,
23589,2.61454,
23590,2.62387,
23591,2.61633,
23592,2.73083,
23593,2.84659,
23594,2.76612,
23595,2.68039,
23596,2.63435,
23597,2.5496,
23598,2.5418,
23599,2.41416,
23600,2.50645,
23601,2.36904,
23602,2.55498,
23603,2.44214,
23604,2.61464,
23605,2.50157,
23606,2.60133,
23607,2.7572,
23608,2.69476,
23609,2.88607,
23610,2.54638,
23611,2.41949,
23612,2.65884,
23613,2.42397,
23614,2.66479,
23615,2.4928,
23616,2.71266,
23617,2.8043,
23618,2.77515,
23619,2.5081,
23620,2.77182,
23621,2.62976,
23622,2.62992,
23623,2.58936,
23624,2.72121,
23625,2.512,
23626,2.73524,
23627,2.38126,
23628,2.6832,
23629,2.65778,
23630,2.77804,
23631,2.63787,
23632,2.73126,
23633,2.75871,
23634,2.52025,
23635,2.70876,
23636,2.41661,
23637,2.55607,
23638,2.60931,
23639,2.827,
23640,2.82287,
23641,2.40452,
23642,2.65002,
23643,2.58033,
23644,2.67781,
23645,2.73406,
23646,2.91432,
23647,2.63804,
23648,2.56052,
23649,2.69954,
23650,2.72152,
23651,2.54884,
23652,2.55055,
23653,2.46029,
23654,2.55543,
23655,2.78447,
23656,2.77958,
23657,2.72247,
23658,2.68696,
23659,2.66524,
23660,2.45324,
23661,2.68139,
23662,2.51405,
23663,2.69536,
23664,2.55568,
23665,2.55576,
23666,2.57469,
23667,2.70498,
23668,2.69893,
23669,2.5113,
23670,2.5867,
23671,2.70856,
23672,2.46565,
23673,2.8606,
23674,2.6728,
23675,2.55236,
23676,2.4665,
23677,2.70421,
23678,2.6102,
23679,2.54302,
23680,2.45802,
23681,2.73463,
23682,2.52038,
23683,2.45413,
23684,2.62539,
23685,2.46363,
23686,2.34675,
23687,2.69852,
23688,2.75388,
23689,2.52701,
23690,2.49641,
23691,2.46171,
23692,2.6646,
23693,2.69635,
23694,2.31265,
23695,2.58613,
23696,2.55882,
23697,2.58187,
23698,2.59356,
23699,2.63764,
23700,2.47517,
23701,2.53325,
23702,2.57835,
23703,2.23563,
23704,2.32853,
23705,2.70525,
23706,2.61351,
23707,2.6693,
23708,2.43342,
23709,2.38866,
23710,2.59461,
23711,2.52308,
23712,2.4385,
23713,2.732,
23714,2.65076,
23715,2.39568,
23716,2.58431,
23717,2.43623,
23718,2.51207,
23719,2.43388,
23720,2.28239,
23721,2.56625,
23722,2.51259,
23723,2.71674,
23724,2.76711,
23725,2.64702,
23726,2.69847,
23727,2.49969,
23728,2.61902,
23729,2.71002,
23730,2.62635,
23731,2.73995,
23732,2.73605,
23733,2.82439,
23734,3.38751,
23735,2.57044,
23736,2.62093,
23737,2.65412,
23738,2.66635,
23739,2.51959,
23740,2.7291,
23741,2.64021,
23742,2.62424,
23743,2.60419,
23744,2.95988,
23745,2.60572,
23746,2.60575,
23747,2.28846,
23748,2.39072,
23749,2.63997,
23750,2.65784,
23751,2.71997,
23752,2.88208,
23753,2.6832,
23754,2.50034,
23755,2.64911,
23756,2.61835,
23757,2.76749,
23758,2.57738,
23759,2.60189,
23760,2.69999,
23761,2.64895,
23762,2.59372,
23763,2.55778,
23764,2.52825,
23765,2.52697,
23766,2.60041,
23767,2.48473,
23768,2.34232,
23769,2.64632,
23770,2.51774,
23771,2.42993,
23772,2.45953,
23773,2.54581,
23774,2.58883,
23775,2.58774,
23776,2.58735,
23777,2.55349,
23778,2.26704,
23779,2.55647,
23780,2.29779,
23781,2.63731,
23782,2.44047,
23783,2.51247,
23784,2.21234,
23785,2.50114,
23786,2.51674,
23787,2.51179,
23788,2.40618,
23789,2.37821,
23790,2.53482,
23791,2.49928,
23792,2.22801,
23793,2.3333,
23794,2.34091,
23795,2.47602,
23796,2.54498,
23797,2.47581,
23798,2.51947,
23799,2.57301,
23800,2.62277,
23801,2.32771,
23802,2.70051,
23803,2.49719,
23804,2.53534,
23805,2.48878,
23806,2.58322,
23807,2.66241,
23808,2.65699,
23809,2.51282,
23810,2.38924,
23811,2.79859,
23812,2.61784,
23813,2.62845,
23814,2.55609,
23815,2.42451,
23816,2.47266,
23817,2.60098,
23818,2.08991,
23819,2.30358,
23820,2.16927,
23821,2.35853,
23822,2.46333,
23823,2.58762,
23824,2.59096,
23825,2.6243,
23826,2.54485,
23827,2.38185,
23828,2.43305,
23829,2.551,
23830,2.70392,
23831,2.52003,
23832,2.44103,
23833,2.15154,
23834,2.22454,
23835,2.6259,
23836,2.32594,
23837,2.52454,
23838,2.33855,
23839,2.46245,
23840,2.3197,
23841,2.35805,
23842,2.38501,
23843,2.35132,
23844,2.3082,
23845,2.2529,
23846,2.40416,
23847,2.57055,
23848,2.25153,
23849,2.51354,
23850,2.33445,
23851,2.79823,
23852,2.75299,
23853,2.68086,
23854,2.86347,
23855,2.75619,
23856,2.67795,
23857,2.54975,
23858,2.39515,
23859,2.70657,
23860,2.52151,
23861,2.51294,
23862,2.71261,
23863,2.55062,
23864,2.70924,
23865,2.60357,
23866,2.61895,
23867,2.50243,
23868,2.52717,
23869,2.69603,
23870,2.64721,
23871,2.63641,
23872,2.5559,
23873,2.48729,
23874,2.73044,
23875,2.48636,
23876,2.50321,
23877,2.59489,
23878,2.57956,
23879,2.50127,
23880,2.86555,
23881,2.74552,
23882,2.56224,
23883,2.54223,
23884,2.81806,
23885,2.73234,
23886,2.61658,
23887,2.62401,
23888,2.64,
23889,2.62424,
23890,2.6527,
23891,2.62145,
23892,2.53895,
23893,2.34524,
23894,2.55391,
23895,2.588,
23896,2.57085,
23897,2.27597,
23898,2.4274,
23899,2.1749,
23900,2.51804,
23901,2.54593,
23902,2.29868,
23903,2.43862,
23904,2.39301,
23905,2.567,
23906,2.40096,
23907,2.39966,
23908,2.14398,
23909,2.56561,
23910,2.5731,
23911,2.60797,
23912,2.55658,
23913,2.66932,
23914,2.60321,
23915,2.75789,
23916,2.67599,
23917,2.69198,
23918,2.68141,
23919,2.54795,
23920,2.60186,
23921,2.33795,
23922,2.6323,
23923,2.58877,
23924,2.68636,
23925,2.60184,
23926,2.48106,
23927,2.59341,
23928,2.503,
23929,2.49977,
23930,2.59796,
23931,2.72148,
23932,2.48289,
23933,2.46363,
23934,2.45759,
23935,2.70505,
23936,2.70498,
23937,2.76334,
23938,2.57112,
23939,2.71421,
23940,2.5871,
23941,2.66679,
23942,2.83246,
23943,2.5779,
23944,2.53147,
23945,2.43897,
23946,2.69965,
23947,2.72486,
23948,2.61607,
23949,2.61094,
23950,2.63687,
23951,2.78373,
23952,2.69592,
23953,2.87685,
23954,2.52395,
23955,2.57109,
23956,2.40261,
23957,2.52442,
23958,2.60127,
23959,2.5909,
23960,2.53265,
23961,2.69397,
23962,2.63766,
23963,2.56573,
23964,2.38444,
23965,2.5172,
23966,2.53698,
23967,2.59249,
23968,2.54973,
23969,2.74692,
23970,2.74429,
23971,2.74561,
23972,2.62057,
23973,2.52655,
23974,2.71329,
23975,2.43671,
23976,2.79198,
23977,2.70879,
23978,2.73659,
23979,2.69631,
23980,2.84644,
23981,2.95467,
23982,2.66075,
23983,2.70812,
23984,2.71432,
23985,2.83906,
23986,2.84859,
23987,2.62821,
23988,2.63779,
23989,2.64005,
23990,2.51717,
23991,2.63207,
23992,2.63778,
23993,2.65579,
23994,2.44184,
23995,2.45652,
23996,2.69333,
23997,2.82813,
23998,3.01222,
23999,3.03175,
24000,3.01954,
24001,2.99031,
24002,3.07087,
24003,2.93813,
24004,2.96151,
24005,2.95413,
24006,2.9268,
24007,2.93544,
24008,2.94144,
24009,2.96285,
24010,2.86301,
24011,2.95457,
24012,2.94293,
24013,2.90263,
24014,2.87192,
24015,2.81676,
24016,2.53874,
24017,2.79053,
24018,2.67298,
24019,2.66256,
24020,2.72759,
24021,2.7333,
24022,2.58919,
24023,2.74691,
24024,2.49225,
24025,2.59486,
24026,2.65952,
24027,2.52018,
24028,2.44167,
24029,2.6849,
24030,2.74096,
24031,2.63079,
24032,2.46617,
24033,2.65391,
24034,2.64451,
24035,2.54117,
24036,2.52034,
24037,2.61744,
24038,2.47766,
24039,2.49933,
24040,2.54417,
24041,2.48567,
24042,2.73719,
24043,2.65878,
24044,2.59551,
24045,2.57673,
24046,2.54679,
24047,2.55691,
24048,2.47965,
24049,2.55857,
24050,2.70212,
24051,2.5554,
24052,2.47698,
24053,2.71727,
24054,2.55443,
24055,2.50272,
24056,2.59337,
24057,2.38791,
24058,2.40467,
24059,2.61647,
24060,2.35378,
24061,2.46679,
24062,2.4508,
24063,2.53835,
24064,2.48714,
24065,2.42317,
24066,2.55194,
24067,2.34736,
24068,2.45009,
24069,2.52091,
24070,2.61301,
24071,2.62226,
24072,2.56684,
24073,2.42621,
24074,2.61923,
24075,2.44965,
24076,2.54159,
24077,2.53023,
24078,2.55802,
24079,2.78433,
24080,2.46158,
24081,2.41792,
24082,2.57178,
24083,2.41813,
24084,2.35425,
24085,2.5274,
24086,2.77736,
24087,2.31239,
24088,2.25051,
24089,2.59126,
24090,2.31609,
24091,2.50516,
24092,2.45738,
24093,2.35811,
24094,2.31095,
24095,2.61621,
24096,2.57619,
24097,2.61777,
24098,2.51997,
24099,2.77024,
24100,2.65554,
24101,2.70883,
24102,2.60884,
24103,2.56829,
24104,2.69359,
24105,2.60867,
24106,2.63038,
24107,2.59867,
24108,2.62129,
24109,2.61138,
24110,2.33874,
24111,2.55776,
24112,2.5951,
24113,2.63066,
24114,2.60965,
24115,2.30842,
24116,2.49825,
24117,2.56623,
24118,2.4795,
24119,2.19956,
24120,2.40969,
24121,2.47217,
24122,2.43841,
24123,2.50745,
24124,2.18324,
24125,2.33852,
24126,2.3276,
24127,2.42978,
24128,2.51598,
24129,2.68533,
24130,2.90527,
24131,2.71619,
24132,2.68535,
24133,2.82151,
24134,2.826,
24135,2.56651,
24136,2.65658,
24137,2.58639,
24138,2.61344,
24139,2.50902,
24140,2.78046,
24141,2.5846,
24142,2.60845,
24143,2.73879,
24144,2.66348,
24145,2.59459,
24146,2.66425,
24147,2.50813,
24148,2.67289,
24149,2.62339,
24150,2.5872,
24151,2.48048,
24152,2.51879,
24153,2.34003,
24154,2.73064,
24155,2.76148,
24156,2.56539,
24157,2.66154,
24158,2.60439,
24159,2.64983,
24160,2.76792,
24161,2.68568,
24162,2.59608,
24163,2.61188,
24164,2.6344,
24165,2.43053,
24166,2.56489,
24167,2.64873,
24168,2.71705,
24169,2.52975,
24170,2.56834,
24171,2.54647,
24172,2.62437,
24173,2.55018,
24174,2.70903,
24175,2.44059,
24176,2.59642,
24177,2.5611,
24178,2.4076,
24179,2.60423,
24180,2.73635,
24181,2.51753,
24182,2.24461,
24183,2.51448,
24184,2.60734,
24185,2.55867,
24186,2.49973,
24187,2.47097,
24188,2.48773,
24189,2.47347,
24190,2.55024,
24191,2.29523,
24192,2.3408,
24193,2.356,
24194,2.47224,
24195,2.52274,
24196,2.40854,
24197,2.26303,
24198,2.4325,
24199,2.34936,
24200,2.46089,
24201,2.2609,
24202,2.39174,
24203,2.59017,
24204,2.51334,
24205,2.58451,
24206,2.2723,
24207,2.41945,
24208,2.3426,
24209,2.43368,
24210,2.5637,
24211,2.30755,
24212,2.42597,
24213,2.29687,
24214,2.23597,
24215,2.36334,
24216,2.38397,
24217,2.36595,
24218,2.30691,
24219,2.5854,
24220,2.35758,
24221,2.37864,
24222,2.62414,
24223,2.70574,
24224,2.58054,
24225,2.61541,
24226,2.8653,
24227,2.60997,
24228,2.51947,
24229,2.72672,
24230,2.57453,
24231,2.69429,
24232,2.73713,
24233,2.61581,
24234,2.62314,
24235,2.614,
24236,2.37383,
24237,2.62201,
24238,2.60907,
24239,2.42853,
24240,2.5618,
24241,2.51688,
24242,2.41984,
24243,2.53066,
24244,2.55535,
24245,2.38085,
24246,2.46765,
24247,2.5412,
24248,2.60994,
24249,2.47799,
24250,2.54016,
24251,2.47698,
24252,2.77025,
24253,2.8577,
24254,2.97874,
24255,2.93097,
24256,2.95691,
24257,2.87637,
24258,2.86413,
24259,2.94624,
24260,2.8343,
24261,2.85838,
24262,2.90999,
24263,2.91663,
24264,2.77988,
24265,2.88324,
24266,2.86477,
24267,2.8786,
24268,2.93631,
24269,2.84349,
24270,2.8756,
24271,2.80012,
24272,2.83782,
24273,2.58501,
24274,2.81842,
24275,2.35916,
24276,2.45585,
24277,2.35986,
24278,2.22968,
24279,2.32645,
24280,2.22494,
24281,2.56258,
24282,2.11532,
24283,2.34429,
24284,2.27146,
24285,2.36946,
24286,2.34813,
24287,2.14596,
24288,2.16327,
24289,2.42235,
24290,2.51945,
24291,2.49972,
24292,2.21637,
24293,2.14689,
24294,2.74059,
24295,2.82211,
24296,2.6916,
24297,2.69625,
24298,2.70922,
24299,2.6308,
24300,2.65462,
24301,2.41636,
24302,2.53395,
24303,2.62096,
24304,2.5458,
24305,2.60309,
24306,2.6305,
24307,2.80758,
24308,2.71127,
24309,2.52972,
24310,2.43482,
24311,2.62185,
24312,2.56843,
24313,2.51058,
24314,2.34557,
24315,2.3882,
24316,2.30326,
24317,2.46299,
24318,2.57569,
24319,2.47045,
24320,2.48829,
24321,2.48771,
24322,2.53227,
24323,2.50986,
24324,2.69031,
24325,2.44433,
24326,2.44447,
24327,2.54937,
24328,2.33382,
24329,2.37534,
24330,2.38749,
24331,2.54859,
24332,2.51698,
24333,2.44856,
24334,2.32765,
24335,2.30959,
24336,2.27516,
24337,2.1218,
24338,2.21916,
24339,2.2665,
24340,2.46235,
24341,2.09315,
24342,2.29268,
24343,2.28576,
24344,2.57903,
24345,2.38643,
24346,2.57888,
24347,2.30822,
24348,2.662,
24349,2.43653,
24350,2.61886,
24351,2.69899,
24352,2.64541,
24353,2.80575,
24354,2.616,
24355,2.61548,
24356,2.69781,
24357,2.6431,
24358,2.50642,
24359,2.39415,
24360,2.37266,
24361,2.52126,
24362,2.49922,
24363,2.51892,
24364,2.47667,
24365,2.46798,
24366,2.57892,
24367,2.37699,
24368,2.64245,
24369,2.51717,
24370,2.39941,
24371,2.31617,
24372,2.52844,
24373,2.2741,
24374,2.37967,
24375,2.3255,
24376,2.17764,
24377,2.23249,
24378,2.35019,
24379,2.59382,
24380,2.68523,
24381,2.89278,
24382,2.86425,
24383,2.81951,
24384,2.77778,
24385,2.48219,
24386,2.54978,
24387,2.57264,
24388,2.67829,
24389,2.91138,
24390,2.59105,
24391,2.74535,
24392,2.50336,
24393,2.48805,
24394,2.77997,
24395,2.755,
24396,2.80324,
24397,2.63369,
24398,2.89499,
24399,2.58093,
24400,2.60507,
24401,2.56109,
24402,2.70549,
24403,2.50846,
24404,2.56194,
24405,2.49778,
24406,2.47578,
24407,2.69836,
24408,2.40358,
24409,2.44661,
24410,2.5418,
24411,2.56316,
24412,2.67058,
24413,2.47819,
24414,2.52623,
24415,2.44813,
24416,2.41828,
24417,2.38255,
24418,2.38377,
24419,2.47677,
24420,2.26999,
24421,2.32971,
24422,2.58426,
24423,2.36976,
24424,2.73244,
24425,2.90834,
24426,2.78831,
24427,2.9445,
24428,2.88946,
24429,2.74541,
24430,2.63945,
24431,2.72571,
24432,2.54122,
24433,2.59378,
24434,2.50032,
24435,2.48418,
24436,2.77618,
24437,2.79414,
24438,2.64283,
24439,2.73358,
24440,2.68651,
24441,2.49323,
24442,2.56881,
24443,2.62437,
24444,2.46967,
24445,2.54249,
24446,2.70067,
24447,2.6748,
24448,2.77317,
24449,2.86926,
24450,2.85095,
24451,2.34526,
24452,2.56066,
24453,2.63449,
24454,2.71137,
24455,2.56942,
24456,2.64905,
24457,2.86244,
24458,2.72777,
24459,2.83845,
24460,2.63584,
24461,2.57421,
24462,2.78023,
24463,2.48069,
24464,2.69637,
24465,2.71045,
24466,2.62795,
24467,2.63382,
24468,2.67388,
24469,2.8494,
24470,2.73646,
24471,2.72034,
24472,2.66076,
24473,2.79267,
24474,2.70678,
24475,2.62952,
24476,2.59395,
24477,2.66958,
24478,2.67058,
24479,2.46971,
24480,2.58552,
24481,2.56376,
24482,2.65988,
24483,2.58819,
24484,2.7279,
24485,2.43625,
24486,2.60175,
24487,2.48156,
24488,2.64319,
24489,2.42096,
24490,2.41898,
24491,2.70306,
24492,2.52276,
24493,2.6142,
24494,1.05797,
24495,2.60144,
24496,2.67242,
24497,2.78249,
24498,2.81873,
24499,3.03859,
24500,2.76037,
24501,2.703,
24502,2.65145,
24503,2.70592,
24504,2.58425,
24505,2.80583,
24506,2.73115,
24507,2.58731,
24508,2.6178,
24509,2.5143,
24510,2.73916,
24511,2.52468,
24512,2.65275,
24513,2.70998,
24514,2.57,
24515,2.54156,
24516,2.54187,
24517,2.67125,
24518,2.73346,
24519,2.73761,
24520,2.71566,
24521,2.74174,
24522,2.54691,
24523,2.82098,
24524,2.8483,
24525,2.5572,
24526,2.70665,
24527,2.53213,
24528,2.48982,
24529,2.5276,
24530,2.3629,
24531,2.67611,
24532,2.42578,
24533,2.45407,
24534,2.60493,
24535,2.64745,
24536,2.54658,
24537,2.42482,
24538,2.46017,
24539,2.43651,
24540,2.64997,
24541,2.49182,
24542,2.5786,
24543,2.70103,
24544,2.54605,
24545,2.54162,
24546,2.54345,
24547,2.47515,
24548,2.55011,
24549,2.59358,
24550,2.73522,
24551,2.59557,
24552,2.58602,
24553,2.63016,
24554,2.64376,
24555,2.53798,
24556,2.34355,
24557,2.53022,
24558,2.40015,
24559,2.5692,
24560,2.54235,
24561,2.2896,
24562,2.61955,
24563,2.65938,
24564,2.57214,
24565,2.53068,
24566,2.46177,
24567,2.68438,
24568,2.5239,
24569,2.24434,
24570,2.57917,
24571,2.51695,
24572,2.67014,
24573,2.43606,
24574,2.44128,
24575,2.50883,
24576,2.4231,
24577,2.41295,
24578,2.52143,
24579,2.46254,
24580,2.61044,
24581,2.65479,
24582,2.66309,
24583,2.43619,
24584,2.57654,
24585,2.49785,
24586,2.7021,
24587,2.64739,
24588,2.66072,
24589,2.62922,
24590,2.81028,
24591,2.50855,
24592,2.62821,
24593,2.57124,
24594,2.44421,
24595,2.65792,
24596,2.55642,
24597,2.76204,
24598,2.52868,
24599,2.33378,
24600,2.42368,
24601,2.57285,
24602,2.42022,
24603,2.42835,
24604,2.29984,
24605,2.37159,
24606,2.66153,
24607,2.52667,
24608,2.56963,
24609,2.73995,
24610,2.57159,
24611,2.66589,
24612,2.52171,
24613,2.69205,
24614,2.68883,
24615,2.69523,
24616,2.65144,
24617,2.63932,
24618,2.65968,
24619,2.577,
24620,2.742,
24621,2.39982,
24622,2.49996,
24623,2.66732,
24624,2.59265,
24625,2.56894,
24626,2.37122,
24627,2.53553,
24628,2.70645,
24629,2.36559,
24630,2.51536,
24631,2.45848,
24632,2.41739,
24633,2.56042,
24634,2.36624,
24635,2.41916,
24636,2.44436,
24637,2.57981,
24638,2.53688,
24639,2.59133,
24640,2.62932,
24641,2.65118,
24642,2.43226,
24643,2.51458,
24644,2.40521,
24645,2.56753,
24646,2.40314,
24647,2.68728,
24648,2.63363,
24649,2.63596,
24650,2.69251,
24651,2.70426,
24652,2.53614,
24653,2.62663,
24654,2.58826,
24655,2.61737,
24656,2.61578,
24657,2.7294,
24658,2.85667,
24659,2.7547,
24660,2.67274,
24661,2.62496,
24662,2.53261,
24663,2.53236,
24664,2.39426,
24665,2.49049,
24666,2.35573,
24667,2.53928,
24668,2.42506,
24669,2.61839,
24670,2.489,
24671,2.59481,
24672,2.75511,
24673,2.68087,
24674,2.87386,
24675,2.55834,
24676,2.40511,
24677,2.65507,
24678,2.40999,
24679,2.65093,
24680,2.47309,
24681,2.69374,
24682,2.80057,
24683,2.76276,
24684,2.4983,
24685,2.76793,
24686,2.61328,
24687,2.62097,
24688,2.58568,
24689,2.71044,
24690,2.4914,
24691,2.71886,
24692,2.35737,
24693,2.68663,
24694,2.64299,
24695,2.75657,
24696,2.60746,
24697,2.72526,
24698,2.75333,
24699,2.50942,
24700,2.71394,
24701,2.41395,
24702,2.55396,
24703,2.57659,
24704,2.82351,
24705,2.81672,
24706,2.39356,
24707,2.65668,
24708,2.57878,
24709,2.67603,
24710,2.69521,
24711,2.88932,
24712,2.63259,
24713,2.55674,
24714,2.6718,
24715,2.70665,
24716,2.53483,
24717,2.53602,
24718,2.45381,
24719,2.53157,
24720,2.76935,
24721,2.7666,
24722,2.71317,
24723,2.68221,
24724,2.65856,
24725,2.43656,
24726,2.66777,
24727,2.50947,
24728,2.67549,
24729,2.54571,
24730,2.55106,
24731,2.56767,
24732,2.69108,
24733,2.68616,
24734,2.49967,
24735,2.56903,
24736,2.67823,
24737,2.47188,
24738,2.85896,
24739,2.66287,
24740,2.55475,
24741,2.45832,
24742,2.67422,
24743,2.58775,
24744,2.53788,
24745,2.45371,
24746,2.73035,
24747,2.50599,
24748,2.45223,
24749,2.61418,
24750,2.44134,
24751,2.33559,
24752,2.68207,
24753,2.75389,
24754,2.52157,
24755,2.49375,
24756,2.4554,
24757,2.63614,
24758,2.68344,
24759,2.31528,
24760,2.58107,
24761,2.55243,
24762,2.58314,
24763,2.57819,
24764,2.61992,
24765,2.46269,
24766,2.51833,
24767,2.58934,
24768,2.24026,
24769,2.30445,
24770,2.68592,
24771,2.5985,
24772,2.66526,
24773,2.42727,
24774,2.37661,
24775,2.57294,
24776,2.51643,
24777,2.42831,
24778,2.7324,
24779,2.64732,
24780,2.37808,
24781,2.58527,
24782,2.42267,
24783,2.49212,
24784,2.43207,
24785,2.27322,
24786,2.56511,
24787,2.50853,
24788,2.71138,
24789,2.7614,
24790,2.63167,
24791,2.68951,
24792,2.50767,
24793,2.60172,
24794,2.69204,
24795,2.62036,
24796,2.70589,
24797,2.72301,
24798,2.80842,
24799,3.3641,
24800,2.55541,
24801,2.62073,
24802,2.63644,
24803,2.65995,
24804,2.50582,
24805,2.71707,
24806,2.63405,
24807,2.60821,
24808,2.58597,
24809,2.9461,
24810,2.59336,
24811,2.59641,
24812,2.28581,
24813,2.37805,
24814,2.64105,
24815,2.64436,
24816,2.72186,
24817,2.86949,
24818,2.67041,
24819,2.47453,
24820,2.63276,
24821,2.59095,
24822,2.76016,
24823,2.56672,
24824,2.57674,
24825,2.6933,
24826,2.63598,
24827,2.58881,
24828,2.53574,
24829,2.51527,
24830,2.51095,
24831,2.58279,
24832,2.48877,
24833,2.32517,
24834,2.64986,
24835,2.51805,
24836,2.41162,
24837,2.42858,
24838,2.52156,
24839,2.57609,
24840,2.56949,
24841,2.57845,
24842,2.53797,
24843,2.26653,
24844,2.54915,
24845,2.2956,
24846,2.61759,
24847,2.42856,
24848,2.50938,
24849,2.20582,
24850,2.49327,
24851,2.50765,
24852,2.50213,
24853,2.41127,
24854,2.35918,
24855,2.51813,
24856,2.48045,
24857,2.22303,
24858,2.32734,
24859,2.33687,
24860,2.47218,
24861,2.53551,
24862,2.4607,
24863,2.51887,
24864,2.57379,
24865,2.61567,
24866,2.33353,
24867,2.70389,
24868,2.48693,
24869,2.52577,
24870,2.47814,
24871,2.57079,
24872,2.66587,
24873,2.63398,
24874,2.50213,
24875,2.36497,
24876,2.78758,
24877,2.60294,
24878,2.63476,
24879,2.55413,
24880,2.42412,
24881,2.44888,
24882,2.57978,
24883,2.07812,
24884,2.30326,
24885,2.15206,
24886,2.36249,
24887,2.45403,
24888,2.57819,
24889,2.58268,
24890,2.6227,
24891,2.53991,
24892,2.37402,
24893,2.43168,
24894,2.54784,
24895,2.6985,
24896,2.51044,
24897,2.42735,
24898,2.1515,
24899,2.2167,
24900,2.61232,
24901,2.32212,
24902,2.5175,
24903,2.32942,
24904,2.45862,
24905,2.29653,
24906,2.34755,
24907,2.38849,
24908,2.33704,
24909,2.31686,
24910,2.24014,
24911,2.38829,
24912,2.55645,
24913,2.26387,
24914,2.50799,
24915,2.32089,
24916,2.78379,
24917,2.73065,
24918,2.65887,
24919,2.84587,
24920,2.74293,
24921,2.67007,
24922,2.54546,
24923,2.39613,
24924,2.6947,
24925,2.5125,
24926,2.51092,
24927,2.69421,
24928,2.53779,
24929,2.69632,
24930,2.59767,
24931,2.61215,
24932,2.4825,
24933,2.52196,
24934,2.68412,
24935,2.63603,
24936,2.60413,
24937,2.55605,
24938,2.46507,
24939,2.72962,
24940,2.48256,
24941,2.49893,
24942,2.58183,
24943,2.55336,
24944,2.49769,
24945,2.85201,
24946,2.7234,
24947,2.54301,
24948,2.53208,
24949,2.79546,
24950,2.71337,
24951,2.62116,
24952,2.612,
24953,2.63348,
24954,2.62967,
24955,2.64626,
24956,2.64158,
24957,2.52827,
24958,2.32729,
24959,2.5289,
24960,2.57189,
24961,2.55247,
24962,2.27384,
24963,2.4032,
24964,2.1721,
24965,2.51788,
24966,2.52818,
24967,2.28354,
24968,2.42747,
24969,2.37645,
24970,2.55256,
24971,2.39059,
24972,2.40387,
24973,2.12603,
24974,2.56262,
24975,2.55938,
24976,2.5953,
24977,2.53871,
24978,2.66241,
24979,2.58581,
24980,2.74956,
24981,2.65407,
24982,2.68585,
24983,2.66509,
24984,2.54332,
24985,2.58607,
24986,2.3165,
24987,2.62688,
24988,2.58559,
24989,2.68147,
24990,2.58984,
24991,2.48177,
24992,2.58193,
24993,2.47986,
24994,2.49778,
24995,2.59001,
24996,2.69883,
24997,2.47593,
24998,2.4551,
24999,2.4238,
25000,2.6985,
25001,2.70857,
25002,2.75124,
25003,2.56379,
25004,2.70809,
25005,2.57083,
25006,2.64288,
25007,2.81666,
25008,2.56465,
25009,2.52406,
25010,2.42679,
25011,2.69043,
25012,2.71872,
25013,2.59561,
25014,2.60188,
25015,2.64448,
25016,2.77787,
25017,2.67708,
25018,2.85734,
25019,2.50811,
25020,2.55533,
25021,2.38741,
25022,2.52288,
25023,2.59074,
25024,2.58175,
25025,2.51766,
25026,2.69037,
25027,2.63768,
25028,2.54829,
25029,2.36989,
25030,2.51025,
25031,2.54631,
25032,2.58049,
25033,2.53332,
25034,2.74074,
25035,2.74296,
25036,2.72833,
25037,2.59823,
25038,2.51047,
25039,2.70059,
25040,2.41766,
25041,2.77515,
25042,2.6847,
25043,2.7117,
25044,2.69062,
25045,2.83053,
25046,2.94847,
25047,2.65255,
25048,2.67781,
25049,2.70353,
25050,2.82981,
25051,2.83139,
25052,2.61512,
25053,2.62685,
25054,2.62762,
25055,2.53412,
25056,2.61289,
25057,2.65215,
25058,2.64414,
25059,2.42574,
25060,2.4504,
25061,2.66801,
25062,2.80373,
25063,2.99837,
25064,3.02328,
25065,2.99963,
25066,2.98468,
25067,3.04002,
25068,2.92242,
25069,2.95455,
25070,2.9496,
25071,2.92664,
25072,2.92277,
25073,2.94636,
25074,2.95022,
25075,2.84851,
25076,2.95352,
25077,2.94396,
25078,2.88796,
25079,2.86451,
25080,2.80929,
25081,2.52838,
25082,2.76771,
25083,2.66258,
25084,2.64615,
25085,2.71463,
25086,2.72327,
25087,2.57489,
25088,2.73633,
25089,2.49458,
25090,2.59015,
25091,2.65629,
25092,2.50496,
25093,2.41713,
25094,2.66435,
25095,2.74119,
25096,2.61517,
25097,2.44772,
25098,2.62348,
25099,2.62979,
25100,2.53553,
25101,2.51216,
25102,2.6006,
25103,2.45317,
25104,2.48175,
25105,2.54255,
25106,2.47991,
25107,2.73812,
25108,2.64468,
25109,2.59323,
25110,2.57803,
25111,2.53724,
25112,2.53997,
25113,2.47272,
25114,2.55007,
25115,2.69355,
25116,2.54587,
25117,2.46162,
25118,2.69473,
25119,2.54179,
25120,2.50064,
25121,2.58509,
25122,2.38642,
25123,2.40993,
25124,2.60823,
25125,2.33157,
25126,2.45427,
25127,2.44049,
25128,2.53523,
25129,2.47664,
25130,2.41675,
25131,2.53545,
25132,2.34265,
25133,2.43501,
25134,2.4986,
25135,2.58573,
25136,2.61012,
25137,2.56468,
25138,2.41135,
25139,2.61198,
25140,2.44988,
25141,2.53681,
25142,2.51346,
25143,2.55836,
25144,2.78506,
25145,2.45306,
25146,2.40633,
25147,2.55223,
25148,2.39879,
25149,2.33216,
25150,2.5171,
25151,2.75816,
25152,2.28171,
25153,2.23276,
25154,2.58264,
25155,2.30562,
25156,2.48485,
25157,2.45489,
25158,2.35305,
25159,2.30168,
25160,2.60792,
25161,2.57055,
25162,2.58753,
25163,2.49969,
25164,2.77377,
25165,2.65446,
25166,2.71527,
25167,2.59856,
25168,2.56714,
25169,2.68451,
25170,2.60806,
25171,2.61768,
25172,2.5822,
25173,2.59993,
25174,2.60611,
25175,2.31642,
25176,2.54268,
25177,2.58186,
25178,2.63388,
25179,2.59477,
25180,2.30513,
25181,2.49503,
25182,2.56058,
25183,2.47222,
25184,2.19316,
25185,2.39393,
25186,2.4649,
25187,2.40989,
25188,2.49188,
25189,2.16409,
25190,2.33218,
25191,2.32265,
25192,2.42488,
25193,2.51022,
25194,2.66158,
25195,2.89292,
25196,2.70086,
25197,2.66275,
25198,2.81441,
25199,2.81532,
25200,2.56504,
25201,2.64754,
25202,2.58083,
25203,2.61175,
25204,2.52179,
25205,2.7824,
25206,2.57249,
25207,2.59669,
25208,2.72688,
25209,2.64437,
25210,2.58968,
25211,2.64728,
25212,2.53078,
25213,2.64481,
25214,2.60984,
25215,2.57965,
25216,2.48381,
25217,2.52303,
25218,2.32639,
25219,2.71543,
25220,2.73764,
25221,2.55783,
25222,2.65022,
25223,2.59966,
25224,2.64858,
25225,2.75841,
25226,2.68667,
25227,2.59049,
25228,2.6066,
25229,2.62757,
25230,2.41811,
25231,2.5644,
25232,2.62255,
25233,2.7014,
25234,2.5316,
25235,2.56339,
25236,2.52915,
25237,2.61367,
25238,2.53803,
25239,2.69566,
25240,2.43416,
25241,2.59434,
25242,2.5554,
25243,2.39926,
25244,2.58906,
25245,2.72608,
25246,2.50029,
25247,2.22292,
25248,2.51242,
25249,2.60239,
25250,2.55401,
25251,2.4889,
25252,2.44728,
25253,2.47623,
25254,2.46177,
25255,2.54613,
25256,2.27161,
25257,2.33302,
25258,2.33958,
25259,2.47341,
25260,2.49983,
25261,2.39737,
25262,2.27133,
25263,2.42492,
25264,2.34892,
25265,2.44856,
25266,2.27117,
25267,2.37951,
25268,2.57285,
25269,2.49191,
25270,2.56991,
25271,2.25328,
25272,2.4141,
25273,2.32925,
25274,2.41989,
25275,2.56331,
25276,2.30837,
25277,2.41961,
25278,2.30975,
25279,2.23132,
25280,2.35329,
25281,2.36861,
25282,2.35817,
25283,2.3028,
25284,2.56701,
25285,2.35982,
25286,2.37057,
25287,2.59881,
25288,2.68823,
25289,2.58908,
25290,2.6005,
25291,2.86618,
25292,2.59309,
25293,2.51411,
25294,2.7217,
25295,2.56888,
25296,2.6891,
25297,2.71522,
25298,2.61782,
25299,2.62615,
25300,2.62002,
25301,2.3644,
25302,2.61839,
25303,2.58298,
25304,2.41584,
25305,2.54772,
25306,2.50187,
25307,2.40106,
25308,2.53117,
25309,2.55683,
25310,2.37798,
25311,2.4772,
25312,2.53421,
25313,2.61188,
25314,2.47276,
25315,2.51861,
25316,2.45794,
25317,2.7411,
25318,2.84658,
25319,2.96534,
25320,2.93056,
25321,2.93636,
25322,2.86245,
25323,2.84587,
25324,2.94645,
25325,2.82795,
25326,2.85086,
25327,2.88273,
25328,2.89883,
25329,2.76957,
25330,2.88189,
25331,2.85692,
25332,2.86262,
25333,2.92744,
25334,2.82812,
25335,2.86613,
25336,2.80671,
25337,2.83726,
25338,2.56575,
25339,2.80245,
25340,2.34411,
25341,2.43557,
25342,2.3546,
25343,2.21413,
25344,2.32203,
25345,2.21983,
25346,2.54292,
25347,2.10496,
25348,2.32742,
25349,2.26124,
25350,2.36829,
25351,2.33259,
25352,2.12958,
25353,2.16065,
25354,2.40634,
25355,2.50862,
25356,2.50659,
25357,2.20665,
25358,2.11471,
25359,2.72542,
25360,2.81128,
25361,2.66603,
25362,2.68276,
25363,2.68598,
25364,2.61545,
25365,2.63532,
25366,2.40564,
25367,2.52959,
25368,2.60717,
25369,2.52352,
25370,2.58228,
25371,2.62737,
25372,2.79919,
25373,2.69354,
25374,2.5299,
25375,2.42747,
25376,2.62107,
25377,2.56567,
25378,2.49601,
25379,2.33403,
25380,2.37977,
25381,2.30449,
25382,2.44631,
25383,2.5661,
25384,2.46387,
25385,2.47093,
25386,2.47604,
25387,2.52289,
25388,2.48018,
25389,2.66584,
25390,2.41902,
25391,2.43154,
25392,2.54087,
25393,2.30736,
25394,2.35949,
25395,2.37934,
25396,2.53915,
25397,2.50835,
25398,2.43318,
25399,2.31442,
25400,2.29236,
25401,2.25911,
25402,2.12422,
25403,2.21392,
25404,2.26123,
25405,2.46251,
25406,2.08018,
25407,2.29426,
25408,2.27341,
25409,2.57015,
25410,2.37834,
25411,2.56231,
25412,2.29473,
25413,2.64336,
25414,2.4362,
25415,2.60372,
25416,2.66453,
25417,2.61848,
25418,2.78003,
25419,2.58875,
25420,2.59618,
25421,2.68141,
25422,2.63284,
25423,2.48199,
25424,2.38571,
25425,2.34506,
25426,2.51055,
25427,2.49798,
25428,2.50509,
25429,2.45217,
25430,2.46818,
25431,2.56617,
25432,2.37615,
25433,2.62435,
25434,2.50572,
25435,2.3895,
25436,2.29908,
25437,2.52734,
25438,2.2729,
25439,2.37327,
25440,2.31402,
25441,2.16023,
25442,2.23586,
25443,2.32822,
25444,2.59105,
25445,2.66682,
25446,2.86911,
25447,2.84897,
25448,2.80015,
25449,2.76497,
25450,2.48813,
25451,2.52142,
25452,2.56585,
25453,2.67111,
25454,2.89126,
25455,2.56957,
25456,2.74344,
25457,2.48287,
25458,2.47397,
25459,2.76993,
25460,2.72767,
25461,2.7854,
25462,2.6251,
25463,2.8825,
25464,2.55491,
25465,2.59018,
25466,2.55526,
25467,2.69179,
25468,2.48013,
25469,2.54927,
25470,2.47809,
25471,2.44427,
25472,2.69907,
25473,2.38915,
25474,2.43661,
25475,2.527,
25476,2.54757,
25477,2.6699,
25478,2.45699,
25479,2.50582,
25480,2.43791,
25481,2.40899,
25482,2.37228,
25483,2.35635,
25484,2.46577,
25485,2.27742,
25486,2.32337,
25487,2.57838,
25488,2.37539,
25489,2.7152,
25490,2.89647,
25491,2.77509,
25492,2.92871,
25493,2.87359,
25494,2.73022,
25495,2.63602,
25496,2.73041,
25497,2.51493,
25498,2.57898,
25499,2.47448,
25500,2.47871,
25501,2.77214,
25502,2.78405,
25503,2.6224,
25504,2.71188,
25505,2.69239,
25506,2.48237,
25507,2.56273,
25508,2.61094,
25509,2.45803,
25510,2.51862,
25511,2.70699,
25512,2.67788,
25513,2.76169,
25514,2.84234,
25515,2.84413,
25516,2.32469,
25517,2.54107,
25518,2.64276,
25519,2.69884,
25520,2.5489,
25521,2.6456,
25522,2.86569,
25523,2.70541,
25524,2.84367,
25525,2.62267,
25526,2.57916,
25527,2.76905,
25528,2.46187,
25529,2.69643,
25530,2.69978,
25531,2.62945,
25532,2.62537,
25533,2.66501,
25534,2.83368,
25535,2.71169,
25536,2.71508,
25537,2.64474,
25538,2.78188,
25539,2.69972,
25540,2.6205,
25541,2.59885,
25542,2.67031,
25543,2.67364,
25544,2.48524,
25545,2.57036,
25546,2.56617,
25547,2.64267,
25548,2.57945,
25549,2.71339,
25550,2.4367,
25551,2.586,
25552,2.48219,
25553,2.64377,
25554,2.42413,
25555,2.41286,
25556,2.68092,
25557,2.50857,
25558,2.60675,
25559,1.02322,
25560,2.59821,
25561,2.68625,
25562,2.80111,
25563,2.80758,
25564,3.03485,
25565,2.73144,
25566,2.70037,
25567,2.6328,
25568,2.69357,
25569,2.56046,
25570,2.79548,
25571,2.72466,
25572,2.5767,
25573,2.61999,
25574,2.50189,
25575,2.74802,
25576,2.52837,
25577,2.66237,
25578,2.70354,
25579,2.56728,
25580,2.53064,
25581,2.52645,
25582,2.65198,
25583,2.71334,
25584,2.71509,
25585,2.70832,
25586,2.73331,
25587,2.53413,
25588,2.81438,
25589,2.83198,
25590,2.55486,
25591,2.70374,
25592,2.50769,
25593,2.47817,
25594,2.50787,
25595,2.34163,
25596,2.67102,
25597,2.41919,
25598,2.44377,
25599,2.59085,
25600,2.63292,
25601,2.53319,
25602,2.42661,
25603,2.45362,
25604,2.42083,
25605,2.63861,
25606,2.4777,
25607,2.57096,
25608,2.69207,
25609,2.5302,
25610,2.53233,
25611,2.52467,
25612,2.45795,
25613,2.54966,
25614,2.5772,
25615,2.71523,
25616,2.57529,
25617,2.58524,
25618,2.61336,
25619,2.62455,
25620,2.51912,
25621,2.33524,
25622,2.51773,
25623,2.38985,
25624,2.56006,
25625,2.52867,
25626,2.29006,
25627,2.59061,
25628,2.63887,
25629,2.57613,
25630,2.5083,
25631,2.45892,
25632,2.67806,
25633,2.51919,
25634,2.23503,
25635,2.58756,
25636,2.51406,
25637,2.65245,
25638,2.4262,
25639,2.43697,
25640,2.50834,
25641,2.41329,
25642,2.40678,
25643,2.50004,
25644,2.4241,
25645,2.5957,
25646,2.65971,
25647,2.64065,
25648,2.42059,
25649,2.56482,
25650,2.49557,
25651,2.68552,
25652,2.63093,
25653,2.6475,
25654,2.62473,
25655,2.80573,
25656,2.51003,
25657,2.62422,
25658,2.55543,
25659,2.43965,
25660,2.6529,
25661,2.54102,
25662,2.73105,
25663,2.52707,
25664,2.32341,
25665,2.3897,
25666,2.5606,
25667,2.41925,
25668,2.41537,
25669,2.29149,
25670,2.35294,
25671,2.65445,
25672,2.53213,
25673,2.55337,
25674,2.72283,
25675,2.55829,
25676,2.66127,
25677,2.51044,
25678,2.68027,
25679,2.68305,
25680,2.68675,
25681,2.64997,
25682,2.62057,
25683,2.65393,
25684,2.56726,
25685,2.73147,
25686,2.39351,
25687,2.49382,
25688,2.68866,
25689,2.59413,
25690,2.56378,
25691,2.36061,
25692,2.52819,
25693,2.69292,
25694,2.35434,
25695,2.50888,
25696,2.44968,
25697,2.41247,
25698,2.55426,
25699,2.35582,
25700,2.39924,
25701,2.44052,
25702,2.57131,
25703,2.53471,
25704,2.58166,
25705,2.62558,
25706,2.63812,
25707,2.41549,
25708,2.49996,
25709,2.38148,
25710,2.56396,
25711,2.40008,
25712,2.66606,
25713,2.61683,
25714,2.6257,
25715,2.67867,
25716,2.68447,
25717,2.52356,
25718,2.62291,
25719,2.58183,
25720,2.60642,
25721,2.60077,
25722,2.72279,
25723,2.82489,
25724,2.74341,
25725,2.66637,
25726,2.62123,
25727,2.52075,
25728,2.51708,
25729,2.38135,
25730,2.47873,
25731,2.34919,
25732,2.5489,
25733,2.41324,
25734,2.60508,
25735,2.47714,
25736,2.58467,
25737,2.7514,
25738,2.67122,
25739,2.8649,
25740,2.53703,
25741,2.39211,
25742,2.64163,
25743,2.39619,
25744,2.63799,
25745,2.44105,
25746,2.68338,
25747,2.79724,
25748,2.75186,
25749,2.49184,
25750,2.74942,
25751,2.59828,
25752,2.6055,
25753,2.57354,
25754,2.7011,
25755,2.48415,
25756,2.71433,
25757,2.36028,
25758,2.66035,
25759,2.62429,
25760,2.74374,
25761,2.6069,
25762,2.71433,
25763,2.74734,
25764,2.50323,
25765,2.69085,
25766,2.39331,
25767,2.55521,
25768,2.5688,
25769,2.80996,
25770,2.81554,
25771,2.39893,
25772,2.62449,
25773,2.56162,
25774,2.66047,
25775,2.67727,
25776,2.87618,
25777,2.6044,
25778,2.5462,
25779,2.66431,
25780,2.69822,
25781,2.52836,
25782,2.53279,
25783,2.43796,
25784,2.50917,
25785,2.75569,
25786,2.77024,
25787,2.7018,
25788,2.66182,
25789,2.65292,
25790,2.43284,
25791,2.642,
25792,2.50271,
25793,2.6713,
25794,2.53792,
25795,2.52682,
25796,2.55021,
25797,2.68346,
25798,2.67978,
25799,2.49254,
25800,2.55064,
25801,2.67725,
25802,2.44892,
25803,2.84764,
25804,2.64142,
25805,2.53782,
25806,2.45047,
25807,2.67324,
25808,2.58754,
25809,2.53024,
25810,2.44155,
25811,2.71424,
25812,2.49348,
25813,2.42526,
25814,2.5999,
25815,2.43962,
25816,2.32234,
25817,2.6968,
25818,2.73916,
25819,2.50585,
25820,2.48559,
25821,2.44725,
25822,2.63882,
25823,2.67511,
25824,2.29795,
25825,2.559,
25826,2.53123,
25827,2.56107,
25828,2.58134,
25829,2.61469,
25830,2.45063,
25831,2.50956,
25832,2.5694,
25833,2.22697,
25834,2.30051,
25835,2.70286,
25836,2.57602,
25837,2.64481,
25838,2.41467,
25839,2.37156,
25840,2.58174,
25841,2.50173,
25842,2.41514,
25843,2.71572,
25844,2.63974,
25845,2.36004,
25846,2.57978,
25847,2.42615,
25848,2.48564,
25849,2.41141,
25850,2.25624,
25851,2.55759,
25852,2.4888,
25853,2.70153,
25854,2.74052,
25855,2.62443,
25856,2.67426,
25857,2.47325,
25858,2.59172,
25859,2.69414,
25860,2.61445,
25861,2.69719,
25862,2.71646,
25863,2.78683,
25864,3.33671,
25865,2.54626,
25866,2.60543,
25867,2.61644,
25868,2.6337,
25869,2.50466,
25870,2.69871,
25871,2.62458,
25872,2.59688,
25873,2.5889,
25874,2.93657,
25875,2.59623,
25876,2.59402,
25877,2.26711,
25878,2.36871,
25879,2.6348,
25880,2.63255,
25881,2.69102,
25882,2.86968,
25883,2.66993,
25884,2.46087,
25885,2.62504,
25886,2.57299,
25887,2.74686,
25888,2.55905,
25889,2.5622,
25890,2.68568,
25891,2.63072,
25892,2.58734,
25893,2.5239,
25894,2.5036,
25895,2.50226,
25896,2.57248,
25897,2.47461,
25898,2.29606,
25899,2.64716,
25900,2.50137,
25901,2.40986,
25902,2.43682,
25903,2.53091,
25904,2.57299,
25905,2.5762,
25906,2.56485,
25907,2.51933,
25908,2.25654,
25909,2.51865,
25910,2.29095,
25911,2.60178,
25912,2.41862,
25913,2.51017,
25914,2.20775,
25915,2.48612,
25916,2.49647,
25917,2.48587,
25918,2.38937,
25919,2.35798,
25920,2.51246,
25921,2.46192,
25922,2.21684,
25923,2.32145,
25924,2.30784,
25925,2.45753,
25926,2.5466,
25927,2.4482,
25928,2.50706,
25929,2.55422,
25930,2.60956,
25931,2.31497,
25932,2.68324,
25933,2.47836,
25934,2.50575,
25935,2.46836,
25936,2.5745,
25937,2.64056,
25938,2.62307,
25939,2.48687,
25940,2.35032,
25941,2.77953,
25942,2.5982,
25943,2.608,
25944,2.53767,
25945,2.41012,
25946,2.43976,
25947,2.57422,
25948,2.07362,
25949,2.28967,
25950,2.15432,
25951,2.35132,
25952,2.43804,
25953,2.56355,
25954,2.5613,
25955,2.59605,
25956,2.53153,
25957,2.35424,
25958,2.42296,
25959,2.538,
25960,2.68703,
25961,2.5064,
25962,2.42375,
25963,2.15679,
25964,2.21944,
25965,2.60236,
25966,2.31242,
25967,2.49458,
25968,2.30851,
25969,2.44312,
25970,2.30868,
25971,2.34045,
25972,2.36497,
25973,2.32669,
25974,2.29219,
25975,2.24849,
25976,2.38094,
25977,2.5471,
25978,2.23897,
25979,2.48562,
25980,2.30323,
25981,2.77883,
25982,2.73568,
25983,2.65083,
25984,2.85064,
25985,2.72282,
25986,2.66252,
25987,2.51986,
25988,2.37559,
25989,2.70514,
25990,2.51208,
25991,2.50434,
25992,2.67966,
25993,2.52347,
25994,2.68734,
25995,2.59613,
25996,2.60982,
25997,2.4687,
25998,2.51441,
25999,2.67742,
26000,2.62958,
26001,2.59501,
26002,2.55173,
26003,2.46455,
26004,2.71598,
26005,2.46699,
26006,2.47588,
26007,2.57138,
26008,2.56397,
26009,2.4887,
26010,2.84638,
26011,2.7306,
26012,2.5246,
26013,2.50681,
26014,2.7795,
26015,2.70444,
26016,2.58656,
26017,2.60383,
26018,2.60818,
26019,2.61848,
26020,2.62397,
26021,2.5926,
26022,2.52127,
26023,2.31688,
26024,2.51861,
26025,2.56084,
26026,2.54156,
26027,2.26268,
26028,2.39805,
26029,2.17477,
26030,2.49051,
26031,2.52617,
26032,2.27575,
26033,2.41465,
26034,2.37443,
26035,2.54957,
26036,2.35333,
26037,2.37682,
26038,2.1144,
26039,2.55114,
26040,2.54223,
26041,2.58549,
26042,2.5368,
26043,2.65043,
26044,2.57388,
26045,2.73294,
26046,2.64796,
26047,2.66571,
26048,2.66938,
26049,2.52134,
26050,2.58264,
26051,2.31763,
26052,2.60782,
26053,2.57172,
26054,2.66669,
26055,2.5798,
26056,2.45556,
26057,2.56933,
26058,2.48184,
26059,2.50322,
26060,2.58095,
26061,2.68615,
26062,2.45479,
26063,2.44036,
26064,2.42514,
26065,2.67787,
26066,2.68833,
26067,2.72367,
26068,2.5487,
26069,2.69809,
26070,2.56621,
26071,2.63111,
26072,2.80589,
26073,2.55021,
26074,2.51481,
26075,2.41031,
26076,2.6909,
26077,2.70364,
26078,2.58431,
26079,2.62062,
26080,2.63451,
26081,2.75946,
26082,2.6773,
26083,2.85753,
26084,2.48983,
26085,2.5419,
26086,2.38056,
26087,2.52554,
26088,2.56839,
26089,2.58138,
26090,2.51486,
26091,2.69734,
26092,2.61873,
26093,2.54975,
26094,2.36118,
26095,2.5167,
26096,2.52638,
26097,2.5584,
26098,2.52403,
26099,2.71823,
26100,2.72779,
26101,2.7081,
26102,2.58713,
26103,2.49904,
26104,2.68772,
26105,2.42215,
26106,2.76108,
26107,2.66695,
26108,2.69023,
26109,2.67735,
26110,2.81786,
26111,2.93525,
26112,2.64017,
26113,2.68776,
26114,2.68886,
26115,2.82399,
26116,2.80874,
26117,2.60048,
26118,2.63408,
26119,2.63399,
26120,2.51581,
26121,2.60308,
26122,2.61657,
26123,2.64473,
26124,2.42792,
26125,2.43339,
26126,2.67298,
26127,2.77906,
26128,2.99407,
26129,3.00941,
26130,2.98793,
26131,2.96075,
26132,3.02229,
26133,2.91519,
26134,2.95361,
26135,2.94222,
26136,2.91319,
26137,2.90659,
26138,2.92452,
26139,2.94376,
26140,2.83453,
26141,2.94364,
26142,2.93906,
26143,2.88144,
26144,2.85929,
26145,2.80612,
26146,2.51524,
26147,2.76688,
26148,2.63942,
26149,2.63962,
26150,2.70384,
26151,2.72243,
26152,2.56342,
26153,2.72395,
26154,2.47073,
26155,2.59089,
26156,2.64994,
26157,2.49357,
26158,2.4154,
26159,2.6577,
26160,2.71969,
26161,2.61124,
26162,2.43589,
26163,2.6168,
26164,2.62835,
26165,2.5336,
26166,2.50923,
26167,2.58603,
26168,2.4428,
26169,2.48205,
26170,2.51948,
26171,2.45882,
26172,2.71096,
26173,2.62916,
26174,2.58021,
26175,2.55503,
26176,2.53467,
26177,2.53687,
26178,2.46617,
26179,2.54047,
26180,2.68048,
26181,2.54056,
26182,2.44578,
26183,2.70349,
26184,2.52152,
26185,2.50042,
26186,2.56586,
26187,2.38943,
26188,2.39408,
26189,2.62343,
26190,2.34559,
26191,2.44066,
26192,2.43219,
26193,2.52507,
26194,2.47398,
26195,2.41711,
26196,2.537,
26197,2.32814,
26198,2.41703,
26199,2.49422,
26200,2.57924,
26201,2.60771,
26202,2.54476,
26203,2.40378,
26204,2.59709,
26205,2.44375,
26206,2.53928,
26207,2.50169,
26208,2.53991,
26209,2.76543,
26210,2.43701,
26211,2.41504,
26212,2.55814,
26213,2.39487,
26214,2.31918,
26215,2.50584,
26216,2.74303,
26217,2.27413,
26218,2.20821,
26219,2.56619,
26220,2.30166,
26221,2.49452,
26222,2.41258,
26223,2.33537,
26224,2.3066,
26225,2.58917,
26226,2.58011,
26227,2.58754,
26228,2.49466,
26229,2.74202,
26230,2.62974,
26231,2.69321,
26232,2.58057,
26233,2.54189,
26234,2.67446,
26235,2.59597,
26236,2.59522,
26237,2.58424,
26238,2.5984,
26239,2.59196,
26240,2.31122,
26241,2.52954,
26242,2.58252,
26243,2.61326,
26244,2.59077,
26245,2.2928,
26246,2.48376,
26247,2.53915,
26248,2.4729,
26249,2.17784,
26250,2.39471,
26251,2.43907,
26252,2.40872,
26253,2.4792,
26254,2.17715,
26255,2.33046,
26256,2.31864,
26257,2.41511,
26258,2.49274,
26259,2.6535,
26260,2.88924,
26261,2.68425,
26262,2.64941,
26263,2.79717,
26264,2.80077,
26265,2.54643,
26266,2.64276,
26267,2.55679,
26268,2.59836,
26269,2.49283,
26270,2.74995,
26271,2.56218,
26272,2.60325,
26273,2.70709,
26274,2.63648,
26275,2.57393,
26276,2.63446,
26277,2.50028,
26278,2.63808,
26279,2.60732,
26280,2.57486,
26281,2.4645,
26282,2.49813,
26283,2.29478,
26284,2.70806,
26285,2.7261,
26286,2.55142,
26287,2.66154,
26288,2.57959,
26289,2.62994,
26290,2.75837,
26291,2.67333,
26292,2.58252,
26293,2.61167,
26294,2.61571,
26295,2.42307,
26296,2.56112,
26297,2.61674,
26298,2.69991,
26299,2.49955,
26300,2.5711,
26301,2.51713,
26302,2.60464,
26303,2.55464,
26304,2.68802,
26305,2.44145,
26306,2.57831,
26307,2.54004,
26308,2.38321,
26309,2.57275,
26310,2.72083,
26311,2.49699,
26312,2.1886,
26313,2.49455,
26314,2.59601,
26315,2.54277,
26316,2.48627,
26317,2.42385,
26318,2.47648,
26319,2.45975,
26320,2.52836,
26321,2.26329,
26322,2.33486,
26323,2.33602,
26324,2.46287,
26325,2.48661,
26326,2.38583,
26327,2.24819,
26328,2.41732,
26329,2.3529,
26330,2.45497,
26331,2.24885,
26332,2.37682,
26333,2.5564,
26334,2.48172,
26335,2.54523,
26336,2.23685,
26337,2.39909,
26338,2.31935,
26339,2.40333,
26340,2.5364,
26341,2.2842,
26342,2.41135,
26343,2.28901,
26344,2.21888,
26345,2.35012,
26346,2.36804,
26347,2.34547,
26348,2.28038,
26349,2.55601,
26350,2.33719,
26351,2.37286,
26352,2.5882,
26353,2.69724,
26354,2.54306,
26355,2.60432,
26356,2.85271,
26357,2.58278,
26358,2.51343,
26359,2.70721,
26360,2.5626,
26361,2.67638,
26362,2.71855,
26363,2.58744,
26364,2.59857,
26365,2.60105,
26366,2.35173,
26367,2.59023,
26368,2.56521,
26369,2.41244,
26370,2.53152,
26371,2.48279,
26372,2.39783,
26373,2.50587,
26374,2.54629,
26375,2.37089,
26376,2.45795,
26377,2.51908,
26378,2.58674,
26379,2.46485,
26380,2.52005,
26381,2.4481,
26382,2.72568,
26383,2.83929,
26384,2.95754,
26385,2.9017,
26386,2.94596,
26387,2.85971,
26388,2.84008,
26389,2.94469,
26390,2.81174,
26391,2.8444,
26392,2.87646,
26393,2.89208,
26394,2.75521,
26395,2.87911,
26396,2.85825,
26397,2.85956,
26398,2.93388,
26399,2.81908,
26400,2.86635,
26401,2.78479,
26402,2.84272,
26403,2.5454,
26404,2.78879,
26405,2.33233,
26406,2.42301,
26407,2.32427,
26408,2.21326,
26409,2.29284,
26410,2.2138,
26411,2.54047,
26412,2.09965,
26413,2.3089,
26414,2.24854,
26415,2.36118,
26416,2.33173,
26417,2.10361,
26418,2.1442,
26419,2.40054,
26420,2.51577,
26421,2.48569,
26422,2.19475,
26423,2.09876,
26424,2.72688,
26425,2.79394,
26426,2.67062,
26427,2.66222,
26428,2.67109,
26429,2.63461,
26430,2.63319,
26431,2.39651,
26432,2.51246,
26433,2.61006,
26434,2.50503,
26435,2.58014,
26436,2.61603,
26437,2.79379,
26438,2.688,
26439,2.5255,
26440,2.41603,
26441,2.62262,
26442,2.54479,
26443,2.47477,
26444,2.32463,
26445,2.3668,
26446,2.29408,
26447,2.43445,
26448,2.55064,
26449,2.46719,
26450,2.46212,
26451,2.47874,
26452,2.51696,
26453,2.46286,
26454,2.64458,
26455,2.40691,
26456,2.4266,
26457,2.52741,
26458,2.29834,
26459,2.34569,
26460,2.36565,
26461,2.53899,
26462,2.50487,
26463,2.42346,
26464,2.30714,
26465,2.30438,
26466,2.2457,
26467,2.09395,
26468,2.2057,
26469,2.24459,
26470,2.45202,
26471,2.07334,
26472,2.28044,
26473,2.27281,
26474,2.55952,
26475,2.37939,
26476,2.55892,
26477,2.28273,
26478,2.62608,
26479,2.42782,
26480,2.59058,
26481,2.67273,
26482,2.59482,
26483,2.76054,
26484,2.57669,
26485,2.59426,
26486,2.66214,
26487,2.62332,
26488,2.4861,
26489,2.37743,
26490,2.33072,
26491,2.51088,
26492,2.46784,
26493,2.48565,
26494,2.4464,
26495,2.46491,
26496,2.55777,
26497,2.36183,
26498,2.60704,
26499,2.49319,
26500,2.38749,
26501,2.28445,
26502,2.51915,
26503,2.26528,
26504,2.36695,
26505,2.29864,
26506,2.17124,
26507,2.23097,
26508,2.32283,
26509,2.55831,
26510,2.65063,
26511,2.84949,
26512,2.82626,
26513,2.80174,
26514,2.7606,
26515,2.46775,
26516,2.50463,
26517,2.54061,
26518,2.65918,
26519,2.86754,
26520,2.5666,
26521,2.72157,
26522,2.48418,
26523,2.46233,
26524,2.76464,
26525,2.71399,
26526,2.77788,
26527,2.61799,
26528,2.88255,
26529,2.54453,
26530,2.57649,
26531,2.54787,
26532,2.68501,
26533,2.46259,
26534,2.54663,
26535,2.48942,
26536,2.44489,
26537,2.68059,
26538,2.36837,
26539,2.44128,
26540,2.51421,
26541,2.53925,
26542,2.67181,
26543,2.45956,
26544,2.49666,
26545,2.4356,
26546,2.40956,
26547,2.36437,
26548,2.34526,
26549,2.46608,
26550,2.25497,
26551,2.32641,
26552,2.56352,
26553,2.343,
26554,2.70322,
26555,2.88402,
26556,2.7545,
26557,2.91323,
26558,2.85917,
26559,2.72193,
26560,2.61811,
26561,2.71497,
26562,2.49284,
26563,2.5651,
26564,2.45385,
26565,2.46346,
26566,2.761,
26567,2.76205,
26568,2.61096,
26569,2.69266,
26570,2.66597,
26571,2.48845,
26572,2.56306,
26573,2.60398,
26574,2.43119,
26575,2.51884,
26576,2.69218,
26577,2.65992,
26578,2.75758,
26579,2.83451,
26580,2.83774,
26581,2.31811,
26582,2.54264,
26583,2.62061,
26584,2.69147,
26585,2.54997,
26586,2.64425,
26587,2.86739,
26588,2.70113,
26589,2.82407,
26590,2.60875,
26591,2.55692,
26592,2.75612,
26593,2.45131,
26594,2.69046,
26595,2.67574,
26596,2.61095,
26597,2.62683,
26598,2.67342,
26599,2.81709,
26600,2.70204,
26601,2.69395,
26602,2.6265,
26603,2.77066,
26604,2.68612,
26605,2.61034,
26606,2.59526,
26607,2.64851,
26608,2.66709,
26609,2.45053,
26610,2.57387,
26611,2.54347,
26612,2.65082,
26613,2.57817,
26614,2.7149,
26615,2.43286,
26616,2.58017,
26617,2.45667,
26618,2.62089,
26619,2.40149,
26620,2.40139,
26621,2.66442,
26622,2.49702,
26623,2.59692,
26624,0.986801,
26625,2.57767,
26626,2.67109,
26627,2.77125,
26628,2.78116,
26629,3.01031,
26630,2.71568,
26631,2.68175,
26632,2.61795,
26633,2.6624,
26634,2.56292,
26635,2.78791,
26636,2.72643,
26637,2.56829,
26638,2.59458,
26639,2.48862,
26640,2.73393,
26641,2.52337,
26642,2.65386,
26643,2.69799,
26644,2.55329,
26645,2.51535,
26646,2.50167,
26647,2.64493,
26648,2.71469,
26649,2.72331,
26650,2.68437,
26651,2.71135,
26652,2.52889,
26653,2.79513,
26654,2.82248,
26655,2.54433,
26656,2.69289,
26657,2.49722,
26658,2.47406,
26659,2.51091,
26660,2.33675,
26661,2.66484,
26662,2.4099,
26663,2.43662,
26664,2.59094,
26665,2.59865,
26666,2.51808,
26667,2.40902,
26668,2.43017,
26669,2.42997,
26670,2.62617,
26671,2.46428,
26672,2.55644,
26673,2.67635,
26674,2.52725,
26675,2.5164,
26676,2.51557,
26677,2.45372,
26678,2.53116,
26679,2.5728,
26680,2.7137,
26681,2.56335,
26682,2.56366,
26683,2.61624,
26684,2.6168,
26685,2.51856,
26686,2.32651,
26687,2.51205,
26688,2.37807,
26689,2.55945,
26690,2.52131,
26691,2.27369,
26692,2.58253,
26693,2.62788,
26694,2.55531,
26695,2.50494,
26696,2.45837,
26697,2.67052,
26698,2.52936,
26699,2.23195,
26700,2.57274,
26701,2.49959,
26702,2.64346,
26703,2.42051,
26704,2.42416,
26705,2.5144,
26706,2.40777,
26707,2.40666,
26708,2.49552,
26709,2.42227,
26710,2.58441,
26711,2.65694,
26712,2.63717,
26713,2.42651,
26714,2.56023,
26715,2.48112,
26716,2.66443,
26717,2.63254,
26718,2.63491,
26719,2.6095,
26720,2.78721,
26721,2.49984,
26722,2.60322,
26723,2.54074,
26724,2.42266,
26725,2.64743,
26726,2.52488,
26727,2.71747,
26728,2.51061,
26729,2.31608,
26730,2.39084,
26731,2.55934,
26732,2.41483,
26733,2.40856,
26734,2.27639,
26735,2.34724,
26736,2.65676,
26737,2.5073,
26738,2.55068,
26739,2.72333,
26740,2.54858,
26741,2.64519,
26742,2.51146,
26743,2.65993,
26744,2.68285,
26745,2.67528,
26746,2.64903,
26747,2.611,
26748,2.65104,
26749,2.55542,
26750,2.71418,
26751,2.38373,
26752,2.47895,
26753,2.66818,
26754,2.59913,
26755,2.55857,
26756,2.3619,
26757,2.50697,
26758,2.68798,
26759,2.34331,
26760,2.4904,
26761,2.43265,
26762,2.39392,
26763,2.54343,
26764,2.3464,
26765,2.38666,
26766,2.43838,
26767,2.56537,
26768,2.55595,
26769,2.59375,
26770,2.62019,
26771,2.63173,
26772,2.40029,
26773,2.48534,
26774,2.37519,
26775,2.54786,
26776,2.38921,
26777,2.66807,
26778,2.60861,
26779,2.61569,
26780,2.66687,
26781,2.68341,
26782,2.51496,
26783,2.61844,
26784,2.57607,
26785,2.60993,
26786,2.59837,
26787,2.70074,
26788,2.81751,
26789,2.73048,
26790,2.66053,
26791,2.61057,
26792,2.51187,
26793,2.50989,
26794,2.37731,
26795,2.47378,
26796,2.33518,
26797,2.53279,
26798,2.40959,
26799,2.62302,
26800,2.47362,
26801,2.59491,
26802,2.7376,
26803,2.66104,
26804,2.8577,
26805,2.52802,
26806,2.38233,
26807,2.64526,
26808,2.38126,
26809,2.6253,
26810,2.42302,
26811,2.6698,
26812,2.78549,
26813,2.74076,
26814,2.47975,
26815,2.72991,
26816,2.5964,
26817,2.59243,
26818,2.56686,
26819,2.68519,
26820,2.47406,
26821,2.69902,
26822,2.3468,
26823,2.66358,
26824,2.61353,
26825,2.7321,
26826,2.59007,
26827,2.71715,
26828,2.73533,
26829,2.49183,
26830,2.67794,
26831,2.38014,
26832,2.53677,
26833,2.55985,
26834,2.80614,
26835,2.79997,
26836,2.38909,
26837,2.61904,
26838,2.56298,
26839,2.65,
26840,2.67529,
26841,2.86547,
26842,2.60614,
26843,2.54708,
26844,2.65668,
26845,2.7044,
26846,2.52851,
26847,2.52121,
26848,2.42747,
26849,2.49178,
26850,2.74256,
26851,2.74196,
26852,2.68833,
26853,2.67136,
26854,2.66166,
26855,2.43122,
26856,2.63377,
26857,2.48969,
26858,2.66628,
26859,2.51942,
26860,2.52201,
26861,2.53711,
26862,2.66802,
26863,2.66959,
26864,2.49662,
26865,2.54571,
26866,2.6698,
26867,2.43631,
26868,2.84243,
26869,2.63975,
26870,2.52126,
26871,2.43769,
26872,2.64936,
26873,2.57676,
26874,2.52876,
26875,2.42158,
26876,2.70831,
26877,2.49342,
26878,2.42253,
26879,2.59667,
26880,2.43039,
26881,2.30276,
26882,2.6824,
26883,2.73626,
26884,2.49796,
26885,2.47533,
26886,2.43904,
26887,2.61507,
26888,2.67346,
26889,2.2846,
26890,2.54849,
26891,2.52569,
26892,2.54628,
26893,2.55821,
26894,2.59126,
26895,2.44533,
26896,2.50698,
26897,2.56657,
26898,2.22528,
26899,2.29758,
26900,2.68044,
26901,2.57901,
26902,2.6354,
26903,2.40175,
26904,2.37103,
26905,2.56208,
26906,2.49819,
26907,2.38918,
26908,2.69858,
26909,2.62031,
26910,2.3497,
26911,2.55443,
26912,2.39768,
26913,2.47926,
26914,2.40239,
26915,2.23669,
26916,2.53124,
26917,2.49181,
26918,2.69076,
26919,2.73082,
26920,2.61601,
26921,2.65865,
26922,2.46826,
26923,2.58578,
26924,2.67229,
26925,2.61347,
26926,2.6905,
26927,2.70342,
26928,2.77778,
26929,3.31961,
26930,2.53898,
26931,2.59408,
26932,2.60938,
26933,2.63073,
26934,2.49652,
26935,2.6962,
26936,2.63045,
26937,2.59048,
26938,2.56558,
26939,2.92982,
26940,2.59807,
26941,2.56781,
26942,2.24574,
26943,2.35353,
26944,2.6195,
26945,2.6272,
26946,2.69049,
26947,2.85087,
26948,2.65246,
26949,2.45567,
26950,2.60127,
26951,2.56325,
26952,2.73049,
26953,2.53757,
26954,2.57258,
26955,2.67829,
26956,2.6159,
26957,2.57643,
26958,2.50425,
26959,2.48642,
26960,2.49476,
26961,2.55442,
26962,2.46399,
26963,2.30287,
26964,2.64254,
26965,2.49304,
26966,2.41322,
26967,2.41736,
26968,2.50233,
26969,2.55187,
26970,2.55591,
26971,2.56262,
26972,2.5167,
26973,2.24397,
26974,2.51233,
26975,2.28895,
26976,2.5854,
26977,2.41471,
26978,2.49506,
26979,2.16867,
26980,2.48445,
26981,2.48979,
26982,2.48608,
26983,2.39336,
26984,2.35537,
26985,2.50583,
26986,2.45084,
26987,2.19484,
26988,2.32349,
26989,2.28555,
26990,2.45359,
26991,2.51829,
26992,2.42938,
26993,2.4865,
26994,2.55538,
26995,2.6047,
26996,2.31243,
26997,2.6785,
26998,2.47215,
26999,2.49863,
27000,2.46896,
27001,2.55742,
27002,2.62651,
27003,2.61299,
27004,2.48819,
27005,2.34359,
27006,2.7699,
27007,2.5815,
27008,2.60064,
27009,2.52567,
27010,2.39816,
27011,2.43734,
27012,2.56619,
27013,2.05959,
27014,2.30184,
27015,2.13961,
27016,2.34662,
27017,2.44014,
27018,2.55206,
27019,2.5563,
27020,2.57652,
27021,2.51175,
27022,2.34616,
27023,2.42188,
27024,2.51945,
27025,2.67457,
27026,2.49248,
27027,2.4197,
27028,2.13207,
27029,2.20334,
27030,2.60067,
27031,2.30705,
27032,2.48655,
27033,2.29744,
27034,2.43736,
27035,2.2886,
27036,2.31584,
27037,2.37576,
27038,2.32521,
27039,2.29085,
27040,2.23344,
27041,2.36938,
27042,2.5447,
27043,2.23996,
27044,2.47147,
27045,2.29329,
27046,2.76941,
27047,2.72233,
27048,2.63594,
27049,2.81742,
27050,2.71601,
27051,2.64741,
27052,2.51987,
27053,2.36376,
27054,2.67532,
27055,2.496,
27056,2.48752,
27057,2.69211,
27058,2.53213,
27059,2.68391,
27060,2.5783,
27061,2.59059,
27062,2.46643,
27063,2.51503,
27064,2.68263,
27065,2.61686,
27066,2.59425,
27067,2.53227,
27068,2.44176,
27069,2.70026,
27070,2.468,
27071,2.46609,
27072,2.5698,
27073,2.53815,
27074,2.47897,
27075,2.83202,
27076,2.70678,
27077,2.50981,
27078,2.49332,
27079,2.7735,
27080,2.69181,
27081,2.57224,
27082,2.5826,
27083,2.59055,
27084,2.60367,
27085,2.61311,
27086,2.58967,
27087,2.50626,
27088,2.31218,
27089,2.50322,
27090,2.54962,
27091,2.52792,
27092,2.26915,
27093,2.391,
27094,2.13972,
27095,2.47346,
27096,2.50774,
27097,2.26715,
27098,2.40225,
27099,2.35859,
27100,2.53675,
27101,2.36797,
27102,2.37336,
27103,2.09387,
27104,2.54133,
27105,2.53102,
27106,2.58454,
27107,2.53044,
27108,2.64054,
27109,2.55507,
27110,2.71352,
27111,2.64581,
27112,2.65916,
27113,2.64495,
27114,2.52584,
27115,2.57786,
27116,2.30511,
27117,2.60603,
27118,2.56563,
27119,2.64934,
27120,2.56436,
27121,2.44809,
27122,2.55482,
27123,2.44761,
27124,2.48679,
27125,2.56427,
27126,2.67183,
27127,2.44785,
27128,2.43651,
27129,2.4068,
27130,2.67038,
27131,2.67512,
27132,2.71753,
27133,2.54101,
27134,2.67662,
27135,2.5459,
27136,2.60115,
27137,2.79824,
27138,2.54048,
27139,2.49901,
27140,2.41142,
27141,2.67653,
27142,2.67221,
27143,2.5786,
27144,2.58768,
27145,2.62174,
27146,2.74882,
27147,2.66093,
27148,2.84423,
27149,2.47743,
27150,2.52596,
27151,2.36513,
27152,2.49587,
27153,2.56792,
27154,2.56642,
27155,2.50233,
27156,2.68356,
27157,2.62545,
27158,2.52869,
27159,2.33991,
27160,2.4901,
27161,2.50337,
27162,2.56302,
27163,2.51561,
27164,2.70604,
27165,2.70633,
27166,2.69473,
27167,2.56853,
27168,2.47931,
27169,2.67228,
27170,2.42321,
27171,2.74742,
27172,2.6498,
27173,2.6798,
27174,2.66721,
27175,2.82052,
27176,2.92211,
27177,2.61948,
27178,2.64942,
27179,2.67414,
27180,2.80704,
27181,2.81182,
27182,2.58853,
27183,2.61269,
27184,2.62091,
27185,2.52127,
27186,2.5956,
27187,2.60373,
27188,2.63732,
27189,2.41401,
27190,2.42385,
27191,2.68067,
27192,2.75289,
27193,2.99176,
27194,2.99708,
27195,2.97249,
27196,2.94539,
27197,3.00201,
27198,2.90922,
27199,2.93234,
27200,2.93229,
27201,2.89867,
27202,2.89673,
27203,2.91358,
27204,2.93256,
27205,2.82199,
27206,2.92913,
27207,2.91736,
27208,2.88088,
27209,2.85759,
27210,2.80598,
27211,2.51105,
27212,2.76355,
27213,2.62422,
27214,2.62772,
27215,2.70022,
27216,2.71566,
27217,2.56207,
27218,2.71111,
27219,2.46931,
27220,2.5756,
27221,2.64134,
27222,2.47406,
27223,2.39326,
27224,2.65925,
27225,2.71062,
27226,2.59814,
27227,2.41906,
27228,2.61176,
27229,2.62548,
27230,2.51427,
27231,2.50567,
27232,2.58195,
27233,2.43446,
27234,2.47099,
27235,2.50105,
27236,2.43532,
27237,2.7107,
27238,2.61895,
27239,2.5747,
27240,2.54305,
27241,2.51669,
27242,2.51199,
27243,2.46815,
27244,2.53796,
27245,2.66753,
27246,2.54262,
27247,2.43654,
27248,2.6899,
27249,2.53286,
27250,2.49639,
27251,2.561,
27252,2.36197,
27253,2.38961,
27254,2.6166,
27255,2.31346,
27256,2.43863,
27257,2.42557,
27258,2.51263,
27259,2.47054,
27260,2.41564,
27261,2.52269,
27262,2.32837,
27263,2.39949,
27264,2.47347,
27265,2.57043,
27266,2.5893,
27267,2.53544,
27268,2.40318,
27269,2.59399,
27270,2.43037,
27271,2.52439,
27272,2.49771,
27273,2.53368,
27274,2.74696,
27275,2.42534,
27276,2.38963,
27277,2.5463,
27278,2.38203,
27279,2.3078,
27280,2.49826,
27281,2.75013,
27282,2.27762,
27283,2.1958,
27284,2.57682,
27285,2.2728,
27286,2.49071,
27287,2.41128,
27288,2.32577,
27289,2.29812,
27290,2.57547,
27291,2.5539,
27292,2.57401,
27293,2.49054,
27294,2.73069,
27295,2.62274,
27296,2.68363,
27297,2.56556,
27298,2.52778,
27299,2.65629,
27300,2.57599,
27301,2.58872,
27302,2.56402,
27303,2.58226,
27304,2.58243,
27305,2.30671,
27306,2.51921,
27307,2.56759,
27308,2.59298,
27309,2.57728,
27310,2.28942,
27311,2.47752,
27312,2.5423,
27313,2.45969,
27314,2.18882,
27315,2.38284,
27316,2.42919,
27317,2.39179,
27318,2.47944,
27319,2.1623,
27320,2.3153,
27321,2.3038,
27322,2.40077,
27323,2.48256,
27324,2.63646,
27325,2.87482,
27326,2.68858,
27327,2.63561,
27328,2.78118,
27329,2.78413,
27330,2.52999,
27331,2.61757,
27332,2.54548,
27333,2.5756,
27334,2.48519,
27335,2.72907,
27336,2.55125,
27337,2.57573,
27338,2.72312,
27339,2.63346,
27340,2.55363,
27341,2.63529,
27342,2.48505,
27343,2.63005,
27344,2.60388,
27345,2.55356,
27346,2.46472,
27347,2.51537,
27348,2.29557,
27349,2.6915,
27350,2.71697,
27351,2.54921,
27352,2.62792,
27353,2.56929,
27354,2.61385,
27355,2.73677,
27356,2.67009,
27357,2.56434,
27358,2.59342,
27359,2.59764,
27360,2.42137,
27361,2.54417,
27362,2.62353,
27363,2.67963,
27364,2.49281,
27365,2.546,
27366,2.49893,
27367,2.59173,
27368,2.52375,
27369,2.6703,
27370,2.42222,
27371,2.57254,
27372,2.53534,
27373,2.37815,
27374,2.57344,
27375,2.70722,
27376,2.48835,
27377,2.18384,
27378,2.50045,
27379,2.5674,
27380,2.51684,
27381,2.49386,
27382,2.41751,
27383,2.46737,
27384,2.44926,
27385,2.52032,
27386,2.26304,
27387,2.30728,
27388,2.33273,
27389,2.44794,
27390,2.48794,
27391,2.37782,
27392,2.24733,
27393,2.3927,
27394,2.33285,
27395,2.43762,
27396,2.24793,
27397,2.36296,
27398,2.5506,
27399,2.4692,
27400,2.5351,
27401,2.22979,
27402,2.38478,
27403,2.30482,
27404,2.38513,
27405,2.53066,
27406,2.27764,
27407,2.40761,
27408,2.28852,
27409,2.2196,
27410,2.34126,
27411,2.35357,
27412,2.33535,
27413,2.28092,
27414,2.55711,
27415,2.34788,
27416,2.33957,
27417,2.56728,
27418,2.65884,
27419,2.53087,
27420,2.57961,
27421,2.83504,
27422,2.59728,
27423,2.49262,
27424,2.72449,
27425,2.55948,
27426,2.66953,
27427,2.70058,
27428,2.58171,
27429,2.59606,
27430,2.58981,
27431,2.341,
27432,2.58427,
27433,2.5503,
27434,2.3917,
27435,2.52739,
27436,2.47922,
27437,2.40144,
27438,2.48981,
27439,2.55811,
27440,2.34539,
27441,2.4553,
27442,2.49748,
27443,2.58076,
27444,2.45966,
27445,2.50655,
27446,2.4344,
27447,2.70569,
27448,2.82558,
27449,2.93788,
27450,2.89503,
27451,2.90979,
27452,2.85265,
27453,2.85011,
27454,2.9375,
27455,2.80777,
27456,2.82429,
27457,2.87045,
27458,2.87494,
27459,2.75231,
27460,2.85997,
27461,2.83763,
27462,2.85078,
27463,2.91053,
27464,2.81361,
27465,2.8637,
27466,2.79176,
27467,2.83918,
27468,2.5287,
27469,2.7829,
27470,2.30722,
27471,2.40715,
27472,2.31845,
27473,2.20174,
27474,2.27864,
27475,2.21355,
27476,2.53915,
27477,2.09878,
27478,2.31308,
27479,2.24499,
27480,2.37672,
27481,2.31206,
27482,2.09787,
27483,2.12976,
27484,2.3893,
27485,2.48714,
27486,2.4842,
27487,2.20808,
27488,2.11267,
27489,2.71225,
27490,2.792,
27491,2.64442,
27492,2.64678,
27493,2.67849,
27494,2.62532,
27495,2.62076,
27496,2.391,
27497,2.50129,
27498,2.61438,
27499,2.49989,
27500,2.56532,
27501,2.6107,
27502,2.77745,
27503,2.67501,
27504,2.51166,
27505,2.41484,
27506,2.60002,
27507,2.55041,
27508,2.46059,
27509,2.33176,
27510,2.36469,
27511,2.28586,
27512,2.4322,
27513,2.54391,
27514,2.47032,
27515,2.44683,
27516,2.4455,
27517,2.48899,
27518,2.45128,
27519,2.63201,
27520,2.41639,
27521,2.40275,
27522,2.52669,
27523,2.28799,
27524,2.33497,
27525,2.35942,
27526,2.50966,
27527,2.50413,
27528,2.40641,
27529,2.30345,
27530,2.28898,
27531,2.2396,
27532,2.09214,
27533,2.19815,
27534,2.21847,
27535,2.45592,
27536,2.07118,
27537,2.2819,
27538,2.26349,
27539,2.5617,
27540,2.37773,
27541,2.543,
27542,2.26344,
27543,2.60944,
27544,2.41588,
27545,2.59069,
27546,2.63966,
27547,2.58304,
27548,2.76954,
27549,2.56347,
27550,2.57376,
27551,2.64754,
27552,2.60783,
27553,2.45905,
27554,2.3718,
27555,2.33487,
27556,2.49068,
27557,2.46281,
27558,2.49134,
27559,2.42187,
27560,2.42985,
27561,2.54347,
27562,2.33242,
27563,2.60823,
27564,2.46844,
27565,2.38157,
27566,2.2806,
27567,2.50865,
27568,2.23779,
27569,2.35272,
27570,2.31089,
27571,2.14464,
27572,2.20665,
27573,2.31076,
27574,2.54707,
27575,2.64644,
27576,2.84387,
27577,2.81521,
27578,2.78473,
27579,2.73342,
27580,2.44285,
27581,2.50456,
27582,2.55694,
27583,2.65444,
27584,2.85795,
27585,2.54783,
27586,2.69964,
27587,2.47369,
27588,2.44707,
27589,2.75809,
27590,2.70857,
27591,2.76125,
27592,2.61434,
27593,2.88059,
27594,2.52688,
27595,2.5652,
27596,2.52621,
27597,2.68238,
27598,2.44428,
27599,2.53706,
27600,2.46966,
27601,2.46196,
27602,2.68362,
27603,2.35678,
27604,2.42469,
27605,2.51803,
27606,2.52585,
27607,2.64607,
27608,2.43394,
27609,2.4697,
27610,2.42433,
27611,2.38506,
27612,2.33936,
27613,2.33693,
27614,2.46176,
27615,2.25628,
27616,2.30741,
27617,2.55188,
27618,2.33241,
27619,2.6847,
27620,2.8797,
27621,2.75103,
27622,2.90038,
27623,2.85349,
27624,2.70208,
27625,2.60908,
27626,2.70802,
27627,2.4819,
27628,2.56036,
27629,2.44944,
27630,2.46809,
27631,2.75195,
27632,2.75255,
27633,2.5911,
27634,2.67982,
27635,2.66627,
27636,2.47222,
27637,2.5628,
27638,2.58799,
27639,2.42034,
27640,2.49682,
27641,2.68834,
27642,2.65519,
27643,2.75116,
27644,2.81935,
27645,2.82101,
27646,2.30651,
27647,2.53936,
27648,2.61023,
27649,2.67722,
27650,2.51586,
27651,2.63652,
27652,2.86301,
27653,2.68184,
27654,2.80439,
27655,2.59337,
27656,2.54417,
27657,2.74428,
27658,2.4385,
27659,2.68266,
27660,2.66774,
27661,2.60386,
27662,2.60816,
27663,2.67167,
27664,2.81876,
27665,2.69909,
27666,2.68786,
27667,2.62077,
27668,2.75949,
27669,2.66515,
27670,2.59823,
27671,2.58404,
27672,2.63684,
27673,2.66721,
27674,2.45708,
27675,2.5529,
27676,2.55041,
27677,2.6317,
27678,2.56814,
27679,2.70825,
27680,2.41855,
27681,2.57888,
27682,2.44877,
27683,2.61617,
27684,2.40562,
27685,2.39336,
27686,2.6521,
27687,2.4769,
27688,2.57756,
27689,0.957224,
