step,train_loss,validation_loss
0,6.43081,4.35227
1,6.29031,4.0741
2,6.19347,3.93177
3,6.14929,3.82914
4,6.03537,3.76151
5,6.02985,3.72095
6,5.94678,3.6906
7,5.94396,3.65871
8,5.93834,3.62807
9,5.86295,3.60364
10,5.85773,3.58502
11,5.86267,3.56819
12,5.86906,3.55144
13,5.77129,3.54052
14,5.74548,3.53245
15,5.77104,3.52391
16,5.77169,3.51722
17,5.79648,3.51066
18,5.88661,3.50378
19,5.80996,3.49755
20,5.70452,3.49014
21,5.76198,3.48416
22,5.81455,3.47785
23,5.80635,3.4721
24,5.84439,3.46751
25,5.7837,3.46278
26,5.88226,3.45966
27,5.85436,3.45619
28,5.80101,3.45208
29,5.79141,3.44973
30,5.80251,3.44463
31,5.82529,3.44318
32,5.77472,3.43966
33,5.81253,3.43575
34,5.80867,3.4327
35,5.80376,3.42918
36,5.81878,3.42567
37,5.76401,3.42311
38,5.76787,3.42002
39,5.82164,3.41489
40,5.77546,3.41258
41,5.79366,3.40963
42,5.74543,3.40551
43,5.73452,3.4037
44,5.7005,3.3998
45,5.74132,3.39753
46,5.77788,3.39535
47,5.73551,3.39629
48,5.83537,3.39396
49,5.79038,3.3932
50,5.83767,
51,5.84094,
52,5.79732,
53,5.79754,
54,5.84795,
55,5.78325,
56,5.77662,
57,5.77458,
58,5.81732,
59,5.72913,
60,5.75713,
61,5.74781,
62,5.77829,
63,5.71566,
64,5.77458,
65,5.73421,
66,5.75101,
67,5.73515,
68,5.73081,
69,5.79238,
70,5.70792,
71,5.73588,
72,5.73611,
73,5.76602,
74,5.78095,
75,5.76092,
76,5.77232,
77,5.74387,
78,5.74493,
79,5.72009,
80,5.77155,
81,5.75687,
82,5.69039,
83,5.69699,
84,5.73517,
85,5.8266,
86,5.79785,
87,5.91363,
88,5.81369,
89,5.8557,
90,5.84518,
91,5.77795,
92,5.78424,
93,5.79086,
94,5.74132,
95,5.735,
96,5.744,
97,5.66696,
98,5.70767,
99,5.74318,
100,5.69572,
101,5.68127,
102,5.71519,
103,5.70749,
104,5.56626,
105,5.55752,
106,5.62569,
107,5.57522,
108,5.52794,
109,5.53241,
110,5.51941,
111,5.59752,
112,5.68845,
113,5.70648,
114,5.73345,
115,5.66775,
116,5.60949,
117,5.60938,
118,5.59369,
119,5.58259,
120,5.53386,
121,5.48908,
122,5.44598,
123,5.48473,
124,5.40388,
125,5.39154,
126,5.36371,
127,5.30678,
128,5.37411,
129,5.29151,
130,5.28458,
131,5.19176,
132,5.23551,
133,5.30304,
134,5.12108,
135,5.17684,
136,5.26475,
137,5.28161,
138,5.26206,
139,5.30417,
140,5.09107,
141,5.07554,
142,5.07834,
143,5.09896,
144,5.23664,
145,5.20027,
146,5.07485,
147,5.12748,
148,5.03751,
149,5.20997,
150,5.22888,
151,5.17153,
152,5.24054,
153,5.22075,
154,5.18841,
155,5.12154,
156,5.07129,
157,5.08503,
158,5.11129,
159,5.04634,
160,5.07524,
161,5.0868,
162,5.11972,
163,5.14416,
164,5.08545,
165,5.05789,
166,5.04286,
167,5.05905,
168,4.99317,
169,5.04214,
170,5.08155,
171,5.00051,
172,5.06459,
173,4.95669,
174,4.96808,
175,4.9448,
176,4.96476,
177,4.96552,
178,5.00407,
179,5.04657,
180,5.00466,
181,4.90444,
182,4.96545,
183,4.83048,
184,4.95782,
185,5.05814,
186,5.04348,
187,5.0402,
188,5.02524,
189,4.95486,
190,5.02886,
191,4.98918,
192,4.88219,
193,4.90001,
194,5.04962,
195,4.93834,
196,5.03135,
197,4.85479,
198,4.94968,
199,4.94707,
200,5.00253,
201,4.92075,
202,4.88566,
203,4.90207,
204,4.77528,
205,4.91291,
206,4.69599,
207,4.80679,
208,4.79328,
209,4.83769,
210,4.87097,
211,4.64522,
212,4.82353,
213,4.90813,
214,4.83791,
215,4.84681,
216,4.85582,
217,4.88106,
218,4.73876,
219,4.77283,
220,4.81998,
221,4.72122,
222,4.63547,
223,4.69225,
224,5.06442,
225,5.0234,
226,4.99235,
227,4.97748,
228,4.91428,
229,4.86743,
230,4.82698,
231,4.81853,
232,4.85817,
233,4.84038,
234,4.80712,
235,4.81316,
236,4.77833,
237,4.79829,
238,4.72836,
239,4.80231,
240,4.85527,
241,4.85528,
242,4.7562,
243,4.96962,
244,4.88836,
245,4.6641,
246,4.68151,
247,4.83804,
248,4.75206,
249,4.79962,
250,4.87925,
251,4.86017,
252,4.79037,
253,4.70188,
254,4.78671,
255,4.75419,
256,4.7963,
257,4.80104,
258,4.83265,
259,4.78797,
260,4.76562,
261,4.74937,
262,4.81342,
263,4.76786,
264,4.64634,
265,4.73422,
266,4.72684,
267,4.70088,
268,4.72065,
269,4.63792,
270,4.57771,
271,4.79724,
272,4.75099,
273,4.53238,
274,4.53304,
275,4.7327,
276,4.88459,
277,4.87411,
278,4.837,
279,4.71262,
280,4.69346,
281,4.77365,
282,4.7529,
283,4.77399,
284,4.71645,
285,4.60882,
286,4.70516,
287,4.51504,
288,4.62218,
289,4.53042,
290,4.66555,
291,4.77793,
292,4.7665,
293,4.82128,
294,4.86173,
295,4.80082,
296,4.78725,
297,4.76017,
298,4.73726,
299,4.77943,
300,4.72788,
301,4.73126,
302,4.81989,
303,4.79911,
304,5.22964,
305,4.69866,
306,4.73348,
307,4.74525,
308,4.73085,
309,4.62952,
310,4.70738,
311,4.68334,
312,4.64635,
313,4.67008,
314,4.81182,
315,4.65824,
316,4.64145,
317,4.53878,
318,4.63446,
319,4.61538,
320,4.67362,
321,4.75731,
322,4.78683,
323,4.58875,
324,4.73547,
325,4.77687,
326,4.80618,
327,4.83658,
328,4.83141,
329,4.7047,
330,4.76718,
331,4.80459,
332,4.77661,
333,4.7848,
334,4.73736,
335,4.65815,
336,4.68412,
337,4.64879,
338,4.57337,
339,4.71151,
340,4.64871,
341,4.55469,
342,4.55924,
343,4.65297,
344,4.73367,
345,4.66219,
346,4.59752,
347,4.63353,
348,4.56318,
349,4.61202,
350,4.68353,
351,4.70985,
352,4.62826,
353,4.63017,
354,4.69556,
355,4.60097,
356,4.64081,
357,4.64728,
358,4.61652,
359,4.6246,
360,4.61736,
361,4.61415,
362,4.50378,
363,4.53261,
364,4.5423,
365,4.53528,
366,4.54708,
367,4.59068,
368,4.49464,
369,4.57246,
370,4.56756,
371,4.44536,
372,4.6253,
373,4.52375,
374,4.5309,
375,4.50875,
376,4.5918,
377,4.66889,
378,4.74903,
379,4.61871,
380,4.53623,
381,4.68231,
382,4.59413,
383,4.62038,
384,4.5536,
385,4.5261,
386,4.51192,
387,4.63644,
388,4.45407,
389,4.40797,
390,4.25344,
391,4.48169,
392,4.50905,
393,4.60911,
394,4.53138,
395,4.59059,
396,4.51076,
397,4.4692,
398,4.42248,
399,4.48732,
400,4.52941,
401,4.40128,
402,4.49923,
403,4.35136,
404,4.35424,
405,4.56596,
406,4.43854,
407,4.54268,
408,4.43415,
409,4.49451,
410,4.39903,
411,4.38315,
412,4.363,
413,4.43643,
414,4.3332,
415,4.28011,
416,4.33865,
417,4.52745,
418,4.31287,
419,4.45464,
420,4.52015,
421,4.78398,
422,4.74988,
423,4.76732,
424,4.73608,
425,4.7859,
426,4.7573,
427,4.68578,
428,4.59183,
429,4.61502,
430,4.53951,
431,4.58095,
432,4.60466,
433,4.55904,
434,4.60145,
435,4.6137,
436,4.51356,
437,4.4518,
438,4.47087,
439,4.5364,
440,4.47387,
441,4.479,
442,4.49503,
443,4.42364,
444,4.59895,
445,4.50526,
446,4.50596,
447,4.55461,
448,4.54331,
449,4.427,
450,4.64077,
451,4.55345,
452,4.70096,
453,4.71211,
454,4.69499,
455,4.64428,
456,4.5931,
457,4.62093,
458,4.58643,
459,4.60787,
460,4.5481,
461,4.59465,
462,4.58051,
463,4.46645,
464,4.49051,
465,4.45668,
466,4.50404,
467,4.39353,
468,4.38694,
469,4.43142,
470,4.4199,
471,4.34035,
472,4.37137,
473,4.4027,
474,4.3997,
475,4.44095,
476,4.43497,
477,4.43257,
478,4.78742,
479,4.67333,
480,4.70944,
481,4.61931,
482,4.68802,
483,4.65285,
484,4.56903,
485,4.61041,
486,4.64273,
487,4.55879,
488,4.61323,
489,4.50839,
490,4.50806,
491,4.44365,
492,4.46247,
493,4.5622,
494,4.61986,
495,4.57284,
496,4.41496,
497,4.5057,
498,4.46735,
499,4.42738,
500,4.53792,
501,4.51123,
502,4.4576,
503,4.41613,
504,4.49124,
505,4.65616,
506,4.53953,
507,4.62167,
508,4.57907,
509,4.63526,
510,4.5599,
511,4.75021,
512,4.62635,
513,4.52339,
514,4.4057,
515,4.41552,
516,4.60434,
517,4.55589,
518,4.45139,
519,4.4621,
520,4.46434,
521,4.46455,
522,4.49772,
523,4.52486,
524,4.39501,
525,4.41812,
526,4.32704,
527,4.33645,
528,4.41709,
529,4.39072,
530,4.26785,
531,4.38878,
532,4.34798,
533,4.41637,
534,4.31748,
535,4.38758,
536,4.45007,
537,4.37947,
538,4.35911,
539,4.67691,
540,4.63842,
541,4.6054,
542,4.6575,
543,4.57157,
544,4.59362,
545,4.55125,
546,4.54088,
547,4.5185,
548,4.46193,
549,4.5263,
550,4.60913,
551,4.69548,
552,4.50121,
553,4.54883,
554,4.52902,
555,4.50936,
556,4.63835,
557,4.56026,
558,4.53802,
559,4.48907,
560,4.39493,
561,4.41049,
562,4.38551,
563,4.39573,
564,4.40254,
565,4.41296,
566,4.43434,
567,4.68252,
568,4.71114,
569,4.62434,
570,4.5445,
571,4.50845,
572,4.5234,
573,4.54664,
574,4.52237,
575,4.46907,
576,4.56514,
577,4.48943,
578,4.50982,
579,4.42406,
580,4.40257,
581,4.44576,
582,4.4447,
583,4.38414,
584,4.41785,
585,4.33968,
586,4.702,
587,4.76549,
588,4.78658,
589,4.63698,
590,4.60847,
591,4.5979,
592,4.52452,
593,4.68028,
594,4.48289,
595,4.53761,
596,4.51363,
597,4.36581,
598,4.29989,
599,4.43586,
600,4.53625,
601,4.48714,
602,4.3104,
603,4.4056,
604,4.39617,
605,4.37986,
606,4.43547,
607,4.42234,
608,4.25518,
609,4.543,
610,4.51575,
611,4.5185,
612,4.51589,
613,4.56545,
614,4.59058,
615,4.685,
616,4.65768,
617,4.44567,
618,4.48029,
619,4.43364,
620,4.4721,
621,4.44295,
622,4.43141,
623,4.49912,
624,4.45672,
625,4.40607,
626,4.4408,
627,4.39627,
628,4.38936,
629,4.44267,
630,4.31366,
631,4.27882,
632,4.32472,
633,4.2996,
634,4.32039,
635,4.17954,
636,4.30244,
637,4.35153,
638,4.63873,
639,4.62382,
640,4.46961,
641,4.52492,
642,4.5737,
643,4.42415,
644,4.43615,
645,4.33812,
646,4.46248,
647,4.48608,
648,4.29244,
649,4.51331,
650,4.31659,
651,4.23935,
652,4.471,
653,4.38163,
654,4.27476,
655,4.36157,
656,4.48116,
657,4.09438,
658,4.29756,
659,4.3778,
660,4.14664,
661,4.29377,
662,4.28484,
663,4.2629,
664,4.09365,
665,4.60201,
666,4.52986,
667,4.55562,
668,4.51597,
669,4.52154,
670,4.46888,
671,4.54904,
672,4.52556,
673,4.41946,
674,4.48784,
675,4.51893,
676,4.49945,
677,4.42472,
678,4.35543,
679,4.43773,
680,4.29087,
681,4.30446,
682,4.31995,
683,4.40696,
684,4.31113,
685,4.1926,
686,4.33169,
687,4.1921,
688,4.13185,
689,4.02167,
690,4.18073,
691,4.27416,
692,4.2332,
693,4.17245,
694,4.09121,
695,3.92855,
696,3.96044,
697,4.13785,
698,4.19685,
699,4.84573,
700,4.56422,
701,4.51879,
702,4.44998,
703,4.53558,
704,4.55074,
705,4.42149,
706,4.47713,
707,4.36838,
708,4.43976,
709,4.29384,
710,4.51578,
711,4.4184,
712,4.36516,
713,4.49135,
714,4.49385,
715,4.52204,
716,4.41447,
717,4.4736,
718,4.51474,
719,4.44717,
720,4.31141,
721,4.31542,
722,4.2857,
723,4.62597,
724,4.54434,
725,4.47099,
726,4.46952,
727,4.55302,
728,4.43163,
729,4.45309,
730,4.52568,
731,4.43153,
732,4.38724,
733,4.4326,
734,4.4065,
735,4.31462,
736,4.33722,
737,4.35447,
738,4.36373,
739,4.3547,
740,4.27858,
741,4.26378,
742,4.36304,
743,4.41201,
744,4.27439,
745,4.16371,
746,4.27776,
747,4.21593,
748,4.21062,
749,4.28493,
750,4.33374,
751,4.34249,
752,4.45445,
753,4.3482,
754,4.36627,
755,4.30762,
756,4.32476,
757,4.29785,
758,4.3032,
759,4.23305,
760,4.33876,
761,4.31997,
762,4.23023,
763,4.28304,
764,4.19551,
765,4.28426,
766,4.28564,
767,4.22713,
768,4.30812,
769,4.171,
770,4.35647,
771,4.1748,
772,4.19228,
773,4.31874,
774,4.24183,
775,4.27119,
776,4.12981,
777,4.22165,
778,4.22812,
779,4.26425,
780,4.22096,
781,3.98804,
782,4.10081,
783,3.98815,
784,3.99436,
785,4.31291,
786,4.26362,
787,4.2987,
788,4.12592,
789,4.24818,
790,4.1944,
791,4.56664,
792,4.45482,
793,4.48684,
794,4.5231,
795,4.38125,
796,4.51619,
797,4.41362,
798,4.35241,
799,4.38543,
800,4.31312,
801,4.34313,
802,4.48485,
803,4.39799,
804,4.30374,
805,4.37926,
806,4.2377,
807,4.3057,
808,4.27346,
809,4.27661,
810,4.23448,
811,4.2031,
812,4.17063,
813,4.23356,
814,4.2499,
815,4.23567,
816,4.23846,
817,4.28289,
818,4.36374,
819,4.28611,
820,4.28626,
821,4.20234,
822,4.46763,
823,4.41871,
824,4.44577,
825,4.40941,
826,4.44114,
827,4.42629,
828,4.30564,
829,4.47117,
830,4.38946,
831,4.37721,
832,4.31335,
833,4.38375,
834,4.17367,
835,4.34523,
836,4.2763,
837,4.30865,
838,4.3373,
839,4.24902,
840,4.20856,
841,4.23866,
842,4.23784,
843,4.7252,
844,4.47002,
845,4.44984,
846,4.37123,
847,4.35434,
848,4.33143,
849,4.23508,
850,4.34703,
851,4.31691,
852,3.98543,
853,4.15757,
854,4.1928,
855,4.08309,
856,4.05623,
857,3.96381,
858,4.03549,
859,4.22838,
860,4.36087,
861,4.22656,
862,4.00239,
863,4.06833,
864,4.45189,
865,4.5653,
866,4.5851,
867,4.57933,
868,4.46602,
869,4.53746,
870,4.49916,
871,4.38311,
872,4.44548,
873,4.43116,
874,4.3722,
875,4.40254,
876,4.42691,
877,4.40621,
878,4.32957,
879,4.30684,
880,4.24695,
881,4.25168,
882,4.26447,
883,4.32595,
884,4.27458,
885,4.18793,
886,4.20435,
887,4.28223,
888,4.17536,
889,4.15454,
890,4.50164,
891,4.48965,
892,4.43412,
893,4.40458,
894,4.5296,
895,4.48355,
896,4.34754,
897,4.37524,
898,4.19728,
899,4.17806,
900,4.1426,
901,4.28673,
902,4.34156,
903,4.22987,
904,4.11414,
905,4.03571,
906,4.00387,
907,3.97055,
908,4.00061,
909,3.93996,
910,4.1212,
911,3.98388,
912,3.87513,
913,3.91703,
914,4.15348,
915,4.07885,
916,4.2811,
917,3.91427,
918,4.33117,
919,4.08876,
920,4.36413,
921,4.64367,
922,4.45884,
923,4.49258,
924,4.50273,
925,4.50598,
926,4.49934,
927,4.46736,
928,4.423,
929,4.32731,
930,4.32873,
931,4.32696,
932,4.29394,
933,4.25125,
934,4.30169,
935,4.23238,
936,4.31124,
937,4.07698,
938,4.29522,
939,4.22536,
940,3.99621,
941,4.00828,
942,4.14741,
943,3.97684,
944,4.05459,
945,4.00152,
946,3.94575,
947,3.87356,
948,3.94486,
949,4.4934,
950,4.47846,
951,4.5743,
952,4.51685,
953,4.54118,
954,4.47765,
955,4.38066,
956,4.33918,
957,4.27148,
958,4.38956,
959,4.44666,
960,4.37881,
961,4.38528,
962,4.31245,
963,4.19827,
964,4.42071,
965,4.3943,
966,4.4207,
967,4.24775,
968,4.46307,
969,4.242,
970,4.28596,
971,4.346,
972,4.34039,
973,4.30417,
974,4.31156,
975,4.27334,
976,4.23601,
977,4.24916,
978,4.16654,
979,4.22748,
980,4.27377,
981,4.293,
982,4.21553,
983,4.22522,
984,4.22063,
985,4.12621,
986,4.24442,
987,4.17744,
988,4.14739,
989,4.22096,
990,4.05494,
991,4.07115,
992,4.18701,
993,4.16875,
994,4.52873,
995,4.51557,
996,4.4225,
997,4.48391,
998,4.44086,
999,4.46744,
1000,4.33048,
1001,4.34821,
1002,4.19513,
1003,4.28064,
1004,4.3093,
1005,4.18659,
1006,4.37239,
1007,4.28745,
1008,4.17112,
1009,4.3623,
1010,4.34666,
1011,4.01131,
1012,4.1453,
1013,4.15803,
1014,4.03711,
1015,4.12712,
1016,4.25398,
1017,4.24371,
1018,4.33159,
1019,4.32898,
1020,4.41838,
1021,3.9837,
1022,4.15776,
1023,4.27109,
1024,4.23961,
1025,4.38309,
1026,4.36275,
1027,4.3182,
1028,4.31652,
1029,4.36733,
1030,4.25561,
1031,4.14304,
1032,4.31321,
1033,4.10311,
1034,4.295,
1035,4.31131,
1036,4.2251,
1037,4.2472,
1038,4.16682,
1039,4.3556,
1040,4.22238,
1041,4.37608,
1042,4.28872,
1043,4.31678,
1044,4.25477,
1045,4.38893,
1046,4.20797,
1047,4.23618,
1048,4.13847,
1049,4.12889,
1050,4.15919,
1051,4.08878,
1052,4.19363,
1053,4.10482,
1054,4.32475,
1055,3.94725,
1056,4.12724,
1057,4.29899,
1058,4.24617,
1059,4.18524,
1060,4.15159,
1061,4.23329,
1062,4.09144,
1063,4.18852,
1064,3.89686,
1065,4.45794,
1066,4.41375,
1067,4.42412,
1068,4.54718,
1069,4.55437,
1070,4.34128,
1071,4.35145,
1072,4.31883,
1073,4.4979,
1074,4.29035,
1075,4.28509,
1076,4.2695,
1077,4.18644,
1078,4.19873,
1079,4.20654,
1080,4.28413,
1081,4.18291,
1082,4.32435,
1083,4.35286,
1084,4.26598,
1085,4.20144,
1086,4.26488,
1087,4.32155,
1088,4.40481,
1089,4.31647,
1090,4.29363,
1091,4.26139,
1092,4.26275,
1093,4.29397,
1094,4.32954,
1095,4.19703,
1096,4.22371,
1097,4.22555,
1098,4.08272,
1099,4.08297,
1100,4.03297,
1101,4.22595,
1102,4.25468,
1103,4.08112,
1104,4.07859,
1105,4.15844,
1106,4.07996,
1107,4.05977,
1108,4.10115,
1109,4.02372,
1110,4.07864,
1111,4.04871,
1112,4.06967,
1113,4.21709,
1114,4.03655,
1115,4.25945,
1116,4.38287,
1117,4.32792,
1118,4.28363,
1119,4.23104,
1120,4.35059,
1121,4.28336,
1122,4.24868,
1123,4.30068,
1124,4.27829,
1125,4.13254,
1126,4.01742,
1127,4.16752,
1128,4.13701,
1129,4.14949,
1130,4.15163,
1131,3.96205,
1132,4.18811,
1133,4.16108,
1134,4.16635,
1135,4.06061,
1136,4.02789,
1137,4.17659,
1138,4.01264,
1139,3.98527,
1140,4.05148,
1141,4.08546,
1142,4.19052,
1143,4.03268,
1144,3.99582,
1145,4.02569,
1146,4.0554,
1147,3.99265,
1148,4.02343,
1149,4.16494,
1150,4.38366,
1151,4.25677,
1152,4.42643,
1153,4.25057,
1154,4.19082,
1155,4.17862,
1156,4.27601,
1157,4.25976,
1158,4.31424,
1159,4.21189,
1160,4.3324,
1161,4.23806,
1162,4.29957,
1163,4.12451,
1164,4.1791,
1165,4.27639,
1166,4.16217,
1167,4.27034,
1168,4.19442,
1169,3.97735,
1170,3.94872,
1171,4.09929,
1172,4.05135,
1173,4.10067,
1174,4.00658,
1175,4.07593,
1176,4.22166,
1177,4.41139,
1178,4.29223,
1179,4.3134,
1180,4.35252,
1181,4.29387,
1182,4.22859,
1183,4.25333,
1184,4.20249,
1185,4.31092,
1186,4.21992,
1187,4.27345,
1188,4.26971,
1189,4.15709,
1190,4.23496,
1191,4.01465,
1192,4.08251,
1193,4.17742,
1194,4.07011,
1195,4.12031,
1196,3.98892,
1197,4.03462,
1198,4.13796,
1199,3.91712,
1200,4.07342,
1201,4.02447,
1202,4.02408,
1203,4.12969,
1204,4.07007,
1205,3.91718,
1206,3.92544,
1207,4.00429,
1208,3.98024,
1209,4.09433,
1210,4.185,
1211,4.03475,
1212,4.02363,
1213,4.01574,
1214,4.2801,
1215,4.14945,
1216,4.05669,
1217,4.27912,
1218,4.25509,
1219,4.20293,
1220,4.30762,
1221,4.23048,
1222,4.03856,
1223,4.18307,
1224,4.10419,
1225,4.2052,
1226,4.12802,
1227,4.27916,
1228,4.30083,
1229,4.2297,
1230,4.18227,
1231,4.11146,
1232,4.10229,
1233,4.09474,
1234,4.08835,
1235,4.1036,
1236,4.019,
1237,4.14877,
1238,4.07479,
1239,4.15694,
1240,4.04073,
1241,4.16796,
1242,4.18361,
1243,4.25835,
1244,4.26749,
1245,4.12047,
1246,3.95515,
1247,4.15557,
1248,3.89521,
1249,4.10692,
1250,4.33141,
1251,4.34367,
1252,4.29754,
1253,4.26707,
1254,4.20123,
1255,4.29942,
1256,4.14576,
1257,4.14714,
1258,4.17969,
1259,4.28492,
1260,4.1127,
1261,4.22521,
1262,3.99739,
1263,4.26343,
1264,4.23398,
1265,4.36703,
1266,4.16818,
1267,4.08855,
1268,4.14757,
1269,3.97657,
1270,4.14495,
1271,3.94226,
1272,4.00536,
1273,3.96421,
1274,4.10368,
1275,4.16026,
1276,3.81045,
1277,4.04716,
1278,4.13791,
1279,4.11769,
1280,4.07004,
1281,4.17296,
1282,4.13724,
1283,4.05062,
1284,4.09512,
1285,4.11429,
1286,3.98709,
1287,3.88948,
1288,3.89872,
1289,4.47604,
1290,4.43248,
1291,4.34152,
1292,4.30133,
1293,4.26603,
1294,4.25591,
1295,4.13544,
1296,4.12468,
1297,4.14888,
1298,4.17373,
1299,4.11914,
1300,4.11823,
1301,4.02886,
1302,4.10947,
1303,4.07928,
1304,4.04205,
1305,4.23377,
1306,4.25917,
1307,4.06228,
1308,4.33944,
1309,4.21822,
1310,4.01419,
1311,3.98184,
1312,4.19045,
1313,4.11302,
1314,4.14333,
1315,4.11698,
1316,4.17908,
1317,4.0743,
1318,3.97684,
1319,4.08026,
1320,4.12462,
1321,4.24595,
1322,4.14194,
1323,4.2034,
1324,4.13418,
1325,4.11938,
1326,4.07406,
1327,4.19096,
1328,4.15966,
1329,3.89921,
1330,4.03325,
1331,4.03885,
1332,4.06103,
1333,4.10351,
1334,4.03807,
1335,3.88806,
1336,4.123,
1337,4.12032,
1338,3.82693,
1339,3.83046,
1340,4.11619,
1341,4.24545,
1342,4.22352,
1343,4.15412,
1344,4.06,
1345,4.08703,
1346,4.16982,
1347,4.03483,
1348,4.14072,
1349,4.0644,
1350,3.87575,
1351,4.04286,
1352,3.8999,
1353,3.9834,
1354,3.84962,
1355,4.15943,
1356,4.20236,
1357,4.15053,
1358,4.21887,
1359,4.26837,
1360,4.16853,
1361,4.25878,
1362,4.09444,
1363,4.11417,
1364,4.18714,
1365,4.15637,
1366,4.14749,
1367,4.25504,
1368,4.29763,
1369,4.89775,
1370,4.14781,
1371,4.14818,
1372,4.18176,
1373,4.1879,
1374,4.05968,
1375,4.05478,
1376,4.09779,
1377,4.12536,
1378,4.05314,
1379,4.35283,
1380,4.06839,
1381,4.06919,
1382,3.86794,
1383,3.94492,
1384,4.04674,
1385,4.10378,
1386,4.16549,
1387,4.22186,
1388,3.99097,
1389,4.24449,
1390,4.22041,
1391,4.24624,
1392,4.31053,
1393,4.19038,
1394,4.12186,
1395,4.22303,
1396,4.24959,
1397,4.2186,
1398,4.1928,
1399,4.18635,
1400,4.08221,
1401,4.15616,
1402,4.07129,
1403,3.951,
1404,4.15848,
1405,4.0942,
1406,3.92636,
1407,3.97199,
1408,4.06971,
1409,4.11629,
1410,4.06394,
1411,4.01776,
1412,4.05712,
1413,3.94328,
1414,4.02597,
1415,4.06512,
1416,4.11609,
1417,4.01994,
1418,4.0499,
1419,4.21901,
1420,4.11495,
1421,4.12716,
1422,4.06431,
1423,4.06653,
1424,3.98618,
1425,4.035,
1426,4.05881,
1427,3.89495,
1428,3.93809,
1429,3.93528,
1430,3.99902,
1431,3.96904,
1432,4.00791,
1433,3.9596,
1434,4.0128,
1435,4.03734,
1436,3.8347,
1437,4.08663,
1438,3.98224,
1439,3.98252,
1440,3.95135,
1441,4.09548,
1442,4.1749,
1443,4.17242,
1444,4.00888,
1445,3.93151,
1446,4.20102,
1447,4.02677,
1448,4.05105,
1449,4.02461,
1450,3.90488,
1451,3.92489,
1452,4.11216,
1453,3.90023,
1454,3.80269,
1455,3.62529,
1456,3.89278,
1457,3.90961,
1458,4.06401,
1459,3.98673,
1460,4.06297,
1461,3.9229,
1462,3.86307,
1463,3.81146,
1464,3.88556,
1465,4.02128,
1466,3.82431,
1467,3.9214,
1468,3.71031,
1469,3.7244,
1470,4.04156,
1471,3.82473,
1472,3.92613,
1473,3.80757,
1474,3.88933,
1475,3.7786,
1476,3.75875,
1477,3.80385,
1478,3.80352,
1479,3.76647,
1480,3.66134,
1481,3.7551,
1482,3.97184,
1483,3.68799,
1484,3.91311,
1485,4.02444,
1486,4.2771,
1487,4.27441,
1488,4.28216,
1489,4.2587,
1490,4.26872,
1491,4.25875,
1492,4.15486,
1493,4.06012,
1494,4.08937,
1495,3.99214,
1496,4.01094,
1497,4.09976,
1498,4.03502,
1499,4.09633,
1500,4.07551,
1501,3.96817,
1502,3.92413,
1503,4.01919,
1504,4.06975,
1505,3.98753,
1506,4.01266,
1507,3.98733,
1508,3.90349,
1509,4.15574,
1510,3.95065,
1511,3.94752,
1512,4.01837,
1513,4.02102,
1514,3.8842,
1515,4.15227,
1516,4.06791,
1517,4.25161,
1518,4.21314,
1519,4.24867,
1520,4.17847,
1521,4.10224,
1522,4.1764,
1523,4.09085,
1524,4.11786,
1525,4.0581,
1526,4.09369,
1527,4.06189,
1528,3.92661,
1529,3.99991,
1530,3.96,
1531,4.01041,
1532,3.87114,
1533,3.91175,
1534,3.89641,
1535,3.87061,
1536,3.83599,
1537,3.83755,
1538,3.88171,
1539,3.85754,
1540,3.92586,
1541,3.90199,
1542,3.90258,
1543,4.31386,
1544,4.20186,
1545,4.23919,
1546,4.15941,
1547,4.19457,
1548,4.19009,
1549,4.11008,
1550,4.16128,
1551,4.16692,
1552,4.10619,
1553,4.17524,
1554,4.04993,
1555,4.04252,
1556,3.87903,
1557,4.01197,
1558,4.0464,
1559,4.15085,
1560,4.05465,
1561,3.93164,
1562,4.01769,
1563,3.96762,
1564,3.93626,
1565,4.09101,
1566,4.04043,
1567,3.95296,
1568,3.93199,
1569,4.03672,
1570,4.21908,
1571,4.07603,
1572,4.18862,
1573,4.11599,
1574,4.17451,
1575,4.08387,
1576,4.21196,
1577,4.20543,
1578,4.03192,
1579,3.93072,
1580,3.93199,
1581,4.14756,
1582,4.07684,
1583,3.96329,
1584,4.04947,
1585,3.99084,
1586,4.05814,
1587,4.01638,
1588,4.09686,
1589,3.88442,
1590,3.92263,
1591,3.80489,
1592,3.8283,
1593,3.94272,
1594,3.8833,
1595,3.79841,
1596,3.93114,
1597,3.87551,
1598,3.91638,
1599,3.77612,
1600,3.8561,
1601,4.00071,
1602,3.91073,
1603,3.85996,
1604,4.26223,
1605,4.23819,
1606,4.19536,
1607,4.21594,
1608,4.1063,
1609,4.1142,
1610,4.04718,
1611,4.13131,
1612,4.17632,
1613,4.00366,
1614,4.11781,
1615,4.21136,
1616,4.32712,
1617,4.0351,
1618,4.10798,
1619,4.107,
1620,4.08002,
1621,4.27343,
1622,4.12847,
1623,4.03208,
1624,4.03301,
1625,3.93126,
1626,3.95728,
1627,3.91217,
1628,3.93758,
1629,3.96144,
1630,3.9425,
1631,3.96819,
1632,4.32857,
1633,4.3798,
1634,4.28576,
1635,4.21981,
1636,4.16493,
1637,4.16121,
1638,4.16859,
1639,4.17384,
1640,4.13778,
1641,4.23624,
1642,4.20698,
1643,4.13994,
1644,4.08674,
1645,4.05623,
1646,4.11614,
1647,4.14072,
1648,4.05075,
1649,4.05923,
1650,3.98632,
1651,4.32083,
1652,4.40421,
1653,4.36203,
1654,4.23073,
1655,4.15806,
1656,4.18136,
1657,4.12184,
1658,4.27708,
1659,4.09539,
1660,4.0935,
1661,4.1245,
1662,3.96841,
1663,3.85251,
1664,4.02423,
1665,4.15237,
1666,4.07505,
1667,3.83308,
1668,4.01823,
1669,4.00045,
1670,3.91305,
1671,3.95973,
1672,4.02351,
1673,3.84513,
1674,4.1347,
1675,4.0216,
1676,4.03142,
1677,4.08075,
1678,4.1303,
1679,4.16922,
1680,4.19288,
1681,4.12488,
1682,4.01452,
1683,4.00866,
1684,4.01107,
1685,4.07658,
1686,3.9673,
1687,4.01027,
1688,4.0609,
1689,3.98376,
1690,3.91354,
1691,3.9512,
1692,3.87481,
1693,3.8966,
1694,3.98161,
1695,3.8501,
1696,3.80715,
1697,3.87392,
1698,3.90788,
1699,3.83916,
1700,3.71227,
1701,3.8418,
1702,3.88495,
1703,4.15747,
1704,4.14226,
1705,4.03012,
1706,4.05098,
1707,4.1118,
1708,3.98484,
1709,3.99642,
1710,3.80781,
1711,3.9958,
1712,4.04222,
1713,3.86636,
1714,4.10595,
1715,3.84984,
1716,3.77476,
1717,4.03562,
1718,3.93129,
1719,3.79557,
1720,3.89505,
1721,4.07013,
1722,3.64333,
1723,3.81713,
1724,3.92233,
1725,3.64806,
1726,3.83015,
1727,3.83549,
1728,3.80714,
1729,3.59811,
1730,4.18678,
1731,4.10869,
1732,4.08188,
1733,4.01455,
1734,4.09918,
1735,4.05314,
1736,4.14149,
1737,4.10455,
1738,4.01165,
1739,4.07141,
1740,4.09056,
1741,4.04614,
1742,3.99614,
1743,3.90184,
1744,3.9808,
1745,3.76573,
1746,3.84669,
1747,3.88662,
1748,3.97451,
1749,3.91465,
1750,3.7216,
1751,3.89978,
1752,3.77481,
1753,3.73207,
1754,3.54322,
1755,3.71749,
1756,3.81649,
1757,3.81519,
1758,3.73835,
1759,3.60222,
1760,3.51115,
1761,3.51334,
1762,3.69625,
1763,3.77269,
1764,4.50773,
1765,4.19209,
1766,4.10122,
1767,4.02561,
1768,4.14558,
1769,4.13565,
1770,3.99358,
1771,4.09323,
1772,4.00943,
1773,3.99738,
1774,3.88189,
1775,4.14282,
1776,3.97714,
1777,3.93002,
1778,4.08848,
1779,4.09187,
1780,4.10309,
1781,4.01971,
1782,4.06393,
1783,4.07832,
1784,4.10016,
1785,3.91095,
1786,3.92011,
1787,3.91271,
1788,4.22553,
1789,4.16713,
1790,4.09489,
1791,4.04516,
1792,4.19334,
1793,4.05064,
1794,4.04828,
1795,4.1248,
1796,4.06991,
1797,3.97789,
1798,4.01877,
1799,4.03225,
1800,3.94512,
1801,3.93133,
1802,3.97739,
1803,4.00539,
1804,3.93159,
1805,3.90821,
1806,3.84815,
1807,3.96863,
1808,4.04633,
1809,3.89887,
1810,3.73384,
1811,3.92464,
1812,3.78756,
1813,3.81502,
1814,3.92198,
1815,3.92261,
1816,3.93324,
1817,4.13411,
1818,3.9529,
1819,3.98905,
1820,3.89337,
1821,3.92601,
1822,3.89586,
1823,3.8833,
1824,3.86332,
1825,3.9636,
1826,3.86226,
1827,3.81655,
1828,3.85409,
1829,3.78364,
1830,3.90783,
1831,3.86223,
1832,3.74759,
1833,3.85294,
1834,3.72112,
1835,3.9208,
1836,3.70468,
1837,3.81392,
1838,3.91518,
1839,3.84836,
1840,3.89424,
1841,3.66701,
1842,3.79217,
1843,3.76566,
1844,3.82474,
1845,3.82668,
1846,3.5215,
1847,3.62512,
1848,3.50057,
1849,3.56671,
1850,3.84909,
1851,3.85813,
1852,3.82036,
1853,3.66568,
1854,3.84669,
1855,3.77632,
1856,4.12264,
1857,4.10633,
1858,4.11239,
1859,4.09624,
1860,4.01028,
1861,4.21688,
1862,4.03593,
1863,4.01574,
1864,4.05694,
1865,3.94609,
1866,4.0188,
1867,4.13813,
1868,4.02983,
1869,3.93056,
1870,4.033,
1871,3.85652,
1872,3.96842,
1873,3.93118,
1874,3.89743,
1875,3.85053,
1876,3.85741,
1877,3.78919,
1878,3.8684,
1879,3.84618,
1880,3.81182,
1881,3.85072,
1882,3.92782,
1883,4.03023,
1884,3.88426,
1885,3.91012,
1886,3.80316,
1887,4.1352,
1888,4.11951,
1889,4.09194,
1890,4.0534,
1891,4.10237,
1892,4.08426,
1893,3.95394,
1894,4.10564,
1895,4.03343,
1896,4.02163,
1897,3.98778,
1898,4.0393,
1899,3.83844,
1900,4.05797,
1901,3.94889,
1902,3.9866,
1903,4.03319,
1904,3.92008,
1905,3.87591,
1906,3.91026,
1907,3.9319,
1908,4.36347,
1909,4.14924,
1910,4.07492,
1911,4.0104,
1912,3.99125,
1913,3.97407,
1914,3.84862,
1915,3.90619,
1916,3.95339,
1917,3.57033,
1918,3.78959,
1919,3.82014,
1920,3.7659,
1921,3.66989,
1922,3.58532,
1923,3.66211,
1924,3.87367,
1925,3.98229,
1926,3.89757,
1927,3.64544,
1928,3.67021,
1929,4.09652,
1930,4.20224,
1931,4.17504,
1932,4.23211,
1933,4.09728,
1934,4.17272,
1935,4.10905,
1936,3.97283,
1937,4.07451,
1938,4.07211,
1939,4.00784,
1940,4.03962,
1941,4.1009,
1942,4.08472,
1943,3.97567,
1944,3.90021,
1945,3.85169,
1946,3.87681,
1947,3.87864,
1948,3.88024,
1949,3.83473,
1950,3.76485,
1951,3.73235,
1952,3.87564,
1953,3.79325,
1954,3.76822,
1955,4.16079,
1956,4.0849,
1957,4.09581,
1958,4.05893,
1959,4.18062,
1960,4.15958,
1961,4.00773,
1962,3.98837,
1963,3.81922,
1964,3.80384,
1965,3.74475,
1966,3.89609,
1967,4.04721,
1968,3.89445,
1969,3.74632,
1970,3.67125,
1971,3.57788,
1972,3.53403,
1973,3.6132,
1974,3.52593,
1975,3.72165,
1976,3.61391,
1977,3.47149,
1978,3.49661,
1979,3.77015,
1980,3.70672,
1981,3.9225,
1982,3.52265,
1983,4.0252,
1984,3.70575,
1985,4.01292,
1986,4.32097,
1987,4.06989,
1988,4.14721,
1989,4.11267,
1990,4.12823,
1991,4.12771,
1992,4.15656,
1993,4.05658,
1994,3.89827,
1995,3.94493,
1996,3.96214,
1997,3.89552,
1998,3.87901,
1999,3.94742,
2000,3.87108,
2001,3.96123,
2002,3.73172,
2003,3.93847,
2004,3.90329,
2005,3.63199,
2006,3.66865,
2007,3.75627,
2008,3.62192,
2009,3.65143,
2010,3.64951,
2011,3.51223,
2012,3.49586,
2013,3.56729,
2014,4.17572,
2015,4.17917,
2016,4.28826,
2017,4.20477,
2018,4.2161,
2019,4.16844,
2020,4.02072,
2021,4.02174,
2022,3.9734,
2023,4.04638,
2024,4.17016,
2025,4.06922,
2026,4.08871,
2027,3.97962,
2028,3.86556,
2029,4.14382,
2030,4.08282,
2031,4.12845,
2032,3.93795,
2033,4.15426,
2034,3.89371,
2035,3.93829,
2036,3.98247,
2037,3.96288,
2038,3.91635,
2039,3.93996,
2040,3.89154,
2041,3.87804,
2042,3.91543,
2043,3.80562,
2044,3.80943,
2045,3.93579,
2046,3.93664,
2047,3.87088,
2048,3.87177,
2049,3.85722,
2050,3.76246,
2051,3.82183,
2052,3.76154,
2053,3.74471,
2054,3.82125,
2055,3.64749,
2056,3.63038,
2057,3.82372,
2058,3.79949,
2059,4.21865,
2060,4.177,
2061,4.09114,
2062,4.18983,
2063,4.16657,
2064,4.14095,
2065,4.02653,
2066,4.04756,
2067,3.90603,
2068,3.94647,
2069,3.96007,
2070,3.89153,
2071,4.03643,
2072,3.98202,
2073,3.87514,
2074,4.07335,
2075,4.02431,
2076,3.72201,
2077,3.81016,
2078,3.85201,
2079,3.73078,
2080,3.82646,
2081,3.95027,
2082,3.92067,
2083,4.01913,
2084,4.03503,
2085,4.11085,
2086,3.68068,
2087,3.80522,
2088,3.93698,
2089,3.91594,
2090,4.07094,
2091,4.04289,
2092,4.0367,
2093,3.97922,
2094,4.08276,
2095,3.94517,
2096,3.84835,
2097,4.01606,
2098,3.76975,
2099,4.00087,
2100,4.00494,
2101,3.93505,
2102,3.94916,
2103,3.85198,
2104,4.04882,
2105,3.8974,
2106,4.08279,
2107,3.97728,
2108,4.01501,
2109,3.95352,
2110,4.10698,
2111,3.85659,
2112,3.91074,
2113,3.80201,
2114,3.80728,
2115,3.83662,
2116,3.74538,
2117,3.88595,
2118,3.77508,
2119,3.98906,
2120,3.55371,
2121,3.78271,
2122,4.0031,
2123,3.89328,
2124,3.86921,
2125,3.83064,
2126,3.91937,
2127,3.76705,
2128,3.87333,
2129,3.53237,
2130,4.14988,
2131,4.12234,
2132,4.15705,
2133,4.25747,
2134,4.30173,
2135,4.07741,
2136,4.06533,
2137,4.03624,
2138,4.16564,
2139,4.01099,
2140,4.00244,
2141,4.02602,
2142,3.88626,
2143,3.89995,
2144,3.91386,
2145,4.01069,
2146,3.8702,
2147,4.05871,
2148,4.06169,
2149,3.97066,
2150,3.95726,
2151,3.91946,
2152,4.01671,
2153,4.07843,
2154,3.97996,
2155,3.99243,
2156,3.94868,
2157,3.92507,
2158,3.99066,
2159,4.03451,
2160,3.89105,
2161,3.90115,
2162,3.91497,
2163,3.76794,
2164,3.74531,
2165,3.64082,
2166,3.88219,
2167,4.00532,
2168,3.75252,
2169,3.75768,
2170,3.84355,
2171,3.72757,
2172,3.69757,
2173,3.72229,
2174,3.65885,
2175,3.73628,
2176,3.72792,
2177,3.732,
2178,3.87967,
2179,3.6834,
2180,3.92728,
2181,4.05417,
2182,4.02924,
2183,3.94742,
2184,3.89447,
2185,4.03719,
2186,3.98542,
2187,3.94667,
2188,3.95304,
2189,4.03788,
2190,3.79479,
2191,3.65412,
2192,3.86986,
2193,3.7818,
2194,3.83095,
2195,3.7947,
2196,3.58305,
2197,3.87575,
2198,3.88419,
2199,3.83464,
2200,3.75294,
2201,3.65421,
2202,3.88798,
2203,3.68727,
2204,3.63099,
2205,3.71463,
2206,3.77214,
2207,3.88987,
2208,3.71896,
2209,3.66214,
2210,3.72025,
2211,3.72986,
2212,3.64648,
2213,3.66164,
2214,3.82511,
2215,4.08614,
2216,3.95707,
2217,4.14268,
2218,3.95478,
2219,3.88062,
2220,3.85297,
2221,3.96876,
2222,3.96173,
2223,4.02256,
2224,3.88858,
2225,4.06282,
2226,3.90807,
2227,3.99944,
2228,3.83828,
2229,3.85945,
2230,3.98775,
2231,3.90222,
2232,3.97342,
2233,3.90844,
2234,3.63966,
2235,3.65017,
2236,3.77395,
2237,3.74442,
2238,3.80331,
2239,3.6299,
2240,3.76157,
2241,3.91683,
2242,4.10746,
2243,3.99177,
2244,3.998,
2245,4.039,
2246,3.99396,
2247,3.93951,
2248,3.98116,
2249,3.91415,
2250,4.00146,
2251,3.94797,
2252,3.97448,
2253,3.9908,
2254,3.83414,
2255,3.96579,
2256,3.66382,
2257,3.76468,
2258,3.88769,
2259,3.80431,
2260,3.86536,
2261,3.70698,
2262,3.74192,
2263,3.86077,
2264,3.61139,
2265,3.77347,
2266,3.69715,
2267,3.65571,
2268,3.77998,
2269,3.66444,
2270,3.58162,
2271,3.60256,
2272,3.70115,
2273,3.65737,
2274,3.80491,
2275,3.84617,
2276,3.73082,
2277,3.65684,
2278,3.69778,
2279,3.93473,
2280,3.86311,
2281,3.69815,
2282,4.00963,
2283,3.98369,
2284,3.86215,
2285,4.0234,
2286,3.91256,
2287,3.70801,
2288,3.86812,
2289,3.78011,
2290,3.9308,
2291,3.84203,
2292,3.98101,
2293,4.01329,
2294,3.95303,
2295,3.86284,
2296,3.81116,
2297,3.77373,
2298,3.79559,
2299,3.8009,
2300,3.79524,
2301,3.76249,
2302,3.8637,
2303,3.80214,
2304,3.84524,
2305,3.73277,
2306,3.87143,
2307,3.9109,
2308,3.96784,
2309,4.00356,
2310,3.81015,
2311,3.67444,
2312,3.83001,
2313,3.59358,
2314,3.81547,
2315,4.07604,
2316,4.13333,
2317,4.02649,
2318,4.02775,
2319,3.92443,
2320,4.00392,
2321,3.89537,
2322,3.8909,
2323,3.92639,
2324,3.99521,
2325,3.80547,
2326,3.93376,
2327,3.69236,
2328,3.97329,
2329,3.93627,
2330,4.07153,
2331,3.87183,
2332,3.80287,
2333,3.87197,
2334,3.6786,
2335,3.85997,
2336,3.63905,
2337,3.75401,
2338,3.66186,
2339,3.8527,
2340,3.86777,
2341,3.51078,
2342,3.75209,
2343,3.83086,
2344,3.85565,
2345,3.78903,
2346,3.93213,
2347,3.86297,
2348,3.79682,
2349,3.84766,
2350,3.83689,
2351,3.73811,
2352,3.61593,
2353,3.61194,
2354,4.18721,
2355,4.13637,
2356,4.04555,
2357,4.00254,
2358,3.96781,
2359,3.99617,
2360,3.87413,
2361,3.88776,
2362,3.86725,
2363,3.88759,
2364,3.90216,
2365,3.86979,
2366,3.73465,
2367,3.84538,
2368,3.78222,
2369,3.74883,
2370,3.96406,
2371,3.9948,
2372,3.81238,
2373,4.07778,
2374,3.94016,
2375,3.71692,
2376,3.66705,
2377,3.90394,
2378,3.84379,
2379,3.83683,
2380,3.82215,
2381,3.89405,
2382,3.77466,
2383,3.677,
2384,3.80628,
2385,3.80098,
2386,3.94565,
2387,3.87485,
2388,3.9075,
2389,3.82553,
2390,3.84366,
2391,3.7795,
2392,3.91499,
2393,3.8913,
2394,3.60112,
2395,3.75415,
2396,3.7401,
2397,3.79736,
2398,3.81833,
2399,3.80919,
2400,3.59585,
2401,3.84158,
2402,3.85255,
2403,3.50993,
2404,3.55291,
2405,3.83974,
2406,3.93379,
2407,3.9415,
2408,3.827,
2409,3.76092,
2410,3.78635,
2411,3.87997,
2412,3.75987,
2413,3.88588,
2414,3.79154,
2415,3.56675,
2416,3.77241,
2417,3.5774,
2418,3.72751,
2419,3.54583,
2420,3.85307,
2421,3.93072,
2422,3.88057,
2423,3.93247,
2424,3.98563,
2425,3.84763,
2426,3.9668,
2427,3.80675,
2428,3.8321,
2429,3.90537,
2430,3.8753,
2431,3.88719,
2432,3.97618,
2433,4.08711,
2434,4.81676,
2435,3.86496,
2436,3.86461,
2437,3.92235,
2438,3.90458,
2439,3.78928,
2440,3.79867,
2441,3.81971,
2442,3.82428,
2443,3.77134,
2444,4.16918,
2445,3.79234,
2446,3.77518,
2447,3.53648,
2448,3.63129,
2449,3.79715,
2450,3.80618,
2451,3.90983,
2452,3.94803,
2453,3.76784,
2454,3.97471,
2455,3.94851,
2456,3.92876,
2457,4.05905,
2458,3.89866,
2459,3.84174,
2460,3.99422,
2461,3.99313,
2462,3.9559,
2463,3.91737,
2464,3.94795,
2465,3.84093,
2466,3.89627,
2467,3.7881,
2468,3.63184,
2469,3.90237,
2470,3.82734,
2471,3.62501,
2472,3.6908,
2473,3.76305,
2474,3.83509,
2475,3.76727,
2476,3.71563,
2477,3.79076,
2478,3.60629,
2479,3.75193,
2480,3.72244,
2481,3.8471,
2482,3.71593,
2483,3.76746,
2484,3.89814,
2485,3.81956,
2486,3.82408,
2487,3.73265,
2488,3.78029,
2489,3.70736,
2490,3.73836,
2491,3.77555,
2492,3.57552,
2493,3.65992,
2494,3.59844,
2495,3.70295,
2496,3.71384,
2497,3.72673,
2498,3.64714,
2499,3.72649,
2500,3.77528,
2501,3.52444,
2502,3.8199,
2503,3.68769,
2504,3.68727,
2505,3.67378,
2506,3.87727,
2507,3.91582,
2508,3.95037,
2509,3.7322,
2510,3.66433,
2511,3.9557,
2512,3.74831,
2513,3.79858,
2514,3.7333,
2515,3.6137,
2516,3.64881,
2517,3.84586,
2518,3.57981,
2519,3.49586,
2520,3.33414,
2521,3.58216,
2522,3.63526,
2523,3.8195,
2524,3.75776,
2525,3.78715,
2526,3.6449,
2527,3.55698,
2528,3.55478,
2529,3.6419,
2530,3.75223,
2531,3.55561,
2532,3.65721,
2533,3.38969,
2534,3.40737,
2535,3.7834,
2536,3.53724,
2537,3.68352,
2538,3.48644,
2539,3.59616,
2540,3.48305,
2541,3.50268,
2542,3.52073,
2543,3.50518,
2544,3.49737,
2545,3.39237,
2546,3.48212,
2547,3.68471,
2548,3.37791,
2549,3.64279,
2550,3.73971,
2551,4.0088,
2552,4.01524,
2553,3.98902,
2554,3.97195,
2555,3.9846,
2556,4.02515,
2557,3.87863,
2558,3.76659,
2559,3.82176,
2560,3.70775,
2561,3.71417,
2562,3.85529,
2563,3.73305,
2564,3.8182,
2565,3.75569,
2566,3.66562,
2567,3.61208,
2568,3.76151,
2569,3.79762,
2570,3.74459,
2571,3.75491,
2572,3.69745,
2573,3.57644,
2574,3.90981,
2575,3.63309,
2576,3.67761,
2577,3.75032,
2578,3.77859,
2579,3.64713,
2580,3.95383,
2581,3.84562,
2582,4.02163,
2583,3.94008,
2584,3.98705,
2585,3.90671,
2586,3.86882,
2587,3.92931,
2588,3.80184,
2589,3.83417,
2590,3.77617,
2591,3.82496,
2592,3.80423,
2593,3.65475,
2594,3.74147,
2595,3.66081,
2596,3.69799,
2597,3.55908,
2598,3.62545,
2599,3.61281,
2600,3.61105,
2601,3.59286,
2602,3.50925,
2603,3.58537,
2604,3.57106,
2605,3.66312,
2606,3.62788,
2607,3.63976,
2608,4.06257,
2609,3.95401,
2610,3.96896,
2611,3.91612,
2612,3.96102,
2613,3.93698,
2614,3.8628,
2615,3.93236,
2616,3.90447,
2617,3.86213,
2618,3.94099,
2619,3.80861,
2620,3.78208,
2621,3.58851,
2622,3.77762,
2623,3.76512,
2624,3.92317,
2625,3.78048,
2626,3.6595,
2627,3.76529,
2628,3.7064,
2629,3.67955,
2630,3.84089,
2631,3.81078,
2632,3.67962,
2633,3.65937,
2634,3.73258,
2635,3.94807,
2636,3.80973,
2637,3.95408,
2638,3.86578,
2639,3.97363,
2640,3.83119,
2641,3.98051,
2642,4.00788,
2643,3.78312,
2644,3.69673,
2645,3.66697,
2646,3.90762,
2647,3.83309,
2648,3.70379,
2649,3.75512,
2650,3.75537,
2651,3.85849,
2652,3.79712,
2653,3.87634,
2654,3.61038,
2655,3.63115,
2656,3.51445,
2657,3.57695,
2658,3.67151,
2659,3.65015,
2660,3.55474,
2661,3.71402,
2662,3.64368,
2663,3.6644,
2664,3.48595,
2665,3.58737,
2666,3.75774,
2667,3.67672,
2668,3.6066,
2669,4.08785,
2670,4.01742,
2671,3.97499,
2672,3.97868,
2673,3.85013,
2674,3.86774,
2675,3.77701,
2676,3.91446,
2677,3.98216,
2678,3.7932,
2679,3.89291,
2680,4.07371,
2681,4.12628,
2682,3.82776,
2683,3.87308,
2684,3.87097,
2685,3.88652,
2686,4.11599,
2687,3.91039,
2688,3.79262,
2689,3.79549,
2690,3.68664,
2691,3.70677,
2692,3.69002,
2693,3.71382,
2694,3.75523,
2695,3.70388,
2696,3.72879,
2697,4.16235,
2698,4.20313,
2699,4.06566,
2700,4.02423,
2701,3.99884,
2702,4.01238,
2703,3.98841,
2704,3.98791,
2705,3.93084,
2706,4.05854,
2707,3.98677,
2708,3.96864,
2709,3.91591,
2710,3.85394,
2711,3.93303,
2712,3.96161,
2713,3.88347,
2714,3.85917,
2715,3.79424,
2716,4.05481,
2717,4.17236,
2718,4.11624,
2719,4.01239,
2720,3.92428,
2721,3.92919,
2722,3.90144,
2723,4.00431,
2724,3.89438,
2725,3.86371,
2726,3.85056,
2727,3.70897,
2728,3.57474,
2729,3.76261,
2730,3.93056,
2731,3.81615,
2732,3.60797,
2733,3.81581,
2734,3.80272,
2735,3.69162,
2736,3.75879,
2737,3.80885,
2738,3.60831,
2739,3.93344,
2740,3.75256,
2741,3.79775,
2742,3.86429,
2743,3.92153,
2744,3.92161,
2745,3.94277,
2746,3.87138,
2747,3.78774,
2748,3.74104,
2749,3.73524,
2750,3.84176,
2751,3.73566,
2752,3.75979,
2753,3.82993,
2754,3.73229,
2755,3.64712,
2756,3.68838,
2757,3.63245,
2758,3.62777,
2759,3.74744,
2760,3.60718,
2761,3.53379,
2762,3.62244,
2763,3.62497,
2764,3.5709,
2765,3.47778,
2766,3.58563,
2767,3.63424,
2768,3.91963,
2769,3.85901,
2770,3.79639,
2771,3.83562,
2772,3.86237,
2773,3.7293,
2774,3.76916,
2775,3.52597,
2776,3.76305,
2777,3.79624,
2778,3.61437,
2779,3.87762,
2780,3.60286,
2781,3.57647,
2782,3.84906,
2783,3.70501,
2784,3.56419,
2785,3.64949,
2786,3.82194,
2787,3.38763,
2788,3.58734,
2789,3.72009,
2790,3.3935,
2791,3.58608,
2792,3.56938,
2793,3.53143,
2794,3.33228,
2795,3.97565,
2796,3.8987,
2797,3.89098,
2798,3.80094,
2799,3.8747,
2800,3.83119,
2801,3.89556,
2802,3.86426,
2803,3.78433,
2804,3.85144,
2805,3.83826,
2806,3.79502,
2807,3.75479,
2808,3.68683,
2809,3.74635,
2810,3.51376,
2811,3.58805,
2812,3.65707,
2813,3.75647,
2814,3.69218,
2815,3.49479,
2816,3.67458,
2817,3.56041,
2818,3.54523,
2819,3.31992,
2820,3.45386,
2821,3.56637,
2822,3.54947,
2823,3.51857,
2824,3.36919,
2825,3.25237,
2826,3.25115,
2827,3.47251,
2828,3.57892,
2829,4.30956,
2830,3.96768,
2831,3.87368,
2832,3.77893,
2833,3.94345,
2834,3.92664,
2835,3.77283,
2836,3.90865,
2837,3.79622,
2838,3.76753,
2839,3.66055,
2840,3.94235,
2841,3.7674,
2842,3.68934,
2843,3.88362,
2844,3.84936,
2845,3.88967,
2846,3.80789,
2847,3.86471,
2848,3.85216,
2849,3.8991,
2850,3.69403,
2851,3.70882,
2852,3.69166,
2853,3.98027,
2854,3.93095,
2855,3.86364,
2856,3.80379,
2857,3.97108,
2858,3.81093,
2859,3.812,
2860,3.91724,
2861,3.85871,
2862,3.77768,
2863,3.77054,
2864,3.81035,
2865,3.70727,
2866,3.72164,
2867,3.74635,
2868,3.81041,
2869,3.67428,
2870,3.65915,
2871,3.58514,
2872,3.75664,
2873,3.86111,
2874,3.69074,
2875,3.49037,
2876,3.69579,
2877,3.5593,
2878,3.59003,
2879,3.70536,
2880,3.71704,
2881,3.74026,
2882,3.91529,
2883,3.73886,
2884,3.75174,
2885,3.65715,
2886,3.68906,
2887,3.62873,
2888,3.6311,
2889,3.61577,
2890,3.75566,
2891,3.56942,
2892,3.53865,
2893,3.58745,
2894,3.56373,
2895,3.63982,
2896,3.58951,
2897,3.49433,
2898,3.62368,
2899,3.46509,
2900,3.70174,
2901,3.46983,
2902,3.57628,
2903,3.67693,
2904,3.60525,
2905,3.67528,
2906,3.42214,
2907,3.52605,
2908,3.50552,
2909,3.58829,
2910,3.59961,
2911,3.26638,
2912,3.38245,
2913,3.2639,
2914,3.34591,
2915,3.60288,
2916,3.62226,
2917,3.59183,
2918,3.41453,
2919,3.64017,
2920,3.55136,
2921,3.95657,
2922,3.90209,
2923,3.9381,
2924,3.87745,
2925,3.79231,
2926,4.04875,
2927,3.83237,
2928,3.79901,
2929,3.85814,
2930,3.73221,
2931,3.81095,
2932,3.96287,
2933,3.82581,
2934,3.71164,
2935,3.82731,
2936,3.6574,
2937,3.76717,
2938,3.69087,
2939,3.63678,
2940,3.63302,
2941,3.61615,
2942,3.53511,
2943,3.63365,
2944,3.63834,
2945,3.55775,
2946,3.60059,
2947,3.69786,
2948,3.82898,
2949,3.64757,
2950,3.68238,
2951,3.58922,
2952,3.93135,
2953,3.92312,
2954,3.91799,
2955,3.89284,
2956,3.92024,
2957,3.88427,
2958,3.75504,
2959,3.92236,
2960,3.82246,
2961,3.8238,
2962,3.81157,
2963,3.86421,
2964,3.66326,
2965,3.86741,
2966,3.75444,
2967,3.826,
2968,3.86867,
2969,3.72617,
2970,3.69522,
2971,3.7172,
2972,3.77997,
2973,4.18386,
2974,3.96518,
2975,3.82488,
2976,3.81142,
2977,3.75374,
2978,3.71198,
2979,3.62219,
2980,3.61521,
2981,3.69805,
2982,3.31739,
2983,3.54978,
2984,3.5572,
2985,3.53363,
2986,3.46298,
2987,3.34446,
2988,3.4084,
2989,3.63872,
2990,3.73934,
2991,3.66836,
2992,3.40328,
2993,3.43802,
2994,3.90707,
2995,3.98931,
2996,3.9634,
2997,4.0172,
2998,3.90226,
2999,3.96936,
3000,3.8961,
3001,3.77097,
3002,3.83574,
3003,3.84947,
3004,3.76902,
3005,3.82861,
3006,3.88681,
3007,3.89031,
3008,3.77105,
3009,3.69629,
3010,3.59569,
3011,3.67761,
3012,3.65314,
3013,3.66458,
3014,3.55704,
3015,3.51116,
3016,3.47517,
3017,3.63687,
3018,3.56824,
3019,3.5518,
3020,3.97884,
3021,3.8625,
3022,3.90137,
3023,3.88823,
3024,3.98297,
3025,3.99673,
3026,3.78618,
3027,3.77306,
3028,3.57996,
3029,3.58695,
3030,3.52718,
3031,3.68861,
3032,3.84916,
3033,3.69967,
3034,3.51638,
3035,3.42466,
3036,3.33248,
3037,3.28212,
3038,3.39057,
3039,3.29696,
3040,3.5233,
3041,3.3542,
3042,3.2501,
3043,3.30576,
3044,3.57631,
3045,3.52579,
3046,3.68356,
3047,3.29075,
3048,3.84066,
3049,3.54017,
3050,3.83878,
3051,4.14002,
3052,3.83511,
3053,3.90869,
3054,3.86916,
3055,3.89847,
3056,3.90717,
3057,3.94198,
3058,3.83992,
3059,3.68284,
3060,3.72304,
3061,3.75403,
3062,3.70107,
3063,3.68333,
3064,3.74671,
3065,3.65039,
3066,3.74071,
3067,3.47565,
3068,3.74018,
3069,3.73065,
3070,3.43529,
3071,3.46885,
3072,3.58837,
3073,3.4202,
3074,3.43925,
3075,3.42555,
3076,3.2926,
3077,3.27515,
3078,3.35972,
3079,3.9957,
3080,4.02537,
3081,4.10315,
3082,4.03882,
3083,4.01444,
3084,3.98358,
3085,3.82101,
3086,3.84703,
3087,3.79411,
3088,3.87564,
3089,4.04676,
3090,3.90988,
3091,3.90917,
3092,3.78708,
3093,3.67762,
3094,3.94462,
3095,3.89603,
3096,3.9565,
3097,3.75086,
3098,3.96675,
3099,3.69747,
3100,3.72776,
3101,3.77314,
3102,3.81276,
3103,3.73804,
3104,3.74762,
3105,3.69962,
3106,3.69655,
3107,3.72713,
3108,3.56179,
3109,3.58838,
3110,3.75925,
3111,3.71026,
3112,3.64841,
3113,3.62546,
3114,3.65064,
3115,3.53748,
3116,3.58258,
3117,3.51024,
3118,3.50186,
3119,3.59926,
3120,3.3832,
3121,3.39131,
3122,3.58281,
3123,3.58632,
3124,4.03066,
3125,3.97459,
3126,3.90604,
3127,3.99901,
3128,3.98548,
3129,3.9255,
3130,3.83869,
3131,3.88067,
3132,3.75335,
3133,3.71598,
3134,3.72593,
3135,3.7018,
3136,3.8467,
3137,3.81314,
3138,3.68735,
3139,3.91774,
3140,3.88119,
3141,3.49472,
3142,3.57534,
3143,3.63966,
3144,3.54141,
3145,3.65366,
3146,3.76144,
3147,3.71427,
3148,3.82847,
3149,3.86133,
3150,3.92509,
3151,3.45698,
3152,3.59586,
3153,3.75403,
3154,3.72924,
3155,3.87138,
3156,3.86398,
3157,3.89337,
3158,3.82412,
3159,3.9188,
3160,3.75709,
3161,3.66135,
3162,3.81834,
3163,3.54981,
3164,3.79683,
3165,3.80334,
3166,3.72146,
3167,3.74608,
3168,3.64982,
3169,3.89144,
3170,3.73366,
3171,3.92656,
3172,3.7999,
3173,3.82213,
3174,3.76388,
3175,3.95589,
3176,3.65127,
3177,3.7083,
3178,3.60577,
3179,3.60383,
3180,3.63464,
3181,3.54729,
3182,3.68473,
3183,3.57198,
3184,3.79811,
3185,3.35151,
3186,3.58242,
3187,3.84796,
3188,3.74278,
3189,3.71474,
3190,3.68516,
3191,3.76266,
3192,3.55948,
3193,3.70582,
3194,3.25394,
3195,3.95824,
3196,3.92418,
3197,4.0018,
3198,4.09788,
3199,4.17142,
3200,3.91848,
3201,3.91039,
3202,3.85633,
3203,4.00107,
3204,3.89093,
3205,3.86469,
3206,3.85081,
3207,3.69596,
3208,3.71986,
3209,3.76565,
3210,3.86181,
3211,3.66737,
3212,3.85918,
3213,3.88113,
3214,3.8028,
3215,3.76532,
3216,3.74441,
3217,3.847,
3218,3.89748,
3219,3.79573,
3220,3.81156,
3221,3.7358,
3222,3.73457,
3223,3.80848,
3224,3.8718,
3225,3.70807,
3226,3.70674,
3227,3.73843,
3228,3.57717,
3229,3.54874,
3230,3.40633,
3231,3.68829,
3232,3.81125,
3233,3.51759,
3234,3.54575,
3235,3.67299,
3236,3.50632,
3237,3.46496,
3238,3.51028,
3239,3.45723,
3240,3.57164,
3241,3.51904,
3242,3.54522,
3243,3.69383,
3244,3.49163,
3245,3.76503,
3246,3.87751,
3247,3.83552,
3248,3.75917,
3249,3.71925,
3250,3.86283,
3251,3.77121,
3252,3.74555,
3253,3.72654,
3254,3.85204,
3255,3.60804,
3256,3.45254,
3257,3.66578,
3258,3.5838,
3259,3.64237,
3260,3.57241,
3261,3.36353,
3262,3.69121,
3263,3.69348,
3264,3.64814,
3265,3.55145,
3266,3.45585,
3267,3.70649,
3268,3.49177,
3269,3.39077,
3270,3.51703,
3271,3.54496,
3272,3.72274,
3273,3.53382,
3274,3.46974,
3275,3.52367,
3276,3.56161,
3277,3.44412,
3278,3.48565,
3279,3.64556,
3280,3.90461,
3281,3.75903,
3282,3.96156,
3283,3.78136,
3284,3.68971,
3285,3.66471,
3286,3.77539,
3287,3.77936,
3288,3.86061,
3289,3.71919,
3290,3.88407,
3291,3.72312,
3292,3.84442,
3293,3.65602,
3294,3.64591,
3295,3.79216,
3296,3.75437,
3297,3.7863,
3298,3.74062,
3299,3.39709,
3300,3.44333,
3301,3.62161,
3302,3.52613,
3303,3.6045,
3304,3.40075,
3305,3.56914,
3306,3.73407,
3307,3.97153,
3308,3.79417,
3309,3.82304,
3310,3.84849,
3311,3.81553,
3312,3.76518,
3313,3.79254,
3314,3.76575,
3315,3.81844,
3316,3.77345,
3317,3.82449,
3318,3.81821,
3319,3.62445,
3320,3.76877,
3321,3.46794,
3322,3.58782,
3323,3.7058,
3324,3.61555,
3325,3.69918,
3326,3.50996,
3327,3.54717,
3328,3.67412,
3329,3.43523,
3330,3.5807,
3331,3.49739,
3332,3.42505,
3333,3.58567,
3334,3.39236,
3335,3.39446,
3336,3.42804,
3337,3.51493,
3338,3.44231,
3339,3.59981,
3340,3.6503,
3341,3.54765,
3342,3.48952,
3343,3.5278,
3344,3.73213,
3345,3.68236,
3346,3.49307,
3347,3.82846,
3348,3.83644,
3349,3.66681,
3350,3.8466,
3351,3.70389,
3352,3.50338,
3353,3.69068,
3354,3.61289,
3355,3.74235,
3356,3.68348,
3357,3.80471,
3358,3.88422,
3359,3.77283,
3360,3.68307,
3361,3.65294,
3362,3.54908,
3363,3.59217,
3364,3.64967,
3365,3.66183,
3366,3.59932,
3367,3.69604,
3368,3.65296,
3369,3.6875,
3370,3.53473,
3371,3.67795,
3372,3.75493,
3373,3.80476,
3374,3.85884,
3375,3.63491,
3376,3.49694,
3377,3.65547,
3378,3.40778,
3379,3.6175,
3380,3.91013,
3381,3.97174,
3382,3.86032,
3383,3.87188,
3384,3.80489,
3385,3.85901,
3386,3.74355,
3387,3.72512,
3388,3.71812,
3389,3.8542,
3390,3.62727,
3391,3.75661,
3392,3.5142,
3393,3.80482,
3394,3.78447,
3395,3.92988,
3396,3.69997,
3397,3.63518,
3398,3.74612,
3399,3.49353,
3400,3.69075,
3401,3.49557,
3402,3.58154,
3403,3.4852,
3404,3.70747,
3405,3.71325,
3406,3.34289,
3407,3.58477,
3408,3.64779,
3409,3.70959,
3410,3.63989,
3411,3.78681,
3412,3.69675,
3413,3.64376,
3414,3.69091,
3415,3.68981,
3416,3.60657,
3417,3.45072,
3418,3.4593,
3419,3.98017,
3420,3.97071,
3421,3.88017,
3422,3.83238,
3423,3.80748,
3424,3.83612,
3425,3.69584,
3426,3.77657,
3427,3.68671,
3428,3.72772,
3429,3.73971,
3430,3.74068,
3431,3.57156,
3432,3.71046,
3433,3.62407,
3434,3.58138,
3435,3.78851,
3436,3.84497,
3437,3.62847,
3438,3.92904,
3439,3.7986,
3440,3.56143,
3441,3.48687,
3442,3.7495,
3443,3.71152,
3444,3.65756,
3445,3.64905,
3446,3.72875,
3447,3.57951,
3448,3.5117,
3449,3.65777,
3450,3.62082,
3451,3.79126,
3452,3.71613,
3453,3.74764,
3454,3.67008,
3455,3.73722,
3456,3.6098,
3457,3.75077,
3458,3.74205,
3459,3.41548,
3460,3.55158,
3461,3.5502,
3462,3.63979,
3463,3.676,
3464,3.64237,
3465,3.45535,
3466,3.64149,
3467,3.68922,
3468,3.34344,
3469,3.40195,
3470,3.70601,
3471,3.75816,
3472,3.76488,
3473,3.63797,
3474,3.55703,
3475,3.62666,
3476,3.70688,
3477,3.57005,
3478,3.73883,
3479,3.64263,
3480,3.38234,
3481,3.5948,
3482,3.38819,
3483,3.56248,
3484,3.3885,
3485,3.7197,
3486,3.79753,
3487,3.73131,
3488,3.78016,
3489,3.82307,
3490,3.70424,
3491,3.76826,
3492,3.63422,
3493,3.65632,
3494,3.73197,
3495,3.71261,
3496,3.74709,
3497,3.83311,
3498,3.94092,
3499,4.71403,
3500,3.70693,
3501,3.69527,
3502,3.7739,
3503,3.75143,
3504,3.58778,
3505,3.6618,
3506,3.65337,
3507,3.65816,
3508,3.58752,
3509,4.06724,
3510,3.63327,
3511,3.62273,
3512,3.36538,
3513,3.47384,
3514,3.64985,
3515,3.66859,
3516,3.76149,
3517,3.78192,
3518,3.62283,
3519,3.80155,
3520,3.77685,
3521,3.73409,
3522,3.92543,
3523,3.74602,
3524,3.69878,
3525,3.83108,
3526,3.84284,
3527,3.83467,
3528,3.71579,
3529,3.80467,
3530,3.70053,
3531,3.74874,
3532,3.61961,
3533,3.42203,
3534,3.71969,
3535,3.65163,
3536,3.43269,
3537,3.50331,
3538,3.59295,
3539,3.67555,
3540,3.60586,
3541,3.52738,
3542,3.64892,
3543,3.41072,
3544,3.57298,
3545,3.49947,
3546,3.68702,
3547,3.54281,
3548,3.58685,
3549,3.71012,
3550,3.60655,
3551,3.61602,
3552,3.56979,
3553,3.58244,
3554,3.47908,
3555,3.59598,
3556,3.57782,
3557,3.39267,
3558,3.48098,
3559,3.40592,
3560,3.52837,
3561,3.53875,
3562,3.56214,
3563,3.45596,
3564,3.54296,
3565,3.62886,
3566,3.33909,
3567,3.66631,
3568,3.51942,
3569,3.50783,
3570,3.48377,
3571,3.70105,
3572,3.75868,
3573,3.82052,
3574,3.56856,
3575,3.48366,
3576,3.80859,
3577,3.57996,
3578,3.64154,
3579,3.54785,
3580,3.4433,
3581,3.49073,
3582,3.67887,
3583,3.40239,
3584,3.30862,
3585,3.14767,
3586,3.37839,
3587,3.47351,
3588,3.62889,
3589,3.60109,
3590,3.6111,
3591,3.50694,
3592,3.3914,
3593,3.38947,
3594,3.5168,
3595,3.59201,
3596,3.41437,
3597,3.48125,
3598,3.20718,
3599,3.22554,
3600,3.6131,
3601,3.35759,
3602,3.50888,
3603,3.31746,
3604,3.42433,
3605,3.31576,
3606,3.34859,
3607,3.34985,
3608,3.36365,
3609,3.30838,
3610,3.2196,
3611,3.32129,
3612,3.51456,
3613,3.2128,
3614,3.48241,
3615,3.56393,
3616,3.83504,
3617,3.85958,
3618,3.82075,
3619,3.81078,
3620,3.80035,
3621,3.86729,
3622,3.69523,
3623,3.51023,
3624,3.63162,
3625,3.50108,
3626,3.51703,
3627,3.69386,
3628,3.56774,
3629,3.63438,
3630,3.57245,
3631,3.48731,
3632,3.4258,
3633,3.59611,
3634,3.63075,
3635,3.57661,
3636,3.60752,
3637,3.50787,
3638,3.35865,
3639,3.75814,
3640,3.45397,
3641,3.48902,
3642,3.57698,
3643,3.61278,
3644,3.48463,
3645,3.81783,
3646,3.66429,
3647,3.88967,
3648,3.76692,
3649,3.82564,
3650,3.75427,
3651,3.7181,
3652,3.76085,
3653,3.65228,
3654,3.67378,
3655,3.61529,
3656,3.65026,
3657,3.65729,
3658,3.48373,
3659,3.58761,
3660,3.48159,
3661,3.55071,
3662,3.38095,
3663,3.43849,
3664,3.44917,
3665,3.48591,
3666,3.43794,
3667,3.3358,
3668,3.43098,
3669,3.41438,
3670,3.52802,
3671,3.48614,
3672,3.49985,
3673,3.89375,
3674,3.79691,
3675,3.80296,
3676,3.74352,
3677,3.7656,
3678,3.77048,
3679,3.67981,
3680,3.77973,
3681,3.74281,
3682,3.67314,
3683,3.79908,
3684,3.6559,
3685,3.62823,
3686,3.40804,
3687,3.63177,
3688,3.60409,
3689,3.77562,
3690,3.62385,
3691,3.48988,
3692,3.59077,
3693,3.52619,
3694,3.50997,
3695,3.67722,
3696,3.67014,
3697,3.53683,
3698,3.47687,
3699,3.58044,
3700,3.80369,
3701,3.67471,
3702,3.80015,
3703,3.70415,
3704,3.83244,
3705,3.65661,
3706,3.82323,
3707,3.88399,
3708,3.65679,
3709,3.52787,
3710,3.52546,
3711,3.76021,
3712,3.67819,
3713,3.53659,
3714,3.59368,
3715,3.6128,
3716,3.68747,
3717,3.63467,
3718,3.75898,
3719,3.43897,
3720,3.47339,
3721,3.32753,
3722,3.43689,
3723,3.52304,
3724,3.48338,
3725,3.40629,
3726,3.59672,
3727,3.48797,
3728,3.51781,
3729,3.30874,
3730,3.42439,
3731,3.56899,
3732,3.51107,
3733,3.45127,
3734,3.91487,
3735,3.8378,
3736,3.8337,
3737,3.84122,
3738,3.69859,
3739,3.7389,
3740,3.57755,
3741,3.78762,
3742,3.87436,
3743,3.63494,
3744,3.73434,
3745,3.97684,
3746,4.00017,
3747,3.68202,
3748,3.73251,
3749,3.72259,
3750,3.75074,
3751,3.95078,
3752,3.764,
3753,3.6031,
3754,3.63304,
3755,3.50152,
3756,3.55678,
3757,3.54001,
3758,3.55851,
3759,3.57812,
3760,3.53007,
3761,3.57291,
3762,4.06313,
3763,4.07249,
3764,3.94277,
3765,3.88839,
3766,3.87664,
3767,3.91514,
3768,3.87915,
3769,3.86694,
3770,3.80015,
3771,3.95654,
3772,3.88558,
3773,3.85733,
3774,3.78956,
3775,3.71491,
3776,3.80373,
3777,3.85441,
3778,3.78899,
3779,3.72009,
3780,3.66898,
3781,3.87631,
3782,4.0242,
3783,3.97238,
3784,3.85401,
3785,3.7324,
3786,3.74318,
3787,3.69116,
3788,3.81756,
3789,3.7672,
3790,3.71446,
3791,3.68036,
3792,3.54155,
3793,3.38745,
3794,3.60686,
3795,3.79627,
3796,3.65993,
3797,3.43727,
3798,3.65419,
3799,3.66512,
3800,3.51704,
3801,3.60974,
3802,3.66269,
3803,3.45651,
3804,3.77747,
3805,3.56519,
3806,3.60383,
3807,3.73388,
3808,3.7569,
3809,3.77077,
3810,3.76963,
3811,3.69161,
3812,3.62421,
3813,3.56765,
3814,3.5707,
3815,3.67746,
3816,3.56112,
3817,3.57838,
3818,3.67432,
3819,3.54632,
3820,3.48387,
3821,3.50719,
3822,3.46123,
3823,3.46005,
3824,3.59779,
3825,3.42971,
3826,3.35043,
3827,3.43388,
3828,3.46344,
3829,3.4204,
3830,3.30754,
3831,3.40421,
3832,3.44544,
3833,3.72868,
3834,3.66488,
3835,3.63306,
3836,3.66931,
3837,3.70215,
3838,3.57707,
3839,3.63886,
3840,3.37422,
3841,3.60504,
3842,3.60397,
3843,3.45913,
3844,3.72965,
3845,3.42768,
3846,3.41568,
3847,3.71134,
3848,3.53431,
3849,3.40174,
3850,3.49514,
3851,3.67658,
3852,3.22277,
3853,3.42344,
3854,3.55232,
3855,3.23182,
3856,3.44411,
3857,3.40559,
3858,3.34044,
3859,3.19578,
3860,3.8177,
3861,3.77761,
3862,3.71593,
3863,3.62816,
3864,3.72056,
3865,3.68533,
3866,3.77245,
3867,3.70302,
3868,3.64817,
3869,3.70382,
3870,3.68396,
3871,3.62202,
3872,3.60241,
3873,3.53118,
3874,3.5484,
3875,3.358,
3876,3.44606,
3877,3.50642,
3878,3.59369,
3879,3.53467,
3880,3.34269,
3881,3.52117,
3882,3.40537,
3883,3.38946,
3884,3.16443,
3885,3.30542,
3886,3.41397,
3887,3.37211,
3888,3.37114,
3889,3.20365,
3890,3.11712,
3891,3.12387,
3892,3.3504,
3893,3.4311,
3894,4.17777,
3895,3.83927,
3896,3.72558,
3897,3.62645,
3898,3.80155,
3899,3.80514,
3900,3.60976,
3901,3.81258,
3902,3.67932,
3903,3.63101,
3904,3.53017,
3905,3.81159,
3906,3.63652,
3907,3.54736,
3908,3.75001,
3909,3.7206,
3910,3.7171,
3911,3.6805,
3912,3.70187,
3913,3.70651,
3914,3.78502,
3915,3.54663,
3916,3.54786,
3917,3.56262,
3918,3.82322,
3919,3.79621,
3920,3.70642,
3921,3.65016,
3922,3.81636,
3923,3.65177,
3924,3.67499,
3925,3.80707,
3926,3.70037,
3927,3.62361,
3928,3.64524,
3929,3.65682,
3930,3.54185,
3931,3.56662,
3932,3.60929,
3933,3.67146,
3934,3.50566,
3935,3.52669,
3936,3.40941,
3937,3.63478,
3938,3.70617,
3939,3.55903,
3940,3.31239,
3941,3.54185,
3942,3.42201,
3943,3.44585,
3944,3.54555,
3945,3.60015,
3946,3.60524,
3947,3.72067,
3948,3.58437,
3949,3.60412,
3950,3.48137,
3951,3.5463,
3952,3.46777,
3953,3.45372,
3954,3.44498,
3955,3.60807,
3956,3.38268,
3957,3.36622,
3958,3.38462,
3959,3.41652,
3960,3.46841,
3961,3.43421,
3962,3.28517,
3963,3.45022,
3964,3.29148,
3965,3.54634,
3966,3.31277,
3967,3.42522,
3968,3.52279,
3969,3.44534,
3970,3.51238,
3971,3.2445,
3972,3.36169,
3973,3.34709,
3974,3.4375,
3975,3.43392,
3976,3.10947,
3977,3.22841,
3978,3.10005,
3979,3.20182,
3980,3.46373,
3981,3.49052,
3982,3.43225,
3983,3.26466,
3984,3.50422,
3985,3.41958,
3986,3.82154,
3987,3.78135,
3988,3.78781,
3989,3.71908,
3990,3.64294,
3991,3.92312,
3992,3.68461,
3993,3.63859,
3994,3.73331,
3995,3.55722,
3996,3.65242,
3997,3.82666,
3998,3.68595,
3999,3.57523,
4000,3.68499,
4001,3.4869,
4002,3.61833,
4003,3.53162,
4004,3.48227,
4005,3.48982,
4006,3.4585,
4007,3.34846,
4008,3.48567,
4009,3.49146,
4010,3.40396,
4011,3.43725,
4012,3.57269,
4013,3.70816,
4014,3.51629,
4015,3.55186,
4016,3.43889,
4017,3.80884,
4018,3.7917,
4019,3.78358,
4020,3.77557,
4021,3.81236,
4022,3.75593,
4023,3.64696,
4024,3.81728,
4025,3.67883,
4026,3.68664,
4027,3.69668,
4028,3.73554,
4029,3.54923,
4030,3.76477,
4031,3.66819,
4032,3.7166,
4033,3.75082,
4034,3.59508,
4035,3.60511,
4036,3.58633,
4037,3.67411,
4038,4.0358,
4039,3.8391,
4040,3.64877,
4041,3.64211,
4042,3.56282,
4043,3.48631,
4044,3.44359,
4045,3.41444,
4046,3.52451,
4047,3.10453,
4048,3.35391,
4049,3.36771,
4050,3.36499,
4051,3.3218,
4052,3.15587,
4053,3.25814,
4054,3.50903,
4055,3.60729,
4056,3.54192,
4057,3.21911,
4058,3.24695,
4059,3.78478,
4060,3.8798,
4061,3.83344,
4062,3.88564,
4063,3.78563,
4064,3.84716,
4065,3.77873,
4066,3.63416,
4067,3.70285,
4068,3.71999,
4069,3.62256,
4070,3.68845,
4071,3.75054,
4072,3.76563,
4073,3.64309,
4074,3.58341,
4075,3.45005,
4076,3.57605,
4077,3.50932,
4078,3.52544,
4079,3.39956,
4080,3.34708,
4081,3.3198,
4082,3.51767,
4083,3.43971,
4084,3.41076,
4085,3.83855,
4086,3.69379,
4087,3.78182,
4088,3.74536,
4089,3.82231,
4090,3.86677,
4091,3.63678,
4092,3.63039,
4093,3.41914,
4094,3.43425,
4095,3.37609,
4096,3.56651,
4097,3.72897,
4098,3.55941,
4099,3.37132,
4100,3.25789,
4101,3.18836,
4102,3.12312,
4103,3.26096,
4104,3.17325,
4105,3.39566,
4106,3.22055,
4107,3.1373,
4108,3.16688,
4109,3.43949,
4110,3.37628,
4111,3.55156,
4112,3.15107,
4113,3.7128,
4114,3.4074,
4115,3.72174,
4116,4.03813,
4117,3.69484,
4118,3.75633,
4119,3.73776,
4120,3.76351,
4121,3.77063,
4122,3.80281,
4123,3.71314,
4124,3.53585,
4125,3.57165,
4126,3.61062,
4127,3.57695,
4128,3.539,
4129,3.61578,
4130,3.50805,
4131,3.59182,
4132,3.32335,
4133,3.64239,
4134,3.61926,
4135,3.28703,
4136,3.34466,
4137,3.47995,
4138,3.29642,
4139,3.30509,
4140,3.29416,
4141,3.14267,
4142,3.10925,
4143,3.23244,
4144,3.90836,
4145,3.88334,
4146,3.99582,
4147,3.92668,
4148,3.90333,
4149,3.89382,
4150,3.69876,
4151,3.74818,
4152,3.67331,
4153,3.76354,
4154,3.93426,
4155,3.82072,
4156,3.75459,
4157,3.66076,
4158,3.55134,
4159,3.83098,
4160,3.80208,
4161,3.86734,
4162,3.64231,
4163,3.86242,
4164,3.58367,
4165,3.5955,
4166,3.65136,
4167,3.71838,
4168,3.63396,
4169,3.63232,
4170,3.54959,
4171,3.55071,
4172,3.60887,
4173,3.43093,
4174,3.43545,
4175,3.64171,
4176,3.59261,
4177,3.51897,
4178,3.48111,
4179,3.49964,
4180,3.39817,
4181,3.44809,
4182,3.3829,
4183,3.35588,
4184,3.45636,
4185,3.22995,
4186,3.25523,
4187,3.43716,
4188,3.45861,
4189,3.89164,
4190,3.83895,
4191,3.77848,
4192,3.8983,
4193,3.85146,
4194,3.78267,
4195,3.71086,
4196,3.76086,
4197,3.64519,
4198,3.58248,
4199,3.57213,
4200,3.55602,
4201,3.70384,
4202,3.68377,
4203,3.55917,
4204,3.80303,
4205,3.774,
4206,3.36141,
4207,3.41185,
4208,3.49776,
4209,3.42794,
4210,3.5361,
4211,3.63725,
4212,3.59542,
4213,3.70579,
4214,3.76107,
4215,3.78064,
4216,3.30672,
4217,3.44852,
4218,3.59374,
4219,3.59706,
4220,3.74485,
4221,3.73707,
4222,3.76746,
4223,3.71725,
4224,3.79703,
4225,3.62659,
4226,3.52736,
4227,3.68361,
4228,3.40314,
4229,3.65882,
4230,3.69591,
4231,3.60821,
4232,3.62478,
4233,3.52603,
4234,3.77719,
4235,3.61134,
4236,3.80421,
4237,3.6678,
4238,3.69587,
4239,3.63332,
4240,3.80719,
4241,3.50405,
4242,3.57864,
4243,3.48656,
4244,3.46835,
4245,3.49612,
4246,3.40185,
4247,3.5435,
4248,3.44172,
4249,3.64109,
4250,3.22217,
4251,3.45342,
4252,3.72239,
4253,3.61523,
4254,3.60141,
4255,3.56097,
4256,3.61807,
4257,3.42,
4258,3.60253,
4259,3.08893,
4260,3.82024,
4261,3.7826,
4262,3.8662,
4263,3.98962,
4264,4.07435,
4265,3.81192,
4266,3.79897,
4267,3.7156,
4268,3.86826,
4269,3.79331,
4270,3.75318,
4271,3.72192,
4272,3.54689,
4273,3.58729,
4274,3.63546,
4275,3.74,
4276,3.53489,
4277,3.71903,
4278,3.75409,
4279,3.66358,
4280,3.62083,
4281,3.61893,
4282,3.70632,
4283,3.78841,
4284,3.65092,
4285,3.6796,
4286,3.6147,
4287,3.61054,
4288,3.70245,
4289,3.73793,
4290,3.57579,
4291,3.59761,
4292,3.58722,
4293,3.43045,
4294,3.41289,
4295,3.22968,
4296,3.55665,
4297,3.67341,
4298,3.36606,
4299,3.42417,
4300,3.56912,
4301,3.38122,
4302,3.31805,
4303,3.37742,
4304,3.32821,
4305,3.45909,
4306,3.36506,
4307,3.41357,
4308,3.57388,
4309,3.37644,
4310,3.64999,
4311,3.71064,
4312,3.70566,
4313,3.59872,
4314,3.58182,
4315,3.71483,
4316,3.59891,
4317,3.60102,
4318,3.58975,
4319,3.7314,
4320,3.45817,
4321,3.30845,
4322,3.54238,
4323,3.44666,
4324,3.52055,
4325,3.4443,
4326,3.20079,
4327,3.56107,
4328,3.57564,
4329,3.50535,
4330,3.42351,
4331,3.34293,
4332,3.59629,
4333,3.35222,
4334,3.22099,
4335,3.39778,
4336,3.39311,
4337,3.62555,
4338,3.41467,
4339,3.32575,
4340,3.40585,
4341,3.44914,
4342,3.32361,
4343,3.39868,
4344,3.52955,
4345,3.78926,
4346,3.64564,
4347,3.83182,
4348,3.64076,
4349,3.57192,
4350,3.5149,
4351,3.64509,
4352,3.64229,
4353,3.72193,
4354,3.61034,
4355,3.77831,
4356,3.57599,
4357,3.70318,
4358,3.52848,
4359,3.45675,
4360,3.61792,
4361,3.64774,
4362,3.67295,
4363,3.5853,
4364,3.23144,
4365,3.28813,
4366,3.48903,
4367,3.3758,
4368,3.472,
4369,3.24393,
4370,3.41556,
4371,3.58669,
4372,3.81565,
4373,3.65503,
4374,3.70264,
4375,3.71027,
4376,3.6853,
4377,3.66681,
4378,3.66133,
4379,3.66038,
4380,3.72149,
4381,3.65517,
4382,3.68463,
4383,3.6841,
4384,3.50968,
4385,3.62997,
4386,3.3203,
4387,3.47844,
4388,3.56707,
4389,3.48048,
4390,3.55076,
4391,3.35508,
4392,3.41923,
4393,3.54785,
4394,3.27851,
4395,3.45338,
4396,3.3491,
4397,3.24411,
4398,3.44775,
4399,3.23755,
4400,3.28311,
4401,3.29865,
4402,3.40351,
4403,3.32782,
4404,3.47471,
4405,3.54588,
4406,3.43654,
4407,3.37201,
4408,3.40575,
4409,3.6076,
4410,3.55406,
4411,3.37215,
4412,3.71193,
4413,3.70261,
4414,3.53816,
4415,3.73034,
4416,3.58651,
4417,3.39979,
4418,3.55728,
4419,3.49112,
4420,3.61642,
4421,3.57006,
4422,3.69877,
4423,3.78207,
4424,3.67054,
4425,3.56747,
4426,3.54862,
4427,3.41591,
4428,3.48243,
4429,3.52961,
4430,3.52845,
4431,3.49459,
4432,3.58134,
4433,3.51009,
4434,3.58308,
4435,3.40063,
4436,3.55129,
4437,3.63039,
4438,3.69326,
4439,3.74213,
4440,3.51465,
4441,3.3496,
4442,3.5373,
4443,3.27582,
4444,3.49256,
4445,3.79595,
4446,3.88121,
4447,3.74726,
4448,3.77124,
4449,3.67808,
4450,3.75402,
4451,3.63307,
4452,3.61378,
4453,3.55246,
4454,3.73964,
4455,3.50595,
4456,3.66404,
4457,3.39991,
4458,3.72644,
4459,3.68752,
4460,3.8418,
4461,3.59544,
4462,3.51097,
4463,3.62114,
4464,3.36755,
4465,3.56983,
4466,3.36391,
4467,3.45346,
4468,3.37237,
4469,3.60151,
4470,3.59982,
4471,3.22264,
4472,3.4823,
4473,3.49078,
4474,3.58719,
4475,3.54635,
4476,3.69061,
4477,3.61106,
4478,3.52332,
4479,3.58408,
4480,3.587,
4481,3.50773,
4482,3.33043,
4483,3.35278,
4484,3.86087,
4485,3.88261,
4486,3.80265,
4487,3.73357,
4488,3.6745,
4489,3.71112,
4490,3.59204,
4491,3.66967,
4492,3.5705,
4493,3.61084,
4494,3.61071,
4495,3.61472,
4496,3.46405,
4497,3.59454,
4498,3.50852,
4499,3.45178,
4500,3.69314,
4501,3.73372,
4502,3.48976,
4503,3.81405,
4504,3.66328,
4505,3.44308,
4506,3.36803,
4507,3.65045,
4508,3.60114,
4509,3.55037,
4510,3.5503,
4511,3.61698,
4512,3.47719,
4513,3.39834,
4514,3.54776,
4515,3.48048,
4516,3.65319,
4517,3.58342,
4518,3.62861,
4519,3.54473,
4520,3.64328,
4521,3.50162,
4522,3.63067,
4523,3.64021,
4524,3.27631,
4525,3.4255,
4526,3.42627,
4527,3.53619,
4528,3.58992,
4529,3.52454,
4530,3.31869,
4531,3.50499,
4532,3.57186,
4533,3.24301,
4534,3.30053,
4535,3.59399,
4536,3.62501,
4537,3.65878,
4538,3.50873,
4539,3.44844,
4540,3.5243,
4541,3.57678,
4542,3.43048,
4543,3.64391,
4544,3.54169,
4545,3.29698,
4546,3.46969,
4547,3.29993,
4548,3.46299,
4549,3.28051,
4550,3.60205,
4551,3.68828,
4552,3.59838,
4553,3.67004,
4554,3.70539,
4555,3.57793,
4556,3.65101,
4557,3.50129,
4558,3.52171,
4559,3.61402,
4560,3.58946,
4561,3.65102,
4562,3.73752,
4563,3.83655,
4564,4.66957,
4565,3.6034,
4566,3.57631,
4567,3.66591,
4568,3.65047,
4569,3.46756,
4570,3.5638,
4571,3.56525,
4572,3.55146,
4573,3.48318,
4574,3.99455,
4575,3.50964,
4576,3.53108,
4577,3.27023,
4578,3.37604,
4579,3.55498,
4580,3.5462,
4581,3.63968,
4582,3.68736,
4583,3.52452,
4584,3.71021,
4585,3.63171,
4586,3.59842,
4587,3.82938,
4588,3.6399,
4589,3.58388,
4590,3.72172,
4591,3.74354,
4592,3.70326,
4593,3.57445,
4594,3.69717,
4595,3.60531,
4596,3.60967,
4597,3.51022,
4598,3.3146,
4599,3.59259,
4600,3.51314,
4601,3.30376,
4602,3.37599,
4603,3.47701,
4604,3.54501,
4605,3.49,
4606,3.39772,
4607,3.54689,
4608,3.2751,
4609,3.43208,
4610,3.34823,
4611,3.55238,
4612,3.43395,
4613,3.45668,
4614,3.58891,
4615,3.50459,
4616,3.47445,
4617,3.44105,
4618,3.45231,
4619,3.33171,
4620,3.48049,
4621,3.4504,
4622,3.26118,
4623,3.35979,
4624,3.25736,
4625,3.41507,
4626,3.41279,
4627,3.44455,
4628,3.33595,
4629,3.4222,
4630,3.53259,
4631,3.21545,
4632,3.56373,
4633,3.39779,
4634,3.38841,
4635,3.36493,
4636,3.60696,
4637,3.66783,
4638,3.72995,
4639,3.45389,
4640,3.37227,
4641,3.70507,
4642,3.48269,
4643,3.51734,
4644,3.43238,
4645,3.32979,
4646,3.38903,
4647,3.55133,
4648,3.27244,
4649,3.17283,
4650,3.00314,
4651,3.2584,
4652,3.3928,
4653,3.52006,
4654,3.47113,
4655,3.47519,
4656,3.41065,
4657,3.25187,
4658,3.27255,
4659,3.40878,
4660,3.5263,
4661,3.32083,
4662,3.37667,
4663,3.0888,
4664,3.10577,
4665,3.50584,
4666,3.22622,
4667,3.40889,
4668,3.20029,
4669,3.31142,
4670,3.17916,
4671,3.22006,
4672,3.21722,
4673,3.25076,
4674,3.18143,
4675,3.09047,
4676,3.19326,
4677,3.39213,
4678,3.08395,
4679,3.37786,
4680,3.43425,
4681,3.73249,
4682,3.74644,
4683,3.70408,
4684,3.7009,
4685,3.68513,
4686,3.7528,
4687,3.57786,
4688,3.34753,
4689,3.52713,
4690,3.36116,
4691,3.40179,
4692,3.59417,
4693,3.46228,
4694,3.52576,
4695,3.45057,
4696,3.36236,
4697,3.31684,
4698,3.46991,
4699,3.52781,
4700,3.45384,
4701,3.48404,
4702,3.37711,
4703,3.23585,
4704,3.66086,
4705,3.33395,
4706,3.37501,
4707,3.47482,
4708,3.49779,
4709,3.37764,
4710,3.74183,
4711,3.55181,
4712,3.81039,
4713,3.64121,
4714,3.70724,
4715,3.6467,
4716,3.59818,
4717,3.6565,
4718,3.5314,
4719,3.5435,
4720,3.52114,
4721,3.51016,
4722,3.53938,
4723,3.36806,
4724,3.46257,
4725,3.35395,
4726,3.41138,
4727,3.27887,
4728,3.32199,
4729,3.32404,
4730,3.33981,
4731,3.35945,
4732,3.22991,
4733,3.31183,
4734,3.28114,
4735,3.44343,
4736,3.36285,
4737,3.40791,
4738,3.72001,
4739,3.67786,
4740,3.68142,
4741,3.65094,
4742,3.645,
4743,3.64897,
4744,3.563,
4745,3.67241,
4746,3.63976,
4747,3.55878,
4748,3.69369,
4749,3.55399,
4750,3.50473,
4751,3.28496,
4752,3.53513,
4753,3.49089,
4754,3.67044,
4755,3.50583,
4756,3.37919,
4757,3.47446,
4758,3.39941,
4759,3.4132,
4760,3.55394,
4761,3.57545,
4762,3.4219,
4763,3.36652,
4764,3.44365,
4765,3.69801,
4766,3.57827,
4767,3.69871,
4768,3.59217,
4769,3.71577,
4770,3.55528,
4771,3.67389,
4772,3.7795,
4773,3.56565,
4774,3.41161,
4775,3.40642,
4776,3.66313,
4777,3.56649,
4778,3.44483,
4779,3.50286,
4780,3.49867,
4781,3.57087,
4782,3.52179,
4783,3.6606,
4784,3.3137,
4785,3.3717,
4786,3.20128,
4787,3.32224,
4788,3.41018,
4789,3.36447,
4790,3.32148,
4791,3.50768,
4792,3.39496,
4793,3.40736,
4794,3.18086,
4795,3.2962,
4796,3.45397,
4797,3.40156,
4798,3.32989,
4799,3.80516,
4800,3.72938,
4801,3.72362,
4802,3.70939,
4803,3.57398,
4804,3.62585,
4805,3.45613,
4806,3.67582,
4807,3.77096,
4808,3.5449,
4809,3.63386,
4810,3.88477,
4811,3.92511,
4812,3.57766,
4813,3.61707,
4814,3.59906,
4815,3.65414,
4816,3.83462,
4817,3.64737,
4818,3.49449,
4819,3.50048,
4820,3.38658,
4821,3.44008,
4822,3.43104,
4823,3.44552,
4824,3.44134,
4825,3.40554,
4826,3.49218,
4827,3.95724,
4828,3.96695,
4829,3.85457,
4830,3.80521,
4831,3.79373,
4832,3.81074,
4833,3.79924,
4834,3.78835,
4835,3.72293,
4836,3.8459,
4837,3.82356,
4838,3.76592,
4839,3.71185,
4840,3.60175,
4841,3.71765,
4842,3.75046,
4843,3.69353,
4844,3.63997,
4845,3.57746,
4846,3.71273,
4847,3.90419,
4848,3.83382,
4849,3.73217,
4850,3.64798,
4851,3.64791,
4852,3.55755,
4853,3.71882,
4854,3.62847,
4855,3.59475,
4856,3.56466,
4857,3.43309,
4858,3.2743,
4859,3.49778,
4860,3.69467,
4861,3.56046,
4862,3.33126,
4863,3.53226,
4864,3.56993,
4865,3.41232,
4866,3.5217,
4867,3.57422,
4868,3.3608,
4869,3.64694,
4870,3.44381,
4871,3.47441,
4872,3.6749,
4873,3.62026,
4874,3.63962,
4875,3.64039,
4876,3.56403,
4877,3.49748,
4878,3.42092,
4879,3.42784,
4880,3.53905,
4881,3.43432,
4882,3.43928,
4883,3.53888,
4884,3.41089,
4885,3.35806,
4886,3.37128,
4887,3.32195,
4888,3.3016,
4889,3.47267,
4890,3.28679,
4891,3.21688,
4892,3.3025,
4893,3.37332,
4894,3.32809,
4895,3.16054,
4896,3.31014,
4897,3.31505,
4898,3.6069,
4899,3.54407,
4900,3.53616,
4901,3.57135,
4902,3.58942,
4903,3.48028,
4904,3.52976,
4905,3.28087,
4906,3.49967,
4907,3.49188,
4908,3.3326,
4909,3.65901,
4910,3.30656,
4911,3.31285,
4912,3.5994,
4913,3.40466,
4914,3.28143,
4915,3.37146,
4916,3.5879,
4917,3.09732,
4918,3.28505,
4919,3.4628,
4920,3.12959,
4921,3.36276,
4922,3.27171,
4923,3.24928,
4924,3.0959,
4925,3.70338,
4926,3.66501,
4927,3.62369,
4928,3.53571,
4929,3.64235,
4930,3.59643,
4931,3.67768,
4932,3.60381,
4933,3.52159,
4934,3.59938,
4935,3.5715,
4936,3.5016,
4937,3.4905,
4938,3.40941,
4939,3.43522,
4940,3.23424,
4941,3.34379,
4942,3.39788,
4943,3.47752,
4944,3.43097,
4945,3.2021,
4946,3.4162,
4947,3.30942,
4948,3.26081,
4949,3.06521,
4950,3.2084,
4951,3.3042,
4952,3.24216,
4953,3.27743,
4954,3.11071,
4955,3.02487,
4956,3.0236,
4957,3.27128,
4958,3.32719,
4959,4.08505,
4960,3.75459,
4961,3.6169,
4962,3.5308,
4963,3.70102,
4964,3.71698,
4965,3.52225,
4966,3.71822,
4967,3.58626,
4968,3.51557,
4969,3.45009,
4970,3.70469,
4971,3.5307,
4972,3.45007,
4973,3.6415,
4974,3.64663,
4975,3.61317,
4976,3.57847,
4977,3.60696,
4978,3.61435,
4979,3.67848,
4980,3.43129,
4981,3.43121,
4982,3.42708,
4983,3.68142,
4984,3.67297,
4985,3.5922,
4986,3.53835,
4987,3.70497,
4988,3.53273,
4989,3.57466,
4990,3.70497,
4991,3.59671,
4992,3.51986,
4993,3.55926,
4994,3.56018,
4995,3.43167,
4996,3.44567,
4997,3.49325,
4998,3.59237,
4999,3.41181,
5000,3.41353,
5001,3.29666,
5002,3.55069,
5003,3.59824,
5004,3.47372,
5005,3.19898,
5006,3.43772,
5007,3.32441,
5008,3.31829,
5009,3.43099,
5010,3.49715,
5011,3.50526,
5012,3.58788,
5013,3.48701,
5014,3.50589,
5015,3.39118,
5016,3.42525,
5017,3.33809,
5018,3.33763,
5019,3.33062,
5020,3.50878,
5021,3.26799,
5022,3.24987,
5023,3.25027,
5024,3.30504,
5025,3.34343,
5026,3.33023,
5027,3.14697,
5028,3.34553,
5029,3.17573,
5030,3.43133,
5031,3.19363,
5032,3.31863,
5033,3.43699,
5034,3.35432,
5035,3.41901,
5036,3.14078,
5037,3.24419,
5038,3.26154,
5039,3.32199,
5040,3.34258,
5041,3.01172,
5042,3.12255,
5043,2.99879,
5044,3.09779,
5045,3.3532,
5046,3.3811,
5047,3.32531,
5048,3.16276,
5049,3.42093,
5050,3.33625,
5051,3.66935,
5052,3.67882,
5053,3.68105,
5054,3.60976,
5055,3.53837,
5056,3.83404,
5057,3.57144,
5058,3.50249,
5059,3.62779,
5060,3.42279,
5061,3.5563,
5062,3.72564,
5063,3.53948,
5064,3.4713,
5065,3.55003,
5066,3.33704,
5067,3.48667,
5068,3.4201,
5069,3.34292,
5070,3.39967,
5071,3.35515,
5072,3.22393,
5073,3.36576,
5074,3.39534,
5075,3.2882,
5076,3.32104,
5077,3.47252,
5078,3.62394,
5079,3.41856,
5080,3.45249,
5081,3.31892,
5082,3.72407,
5083,3.68903,
5084,3.697,
5085,3.68201,
5086,3.72063,
5087,3.67254,
5088,3.56341,
5089,3.71449,
5090,3.61049,
5091,3.61081,
5092,3.61904,
5093,3.62993,
5094,3.46148,
5095,3.70959,
5096,3.59487,
5097,3.63806,
5098,3.66774,
5099,3.51999,
5100,3.53492,
5101,3.50898,
5102,3.61628,
5103,3.91372,
5104,3.73651,
5105,3.50583,
5106,3.54947,
5107,3.42107,
5108,3.35106,
5109,3.30304,
5110,3.28729,
5111,3.42194,
5112,2.98376,
5113,3.22479,
5114,3.2422,
5115,3.26066,
5116,3.23018,
5117,3.03024,
5118,3.13393,
5119,3.38663,
5120,3.49766,
5121,3.4317,
5122,3.09541,
5123,3.12963,
5124,3.69564,
5125,3.7864,
5126,3.73464,
5127,3.78074,
5128,3.68257,
5129,3.75498,
5130,3.67774,
5131,3.52721,
5132,3.60376,
5133,3.62827,
5134,3.52414,
5135,3.58139,
5136,3.65535,
5137,3.67498,
5138,3.54959,
5139,3.47743,
5140,3.35234,
5141,3.46811,
5142,3.39731,
5143,3.43749,
5144,3.29064,
5145,3.24448,
5146,3.19656,
5147,3.41394,
5148,3.34323,
5149,3.31591,
5150,3.70938,
5151,3.62291,
5152,3.66139,
5153,3.623,
5154,3.70743,
5155,3.76772,
5156,3.54466,
5157,3.55655,
5158,3.32482,
5159,3.32276,
5160,3.27285,
5161,3.46574,
5162,3.64697,
5163,3.45844,
5164,3.28181,
5165,3.16706,
5166,3.08639,
5167,3.02241,
5168,3.17367,
5169,3.09008,
5170,3.32278,
5171,3.13389,
5172,3.03923,
5173,3.09809,
5174,3.34375,
5175,3.27698,
5176,3.46421,
5177,3.07753,
5178,3.61592,
5179,3.32008,
5180,3.62417,
5181,3.9361,
5182,3.6087,
5183,3.65684,
5184,3.65235,
5185,3.66189,
5186,3.69627,
5187,3.67716,
5188,3.58578,
5189,3.43741,
5190,3.44077,
5191,3.49178,
5192,3.47875,
5193,3.43293,
5194,3.50349,
5195,3.38007,
5196,3.48804,
5197,3.22223,
5198,3.56809,
5199,3.54374,
5200,3.19852,
5201,3.24957,
5202,3.41059,
5203,3.18451,
5204,3.1996,
5205,3.18485,
5206,3.04045,
5207,3.01195,
5208,3.12844,
5209,3.79975,
5210,3.77298,
5211,3.91884,
5212,3.841,
5213,3.82951,
5214,3.77662,
5215,3.59704,
5216,3.62791,
5217,3.55205,
5218,3.64181,
5219,3.86225,
5220,3.7403,
5221,3.66591,
5222,3.56086,
5223,3.45732,
5224,3.74143,
5225,3.71952,
5226,3.80537,
5227,3.56125,
5228,3.76274,
5229,3.47157,
5230,3.50764,
5231,3.55331,
5232,3.63786,
5233,3.52832,
5234,3.53919,
5235,3.45348,
5236,3.44484,
5237,3.5171,
5238,3.32721,
5239,3.33657,
5240,3.5219,
5241,3.49795,
5242,3.41304,
5243,3.3744,
5244,3.39641,
5245,3.30229,
5246,3.36451,
5247,3.2696,
5248,3.27217,
5249,3.36606,
5250,3.12903,
5251,3.17727,
5252,3.35665,
5253,3.35944,
5254,3.77688,
5255,3.73089,
5256,3.68233,
5257,3.81405,
5258,3.75726,
5259,3.66422,
5260,3.64384,
5261,3.67788,
5262,3.54667,
5263,3.5096,
5264,3.46533,
5265,3.4526,
5266,3.61181,
5267,3.576,
5268,3.48434,
5269,3.72749,
5270,3.67306,
5271,3.26043,
5272,3.31819,
5273,3.40445,
5274,3.34122,
5275,3.44319,
5276,3.53687,
5277,3.51788,
5278,3.62376,
5279,3.67319,
5280,3.67809,
5281,3.22167,
5282,3.34348,
5283,3.50222,
5284,3.52502,
5285,3.66927,
5286,3.61083,
5287,3.65753,
5288,3.63202,
5289,3.7006,
5290,3.53028,
5291,3.44576,
5292,3.58228,
5293,3.3074,
5294,3.55811,
5295,3.60301,
5296,3.52834,
5297,3.54002,
5298,3.45189,
5299,3.69571,
5300,3.52798,
5301,3.70977,
5302,3.59193,
5303,3.62257,
5304,3.56347,
5305,3.70919,
5306,3.41446,
5307,3.49355,
5308,3.40943,
5309,3.38001,
5310,3.40675,
5311,3.29302,
5312,3.43437,
5313,3.35814,
5314,3.55203,
5315,3.13396,
5316,3.36539,
5317,3.64493,
5318,3.53922,
5319,3.52492,
5320,3.47441,
5321,3.54695,
5322,3.31502,
5323,3.49931,
5324,2.96291,
5325,3.71898,
5326,3.66455,
5327,3.76344,
5328,3.86899,
5329,4.00954,
5330,3.73037,
5331,3.70833,
5332,3.61508,
5333,3.76553,
5334,3.70853,
5335,3.67927,
5336,3.64035,
5337,3.45377,
5338,3.48461,
5339,3.54597,
5340,3.65735,
5341,3.44055,
5342,3.62394,
5343,3.64741,
5344,3.57611,
5345,3.54763,
5346,3.51368,
5347,3.61415,
5348,3.66563,
5349,3.57158,
5350,3.56284,
5351,3.52089,
5352,3.49037,
5353,3.62402,
5354,3.65016,
5355,3.48199,
5356,3.52336,
5357,3.47187,
5358,3.32695,
5359,3.30571,
5360,3.11561,
5361,3.44796,
5362,3.56373,
5363,3.27346,
5364,3.32766,
5365,3.50317,
5366,3.29872,
5367,3.21497,
5368,3.29313,
5369,3.23233,
5370,3.35451,
5371,3.27722,
5372,3.31786,
5373,3.48142,
5374,3.30038,
5375,3.55717,
5376,3.6188,
5377,3.63375,
5378,3.51382,
5379,3.49508,
5380,3.6201,
5381,3.51485,
5382,3.50959,
5383,3.47922,
5384,3.66912,
5385,3.37211,
5386,3.2048,
5387,3.46085,
5388,3.34727,
5389,3.43602,
5390,3.36973,
5391,3.10659,
5392,3.47931,
5393,3.49965,
5394,3.40472,
5395,3.34927,
5396,3.25621,
5397,3.50662,
5398,3.25514,
5399,3.11321,
5400,3.31059,
5401,3.32579,
5402,3.55176,
5403,3.33075,
5404,3.23428,
5405,3.32542,
5406,3.36374,
5407,3.24872,
5408,3.29581,
5409,3.451,
5410,3.71885,
5411,3.56576,
5412,3.73559,
5413,3.54286,
5414,3.47676,
5415,3.41348,
5416,3.55338,
5417,3.54682,
5418,3.58618,
5419,3.51163,
5420,3.71138,
5421,3.45753,
5422,3.54453,
5423,3.40561,
5424,3.33985,
5425,3.50521,
5426,3.52519,
5427,3.57336,
5428,3.47864,
5429,3.12188,
5430,3.18872,
5431,3.40597,
5432,3.28382,
5433,3.38769,
5434,3.1303,
5435,3.30953,
5436,3.48473,
5437,3.71891,
5438,3.51786,
5439,3.60157,
5440,3.61485,
5441,3.58573,
5442,3.57775,
5443,3.54746,
5444,3.5773,
5445,3.62904,
5446,3.57138,
5447,3.59653,
5448,3.59662,
5449,3.43556,
5450,3.54822,
5451,3.20694,
5452,3.39061,
5453,3.46726,
5454,3.38814,
5455,3.46001,
5456,3.25464,
5457,3.31902,
5458,3.45813,
5459,3.16998,
5460,3.34426,
5461,3.24257,
5462,3.14979,
5463,3.35777,
5464,3.14568,
5465,3.17849,
5466,3.19812,
5467,3.31167,
5468,3.24147,
5469,3.39071,
5470,3.46838,
5471,3.33753,
5472,3.28525,
5473,3.29106,
5474,3.48514,
5475,3.4564,
5476,3.28691,
5477,3.6118,
5478,3.5931,
5479,3.43957,
5480,3.61045,
5481,3.48491,
5482,3.31181,
5483,3.46824,
5484,3.40003,
5485,3.52367,
5486,3.48394,
5487,3.61036,
5488,3.69291,
5489,3.57773,
5490,3.47787,
5491,3.46352,
5492,3.3347,
5493,3.40586,
5494,3.40711,
5495,3.42992,
5496,3.37456,
5497,3.45933,
5498,3.403,
5499,3.50533,
5500,3.30564,
5501,3.40786,
5502,3.54055,
5503,3.60664,
5504,3.674,
5505,3.41653,
5506,3.24581,
5507,3.4567,
5508,3.17199,
5509,3.40301,
5510,3.70748,
5511,3.79437,
5512,3.6636,
5513,3.68185,
5514,3.54235,
5515,3.68378,
5516,3.56176,
5517,3.51857,
5518,3.45094,
5519,3.6757,
5520,3.41567,
5521,3.58269,
5522,3.30388,
5523,3.64104,
5524,3.60646,
5525,3.75352,
5526,3.49803,
5527,3.44749,
5528,3.53329,
5529,3.26853,
5530,3.48644,
5531,3.27152,
5532,3.34857,
5533,3.30819,
5534,3.53394,
5535,3.52008,
5536,3.12651,
5537,3.40368,
5538,3.39215,
5539,3.48821,
5540,3.4588,
5541,3.62642,
5542,3.53618,
5543,3.43278,
5544,3.50755,
5545,3.49731,
5546,3.41838,
5547,3.2619,
5548,3.26432,
5549,3.78935,
5550,3.78142,
5551,3.7265,
5552,3.64777,
5553,3.58538,
5554,3.62785,
5555,3.49334,
5556,3.62467,
5557,3.49937,
5558,3.5299,
5559,3.51058,
5560,3.52795,
5561,3.39056,
5562,3.52064,
5563,3.43314,
5564,3.3571,
5565,3.61999,
5566,3.6565,
5567,3.39449,
5568,3.72663,
5569,3.55939,
5570,3.36313,
5571,3.27622,
5572,3.55522,
5573,3.50502,
5574,3.44713,
5575,3.46714,
5576,3.52585,
5577,3.3792,
5578,3.32119,
5579,3.4498,
5580,3.39682,
5581,3.54332,
5582,3.49857,
5583,3.52768,
5584,3.42801,
5585,3.53554,
5586,3.41845,
5587,3.54497,
5588,3.55782,
5589,3.18706,
5590,3.33221,
5591,3.33327,
5592,3.46164,
5593,3.52744,
5594,3.45448,
5595,3.231,
5596,3.39379,
5597,3.49725,
5598,3.15302,
5599,3.21914,
5600,3.53004,
5601,3.50918,
5602,3.56468,
5603,3.41465,
5604,3.36093,
5605,3.45384,
5606,3.49408,
5607,3.35665,
5608,3.55811,
5609,3.46427,
5610,3.19287,
5611,3.37746,
5612,3.22777,
5613,3.39816,
5614,3.17884,
5615,3.47267,
5616,3.61142,
5617,3.49609,
5618,3.58555,
5619,3.64183,
5620,3.49436,
5621,3.56402,
5622,3.40285,
5623,3.4474,
5624,3.53811,
5625,3.49761,
5626,3.57142,
5627,3.67512,
5628,3.77377,
5629,4.6279,
5630,3.52363,
5631,3.48615,
5632,3.59957,
5633,3.57226,
5634,3.36119,
5635,3.49023,
5636,3.49016,
5637,3.46702,
5638,3.3863,
5639,3.92648,
5640,3.42923,
5641,3.45208,
5642,3.14791,
5643,3.281,
5644,3.4747,
5645,3.47742,
5646,3.56594,
5647,3.62742,
5648,3.45253,
5649,3.647,
5650,3.55972,
5651,3.50983,
5652,3.78546,
5653,3.56676,
5654,3.51046,
5655,3.62613,
5656,3.68456,
5657,3.63763,
5658,3.49548,
5659,3.58153,
5660,3.51363,
5661,3.52085,
5662,3.41007,
5663,3.23141,
5664,3.5198,
5665,3.4234,
5666,3.22564,
5667,3.28742,
5668,3.38321,
5669,3.44891,
5670,3.40904,
5671,3.32369,
5672,3.45206,
5673,3.17147,
5674,3.33878,
5675,3.24977,
5676,3.47693,
5677,3.34953,
5678,3.35903,
5679,3.48914,
5680,3.39614,
5681,3.39095,
5682,3.35169,
5683,3.36495,
5684,3.23371,
5685,3.4172,
5686,3.38053,
5687,3.1633,
5688,3.26652,
5689,3.15371,
5690,3.33266,
5691,3.32306,
5692,3.3486,
5693,3.2575,
5694,3.3276,
5695,3.43545,
5696,3.12546,
5697,3.46199,
5698,3.30504,
5699,3.30637,
5700,3.28915,
5701,3.53127,
5702,3.59367,
5703,3.659,
5704,3.39289,
5705,3.27723,
5706,3.63799,
5707,3.41149,
5708,3.44102,
5709,3.34384,
5710,3.2473,
5711,3.31447,
5712,3.47503,
5713,3.16255,
5714,3.07377,
5715,2.89646,
5716,3.17332,
5717,3.31077,
5718,3.4325,
5719,3.38786,
5720,3.39313,
5721,3.32542,
5722,3.1527,
5723,3.18267,
5724,3.33129,
5725,3.45865,
5726,3.23912,
5727,3.30955,
5728,2.98035,
5729,3.01362,
5730,3.42921,
5731,3.14308,
5732,3.32135,
5733,3.11992,
5734,3.24018,
5735,3.09817,
5736,3.13385,
5737,3.12726,
5738,3.15274,
5739,3.10936,
5740,3.02736,
5741,3.12384,
5742,3.31328,
5743,3.0002,
5744,3.29819,
5745,3.34373,
5746,3.63509,
5747,3.66347,
5748,3.61283,
5749,3.62999,
5750,3.58939,
5751,3.68817,
5752,3.48854,
5753,3.23326,
5754,3.44323,
5755,3.27718,
5756,3.33587,
5757,3.52815,
5758,3.39044,
5759,3.44989,
5760,3.3666,
5761,3.28287,
5762,3.23446,
5763,3.38511,
5764,3.43752,
5765,3.37883,
5766,3.40285,
5767,3.30421,
5768,3.16719,
5769,3.58045,
5770,3.24474,
5771,3.291,
5772,3.41041,
5773,3.40972,
5774,3.29079,
5775,3.67231,
5776,3.48654,
5777,3.74397,
5778,3.5539,
5779,3.63046,
5780,3.5491,
5781,3.52024,
5782,3.56747,
5783,3.4477,
5784,3.45551,
5785,3.45634,
5786,3.41178,
5787,3.43941,
5788,3.27472,
5789,3.38551,
5790,3.27908,
5791,3.31096,
5792,3.1874,
5793,3.25099,
5794,3.21817,
5795,3.23804,
5796,3.29242,
5797,3.13074,
5798,3.23504,
5799,3.18187,
5800,3.35364,
5801,3.29458,
5802,3.32804,
5803,3.62259,
5804,3.62548,
5805,3.59644,
5806,3.58,
5807,3.5737,
5808,3.56003,
5809,3.48886,
5810,3.59045,
5811,3.5298,
5812,3.47904,
5813,3.5933,
5814,3.46286,
5815,3.41974,
5816,3.20221,
5817,3.45412,
5818,3.43262,
5819,3.59066,
5820,3.41992,
5821,3.30025,
5822,3.40541,
5823,3.33016,
5824,3.32793,
5825,3.49941,
5826,3.52678,
5827,3.34105,
5828,3.28811,
5829,3.34929,
5830,3.6121,
5831,3.51145,
5832,3.62984,
5833,3.48025,
5834,3.64065,
5835,3.46803,
5836,3.56107,
5837,3.69832,
5838,3.48533,
5839,3.3289,
5840,3.31477,
5841,3.56158,
5842,3.47053,
5843,3.38335,
5844,3.42669,
5845,3.40677,
5846,3.4897,
5847,3.45136,
5848,3.58292,
5849,3.24248,
5850,3.29252,
5851,3.12528,
5852,3.25501,
5853,3.31644,
5854,3.28878,
5855,3.25441,
5856,3.44548,
5857,3.33323,
5858,3.3325,
5859,3.08601,
5860,3.21978,
5861,3.36618,
5862,3.31192,
5863,3.24625,
5864,3.74002,
5865,3.64479,
5866,3.62824,
5867,3.61665,
5868,3.48327,
5869,3.55436,
5870,3.36282,
5871,3.57199,
5872,3.69736,
5873,3.48148,
5874,3.54387,
5875,3.78985,
5876,3.85773,
5877,3.49957,
5878,3.50199,
5879,3.52601,
5880,3.58438,
5881,3.75865,
5882,3.54639,
5883,3.41683,
5884,3.40866,
5885,3.30049,
5886,3.35183,
5887,3.35624,
5888,3.36391,
5889,3.33669,
5890,3.29602,
5891,3.42379,
5892,3.89116,
5893,3.90252,
5894,3.80757,
5895,3.74412,
5896,3.72133,
5897,3.74208,
5898,3.73463,
5899,3.72819,
5900,3.65976,
5901,3.7789,
5902,3.75509,
5903,3.68588,
5904,3.65279,
5905,3.52592,
5906,3.66318,
5907,3.69982,
5908,3.64021,
5909,3.57099,
5910,3.50181,
5911,3.61085,
5912,3.8328,
5913,3.73388,
5914,3.64312,
5915,3.55354,
5916,3.56045,
5917,3.46256,
5918,3.64891,
5919,3.54661,
5920,3.52297,
5921,3.49787,
5922,3.34855,
5923,3.18447,
5924,3.4236,
5925,3.65606,
5926,3.49914,
5927,3.25879,
5928,3.45531,
5929,3.49144,
5930,3.33698,
5931,3.43698,
5932,3.50263,
5933,3.29737,
5934,3.54637,
5935,3.35915,
5936,3.40713,
5937,3.60836,
5938,3.52007,
5939,3.53803,
5940,3.5629,
5941,3.45841,
5942,3.39064,
5943,3.313,
5944,3.32528,
5945,3.4457,
5946,3.35257,
5947,3.32883,
5948,3.44134,
5949,3.30994,
5950,3.26274,
5951,3.28296,
5952,3.23137,
5953,3.18157,
5954,3.37351,
5955,3.19218,
5956,3.13032,
5957,3.22072,
5958,3.31154,
5959,3.24916,
5960,3.08037,
5961,3.23271,
5962,3.246,
5963,3.5148,
5964,3.45757,
5965,3.45052,
5966,3.50424,
5967,3.51334,
5968,3.4148,
5969,3.45025,
5970,3.20886,
5971,3.41699,
5972,3.39663,
5973,3.2481,
5974,3.59481,
5975,3.25146,
5976,3.23716,
5977,3.53564,
5978,3.33379,
5979,3.19219,
5980,3.28147,
5981,3.51361,
5982,3.0141,
5983,3.19627,
5984,3.39917,
5985,3.08181,
5986,3.2815,
5987,3.2006,
5988,3.15357,
5989,3.04,
5990,3.62455,
5991,3.59382,
5992,3.53117,
5993,3.4538,
5994,3.57909,
5995,3.52029,
5996,3.60803,
5997,3.52878,
5998,3.39386,
5999,3.51583,
6000,3.48028,
6001,3.42019,
6002,3.39659,
6003,3.33506,
6004,3.3686,
6005,3.13406,
6006,3.27704,
6007,3.31862,
6008,3.39435,
6009,3.3582,
6010,3.09112,
6011,3.31268,
6012,3.24635,
6013,3.17984,
6014,2.9681,
6015,3.13505,
6016,3.20386,
6017,3.16057,
6018,3.19015,
6019,3.03433,
6020,2.95224,
6021,2.95719,
6022,3.19924,
6023,3.24966,
6024,4.00779,
6025,3.694,
6026,3.53954,
6027,3.45672,
6028,3.62594,
6029,3.64764,
6030,3.43376,
6031,3.64111,
6032,3.50032,
6033,3.42073,
6034,3.37633,
6035,3.64657,
6036,3.47168,
6037,3.37458,
6038,3.5614,
6039,3.57848,
6040,3.53857,
6041,3.50596,
6042,3.53948,
6043,3.55899,
6044,3.5781,
6045,3.37208,
6046,3.34784,
6047,3.35057,
6048,3.57373,
6049,3.59538,
6050,3.51161,
6051,3.47387,
6052,3.61033,
6053,3.42626,
6054,3.48951,
6055,3.6245,
6056,3.51629,
6057,3.46158,
6058,3.48407,
6059,3.48152,
6060,3.31876,
6061,3.36626,
6062,3.41143,
6063,3.52933,
6064,3.31386,
6065,3.34434,
6066,3.23029,
6067,3.48261,
6068,3.52765,
6069,3.39532,
6070,3.12025,
6071,3.37722,
6072,3.23298,
6073,3.21564,
6074,3.35051,
6075,3.43351,
6076,3.40849,
6077,3.47637,
6078,3.41908,
6079,3.42733,
6080,3.33201,
6081,3.35342,
6082,3.26615,
6083,3.27462,
6084,3.25271,
6085,3.41317,
6086,3.16644,
6087,3.15078,
6088,3.16822,
6089,3.22779,
6090,3.28115,
6091,3.26005,
6092,3.08072,
6093,3.2868,
6094,3.10592,
6095,3.33972,
6096,3.12242,
6097,3.23277,
6098,3.37181,
6099,3.29097,
6100,3.33839,
6101,3.05882,
6102,3.18917,
6103,3.19276,
6104,3.24924,
6105,3.30205,
6106,2.95408,
6107,3.05968,
6108,2.94093,
6109,3.00096,
6110,3.27022,
6111,3.29114,
6112,3.25314,
6113,3.0917,
6114,3.34402,
6115,3.2389,
6116,3.55102,
6117,3.59925,
6118,3.60508,
6119,3.53495,
6120,3.45519,
6121,3.74979,
6122,3.48851,
6123,3.39546,
6124,3.54589,
6125,3.31883,
6126,3.48575,
6127,3.63347,
6128,3.44594,
6129,3.41796,
6130,3.47202,
6131,3.22395,
6132,3.39001,
6133,3.33062,
6134,3.25206,
6135,3.31848,
6136,3.27789,
6137,3.13937,
6138,3.28613,
6139,3.33291,
6140,3.20134,
6141,3.23411,
6142,3.41949,
6143,3.56427,
6144,3.33654,
6145,3.39494,
6146,3.24561,
6147,3.66882,
6148,3.62139,
6149,3.64403,
6150,3.60847,
6151,3.65834,
6152,3.5867,
6153,3.49804,
6154,3.66808,
6155,3.55303,
6156,3.55667,
6157,3.5677,
6158,3.57991,
6159,3.39724,
6160,3.6257,
6161,3.53657,
6162,3.57068,
6163,3.60743,
6164,3.45784,
6165,3.48324,
6166,3.44147,
6167,3.55932,
6168,3.82226,
6169,3.66613,
6170,3.40094,
6171,3.45415,
6172,3.29598,
6173,3.23048,
6174,3.19344,
6175,3.15481,
6176,3.34055,
6177,2.87598,
6178,3.14786,
6179,3.15568,
6180,3.1596,
6181,3.14918,
6182,2.94629,
6183,3.03941,
6184,3.27664,
6185,3.41678,
6186,3.3439,
6187,3.01083,
6188,3.05378,
6189,3.62149,
6190,3.68662,
6191,3.64822,
6192,3.71349,
6193,3.60253,
6194,3.68006,
6195,3.60126,
6196,3.43983,
6197,3.54364,
6198,3.54165,
6199,3.43259,
6200,3.48952,
6201,3.59383,
6202,3.60864,
6203,3.46748,
6204,3.39241,
6205,3.24288,
6206,3.38808,
6207,3.34377,
6208,3.37924,
6209,3.20296,
6210,3.16298,
6211,3.10177,
6212,3.31909,
6213,3.27344,
6214,3.24411,
6215,3.59074,
6216,3.52427,
6217,3.57208,
6218,3.52943,
6219,3.62789,
6220,3.63852,
6221,3.44366,
6222,3.47125,
6223,3.2394,
6224,3.22742,
6225,3.19801,
6226,3.39855,
6227,3.54234,
6228,3.3603,
6229,3.19184,
6230,3.07935,
6231,3.00901,
6232,2.92999,
6233,3.09369,
6234,3.01784,
6235,3.25446,
6236,3.04914,
6237,2.96798,
6238,3.0189,
6239,3.25477,
6240,3.20566,
6241,3.39476,
6242,3.00834,
6243,3.53785,
6244,3.24052,
6245,3.53352,
6246,3.87457,
6247,3.53781,
6248,3.58867,
6249,3.57109,
6250,3.57073,
6251,3.61909,
6252,3.57602,
6253,3.48819,
6254,3.35883,
6255,3.35372,
6256,3.40518,
6257,3.37311,
6258,3.36738,
6259,3.42807,
6260,3.29812,
6261,3.3996,
6262,3.13564,
6263,3.48733,
6264,3.47648,
6265,3.1334,
6266,3.16186,
6267,3.35135,
6268,3.11209,
6269,3.11254,
6270,3.10296,
6271,2.9515,
6272,2.931,
6273,3.0532,
6274,3.73173,
6275,3.70347,
6276,3.84059,
6277,3.78177,
6278,3.76612,
6279,3.67676,
6280,3.50712,
6281,3.54217,
6282,3.4597,
6283,3.5521,
6284,3.79157,
6285,3.66439,
6286,3.59558,
6287,3.47638,
6288,3.37992,
6289,3.67387,
6290,3.64026,
6291,3.72072,
6292,3.46438,
6293,3.6926,
6294,3.4031,
6295,3.43682,
6296,3.46612,
6297,3.58243,
6298,3.46897,
6299,3.46981,
6300,3.38208,
6301,3.36869,
6302,3.46015,
6303,3.25523,
6304,3.26667,
6305,3.4284,
6306,3.43988,
6307,3.34741,
6308,3.27813,
6309,3.30476,
6310,3.22515,
6311,3.30521,
6312,3.20352,
6313,3.19556,
6314,3.30106,
6315,3.04874,
6316,3.11027,
6317,3.30686,
6318,3.28709,
6319,3.68979,
6320,3.65736,
6321,3.6055,
6322,3.74129,
6323,3.69802,
6324,3.61112,
6325,3.57794,
6326,3.58975,
6327,3.45823,
6328,3.44266,
6329,3.37425,
6330,3.38839,
6331,3.54999,
6332,3.50645,
6333,3.40448,
6334,3.62986,
6335,3.6011,
6336,3.17293,
6337,3.2582,
6338,3.31776,
6339,3.28067,
6340,3.40956,
6341,3.46636,
6342,3.45061,
6343,3.56577,
6344,3.62144,
6345,3.60504,
6346,3.13284,
6347,3.2828,
6348,3.45281,
6349,3.47756,
6350,3.58719,
6351,3.54857,
6352,3.60744,
6353,3.56696,
6354,3.62619,
6355,3.45251,
6356,3.37519,
6357,3.5333,
6358,3.23047,
6359,3.48773,
6360,3.51297,
6361,3.46884,
6362,3.45204,
6363,3.37866,
6364,3.63469,
6365,3.45985,
6366,3.64272,
6367,3.52559,
6368,3.56572,
6369,3.5172,
6370,3.63967,
6371,3.35033,
6372,3.43705,
6373,3.35795,
6374,3.30767,
6375,3.32852,
6376,3.2277,
6377,3.36357,
6378,3.2869,
6379,3.4775,
6380,3.06974,
6381,3.28413,
6382,3.58352,
6383,3.46392,
6384,3.46338,
6385,3.40122,
6386,3.48436,
6387,3.23908,
6388,3.4384,
6389,2.89286,
6390,3.66098,
6391,3.61482,
6392,3.70726,
6393,3.80241,
6394,3.95491,
6395,3.68182,
6396,3.66074,
6397,3.54581,
6398,3.71112,
6399,3.63971,
6400,3.61496,
6401,3.59476,
6402,3.39092,
6403,3.42643,
6404,3.483,
6405,3.61091,
6406,3.3703,
6407,3.55082,
6408,3.57341,
6409,3.49835,
6410,3.48535,
6411,3.43629,
6412,3.54827,
6413,3.59893,
6414,3.50768,
6415,3.50262,
6416,3.46035,
6417,3.412,
6418,3.5695,
6419,3.59149,
6420,3.41223,
6421,3.45214,
6422,3.3663,
6423,3.25148,
6424,3.21425,
6425,3.03736,
6426,3.38881,
6427,3.48556,
6428,3.21038,
6429,3.26588,
6430,3.43537,
6431,3.24768,
6432,3.15425,
6433,3.23064,
6434,3.16803,
6435,3.29371,
6436,3.20034,
6437,3.24583,
6438,3.40763,
6439,3.23642,
6440,3.49995,
6441,3.55636,
6442,3.55921,
6443,3.42067,
6444,3.41966,
6445,3.56605,
6446,3.45249,
6447,3.43941,
6448,3.42253,
6449,3.61534,
6450,3.30781,
6451,3.13954,
6452,3.37986,
6453,3.26835,
6454,3.3706,
6455,3.30771,
6456,3.02355,
6457,3.41405,
6458,3.43638,
6459,3.34817,
6460,3.28577,
6461,3.1937,
6462,3.44432,
6463,3.2,
6464,3.01159,
6465,3.26095,
6466,3.26347,
6467,3.48877,
6468,3.2869,
6469,3.17575,
6470,3.27558,
6471,3.30009,
6472,3.1823,
6473,3.2425,
6474,3.38539,
6475,3.66264,
6476,3.50451,
6477,3.65829,
6478,3.46899,
6479,3.40753,
6480,3.34703,
6481,3.49434,
6482,3.48323,
6483,3.50216,
6484,3.45351,
6485,3.65105,
6486,3.36978,
6487,3.45765,
6488,3.33566,
6489,3.27586,
6490,3.43548,
6491,3.44117,
6492,3.50225,
6493,3.3923,
6494,3.05203,
6495,3.14466,
6496,3.32778,
6497,3.20912,
6498,3.32576,
6499,3.06554,
6500,3.22476,
6501,3.42828,
6502,3.64952,
6503,3.42787,
6504,3.53918,
6505,3.54882,
6506,3.51458,
6507,3.50288,
6508,3.47926,
6509,3.50789,
6510,3.56068,
6511,3.49049,
6512,3.52591,
6513,3.52277,
6514,3.37744,
6515,3.4793,
6516,3.13161,
6517,3.30842,
6518,3.39107,
6519,3.31131,
6520,3.38206,
6521,3.16896,
6522,3.26063,
6523,3.38867,
6524,3.10302,
6525,3.27571,
6526,3.18655,
6527,3.08972,
6528,3.29335,
6529,3.08447,
6530,3.10264,
6531,3.12431,
6532,3.2543,
6533,3.17105,
6534,3.30922,
6535,3.39355,
6536,3.2727,
6537,3.19461,
6538,3.22161,
6539,3.38709,
6540,3.38215,
6541,3.20944,
6542,3.53988,
6543,3.5191,
6544,3.38551,
6545,3.53122,
6546,3.40052,
6547,3.24648,
6548,3.3893,
6549,3.31569,
6550,3.44873,
6551,3.42405,
6552,3.54256,
6553,3.63667,
6554,3.51482,
6555,3.38712,
6556,3.38372,
6557,3.26048,
6558,3.34696,
6559,3.31953,
6560,3.35305,
6561,3.28688,
6562,3.37969,
6563,3.31689,
6564,3.44345,
6565,3.24199,
6566,3.34003,
6567,3.48525,
6568,3.51981,
6569,3.60457,
6570,3.3374,
6571,3.1554,
6572,3.3807,
6573,3.09118,
6574,3.34563,
6575,3.64159,
6576,3.72373,
6577,3.61313,
6578,3.6146,
6579,3.46268,
6580,3.62457,
6581,3.48341,
6582,3.44731,
6583,3.39561,
6584,3.61864,
6585,3.35918,
6586,3.52119,
6587,3.22947,
6588,3.55373,
6589,3.53979,
6590,3.69455,
6591,3.42682,
6592,3.39843,
6593,3.4687,
6594,3.21954,
6595,3.42977,
6596,3.20199,
6597,3.28934,
6598,3.25891,
6599,3.50151,
6600,3.46191,
6601,3.06895,
6602,3.35678,
6603,3.34915,
6604,3.43838,
6605,3.40864,
6606,3.58043,
6607,3.49992,
6608,3.37808,
6609,3.45327,
6610,3.44657,
6611,3.36631,
6612,3.20262,
6613,3.20651,
6614,3.71573,
6615,3.6891,
6616,3.63444,
6617,3.56461,
6618,3.50701,
6619,3.55648,
6620,3.42281,
6621,3.58462,
6622,3.41456,
6623,3.48301,
6624,3.44425,
6625,3.45,
6626,3.32398,
6627,3.46287,
6628,3.38869,
6629,3.29584,
6630,3.55256,
6631,3.60186,
6632,3.3144,
6633,3.66622,
6634,3.48309,
6635,3.30202,
6636,3.21305,
6637,3.4748,
6638,3.45002,
6639,3.35918,
6640,3.39868,
6641,3.46641,
6642,3.30889,
6643,3.26214,
6644,3.38662,
6645,3.31267,
6646,3.45797,
6647,3.41356,
6648,3.46737,
6649,3.34805,
6650,3.43718,
6651,3.34301,
6652,3.48458,
6653,3.50332,
6654,3.12153,
6655,3.27559,
6656,3.26949,
6657,3.39595,
6658,3.45491,
6659,3.40585,
6660,3.16491,
6661,3.32281,
6662,3.44518,
6663,3.09492,
6664,3.17286,
6665,3.4695,
6666,3.42177,
6667,3.48169,
6668,3.33191,
6669,3.29253,
6670,3.39031,
6671,3.42904,
6672,3.29444,
6673,3.50591,
6674,3.4111,
6675,3.12397,
6676,3.31117,
6677,3.16506,
6678,3.32797,
6679,3.11026,
6680,3.38172,
6681,3.55139,
6682,3.43257,
6683,3.52058,
6684,3.57339,
6685,3.43194,
6686,3.49831,
6687,3.33462,
6688,3.39306,
6689,3.49093,
6690,3.42938,
6691,3.51432,
6692,3.623,
6693,3.73361,
6694,4.60571,
6695,3.46996,
6696,3.4271,
6697,3.53104,
6698,3.49243,
6699,3.29656,
6700,3.43028,
6701,3.40913,
6702,3.40229,
6703,3.32412,
6704,3.86474,
6705,3.37702,
6706,3.39325,
6707,3.06697,
6708,3.21292,
6709,3.41329,
6710,3.4168,
6711,3.50794,
6712,3.55529,
6713,3.39484,
6714,3.5554,
6715,3.50113,
6716,3.44285,
6717,3.71801,
6718,3.48019,
6719,3.43939,
6720,3.55894,
6721,3.6252,
6722,3.57907,
6723,3.40644,
6724,3.51063,
6725,3.45187,
6726,3.44692,
6727,3.33569,
6728,3.14733,
6729,3.46038,
6730,3.35297,
6731,3.15937,
6732,3.21019,
6733,3.3238,
6734,3.37304,
6735,3.32851,
6736,3.25152,
6737,3.3919,
6738,3.09348,
6739,3.27689,
6740,3.13871,
6741,3.41416,
6742,3.28471,
6743,3.28278,
6744,3.40901,
6745,3.33803,
6746,3.33442,
6747,3.29204,
6748,3.2864,
6749,3.16367,
6750,3.3459,
6751,3.31846,
6752,3.1113,
6753,3.19534,
6754,3.08604,
6755,3.27943,
6756,3.26326,
6757,3.27048,
6758,3.19807,
6759,3.26428,
6760,3.36652,
6761,3.05961,
6762,3.40453,
6763,3.23622,
6764,3.25307,
6765,3.25484,
6766,3.48186,
6767,3.54495,
6768,3.5959,
6769,3.3348,
6770,3.21516,
6771,3.58273,
6772,3.35613,
6773,3.38074,
6774,3.27356,
6775,3.17758,
6776,3.25425,
6777,3.41974,
6778,3.07749,
6779,3.0025,
6780,2.84409,
6781,3.11796,
6782,3.2482,
6783,3.35533,
6784,3.33627,
6785,3.33772,
6786,3.27288,
6787,3.09495,
6788,3.13839,
6789,3.2591,
6790,3.41594,
6791,3.18786,
6792,3.25048,
6793,2.90535,
6794,2.94041,
6795,3.37204,
6796,3.07585,
6797,3.26436,
6798,3.05177,
6799,3.18551,
6800,3.02487,
6801,3.06419,
6802,3.06629,
6803,3.07199,
6804,3.06306,
6805,2.98681,
6806,3.06428,
6807,3.26032,
6808,2.95816,
6809,3.24567,
6810,3.29008,
6811,3.57484,
6812,3.62044,
6813,3.54905,
6814,3.55542,
6815,3.52762,
6816,3.64202,
6817,3.44816,
6818,3.1532,
6819,3.3832,
6820,3.22443,
6821,3.29532,
6822,3.4739,
6823,3.32404,
6824,3.40025,
6825,3.31267,
6826,3.22021,
6827,3.17271,
6828,3.31403,
6829,3.37784,
6830,3.33646,
6831,3.33398,
6832,3.24727,
6833,3.10286,
6834,3.53121,
6835,3.19229,
6836,3.22419,
6837,3.36201,
6838,3.3403,
6839,3.23452,
6840,3.62274,
6841,3.43225,
6842,3.67535,
6843,3.49616,
6844,3.57812,
6845,3.48251,
6846,3.45063,
6847,3.5066,
6848,3.37988,
6849,3.38022,
6850,3.39722,
6851,3.3783,
6852,3.37305,
6853,3.21088,
6854,3.32917,
6855,3.22778,
6856,3.2436,
6857,3.12048,
6858,3.18508,
6859,3.12481,
6860,3.1814,
6861,3.24807,
6862,3.06533,
6863,3.16698,
6864,3.11703,
6865,3.30208,
6866,3.24604,
6867,3.25851,
6868,3.55174,
6869,3.58553,
6870,3.52368,
6871,3.52738,
6872,3.50119,
6873,3.48931,
6874,3.44481,
6875,3.5194,
6876,3.46826,
6877,3.42556,
6878,3.5324,
6879,3.39856,
6880,3.35163,
6881,3.14357,
6882,3.39015,
6883,3.37639,
6884,3.52846,
6885,3.35183,
6886,3.23854,
6887,3.33619,
6888,3.25018,
6889,3.27219,
6890,3.42532,
6891,3.47917,
6892,3.27899,
6893,3.21811,
6894,3.26732,
6895,3.55759,
6896,3.45704,
6897,3.5705,
6898,3.39688,
6899,3.5825,
6900,3.40495,
6901,3.48323,
6902,3.62489,
6903,3.42076,
6904,3.25218,
6905,3.24377,
6906,3.5011,
6907,3.41933,
6908,3.3153,
6909,3.36854,
6910,3.35391,
6911,3.44722,
6912,3.40184,
6913,3.53499,
6914,3.1663,
6915,3.25263,
6916,3.06173,
6917,3.19738,
6918,3.24653,
6919,3.23356,
6920,3.19379,
6921,3.38859,
6922,3.28672,
6923,3.29107,
6924,3.01366,
6925,3.16617,
6926,3.30455,
6927,3.24632,
6928,3.19527,
6929,3.68621,
6930,3.57534,
6931,3.55349,
6932,3.55877,
6933,3.42641,
6934,3.49141,
6935,3.27651,
6936,3.50953,
6937,3.65523,
6938,3.43071,
6939,3.48764,
6940,3.74973,
6941,3.81527,
6942,3.4464,
6943,3.44233,
6944,3.47293,
6945,3.52387,
6946,3.7217,
6947,3.48933,
6948,3.35283,
6949,3.33601,
6950,3.24765,
6951,3.31254,
6952,3.31436,
6953,3.30929,
6954,3.27139,
6955,3.20691,
6956,3.36382,
6957,3.83172,
6958,3.85574,
6959,3.74146,
6960,3.693,
6961,3.67764,
6962,3.67807,
6963,3.67239,
6964,3.67137,
6965,3.61743,
6966,3.72848,
6967,3.71369,
6968,3.63022,
6969,3.60121,
6970,3.4903,
6971,3.61499,
6972,3.6377,
6973,3.58243,
6974,3.52383,
6975,3.46695,
6976,3.5453,
6977,3.77523,
6978,3.65939,
6979,3.57635,
6980,3.48692,
6981,3.49802,
6982,3.40038,
6983,3.57074,
6984,3.47903,
6985,3.47305,
6986,3.43851,
6987,3.2911,
6988,3.12652,
6989,3.36908,
6990,3.59629,
6991,3.44913,
6992,3.17928,
6993,3.40097,
6994,3.43881,
6995,3.30018,
6996,3.38247,
6997,3.44373,
6998,3.22997,
6999,3.47394,
7000,3.30935,
7001,3.36421,
7002,3.56754,
7003,3.4767,
7004,3.45879,
7005,3.50646,
7006,3.36832,
7007,3.30801,
7008,3.23792,
7009,3.26629,
7010,3.38765,
7011,3.28431,
7012,3.24548,
7013,3.38132,
7014,3.26121,
7015,3.20892,
7016,3.23229,
7017,3.17501,
7018,3.11793,
7019,3.31961,
7020,3.12487,
7021,3.07176,
7022,3.16024,
7023,3.25797,
7024,3.20321,
7025,3.04015,
7026,3.18504,
7027,3.16451,
7028,3.42848,
7029,3.39146,
7030,3.38513,
7031,3.42206,
7032,3.43102,
7033,3.32183,
7034,3.39204,
7035,3.14636,
7036,3.35076,
7037,3.33037,
7038,3.19762,
7039,3.53278,
7040,3.19211,
7041,3.17669,
7042,3.47878,
7043,3.26769,
7044,3.13206,
7045,3.21871,
7046,3.45526,
7047,2.94951,
7048,3.13222,
7049,3.3327,
7050,3.02304,
7051,3.2206,
7052,3.15844,
7053,3.07878,
7054,2.98604,
7055,3.57508,
7056,3.53582,
7057,3.46425,
7058,3.38322,
7059,3.51846,
7060,3.43516,
7061,3.54935,
7062,3.44829,
7063,3.34235,
7064,3.45136,
7065,3.4002,
7066,3.37466,
7067,3.33195,
7068,3.29359,
7069,3.31311,
7070,3.05766,
7071,3.22149,
7072,3.26101,
7073,3.32966,
7074,3.30771,
7075,3.00797,
7076,3.24416,
7077,3.19413,
7078,3.13635,
7079,2.93236,
7080,3.07711,
7081,3.13419,
7082,3.0996,
7083,3.13161,
7084,2.9684,
7085,2.91209,
7086,2.90403,
7087,3.1376,
7088,3.20184,
7089,3.9352,
7090,3.63831,
7091,3.49016,
7092,3.37911,
7093,3.56921,
7094,3.58471,
7095,3.36863,
7096,3.57787,
7097,3.42757,
7098,3.3555,
7099,3.31366,
7100,3.60246,
7101,3.42482,
7102,3.33123,
7103,3.51504,
7104,3.51064,
7105,3.48057,
7106,3.46651,
7107,3.48343,
7108,3.49554,
7109,3.531,
7110,3.3062,
7111,3.28851,
7112,3.28184,
7113,3.50729,
7114,3.54019,
7115,3.46083,
7116,3.41876,
7117,3.54182,
7118,3.36219,
7119,3.42864,
7120,3.56649,
7121,3.46865,
7122,3.40715,
7123,3.40911,
7124,3.43136,
7125,3.24881,
7126,3.3148,
7127,3.36051,
7128,3.47355,
7129,3.26533,
7130,3.28655,
7131,3.17426,
7132,3.44467,
7133,3.46312,
7134,3.33527,
7135,3.08067,
7136,3.31742,
7137,3.17922,
7138,3.1492,
7139,3.29224,
7140,3.37269,
7141,3.35398,
7142,3.40639,
7143,3.37525,
7144,3.37344,
7145,3.28925,
7146,3.31849,
7147,3.21303,
7148,3.22692,
7149,3.21524,
7150,3.34256,
7151,3.10217,
7152,3.09558,
7153,3.10794,
7154,3.17471,
7155,3.22389,
7156,3.20845,
7157,3.01755,
7158,3.21759,
7159,3.06174,
7160,3.28911,
7161,3.07496,
7162,3.16272,
7163,3.31893,
7164,3.2488,
7165,3.29611,
7166,3.00767,
7167,3.13361,
7168,3.13895,
7169,3.18899,
7170,3.24349,
7171,2.91276,
7172,3.03187,
7173,2.88715,
7174,2.93769,
7175,3.21415,
7176,3.2308,
7177,3.18617,
7178,3.03555,
7179,3.3014,
7180,3.17686,
7181,3.49479,
7182,3.52347,
7183,3.5377,
7184,3.44933,
7185,3.3884,
7186,3.67996,
7187,3.42378,
7188,3.32862,
7189,3.48846,
7190,3.266,
7191,3.43427,
7192,3.56249,
7193,3.3667,
7194,3.37449,
7195,3.42299,
7196,3.14188,
7197,3.3305,
7198,3.27897,
7199,3.19924,
7200,3.26733,
7201,3.22948,
7202,3.0964,
7203,3.22157,
7204,3.28633,
7205,3.13309,
7206,3.18739,
7207,3.36098,
7208,3.52021,
7209,3.27086,
7210,3.35899,
7211,3.18683,
7212,3.60684,
7213,3.59241,
7214,3.60473,
7215,3.5704,
7216,3.60781,
7217,3.52893,
7218,3.45651,
7219,3.6199,
7220,3.48484,
7221,3.5182,
7222,3.51799,
7223,3.5381,
7224,3.35153,
7225,3.5858,
7226,3.4983,
7227,3.53086,
7228,3.5636,
7229,3.41163,
7230,3.4395,
7231,3.40669,
7232,3.51766,
7233,3.75573,
7234,3.61837,
7235,3.32287,
7236,3.37249,
7237,3.20642,
7238,3.10757,
7239,3.08721,
7240,3.05136,
7241,3.27473,
7242,2.80211,
7243,3.08099,
7244,3.07845,
7245,3.09818,
7246,3.08897,
7247,2.8784,
7248,2.95872,
7249,3.19994,
7250,3.34516,
7251,3.2775,
7252,2.9639,
7253,2.99872,
7254,3.5646,
7255,3.63434,
7256,3.57599,
7257,3.64962,
7258,3.5439,
7259,3.61177,
7260,3.53257,
7261,3.37357,
7262,3.46146,
7263,3.49413,
7264,3.3865,
7265,3.43625,
7266,3.54762,
7267,3.55471,
7268,3.40788,
7269,3.34304,
7270,3.18177,
7271,3.32107,
7272,3.27329,
7273,3.30829,
7274,3.14721,
7275,3.10537,
7276,3.03807,
7277,3.24966,
7278,3.23219,
7279,3.1915,
7280,3.524,
7281,3.44594,
7282,3.48168,
7283,3.43372,
7284,3.56561,
7285,3.54081,
7286,3.36034,
7287,3.40947,
7288,3.16588,
7289,3.15042,
7290,3.14823,
7291,3.35408,
7292,3.46678,
7293,3.28014,
7294,3.11912,
7295,3.00924,
7296,2.949,
7297,2.86681,
7298,3.0279,
7299,2.95514,
7300,3.21037,
7301,2.97256,
7302,2.92345,
7303,2.96595,
7304,3.22311,
7305,3.13468,
7306,3.34435,
7307,2.95754,
7308,3.47822,
7309,3.19152,
7310,3.48962,
7311,3.81204,
7312,3.49959,
7313,3.55498,
7314,3.51558,
7315,3.49947,
7316,3.56467,
7317,3.50095,
7318,3.41681,
7319,3.27937,
7320,3.28172,
7321,3.35145,
7322,3.29166,
7323,3.31092,
7324,3.35104,
7325,3.22082,
7326,3.34702,
7327,3.08613,
7328,3.43565,
7329,3.42695,
7330,3.06391,
7331,3.0889,
7332,3.32043,
7333,3.06623,
7334,3.05483,
7335,3.05104,
7336,2.89515,
7337,2.87947,
7338,2.99441,
7339,3.6809,
7340,3.64449,
7341,3.7757,
7342,3.71119,
7343,3.69571,
7344,3.61528,
7345,3.44856,
7346,3.47357,
7347,3.39271,
7348,3.49906,
7349,3.73794,
7350,3.59492,
7351,3.53056,
7352,3.40525,
7353,3.31571,
7354,3.60058,
7355,3.58247,
7356,3.65672,
7357,3.39545,
7358,3.63147,
7359,3.36283,
7360,3.38475,
7361,3.39555,
7362,3.51709,
7363,3.3864,
7364,3.39323,
7365,3.30746,
7366,3.2617,
7367,3.40252,
7368,3.18593,
7369,3.18077,
7370,3.35322,
7371,3.36871,
7372,3.28516,
7373,3.22606,
7374,3.24144,
7375,3.16872,
7376,3.24878,
7377,3.15978,
7378,3.146,
7379,3.23792,
7380,2.98507,
7381,3.04694,
7382,3.25008,
7383,3.2187,
7384,3.63913,
7385,3.6149,
7386,3.54943,
7387,3.70575,
7388,3.65149,
7389,3.55811,
7390,3.50764,
7391,3.53346,
7392,3.35929,
7393,3.3657,
7394,3.31005,
7395,3.31508,
7396,3.51663,
7397,3.44341,
7398,3.32002,
7399,3.57498,
7400,3.53586,
7401,3.11251,
7402,3.19854,
7403,3.2519,
7404,3.22894,
7405,3.36051,
7406,3.39774,
7407,3.38413,
7408,3.50274,
7409,3.58562,
7410,3.55827,
7411,3.07915,
7412,3.21483,
7413,3.39191,
7414,3.43646,
7415,3.53068,
7416,3.50803,
7417,3.5564,
7418,3.50484,
7419,3.57704,
7420,3.39988,
7421,3.3344,
7422,3.49834,
7423,3.18014,
7424,3.43003,
7425,3.45582,
7426,3.42541,
7427,3.40315,
7428,3.33033,
7429,3.57352,
7430,3.41544,
7431,3.57995,
7432,3.4708,
7433,3.53281,
7434,3.46429,
7435,3.59561,
7436,3.2941,
7437,3.3819,
7438,3.29894,
7439,3.2618,
7440,3.28103,
7441,3.18061,
7442,3.32293,
7443,3.24541,
7444,3.42105,
7445,3.02169,
7446,3.24087,
7447,3.53038,
7448,3.40612,
7449,3.40743,
7450,3.34517,
7451,3.43582,
7452,3.18322,
7453,3.41825,
7454,2.84163,
7455,3.62443,
7456,3.5615,
7457,3.67373,
7458,3.75448,
7459,3.90585,
7460,3.60979,
7461,3.61604,
7462,3.51238,
7463,3.64925,
7464,3.58221,
7465,3.56009,
7466,3.54526,
7467,3.34118,
7468,3.37318,
7469,3.41709,
7470,3.55326,
7471,3.32837,
7472,3.50381,
7473,3.51401,
7474,3.43361,
7475,3.41418,
7476,3.36818,
7477,3.49861,
7478,3.54084,
7479,3.46682,
7480,3.46761,
7481,3.4206,
7482,3.35379,
7483,3.51277,
7484,3.53129,
7485,3.36179,
7486,3.39466,
7487,3.29542,
7488,3.1984,
7489,3.15981,
7490,2.98222,
7491,3.33716,
7492,3.42733,
7493,3.15602,
7494,3.22033,
7495,3.38983,
7496,3.20433,
7497,3.10252,
7498,3.18652,
7499,3.12722,
7500,3.24102,
7501,3.14295,
7502,3.20768,
7503,3.36935,
7504,3.2004,
7505,3.46425,
7506,3.51141,
7507,3.49339,
7508,3.35843,
7509,3.35991,
7510,3.5239,
7511,3.39284,
7512,3.39036,
7513,3.37483,
7514,3.56549,
7515,3.26054,
7516,3.06275,
7517,3.30987,
7518,3.19453,
7519,3.32218,
7520,3.25336,
7521,2.96716,
7522,3.37157,
7523,3.39598,
7524,3.31174,
7525,3.24766,
7526,3.14054,
7527,3.40001,
7528,3.16082,
7529,2.94246,
7530,3.23306,
7531,3.22012,
7532,3.45989,
7533,3.23849,
7534,3.12387,
7535,3.23546,
7536,3.24661,
7537,3.1424,
7538,3.19441,
7539,3.32974,
7540,3.59436,
7541,3.44226,
7542,3.59278,
7543,3.40792,
7544,3.34906,
7545,3.30691,
7546,3.43512,
7547,3.43949,
7548,3.43782,
7549,3.41453,
7550,3.60513,
7551,3.30951,
7552,3.40144,
7553,3.28914,
7554,3.2184,
7555,3.39175,
7556,3.38614,
7557,3.45773,
7558,3.34163,
7559,3.00705,
7560,3.07984,
7561,3.27861,
7562,3.14058,
7563,3.26925,
7564,3.01442,
7565,3.17184,
7566,3.37508,
7567,3.6049,
7568,3.36676,
7569,3.48178,
7570,3.48916,
7571,3.47741,
7572,3.45278,
7573,3.42999,
7574,3.46938,
7575,3.50803,
7576,3.42608,
7577,3.46313,
7578,3.46022,
7579,3.32178,
7580,3.41873,
7581,3.07925,
7582,3.25079,
7583,3.35368,
7584,3.26354,
7585,3.31808,
7586,3.11609,
7587,3.20014,
7588,3.33984,
7589,3.05942,
7590,3.23814,
7591,3.12778,
7592,3.04204,
7593,3.23484,
7594,3.03666,
7595,3.04202,
7596,3.07745,
7597,3.20191,
7598,3.10937,
7599,3.26656,
7600,3.34884,
7601,3.22495,
7602,3.14538,
7603,3.17327,
7604,3.31623,
7605,3.31114,
7606,3.13462,
7607,3.48996,
7608,3.45608,
7609,3.34007,
7610,3.4823,
7611,3.35306,
7612,3.19648,
7613,3.35755,
7614,3.25353,
7615,3.40246,
7616,3.35766,
7617,3.48301,
7618,3.57431,
7619,3.4623,
7620,3.33376,
7621,3.32044,
7622,3.2036,
7623,3.28005,
7624,3.25163,
7625,3.29476,
7626,3.20934,
7627,3.3069,
7628,3.24176,
7629,3.39518,
7630,3.18146,
7631,3.27831,
7632,3.43494,
7633,3.45774,
7634,3.56184,
7635,3.28643,
7636,3.09912,
7637,3.33458,
7638,3.03901,
7639,3.30022,
7640,3.59408,
7641,3.68275,
7642,3.57845,
7643,3.57227,
7644,3.40539,
7645,3.56963,
7646,3.44321,
7647,3.39791,
7648,3.34279,
7649,3.57252,
7650,3.31192,
7651,3.47785,
7652,3.18335,
7653,3.50398,
7654,3.49536,
7655,3.67436,
7656,3.37268,
7657,3.36711,
7658,3.41505,
7659,3.17848,
7660,3.38126,
7661,3.13479,
7662,3.23998,
7663,3.21878,
7664,3.45297,
7665,3.41647,
7666,3.0243,
7667,3.31634,
7668,3.29529,
7669,3.39653,
7670,3.35665,
7671,3.54314,
7672,3.45673,
7673,3.34223,
7674,3.40868,
7675,3.40367,
7676,3.32736,
7677,3.15626,
7678,3.15845,
7679,3.64928,
7680,3.62183,
7681,3.58607,
7682,3.50167,
7683,3.46084,
7684,3.49458,
7685,3.36559,
7686,3.55694,
7687,3.36321,
7688,3.4141,
7689,3.3911,
7690,3.41632,
7691,3.28641,
7692,3.40844,
7693,3.34644,
7694,3.2529,
7695,3.49076,
7696,3.56498,
7697,3.26152,
7698,3.60671,
7699,3.42214,
7700,3.24863,
7701,3.17068,
7702,3.42179,
7703,3.39301,
7704,3.2973,
7705,3.34035,
7706,3.41696,
7707,3.247,
7708,3.20974,
7709,3.32616,
7710,3.25077,
7711,3.38467,
7712,3.36228,
7713,3.42437,
7714,3.29671,
7715,3.3621,
7716,3.26157,
7717,3.42187,
7718,3.45027,
7719,3.06276,
7720,3.22453,
7721,3.24297,
7722,3.33874,
7723,3.41392,
7724,3.36676,
7725,3.11981,
7726,3.27882,
7727,3.37925,
7728,3.05173,
7729,3.1357,
7730,3.43781,
7731,3.36141,
7732,3.41765,
7733,3.26338,
7734,3.23881,
7735,3.35501,
7736,3.37153,
7737,3.23374,
7738,3.44175,
7739,3.36043,
7740,3.08122,
7741,3.26547,
7742,3.12991,
7743,3.27223,
7744,3.07629,
7745,3.30785,
7746,3.4975,
7747,3.37792,
7748,3.46488,
7749,3.52504,
7750,3.37729,
7751,3.4437,
7752,3.28994,
7753,3.35885,
7754,3.44116,
7755,3.3797,
7756,3.47591,
7757,3.58356,
7758,3.69033,
7759,4.55246,
7760,3.4221,
7761,3.37621,
7762,3.49077,
7763,3.442,
7764,3.24788,
7765,3.3768,
7766,3.35394,
7767,3.3722,
7768,3.27692,
7769,3.80984,
7770,3.32979,
7771,3.34326,
7772,3.00495,
7773,3.15755,
7774,3.37508,
7775,3.3723,
7776,3.45889,
7777,3.49235,
7778,3.3546,
7779,3.4866,
7780,3.43749,
7781,3.37636,
7782,3.6729,
7783,3.42562,
7784,3.38332,
7785,3.50433,
7786,3.57578,
7787,3.51167,
7788,3.34036,
7789,3.45056,
7790,3.3953,
7791,3.39546,
7792,3.28706,
7793,3.0837,
7794,3.42466,
7795,3.30064,
7796,3.09603,
7797,3.16288,
7798,3.2522,
7799,3.32267,
7800,3.25981,
7801,3.19351,
7802,3.34351,
7803,3.03444,
7804,3.22149,
7805,3.06611,
7806,3.36073,
7807,3.23748,
7808,3.23198,
7809,3.3535,
7810,3.28094,
7811,3.29203,
7812,3.24878,
7813,3.2458,
7814,3.10057,
7815,3.30005,
7816,3.25922,
7817,3.0436,
7818,3.14073,
7819,3.03105,
7820,3.24539,
7821,3.22102,
7822,3.21797,
7823,3.15736,
7824,3.22876,
7825,3.32348,
7826,3.01681,
7827,3.37295,
7828,3.1916,
7829,3.2066,
7830,3.20923,
7831,3.43383,
7832,3.51005,
7833,3.53265,
7834,3.28904,
7835,3.14669,
7836,3.53813,
7837,3.30099,
7838,3.34159,
7839,3.21839,
7840,3.13993,
7841,3.18835,
7842,3.37633,
7843,3.01055,
7844,2.97263,
7845,2.77959,
7846,3.08048,
7847,3.19464,
7848,3.31584,
7849,3.30487,
7850,3.29309,
7851,3.23302,
7852,3.02966,
7853,3.10644,
7854,3.22358,
7855,3.37159,
7856,3.15213,
7857,3.21706,
7858,2.8492,
7859,2.89283,
7860,3.3342,
7861,3.03317,
7862,3.21528,
7863,3.00744,
7864,3.14352,
7865,2.97087,
7866,3.0201,
7867,3.0222,
7868,3.04143,
7869,3.00543,
7870,2.92997,
7871,3.02188,
7872,3.22764,
7873,2.90375,
7874,3.19863,
7875,3.24001,
7876,3.52701,
7877,3.56673,
7878,3.50771,
7879,3.51523,
7880,3.48479,
7881,3.60269,
7882,3.3961,
7883,3.09821,
7884,3.34117,
7885,3.17085,
7886,3.25726,
7887,3.42995,
7888,3.28774,
7889,3.35161,
7890,3.2786,
7891,3.18239,
7892,3.13855,
7893,3.25924,
7894,3.33703,
7895,3.28711,
7896,3.28821,
7897,3.20078,
7898,3.05557,
7899,3.4869,
7900,3.14672,
7901,3.17753,
7902,3.29649,
7903,3.31562,
7904,3.18545,
7905,3.59857,
7906,3.38207,
7907,3.64257,
7908,3.45287,
7909,3.54144,
7910,3.43233,
7911,3.40094,
7912,3.45221,
7913,3.33792,
7914,3.33873,
7915,3.34741,
7916,3.34187,
7917,3.32989,
7918,3.16862,
7919,3.27873,
7920,3.18965,
7921,3.19689,
7922,3.09721,
7923,3.14267,
7924,3.0721,
7925,3.13451,
7926,3.21147,
7927,3.02812,
7928,3.1194,
7929,3.07156,
7930,3.2695,
7931,3.19034,
7932,3.21685,
7933,3.49103,
7934,3.54959,
7935,3.47456,
7936,3.47305,
7937,3.44666,
7938,3.43627,
7939,3.38332,
7940,3.45248,
7941,3.41628,
7942,3.38841,
7943,3.49499,
7944,3.34406,
7945,3.29718,
7946,3.07708,
7947,3.34163,
7948,3.31621,
7949,3.48456,
7950,3.31959,
7951,3.1962,
7952,3.29245,
7953,3.19562,
7954,3.21894,
7955,3.39077,
7956,3.4217,
7957,3.22428,
7958,3.17787,
7959,3.21954,
7960,3.5042,
7961,3.42104,
7962,3.50898,
7963,3.36058,
7964,3.52448,
7965,3.35046,
7966,3.4427,
7967,3.57989,
7968,3.36748,
7969,3.20583,
7970,3.20696,
7971,3.45937,
7972,3.37354,
7973,3.27189,
7974,3.33092,
7975,3.30266,
7976,3.40935,
7977,3.3701,
7978,3.51149,
7979,3.12175,
7980,3.21465,
7981,3.0012,
7982,3.17257,
7983,3.1955,
7984,3.19104,
7985,3.16333,
7986,3.34431,
7987,3.24324,
7988,3.22333,
7989,2.97095,
7990,3.11916,
7991,3.24372,
7992,3.20617,
7993,3.12875,
7994,3.64314,
7995,3.52999,
7996,3.50042,
7997,3.53453,
7998,3.38053,
7999,3.42697,
8000,3.2199,
8001,3.45683,
8002,3.60342,
8003,3.38509,
8004,3.42924,
8005,3.69898,
8006,3.77435,
8007,3.3942,
8008,3.40311,
8009,3.43737,
8010,3.4949,
8011,3.68689,
8012,3.44539,
8013,3.31081,
8014,3.28187,
8015,3.21583,
8016,3.25506,
8017,3.26914,
8018,3.27613,
8019,3.22858,
8020,3.15428,
8021,3.31414,
8022,3.77917,
8023,3.82108,
8024,3.69492,
8025,3.65708,
8026,3.63594,
8027,3.63021,
8028,3.63649,
8029,3.62429,
8030,3.57895,
8031,3.68889,
8032,3.67717,
8033,3.59068,
8034,3.55715,
8035,3.44644,
8036,3.58338,
8037,3.60654,
8038,3.54554,
8039,3.47279,
8040,3.43144,
8041,3.47869,
8042,3.71013,
8043,3.59683,
8044,3.54386,
8045,3.43478,
8046,3.45615,
8047,3.34624,
8048,3.51409,
8049,3.41981,
8050,3.41092,
8051,3.38038,
8052,3.22399,
8053,3.07388,
8054,3.33489,
8055,3.55973,
8056,3.40603,
8057,3.14955,
8058,3.34486,
8059,3.38073,
8060,3.25642,
8061,3.34115,
8062,3.38567,
8063,3.17871,
8064,3.40742,
8065,3.26418,
8066,3.32908,
8067,3.51812,
8068,3.4162,
8069,3.39922,
8070,3.4562,
8071,3.30265,
8072,3.23416,
8073,3.17525,
8074,3.20983,
8075,3.35183,
8076,3.22265,
8077,3.19005,
8078,3.34419,
8079,3.23203,
8080,3.17378,
8081,3.1767,
8082,3.11657,
8083,3.05644,
8084,3.26526,
8085,3.05553,
8086,3.02434,
8087,3.11976,
8088,3.21446,
8089,3.14613,
8090,3.02968,
8091,3.13967,
8092,3.11561,
8093,3.3702,
8094,3.33374,
8095,3.32431,
8096,3.35838,
8097,3.37452,
8098,3.26617,
8099,3.35426,
8100,3.08109,
8101,3.29887,
8102,3.2704,
8103,3.14858,
8104,3.48541,
8105,3.15413,
8106,3.12259,
8107,3.41039,
8108,3.21896,
8109,3.07068,
8110,3.1725,
8111,3.40738,
8112,2.89846,
8113,3.07531,
8114,3.2809,
8115,2.98426,
8116,3.16725,
8117,3.09149,
8118,3.01973,
8119,2.9312,
8120,3.51964,
8121,3.47047,
8122,3.39845,
8123,3.335,
8124,3.46445,
8125,3.38052,
8126,3.49764,
8127,3.39612,
8128,3.29952,
8129,3.39292,
8130,3.3491,
8131,3.34041,
8132,3.30102,
8133,3.24292,
8134,3.28591,
8135,3.01023,
8136,3.16417,
8137,3.22287,
8138,3.28299,
8139,3.26832,
8140,2.95504,
8141,3.20861,
8142,3.15448,
8143,3.08702,
8144,2.88422,
8145,3.03141,
8146,3.08965,
8147,3.05274,
8148,3.09136,
8149,2.90224,
8150,2.86466,
8151,2.85736,
8152,3.08902,
8153,3.17056,
8154,3.89016,
8155,3.59591,
8156,3.4542,
8157,3.33393,
8158,3.52939,
8159,3.57259,
8160,3.3295,
8161,3.52737,
8162,3.36664,
8163,3.31273,
8164,3.25238,
8165,3.56069,
8166,3.38737,
8167,3.2902,
8168,3.47291,
8169,3.45863,
8170,3.42432,
8171,3.40504,
8172,3.42573,
8173,3.44633,
8174,3.49545,
8175,3.25695,
8176,3.24302,
8177,3.24055,
8178,3.46216,
8179,3.48323,
8180,3.40997,
8181,3.37812,
8182,3.49116,
8183,3.3159,
8184,3.38886,
8185,3.52042,
8186,3.40625,
8187,3.36286,
8188,3.37145,
8189,3.39411,
8190,3.20873,
8191,3.26636,
8192,3.32038,
8193,3.42055,
8194,3.20854,
8195,3.23363,
8196,3.14,
8197,3.38877,
8198,3.41556,
8199,3.28406,
8200,3.03575,
8201,3.2819,
8202,3.12638,
8203,3.11963,
8204,3.25975,
8205,3.33577,
8206,3.29038,
8207,3.33535,
8208,3.31637,
8209,3.33242,
8210,3.26295,
8211,3.2898,
8212,3.15235,
8213,3.19175,
8214,3.16774,
8215,3.29738,
8216,3.05382,
8217,3.04475,
8218,3.0748,
8219,3.13794,
8220,3.16835,
8221,3.15049,
8222,2.95787,
8223,3.16047,
8224,3.02062,
8225,3.22738,
8226,3.01654,
8227,3.10571,
8228,3.27657,
8229,3.19787,
8230,3.24845,
8231,2.97073,
8232,3.08732,
8233,3.10677,
8234,3.14887,
8235,3.21375,
8236,2.88941,
8237,2.9828,
8238,2.8523,
8239,2.88675,
8240,3.16228,
8241,3.1824,
8242,3.13264,
8243,3.00489,
8244,3.26377,
8245,3.12689,
8246,3.42482,
8247,3.47311,
8248,3.50173,
8249,3.38106,
8250,3.34013,
8251,3.62353,
8252,3.37572,
8253,3.27047,
8254,3.44091,
8255,3.21558,
8256,3.39168,
8257,3.50007,
8258,3.30833,
8259,3.32982,
8260,3.35907,
8261,3.09194,
8262,3.28079,
8263,3.23788,
8264,3.15268,
8265,3.22981,
8266,3.20192,
8267,3.05024,
8268,3.18562,
8269,3.2493,
8270,3.08631,
8271,3.14646,
8272,3.31825,
8273,3.46793,
8274,3.22036,
8275,3.30692,
8276,3.13393,
8277,3.56074,
8278,3.56301,
8279,3.55465,
8280,3.54689,
8281,3.55923,
8282,3.48957,
8283,3.42351,
8284,3.57908,
8285,3.449,
8286,3.48111,
8287,3.48223,
8288,3.49859,
8289,3.33319,
8290,3.53459,
8291,3.45706,
8292,3.50067,
8293,3.53722,
8294,3.37646,
8295,3.39794,
8296,3.36497,
8297,3.47571,
8298,3.71067,
8299,3.56083,
8300,3.24822,
8301,3.31401,
8302,3.12643,
8303,3.01425,
8304,3.01123,
8305,2.97057,
8306,3.22348,
8307,2.7543,
8308,3.02573,
8309,3.00952,
8310,3.05905,
8311,3.03726,
8312,2.82679,
8313,2.9061,
8314,3.15346,
8315,3.32108,
8316,3.22251,
8317,2.93717,
8318,2.94823,
8319,3.49679,
8320,3.58163,
8321,3.5305,
8322,3.59173,
8323,3.49462,
8324,3.56342,
8325,3.47883,
8326,3.29638,
8327,3.39689,
8328,3.45433,
8329,3.34088,
8330,3.39394,
8331,3.49268,
8332,3.52116,
8333,3.36703,
8334,3.28613,
8335,3.12632,
8336,3.27019,
8337,3.24096,
8338,3.26999,
8339,3.08544,
8340,3.05652,
8341,2.99033,
8342,3.20897,
8343,3.18182,
8344,3.13429,
8345,3.43072,
8346,3.38357,
8347,3.43839,
8348,3.36678,
8349,3.51937,
8350,3.48388,
8351,3.30662,
8352,3.35379,
8353,3.11705,
8354,3.09768,
8355,3.10051,
8356,3.31326,
8357,3.4171,
8358,3.22404,
8359,3.07336,
8360,2.97407,
8361,2.90334,
8362,2.83054,
8363,2.97881,
8364,2.91341,
8365,3.17323,
8366,2.90783,
8367,2.88208,
8368,2.919,
8369,3.17727,
8370,3.08432,
8371,3.30237,
8372,2.91697,
8373,3.43439,
8374,3.15711,
8375,3.45896,
8376,3.76473,
8377,3.45305,
8378,3.51784,
8379,3.47688,
8380,3.45581,
8381,3.52385,
8382,3.46079,
8383,3.36468,
8384,3.23438,
8385,3.2184,
8386,3.29054,
8387,3.232,
8388,3.2769,
8389,3.31045,
8390,3.17377,
8391,3.29842,
8392,3.05001,
8393,3.41515,
8394,3.38234,
8395,3.02914,
8396,3.04238,
8397,3.27703,
8398,3.02506,
8399,3.00962,
8400,2.98135,
8401,2.84266,
8402,2.8324,
8403,2.9532,
8404,3.63973,
8405,3.59533,
8406,3.7196,
8407,3.6681,
8408,3.65281,
8409,3.5602,
8410,3.39555,
8411,3.42945,
8412,3.34764,
8413,3.45739,
8414,3.68143,
8415,3.52259,
8416,3.48597,
8417,3.34946,
8418,3.25501,
8419,3.5464,
8420,3.54551,
8421,3.60937,
8422,3.36568,
8423,3.59746,
8424,3.30192,
8425,3.33628,
8426,3.34566,
8427,3.46459,
8428,3.3297,
8429,3.34877,
8430,3.2351,
8431,3.17941,
8432,3.35946,
8433,3.13709,
8434,3.13311,
8435,3.3098,
8436,3.31257,
8437,3.25904,
8438,3.18311,
8439,3.21501,
8440,3.13023,
8441,3.21427,
8442,3.10028,
8443,3.10995,
8444,3.19132,
8445,2.93565,
8446,2.99616,
8447,3.21929,
8448,3.18553,
8449,3.60354,
8450,3.57562,
8451,3.51853,
8452,3.65106,
8453,3.61727,
8454,3.51521,
8455,3.46543,
8456,3.48731,
8457,3.30036,
8458,3.31222,
8459,3.26891,
8460,3.25799,
8461,3.46082,
8462,3.39664,
8463,3.27444,
8464,3.53247,
8465,3.48625,
8466,3.07207,
8467,3.15373,
8468,3.19829,
8469,3.15502,
8470,3.29482,
8471,3.35614,
8472,3.32444,
8473,3.44968,
8474,3.53848,
8475,3.51177,
8476,3.02132,
8477,3.1499,
8478,3.3564,
8479,3.3985,
8480,3.48294,
8481,3.44659,
8482,3.51202,
8483,3.45886,
8484,3.5421,
8485,3.3415,
8486,3.28615,
8487,3.46151,
8488,3.1391,
8489,3.38976,
8490,3.41463,
8491,3.38311,
8492,3.36634,
8493,3.30317,
8494,3.53452,
8495,3.3721,
8496,3.53902,
8497,3.41052,
8498,3.49609,
8499,3.42151,
8500,3.54911,
8501,3.2459,
8502,3.32071,
8503,3.24564,
8504,3.19188,
8505,3.24092,
8506,3.1504,
8507,3.28071,
8508,3.20664,
8509,3.37035,
8510,2.98227,
8511,3.21314,
8512,3.47633,
8513,3.36692,
8514,3.35673,
8515,3.31303,
8516,3.40171,
8517,3.16693,
8518,3.37949,
8519,2.78865,
8520,3.56553,
8521,3.51734,
8522,3.62192,
8523,3.70579,
8524,3.86542,
8525,3.55161,
8526,3.57154,
8527,3.45417,
8528,3.59005,
8529,3.54392,
8530,3.52196,
8531,3.48316,
8532,3.29839,
8533,3.32415,
8534,3.37844,
8535,3.49775,
8536,3.2718,
8537,3.45912,
8538,3.47554,
8539,3.3914,
8540,3.36272,
8541,3.3395,
8542,3.45981,
8543,3.50752,
8544,3.42642,
8545,3.41652,
8546,3.37804,
8547,3.30315,
8548,3.47597,
8549,3.49595,
8550,3.29261,
8551,3.36941,
8552,3.24099,
8553,3.15484,
8554,3.10775,
8555,2.93045,
8556,3.29638,
8557,3.38907,
8558,3.12471,
8559,3.1808,
8560,3.34676,
8561,3.15247,
8562,3.07422,
8563,3.1501,
8564,3.0852,
8565,3.21414,
8566,3.09828,
8567,3.18345,
8568,3.32792,
8569,3.15265,
8570,3.39222,
8571,3.47398,
8572,3.41647,
8573,3.31758,
8574,3.30224,
8575,3.47634,
8576,3.3337,
8577,3.34688,
8578,3.33805,
8579,3.49519,
8580,3.21702,
8581,3.01066,
8582,3.26731,
8583,3.13663,
8584,3.26194,
8585,3.22444,
8586,2.91752,
8587,3.31964,
8588,3.35154,
8589,3.27914,
8590,3.21781,
8591,3.09971,
8592,3.36988,
8593,3.12538,
8594,2.90078,
8595,3.21158,
8596,3.18407,
8597,3.4162,
8598,3.20844,
8599,3.07778,
8600,3.20677,
8601,3.18692,
8602,3.10305,
8603,3.16042,
8604,3.2915,
8605,3.55009,
8606,3.39406,
8607,3.54501,
8608,3.34196,
8609,3.29654,
8610,3.27052,
8611,3.40209,
8612,3.39675,
8613,3.40723,
8614,3.37576,
8615,3.5453,
8616,3.26034,
8617,3.34821,
8618,3.246,
8619,3.1627,
8620,3.35849,
8621,3.34093,
8622,3.42226,
8623,3.30972,
8624,2.96788,
8625,3.03859,
8626,3.24256,
8627,3.09701,
8628,3.21109,
8629,2.96595,
8630,3.1331,
8631,3.34075,
8632,3.5729,
8633,3.30803,
8634,3.42625,
8635,3.44115,
8636,3.4287,
8637,3.39051,
8638,3.39236,
8639,3.42096,
8640,3.45449,
8641,3.3725,
8642,3.40357,
8643,3.40848,
8644,3.27525,
8645,3.36987,
8646,3.02625,
8647,3.20379,
8648,3.31585,
8649,3.2076,
8650,3.27243,
8651,3.07336,
8652,3.14985,
8653,3.29593,
8654,3.02586,
8655,3.19765,
8656,3.08259,
8657,3.00728,
8658,3.18617,
8659,3.01366,
8660,2.99969,
8661,3.03128,
8662,3.17245,
8663,3.07163,
8664,3.20401,
8665,3.30689,
8666,3.19589,
8667,3.11378,
8668,3.14129,
8669,3.26905,
8670,3.25955,
8671,3.0948,
8672,3.44816,
8673,3.406,
8674,3.28911,
8675,3.43194,
8676,3.30961,
8677,3.1768,
8678,3.29341,
8679,3.21465,
8680,3.33874,
8681,3.31036,
8682,3.44338,
8683,3.52586,
8684,3.41801,
8685,3.29336,
8686,3.27491,
8687,3.16993,
8688,3.21909,
8689,3.19169,
8690,3.23106,
8691,3.14521,
8692,3.25588,
8693,3.18711,
8694,3.3414,
8695,3.13579,
8696,3.23698,
8697,3.39249,
8698,3.41422,
8699,3.50878,
8700,3.21787,
8701,3.02262,
8702,3.27889,
8703,2.97424,
8704,3.24205,
8705,3.55642,
8706,3.6321,
8707,3.53628,
8708,3.5151,
8709,3.34211,
8710,3.5174,
8711,3.40556,
8712,3.36701,
8713,3.30023,
8714,3.53695,
8715,3.26753,
8716,3.43567,
8717,3.14164,
8718,3.48146,
8719,3.45784,
8720,3.6245,
8721,3.33261,
8722,3.33871,
8723,3.38142,
8724,3.1374,
8725,3.34008,
8726,3.09831,
8727,3.20442,
8728,3.18034,
8729,3.41635,
8730,3.38895,
8731,2.98678,
8732,3.28094,
8733,3.24355,
8734,3.33765,
8735,3.31913,
8736,3.49038,
8737,3.43299,
8738,3.30737,
8739,3.35278,
8740,3.34844,
8741,3.29206,
8742,3.12483,
8743,3.12364,
8744,3.6044,
8745,3.56731,
8746,3.54212,
8747,3.46553,
8748,3.41426,
8749,3.46043,
8750,3.30598,
8751,3.53105,
8752,3.30552,
8753,3.36906,
8754,3.35916,
8755,3.34229,
8756,3.23874,
8757,3.3818,
8758,3.30305,
8759,3.22168,
8760,3.4446,
8761,3.51613,
8762,3.22782,
8763,3.54937,
8764,3.37387,
8765,3.20777,
8766,3.13132,
8767,3.37213,
8768,3.35178,
8769,3.25742,
8770,3.29185,
8771,3.38793,
8772,3.18264,
8773,3.15558,
8774,3.28042,
8775,3.20036,
8776,3.34582,
8777,3.31883,
8778,3.39559,
8779,3.25293,
8780,3.32858,
8781,3.21332,
8782,3.37904,
8783,3.39942,
8784,3.01311,
8785,3.19214,
8786,3.19755,
8787,3.30166,
8788,3.3635,
8789,3.3198,
8790,3.08133,
8791,3.22663,
8792,3.34337,
8793,3.02543,
8794,3.11663,
8795,3.3978,
8796,3.2991,
8797,3.36955,
8798,3.21247,
8799,3.18619,
8800,3.32424,
8801,3.33318,
8802,3.19624,
8803,3.39871,
8804,3.33213,
8805,3.04676,
8806,3.21507,
8807,3.09373,
8808,3.23014,
8809,3.02388,
8810,3.26928,
8811,3.44149,
8812,3.31712,
8813,3.4401,
8814,3.48176,
8815,3.32914,
8816,3.39486,
8817,3.23333,
8818,3.31482,
8819,3.39162,
8820,3.33411,
8821,3.44806,
8822,3.54481,
8823,3.64358,
8824,4.50776,
8825,3.37256,
8826,3.32899,
8827,3.42313,
8828,3.39283,
8829,3.22404,
8830,3.33478,
8831,3.30679,
8832,3.32205,
8833,3.23667,
8834,3.77355,
8835,3.29324,
8836,3.30488,
8837,2.95312,
8838,3.1178,
8839,3.33563,
8840,3.34012,
8841,3.41757,
8842,3.45037,
8843,3.32956,
8844,3.42071,
8845,3.38929,
8846,3.33008,
8847,3.63271,
8848,3.38967,
8849,3.34854,
8850,3.46631,
8851,3.52116,
8852,3.4571,
8853,3.28123,
8854,3.39472,
8855,3.35498,
8856,3.35054,
8857,3.23553,
8858,3.04269,
8859,3.38366,
8860,3.26733,
8861,3.0683,
8862,3.13864,
8863,3.20091,
8864,3.27923,
8865,3.22753,
8866,3.16127,
8867,3.28318,
8868,2.98965,
8869,3.17869,
8870,3.01355,
8871,3.32773,
8872,3.19688,
8873,3.20021,
8874,3.31442,
8875,3.22696,
8876,3.24451,
8877,3.20694,
8878,3.21534,
8879,3.04488,
8880,3.24726,
8881,3.22673,
8882,2.98395,
8883,3.09958,
8884,2.99056,
8885,3.21063,
8886,3.1772,
8887,3.17306,
8888,3.12369,
8889,3.19863,
8890,3.27029,
8891,2.97543,
8892,3.33748,
8893,3.1522,
8894,3.17118,
8895,3.16225,
8896,3.39365,
8897,3.46042,
8898,3.47503,
8899,3.23003,
8900,3.10885,
8901,3.50731,
8902,3.26297,
8903,3.2889,
8904,3.1862,
8905,3.10319,
8906,3.14051,
8907,3.33735,
8908,2.97713,
8909,2.90696,
8910,2.72334,
8911,3.0352,
8912,3.14677,
8913,3.28127,
8914,3.2525,
8915,3.25409,
8916,3.18714,
8917,3.00599,
8918,3.04911,
8919,3.18978,
8920,3.32667,
8921,3.10744,
8922,3.17185,
8923,2.80135,
8924,2.83223,
8925,3.2972,
8926,2.98573,
8927,3.18222,
8928,2.95426,
8929,3.10674,
8930,2.9356,
8931,2.99346,
8932,2.96941,
8933,3.00461,
8934,2.9691,
8935,2.89023,
8936,2.96932,
8937,3.19671,
8938,2.87287,
8939,3.15132,
8940,3.17884,
8941,3.498,
8942,3.51229,
8943,3.46095,
8944,3.47477,
8945,3.43333,
8946,3.54303,
8947,3.33681,
8948,3.05134,
8949,3.30548,
8950,3.12906,
8951,3.20271,
8952,3.40158,
8953,3.24666,
8954,3.31401,
8955,3.24188,
8956,3.15235,
8957,3.10737,
8958,3.22106,
8959,3.3016,
8960,3.24816,
8961,3.23409,
8962,3.16137,
8963,3.01968,
8964,3.43631,
8965,3.10897,
8966,3.12601,
8967,3.26343,
8968,3.25949,
8969,3.13328,
8970,3.56628,
8971,3.34694,
8972,3.61398,
8973,3.40227,
8974,3.49305,
8975,3.39345,
8976,3.34744,
8977,3.41541,
8978,3.29818,
8979,3.29845,
8980,3.31008,
8981,3.30836,
8982,3.28488,
8983,3.1285,
8984,3.25048,
8985,3.14755,
8986,3.14234,
8987,3.02899,
8988,3.10527,
8989,3.01217,
8990,3.1089,
8991,3.18288,
8992,2.98184,
8993,3.07973,
8994,3.02973,
8995,3.22827,
8996,3.15396,
8997,3.1849,
8998,3.46087,
8999,3.49668,
9000,3.43168,
9001,3.4456,
9002,3.40453,
9003,3.39733,
9004,3.31688,
9005,3.41228,
9006,3.36598,
9007,3.34411,
9008,3.44443,
9009,3.29684,
9010,3.26352,
9011,3.04186,
9012,3.30189,
9013,3.28512,
9014,3.45029,
9015,3.28001,
9016,3.13048,
9017,3.24237,
9018,3.14826,
9019,3.18029,
9020,3.35734,
9021,3.40236,
9022,3.18407,
9023,3.1404,
9024,3.1826,
9025,3.46487,
9026,3.38719,
9027,3.47724,
9028,3.30943,
9029,3.48321,
9030,3.30844,
9031,3.42068,
9032,3.53885,
9033,3.32781,
9034,3.16696,
9035,3.16052,
9036,3.41695,
9037,3.3324,
9038,3.22723,
9039,3.28478,
9040,3.25323,
9041,3.37318,
9042,3.33583,
9043,3.46094,
9044,3.08456,
9045,3.18107,
9046,2.95999,
9047,3.12194,
9048,3.15779,
9049,3.14641,
9050,3.1216,
9051,3.31918,
9052,3.21683,
9053,3.17592,
9054,2.92219,
9055,3.08809,
9056,3.20838,
9057,3.16898,
9058,3.09771,
9059,3.61413,
9060,3.50456,
9061,3.46586,
9062,3.47844,
9063,3.34837,
9064,3.3808,
9065,3.16467,
9066,3.42757,
9067,3.57212,
9068,3.36608,
9069,3.38385,
9070,3.66746,
9071,3.73823,
9072,3.35409,
9073,3.35113,
9074,3.39407,
9075,3.44775,
9076,3.64904,
9077,3.41504,
9078,3.26657,
9079,3.236,
9080,3.17186,
9081,3.22931,
9082,3.22871,
9083,3.24342,
9084,3.19734,
9085,3.09952,
9086,3.27379,
9087,3.73213,
9088,3.78464,
9089,3.66483,
9090,3.63878,
9091,3.62385,
9092,3.61632,
9093,3.60355,
9094,3.57624,
9095,3.54766,
9096,3.66528,
9097,3.63349,
9098,3.5536,
9099,3.51537,
9100,3.41045,
9101,3.53902,
9102,3.59587,
9103,3.51218,
9104,3.44437,
9105,3.39609,
9106,3.44887,
9107,3.66096,
9108,3.54301,
9109,3.47825,
9110,3.39187,
9111,3.40498,
9112,3.30402,
9113,3.46057,
9114,3.34742,
9115,3.36649,
9116,3.34367,
9117,3.16707,
9118,3.01421,
9119,3.2795,
9120,3.51788,
9121,3.3758,
9122,3.10089,
9123,3.30508,
9124,3.34653,
9125,3.21824,
9126,3.30174,
9127,3.34847,
9128,3.1383,
9129,3.35517,
9130,3.20638,
9131,3.2846,
9132,3.47401,
9133,3.36124,
9134,3.36948,
9135,3.42048,
9136,3.26024,
9137,3.19984,
9138,3.12896,
9139,3.15773,
9140,3.30185,
9141,3.17481,
9142,3.1314,
9143,3.31237,
9144,3.20602,
9145,3.14373,
9146,3.14095,
9147,3.07688,
9148,3.0305,
9149,3.22783,
9150,3.02605,
9151,2.98572,
9152,3.07624,
9153,3.16397,
9154,3.09433,
9155,2.99133,
9156,3.10243,
9157,3.08078,
9158,3.30906,
9159,3.27686,
9160,3.28847,
9161,3.3084,
9162,3.34491,
9163,3.22303,
9164,3.30747,
9165,3.02877,
9166,3.2548,
9167,3.22533,
9168,3.11281,
9169,3.43339,
9170,3.10118,
9171,3.09094,
9172,3.37723,
9173,3.17317,
9174,3.04311,
9175,3.12801,
9176,3.3805,
9177,2.8431,
9178,3.02966,
9179,3.22574,
9180,2.94886,
9181,3.12153,
9182,3.05223,
9183,2.98071,
9184,2.90875,
9185,3.46295,
9186,3.41115,
9187,3.35094,
9188,3.29426,
9189,3.41576,
9190,3.33856,
9191,3.4538,
9192,3.3448,
9193,3.25952,
9194,3.36276,
9195,3.2975,
9196,3.29569,
9197,3.24841,
9198,3.20258,
9199,3.26091,
9200,2.96068,
9201,3.12846,
9202,3.19513,
9203,3.24749,
9204,3.22834,
9205,2.90391,
9206,3.17647,
9207,3.11364,
9208,3.03654,
9209,2.83888,
9210,2.98237,
9211,3.06055,
9212,3.00862,
9213,3.05324,
9214,2.85653,
9215,2.83113,
9216,2.82992,
9217,3.04538,
9218,3.13256,
9219,3.84495,
9220,3.55705,
9221,3.42558,
9222,3.30261,
9223,3.489,
9224,3.51639,
9225,3.30463,
9226,3.46939,
9227,3.31917,
9228,3.26848,
9229,3.21111,
9230,3.51246,
9231,3.34358,
9232,3.24773,
9233,3.44349,
9234,3.41408,
9235,3.38622,
9236,3.36732,
9237,3.38151,
9238,3.40307,
9239,3.44457,
9240,3.23081,
9241,3.20889,
9242,3.19376,
9243,3.40141,
9244,3.43808,
9245,3.36853,
9246,3.33576,
9247,3.45714,
9248,3.28545,
9249,3.34881,
9250,3.48356,
9251,3.35498,
9252,3.33257,
9253,3.31644,
9254,3.36049,
9255,3.16358,
9256,3.23337,
9257,3.2653,
9258,3.38735,
9259,3.17249,
9260,3.19857,
9261,3.10414,
9262,3.35161,
9263,3.37889,
9264,3.25558,
9265,3.01036,
9266,3.23244,
9267,3.09138,
9268,3.07515,
9269,3.23123,
9270,3.29529,
9271,3.24873,
9272,3.27917,
9273,3.2702,
9274,3.29315,
9275,3.23464,
9276,3.22774,
9277,3.12053,
9278,3.14331,
9279,3.12328,
9280,3.25896,
9281,3.00819,
9282,3.00266,
9283,3.02662,
9284,3.09518,
9285,3.12377,
9286,3.09315,
9287,2.91493,
9288,3.11616,
9289,2.99093,
9290,3.18312,
9291,2.97613,
9292,3.06235,
9293,3.23239,
9294,3.15793,
9295,3.19808,
9296,2.93431,
9297,3.04391,
9298,3.03646,
9299,3.09937,
9300,3.17898,
9301,2.8373,
9302,2.95101,
9303,2.81714,
9304,2.85712,
9305,3.124,
9306,3.14358,
9307,3.08146,
9308,2.96781,
9309,3.24021,
9310,3.0812,
9311,3.38217,
9312,3.41669,
9313,3.43814,
9314,3.34429,
9315,3.30751,
9316,3.57817,
9317,3.34636,
9318,3.20225,
9319,3.40552,
9320,3.16398,
9321,3.34547,
9322,3.44568,
9323,3.27696,
9324,3.27296,
9325,3.31409,
9326,3.05702,
9327,3.26179,
9328,3.20125,
9329,3.10879,
9330,3.19836,
9331,3.16097,
9332,3.01104,
9333,3.1469,
9334,3.21106,
9335,3.03905,
9336,3.10104,
9337,3.28514,
9338,3.42104,
9339,3.16954,
9340,3.25121,
9341,3.09157,
9342,3.52593,
9343,3.53537,
9344,3.51276,
9345,3.50607,
9346,3.52462,
9347,3.45245,
9348,3.37803,
9349,3.53744,
9350,3.41801,
9351,3.45376,
9352,3.4484,
9353,3.4472,
9354,3.29943,
9355,3.51661,
9356,3.43524,
9357,3.46427,
9358,3.51171,
9359,3.35678,
9360,3.38309,
9361,3.33629,
9362,3.44809,
9363,3.6665,
9364,3.53143,
9365,3.20057,
9366,3.27182,
9367,3.07568,
9368,2.95574,
9369,2.96183,
9370,2.90662,
9371,3.17855,
9372,2.72051,
9373,2.97626,
9374,2.94449,
9375,3.03549,
9376,2.9994,
9377,2.78383,
9378,2.87834,
9379,3.11899,
9380,3.26172,
9381,3.186,
9382,2.90678,
9383,2.90918,
9384,3.43584,
9385,3.53962,
9386,3.48768,
9387,3.53418,
9388,3.44595,
9389,3.5024,
9390,3.41407,
9391,3.23949,
9392,3.33535,
9393,3.41163,
9394,3.28912,
9395,3.34048,
9396,3.44541,
9397,3.47484,
9398,3.32018,
9399,3.24512,
9400,3.07614,
9401,3.22405,
9402,3.21384,
9403,3.21891,
9404,3.04805,
9405,3.01881,
9406,2.95193,
9407,3.17439,
9408,3.13906,
9409,3.07958,
9410,3.37287,
9411,3.33316,
9412,3.36607,
9413,3.30888,
9414,3.47056,
9415,3.42018,
9416,3.23943,
9417,3.29565,
9418,3.06573,
9419,3.04843,
9420,3.05273,
9421,3.26526,
9422,3.37812,
9423,3.17207,
9424,3.02953,
9425,2.92901,
9426,2.87454,
9427,2.79618,
9428,2.93391,
9429,2.88556,
9430,3.1492,
9431,2.84842,
9432,2.85522,
9433,2.87925,
9434,3.1458,
9435,3.0496,
9436,3.25599,
9437,2.88552,
9438,3.40385,
9439,3.11255,
9440,3.4159,
9441,3.71292,
9442,3.4103,
9443,3.47933,
9444,3.44131,
9445,3.41401,
9446,3.47713,
9447,3.41286,
9448,3.31592,
9449,3.18331,
9450,3.1603,
9451,3.24778,
9452,3.18469,
9453,3.24908,
9454,3.25875,
9455,3.12783,
9456,3.26208,
9457,3.0129,
9458,3.35566,
9459,3.33173,
9460,2.99159,
9461,2.9877,
9462,3.25143,
9463,2.98167,
9464,2.96692,
9465,2.93372,
9466,2.78867,
9467,2.79831,
9468,2.91621,
9469,3.60445,
9470,3.54489,
9471,3.66541,
9472,3.63573,
9473,3.60457,
9474,3.50827,
9475,3.34646,
9476,3.3781,
9477,3.29997,
9478,3.40675,
9479,3.64306,
9480,3.47722,
9481,3.4281,
9482,3.30319,
9483,3.19865,
9484,3.50544,
9485,3.50402,
9486,3.57497,
9487,3.31671,
9488,3.55103,
9489,3.24407,
9490,3.28069,
9491,3.30151,
9492,3.41342,
9493,3.30841,
9494,3.3049,
9495,3.18659,
9496,3.12262,
9497,3.31459,
9498,3.10555,
9499,3.09802,
9500,3.26338,
9501,3.27771,
9502,3.23388,
9503,3.13993,
9504,3.17734,
9505,3.09372,
9506,3.17302,
9507,3.04863,
9508,3.06083,
9509,3.14556,
9510,2.89571,
9511,2.95286,
9512,3.1776,
9513,3.13556,
9514,3.57082,
9515,3.53707,
9516,3.48574,
9517,3.61439,
9518,3.56413,
9519,3.47646,
9520,3.42285,
9521,3.43624,
9522,3.24037,
9523,3.27018,
9524,3.22182,
9525,3.20287,
9526,3.42084,
9527,3.35794,
9528,3.23584,
9529,3.50577,
9530,3.45358,
9531,3.0313,
9532,3.10998,
9533,3.15476,
9534,3.11009,
9535,3.24812,
9536,3.31882,
9537,3.29732,
9538,3.40007,
9539,3.5012,
9540,3.48865,
9541,2.97397,
9542,3.1127,
9543,3.32989,
9544,3.36494,
9545,3.45839,
9546,3.42293,
9547,3.47268,
9548,3.42198,
9549,3.50926,
9550,3.28988,
9551,3.25348,
9552,3.42954,
9553,3.10855,
9554,3.34876,
9555,3.38057,
9556,3.35871,
9557,3.32452,
9558,3.25685,
9559,3.50187,
9560,3.3547,
9561,3.49135,
9562,3.35968,
9563,3.46601,
9564,3.39039,
9565,3.50658,
9566,3.20713,
9567,3.28526,
9568,3.2051,
9569,3.15673,
9570,3.19098,
9571,3.10749,
9572,3.2416,
9573,3.17392,
9574,3.33798,
9575,2.95377,
9576,3.18264,
9577,3.4702,
9578,3.34673,
9579,3.31421,
9580,3.27195,
9581,3.37716,
9582,3.13228,
9583,3.34703,
9584,2.7443,
9585,3.50263,
9586,3.45759,
9587,3.56355,
9588,3.65888,
9589,3.82763,
9590,3.49448,
9591,3.54726,
9592,3.40171,
9593,3.53814,
9594,3.51702,
9595,3.47556,
9596,3.43342,
9597,3.25036,
9598,3.29485,
9599,3.32896,
9600,3.45368,
9601,3.21914,
9602,3.42515,
9603,3.45474,
9604,3.3458,
9605,3.30221,
9606,3.29843,
9607,3.40892,
9608,3.46972,
9609,3.38841,
9610,3.38301,
9611,3.343,
9612,3.26364,
9613,3.44113,
9614,3.47159,
9615,3.22987,
9616,3.3337,
9617,3.191,
9618,3.10996,
9619,3.07984,
9620,2.8965,
9621,3.26815,
9622,3.33249,
9623,3.07602,
9624,3.16162,
9625,3.31891,
9626,3.12887,
9627,3.03995,
9628,3.11441,
9629,3.03381,
9630,3.17777,
9631,3.05659,
9632,3.13573,
9633,3.28527,
9634,3.11616,
9635,3.3428,
9636,3.41513,
9637,3.33856,
9638,3.26042,
9639,3.25733,
9640,3.4247,
9641,3.28616,
9642,3.31007,
9643,3.29672,
9644,3.44968,
9645,3.19439,
9646,2.97051,
9647,3.19524,
9648,3.09235,
9649,3.20556,
9650,3.1806,
9651,2.8803,
9652,3.27225,
9653,3.31805,
9654,3.24303,
9655,3.1762,
9656,3.05128,
9657,3.32375,
9658,3.09524,
9659,2.8578,
9660,3.16962,
9661,3.16418,
9662,3.38518,
9663,3.17477,
9664,3.03821,
9665,3.17479,
9666,3.1413,
9667,3.06308,
9668,3.11981,
9669,3.22568,
9670,3.491,
9671,3.35533,
9672,3.49022,
9673,3.295,
9674,3.24911,
9675,3.23948,
9676,3.36914,
9677,3.34726,
9678,3.36858,
9679,3.33428,
9680,3.50898,
9681,3.22406,
9682,3.29594,
9683,3.21194,
9684,3.11341,
9685,3.32891,
9686,3.32213,
9687,3.38813,
9688,3.27844,
9689,2.92853,
9690,3.00447,
9691,3.1954,
9692,3.05015,
9693,3.15612,
9694,2.92639,
9695,3.09699,
9696,3.30094,
9697,3.51108,
9698,3.2731,
9699,3.39127,
9700,3.3837,
9701,3.37293,
9702,3.33534,
9703,3.3629,
9704,3.38799,
9705,3.41211,
9706,3.32658,
9707,3.3402,
9708,3.35077,
9709,3.23286,
9710,3.32248,
9711,2.96936,
9712,3.14508,
9713,3.27422,
9714,3.15827,
9715,3.22789,
9716,3.03891,
9717,3.11073,
9718,3.25942,
9719,2.99918,
9720,3.15372,
9721,3.03601,
9722,2.96469,
9723,3.1381,
9724,2.98155,
9725,2.97746,
9726,2.99375,
9727,3.12737,
9728,3.04874,
9729,3.17136,
9730,3.25572,
9731,3.17913,
9732,3.08168,
9733,3.10141,
9734,3.21938,
9735,3.20837,
9736,3.0546,
9737,3.40794,
9738,3.36017,
9739,3.24584,
9740,3.41201,
9741,3.28079,
9742,3.16326,
9743,3.25958,
9744,3.17408,
9745,3.30178,
9746,3.27449,
9747,3.40428,
9748,3.49641,
9749,3.386,
9750,3.25524,
9751,3.23871,
9752,3.13309,
9753,3.18021,
9754,3.13956,
9755,3.18633,
9756,3.10494,
9757,3.21121,
9758,3.14534,
9759,3.28737,
9760,3.08319,
9761,3.20834,
9762,3.35802,
9763,3.38235,
9764,3.47352,
9765,3.17915,
9766,2.97905,
9767,3.24983,
9768,2.93504,
9769,3.20448,
9770,3.5087,
9771,3.58212,
9772,3.48825,
9773,3.47073,
9774,3.28007,
9775,3.477,
9776,3.35679,
9777,3.32129,
9778,3.261,
9779,3.48817,
9780,3.2305,
9781,3.39309,
9782,3.10203,
9783,3.44115,
9784,3.4195,
9785,3.5898,
9786,3.29308,
9787,3.30251,
9788,3.34307,
9789,3.09817,
9790,3.30651,
9791,3.06319,
9792,3.16448,
9793,3.14961,
9794,3.4056,
9795,3.3552,
9796,2.95041,
9797,3.24513,
9798,3.21391,
9799,3.29331,
9800,3.27973,
9801,3.45082,
9802,3.38841,
9803,3.27787,
9804,3.31421,
9805,3.32414,
9806,3.24872,
9807,3.1008,
9808,3.09272,
9809,3.55906,
9810,3.52089,
9811,3.49921,
9812,3.42316,
9813,3.36909,
9814,3.41225,
9815,3.26601,
9816,3.49863,
9817,3.25217,
9818,3.33641,
9819,3.33597,
9820,3.30227,
9821,3.20854,
9822,3.34247,
9823,3.26672,
9824,3.18381,
9825,3.39258,
9826,3.4778,
9827,3.18417,
9828,3.52302,
9829,3.33769,
9830,3.17249,
9831,3.10468,
9832,3.34086,
9833,3.30941,
9834,3.22568,
9835,3.25015,
9836,3.36404,
9837,3.1481,
9838,3.11889,
9839,3.23251,
9840,3.15761,
9841,3.30242,
9842,3.2839,
9843,3.35225,
9844,3.23571,
9845,3.28598,
9846,3.17816,
9847,3.34534,
9848,3.36324,
9849,2.97763,
9850,3.15598,
9851,3.16927,
9852,3.2739,
9853,3.34253,
9854,3.31408,
9855,3.05108,
9856,3.18751,
9857,3.32563,
9858,2.99799,
9859,3.0728,
9860,3.3808,
9861,3.26811,
9862,3.3355,
9863,3.14967,
9864,3.14073,
9865,3.27243,
9866,3.29622,
9867,3.1621,
9868,3.3726,
9869,3.30096,
9870,3.03116,
9871,3.18145,
9872,3.06785,
9873,3.18873,
9874,2.99978,
9875,3.21966,
9876,3.39323,
9877,3.27018,
9878,3.38977,
9879,3.44583,
9880,3.3006,
9881,3.36584,
9882,3.19898,
9883,3.26733,
9884,3.35824,
9885,3.30735,
9886,3.40827,
9887,3.51036,
9888,3.62104,
9889,4.4722,
9890,3.33797,
9891,3.29073,
9892,3.38653,
9893,3.35888,
9894,3.17193,
9895,3.28902,
9896,3.27282,
9897,3.29103,
9898,3.21024,
9899,3.73116,
9900,3.25377,
9901,3.25668,
9902,2.9104,
9903,3.08054,
9904,3.29741,
9905,3.31128,
9906,3.39183,
9907,3.43023,
9908,3.29749,
9909,3.37373,
9910,3.3422,
9911,3.28887,
9912,3.58655,
9913,3.35618,
9914,3.31393,
9915,3.43627,
9916,3.4725,
9917,3.4028,
9918,3.23387,
9919,3.36035,
9920,3.3167,
9921,3.30149,
9922,3.20016,
9923,2.99214,
9924,3.34175,
9925,3.21764,
9926,3.02,
9927,3.10314,
9928,3.16343,
9929,3.2398,
9930,3.20309,
9931,3.12256,
9932,3.24892,
9933,2.94892,
9934,3.14223,
9935,2.96921,
9936,3.28307,
9937,3.14559,
9938,3.1544,
9939,3.26586,
9940,3.18747,
9941,3.21145,
9942,3.17145,
9943,3.17887,
9944,3.00857,
9945,3.20996,
9946,3.18459,
9947,2.94002,
9948,3.07335,
9949,2.95253,
9950,3.17797,
9951,3.15475,
9952,3.1475,
9953,3.0954,
9954,3.16182,
9955,3.2272,
9956,2.95669,
9957,3.29371,
9958,3.11736,
9959,3.13441,
9960,3.14048,
9961,3.35961,
9962,3.42248,
9963,3.44258,
9964,3.18743,
9965,3.06615,
9966,3.46049,
9967,3.23923,
9968,3.25603,
9969,3.15773,
9970,3.07622,
9971,3.10462,
9972,3.30041,
9973,2.94811,
9974,2.86189,
9975,2.69555,
9976,2.99498,
9977,3.09827,
9978,3.23732,
9979,3.22094,
9980,3.23018,
9981,3.15904,
9982,2.95752,
9983,3.00459,
9984,3.15073,
9985,3.29776,
9986,3.09552,
9987,3.14468,
9988,2.77367,
9989,2.79564,
9990,3.25402,
9991,2.95223,
9992,3.14284,
9993,2.91223,
9994,3.07011,
9995,2.89146,
9996,2.95118,
9997,2.93052,
9998,2.96658,
9999,2.92415,
10000,2.85445,
10001,2.93822,
10002,3.164,
10003,2.83199,
10004,3.12192,
10005,3.15107,
10006,3.48311,
10007,3.4838,
10008,3.42295,
10009,3.43952,
10010,3.41012,
10011,3.49991,
10012,3.28955,
10013,3.00972,
10014,3.27281,
10015,3.08971,
10016,3.16986,
10017,3.37718,
10018,3.21657,
10019,3.28317,
10020,3.20536,
10021,3.11444,
10022,3.05758,
10023,3.18485,
10024,3.26684,
10025,3.20488,
10026,3.19048,
10027,3.14515,
10028,2.99243,
10029,3.40321,
10030,3.07995,
10031,3.07468,
10032,3.2365,
10033,3.209,
10034,3.08877,
10035,3.53259,
10036,3.31612,
10037,3.59014,
10038,3.35177,
10039,3.45162,
10040,3.35789,
10041,3.3134,
10042,3.36612,
10043,3.24939,
10044,3.26282,
10045,3.27547,
10046,3.28918,
10047,3.26457,
10048,3.08802,
10049,3.2183,
10050,3.11638,
10051,3.09667,
10052,2.96008,
10053,3.05157,
10054,2.96689,
10055,3.08409,
10056,3.14282,
10057,2.95613,
10058,3.04744,
10059,3.00708,
10060,3.19892,
10061,3.12177,
10062,3.16201,
10063,3.41486,
10064,3.45258,
10065,3.38226,
10066,3.38574,
10067,3.3579,
10068,3.35916,
10069,3.26476,
10070,3.36211,
10071,3.32972,
10072,3.3219,
10073,3.41182,
10074,3.25717,
10075,3.2271,
10076,2.99805,
10077,3.27367,
10078,3.24766,
10079,3.40978,
10080,3.25364,
10081,3.09001,
10082,3.20783,
10083,3.11399,
10084,3.13363,
10085,3.31865,
10086,3.35833,
10087,3.13636,
10088,3.08764,
10089,3.14857,
10090,3.42315,
10091,3.35036,
10092,3.44385,
10093,3.2769,
10094,3.45331,
10095,3.26956,
10096,3.3673,
10097,3.51698,
10098,3.27928,
10099,3.12965,
10100,3.1176,
10101,3.36554,
10102,3.29765,
10103,3.18938,
10104,3.24603,
10105,3.21031,
10106,3.34828,
10107,3.30406,
10108,3.44772,
10109,3.05946,
10110,3.15982,
10111,2.92381,
10112,3.08794,
10113,3.11749,
10114,3.11173,
10115,3.09163,
10116,3.28513,
10117,3.18616,
10118,3.13921,
10119,2.88918,
10120,3.03663,
10121,3.18185,
10122,3.12998,
10123,3.04733,
10124,3.58442,
10125,3.4681,
10126,3.42889,
10127,3.43426,
10128,3.31838,
10129,3.36055,
10130,3.12671,
10131,3.41127,
10132,3.52787,
10133,3.32877,
10134,3.35909,
10135,3.63152,
10136,3.70458,
10137,3.3169,
10138,3.30584,
10139,3.35061,
10140,3.42597,
10141,3.61232,
10142,3.39224,
10143,3.24066,
10144,3.21142,
10145,3.15043,
10146,3.18992,
10147,3.19747,
10148,3.21156,
10149,3.18052,
10150,3.08343,
10151,3.24317,
10152,3.68653,
10153,3.74371,
10154,3.63664,
10155,3.61091,
10156,3.59599,
10157,3.59159,
10158,3.58377,
10159,3.54195,
10160,3.51196,
10161,3.61859,
10162,3.60271,
10163,3.52762,
10164,3.49555,
10165,3.38006,
10166,3.51669,
10167,3.56498,
10168,3.49516,
10169,3.41164,
10170,3.37519,
10171,3.42368,
10172,3.62778,
10173,3.50803,
10174,3.42941,
10175,3.36853,
10176,3.36901,
10177,3.25505,
10178,3.40868,
10179,3.3079,
10180,3.31658,
10181,3.29581,
10182,3.13811,
10183,2.97985,
10184,3.25115,
10185,3.48834,
10186,3.34457,
10187,3.05743,
10188,3.27134,
10189,3.3101,
10190,3.17794,
10191,3.28463,
10192,3.30763,
10193,3.10725,
10194,3.30244,
10195,3.16754,
10196,3.23648,
10197,3.42674,
10198,3.32485,
10199,3.33534,
10200,3.3846,
10201,3.20889,
10202,3.1452,
10203,3.08233,
10204,3.12857,
10205,3.25412,
10206,3.14233,
10207,3.08161,
10208,3.27847,
10209,3.16883,
10210,3.09966,
10211,3.10709,
10212,3.04828,
10213,2.97915,
10214,3.1868,
10215,2.99941,
10216,2.95709,
10217,3.05146,
10218,3.1374,
10219,3.05265,
10220,2.95591,
10221,3.07466,
10222,3.03534,
10223,3.26001,
10224,3.23284,
10225,3.23729,
10226,3.27214,
10227,3.29699,
10228,3.17243,
10229,3.26848,
10230,2.99291,
10231,3.21252,
10232,3.19209,
10233,3.06834,
10234,3.40486,
10235,3.06437,
10236,3.0617,
10237,3.34159,
10238,3.1215,
10239,2.99925,
10240,3.10036,
10241,3.34404,
10242,2.81837,
10243,2.98739,
10244,3.19222,
10245,2.9247,
10246,3.0866,
10247,3.0215,
10248,2.94132,
10249,2.86722,
10250,3.42916,
10251,3.3718,
10252,3.30782,
10253,3.24835,
10254,3.39049,
10255,3.31101,
10256,3.41453,
10257,3.30767,
10258,3.22117,
10259,3.31679,
10260,3.26663,
10261,3.26411,
10262,3.21439,
10263,3.18096,
10264,3.23393,
10265,2.92249,
10266,3.08966,
10267,3.16062,
10268,3.21361,
10269,3.19106,
10270,2.87068,
10271,3.12851,
10272,3.08811,
10273,3.00933,
10274,2.78166,
10275,2.95506,
10276,3.01924,
10277,2.9738,
10278,3.02732,
10279,2.80159,
10280,2.80473,
10281,2.80985,
10282,3.0258,
10283,3.09789,
10284,3.7917,
10285,3.52872,
10286,3.37388,
10287,3.26513,
10288,3.45862,
10289,3.49107,
10290,3.27533,
10291,3.43599,
10292,3.27452,
10293,3.24017,
10294,3.16381,
10295,3.47625,
10296,3.3029,
10297,3.21257,
10298,3.41477,
10299,3.39506,
10300,3.33621,
10301,3.3368,
10302,3.34584,
10303,3.38041,
10304,3.40204,
10305,3.17719,
10306,3.17083,
10307,3.16172,
10308,3.34506,
10309,3.39753,
10310,3.32667,
10311,3.30385,
10312,3.40833,
10313,3.24262,
10314,3.31129,
10315,3.44114,
10316,3.3259,
10317,3.29648,
10318,3.28747,
10319,3.30453,
10320,3.12245,
10321,3.18052,
10322,3.23792,
10323,3.35976,
10324,3.12766,
10325,3.15916,
10326,3.06718,
10327,3.33173,
10328,3.32986,
10329,3.2281,
10330,3.00043,
10331,3.20411,
10332,3.05939,
10333,3.03656,
10334,3.20074,
10335,3.27485,
10336,3.21678,
10337,3.2336,
10338,3.22725,
10339,3.2676,
10340,3.19422,
10341,3.19466,
10342,3.08428,
10343,3.11743,
10344,3.09406,
10345,3.22043,
10346,2.9643,
10347,2.96926,
10348,2.99391,
10349,3.07221,
10350,3.08445,
10351,3.04047,
10352,2.88011,
10353,3.07515,
10354,2.95124,
10355,3.1447,
10356,2.94696,
10357,3.04616,
10358,3.20296,
10359,3.13326,
10360,3.1588,
10361,2.90156,
10362,3.00738,
10363,3.00467,
10364,3.07156,
10365,3.14521,
10366,2.80809,
10367,2.93037,
10368,2.79387,
10369,2.83375,
10370,3.08762,
10371,3.10923,
10372,3.04562,
10373,2.9359,
10374,3.19904,
10375,3.05252,
10376,3.36727,
10377,3.3738,
10378,3.39399,
10379,3.28923,
10380,3.26971,
10381,3.52263,
10382,3.32151,
10383,3.16949,
10384,3.35908,
10385,3.13044,
10386,3.30563,
10387,3.41606,
10388,3.24376,
10389,3.24575,
10390,3.2757,
10391,3.02932,
10392,3.22852,
10393,3.16778,
10394,3.0661,
10395,3.187,
10396,3.12829,
10397,2.97905,
10398,3.11758,
10399,3.17163,
10400,3.00359,
10401,3.06063,
10402,3.24601,
10403,3.38774,
10404,3.12725,
10405,3.21664,
10406,3.04544,
10407,3.4928,
10408,3.50036,
10409,3.47279,
10410,3.47315,
10411,3.50079,
10412,3.41581,
10413,3.34638,
10414,3.50743,
10415,3.38228,
10416,3.41911,
10417,3.42119,
10418,3.41669,
10419,3.27347,
10420,3.47498,
10421,3.41482,
10422,3.43516,
10423,3.45939,
10424,3.32478,
10425,3.36225,
10426,3.30216,
10427,3.404,
10428,3.60243,
10429,3.49411,
10430,3.16403,
10431,3.21651,
10432,3.03481,
10433,2.90196,
10434,2.92722,
10435,2.86653,
10436,3.15501,
10437,2.6912,
10438,2.94251,
10439,2.90777,
10440,2.98519,
10441,2.96718,
10442,2.74938,
10443,2.83108,
10444,3.11385,
10445,3.22898,
10446,3.14867,
10447,2.87667,
10448,2.8728,
10449,3.39214,
10450,3.4985,
10451,3.4492,
10452,3.49511,
10453,3.40201,
10454,3.45401,
10455,3.38057,
10456,3.19425,
10457,3.29825,
10458,3.3683,
10459,3.25487,
10460,3.28786,
10461,3.42117,
10462,3.43897,
10463,3.29736,
10464,3.21758,
10465,3.05336,
10466,3.18059,
10467,3.18084,
10468,3.18667,
10469,3.01525,
10470,2.98406,
10471,2.90693,
10472,3.13919,
10473,3.10451,
10474,3.05431,
10475,3.32377,
10476,3.27987,
10477,3.31847,
10478,3.25776,
10479,3.42198,
10480,3.34985,
10481,3.18813,
10482,3.24343,
10483,3.02147,
10484,2.99975,
10485,3.0224,
10486,3.21939,
10487,3.34879,
10488,3.12776,
10489,2.98542,
10490,2.89098,
10491,2.83949,
10492,2.77244,
10493,2.89812,
10494,2.84724,
10495,3.10312,
10496,2.80973,
10497,2.81476,
10498,2.85203,
10499,3.10559,
10500,3.01845,
10501,3.22233,
10502,2.86253,
10503,3.37276,
10504,3.09162,
10505,3.39017,
10506,3.67933,
10507,3.36328,
10508,3.43781,
10509,3.39053,
10510,3.36464,
10511,3.43824,
10512,3.34889,
10513,3.26413,
10514,3.14847,
10515,3.10058,
10516,3.20535,
10517,3.14106,
10518,3.20237,
10519,3.21879,
10520,3.1012,
10521,3.23542,
10522,2.97855,
10523,3.31469,
10524,3.29031,
10525,2.95435,
10526,2.94107,
10527,3.22442,
10528,2.93833,
10529,2.92943,
10530,2.89692,
10531,2.75286,
10532,2.76295,
10533,2.88502,
10534,3.56638,
10535,3.50992,
10536,3.63455,
10537,3.59082,
10538,3.57661,
10539,3.46795,
10540,3.30403,
10541,3.33601,
10542,3.25984,
10543,3.37059,
10544,3.59864,
10545,3.41399,
10546,3.39952,
10547,3.25885,
10548,3.15258,
10549,3.47062,
10550,3.46084,
10551,3.53104,
10552,3.27198,
10553,3.50529,
10554,3.19165,
10555,3.24015,
10556,3.25521,
10557,3.37138,
10558,3.26863,
10559,3.25875,
10560,3.13677,
10561,3.08002,
10562,3.28395,
10563,3.05907,
10564,3.05688,
10565,3.20551,
10566,3.23767,
10567,3.20142,
10568,3.1146,
10569,3.14395,
10570,3.06144,
10571,3.13939,
10572,3.01076,
10573,3.02313,
10574,3.1144,
10575,2.86005,
10576,2.91292,
10577,3.15353,
10578,3.08693,
10579,3.52898,
10580,3.51766,
10581,3.45923,
10582,3.58891,
10583,3.52416,
10584,3.4343,
10585,3.37443,
10586,3.3946,
10587,3.20514,
10588,3.22664,
10589,3.18473,
10590,3.1593,
10591,3.40858,
10592,3.32961,
10593,3.20639,
10594,3.47245,
10595,3.42221,
10596,2.99876,
10597,3.08194,
10598,3.12157,
10599,3.06204,
10600,3.20831,
10601,3.28256,
10602,3.264,
10603,3.39321,
10604,3.48286,
10605,3.45701,
10606,2.93007,
10607,3.07044,
10608,3.29915,
10609,3.33616,
10610,3.41677,
10611,3.3914,
10612,3.44393,
10613,3.40018,
10614,3.48216,
10615,3.26198,
10616,3.22781,
10617,3.40958,
10618,3.07955,
10619,3.32655,
10620,3.33772,
10621,3.30977,
10622,3.27876,
10623,3.21978,
10624,3.48323,
10625,3.32183,
10626,3.45232,
10627,3.32065,
10628,3.42832,
10629,3.35597,
10630,3.46223,
10631,3.17464,
10632,3.24946,
10633,3.18183,
10634,3.14077,
10635,3.18032,
10636,3.079,
10637,3.21111,
10638,3.15828,
10639,3.30207,
10640,2.93249,
10641,3.15527,
10642,3.4388,
10643,3.32232,
10644,3.29432,
10645,3.24216,
10646,3.33663,
10647,3.09429,
10648,3.32411,
10649,2.69028,
10650,3.44546,
10651,3.41003,
10652,3.52045,
10653,3.64158,
10654,3.79043,
10655,3.46825,
10656,3.49773,
10657,3.35968,
10658,3.50407,
10659,3.47568,
10660,3.44198,
10661,3.38647,
10662,3.20245,
10663,3.24641,
10664,3.28955,
10665,3.39922,
10666,3.18384,
10667,3.37886,
10668,3.42531,
10669,3.31499,
10670,3.27462,
10671,3.26832,
10672,3.3642,
10673,3.43139,
10674,3.35931,
10675,3.32935,
10676,3.30556,
10677,3.22674,
10678,3.40911,
10679,3.43806,
10680,3.19635,
10681,3.31666,
10682,3.14981,
10683,3.08256,
10684,3.05642,
10685,2.86917,
10686,3.23542,
10687,3.2934,
10688,3.03956,
10689,3.11537,
10690,3.29052,
10691,3.0937,
10692,3.01697,
10693,3.07844,
10694,3.01259,
10695,3.16763,
10696,3.03268,
10697,3.11273,
10698,3.25583,
10699,3.07853,
10700,3.30671,
10701,3.37421,
10702,3.29661,
10703,3.22515,
10704,3.22081,
10705,3.38888,
10706,3.2465,
10707,3.28132,
10708,3.25501,
10709,3.41515,
10710,3.1513,
10711,2.93962,
10712,3.1539,
10713,3.06278,
10714,3.17967,
10715,3.16206,
10716,2.85343,
10717,3.23493,
10718,3.28817,
10719,3.22047,
10720,3.16457,
10721,3.00983,
10722,3.29481,
10723,3.07941,
10724,2.82449,
10725,3.14162,
10726,3.12734,
10727,3.35289,
10728,3.15834,
10729,3.01009,
10730,3.13692,
10731,3.11142,
10732,3.02842,
10733,3.0861,
10734,3.18433,
10735,3.4586,
10736,3.31957,
10737,3.45308,
10738,3.24062,
10739,3.206,
10740,3.211,
10741,3.34147,
10742,3.31011,
10743,3.34732,
10744,3.31621,
10745,3.46972,
10746,3.18782,
10747,3.26689,
10748,3.18589,
10749,3.0658,
10750,3.28385,
10751,3.28423,
10752,3.36382,
10753,3.25864,
10754,2.90449,
10755,2.98017,
10756,3.17373,
10757,3.02621,
10758,3.12184,
10759,2.89163,
10760,3.0732,
10761,3.27452,
10762,3.45472,
10763,3.24849,
10764,3.36322,
10765,3.35299,
10766,3.34339,
10767,3.28977,
10768,3.32798,
10769,3.35303,
10770,3.3892,
10771,3.30096,
10772,3.29713,
10773,3.30986,
10774,3.19574,
10775,3.28568,
10776,2.93585,
10777,3.10536,
10778,3.25991,
10779,3.11998,
10780,3.19262,
10781,3.00437,
10782,3.07682,
10783,3.23679,
10784,2.97157,
10785,3.11352,
10786,3.00583,
10787,2.9267,
10788,3.10218,
10789,2.94092,
10790,2.94849,
10791,2.97432,
10792,3.10831,
10793,3.02344,
10794,3.14443,
10795,3.22333,
10796,3.14706,
10797,3.04428,
10798,3.07432,
10799,3.18711,
10800,3.17576,
10801,3.03605,
10802,3.36003,
10803,3.33093,
10804,3.23042,
10805,3.36941,
10806,3.25385,
10807,3.13433,
10808,3.2363,
10809,3.15591,
10810,3.25951,
10811,3.23009,
10812,3.37017,
10813,3.45386,
10814,3.35017,
10815,3.21873,
10816,3.20436,
10817,3.09585,
10818,3.1421,
10819,3.10474,
10820,3.15424,
10821,3.05541,
10822,3.17914,
10823,3.10366,
10824,3.25759,
10825,3.05463,
10826,3.17082,
10827,3.3301,
10828,3.35871,
10829,3.45941,
10830,3.14014,
10831,2.9461,
10832,3.20724,
10833,2.91466,
10834,3.17175,
10835,3.47119,
10836,3.53625,
10837,3.44653,
10838,3.43413,
10839,3.23526,
10840,3.43887,
10841,3.32951,
10842,3.28813,
10843,3.22525,
10844,3.44981,
10845,3.1979,
10846,3.36333,
10847,3.07089,
10848,3.40933,
10849,3.37554,
10850,3.55406,
10851,3.25247,
10852,3.28865,
10853,3.30949,
10854,3.06417,
10855,3.28746,
10856,3.03456,
10857,3.12897,
10858,3.12136,
10859,3.38011,
10860,3.32885,
10861,2.91813,
10862,3.20848,
10863,3.16719,
10864,3.26351,
10865,3.25211,
10866,3.42269,
10867,3.34861,
10868,3.24207,
10869,3.2792,
10870,3.29063,
10871,3.22421,
10872,3.06588,
10873,3.06119,
10874,3.51758,
10875,3.48283,
10876,3.4439,
10877,3.39736,
10878,3.3287,
10879,3.37962,
10880,3.22789,
10881,3.47776,
10882,3.23287,
10883,3.30198,
10884,3.31596,
10885,3.27588,
10886,3.19487,
10887,3.32232,
10888,3.24285,
10889,3.17127,
10890,3.36055,
10891,3.45329,
10892,3.15299,
10893,3.49913,
10894,3.30706,
10895,3.14424,
10896,3.08312,
10897,3.30719,
10898,3.28625,
10899,3.19809,
10900,3.21186,
10901,3.34523,
10902,3.11086,
10903,3.09728,
10904,3.20661,
10905,3.13188,
10906,3.26799,
10907,3.25367,
10908,3.33628,
10909,3.20967,
10910,3.25769,
10911,3.13325,
10912,3.30659,
10913,3.32879,
10914,2.93692,
10915,3.12722,
10916,3.14448,
10917,3.24095,
10918,3.31421,
10919,3.29273,
10920,3.01621,
10921,3.15577,
10922,3.29209,
10923,2.98637,
10924,3.05037,
10925,3.35154,
10926,3.22251,
10927,3.30986,
10928,3.11102,
10929,3.10404,
10930,3.25778,
10931,3.26938,
10932,3.13733,
10933,3.34908,
10934,3.27207,
10935,2.99913,
10936,3.13961,
10937,3.04924,
10938,3.15907,
10939,2.98733,
10940,3.19102,
10941,3.36504,
10942,3.24323,
10943,3.36364,
10944,3.42157,
10945,3.27289,
10946,3.34768,
10947,3.17767,
10948,3.2332,
10949,3.32631,
10950,3.27706,
10951,3.37358,
10952,3.48666,
10953,3.59235,
10954,4.43368,
10955,3.31092,
10956,3.26176,
10957,3.34197,
10958,3.32553,
10959,3.1472,
10960,3.26562,
10961,3.24145,
10962,3.26404,
10963,3.18396,
10964,3.69674,
10965,3.22261,
10966,3.22585,
10967,2.86097,
10968,3.03445,
10969,3.27615,
10970,3.28025,
10971,3.34709,
10972,3.40184,
10973,3.269,
10974,3.33313,
10975,3.32505,
10976,3.25683,
10977,3.54808,
10978,3.32691,
10979,3.29148,
10980,3.40272,
10981,3.43967,
10982,3.36803,
10983,3.19866,
10984,3.3253,
10985,3.28146,
10986,3.26703,
10987,3.1564,
10988,2.95815,
10989,3.30853,
10990,3.18874,
10991,2.9951,
10992,3.0601,
10993,3.13077,
10994,3.20344,
10995,3.1818,
10996,3.09437,
10997,3.21191,
10998,2.9144,
10999,3.1132,
11000,2.91738,
11001,3.2528,
11002,3.11984,
11003,3.1173,
11004,3.22319,
11005,3.15269,
11006,3.1698,
11007,3.13704,
11008,3.14095,
11009,2.97212,
11010,3.17805,
11011,3.14132,
11012,2.9007,
11013,3.03739,
11014,2.92715,
11015,3.1449,
11016,3.12114,
11017,3.10419,
11018,3.06461,
11019,3.14828,
11020,3.20332,
11021,2.92063,
11022,3.26763,
11023,3.09384,
11024,3.10949,
11025,3.11856,
11026,3.3311,
11027,3.39454,
11028,3.40246,
11029,3.1666,
11030,3.02779,
11031,3.428,
11032,3.20753,
11033,3.23563,
11034,3.13849,
11035,3.05142,
11036,3.07598,
11037,3.26858,
11038,2.91246,
11039,2.84029,
11040,2.67311,
11041,2.97075,
11042,3.08911,
11043,3.21049,
11044,3.1911,
11045,3.19779,
11046,3.13321,
11047,2.92921,
11048,2.97971,
11049,3.12034,
11050,3.27676,
11051,3.04428,
11052,3.11144,
11053,2.73142,
11054,2.78325,
11055,3.24426,
11056,2.91198,
11057,3.11585,
11058,2.88409,
11059,3.02842,
11060,2.86263,
11061,2.91629,
11062,2.90803,
11063,2.93261,
11064,2.90617,
11065,2.82461,
11066,2.91926,
11067,3.15283,
11068,2.81098,
11069,3.09717,
11070,3.11431,
11071,3.45133,
11072,3.4547,
11073,3.38553,
11074,3.41166,
11075,3.39003,
11076,3.47273,
11077,3.2551,
11078,2.97503,
11079,3.2634,
11080,3.05406,
11081,3.15147,
11082,3.34635,
11083,3.17566,
11084,3.26016,
11085,3.18363,
11086,3.08077,
11087,3.02753,
11088,3.16744,
11089,3.23718,
11090,3.18157,
11091,3.15644,
11092,3.11752,
11093,2.98208,
11094,3.36474,
11095,3.05134,
11096,3.04924,
11097,3.18648,
11098,3.17452,
11099,3.05053,
11100,3.50334,
11101,3.27311,
11102,3.55508,
11103,3.31624,
11104,3.41815,
11105,3.3265,
11106,3.28079,
11107,3.3391,
11108,3.21154,
11109,3.22568,
11110,3.23355,
11111,3.25704,
11112,3.22999,
11113,3.05221,
11114,3.19939,
11115,3.103,
11116,3.07958,
11117,2.91542,
11118,3.01448,
11119,2.93042,
11120,3.05745,
11121,3.11596,
11122,2.91574,
11123,3.03416,
11124,2.9763,
11125,3.16805,
11126,3.07832,
11127,3.12452,
11128,3.37321,
11129,3.40082,
11130,3.33083,
11131,3.34235,
11132,3.3218,
11133,3.3364,
11134,3.2339,
11135,3.33721,
11136,3.29545,
11137,3.28983,
11138,3.37519,
11139,3.22951,
11140,3.19721,
11141,2.97196,
11142,3.24511,
11143,3.20862,
11144,3.37907,
11145,3.22704,
11146,3.06745,
11147,3.17938,
11148,3.0937,
11149,3.11257,
11150,3.27792,
11151,3.32226,
11152,3.10522,
11153,3.06837,
11154,3.12082,
11155,3.39258,
11156,3.31841,
11157,3.39877,
11158,3.26131,
11159,3.42202,
11160,3.24192,
11161,3.32177,
11162,3.47746,
11163,3.24539,
11164,3.09912,
11165,3.06795,
11166,3.33042,
11167,3.27208,
11168,3.16123,
11169,3.2157,
11170,3.17682,
11171,3.3397,
11172,3.27191,
11173,3.42287,
11174,3.0309,
11175,3.13065,
11176,2.89385,
11177,3.06323,
11178,3.0901,
11179,3.09302,
11180,3.05949,
11181,3.26449,
11182,3.15975,
11183,3.12476,
11184,2.86353,
11185,3.0241,
11186,3.13652,
11187,3.10037,
11188,3.0258,
11189,3.54955,
11190,3.44381,
11191,3.41965,
11192,3.40863,
11193,3.29542,
11194,3.34894,
11195,3.09921,
11196,3.38557,
11197,3.50754,
11198,3.29035,
11199,3.35025,
11200,3.5968,
11201,3.67744,
11202,3.27518,
11203,3.27722,
11204,3.31436,
11205,3.39201,
11206,3.57126,
11207,3.36659,
11208,3.21101,
11209,3.19178,
11210,3.11161,
11211,3.17287,
11212,3.17111,
11213,3.20031,
11214,3.15589,
11215,3.04055,
11216,3.21273,
11217,3.66315,
11218,3.72333,
11219,3.61655,
11220,3.59015,
11221,3.56836,
11222,3.57126,
11223,3.5578,
11224,3.52987,
11225,3.48658,
11226,3.59903,
11227,3.58137,
11228,3.51351,
11229,3.46734,
11230,3.35041,
11231,3.48555,
11232,3.53951,
11233,3.47432,
11234,3.38025,
11235,3.35109,
11236,3.37971,
11237,3.59115,
11238,3.4565,
11239,3.39495,
11240,3.3452,
11241,3.34412,
11242,3.22914,
11243,3.3879,
11244,3.28019,
11245,3.28073,
11246,3.26134,
11247,3.10753,
11248,2.95176,
11249,3.23918,
11250,3.46155,
11251,3.31977,
11252,3.02969,
11253,3.24784,
11254,3.27401,
11255,3.15109,
11256,3.24356,
11257,3.2766,
11258,3.08101,
11259,3.27358,
11260,3.13425,
11261,3.18331,
11262,3.38865,
11263,3.28643,
11264,3.30133,
11265,3.34469,
11266,3.17494,
11267,3.11946,
11268,3.04894,
11269,3.09997,
11270,3.22294,
11271,3.11086,
11272,3.04588,
11273,3.25772,
11274,3.14223,
11275,3.0651,
11276,3.09055,
11277,3.00494,
11278,2.94331,
11279,3.16069,
11280,2.95384,
11281,2.93573,
11282,3.02414,
11283,3.10924,
11284,3.01884,
11285,2.92593,
11286,3.04845,
11287,3.01397,
11288,3.23192,
11289,3.19052,
11290,3.20292,
11291,3.25152,
11292,3.26413,
11293,3.14232,
11294,3.24435,
11295,2.96472,
11296,3.18717,
11297,3.15259,
11298,3.04813,
11299,3.36502,
11300,3.03825,
11301,3.03736,
11302,3.32997,
11303,3.07729,
11304,2.97071,
11305,3.06197,
11306,3.30687,
11307,2.80539,
11308,2.95025,
11309,3.16065,
11310,2.92307,
11311,3.06467,
11312,2.99188,
11313,2.91715,
11314,2.83035,
11315,3.39022,
11316,3.35196,
11317,3.29212,
11318,3.22908,
11319,3.36552,
11320,3.29032,
11321,3.39085,
11322,3.27171,
11323,3.19244,
11324,3.28805,
11325,3.22977,
11326,3.22974,
11327,3.18227,
11328,3.15062,
11329,3.20681,
11330,2.90884,
11331,3.05908,
11332,3.13199,
11333,3.19827,
11334,3.18175,
11335,2.8388,
11336,3.09779,
11337,3.06102,
11338,2.97759,
11339,2.74965,
11340,2.93301,
11341,3.00316,
11342,2.95991,
11343,3.00052,
11344,2.77571,
11345,2.78308,
11346,2.76925,
11347,2.9876,
11348,3.07738,
11349,3.74651,
11350,3.51393,
11351,3.35787,
11352,3.25476,
11353,3.42914,
11354,3.45225,
11355,3.24627,
11356,3.39237,
11357,3.23801,
11358,3.21416,
11359,3.13191,
11360,3.45785,
11361,3.27537,
11362,3.17371,
11363,3.37739,
11364,3.36332,
11365,3.29918,
11366,3.3108,
11367,3.29572,
11368,3.35,
11369,3.35282,
11370,3.1562,
11371,3.1255,
11372,3.13588,
11373,3.29322,
11374,3.36702,
11375,3.30644,
11376,3.27487,
11377,3.38309,
11378,3.20695,
11379,3.26568,
11380,3.41975,
11381,3.28735,
11382,3.2664,
11383,3.24615,
11384,3.27842,
11385,3.08488,
11386,3.15628,
11387,3.21092,
11388,3.32894,
11389,3.10004,
11390,3.13921,
11391,3.0444,
11392,3.29253,
11393,3.30303,
11394,3.19992,
11395,2.95789,
11396,3.16811,
11397,3.03262,
11398,3.01056,
11399,3.18322,
11400,3.24992,
11401,3.19489,
11402,3.20092,
11403,3.19079,
11404,3.24637,
11405,3.1654,
11406,3.17346,
11407,3.04597,
11408,3.07723,
11409,3.07015,
11410,3.19332,
11411,2.93812,
11412,2.93748,
11413,2.96658,
11414,3.03807,
11415,3.06622,
11416,3.0183,
11417,2.84884,
11418,3.04845,
11419,2.92673,
11420,3.11974,
11421,2.92662,
11422,3.01141,
11423,3.18551,
11424,3.09908,
11425,3.13626,
11426,2.85852,
11427,2.98101,
11428,2.97969,
11429,3.0494,
11430,3.12772,
11431,2.78521,
11432,2.89932,
11433,2.76507,
11434,2.80212,
11435,3.0551,
11436,3.07989,
11437,3.0235,
11438,2.91081,
11439,3.18026,
11440,3.0298,
11441,3.34992,
11442,3.34671,
11443,3.38022,
11444,3.24928,
11445,3.25237,
11446,3.52277,
11447,3.28949,
11448,3.14605,
11449,3.35066,
11450,3.09541,
11451,3.27373,
11452,3.38757,
11453,3.2136,
11454,3.20749,
11455,3.25433,
11456,3.00268,
11457,3.2057,
11458,3.15004,
11459,3.04772,
11460,3.15375,
11461,3.08566,
11462,2.94511,
11463,3.08934,
11464,3.14238,
11465,2.97307,
11466,3.03344,
11467,3.20994,
11468,3.35385,
11469,3.10241,
11470,3.1759,
11471,3.02103,
11472,3.45623,
11473,3.48292,
11474,3.44264,
11475,3.44516,
11476,3.47333,
11477,3.4025,
11478,3.32662,
11479,3.48537,
11480,3.35986,
11481,3.38773,
11482,3.40424,
11483,3.39627,
11484,3.24471,
11485,3.44808,
11486,3.3853,
11487,3.41644,
11488,3.44067,
11489,3.29468,
11490,3.32071,
11491,3.28976,
11492,3.37296,
11493,3.54993,
11494,3.46553,
11495,3.10459,
11496,3.18725,
11497,2.99007,
11498,2.86359,
11499,2.89836,
11500,2.84769,
11501,3.10841,
11502,2.65463,
11503,2.91764,
11504,2.88872,
11505,2.94711,
11506,2.95208,
11507,2.71618,
11508,2.7934,
11509,3.07957,
11510,3.19566,
11511,3.12125,
11512,2.83971,
11513,2.84292,
11514,3.36152,
11515,3.47316,
11516,3.40069,
11517,3.45859,
11518,3.36717,
11519,3.4085,
11520,3.33319,
11521,3.15798,
11522,3.26668,
11523,3.34122,
11524,3.22878,
11525,3.2556,
11526,3.37454,
11527,3.40449,
11528,3.25011,
11529,3.1924,
11530,3.015,
11531,3.16112,
11532,3.15455,
11533,3.15709,
11534,2.97848,
11535,2.95215,
11536,2.886,
11537,3.10386,
11538,3.07865,
11539,3.00853,
11540,3.29397,
11541,3.23471,
11542,3.29071,
11543,3.22245,
11544,3.38421,
11545,3.29685,
11546,3.15156,
11547,3.20033,
11548,2.99217,
11549,2.97705,
11550,2.99841,
11551,3.18521,
11552,3.323,
11553,3.10331,
11554,2.95989,
11555,2.86586,
11556,2.8115,
11557,2.72226,
11558,2.85578,
11559,2.82208,
11560,3.07703,
11561,2.77046,
11562,2.79384,
11563,2.82936,
11564,3.07892,
11565,3.00478,
11566,3.19352,
11567,2.83503,
11568,3.34271,
11569,3.05166,
11570,3.3499,
11571,3.64045,
11572,3.32889,
11573,3.40652,
11574,3.35595,
11575,3.30664,
11576,3.40675,
11577,3.30911,
11578,3.21945,
11579,3.08755,
11580,3.0618,
11581,3.1809,
11582,3.12247,
11583,3.17548,
11584,3.19746,
11585,3.07171,
11586,3.19097,
11587,2.95802,
11588,3.2746,
11589,3.24342,
11590,2.93206,
11591,2.90544,
11592,3.20113,
11593,2.91003,
11594,2.90455,
11595,2.87163,
11596,2.72432,
11597,2.74779,
11598,2.85414,
11599,3.53135,
11600,3.47195,
11601,3.59135,
11602,3.55377,
11603,3.54565,
11604,3.43043,
11605,3.25416,
11606,3.30558,
11607,3.23315,
11608,3.33985,
11609,3.57997,
11610,3.39953,
11611,3.34983,
11612,3.22603,
11613,3.12239,
11614,3.43721,
11615,3.4267,
11616,3.49653,
11617,3.22693,
11618,3.4805,
11619,3.16594,
11620,3.19832,
11621,3.21296,
11622,3.35215,
11623,3.24421,
11624,3.2387,
11625,3.10278,
11626,3.0381,
11627,3.25219,
11628,3.01476,
11629,3.02718,
11630,3.16986,
11631,3.20799,
11632,3.16575,
11633,3.08258,
11634,3.12985,
11635,3.06899,
11636,3.11468,
11637,2.98317,
11638,2.98182,
11639,3.08648,
11640,2.82519,
11641,2.89405,
11642,3.12132,
11643,3.05812,
11644,3.49745,
11645,3.47382,
11646,3.43548,
11647,3.56964,
11648,3.49874,
11649,3.41197,
11650,3.3163,
11651,3.36303,
11652,3.16341,
11653,3.1968,
11654,3.15236,
11655,3.11521,
11656,3.3715,
11657,3.30715,
11658,3.1782,
11659,3.44523,
11660,3.38869,
11661,2.97311,
11662,3.07321,
11663,3.0943,
11664,3.03929,
11665,3.17508,
11666,3.24783,
11667,3.22804,
11668,3.34959,
11669,3.45097,
11670,3.43879,
11671,2.91337,
11672,3.04402,
11673,3.27309,
11674,3.31891,
11675,3.39511,
11676,3.35194,
11677,3.40389,
11678,3.36152,
11679,3.46186,
11680,3.22062,
11681,3.21058,
11682,3.37997,
11683,3.05716,
11684,3.28355,
11685,3.31619,
11686,3.28266,
11687,3.24588,
11688,3.20233,
11689,3.46316,
11690,3.30683,
11691,3.42616,
11692,3.30079,
11693,3.39562,
11694,3.33374,
11695,3.42451,
11696,3.15462,
11697,3.21826,
11698,3.16168,
11699,3.11328,
11700,3.1504,
11701,3.06335,
11702,3.18401,
11703,3.13147,
11704,3.26793,
11705,2.91444,
11706,3.14274,
11707,3.39749,
11708,3.32355,
11709,3.25138,
11710,3.21474,
11711,3.31408,
11712,3.06665,
11713,3.29825,
11714,2.65133,
11715,3.40355,
11716,3.3717,
11717,3.49099,
11718,3.6157,
11719,3.76387,
11720,3.42006,
11721,3.47098,
11722,3.33536,
11723,3.47371,
11724,3.45789,
11725,3.43108,
11726,3.34794,
11727,3.18566,
11728,3.21826,
11729,3.26386,
11730,3.36822,
11731,3.16313,
11732,3.36502,
11733,3.40009,
11734,3.28481,
11735,3.25283,
11736,3.23529,
11737,3.33005,
11738,3.39695,
11739,3.34075,
11740,3.30054,
11741,3.27407,
11742,3.18772,
11743,3.3875,
11744,3.4133,
11745,3.16067,
11746,3.27919,
11747,3.11543,
11748,3.04921,
11749,3.03076,
11750,2.84777,
11751,3.21062,
11752,3.25589,
11753,3.00962,
11754,3.09453,
11755,3.2456,
11756,3.05889,
11757,3.00163,
11758,3.05835,
11759,2.97696,
11760,3.15147,
11761,3.012,
11762,3.08786,
11763,3.23392,
11764,3.05956,
11765,3.28753,
11766,3.32927,
11767,3.25124,
11768,3.18774,
11769,3.20358,
11770,3.35738,
11771,3.22237,
11772,3.24874,
11773,3.2355,
11774,3.38792,
11775,3.11155,
11776,2.90855,
11777,3.12481,
11778,3.04417,
11779,3.15347,
11780,3.13595,
11781,2.82041,
11782,3.2141,
11783,3.26915,
11784,3.19547,
11785,3.13138,
11786,2.98337,
11787,3.27494,
11788,3.04839,
11789,2.79614,
11790,3.11082,
11791,3.10511,
11792,3.33303,
11793,3.13215,
11794,2.98861,
11795,3.12487,
11796,3.07911,
11797,2.99871,
11798,3.06635,
11799,3.15965,
11800,3.41701,
11801,3.30073,
11802,3.41645,
11803,3.2205,
11804,3.18047,
11805,3.17977,
11806,3.32257,
11807,3.28469,
11808,3.32403,
11809,3.28385,
11810,3.44243,
11811,3.16502,
11812,3.22675,
11813,3.17092,
11814,3.04053,
11815,3.26035,
11816,3.25366,
11817,3.33786,
11818,3.22921,
11819,2.8769,
11820,2.9464,
11821,3.13475,
11822,3.01,
11823,3.08813,
11824,2.871,
11825,3.04218,
11826,3.24689,
11827,3.40735,
11828,3.20561,
11829,3.32774,
11830,3.32174,
11831,3.30264,
11832,3.25817,
11833,3.29829,
11834,3.32935,
11835,3.35211,
11836,3.26474,
11837,3.26369,
11838,3.26519,
11839,3.1663,
11840,3.26557,
11841,2.91455,
11842,3.08419,
11843,3.22745,
11844,3.09339,
11845,3.16829,
11846,2.97034,
11847,3.05512,
11848,3.19767,
11849,2.93472,
11850,3.0826,
11851,2.97845,
11852,2.90009,
11853,3.08091,
11854,2.91592,
11855,2.92934,
11856,2.94471,
11857,3.07577,
11858,2.99208,
11859,3.12763,
11860,3.21469,
11861,3.1297,
11862,3.02884,
11863,3.05749,
11864,3.13956,
11865,3.14737,
11866,3.00488,
11867,3.33608,
11868,3.30085,
11869,3.20833,
11870,3.33398,
11871,3.22977,
11872,3.10853,
11873,3.2084,
11874,3.12415,
11875,3.21722,
11876,3.20841,
11877,3.34178,
11878,3.4296,
11879,3.30915,
11880,3.20146,
11881,3.17678,
11882,3.07179,
11883,3.12477,
11884,3.08618,
11885,3.12696,
11886,3.02428,
11887,3.16655,
11888,3.07774,
11889,3.23499,
11890,3.03406,
11891,3.14211,
11892,3.31463,
11893,3.33839,
11894,3.42713,
11895,3.10641,
11896,2.93082,
11897,3.17965,
11898,2.88234,
11899,3.15509,
11900,3.43351,
11901,3.51143,
11902,3.42406,
11903,3.40229,
11904,3.2089,
11905,3.41316,
11906,3.28929,
11907,3.25473,
11908,3.19309,
11909,3.41857,
11910,3.15845,
11911,3.34237,
11912,3.03127,
11913,3.37894,
11914,3.35576,
11915,3.51686,
11916,3.22425,
11917,3.2601,
11918,3.28019,
11919,3.04841,
11920,3.2541,
11921,3.0054,
11922,3.10887,
11923,3.11813,
11924,3.36826,
11925,3.30774,
11926,2.89653,
11927,3.18948,
11928,3.14435,
11929,3.23088,
11930,3.22589,
11931,3.39233,
11932,3.31963,
11933,3.21552,
11934,3.25153,
11935,3.27005,
11936,3.18149,
11937,3.04816,
11938,3.036,
11939,3.48968,
11940,3.4613,
11941,3.42495,
11942,3.37497,
11943,3.29478,
11944,3.347,
11945,3.1957,
11946,3.48073,
11947,3.20203,
11948,3.28258,
11949,3.27442,
11950,3.25426,
11951,3.18603,
11952,3.30716,
11953,3.23055,
11954,3.15468,
11955,3.32425,
11956,3.42317,
11957,3.12313,
11958,3.469,
11959,3.28332,
11960,3.12124,
11961,3.05884,
11962,3.27962,
11963,3.25164,
11964,3.17193,
11965,3.17821,
11966,3.31398,
11967,3.08186,
11968,3.05593,
11969,3.17133,
11970,3.08575,
11971,3.22882,
11972,3.24844,
11973,3.30426,
11974,3.17875,
11975,3.22259,
11976,3.09946,
11977,3.27628,
11978,3.3109,
11979,2.90326,
11980,3.10724,
11981,3.11682,
11982,3.21447,
11983,3.28383,
11984,3.27903,
11985,2.9918,
11986,3.13879,
11987,3.27277,
11988,2.95678,
11989,3.01742,
11990,3.32191,
11991,3.20242,
11992,3.27443,
11993,3.07426,
11994,3.07733,
11995,3.22162,
11996,3.23469,
11997,3.09459,
11998,3.32638,
11999,3.24214,
12000,2.96314,
12001,3.11524,
12002,3.03967,
12003,3.1493,
12004,2.95052,
12005,3.15621,
12006,3.34029,
12007,3.21595,
12008,3.3423,
12009,3.39213,
12010,3.24945,
12011,3.31178,
12012,3.14797,
12013,3.20926,
12014,3.3097,
12015,3.25613,
12016,3.35831,
12017,3.47416,
12018,3.58888,
12019,4.41942,
12020,3.28022,
12021,3.24542,
12022,3.32259,
12023,3.30289,
12024,3.12564,
12025,3.23527,
12026,3.21812,
12027,3.24065,
12028,3.1591,
12029,3.66905,
12030,3.21106,
12031,3.19655,
12032,2.83448,
12033,2.99275,
12034,3.24782,
12035,3.27092,
12036,3.32159,
12037,3.37997,
12038,3.24889,
12039,3.29178,
12040,3.28661,
12041,3.21685,
12042,3.50312,
12043,3.28738,
12044,3.25712,
12045,3.3799,
12046,3.41469,
12047,3.32901,
12048,3.15691,
12049,3.27811,
12050,3.2389,
12051,3.23111,
12052,3.12989,
12053,2.92631,
12054,3.27593,
12055,3.17179,
12056,2.96425,
12057,3.02806,
12058,3.10175,
12059,3.17732,
12060,3.15661,
12061,3.07659,
12062,3.19218,
12063,2.89249,
12064,3.09405,
12065,2.87616,
12066,3.23211,
12067,3.07808,
12068,3.08689,
12069,3.18635,
12070,3.12257,
12071,3.15656,
12072,3.10373,
12073,3.10704,
12074,2.94379,
12075,3.14422,
12076,3.10846,
12077,2.88552,
12078,3.00817,
12079,2.90054,
12080,3.12057,
12081,3.10194,
12082,3.07168,
12083,3.03497,
12084,3.11956,
12085,3.1717,
12086,2.90404,
12087,3.22889,
12088,3.0649,
12089,3.08961,
12090,3.08569,
12091,3.30713,
12092,3.38161,
12093,3.36751,
12094,3.1386,
12095,3.00334,
12096,3.40057,
12097,3.18946,
12098,3.21456,
12099,3.10993,
12100,3.02622,
12101,3.05662,
12102,3.24718,
12103,2.86417,
12104,2.81601,
12105,2.65044,
12106,2.94162,
12107,3.05533,
12108,3.17951,
12109,3.17481,
12110,3.17291,
12111,3.10174,
12112,2.89779,
12113,2.96307,
12114,3.10493,
12115,3.26356,
12116,3.02577,
12117,3.08208,
12118,2.70732,
12119,2.75895,
12120,3.20836,
12121,2.89806,
12122,3.08471,
12123,2.85571,
12124,2.99855,
12125,2.83489,
12126,2.89174,
12127,2.87431,
12128,2.92395,
12129,2.87184,
12130,2.80348,
12131,2.90529,
12132,3.13323,
12133,2.77537,
12134,3.07772,
12135,3.08826,
12136,3.42398,
12137,3.43453,
12138,3.36027,
12139,3.3895,
12140,3.364,
12141,3.43477,
12142,3.23785,
12143,2.95148,
12144,3.22181,
12145,3.04594,
12146,3.12393,
12147,3.32604,
12148,3.1577,
12149,3.2259,
12150,3.15615,
12151,3.06863,
12152,3.01347,
12153,3.15003,
12154,3.21534,
12155,3.15057,
12156,3.13635,
12157,3.11525,
12158,2.96612,
12159,3.34126,
12160,3.02074,
12161,3.01181,
12162,3.16107,
12163,3.14669,
12164,3.02486,
12165,3.4622,
12166,3.25095,
12167,3.51455,
12168,3.28452,
12169,3.3882,
12170,3.30727,
12171,3.2519,
12172,3.30026,
12173,3.20048,
12174,3.20487,
12175,3.21401,
12176,3.23706,
12177,3.19549,
12178,3.01785,
12179,3.18599,
12180,3.07235,
12181,3.05702,
12182,2.89009,
12183,2.99163,
12184,2.90102,
12185,3.03776,
12186,3.08106,
12187,2.88304,
12188,3.01816,
12189,2.96234,
12190,3.14158,
12191,3.05458,
12192,3.10013,
12193,3.32632,
12194,3.35873,
12195,3.29443,
12196,3.31368,
12197,3.28868,
12198,3.31528,
12199,3.19649,
12200,3.31027,
12201,3.27199,
12202,3.25957,
12203,3.34544,
12204,3.20121,
12205,3.17248,
12206,2.9434,
12207,3.2232,
12208,3.1767,
12209,3.35563,
12210,3.19978,
12211,3.03036,
12212,3.14346,
12213,3.06617,
12214,3.07775,
12215,3.2678,
12216,3.2956,
12217,3.07679,
12218,3.03641,
12219,3.10764,
12220,3.3689,
12221,3.29106,
12222,3.36725,
12223,3.23877,
12224,3.3995,
12225,3.21256,
12226,3.29435,
12227,3.45733,
12228,3.22015,
12229,3.07728,
12230,3.03495,
12231,3.30627,
12232,3.25002,
12233,3.13933,
12234,3.1842,
12235,3.1655,
12236,3.31615,
12237,3.25738,
12238,3.40944,
12239,3.00617,
12240,3.10204,
12241,2.87607,
12242,3.05363,
12243,3.08026,
12244,3.07147,
12245,3.04087,
12246,3.23494,
12247,3.13687,
12248,3.11207,
12249,2.85407,
12250,2.99525,
12251,3.11414,
12252,3.08282,
12253,3.00053,
12254,3.51406,
12255,3.43281,
12256,3.41122,
12257,3.37696,
12258,3.26273,
12259,3.3243,
12260,3.0815,
12261,3.35318,
12262,3.46953,
12263,3.27538,
12264,3.31987,
12265,3.56713,
12266,3.64602,
12267,3.25058,
12268,3.24842,
12269,3.2925,
12270,3.3694,
12271,3.54228,
12272,3.33005,
12273,3.18653,
12274,3.16978,
12275,3.08718,
12276,3.14292,
12277,3.15751,
12278,3.17584,
12279,3.13661,
12280,3.02235,
12281,3.19123,
12282,3.63748,
12283,3.68558,
12284,3.59869,
12285,3.57499,
12286,3.54385,
12287,3.55363,
12288,3.54398,
12289,3.50404,
12290,3.46879,
12291,3.5693,
12292,3.55804,
12293,3.48891,
12294,3.45017,
12295,3.33496,
12296,3.46179,
12297,3.52222,
12298,3.44841,
12299,3.37311,
12300,3.31049,
12301,3.3461,
12302,3.55928,
12303,3.43412,
12304,3.3588,
12305,3.31742,
12306,3.31679,
12307,3.2031,
12308,3.35478,
12309,3.2543,
12310,3.2382,
12311,3.24511,
12312,3.07854,
12313,2.93321,
12314,3.21348,
12315,3.42997,
12316,3.30017,
12317,3.01015,
12318,3.23325,
12319,3.2628,
12320,3.12105,
12321,3.22343,
12322,3.24825,
12323,3.06573,
12324,3.23498,
12325,3.11678,
12326,3.1445,
12327,3.3597,
12328,3.25589,
12329,3.27646,
12330,3.31373,
12331,3.1491,
12332,3.08098,
12333,3.0148,
12334,3.08049,
12335,3.19088,
12336,3.09635,
12337,3.01205,
12338,3.23087,
12339,3.12325,
12340,3.0486,
12341,3.07669,
12342,2.97786,
12343,2.91485,
12344,3.13699,
12345,2.91224,
12346,2.90783,
12347,2.99594,
12348,3.08839,
12349,2.99639,
12350,2.91271,
12351,3.01336,
12352,2.98598,
12353,3.19116,
12354,3.16505,
12355,3.18153,
12356,3.21453,
12357,3.2362,
12358,3.09535,
12359,3.21233,
12360,2.95814,
12361,3.16803,
12362,3.12656,
12363,3.0079,
12364,3.33658,
12365,3.01192,
12366,3.00379,
12367,3.29459,
12368,3.04822,
12369,2.95877,
12370,3.03199,
12371,3.28594,
12372,2.7843,
12373,2.92452,
12374,3.14091,
12375,2.88902,
12376,3.03246,
12377,2.97145,
12378,2.88739,
12379,2.80974,
12380,3.35734,
12381,3.31716,
12382,3.28461,
12383,3.19992,
12384,3.32803,
12385,3.2542,
12386,3.35891,
12387,3.24528,
12388,3.18062,
12389,3.25663,
12390,3.2055,
12391,3.2253,
12392,3.15822,
12393,3.12421,
12394,3.17245,
12395,2.8902,
12396,3.02874,
12397,3.11043,
12398,3.15948,
12399,3.14978,
12400,2.8225,
12401,3.08275,
12402,3.05567,
12403,2.95739,
12404,2.72946,
12405,2.9117,
12406,2.96688,
12407,2.93345,
12408,2.98039,
12409,2.74182,
12410,2.7635,
12411,2.74479,
12412,2.96271,
12413,3.05163,
12414,3.7046,
12415,3.48928,
12416,3.32999,
12417,3.23725,
12418,3.40012,
12419,3.43254,
12420,3.22242,
12421,3.35381,
12422,3.20699,
12423,3.19477,
12424,3.10485,
12425,3.44967,
12426,3.25035,
12427,3.16405,
12428,3.35998,
12429,3.34111,
12430,3.26264,
12431,3.29021,
12432,3.24015,
12433,3.31553,
12434,3.31335,
12435,3.11694,
12436,3.10063,
12437,3.10705,
12438,3.26377,
12439,3.34445,
12440,3.28262,
12441,3.25354,
12442,3.35295,
12443,3.17649,
12444,3.24944,
12445,3.39877,
12446,3.26459,
12447,3.24021,
12448,3.22305,
12449,3.25372,
12450,3.05434,
12451,3.12582,
12452,3.18648,
12453,3.30079,
12454,3.06806,
12455,3.1187,
12456,3.02229,
12457,3.26689,
12458,3.26795,
12459,3.1857,
12460,2.92683,
12461,3.14981,
12462,3.0135,
12463,2.9915,
12464,3.14867,
12465,3.22273,
12466,3.16903,
12467,3.15775,
12468,3.17671,
12469,3.22714,
12470,3.1375,
12471,3.13929,
12472,3.02365,
12473,3.042,
12474,3.03801,
12475,3.174,
12476,2.91446,
12477,2.91278,
12478,2.93937,
12479,3.02501,
12480,3.03647,
12481,2.99704,
12482,2.8282,
12483,3.01367,
12484,2.91053,
12485,3.10093,
12486,2.9003,
12487,2.98951,
12488,3.1546,
12489,3.07039,
12490,3.11151,
12491,2.84438,
12492,2.95634,
12493,2.94259,
12494,3.01736,
12495,3.10085,
12496,2.77133,
12497,2.88608,
12498,2.76001,
12499,2.80009,
12500,3.01287,
12501,3.06367,
12502,3.01176,
12503,2.89036,
12504,3.15864,
12505,3.00233,
12506,3.31305,
12507,3.33612,
12508,3.34608,
12509,3.22197,
12510,3.22294,
12511,3.49761,
12512,3.26812,
12513,3.12019,
12514,3.31063,
12515,3.07203,
12516,3.24843,
12517,3.37236,
12518,3.18793,
12519,3.17445,
12520,3.22087,
12521,2.98401,
12522,3.18608,
12523,3.13449,
12524,3.01549,
12525,3.1222,
12526,3.06664,
12527,2.91777,
12528,3.06794,
12529,3.12231,
12530,2.95155,
12531,3.01819,
12532,3.18393,
12533,3.33243,
12534,3.07019,
12535,3.15182,
12536,3.00021,
12537,3.42902,
12538,3.46861,
12539,3.42081,
12540,3.42692,
12541,3.4495,
12542,3.36988,
12543,3.2997,
12544,3.46607,
12545,3.33923,
12546,3.38081,
12547,3.38105,
12548,3.37596,
12549,3.22227,
12550,3.42833,
12551,3.3645,
12552,3.39817,
12553,3.41987,
12554,3.28317,
12555,3.3108,
12556,3.26596,
12557,3.36093,
12558,3.50756,
12559,3.45187,
12560,3.07416,
12561,3.15673,
12562,2.96113,
12563,2.83353,
12564,2.8582,
12565,2.81782,
12566,3.07906,
12567,2.62253,
12568,2.90103,
12569,2.86175,
12570,2.93533,
12571,2.91041,
12572,2.69414,
12573,2.76484,
12574,3.04906,
12575,3.16468,
12576,3.09085,
12577,2.81747,
12578,2.81648,
12579,3.34585,
12580,3.45242,
12581,3.35913,
12582,3.43008,
12583,3.34228,
12584,3.3755,
12585,3.30169,
12586,3.11405,
12587,3.229,
12588,3.31824,
12589,3.19699,
12590,3.23364,
12591,3.34984,
12592,3.37575,
12593,3.22743,
12594,3.17057,
12595,2.98709,
12596,3.13841,
12597,3.12591,
12598,3.13382,
12599,2.9415,
12600,2.93352,
12601,2.84762,
12602,3.07368,
12603,3.05249,
12604,2.98338,
12605,3.25482,
12606,3.19996,
12607,3.24607,
12608,3.18815,
12609,3.35423,
12610,3.26311,
12611,3.12087,
12612,3.18139,
12613,2.95511,
12614,2.95939,
12615,2.96646,
12616,3.15697,
12617,3.29456,
12618,3.08033,
12619,2.93197,
12620,2.84626,
12621,2.79843,
12622,2.7068,
12623,2.81873,
12624,2.79741,
12625,3.05569,
12626,2.74739,
12627,2.77596,
12628,2.80391,
12629,3.05625,
12630,2.9798,
12631,3.171,
12632,2.80875,
12633,3.32347,
12634,3.03259,
12635,3.33139,
12636,3.61067,
12637,3.3,
12638,3.3741,
12639,3.33925,
12640,3.26812,
12641,3.36461,
12642,3.28863,
12643,3.18513,
12644,3.06661,
12645,3.03165,
12646,3.14216,
12647,3.10649,
12648,3.154,
12649,3.18073,
12650,3.05176,
12651,3.16539,
12652,2.94227,
12653,3.24948,
12654,3.20648,
12655,2.91909,
12656,2.86873,
12657,3.18761,
12658,2.89116,
12659,2.8934,
12660,2.85491,
12661,2.70903,
12662,2.71959,
12663,2.83706,
12664,3.48485,
12665,3.43383,
12666,3.56126,
12667,3.52591,
12668,3.52901,
12669,3.40083,
12670,3.20948,
12671,3.25609,
12672,3.20847,
12673,3.3149,
12674,3.55151,
12675,3.37369,
12676,3.32092,
12677,3.19606,
12678,3.0947,
12679,3.41843,
12680,3.40244,
12681,3.46582,
12682,3.19913,
12683,3.45724,
12684,3.12254,
12685,3.17347,
12686,3.1783,
12687,3.31785,
12688,3.20625,
12689,3.21269,
12690,3.08564,
12691,3.0167,
12692,3.24092,
12693,2.99624,
12694,2.99844,
12695,3.14961,
12696,3.18934,
12697,3.15696,
12698,3.0593,
12699,3.10213,
12700,3.02008,
12701,3.10244,
12702,2.9721,
12703,2.95773,
12704,3.0515,
12705,2.79707,
12706,2.8686,
12707,3.10546,
12708,3.02219,
12709,3.49088,
12710,3.45787,
12711,3.41958,
12712,3.54763,
12713,3.4886,
12714,3.37722,
12715,3.27494,
12716,3.33678,
12717,3.15889,
12718,3.16233,
12719,3.11095,
12720,3.10017,
12721,3.3435,
12722,3.30553,
12723,3.16085,
12724,3.41181,
12725,3.37166,
12726,2.95447,
12727,3.03444,
12728,3.08183,
12729,3.00773,
12730,3.14104,
12731,3.23818,
12732,3.21755,
12733,3.33406,
12734,3.43686,
12735,3.40753,
12736,2.88516,
12737,3.03064,
12738,3.25056,
12739,3.28573,
12740,3.35543,
12741,3.33873,
12742,3.39918,
12743,3.34186,
12744,3.43433,
12745,3.2024,
12746,3.17477,
12747,3.35162,
12748,3.02408,
12749,3.25607,
12750,3.28213,
12751,3.25545,
12752,3.2228,
12753,3.18025,
12754,3.43737,
12755,3.28249,
12756,3.40416,
12757,3.27717,
12758,3.38211,
12759,3.31241,
12760,3.39671,
12761,3.133,
12762,3.20281,
12763,3.14371,
12764,3.09479,
12765,3.11819,
12766,3.05107,
12767,3.17033,
12768,3.10766,
12769,3.24967,
12770,2.89072,
12771,3.11802,
12772,3.37667,
12773,3.3067,
12774,3.20937,
12775,3.17391,
12776,3.28191,
12777,3.03806,
12778,3.27936,
12779,2.62568,
12780,3.37072,
12781,3.33395,
12782,3.45306,
12783,3.58055,
12784,3.74437,
12785,3.39173,
12786,3.43575,
12787,3.3018,
12788,3.44552,
12789,3.42672,
12790,3.40442,
12791,3.3269,
12792,3.13878,
12793,3.19411,
12794,3.23415,
12795,3.34373,
12796,3.13164,
12797,3.33071,
12798,3.37442,
12799,3.26122,
12800,3.22869,
12801,3.20464,
12802,3.29045,
12803,3.35888,
12804,3.31269,
12805,3.26936,
12806,3.23544,
12807,3.15585,
12808,3.35878,
12809,3.37391,
12810,3.11485,
12811,3.25989,
12812,3.07027,
12813,3.03012,
12814,3.00578,
12815,2.82832,
12816,3.19535,
12817,3.22813,
12818,2.98075,
12819,3.07813,
12820,3.22015,
12821,3.03432,
12822,2.97762,
12823,3.02707,
12824,2.96379,
12825,3.12246,
12826,2.97688,
12827,3.07112,
12828,3.22241,
12829,3.0402,
12830,3.25751,
12831,3.30726,
12832,3.2188,
12833,3.16992,
12834,3.1641,
12835,3.33933,
12836,3.19668,
12837,3.21312,
12838,3.21029,
12839,3.36029,
12840,3.08992,
12841,2.8835,
12842,3.10021,
12843,3.02335,
12844,3.12484,
12845,3.1148,
12846,2.80395,
12847,3.19792,
12848,3.25082,
12849,3.17994,
12850,3.11485,
12851,2.96689,
12852,3.26042,
12853,3.03126,
12854,2.78246,
12855,3.0958,
12856,3.08659,
12857,3.31212,
12858,3.12128,
12859,2.97271,
12860,3.10255,
12861,3.07928,
12862,2.99409,
12863,3.06518,
12864,3.13971,
12865,3.39854,
12866,3.27794,
12867,3.38126,
12868,3.19776,
12869,3.15499,
12870,3.18016,
12871,3.31433,
12872,3.25386,
12873,3.29637,
12874,3.27987,
12875,3.41954,
12876,3.14125,
12877,3.20747,
12878,3.15932,
12879,3.01022,
12880,3.23042,
12881,3.23803,
12882,3.32257,
12883,3.20078,
12884,2.86413,
12885,2.92796,
12886,3.11922,
12887,2.97945,
12888,3.0457,
12889,2.8432,
12890,3.02516,
12891,3.23273,
12892,3.35936,
12893,3.18376,
12894,3.3214,
12895,3.30163,
12896,3.27694,
12897,3.21383,
12898,3.28539,
12899,3.31554,
12900,3.32946,
12901,3.25153,
12902,3.25821,
12903,3.2337,
12904,3.14504,
12905,3.2482,
12906,2.88982,
12907,3.06455,
12908,3.21582,
12909,3.0984,
12910,3.15541,
12911,2.9518,
12912,3.03779,
12913,3.17512,
12914,2.93155,
12915,3.06506,
12916,2.96681,
12917,2.8852,
12918,3.0714,
12919,2.88894,
12920,2.91946,
12921,2.9211,
12922,3.06984,
12923,2.98031,
12924,3.11789,
12925,3.19408,
12926,3.10458,
12927,3.00463,
12928,3.03759,
12929,3.10096,
12930,3.13841,
12931,2.98871,
12932,3.31747,
12933,3.27898,
12934,3.19583,
12935,3.30563,
12936,3.20464,
12937,3.0984,
12938,3.1813,
12939,3.10474,
12940,3.19223,
12941,3.17495,
12942,3.31634,
12943,3.39218,
12944,3.28876,
12945,3.17672,
12946,3.15595,
12947,3.04959,
12948,3.10858,
12949,3.04456,
12950,3.10773,
12951,2.99497,
12952,3.13911,
12953,3.07232,
12954,3.22577,
12955,3.0147,
12956,3.12879,
12957,3.28418,
12958,3.31748,
12959,3.41328,
12960,3.08179,
12961,2.90974,
12962,3.14824,
12963,2.86512,
12964,3.1418,
12965,3.39783,
12966,3.48256,
12967,3.39811,
12968,3.38573,
12969,3.16183,
12970,3.37799,
12971,3.26472,
12972,3.23281,
12973,3.17224,
12974,3.38947,
12975,3.13859,
12976,3.32741,
12977,3.01124,
12978,3.35717,
12979,3.32375,
12980,3.48603,
12981,3.18663,
12982,3.24682,
12983,3.2593,
12984,3.03864,
12985,3.25059,
12986,2.98629,
12987,3.08722,
12988,3.08937,
12989,3.3396,
12990,3.28441,
12991,2.89668,
12992,3.16576,
12993,3.12213,
12994,3.19801,
12995,3.20475,
12996,3.36979,
12997,3.28422,
12998,3.17184,
12999,3.22944,
13000,3.24859,
13001,3.16925,
13002,3.03149,
13003,3.01467,
13004,3.43219,
13005,3.44987,
13006,3.39375,
13007,3.3357,
13008,3.26408,
13009,3.31577,
13010,3.16231,
13011,3.45047,
13012,3.19159,
13013,3.2529,
13014,3.24478,
13015,3.23572,
13016,3.1887,
13017,3.28235,
13018,3.20775,
13019,3.1358,
13020,3.3095,
13021,3.39965,
13022,3.09577,
13023,3.44945,
13024,3.26831,
13025,3.10248,
13026,3.04348,
13027,3.25478,
13028,3.23111,
13029,3.14955,
13030,3.15609,
13031,3.2918,
13032,3.05211,
13033,3.05357,
13034,3.14647,
13035,3.06686,
13036,3.1837,
13037,3.23296,
13038,3.27823,
13039,3.15833,
13040,3.18099,
13041,3.08844,
13042,3.25673,
13043,3.28299,
13044,2.88105,
13045,3.09445,
13046,3.1015,
13047,3.20747,
13048,3.27054,
13049,3.26199,
13050,2.97787,
13051,3.12693,
13052,3.24261,
13053,2.92629,
13054,2.98276,
13055,3.30127,
13056,3.17778,
13057,3.25421,
13058,3.04363,
13059,3.05333,
13060,3.19956,
13061,3.19967,
13062,3.06601,
13063,3.30288,
13064,3.21239,
13065,2.93646,
13066,3.09022,
13067,3.00658,
13068,3.13031,
13069,2.93874,
13070,3.11117,
13071,3.31689,
13072,3.19149,
13073,3.3076,
13074,3.37166,
13075,3.21524,
13076,3.2861,
13077,3.1324,
13078,3.18327,
13079,3.28434,
13080,3.23804,
13081,3.33001,
13082,3.44281,
13083,3.55447,
13084,4.3978,
13085,3.24689,
13086,3.22331,
13087,3.31595,
13088,3.2915,
13089,3.11037,
13090,3.21489,
13091,3.19158,
13092,3.223,
13093,3.14411,
13094,3.65196,
13095,3.19455,
13096,3.16313,
13097,2.81058,
13098,2.97096,
13099,3.22543,
13100,3.23955,
13101,3.30592,
13102,3.36935,
13103,3.22629,
13104,3.26141,
13105,3.26351,
13106,3.1927,
13107,3.49403,
13108,3.26508,
13109,3.2301,
13110,3.36295,
13111,3.38396,
13112,3.28895,
13113,3.13954,
13114,3.24714,
13115,3.22189,
13116,3.20541,
13117,3.10633,
13118,2.90227,
13119,3.26158,
13120,3.14178,
13121,2.93928,
13122,3.00089,
13123,3.07611,
13124,3.15556,
13125,3.13966,
13126,3.05632,
13127,3.16361,
13128,2.86569,
13129,3.07021,
13130,2.8644,
13131,3.21113,
13132,3.05396,
13133,3.05956,
13134,3.15861,
13135,3.10417,
13136,3.1258,
13137,3.08661,
13138,3.081,
13139,2.92714,
13140,3.11609,
13141,3.08938,
13142,2.8645,
13143,2.973,
13144,2.88574,
13145,3.10387,
13146,3.07376,
13147,3.05579,
13148,3.02492,
13149,3.10366,
13150,3.15066,
13151,2.88868,
13152,3.21994,
13153,3.04785,
13154,3.07996,
13155,3.07889,
13156,3.30856,
13157,3.35536,
13158,3.35225,
13159,3.1183,
13160,3.00021,
13161,3.37291,
13162,3.17949,
13163,3.18347,
13164,3.0819,
13165,3.00242,
13166,3.0406,
13167,3.21724,
13168,2.82934,
13169,2.81198,
13170,2.63233,
13171,2.92733,
13172,3.04633,
13173,3.16677,
13174,3.1523,
13175,3.15851,
13176,3.09247,
13177,2.88699,
13178,2.94214,
13179,3.07708,
13180,3.2492,
13181,3.02381,
13182,3.06187,
13183,2.69018,
13184,2.73699,
13185,3.18347,
13186,2.87396,
13187,3.0722,
13188,2.83255,
13189,2.98011,
13190,2.82172,
13191,2.86652,
13192,2.85342,
13193,2.90107,
13194,2.86468,
13195,2.78424,
13196,2.87481,
13197,3.12429,
13198,2.75809,
13199,3.06563,
13200,3.05783,
13201,3.41176,
13202,3.39161,
13203,3.33226,
13204,3.37064,
13205,3.36179,
13206,3.42167,
13207,3.19744,
13208,2.92977,
13209,3.19982,
13210,3.02536,
13211,3.09141,
13212,3.30211,
13213,3.13783,
13214,3.23848,
13215,3.13722,
13216,3.03792,
13217,2.98769,
13218,3.12413,
13219,3.20501,
13220,3.13187,
13221,3.11121,
13222,3.08759,
13223,2.94588,
13224,3.31725,
13225,3.01647,
13226,2.99395,
13227,3.13466,
13228,3.12115,
13229,3.00668,
13230,3.45127,
13231,3.21835,
13232,3.47886,
13233,3.24975,
13234,3.36271,
13235,3.28759,
13236,3.22138,
13237,3.28231,
13238,3.16584,
13239,3.18002,
13240,3.18971,
13241,3.21521,
13242,3.18382,
13243,2.99341,
13244,3.16922,
13245,3.05111,
13246,3.03957,
13247,2.86356,
13248,2.97024,
13249,2.86861,
13250,3.00724,
13251,3.07732,
13252,2.87007,
13253,3.00855,
13254,2.92225,
13255,3.12079,
13256,3.03091,
13257,3.08277,
13258,3.26909,
13259,3.30254,
13260,3.26998,
13261,3.28458,
13262,3.25695,
13263,3.29169,
13264,3.18623,
13265,3.28212,
13266,3.25658,
13267,3.23816,
13268,3.3261,
13269,3.17085,
13270,3.15078,
13271,2.92142,
13272,3.19042,
13273,3.15422,
13274,3.30863,
13275,3.17694,
13276,3.01921,
13277,3.11953,
13278,3.03737,
13279,3.05513,
13280,3.23053,
13281,3.27725,
13282,3.0521,
13283,3.01359,
13284,3.07287,
13285,3.34026,
13286,3.27652,
13287,3.349,
13288,3.2114,
13289,3.38839,
13290,3.18718,
13291,3.26425,
13292,3.4318,
13293,3.19344,
13294,3.06299,
13295,3.01904,
13296,3.28586,
13297,3.23539,
13298,3.12588,
13299,3.16495,
13300,3.1372,
13301,3.29969,
13302,3.2326,
13303,3.40406,
13304,2.99184,
13305,3.0889,
13306,2.87023,
13307,3.0388,
13308,3.05291,
13309,3.06335,
13310,3.0226,
13311,3.22585,
13312,3.11789,
13313,3.08056,
13314,2.82108,
13315,2.97268,
13316,3.0972,
13317,3.06159,
13318,2.97325,
13319,3.48469,
13320,3.41473,
13321,3.38778,
13322,3.3431,
13323,3.23594,
13324,3.30766,
13325,3.06013,
13326,3.33033,
13327,3.44287,
13328,3.25282,
13329,3.30507,
13330,3.54823,
13331,3.62166,
13332,3.22676,
13333,3.22811,
13334,3.26351,
13335,3.35688,
13336,3.51235,
13337,3.30844,
13338,3.16791,
13339,3.15036,
13340,3.06249,
13341,3.13021,
13342,3.13355,
13343,3.16074,
13344,3.11604,
13345,3.0093,
13346,3.18202,
13347,3.61666,
13348,3.6594,
13349,3.5747,
13350,3.55529,
13351,3.53109,
13352,3.53848,
13353,3.52682,
13354,3.48436,
13355,3.46209,
13356,3.55359,
13357,3.54148,
13358,3.47811,
13359,3.43362,
13360,3.32317,
13361,3.44856,
13362,3.50671,
13363,3.44072,
13364,3.36289,
13365,3.29314,
13366,3.33119,
13367,3.53363,
13368,3.40374,
13369,3.32581,
13370,3.28928,
13371,3.28874,
13372,3.17168,
13373,3.33725,
13374,3.22197,
13375,3.21399,
13376,3.21543,
13377,3.06695,
13378,2.90983,
13379,3.19674,
13380,3.41195,
13381,3.27225,
13382,2.99007,
13383,3.21064,
13384,3.23651,
13385,3.09458,
13386,3.18825,
13387,3.24337,
13388,3.04171,
13389,3.21063,
13390,3.09018,
13391,3.11087,
13392,3.33725,
13393,3.22741,
13394,3.25186,
13395,3.28663,
13396,3.1251,
13397,3.05007,
13398,2.99677,
13399,3.04541,
13400,3.17295,
13401,3.05596,
13402,2.9895,
13403,3.21256,
13404,3.10929,
13405,3.02247,
13406,3.07006,
13407,2.96446,
13408,2.88438,
13409,3.11607,
13410,2.8991,
13411,2.88175,
13412,2.97909,
13413,3.06224,
13414,2.95987,
13415,2.90089,
13416,2.99271,
13417,2.96872,
13418,3.18505,
13419,3.13231,
13420,3.15638,
13421,3.18817,
13422,3.21671,
13423,3.06666,
13424,3.20128,
13425,2.91956,
13426,3.14035,
13427,3.10048,
13428,3.00004,
13429,3.3241,
13430,2.99842,
13431,2.97522,
13432,3.26192,
13433,3.02846,
13434,2.93472,
13435,3.01028,
13436,3.26326,
13437,2.76081,
13438,2.9128,
13439,3.12959,
13440,2.86404,
13441,3.0139,
13442,2.94739,
13443,2.86315,
13444,2.79368,
13445,3.3309,
13446,3.28383,
13447,3.25332,
13448,3.17903,
13449,3.31761,
13450,3.23365,
13451,3.33076,
13452,3.21359,
13453,3.14555,
13454,3.22767,
13455,3.17938,
13456,3.18279,
13457,3.13554,
13458,3.10642,
13459,3.15485,
13460,2.86267,
13461,3.00938,
13462,3.09158,
13463,3.13711,
13464,3.11919,
13465,2.80823,
13466,3.06628,
13467,3.04157,
13468,2.94185,
13469,2.70845,
13470,2.88518,
13471,2.94547,
13472,2.9062,
13473,2.9499,
13474,2.71342,
13475,2.74392,
13476,2.72945,
13477,2.95464,
13478,3.05094,
13479,3.66054,
13480,3.4673,
13481,3.30991,
13482,3.22688,
13483,3.38701,
13484,3.3988,
13485,3.20206,
13486,3.32656,
13487,3.17423,
13488,3.1785,
13489,3.06643,
13490,3.42996,
13491,3.22934,
13492,3.13727,
13493,3.32411,
13494,3.32553,
13495,3.23648,
13496,3.26327,
13497,3.19208,
13498,3.28964,
13499,3.28126,
13500,3.08927,
13501,3.06925,
13502,3.09679,
13503,3.23659,
13504,3.31951,
13505,3.27094,
13506,3.23272,
13507,3.32804,
13508,3.15854,
13509,3.22081,
13510,3.36527,
13511,3.23326,
13512,3.22197,
13513,3.20498,
13514,3.23953,
13515,3.03396,
13516,3.10248,
13517,3.15074,
13518,3.2732,
13519,3.04631,
13520,3.09699,
13521,3.00072,
13522,3.24773,
13523,3.24341,
13524,3.18199,
13525,2.90947,
13526,3.12626,
13527,3.00514,
13528,2.97941,
13529,3.13995,
13530,3.19755,
13531,3.15708,
13532,3.11176,
13533,3.14484,
13534,3.20608,
13535,3.1146,
13536,3.12684,
13537,2.9991,
13538,3.02241,
13539,3.01538,
13540,3.14256,
13541,2.90016,
13542,2.89234,
13543,2.91116,
13544,3.00498,
13545,3.01008,
13546,2.96588,
13547,2.81171,
13548,2.98343,
13549,2.88827,
13550,3.07001,
13551,2.87838,
13552,2.96882,
13553,3.13997,
13554,3.05674,
13555,3.08446,
13556,2.81638,
13557,2.94337,
13558,2.92227,
13559,3.00479,
13560,3.08701,
13561,2.7625,
13562,2.87996,
13563,2.7496,
13564,2.76776,
13565,3.00142,
13566,3.02415,
13567,2.96986,
13568,2.87161,
13569,3.13441,
13570,2.97383,
13571,3.28018,
13572,3.30014,
13573,3.31908,
13574,3.19556,
13575,3.20375,
13576,3.46808,
13577,3.24354,
13578,3.10555,
13579,3.28599,
13580,3.07015,
13581,3.24505,
13582,3.34229,
13583,3.17103,
13584,3.15068,
13585,3.20456,
13586,2.95658,
13587,3.17426,
13588,3.11436,
13589,2.99576,
13590,3.10981,
13591,3.04269,
13592,2.90163,
13593,3.04462,
13594,3.09752,
13595,2.92481,
13596,2.99939,
13597,3.15533,
13598,3.31654,
13599,3.04451,
13600,3.12856,
13601,2.97728,
13602,3.40915,
13603,3.44255,
13604,3.39636,
13605,3.40519,
13606,3.43957,
13607,3.356,
13608,3.28037,
13609,3.45874,
13610,3.32437,
13611,3.35998,
13612,3.36349,
13613,3.3507,
13614,3.21697,
13615,3.39607,
13616,3.34734,
13617,3.38333,
13618,3.40825,
13619,3.26775,
13620,3.28779,
13621,3.26131,
13622,3.32965,
13623,3.47741,
13624,3.43366,
13625,3.03946,
13626,3.13555,
13627,2.9389,
13628,2.80631,
13629,2.83897,
13630,2.79143,
13631,3.05463,
13632,2.59758,
13633,2.86783,
13634,2.83703,
13635,2.91813,
13636,2.89837,
13637,2.67474,
13638,2.72913,
13639,3.02729,
13640,3.13937,
13641,3.08207,
13642,2.81228,
13643,2.79944,
13644,3.31669,
13645,3.42875,
13646,3.34637,
13647,3.40846,
13648,3.3147,
13649,3.34215,
13650,3.27731,
13651,3.09334,
13652,3.19565,
13653,3.30075,
13654,3.16928,
13655,3.20891,
13656,3.32068,
13657,3.36624,
13658,3.20354,
13659,3.15257,
13660,2.96549,
13661,3.13573,
13662,3.11916,
13663,3.1187,
13664,2.92501,
13665,2.9119,
13666,2.84009,
13667,3.04603,
13668,3.03058,
13669,2.96488,
13670,3.24609,
13671,3.17118,
13672,3.20999,
13673,3.16144,
13674,3.33409,
13675,3.23364,
13676,3.08222,
13677,3.1768,
13678,2.93784,
13679,2.93617,
13680,2.94816,
13681,3.13957,
13682,3.2629,
13683,3.06167,
13684,2.91907,
13685,2.82346,
13686,2.78176,
13687,2.70101,
13688,2.80156,
13689,2.78595,
13690,3.05718,
13691,2.7346,
13692,2.75959,
13693,2.78758,
13694,3.03469,
13695,2.95111,
13696,3.15806,
13697,2.79828,
13698,3.31343,
13699,3.00917,
13700,3.30856,
13701,3.56757,
13702,3.26208,
13703,3.35012,
13704,3.29738,
13705,3.23303,
13706,3.32161,
13707,3.26023,
13708,3.15231,
13709,3.02504,
13710,2.99728,
13711,3.11451,
13712,3.08352,
13713,3.12335,
13714,3.17564,
13715,3.02721,
13716,3.13869,
13717,2.91241,
13718,3.21905,
13719,3.18102,
13720,2.88751,
13721,2.85661,
13722,3.16015,
13723,2.86008,
13724,2.86912,
13725,2.85065,
13726,2.68074,
13727,2.71587,
13728,2.82363,
13729,3.45937,
13730,3.40286,
13731,3.54115,
13732,3.50616,
13733,3.51348,
13734,3.38606,
13735,3.17708,
13736,3.22352,
13737,3.18362,
13738,3.28815,
13739,3.53908,
13740,3.33729,
13741,3.2906,
13742,3.18016,
13743,3.07584,
13744,3.3853,
13745,3.37468,
13746,3.43562,
13747,3.18029,
13748,3.43879,
13749,3.10271,
13750,3.1562,
13751,3.15414,
13752,3.30522,
13753,3.1592,
13754,3.17867,
13755,3.06129,
13756,2.99324,
13757,3.21777,
13758,2.96648,
13759,2.98999,
13760,3.11992,
13761,3.1523,
13762,3.12623,
13763,3.04373,
13764,3.0933,
13765,2.98576,
13766,3.07719,
13767,2.93448,
13768,2.93784,
13769,3.031,
13770,2.78082,
13771,2.85311,
13772,3.10279,
13773,2.99337,
13774,3.45482,
13775,3.43141,
13776,3.41218,
13777,3.53158,
13778,3.46438,
13779,3.35643,
13780,3.24227,
13781,3.31837,
13782,3.10606,
13783,3.13481,
13784,3.08726,
13785,3.0813,
13786,3.32061,
13787,3.28499,
13788,3.12983,
13789,3.39683,
13790,3.34233,
13791,2.94062,
13792,3.01638,
13793,3.06802,
13794,2.98888,
13795,3.11633,
13796,3.22855,
13797,3.19753,
13798,3.32387,
13799,3.42377,
13800,3.39489,
13801,2.87177,
13802,3.00552,
13803,3.22163,
13804,3.25915,
13805,3.32613,
13806,3.32183,
13807,3.39273,
13808,3.32575,
13809,3.41103,
13810,3.1803,
13811,3.16814,
13812,3.33028,
13813,3.00766,
13814,3.23343,
13815,3.25778,
13816,3.23391,
13817,3.20416,
13818,3.15611,
13819,3.41802,
13820,3.27174,
13821,3.37923,
13822,3.25464,
13823,3.34908,
13824,3.28905,
13825,3.38315,
13826,3.12462,
13827,3.18442,
13828,3.12624,
13829,3.07357,
13830,3.09713,
13831,3.02791,
13832,3.14281,
13833,3.09971,
13834,3.23937,
13835,2.87966,
13836,3.09686,
13837,3.3441,
13838,3.28567,
13839,3.16333,
13840,3.13651,
13841,3.26079,
13842,3.01555,
13843,3.26674,
13844,2.60352,
13845,3.34637,
13846,3.29639,
13847,3.41792,
13848,3.56042,
13849,3.70724,
13850,3.37799,
13851,3.4168,
13852,3.27607,
13853,3.41764,
13854,3.40359,
13855,3.38945,
13856,3.30324,
13857,3.11651,
13858,3.16826,
13859,3.20476,
13860,3.31706,
13861,3.12157,
13862,3.30935,
13863,3.36683,
13864,3.24666,
13865,3.20413,
13866,3.17999,
13867,3.2558,
13868,3.34102,
13869,3.28488,
13870,3.24937,
13871,3.22919,
13872,3.13275,
13873,3.34408,
13874,3.35855,
13875,3.08968,
13876,3.21733,
13877,3.04742,
13878,3.00121,
13879,2.97076,
13880,2.81344,
13881,3.18235,
13882,3.18946,
13883,2.96025,
13884,3.07092,
13885,3.21468,
13886,3.01375,
13887,2.95696,
13888,3.02354,
13889,2.94296,
13890,3.10615,
13891,2.96501,
13892,3.05225,
13893,3.1991,
13894,3.01599,
13895,3.2329,
13896,3.27875,
13897,3.19729,
13898,3.14228,
13899,3.1561,
13900,3.31053,
13901,3.18124,
13902,3.18163,
13903,3.2032,
13904,3.34834,
13905,3.06888,
13906,2.87176,
13907,3.06942,
13908,2.99602,
13909,3.1009,
13910,3.09316,
13911,2.78284,
13912,3.17454,
13913,3.23478,
13914,3.17073,
13915,3.09737,
13916,2.94246,
13917,3.24981,
13918,3.02046,
13919,2.76181,
13920,3.08471,
13921,3.06278,
13922,3.29669,
13923,3.10295,
13924,2.95227,
13925,3.08336,
13926,3.0556,
13927,2.98397,
13928,3.05987,
13929,3.11871,
13930,3.37651,
13931,3.27195,
13932,3.35155,
13933,3.17808,
13934,3.13626,
13935,3.14604,
13936,3.29123,
13937,3.23146,
13938,3.28521,
13939,3.25166,
13940,3.40082,
13941,3.11145,
13942,3.17947,
13943,3.13296,
13944,3.00132,
13945,3.20911,
13946,3.21486,
13947,3.30912,
13948,3.18558,
13949,2.8571,
13950,2.9238,
13951,3.09626,
13952,2.97178,
13953,3.03527,
13954,2.82595,
13955,3.01115,
13956,3.21053,
13957,3.33598,
13958,3.16262,
13959,3.29929,
13960,3.3045,
13961,3.26127,
13962,3.17756,
13963,3.2754,
13964,3.28219,
13965,3.31033,
13966,3.2308,
13967,3.22869,
13968,3.22189,
13969,3.12015,
13970,3.22366,
13971,2.87458,
13972,3.04947,
13973,3.19288,
13974,3.05865,
13975,3.13163,
13976,2.93041,
13977,3.00452,
13978,3.16221,
13979,2.90704,
13980,3.03332,
13981,2.93651,
13982,2.85639,
13983,3.05023,
13984,2.8591,
13985,2.89271,
13986,2.90716,
13987,3.04686,
13988,2.96672,
13989,3.09658,
13990,3.16823,
13991,3.09896,
13992,2.98296,
13993,3.02162,
13994,3.07091,
13995,3.10454,
13996,2.96771,
13997,3.32007,
13998,3.25206,
13999,3.17665,
14000,3.28849,
14001,3.18826,
14002,3.07474,
14003,3.17337,
14004,3.08951,
14005,3.17531,
14006,3.16431,
14007,3.29122,
14008,3.37692,
14009,3.27278,
14010,3.15792,
14011,3.13286,
14012,3.03187,
14013,3.07902,
14014,3.01529,
14015,3.08454,
14016,2.96814,
14017,3.1266,
14018,3.04514,
14019,3.19876,
14020,3.00003,
14021,3.1149,
14022,3.26944,
14023,3.29837,
14024,3.3987,
14025,3.05441,
14026,2.89773,
14027,3.13592,
14028,2.85958,
14029,3.13264,
14030,3.35978,
14031,3.45108,
14032,3.38859,
14033,3.36816,
14034,3.1424,
14035,3.35801,
14036,3.23924,
14037,3.20307,
14038,3.1418,
14039,3.37422,
14040,3.10458,
14041,3.29388,
14042,3.00038,
14043,3.34024,
14044,3.30784,
14045,3.45382,
14046,3.16475,
14047,3.23074,
14048,3.2495,
14049,3.01316,
14050,3.22413,
14051,2.95547,
14052,3.06048,
14053,3.0747,
14054,3.33585,
14055,3.27604,
14056,2.86035,
14057,3.14203,
14058,3.11084,
14059,3.18877,
14060,3.18208,
14061,3.34884,
14062,3.26676,
14063,3.14352,
14064,3.20833,
14065,3.23566,
14066,3.14301,
14067,3.013,
14068,3.0066,
14069,3.3902,
14070,3.42691,
14071,3.37882,
14072,3.31619,
14073,3.24176,
14074,3.26752,
14075,3.12825,
14076,3.41654,
14077,3.16812,
14078,3.23029,
14079,3.22415,
14080,3.20884,
14081,3.18691,
14082,3.26648,
14083,3.19935,
14084,3.11976,
14085,3.2812,
14086,3.38034,
14087,3.06577,
14088,3.43306,
14089,3.25033,
14090,3.09885,
14091,3.03768,
14092,3.24214,
14093,3.21076,
14094,3.12739,
14095,3.12672,
14096,3.27107,
14097,3.03051,
14098,3.02376,
14099,3.12804,
14100,3.05613,
14101,3.14896,
14102,3.21334,
14103,3.27,
14104,3.13367,
14105,3.15354,
14106,3.07393,
14107,3.23896,
14108,3.26256,
14109,2.86495,
14110,3.07447,
14111,3.09128,
14112,3.18076,
14113,3.24414,
14114,3.24291,
14115,2.97566,
14116,3.1021,
14117,3.21039,
14118,2.91159,
14119,2.96489,
14120,3.29081,
14121,3.15735,
14122,3.2435,
14123,3.01866,
14124,3.01598,
14125,3.17835,
14126,3.17416,
14127,3.03329,
14128,3.27607,
14129,3.1937,
14130,2.92264,
14131,3.05773,
14132,2.98072,
14133,3.09768,
14134,2.92269,
14135,3.07371,
14136,3.29099,
14137,3.168,
14138,3.28976,
14139,3.34746,
14140,3.20549,
14141,3.27711,
14142,3.09454,
14143,3.1592,
14144,3.26291,
14145,3.21652,
14146,3.30885,
14147,3.4375,
14148,3.54264,
14149,4.38865,
14150,3.22355,
14151,3.20496,
14152,3.28976,
14153,3.26446,
14154,3.08348,
14155,3.2022,
14156,3.17374,
14157,3.20591,
14158,3.12465,
14159,3.62845,
14160,3.16976,
14161,3.14956,
14162,2.7914,
14163,2.9527,
14164,3.2123,
14165,3.22006,
14166,3.28893,
14167,3.34412,
14168,3.20452,
14169,3.2393,
14170,3.24911,
14171,3.17986,
14172,3.44807,
14173,3.23762,
14174,3.21366,
14175,3.3516,
14176,3.36745,
14177,3.2624,
14178,3.11215,
14179,3.21195,
14180,3.18442,
14181,3.17437,
14182,3.08997,
14183,2.88197,
14184,3.24483,
14185,3.12357,
14186,2.91347,
14187,2.97973,
14188,3.05681,
14189,3.13225,
14190,3.1185,
14191,3.04044,
14192,3.15068,
14193,2.85716,
14194,3.04567,
14195,2.82284,
14196,3.19581,
14197,3.0497,
14198,3.03736,
14199,3.12824,
14200,3.07835,
14201,3.09705,
14202,3.06912,
14203,3.06438,
14204,2.91169,
14205,3.09052,
14206,3.06072,
14207,2.84003,
14208,2.95346,
14209,2.86066,
14210,3.08775,
14211,3.05762,
14212,3.03763,
14213,3.0083,
14214,3.08372,
14215,3.13888,
14216,2.87787,
14217,3.20129,
14218,3.03309,
14219,3.05673,
14220,3.04508,
14221,3.26093,
14222,3.33781,
14223,3.33486,
14224,3.0903,
14225,2.97232,
14226,3.35301,
14227,3.15953,
14228,3.15902,
14229,3.06976,
14230,2.97564,
14231,3.01636,
14232,3.20741,
14233,2.79916,
14234,2.7861,
14235,2.62319,
14236,2.91126,
14237,3.02901,
14238,3.14324,
14239,3.13771,
14240,3.14166,
14241,3.06918,
14242,2.86336,
14243,2.9349,
14244,3.07178,
14245,3.24617,
14246,3.00206,
14247,3.04452,
14248,2.67326,
14249,2.72061,
14250,3.16037,
14251,2.83869,
14252,3.05056,
14253,2.80163,
14254,2.97266,
14255,2.8103,
14256,2.84813,
14257,2.84723,
14258,2.89365,
14259,2.84229,
14260,2.77455,
14261,2.86024,
14262,3.11063,
14263,2.73665,
14264,3.05372,
14265,3.04396,
14266,3.37798,
14267,3.37486,
14268,3.31838,
14269,3.35881,
14270,3.33526,
14271,3.38913,
14272,3.16915,
14273,2.89669,
14274,3.19216,
14275,3.00379,
14276,3.07339,
14277,3.27775,
14278,3.12218,
14279,3.19582,
14280,3.1219,
14281,3.0186,
14282,2.96281,
14283,3.10646,
14284,3.18139,
14285,3.11234,
14286,3.104,
14287,3.07615,
14288,2.92202,
14289,3.29678,
14290,2.99498,
14291,2.97643,
14292,3.1265,
14293,3.10039,
14294,2.98784,
14295,3.42419,
14296,3.20464,
14297,3.45665,
14298,3.22157,
14299,3.34068,
14300,3.2754,
14301,3.22556,
14302,3.25014,
14303,3.1612,
14304,3.16447,
14305,3.17642,
14306,3.19947,
14307,3.15885,
14308,2.96263,
14309,3.14447,
14310,3.0459,
14311,3.01642,
14312,2.84107,
14313,2.93741,
14314,2.85211,
14315,2.99662,
14316,3.04265,
14317,2.84105,
14318,2.98232,
14319,2.90128,
14320,3.10169,
14321,3.00969,
14322,3.06013,
14323,3.23004,
14324,3.26814,
14325,3.25075,
14326,3.25604,
14327,3.22685,
14328,3.26407,
14329,3.16982,
14330,3.25214,
14331,3.23794,
14332,3.20952,
14333,3.29869,
14334,3.1508,
14335,3.13081,
14336,2.89761,
14337,3.1758,
14338,3.14132,
14339,3.27768,
14340,3.14243,
14341,2.99473,
14342,3.0978,
14343,3.01518,
14344,3.04566,
14345,3.21763,
14346,3.25913,
14347,3.03903,
14348,3.00052,
14349,3.03804,
14350,3.32519,
14351,3.25955,
14352,3.33245,
14353,3.19186,
14354,3.37155,
14355,3.17401,
14356,3.24232,
14357,3.40639,
14358,3.17489,
14359,3.05282,
14360,3.00101,
14361,3.26484,
14362,3.23052,
14363,3.10909,
14364,3.15077,
14365,3.12233,
14366,3.28712,
14367,3.22781,
14368,3.40073,
14369,2.98762,
14370,3.071,
14371,2.84548,
14372,3.019,
14373,3.03801,
14374,3.04616,
14375,3.01598,
14376,3.21398,
14377,3.10526,
14378,3.07189,
14379,2.81058,
14380,2.9797,
14381,3.08003,
14382,3.04392,
14383,2.96027,
14384,3.44632,
14385,3.3973,
14386,3.36701,
14387,3.31075,
14388,3.19866,
14389,3.29815,
14390,3.04323,
14391,3.30958,
14392,3.4278,
14393,3.22727,
14394,3.30467,
14395,3.52761,
14396,3.59756,
14397,3.21586,
14398,3.21513,
14399,3.25035,
14400,3.34068,
14401,3.49035,
14402,3.28718,
14403,3.15418,
14404,3.13249,
14405,3.04531,
14406,3.11946,
14407,3.12653,
14408,3.14629,
14409,3.09151,
14410,2.99115,
14411,3.15233,
14412,3.58347,
14413,3.64524,
14414,3.57067,
14415,3.53579,
14416,3.51756,
14417,3.5144,
14418,3.51789,
14419,3.46948,
14420,3.44412,
14421,3.53356,
14422,3.53075,
14423,3.46083,
14424,3.42268,
14425,3.30915,
14426,3.43658,
14427,3.48446,
14428,3.43496,
14429,3.33591,
14430,3.28001,
14431,3.29914,
14432,3.5267,
14433,3.37612,
14434,3.29827,
14435,3.26752,
14436,3.26811,
14437,3.15319,
14438,3.31897,
14439,3.20181,
14440,3.19373,
14441,3.19102,
14442,3.05684,
14443,2.89858,
14444,3.18887,
14445,3.39839,
14446,3.24787,
14447,2.97318,
14448,3.19303,
14449,3.22875,
14450,3.09151,
14451,3.16435,
14452,3.21855,
14453,3.02006,
14454,3.17225,
14455,3.07074,
14456,3.08212,
14457,3.31356,
14458,3.19954,
14459,3.23317,
14460,3.25248,
14461,3.09713,
14462,3.02774,
14463,2.97826,
14464,3.02223,
14465,3.15376,
14466,3.05089,
14467,2.96579,
14468,3.18894,
14469,3.09424,
14470,3.01121,
14471,3.05698,
14472,2.93153,
14473,2.8858,
14474,3.09825,
14475,2.86894,
14476,2.87926,
14477,2.95834,
14478,3.05947,
14479,2.95842,
14480,2.88096,
14481,2.97978,
14482,2.95769,
14483,3.1485,
14484,3.1123,
14485,3.1358,
14486,3.1569,
14487,3.19674,
14488,3.04243,
14489,3.20548,
14490,2.90279,
14491,3.11617,
14492,3.08813,
14493,2.98355,
14494,3.30988,
14495,2.97651,
14496,2.96513,
14497,3.23173,
14498,2.99867,
14499,2.90052,
14500,2.98137,
14501,3.24547,
14502,2.74707,
14503,2.87975,
14504,3.10556,
14505,2.85547,
14506,3.00396,
14507,2.95513,
14508,2.84726,
14509,2.77721,
14510,3.31217,
14511,3.26263,
14512,3.23333,
14513,3.17422,
14514,3.28579,
14515,3.21559,
14516,3.31096,
14517,3.19423,
14518,3.11989,
14519,3.208,
14520,3.15379,
14521,3.16239,
14522,3.1093,
14523,3.09644,
14524,3.12362,
14525,2.85113,
14526,2.99834,
14527,3.07732,
14528,3.13554,
14529,3.1002,
14530,2.78967,
14531,3.03635,
14532,3.03138,
14533,2.91789,
14534,2.68691,
14535,2.86458,
14536,2.93761,
14537,2.89075,
14538,2.93308,
14539,2.70001,
14540,2.72809,
14541,2.71263,
14542,2.92536,
14543,3.02298,
14544,3.61401,
14545,3.45014,
14546,3.2887,
14547,3.19226,
14548,3.36024,
14549,3.38348,
14550,3.17472,
14551,3.29932,
14552,3.14707,
14553,3.15409,
14554,3.05818,
14555,3.42039,
14556,3.2225,
14557,3.10972,
14558,3.30459,
14559,3.31046,
14560,3.21763,
14561,3.24031,
14562,3.14948,
14563,3.25818,
14564,3.25276,
14565,3.06381,
14566,3.04858,
14567,3.08364,
14568,3.18424,
14569,3.29032,
14570,3.2508,
14571,3.20378,
14572,3.31745,
14573,3.13286,
14574,3.20639,
14575,3.33673,
14576,3.21497,
14577,3.20339,
14578,3.18791,
14579,3.21211,
14580,3.00921,
14581,3.08763,
14582,3.13132,
14583,3.26558,
14584,3.02327,
14585,3.07949,
14586,2.99966,
14587,3.2303,
14588,3.23073,
14589,3.16205,
14590,2.88946,
14591,3.10719,
14592,2.97919,
14593,2.95927,
14594,3.10561,
14595,3.19227,
14596,3.13448,
14597,3.0734,
14598,3.13319,
14599,3.17999,
14600,3.105,
14601,3.10166,
14602,2.97958,
14603,2.99941,
14604,2.98328,
14605,3.12823,
14606,2.85756,
14607,2.85991,
14608,2.89455,
14609,2.9843,
14610,2.99427,
14611,2.9582,
14612,2.80057,
14613,2.97203,
14614,2.87012,
14615,3.0427,
14616,2.86282,
14617,2.95754,
14618,3.12219,
14619,3.03374,
14620,3.08214,
14621,2.78054,
14622,2.93745,
14623,2.91114,
14624,2.99371,
14625,3.07316,
14626,2.74991,
14627,2.86519,
14628,2.73325,
14629,2.75076,
14630,2.9763,
14631,3.00361,
14632,2.94833,
14633,2.86389,
14634,3.11276,
14635,2.96285,
14636,3.2419,
14637,3.26735,
14638,3.27336,
14639,3.17619,
14640,3.17988,
14641,3.45082,
14642,3.22834,
14643,3.08599,
14644,3.25822,
14645,3.06133,
14646,3.21277,
14647,3.32134,
14648,3.1681,
14649,3.14236,
14650,3.17802,
14651,2.93637,
14652,3.15102,
14653,3.11115,
14654,2.97956,
14655,3.09365,
14656,3.02425,
14657,2.87917,
14658,3.0254,
14659,3.0854,
14660,2.90968,
14661,2.98925,
14662,3.12793,
14663,3.27852,
14664,3.05103,
14665,3.10345,
14666,2.96885,
14667,3.38634,
14668,3.43117,
14669,3.38985,
14670,3.38639,
14671,3.42594,
14672,3.33562,
14673,3.27608,
14674,3.44606,
14675,3.29562,
14676,3.35141,
14677,3.35218,
14678,3.33306,
14679,3.201,
14680,3.39144,
14681,3.33633,
14682,3.36928,
14683,3.39961,
14684,3.25974,
14685,3.27099,
14686,3.24554,
14687,3.31942,
14688,3.43366,
14689,3.40997,
14690,3.00406,
14691,3.10208,
14692,2.91437,
14693,2.78205,
14694,2.81244,
14695,2.76182,
14696,3.02796,
14697,2.5698,
14698,2.85971,
14699,2.81342,
14700,2.88253,
14701,2.87738,
14702,2.6553,
14703,2.70455,
14704,2.99524,
14705,3.12056,
14706,3.06227,
14707,2.78388,
14708,2.78697,
14709,3.29854,
14710,3.40773,
14711,3.31432,
14712,3.40509,
14713,3.28977,
14714,3.30926,
14715,3.24671,
14716,3.063,
14717,3.16644,
14718,3.2787,
14719,3.14418,
14720,3.19752,
14721,3.30272,
14722,3.35142,
14723,3.19348,
14724,3.1281,
14725,2.93075,
14726,3.10236,
14727,3.10915,
14728,3.10076,
14729,2.91035,
14730,2.89109,
14731,2.82174,
14732,3.0222,
14733,3.01784,
14734,2.96034,
14735,3.2185,
14736,3.14266,
14737,3.19105,
14738,3.13058,
14739,3.31784,
14740,3.19512,
14741,3.05803,
14742,3.14493,
14743,2.91792,
14744,2.93036,
14745,2.93175,
14746,3.10925,
14747,3.23204,
14748,3.04508,
14749,2.89409,
14750,2.81008,
14751,2.76715,
14752,2.67934,
14753,2.77728,
14754,2.75931,
14755,3.035,
14756,2.7132,
14757,2.74681,
14758,2.77034,
14759,3.01682,
14760,2.94079,
14761,3.14181,
14762,2.78254,
14763,3.28365,
14764,2.98941,
14765,3.28802,
14766,3.53822,
14767,3.24397,
14768,3.33534,
14769,3.26611,
14770,3.20413,
14771,3.30373,
14772,3.23128,
14773,3.13418,
14774,2.99817,
14775,2.99002,
14776,3.1053,
14777,3.06868,
14778,3.10103,
14779,3.15222,
14780,3.00417,
14781,3.12396,
14782,2.89372,
14783,3.2165,
14784,3.1582,
14785,2.87803,
14786,2.82882,
14787,3.13893,
14788,2.84636,
14789,2.85666,
14790,2.8154,
14791,2.66447,
14792,2.69549,
14793,2.80893,
14794,3.42571,
14795,3.36965,
14796,3.50477,
14797,3.47746,
14798,3.48898,
14799,3.34987,
14800,3.14418,
14801,3.20567,
14802,3.16011,
14803,3.26729,
14804,3.51408,
14805,3.32633,
14806,3.26567,
14807,3.15503,
14808,3.05336,
14809,3.35832,
14810,3.35263,
14811,3.41877,
14812,3.15362,
14813,3.42578,
14814,3.07725,
14815,3.13564,
14816,3.13239,
14817,3.29519,
14818,3.12026,
14819,3.15128,
14820,3.05442,
14821,2.97016,
14822,3.21107,
14823,2.94691,
14824,2.97005,
14825,3.11519,
14826,3.14248,
14827,3.11155,
14828,3.02113,
14829,3.05293,
14830,2.96523,
14831,3.05913,
14832,2.9196,
14833,2.91134,
14834,3.01409,
14835,2.76334,
14836,2.84324,
14837,3.08466,
14838,2.97264,
14839,3.43877,
14840,3.43007,
14841,3.39807,
14842,3.49773,
14843,3.44161,
14844,3.32925,
14845,3.21739,
14846,3.29991,
14847,3.08413,
14848,3.10072,
14849,3.06182,
14850,3.05195,
14851,3.30971,
14852,3.26185,
14853,3.11827,
14854,3.37966,
14855,3.32409,
14856,2.93027,
14857,3.01778,
14858,3.05671,
14859,2.9637,
14860,3.10968,
14861,3.20143,
14862,3.17703,
14863,3.30345,
14864,3.40371,
14865,3.37694,
14866,2.85974,
14867,2.9928,
14868,3.2118,
14869,3.23347,
14870,3.30643,
14871,3.29111,
14872,3.36951,
14873,3.3094,
14874,3.38632,
14875,3.15614,
14876,3.15999,
14877,3.30617,
14878,2.98461,
14879,3.21569,
14880,3.22918,
14881,3.20705,
14882,3.17222,
14883,3.14187,
14884,3.40394,
14885,3.24823,
14886,3.3511,
14887,3.23037,
14888,3.3227,
14889,3.27144,
14890,3.36604,
14891,3.10362,
14892,3.16499,
14893,3.10471,
14894,3.04287,
14895,3.07397,
14896,3.00751,
14897,3.1347,
14898,3.07887,
14899,3.21203,
14900,2.85837,
14901,3.08489,
14902,3.31066,
14903,3.25221,
14904,3.13724,
14905,3.10765,
14906,3.2445,
14907,2.99487,
14908,3.24389,
14909,2.58054,
14910,3.32754,
14911,3.26766,
14912,3.40154,
14913,3.53593,
14914,3.69162,
14915,3.36356,
14916,3.38323,
14917,3.27003,
14918,3.3925,
14919,3.38057,
14920,3.37321,
14921,3.27436,
14922,3.09613,
14923,3.14675,
14924,3.19851,
14925,3.30251,
14926,3.09458,
14927,3.29949,
14928,3.35697,
14929,3.2398,
14930,3.18339,
14931,3.15137,
14932,3.24201,
14933,3.3109,
14934,3.27169,
14935,3.22682,
14936,3.20283,
14937,3.10698,
14938,3.32659,
14939,3.33262,
14940,3.0597,
14941,3.20516,
14942,3.016,
14943,2.9773,
14944,2.94885,
14945,2.79053,
14946,3.17389,
14947,3.17791,
14948,2.93329,
14949,3.05438,
14950,3.17987,
14951,3.0038,
14952,2.94438,
14953,2.9974,
14954,2.93016,
14955,3.10876,
14956,2.94367,
14957,3.03247,
14958,3.18124,
14959,3.00076,
14960,3.21131,
14961,3.25824,
14962,3.16477,
14963,3.13546,
14964,3.12532,
14965,3.29276,
14966,3.15648,
14967,3.16568,
14968,3.1787,
14969,3.31762,
14970,3.04179,
14971,2.83978,
14972,3.04784,
14973,2.98978,
14974,3.09241,
14975,3.07516,
14976,2.76909,
14977,3.18184,
14978,3.2237,
14979,3.15188,
14980,3.07044,
14981,2.92884,
14982,3.22671,
14983,2.99639,
14984,2.74193,
14985,3.0582,
14986,3.04384,
14987,3.28395,
14988,3.09837,
14989,2.94843,
14990,3.06785,
14991,3.0462,
14992,2.97648,
14993,3.02527,
14994,3.09025,
14995,3.3602,
14996,3.25034,
14997,3.33103,
14998,3.16664,
14999,3.12185,
15000,3.11397,
15001,3.26644,
15002,3.21644,
15003,3.26744,
15004,3.23506,
15005,3.38309,
15006,3.08926,
15007,3.17088,
15008,3.11336,
15009,2.9801,
15010,3.19926,
15011,3.19732,
15012,3.30681,
15013,3.16428,
15014,2.83341,
15015,2.89152,
15016,3.07276,
15017,2.9549,
15018,3.02302,
15019,2.81261,
15020,2.99479,
15021,3.20266,
15022,3.30003,
15023,3.15205,
15024,3.28145,
15025,3.258,
15026,3.23549,
15027,3.1606,
15028,3.24079,
15029,3.26259,
15030,3.29659,
15031,3.20891,
15032,3.20837,
15033,3.20012,
15034,3.10983,
15035,3.21427,
15036,2.85428,
15037,3.02697,
15038,3.18591,
15039,3.03408,
15040,3.12018,
15041,2.92191,
15042,2.99274,
15043,3.15587,
15044,2.89327,
15045,3.0177,
15046,2.92284,
15047,2.84023,
15048,3.0404,
15049,2.85262,
15050,2.88026,
15051,2.87523,
15052,3.04187,
15053,2.95104,
15054,3.08316,
15055,3.16036,
15056,3.07497,
15057,2.97682,
15058,3.00063,
15059,3.04272,
15060,3.09828,
15061,2.96683,
15062,3.27254,
15063,3.23416,
15064,3.15897,
15065,3.28112,
15066,3.17364,
15067,3.05992,
15068,3.15658,
15069,3.06811,
15070,3.15187,
15071,3.15342,
15072,3.27183,
15073,3.35546,
15074,3.2504,
15075,3.13798,
15076,3.12114,
15077,3.01169,
15078,3.06404,
15079,3.00023,
15080,3.07305,
15081,2.94567,
15082,3.10691,
15083,3.02889,
15084,3.18122,
15085,2.98686,
15086,3.10897,
15087,3.25468,
15088,3.27639,
15089,3.38036,
15090,3.03632,
15091,2.88756,
15092,3.1245,
15093,2.83815,
15094,3.11221,
15095,3.3239,
15096,3.42752,
15097,3.37523,
15098,3.35344,
15099,3.11961,
15100,3.34365,
15101,3.21598,
15102,3.17841,
15103,3.12233,
15104,3.35471,
15105,3.0869,
15106,3.28667,
15107,2.96857,
15108,3.3171,
15109,3.29372,
15110,3.42541,
15111,3.14167,
15112,3.2148,
15113,3.22638,
15114,2.99349,
15115,3.20642,
15116,2.93942,
15117,3.04392,
15118,3.06026,
15119,3.30421,
15120,3.26608,
15121,2.84238,
15122,3.13108,
15123,3.09699,
15124,3.17135,
15125,3.16758,
15126,3.3333,
15127,3.25088,
15128,3.12162,
15129,3.19617,
15130,3.21435,
15131,3.12554,
15132,2.99497,
15133,2.97992,
15134,3.35605,
15135,3.40776,
15136,3.35805,
15137,3.28856,
15138,3.21581,
15139,3.23998,
15140,3.0907,
15141,3.40484,
15142,3.15079,
15143,3.22813,
15144,3.2058,
15145,3.19613,
15146,3.17878,
15147,3.25145,
15148,3.17848,
15149,3.09798,
15150,3.25083,
15151,3.35033,
15152,3.04417,
15153,3.40888,
15154,3.23642,
15155,3.086,
15156,3.0132,
15157,3.21689,
15158,3.18996,
15159,3.11001,
15160,3.10966,
15161,3.25983,
15162,3.01279,
15163,3.01022,
15164,3.10976,
15165,3.03913,
15166,3.1213,
15167,3.19795,
15168,3.26674,
15169,3.1173,
15170,3.13298,
15171,3.0549,
15172,3.21503,
15173,3.24926,
15174,2.84548,
15175,3.06206,
15176,3.07067,
15177,3.17254,
15178,3.23195,
15179,3.22845,
15180,2.96635,
15181,3.0822,
15182,3.19584,
15183,2.88678,
15184,2.95265,
15185,3.27402,
15186,3.14015,
15187,3.22646,
15188,3.00536,
15189,2.98769,
15190,3.1593,
15191,3.16182,
15192,3.01513,
15193,3.2724,
15194,3.16481,
15195,2.90088,
15196,3.03342,
15197,2.96366,
15198,3.10677,
15199,2.90462,
15200,3.03895,
15201,3.26628,
15202,3.14937,
15203,3.27189,
15204,3.34295,
15205,3.18058,
15206,3.25963,
15207,3.06903,
15208,3.13776,
15209,3.24288,
15210,3.20281,
15211,3.30016,
15212,3.40707,
15213,3.5225,
15214,4.35519,
15215,3.2126,
15216,3.1878,
15217,3.26719,
15218,3.2349,
15219,3.07916,
15220,3.18452,
15221,3.16015,
15222,3.18848,
15223,3.1019,
15224,3.60728,
15225,3.15255,
15226,3.12937,
15227,2.77159,
15228,2.94369,
15229,3.20613,
15230,3.21337,
15231,3.27756,
15232,3.34161,
15233,3.18747,
15234,3.20117,
15235,3.23185,
15236,3.16254,
15237,3.43199,
15238,3.22045,
15239,3.18024,
15240,3.33373,
15241,3.33803,
15242,3.24088,
15243,3.08241,
15244,3.17705,
15245,3.15928,
15246,3.14671,
15247,3.06364,
15248,2.8669,
15249,3.21682,
15250,3.10168,
15251,2.89692,
15252,2.96143,
15253,3.03647,
15254,3.12544,
15255,3.10798,
15256,3.03801,
15257,3.13755,
15258,2.85305,
15259,3.02853,
15260,2.80416,
15261,3.17898,
15262,3.01199,
15263,3.01747,
15264,3.09985,
15265,3.06089,
15266,3.08439,
15267,3.05472,
15268,3.05156,
15269,2.89029,
15270,3.07878,
15271,3.05541,
15272,2.83128,
15273,2.93066,
15274,2.84758,
15275,3.06804,
15276,3.03932,
15277,3.02144,
15278,2.99441,
15279,3.06712,
15280,3.12529,
15281,2.85964,
15282,3.18074,
15283,3.01012,
15284,3.04776,
15285,3.04123,
15286,3.2417,
15287,3.3156,
15288,3.32267,
15289,3.07382,
15290,2.94036,
15291,3.34912,
15292,3.14091,
15293,3.1487,
15294,3.05775,
15295,2.97018,
15296,2.99375,
15297,3.18262,
15298,2.79134,
15299,2.77789,
15300,2.6166,
15301,2.88336,
15302,3.02848,
15303,3.13317,
15304,3.11245,
15305,3.11127,
15306,3.05205,
15307,2.8517,
15308,2.9346,
15309,3.04362,
15310,3.21663,
15311,2.98651,
15312,3.02317,
15313,2.6464,
15314,2.72382,
15315,3.15226,
15316,2.82596,
15317,3.03147,
15318,2.79853,
15319,2.95191,
15320,2.78284,
15321,2.85339,
15322,2.82883,
15323,2.87315,
15324,2.82621,
15325,2.76648,
15326,2.83736,
15327,3.10097,
15328,2.72534,
15329,3.04108,
15330,3.01264,
15331,3.35825,
15332,3.36399,
15333,3.3018,
15334,3.34091,
15335,3.31577,
15336,3.38247,
15337,3.15983,
15338,2.88251,
15339,3.17177,
15340,2.989,
15341,3.05616,
15342,3.26932,
15343,3.11254,
15344,3.17723,
15345,3.09503,
15346,3.01403,
15347,2.9515,
15348,3.07856,
15349,3.15996,
15350,3.10154,
15351,3.07825,
15352,3.05471,
15353,2.91531,
15354,3.28304,
15355,2.99344,
15356,2.96192,
15357,3.09282,
15358,3.08325,
15359,2.96419,
15360,3.3928,
15361,3.19195,
15362,3.41582,
15363,3.21227,
15364,3.32598,
15365,3.24821,
15366,3.1865,
15367,3.24048,
15368,3.13795,
15369,3.14703,
15370,3.16439,
15371,3.189,
15372,3.13559,
15373,2.94336,
15374,3.13025,
15375,3.02213,
15376,3.00359,
15377,2.81109,
15378,2.93122,
15379,2.8313,
15380,2.98391,
15381,3.02669,
15382,2.82989,
15383,2.9646,
15384,2.87889,
15385,3.07694,
15386,2.99784,
15387,3.04045,
15388,3.18056,
15389,3.23829,
15390,3.22361,
15391,3.23997,
15392,3.20855,
15393,3.2351,
15394,3.15879,
15395,3.24517,
15396,3.21896,
15397,3.20944,
15398,3.27775,
15399,3.13394,
15400,3.10456,
15401,2.87411,
15402,3.1608,
15403,3.12577,
15404,3.25818,
15405,3.13215,
15406,2.97062,
15407,3.07493,
15408,2.99682,
15409,3.0291,
15410,3.19273,
15411,3.25421,
15412,3.02861,
15413,2.97201,
15414,3.0193,
15415,3.30286,
15416,3.25325,
15417,3.30076,
15418,3.17608,
15419,3.37137,
15420,3.15278,
15421,3.23316,
15422,3.37761,
15423,3.15831,
15424,3.03092,
15425,2.97246,
15426,3.26344,
15427,3.21016,
15428,3.10734,
15429,3.11963,
15430,3.10592,
15431,3.27731,
15432,3.20874,
15433,3.40004,
15434,2.98593,
15435,3.06185,
15436,2.83092,
15437,3.01142,
15438,3.02171,
15439,3.02863,
15440,3.00679,
15441,3.19913,
15442,3.08928,
15443,3.06516,
15444,2.78974,
15445,2.94775,
15446,3.05921,
15447,3.03596,
15448,2.95346,
15449,3.4134,
15450,3.37502,
15451,3.34283,
15452,3.28905,
15453,3.17681,
15454,3.28833,
15455,3.01705,
15456,3.27909,
15457,3.39393,
15458,3.22735,
15459,3.28384,
15460,3.51542,
15461,3.58871,
15462,3.18701,
15463,3.21083,
15464,3.23632,
15465,3.31793,
15466,3.47615,
15467,3.27014,
15468,3.13883,
15469,3.12036,
15470,3.02824,
15471,3.10286,
15472,3.10708,
15473,3.13167,
15474,3.08114,
15475,2.97937,
15476,3.13327,
15477,3.55881,
15478,3.62065,
15479,3.55453,
15480,3.51659,
15481,3.50124,
15482,3.49513,
15483,3.5002,
15484,3.44821,
15485,3.4347,
15486,3.51872,
15487,3.52034,
15488,3.44957,
15489,3.40706,
15490,3.30703,
15491,3.41673,
15492,3.47545,
15493,3.41849,
15494,3.33028,
15495,3.28377,
15496,3.27588,
15497,3.50171,
15498,3.35976,
15499,3.27656,
15500,3.25141,
15501,3.25089,
15502,3.12912,
15503,3.30288,
15504,3.17498,
15505,3.17164,
15506,3.17817,
15507,3.03377,
15508,2.89957,
15509,3.1769,
15510,3.3821,
15511,3.24356,
15512,2.96115,
15513,3.17343,
15514,3.20284,
15515,3.06664,
15516,3.15614,
15517,3.2149,
15518,3.00392,
15519,3.14514,
15520,3.05548,
15521,3.04761,
15522,3.28001,
15523,3.18009,
15524,3.20767,
15525,3.22049,
15526,3.09224,
15527,3.00497,
15528,2.95631,
15529,3.00798,
15530,3.15445,
15531,3.03051,
15532,2.95114,
15533,3.1762,
15534,3.06944,
15535,2.98922,
15536,3.05125,
15537,2.92086,
15538,2.84288,
15539,3.09147,
15540,2.86417,
15541,2.86286,
15542,2.9495,
15543,3.03699,
15544,2.95136,
15545,2.86146,
15546,2.96797,
15547,2.94185,
15548,3.13597,
15549,3.08839,
15550,3.1412,
15551,3.1381,
15552,3.16929,
15553,3.01034,
15554,3.18184,
15555,2.89709,
15556,3.09864,
15557,3.0691,
15558,2.96668,
15559,3.28579,
15560,2.97638,
15561,2.93814,
15562,3.20206,
15563,2.98336,
15564,2.89121,
15565,2.97014,
15566,3.22751,
15567,2.73615,
15568,2.86792,
15569,3.0957,
15570,2.83507,
15571,2.991,
15572,2.9163,
15573,2.8259,
15574,2.77224,
15575,3.28915,
15576,3.23999,
15577,3.21883,
15578,3.14359,
15579,3.2727,
15580,3.19706,
15581,3.29796,
15582,3.16972,
15583,3.11385,
15584,3.18574,
15585,3.14171,
15586,3.14061,
15587,3.09386,
15588,3.08821,
15589,3.10084,
15590,2.82002,
15591,2.98079,
15592,3.07307,
15593,3.10343,
15594,3.10208,
15595,2.77764,
15596,3.01429,
15597,3.01649,
15598,2.903,
15599,2.66755,
15600,2.85515,
15601,2.90862,
15602,2.8748,
15603,2.92425,
15604,2.70085,
15605,2.71896,
15606,2.71755,
15607,2.91201,
15608,3.01909,
15609,3.57688,
15610,3.43635,
15611,3.26272,
15612,3.17204,
15613,3.34308,
15614,3.36336,
15615,3.1402,
15616,3.26823,
15617,3.12805,
15618,3.12681,
15619,3.03073,
15620,3.41848,
15621,3.20306,
15622,3.09045,
15623,3.27899,
15624,3.2892,
15625,3.18771,
15626,3.2356,
15627,3.12108,
15628,3.25291,
15629,3.243,
15630,3.03966,
15631,3.02752,
15632,3.07194,
15633,3.15478,
15634,3.27381,
15635,3.2232,
15636,3.17918,
15637,3.29383,
15638,3.11096,
15639,3.17993,
15640,3.32525,
15641,3.20002,
15642,3.1746,
15643,3.16104,
15644,3.19318,
15645,2.99743,
15646,3.07668,
15647,3.11648,
15648,3.24163,
15649,3.00012,
15650,3.0672,
15651,2.96931,
15652,3.22406,
15653,3.21343,
15654,3.13974,
15655,2.87248,
15656,3.10217,
15657,2.96684,
15658,2.93693,
15659,3.08778,
15660,3.16864,
15661,3.11711,
15662,3.0307,
15663,3.10388,
15664,3.17292,
15665,3.07003,
15666,3.0943,
15667,2.95626,
15668,2.98115,
15669,2.96459,
15670,3.1055,
15671,2.84113,
15672,2.83406,
15673,2.8812,
15674,2.96847,
15675,2.98024,
15676,2.93961,
15677,2.77116,
15678,2.9587,
15679,2.86249,
15680,3.01555,
15681,2.8431,
15682,2.9351,
15683,3.10163,
15684,3.01457,
15685,3.06445,
15686,2.76804,
15687,2.91436,
15688,2.87715,
15689,2.96728,
15690,3.06495,
15691,2.73625,
15692,2.85266,
15693,2.72105,
15694,2.73393,
15695,2.95583,
15696,2.99266,
15697,2.92597,
15698,2.84223,
15699,3.08583,
15700,2.93934,
15701,3.21633,
15702,3.24583,
15703,3.24693,
15704,3.16693,
15705,3.16603,
15706,3.43765,
15707,3.21187,
15708,3.07957,
15709,3.2537,
15710,3.04486,
15711,3.18975,
15712,3.31224,
15713,3.12991,
15714,3.11783,
15715,3.16602,
15716,2.92356,
15717,3.13564,
15718,3.08695,
15719,2.96915,
15720,3.07284,
15721,3.01595,
15722,2.8583,
15723,3.01465,
15724,3.06452,
15725,2.89714,
15726,2.9728,
15727,3.1169,
15728,3.25264,
15729,3.01531,
15730,3.08914,
15731,2.94735,
15732,3.36812,
15733,3.40633,
15734,3.36613,
15735,3.37407,
15736,3.42592,
15737,3.32313,
15738,3.25735,
15739,3.4276,
15740,3.28026,
15741,3.33487,
15742,3.34649,
15743,3.32125,
15744,3.18647,
15745,3.3759,
15746,3.32406,
15747,3.35696,
15748,3.38441,
15749,3.23561,
15750,3.25558,
15751,3.23102,
15752,3.30959,
15753,3.40316,
15754,3.3924,
15755,2.98149,
15756,3.07781,
15757,2.883,
15758,2.75726,
15759,2.79969,
15760,2.74184,
15761,3.0152,
15762,2.55457,
15763,2.83238,
15764,2.78727,
15765,2.86466,
15766,2.86681,
15767,2.64048,
15768,2.68977,
15769,2.98431,
15770,3.09806,
15771,3.04125,
15772,2.76335,
15773,2.76517,
15774,3.27433,
15775,3.3755,
15776,3.28625,
15777,3.38863,
15778,3.28958,
15779,3.28137,
15780,3.21481,
15781,3.02894,
15782,3.15058,
15783,3.26725,
15784,3.1398,
15785,3.18372,
15786,3.29876,
15787,3.31934,
15788,3.16021,
15789,3.116,
15790,2.91568,
15791,3.08684,
15792,3.08198,
15793,3.08292,
15794,2.88009,
15795,2.88103,
15796,2.81067,
15797,3.00852,
15798,3.01544,
15799,2.94772,
15800,3.20178,
15801,3.11822,
15802,3.1655,
15803,3.11194,
15804,3.29108,
15805,3.16235,
15806,3.03049,
15807,3.12649,
15808,2.89499,
15809,2.89959,
15810,2.91501,
15811,3.09259,
15812,3.20723,
15813,3.03893,
15814,2.87169,
15815,2.80721,
15816,2.74563,
15817,2.66568,
15818,2.74959,
15819,2.75103,
15820,3.00313,
15821,2.69893,
15822,2.7289,
15823,2.74992,
15824,2.99824,
15825,2.92511,
15826,3.1267,
15827,2.76626,
15828,3.27485,
15829,2.97777,
15830,3.26495,
15831,3.51794,
15832,3.21263,
15833,3.3091,
15834,3.23717,
15835,3.1832,
15836,3.28962,
15837,3.21198,
15838,3.10748,
15839,2.9778,
15840,2.94499,
15841,3.07856,
15842,3.04894,
15843,3.09315,
15844,3.13601,
15845,2.97778,
15846,3.1143,
15847,2.88517,
15848,3.18796,
15849,3.1406,
15850,2.86357,
15851,2.82052,
15852,3.12034,
15853,2.81651,
15854,2.83744,
15855,2.80782,
15856,2.64747,
15857,2.67977,
15858,2.79657,
15859,3.39771,
15860,3.34786,
15861,3.46849,
15862,3.47638,
15863,3.47258,
15864,3.33689,
15865,3.12016,
15866,3.18221,
15867,3.15948,
15868,3.25463,
15869,3.50108,
15870,3.29864,
15871,3.24911,
15872,3.13112,
15873,3.04687,
15874,3.33482,
15875,3.34669,
15876,3.40692,
15877,3.13728,
15878,3.41817,
15879,3.06036,
15880,3.1169,
15881,3.11768,
15882,3.27337,
15883,3.09172,
15884,3.12169,
15885,3.02169,
15886,2.95856,
15887,3.19431,
15888,2.92167,
15889,2.95789,
15890,3.08519,
15891,3.12536,
15892,3.09371,
15893,3.00124,
15894,3.04387,
15895,2.94806,
15896,3.04415,
15897,2.8924,
15898,2.8852,
15899,3.00258,
15900,2.73856,
15901,2.8223,
15902,3.06963,
15903,2.95496,
15904,3.4213,
15905,3.40206,
15906,3.37479,
15907,3.48807,
15908,3.43548,
15909,3.31849,
15910,3.18666,
15911,3.27774,
15912,3.06738,
15913,3.07548,
15914,3.03903,
15915,3.03261,
15916,3.29532,
15917,3.25526,
15918,3.10475,
15919,3.35435,
15920,3.30226,
15921,2.90977,
15922,2.99728,
15923,3.05107,
15924,2.94749,
15925,3.09077,
15926,3.18742,
15927,3.15556,
15928,3.27526,
15929,3.39091,
15930,3.36491,
15931,2.8535,
15932,2.97575,
15933,3.19495,
15934,3.22564,
15935,3.26897,
15936,3.28137,
15937,3.34704,
15938,3.27277,
15939,3.36406,
15940,3.12956,
15941,3.14649,
15942,3.28767,
15943,2.96117,
15944,3.20798,
15945,3.21908,
15946,3.20772,
15947,3.15245,
15948,3.12437,
15949,3.39582,
15950,3.23081,
15951,3.33043,
15952,3.21987,
15953,3.30391,
15954,3.26304,
15955,3.33236,
15956,3.07592,
15957,3.15167,
15958,3.09033,
15959,3.01875,
15960,3.04423,
15961,2.99101,
15962,3.1153,
15963,3.07405,
15964,3.19484,
15965,2.85648,
15966,3.06606,
15967,3.28147,
15968,3.22352,
15969,3.11473,
15970,3.09233,
15971,3.23167,
15972,2.99437,
15973,3.21633,
15974,2.54779,
15975,3.29905,
15976,3.24593,
15977,3.37992,
15978,3.51044,
15979,3.67829,
15980,3.33764,
15981,3.3694,
15982,3.24607,
15983,3.3732,
15984,3.36985,
15985,3.34973,
15986,3.26601,
15987,3.08228,
15988,3.12425,
15989,3.17066,
15990,3.29187,
15991,3.06888,
15992,3.27989,
15993,3.34078,
15994,3.23631,
15995,3.17731,
15996,3.13103,
15997,3.21885,
15998,3.28816,
15999,3.25229,
16000,3.2058,
16001,3.19754,
16002,3.09174,
16003,3.3085,
16004,3.31356,
16005,3.03693,
16006,3.19002,
16007,2.99706,
16008,2.96397,
16009,2.93338,
16010,2.77521,
16011,3.15788,
16012,3.17249,
16013,2.92888,
16014,3.03078,
16015,3.1739,
16016,2.98104,
16017,2.92159,
16018,2.9795,
16019,2.91191,
16020,3.08866,
16021,2.9276,
16022,3.0145,
16023,3.18085,
16024,2.9921,
16025,3.19277,
16026,3.23336,
16027,3.13005,
16028,3.10825,
16029,3.10322,
16030,3.27361,
16031,3.14136,
16032,3.13514,
16033,3.14667,
16034,3.30303,
16035,3.01892,
16036,2.8362,
16037,3.03292,
16038,2.96051,
16039,3.06778,
16040,3.0717,
16041,2.74583,
16042,3.14686,
16043,3.21787,
16044,3.15058,
16045,3.06476,
16046,2.91952,
16047,3.20452,
16048,2.99042,
16049,2.72602,
16050,3.05239,
16051,3.02262,
16052,3.2708,
16053,3.07814,
16054,2.91973,
16055,3.07216,
16056,3.02857,
16057,2.95568,
16058,3.01636,
16059,3.0793,
16060,3.33311,
16061,3.22298,
16062,3.29547,
16063,3.13057,
16064,3.09432,
16065,3.0914,
16066,3.26527,
16067,3.20388,
16068,3.23755,
16069,3.23168,
16070,3.36764,
16071,3.08027,
16072,3.14419,
16073,3.10799,
16074,2.96693,
16075,3.18663,
16076,3.19495,
16077,3.27737,
16078,3.14583,
16079,2.82206,
16080,2.89161,
16081,3.0669,
16082,2.93024,
16083,2.99203,
16084,2.79788,
16085,2.97881,
16086,3.18677,
16087,3.27969,
16088,3.13282,
16089,3.26639,
16090,3.23382,
16091,3.22254,
16092,3.13095,
16093,3.232,
16094,3.24018,
16095,3.27884,
16096,3.19189,
16097,3.1894,
16098,3.18474,
16099,3.08309,
16100,3.20138,
16101,2.85101,
16102,2.99782,
16103,3.18709,
16104,3.01398,
16105,3.09186,
16106,2.904,
16107,2.97687,
16108,3.12584,
16109,2.88986,
16110,2.99973,
16111,2.90276,
16112,2.82207,
16113,3.01676,
16114,2.82132,
16115,2.86914,
16116,2.86589,
16117,3.02097,
16118,2.93707,
16119,3.08095,
16120,3.13976,
16121,3.06806,
16122,2.96137,
16123,3.00084,
16124,3.02097,
16125,3.06864,
16126,2.94927,
16127,3.25761,
16128,3.2064,
16129,3.14092,
16130,3.25689,
16131,3.15532,
16132,3.03704,
16133,3.16099,
16134,3.06544,
16135,3.13932,
16136,3.13332,
16137,3.26099,
16138,3.33596,
16139,3.23005,
16140,3.12535,
16141,3.11722,
16142,3.00477,
16143,3.04738,
16144,2.97811,
16145,3.06449,
16146,2.91519,
16147,3.09747,
16148,3.02727,
16149,3.16008,
16150,2.96773,
16151,3.08803,
16152,3.23186,
16153,3.26012,
16154,3.36365,
16155,3.01593,
16156,2.86829,
16157,3.10871,
16158,2.82533,
16159,3.10033,
16160,3.2726,
16161,3.40361,
16162,3.34477,
16163,3.33037,
16164,3.09225,
16165,3.32763,
16166,3.19271,
16167,3.16948,
16168,3.11964,
16169,3.32372,
16170,3.0559,
16171,3.26982,
16172,2.94375,
16173,3.29653,
16174,3.26302,
16175,3.40354,
16176,3.12935,
16177,3.20671,
16178,3.22679,
16179,2.98144,
16180,3.19111,
16181,2.92127,
16182,3.01605,
16183,3.05614,
16184,3.29582,
16185,3.25096,
16186,2.83634,
16187,3.1102,
16188,3.08353,
16189,3.17425,
16190,3.14414,
16191,3.3234,
16192,3.23,
16193,3.09248,
16194,3.18742,
16195,3.20991,
16196,3.11687,
16197,2.99226,
16198,2.96493,
16199,3.32864,
16200,3.38651,
16201,3.32806,
16202,3.27396,
16203,3.20514,
16204,3.21164,
16205,3.07267,
16206,3.37295,
16207,3.12924,
16208,3.20201,
16209,3.17467,
16210,3.17223,
16211,3.15882,
16212,3.23562,
16213,3.16601,
16214,3.0934,
16215,3.2366,
16216,3.33146,
16217,3.02043,
16218,3.3851,
16219,3.21461,
16220,3.06015,
16221,3.00833,
16222,3.19834,
16223,3.17559,
16224,3.08959,
16225,3.09377,
16226,3.23574,
16227,2.99918,
16228,2.98578,
16229,3.10222,
16230,3.01269,
16231,3.10684,
16232,3.1769,
16233,3.24579,
16234,3.09637,
16235,3.11286,
16236,3.03616,
16237,3.20122,
16238,3.2425,
16239,2.83627,
16240,3.05817,
16241,3.05814,
16242,3.14993,
16243,3.21722,
16244,3.19665,
16245,2.9442,
16246,3.05555,
16247,3.18292,
16248,2.87249,
16249,2.94375,
16250,3.25545,
16251,3.14181,
16252,3.21509,
16253,2.97826,
16254,2.96814,
16255,3.13391,
16256,3.14196,
16257,3.01266,
16258,3.24563,
16259,3.14589,
16260,2.88539,
16261,3.02251,
16262,2.96438,
16263,3.06614,
16264,2.89295,
16265,3.01756,
16266,3.24335,
16267,3.12434,
16268,3.25032,
16269,3.3098,
16270,3.16722,
16271,3.24071,
16272,3.05632,
16273,3.12208,
16274,3.23572,
16275,3.18665,
16276,3.28247,
16277,3.39006,
16278,3.49496,
16279,4.33374,
16280,3.20282,
16281,3.16684,
16282,3.24886,
16283,3.21539,
16284,3.07355,
16285,3.17495,
16286,3.13703,
16287,3.18067,
16288,3.08402,
16289,3.60314,
16290,3.13751,
16291,3.10596,
16292,2.76734,
16293,2.92734,
16294,3.18347,
16295,3.19165,
16296,3.26206,
16297,3.32958,
16298,3.16832,
16299,3.18903,
16300,3.20711,
16301,3.14082,
16302,3.41752,
16303,3.19709,
16304,3.16442,
16305,3.30842,
16306,3.32297,
16307,3.22098,
16308,3.05694,
16309,3.15749,
16310,3.14414,
16311,3.12822,
16312,3.05237,
16313,2.84417,
16314,3.2038,
16315,3.07511,
16316,2.88721,
16317,2.94953,
16318,3.0224,
16319,3.11914,
16320,3.09338,
16321,3.01401,
16322,3.12997,
16323,2.82528,
16324,3.01253,
16325,2.78598,
16326,3.1788,
16327,2.99731,
16328,3.00339,
16329,3.07066,
16330,3.04159,
16331,3.06825,
16332,3.04071,
16333,3.03139,
16334,2.87236,
16335,3.05521,
16336,3.02726,
16337,2.80988,
16338,2.91206,
16339,2.83999,
16340,3.06346,
16341,3.02798,
16342,3.00363,
16343,2.97668,
16344,3.04886,
16345,3.09425,
16346,2.85117,
16347,3.16449,
16348,2.99705,
16349,3.02605,
16350,3.01758,
16351,3.22168,
16352,3.30084,
16353,3.31076,
16354,3.07099,
16355,2.92659,
16356,3.32781,
16357,3.12636,
16358,3.12601,
16359,3.04508,
16360,2.94073,
16361,2.99075,
16362,3.16187,
16363,2.75734,
16364,2.76584,
16365,2.60189,
16366,2.86863,
16367,3.0117,
16368,3.12249,
16369,3.09663,
16370,3.10916,
16371,3.03703,
16372,2.83014,
16373,2.91033,
16374,3.03407,
16375,3.20941,
16376,2.97333,
16377,3.01974,
16378,2.63266,
16379,2.69105,
16380,3.13519,
16381,2.80806,
16382,3.01975,
16383,2.77759,
16384,2.93039,
16385,2.78034,
16386,2.83567,
16387,2.81133,
16388,2.8505,
16389,2.80264,
16390,2.76089,
16391,2.82584,
16392,3.07911,
16393,2.71806,
16394,3.02804,
16395,2.99198,
16396,3.33281,
16397,3.34717,
16398,3.29269,
16399,3.3359,
16400,3.30717,
16401,3.34866,
16402,3.13782,
16403,2.87565,
16404,3.15525,
16405,2.97268,
16406,3.03048,
16407,3.25031,
16408,3.09482,
16409,3.17091,
16410,3.07887,
16411,2.99621,
16412,2.95324,
16413,3.0706,
16414,3.14556,
16415,3.08346,
16416,3.06324,
16417,3.05782,
16418,2.90477,
16419,3.27146,
16420,2.96475,
16421,2.94702,
16422,3.0855,
16423,3.06971,
16424,2.95856,
16425,3.37856,
16426,3.18233,
16427,3.40331,
16428,3.17587,
16429,3.29296,
16430,3.2393,
16431,3.16867,
16432,3.21476,
16433,3.12261,
16434,3.13415,
16435,3.14958,
16436,3.1875,
16437,3.12145,
16438,2.92744,
16439,3.11734,
16440,3.00842,
16441,2.99362,
16442,2.78693,
16443,2.92163,
16444,2.8126,
16445,2.96175,
16446,3.01882,
16447,2.82743,
16448,2.95813,
16449,2.86385,
16450,3.05122,
16451,2.96962,
16452,3.04057,
16453,3.14696,
16454,3.21391,
16455,3.19839,
16456,3.21503,
16457,3.18709,
16458,3.21668,
16459,3.12449,
16460,3.22732,
16461,3.2119,
16462,3.18847,
16463,3.25951,
16464,3.12587,
16465,3.09536,
16466,2.85823,
16467,3.13964,
16468,3.10324,
16469,3.25252,
16470,3.11282,
16471,2.97862,
16472,3.0706,
16473,2.98489,
16474,3.02224,
16475,3.17438,
16476,3.23417,
16477,3.01831,
16478,2.96862,
16479,2.99348,
16480,3.29247,
16481,3.22863,
16482,3.27471,
16483,3.15093,
16484,3.34946,
16485,3.14266,
16486,3.20034,
16487,3.35951,
16488,3.14695,
16489,3.02567,
16490,2.96167,
16491,3.23963,
16492,3.20369,
16493,3.07985,
16494,3.12268,
16495,3.09549,
16496,3.2591,
16497,3.18981,
16498,3.38581,
16499,2.96427,
16500,3.06113,
16501,2.81997,
16502,2.98224,
16503,3.01353,
16504,3.02395,
16505,2.99052,
16506,3.19277,
16507,3.08923,
16508,3.04073,
16509,2.7766,
16510,2.93491,
16511,3.03858,
16512,3.01138,
16513,2.93512,
16514,3.39362,
16515,3.35463,
16516,3.31667,
16517,3.26044,
16518,3.14083,
16519,3.26811,
16520,2.99891,
16521,3.272,
16522,3.37527,
16523,3.20919,
16524,3.27619,
16525,3.49936,
16526,3.57896,
16527,3.17776,
16528,3.20165,
16529,3.22243,
16530,3.30813,
16531,3.45924,
16532,3.26453,
16533,3.12574,
16534,3.09982,
16535,3.01901,
16536,3.09697,
16537,3.10116,
16538,3.11884,
16539,3.0663,
16540,2.96266,
16541,3.12557,
16542,3.55539,
16543,3.59152,
16544,3.54289,
16545,3.50643,
16546,3.49062,
16547,3.48769,
16548,3.48157,
16549,3.43268,
16550,3.41805,
16551,3.49817,
16552,3.50063,
16553,3.42629,
16554,3.38879,
16555,3.28818,
16556,3.42579,
16557,3.45919,
16558,3.41003,
16559,3.3147,
16560,3.24866,
16561,3.24463,
16562,3.47968,
16563,3.33976,
16564,3.2631,
16565,3.23588,
16566,3.222,
16567,3.1187,
16568,3.28354,
16569,3.16193,
16570,3.15767,
16571,3.165,
16572,3.03172,
16573,2.87185,
16574,3.15994,
16575,3.38069,
16576,3.21836,
16577,2.94689,
16578,3.14804,
16579,3.17767,
16580,3.04808,
16581,3.12793,
16582,3.18198,
16583,2.98217,
16584,3.12003,
16585,3.03532,
16586,3.02369,
16587,3.26536,
16588,3.17399,
16589,3.18124,
16590,3.19675,
16591,3.06657,
16592,2.98854,
16593,2.93721,
16594,2.99866,
16595,3.12703,
16596,3.0065,
16597,2.93637,
16598,3.16706,
16599,3.06443,
16600,2.9779,
16601,3.03034,
16602,2.91361,
16603,2.8296,
16604,3.08294,
16605,2.84445,
16606,2.85131,
16607,2.94198,
16608,3.03374,
16609,2.92079,
16610,2.8588,
16611,2.95204,
16612,2.91583,
16613,3.0923,
16614,3.07747,
16615,3.11861,
16616,3.12916,
16617,3.14441,
16618,2.99532,
16619,3.171,
16620,2.88604,
16621,3.08807,
16622,3.04726,
16623,2.95392,
16624,3.26348,
16625,2.94636,
16626,2.92546,
16627,3.17822,
16628,2.97859,
16629,2.86666,
16630,2.95708,
16631,3.22344,
16632,2.71376,
16633,2.84237,
16634,3.0765,
16635,2.82927,
16636,2.97228,
16637,2.9107,
16638,2.81105,
16639,2.76368,
16640,3.26233,
16641,3.2276,
16642,3.21941,
16643,3.12618,
16644,3.25569,
16645,3.16721,
16646,3.27533,
16647,3.15518,
16648,3.08501,
16649,3.16879,
16650,3.14006,
16651,3.12706,
16652,3.08886,
16653,3.07205,
16654,3.08506,
16655,2.80977,
16656,2.97824,
16657,3.04581,
16658,3.10183,
16659,3.0742,
16660,2.76711,
16661,3.00355,
16662,3.00736,
16663,2.89628,
16664,2.65895,
16665,2.84513,
16666,2.89062,
16667,2.8693,
16668,2.92071,
16669,2.67189,
16670,2.71655,
16671,2.69643,
16672,2.89198,
16673,3.0137,
16674,3.54212,
16675,3.40696,
16676,3.25608,
16677,3.15476,
16678,3.32773,
16679,3.34349,
16680,3.11244,
16681,3.24929,
16682,3.11177,
16683,3.10769,
16684,3.02282,
16685,3.38965,
16686,3.18892,
16687,3.07787,
16688,3.27576,
16689,3.27533,
16690,3.16539,
16691,3.21722,
16692,3.10146,
16693,3.21849,
16694,3.21631,
16695,3.02268,
16696,3.01205,
16697,3.06758,
16698,3.11726,
16699,3.25483,
16700,3.20835,
16701,3.16308,
16702,3.28454,
16703,3.09954,
16704,3.16174,
16705,3.31285,
16706,3.17731,
16707,3.16081,
16708,3.15596,
16709,3.17771,
16710,2.98532,
16711,3.06148,
16712,3.10353,
16713,3.22256,
16714,2.98214,
16715,3.05026,
16716,2.95818,
16717,3.20451,
16718,3.19928,
16719,3.117,
16720,2.87178,
16721,3.08676,
16722,2.95734,
16723,2.92134,
16724,3.08053,
16725,3.16064,
16726,3.08939,
16727,3.00154,
16728,3.08499,
16729,3.15337,
16730,3.04701,
16731,3.06305,
16732,2.93096,
16733,2.97385,
16734,2.95216,
16735,3.0918,
16736,2.80907,
16737,2.82396,
16738,2.86069,
16739,2.95426,
16740,2.97787,
16741,2.92432,
16742,2.74943,
16743,2.94206,
16744,2.84362,
16745,3.00514,
16746,2.82319,
16747,2.91896,
16748,3.08547,
16749,2.99751,
16750,3.04772,
16751,2.74577,
16752,2.90785,
16753,2.86483,
16754,2.9469,
16755,3.0545,
16756,2.73059,
16757,2.84773,
16758,2.72221,
16759,2.7127,
16760,2.94691,
16761,2.97391,
16762,2.90632,
16763,2.83087,
16764,3.07564,
16765,2.91793,
16766,3.1865,
16767,3.22942,
16768,3.21953,
16769,3.14316,
16770,3.14224,
16771,3.42117,
16772,3.18745,
16773,3.05555,
16774,3.24625,
16775,3.0233,
16776,3.17939,
16777,3.28922,
16778,3.11934,
16779,3.11622,
16780,3.14582,
16781,2.89698,
16782,3.12381,
16783,3.07381,
16784,2.96179,
16785,3.04873,
16786,3.00926,
16787,2.85321,
16788,3.01638,
16789,3.05365,
16790,2.88188,
16791,2.95924,
16792,3.09219,
16793,3.23851,
16794,3.00859,
16795,3.07449,
16796,2.94244,
16797,3.34984,
16798,3.38427,
16799,3.35993,
16800,3.35634,
16801,3.40552,
16802,3.31435,
16803,3.24563,
16804,3.41407,
16805,3.26664,
16806,3.33767,
16807,3.33411,
16808,3.31742,
16809,3.17949,
16810,3.36948,
16811,3.32794,
16812,3.34666,
16813,3.36799,
16814,3.24486,
16815,3.25902,
16816,3.21429,
16817,3.2981,
16818,3.37716,
16819,3.38128,
16820,2.96602,
16821,3.05785,
16822,2.86596,
16823,2.74079,
16824,2.78211,
16825,2.7155,
16826,2.9929,
16827,2.54292,
16828,2.81582,
16829,2.77784,
16830,2.84936,
16831,2.85081,
16832,2.64329,
16833,2.67263,
16834,2.94486,
16835,3.08644,
16836,3.01914,
16837,2.75382,
16838,2.75141,
16839,3.26244,
16840,3.35403,
16841,3.26012,
16842,3.38258,
16843,3.27018,
16844,3.26144,
16845,3.19547,
16846,3.02021,
16847,3.11019,
16848,3.24708,
16849,3.11705,
16850,3.1768,
16851,3.27726,
16852,3.30218,
16853,3.15494,
16854,3.10119,
16855,2.90164,
16856,3.07749,
16857,3.07062,
16858,3.07376,
16859,2.88049,
16860,2.86875,
16861,2.79283,
16862,2.98978,
16863,2.99187,
16864,2.92015,
16865,3.17884,
16866,3.1002,
16867,3.14382,
16868,3.09113,
16869,3.28936,
16870,3.14188,
16871,3.01765,
16872,3.10712,
16873,2.87714,
16874,2.89794,
16875,2.89111,
16876,3.07809,
16877,3.18564,
16878,3.01473,
16879,2.8597,
16880,2.78376,
16881,2.73625,
16882,2.64807,
16883,2.72758,
16884,2.74091,
16885,3.0032,
16886,2.6921,
16887,2.70752,
16888,2.73846,
16889,2.99026,
16890,2.90259,
16891,3.10327,
16892,2.74466,
16893,3.2615,
16894,2.97696,
16895,3.26447,
16896,3.50486,
16897,3.18609,
16898,3.28931,
16899,3.22647,
16900,3.15563,
16901,3.26911,
16902,3.1874,
16903,3.07006,
16904,2.96627,
16905,2.92974,
16906,3.06052,
16907,3.04055,
16908,3.07824,
16909,3.13021,
16910,2.97143,
16911,3.09505,
16912,2.87771,
16913,3.17332,
16914,3.11611,
16915,2.84998,
16916,2.80087,
16917,3.11094,
16918,2.79858,
16919,2.82724,
16920,2.79679,
16921,2.62911,
16922,2.6718,
16923,2.78473,
16924,3.36707,
16925,3.32596,
16926,3.45273,
16927,3.45001,
16928,3.46559,
16929,3.31628,
16930,3.08529,
16931,3.16433,
16932,3.12774,
16933,3.23749,
16934,3.48643,
16935,3.26791,
16936,3.2373,
16937,3.11017,
16938,3.03196,
16939,3.31776,
16940,3.3063,
16941,3.38964,
16942,3.12662,
16943,3.39693,
16944,3.03961,
16945,3.10272,
16946,3.0933,
16947,3.25231,
16948,3.07424,
16949,3.11208,
16950,3.00669,
16951,2.94939,
16952,3.18577,
16953,2.90809,
16954,2.9411,
16955,3.06694,
16956,3.12358,
16957,3.08579,
16958,2.9883,
16959,3.03434,
16960,2.9304,
16961,3.02292,
16962,2.87227,
16963,2.87507,
16964,2.99057,
16965,2.72538,
16966,2.81553,
16967,3.06095,
16968,2.94446,
16969,3.40769,
16970,3.39325,
16971,3.35169,
16972,3.47925,
16973,3.40311,
16974,3.3,
16975,3.17142,
16976,3.25716,
16977,3.04984,
16978,3.06402,
16979,3.0129,
16980,3.01652,
16981,3.2878,
16982,3.23043,
16983,3.08403,
16984,3.34462,
16985,3.28337,
16986,2.90195,
16987,2.99063,
16988,3.03215,
16989,2.93,
16990,3.07549,
16991,3.17574,
16992,3.15072,
16993,3.26344,
16994,3.37848,
16995,3.35063,
16996,2.83376,
16997,2.96342,
16998,3.18725,
16999,3.20249,
17000,3.23768,
17001,3.25082,
17002,3.32869,
17003,3.27747,
17004,3.36268,
17005,3.11861,
17006,3.13016,
17007,3.27528,
17008,2.95388,
17009,3.18814,
17010,3.21337,
17011,3.17441,
17012,3.13836,
17013,3.11615,
17014,3.37031,
17015,3.22594,
17016,3.32523,
17017,3.19105,
17018,3.29267,
17019,3.24793,
17020,3.30185,
17021,3.05971,
17022,3.13985,
17023,3.07935,
17024,2.99907,
17025,3.02506,
17026,2.97803,
17027,3.11129,
17028,3.05137,
17029,3.17495,
17030,2.83568,
17031,3.05714,
17032,3.25689,
17033,3.20387,
17034,3.09445,
17035,3.06127,
17036,3.21774,
17037,2.9609,
17038,3.20905,
17039,2.51441,
17040,3.28637,
17041,3.22625,
17042,3.3726,
17043,3.48508,
17044,3.66107,
17045,3.31493,
17046,3.34095,
17047,3.22429,
17048,3.34863,
17049,3.36238,
17050,3.33456,
17051,3.24788,
17052,3.07626,
17053,3.1182,
17054,3.15716,
17055,3.27435,
17056,3.05158,
17057,3.27152,
17058,3.32232,
17059,3.21266,
17060,3.16322,
17061,3.10876,
17062,3.20176,
17063,3.27569,
17064,3.23765,
17065,3.18566,
17066,3.17542,
17067,3.07117,
17068,3.31142,
17069,3.29569,
17070,3.02401,
17071,3.16657,
17072,2.98748,
17073,2.95646,
17074,2.91563,
17075,2.76388,
17076,3.13702,
17077,3.14802,
17078,2.89891,
17079,3.00995,
17080,3.14993,
17081,2.97634,
17082,2.91409,
17083,2.96428,
17084,2.89652,
17085,3.07296,
17086,2.92047,
17087,2.99954,
17088,3.16058,
17089,2.97914,
17090,3.16866,
17091,3.20236,
17092,3.09833,
17093,3.09027,
17094,3.08755,
17095,3.26465,
17096,3.10785,
17097,3.1155,
17098,3.13575,
17099,3.27882,
17100,3.00131,
17101,2.82292,
17102,3.01298,
17103,2.94925,
17104,3.04917,
17105,3.0672,
17106,2.73481,
17107,3.13753,
17108,3.21032,
17109,3.12099,
17110,3.03909,
17111,2.90591,
17112,3.18875,
17113,2.97771,
17114,2.70808,
17115,3.03462,
17116,3.01606,
17117,3.25122,
17118,3.06241,
17119,2.91307,
17120,3.05396,
17121,3.01893,
17122,2.9505,
17123,3.00576,
17124,3.05477,
17125,3.31105,
17126,3.2023,
17127,3.27431,
17128,3.09642,
17129,3.07569,
17130,3.07987,
17131,3.2435,
17132,3.18306,
17133,3.22005,
17134,3.21267,
17135,3.35328,
17136,3.05936,
17137,3.14047,
17138,3.08892,
17139,2.9496,
17140,3.16114,
17141,3.17492,
17142,3.26831,
17143,3.12429,
17144,2.81071,
17145,2.86233,
17146,3.05213,
17147,2.91239,
17148,2.97584,
17149,2.78278,
17150,2.9731,
17151,3.16975,
17152,3.24721,
17153,3.10952,
17154,3.24108,
17155,3.21214,
17156,3.20459,
17157,3.12252,
17158,3.2165,
17159,3.23459,
17160,3.26026,
17161,3.18035,
17162,3.18366,
17163,3.1675,
17164,3.07169,
17165,3.20124,
17166,2.83379,
17167,2.98565,
17168,3.1603,
17169,3.00937,
17170,3.08951,
17171,2.89243,
17172,2.96588,
17173,3.11957,
17174,2.87096,
17175,2.98746,
17176,2.89804,
17177,2.82387,
17178,3.01051,
17179,2.80184,
17180,2.85845,
17181,2.8563,
17182,3.03031,
17183,2.93571,
17184,3.07266,
17185,3.13195,
17186,3.04781,
17187,2.95299,
17188,2.97467,
17189,2.99839,
17190,3.04401,
17191,2.94267,
17192,3.23398,
17193,3.17731,
17194,3.12451,
17195,3.25143,
17196,3.1379,
17197,3.02208,
17198,3.12876,
17199,3.05009,
17200,3.12332,
17201,3.11608,
17202,3.24012,
17203,3.32973,
17204,3.22177,
17205,3.12663,
17206,3.10515,
17207,3.00138,
17208,3.04221,
17209,2.97029,
17210,3.0382,
17211,2.8969,
17212,3.09069,
17213,3.00615,
17214,3.13846,
17215,2.97147,
17216,3.07406,
17217,3.22171,
17218,3.24076,
17219,3.35427,
17220,3.00246,
17221,2.85441,
17222,3.08933,
17223,2.81521,
17224,3.09526,
17225,3.24335,
17226,3.38683,
17227,3.32497,
17228,3.32385,
17229,3.08475,
17230,3.31615,
17231,3.18321,
17232,3.15051,
17233,3.10443,
17234,3.29675,
17235,3.04136,
17236,3.25024,
17237,2.92539,
17238,3.27405,
17239,3.24199,
17240,3.39068,
17241,3.10586,
17242,3.18738,
17243,3.19902,
17244,2.96454,
17245,3.18266,
17246,2.92493,
17247,3.01098,
17248,3.04237,
17249,3.27726,
17250,3.24414,
17251,2.82187,
17252,3.10236,
17253,3.07014,
17254,3.15273,
17255,3.12748,
17256,3.31204,
17257,3.21038,
17258,3.07957,
17259,3.16334,
17260,3.20725,
17261,3.102,
17262,2.96576,
17263,2.96121,
17264,3.2967,
17265,3.36648,
17266,3.3186,
17267,3.25645,
17268,3.17814,
17269,3.1878,
17270,3.06673,
17271,3.36599,
17272,3.11436,
17273,3.18265,
17274,3.16687,
17275,3.16415,
17276,3.12965,
17277,3.21557,
17278,3.15053,
17279,3.07489,
17280,3.20294,
17281,3.31373,
17282,2.99761,
17283,3.37083,
17284,3.19707,
17285,3.03558,
17286,2.97407,
17287,3.18679,
17288,3.15771,
17289,3.073,
17290,3.08575,
17291,3.23088,
17292,2.98729,
17293,2.97976,
17294,3.07289,
17295,2.98739,
17296,3.06784,
17297,3.16942,
17298,3.21853,
17299,3.08715,
17300,3.09469,
17301,3.01417,
17302,3.17751,
17303,3.22128,
17304,2.81425,
17305,3.02924,
17306,3.05496,
17307,3.14169,
17308,3.2087,
17309,3.17697,
17310,2.93461,
17311,3.05161,
17312,3.15993,
17313,2.86167,
17314,2.93047,
17315,3.23884,
17316,3.10715,
17317,3.19517,
17318,2.95649,
17319,2.94502,
17320,3.12959,
17321,3.12339,
17322,2.98824,
17323,3.22555,
17324,3.14271,
17325,2.86731,
17326,3.00718,
17327,2.93393,
17328,3.05114,
17329,2.87755,
17330,2.99713,
17331,3.22205,
17332,3.0974,
17333,3.24234,
17334,3.30312,
17335,3.1576,
17336,3.22599,
17337,3.04272,
17338,3.12369,
17339,3.20892,
17340,3.17789,
17341,3.26227,
17342,3.37923,
17343,3.4844,
17344,4.30895,
17345,3.16896,
17346,3.15624,
17347,3.22235,
17348,3.18854,
17349,3.05311,
17350,3.16256,
17351,3.12236,
17352,3.16394,
17353,3.07501,
17354,3.57443,
17355,3.1168,
17356,3.09429,
17357,2.751,
17358,2.91136,
17359,3.17852,
17360,3.17835,
17361,3.25432,
17362,3.31733,
17363,3.15628,
17364,3.16505,
17365,3.19049,
17366,3.13455,
17367,3.40136,
17368,3.18745,
17369,3.15054,
17370,3.29979,
17371,3.29981,
17372,3.19204,
17373,3.04568,
17374,3.13257,
17375,3.12068,
17376,3.11212,
17377,3.03344,
17378,2.82763,
17379,3.18758,
17380,3.06617,
17381,2.86553,
17382,2.92013,
17383,3.02521,
17384,3.09204,
17385,3.07622,
17386,2.99766,
17387,3.1158,
17388,2.83268,
17389,3.00589,
17390,2.7805,
17391,3.14995,
17392,2.98759,
17393,2.99174,
17394,3.04147,
17395,3.01789,
17396,3.0498,
17397,3.02325,
17398,3.01565,
17399,2.85812,
17400,3.04611,
17401,3.00994,
17402,2.79773,
17403,2.88202,
17404,2.83481,
17405,3.04102,
17406,3.01566,
17407,2.98218,
17408,2.95839,
17409,3.03404,
17410,3.09528,
17411,2.83166,
17412,3.15565,
17413,2.98807,
17414,3.01946,
17415,3.00068,
17416,3.20322,
17417,3.28688,
17418,3.31123,
17419,3.04071,
17420,2.92031,
17421,3.31505,
17422,3.11916,
17423,3.11111,
17424,3.0374,
17425,2.92825,
17426,2.97141,
17427,3.14957,
17428,2.74555,
17429,2.76714,
17430,2.58583,
17431,2.8546,
17432,3.00524,
17433,3.12131,
17434,3.08354,
17435,3.08719,
17436,3.02513,
17437,2.82758,
17438,2.90419,
17439,3.02548,
17440,3.21173,
17441,2.97567,
17442,2.99459,
17443,2.62538,
17444,2.67539,
17445,3.12193,
17446,2.79547,
17447,3.00352,
17448,2.77142,
17449,2.92709,
17450,2.76402,
17451,2.81932,
17452,2.80298,
17453,2.85179,
17454,2.79936,
17455,2.74449,
17456,2.81406,
17457,3.07279,
17458,2.69672,
17459,3.01613,
17460,2.97944,
17461,3.30908,
17462,3.31852,
17463,3.26401,
17464,3.32203,
17465,3.29431,
17466,3.34178,
17467,3.11681,
17468,2.87268,
17469,3.1441,
17470,2.96311,
17471,3.0093,
17472,3.23581,
17473,3.07793,
17474,3.16145,
17475,3.08343,
17476,2.99944,
17477,2.93907,
17478,3.0502,
17479,3.12904,
17480,3.06655,
17481,3.05357,
17482,3.03792,
17483,2.89167,
17484,3.25061,
17485,2.94687,
17486,2.92776,
17487,3.06737,
17488,3.06315,
17489,2.93883,
17490,3.37299,
17491,3.16855,
17492,3.36096,
17493,3.16164,
17494,3.28543,
17495,3.21829,
17496,3.14171,
17497,3.19625,
17498,3.11255,
17499,3.11324,
17500,3.13768,
17501,3.16808,
17502,3.10734,
17503,2.90745,
17504,3.09617,
17505,2.98964,
17506,2.98131,
17507,2.76788,
17508,2.90114,
17509,2.80231,
17510,2.95104,
17511,3.0119,
17512,2.81616,
17513,2.93496,
17514,2.85333,
17515,3.05292,
17516,2.9548,
17517,3.01813,
17518,3.10083,
17519,3.19563,
17520,3.17622,
17521,3.20015,
17522,3.17162,
17523,3.20413,
17524,3.11955,
17525,3.20427,
17526,3.19636,
17527,3.16961,
17528,3.24331,
17529,3.09254,
17530,3.072,
17531,2.84611,
17532,3.11112,
17533,3.08933,
17534,3.21968,
17535,3.10389,
17536,2.9462,
17537,3.04466,
17538,2.96149,
17539,3.01504,
17540,3.15985,
17541,3.21897,
17542,3.02481,
17543,2.95562,
17544,2.98459,
17545,3.27276,
17546,3.2061,
17547,3.25101,
17548,3.13594,
17549,3.33187,
17550,3.11982,
17551,3.18486,
17552,3.33807,
17553,3.11886,
17554,2.99699,
17555,2.93604,
17556,3.23028,
17557,3.19768,
17558,3.07037,
17559,3.09745,
17560,3.08252,
17561,3.24171,
17562,3.19216,
17563,3.37844,
17564,2.94674,
17565,3.03317,
17566,2.80176,
17567,2.98163,
17568,2.98562,
17569,3.01674,
17570,2.98074,
17571,3.19233,
17572,3.06582,
17573,3.0234,
17574,2.7731,
17575,2.9217,
17576,3.02374,
17577,3.00585,
17578,2.92896,
17579,3.36775,
17580,3.34495,
17581,3.30066,
17582,3.2348,
17583,3.13153,
17584,3.25275,
17585,2.98051,
17586,3.26114,
17587,3.35364,
17588,3.20062,
17589,3.25624,
17590,3.47746,
17591,3.55443,
17592,3.15558,
17593,3.18377,
17594,3.20847,
17595,3.30677,
17596,3.43847,
17597,3.23697,
17598,3.12312,
17599,3.08511,
17600,3.00085,
17601,3.08151,
17602,3.08274,
17603,3.10753,
17604,3.05783,
17605,2.94738,
17606,3.10656,
17607,3.52263,
17608,3.57899,
17609,3.53598,
17610,3.48674,
17611,3.47311,
17612,3.47201,
17613,3.46946,
17614,3.42543,
17615,3.41282,
17616,3.49503,
17617,3.49578,
17618,3.42288,
17619,3.37909,
17620,3.29006,
17621,3.4075,
17622,3.45214,
17623,3.40301,
17624,3.29795,
17625,3.2527,
17626,3.22407,
17627,3.47404,
17628,3.3196,
17629,3.25009,
17630,3.20947,
17631,3.20389,
17632,3.10797,
17633,3.26291,
17634,3.14323,
17635,3.14845,
17636,3.13989,
17637,2.99318,
17638,2.86295,
17639,3.14697,
17640,3.35745,
17641,3.21026,
17642,2.9444,
17643,3.13152,
17644,3.15985,
17645,3.0357,
17646,3.11979,
17647,3.17325,
17648,2.9612,
17649,3.10346,
17650,3.00089,
17651,3.00233,
17652,3.2451,
17653,3.14853,
17654,3.16016,
17655,3.17296,
17656,3.04932,
17657,2.97708,
17658,2.92313,
17659,2.98591,
17660,3.11178,
17661,3.00747,
17662,2.92456,
17663,3.15844,
17664,3.04936,
17665,2.96085,
17666,3.02013,
17667,2.89382,
17668,2.80602,
17669,3.07083,
17670,2.82613,
17671,2.83832,
17672,2.93537,
17673,3.01877,
17674,2.90815,
17675,2.85128,
17676,2.94049,
17677,2.89214,
17678,3.07673,
17679,3.05697,
17680,3.10344,
17681,3.10205,
17682,3.12512,
17683,2.96629,
17684,3.15843,
17685,2.86542,
17686,3.07045,
17687,3.03316,
17688,2.94969,
17689,3.25245,
17690,2.94709,
17691,2.90443,
17692,3.15611,
17693,2.95828,
17694,2.85229,
17695,2.95081,
17696,3.19725,
17697,2.70087,
17698,2.82777,
17699,3.064,
17700,2.8144,
17701,2.95666,
17702,2.88927,
17703,2.79884,
17704,2.74823,
17705,3.23237,
17706,3.18469,
17707,3.18848,
17708,3.12301,
17709,3.24996,
17710,3.15816,
17711,3.25748,
17712,3.13568,
17713,3.06417,
17714,3.15106,
17715,3.1162,
17716,3.12188,
17717,3.07046,
17718,3.05602,
17719,3.08131,
17720,2.81198,
17721,2.96982,
17722,3.03869,
17723,3.09031,
17724,3.07288,
17725,2.75557,
17726,2.9796,
17727,3.00843,
17728,2.87687,
17729,2.64574,
17730,2.828,
17731,2.8769,
17732,2.87207,
17733,2.90965,
17734,2.66607,
17735,2.70671,
17736,2.69528,
17737,2.89247,
17738,3.0077,
17739,3.50293,
17740,3.39298,
17741,3.24114,
17742,3.13126,
17743,3.31592,
17744,3.32411,
17745,3.09715,
17746,3.22528,
17747,3.09208,
17748,3.10267,
17749,3.02494,
17750,3.37672,
17751,3.18525,
17752,3.07978,
17753,3.26692,
17754,3.26597,
17755,3.16537,
17756,3.21304,
17757,3.08367,
17758,3.20619,
17759,3.19865,
17760,3.01122,
17761,2.99454,
17762,3.03498,
17763,3.09031,
17764,3.23849,
17765,3.18812,
17766,3.14362,
17767,3.24411,
17768,3.0775,
17769,3.14459,
17770,3.28879,
17771,3.16785,
17772,3.149,
17773,3.12973,
17774,3.15522,
17775,2.96281,
17776,3.04632,
17777,3.09128,
17778,3.22296,
17779,2.97311,
17780,3.0455,
17781,2.96173,
17782,3.18014,
17783,3.17434,
17784,3.10364,
17785,2.85392,
17786,3.07458,
17787,2.93975,
17788,2.90251,
17789,3.05754,
17790,3.15081,
17791,3.0888,
17792,2.97614,
17793,3.06488,
17794,3.12259,
17795,3.03156,
17796,3.04923,
17797,2.91349,
17798,2.95109,
17799,2.93592,
17800,3.08814,
17801,2.79629,
17802,2.80704,
17803,2.85052,
17804,2.94694,
17805,2.96505,
17806,2.90021,
17807,2.74071,
17808,2.92907,
17809,2.82449,
17810,2.99151,
17811,2.81247,
17812,2.90641,
17813,3.06968,
17814,2.98505,
17815,3.03004,
17816,2.7371,
17817,2.89859,
17818,2.85256,
17819,2.94592,
17820,3.03719,
17821,2.71605,
17822,2.82936,
17823,2.70324,
17824,2.70361,
17825,2.93208,
17826,2.96426,
17827,2.89283,
17828,2.80544,
17829,3.05739,
17830,2.90678,
17831,3.16481,
17832,3.2162,
17833,3.21537,
17834,3.1344,
17835,3.13095,
17836,3.39535,
17837,3.16997,
17838,3.0384,
17839,3.23734,
17840,3.02261,
17841,3.16025,
17842,3.2801,
17843,3.10137,
17844,3.09452,
17845,3.15091,
17846,2.89482,
17847,3.10548,
17848,3.05977,
17849,2.92348,
17850,3.04426,
17851,3.00668,
17852,2.84092,
17853,3.00067,
17854,3.03747,
17855,2.87392,
17856,2.95498,
17857,3.06977,
17858,3.22114,
17859,2.99714,
17860,3.05924,
17861,2.93756,
17862,3.3292,
17863,3.36788,
17864,3.33682,
17865,3.33705,
17866,3.38822,
17867,3.30987,
17868,3.23805,
17869,3.40802,
17870,3.25197,
17871,3.31103,
17872,3.32465,
17873,3.30253,
17874,3.17388,
17875,3.3593,
17876,3.30448,
17877,3.33986,
17878,3.35581,
17879,3.23212,
17880,3.2397,
17881,3.20885,
17882,3.29602,
17883,3.34396,
17884,3.36372,
17885,2.92245,
17886,3.02036,
17887,2.84376,
17888,2.70611,
17889,2.7503,
17890,2.70644,
17891,2.98228,
17892,2.52691,
17893,2.79792,
17894,2.75427,
17895,2.83635,
17896,2.84417,
17897,2.60751,
17898,2.65727,
17899,2.92934,
17900,3.05689,
17901,3.00284,
17902,2.7357,
17903,2.70881,
17904,3.24606,
17905,3.33166,
17906,3.23979,
17907,3.35176,
17908,3.23906,
17909,3.24723,
17910,3.17244,
17911,2.99932,
17912,3.10633,
17913,3.23488,
17914,3.09739,
17915,3.16687,
17916,3.27009,
17917,3.28757,
17918,3.13244,
17919,3.09455,
17920,2.88677,
17921,3.05516,
17922,3.04245,
17923,3.05328,
17924,2.85852,
17925,2.85652,
17926,2.77536,
17927,2.97309,
17928,2.99094,
17929,2.91351,
17930,3.1706,
17931,3.08363,
17932,3.12983,
17933,3.07781,
17934,3.25975,
17935,3.12614,
17936,2.99376,
17937,3.09587,
17938,2.85824,
17939,2.87724,
17940,2.88134,
17941,3.05086,
17942,3.17476,
17943,3.0105,
17944,2.84211,
17945,2.78732,
17946,2.72454,
17947,2.63647,
17948,2.71531,
17949,2.72973,
17950,2.97369,
17951,2.68432,
17952,2.70864,
17953,2.72601,
17954,2.97615,
17955,2.89021,
17956,3.09546,
17957,2.72841,
17958,3.24036,
17959,2.95401,
17960,3.23674,
17961,3.45813,
17962,3.1755,
17963,3.28885,
17964,3.19584,
17965,3.14642,
17966,3.24729,
17967,3.17234,
17968,3.06349,
17969,2.95022,
17970,2.9161,
17971,3.04187,
17972,3.01267,
17973,3.05813,
17974,3.11621,
17975,2.9518,
17976,3.09096,
17977,2.84609,
17978,3.149,
17979,3.10005,
17980,2.84696,
17981,2.79118,
17982,3.10631,
17983,2.78874,
17984,2.81469,
17985,2.7839,
17986,2.63285,
17987,2.66853,
17988,2.76633,
17989,3.32936,
17990,3.31399,
17991,3.43617,
17992,3.4312,
17993,3.43364,
17994,3.30069,
17995,3.06116,
17996,3.13393,
17997,3.1066,
17998,3.2257,
17999,3.46996,
18000,3.24488,
18001,3.21041,
18002,3.09027,
18003,3.00781,
18004,3.30492,
18005,3.30051,
18006,3.37412,
18007,3.10894,
18008,3.38971,
18009,3.03713,
18010,3.08721,
18011,3.07931,
18012,3.23291,
18013,3.05871,
18014,3.09157,
18015,2.99594,
18016,2.93386,
18017,3.16482,
18018,2.88943,
18019,2.92086,
18020,3.05028,
18021,3.11318,
18022,3.07156,
18023,2.97667,
18024,3.01919,
18025,2.90373,
18026,2.99183,
18027,2.85856,
18028,2.86761,
18029,2.97159,
18030,2.71139,
18031,2.80344,
18032,3.04534,
18033,2.9215,
18034,3.38049,
18035,3.38159,
18036,3.35953,
18037,3.4704,
18038,3.38779,
18039,3.28074,
18040,3.1364,
18041,3.25875,
18042,3.02107,
18043,3.03586,
18044,3.0011,
18045,3.00114,
18046,3.26661,
18047,3.21626,
18048,3.06607,
18049,3.29933,
18050,3.28091,
18051,2.89664,
18052,2.97238,
18053,3.01689,
18054,2.9177,
18055,3.05506,
18056,3.1721,
18057,3.13571,
18058,3.25318,
18059,3.36193,
18060,3.33429,
18061,2.81366,
18062,2.96106,
18063,3.17195,
18064,3.18823,
18065,3.21603,
18066,3.23974,
18067,3.32175,
18068,3.24478,
18069,3.34347,
18070,3.10305,
18071,3.11645,
18072,3.25277,
18073,2.93243,
18074,3.17267,
18075,3.18884,
18076,3.16961,
18077,3.1229,
18078,3.11034,
18079,3.35568,
18080,3.1929,
18081,3.30454,
18082,3.17473,
18083,3.282,
18084,3.23029,
18085,3.27612,
18086,3.05699,
18087,3.12729,
18088,3.0676,
18089,2.97996,
18090,3.0138,
18091,2.95519,
18092,3.09152,
18093,3.054,
18094,3.16818,
18095,2.82351,
18096,3.04749,
18097,3.23556,
18098,3.18972,
18099,3.07902,
18100,3.04256,
18101,3.18908,
18102,2.94836,
18103,3.18556,
18104,2.48058,
18105,3.25704,
18106,3.21497,
18107,3.35575,
18108,3.47784,
18109,3.64236,
18110,3.29402,
18111,3.31584,
18112,3.2159,
18113,3.33771,
18114,3.34259,
18115,3.32038,
18116,3.22708,
18117,3.0536,
18118,3.09905,
18119,3.13618,
18120,3.25647,
18121,3.04672,
18122,3.26425,
18123,3.30937,
18124,3.19997,
18125,3.15992,
18126,3.08097,
18127,3.19116,
18128,3.25696,
18129,3.22966,
18130,3.17778,
18131,3.17192,
18132,3.04841,
18133,3.2898,
18134,3.27694,
18135,3.00856,
18136,3.14991,
18137,2.97542,
18138,2.94569,
18139,2.91304,
18140,2.761,
18141,3.12495,
18142,3.13556,
18143,2.89266,
18144,2.99186,
18145,3.13726,
18146,2.95794,
18147,2.91131,
18148,2.95866,
18149,2.89038,
18150,3.07844,
18151,2.91164,
18152,2.99146,
18153,3.15172,
18154,2.9681,
18155,3.14937,
18156,3.17932,
18157,3.07389,
18158,3.06134,
18159,3.06471,
18160,3.24004,
18161,3.1073,
18162,3.0934,
18163,3.12023,
18164,3.25422,
18165,2.99557,
18166,2.80563,
18167,2.98915,
18168,2.93399,
18169,3.04285,
18170,3.03406,
18171,2.71902,
18172,3.12145,
18173,3.18956,
18174,3.10095,
18175,3.03401,
18176,2.89757,
18177,3.177,
18178,2.95695,
18179,2.69593,
18180,3.02565,
18181,3.00969,
18182,3.23316,
18183,3.05296,
18184,2.89702,
18185,3.05166,
18186,3.01432,
18187,2.92807,
18188,2.98961,
18189,3.03875,
18190,3.28192,
18191,3.17374,
18192,3.25099,
18193,3.08433,
18194,3.0664,
18195,3.05263,
18196,3.2228,
18197,3.17533,
18198,3.20013,
18199,3.18682,
18200,3.32782,
18201,3.05151,
18202,3.12254,
18203,3.08389,
18204,2.9363,
18205,3.15564,
18206,3.15742,
18207,3.25309,
18208,3.12297,
18209,2.79644,
18210,2.85661,
18211,3.03928,
18212,2.90932,
18213,2.95797,
18214,2.77726,
18215,2.95013,
18216,3.16352,
18217,3.22245,
18218,3.09496,
18219,3.22333,
18220,3.1991,
18221,3.18154,
18222,3.09326,
18223,3.20035,
18224,3.21762,
18225,3.24031,
18226,3.16608,
18227,3.16734,
18228,3.15019,
18229,3.05097,
18230,3.17146,
18231,2.81736,
18232,2.97278,
18233,3.15084,
18234,2.9875,
18235,3.07039,
18236,2.88718,
18237,2.9549,
18238,3.10776,
18239,2.87586,
18240,2.97148,
18241,2.88649,
18242,2.80361,
18243,2.99198,
18244,2.79549,
18245,2.84616,
18246,2.84446,
18247,3.00772,
18248,2.91629,
18249,3.06454,
18250,3.12728,
18251,3.04348,
18252,2.93868,
18253,2.9662,
18254,2.97674,
18255,3.03031,
18256,2.92257,
18257,3.21363,
18258,3.15704,
18259,3.10758,
18260,3.24315,
18261,3.12782,
18262,3.0089,
18263,3.11359,
18264,3.03375,
18265,3.10565,
18266,3.1075,
18267,3.22335,
18268,3.3324,
18269,3.20852,
18270,3.11947,
18271,3.08993,
18272,2.98539,
18273,3.02422,
18274,2.94424,
18275,3.01882,
18276,2.8835,
18277,3.07543,
18278,2.99046,
18279,3.12556,
18280,2.95941,
18281,3.06121,
18282,3.20486,
18283,3.22451,
18284,3.34961,
18285,2.99286,
18286,2.85268,
18287,3.08916,
18288,2.79877,
18289,3.0844,
18290,3.21316,
18291,3.3718,
18292,3.31862,
18293,3.31338,
18294,3.08023,
18295,3.29351,
18296,3.16198,
18297,3.14204,
18298,3.09739,
18299,3.27675,
18300,3.00912,
18301,3.23498,
18302,2.88951,
18303,3.25258,
18304,3.23451,
18305,3.3805,
18306,3.0939,
18307,3.17736,
18308,3.18429,
18309,2.95613,
18310,3.1825,
18311,2.90349,
18312,2.99222,
18313,3.03007,
18314,3.27374,
18315,3.23926,
18316,2.80672,
18317,3.0846,
18318,3.05439,
18319,3.14946,
18320,3.11575,
18321,3.31318,
18322,3.20307,
18323,3.0593,
18324,3.14437,
18325,3.17968,
18326,3.08003,
18327,2.94498,
18328,2.94558,
18329,3.27959,
18330,3.34489,
18331,3.30558,
18332,3.23364,
18333,3.1541,
18334,3.16273,
18335,3.02775,
18336,3.34199,
18337,3.09724,
18338,3.16268,
18339,3.14759,
18340,3.14647,
18341,3.11292,
18342,3.18839,
18343,3.14853,
18344,3.05195,
18345,3.18302,
18346,3.28851,
18347,2.97922,
18348,3.34857,
18349,3.18334,
18350,3.02048,
18351,2.96842,
18352,3.17876,
18353,3.14069,
18354,3.04405,
18355,3.06061,
18356,3.20815,
18357,2.97222,
18358,2.96986,
18359,3.07416,
18360,2.97502,
18361,3.04321,
18362,3.15089,
18363,3.22927,
18364,3.07894,
18365,3.06645,
18366,3.01189,
18367,3.16569,
18368,3.20488,
18369,2.79927,
18370,3.03088,
18371,3.04095,
18372,3.12691,
18373,3.18737,
18374,3.16846,
18375,2.92442,
18376,3.03021,
18377,3.15405,
18378,2.83789,
18379,2.9134,
18380,3.22942,
18381,3.09484,
18382,3.17617,
18383,2.93562,
18384,2.92482,
18385,3.10986,
18386,3.12045,
18387,2.98256,
18388,3.21564,
18389,3.11761,
18390,2.86306,
18391,2.9934,
18392,2.91477,
18393,3.03364,
18394,2.87175,
18395,2.97143,
18396,3.19779,
18397,3.08405,
18398,3.22387,
18399,3.28169,
18400,3.13894,
18401,3.21503,
18402,3.02871,
18403,3.10583,
18404,3.196,
18405,3.15545,
18406,3.24483,
18407,3.36793,
18408,3.47526,
18409,4.29756,
18410,3.14965,
18411,3.13623,
18412,3.20412,
18413,3.16841,
18414,3.04218,
18415,3.14007,
18416,3.10395,
18417,3.15565,
18418,3.06085,
18419,3.56351,
18420,3.10636,
18421,3.08018,
18422,2.73813,
18423,2.91256,
18424,3.1688,
18425,3.16829,
18426,3.23703,
18427,3.31208,
18428,3.1422,
18429,3.14971,
18430,3.17033,
18431,3.11193,
18432,3.38819,
18433,3.16946,
18434,3.1217,
18435,3.28092,
18436,3.29168,
18437,3.18175,
18438,3.03014,
18439,3.11896,
18440,3.10702,
18441,3.08165,
18442,3.0132,
18443,2.81331,
18444,3.16927,
18445,3.0506,
18446,2.86098,
18447,2.90476,
18448,2.99637,
18449,3.08964,
18450,3.06382,
18451,2.98658,
18452,3.09922,
18453,2.80088,
18454,3.00142,
18455,2.7738,
18456,3.13835,
18457,2.97398,
18458,2.97729,
18459,3.01901,
18460,3.00765,
18461,3.04097,
18462,3.00738,
18463,3.00321,
18464,2.86124,
18465,3.03233,
18466,2.99337,
18467,2.79311,
18468,2.86332,
18469,2.79935,
18470,3.03738,
18471,3.00133,
18472,2.98413,
18473,2.95537,
18474,3.03275,
18475,3.0728,
18476,2.81379,
18477,3.15155,
18478,2.97698,
18479,3.00603,
18480,2.98404,
18481,3.18593,
18482,3.27344,
18483,3.27569,
18484,3.02056,
18485,2.90866,
18486,3.30514,
18487,3.10256,
18488,3.11968,
18489,3.01607,
18490,2.91799,
18491,2.94891,
18492,3.13477,
18493,2.72106,
18494,2.76494,
18495,2.57002,
18496,2.85477,
18497,2.99519,
18498,3.09925,
18499,3.08313,
18500,3.07667,
18501,3.02415,
18502,2.8023,
18503,2.90462,
18504,3.0007,
18505,3.19989,
18506,2.96861,
18507,2.98253,
18508,2.61051,
18509,2.66607,
18510,3.10659,
18511,2.77831,
18512,3.01005,
18513,2.75897,
18514,2.90673,
18515,2.75187,
18516,2.80125,
18517,2.78955,
18518,2.82924,
18519,2.77994,
18520,2.73625,
18521,2.80768,
18522,3.05706,
18523,2.69336,
18524,3.00247,
18525,2.95843,
18526,3.2913,
18527,3.30077,
18528,3.24766,
18529,3.32786,
18530,3.28063,
18531,3.32074,
18532,3.10744,
18533,2.85371,
18534,3.12327,
18535,2.95205,
18536,3.00011,
18537,3.22669,
18538,3.06389,
18539,3.14014,
18540,3.05135,
18541,2.98724,
18542,2.935,
18543,3.0514,
18544,3.11549,
18545,3.05713,
18546,3.0398,
18547,3.01355,
18548,2.87859,
18549,3.24428,
18550,2.928,
18551,2.9125,
18552,3.05224,
18553,3.05443,
18554,2.93373,
18555,3.36565,
18556,3.17298,
18557,3.34421,
18558,3.14041,
18559,3.26587,
18560,3.20613,
18561,3.1342,
18562,3.16931,
18563,3.09939,
18564,3.11314,
18565,3.12103,
18566,3.16321,
18567,3.09482,
18568,2.89754,
18569,3.094,
18570,2.97604,
18571,2.964,
18572,2.75408,
18573,2.8886,
18574,2.78259,
18575,2.94526,
18576,2.99537,
18577,2.79737,
18578,2.92335,
18579,2.8478,
18580,3.04388,
18581,2.93492,
18582,3.00273,
18583,3.06417,
18584,3.16735,
18585,3.15676,
18586,3.18143,
18587,3.1503,
18588,3.19358,
18589,3.11293,
18590,3.19832,
18591,3.17282,
18592,3.15631,
18593,3.22046,
18594,3.07862,
18595,3.05109,
18596,2.82724,
18597,3.09574,
18598,3.07176,
18599,3.2082,
18600,3.09746,
18601,2.93697,
18602,3.03042,
18603,2.95322,
18604,2.98952,
18605,3.13935,
18606,3.20957,
18607,3.0003,
18608,2.93583,
18609,2.96305,
18610,3.25883,
18611,3.19377,
18612,3.22867,
18613,3.12139,
18614,3.31359,
18615,3.11339,
18616,3.17397,
18617,3.33087,
18618,3.10974,
18619,2.99169,
18620,2.92532,
18621,3.21259,
18622,3.17932,
18623,3.05831,
18624,3.08237,
18625,3.07865,
18626,3.23202,
18627,3.18493,
18628,3.37477,
18629,2.94513,
18630,3.03943,
18631,2.79321,
18632,2.96916,
18633,2.98285,
18634,3.00172,
18635,2.97503,
18636,3.17826,
18637,3.06053,
18638,3.02545,
18639,2.76607,
18640,2.91361,
18641,2.99992,
18642,3.00342,
18643,2.91389,
18644,3.34991,
18645,3.31207,
18646,3.29082,
18647,3.21668,
18648,3.11701,
18649,3.23783,
18650,2.96163,
18651,3.24206,
18652,3.35382,
18653,3.19041,
18654,3.24798,
18655,3.4732,
18656,3.54413,
18657,3.14897,
18658,3.18006,
18659,3.19118,
18660,3.29797,
18661,3.43747,
18662,3.22469,
18663,3.10236,
18664,3.08379,
18665,2.98858,
18666,3.07044,
18667,3.07421,
18668,3.09606,
18669,3.05763,
18670,2.93691,
18671,3.10357,
18672,3.51767,
18673,3.55659,
18674,3.5269,
18675,3.47441,
18676,3.46505,
18677,3.46872,
18678,3.4517,
18679,3.39285,
18680,3.39837,
18681,3.47444,
18682,3.47365,
18683,3.4029,
18684,3.38452,
18685,3.27295,
18686,3.39451,
18687,3.43312,
18688,3.38365,
18689,3.28436,
18690,3.23084,
18691,3.21161,
18692,3.45629,
18693,3.29505,
18694,3.2213,
18695,3.19099,
18696,3.19174,
18697,3.09159,
18698,3.25106,
18699,3.12862,
18700,3.12609,
18701,3.12195,
18702,2.98224,
18703,2.85291,
18704,3.14487,
18705,3.36361,
18706,3.19404,
18707,2.93038,
18708,3.11351,
18709,3.14675,
18710,3.01818,
18711,3.10987,
18712,3.16224,
18713,2.95619,
18714,3.09704,
18715,2.99002,
18716,2.9858,
18717,3.23093,
18718,3.12702,
18719,3.15231,
18720,3.14672,
18721,3.02095,
18722,2.95377,
18723,2.91155,
18724,2.96701,
18725,3.0947,
18726,2.98264,
18727,2.91397,
18728,3.14694,
18729,3.03099,
18730,2.95453,
18731,3.00162,
18732,2.869,
18733,2.79434,
18734,3.04642,
18735,2.81221,
18736,2.83024,
18737,2.91837,
18738,3.00922,
18739,2.90978,
18740,2.83675,
18741,2.92494,
18742,2.8727,
18743,3.03693,
18744,3.04786,
18745,3.08824,
18746,3.07883,
18747,3.11899,
18748,2.94902,
18749,3.15569,
18750,2.86807,
18751,3.06144,
18752,3.01959,
18753,2.93923,
18754,3.23968,
18755,2.92964,
18756,2.89166,
18757,3.13969,
18758,2.94481,
18759,2.83763,
18760,2.93297,
18761,3.18764,
18762,2.68213,
18763,2.80353,
18764,3.05562,
18765,2.80039,
18766,2.95227,
18767,2.88226,
18768,2.77456,
18769,2.7361,
18770,3.21708,
18771,3.17627,
18772,3.16302,
18773,3.08596,
18774,3.23814,
18775,3.13142,
18776,3.24962,
18777,3.13012,
18778,3.04969,
18779,3.13536,
18780,3.09915,
18781,3.10083,
18782,3.06835,
18783,3.04324,
18784,3.06365,
18785,2.79016,
18786,2.96668,
18787,3.02365,
18788,3.07781,
18789,3.05191,
18790,2.74455,
18791,2.97471,
18792,2.99447,
18793,2.87324,
18794,2.63488,
18795,2.82058,
18796,2.86466,
18797,2.83952,
18798,2.89811,
18799,2.65428,
18800,2.69902,
18801,2.67742,
18802,2.86914,
18803,2.98704,
18804,3.47693,
18805,3.3635,
18806,3.2249,
18807,3.11788,
18808,3.3038,
18809,3.30497,
18810,3.05593,
18811,3.21023,
18812,3.08758,
18813,3.08389,
18814,2.99358,
18815,3.35751,
18816,3.16363,
18817,3.05433,
18818,3.2239,
18819,3.24089,
18820,3.13616,
18821,3.196,
18822,3.05266,
18823,3.18745,
18824,3.18596,
18825,2.99343,
18826,2.97581,
18827,3.04155,
18828,3.06031,
18829,3.22964,
18830,3.17587,
18831,3.12577,
18832,3.22411,
18833,3.07146,
18834,3.13047,
18835,3.26809,
18836,3.15577,
18837,3.12586,
18838,3.10855,
18839,3.14724,
18840,2.95756,
18841,3.03595,
18842,3.07979,
18843,3.19602,
18844,2.95024,
18845,3.02621,
18846,2.95224,
18847,3.18478,
18848,3.15555,
18849,3.09765,
18850,2.83909,
18851,3.06455,
18852,2.93178,
18853,2.89018,
18854,3.05747,
18855,3.13438,
18856,3.06616,
18857,2.95585,
18858,3.05555,
18859,3.11536,
18860,3.01296,
18861,3.02475,
18862,2.89934,
18863,2.94303,
18864,2.92587,
18865,3.06767,
18866,2.77909,
18867,2.79395,
18868,2.83403,
18869,2.9293,
18870,2.95566,
18871,2.89228,
18872,2.72858,
18873,2.91389,
18874,2.84178,
18875,2.97248,
18876,2.81235,
18877,2.8921,
18878,3.04848,
18879,2.97067,
18880,3.01316,
18881,2.72357,
18882,2.88002,
18883,2.8329,
18884,2.92515,
18885,3.025,
18886,2.70967,
18887,2.81484,
18888,2.69579,
18889,2.68739,
18890,2.92061,
18891,2.94734,
18892,2.87663,
18893,2.80526,
18894,3.04058,
18895,2.89338,
18896,3.14079,
18897,3.19576,
18898,3.19313,
18899,3.12188,
18900,3.12775,
18901,3.37694,
18902,3.16481,
18903,3.02259,
18904,3.21165,
18905,3.01108,
18906,3.14614,
18907,3.2555,
18908,3.08711,
18909,3.08,
18910,3.12952,
18911,2.87341,
18912,3.10217,
18913,3.05378,
18914,2.92952,
18915,3.02934,
18916,2.9889,
18917,2.81683,
18918,2.97602,
18919,3.03126,
18920,2.8594,
18921,2.93926,
18922,3.06598,
18923,3.20482,
18924,2.96882,
18925,3.04637,
18926,2.93205,
18927,3.32215,
18928,3.35317,
18929,3.33453,
18930,3.33363,
18931,3.38097,
18932,3.29129,
18933,3.22586,
18934,3.39368,
18935,3.23857,
18936,3.30655,
18937,3.31369,
18938,3.30397,
18939,3.15704,
18940,3.36209,
18941,3.28794,
18942,3.32116,
18943,3.34372,
18944,3.21732,
18945,3.24192,
18946,3.19474,
18947,3.2871,
18948,3.3275,
18949,3.35514,
18950,2.8963,
18951,2.99555,
18952,2.82715,
18953,2.69685,
18954,2.74227,
18955,2.67691,
18956,2.96387,
18957,2.50474,
18958,2.78188,
18959,2.74442,
18960,2.82536,
18961,2.82569,
18962,2.62093,
18963,2.65343,
18964,2.91124,
18965,3.04586,
18966,2.99718,
18967,2.71831,
18968,2.68594,
18969,3.23532,
18970,3.31603,
18971,3.2172,
18972,3.34328,
18973,3.23048,
18974,3.22516,
18975,3.15234,
18976,2.97684,
18977,3.09287,
18978,3.23084,
18979,3.08545,
18980,3.16371,
18981,3.26936,
18982,3.28235,
18983,3.12648,
18984,3.07859,
18985,2.87382,
18986,3.05775,
18987,3.03338,
18988,3.04697,
18989,2.84028,
18990,2.84828,
18991,2.77405,
18992,2.95208,
18993,2.97982,
18994,2.9032,
18995,3.15046,
18996,3.06869,
18997,3.12454,
18998,3.0614,
18999,3.24821,
19000,3.11241,
19001,2.97228,
19002,3.06884,
19003,2.85113,
19004,2.88022,
19005,2.87194,
19006,3.0409,
19007,3.15797,
19008,2.98777,
19009,2.83061,
19010,2.7733,
19011,2.71848,
19012,2.63226,
19013,2.70172,
19014,2.72087,
19015,2.95939,
19016,2.68604,
19017,2.68981,
19018,2.70786,
19019,2.97896,
19020,2.87849,
19021,3.08489,
19022,2.73234,
19023,3.23275,
19024,2.94005,
19025,3.22441,
19026,3.43131,
19027,3.1496,
19028,3.27351,
19029,3.18183,
19030,3.12513,
19031,3.23109,
19032,3.15431,
19033,3.03777,
19034,2.9276,
19035,2.88465,
19036,3.03735,
19037,2.99944,
19038,3.04929,
19039,3.1026,
19040,2.94052,
19041,3.06818,
19042,2.84736,
19043,3.11906,
19044,3.08575,
19045,2.83226,
19046,2.77021,
19047,3.06922,
19048,2.76378,
19049,2.80163,
19050,2.76282,
19051,2.6032,
19052,2.65772,
19053,2.75669,
19054,3.31053,
19055,3.29455,
19056,3.40994,
19057,3.40627,
19058,3.42137,
19059,3.274,
19060,3.04555,
19061,3.12068,
19062,3.09296,
19063,3.20169,
19064,3.46689,
19065,3.23046,
19066,3.20023,
19067,3.06596,
19068,2.98991,
19069,3.27494,
19070,3.27386,
19071,3.3559,
19072,3.1013,
19073,3.38587,
19074,3.01561,
19075,3.07557,
19076,3.0642,
19077,3.21234,
19078,3.04544,
19079,3.07441,
19080,2.97188,
19081,2.92598,
19082,3.16245,
19083,2.86587,
19084,2.9107,
19085,3.035,
19086,3.10045,
19087,3.05537,
19088,2.9624,
19089,3.00334,
19090,2.8831,
19091,2.96698,
19092,2.84162,
19093,2.84507,
19094,2.96377,
19095,2.69593,
19096,2.78556,
19097,3.05859,
19098,2.92072,
19099,3.36775,
19100,3.38425,
19101,3.31759,
19102,3.4568,
19103,3.37368,
19104,3.26488,
19105,3.12333,
19106,3.22631,
19107,3.01213,
19108,3.02577,
19109,2.97564,
19110,2.98604,
19111,3.25357,
19112,3.20426,
19113,3.06852,
19114,3.27638,
19115,3.24686,
19116,2.88017,
19117,2.96732,
19118,3.02134,
19119,2.90222,
19120,3.03271,
19121,3.1459,
19122,3.11848,
19123,3.22935,
19124,3.35019,
19125,3.33387,
19126,2.80409,
19127,2.94893,
19128,3.15444,
19129,3.16291,
19130,3.18635,
19131,3.20697,
19132,3.31087,
19133,3.22665,
19134,3.32432,
19135,3.09032,
19136,3.09378,
19137,3.24432,
19138,2.92588,
19139,3.1652,
19140,3.18347,
19141,3.15459,
19142,3.12084,
19143,3.09057,
19144,3.33134,
19145,3.17743,
19146,3.27439,
19147,3.15394,
19148,3.26504,
19149,3.22347,
19150,3.25674,
19151,3.04429,
19152,3.11469,
19153,3.04927,
19154,2.96782,
19155,2.99581,
19156,2.94105,
19157,3.07924,
19158,3.03004,
19159,3.1505,
19160,2.81486,
19161,3.02778,
19162,3.21437,
19163,3.17047,
19164,3.04457,
19165,3.02893,
19166,3.17207,
19167,2.93108,
19168,3.16734,
19169,2.44791,
19170,3.24786,
19171,3.19852,
19172,3.34503,
19173,3.44815,
19174,3.62352,
19175,3.28508,
19176,3.29773,
19177,3.19882,
19178,3.32021,
19179,3.32962,
19180,3.30598,
19181,3.21707,
19182,3.03804,
19183,3.08283,
19184,3.12448,
19185,3.25001,
19186,3.03367,
19187,3.23177,
19188,3.30057,
19189,3.18912,
19190,3.15588,
19191,3.06927,
19192,3.16791,
19193,3.2485,
19194,3.2129,
19195,3.1617,
19196,3.15918,
19197,3.03268,
19198,3.27389,
19199,3.26831,
19200,2.99546,
19201,3.1313,
19202,2.96453,
19203,2.91715,
19204,2.88903,
19205,2.75705,
19206,3.10797,
19207,3.1146,
19208,2.87668,
19209,2.97891,
19210,3.12555,
19211,2.9519,
19212,2.89071,
19213,2.93594,
19214,2.87533,
19215,3.06433,
19216,2.91597,
19217,2.97575,
19218,3.14368,
19219,2.96685,
19220,3.13609,
19221,3.15684,
19222,3.06184,
19223,3.0453,
19224,3.05739,
19225,3.22455,
19226,3.09339,
19227,3.07416,
19228,3.10989,
19229,3.23752,
19230,2.97255,
19231,2.78387,
19232,2.97887,
19233,2.9234,
19234,3.03941,
19235,3.02943,
19236,2.71749,
19237,3.105,
19238,3.18662,
19239,3.08807,
19240,3.01257,
19241,2.88358,
19242,3.17413,
19243,2.94805,
19244,2.68987,
19245,3.01466,
19246,2.99622,
19247,3.21789,
19248,3.03283,
19249,2.89425,
19250,3.0521,
19251,3.00918,
19252,2.9129,
19253,2.97998,
19254,3.02356,
19255,3.25696,
19256,3.16996,
19257,3.23742,
19258,3.064,
19259,3.05967,
19260,3.02262,
19261,3.20855,
19262,3.16073,
19263,3.18407,
19264,3.17418,
19265,3.32413,
19266,3.02945,
19267,3.09748,
19268,3.06838,
19269,2.9272,
19270,3.14645,
19271,3.13974,
19272,3.24706,
19273,3.10131,
19274,2.78918,
19275,2.84227,
19276,3.02875,
19277,2.89123,
19278,2.945,
19279,2.76415,
19280,2.94444,
19281,3.15302,
19282,3.20387,
19283,3.07122,
19284,3.21326,
19285,3.17739,
19286,3.18064,
19287,3.07763,
19288,3.18885,
19289,3.20103,
19290,3.23175,
19291,3.16279,
19292,3.15538,
19293,3.1346,
19294,3.03712,
19295,3.16398,
19296,2.81831,
19297,2.95639,
19298,3.1542,
19299,2.97653,
19300,3.06646,
19301,2.86389,
19302,2.94065,
19303,3.10077,
19304,2.85402,
19305,2.96451,
19306,2.87298,
19307,2.79168,
19308,2.97443,
19309,2.77961,
19310,2.83602,
19311,2.8428,
19312,2.99659,
19313,2.92192,
19314,3.04789,
19315,3.10845,
19316,3.05021,
19317,2.92982,
19318,2.95772,
19319,2.96048,
19320,3.00256,
19321,2.92268,
19322,3.19118,
19323,3.11655,
19324,3.10592,
19325,3.22637,
19326,3.10972,
19327,3.00152,
19328,3.11058,
19329,3.01833,
19330,3.09163,
19331,3.11146,
19332,3.20954,
19333,3.31366,
19334,3.19514,
19335,3.09584,
19336,3.09062,
19337,2.98176,
19338,3.01451,
19339,2.95957,
19340,3.01444,
19341,2.8679,
19342,3.05408,
19343,2.98691,
19344,3.11904,
19345,2.94056,
19346,3.0591,
19347,3.19287,
19348,3.2211,
19349,3.33555,
19350,2.99614,
19351,2.84452,
19352,3.07168,
19353,2.79247,
19354,3.06565,
19355,3.17706,
19356,3.3485,
19357,3.30272,
19358,3.30063,
19359,3.06317,
19360,3.27363,
19361,3.15061,
19362,3.14099,
19363,3.07607,
19364,3.25695,
19365,2.99405,
19366,3.22135,
19367,2.86859,
19368,3.22555,
19369,3.21047,
19370,3.36015,
19371,3.07139,
19372,3.17462,
19373,3.17352,
19374,2.94693,
19375,3.16689,
19376,2.88067,
19377,2.98176,
19378,3.0196,
19379,3.26048,
19380,3.22718,
19381,2.79034,
19382,3.0816,
19383,3.04315,
19384,3.12904,
19385,3.10441,
19386,3.29494,
19387,3.19651,
19388,3.04679,
19389,3.13679,
19390,3.16291,
19391,3.04795,
19392,2.93495,
19393,2.93333,
19394,3.27248,
19395,3.33962,
19396,3.28009,
19397,3.22845,
19398,3.1531,
19399,3.13773,
19400,3.01907,
19401,3.3083,
19402,3.08607,
19403,3.155,
19404,3.13249,
19405,3.12955,
19406,3.09827,
19407,3.16937,
19408,3.14235,
19409,3.04317,
19410,3.15869,
19411,3.2708,
19412,2.95718,
19413,3.34245,
19414,3.17165,
19415,3.01349,
19416,2.95604,
19417,3.15107,
19418,3.12956,
19419,3.03109,
19420,3.04977,
19421,3.20554,
19422,2.96247,
19423,2.9505,
19424,3.0565,
19425,2.96654,
19426,3.02031,
19427,3.14553,
19428,3.18339,
19429,3.06341,
19430,3.04753,
19431,3.00045,
19432,3.14534,
19433,3.1979,
19434,2.78341,
19435,3.01394,
19436,3.01706,
19437,3.12149,
19438,3.17149,
19439,3.16161,
19440,2.91153,
19441,3.01827,
19442,3.14253,
19443,2.82311,
19444,2.89752,
19445,3.21152,
19446,3.07023,
19447,3.161,
19448,2.92075,
19449,2.92068,
19450,3.08936,
19451,3.09094,
19452,2.97078,
19453,3.21311,
19454,3.11024,
19455,2.84795,
19456,2.98803,
19457,2.89797,
19458,3.03422,
19459,2.86141,
19460,2.95625,
19461,3.17774,
19462,3.06106,
19463,3.21686,
19464,3.26759,
19465,3.12419,
19466,3.20623,
19467,3.00868,
19468,3.0895,
19469,3.18501,
19470,3.13834,
19471,3.22793,
19472,3.35319,
19473,3.45226,
19474,4.26951,
19475,3.13654,
19476,3.12973,
19477,3.1899,
19478,3.15737,
19479,3.01932,
19480,3.13451,
19481,3.08516,
19482,3.13706,
19483,3.05128,
19484,3.55349,
19485,3.10227,
19486,3.07024,
19487,2.73588,
19488,2.89181,
19489,3.16421,
19490,3.16549,
19491,3.22611,
19492,3.30268,
19493,3.12588,
19494,3.12916,
19495,3.15231,
19496,3.07832,
19497,3.3689,
19498,3.14138,
19499,3.11441,
19500,3.27957,
19501,3.27201,
19502,3.16188,
19503,3.01332,
19504,3.10704,
19505,3.08543,
19506,3.0645,
19507,3.01445,
19508,2.80494,
19509,3.16016,
19510,3.03707,
19511,2.86084,
19512,2.89719,
19513,2.99031,
19514,3.06385,
19515,3.05467,
19516,2.98044,
19517,3.09423,
19518,2.79318,
19519,2.98088,
19520,2.75486,
19521,3.13167,
19522,2.95915,
19523,2.96276,
19524,3.00771,
19525,2.99398,
19526,3.01257,
19527,2.99461,
19528,2.97862,
19529,2.84164,
19530,3.01901,
19531,2.98021,
19532,2.777,
19533,2.84722,
19534,2.79302,
19535,3.02765,
19536,2.99454,
19537,2.96027,
19538,2.94477,
19539,3.01607,
19540,3.06477,
19541,2.80772,
19542,3.14142,
19543,2.96067,
19544,2.99433,
19545,2.98276,
19546,3.18428,
19547,3.27059,
19548,3.25807,
19549,3.00853,
19550,2.89567,
19551,3.29121,
19552,3.09034,
19553,3.09329,
19554,3.00891,
19555,2.89614,
19556,2.93907,
19557,3.12914,
19558,2.7076,
19559,2.72885,
19560,2.57485,
19561,2.83119,
19562,2.99138,
19563,3.09507,
19564,3.05262,
19565,3.06716,
19566,3.00253,
19567,2.78986,
19568,2.88839,
19569,2.99624,
19570,3.18152,
19571,2.9497,
19572,2.97075,
19573,2.59375,
19574,2.6496,
19575,3.10479,
19576,2.78618,
19577,2.98716,
19578,2.74028,
19579,2.88716,
19580,2.73997,
19581,2.791,
19582,2.79754,
19583,2.82352,
19584,2.76934,
19585,2.72711,
19586,2.79648,
19587,3.04537,
19588,2.67596,
19589,2.99664,
19590,2.94453,
19591,3.28515,
19592,3.30433,
19593,3.23584,
19594,3.29674,
19595,3.2754,
19596,3.29726,
19597,3.0784,
19598,2.8302,
19599,3.1087,
19600,2.93589,
19601,2.98471,
19602,3.20498,
19603,3.06345,
19604,3.13717,
19605,3.04416,
19606,2.97142,
19607,2.90819,
19608,3.02165,
19609,3.10104,
19610,3.04693,
19611,3.03205,
19612,3.01168,
19613,2.86844,
19614,3.23914,
19615,2.91837,
19616,2.89409,
19617,3.0409,
19618,3.05527,
19619,2.91617,
19620,3.35085,
19621,3.1639,
19622,3.31562,
19623,3.12817,
19624,3.24608,
19625,3.18463,
19626,3.10925,
19627,3.16369,
19628,3.08893,
19629,3.09739,
19630,3.1145,
19631,3.15087,
19632,3.07772,
19633,2.8885,
19634,3.06378,
19635,2.96371,
19636,2.95975,
19637,2.74019,
19638,2.89008,
19639,2.76952,
19640,2.93134,
19641,2.98632,
19642,2.78968,
19643,2.91432,
19644,2.83276,
19645,3.02101,
19646,2.93527,
19647,2.98554,
19648,3.03353,
19649,3.14076,
19650,3.13717,
19651,3.16272,
19652,3.13493,
19653,3.17236,
19654,3.08231,
19655,3.17957,
19656,3.16201,
19657,3.13396,
19658,3.20706,
19659,3.06669,
19660,3.03115,
19661,2.81668,
19662,3.06901,
19663,3.05246,
19664,3.19066,
19665,3.06451,
19666,2.93005,
19667,3.02653,
19668,2.94037,
19669,2.99285,
19670,3.13029,
19671,3.19053,
19672,2.98256,
19673,2.9305,
19674,2.94264,
19675,3.23889,
19676,3.17973,
19677,3.2209,
19678,3.10547,
19679,3.30677,
19680,3.09633,
19681,3.15353,
19682,3.31164,
19683,3.10094,
19684,2.96312,
19685,2.93088,
19686,3.20784,
19687,3.18269,
19688,3.05201,
19689,3.06767,
19690,3.07005,
19691,3.224,
19692,3.16069,
19693,3.36621,
19694,2.93622,
19695,3.01039,
19696,2.77744,
19697,2.9424,
19698,2.96951,
19699,2.98592,
19700,2.95375,
19701,3.17118,
19702,3.0582,
19703,3.00675,
19704,2.75336,
19705,2.89968,
19706,3.00275,
19707,2.97668,
19708,2.91524,
19709,3.32864,
19710,3.29825,
19711,3.28077,
19712,3.19565,
19713,3.07277,
19714,3.23024,
19715,2.95234,
19716,3.21273,
19717,3.32498,
19718,3.17314,
19719,3.22821,
19720,3.45064,
19721,3.51727,
19722,3.12289,
19723,3.16699,
19724,3.18098,
19725,3.28591,
19726,3.42934,
19727,3.2038,
19728,3.10533,
19729,3.07032,
19730,2.97987,
19731,3.08063,
19732,3.06654,
19733,3.0889,
19734,3.03765,
19735,2.92715,
19736,3.09181,
19737,3.49773,
19738,3.54078,
19739,3.50603,
19740,3.46631,
19741,3.45524,
19742,3.44797,
19743,3.44501,
19744,3.38089,
19745,3.39749,
19746,3.46921,
19747,3.46106,
19748,3.39465,
19749,3.3668,
19750,3.26698,
19751,3.38208,
19752,3.41892,
19753,3.37679,
19754,3.27148,
19755,3.21762,
19756,3.18358,
19757,3.43958,
19758,3.28245,
19759,3.20964,
19760,3.19315,
19761,3.16894,
19762,3.06923,
19763,3.23669,
19764,3.11904,
19765,3.11266,
19766,3.11691,
19767,2.97276,
19768,2.83988,
19769,3.13038,
19770,3.33796,
19771,3.19104,
19772,2.91827,
19773,3.09505,
19774,3.1323,
19775,3.00524,
19776,3.0814,
19777,3.14524,
19778,2.92949,
19779,3.08398,
19780,2.97104,
19781,2.95404,
19782,3.23376,
19783,3.10599,
19784,3.12588,
19785,3.11736,
19786,3.00755,
19787,2.94524,
19788,2.90115,
19789,2.95157,
19790,3.09307,
19791,2.97373,
19792,2.89281,
19793,3.13442,
19794,3.02902,
19795,2.93307,
19796,2.99242,
19797,2.8592,
19798,2.78262,
19799,3.04334,
19800,2.80026,
19801,2.82424,
19802,2.91101,
19803,2.99274,
19804,2.89043,
19805,2.82473,
19806,2.91518,
19807,2.86423,
19808,3.00857,
19809,3.02836,
19810,3.07248,
19811,3.08204,
19812,3.09139,
19813,2.93683,
19814,3.13711,
19815,2.85278,
19816,3.05134,
19817,3.00947,
19818,2.9285,
19819,3.21866,
19820,2.90931,
19821,2.88202,
19822,3.12395,
19823,2.92553,
19824,2.82651,
19825,2.92679,
19826,3.17368,
19827,2.68207,
19828,2.78338,
19829,3.03447,
19830,2.80271,
19831,2.9298,
19832,2.87386,
19833,2.76128,
19834,2.72196,
19835,3.19584,
19836,3.14686,
19837,3.1498,
19838,3.07231,
19839,3.22406,
19840,3.12223,
19841,3.23418,
19842,3.10703,
19843,3.0318,
19844,3.11471,
19845,3.09617,
19846,3.09642,
19847,3.04045,
19848,3.03282,
19849,3.05225,
19850,2.77714,
19851,2.94881,
19852,3.01656,
19853,3.06236,
19854,3.03436,
19855,2.73316,
19856,2.97104,
19857,2.98897,
19858,2.85852,
19859,2.61406,
19860,2.79847,
19861,2.86002,
19862,2.8336,
19863,2.88821,
19864,2.64293,
19865,2.70292,
19866,2.67147,
19867,2.88341,
19868,2.98511,
19869,3.45202,
19870,3.34643,
19871,3.20405,
19872,3.1078,
19873,3.30717,
19874,3.28616,
19875,3.05088,
19876,3.20984,
19877,3.05927,
19878,3.06939,
19879,2.97955,
19880,3.3498,
19881,3.13567,
19882,3.04086,
19883,3.21544,
19884,3.22551,
19885,3.11716,
19886,3.19604,
19887,3.03067,
19888,3.17741,
19889,3.17029,
19890,2.98395,
19891,2.96364,
19892,3.01091,
19893,3.03558,
19894,3.21309,
19895,3.15882,
19896,3.11102,
19897,3.21668,
19898,3.04875,
19899,3.11556,
19900,3.25933,
19901,3.14189,
19902,3.11224,
19903,3.09944,
19904,3.13693,
19905,2.95173,
19906,3.02204,
19907,3.06882,
19908,3.19031,
19909,2.94434,
19910,3.01785,
19911,2.93879,
19912,3.15605,
19913,3.1437,
19914,3.07807,
19915,2.82966,
19916,3.04894,
19917,2.92694,
19918,2.88152,
19919,3.04454,
19920,3.12522,
19921,3.05642,
19922,2.93154,
19923,3.02992,
19924,3.08851,
19925,3.00438,
19926,3.01882,
19927,2.91025,
19928,2.93108,
19929,2.92131,
19930,3.05241,
19931,2.76634,
19932,2.78836,
19933,2.84301,
19934,2.91786,
19935,2.94759,
19936,2.88086,
19937,2.71717,
19938,2.89036,
19939,2.81065,
19940,2.95421,
19941,2.79329,
19942,2.88295,
19943,3.0396,
19944,2.95888,
19945,3.00473,
19946,2.70599,
19947,2.87173,
19948,2.82292,
19949,2.90981,
19950,3.0133,
19951,2.70186,
19952,2.8101,
19953,2.68719,
19954,2.67424,
19955,2.9109,
19956,2.93682,
19957,2.86579,
19958,2.78674,
19959,3.0307,
19960,2.87568,
19961,3.11666,
19962,3.1764,
19963,3.17951,
19964,3.10266,
19965,3.10661,
19966,3.37175,
19967,3.14397,
19968,3.01633,
19969,3.20793,
19970,3.00161,
19971,3.14248,
19972,3.24976,
19973,3.07901,
19974,3.07184,
19975,3.11617,
19976,2.87587,
19977,3.08634,
19978,3.04982,
19979,2.91269,
19980,3.01872,
19981,2.98027,
19982,2.80354,
19983,2.96512,
19984,3.018,
19985,2.83506,
19986,2.92598,
19987,3.04764,
19988,3.18583,
19989,2.95908,
19990,3.0258,
19991,2.92028,
19992,3.3019,
19993,3.3531,
19994,3.3192,
19995,3.3141,
19996,3.37272,
19997,3.2764,
19998,3.22019,
19999,3.38005,
20000,3.22203,
20001,3.29529,
20002,3.31271,
20003,3.29642,
20004,3.15055,
20005,3.3548,
20006,3.27558,
20007,3.3141,
20008,3.34186,
20009,3.20977,
20010,3.22196,
20011,3.18511,
20012,3.26289,
20013,3.29231,
20014,3.33559,
20015,2.86679,
20016,2.97625,
20017,2.81228,
20018,2.68298,
20019,2.71708,
20020,2.67619,
20021,2.95291,
20022,2.50106,
20023,2.78556,
20024,2.72311,
20025,2.81147,
20026,2.81922,
20027,2.60005,
20028,2.63147,
20029,2.90034,
20030,3.02245,
20031,2.97885,
20032,2.70724,
20033,2.68306,
20034,3.2201,
20035,3.29851,
20036,3.21488,
20037,3.32434,
20038,3.21502,
20039,3.20925,
20040,3.13873,
20041,2.95602,
20042,3.06541,
20043,3.21487,
20044,3.07805,
20045,3.15096,
20046,3.23908,
20047,3.27847,
20048,3.13145,
20049,3.07702,
20050,2.85665,
20051,3.04137,
20052,3.0197,
20053,3.03406,
20054,2.82606,
20055,2.8334,
20056,2.7713,
20057,2.93597,
20058,2.98433,
20059,2.88621,
20060,3.13598,
20061,3.03563,
20062,3.09694,
20063,3.0447,
20064,3.22738,
20065,3.11265,
20066,2.96079,
20067,3.06332,
20068,2.83409,
20069,2.86151,
20070,2.85993,
20071,3.02429,
20072,3.14265,
20073,2.9728,
20074,2.81414,
20075,2.76416,
20076,2.70239,
20077,2.61308,
20078,2.68703,
20079,2.71312,
20080,2.94816,
20081,2.67072,
20082,2.68093,
20083,2.69476,
20084,2.9525,
20085,2.87101,
20086,3.06268,
20087,2.72096,
20088,3.21306,
20089,2.9332,
20090,3.20299,
20091,3.41165,
20092,3.15264,
20093,3.25018,
20094,3.18055,
20095,3.10061,
20096,3.22254,
20097,3.13958,
20098,3.02468,
20099,2.91328,
20100,2.87727,
20101,3.01952,
20102,2.99011,
20103,3.02693,
20104,3.08693,
20105,2.93943,
20106,3.06518,
20107,2.81924,
20108,3.10896,
20109,3.06811,
20110,2.82865,
20111,2.75884,
20112,3.05398,
20113,2.75414,
20114,2.78484,
20115,2.76502,
20116,2.59989,
20117,2.64334,
20118,2.74717,
20119,3.2955,
20120,3.27289,
20121,3.39993,
20122,3.39162,
20123,3.40873,
20124,3.26434,
20125,3.03453,
20126,3.09535,
20127,3.07461,
20128,3.18684,
20129,3.443,
20130,3.21472,
20131,3.18911,
20132,3.06834,
20133,2.97596,
20134,3.27247,
20135,3.26577,
20136,3.34723,
20137,3.09363,
20138,3.35902,
20139,3.00487,
20140,3.07123,
20141,3.05776,
20142,3.19451,
20143,3.02609,
20144,3.06052,
20145,2.95679,
20146,2.91454,
20147,3.14629,
20148,2.86182,
20149,2.8969,
20150,3.03154,
20151,3.08019,
20152,3.04078,
20153,2.9562,
20154,2.99918,
20155,2.88062,
20156,2.9395,
20157,2.83526,
20158,2.83358,
20159,2.94663,
20160,2.6832,
20161,2.77996,
20162,3.03501,
20163,2.89082,
20164,3.34715,
20165,3.38048,
20166,3.31063,
20167,3.42429,
20168,3.35895,
20169,3.24534,
20170,3.10331,
20171,3.22222,
20172,3.00502,
20173,3.00434,
20174,2.94415,
20175,2.9699,
20176,3.25148,
20177,3.19805,
20178,3.06426,
20179,3.26042,
20180,3.2392,
20181,2.86908,
20182,2.95277,
20183,2.99884,
20184,2.89284,
20185,3.0113,
20186,3.1448,
20187,3.11274,
20188,3.22338,
20189,3.34795,
20190,3.31203,
20191,2.80185,
20192,2.93413,
20193,3.1415,
20194,3.16197,
20195,3.17108,
20196,3.20461,
20197,3.2936,
20198,3.21429,
20199,3.30871,
20200,3.0819,
20201,3.09639,
20202,3.22382,
20203,2.91231,
20204,3.15821,
20205,3.1682,
20206,3.1381,
20207,3.08988,
20208,3.08429,
20209,3.31522,
20210,3.16527,
20211,3.25065,
20212,3.13598,
20213,3.2434,
20214,3.20308,
20215,3.2352,
20216,3.02492,
20217,3.09727,
20218,3.04467,
20219,2.95656,
20220,2.98478,
20221,2.93515,
20222,3.08135,
20223,3.02769,
20224,3.14076,
20225,2.80347,
20226,3.02443,
20227,3.19847,
20228,3.15357,
20229,3.0227,
20230,2.98948,
20231,3.15494,
20232,2.91873,
20233,3.15316,
20234,2.41267,
20235,3.22913,
20236,3.18371,
20237,3.3329,
20238,3.43902,
20239,3.61145,
20240,3.26489,
20241,3.28214,
20242,3.19058,
20243,3.32047,
20244,3.31084,
20245,3.29533,
20246,3.20424,
20247,3.02267,
20248,3.08108,
20249,3.11701,
20250,3.2323,
20251,3.01631,
20252,3.21883,
20253,3.28514,
20254,3.18385,
20255,3.14451,
20256,3.06811,
20257,3.1539,
20258,3.23625,
20259,3.20237,
20260,3.1399,
20261,3.15734,
20262,3.01538,
20263,3.27572,
20264,3.2488,
20265,2.9926,
20266,3.12746,
20267,2.94164,
20268,2.90137,
20269,2.8772,
20270,2.7364,
20271,3.09805,
20272,3.0922,
20273,2.86398,
20274,2.96524,
20275,3.1155,
20276,2.93607,
20277,2.88914,
20278,2.92705,
20279,2.87671,
20280,3.0532,
20281,2.90316,
20282,2.96066,
20283,3.15244,
20284,2.94992,
20285,3.11976,
20286,3.13627,
20287,3.04352,
20288,3.01957,
20289,3.03492,
20290,3.22261,
20291,3.08233,
20292,3.05915,
20293,3.0972,
20294,3.22261,
20295,2.96392,
20296,2.78258,
20297,2.97386,
20298,2.90857,
20299,3.02469,
20300,3.01472,
20301,2.69387,
20302,3.08173,
20303,3.17185,
20304,3.09024,
20305,3.00356,
20306,2.87501,
20307,3.15259,
20308,2.9333,
20309,2.66553,
20310,3.00311,
20311,2.98319,
20312,3.20464,
20313,3.01613,
20314,2.87565,
20315,3.02134,
20316,2.97091,
20317,2.90535,
20318,2.97202,
20319,3.01203,
20320,3.24604,
20321,3.15257,
20322,3.22252,
20323,3.04923,
20324,3.03356,
20325,3.00665,
20326,3.21241,
20327,3.15754,
20328,3.17024,
20329,3.15636,
20330,3.29373,
20331,3.03153,
20332,3.08389,
20333,3.0582,
20334,2.93273,
20335,3.12756,
20336,3.12759,
20337,3.23174,
20338,3.086,
20339,2.78626,
20340,2.83669,
20341,3.04965,
20342,2.87935,
20343,2.94082,
20344,2.74946,
20345,2.92938,
20346,3.13368,
20347,3.19309,
20348,3.05417,
20349,3.18651,
20350,3.15798,
20351,3.1565,
20352,3.06017,
20353,3.18616,
20354,3.17873,
20355,3.22469,
20356,3.15019,
20357,3.14787,
20358,3.13655,
20359,3.03168,
20360,3.15491,
20361,2.7977,
20362,2.94617,
20363,3.13508,
20364,2.95952,
20365,3.06517,
20366,2.86853,
20367,2.93678,
20368,3.08505,
20369,2.84129,
20370,2.95207,
20371,2.87699,
20372,2.7853,
20373,2.96483,
20374,2.76689,
20375,2.83586,
20376,2.82773,
20377,2.99627,
20378,2.90729,
20379,3.06031,
20380,3.09929,
20381,3.03946,
20382,2.91576,
20383,2.94572,
20384,2.93532,
20385,2.9985,
20386,2.9018,
20387,3.17452,
20388,3.10123,
20389,3.09632,
20390,3.20811,
20391,3.09484,
20392,2.98509,
20393,3.09885,
20394,3.02118,
20395,3.0814,
20396,3.09675,
20397,3.20791,
20398,3.29101,
20399,3.18126,
20400,3.09818,
20401,3.06326,
20402,2.96656,
20403,3.02194,
20404,2.9233,
20405,2.99949,
20406,2.85026,
20407,3.05125,
20408,2.97433,
20409,3.10643,
20410,2.9223,
20411,3.06074,
20412,3.19767,
20413,3.20761,
20414,3.33836,
20415,2.96527,
20416,2.83746,
20417,3.06396,
20418,2.78694,
20419,3.0573,
20420,3.15781,
20421,3.33218,
20422,3.29409,
20423,3.28947,
20424,3.04975,
20425,3.25503,
20426,3.13541,
20427,3.13029,
20428,3.06714,
20429,3.22156,
20430,2.97627,
20431,3.21552,
20432,2.84722,
20433,3.21812,
20434,3.20461,
20435,3.35412,
20436,3.06333,
20437,3.16773,
20438,3.17166,
20439,2.94916,
20440,3.14953,
20441,2.86255,
20442,2.96783,
20443,3.0158,
20444,3.23488,
20445,3.2152,
20446,2.78468,
20447,3.05358,
20448,3.02558,
20449,3.12772,
20450,3.10123,
20451,3.28137,
20452,3.18151,
20453,3.03253,
20454,3.12131,
20455,3.15399,
20456,3.03116,
20457,2.92579,
20458,2.9224,
20459,3.22115,
20460,3.31694,
20461,3.28392,
20462,3.20979,
20463,3.12624,
20464,3.12012,
20465,2.99466,
20466,3.29515,
20467,3.05986,
20468,3.15614,
20469,3.12082,
20470,3.12226,
20471,3.07692,
20472,3.16491,
20473,3.12597,
20474,3.03001,
20475,3.13616,
20476,3.25696,
20477,2.93949,
20478,3.31722,
20479,3.16632,
20480,2.99357,
20481,2.94541,
20482,3.13696,
20483,3.12344,
20484,3.02762,
20485,3.0316,
20486,3.1839,
20487,2.94309,
20488,2.94398,
20489,3.04232,
20490,2.95782,
20491,3.00819,
20492,3.13048,
20493,3.18222,
20494,3.05671,
20495,3.04111,
20496,2.97085,
20497,3.13477,
20498,3.18309,
20499,2.78107,
20500,3.00485,
20501,3.00036,
20502,3.11787,
20503,3.16885,
20504,3.1365,
20505,2.90884,
20506,3.00101,
20507,3.13647,
20508,2.80123,
20509,2.88177,
20510,3.20344,
20511,3.06517,
20512,3.14862,
20513,2.91031,
20514,2.90362,
20515,3.07985,
20516,3.07422,
20517,2.94514,
20518,3.1956,
20519,3.09685,
20520,2.83203,
20521,2.96475,
20522,2.88228,
20523,3.00962,
20524,2.8607,
20525,2.94267,
20526,3.1528,
20527,3.04323,
20528,3.19431,
20529,3.25869,
20530,3.12283,
20531,3.19749,
20532,2.98026,
20533,3.07009,
20534,3.18195,
20535,3.12259,
20536,3.21229,
20537,3.34233,
20538,3.44608,
20539,4.25125,
20540,3.12935,
20541,3.11267,
20542,3.16475,
20543,3.13515,
20544,3.01557,
20545,3.12799,
20546,3.06945,
20547,3.13664,
20548,3.04492,
20549,3.53356,
20550,3.08363,
20551,3.06112,
20552,2.72471,
20553,2.88289,
20554,3.14942,
20555,3.13335,
20556,3.21686,
20557,3.2941,
20558,3.12211,
20559,3.12865,
20560,3.13406,
20561,3.09742,
20562,3.34747,
20563,3.13263,
20564,3.09998,
20565,3.25314,
20566,3.24342,
20567,3.15369,
20568,2.98338,
20569,3.08471,
20570,3.08016,
20571,3.04828,
20572,2.99411,
20573,2.77861,
20574,3.144,
20575,3.01671,
20576,2.83787,
20577,2.90018,
20578,2.97448,
20579,3.0558,
20580,3.04801,
20581,2.97685,
20582,3.0752,
20583,2.78579,
20584,2.96356,
20585,2.748,
20586,3.11569,
20587,2.94739,
20588,2.95429,
20589,2.98243,
20590,2.98315,
20591,3.00894,
20592,2.97692,
20593,2.97206,
20594,2.83035,
20595,3.01026,
20596,2.97036,
20597,2.76232,
20598,2.8336,
20599,2.78275,
20600,3.01457,
20601,2.98809,
20602,2.9405,
20603,2.9306,
20604,3.00386,
20605,3.05664,
20606,2.7958,
20607,3.12891,
20608,2.96144,
20609,2.98326,
20610,2.96345,
20611,3.1658,
20612,3.26172,
20613,3.24489,
20614,2.99413,
20615,2.90064,
20616,3.29687,
20617,3.08438,
20618,3.09511,
20619,3.00561,
20620,2.89768,
20621,2.93594,
20622,3.10895,
20623,2.68782,
20624,2.73079,
20625,2.56862,
20626,2.81989,
20627,2.98105,
20628,3.08579,
20629,3.05234,
20630,3.05414,
20631,2.99695,
20632,2.78237,
20633,2.89103,
20634,2.98113,
20635,3.1786,
20636,2.95067,
20637,2.95377,
20638,2.5815,
20639,2.64601,
20640,3.08503,
20641,2.75705,
20642,2.97693,
20643,2.72924,
20644,2.88231,
20645,2.74049,
20646,2.77006,
20647,2.7751,
20648,2.81646,
20649,2.76059,
20650,2.72704,
20651,2.77829,
20652,3.03631,
20653,2.68484,
20654,2.98539,
20655,2.92201,
20656,3.25799,
20657,3.27816,
20658,3.23518,
20659,3.28758,
20660,3.25525,
20661,3.28102,
20662,3.0571,
20663,2.82439,
20664,3.10041,
20665,2.91925,
20666,2.96408,
20667,3.19216,
20668,3.04859,
20669,3.12299,
20670,3.03435,
20671,2.96314,
20672,2.89981,
20673,3.01108,
20674,3.10846,
20675,3.04675,
20676,3.00219,
20677,2.99246,
20678,2.86674,
20679,3.22955,
20680,2.90886,
20681,2.87427,
20682,3.03438,
20683,3.04716,
20684,2.90482,
20685,3.33339,
20686,3.15449,
20687,3.28994,
20688,3.11105,
20689,3.23001,
20690,3.18114,
20691,3.10489,
20692,3.14695,
20693,3.07873,
20694,3.07594,
20695,3.10338,
20696,3.1453,
20697,3.07457,
20698,2.87774,
20699,3.05329,
20700,2.9565,
20701,2.94537,
20702,2.7256,
20703,2.87586,
20704,2.75507,
20705,2.91604,
20706,2.96883,
20707,2.77427,
20708,2.89173,
20709,2.82472,
20710,3.01035,
20711,2.91691,
20712,2.9676,
20713,2.99357,
20714,3.12974,
20715,3.12898,
20716,3.15035,
20717,3.11578,
20718,3.15323,
20719,3.07681,
20720,3.17694,
20721,3.14433,
20722,3.12692,
20723,3.19721,
20724,3.05885,
20725,3.01626,
20726,2.79244,
20727,3.05597,
20728,3.03653,
20729,3.174,
20730,3.06385,
20731,2.91157,
20732,3.00126,
20733,2.92016,
20734,2.97845,
20735,3.11304,
20736,3.17967,
20737,2.96765,
20738,2.91287,
20739,2.93671,
20740,3.21831,
20741,3.16527,
20742,3.21157,
20743,3.09994,
20744,3.27985,
20745,3.09728,
20746,3.15595,
20747,3.31408,
20748,3.08305,
20749,2.95806,
20750,2.90885,
20751,3.18965,
20752,3.17185,
20753,3.04147,
20754,3.06859,
20755,3.06203,
20756,3.22514,
20757,3.15925,
20758,3.35348,
20759,2.93312,
20760,2.99424,
20761,2.7816,
20762,2.94952,
20763,2.96081,
20764,2.96604,
20765,2.94849,
20766,3.15662,
20767,3.03717,
20768,2.99213,
20769,2.75291,
20770,2.89173,
20771,2.97881,
20772,2.96687,
20773,2.90026,
20774,3.30684,
20775,3.28954,
20776,3.2617,
20777,3.16164,
20778,3.06676,
20779,3.20489,
20780,2.92968,
20781,3.20257,
20782,3.31687,
20783,3.17583,
20784,3.21036,
20785,3.45711,
20786,3.51169,
20787,3.11639,
20788,3.16531,
20789,3.17868,
20790,3.28022,
20791,3.41271,
20792,3.20457,
20793,3.0845,
20794,3.06645,
20795,2.98557,
20796,3.06428,
20797,3.05424,
20798,3.07914,
20799,3.03813,
20800,2.90963,
20801,3.08737,
20802,3.49381,
20803,3.5341,
20804,3.50163,
20805,3.45334,
20806,3.44523,
20807,3.43444,
20808,3.42523,
20809,3.37612,
20810,3.37782,
20811,3.45436,
20812,3.43995,
20813,3.38786,
20814,3.36711,
20815,3.25231,
20816,3.36754,
20817,3.40438,
20818,3.36897,
20819,3.27157,
20820,3.21457,
20821,3.17621,
20822,3.4353,
20823,3.26404,
20824,3.18797,
20825,3.16823,
20826,3.16742,
20827,3.04785,
20828,3.2202,
20829,3.10467,
20830,3.10904,
20831,3.11405,
20832,2.95995,
20833,2.83463,
20834,3.1259,
20835,3.32729,
20836,3.1879,
20837,2.91398,
20838,3.09071,
20839,3.11447,
20840,2.99518,
20841,3.07679,
20842,3.12752,
20843,2.91962,
20844,3.05947,
20845,2.95976,
20846,2.93878,
20847,3.21792,
20848,3.09562,
20849,3.11021,
20850,3.10288,
20851,2.99718,
20852,2.93202,
20853,2.8782,
20854,2.9436,
20855,3.074,
20856,2.97665,
20857,2.88755,
20858,3.11412,
20859,3.01152,
20860,2.93854,
20861,2.98902,
20862,2.84638,
20863,2.78129,
20864,3.03176,
20865,2.77739,
20866,2.80983,
20867,2.90744,
20868,2.98923,
20869,2.87078,
20870,2.83409,
20871,2.91524,
20872,2.84954,
20873,2.99701,
20874,3.01991,
20875,3.06227,
20876,3.06676,
20877,3.08424,
20878,2.91047,
20879,3.12352,
20880,2.84191,
20881,3.03417,
20882,2.99148,
20883,2.91447,
20884,3.20443,
20885,2.9001,
20886,2.87894,
20887,3.09827,
20888,2.90857,
20889,2.80626,
20890,2.90352,
20891,3.16372,
20892,2.66642,
20893,2.77799,
20894,3.02913,
20895,2.79016,
20896,2.91769,
20897,2.85021,
20898,2.74729,
20899,2.71655,
20900,3.17438,
20901,3.12522,
20902,3.13894,
20903,3.05662,
20904,3.20723,
20905,3.10619,
20906,3.22535,
20907,3.10027,
20908,3.02318,
20909,3.11238,
20910,3.07266,
20911,3.08948,
20912,3.03447,
20913,3.02247,
20914,3.04213,
20915,2.76231,
20916,2.94429,
20917,3.00319,
20918,3.04975,
20919,3.03289,
20920,2.72507,
20921,2.96192,
20922,2.98032,
20923,2.86017,
20924,2.60755,
20925,2.7971,
20926,2.84617,
20927,2.82863,
20928,2.88186,
20929,2.62987,
20930,2.69564,
20931,2.65935,
20932,2.84862,
20933,2.96654,
20934,3.42967,
20935,3.3378,
20936,3.17863,
20937,3.09739,
20938,3.27761,
20939,3.26832,
20940,3.01908,
20941,3.18333,
20942,3.04183,
20943,3.04956,
20944,2.96504,
20945,3.34634,
20946,3.11664,
20947,3.03628,
20948,3.20974,
20949,3.22168,
20950,3.09029,
20951,3.17642,
20952,3.02523,
20953,3.16409,
20954,3.1698,
20955,2.96965,
20956,2.94556,
20957,3.0021,
20958,3.00996,
20959,3.19917,
20960,3.14554,
20961,3.08809,
20962,3.19077,
20963,3.03794,
20964,3.11029,
20965,3.2464,
20966,3.12948,
20967,3.09342,
20968,3.09813,
20969,3.11846,
20970,2.94274,
20971,3.02609,
20972,3.05107,
20973,3.17602,
20974,2.92857,
20975,3.0139,
20976,2.92948,
20977,3.14567,
20978,3.13961,
20979,3.07271,
20980,2.82274,
20981,3.05029,
20982,2.9156,
20983,2.8626,
20984,3.03887,
20985,3.11418,
20986,3.03959,
20987,2.91971,
20988,3.01605,
20989,3.07286,
20990,2.98161,
20991,3.00174,
20992,2.87955,
20993,2.92118,
20994,2.89847,
20995,3.0411,
20996,2.75904,
20997,2.77079,
20998,2.82135,
20999,2.90963,
21000,2.9422,
21001,2.86261,
21002,2.70795,
21003,2.87772,
21004,2.79661,
21005,2.94674,
21006,2.79387,
21007,2.8616,
21008,3.02849,
21009,2.94292,
21010,2.99519,
21011,2.69843,
21012,2.85987,
21013,2.80817,
21014,2.90841,
21015,3.01223,
21016,2.69781,
21017,2.79936,
21018,2.67994,
21019,2.66984,
21020,2.89546,
21021,2.92562,
21022,2.86638,
21023,2.7829,
21024,3.02268,
21025,2.86074,
21026,3.08958,
21027,3.1604,
21028,3.15433,
21029,3.0946,
21030,3.10363,
21031,3.35257,
21032,3.13906,
21033,3.00073,
21034,3.18954,
21035,2.99285,
21036,3.12982,
21037,3.22886,
21038,3.06777,
21039,3.05352,
21040,3.0895,
21041,2.84341,
21042,3.07694,
21043,3.02907,
21044,2.88505,
21045,3.00411,
21046,2.9655,
21047,2.80105,
21048,2.95802,
21049,3.00333,
21050,2.8299,
21051,2.93107,
21052,3.0303,
21053,3.18083,
21054,2.94627,
21055,3.02032,
21056,2.915,
21057,3.28713,
21058,3.33841,
21059,3.30736,
21060,3.30774,
21061,3.37524,
21062,3.26215,
21063,3.21756,
21064,3.38283,
21065,3.2109,
21066,3.28562,
21067,3.2974,
21068,3.28367,
21069,3.14465,
21070,3.33855,
21071,3.27309,
21072,3.31198,
21073,3.32408,
21074,3.212,
21075,3.22398,
21076,3.17851,
21077,3.26103,
21078,3.26708,
21079,3.31695,
21080,2.83684,
21081,2.95457,
21082,2.79839,
21083,2.66534,
21084,2.71672,
21085,2.65399,
21086,2.95824,
21087,2.50041,
21088,2.76977,
21089,2.71867,
21090,2.82128,
21091,2.81025,
21092,2.58658,
21093,2.64088,
21094,2.88422,
21095,3.01295,
21096,2.97136,
21097,2.68927,
21098,2.66177,
21099,3.21782,
21100,3.28862,
21101,3.19127,
21102,3.29537,
21103,3.20569,
21104,3.20137,
21105,3.11881,
21106,2.94799,
21107,3.06814,
21108,3.21177,
21109,3.05416,
21110,3.13827,
21111,3.2426,
21112,3.25343,
21113,3.1101,
21114,3.06315,
21115,2.85785,
21116,3.03103,
21117,3.01693,
21118,3.0229,
21119,2.80494,
21120,2.84057,
21121,2.74548,
21122,2.9199,
21123,2.96375,
21124,2.87796,
21125,3.12663,
21126,3.01962,
21127,3.08899,
21128,3.02104,
21129,3.21476,
21130,3.07278,
21131,2.93971,
21132,3.05804,
21133,2.81615,
21134,2.85561,
21135,2.84456,
21136,2.99792,
21137,3.12638,
21138,2.96655,
21139,2.79843,
21140,2.74714,
21141,2.68015,
21142,2.59598,
21143,2.66819,
21144,2.70045,
21145,2.94609,
21146,2.66049,
21147,2.67061,
21148,2.68562,
21149,2.94618,
21150,2.86272,
21151,3.05611,
21152,2.70355,
21153,3.20029,
21154,2.92718,
21155,3.20493,
21156,3.38303,
21157,3.12859,
21158,3.24606,
21159,3.14973,
21160,3.08759,
21161,3.19819,
21162,3.12069,
21163,3.01431,
21164,2.92082,
21165,2.86711,
21166,3.00862,
21167,2.96329,
21168,3.02166,
21169,3.09012,
21170,2.91566,
21171,3.05014,
21172,2.80854,
21173,3.09571,
21174,3.06492,
21175,2.81836,
21176,2.75527,
21177,3.04848,
21178,2.7412,
21179,2.77784,
21180,2.74415,
21181,2.57132,
21182,2.63072,
21183,2.7419,
21184,3.26429,
21185,3.25215,
21186,3.39486,
21187,3.38141,
21188,3.39214,
21189,3.25666,
21190,3.00336,
21191,3.07728,
21192,3.06288,
21193,3.17573,
21194,3.44412,
21195,3.19141,
21196,3.17328,
21197,3.0365,
21198,2.96814,
21199,3.26204,
21200,3.25001,
21201,3.33,
21202,3.09238,
21203,3.36044,
21204,2.99447,
21205,3.06026,
21206,3.04097,
21207,3.16691,
21208,3.00631,
21209,3.0501,
21210,2.95201,
21211,2.89847,
21212,3.12991,
21213,2.84348,
21214,2.9027,
21215,3.01103,
21216,3.06996,
21217,3.03075,
21218,2.93554,
21219,2.98708,
21220,2.85733,
21221,2.92349,
21222,2.82093,
21223,2.83444,
21224,2.93862,
21225,2.66021,
21226,2.76143,
21227,3.01421,
21228,2.88983,
21229,3.33517,
21230,3.34781,
21231,3.29125,
21232,3.41262,
21233,3.32647,
21234,3.22792,
21235,3.08834,
21236,3.2039,
21237,2.97993,
21238,2.98843,
21239,2.93759,
21240,2.94773,
21241,3.23872,
21242,3.19616,
21243,3.0496,
21244,3.25491,
21245,3.2255,
21246,2.86291,
21247,2.94447,
21248,2.99214,
21249,2.87636,
21250,3.01245,
21251,3.12191,
21252,3.105,
21253,3.20673,
21254,3.3463,
21255,3.29683,
21256,2.79187,
21257,2.92408,
21258,3.12921,
21259,3.14225,
21260,3.16237,
21261,3.17913,
21262,3.27543,
21263,3.20135,
21264,3.29966,
21265,3.06525,
21266,3.06924,
21267,3.22303,
21268,2.90124,
21269,3.15207,
21270,3.15178,
21271,3.12083,
21272,3.08382,
21273,3.0659,
21274,3.31256,
21275,3.15233,
21276,3.24221,
21277,3.11893,
21278,3.23439,
21279,3.18429,
21280,3.21887,
21281,3.01233,
21282,3.09038,
21283,3.02679,
21284,2.93956,
21285,2.97068,
21286,2.91506,
21287,3.06415,
21288,3.02193,
21289,3.13251,
21290,2.79585,
21291,3.00579,
21292,3.17618,
21293,3.14144,
21294,3.00475,
21295,2.9686,
21296,3.14996,
21297,2.91396,
21298,3.14365,
21299,2.37784,
21300,3.20893,
21301,3.1683,
21302,3.31864,
21303,3.42325,
21304,3.58645,
21305,3.23828,
21306,3.27226,
21307,3.18278,
21308,3.31748,
21309,3.30564,
21310,3.28351,
21311,3.19737,
21312,3.02132,
21313,3.06789,
21314,3.10715,
21315,3.23038,
21316,3.0089,
21317,3.20548,
21318,3.28129,
21319,3.17488,
21320,3.14113,
21321,3.0507,
21322,3.14808,
21323,3.21882,
21324,3.1828,
21325,3.13208,
21326,3.14751,
21327,3.01646,
21328,3.26996,
21329,3.24475,
21330,2.97268,
21331,3.11615,
21332,2.93477,
21333,2.89197,
21334,2.86664,
21335,2.73252,
21336,3.09862,
21337,3.07151,
21338,2.85363,
21339,2.96194,
21340,3.10595,
21341,2.92433,
21342,2.87409,
21343,2.92693,
21344,2.87367,
21345,3.03634,
21346,2.88488,
21347,2.95957,
21348,3.11622,
21349,2.9453,
21350,3.10629,
21351,3.11012,
21352,3.01463,
21353,3.00422,
21354,3.02604,
21355,3.20478,
21356,3.05923,
21357,3.05032,
21358,3.07197,
21359,3.21649,
21360,2.95392,
21361,2.77572,
21362,2.96033,
21363,2.8973,
21364,3.01733,
21365,3.01121,
21366,2.6847,
21367,3.07585,
21368,3.15921,
21369,3.07108,
21370,2.98627,
21371,2.86839,
21372,3.14276,
21373,2.92503,
21374,2.64887,
21375,3.00241,
21376,2.97233,
21377,3.19313,
21378,2.99628,
21379,2.86282,
21380,3.00386,
21381,2.96765,
21382,2.89818,
21383,2.97594,
21384,2.99102,
21385,3.2218,
21386,3.13876,
21387,3.20171,
21388,3.02386,
21389,3.01752,
21390,2.99624,
21391,3.17299,
21392,3.14787,
21393,3.13709,
21394,3.13906,
21395,3.27939,
21396,3.00314,
21397,3.06782,
21398,3.05086,
21399,2.90882,
21400,3.12407,
21401,3.12472,
21402,3.23551,
21403,3.06832,
21404,2.77429,
21405,2.82456,
21406,3.0159,
21407,2.8636,
21408,2.92642,
21409,2.74062,
21410,2.91601,
21411,3.12417,
21412,3.17129,
21413,3.03676,
21414,3.18047,
21415,3.14843,
21416,3.14816,
21417,3.03881,
21418,3.16006,
21419,3.17713,
21420,3.21616,
21421,3.1367,
21422,3.15419,
21423,3.11838,
21424,3.02357,
21425,3.14713,
21426,2.77939,
21427,2.93781,
21428,3.11839,
21429,2.95735,
21430,3.05913,
21431,2.84692,
21432,2.92037,
21433,3.08431,
21434,2.8455,
21435,2.94923,
21436,2.85966,
21437,2.77699,
21438,2.95902,
21439,2.75311,
21440,2.83035,
21441,2.82187,
21442,2.98073,
21443,2.89152,
21444,3.03309,
21445,3.0903,
21446,3.01474,
21447,2.90635,
21448,2.93108,
21449,2.92672,
21450,2.97529,
21451,2.89135,
21452,3.16974,
21453,3.07885,
21454,3.09452,
21455,3.20104,
21456,3.08976,
21457,2.96677,
21458,3.07875,
21459,3.00391,
21460,3.06903,
21461,3.07786,
21462,3.1852,
21463,3.27685,
21464,3.17444,
21465,3.0753,
21466,3.06019,
21467,2.96396,
21468,2.9925,
21469,2.90766,
21470,2.9757,
21471,2.83195,
21472,3.04194,
21473,2.95518,
21474,3.09673,
21475,2.91593,
21476,3.03129,
21477,3.17002,
21478,3.1945,
21479,3.30423,
21480,2.96003,
21481,2.81823,
21482,3.05503,
21483,2.77566,
21484,3.05043,
21485,3.12197,
21486,3.31707,
21487,3.27461,
21488,3.28463,
21489,3.02991,
21490,3.23714,
21491,3.13691,
21492,3.10469,
21493,3.04649,
21494,3.2041,
21495,2.95943,
21496,3.20744,
21497,2.82418,
21498,3.19087,
21499,3.19889,
21500,3.33852,
21501,3.04464,
21502,3.1522,
21503,3.15145,
21504,2.92796,
21505,3.13922,
21506,2.86007,
21507,2.94799,
21508,2.9994,
21509,3.24514,
21510,3.22004,
21511,2.77652,
21512,3.04519,
21513,3.00337,
21514,3.1193,
21515,3.08231,
21516,3.26761,
21517,3.16083,
21518,3.01095,
21519,3.12595,
21520,3.14296,
21521,3.01446,
21522,2.91467,
21523,2.90614,
21524,3.19405,
21525,3.29827,
21526,3.25782,
21527,3.1878,
21528,3.11711,
21529,3.10968,
21530,2.98381,
21531,3.26178,
21532,3.05197,
21533,3.13888,
21534,3.10834,
21535,3.10666,
21536,3.0623,
21537,3.15047,
21538,3.11198,
21539,3.01583,
21540,3.12759,
21541,3.25751,
21542,2.91233,
21543,3.31148,
21544,3.14826,
21545,2.99159,
21546,2.92903,
21547,3.13087,
21548,3.10822,
21549,3.01389,
21550,3.01997,
21551,3.18381,
21552,2.9382,
21553,2.93318,
21554,3.03347,
21555,2.94442,
21556,2.98266,
21557,3.12977,
21558,3.17054,
21559,3.04289,
21560,3.00863,
21561,2.95845,
21562,3.13861,
21563,3.16376,
21564,2.76198,
21565,2.98914,
21566,2.9911,
21567,3.10852,
21568,3.13752,
21569,3.1239,
21570,2.89879,
21571,2.98875,
21572,3.11508,
21573,2.79261,
21574,2.87293,
21575,3.19616,
21576,3.04158,
21577,3.12877,
21578,2.89395,
21579,2.88127,
21580,3.06059,
21581,3.06193,
21582,2.93777,
21583,3.18427,
21584,3.08128,
21585,2.82562,
21586,2.95456,
21587,2.87456,
21588,2.99572,
21589,2.84771,
21590,2.93189,
21591,3.13702,
21592,3.04383,
21593,3.18889,
21594,3.24287,
21595,3.11094,
21596,3.18142,
21597,2.97353,
21598,3.0703,
21599,3.15376,
21600,3.11513,
21601,3.20927,
21602,3.3259,
21603,3.42957,
21604,4.25279,
21605,3.11382,
21606,3.10945,
21607,3.14826,
21608,3.12338,
21609,3.01232,
21610,3.11399,
21611,3.06679,
21612,3.12112,
21613,3.03875,
21614,3.52386,
21615,3.07789,
21616,3.04958,
21617,2.71923,
21618,2.86859,
21619,3.13738,
21620,3.13589,
21621,3.21057,
21622,3.28735,
21623,3.11229,
21624,3.10063,
21625,3.1222,
21626,3.0645,
21627,3.33413,
21628,3.10169,
21629,3.08431,
21630,3.2467,
21631,3.25005,
21632,3.1362,
21633,2.96772,
21634,3.06463,
21635,3.05395,
21636,3.04585,
21637,2.988,
21638,2.77286,
21639,3.13256,
21640,3.01027,
21641,2.82614,
21642,2.8674,
21643,2.96027,
21644,3.05794,
21645,3.04932,
21646,2.95957,
21647,3.07422,
21648,2.77365,
21649,2.96173,
21650,2.72671,
21651,3.11122,
21652,2.92997,
21653,2.92841,
21654,2.95893,
21655,2.98206,
21656,2.99049,
21657,2.95924,
21658,2.93984,
21659,2.82367,
21660,2.99775,
21661,2.95243,
21662,2.76284,
21663,2.82161,
21664,2.77508,
21665,3.01308,
21666,2.98467,
21667,2.93393,
21668,2.92584,
21669,2.99868,
21670,3.04561,
21671,2.79514,
21672,3.11886,
21673,2.94235,
21674,2.97415,
21675,2.96043,
21676,3.15159,
21677,3.23601,
21678,3.22984,
21679,2.98114,
21680,2.88087,
21681,3.27465,
21682,3.0784,
21683,3.07807,
21684,2.98104,
21685,2.88888,
21686,2.92092,
21687,3.10734,
21688,2.6824,
21689,2.71206,
21690,2.55949,
21691,2.81231,
21692,2.96257,
21693,3.07871,
21694,3.03735,
21695,3.04822,
21696,2.98484,
21697,2.78118,
21698,2.88088,
21699,2.96332,
21700,3.16717,
21701,2.93851,
21702,2.9274,
21703,2.57051,
21704,2.6375,
21705,3.07953,
21706,2.75376,
21707,2.96351,
21708,2.71422,
21709,2.87158,
21710,2.72359,
21711,2.76293,
21712,2.76151,
21713,2.79773,
21714,2.74918,
21715,2.71867,
21716,2.78229,
21717,3.03028,
21718,2.6688,
21719,2.97657,
21720,2.9154,
21721,3.24641,
21722,3.26276,
21723,3.2127,
21724,3.27877,
21725,3.2377,
21726,3.25325,
21727,3.04792,
21728,2.8009,
21729,3.09425,
21730,2.91135,
21731,2.96426,
21732,3.18659,
21733,3.03167,
21734,3.12351,
21735,3.02185,
21736,2.95024,
21737,2.89681,
21738,2.99533,
21739,3.08499,
21740,3.03287,
21741,2.99326,
21742,2.98654,
21743,2.85753,
21744,3.228,
21745,2.90482,
21746,2.87113,
21747,3.02148,
21748,3.04467,
21749,2.89827,
21750,3.32152,
21751,3.13475,
21752,3.28041,
21753,3.10152,
21754,3.21447,
21755,3.16536,
21756,3.08496,
21757,3.12556,
21758,3.08166,
21759,3.08458,
21760,3.0867,
21761,3.12578,
21762,3.05994,
21763,2.87518,
21764,3.04657,
21765,2.9418,
21766,2.95738,
21767,2.72429,
21768,2.86562,
21769,2.76658,
21770,2.90667,
21771,2.96472,
21772,2.77455,
21773,2.88118,
21774,2.80684,
21775,2.99901,
21776,2.90974,
21777,2.94886,
21778,2.97967,
21779,3.10035,
21780,3.12481,
21781,3.13511,
21782,3.09966,
21783,3.15426,
21784,3.06372,
21785,3.16268,
21786,3.13192,
21787,3.11247,
21788,3.17594,
21789,3.03669,
21790,3.0088,
21791,2.78045,
21792,3.04423,
21793,3.01376,
21794,3.16035,
21795,3.04628,
21796,2.90272,
21797,2.99344,
21798,2.90799,
21799,2.97006,
21800,3.10027,
21801,3.1673,
21802,2.96054,
21803,2.90431,
21804,2.92876,
21805,3.21257,
21806,3.14567,
21807,3.19242,
21808,3.08226,
21809,3.26304,
21810,3.08464,
21811,3.11857,
21812,3.30209,
21813,3.06898,
21814,2.937,
21815,2.89318,
21816,3.16778,
21817,3.15313,
21818,3.03178,
21819,3.05365,
21820,3.05052,
21821,3.20854,
21822,3.15468,
21823,3.34968,
21824,2.92893,
21825,2.98389,
21826,2.75998,
21827,2.92853,
21828,2.94881,
21829,2.9572,
21830,2.94136,
21831,3.15969,
21832,3.03439,
21833,2.97935,
21834,2.76062,
21835,2.88114,
21836,2.97241,
21837,2.96487,
21838,2.90651,
21839,3.29353,
21840,3.26163,
21841,3.25657,
21842,3.14651,
21843,3.03481,
21844,3.19194,
21845,2.92335,
21846,3.19563,
21847,3.29802,
21848,3.15672,
21849,3.20071,
21850,3.41701,
21851,3.48614,
21852,3.09411,
21853,3.14566,
21854,3.16383,
21855,3.2733,
21856,3.38861,
21857,3.17996,
21858,3.08105,
21859,3.05758,
21860,2.96607,
21861,3.04152,
21862,3.03101,
21863,3.06621,
21864,3.01312,
21865,2.90996,
21866,3.07314,
21867,3.48025,
21868,3.51813,
21869,3.48774,
21870,3.44122,
21871,3.42661,
21872,3.42676,
21873,3.41814,
21874,3.34767,
21875,3.37762,
21876,3.45161,
21877,3.4407,
21878,3.37064,
21879,3.34995,
21880,3.25294,
21881,3.36108,
21882,3.40195,
21883,3.3553,
21884,3.24921,
21885,3.21069,
21886,3.14609,
21887,3.41942,
21888,3.24654,
21889,3.17133,
21890,3.15642,
21891,3.13963,
21892,3.02843,
21893,3.21782,
21894,3.09593,
21895,3.09917,
21896,3.10151,
21897,2.95689,
21898,2.8234,
21899,3.11539,
21900,3.32256,
21901,3.18027,
21902,2.89475,
21903,3.08049,
21904,3.10206,
21905,2.98788,
21906,3.05703,
21907,3.12959,
21908,2.89987,
21909,3.04927,
21910,2.94203,
21911,2.92836,
21912,3.21402,
21913,3.09155,
21914,3.08779,
21915,3.08746,
21916,2.99554,
21917,2.91843,
21918,2.8687,
21919,2.91874,
21920,3.06398,
21921,2.96346,
21922,2.87612,
21923,3.10706,
21924,3.00739,
21925,2.91991,
21926,2.98064,
21927,2.8455,
21928,2.76814,
21929,3.01045,
21930,2.77818,
21931,2.80834,
21932,2.89452,
21933,2.97409,
21934,2.86255,
21935,2.81396,
21936,2.90111,
21937,2.83112,
21938,2.97169,
21939,3.0001,
21940,3.05292,
21941,3.04294,
21942,3.0678,
21943,2.89091,
21944,3.11423,
21945,2.82875,
21946,3.02808,
21947,2.98487,
21948,2.89947,
21949,3.19411,
21950,2.89491,
21951,2.85828,
21952,3.07229,
21953,2.90657,
21954,2.80119,
21955,2.89223,
21956,3.16538,
21957,2.65641,
21958,2.76007,
21959,3.02741,
21960,2.77315,
21961,2.90855,
21962,2.84145,
21963,2.74809,
21964,2.70772,
21965,3.16743,
21966,3.11041,
21967,3.13881,
21968,3.03472,
21969,3.20604,
21970,3.09868,
21971,3.20762,
21972,3.08985,
21973,3.00622,
21974,3.08664,
21975,3.06813,
21976,3.08315,
21977,3.02543,
21978,3.01936,
21979,3.03188,
21980,2.76006,
21981,2.93347,
21982,3.00151,
21983,3.03937,
21984,3.02049,
21985,2.72644,
21986,2.93136,
21987,2.97464,
21988,2.8521,
21989,2.5976,
21990,2.77196,
21991,2.83789,
21992,2.81053,
21993,2.87195,
21994,2.62383,
21995,2.68282,
21996,2.6479,
21997,2.84854,
21998,2.95659,
21999,3.40661,
22000,3.33231,
22001,3.17344,
22002,3.07742,
22003,3.26196,
22004,3.25993,
22005,3.00226,
22006,3.17806,
22007,3.03051,
22008,3.03039,
22009,2.9508,
22010,3.32465,
22011,3.10796,
22012,3.01144,
22013,3.19231,
22014,3.19731,
22015,3.07432,
22016,3.17121,
22017,2.99904,
22018,3.15388,
22019,3.14437,
22020,2.95721,
22021,2.93547,
22022,2.98641,
22023,2.98531,
22024,3.18702,
22025,3.13249,
22026,3.07589,
22027,3.17273,
22028,3.03861,
22029,3.08696,
22030,3.23165,
22031,3.11888,
22032,3.08689,
22033,3.09243,
22034,3.09917,
22035,2.91826,
22036,3.01151,
22037,3.03768,
22038,3.16489,
22039,2.91858,
22040,3.00283,
22041,2.92104,
22042,3.12939,
22043,3.12496,
22044,3.08024,
22045,2.81347,
22046,3.02949,
22047,2.90999,
22048,2.84326,
22049,3.02305,
22050,3.11096,
22051,3.03394,
22052,2.90197,
22053,3.01383,
22054,3.06121,
22055,2.97251,
22056,3.00105,
22057,2.8676,
22058,2.91962,
22059,2.89041,
22060,3.0291,
22061,2.73078,
22062,2.75581,
22063,2.81194,
22064,2.90725,
22065,2.93047,
22066,2.85143,
22067,2.68607,
22068,2.87059,
22069,2.77722,
22070,2.92716,
22071,2.77251,
22072,2.85868,
22073,3.03027,
22074,2.93693,
22075,2.98326,
22076,2.68369,
22077,2.85157,
22078,2.79553,
22079,2.88083,
22080,3.00701,
22081,2.68801,
22082,2.8128,
22083,2.68606,
22084,2.66727,
22085,2.88837,
22086,2.90328,
22087,2.84289,
22088,2.77288,
22089,3.00618,
22090,2.84545,
22091,3.06752,
22092,3.14618,
22093,3.15024,
22094,3.08742,
22095,3.07958,
22096,3.34304,
22097,3.1257,
22098,2.99194,
22099,3.18341,
22100,2.98207,
22101,3.12226,
22102,3.2251,
22103,3.05382,
22104,3.03834,
22105,3.08289,
22106,2.83576,
22107,3.06936,
22108,3.01981,
22109,2.88263,
22110,2.9922,
22111,2.97223,
22112,2.78913,
22113,2.93829,
22114,3.00553,
22115,2.8137,
22116,2.89773,
22117,3.02222,
22118,3.16708,
22119,2.93908,
22120,3.00036,
22121,2.89276,
22122,3.27514,
22123,3.34264,
22124,3.30121,
22125,3.29632,
22126,3.36506,
22127,3.27645,
22128,3.21007,
22129,3.37306,
22130,3.20428,
22131,3.27497,
22132,3.2986,
22133,3.26994,
22134,3.14125,
22135,3.32903,
22136,3.2727,
22137,3.30286,
22138,3.31857,
22139,3.20531,
22140,3.20119,
22141,3.18333,
22142,3.24962,
22143,3.23593,
22144,3.30638,
22145,2.82475,
22146,2.94534,
22147,2.78297,
22148,2.65828,
22149,2.69702,
22150,2.64482,
22151,2.94665,
22152,2.49428,
22153,2.76506,
22154,2.70685,
22155,2.80451,
22156,2.79478,
22157,2.58478,
22158,2.61766,
22159,2.87838,
22160,3.00598,
22161,2.95148,
22162,2.67417,
22163,2.65045,
22164,3.20131,
22165,3.26809,
22166,3.17924,
22167,3.27875,
22168,3.18816,
22169,3.17412,
22170,3.10478,
22171,2.93144,
22172,3.04306,
22173,3.20351,
22174,3.05172,
22175,3.13152,
22176,3.2252,
22177,3.24604,
22178,3.10644,
22179,3.04297,
22180,2.83679,
22181,3.01749,
22182,3.00157,
22183,3.01269,
22184,2.79457,
22185,2.81119,
22186,2.73826,
22187,2.91079,
22188,2.96381,
22189,2.87436,
22190,3.08509,
22191,3.00281,
22192,3.06135,
22193,3.01844,
22194,3.18477,
22195,3.05979,
22196,2.92516,
22197,3.02544,
22198,2.80628,
22199,2.83767,
22200,2.82543,
22201,2.99254,
22202,3.10586,
22203,2.95671,
22204,2.78859,
22205,2.73084,
22206,2.67193,
22207,2.58247,
22208,2.65629,
22209,2.68138,
22210,2.93687,
22211,2.65812,
22212,2.66835,
22213,2.6765,
22214,2.9346,
22215,2.87491,
22216,3.04791,
22217,2.6986,
22218,3.19457,
22219,2.91584,
22220,3.17602,
22221,3.36276,
22222,3.11791,
22223,3.23957,
22224,3.13988,
22225,3.07074,
22226,3.18633,
22227,3.11417,
22228,3.01428,
22229,2.87949,
22230,2.864,
22231,2.98374,
22232,2.94775,
22233,3.00407,
22234,3.07247,
22235,2.9049,
22236,3.036,
22237,2.80877,
22238,3.08444,
22239,3.03648,
22240,2.80658,
22241,2.74285,
22242,3.02897,
22243,2.72013,
22244,2.76089,
22245,2.74497,
22246,2.56966,
22247,2.63102,
22248,2.73083,
22249,3.26235,
22250,3.23343,
22251,3.37699,
22252,3.36226,
22253,3.38082,
22254,3.23261,
22255,2.99619,
22256,3.06638,
22257,3.04888,
22258,3.16273,
22259,3.43241,
22260,3.17701,
22261,3.16476,
22262,3.03463,
22263,2.95729,
22264,3.24789,
22265,3.23862,
22266,3.32239,
22267,3.08527,
22268,3.33785,
22269,2.98244,
22270,3.04692,
22271,3.01884,
22272,3.16372,
22273,2.99237,
22274,3.04187,
22275,2.93686,
22276,2.89448,
22277,3.12273,
22278,2.82797,
22279,2.88405,
22280,3.00992,
22281,3.06171,
22282,3.03017,
22283,2.92586,
22284,2.97724,
22285,2.85775,
22286,2.89866,
22287,2.79919,
22288,2.82851,
22289,2.9269,
22290,2.66526,
22291,2.76227,
22292,3.00256,
22293,2.87227,
22294,3.31368,
22295,3.33313,
22296,3.27492,
22297,3.39757,
22298,3.30999,
22299,3.22566,
22300,3.07377,
22301,3.18759,
22302,2.97181,
22303,2.96595,
22304,2.91589,
22305,2.933,
22306,3.22761,
22307,3.17838,
22308,3.03721,
22309,3.22393,
22310,3.21931,
22311,2.8554,
22312,2.94048,
22313,2.97797,
22314,2.86074,
22315,2.99764,
22316,3.11924,
22317,3.08691,
22318,3.19328,
22319,3.31865,
22320,3.29293,
22321,2.77799,
22322,2.9158,
22323,3.11803,
22324,3.13791,
22325,3.15334,
22326,3.16219,
22327,3.26322,
22328,3.2011,
22329,3.28756,
22330,3.05377,
22331,3.05204,
22332,3.21485,
22333,2.89184,
22334,3.1284,
22335,3.14598,
22336,3.11231,
22337,3.07077,
22338,3.05882,
22339,3.29453,
22340,3.13078,
22341,3.22764,
22342,3.11316,
22343,3.23932,
22344,3.18322,
22345,3.2033,
22346,3.01079,
22347,3.07679,
22348,3.02406,
22349,2.9168,
22350,2.96484,
22351,2.91003,
22352,3.049,
22353,2.99822,
22354,3.11042,
22355,2.78924,
22356,2.99306,
22357,3.16625,
22358,3.12939,
22359,2.99301,
22360,2.95695,
22361,3.1341,
22362,2.90514,
22363,3.13222,
22364,2.34375,
22365,3.19565,
22366,3.15932,
22367,3.30423,
22368,3.41591,
22369,3.57565,
22370,3.23766,
22371,3.26456,
22372,3.15664,
22373,3.28413,
22374,3.28574,
22375,3.27409,
22376,3.18333,
22377,3.00784,
22378,3.06295,
22379,3.09283,
22380,3.21434,
22381,3.00126,
22382,3.18758,
22383,3.26706,
22384,3.16576,
22385,3.12535,
22386,3.03877,
22387,3.13023,
22388,3.19693,
22389,3.17544,
22390,3.12751,
22391,3.14493,
22392,2.99787,
22393,3.24935,
22394,3.22891,
22395,2.96374,
22396,3.10557,
22397,2.93249,
22398,2.87492,
22399,2.86155,
22400,2.72025,
22401,3.07806,
22402,3.04477,
22403,2.86295,
22404,2.94134,
22405,3.09168,
22406,2.92641,
22407,2.86942,
22408,2.90475,
22409,2.84383,
22410,3.03597,
22411,2.87451,
22412,2.94726,
22413,3.10845,
22414,2.95597,
22415,3.10833,
22416,3.09102,
22417,2.99144,
22418,2.99098,
22419,3.01931,
22420,3.18101,
22421,3.04447,
22422,3.03367,
22423,3.06433,
22424,3.19712,
22425,2.94948,
22426,2.75934,
22427,2.93783,
22428,2.88454,
22429,3.01142,
22430,2.99143,
22431,2.6988,
22432,3.06237,
22433,3.14533,
22434,3.05875,
22435,2.96989,
22436,2.85764,
22437,3.13042,
22438,2.91076,
22439,2.64671,
22440,2.98935,
22441,2.96491,
22442,3.1899,
22443,2.97796,
22444,2.85815,
22445,2.99629,
22446,2.9481,
22447,2.87749,
22448,2.95014,
22449,2.97861,
22450,3.2053,
22451,3.1214,
22452,3.18742,
22453,3.01285,
22454,2.99791,
22455,2.97375,
22456,3.15676,
22457,3.12954,
22458,3.12486,
22459,3.12346,
22460,3.27055,
22461,2.99411,
22462,3.06015,
22463,3.04228,
22464,2.89133,
22465,3.11277,
22466,3.10203,
22467,3.21688,
22468,3.0455,
22469,2.77066,
22470,2.80693,
22471,2.9973,
22472,2.85101,
22473,2.90745,
22474,2.73481,
22475,2.90284,
22476,3.11942,
22477,3.163,
22478,3.02557,
22479,3.17148,
22480,3.14956,
22481,3.13188,
22482,3.03081,
22483,3.15575,
22484,3.15578,
22485,3.20728,
22486,3.12283,
22487,3.13124,
22488,3.11947,
22489,3.01223,
22490,3.12893,
22491,2.77255,
22492,2.92883,
22493,3.10826,
22494,2.93778,
22495,3.03905,
22496,2.82463,
22497,2.91259,
22498,3.0721,
22499,2.8248,
22500,2.93483,
22501,2.85402,
22502,2.77266,
22503,2.96025,
22504,2.73907,
22505,2.81364,
22506,2.81419,
22507,2.9827,
22508,2.88431,
22509,3.02743,
22510,3.07466,
22511,3.0045,
22512,2.90292,
22513,2.92156,
22514,2.90536,
22515,2.95488,
22516,2.87295,
22517,3.14552,
22518,3.05894,
22519,3.07308,
22520,3.18596,
22521,3.067,
22522,2.96576,
22523,3.06692,
22524,2.99152,
22525,3.06125,
22526,3.07494,
22527,3.17756,
22528,3.2694,
22529,3.15361,
22530,3.07235,
22531,3.04041,
22532,2.953,
22533,2.98597,
22534,2.89555,
22535,2.96363,
22536,2.82704,
22537,3.04277,
22538,2.94398,
22539,3.08314,
22540,2.90736,
22541,3.0198,
22542,3.17048,
22543,3.17932,
22544,3.2977,
22545,2.95976,
22546,2.80615,
22547,3.04379,
22548,2.77733,
22549,3.05341,
22550,3.10157,
22551,3.30317,
22552,3.26962,
22553,3.27244,
22554,3.00636,
22555,3.22767,
22556,3.11252,
22557,3.1128,
22558,3.04464,
22559,3.20156,
22560,2.94582,
22561,3.18517,
22562,2.81242,
22563,3.18231,
22564,3.17995,
22565,3.31389,
22566,3.04006,
22567,3.14121,
22568,3.15,
22569,2.92692,
22570,3.12063,
22571,2.84529,
22572,2.94048,
22573,2.99117,
22574,3.22847,
22575,3.20998,
22576,2.76853,
22577,3.03316,
22578,2.9919,
22579,3.10422,
22580,3.07523,
22581,3.26151,
22582,3.15332,
22583,3.00368,
22584,3.10911,
22585,3.12955,
22586,2.99413,
22587,2.91356,
22588,2.90422,
22589,3.16646,
22590,3.28932,
22591,3.25476,
22592,3.17463,
22593,3.10952,
22594,3.09696,
22595,2.96133,
22596,3.2306,
22597,3.02598,
22598,3.1199,
22599,3.10402,
22600,3.08892,
22601,3.05653,
22602,3.13821,
22603,3.10673,
22604,3.01666,
22605,3.10397,
22606,3.22727,
22607,2.90294,
22608,3.30748,
22609,3.14524,
22610,2.97963,
22611,2.92813,
22612,3.1154,
22613,3.10479,
22614,2.99621,
22615,3.01118,
22616,3.1671,
22617,2.93151,
22618,2.91646,
22619,3.0237,
22620,2.93302,
22621,2.95588,
22622,3.12312,
22623,3.14967,
22624,3.04118,
22625,2.99628,
22626,2.94505,
22627,3.11858,
22628,3.15234,
22629,2.74654,
22630,2.9841,
22631,2.98623,
22632,3.10032,
22633,3.13703,
22634,3.11949,
22635,2.88945,
22636,2.97501,
22637,3.09375,
22638,2.77956,
22639,2.84833,
22640,3.18604,
22641,3.02916,
22642,3.1208,
22643,2.89478,
22644,2.88123,
22645,3.05788,
22646,3.05378,
22647,2.91649,
22648,3.1808,
22649,3.0735,
22650,2.81767,
22651,2.95256,
22652,2.86532,
22653,2.98935,
22654,2.82587,
22655,2.91834,
22656,3.13053,
22657,3.01656,
22658,3.17081,
22659,3.22887,
22660,3.10236,
22661,3.17314,
22662,2.96673,
22663,3.05443,
22664,3.14961,
22665,3.09534,
22666,3.19867,
22667,3.32685,
22668,3.41093,
22669,4.22476,
22670,3.09832,
22671,3.0982,
22672,3.13535,
22673,3.09701,
22674,3,
22675,3.11581,
22676,3.05666,
22677,3.10655,
22678,3.02679,
22679,3.51743,
22680,3.08594,
22681,3.05109,
22682,2.70348,
22683,2.85683,
22684,3.12985,
22685,3.11282,
22686,3.19809,
22687,3.28532,
22688,3.11644,
22689,3.09512,
22690,3.10654,
22691,3.0522,
22692,3.32352,
22693,3.09281,
22694,3.07917,
22695,3.24723,
22696,3.21698,
22697,3.13433,
22698,2.95644,
22699,3.04479,
22700,3.03825,
22701,3.01535,
22702,2.96573,
22703,2.76664,
22704,3.12397,
22705,2.99676,
22706,2.82642,
22707,2.86178,
22708,2.95184,
22709,3.04109,
22710,3.0381,
22711,2.94555,
22712,3.05952,
22713,2.76015,
22714,2.94847,
22715,2.71707,
22716,3.10284,
22717,2.92784,
22718,2.92065,
22719,2.93835,
22720,2.97436,
22721,2.97223,
22722,2.9457,
22723,2.92926,
22724,2.82444,
22725,2.98452,
22726,2.94186,
22727,2.7423,
22728,2.81355,
22729,2.76796,
22730,2.99261,
22731,2.97588,
22732,2.92008,
22733,2.91525,
22734,2.98178,
22735,3.03928,
22736,2.77302,
22737,3.10889,
22738,2.93264,
22739,2.96624,
22740,2.94673,
22741,3.15264,
22742,3.2357,
22743,3.21966,
22744,2.96448,
22745,2.87279,
22746,3.27955,
22747,3.06307,
22748,3.07143,
22749,2.98146,
22750,2.86961,
22751,2.90102,
22752,3.09631,
22753,2.66716,
22754,2.70051,
22755,2.54549,
22756,2.799,
22757,2.96451,
22758,3.06137,
22759,3.03382,
22760,3.04093,
22761,2.98486,
22762,2.77301,
22763,2.87843,
22764,2.9501,
22765,3.15921,
22766,2.92081,
22767,2.91809,
22768,2.55113,
22769,2.62551,
22770,3.06832,
22771,2.7497,
22772,2.97031,
22773,2.70805,
22774,2.86947,
22775,2.7137,
22776,2.75451,
22777,2.76691,
22778,2.79135,
22779,2.74735,
22780,2.71731,
22781,2.76259,
22782,3.01291,
22783,2.65791,
22784,2.96707,
22785,2.89846,
22786,3.22865,
22787,3.24668,
22788,3.20772,
22789,3.27515,
22790,3.21831,
22791,3.24,
22792,3.02539,
22793,2.79034,
22794,3.07435,
22795,2.90635,
22796,2.95007,
22797,3.17763,
22798,3.03001,
22799,3.10985,
22800,3.02746,
22801,2.93811,
22802,2.88769,
22803,2.98654,
22804,3.07361,
22805,3.02102,
22806,2.98053,
22807,2.97853,
22808,2.83526,
22809,3.21983,
22810,2.89556,
22811,2.85772,
22812,3.01833,
22813,3.03658,
22814,2.894,
22815,3.30895,
22816,3.12952,
22817,3.25737,
22818,3.08917,
22819,3.20353,
22820,3.15186,
22821,3.07179,
22822,3.10942,
22823,3.06034,
22824,3.05536,
22825,3.07888,
22826,3.11836,
22827,3.05033,
22828,2.86315,
22829,3.03382,
22830,2.94272,
22831,2.9279,
22832,2.71557,
22833,2.87029,
22834,2.74376,
22835,2.89565,
22836,2.96026,
22837,2.76037,
22838,2.87341,
22839,2.79372,
22840,2.99613,
22841,2.9181,
22842,2.94431,
22843,2.93838,
22844,3.08192,
22845,3.10683,
22846,3.13027,
22847,3.09449,
22848,3.12987,
22849,3.04192,
22850,3.1424,
22851,3.12087,
22852,3.09648,
22853,3.16078,
22854,3.03126,
22855,2.99659,
22856,2.78147,
22857,3.04156,
22858,3.00617,
22859,3.13833,
22860,3.02618,
22861,2.9025,
22862,2.98543,
22863,2.92051,
22864,2.95716,
22865,3.09456,
22866,3.15026,
22867,2.95712,
22868,2.90218,
22869,2.91726,
22870,3.20196,
22871,3.13827,
22872,3.18134,
22873,3.09027,
22874,3.25247,
22875,3.06614,
22876,3.10935,
22877,3.28019,
22878,3.06524,
22879,2.92928,
22880,2.87285,
22881,3.1571,
22882,3.14226,
22883,3.02243,
22884,3.04706,
22885,3.03972,
22886,3.20707,
22887,3.13138,
22888,3.33608,
22889,2.92703,
22890,2.98947,
22891,2.75636,
22892,2.93405,
22893,2.9586,
22894,2.95517,
22895,2.93812,
22896,3.14433,
22897,3.03383,
22898,2.97337,
22899,2.74562,
22900,2.87181,
22901,2.95231,
22902,2.95265,
22903,2.88653,
22904,3.28575,
22905,3.24835,
22906,3.24945,
22907,3.12989,
22908,3.02555,
22909,3.18702,
22910,2.89966,
22911,3.18158,
22912,3.28378,
22913,3.13698,
22914,3.18967,
22915,3.39674,
22916,3.47877,
22917,3.08502,
22918,3.13421,
22919,3.1498,
22920,3.25834,
22921,3.38261,
22922,3.1688,
22923,3.06483,
22924,3.04251,
22925,2.97527,
22926,3.03858,
22927,3.02543,
22928,3.05234,
22929,3.0137,
22930,2.89737,
22931,3.06007,
22932,3.46067,
22933,3.50388,
22934,3.48092,
22935,3.43108,
22936,3.41984,
22937,3.42539,
22938,3.41616,
22939,3.33478,
22940,3.36068,
22941,3.428,
22942,3.41732,
22943,3.362,
22944,3.34343,
22945,3.24287,
22946,3.3519,
22947,3.38592,
22948,3.34885,
22949,3.23979,
22950,3.19043,
22951,3.12454,
22952,3.39307,
22953,3.24231,
22954,3.15477,
22955,3.13333,
22956,3.13602,
22957,3.01427,
22958,3.19256,
22959,3.0653,
22960,3.08276,
22961,3.09179,
22962,2.95249,
22963,2.80759,
22964,3.12154,
22965,3.30519,
22966,3.16767,
22967,2.89391,
22968,3.06627,
22969,3.09851,
22970,2.98413,
22971,3.04732,
22972,3.10114,
22973,2.90698,
22974,3.03277,
22975,2.9272,
22976,2.90741,
22977,3.19335,
22978,3.08178,
22979,3.0852,
22980,3.0605,
22981,2.96563,
22982,2.91445,
22983,2.86099,
22984,2.90996,
22985,3.05963,
22986,2.95716,
22987,2.88179,
22988,3.08661,
22989,2.99239,
22990,2.91187,
22991,2.96603,
22992,2.81593,
22993,2.7544,
22994,3.01605,
22995,2.75991,
22996,2.80099,
22997,2.89092,
22998,2.95466,
22999,2.84924,
23000,2.81598,
23001,2.88152,
23002,2.82209,
23003,2.941,
23004,2.98817,
23005,3.04655,
23006,3.04217,
23007,3.05347,
23008,2.87588,
23009,3.10886,
23010,2.81878,
23011,3.01298,
23012,2.96813,
23013,2.891,
23014,3.18007,
23015,2.87519,
23016,2.85087,
23017,3.07055,
23018,2.89274,
23019,2.77681,
23020,2.89045,
23021,3.14439,
23022,2.66357,
23023,2.74334,
23024,3.01149,
23025,2.76327,
23026,2.90784,
23027,2.83334,
23028,2.73413,
23029,2.70231,
23030,3.14011,
23031,3.09802,
23032,3.13068,
23033,3.02024,
23034,3.18712,
23035,3.09616,
23036,3.19824,
23037,3.07639,
23038,3.00477,
23039,3.08199,
23040,3.05627,
23041,3.07071,
23042,3.01433,
23043,3.00713,
23044,3.02768,
23045,2.74937,
23046,2.92385,
23047,2.99033,
23048,3.03238,
23049,3.0104,
23050,2.71531,
23051,2.93353,
23052,2.98198,
23053,2.83925,
23054,2.58874,
23055,2.76516,
23056,2.82751,
23057,2.82485,
23058,2.87653,
23059,2.61704,
23060,2.68147,
23061,2.64273,
23062,2.84451,
23063,2.94984,
23064,3.38666,
23065,3.31553,
23066,3.16506,
23067,3.06215,
23068,3.25104,
23069,3.24364,
23070,2.98064,
23071,3.15219,
23072,3.01922,
23073,3.01977,
23074,2.93891,
23075,3.31322,
23076,3.09739,
23077,3.00886,
23078,3.19695,
23079,3.19271,
23080,3.06661,
23081,3.15149,
23082,2.9834,
23083,3.13002,
23084,3.13182,
23085,2.95712,
23086,2.92024,
23087,2.99118,
23088,2.96696,
23089,3.17367,
23090,3.1274,
23091,3.06227,
23092,3.16666,
23093,3.01343,
23094,3.07709,
23095,3.22015,
23096,3.10445,
23097,3.08714,
23098,3.06484,
23099,3.10354,
23100,2.90688,
23101,3.00588,
23102,3.03367,
23103,3.1681,
23104,2.91146,
23105,2.9968,
23106,2.91471,
23107,3.12298,
23108,3.10865,
23109,3.05264,
23110,2.81179,
23111,3.02312,
23112,2.89837,
23113,2.84008,
23114,3.00986,
23115,3.09695,
23116,3.02372,
23117,2.88146,
23118,3.00457,
23119,3.04186,
23120,2.96654,
23121,2.97794,
23122,2.84309,
23123,2.90011,
23124,2.88221,
23125,3.02985,
23126,2.71555,
23127,2.74799,
23128,2.80039,
23129,2.89661,
23130,2.91776,
23131,2.84368,
23132,2.67911,
23133,2.85055,
23134,2.77384,
23135,2.91366,
23136,2.75993,
23137,2.83955,
23138,3.01128,
23139,2.91845,
23140,2.9807,
23141,2.68162,
23142,2.84683,
23143,2.77905,
23144,2.87202,
23145,2.99722,
23146,2.67426,
23147,2.78573,
23148,2.6712,
23149,2.64104,
23150,2.87668,
23151,2.89571,
23152,2.83232,
23153,2.76693,
23154,3.00697,
23155,2.84206,
23156,3.04796,
23157,3.13569,
23158,3.12355,
23159,3.0681,
23160,3.07215,
23161,3.32244,
23162,3.10551,
23163,2.98059,
23164,3.18501,
23165,2.97782,
23166,3.11109,
23167,3.2121,
23168,3.0457,
23169,3.03632,
23170,3.07403,
23171,2.82748,
23172,3.05402,
23173,3.02518,
23174,2.86011,
23175,2.98591,
23176,2.95498,
23177,2.78453,
23178,2.93187,
23179,2.98888,
23180,2.82783,
23181,2.88993,
23182,3.00884,
23183,3.14684,
23184,2.92374,
23185,2.9918,
23186,2.89276,
23187,3.26649,
23188,3.32566,
23189,3.30084,
23190,3.28539,
23191,3.3546,
23192,3.25216,
23193,3.19607,
23194,3.36605,
23195,3.19236,
23196,3.26598,
23197,3.28501,
23198,3.27248,
23199,3.13375,
23200,3.32416,
23201,3.25818,
23202,3.29207,
23203,3.31045,
23204,3.19494,
23205,3.20972,
23206,3.1682,
23207,3.24673,
23208,3.21457,
23209,3.3072,
23210,2.79575,
23211,2.93466,
23212,2.77784,
23213,2.64205,
23214,2.69155,
23215,2.6394,
23216,2.9282,
23217,2.47437,
23218,2.74475,
23219,2.69548,
23220,2.7976,
23221,2.79143,
23222,2.56265,
23223,2.62008,
23224,2.86531,
23225,2.98518,
23226,2.94385,
23227,2.66305,
23228,2.62573,
23229,3.18515,
23230,3.25241,
23231,3.16639,
23232,3.26339,
23233,3.17413,
23234,3.1676,
23235,3.08414,
23236,2.91288,
23237,3.02118,
23238,3.18925,
23239,3.03719,
23240,3.11282,
23241,3.21992,
23242,3.24775,
23243,3.09573,
23244,3.04287,
23245,2.82306,
23246,3.00426,
23247,2.98905,
23248,2.99738,
23249,2.78355,
23250,2.80651,
23251,2.72509,
23252,2.89403,
23253,2.95575,
23254,2.86078,
23255,3.08085,
23256,2.97705,
23257,3.04266,
23258,2.98702,
23259,3.17224,
23260,3.03728,
23261,2.93072,
23262,3.01746,
23263,2.78452,
23264,2.81927,
23265,2.82129,
23266,2.97967,
23267,3.10093,
23268,2.96349,
23269,2.78257,
23270,2.72765,
23271,2.66838,
23272,2.58144,
23273,2.65819,
23274,2.66764,
23275,2.91874,
23276,2.64053,
23277,2.66708,
23278,2.67018,
23279,2.93075,
23280,2.83647,
23281,3.04098,
23282,2.69193,
23283,3.17869,
23284,2.90181,
23285,3.1719,
23286,3.34246,
23287,3.10604,
23288,3.2286,
23289,3.13449,
23290,3.06156,
23291,3.17477,
23292,3.09926,
23293,2.98788,
23294,2.87338,
23295,2.83752,
23296,2.97501,
23297,2.93695,
23298,2.99791,
23299,3.05591,
23300,2.90649,
23301,3.02705,
23302,2.80157,
23303,3.08796,
23304,3.0305,
23305,2.78777,
23306,2.73122,
23307,3.01895,
23308,2.71585,
23309,2.75947,
23310,2.74212,
23311,2.56194,
23312,2.61415,
23313,2.71903,
23314,3.22965,
23315,3.21031,
23316,3.36883,
23317,3.359,
23318,3.35855,
23319,3.21676,
23320,2.97692,
23321,3.04562,
23322,3.02675,
23323,3.14721,
23324,3.41995,
23325,3.16148,
23326,3.14495,
23327,3.01673,
23328,2.94657,
23329,3.22553,
23330,3.2323,
23331,3.30252,
23332,3.07615,
23333,3.32306,
23334,2.98768,
23335,3.03602,
23336,3.00647,
23337,3.13873,
23338,2.97494,
23339,3.02385,
23340,2.9181,
23341,2.867,
23342,3.11884,
23343,2.81962,
23344,2.86304,
23345,2.9884,
23346,3.04372,
23347,3.0208,
23348,2.91108,
23349,2.96865,
23350,2.84044,
23351,2.88107,
23352,2.7839,
23353,2.81239,
23354,2.92354,
23355,2.64889,
23356,2.74993,
23357,3.00026,
23358,2.85765,
23359,3.28734,
23360,3.31448,
23361,3.28807,
23362,3.38491,
23363,3.29055,
23364,3.20719,
23365,3.05493,
23366,3.16602,
23367,2.95171,
23368,2.96287,
23369,2.90483,
23370,2.9216,
23371,3.23606,
23372,3.16866,
23373,3.02733,
23374,3.21226,
23375,3.20024,
23376,2.84657,
23377,2.92353,
23378,2.98085,
23379,2.85042,
23380,2.99589,
23381,3.10186,
23382,3.07371,
23383,3.18668,
23384,3.29953,
23385,3.28245,
23386,2.76886,
23387,2.90707,
23388,3.11336,
23389,3.11989,
23390,3.14035,
23391,3.1624,
23392,3.26974,
23393,3.18874,
23394,3.27129,
23395,3.0604,
23396,3.05465,
23397,3.19717,
23398,2.87759,
23399,3.12381,
23400,3.13907,
23401,3.09484,
23402,3.05959,
23403,3.06821,
23404,3.27678,
23405,3.1267,
23406,3.21668,
23407,3.10314,
23408,3.2163,
23409,3.1698,
23410,3.203,
23411,3.00506,
23412,3.08366,
23413,3.01565,
23414,2.91255,
23415,2.94879,
23416,2.90269,
23417,3.04103,
23418,2.99269,
23419,3.10524,
23420,2.77427,
23421,2.98852,
23422,3.14038,
23423,3.11027,
23424,2.96457,
23425,2.94236,
23426,3.12985,
23427,2.8982,
23428,3.12603,
23429,2.31459,
23430,3.17996,
23431,3.15141,
23432,3.28108,
23433,3.40537,
23434,3.5592,
23435,3.20532,
23436,3.24409,
23437,3.14394,
23438,3.27741,
23439,3.27007,
23440,3.26158,
23441,3.17421,
23442,2.99009,
23443,3.0614,
23444,3.07999,
23445,3.20865,
23446,2.99975,
23447,3.17783,
23448,3.26352,
23449,3.1595,
23450,3.14171,
23451,3.03745,
23452,3.11473,
23453,3.18506,
23454,3.16482,
23455,3.10355,
23456,3.13451,
23457,2.98406,
23458,3.24516,
23459,3.23239,
23460,2.94905,
23461,3.09419,
23462,2.90501,
23463,2.8796,
23464,2.85336,
23465,2.71007,
23466,3.0787,
23467,3.02981,
23468,2.84992,
23469,2.93413,
23470,3.0802,
23471,2.90688,
23472,2.85359,
23473,2.90502,
23474,2.83908,
23475,3.01829,
23476,2.87011,
23477,2.94146,
23478,3.09853,
23479,2.92629,
23480,3.07631,
23481,3.07952,
23482,2.97869,
23483,2.98189,
23484,3.0005,
23485,3.17291,
23486,3.04445,
23487,3.0277,
23488,3.04746,
23489,3.1752,
23490,2.93675,
23491,2.75455,
23492,2.92185,
23493,2.8738,
23494,2.99379,
23495,2.97988,
23496,2.68019,
23497,3.05812,
23498,3.13967,
23499,3.04231,
23500,2.96765,
23501,2.85196,
23502,3.12853,
23503,2.90115,
23504,2.63191,
23505,2.99355,
23506,2.95802,
23507,3.16575,
23508,2.96346,
23509,2.84055,
23510,2.99017,
23511,2.93744,
23512,2.87832,
23513,2.93289,
23514,2.96117,
23515,3.19803,
23516,3.12453,
23517,3.16072,
23518,2.98245,
23519,2.99516,
23520,2.96593,
23521,3.14719,
23522,3.11728,
23523,3.11241,
23524,3.10899,
23525,3.25708,
23526,2.98024,
23527,3.0496,
23528,3.02727,
23529,2.88307,
23530,3.10142,
23531,3.09333,
23532,3.21051,
23533,3.03596,
23534,2.76895,
23535,2.79599,
23536,3.00262,
23537,2.8354,
23538,2.89885,
23539,2.72546,
23540,2.8911,
23541,3.11003,
23542,3.14638,
23543,3.01776,
23544,3.17167,
23545,3.11605,
23546,3.12267,
23547,3.01268,
23548,3.14591,
23549,3.13572,
23550,3.18386,
23551,3.10536,
23552,3.11975,
23553,3.10324,
23554,3.00402,
23555,3.12553,
23556,2.75414,
23557,2.90388,
23558,3.11622,
23559,2.93432,
23560,3.03883,
23561,2.81643,
23562,2.89612,
23563,3.05795,
23564,2.82503,
23565,2.92167,
23566,2.85562,
23567,2.77437,
23568,2.94783,
23569,2.74613,
23570,2.8115,
23571,2.80619,
23572,2.96129,
23573,2.87494,
23574,3.03009,
23575,3.06578,
23576,2.99538,
23577,2.8936,
23578,2.91083,
23579,2.89685,
23580,2.93517,
23581,2.85781,
23582,3.12678,
23583,3.03805,
23584,3.06285,
23585,3.17005,
23586,3.05701,
23587,2.94178,
23588,3.05494,
23589,2.97419,
23590,3.04627,
23591,3.05224,
23592,3.17528,
23593,3.26108,
23594,3.13791,
23595,3.05734,
23596,3.04928,
23597,2.95141,
23598,2.9829,
23599,2.88133,
23600,2.95463,
23601,2.81862,
23602,3.03207,
23603,2.92703,
23604,3.0719,
23605,2.90399,
23606,3.0231,
23607,3.15853,
23608,3.16782,
23609,3.28904,
23610,2.94534,
23611,2.80126,
23612,3.03223,
23613,2.76075,
23614,3.03476,
23615,3.08588,
23616,3.26816,
23617,3.2724,
23618,3.26271,
23619,2.99214,
23620,3.21399,
23621,3.09635,
23622,3.08881,
23623,3.022,
23624,3.18005,
23625,2.93087,
23626,3.18803,
23627,2.80041,
23628,3.16502,
23629,3.1692,
23630,3.30722,
23631,3.02676,
23632,3.14557,
23633,3.13697,
23634,2.90842,
23635,3.11617,
23636,2.83143,
23637,2.94507,
23638,2.9806,
23639,3.20994,
23640,3.19552,
23641,2.77347,
23642,3.03861,
23643,2.98901,
23644,3.08407,
23645,3.07668,
23646,3.24913,
23647,3.12663,
23648,2.99305,
23649,3.09269,
23650,3.14011,
23651,2.96973,
23652,2.88789,
23653,2.89226,
23654,3.14568,
23655,3.28354,
23656,3.2362,
23657,3.16172,
23658,3.10276,
23659,3.08384,
23660,2.94621,
23661,3.20806,
23662,3.01957,
23663,3.102,
23664,3.07176,
23665,3.06904,
23666,3.04232,
23667,3.13621,
23668,3.11098,
23669,3.01642,
23670,3.09903,
23671,3.21509,
23672,2.88511,
23673,3.28165,
23674,3.13246,
23675,2.97295,
23676,2.92252,
23677,3.11116,
23678,3.08507,
23679,2.97978,
23680,2.99237,
23681,3.15865,
23682,2.91946,
23683,2.90934,
23684,3.01353,
23685,2.92149,
23686,2.9456,
23687,3.11437,
23688,3.15262,
23689,3.01847,
23690,2.97431,
23691,2.93621,
23692,3.11266,
23693,3.13766,
23694,2.73761,
23695,2.98319,
23696,2.97506,
23697,3.08173,
23698,3.12088,
23699,3.10409,
23700,2.89382,
23701,2.96975,
23702,3.08602,
23703,2.7735,
23704,2.83714,
23705,3.17974,
23706,3.02551,
23707,3.10418,
23708,2.87438,
23709,2.8523,
23710,3.05131,
23711,3.03844,
23712,2.92341,
23713,3.16124,
23714,3.06278,
23715,2.81405,
23716,2.93403,
23717,2.84746,
23718,2.97253,
23719,2.83584,
23720,2.90416,
23721,3.11194,
23722,3.00121,
23723,3.15809,
23724,3.22173,
23725,3.0892,
23726,3.16909,
23727,2.9428,
23728,3.04065,
23729,3.1362,
23730,3.10094,
23731,3.18449,
23732,3.31009,
23733,3.39453,
23734,4.21371,
23735,3.09252,
23736,3.08265,
23737,3.12029,
23738,3.08608,
23739,2.98515,
23740,3.10239,
23741,3.05183,
23742,3.08842,
23743,3.00987,
23744,3.51422,
23745,3.06456,
23746,3.03813,
23747,2.69743,
23748,2.84852,
23749,3.12415,
23750,3.12087,
23751,3.18869,
23752,3.27261,
23753,3.09753,
23754,3.07409,
23755,3.0967,
23756,3.03576,
23757,3.31325,
23758,3.08456,
23759,3.05966,
23760,3.22557,
23761,3.20843,
23762,3.12437,
23763,2.94085,
23764,3.02081,
23765,3.01569,
23766,3.00709,
23767,2.95321,
23768,2.73959,
23769,3.11058,
23770,2.99145,
23771,2.81162,
23772,2.86039,
23773,2.95184,
23774,3.02243,
23775,3.02654,
23776,2.94198,
23777,3.07108,
23778,2.75954,
23779,2.9608,
23780,2.71079,
23781,3.09768,
23782,2.92456,
23783,2.9102,
23784,2.92989,
23785,2.95372,
23786,2.9629,
23787,2.92229,
23788,2.91141,
23789,2.81344,
23790,2.98135,
23791,2.93077,
23792,2.72556,
23793,2.80236,
23794,2.75656,
23795,2.98052,
23796,2.97651,
23797,2.92473,
23798,2.92258,
23799,2.98322,
23800,3.02329,
23801,2.76214,
23802,3.10553,
23803,2.923,
23804,2.9555,
23805,2.93266,
23806,3.13262,
23807,3.22922,
23808,3.20382,
23809,2.94912,
23810,2.87132,
23811,3.2696,
23812,3.05678,
23813,3.05355,
23814,2.97508,
23815,2.87188,
23816,2.89622,
23817,3.08159,
23818,2.65924,
23819,2.69505,
23820,2.53487,
23821,2.79466,
23822,2.95834,
23823,3.0599,
23824,3.01759,
23825,3.02836,
23826,2.96976,
23827,2.78265,
23828,2.86738,
23829,2.95012,
23830,3.15369,
23831,2.91509,
23832,2.90842,
23833,2.54244,
23834,2.59915,
23835,3.05587,
23836,2.7408,
23837,2.95384,
23838,2.70468,
23839,2.85542,
23840,2.7031,
23841,2.74484,
23842,2.75295,
23843,2.78151,
23844,2.73249,
23845,2.69357,
23846,2.76199,
23847,3.00895,
23848,2.65179,
23849,2.95534,
23850,2.88611,
23851,3.22366,
23852,3.24268,
23853,3.19527,
23854,3.25183,
23855,3.20771,
23856,3.21498,
23857,3.01596,
23858,2.78223,
23859,3.08325,
23860,2.891,
23861,2.92639,
23862,3.15552,
23863,3.01739,
23864,3.10408,
23865,3.00419,
23866,2.95569,
23867,2.86871,
23868,2.98436,
23869,3.06652,
23870,3.0111,
23871,2.97332,
23872,2.96993,
23873,2.82736,
23874,3.2093,
23875,2.88301,
23876,2.85141,
23877,3.00035,
23878,3.0275,
23879,2.87743,
23880,3.29594,
23881,3.1226,
23882,3.24718,
23883,3.07306,
23884,3.19,
23885,3.13619,
23886,3.05823,
23887,3.10021,
23888,3.0634,
23889,3.05428,
23890,3.07573,
23891,3.11094,
23892,3.03326,
23893,2.84937,
23894,3.03736,
23895,2.92176,
23896,2.92676,
23897,2.69462,
23898,2.84833,
23899,2.71824,
23900,2.89555,
23901,2.95571,
23902,2.74562,
23903,2.86158,
23904,2.7997,
23905,2.98677,
23906,2.88494,
23907,2.93681,
23908,2.92596,
23909,3.05834,
23910,3.09003,
23911,3.09696,
23912,3.08372,
23913,3.11632,
23914,3.02965,
23915,3.1444,
23916,3.11217,
23917,3.08812,
23918,3.1578,
23919,3.02128,
23920,2.98288,
23921,2.76192,
23922,3.01698,
23923,2.99188,
23924,3.12727,
23925,3.02235,
23926,2.89015,
23927,2.98581,
23928,2.89404,
23929,2.9502,
23930,3.07876,
23931,3.1365,
23932,2.93701,
23933,2.88384,
23934,2.89969,
23935,3.19882,
23936,3.13789,
23937,3.16521,
23938,3.05347,
23939,3.24403,
23940,3.05223,
23941,3.10537,
23942,3.27611,
23943,3.05437,
23944,2.9123,
23945,2.86243,
23946,3.14621,
23947,3.13483,
23948,3.0237,
23949,3.03574,
23950,3.0183,
23951,3.18655,
23952,3.12184,
23953,3.33549,
23954,2.91452,
23955,2.97664,
23956,2.74931,
23957,2.91496,
23958,2.93656,
23959,2.93483,
23960,2.91983,
23961,3.13439,
23962,3.0342,
23963,2.96397,
23964,2.73325,
23965,2.87502,
23966,2.94783,
23967,2.94236,
23968,2.88398,
23969,3.26574,
23970,3.23459,
23971,3.23026,
23972,3.09855,
23973,3.00624,
23974,3.17782,
23975,2.89146,
23976,3.16234,
23977,3.2704,
23978,3.13859,
23979,3.18106,
23980,3.38569,
23981,3.48053,
23982,3.08745,
23983,3.14517,
23984,3.14976,
23985,3.25494,
23986,3.36511,
23987,3.15622,
23988,3.07105,
23989,3.03967,
23990,2.94461,
23991,3.02823,
23992,3.02087,
23993,3.04714,
23994,2.99312,
23995,2.8832,
23996,3.06272,
23997,3.45308,
23998,3.49321,
23999,3.4728,
24000,3.4208,
24001,3.41826,
24002,3.41234,
24003,3.39253,
24004,3.32784,
24005,3.35758,
24006,3.42177,
24007,3.41049,
24008,3.35335,
24009,3.34379,
24010,3.23679,
24011,3.34466,
24012,3.37756,
24013,3.34325,
24014,3.24256,
24015,3.19616,
24016,3.10613,
24017,3.38916,
24018,3.22267,
24019,3.14121,
24020,3.13462,
24021,3.12158,
24022,3.00938,
24023,3.17758,
24024,3.04845,
24025,3.0826,
24026,3.08075,
24027,2.92798,
24028,2.7984,
24029,3.10522,
24030,3.29983,
24031,3.15528,
24032,2.88371,
24033,3.05139,
24034,3.08428,
24035,2.9773,
24036,3.0416,
24037,3.1002,
24038,2.88918,
24039,3.01106,
24040,2.91588,
24041,2.89244,
24042,3.19276,
24043,3.05689,
24044,3.05494,
24045,3.0492,
24046,2.96256,
24047,2.90594,
24048,2.855,
24049,2.90148,
24050,3.05473,
24051,2.95164,
24052,2.85721,
24053,3.0777,
24054,2.9818,
24055,2.90363,
24056,2.96987,
24057,2.79897,
24058,2.76241,
24059,2.99549,
24060,2.74199,
24061,2.79437,
24062,2.87484,
24063,2.95803,
24064,2.83823,
24065,2.79791,
24066,2.89587,
24067,2.80908,
24068,2.92316,
24069,2.97942,
24070,3.02864,
24071,3.01423,
24072,3.04298,
24073,2.86376,
24074,3.08506,
24075,2.80799,
24076,2.99619,
24077,2.96234,
24078,2.88329,
24079,3.1616,
24080,2.87729,
24081,2.83812,
24082,3.04535,
24083,2.88112,
24084,2.76762,
24085,2.88007,
24086,3.15899,
24087,2.65238,
24088,2.73391,
24089,2.99114,
24090,2.76094,
24091,2.8954,
24092,2.83329,
24093,2.72409,
24094,2.6902,
24095,3.13136,
24096,3.08477,
24097,3.11121,
24098,3.019,
24099,3.18166,
24100,3.07987,
24101,3.18035,
24102,3.06998,
24103,2.98321,
24104,3.0719,
24105,3.0419,
24106,3.05721,
24107,3.00781,
24108,3.02893,
24109,3.01893,
24110,2.73229,
24111,2.92073,
24112,2.98152,
24113,3.04434,
24114,3.00061,
24115,2.71112,
24116,2.91538,
24117,2.96397,
24118,2.83175,
24119,2.58612,
24120,2.75962,
24121,2.8286,
24122,2.80207,
24123,2.85685,
24124,2.60405,
24125,2.68408,
24126,2.63889,
24127,2.82251,
24128,2.94198,
24129,3.36904,
24130,3.30334,
24131,3.14485,
24132,3.06514,
24133,3.2437,
24134,3.23801,
24135,2.9647,
24136,3.13058,
24137,3.00312,
24138,3.01246,
24139,2.94045,
24140,3.29965,
24141,3.07461,
24142,3.00242,
24143,3.17177,
24144,3.17855,
24145,3.05577,
24146,3.13614,
24147,2.9661,
24148,3.11861,
24149,3.121,
24150,2.94487,
24151,2.9172,
24152,2.96864,
24153,2.95407,
24154,3.16347,
24155,3.11333,
24156,3.04362,
24157,3.1468,
24158,3.00273,
24159,3.06767,
24160,3.21868,
24161,3.11418,
24162,3.05988,
24163,3.038,
24164,3.08522,
24165,2.89838,
24166,2.99581,
24167,3.02899,
24168,3.16493,
24169,2.9023,
24170,2.98064,
24171,2.90141,
24172,3.11377,
24173,3.09872,
24174,3.04577,
24175,2.81435,
24176,3.01225,
24177,2.89834,
24178,2.83138,
24179,3.00768,
24180,3.10375,
24181,3.01618,
24182,2.86873,
24183,2.9867,
24184,3.02961,
24185,2.95884,
24186,2.97139,
24187,2.83362,
24188,2.90754,
24189,2.87487,
24190,3.01646,
24191,2.70033,
24192,2.73195,
24193,2.79859,
24194,2.88713,
24195,2.92026,
24196,2.82931,
24197,2.67616,
24198,2.84233,
24199,2.757,
24200,2.89981,
24201,2.7624,
24202,2.82836,
24203,3.0028,
24204,2.90842,
24205,2.96279,
24206,2.68368,
24207,2.8314,
24208,2.77288,
24209,2.86152,
24210,2.98248,
24211,2.67103,
24212,2.78285,
24213,2.67222,
24214,2.63292,
24215,2.86194,
24216,2.87484,
24217,2.82502,
24218,2.74646,
24219,2.99409,
24220,2.82133,
24221,3.03136,
24222,3.11657,
24223,3.11261,
24224,3.05523,
24225,3.06117,
24226,3.31167,
24227,3.09402,
24228,2.96991,
24229,3.16967,
24230,2.96362,
24231,3.10724,
24232,3.19927,
24233,3.04101,
24234,3.02471,
24235,3.06138,
24236,2.81933,
24237,3.04753,
24238,2.99981,
24239,2.85346,
24240,2.9796,
24241,2.93843,
24242,2.77327,
24243,2.9243,
24244,2.97623,
24245,2.80777,
24246,2.88859,
24247,2.99468,
24248,3.13314,
24249,2.91806,
24250,2.99584,
24251,2.89982,
24252,3.25871,
24253,3.3215,
24254,3.29701,
24255,3.28093,
24256,3.36542,
24257,3.24771,
24258,3.19017,
24259,3.35361,
24260,3.19056,
24261,3.26533,
24262,3.28444,
24263,3.27386,
24264,3.13056,
24265,3.31187,
24266,3.25681,
24267,3.28892,
24268,3.32248,
24269,3.18871,
24270,3.18929,
24271,3.14563,
24272,3.24011,
24273,3.19359,
24274,3.28703,
24275,2.78917,
24276,2.89718,
24277,2.76705,
24278,2.64682,
24279,2.68518,
24280,2.6252,
24281,2.92196,
24282,2.46852,
24283,2.73722,
24284,2.68809,
24285,2.79832,
24286,2.79085,
24287,2.56476,
24288,2.61571,
24289,2.85601,
24290,2.98312,
24291,2.93512,
24292,2.66287,
24293,2.61894,
24294,3.1792,
24295,3.25409,
24296,3.15892,
24297,3.25065,
24298,3.16299,
24299,3.15275,
24300,3.07698,
24301,2.9034,
24302,3.02036,
24303,3.174,
24304,3.01853,
24305,3.09889,
24306,3.20561,
24307,3.237,
24308,3.09526,
24309,3.02328,
24310,2.82403,
24311,3.0061,
24312,2.99152,
24313,2.98678,
24314,2.77655,
24315,2.79499,
24316,2.71129,
24317,2.88317,
24318,2.94525,
24319,2.85253,
24320,3.06246,
24321,2.95629,
24322,3.02955,
24323,2.97109,
24324,3.1568,
24325,3.00869,
24326,2.89877,
24327,3.01996,
24328,2.77715,
24329,2.82317,
24330,2.81267,
24331,2.96006,
24332,3.08718,
24333,2.95266,
24334,2.78025,
24335,2.73415,
24336,2.64884,
24337,2.56863,
24338,2.63647,
24339,2.66037,
24340,2.91093,
24341,2.62206,
24342,2.65964,
24343,2.66044,
24344,2.91924,
24345,2.84365,
24346,3.02584,
24347,2.68393,
24348,3.17855,
24349,2.89984,
24350,3.15214,
24351,3.32626,
24352,3.08797,
24353,3.23122,
24354,3.10483,
24355,3.05176,
24356,3.15788,
24357,3.0897,
24358,2.97015,
24359,2.86343,
24360,2.81872,
24361,2.96162,
24362,2.93566,
24363,2.99054,
24364,3.04675,
24365,2.87955,
24366,3.02363,
24367,2.79439,
24368,3.06778,
24369,3.02161,
24370,2.78217,
24371,2.71695,
24372,3.00642,
24373,2.69615,
24374,2.74619,
24375,2.73206,
24376,2.54593,
24377,2.61777,
24378,2.7092,
24379,3.21359,
24380,3.19268,
24381,3.35419,
24382,3.33937,
24383,3.34371,
24384,3.20141,
24385,2.96775,
24386,3.03789,
24387,3.02018,
24388,3.13747,
24389,3.40994,
24390,3.13753,
24391,3.15105,
24392,3.00489,
24393,2.93857,
24394,3.2222,
24395,3.23135,
24396,3.30255,
24397,3.0732,
24398,3.33012,
24399,2.97469,
24400,3.03193,
24401,2.99506,
24402,3.13376,
24403,2.94958,
24404,3.00921,
24405,2.91411,
24406,2.85341,
24407,3.10626,
24408,2.83391,
24409,2.85591,
24410,2.98039,
24411,3.03837,
24412,3.00526,
24413,2.90118,
24414,2.95912,
24415,2.83533,
24416,2.87427,
24417,2.77283,
24418,2.80876,
24419,2.91904,
24420,2.63292,
24421,2.74016,
24422,2.97638,
24423,2.86125,
24424,3.28261,
24425,3.30411,
24426,3.27082,
24427,3.35983,
24428,3.27873,
24429,3.20179,
24430,3.0382,
24431,3.15753,
24432,2.93456,
24433,2.93864,
24434,2.89215,
24435,2.90651,
24436,3.21687,
24437,3.16201,
24438,3.01984,
24439,3.19079,
24440,3.1889,
24441,2.84577,
24442,2.92234,
24443,2.96608,
24444,2.83637,
24445,2.98109,
24446,3.09282,
24447,3.06528,
24448,3.16509,
24449,3.30232,
24450,3.26814,
24451,2.76643,
24452,2.89624,
24453,3.10294,
24454,3.12308,
24455,3.10795,
24456,3.13138,
24457,3.25274,
24458,3.17749,
24459,3.26499,
24460,3.03905,
24461,3.04435,
24462,3.19973,
24463,2.87453,
24464,3.12866,
24465,3.12577,
24466,3.09502,
24467,3.04976,
24468,3.03807,
24469,3.26586,
24470,3.11969,
24471,3.1923,
24472,3.07544,
24473,3.21004,
24474,3.15943,
24475,3.18223,
24476,2.98834,
24477,3.05166,
24478,3.01032,
24479,2.90627,
24480,2.95206,
24481,2.899,
24482,3.0386,
24483,2.98533,
24484,3.08893,
24485,2.77747,
24486,2.97305,
24487,3.11752,
24488,3.08964,
24489,2.95478,
24490,2.93595,
24491,3.11183,
24492,2.88343,
24493,3.11806,
24494,2.28429,
24495,3.16892,
24496,3.13035,
24497,3.27289,
24498,3.38646,
24499,3.55846,
24500,3.19751,
24501,3.22641,
24502,3.1463,
24503,3.25752,
24504,3.25172,
24505,3.25822,
24506,3.15822,
24507,2.98336,
24508,3.0502,
24509,3.06992,
24510,3.19397,
24511,2.98823,
24512,3.16949,
24513,3.25046,
24514,3.15267,
24515,3.11412,
24516,3.01948,
24517,3.10345,
24518,3.16688,
24519,3.1572,
24520,3.08882,
24521,3.11947,
24522,2.98262,
24523,3.24329,
24524,3.20575,
24525,2.95397,
24526,3.08354,
24527,2.90431,
24528,2.87198,
24529,2.85542,
24530,2.70582,
24531,3.04906,
24532,3.02522,
24533,2.83148,
24534,2.9322,
24535,3.07763,
24536,2.89483,
24537,2.84461,
24538,2.89873,
24539,2.82586,
24540,3.01138,
24541,2.86129,
24542,2.92706,
24543,3.09042,
24544,2.93188,
24545,3.06694,
24546,3.05735,
24547,2.95821,
24548,2.9545,
24549,2.99416,
24550,3.1674,
24551,3.03005,
24552,3.01808,
24553,3.02611,
24554,3.17237,
24555,2.93601,
24556,2.7426,
24557,2.91929,
24558,2.86459,
24559,2.994,
24560,2.97731,
24561,2.67007,
24562,3.03787,
24563,3.12759,
24564,3.03436,
24565,2.95103,
24566,2.85444,
24567,3.11832,
24568,2.90494,
24569,2.63576,
24570,2.97347,
24571,2.95472,
24572,3.16185,
24573,2.96069,
24574,2.84718,
24575,2.96994,
24576,2.9368,
24577,2.86689,
24578,2.92875,
24579,2.94458,
24580,3.17102,
24581,3.10422,
24582,3.13658,
24583,2.96313,
24584,2.97322,
24585,2.94425,
24586,3.13701,
24587,3.10473,
24588,3.09366,
24589,3.10185,
24590,3.23634,
24591,2.97126,
24592,3.03148,
24593,3.0272,
24594,2.87277,
24595,3.0928,
24596,3.08388,
24597,3.19393,
24598,3.02771,
24599,2.76381,
24600,2.79458,
24601,2.98997,
24602,2.84063,
24603,2.88105,
24604,2.71597,
24605,2.8953,
24606,3.09587,
24607,3.12127,
24608,2.99994,
24609,3.16843,
24610,3.10807,
24611,3.10283,
24612,2.9989,
24613,3.13693,
24614,3.12994,
24615,3.1717,
24616,3.09078,
24617,3.10286,
24618,3.0916,
24619,2.9914,
24620,3.12338,
24621,2.75577,
24622,2.90384,
24623,3.09434,
24624,2.91935,
24625,3.03738,
24626,2.80718,
24627,2.89431,
24628,3.05022,
24629,2.81525,
24630,2.92526,
24631,2.83922,
24632,2.77013,
24633,2.93202,
24634,2.73059,
24635,2.80505,
24636,2.8015,
24637,2.9565,
24638,2.86383,
24639,3.01297,
24640,3.05897,
24641,2.98219,
24642,2.87482,
24643,2.9018,
24644,2.87821,
24645,2.93378,
24646,2.84865,
24647,3.1314,
24648,3.02835,
24649,3.04787,
24650,3.15327,
24651,3.04132,
24652,2.93343,
24653,3.05043,
24654,2.98093,
24655,3.04336,
24656,3.04888,
24657,3.16004,
24658,3.25325,
24659,3.12678,
24660,3.06148,
24661,3.02694,
24662,2.95192,
24663,2.971,
24664,2.86848,
24665,2.95594,
24666,2.81147,
24667,3.00857,
24668,2.91751,
24669,3.06666,
24670,2.88484,
24671,3.02122,
24672,3.1449,
24673,3.15373,
24674,3.27134,
24675,2.93355,
24676,2.79316,
24677,3.02566,
24678,2.75003,
24679,3.02657,
24680,3.05645,
24681,3.25496,
24682,3.25212,
24683,3.26096,
24684,2.99102,
24685,3.19654,
24686,3.08034,
24687,3.0798,
24688,3.00911,
24689,3.16696,
24690,2.92707,
24691,3.16909,
24692,2.78063,
24693,3.16183,
24694,3.15002,
24695,3.28691,
24696,3.01638,
24697,3.12997,
24698,3.13257,
24699,2.91227,
24700,3.10108,
24701,2.82244,
24702,2.9228,
24703,2.96767,
24704,3.19634,
24705,3.19585,
24706,2.75639,
24707,3.02321,
24708,2.96998,
24709,3.07839,
24710,3.04927,
24711,3.25038,
24712,3.1087,
24713,2.97855,
24714,3.10046,
24715,3.12449,
24716,2.96878,
24717,2.88232,
24718,2.88852,
24719,3.12705,
24720,3.2583,
24721,3.21877,
24722,3.1466,
24723,3.08103,
24724,3.06992,
24725,2.93837,
24726,3.18114,
24727,3.00219,
24728,3.08794,
24729,3.05716,
24730,3.05506,
24731,3.0394,
24732,3.12374,
24733,3.09799,
24734,2.99847,
24735,3.08825,
24736,3.21582,
24737,2.88177,
24738,3.28323,
24739,3.12978,
24740,2.96214,
24741,2.90328,
24742,3.10262,
24743,3.07103,
24744,2.96953,
24745,2.98364,
24746,3.14334,
24747,2.91318,
24748,2.90433,
24749,3.00984,
24750,2.91196,
24751,2.91713,
24752,3.10655,
24753,3.13101,
24754,3.01396,
24755,2.95596,
24756,2.9229,
24757,3.11472,
24758,3.13023,
24759,2.7314,
24760,2.96965,
24761,2.96103,
24762,3.07832,
24763,3.1158,
24764,3.09003,
24765,2.87252,
24766,2.95043,
24767,3.07601,
24768,2.76418,
24769,2.83368,
24770,3.17194,
24771,3.01681,
24772,3.10074,
24773,2.85759,
24774,2.84587,
24775,3.03485,
24776,3.01734,
24777,2.89327,
24778,3.15017,
24779,3.05994,
24780,2.79783,
24781,2.92193,
24782,2.84163,
24783,2.95813,
24784,2.81272,
24785,2.89887,
24786,3.09067,
24787,2.99648,
24788,3.16142,
24789,3.2228,
24790,3.07432,
24791,3.16021,
24792,2.93391,
24793,3.03117,
24794,3.14419,
24795,3.07299,
24796,3.19159,
24797,3.29683,
24798,3.38618,
24799,4.19845,
24800,3.07817,
24801,3.07176,
24802,3.10685,
24803,3.08302,
24804,2.97695,
24805,3.10472,
24806,3.03359,
24807,3.07969,
24808,3.02505,
24809,3.50065,
24810,3.06609,
24811,3.03103,
24812,2.68735,
24813,2.84993,
24814,3.12062,
24815,3.10199,
24816,3.1845,
24817,3.27698,
24818,3.09407,
24819,3.07397,
24820,3.08686,
24821,3.02418,
24822,3.30004,
24823,3.08555,
24824,3.04407,
24825,3.22829,
24826,3.20389,
24827,3.10346,
24828,2.93049,
24829,2.99649,
24830,3.00777,
24831,3.01094,
24832,2.94496,
24833,2.73734,
24834,3.11127,
24835,2.98479,
24836,2.80103,
24837,2.838,
24838,2.93608,
24839,3.01852,
24840,3.02839,
24841,2.92444,
24842,3.05048,
24843,2.75034,
24844,2.93389,
24845,2.69843,
24846,3.08633,
24847,2.90258,
24848,2.90681,
24849,2.90095,
24850,2.95068,
24851,2.9565,
24852,2.91797,
24853,2.90396,
24854,2.79828,
24855,2.95981,
24856,2.92151,
24857,2.70617,
24858,2.77777,
24859,2.76087,
24860,2.9709,
24861,2.96348,
24862,2.9089,
24863,2.9166,
24864,2.9741,
24865,3.01696,
24866,2.74491,
24867,3.09902,
24868,2.91606,
24869,2.94202,
24870,2.9254,
24871,3.13039,
24872,3.21948,
24873,3.20661,
24874,2.94055,
24875,2.85158,
24876,3.26168,
24877,3.05055,
24878,3.04782,
24879,2.96328,
24880,2.87207,
24881,2.896,
24882,3.06482,
24883,2.63755,
24884,2.69369,
24885,2.53013,
24886,2.78185,
24887,2.94633,
24888,3.05388,
24889,3.01317,
24890,3.01528,
24891,2.96643,
24892,2.75493,
24893,2.87921,
24894,2.93954,
24895,3.13626,
24896,2.90464,
24897,2.88797,
24898,2.53671,
24899,2.59548,
24900,3.04094,
24901,2.72685,
24902,2.94425,
24903,2.68766,
24904,2.84781,
24905,2.7081,
24906,2.73338,
24907,2.75192,
24908,2.77891,
24909,2.74702,
24910,2.69612,
24911,2.74355,
24912,2.99873,
24913,2.63965,
24914,2.9481,
24915,2.88399,
24916,3.20821,
24917,3.22443,
24918,3.18408,
24919,3.25515,
24920,3.19475,
24921,3.20351,
24922,3.00444,
24923,2.77272,
24924,3.08045,
24925,2.88715,
24926,2.92678,
24927,3.15456,
24928,3.01652,
24929,3.08611,
24930,3.00089,
24931,2.92732,
24932,2.86607,
24933,2.96845,
24934,3.07381,
24935,3.02318,
24936,2.98345,
24937,2.96417,
24938,2.8256,
24939,3.19573,
24940,2.87366,
24941,2.84246,
24942,2.98171,
24943,3.02406,
24944,2.87854,
24945,3.28518,
24946,3.11533,
24947,3.23228,
24948,3.05402,
24949,3.17824,
24950,3.12875,
24951,3.0586,
24952,3.08988,
24953,3.06089,
24954,3.04809,
24955,3.06024,
24956,3.11032,
24957,3.01716,
24958,2.84543,
24959,3.02997,
24960,2.91527,
24961,2.91688,
24962,2.68453,
24963,2.83801,
24964,2.70618,
24965,2.88393,
24966,2.959,
24967,2.74509,
24968,2.83802,
24969,2.77898,
24970,2.98683,
24971,2.87905,
24972,2.92618,
24973,2.90178,
24974,3.04959,
24975,3.08553,
24976,3.08751,
24977,3.05984,
24978,3.11127,
24979,3.02576,
24980,3.1279,
24981,3.10276,
24982,3.07862,
24983,3.14047,
24984,2.99981,
24985,2.97358,
24986,2.75864,
24987,3.00919,
24988,2.98132,
24989,3.11355,
24990,3.01544,
24991,2.86934,
24992,2.97204,
24993,2.88705,
24994,2.94871,
24995,3.06655,
24996,3.13954,
24997,2.92988,
24998,2.87409,
24999,2.8897,
25000,3.17319,
25001,3.10592,
25002,3.15529,
25003,3.0388,
25004,3.2165,
25005,3.03064,
25006,3.0991,
25007,3.26278,
25008,3.05268,
25009,2.90866,
25010,2.86235,
25011,3.13395,
25012,3.13765,
25013,3.01055,
25014,3.03581,
25015,3.01172,
25016,3.18215,
25017,3.12042,
25018,3.32433,
25019,2.90993,
25020,2.96605,
25021,2.73748,
25022,2.91296,
25023,2.92557,
25024,2.94802,
25025,2.91591,
25026,3.12464,
25027,3.00616,
25028,2.95411,
25029,2.73454,
25030,2.856,
25031,2.938,
25032,2.94732,
25033,2.88914,
25034,3.25128,
25035,3.22256,
25036,3.2298,
25037,3.08822,
25038,2.99304,
25039,3.16307,
25040,2.89069,
25041,3.14891,
25042,3.26564,
25043,3.1197,
25044,3.1715,
25045,3.37062,
25046,3.45879,
25047,3.0725,
25048,3.11755,
25049,3.13921,
25050,3.24429,
25051,3.35965,
25052,3.15602,
25053,3.05961,
25054,3.0368,
25055,2.94284,
25056,3.02603,
25057,3.00506,
25058,3.03826,
25059,2.99721,
25060,2.87356,
25061,3.0426,
25062,3.45131,
25063,3.48079,
25064,3.46309,
25065,3.4172,
25066,3.39564,
25067,3.40572,
25068,3.39504,
25069,3.3099,
25070,3.35516,
25071,3.41387,
25072,3.3981,
25073,3.35987,
25074,3.32903,
25075,3.22413,
25076,3.34137,
25077,3.36185,
25078,3.33681,
25079,3.23039,
25080,3.18635,
25081,3.08925,
25082,3.36968,
25083,3.1993,
25084,3.12161,
25085,3.11555,
25086,3.11523,
25087,2.9934,
25088,3.17073,
25089,3.03157,
25090,3.06854,
25091,3.0641,
25092,2.92278,
25093,2.79289,
25094,3.10209,
25095,3.2852,
25096,3.14587,
25097,2.87037,
25098,3.05172,
25099,3.08505,
25100,2.97527,
25101,3.03585,
25102,3.08929,
25103,2.87877,
25104,3.00112,
25105,2.89849,
25106,2.87707,
25107,3.17622,
25108,3.05186,
25109,3.04302,
25110,3.03747,
25111,2.95377,
25112,2.89005,
25113,2.84905,
25114,2.89834,
25115,3.04067,
25116,2.93741,
25117,2.85559,
25118,3.06415,
25119,2.98087,
25120,2.89604,
25121,2.96366,
25122,2.78809,
25123,2.7606,
25124,2.99535,
25125,2.73597,
25126,2.78568,
25127,2.86911,
25128,2.9436,
25129,2.82488,
25130,2.80241,
25131,2.87806,
25132,2.79405,
25133,2.91914,
25134,2.96453,
25135,3.00902,
25136,3.00294,
25137,3.02481,
25138,2.86013,
25139,3.08026,
25140,2.7937,
25141,2.9895,
25142,2.94203,
25143,2.87907,
25144,3.15285,
25145,2.86926,
25146,2.82632,
25147,3.04717,
25148,2.87225,
25149,2.75798,
25150,2.87098,
25151,3.12151,
25152,2.64086,
25153,2.72681,
25154,2.98887,
25155,2.74513,
25156,2.88814,
25157,2.81998,
25158,2.71186,
25159,2.67886,
25160,3.11826,
25161,3.06001,
25162,3.1076,
25163,2.9823,
25164,3.17449,
25165,3.0655,
25166,3.16036,
25167,3.052,
25168,2.97215,
25169,3.06057,
25170,3.04094,
25171,3.05726,
25172,3.00902,
25173,2.98766,
25174,3.02109,
25175,2.72432,
25176,2.91537,
25177,2.98364,
25178,3.0249,
25179,3.00103,
25180,2.70496,
25181,2.91119,
25182,2.96807,
25183,2.83544,
25184,2.58002,
25185,2.74417,
25186,2.82006,
25187,2.80082,
25188,2.85806,
25189,2.59652,
25190,2.66892,
25191,2.63414,
25192,2.82285,
25193,2.93741,
25194,3.34634,
25195,3.28909,
25196,3.14156,
25197,3.0419,
25198,3.23337,
25199,3.22134,
25200,2.9651,
25201,3.11287,
25202,2.99067,
25203,3.00885,
25204,2.90999,
25205,3.29311,
25206,3.06962,
25207,2.98632,
25208,3.1696,
25209,3.1591,
25210,3.03144,
25211,3.12957,
25212,2.95642,
25213,3.10658,
25214,3.10764,
25215,2.93244,
25216,2.90802,
25217,2.96028,
25218,2.93073,
25219,3.14289,
25220,3.09714,
25221,3.03359,
25222,3.12081,
25223,3.00079,
25224,3.05833,
25225,3.21441,
25226,3.09773,
25227,3.04772,
25228,3.03814,
25229,3.06894,
25230,2.88152,
25231,2.99367,
25232,3.0115,
25233,3.13426,
25234,2.88963,
25235,2.97234,
25236,2.91206,
25237,3.11661,
25238,3.08787,
25239,3.05123,
25240,2.80932,
25241,3.00973,
25242,2.89221,
25243,2.82046,
25244,2.99944,
25245,3.07758,
25246,3.00774,
25247,2.85963,
25248,2.98215,
25249,3.02389,
25250,2.95053,
25251,2.94713,
25252,2.82612,
25253,2.8956,
25254,2.86784,
25255,2.99481,
25256,2.7001,
25257,2.72355,
25258,2.7883,
25259,2.86734,
25260,2.91011,
25261,2.83042,
25262,2.65544,
25263,2.85075,
25264,2.75162,
25265,2.89443,
25266,2.75212,
25267,2.81604,
25268,3.01887,
25269,2.89957,
25270,2.98133,
25271,2.65789,
25272,2.81879,
25273,2.76474,
25274,2.85304,
25275,2.96921,
25276,2.65283,
25277,2.79242,
25278,2.6577,
25279,2.62977,
25280,2.86074,
25281,2.86826,
25282,2.82253,
25283,2.74003,
25284,2.98761,
25285,2.81091,
25286,3.00725,
25287,3.09821,
25288,3.09521,
25289,3.06561,
25290,3.05142,
25291,3.29504,
25292,3.08756,
25293,2.96602,
25294,3.1618,
25295,2.96072,
25296,3.08704,
25297,3.18629,
25298,3.03963,
25299,3.0164,
25300,3.05027,
25301,2.808,
25302,3.04043,
25303,2.99365,
25304,2.84426,
25305,2.96607,
25306,2.94177,
25307,2.75509,
25308,2.91322,
25309,2.97307,
25310,2.8105,
25311,2.88017,
25312,2.97271,
25313,3.12102,
25314,2.90563,
25315,2.98959,
25316,2.88661,
25317,3.25374,
25318,3.30559,
25319,3.28073,
25320,3.2814,
25321,3.34688,
25322,3.23989,
25323,3.18169,
25324,3.35534,
25325,3.17713,
25326,3.25905,
25327,3.26869,
25328,3.25064,
25329,3.1136,
25330,3.31319,
25331,3.26136,
25332,3.28315,
25333,3.30577,
25334,3.1856,
25335,3.1911,
25336,3.15562,
25337,3.21929,
25338,3.18399,
25339,3.28482,
25340,2.77509,
25341,2.8904,
25342,2.75616,
25343,2.64114,
25344,2.68558,
25345,2.62575,
25346,2.9158,
25347,2.46736,
25348,2.72752,
25349,2.67617,
25350,2.80011,
25351,2.77559,
25352,2.55768,
25353,2.60822,
25354,2.83675,
25355,2.97114,
25356,2.92055,
25357,2.64944,
25358,2.62383,
25359,3.17393,
25360,3.22782,
25361,3.1359,
25362,3.23151,
25363,3.16134,
25364,3.13626,
25365,3.06721,
25366,2.88646,
25367,3.00475,
25368,3.17015,
25369,3.00783,
25370,3.09116,
25371,3.19135,
25372,3.22277,
25373,3.08493,
25374,3.01096,
25375,2.80456,
25376,2.99359,
25377,2.97718,
25378,2.97599,
25379,2.75849,
25380,2.78827,
25381,2.71049,
25382,2.87428,
25383,2.94313,
25384,2.84586,
25385,3.04092,
25386,2.94214,
25387,3.01651,
25388,2.95599,
25389,3.14306,
25390,2.99246,
25391,2.89593,
25392,2.9998,
25393,2.76699,
25394,2.7903,
25395,2.79214,
25396,2.94801,
25397,3.07767,
25398,2.93462,
25399,2.76222,
25400,2.70447,
25401,2.63849,
25402,2.56075,
25403,2.62338,
25404,2.65546,
25405,2.89586,
25406,2.63188,
25407,2.64952,
25408,2.65926,
25409,2.90335,
25410,2.82225,
25411,3.01242,
25412,2.68832,
25413,3.15825,
25414,2.87772,
25415,3.14752,
25416,3.30637,
25417,3.07559,
25418,3.21395,
25419,3.10203,
25420,3.03428,
25421,3.15461,
25422,3.08613,
25423,2.97902,
25424,2.8402,
25425,2.81414,
25426,2.95189,
25427,2.91841,
25428,2.97552,
25429,3.0377,
25430,2.86882,
25431,3.03091,
25432,2.78838,
25433,3.05803,
25434,3.02478,
25435,2.77941,
25436,2.71179,
25437,3.00348,
25438,2.69274,
25439,2.73915,
25440,2.71145,
25441,2.54517,
25442,2.60672,
25443,2.70387,
25444,3.20101,
25445,3.1813,
25446,3.33597,
25447,3.32795,
25448,3.33078,
25449,3.18815,
25450,2.95109,
25451,3.02089,
25452,2.99669,
25453,3.12865,
25454,3.39188,
25455,3.1205,
25456,3.12451,
25457,2.99554,
25458,2.94375,
25459,3.21443,
25460,3.21894,
25461,3.29481,
25462,3.06294,
25463,3.30919,
25464,2.96256,
25465,3.03086,
25466,2.97723,
25467,3.11873,
25468,2.93628,
25469,2.99054,
25470,2.89915,
25471,2.84817,
25472,3.08981,
25473,2.80471,
25474,2.86631,
25475,2.97478,
25476,3.01924,
25477,3.00271,
25478,2.89022,
25479,2.9562,
25480,2.82058,
25481,2.85552,
25482,2.75903,
25483,2.79481,
25484,2.91912,
25485,2.62221,
25486,2.736,
25487,2.96968,
25488,2.84551,
25489,3.27411,
25490,3.28823,
25491,3.2475,
25492,3.3531,
25493,3.27311,
25494,3.19056,
25495,3.02982,
25496,3.14823,
25497,2.92175,
25498,2.9283,
25499,2.87452,
25500,2.89684,
25501,3.19286,
25502,3.16339,
25503,3.00645,
25504,3.17408,
25505,3.1912,
25506,2.83514,
25507,2.91003,
25508,2.95971,
25509,2.83834,
25510,2.9648,
25511,3.09731,
25512,3.06694,
25513,3.15786,
25514,3.27852,
25515,3.26302,
25516,2.7542,
25517,2.89634,
25518,3.08636,
25519,3.10275,
25520,3.10318,
25521,3.12116,
25522,3.23907,
25523,3.16175,
25524,3.26443,
25525,3.03985,
25526,3.02144,
25527,3.17926,
25528,2.87163,
25529,3.10819,
25530,3.1288,
25531,3.07174,
25532,3.03315,
25533,3.03543,
25534,3.2631,
25535,3.10406,
25536,3.19369,
25537,3.0695,
25538,3.19994,
25539,3.14743,
25540,3.1791,
25541,2.98228,
25542,3.04843,
25543,3.00173,
25544,2.88347,
25545,2.92932,
25546,2.88298,
25547,3.027,
25548,2.97837,
25549,3.07888,
25550,2.76098,
25551,2.95973,
25552,3.106,
25553,3.07095,
25554,2.92057,
25555,2.91,
25556,3.10447,
25557,2.87706,
25558,3.09829,
25559,2.25817,
25560,3.15199,
25561,3.11927,
25562,3.26018,
25563,3.37125,
25564,3.5383,
25565,3.18075,
25566,3.21907,
25567,3.1236,
25568,3.25986,
25569,3.24942,
25570,3.25008,
25571,3.15127,
25572,2.98141,
25573,3.04847,
25574,3.06287,
25575,3.19789,
25576,2.97006,
25577,3.16455,
25578,3.24014,
25579,3.13952,
25580,3.11094,
25581,3.01139,
25582,3.09188,
25583,3.15241,
25584,3.13656,
25585,3.08572,
25586,3.10949,
25587,2.97437,
25588,3.22551,
25589,3.19652,
25590,2.94229,
25591,3.08212,
25592,2.89245,
25593,2.87134,
25594,2.8359,
25595,2.69514,
25596,3.04808,
25597,3.00318,
25598,2.82253,
25599,2.92507,
25600,3.07227,
25601,2.88962,
25602,2.84324,
25603,2.89022,
25604,2.82984,
25605,2.99851,
25606,2.85719,
25607,2.92211,
25608,3.09503,
25609,2.92847,
25610,3.06026,
25611,3.04262,
25612,2.94668,
25613,2.95051,
25614,2.98796,
25615,3.14651,
25616,3.01805,
25617,3.01543,
25618,3.02546,
25619,3.14715,
25620,2.9244,
25621,2.73623,
25622,2.91308,
25623,2.86068,
25624,2.98798,
25625,2.9723,
25626,2.67276,
25627,3.04528,
25628,3.11069,
25629,3.03478,
25630,2.93912,
25631,2.83915,
25632,3.11026,
25633,2.902,
25634,2.62244,
25635,2.96942,
25636,2.94137,
25637,3.14953,
25638,2.94193,
25639,2.82629,
25640,2.97663,
25641,2.91645,
25642,2.86017,
25643,2.92851,
25644,2.93923,
25645,3.15122,
25646,3.08654,
25647,3.12462,
25648,2.94079,
25649,2.96668,
25650,2.93748,
25651,3.12186,
25652,3.10461,
25653,3.07922,
25654,3.08438,
25655,3.23168,
25656,2.95423,
25657,3.02289,
25658,3.009,
25659,2.86553,
25660,3.10356,
25661,3.09528,
25662,3.18576,
25663,3.00648,
25664,2.74271,
25665,2.79087,
25666,2.97225,
25667,2.82595,
25668,2.87117,
25669,2.70656,
25670,2.87916,
25671,3.08832,
25672,3.10377,
25673,2.99071,
25674,3.1582,
25675,3.09782,
25676,3.09638,
25677,2.98814,
25678,3.12798,
25679,3.12004,
25680,3.17946,
25681,3.07792,
25682,3.09397,
25683,3.07603,
25684,2.99796,
25685,3.10308,
25686,2.73771,
25687,2.8877,
25688,3.09429,
25689,2.9164,
25690,3.01835,
25691,2.79043,
25692,2.89438,
25693,3.04289,
25694,2.81052,
25695,2.91245,
25696,2.8329,
25697,2.75578,
25698,2.91997,
25699,2.71803,
25700,2.82518,
25701,2.78923,
25702,2.95087,
25703,2.85572,
25704,3.006,
25705,3.05089,
25706,2.97505,
25707,2.87045,
25708,2.89817,
25709,2.87133,
25710,2.91187,
25711,2.82657,
25712,3.10489,
25713,2.99981,
25714,3.04083,
25715,3.13418,
25716,3.03951,
25717,2.9254,
25718,3.03115,
25719,2.96459,
25720,3.02564,
25721,3.03754,
25722,3.1477,
25723,3.23996,
25724,3.11335,
25725,3.04601,
25726,3.0252,
25727,2.93104,
25728,2.95699,
25729,2.8497,
25730,2.93727,
25731,2.79586,
25732,3.00397,
25733,2.90113,
25734,3.05951,
25735,2.88096,
25736,2.99611,
25737,3.13701,
25738,3.14245,
25739,3.26111,
25740,2.92839,
25741,2.79614,
25742,3.02,
25743,2.73638,
25744,3.03126,
25745,3.04851,
25746,3.23756,
25747,3.24126,
25748,3.24801,
25749,2.96943,
25750,3.20437,
25751,3.07714,
25752,3.06852,
25753,2.99929,
25754,3.15882,
25755,2.90982,
25756,3.16683,
25757,2.76511,
25758,3.15774,
25759,3.14388,
25760,3.27577,
25761,3.00171,
25762,3.12325,
25763,3.124,
25764,2.89658,
25765,3.08834,
25766,2.81911,
25767,2.91457,
25768,2.97252,
25769,3.19385,
25770,3.18181,
25771,2.74895,
25772,3.01551,
25773,2.96928,
25774,3.07085,
25775,3.04792,
25776,3.23383,
25777,3.09543,
25778,2.97075,
25779,3.08542,
25780,3.12125,
25781,2.9507,
25782,2.88397,
25783,2.88616,
25784,3.11276,
25785,3.24327,
25786,3.22061,
25787,3.13341,
25788,3.09208,
25789,3.06587,
25790,2.91651,
25791,3.16075,
25792,2.99297,
25793,3.07796,
25794,3.05375,
25795,3.06032,
25796,3.02535,
25797,3.13241,
25798,3.09144,
25799,2.99,
25800,3.07536,
25801,3.19332,
25802,2.88124,
25803,3.26815,
25804,3.11682,
25805,2.95674,
25806,2.89468,
25807,3.0822,
25808,3.0702,
25809,2.96924,
25810,2.97759,
25811,3.14282,
25812,2.89667,
25813,2.90797,
25814,2.9962,
25815,2.90025,
25816,2.89956,
25817,3.10021,
25818,3.12887,
25819,3.0025,
25820,2.94391,
25821,2.92061,
25822,3.10364,
25823,3.12032,
25824,2.72101,
25825,2.96254,
25826,2.96796,
25827,3.06159,
25828,3.09565,
25829,3.08618,
25830,2.87226,
25831,2.94539,
25832,3.05804,
25833,2.75037,
25834,2.82942,
25835,3.16904,
25836,2.99494,
25837,3.08777,
25838,2.85462,
25839,2.84354,
25840,3.03358,
25841,3.02052,
25842,2.87596,
25843,3.15672,
25844,3.04264,
25845,2.7962,
25846,2.9071,
25847,2.83239,
25848,2.95074,
25849,2.8181,
25850,2.89001,
25851,3.07548,
25852,2.98096,
25853,3.14374,
25854,3.19843,
25855,3.06944,
25856,3.15195,
25857,2.90892,
25858,3.02038,
25859,3.12985,
25860,3.06815,
25861,3.17823,
25862,3.28573,
25863,3.38008,
25864,4.19903,
25865,3.06796,
25866,3.05731,
25867,3.093,
25868,3.05961,
25869,2.95994,
25870,3.09107,
25871,3.01833,
25872,3.07955,
25873,3.00694,
25874,3.49484,
25875,3.05235,
25876,3.01751,
25877,2.68314,
25878,2.83386,
25879,3.11039,
25880,3.08572,
25881,3.17357,
25882,3.26535,
25883,3.09642,
25884,3.06352,
25885,3.07441,
25886,3.01692,
25887,3.28401,
25888,3.04955,
25889,3.03973,
25890,3.21876,
25891,3.18295,
25892,3.09113,
25893,2.93301,
25894,2.98225,
25895,2.98936,
25896,2.99354,
25897,2.94462,
25898,2.72759,
25899,3.10831,
25900,2.97413,
25901,2.80222,
25902,2.83919,
25903,2.92418,
25904,3.00307,
25905,3.01696,
25906,2.91218,
25907,3.05096,
25908,2.75181,
25909,2.92452,
25910,2.70299,
25911,3.07586,
25912,2.89318,
25913,2.9029,
25914,2.88685,
25915,2.93195,
25916,2.94943,
25917,2.90272,
25918,2.88539,
25919,2.79638,
25920,2.95138,
25921,2.90946,
25922,2.70832,
25923,2.76197,
25924,2.75625,
25925,2.9527,
25926,2.95795,
25927,2.89761,
25928,2.9042,
25929,2.96724,
25930,3.00559,
25931,2.73637,
25932,3.09013,
25933,2.91026,
25934,2.94176,
25935,2.91863,
25936,3.1267,
25937,3.20285,
25938,3.17589,
25939,2.92181,
25940,2.85503,
25941,3.26004,
25942,3.03515,
25943,3.04571,
25944,2.97557,
25945,2.85105,
25946,2.87323,
25947,3.06183,
25948,2.6329,
25949,2.68711,
25950,2.53356,
25951,2.79108,
25952,2.96126,
25953,3.04425,
25954,3.01171,
25955,3.00601,
25956,2.95197,
25957,2.75942,
25958,2.85576,
25959,2.92576,
25960,3.13837,
25961,2.9054,
25962,2.88158,
25963,2.524,
25964,2.58992,
25965,3.03214,
25966,2.74544,
25967,2.95276,
25968,2.68164,
25969,2.8463,
25970,2.69472,
25971,2.72547,
25972,2.73252,
25973,2.77142,
25974,2.71885,
25975,2.68882,
25976,2.74602,
25977,2.99264,
25978,2.64599,
25979,2.93962,
25980,2.86733,
25981,3.19432,
25982,3.21314,
25983,3.17127,
25984,3.23841,
25985,3.18334,
25986,3.18542,
25987,2.97805,
25988,2.7567,
25989,3.05091,
25990,2.86975,
25991,2.92062,
25992,3.13309,
25993,3.0023,
25994,3.07622,
25995,2.99484,
25996,2.91986,
25997,2.86953,
25998,2.95667,
25999,3.05502,
26000,3.00339,
26001,2.96281,
26002,2.95378,
26003,2.82823,
26004,3.18621,
26005,2.86425,
26006,2.83671,
26007,2.98528,
26008,3.01279,
26009,2.86633,
26010,3.28076,
26011,3.10825,
26012,3.2138,
26013,3.03413,
26014,3.17877,
26015,3.13186,
26016,3.03797,
26017,3.07751,
26018,3.03775,
26019,3.03435,
26020,3.05379,
26021,3.09857,
26022,3.01744,
26023,2.842,
26024,3.01899,
26025,2.91425,
26026,2.90176,
26027,2.67515,
26028,2.82988,
26029,2.70282,
26030,2.86821,
26031,2.94449,
26032,2.74159,
26033,2.83196,
26034,2.77225,
26035,2.97096,
26036,2.86509,
26037,2.92562,
26038,2.87451,
26039,3.03245,
26040,3.06851,
26041,3.07729,
26042,3.06106,
26043,3.09852,
26044,3.01354,
26045,3.11605,
26046,3.09729,
26047,3.06704,
26048,3.14225,
26049,2.99184,
26050,2.97789,
26051,2.74773,
26052,2.99844,
26053,2.97737,
26054,3.10814,
26055,2.99591,
26056,2.87088,
26057,2.96683,
26058,2.88161,
26059,2.93711,
26060,3.05483,
26061,3.11887,
26062,2.92554,
26063,2.87831,
26064,2.88063,
26065,3.1508,
26066,3.09761,
26067,3.15261,
26068,3.02648,
26069,3.20745,
26070,3.0243,
26071,3.08735,
26072,3.25457,
26073,3.0347,
26074,2.89955,
26075,2.84526,
26076,3.12548,
26077,3.11864,
26078,3.00602,
26079,3.01407,
26080,3.0025,
26081,3.17943,
26082,3.12584,
26083,3.31966,
26084,2.89823,
26085,2.95304,
26086,2.73174,
26087,2.90937,
26088,2.91979,
26089,2.92009,
26090,2.91815,
26091,3.1203,
26092,3.00792,
26093,2.94424,
26094,2.72674,
26095,2.84802,
26096,2.93762,
26097,2.92878,
26098,2.88277,
26099,3.23427,
26100,3.22163,
26101,3.21967,
26102,3.07583,
26103,2.97213,
26104,3.14405,
26105,2.86366,
26106,3.14861,
26107,3.26462,
26108,3.12228,
26109,3.15876,
26110,3.36606,
26111,3.44604,
26112,3.06998,
26113,3.11735,
26114,3.13269,
26115,3.23815,
26116,3.34874,
26117,3.14407,
26118,3.06076,
26119,3.0266,
26120,2.93501,
26121,3.01587,
26122,2.99969,
26123,3.02599,
26124,2.98807,
26125,2.86743,
26126,3.03894,
26127,3.43091,
26128,3.47097,
26129,3.45001,
26130,3.40922,
26131,3.398,
26132,3.39886,
26133,3.38225,
26134,3.30041,
26135,3.3479,
26136,3.39932,
26137,3.38943,
26138,3.34043,
26139,3.32182,
26140,3.23621,
26141,3.33167,
26142,3.3545,
26143,3.32338,
26144,3.21972,
26145,3.17212,
26146,3.07162,
26147,3.35961,
26148,3.17637,
26149,3.1068,
26150,3.09922,
26151,3.10369,
26152,2.98229,
26153,3.15873,
26154,3.02128,
26155,3.06364,
26156,3.06065,
26157,2.91215,
26158,2.79308,
26159,3.08728,
26160,3.27442,
26161,3.13505,
26162,2.88041,
26163,3.04571,
26164,3.06204,
26165,2.97326,
26166,3.0254,
26167,3.07293,
26168,2.86833,
26169,3.0022,
26170,2.89418,
26171,2.86908,
26172,3.17009,
26173,3.03943,
26174,3.02771,
26175,3.03103,
26176,2.93576,
26177,2.88144,
26178,2.83358,
26179,2.89512,
26180,3.03788,
26181,2.92701,
26182,2.84886,
26183,3.05636,
26184,2.96903,
26185,2.89542,
26186,2.94471,
26187,2.77938,
26188,2.73942,
26189,2.98385,
26190,2.73223,
26191,2.7705,
26192,2.85568,
26193,2.94045,
26194,2.83745,
26195,2.79258,
26196,2.862,
26197,2.78895,
26198,2.89358,
26199,2.94655,
26200,2.99714,
26201,3.00344,
26202,3.02612,
26203,2.85541,
26204,3.06993,
26205,2.79599,
26206,2.9801,
26207,2.93352,
26208,2.89538,
26209,3.14895,
26210,2.87725,
26211,2.81515,
26212,3.03498,
26213,2.85011,
26214,2.75175,
26215,2.87154,
26216,3.11721,
26217,2.6359,
26218,2.71745,
26219,2.97683,
26220,2.74488,
26221,2.87923,
26222,2.81335,
26223,2.70293,
26224,2.67667,
26225,3.10714,
26226,3.05141,
26227,3.10087,
26228,2.98878,
26229,3.16381,
26230,3.06509,
26231,3.14533,
26232,3.03479,
26233,2.97732,
26234,3.0561,
26235,3.01546,
26236,3.05066,
26237,2.98374,
26238,2.98853,
26239,2.99379,
26240,2.71299,
26241,2.901,
26242,2.97374,
26243,3.01828,
26244,2.98486,
26245,2.69133,
26246,2.90904,
26247,2.95136,
26248,2.84201,
26249,2.59325,
26250,2.74954,
26251,2.81458,
26252,2.78764,
26253,2.84812,
26254,2.58476,
26255,2.67114,
26256,2.63404,
26257,2.81314,
26258,2.93713,
26259,3.32888,
26260,3.28082,
26261,3.13294,
26262,3.03907,
26263,3.21484,
26264,3.21689,
26265,2.9444,
26266,3.09858,
26267,2.9846,
26268,2.98845,
26269,2.90226,
26270,3.28047,
26271,3.04484,
26272,2.9679,
26273,3.15991,
26274,3.15658,
26275,3.01515,
26276,3.12204,
26277,2.93898,
26278,3.109,
26279,3.09543,
26280,2.93047,
26281,2.89672,
26282,2.96597,
26283,2.91447,
26284,3.137,
26285,3.08538,
26286,3.01436,
26287,3.10496,
26288,2.99122,
26289,3.04252,
26290,3.18977,
26291,3.08386,
26292,3.05078,
26293,3.01221,
26294,3.06358,
26295,2.87628,
26296,2.98949,
26297,3.00846,
26298,3.15063,
26299,2.88749,
26300,2.97801,
26301,2.8944,
26302,3.09485,
26303,3.07617,
26304,3.03337,
26305,2.79738,
26306,2.99245,
26307,2.89009,
26308,2.80437,
26309,2.991,
26310,3.07081,
26311,3.00041,
26312,2.83391,
26313,2.96445,
26314,3.01484,
26315,2.94936,
26316,2.94183,
26317,2.81126,
26318,2.87249,
26319,2.85821,
26320,2.98581,
26321,2.68482,
26322,2.72395,
26323,2.78453,
26324,2.86544,
26325,2.89935,
26326,2.81512,
26327,2.64432,
26328,2.81816,
26329,2.75794,
26330,2.8904,
26331,2.74806,
26332,2.82464,
26333,2.99643,
26334,2.89133,
26335,2.94873,
26336,2.65525,
26337,2.81308,
26338,2.75672,
26339,2.84071,
26340,2.96417,
26341,2.64578,
26342,2.76773,
26343,2.65008,
26344,2.61567,
26345,2.84862,
26346,2.85699,
26347,2.80111,
26348,2.73326,
26349,2.97459,
26350,2.79803,
26351,2.99478,
26352,3.08996,
26353,3.09281,
26354,3.04648,
26355,3.03855,
26356,3.28716,
26357,3.07835,
26358,2.95232,
26359,3.14931,
26360,2.95809,
26361,3.08763,
26362,3.17571,
26363,3.03156,
26364,3.01008,
26365,3.04083,
26366,2.79994,
26367,3.04558,
26368,2.99434,
26369,2.84485,
26370,2.96309,
26371,2.92316,
26372,2.75812,
26373,2.9076,
26374,2.96437,
26375,2.78228,
26376,2.86361,
26377,2.96215,
26378,3.115,
26379,2.9023,
26380,2.98069,
26381,2.86411,
26382,3.24418,
26383,3.31781,
26384,3.2812,
26385,3.27841,
26386,3.347,
26387,3.24117,
26388,3.18237,
26389,3.3536,
26390,3.18192,
26391,3.25564,
26392,3.26934,
26393,3.25171,
26394,3.10854,
26395,3.30845,
26396,3.23928,
26397,3.27628,
26398,3.29927,
26399,3.17947,
26400,3.19472,
26401,3.14633,
26402,3.22351,
26403,3.16618,
26404,3.26812,
26405,2.75338,
26406,2.86507,
26407,2.74536,
26408,2.61733,
26409,2.67614,
26410,2.62154,
26411,2.90953,
26412,2.45281,
26413,2.72601,
26414,2.67419,
26415,2.78902,
26416,2.76411,
26417,2.55397,
26418,2.60613,
26419,2.83671,
26420,2.94962,
26421,2.91839,
26422,2.64008,
26423,2.60977,
26424,3.16347,
26425,3.21473,
26426,3.13188,
26427,3.2208,
26428,3.1426,
26429,3.13192,
26430,3.05499,
26431,2.88476,
26432,2.99882,
26433,3.16079,
26434,2.9994,
26435,3.08861,
26436,3.19255,
26437,3.22103,
26438,3.07386,
26439,3.00852,
26440,2.80677,
26441,2.99353,
26442,2.97372,
26443,2.97307,
26444,2.74994,
26445,2.78368,
26446,2.70084,
26447,2.8662,
26448,2.9399,
26449,2.85235,
26450,3.03022,
26451,2.9309,
26452,3.02342,
26453,2.93511,
26454,3.13771,
26455,2.97743,
26456,2.88303,
26457,2.99646,
26458,2.769,
26459,2.78181,
26460,2.78464,
26461,2.9363,
26462,3.07312,
26463,2.93278,
26464,2.76739,
26465,2.70054,
26466,2.62507,
26467,2.55348,
26468,2.62359,
26469,2.63997,
26470,2.89537,
26471,2.60649,
26472,2.64401,
26473,2.64975,
26474,2.91019,
26475,2.82466,
26476,3.00824,
26477,2.68279,
26478,3.14981,
26479,2.87857,
26480,3.13971,
26481,3.28984,
26482,3.07183,
26483,3.20628,
26484,3.08864,
26485,3.01674,
26486,3.13612,
26487,3.06925,
26488,2.949,
26489,2.82716,
26490,2.79862,
26491,2.93723,
26492,2.90174,
26493,2.96739,
26494,3.03482,
26495,2.87297,
26496,3.01898,
26497,2.79222,
26498,3.04136,
26499,3.01165,
26500,2.77543,
26501,2.70058,
26502,2.98619,
26503,2.67437,
26504,2.72505,
26505,2.71247,
26506,2.53712,
26507,2.60024,
26508,2.69215,
26509,3.18545,
26510,3.16399,
26511,3.31614,
26512,3.32526,
26513,3.32163,
26514,3.18471,
26515,2.93557,
26516,3.01108,
26517,2.99804,
26518,3.11339,
26519,3.37907,
26520,3.12006,
26521,3.12345,
26522,2.99525,
26523,2.92517,
26524,3.19838,
26525,3.21215,
26526,3.27402,
26527,3.07512,
26528,3.29325,
26529,2.95508,
26530,3.01861,
26531,2.97833,
26532,3.09422,
26533,2.92896,
26534,2.98273,
26535,2.90044,
26536,2.82473,
26537,3.08275,
26538,2.78042,
26539,2.83787,
26540,2.96547,
26541,3.01132,
26542,3.00264,
26543,2.8752,
26544,2.94941,
26545,2.8232,
26546,2.84141,
26547,2.74644,
26548,2.79072,
26549,2.9077,
26550,2.62148,
26551,2.72508,
26552,2.96751,
26553,2.83734,
26554,3.25644,
26555,3.27314,
26556,3.23337,
26557,3.35239,
26558,3.2592,
26559,3.17661,
26560,3.0108,
26561,3.13081,
26562,2.91238,
26563,2.91512,
26564,2.85941,
26565,2.89334,
26566,3.18766,
26567,3.14877,
26568,2.99652,
26569,3.16323,
26570,3.18123,
26571,2.84409,
26572,2.90201,
26573,2.9512,
26574,2.80932,
26575,2.95193,
26576,3.07368,
26577,3.06151,
26578,3.15598,
26579,3.2712,
26580,3.25163,
26581,2.75227,
26582,2.90017,
26583,3.07436,
26584,3.10184,
26585,3.09149,
26586,3.10659,
26587,3.22322,
26588,3.1571,
26589,3.25274,
26590,3.02186,
26591,3.01083,
26592,3.17186,
26593,2.84615,
26594,3.09812,
26595,3.11001,
26596,3.0664,
26597,3.0202,
26598,3.02714,
26599,3.25585,
26600,3.10347,
26601,3.18207,
26602,3.0525,
26603,3.18719,
26604,3.14119,
26605,3.15379,
26606,2.97151,
26607,3.03918,
26608,2.99487,
26609,2.89007,
26610,2.9378,
26611,2.87194,
26612,3.02547,
26613,2.9787,
26614,3.07316,
26615,2.75464,
26616,2.95736,
26617,3.09346,
26618,3.0543,
26619,2.9009,
26620,2.89728,
26621,3.10333,
26622,2.85899,
26623,3.09448,
26624,2.23413,
26625,3.14133,
26626,3.10767,
26627,3.2455,
26628,3.36004,
26629,3.52451,
26630,3.17353,
26631,3.22451,
26632,3.11463,
26633,3.24865,
26634,3.23424,
26635,3.23784,
26636,3.13878,
26637,2.96556,
26638,3.03431,
26639,3.05176,
26640,3.17741,
26641,2.97327,
26642,3.15375,
26643,3.222,
26644,3.12563,
26645,3.10145,
26646,2.99883,
26647,3.08816,
26648,3.14122,
26649,3.13477,
26650,3.06906,
26651,3.09944,
26652,2.9533,
26653,3.22285,
26654,3.18561,
26655,2.93892,
26656,3.07117,
26657,2.89011,
26658,2.8467,
26659,2.8319,
26660,2.68295,
26661,3.03934,
26662,2.991,
26663,2.81254,
26664,2.91509,
26665,3.06251,
26666,2.87965,
26667,2.83471,
26668,2.87712,
26669,2.82387,
26670,2.9944,
26671,2.84515,
26672,2.91686,
26673,3.07466,
26674,2.90786,
26675,3.05808,
26676,3.02894,
26677,2.92241,
26678,2.93189,
26679,2.96609,
26680,3.14693,
26681,3.02769,
26682,2.99911,
26683,3.01315,
26684,3.13379,
26685,2.91154,
26686,2.72146,
26687,2.90638,
26688,2.84706,
26689,2.96941,
26690,2.95407,
26691,2.66068,
26692,3.02125,
26693,3.10404,
26694,3.03258,
26695,2.96691,
26696,2.82631,
26697,3.10185,
26698,2.89121,
26699,2.61767,
26700,2.97342,
26701,2.93704,
26702,3.13562,
26703,2.94745,
26704,2.84058,
26705,2.95976,
26706,2.90141,
26707,2.86308,
26708,2.91558,
26709,2.91027,
26710,3.12888,
26711,3.0815,
26712,3.10122,
26713,2.92402,
26714,2.95367,
26715,2.91296,
26716,3.10276,
26717,3.08169,
26718,3.07259,
26719,3.07728,
26720,3.22592,
26721,2.94243,
26722,3.01711,
26723,3.00238,
26724,2.84769,
26725,3.07599,
26726,3.07661,
26727,3.17413,
26728,2.99931,
26729,2.74555,
26730,2.77511,
26731,2.96879,
26732,2.81415,
26733,2.86667,
26734,2.69823,
26735,2.87884,
26736,3.09292,
26737,3.08984,
26738,2.97052,
26739,3.12297,
26740,3.07651,
26741,3.07485,
26742,2.97355,
26743,3.12262,
26744,3.1127,
26745,3.1551,
26746,3.09489,
26747,3.0895,
26748,3.06166,
26749,2.98475,
26750,3.10263,
26751,2.73686,
26752,2.87428,
26753,3.08268,
26754,2.90463,
26755,3.00461,
26756,2.78999,
26757,2.88139,
26758,3.04499,
26759,2.78983,
26760,2.90926,
26761,2.83531,
26762,2.75119,
26763,2.9143,
26764,2.72259,
26765,2.78584,
26766,2.7818,
26767,2.94037,
26768,2.84768,
26769,3.00634,
26770,3.04163,
26771,2.97237,
26772,2.86335,
26773,2.886,
26774,2.87128,
26775,2.89814,
26776,2.82322,
26777,3.1071,
26778,2.9893,
26779,3.03303,
26780,3.12174,
26781,3.03123,
26782,2.91703,
26783,3.03069,
26784,2.95662,
26785,3.00546,
26786,3.03144,
26787,3.14206,
26788,3.2345,
26789,3.10465,
26790,3.03764,
26791,3.00796,
26792,2.9386,
26793,2.95114,
26794,2.84255,
26795,2.92203,
26796,2.78511,
26797,2.99896,
26798,2.89801,
26799,3.05386,
26800,2.8716,
26801,3.00178,
26802,3.12615,
26803,3.14069,
26804,3.24733,
26805,2.93268,
26806,2.78789,
26807,3.01563,
26808,2.74188,
26809,3.0297,
26810,3.01741,
26811,3.23154,
26812,3.23311,
26813,3.24727,
26814,2.96049,
26815,3.17477,
26816,3.06452,
26817,3.05593,
26818,3.00837,
26819,3.14944,
26820,2.90612,
26821,3.1545,
26822,2.76217,
26823,3.12933,
26824,3.1348,
26825,3.26673,
26826,2.99703,
26827,3.1148,
26828,3.11086,
26829,2.8923,
26830,3.08437,
26831,2.80997,
26832,2.90349,
26833,2.95473,
26834,3.20439,
26835,3.17511,
26836,2.75036,
26837,3.01026,
26838,2.95011,
26839,3.07466,
26840,3.04005,
26841,3.23755,
26842,3.08,
26843,2.95385,
26844,3.07334,
26845,3.10066,
26846,2.93543,
26847,2.86598,
26848,2.87649,
26849,3.10841,
26850,3.22325,
26851,3.19418,
26852,3.11936,
26853,3.0635,
26854,3.05759,
26855,2.90521,
26856,3.14331,
26857,2.97884,
26858,3.08302,
26859,3.0412,
26860,3.04383,
26861,3.01175,
26862,3.10581,
26863,3.07325,
26864,2.97605,
26865,3.05874,
26866,3.20057,
26867,2.85774,
26868,3.25365,
26869,3.1037,
26870,2.94234,
26871,2.89415,
26872,3.07765,
26873,3.05825,
26874,2.96702,
26875,2.96531,
26876,3.12998,
26877,2.90333,
26878,2.8842,
26879,2.99491,
26880,2.88519,
26881,2.89123,
26882,3.10067,
26883,3.1158,
26884,2.98329,
26885,2.9406,
26886,2.90335,
26887,3.09197,
26888,3.1209,
26889,2.7137,
26890,2.95778,
26891,2.95188,
26892,3.05707,
26893,3.08354,
26894,3.08188,
26895,2.87185,
26896,2.94201,
26897,3.05118,
26898,2.74251,
26899,2.82736,
26900,3.16389,
26901,2.98319,
26902,3.07649,
26903,2.84537,
26904,2.83395,
26905,3.01941,
26906,2.99707,
26907,2.86786,
26908,3.13035,
26909,3.03288,
26910,2.80294,
26911,2.90463,
26912,2.82303,
26913,2.94259,
26914,2.79905,
26915,2.86028,
26916,3.07365,
26917,2.97846,
26918,3.13536,
26919,3.19647,
26920,3.06529,
26921,3.14213,
26922,2.89728,
26923,3.01872,
26924,3.11761,
26925,3.06068,
26926,3.16869,
26927,3.27876,
26928,3.35733,
26929,4.17898,
26930,3.06881,
26931,3.05346,
26932,3.08668,
26933,3.063,
26934,2.9486,
26935,3.09217,
26936,3.01399,
26937,3.0612,
26938,2.98773,
26939,3.49735,
26940,3.04753,
26941,3.02556,
26942,2.67989,
26943,2.82368,
26944,3.10907,
26945,3.07826,
26946,3.17067,
26947,3.25591,
26948,3.10193,
26949,3.04631,
26950,3.065,
26951,2.99984,
26952,3.27303,
26953,3.03743,
26954,3.04144,
26955,3.20803,
26956,3.18787,
26957,3.08963,
26958,2.91122,
26959,2.96788,
26960,2.98834,
26961,2.97985,
26962,2.93529,
26963,2.7106,
26964,3.0925,
26965,2.97177,
26966,2.79424,
26967,2.82222,
26968,2.924,
26969,2.99634,
26970,3.02001,
26971,2.91668,
26972,3.0478,
26973,2.73184,
26974,2.93124,
26975,2.68559,
26976,3.06013,
26977,2.88439,
26978,2.89044,
26979,2.87608,
26980,2.9452,
26981,2.92944,
26982,2.88176,
26983,2.87154,
26984,2.78557,
26985,2.94903,
26986,2.9006,
26987,2.68904,
26988,2.75945,
26989,2.73209,
26990,2.95534,
26991,2.9532,
26992,2.88733,
26993,2.90216,
26994,2.96663,
26995,3.0099,
26996,2.72734,
26997,3.0821,
26998,2.89905,
26999,2.94157,
27000,2.91398,
27001,3.10903,
27002,3.20478,
27003,3.15719,
27004,2.91361,
27005,2.84211,
27006,3.23748,
27007,3.03334,
27008,3.042,
27009,2.9427,
27010,2.85493,
27011,2.88636,
27012,3.05426,
27013,2.63089,
27014,2.6867,
27015,2.52112,
27016,2.77384,
27017,2.93211,
27018,3.03288,
27019,3.01225,
27020,3.01072,
27021,2.95262,
27022,2.7492,
27023,2.85019,
27024,2.91336,
27025,3.1346,
27026,2.89775,
27027,2.87317,
27028,2.50736,
27029,2.57106,
27030,3.02432,
27031,2.71592,
27032,2.93888,
27033,2.67268,
27034,2.83956,
27035,2.68936,
27036,2.71692,
27037,2.72136,
27038,2.7585,
27039,2.71287,
27040,2.68957,
27041,2.73363,
27042,2.98292,
27043,2.62447,
27044,2.92618,
27045,2.84726,
27046,3.18635,
27047,3.20393,
27048,3.16968,
27049,3.23826,
27050,3.18711,
27051,3.16246,
27052,2.96987,
27053,2.7353,
27054,3.03966,
27055,2.85887,
27056,2.89363,
27057,3.11722,
27058,2.997,
27059,3.0699,
27060,2.98411,
27061,2.92712,
27062,2.84931,
27063,2.96675,
27064,3.04852,
27065,2.99323,
27066,2.96349,
27067,2.95034,
27068,2.81273,
27069,3.17785,
27070,2.85669,
27071,2.8378,
27072,2.96581,
27073,3.00438,
27074,2.86605,
27075,3.27709,
27076,3.10432,
27077,3.21461,
27078,3.01897,
27079,3.16269,
27080,3.11308,
27081,3.02516,
27082,3.07324,
27083,3.03417,
27084,3.02884,
27085,3.03864,
27086,3.09844,
27087,3.01383,
27088,2.83582,
27089,3.01995,
27090,2.90777,
27091,2.90435,
27092,2.67131,
27093,2.83316,
27094,2.68593,
27095,2.86791,
27096,2.94501,
27097,2.72205,
27098,2.82923,
27099,2.77213,
27100,2.96479,
27101,2.86227,
27102,2.90435,
27103,2.85803,
27104,3.02248,
27105,3.06672,
27106,3.0714,
27107,3.04325,
27108,3.09564,
27109,2.99916,
27110,3.11238,
27111,3.08113,
27112,3.07419,
27113,3.11357,
27114,2.98372,
27115,2.95913,
27116,2.73019,
27117,2.99606,
27118,2.97002,
27119,3.09981,
27120,2.99065,
27121,2.84785,
27122,2.95534,
27123,2.87066,
27124,2.93931,
27125,3.04845,
27126,3.11325,
27127,2.90429,
27128,2.86643,
27129,2.86361,
27130,3.14718,
27131,3.08904,
27132,3.13114,
27133,3.01854,
27134,3.20268,
27135,2.99883,
27136,3.07315,
27137,3.24685,
27138,3.01678,
27139,2.87333,
27140,2.84048,
27141,3.10443,
27142,3.11626,
27143,2.99648,
27144,3.01829,
27145,2.99489,
27146,3.1708,
27147,3.10488,
27148,3.31731,
27149,2.90773,
27150,2.94663,
27151,2.7379,
27152,2.89516,
27153,2.92219,
27154,2.91893,
27155,2.90682,
27156,3.11139,
27157,2.99927,
27158,2.94563,
27159,2.72151,
27160,2.8441,
27161,2.92688,
27162,2.9185,
27163,2.87409,
27164,3.22829,
27165,3.19715,
27166,3.21492,
27167,3.06735,
27168,2.9593,
27169,3.13661,
27170,2.85538,
27171,3.13811,
27172,3.24947,
27173,3.10354,
27174,3.16504,
27175,3.35192,
27176,3.44277,
27177,3.05026,
27178,3.11461,
27179,3.11322,
27180,3.23546,
27181,3.33968,
27182,3.13647,
27183,3.0498,
27184,3.00369,
27185,2.93483,
27186,3.02707,
27187,2.98599,
27188,3.03578,
27189,2.97111,
27190,2.85433,
27191,3.02667,
27192,3.42442,
27193,3.45648,
27194,3.43977,
27195,3.39702,
27196,3.38736,
27197,3.41307,
27198,3.37434,
27199,3.30235,
27200,3.34332,
27201,3.40112,
27202,3.3807,
27203,3.33812,
27204,3.31018,
27205,3.21882,
27206,3.33026,
27207,3.35382,
27208,3.3228,
27209,3.22449,
27210,3.16703,
27211,3.0702,
27212,3.33419,
27213,3.16018,
27214,3.10467,
27215,3.10039,
27216,3.09927,
27217,2.97243,
27218,3.14583,
27219,3.00096,
27220,3.04904,
27221,3.05207,
27222,2.90771,
27223,2.77723,
27224,3.07406,
27225,3.27815,
27226,3.13589,
27227,2.8634,
27228,3.0444,
27229,3.05407,
27230,2.95843,
27231,3.00987,
27232,3.07032,
27233,2.86146,
27234,2.98844,
27235,2.88215,
27236,2.85867,
27237,3.15447,
27238,3.04274,
27239,3.027,
27240,3.0265,
27241,2.92252,
27242,2.87453,
27243,2.82747,
27244,2.87721,
27245,3.03074,
27246,2.91863,
27247,2.83621,
27248,3.04692,
27249,2.95843,
27250,2.89278,
27251,2.94772,
27252,2.77161,
27253,2.74153,
27254,2.98009,
27255,2.74375,
27256,2.75882,
27257,2.84714,
27258,2.92749,
27259,2.81181,
27260,2.78863,
27261,2.86228,
27262,2.76847,
27263,2.88015,
27264,2.95815,
27265,2.99109,
27266,2.99073,
27267,3.02011,
27268,2.85282,
27269,3.04712,
27270,2.78233,
27271,2.96819,
27272,2.92121,
27273,2.87,
27274,3.1336,
27275,2.85532,
27276,2.82617,
27277,3.022,
27278,2.85181,
27279,2.73618,
27280,2.85449,
27281,3.12564,
27282,2.63222,
27283,2.7143,
27284,2.96997,
27285,2.73451,
27286,2.88056,
27287,2.80515,
27288,2.6979,
27289,2.67887,
27290,3.08686,
27291,3.0376,
27292,3.09935,
27293,2.95868,
27294,3.14426,
27295,3.04464,
27296,3.13395,
27297,3.03767,
27298,2.95299,
27299,3.03907,
27300,3.00835,
27301,3.03821,
27302,2.98173,
27303,2.97596,
27304,2.98378,
27305,2.70395,
27306,2.89482,
27307,2.9654,
27308,3.01075,
27309,2.98664,
27310,2.67766,
27311,2.89481,
27312,2.94391,
27313,2.82022,
27314,2.57797,
27315,2.7315,
27316,2.80029,
27317,2.78359,
27318,2.83482,
27319,2.58603,
27320,2.66919,
27321,2.62739,
27322,2.81155,
27323,2.92316,
27324,3.32273,
27325,3.27544,
27326,3.11272,
27327,3.02162,
27328,3.2057,
27329,3.2096,
27330,2.92532,
27331,3.0928,
27332,2.97078,
27333,2.9904,
27334,2.88891,
27335,3.25882,
27336,3.03951,
27337,2.96347,
27338,3.1494,
27339,3.1435,
27340,3.01171,
27341,3.12117,
27342,2.93672,
27343,3.10628,
27344,3.09546,
27345,2.9406,
27346,2.88792,
27347,2.9584,
27348,2.89061,
27349,3.12274,
27350,3.09685,
27351,3.00518,
27352,3.10954,
27353,2.97226,
27354,3.03858,
27355,3.1869,
27356,3.08118,
27357,3.0469,
27358,3.00378,
27359,3.06173,
27360,2.86676,
27361,2.97805,
27362,3.00055,
27363,3.11771,
27364,2.88285,
27365,2.96136,
27366,2.88482,
27367,3.08832,
27368,3.06343,
27369,3.02355,
27370,2.80417,
27371,2.99033,
27372,2.87857,
27373,2.80724,
27374,2.98588,
27375,3.06327,
27376,2.98322,
27377,2.81586,
27378,2.98125,
27379,3.00331,
27380,2.93287,
27381,2.92325,
27382,2.81325,
27383,2.86488,
27384,2.84616,
27385,2.98486,
27386,2.6762,
27387,2.7164,
27388,2.77652,
27389,2.86156,
27390,2.90409,
27391,2.81315,
27392,2.63689,
27393,2.80883,
27394,2.7373,
27395,2.87476,
27396,2.73273,
27397,2.794,
27398,2.98021,
27399,2.88716,
27400,2.95387,
27401,2.64557,
27402,2.80322,
27403,2.74408,
27404,2.84083,
27405,2.95307,
27406,2.63705,
27407,2.76418,
27408,2.64569,
27409,2.6124,
27410,2.84972,
27411,2.84581,
27412,2.79892,
27413,2.72813,
27414,2.9645,
27415,2.79604,
27416,2.96868,
27417,3.07346,
27418,3.083,
27419,3.03652,
27420,3.03379,
27421,3.27636,
27422,3.05621,
27423,2.94467,
27424,3.14491,
27425,2.96484,
27426,3.06676,
27427,3.17473,
27428,3.02648,
27429,3.00667,
27430,3.04675,
27431,2.79223,
27432,3.02948,
27433,2.9861,
27434,2.82968,
27435,2.95155,
27436,2.92172,
27437,2.73535,
27438,2.90379,
27439,2.95289,
27440,2.77585,
27441,2.85671,
27442,2.96748,
27443,3.09786,
27444,2.89384,
27445,2.96727,
27446,2.85801,
27447,3.24194,
27448,3.28814,
27449,3.27727,
27450,3.25975,
27451,3.33957,
27452,3.22423,
27453,3.17597,
27454,3.35481,
27455,3.16761,
27456,3.25046,
27457,3.26917,
27458,3.23936,
27459,3.10934,
27460,3.29322,
27461,3.23812,
27462,3.26767,
27463,3.29614,
27464,3.16553,
27465,3.18543,
27466,3.14083,
27467,3.21665,
27468,3.14893,
27469,3.26801,
27470,2.74431,
27471,2.84664,
27472,2.74585,
27473,2.61154,
27474,2.67036,
27475,2.60877,
27476,2.89642,
27477,2.45597,
27478,2.73943,
27479,2.66819,
27480,2.7877,
27481,2.75441,
27482,2.55098,
27483,2.60093,
27484,2.82963,
27485,2.94947,
27486,2.92545,
27487,2.63027,
27488,2.60231,
27489,3.1536,
27490,3.20863,
27491,3.11889,
27492,3.20613,
27493,3.13829,
27494,3.12377,
27495,3.04877,
27496,2.86946,
27497,2.98533,
27498,3.15219,
27499,2.99368,
27500,3.07124,
27501,3.18482,
27502,3.20598,
27503,3.07141,
27504,2.99647,
27505,2.8049,
27506,2.98544,
27507,2.95704,
27508,2.96126,
27509,2.73631,
27510,2.77065,
27511,2.68832,
27512,2.8507,
27513,2.93169,
27514,2.83514,
27515,3.01229,
27516,2.92099,
27517,3.00229,
27518,2.93005,
27519,3.12792,
27520,2.95029,
27521,2.86522,
27522,2.99003,
27523,2.75795,
27524,2.78153,
27525,2.78375,
27526,2.93348,
27527,3.05581,
27528,2.92929,
27529,2.74566,
27530,2.69315,
27531,2.63409,
27532,2.5525,
27533,2.60921,
27534,2.65294,
27535,2.90138,
27536,2.60008,
27537,2.64085,
27538,2.63787,
27539,2.89917,
27540,2.82234,
27541,3.01088,
27542,2.69207,
27543,3.14933,
27544,2.88037,
27545,3.13404,
27546,3.29808,
27547,3.05907,
27548,3.19866,
27549,3.08101,
27550,2.99961,
27551,3.1286,
27552,3.05373,
27553,2.951,
27554,2.82027,
27555,2.81519,
27556,2.94375,
27557,2.88084,
27558,2.96435,
27559,3.03536,
27560,2.85475,
27561,3.00588,
27562,2.77533,
27563,3.05634,
27564,3.0159,
27565,2.77444,
27566,2.69542,
27567,2.97635,
27568,2.68532,
27569,2.74226,
27570,2.69859,
27571,2.52668,
27572,2.59652,
27573,2.70315,
27574,3.17233,
27575,3.1428,
27576,3.30914,
27577,3.30248,
27578,3.31498,
27579,3.16838,
27580,2.93362,
27581,3.00138,
27582,2.97561,
27583,3.09907,
27584,3.37352,
27585,3.09449,
27586,3.11331,
27587,2.97518,
27588,2.91745,
27589,3.19251,
27590,3.20231,
27591,3.27236,
27592,3.04957,
27593,3.29124,
27594,2.95707,
27595,3.03017,
27596,2.97629,
27597,3.07875,
27598,2.90482,
27599,2.96749,
27600,2.87324,
27601,2.8208,
27602,3.0624,
27603,2.7715,
27604,2.82905,
27605,2.96889,
27606,3.00074,
27607,2.99159,
27608,2.87224,
27609,2.9324,
27610,2.81382,
27611,2.82912,
27612,2.74305,
27613,2.78415,
27614,2.90168,
27615,2.61757,
27616,2.72696,
27617,2.9529,
27618,2.8269,
27619,3.24794,
27620,3.28813,
27621,3.23517,
27622,3.32269,
27623,3.25242,
27624,3.16087,
27625,3.00231,
27626,3.12155,
27627,2.90377,
27628,2.90845,
27629,2.85184,
27630,2.88355,
27631,3.18313,
27632,3.14703,
27633,3.00054,
27634,3.16145,
27635,3.1605,
27636,2.82995,
27637,2.88654,
27638,2.9541,
27639,2.79925,
27640,2.94033,
27641,3.08883,
27642,3.05185,
27643,3.14023,
27644,3.26215,
27645,3.23695,
27646,2.74112,
27647,2.87174,
27648,3.06838,
27649,3.09284,
27650,3.07104,
27651,3.11203,
27652,3.21983,
27653,3.16157,
27654,3.24176,
27655,3.01021,
27656,2.99122,
27657,3.17226,
27658,2.85429,
27659,3.08817,
27660,3.08963,
27661,3.0574,
27662,3.02356,
27663,3.01731,
27664,3.2422,
27665,3.09008,
27666,3.16649,
27667,3.05563,
27668,3.1791,
27669,3.12726,
27670,3.14752,
27671,2.96117,
27672,3.03143,
27673,2.99972,
27674,2.87551,
27675,2.92182,
27676,2.87045,
27677,3.01751,
27678,2.95838,
27679,3.05914,
27680,2.75505,
27681,2.94106,
27682,3.07748,
27683,3.04707,
27684,2.87777,
27685,2.88049,
27686,3.09447,
27687,2.86418,
27688,3.08252,
27689,2.20828,
27690,3.1235,
27691,3.10824,
27692,3.23055,
27693,3.35076,
27694,3.51793,
27695,3.16644,
27696,3.19443,
27697,3.11085,
27698,3.22243,
27699,3.22032,
27700,3.22932,
27701,3.13787,
27702,2.95726,
27703,3.03756,
27704,3.04442,
27705,3.16624,
27706,2.95843,
27707,3.13894,
27708,3.21378,
27709,3.12191,
27710,3.09221,
27711,2.99825,
27712,3.07076,
27713,3.12852,
27714,3.11285,
27715,3.06612,
27716,3.08647,
27717,2.94291,
27718,3.21025,
27719,3.18339,
27720,2.93094,
27721,3.06526,
27722,2.88483,
27723,2.83747,
27724,2.83317,
27725,2.68881,
27726,3.02502,
27727,2.98588,
27728,2.81146,
27729,2.9078,
27730,3.05355,
27731,2.86833,
27732,2.82331,
27733,2.87154,
27734,2.80828,
27735,2.98375,
27736,2.83628,
27737,2.91444,
27738,3.06436,
27739,2.90327,
27740,3.0445,
27741,3.02653,
27742,2.91067,
27743,2.92118,
27744,2.96492,
27745,3.13146,
27746,3.01546,
27747,2.99304,
27748,3.001,
27749,3.12607,
27750,2.89889,
27751,2.7248,
27752,2.88701,
27753,2.84731,
27754,2.97836,
27755,2.96016,
27756,2.65016,
27757,3.02175,
27758,3.10838,
27759,3.00927,
27760,2.92416,
27761,2.82362,
27762,3.09639,
27763,2.89195,
27764,2.60893,
27765,2.95632,
27766,2.93062,
27767,3.13684,
27768,2.93013,
27769,2.80668,
27770,2.95588,
27771,2.90172,
27772,2.84869,
27773,2.89935,
27774,2.91126,
27775,3.11955,
27776,3.07203,
27777,3.08803,
27778,2.91338,
27779,2.94476,
27780,2.90866,
27781,3.10477,
27782,3.07897,
27783,3.06767,
27784,3.06727,
27785,3.21993,
27786,2.94172,
27787,3.0085,
27788,3.00149,
27789,2.83858,
27790,3.08271,
27791,3.06491,
27792,3.17669,
27793,2.97566,
27794,2.73499,
27795,2.75637,
27796,2.9613,
27797,2.81269,
27798,2.86571,
27799,2.69133,
27800,2.87201,
27801,3.08788,
27802,3.08752,
27803,2.95913,
27804,3.11291,
27805,3.06545,
27806,3.07126,
27807,2.95813,
27808,3.12558,
27809,3.09362,
27810,3.1516,
27811,3.06836,
27812,3.07721,
27813,3.07157,
27814,2.9728,
27815,3.09846,
27816,2.72756,
27817,2.87015,
27818,3.07325,
27819,2.90337,
27820,2.99758,
27821,2.7801,
27822,2.87092,
27823,3.03276,
27824,2.79145,
27825,2.89352,
27826,2.82732,
27827,2.74681,
27828,2.91852,
27829,2.72493,
27830,2.78799,
27831,2.77196,
27832,2.93531,
27833,2.83502,
27834,3.01371,
27835,3.03605,
27836,2.97756,
27837,2.84715,
27838,2.88129,
27839,2.84447,
27840,2.89404,
27841,2.80265,
27842,3.09872,
27843,2.97896,
27844,3.02592,
27845,3.12289,
27846,3.02421,
27847,2.91316,
27848,3.02181,
27849,2.94809,
27850,3.00476,
27851,3.02262,
27852,3.13158,
27853,3.22825,
27854,3.09375,
27855,3.02875,
27856,3.00502,
27857,2.92068,
27858,2.9428,
27859,2.84889,
27860,2.90865,
27861,2.77837,
27862,3.00074,
27863,2.89145,
27864,3.04167,
27865,2.86186,
27866,2.99162,
27867,3.11482,
27868,3.1322,
27869,3.2421,
27870,2.91393,
27871,2.77747,
27872,3.01465,
27873,2.73124,
27874,3.01475,
27875,2.99825,
27876,3.22186,
27877,3.22863,
27878,3.22676,
27879,2.94566,
27880,3.17886,
27881,3.05558,
27882,3.06991,
27883,2.9812,
27884,3.13905,
27885,2.89694,
27886,3.14983,
27887,2.75158,
27888,3.11723,
27889,3.1213,
27890,3.25278,
27891,2.98579,
27892,3.11533,
27893,3.1177,
27894,2.8878,
27895,3.0704,
27896,2.79734,
27897,2.91643,
27898,2.94799,
27899,3.18167,
27900,3.17946,
27901,2.73709,
27902,2.99873,
27903,2.94291,
27904,3.05791,
27905,3.03467,
27906,3.21542,
27907,3.0701,
27908,2.94673,
27909,3.06675,
27910,3.08721,
27911,2.93131,
27912,2.85774,
27913,2.85761,
27914,3.07293,
27915,3.22794,
27916,3.19289,
27917,3.11054,
27918,3.06114,
27919,3.0423,
27920,2.888,
27921,3.12003,
27922,2.9716,
27923,3.06394,
27924,3.03949,
27925,3.0341,
27926,3.01611,
27927,3.09865,
27928,3.06743,
27929,2.98704,
27930,3.05781,
27931,3.19134,
27932,2.85943,
27933,3.24607,
27934,3.1019,
27935,2.9417,
27936,2.89525,
27937,3.06649,
27938,3.05249,
27939,2.95366,
27940,2.95756,
27941,3.11653,
27942,2.88273,
27943,2.88063,
27944,2.99024,
27945,2.88762,
27946,2.8803,
27947,3.09483,
27948,3.11191,
27949,2.97477,
27950,2.91436,
27951,2.89851,
27952,3.0804,
27953,3.11378,
27954,2.70789,
27955,2.9353,
27956,2.94978,
27957,3.05257,
27958,3.0811,
27959,3.06902,
27960,2.88055,
27961,2.92332,
27962,3.03548,
27963,2.73617,
27964,2.81247,
27965,3.15374,
27966,2.97316,
27967,3.07592,
27968,2.83972,
27969,2.8204,
27970,3.01708,
27971,2.98339,
27972,2.85441,
27973,3.12409,
27974,3.02495,
27975,2.7771,
27976,2.90138,
27977,2.81975,
27978,2.94038,
27979,2.80762,
27980,2.85382,
27981,3.06316,
27982,2.96353,
27983,3.12889,
27984,3.19552,
27985,3.05713,
27986,3.14272,
27987,2.89734,
27988,3.00788,
27989,3.11164,
27990,3.04993,
27991,3.15348,
27992,3.27545,
27993,3.37962,
27994,4.17045,
27995,3.06055,
27996,3.03907,
27997,3.08503,
27998,3.06167,
27999,2.95283,
28000,3.08182,
28001,3.00205,
28002,3.05204,
28003,2.98719,
28004,3.4991,
28005,3.04779,
28006,3.01718,
28007,2.67367,
28008,2.81993,
28009,3.09005,
28010,3.06892,
28011,3.15123,
28012,3.25191,
28013,3.09551,
28014,3.04484,
28015,3.07176,
28016,2.99581,
28017,3.25952,
28018,3.0367,
28019,3.0175,
28020,3.19497,
28021,3.17704,
28022,3.07636,
28023,2.89272,
28024,2.96861,
28025,2.9641,
28026,2.96399,
28027,2.92544,
28028,2.71652,
28029,3.08613,
28030,2.95913,
28031,2.79161,
28032,2.81951,
28033,2.91458,
28034,2.98718,
28035,3.00418,
28036,2.9026,
28037,3.03201,
28038,2.72666,
28039,2.92295,
28040,2.67413,
28041,3.05889,
28042,2.87812,
28043,2.88452,
28044,2.86719,
28045,2.93644,
28046,2.9279,
28047,2.88491,
28048,2.85985,
28049,2.78064,
28050,2.93725,
28051,2.91102,
28052,2.66959,
28053,2.75125,
28054,2.71798,
28055,2.9437,
28056,2.95799,
28057,2.87917,
28058,2.8838,
28059,2.97194,
28060,2.98925,
28061,2.73208,
28062,3.06915,
28063,2.89768,
28064,2.92575,
28065,2.91683,
28066,3.09632,
28067,3.1869,
28068,3.1546,
28069,2.91106,
28070,2.84159,
28071,3.24285,
28072,3.02811,
28073,3.03174,
28074,2.95669,
28075,2.83618,
28076,2.86684,
28077,3.04367,
28078,2.6137,
28079,2.67601,
28080,2.52854,
28081,2.76334,
28082,2.92655,
28083,3.02032,
28084,3.00062,
28085,2.99291,
28086,2.93878,
28087,2.74211,
28088,2.8451,
28089,2.91359,
28090,3.12044,
28091,2.89981,
28092,2.85909,
28093,2.50764,
28094,2.55679,
28095,3.02356,
28096,2.71626,
28097,2.92519,
28098,2.67523,
28099,2.82638,
28100,2.67368,
28101,2.73685,
28102,2.72239,
28103,2.74778,
28104,2.7122,
28105,2.6969,
28106,2.72847,
28107,2.97519,
28108,2.62703,
28109,2.91738,
28110,2.83803,
28111,3.17594,
28112,3.1867,
28113,3.15947,
28114,3.2224,
28115,3.16879,
28116,3.15332,
28117,2.96976,
28118,2.72729,
28119,3.03559,
28120,2.85431,
28121,2.89398,
28122,3.11423,
28123,2.97994,
28124,3.06788,
28125,2.991,
28126,2.90891,
28127,2.83961,
28128,2.94889,
28129,3.04489,
28130,2.98193,
28131,2.95511,
28132,2.93392,
28133,2.80346,
28134,3.17796,
28135,2.85041,
28136,2.83016,
28137,2.95768,
28138,3.00707,
28139,2.84502,
28140,3.2747,
28141,3.09388,
28142,3.18716,
28143,3.00873,
28144,3.14948,
28145,3.10268,
28146,3.01418,
28147,3.06478,
28148,3.02121,
28149,3.01325,
28150,3.04679,
28151,3.08273,
28152,2.99752,
28153,2.82227,
28154,3.01041,
28155,2.89919,
28156,2.89376,
28157,2.65798,
28158,2.81775,
28159,2.69836,
28160,2.85357,
28161,2.94001,
28162,2.7204,
28163,2.806,
28164,2.75517,
28165,2.95781,
28166,2.84871,
28167,2.89929,
28168,2.85268,
28169,3.01433,
28170,3.07334,
28171,3.06094,
28172,3.02882,
28173,3.08668,
28174,2.99012,
28175,3.10361,
28176,3.07076,
28177,3.05054,
28178,3.10983,
28179,2.97403,
28180,2.95545,
28181,2.73348,
28182,2.98945,
28183,2.9646,
28184,3.07893,
28185,2.98469,
28186,2.84534,
28187,2.95273,
28188,2.86519,
28189,2.92701,
28190,3.05278,
28191,3.11165,
28192,2.90704,
28193,2.85559,
28194,2.85237,
28195,3.13604,
28196,3.07861,
28197,3.12121,
28198,3.00085,
28199,3.17464,
28200,2.98924,
28201,3.06699,
28202,3.22991,
28203,3.00204,
28204,2.86966,
28205,2.84201,
28206,3.09432,
28207,3.09902,
28208,2.99248,
28209,3.00575,
28210,2.98421,
28211,3.16015,
28212,3.09971,
28213,3.30866,
28214,2.89326,
28215,2.95542,
28216,2.7276,
28217,2.9003,
28218,2.91069,
28219,2.92509,
28220,2.90325,
28221,3.10478,
28222,3.00063,
28223,2.93992,
28224,2.73068,
28225,2.83668,
28226,2.91102,
28227,2.9105,
28228,2.88119,
28229,3.20115,
28230,3.18162,
28231,3.20483,
28232,3.04639,
28233,2.95554,
28234,3.12226,
28235,2.84153,
28236,3.13304,
28237,3.22956,
28238,3.09524,
28239,3.14221,
28240,3.34762,
28241,3.44003,
28242,3.04719,
28243,3.1013,
28244,3.11316,
28245,3.21977,
28246,3.32756,
28247,3.11293,
28248,3.03376,
28249,3.00206,
28250,2.91955,
28251,3.01013,
28252,2.98042,
28253,3.01934,
28254,2.96362,
28255,2.84505,
28256,3.02209,
28257,3.40695,
28258,3.44316,
28259,3.43487,
28260,3.3927,
28261,3.3827,
28262,3.39078,
28263,3.36364,
28264,3.29095,
28265,3.3253,
28266,3.38296,
28267,3.37285,
28268,3.33713,
28269,3.29905,
28270,3.21032,
28271,3.31819,
28272,3.35285,
28273,3.32028,
28274,3.211,
28275,3.16339,
28276,3.04049,
28277,3.31747,
28278,3.15112,
28279,3.08813,
28280,3.10203,
28281,3.09118,
28282,2.96072,
28283,3.13248,
28284,3.00592,
28285,3.04059,
28286,3.04903,
28287,2.88602,
28288,2.7747,
28289,3.06795,
28290,3.25454,
28291,3.12146,
28292,2.86333,
28293,3.02543,
28294,3.05266,
28295,2.9485,
28296,3.00368,
28297,3.05937,
28298,2.86827,
28299,2.96741,
28300,2.86779,
28301,2.84841,
28302,3.14506,
28303,3.02881,
28304,3.00714,
28305,3.0052,
28306,2.92642,
28307,2.86782,
28308,2.82619,
28309,2.8771,
28310,3.02331,
28311,2.92359,
28312,2.83084,
28313,3.04383,
28314,2.9638,
28315,2.87201,
28316,2.95354,
28317,2.76293,
28318,2.72881,
28319,2.97082,
28320,2.71491,
28321,2.76479,
28322,2.84565,
28323,2.91136,
28324,2.81059,
28325,2.78429,
28326,2.86177,
28327,2.75878,
28328,2.87334,
28329,2.92382,
28330,2.98637,
28331,2.98664,
28332,3.00898,
28333,2.82343,
28334,3.0507,
28335,2.77169,
28336,2.96577,
28337,2.91197,
28338,2.86833,
28339,3.12482,
28340,2.85127,
28341,2.81473,
28342,3.0117,
28343,2.84333,
28344,2.72916,
28345,2.85678,
28346,3.09862,
28347,2.62585,
28348,2.70533,
28349,2.96171,
28350,2.73656,
28351,2.86452,
28352,2.79541,
28353,2.7106,
28354,2.67428,
28355,3.06749,
28356,3.01855,
28357,3.07902,
28358,2.94226,
28359,3.14022,
28360,3.04058,
28361,3.13418,
28362,3.02197,
28363,2.94617,
28364,3.03477,
28365,3.00761,
28366,3.02942,
28367,2.96962,
28368,2.97281,
28369,2.9688,
28370,2.70207,
28371,2.88354,
28372,2.96052,
28373,3.01013,
28374,2.98689,
28375,2.67531,
28376,2.88639,
28377,2.9357,
28378,2.81932,
28379,2.58302,
28380,2.73786,
28381,2.80394,
28382,2.77395,
28383,2.83341,
28384,2.58564,
28385,2.66774,
28386,2.62448,
28387,2.8053,
28388,2.92386,
28389,3.30673,
28390,3.2606,
28391,3.10365,
28392,3.02593,
28393,3.21443,
28394,3.20347,
28395,2.92249,
28396,3.08556,
28397,2.96917,
28398,2.96839,
28399,2.88147,
28400,3.24421,
28401,3.02741,
28402,2.95993,
28403,3.13651,
28404,3.13352,
28405,3.00054,
28406,3.10435,
28407,2.92326,
28408,3.08367,
28409,3.09439,
28410,2.92634,
28411,2.8923,
28412,2.93242,
28413,2.88014,
28414,3.12604,
28415,3.06801,
28416,2.99297,
28417,3.08611,
28418,2.96755,
28419,3.02003,
28420,3.17079,
28421,3.06622,
28422,3.03379,
28423,2.99756,
28424,3.04377,
28425,2.86065,
28426,2.96873,
28427,2.98038,
28428,3.11569,
28429,2.87808,
28430,2.95558,
28431,2.88772,
28432,3.08273,
28433,3.04479,
28434,3.01907,
28435,2.78725,
28436,2.98,
28437,2.87396,
28438,2.80404,
28439,2.9788,
28440,3.06251,
28441,2.98747,
28442,2.81232,
28443,2.94178,
28444,2.99062,
28445,2.927,
28446,2.92225,
28447,2.80168,
28448,2.8588,
28449,2.83066,
28450,2.96873,
28451,2.68018,
28452,2.70451,
28453,2.75691,
28454,2.84608,
28455,2.89371,
28456,2.7967,
28457,2.64541,
28458,2.7936,
28459,2.72883,
28460,2.86544,
28461,2.72482,
28462,2.79611,
28463,2.98432,
28464,2.88433,
28465,2.93756,
28466,2.63994,
28467,2.80034,
28468,2.7397,
28469,2.83903,
28470,2.95386,
28471,2.63899,
28472,2.76503,
28473,2.64463,
28474,2.59834,
28475,2.82681,
28476,2.83331,
28477,2.79923,
28478,2.72258,
28479,2.96196,
28480,2.77688,
28481,2.94821,
28482,3.06196,
28483,3.06057,
28484,3.02913,
28485,3.02731,
28486,3.26866,
28487,3.04684,
28488,2.93377,
28489,3.13112,
28490,2.95393,
28491,3.05861,
28492,3.15392,
28493,3.00918,
28494,2.99718,
28495,3.02945,
28496,2.79473,
28497,3.02588,
28498,2.97714,
28499,2.83318,
28500,2.95431,
28501,2.9131,
28502,2.7366,
28503,2.89522,
28504,2.94746,
28505,2.78538,
28506,2.85032,
28507,2.94216,
28508,3.09129,
28509,2.87919,
28510,2.97014,
28511,2.85954,
28512,3.22139,
28513,3.28076,
28514,3.26216,
28515,3.256,
28516,3.32742,
28517,3.21934,
28518,3.16664,
28519,3.33833,
28520,3.16432,
28521,3.23204,
28522,3.26321,
28523,3.23017,
28524,3.11494,
28525,3.28859,
28526,3.23456,
28527,3.25855,
28528,3.28378,
28529,3.17985,
28530,3.178,
28531,3.13001,
28532,3.21067,
28533,3.12272,
28534,3.25038,
28535,2.72634,
28536,2.83208,
28537,2.7323,
28538,2.60532,
28539,2.66707,
28540,2.60839,
28541,2.89251,
28542,2.4436,
28543,2.70285,
28544,2.6666,
28545,2.78637,
28546,2.75384,
28547,2.54592,
28548,2.6008,
28549,2.81975,
28550,2.93158,
28551,2.89792,
28552,2.63689,
28553,2.59078,
28554,3.1399,
28555,3.19438,
28556,3.10874,
28557,3.20217,
28558,3.13024,
28559,3.12787,
28560,3.03473,
28561,2.85996,
28562,2.97433,
28563,3.14125,
28564,2.97879,
28565,3.07266,
28566,3.17816,
28567,3.19185,
28568,3.06525,
28569,2.98228,
28570,2.78855,
28571,2.98055,
28572,2.95892,
28573,2.94772,
28574,2.74507,
28575,2.76719,
28576,2.68163,
28577,2.85144,
28578,2.92348,
28579,2.8267,
28580,2.99307,
28581,2.91455,
28582,2.98993,
28583,2.91535,
28584,3.12192,
28585,2.9427,
28586,2.85951,
28587,2.98073,
28588,2.74462,
28589,2.76825,
28590,2.78557,
28591,2.9266,
28592,3.05127,
28593,2.92722,
28594,2.73864,
28595,2.69267,
28596,2.61492,
28597,2.54447,
28598,2.61057,
28599,2.63202,
28600,2.8824,
28601,2.60257,
28602,2.64264,
28603,2.64829,
28604,2.88965,
28605,2.80567,
28606,3.00722,
28607,2.6652,
28608,3.13939,
28609,2.86397,
28610,3.11855,
28611,3.26745,
28612,3.05635,
28613,3.19267,
28614,3.05807,
28615,2.99807,
28616,3.12226,
28617,3.04356,
28618,2.92972,
28619,2.8159,
28620,2.78112,
28621,2.92842,
28622,2.87698,
28623,2.96663,
28624,3.01333,
28625,2.85327,
28626,2.98657,
28627,2.7791,
28628,3.03214,
28629,2.99139,
28630,2.76311,
28631,2.68593,
28632,2.97531,
28633,2.65849,
28634,2.71798,
28635,2.7019,
28636,2.53196,
28637,2.59325,
28638,2.68576,
28639,3.15364,
28640,3.13624,
28641,3.30692,
28642,3.29657,
28643,3.2947,
28644,3.16539,
28645,2.92671,
28646,2.99599,
28647,2.96816,
28648,3.09166,
28649,3.35985,
28650,3.0852,
28651,3.10185,
28652,2.96684,
28653,2.91559,
28654,3.1897,
28655,3.19414,
28656,3.26091,
28657,3.05909,
28658,3.28111,
28659,2.93585,
28660,3.02462,
28661,2.95127,
28662,3.08009,
28663,2.8996,
28664,2.95422,
28665,2.86231,
28666,2.8099,
28667,3.05652,
28668,2.76226,
28669,2.81314,
28670,2.94291,
28671,2.97963,
28672,2.98556,
28673,2.8672,
28674,2.92437,
28675,2.80395,
28676,2.82526,
28677,2.72883,
28678,2.77076,
28679,2.8926,
28680,2.60741,
28681,2.70926,
28682,2.95283,
28683,2.81734,
28684,3.24489,
28685,3.26859,
28686,3.2269,
28687,3.32079,
28688,3.23452,
28689,3.16411,
28690,2.99747,
28691,3.11099,
28692,2.89965,
28693,2.90067,
28694,2.85295,
28695,2.87285,
28696,3.17997,
28697,3.13602,
28698,3.00203,
28699,3.14416,
28700,3.15913,
28701,2.8336,
28702,2.90409,
28703,2.93665,
28704,2.80352,
28705,2.92597,
28706,3.0645,
28707,3.03667,
28708,3.13486,
28709,3.26663,
28710,3.23053,
28711,2.73024,
28712,2.87412,
28713,3.05345,
28714,3.09129,
28715,3.05938,
28716,3.09541,
28717,3.20948,
28718,3.15242,
28719,3.23183,
28720,3.00391,
28721,2.99579,
28722,3.16417,
28723,2.83027,
28724,3.07386,
28725,3.0917,
28726,3.05028,
28727,2.99975,
28728,3.01144,
28729,3.24507,
28730,3.07523,
28731,3.1731,
28732,3.04725,
28733,3.16929,
28734,3.12843,
28735,3.14505,
28736,2.96065,
28737,3.02113,
28738,2.99008,
28739,2.86119,
28740,2.91693,
28741,2.87723,
28742,3.00172,
28743,2.96016,
28744,3.05802,
28745,2.74542,
28746,2.9342,
28747,3.06466,
28748,3.03079,
28749,2.86178,
28750,2.86581,
28751,3.08894,
28752,2.85635,
28753,3.07708,
28754,2.18471,
28755,3.10574,
28756,3.09558,
28757,3.21822,
28758,3.32821,
28759,3.50723,
28760,3.15255,
28761,3.19005,
28762,3.09413,
28763,3.2199,
28764,3.20544,
28765,3.22538,
28766,3.12043,
28767,2.9524,
28768,3.027,
28769,3.04253,
28770,3.15319,
28771,2.95224,
28772,3.13102,
28773,3.20142,
28774,3.10767,
28775,3.09084,
28776,2.98844,
28777,3.05696,
28778,3.11976,
28779,3.10606,
28780,3.05282,
28781,3.0806,
28782,2.93889,
28783,3.20023,
28784,3.17728,
28785,2.91833,
28786,3.05471,
28787,2.87157,
28788,2.83517,
28789,2.81591,
28790,2.66936,
28791,3.02778,
28792,2.97085,
28793,2.79586,
28794,2.89907,
28795,3.04395,
28796,2.86424,
28797,2.82614,
28798,2.87103,
28799,2.81078,
28800,2.98037,
28801,2.82742,
28802,2.90467,
28803,3.06798,
28804,2.89749,
28805,3.03507,
28806,3.00166,
28807,2.90177,
28808,2.9142,
28809,2.96827,
28810,3.12526,
28811,3.00129,
28812,2.98267,
28813,2.99503,
28814,3.09945,
28815,2.90046,
28816,2.71145,
28817,2.87831,
28818,2.83818,
28819,2.96386,
28820,2.94907,
28821,2.65658,
28822,3.02292,
28823,3.10216,
28824,3.0249,
28825,2.9245,
28826,2.82025,
28827,3.08579,
28828,2.88429,
28829,2.60432,
28830,2.95152,
28831,2.92307,
28832,3.13119,
28833,2.93572,
28834,2.80052,
28835,2.94699,
28836,2.90468,
28837,2.85765,
28838,2.90225,
28839,2.89332,
28840,3.10182,
28841,3.05947,
28842,3.07616,
28843,2.88729,
28844,2.9299,
28845,2.89343,
28846,3.08224,
28847,3.07671,
28848,3.06117,
28849,3.06695,
28850,3.20763,
28851,2.92443,
28852,3.01566,
28853,2.99385,
28854,2.85036,
28855,3.06525,
28856,3.05663,
28857,3.15383,
28858,2.97172,
28859,2.72689,
28860,2.75319,
28861,2.94843,
28862,2.80232,
28863,2.85174,
28864,2.68169,
28865,2.87256,
28866,3.06868,
28867,3.08131,
28868,2.94919,
28869,3.10466,
28870,3.03931,
28871,3.06536,
28872,2.95135,
28873,3.11196,
28874,3.09461,
28875,3.14008,
28876,3.06829,
28877,3.0716,
28878,3.04189,
28879,2.96873,
28880,3.09262,
28881,2.72348,
28882,2.87712,
28883,3.06126,
28884,2.89503,
28885,2.99221,
28886,2.77232,
28887,2.87646,
28888,3.02982,
28889,2.77601,
28890,2.88958,
28891,2.81762,
28892,2.73696,
28893,2.91422,
28894,2.71185,
28895,2.78283,
28896,2.7713,
28897,2.93344,
28898,2.82406,
28899,3.00672,
28900,3.03339,
28901,2.95951,
28902,2.84452,
28903,2.86373,
28904,2.84852,
28905,2.86955,
28906,2.78112,
28907,3.08535,
28908,2.97292,
28909,3.01501,
28910,3.10754,
28911,3.0125,
28912,2.89368,
28913,3.00941,
28914,2.94283,
28915,2.99065,
28916,3.01788,
28917,3.12422,
28918,3.22027,
28919,3.08235,
28920,3.03242,
28921,2.99475,
28922,2.90991,
28923,2.94068,
28924,2.82077,
28925,2.91664,
28926,2.77337,
28927,2.98331,
28928,2.8782,
28929,3.03354,
28930,2.86752,
28931,2.98664,
28932,3.10848,
28933,3.12642,
28934,3.2358,
28935,2.91655,
28936,2.76123,
28937,3.0113,
28938,2.73881,
28939,3.00874,
28940,2.98359,
28941,3.21727,
28942,3.22522,
28943,3.22073,
28944,2.93751,
28945,3.15905,
28946,3.04528,
28947,3.03947,
28948,2.97556,
28949,3.13201,
28950,2.89165,
28951,3.14856,
28952,2.73392,
28953,3.10606,
28954,3.10845,
28955,3.25104,
28956,2.97457,
28957,3.10019,
28958,3.10867,
28959,2.88279,
28960,3.06997,
28961,2.78523,
28962,2.89689,
28963,2.94799,
28964,3.18584,
28965,3.15867,
28966,2.74203,
28967,2.99308,
28968,2.9299,
28969,3.06196,
28970,3.04817,
28971,3.21229,
28972,3.06795,
28973,2.93593,
28974,3.07201,
28975,3.08952,
28976,2.91558,
28977,2.85117,
28978,2.84993,
28979,3.06401,
28980,3.19409,
28981,3.18057,
28982,3.10576,
28983,3.04825,
28984,3.02604,
28985,2.87998,
28986,3.1131,
28987,2.96452,
28988,3.05651,
28989,3.02537,
28990,3.0215,
28991,3.00815,
28992,3.10051,
28993,3.07782,
28994,2.96287,
28995,3.03614,
28996,3.17219,
28997,2.86384,
28998,3.23827,
28999,3.09633,
29000,2.93695,
29001,2.87111,
29002,3.06467,
29003,3.04251,
29004,2.94556,
29005,2.93967,
29006,3.1109,
29007,2.88683,
29008,2.86617,
29009,2.9787,
29010,2.87557,
29011,2.86412,
29012,3.0814,
29013,3.10347,
29014,2.95448,
29015,2.90835,
29016,2.8886,
29017,3.0733,
29018,3.10242,
29019,2.70324,
29020,2.93651,
29021,2.93607,
29022,3.04267,
29023,3.08365,
29024,3.06619,
29025,2.85965,
29026,2.91068,
29027,3.0353,
29028,2.72963,
29029,2.8181,
29030,3.14446,
29031,2.97004,
29032,3.05331,
29033,2.81175,
29034,2.80697,
29035,3.02106,
29036,2.9747,
29037,2.83969,
29038,3.11714,
29039,3.01076,
29040,2.77191,
29041,2.88942,
29042,2.81011,
29043,2.937,
29044,2.78345,
29045,2.84051,
29046,3.03741,
29047,2.95384,
29048,3.13099,
29049,3.17573,
29050,3.03861,
29051,3.13261,
29052,2.88015,
29053,3.00552,
29054,3.10745,
29055,3.04763,
29056,3.15998,
29057,3.25949,
29058,3.35506,
29059,4.15478,
29060,3.03595,
29061,3.04129,
29062,3.06746,
29063,3.04404,
29064,2.9372,
29065,3.08322,
29066,3.00091,
29067,3.04654,
29068,2.97728,
29069,3.49384,
29070,3.03499,
29071,3.00746,
29072,2.66971,
29073,2.80677,
29074,3.10162,
29075,3.0665,
29076,3.14779,
29077,3.24258,
29078,3.08717,
29079,3.0306,
29080,3.04725,
29081,2.98461,
29082,3.25062,
29083,3.02488,
29084,3.01144,
29085,3.18957,
29086,3.15829,
29087,3.07197,
29088,2.8825,
29089,2.94512,
29090,2.95528,
29091,2.96016,
29092,2.92052,
29093,2.69319,
29094,3.07939,
29095,2.95067,
29096,2.78671,
29097,2.80145,
29098,2.91096,
29099,2.98116,
29100,3.00179,
29101,2.89486,
29102,3.02967,
29103,2.7235,
29104,2.92416,
29105,2.67382,
29106,3.0519,
29107,2.86827,
29108,2.87665,
29109,2.84769,
29110,2.91506,
29111,2.90884,
29112,2.86609,
29113,2.84472,
29114,2.77083,
29115,2.92562,
29116,2.88939,
29117,2.67504,
29118,2.7491,
29119,2.71746,
29120,2.93948,
29121,2.94431,
29122,2.87427,
29123,2.88498,
29124,2.94845,
29125,2.98402,
29126,2.72105,
29127,3.06333,
29128,2.89313,
29129,2.9332,
29130,2.89288,
29131,3.08518,
29132,3.18569,
29133,3.14051,
29134,2.89556,
29135,2.83809,
29136,3.22216,
29137,3.02262,
29138,3.02962,
29139,2.94246,
29140,2.8353,
29141,2.8548,
29142,3.03573,
29143,2.60536,
29144,2.66762,
29145,2.51314,
29146,2.76067,
29147,2.93204,
29148,3.01824,
29149,2.98524,
29150,2.98208,
29151,2.92711,
29152,2.738,
29153,2.8371,
29154,2.9011,
29155,3.12005,
29156,2.88474,
29157,2.8515,
29158,2.49288,
29159,2.55712,
29160,3.01688,
29161,2.7133,
29162,2.93544,
29163,2.66191,
29164,2.8199,
29165,2.68365,
29166,2.71073,
29167,2.71738,
29168,2.74316,
29169,2.70257,
29170,2.67568,
29171,2.71512,
29172,2.98379,
29173,2.63167,
29174,2.91073,
29175,2.83035,
29176,3.17268,
29177,3.17603,
29178,3.13883,
29179,3.2162,
29180,3.15686,
29181,3.14879,
29182,2.93935,
29183,2.73156,
29184,3.03075,
29185,2.84827,
29186,2.8914,
29187,3.11228,
29188,2.98388,
29189,3.07025,
29190,2.97556,
29191,2.91138,
29192,2.83554,
29193,2.93841,
29194,3.03383,
29195,2.9852,
29196,2.94867,
29197,2.928,
29198,2.8012,
29199,3.16167,
29200,2.84395,
29201,2.81711,
29202,2.95489,
29203,2.98853,
29204,2.8497,
29205,3.25834,
29206,3.09931,
29207,3.17685,
29208,3.00655,
29209,3.15629,
29210,3.10666,
29211,3.00253,
29212,3.05842,
29213,3.0022,
29214,3.01312,
29215,3.01839,
29216,3.06346,
29217,2.99125,
29218,2.82157,
29219,2.99829,
29220,2.89182,
29221,2.8781,
29222,2.65418,
29223,2.8051,
29224,2.66333,
29225,2.84766,
29226,2.92409,
29227,2.69811,
29228,2.80617,
29229,2.74899,
29230,2.9474,
29231,2.84157,
29232,2.88613,
29233,2.8276,
29234,3.00219,
29235,3.0479,
29236,3.04052,
29237,3.02116,
29238,3.08086,
29239,2.99202,
29240,3.10797,
29241,3.07316,
29242,3.04501,
29243,3.09636,
29244,2.99327,
29245,2.9653,
29246,2.72008,
29247,2.99214,
29248,2.95338,
29249,3.0641,
29250,2.97817,
29251,2.83034,
29252,2.93512,
29253,2.86302,
29254,2.91192,
29255,3.02901,
29256,3.09504,
29257,2.89646,
29258,2.85608,
29259,2.83913,
29260,3.1235,
29261,3.07103,
29262,3.11343,
29263,2.98383,
29264,3.18179,
29265,2.98875,
29266,3.0634,
29267,3.2159,
29268,3.00156,
29269,2.86671,
29270,2.83873,
29271,3.10061,
29272,3.10557,
29273,2.98368,
29274,2.99679,
29275,2.98358,
29276,3.16124,
29277,3.08138,
29278,3.2999,
29279,2.91742,
29280,2.94245,
29281,2.71795,
29282,2.88295,
29283,2.90894,
29284,2.90851,
29285,2.91348,
29286,3.09301,
29287,2.98968,
29288,2.93121,
29289,2.71439,
29290,2.82531,
29291,2.89936,
29292,2.90888,
29293,2.86486,
29294,3.18814,
29295,3.17579,
29296,3.19226,
29297,3.03644,
29298,2.9376,
29299,3.11908,
29300,2.84394,
29301,3.11366,
29302,3.21633,
29303,3.10555,
29304,3.13034,
29305,3.34361,
29306,3.42447,
29307,3.049,
29308,3.10183,
29309,3.09969,
29310,3.21687,
29311,3.32386,
29312,3.10644,
29313,3.01623,
29314,2.9962,
29315,2.9097,
29316,3.00314,
29317,2.98093,
29318,3.00957,
29319,2.96257,
29320,2.85096,
29321,3.0119,
29322,3.41699,
29323,3.444,
29324,3.41463,
29325,3.37905,
29326,3.37212,
29327,3.38414,
29328,3.36464,
29329,3.27831,
29330,3.33113,
29331,3.38795,
29332,3.37031,
29333,3.32383,
29334,3.29997,
29335,3.21315,
29336,3.31847,
29337,3.3335,
29338,3.31417,
29339,3.21906,
29340,3.15779,
29341,3.02634,
29342,3.30459,
29343,3.13888,
29344,3.08078,
29345,3.07503,
29346,3.07173,
29347,2.95836,
29348,3.11613,
29349,2.9815,
29350,3.04271,
29351,3.02945,
29352,2.8846,
29353,2.77339,
29354,3.07275,
29355,3.25654,
29356,3.10802,
29357,2.84312,
29358,3.02234,
29359,3.05563,
29360,2.95364,
29361,3.00652,
29362,3.04365,
29363,2.84487,
29364,2.95717,
29365,2.86446,
29366,2.85342,
29367,3.13219,
29368,3.02038,
29369,3.00665,
29370,3.00178,
29371,2.90646,
29372,2.86059,
29373,2.81691,
29374,2.87725,
29375,3.02056,
29376,2.90488,
29377,2.83331,
29378,3.04141,
29379,2.95435,
29380,2.86719,
29381,2.93231,
29382,2.76916,
29383,2.73621,
29384,2.97979,
29385,2.7124,
29386,2.75191,
29387,2.83652,
29388,2.90584,
29389,2.79393,
29390,2.7786,
29391,2.85794,
29392,2.75887,
29393,2.85782,
29394,2.92201,
29395,2.97671,
29396,2.96677,
29397,2.98979,
29398,2.81795,
29399,3.03039,
29400,2.7653,
29401,2.95009,
29402,2.91414,
29403,2.86032,
29404,3.1224,
29405,2.84492,
29406,2.80472,
29407,3.00708,
29408,2.83754,
29409,2.73966,
29410,2.84898,
29411,3.09501,
29412,2.62274,
29413,2.70174,
29414,2.95009,
29415,2.7247,
29416,2.85837,
29417,2.79369,
29418,2.68911,
29419,2.66982,
29420,3.05768,
29421,3.01739,
29422,3.06452,
29423,2.92854,
29424,3.12825,
29425,3.0297,
29426,3.1219,
29427,3.01612,
29428,2.93709,
29429,3.03386,
29430,2.99039,
29431,3.01596,
29432,2.97314,
29433,2.97738,
29434,2.9742,
29435,2.68541,
29436,2.88537,
29437,2.96083,
29438,2.99233,
29439,2.98069,
29440,2.67495,
29441,2.88424,
29442,2.93745,
29443,2.82332,
29444,2.58682,
29445,2.73297,
29446,2.78883,
29447,2.76785,
29448,2.83431,
29449,2.57484,
29450,2.67381,
29451,2.61556,
29452,2.80272,
29453,2.91963,
29454,3.30458,
29455,3.25286,
29456,3.10401,
29457,3.01448,
29458,3.18608,
29459,3.18936,
29460,2.9106,
29461,3.06812,
29462,2.95059,
29463,2.96028,
29464,2.87093,
29465,3.23165,
29466,3.01625,
29467,2.95632,
29468,3.13215,
29469,3.1129,
29470,3.00311,
29471,3.09874,
29472,2.928,
29473,3.0714,
29474,3.07964,
29475,2.91211,
29476,2.89042,
29477,2.92882,
29478,2.85906,
29479,3.10311,
29480,3.06145,
29481,2.96652,
29482,3.07762,
29483,2.96514,
29484,3.00755,
29485,3.16687,
29486,3.08349,
29487,3.01685,
29488,2.97617,
29489,3.04019,
29490,2.84671,
29491,2.95671,
29492,2.99237,
29493,3.11432,
29494,2.87209,
29495,2.95273,
29496,2.88544,
29497,3.06878,
29498,3.0392,
29499,3.02421,
29500,2.78264,
29501,2.97702,
29502,2.86698,
29503,2.80067,
29504,2.9835,
29505,3.03966,
29506,2.98877,
29507,2.79059,
29508,2.92878,
29509,2.97756,
29510,2.91138,
29511,2.90333,
29512,2.79373,
29513,2.85231,
29514,2.8289,
29515,2.96739,
29516,2.65901,
29517,2.69458,
29518,2.76326,
29519,2.83673,
29520,2.88057,
29521,2.80468,
29522,2.63758,
29523,2.7781,
29524,2.73355,
29525,2.86421,
29526,2.72436,
29527,2.77789,
29528,2.97129,
29529,2.873,
29530,2.93716,
29531,2.63722,
29532,2.8001,
29533,2.73625,
29534,2.82299,
29535,2.94272,
29536,2.64508,
29537,2.75043,
29538,2.64534,
29539,2.59663,
29540,2.82819,
29541,2.82497,
29542,2.784,
29543,2.7108,
29544,2.95935,
29545,2.78737,
29546,2.95056,
29547,3.04853,
29548,3.05835,
29549,3.01283,
29550,3.01859,
29551,3.26616,
29552,3.04722,
29553,2.93434,
29554,3.13231,
29555,2.94956,
29556,3.04907,
29557,3.15861,
29558,3.00765,
29559,2.98572,
29560,3.01834,
29561,2.78584,
29562,3.01571,
29563,2.97072,
29564,2.81791,
29565,2.93567,
29566,2.91409,
29567,2.72919,
29568,2.90745,
29569,2.94737,
29570,2.77204,
29571,2.84939,
29572,2.92431,
29573,3.08274,
29574,2.87294,
29575,2.95941,
29576,2.8523,
29577,3.21109,
29578,3.26769,
29579,3.26674,
29580,3.24865,
29581,3.32595,
29582,3.20833,
29583,3.16905,
29584,3.3281,
29585,3.16088,
29586,3.22609,
29587,3.24806,
29588,3.2257,
29589,3.10023,
29590,3.27922,
29591,3.23479,
29592,3.2632,
29593,3.27653,
29594,3.17237,
29595,3.17291,
29596,3.13017,
29597,3.20127,
29598,3.10009,
29599,3.24549,
29600,2.72097,
29601,2.81869,
29602,2.7249,
29603,2.61472,
29604,2.65453,
29605,2.59868,
29606,2.88701,
29607,2.44058,
29608,2.69979,
29609,2.66078,
29610,2.76757,
29611,2.74898,
29612,2.53855,
29613,2.59801,
29614,2.80918,
29615,2.91783,
29616,2.89216,
29617,2.61644,
29618,2.58135,
29619,3.13593,
29620,3.1847,
29621,3.10254,
29622,3.18042,
29623,3.12138,
29624,3.10782,
29625,3.02582,
29626,2.84643,
29627,2.96028,
29628,3.13722,
29629,2.97325,
29630,3.05788,
29631,3.19146,
29632,3.18694,
29633,3.0666,
29634,2.98758,
29635,2.7849,
29636,2.97828,
29637,2.94726,
29638,2.94208,
29639,2.73451,
29640,2.75868,
29641,2.68311,
29642,2.84801,
29643,2.9275,
29644,2.82564,
29645,2.97843,
29646,2.9084,
29647,2.97064,
29648,2.91,
29649,3.10582,
29650,2.93425,
29651,2.85892,
29652,2.97305,
29653,2.74399,
29654,2.76254,
29655,2.77842,
29656,2.9165,
29657,3.0478,
29658,2.9186,
29659,2.73195,
29660,2.68618,
29661,2.60057,
29662,2.5385,
29663,2.59615,
29664,2.62767,
29665,2.87803,
29666,2.59538,
29667,2.63119,
29668,2.63268,
29669,2.87709,
29670,2.79364,
29671,2.99304,
29672,2.67079,
29673,3.13622,
29674,2.86543,
29675,3.10646,
29676,3.24405,
29677,3.03734,
29678,3.18054,
29679,3.05854,
29680,2.98256,
29681,3.10271,
29682,3.03342,
29683,2.9077,
29684,2.8031,
29685,2.77537,
29686,2.91618,
29687,2.87346,
29688,2.9466,
29689,3.01125,
29690,2.83827,
29691,2.98933,
29692,2.76934,
29693,3.02916,
29694,2.98554,
29695,2.74536,
29696,2.68038,
29697,2.97353,
29698,2.65757,
29699,2.7062,
29700,2.68895,
29701,2.52547,
29702,2.59591,
29703,2.6739,
29704,3.14065,
29705,3.11555,
29706,3.29159,
29707,3.29,
29708,3.28587,
29709,3.1504,
29710,2.92813,
29711,2.97942,
29712,2.95757,
29713,3.09841,
29714,3.34535,
29715,3.06676,
29716,3.09167,
29717,2.96688,
29718,2.90858,
29719,3.18864,
29720,3.18687,
29721,3.25411,
29722,3.04421,
29723,3.28261,
29724,2.93482,
29725,3.01347,
29726,2.94786,
29727,3.05869,
29728,2.88925,
29729,2.95161,
29730,2.85205,
29731,2.79894,
29732,3.04777,
29733,2.74842,
29734,2.80699,
29735,2.93802,
29736,2.9619,
29737,2.98251,
29738,2.84676,
29739,2.92259,
29740,2.79338,
29741,2.82505,
29742,2.71517,
29743,2.7729,
29744,2.88315,
29745,2.59683,
29746,2.70679,
29747,2.94197,
29748,2.8154,
29749,3.23011,
29750,3.2548,
29751,3.2144,
29752,3.30962,
29753,3.22428,
29754,3.15515,
29755,2.98394,
29756,3.10821,
29757,2.8955,
29758,2.90048,
29759,2.82147,
29760,2.8631,
29761,3.17289,
29762,3.14207,
29763,2.99691,
29764,3.14924,
29765,3.13944,
29766,2.8277,
29767,2.88254,
29768,2.9297,
29769,2.78472,
29770,2.91951,
29771,3.05459,
29772,3.04676,
29773,3.12677,
29774,3.26723,
29775,3.22903,
29776,2.72952,
29777,2.85918,
29778,3.04327,
29779,3.07928,
29780,3.042,
29781,3.09362,
29782,3.21024,
29783,3.12533,
29784,3.22224,
29785,3.00243,
29786,2.97571,
29787,3.15221,
29788,2.84322,
29789,3.05914,
29790,3.08165,
29791,3.03925,
29792,2.98973,
29793,3.01001,
29794,3.22706,
29795,3.07116,
29796,3.15059,
29797,3.04297,
29798,3.1764,
29799,3.11829,
29800,3.12715,
29801,2.95586,
29802,3.01224,
29803,2.98707,
29804,2.86576,
29805,2.90921,
29806,2.86149,
29807,2.99731,
29808,2.96113,
29809,3.0606,
29810,2.73789,
29811,2.94003,
29812,3.07019,
29813,3.01472,
29814,2.85613,
29815,2.87699,
29816,3.07523,
29817,2.83663,
29818,3.07069,
29819,2.16453,
29820,3.10004,
29821,3.07887,
29822,3.23293,
29823,3.32194,
29824,3.49842,
29825,3.14338,
29826,3.17373,
29827,3.08151,
29828,3.21527,
29829,3.19536,
29830,3.21291,
29831,3.11473,
29832,2.95247,
29833,3.02511,
29834,3.03123,
29835,3.16017,
29836,2.94283,
29837,3.11861,
29838,3.19162,
29839,3.09754,
29840,3.07212,
29841,2.98496,
29842,3.04131,
29843,3.10173,
29844,3.09663,
29845,3.04269,
29846,3.07118,
29847,2.9269,
29848,3.19394,
29849,3.17431,
29850,2.91775,
29851,3.04524,
29852,2.86739,
29853,2.8255,
29854,2.82156,
29855,2.67015,
29856,3.0105,
29857,2.96505,
29858,2.79854,
29859,2.89095,
29860,3.05062,
29861,2.86211,
29862,2.82039,
29863,2.86344,
29864,2.79891,
29865,2.97591,
29866,2.82516,
29867,2.90685,
29868,3.04988,
29869,2.88928,
29870,3.01853,
29871,2.99038,
29872,2.88008,
29873,2.90834,
29874,2.946,
29875,3.10464,
29876,2.99546,
29877,2.96986,
29878,2.98813,
29879,3.09952,
29880,2.89042,
29881,2.70994,
29882,2.88401,
29883,2.83694,
29884,2.95715,
29885,2.93971,
29886,2.66036,
29887,3.00409,
29888,3.10119,
29889,3.00259,
29890,2.92472,
29891,2.79763,
29892,3.07504,
29893,2.87644,
29894,2.60433,
29895,2.94329,
29896,2.9293,
29897,3.11708,
29898,2.91339,
29899,2.80201,
29900,2.93311,
29901,2.88173,
29902,2.84214,
29903,2.88912,
29904,2.87939,
29905,3.10933,
29906,3.05533,
29907,3.05836,
29908,2.86739,
29909,2.92164,
29910,2.8809,
29911,3.07912,
29912,3.05532,
29913,3.05214,
29914,3.04468,
29915,3.19423,
29916,2.91875,
29917,2.99782,
29918,2.98402,
29919,2.82039,
29920,3.05031,
29921,3.05124,
29922,3.15236,
29923,2.95343,
29924,2.73174,
29925,2.75124,
29926,2.94769,
29927,2.79535,
29928,2.84928,
29929,2.69236,
29930,2.87036,
29931,3.07958,
29932,3.05434,
29933,2.94724,
29934,3.09858,
29935,3.02957,
29936,3.04221,
29937,2.93638,
29938,3.10652,
29939,3.0884,
29940,3.1304,
29941,3.05415,
29942,3.06973,
29943,3.03321,
29944,2.95254,
29945,3.08487,
29946,2.72148,
29947,2.8556,
29948,3.0592,
29949,2.90668,
29950,2.99092,
29951,2.76755,
29952,2.86878,
29953,3.02372,
29954,2.76854,
29955,2.89185,
29956,2.81184,
29957,2.73387,
29958,2.89075,
29959,2.69183,
29960,2.7768,
29961,2.77264,
29962,2.92581,
29963,2.81707,
29964,2.97995,
29965,3.02458,
29966,2.96776,
29967,2.82673,
29968,2.86452,
29969,2.82334,
29970,2.86479,
29971,2.78447,
29972,3.07304,
29973,2.94617,
29974,3.00724,
29975,3.09273,
29976,3.00526,
29977,2.88987,
29978,2.99978,
29979,2.934,
29980,2.9885,
29981,3.00604,
29982,3.12195,
29983,3.22102,
29984,3.08114,
29985,3.03344,
29986,2.99586,
29987,2.91394,
29988,2.94151,
29989,2.80679,
29990,2.89721,
29991,2.76875,
29992,2.97998,
29993,2.86742,
29994,3.03813,
29995,2.85667,
29996,2.97902,
29997,3.0992,
29998,3.11244,
29999,3.2292,
30000,2.90439,
30001,2.75609,
30002,3.00592,
30003,2.71995,
30004,3.00656,
30005,2.97151,
30006,3.20705,
30007,3.20903,
30008,3.21412,
30009,2.94147,
30010,3.1514,
30011,3.04415,
30012,3.02772,
30013,2.96701,
30014,3.11807,
30015,2.87973,
30016,3.138,
30017,2.73096,
30018,3.10224,
30019,3.10816,
30020,3.23275,
30021,2.96896,
30022,3.08984,
30023,3.08615,
30024,2.86858,
30025,3.05583,
30026,2.79372,
30027,2.88161,
30028,2.94039,
30029,3.17747,
30030,3.15634,
30031,2.73017,
30032,2.99156,
30033,2.93378,
30034,3.05733,
30035,3.02033,
30036,3.20684,
30037,3.06369,
30038,2.92706,
30039,3.05069,
30040,3.07377,
30041,2.90151,
30042,2.84636,
30043,2.8467,
30044,3.04687,
30045,3.17746,
30046,3.17673,
30047,3.09395,
30048,3.0335,
30049,3.02417,
30050,2.87764,
30051,3.10617,
30052,2.94543,
30053,3.04278,
30054,3.02518,
30055,3.01511,
30056,2.98864,
30057,3.09776,
30058,3.06079,
30059,2.95274,
30060,3.02784,
30061,3.16736,
30062,2.84749,
30063,3.23912,
30064,3.0818,
30065,2.93366,
30066,2.86021,
30067,3.05547,
30068,3.03353,
30069,2.93977,
30070,2.92392,
30071,3.10651,
30072,2.86622,
30073,2.86161,
30074,2.97794,
30075,2.87023,
30076,2.85575,
30077,3.07789,
30078,3.10067,
30079,2.95227,
30080,2.90689,
30081,2.88468,
30082,3.05807,
30083,3.07898,
30084,2.70417,
30085,2.92953,
30086,2.93126,
30087,3.02974,
30088,3.05674,
30089,3.04787,
30090,2.85535,
30091,2.91833,
30092,3.02422,
30093,2.73016,
30094,2.81039,
30095,3.14137,
30096,2.95302,
30097,3.04991,
30098,2.80651,
30099,2.8085,
30100,3.00345,
30101,2.9692,
30102,2.83179,
30103,3.11148,
30104,3.0071,
30105,2.77952,
30106,2.88716,
30107,2.8248,
30108,2.92737,
30109,2.78532,
30110,2.83027,
30111,3.03568,
30112,2.9672,
30113,3.11779,
30114,3.1631,
30115,3.03685,
30116,3.12729,
30117,2.86999,
30118,2.9838,
30119,3.09666,
30120,3.04103,
30121,3.14261,
30122,3.27015,
30123,3.33182,
30124,4.15839,
30125,3.03362,
30126,3.02856,
30127,3.07166,
30128,3.02525,
30129,2.93598,
30130,3.0704,
30131,2.98441,
30132,3.05748,
30133,2.97233,
30134,3.48792,
30135,3.03572,
30136,3.00498,
30137,2.66103,
30138,2.80528,
30139,3.08835,
30140,3.05033,
30141,3.15215,
30142,3.23861,
30143,3.07889,
30144,3.01739,
30145,3.03879,
30146,2.98023,
30147,3.23803,
30148,3.01375,
30149,2.99108,
30150,3.17765,
30151,3.14456,
30152,3.06329,
30153,2.89479,
30154,2.94656,
30155,2.94938,
30156,2.94294,
30157,2.91166,
30158,2.69326,
30159,3.08293,
30160,2.94627,
30161,2.78447,
30162,2.79431,
30163,2.90879,
30164,2.9791,
30165,2.99318,
30166,2.90282,
30167,3.01861,
30168,2.7106,
30169,2.90645,
30170,2.66669,
30171,3.03768,
30172,2.8662,
30173,2.86627,
30174,2.84632,
30175,2.92255,
30176,2.90933,
30177,2.86233,
30178,2.8376,
30179,2.77389,
30180,2.92094,
30181,2.88083,
30182,2.65671,
30183,2.72675,
30184,2.72109,
30185,2.92306,
30186,2.92815,
30187,2.8625,
30188,2.87768,
30189,2.94025,
30190,2.97871,
30191,2.71207,
30192,3.05884,
30193,2.88494,
30194,2.90925,
30195,2.88326,
30196,3.07802,
30197,3.17902,
30198,3.12501,
30199,2.89307,
30200,2.82676,
30201,3.21916,
30202,3.00309,
30203,3.01828,
30204,2.93482,
30205,2.82863,
30206,2.85426,
30207,3.025,
30208,2.58701,
30209,2.66553,
30210,2.51843,
30211,2.76,
30212,2.92682,
30213,3.04213,
30214,2.98707,
30215,2.97939,
30216,2.93095,
30217,2.73933,
30218,2.84088,
30219,2.90578,
30220,3.10193,
30221,2.89654,
30222,2.84673,
30223,2.48586,
30224,2.54626,
30225,3.0081,
30226,2.7186,
30227,2.91126,
30228,2.65427,
30229,2.81993,
30230,2.67372,
30231,2.70527,
30232,2.71207,
30233,2.7425,
30234,2.69193,
30235,2.66811,
30236,2.70319,
30237,2.96009,
30238,2.6141,
30239,2.90471,
30240,2.81386,
30241,3.16281,
30242,3.16207,
30243,3.14504,
30244,3.20856,
30245,3.15013,
30246,3.13285,
30247,2.92989,
30248,2.70731,
30249,3.01176,
30250,2.84061,
30251,2.87645,
30252,3.09528,
30253,2.96991,
30254,3.05894,
30255,2.96617,
30256,2.90695,
30257,2.83138,
30258,2.94005,
30259,3.02971,
30260,3.00398,
30261,2.9533,
30262,2.93819,
30263,2.79538,
30264,3.16371,
30265,2.85001,
30266,2.81182,
30267,2.96061,
30268,2.98431,
30269,2.84718,
30270,3.25534,
30271,3.09179,
30272,3.15908,
30273,2.97975,
30274,3.14067,
30275,3.09455,
30276,2.99004,
30277,3.05688,
30278,2.99575,
30279,3.0111,
30280,3.01049,
30281,3.04977,
30282,2.98156,
30283,2.81291,
30284,2.99572,
30285,2.88654,
30286,2.8852,
30287,2.64163,
30288,2.7991,
30289,2.65239,
30290,2.8421,
30291,2.92046,
30292,2.70055,
30293,2.79865,
30294,2.73925,
30295,2.93739,
30296,2.84251,
30297,2.88739,
30298,2.80648,
30299,2.99293,
30300,3.04112,
30301,3.01764,
30302,3.02499,
30303,3.05957,
30304,2.98807,
30305,3.0972,
30306,3.06248,
30307,3.03364,
30308,3.10007,
30309,2.9761,
30310,2.93885,
30311,2.70369,
30312,2.97142,
30313,2.93571,
30314,3.05505,
30315,2.9673,
30316,2.82833,
30317,2.92543,
30318,2.8418,
30319,2.90482,
30320,3.02509,
30321,3.09229,
30322,2.87754,
30323,2.85814,
30324,2.83085,
30325,3.12669,
30326,3.0786,
30327,3.11081,
30328,2.97905,
30329,3.15371,
30330,2.96376,
30331,3.05801,
30332,3.21332,
30333,3.01672,
30334,2.85709,
30335,2.8186,
30336,3.08251,
30337,3.08571,
30338,2.97856,
30339,2.99372,
30340,2.96705,
30341,3.16585,
30342,3.08146,
30343,3.29598,
30344,2.88691,
30345,2.94477,
30346,2.71709,
30347,2.8829,
30348,2.92066,
30349,2.90082,
30350,2.90679,
30351,3.09745,
30352,2.98264,
30353,2.91962,
30354,2.70528,
30355,2.81133,
30356,2.89873,
30357,2.91748,
30358,2.85639,
30359,3.17144,
30360,3.17018,
30361,3.17576,
30362,3.02571,
30363,2.93398,
30364,3.11724,
30365,2.82759,
30366,3.11,
30367,3.21069,
30368,3.08924,
30369,3.12437,
30370,3.32751,
30371,3.4213,
30372,3.02934,
30373,3.09249,
30374,3.09644,
30375,3.21368,
30376,3.31111,
30377,3.0969,
30378,3.02256,
30379,2.98631,
30380,2.90061,
30381,2.99124,
30382,2.97888,
30383,3.01317,
30384,2.94882,
30385,2.83818,
30386,3.01256,
30387,3.39269,
30388,3.43857,
30389,3.40984,
30390,3.3769,
30391,3.36403,
30392,3.38403,
30393,3.35311,
30394,3.27261,
30395,3.32818,
30396,3.37431,
30397,3.3562,
30398,3.32467,
30399,3.29124,
30400,3.20728,
30401,3.31342,
30402,3.33512,
30403,3.31572,
30404,3.20852,
30405,3.16285,
30406,3.02283,
30407,3.29522,
30408,3.11479,
30409,3.05482,
30410,3.06479,
30411,3.06558,
30412,2.95053,
30413,3.10836,
30414,2.97593,
30415,3.02101,
30416,3.01518,
30417,2.88297,
30418,2.75764,
30419,3.06423,
30420,3.23491,
30421,3.09799,
30422,2.85426,
30423,3.01829,
30424,3.03503,
30425,2.9425,
30426,2.98524,
30427,3.04721,
30428,2.8481,
30429,2.94832,
30430,2.84957,
30431,2.82176,
30432,3.12738,
30433,3.01284,
30434,2.99241,
30435,2.98997,
30436,2.91396,
30437,2.84936,
30438,2.81176,
30439,2.85261,
30440,3.01237,
30441,2.90662,
30442,2.82247,
30443,3.03986,
30444,2.96073,
30445,2.86369,
30446,2.9306,
30447,2.7469,
30448,2.72481,
30449,2.96069,
30450,2.70642,
30451,2.74453,
30452,2.83478,
30453,2.90453,
30454,2.79534,
30455,2.7788,
30456,2.85867,
30457,2.75125,
30458,2.84301,
30459,2.90753,
30460,2.95884,
30461,2.97112,
30462,2.98578,
30463,2.81058,
30464,3.02998,
30465,2.76212,
30466,2.94495,
30467,2.8986,
30468,2.85928,
30469,3.11532,
30470,2.84427,
30471,2.79373,
30472,2.98452,
30473,2.82854,
30474,2.71121,
30475,2.82909,
30476,3.09291,
30477,2.62433,
30478,2.69501,
30479,2.95283,
30480,2.73945,
30481,2.84848,
30482,2.7923,
30483,2.68629,
30484,2.66629,
30485,3.04009,
30486,2.99386,
30487,3.05125,
30488,2.92235,
30489,3.13113,
30490,3.01512,
30491,3.11012,
30492,3.00619,
30493,2.93661,
30494,3.02769,
30495,2.9853,
30496,3.02305,
30497,2.95067,
30498,2.95892,
30499,2.96104,
30500,2.68104,
30501,2.87255,
30502,2.94337,
30503,2.99782,
30504,2.97566,
30505,2.67238,
30506,2.88968,
30507,2.93376,
30508,2.81441,
30509,2.57485,
30510,2.71885,
30511,2.77875,
30512,2.76915,
30513,2.8299,
30514,2.57152,
30515,2.65669,
30516,2.6213,
30517,2.7877,
30518,2.91812,
30519,3.27631,
30520,3.24513,
30521,3.09781,
30522,3.0071,
30523,3.17201,
30524,3.18511,
30525,2.89553,
30526,3.06868,
30527,2.93478,
30528,2.964,
30529,2.86884,
30530,3.22422,
30531,3.01062,
30532,2.94315,
30533,3.12641,
30534,3.10899,
30535,2.98939,
30536,3.10737,
30537,2.91015,
30538,3.0712,
30539,3.05606,
30540,2.9276,
30541,2.87507,
30542,2.93462,
30543,2.84255,
30544,3.09462,
30545,3.04758,
30546,2.95476,
30547,3.06408,
30548,2.9518,
30549,2.99415,
30550,3.15505,
30551,3.05854,
30552,2.99609,
30553,2.97372,
30554,3.03453,
30555,2.84731,
30556,2.94416,
30557,2.96581,
30558,3.1046,
30559,2.85959,
30560,2.95792,
30561,2.86195,
30562,3.05885,
30563,3.02996,
30564,3.01609,
30565,2.79297,
30566,2.96927,
30567,2.87412,
30568,2.79505,
30569,2.97023,
30570,3.04076,
30571,2.97748,
30572,2.78563,
30573,2.92854,
30574,2.97832,
30575,2.90685,
30576,2.89717,
30577,2.78725,
30578,2.85245,
30579,2.81249,
30580,2.95459,
30581,2.65677,
30582,2.69358,
30583,2.75108,
30584,2.83842,
30585,2.88211,
30586,2.79616,
30587,2.63431,
30588,2.78463,
30589,2.7211,
30590,2.84389,
30591,2.71255,
30592,2.78811,
30593,2.9575,
30594,2.87888,
30595,2.92075,
30596,2.63206,
30597,2.79128,
30598,2.71997,
30599,2.82301,
30600,2.93573,
30601,2.63656,
30602,2.75992,
30603,2.64575,
30604,2.59173,
30605,2.83043,
30606,2.81438,
30607,2.77567,
30608,2.6998,
30609,2.94764,
30610,2.76083,
30611,2.92663,
30612,3.03728,
30613,3.03577,
30614,3.00841,
30615,3.01368,
30616,3.25292,
30617,3.03345,
30618,2.92627,
30619,3.12843,
30620,2.92715,
30621,3.04966,
30622,3.14691,
30623,2.99752,
30624,2.98645,
30625,3.00618,
30626,2.77185,
30627,3.00764,
30628,2.95959,
30629,2.81919,
30630,2.92469,
30631,2.89871,
30632,2.72326,
30633,2.89002,
30634,2.9324,
30635,2.76281,
30636,2.84049,
30637,2.92188,
30638,3.0744,
30639,2.86458,
30640,2.94688,
30641,2.84606,
30642,3.20602,
30643,3.25964,
30644,3.24802,
30645,3.24661,
30646,3.31608,
30647,3.20707,
30648,3.16351,
30649,3.3193,
30650,3.15713,
30651,3.22494,
30652,3.25241,
30653,3.22083,
30654,3.0977,
30655,3.2809,
30656,3.23309,
30657,3.24475,
30658,3.27736,
30659,3.15365,
30660,3.16898,
30661,3.1242,
30662,3.20216,
30663,3.08132,
30664,3.23626,
30665,2.70623,
30666,2.81472,
30667,2.70972,
30668,2.59333,
30669,2.65112,
30670,2.58595,
30671,2.89109,
30672,2.42555,
30673,2.7042,
30674,2.64574,
30675,2.76405,
30676,2.74268,
30677,2.53213,
30678,2.59357,
30679,2.80621,
30680,2.93707,
30681,2.88875,
30682,2.61606,
30683,2.57318,
30684,3.11471,
30685,3.19289,
30686,3.09161,
30687,3.17597,
30688,3.10954,
30689,3.09888,
30690,3.0227,
30691,2.84508,
30692,2.96356,
30693,3.12835,
30694,2.97034,
30695,3.06546,
30696,3.16905,
30697,3.18668,
30698,3.05223,
30699,2.96881,
30700,2.78152,
30701,2.97842,
30702,2.94252,
30703,2.93223,
30704,2.71649,
30705,2.76193,
30706,2.67985,
30707,2.83978,
30708,2.91629,
30709,2.8291,
30710,2.97679,
30711,2.88556,
30712,2.95957,
30713,2.91305,
30714,3.09908,
30715,2.92334,
30716,2.85864,
30717,2.96342,
30718,2.72842,
30719,2.77062,
30720,2.76246,
30721,2.90977,
30722,3.04403,
30723,2.91494,
30724,2.74929,
30725,2.67987,
30726,2.60142,
30727,2.54708,
30728,2.59247,
30729,2.62566,
30730,2.86506,
30731,2.58472,
30732,2.62352,
30733,2.63908,
30734,2.87479,
30735,2.80583,
30736,2.98145,
30737,2.66269,
30738,3.11795,
30739,2.85789,
30740,3.10101,
30741,3.24981,
30742,3.02623,
30743,3.16109,
30744,3.04172,
30745,2.96584,
30746,3.09994,
30747,3.03069,
30748,2.90465,
30749,2.79241,
30750,2.76942,
30751,2.89926,
30752,2.85608,
30753,2.94779,
30754,2.99863,
30755,2.84684,
30756,2.9743,
30757,2.76163,
30758,3.016,
30759,2.98679,
30760,2.75095,
30761,2.68311,
30762,2.95375,
30763,2.65756,
30764,2.7105,
30765,2.7029,
30766,2.51924,
30767,2.58327,
30768,2.66929,
30769,3.11714,
30770,3.10261,
30771,3.27255,
30772,3.28081,
30773,3.26571,
30774,3.13694,
30775,2.89537,
30776,2.97467,
30777,2.95493,
30778,3.07394,
30779,3.34341,
30780,3.05314,
30781,3.09045,
30782,2.94956,
30783,2.90508,
30784,3.17622,
30785,3.18042,
30786,3.244,
30787,3.04317,
30788,3.27109,
30789,2.93451,
30790,3.02076,
30791,2.93433,
30792,3.05323,
30793,2.87439,
30794,2.93777,
30795,2.85541,
30796,2.78303,
30797,3.03449,
30798,2.72881,
30799,2.80267,
30800,2.92535,
30801,2.95471,
30802,2.97304,
30803,2.84649,
30804,2.9167,
30805,2.79623,
30806,2.80239,
30807,2.71154,
30808,2.75484,
30809,2.88054,
30810,2.59531,
30811,2.69017,
30812,2.93747,
30813,2.80458,
30814,3.21272,
30815,3.24741,
30816,3.20613,
30817,3.30718,
30818,3.21933,
30819,3.14268,
30820,2.98766,
30821,3.09878,
30822,2.88553,
30823,2.89089,
30824,2.81091,
30825,2.85877,
30826,3.15133,
30827,3.12227,
30828,2.97968,
30829,3.13718,
30830,3.12869,
30831,2.82448,
30832,2.87374,
30833,2.92849,
30834,2.77631,
30835,2.91211,
30836,3.0493,
30837,3.03621,
30838,3.11347,
30839,3.24362,
30840,3.22206,
30841,2.71209,
30842,2.87137,
30843,3.04212,
30844,3.06914,
30845,3.03218,
30846,3.06673,
30847,3.18919,
30848,3.13069,
30849,3.21594,
30850,2.99243,
30851,2.95909,
30852,3.14169,
30853,2.82354,
30854,3.06292,
30855,3.07142,
30856,3.01873,
30857,2.99355,
30858,2.99885,
30859,3.21566,
30860,3.06915,
30861,3.13481,
30862,3.02246,
30863,3.16496,
30864,3.11155,
30865,3.13001,
30866,2.94903,
30867,3.00744,
30868,2.98138,
30869,2.86182,
30870,2.90342,
30871,2.87211,
30872,2.98892,
30873,2.94694,
30874,3.04603,
30875,2.74508,
30876,2.93593,
30877,3.04341,
30878,3.00232,
30879,2.84004,
30880,2.87235,
30881,3.0662,
30882,2.82815,
30883,3.05646,
30884,2.14384,
30885,3.08369,
30886,3.06477,
30887,3.20001,
30888,3.29852,
30889,3.4855,
30890,3.1412,
30891,3.16933,
30892,3.08252,
30893,3.20776,
30894,3.19207,
30895,3.21324,
30896,3.10624,
30897,2.93152,
30898,3.0205,
30899,3.02129,
30900,3.15446,
30901,2.94365,
30902,3.10259,
30903,3.17848,
30904,3.09693,
30905,3.07589,
30906,2.97988,
30907,3.03028,
30908,3.09568,
30909,3.07569,
30910,3.03807,
30911,3.06411,
30912,2.92202,
30913,3.19135,
30914,3.15852,
30915,2.91072,
30916,3.03884,
30917,2.86577,
30918,2.82693,
30919,2.80564,
30920,2.66733,
30921,3.00716,
30922,2.94894,
30923,2.78679,
30924,2.90104,
30925,3.03573,
30926,2.86219,
30927,2.81436,
30928,2.87514,
30929,2.80156,
30930,2.96603,
30931,2.8254,
30932,2.91147,
30933,3.04789,
30934,2.88537,
30935,3.01877,
30936,2.98558,
30937,2.87943,
30938,2.8918,
30939,2.93587,
30940,3.11189,
30941,2.99066,
30942,2.96855,
30943,2.98564,
30944,3.08097,
30945,2.88278,
30946,2.70689,
30947,2.87036,
30948,2.82889,
30949,2.96132,
30950,2.93958,
30951,2.64009,
30952,2.98969,
30953,3.0876,
30954,2.9916,
30955,2.90728,
30956,2.80576,
30957,3.08382,
30958,2.87068,
30959,2.59432,
30960,2.95048,
30961,2.91917,
30962,3.11738,
30963,2.90129,
30964,2.79332,
30965,2.93782,
30966,2.87577,
30967,2.84026,
30968,2.89039,
30969,2.87404,
30970,3.08575,
30971,3.04827,
30972,3.04728,
30973,2.86134,
30974,2.91652,
30975,2.86852,
30976,3.05782,
30977,3.05693,
30978,3.05246,
30979,3.05381,
30980,3.1955,
30981,2.91959,
30982,2.99107,
30983,2.97944,
30984,2.83363,
30985,3.05928,
30986,3.04516,
30987,3.14508,
30988,2.94554,
30989,2.72462,
30990,2.74734,
30991,2.94825,
30992,2.79164,
30993,2.83888,
30994,2.66787,
30995,2.85962,
30996,3.06639,
30997,3.03647,
30998,2.92851,
30999,3.08499,
31000,3.01659,
31001,3.03733,
31002,2.92257,
31003,3.09906,
31004,3.08008,
31005,3.13623,
31006,3.04915,
31007,3.07449,
31008,3.02906,
31009,2.9659,
31010,3.07302,
31011,2.7125,
31012,2.85132,
31013,3.04757,
31014,2.88672,
31015,2.99146,
31016,2.75505,
31017,2.85405,
31018,3.0239,
31019,2.76548,
31020,2.87878,
31021,2.81078,
31022,2.72643,
31023,2.88816,
31024,2.6828,
31025,2.78298,
31026,2.76415,
31027,2.91196,
31028,2.83297,
31029,2.99825,
31030,3.02494,
31031,2.9549,
31032,2.8223,
31033,2.8571,
31034,2.82506,
31035,2.85589,
31036,2.75465,
31037,3.07317,
31038,2.94541,
31039,2.98925,
31040,3.08378,
31041,2.99626,
31042,2.88414,
31043,3.00524,
31044,2.93471,
31045,2.97658,
31046,3.00081,
31047,3.10557,
31048,3.22607,
31049,3.07451,
31050,3.00779,
31051,2.98489,
31052,2.90089,
31053,2.92904,
31054,2.79574,
31055,2.89848,
31056,2.75564,
31057,2.982,
31058,2.86359,
31059,3.03111,
31060,2.85488,
31061,2.98201,
31062,3.09395,
31063,3.09806,
31064,3.2161,
31065,2.89381,
31066,2.75795,
31067,2.99686,
31068,2.71068,
31069,2.99744,
31070,2.96764,
31071,3.18837,
31072,3.20299,
31073,3.20734,
31074,2.92757,
31075,3.16414,
31076,3.02615,
31077,3.02224,
31078,2.96417,
31079,3.11747,
31080,2.87212,
31081,3.13104,
31082,2.71894,
31083,3.0904,
31084,3.09443,
31085,3.22393,
31086,2.97994,
31087,3.07924,
31088,3.09065,
31089,2.86856,
31090,3.05293,
31091,2.79135,
31092,2.88002,
31093,2.93142,
31094,3.16471,
31095,3.15552,
31096,2.72192,
31097,2.97869,
31098,2.92808,
31099,3.04598,
31100,3.02274,
31101,3.21362,
31102,3.04403,
31103,2.92719,
31104,3.05461,
31105,3.06958,
31106,2.89337,
31107,2.82979,
31108,2.83022,
31109,3.03284,
31110,3.16992,
31111,3.15977,
31112,3.08508,
31113,3.02599,
31114,3.00668,
31115,2.86048,
31116,3.0911,
31117,2.94754,
31118,3.04259,
31119,3.0045,
31120,3.01785,
31121,2.9854,
31122,3.08238,
31123,3.0627,
31124,2.94167,
31125,3.03602,
31126,3.16844,
31127,2.84007,
31128,3.22385,
31129,3.08026,
31130,2.92041,
31131,2.86081,
31132,3.03839,
31133,3.02662,
31134,2.9324,
31135,2.92409,
31136,3.09888,
31137,2.85803,
31138,2.85552,
31139,2.97825,
31140,2.85527,
31141,2.85161,
31142,3.07621,
31143,3.10855,
31144,2.9346,
31145,2.88966,
31146,2.87558,
31147,3.05027,
31148,3.07389,
31149,2.70105,
31150,2.92189,
31151,2.92953,
31152,3.03128,
31153,3.05755,
31154,3.04435,
31155,2.84889,
31156,2.89744,
31157,3.01676,
31158,2.72381,
31159,2.80552,
31160,3.14375,
31161,2.94287,
31162,3.04004,
31163,2.79972,
31164,2.79888,
31165,2.99487,
31166,2.95677,
31167,2.82006,
31168,3.10637,
31169,3.00026,
31170,2.77029,
31171,2.88109,
31172,2.81001,
31173,2.91153,
31174,2.79265,
31175,2.80845,
31176,3.02206,
31177,2.93265,
31178,3.10339,
31179,3.1645,
31180,3.02115,
31181,3.11199,
31182,2.86164,
31183,2.99462,
31184,3.09096,
31185,3.04753,
31186,3.1422,
31187,3.24937,
31188,3.31692,
31189,4.14603,
31190,3.03284,
31191,3.01995,
31192,3.05773,
31193,3.01989,
31194,2.9268,
31195,3.07074,
31196,2.9788,
31197,3.03674,
31198,2.96977,
31199,3.48681,
31200,3.03733,
31201,2.99655,
31202,2.65799,
31203,2.79638,
31204,3.07922,
31205,3.05187,
31206,3.14038,
31207,3.24914,
31208,3.07483,
31209,3.00257,
31210,3.0497,
31211,2.95886,
31212,3.22071,
31213,2.99602,
31214,2.98488,
31215,3.17124,
31216,3.14333,
31217,3.05036,
31218,2.87285,
31219,2.91933,
31220,2.95047,
31221,2.93754,
31222,2.90195,
31223,2.69411,
31224,3.08194,
31225,2.94623,
31226,2.77227,
31227,2.79373,
31228,2.90073,
31229,2.97069,
31230,2.98706,
31231,2.8947,
31232,3.01115,
31233,2.71297,
31234,2.89914,
31235,2.66212,
31236,3.03545,
31237,2.86357,
31238,2.86504,
31239,2.83777,
31240,2.91089,
31241,2.9119,
31242,2.85486,
31243,2.83398,
31244,2.78124,
31245,2.91516,
31246,2.875,
31247,2.64893,
31248,2.71857,
31249,2.71066,
31250,2.91151,
31251,2.92056,
31252,2.86622,
31253,2.8666,
31254,2.9496,
31255,2.97229,
31256,2.71916,
31257,3.05049,
31258,2.87904,
31259,2.90321,
31260,2.87597,
31261,3.06677,
31262,3.16706,
31263,3.12543,
31264,2.89041,
31265,2.83103,
31266,3.21023,
31267,3.00316,
31268,3.01235,
31269,2.9284,
31270,2.82684,
31271,2.83477,
31272,3.01587,
31273,2.57561,
31274,2.66873,
31275,2.50814,
31276,2.74706,
31277,2.91362,
31278,3.0068,
31279,2.97638,
31280,2.9685,
31281,2.91644,
31282,2.72799,
31283,2.82262,
31284,2.89515,
31285,3.09453,
31286,2.89075,
31287,2.84766,
31288,2.487,
31289,2.55856,
31290,3.0017,
31291,2.69737,
31292,2.90862,
31293,2.63926,
31294,2.80823,
31295,2.65866,
31296,2.70502,
31297,2.70289,
31298,2.72967,
31299,2.6806,
31300,2.67264,
31301,2.70446,
31302,2.95797,
31303,2.60663,
31304,2.8912,
31305,2.80279,
31306,3.15262,
31307,3.14644,
31308,3.14401,
31309,3.20328,
31310,3.14387,
31311,3.11532,
31312,2.91367,
31313,2.69883,
31314,3.01707,
31315,2.83886,
31316,2.87286,
31317,3.0863,
31318,2.95597,
31319,3.05896,
31320,2.96887,
31321,2.8882,
31322,2.82144,
31323,2.92672,
31324,3.04911,
31325,2.97585,
31326,2.94397,
31327,2.9206,
31328,2.79179,
31329,3.14063,
31330,2.83406,
31331,2.80074,
31332,2.93583,
31333,2.97468,
31334,2.83771,
31335,3.25,
31336,3.08178,
31337,3.17173,
31338,2.96906,
31339,3.12257,
31340,3.08165,
31341,2.98091,
31342,3.03882,
31343,2.99213,
31344,2.99479,
31345,2.99934,
31346,3.0403,
31347,2.9707,
31348,2.79897,
31349,2.98747,
31350,2.88139,
31351,2.86765,
31352,2.6354,
31353,2.80522,
31354,2.63586,
31355,2.83714,
31356,2.91211,
31357,2.69565,
31358,2.7955,
31359,2.74847,
31360,2.94379,
31361,2.82207,
31362,2.88629,
31363,2.7854,
31364,2.9691,
31365,3.03549,
31366,3.01697,
31367,3.00149,
31368,3.05852,
31369,2.97367,
31370,3.08435,
31371,3.05787,
31372,3.02824,
31373,3.09123,
31374,2.95761,
31375,2.94872,
31376,2.70799,
31377,2.98117,
31378,2.92827,
31379,3.04764,
31380,2.95706,
31381,2.82051,
31382,2.93049,
31383,2.84656,
31384,2.91061,
31385,3.01702,
31386,3.08761,
31387,2.87669,
31388,2.84279,
31389,2.81865,
31390,3.0907,
31391,3.05568,
31392,3.09973,
31393,2.9543,
31394,3.15896,
31395,2.96373,
31396,3.04782,
31397,3.20487,
31398,2.97452,
31399,2.86044,
31400,2.81372,
31401,3.06398,
31402,3.07185,
31403,2.96901,
31404,2.9887,
31405,2.96115,
31406,3.15835,
31407,3.07624,
31408,3.2955,
31409,2.87944,
31410,2.92844,
31411,2.70616,
31412,2.88516,
31413,2.90677,
31414,2.89869,
31415,2.89414,
31416,3.0894,
31417,2.9828,
31418,2.91371,
31419,2.69667,
31420,2.81096,
31421,2.89107,
31422,2.91688,
31423,2.86278,
31424,3.15813,
31425,3.14925,
31426,3.17576,
31427,3.01649,
31428,2.92052,
31429,3.09727,
31430,2.81077,
31431,3.11234,
31432,3.20575,
31433,3.07157,
31434,3.12001,
31435,3.32199,
31436,3.426,
31437,3.03158,
31438,3.09111,
31439,3.08826,
31440,3.22049,
31441,3.30565,
31442,3.10058,
31443,3.01937,
31444,2.98363,
31445,2.90243,
31446,2.99453,
31447,2.97336,
31448,2.99734,
31449,2.94576,
31450,2.83154,
31451,3.00884,
31452,3.3922,
31453,3.41851,
31454,3.3982,
31455,3.36813,
31456,3.35812,
31457,3.38584,
31458,3.34824,
31459,3.25905,
31460,3.32294,
31461,3.37806,
31462,3.36176,
31463,3.32505,
31464,3.29385,
31465,3.20747,
31466,3.30698,
31467,3.33798,
31468,3.29338,
31469,3.20216,
31470,3.15154,
31471,3.00821,
31472,3.26662,
31473,3.1109,
31474,3.03889,
31475,3.06177,
31476,3.05929,
31477,2.93456,
31478,3.10268,
31479,2.96522,
31480,3.01837,
31481,3.01518,
31482,2.86916,
31483,2.75228,
31484,3.06506,
31485,3.23334,
31486,3.08414,
31487,2.8572,
31488,3.00909,
31489,3.04862,
31490,2.95711,
31491,2.98701,
31492,3.03088,
31493,2.84539,
31494,2.94699,
31495,2.84159,
31496,2.81434,
31497,3.1137,
31498,3.0083,
31499,2.99137,
31500,2.99121,
31501,2.89794,
31502,2.85112,
31503,2.79476,
31504,2.84574,
31505,3.0068,
31506,2.8999,
31507,2.81769,
31508,3.02292,
31509,2.94513,
31510,2.86741,
31511,2.92289,
31512,2.74976,
31513,2.72495,
31514,2.95531,
31515,2.69161,
31516,2.75411,
31517,2.83038,
31518,2.90244,
31519,2.78446,
31520,2.7687,
31521,2.85253,
31522,2.74885,
31523,2.83675,
31524,2.89544,
31525,2.962,
31526,2.96247,
31527,2.96697,
31528,2.80783,
31529,3.0203,
31530,2.76822,
31531,2.9438,
31532,2.91792,
31533,2.86047,
31534,3.11452,
31535,2.83766,
31536,2.79456,
31537,2.97675,
31538,2.82829,
31539,2.71759,
31540,2.82399,
31541,3.0825,
31542,2.6201,
31543,2.68316,
31544,2.93337,
31545,2.71952,
31546,2.85865,
31547,2.78121,
31548,2.68461,
31549,2.66001,
31550,3.03883,
31551,2.98776,
31552,3.05071,
31553,2.90789,
31554,3.11076,
31555,3.0169,
31556,3.1005,
31557,3.00351,
31558,2.91885,
31559,3.01648,
31560,2.97751,
31561,3.01219,
31562,2.94838,
31563,2.94848,
31564,2.9524,
31565,2.68799,
31566,2.87224,
31567,2.94229,
31568,2.99192,
31569,2.96662,
31570,2.65585,
31571,2.86239,
31572,2.93529,
31573,2.80658,
31574,2.56187,
31575,2.71404,
31576,2.78287,
31577,2.76568,
31578,2.82237,
31579,2.56933,
31580,2.67052,
31581,2.61029,
31582,2.78639,
31583,2.92519,
31584,3.25467,
31585,3.23816,
31586,3.08477,
31587,3.0031,
31588,3.16678,
31589,3.18597,
31590,2.89145,
31591,3.04992,
31592,2.94577,
31593,2.94888,
31594,2.85175,
31595,3.20394,
31596,3.00395,
31597,2.94536,
31598,3.11614,
31599,3.08579,
31600,2.97081,
31601,3.08668,
31602,2.90177,
31603,3.06974,
31604,3.05671,
31605,2.90981,
31606,2.86426,
31607,2.92323,
31608,2.82417,
31609,3.08686,
31610,3.04346,
31611,2.93848,
31612,3.0468,
31613,2.94549,
31614,2.99341,
31615,3.14241,
31616,3.04154,
31617,2.99304,
31618,2.97477,
31619,3.02601,
31620,2.83144,
31621,2.93674,
31622,2.96509,
31623,3.10754,
31624,2.85639,
31625,2.94473,
31626,2.85668,
31627,3.0637,
31628,3.02419,
31629,3.00962,
31630,2.77198,
31631,2.97043,
31632,2.86648,
31633,2.79412,
31634,2.96639,
31635,3.02573,
31636,2.9596,
31637,2.76892,
31638,2.90903,
31639,2.95498,
31640,2.90722,
31641,2.88966,
31642,2.77386,
31643,2.85106,
31644,2.82345,
31645,2.95343,
31646,2.64841,
31647,2.67825,
31648,2.74419,
31649,2.8289,
31650,2.88675,
31651,2.78697,
31652,2.61603,
31653,2.77573,
31654,2.71353,
31655,2.83765,
31656,2.70283,
31657,2.76825,
31658,2.96762,
31659,2.87222,
31660,2.93374,
31661,2.62991,
31662,2.79019,
31663,2.71422,
31664,2.80994,
31665,2.92405,
31666,2.61872,
31667,2.74741,
31668,2.63743,
31669,2.59295,
31670,2.82249,
31671,2.81253,
31672,2.77423,
31673,2.6958,
31674,2.94592,
31675,2.7533,
31676,2.91432,
31677,3.02295,
31678,3.02569,
31679,3.0146,
31680,3.00046,
31681,3.23899,
31682,3.0252,
31683,2.91861,
31684,3.11564,
31685,2.93555,
31686,3.05288,
31687,3.13767,
31688,2.9822,
31689,2.9765,
31690,3.01464,
31691,2.77349,
31692,3.00194,
31693,2.95747,
31694,2.80987,
31695,2.93481,
31696,2.89839,
31697,2.71548,
31698,2.88725,
31699,2.92671,
31700,2.759,
31701,2.84803,
31702,2.90786,
31703,3.05687,
31704,2.8472,
31705,2.95017,
31706,2.83856,
31707,3.19645,
31708,3.24666,
31709,3.24795,
31710,3.23134,
31711,3.31538,
31712,3.18682,
31713,3.15399,
31714,3.32268,
31715,3.14938,
31716,3.23021,
31717,3.2435,
31718,3.21044,
31719,3.08443,
31720,3.27043,
31721,3.23073,
31722,3.24479,
31723,3.28192,
31724,3.15593,
31725,3.17074,
31726,3.12309,
31727,3.19112,
31728,3.05752,
31729,3.23079,
31730,2.68985,
31731,2.80362,
31732,2.70223,
31733,2.58825,
31734,2.6603,
31735,2.5931,
31736,2.87157,
31737,2.42388,
31738,2.67601,
31739,2.64124,
31740,2.75199,
31741,2.72174,
31742,2.52655,
31743,2.59155,
31744,2.78625,
31745,2.9074,
31746,2.87043,
31747,2.60373,
31748,2.56737,
31749,3.12905,
31750,3.16776,
31751,3.07741,
31752,3.16352,
31753,3.09919,
31754,3.0849,
31755,3.013,
31756,2.84103,
31757,2.94685,
31758,3.11689,
31759,2.96366,
31760,3.0416,
31761,3.15966,
31762,3.16581,
31763,3.04549,
31764,2.98301,
31765,2.77145,
31766,2.96713,
31767,2.92963,
31768,2.94248,
31769,2.72638,
31770,2.74235,
31771,2.66562,
31772,2.83667,
31773,2.91682,
31774,2.81948,
31775,2.95725,
31776,2.87826,
31777,2.94816,
31778,2.89028,
31779,3.09989,
31780,2.90172,
31781,2.83912,
31782,2.95766,
31783,2.71719,
31784,2.75823,
31785,2.75402,
31786,2.90446,
31787,3.0461,
31788,2.91995,
31789,2.72523,
31790,2.68452,
31791,2.58767,
31792,2.53684,
31793,2.59032,
31794,2.6063,
31795,2.87123,
31796,2.5948,
31797,2.6154,
31798,2.63137,
31799,2.87378,
31800,2.79233,
31801,2.98284,
31802,2.66323,
31803,3.11303,
31804,2.84981,
31805,3.09513,
31806,3.22268,
31807,3.01181,
31808,3.16256,
31809,3.04162,
31810,2.96406,
31811,3.09355,
31812,3.02913,
31813,2.88618,
31814,2.79309,
31815,2.77466,
31816,2.89684,
31817,2.84238,
31818,2.94595,
31819,2.99618,
31820,2.82396,
31821,2.97043,
31822,2.75999,
31823,3.02256,
31824,2.97749,
31825,2.73834,
31826,2.68901,
31827,2.9488,
31828,2.64906,
31829,2.71277,
31830,2.68529,
31831,2.5079,
31832,2.59415,
31833,2.66637,
31834,3.10536,
31835,3.09607,
31836,3.26339,
31837,3.27757,
31838,3.25926,
31839,3.13506,
31840,2.88727,
31841,2.96092,
31842,2.94495,
31843,3.07731,
31844,3.33441,
31845,3.05415,
31846,3.08069,
31847,2.95026,
31848,2.90531,
31849,3.16924,
31850,3.18967,
31851,3.23486,
31852,3.03903,
31853,3.26696,
31854,2.92891,
31855,3.00514,
31856,2.93836,
31857,3.03994,
31858,2.86287,
31859,2.94441,
31860,2.8346,
31861,2.77688,
31862,3.03253,
31863,2.72721,
31864,2.79315,
31865,2.92132,
31866,2.9413,
31867,2.97826,
31868,2.85177,
31869,2.91767,
31870,2.79536,
31871,2.79695,
31872,2.70529,
31873,2.76142,
31874,2.86752,
31875,2.59103,
31876,2.69288,
31877,2.92481,
31878,2.79536,
31879,3.20196,
31880,3.23478,
31881,3.20055,
31882,3.29987,
31883,3.21621,
31884,3.13116,
31885,2.97194,
31886,3.07732,
31887,2.87851,
31888,2.88851,
31889,2.80835,
31890,2.85362,
31891,3.14373,
31892,3.11645,
31893,2.98852,
31894,3.13502,
31895,3.12288,
31896,2.81646,
31897,2.87489,
31898,2.91926,
31899,2.77036,
31900,2.90191,
31901,3.04548,
31902,3.02788,
31903,3.10685,
31904,3.24356,
31905,3.21705,
31906,2.70974,
31907,2.85797,
31908,3.04239,
31909,3.08143,
31910,3.03483,
31911,3.06382,
31912,3.18219,
31913,3.11644,
31914,3.2018,
31915,2.99154,
31916,2.95263,
31917,3.15341,
31918,2.80463,
31919,3.05017,
31920,3.05625,
31921,3.00955,
31922,2.97886,
31923,2.99104,
31924,3.21064,
31925,3.05263,
31926,3.1377,
31927,3.0204,
31928,3.16042,
31929,3.10292,
31930,3.11053,
31931,2.94415,
31932,3.00155,
31933,2.96808,
31934,2.86888,
31935,2.89924,
31936,2.86664,
31937,2.98314,
31938,2.94625,
31939,3.03364,
31940,2.72849,
31941,2.93271,
31942,3.02781,
31943,2.98481,
31944,2.82995,
31945,2.84442,
31946,3.07069,
31947,2.82895,
31948,3.06222,
31949,2.12612,
31950,3.0758,
31951,3.04811,
31952,3.19216,
31953,3.29958,
31954,3.47993,
31955,3.12114,
31956,3.16566,
31957,3.07198,
31958,3.19553,
31959,3.18733,
31960,3.20777,
31961,3.09996,
31962,2.93521,
31963,3.01161,
31964,3.0252,
31965,3.14191,
31966,2.93585,
31967,3.10123,
31968,3.17113,
31969,3.08764,
31970,3.05572,
31971,2.96126,
31972,3.0185,
31973,3.09146,
31974,3.0725,
31975,3.03191,
31976,3.05952,
31977,2.91616,
31978,3.17106,
31979,3.14744,
31980,2.90453,
31981,3.02043,
31982,2.85129,
31983,2.81319,
31984,2.80654,
31985,2.6578,
31986,3.00222,
31987,2.93253,
31988,2.78292,
31989,2.87859,
31990,3.02241,
31991,2.85931,
31992,2.80824,
31993,2.85894,
31994,2.79137,
31995,2.96697,
31996,2.8265,
31997,2.8923,
31998,3.04148,
31999,2.89167,
32000,3.01939,
32001,2.98688,
32002,2.86108,
32003,2.8809,
32004,2.94152,
32005,3.09763,
32006,2.98417,
32007,2.96158,
32008,2.96809,
32009,3.08165,
32010,2.88287,
32011,2.69292,
32012,2.86943,
32013,2.82992,
32014,2.95063,
32015,2.93708,
32016,2.63315,
32017,2.99101,
32018,3.07654,
32019,2.99619,
32020,2.90398,
32021,2.79411,
32022,3.06549,
32023,2.8735,
32024,2.60257,
32025,2.93452,
32026,2.93219,
32027,3.13194,
32028,2.91049,
32029,2.78558,
32030,2.92279,
32031,2.88219,
32032,2.83009,
32033,2.88061,
32034,2.87676,
32035,3.06573,
32036,3.03589,
32037,3.04113,
32038,2.8443,
32039,2.91576,
32040,2.86596,
32041,3.06454,
32042,3.04531,
32043,3.03053,
32044,3.03771,
32045,3.18947,
32046,2.90664,
32047,2.99396,
32048,2.98524,
32049,2.81967,
32050,3.05369,
32051,3.03432,
32052,3.14093,
32053,2.93762,
32054,2.71514,
32055,2.74832,
32056,2.93476,
32057,2.7871,
32058,2.83449,
32059,2.66929,
32060,2.85801,
32061,3.05547,
32062,3.0289,
32063,2.92391,
32064,3.07144,
32065,2.99497,
32066,3.02287,
32067,2.90703,
32068,3.0852,
32069,3.05782,
32070,3.11434,
32071,3.04874,
32072,3.05763,
32073,3.03211,
32074,2.96085,
32075,3.06672,
32076,2.70601,
32077,2.84328,
32078,3.04571,
32079,2.89782,
32080,2.97579,
32081,2.76615,
32082,2.85847,
32083,3.00981,
32084,2.75781,
32085,2.88654,
32086,2.81506,
32087,2.72105,
32088,2.8837,
32089,2.68731,
32090,2.78935,
32091,2.74928,
32092,2.91878,
32093,2.82908,
32094,2.97866,
32095,3.01438,
32096,2.95293,
32097,2.82089,
32098,2.8476,
32099,2.8016,
32100,2.84475,
32101,2.75786,
32102,3.07403,
32103,2.93078,
32104,2.97859,
32105,3.08263,
32106,2.98203,
32107,2.87256,
32108,2.98854,
32109,2.92193,
32110,2.97325,
32111,2.99892,
32112,3.10592,
32113,3.21616,
32114,3.07596,
32115,3.01688,
32116,2.97401,
32117,2.89929,
32118,2.92879,
32119,2.79017,
32120,2.88366,
32121,2.75638,
32122,2.97443,
32123,2.85515,
32124,3.02926,
32125,2.84553,
32126,2.97185,
32127,3.09772,
32128,3.09206,
32129,3.21161,
32130,2.90238,
32131,2.75269,
32132,3.00195,
32133,2.71447,
32134,3.00181,
32135,2.94539,
32136,3.17734,
32137,3.18989,
32138,3.19505,
32139,2.90948,
32140,3.13531,
32141,3.02479,
32142,3.02049,
32143,2.95856,
32144,3.1121,
32145,2.85565,
32146,3.12535,
32147,2.69848,
32148,3.07875,
32149,3.09061,
32150,3.21853,
32151,2.96098,
32152,3.0722,
32153,3.08759,
32154,2.86654,
32155,3.04342,
32156,2.77778,
32157,2.87432,
32158,2.93364,
32159,3.15374,
32160,3.1367,
32161,2.74082,
32162,2.9733,
32163,2.9242,
32164,3.04337,
32165,3.01988,
32166,3.19617,
32167,3.04245,
32168,2.92789,
32169,3.04895,
32170,3.07566,
32171,2.8833,
32172,2.83465,
32173,2.83924,
32174,3.00769,
32175,3.14985,
32176,3.1516,
32177,3.0657,
32178,3.01973,
32179,3.00192,
32180,2.85003,
32181,3.09784,
32182,2.93385,
32183,3.03828,
32184,3.01125,
32185,3.00291,
32186,2.97324,
32187,3.07852,
32188,3.04929,
32189,2.94431,
32190,3.01449,
32191,3.14727,
32192,2.82896,
32193,3.21161,
32194,3.06926,
32195,2.93187,
32196,2.85466,
32197,3.04735,
32198,3.01665,
32199,2.92482,
32200,2.92004,
32201,3.09367,
32202,2.85287,
32203,2.84565,
32204,2.96752,
32205,2.8605,
32206,2.84953,
32207,3.06861,
32208,3.08073,
32209,2.92114,
32210,2.88344,
32211,2.86214,
32212,3.05157,
32213,3.07245,
32214,2.68693,
32215,2.92315,
32216,2.91776,
32217,3.02905,
32218,3.05169,
32219,3.04421,
32220,2.84197,
32221,2.89859,
32222,3.00536,
32223,2.7255,
32224,2.79026,
32225,3.13561,
32226,2.92525,
32227,3.02392,
32228,2.79774,
32229,2.78598,
32230,3.00627,
32231,2.94619,
32232,2.8095,
32233,3.08834,
32234,2.99139,
32235,2.7575,
32236,2.8815,
32237,2.79096,
32238,2.90669,
32239,2.77264,
32240,2.80644,
32241,3.00901,
32242,2.92573,
32243,3.10134,
32244,3.15267,
32245,3.01479,
32246,3.1084,
32247,2.86584,
32248,2.97664,
32249,3.07796,
32250,3.02699,
32251,3.13453,
32252,3.26218,
32253,3.31326,
32254,4.13305,
32255,3.02167,
32256,3.01096,
32257,3.05008,
32258,3.01026,
32259,2.92599,
32260,3.06332,
32261,2.97221,
32262,3.03138,
32263,2.96016,
32264,3.4909,
32265,3.02256,
32266,2.99792,
32267,2.6624,
32268,2.79969,
32269,3.0737,
32270,3.0436,
32271,3.13829,
32272,3.24139,
32273,3.07401,
32274,2.99535,
32275,3.03601,
32276,2.95783,
32277,3.21147,
32278,2.98733,
32279,2.98271,
32280,3.16414,
32281,3.12859,
32282,3.04987,
32283,2.86329,
32284,2.90905,
32285,2.92242,
32286,2.94395,
32287,2.90173,
32288,2.68555,
32289,3.06716,
32290,2.93738,
32291,2.76257,
32292,2.77833,
32293,2.89295,
32294,2.95602,
32295,2.98834,
32296,2.88089,
32297,3.01728,
32298,2.70084,
32299,2.8956,
32300,2.66936,
32301,3.02185,
32302,2.85489,
32303,2.88024,
32304,2.82804,
32305,2.91871,
32306,2.89783,
32307,2.8461,
32308,2.83251,
32309,2.76519,
32310,2.9157,
32311,2.8656,
32312,2.63701,
32313,2.71024,
32314,2.70068,
32315,2.90311,
32316,2.91377,
32317,2.85404,
32318,2.85847,
32319,2.94483,
32320,2.97031,
32321,2.70455,
32322,3.05745,
32323,2.87163,
32324,2.90632,
32325,2.87008,
32326,3.05588,
32327,3.16489,
32328,3.0999,
32329,2.87532,
32330,2.8166,
32331,3.21194,
32332,2.99207,
32333,3.01963,
32334,2.92315,
32335,2.81729,
32336,2.83422,
32337,3.01337,
32338,2.57915,
32339,2.66017,
32340,2.51031,
32341,2.74129,
32342,2.91511,
32343,3.00114,
32344,2.97834,
32345,2.95824,
32346,2.91486,
32347,2.72054,
32348,2.82645,
32349,2.89156,
32350,3.11453,
32351,2.87115,
32352,2.83902,
32353,2.47363,
32354,2.54509,
32355,3.00219,
32356,2.69452,
32357,2.91541,
32358,2.63418,
32359,2.80824,
32360,2.65891,
32361,2.69245,
32362,2.69187,
32363,2.72163,
32364,2.67915,
32365,2.68341,
32366,2.69276,
32367,2.95402,
32368,2.60381,
32369,2.88652,
32370,2.80768,
32371,3.15118,
32372,3.136,
32373,3.11623,
32374,3.18807,
32375,3.13662,
32376,3.09888,
32377,2.91105,
32378,2.69561,
32379,3.00243,
32380,2.83159,
32381,2.88008,
32382,3.07798,
32383,2.95366,
32384,3.04058,
32385,2.94974,
32386,2.8831,
32387,2.81922,
32388,2.92972,
32389,3.02325,
32390,2.9698,
32391,2.93574,
32392,2.90396,
32393,2.79856,
32394,3.13376,
32395,2.82744,
32396,2.8044,
32397,2.94346,
32398,2.97623,
32399,2.83596,
32400,3.22905,
32401,3.07887,
32402,3.14077,
32403,2.96804,
32404,3.11582,
32405,3.06892,
32406,2.96852,
32407,3.02263,
32408,2.9862,
32409,2.98335,
32410,2.98882,
32411,3.03387,
32412,2.96999,
32413,2.78788,
32414,2.98417,
32415,2.87889,
32416,2.85859,
32417,2.63721,
32418,2.77679,
32419,2.63791,
32420,2.83286,
32421,2.91134,
32422,2.67459,
32423,2.77975,
32424,2.73021,
32425,2.92962,
32426,2.81514,
32427,2.86775,
32428,2.76335,
32429,2.97065,
32430,3.0342,
32431,3.0076,
32432,2.98248,
32433,3.05127,
32434,2.94689,
32435,3.07982,
32436,3.04453,
32437,3.01992,
32438,3.07954,
32439,2.97094,
32440,2.93812,
32441,2.70173,
32442,2.96064,
32443,2.93082,
32444,3.0484,
32445,2.95303,
32446,2.80866,
32447,2.91075,
32448,2.83432,
32449,2.90179,
32450,3.00696,
32451,3.07406,
32452,2.86908,
32453,2.84504,
32454,2.80722,
32455,3.08014,
32456,3.05349,
32457,3.08653,
32458,2.94321,
32459,3.15357,
32460,2.9479,
32461,3.03648,
32462,3.20069,
32463,2.96962,
32464,2.83991,
32465,2.79909,
32466,3.08202,
32467,3.0743,
32468,2.9663,
32469,2.98909,
32470,2.96955,
32471,3.14562,
32472,3.07333,
32473,3.28877,
32474,2.87728,
32475,2.9276,
32476,2.70839,
32477,2.87374,
32478,2.90682,
32479,2.89521,
32480,2.88701,
32481,3.07691,
32482,2.97794,
32483,2.90265,
32484,2.70264,
32485,2.81456,
32486,2.89523,
32487,2.90705,
32488,2.86046,
32489,3.1384,
32490,3.13978,
32491,3.16659,
32492,3.0108,
32493,2.91419,
32494,3.09973,
32495,2.80826,
32496,3.10362,
32497,3.18717,
32498,3.06737,
32499,3.11337,
32500,3.31941,
32501,3.40663,
32502,3.02619,
32503,3.09938,
32504,3.08824,
32505,3.20541,
32506,3.30754,
32507,3.08606,
32508,3.00028,
32509,2.9776,
32510,2.90466,
32511,2.98441,
32512,2.97083,
32513,2.99988,
32514,2.94436,
32515,2.83313,
32516,3.00785,
32517,3.37822,
32518,3.41258,
32519,3.39422,
32520,3.35551,
32521,3.36028,
32522,3.3693,
32523,3.35955,
32524,3.25363,
32525,3.31691,
32526,3.36843,
32527,3.35403,
32528,3.31661,
32529,3.2945,
32530,3.20413,
32531,3.30596,
32532,3.32134,
32533,3.30009,
32534,3.21239,
32535,3.14658,
32536,3.00196,
32537,3.25131,
32538,3.09284,
32539,3.02702,
32540,3.04115,
32541,3.04871,
32542,2.93248,
32543,3.08583,
32544,2.96537,
32545,3.00465,
32546,3.01053,
32547,2.86985,
32548,2.74904,
32549,3.05858,
32550,3.2187,
32551,3.08134,
32552,2.83594,
32553,2.99482,
32554,3.0233,
32555,2.92947,
32556,2.97852,
32557,3.02788,
32558,2.83409,
32559,2.93074,
32560,2.82921,
32561,2.80813,
32562,3.1175,
32563,3.00116,
32564,2.97647,
32565,2.98409,
32566,2.88902,
32567,2.84519,
32568,2.79506,
32569,2.84896,
32570,2.99137,
32571,2.88433,
32572,2.81979,
32573,3.04189,
32574,2.93553,
32575,2.85893,
32576,2.92457,
32577,2.73675,
32578,2.72196,
32579,2.95955,
32580,2.68469,
32581,2.74061,
32582,2.82301,
32583,2.90595,
32584,2.7795,
32585,2.77498,
32586,2.84459,
32587,2.72839,
32588,2.82041,
32589,2.88171,
32590,2.95435,
32591,2.95634,
32592,2.96694,
32593,2.79277,
32594,3.0274,
32595,2.75107,
32596,2.94002,
32597,2.89995,
32598,2.84594,
32599,3.11461,
32600,2.83045,
32601,2.78579,
32602,2.98156,
32603,2.81322,
32604,2.71262,
32605,2.82431,
32606,3.08288,
32607,2.61409,
32608,2.68595,
32609,2.93964,
32610,2.7157,
32611,2.84356,
32612,2.79467,
32613,2.69438,
32614,2.65362,
32615,3.00998,
32616,2.973,
32617,3.02787,
32618,2.90188,
32619,3.10134,
32620,3.00974,
32621,3.09934,
32622,2.98286,
32623,2.90956,
32624,3.01278,
32625,2.98862,
32626,2.99617,
32627,2.95625,
32628,2.93891,
32629,2.94007,
32630,2.68412,
32631,2.85481,
32632,2.93237,
32633,2.98198,
32634,2.95755,
32635,2.65736,
32636,2.8658,
32637,2.93535,
32638,2.80694,
32639,2.56852,
32640,2.72267,
32641,2.77703,
32642,2.75251,
32643,2.80389,
32644,2.55524,
32645,2.65578,
32646,2.60879,
32647,2.78187,
32648,2.90303,
32649,3.25645,
32650,3.2233,
32651,3.07386,
32652,2.99608,
32653,3.156,
32654,3.17446,
32655,2.87819,
32656,3.03198,
32657,2.92926,
32658,2.94512,
32659,2.85668,
32660,3.19418,
32661,2.98691,
32662,2.93629,
32663,3.09803,
32664,3.07487,
32665,2.95587,
32666,3.08804,
32667,2.88602,
32668,3.0561,
32669,3.04068,
32670,2.91849,
32671,2.86015,
32672,2.92144,
32673,2.81281,
32674,3.06648,
32675,3.03708,
32676,2.94014,
32677,3.04358,
32678,2.93526,
32679,2.98397,
32680,3.12902,
32681,3.04365,
32682,2.98839,
32683,2.96885,
32684,3.01706,
32685,2.82367,
32686,2.93134,
32687,2.95288,
32688,3.10778,
32689,2.86044,
32690,2.93564,
32691,2.85521,
32692,3.04966,
32693,3.02316,
32694,3.00342,
32695,2.76324,
32696,2.97171,
32697,2.86675,
32698,2.77253,
32699,2.97301,
32700,3.02648,
32701,2.95962,
32702,2.75597,
32703,2.90443,
32704,2.95797,
32705,2.89269,
32706,2.87801,
32707,2.76453,
32708,2.84324,
32709,2.79597,
32710,2.94871,
32711,2.63287,
32712,2.67572,
32713,2.73484,
32714,2.81642,
32715,2.87626,
32716,2.78264,
32717,2.60814,
32718,2.76119,
32719,2.71311,
32720,2.85144,
32721,2.69882,
32722,2.76424,
32723,2.95117,
32724,2.86428,
32725,2.92192,
32726,2.62749,
32727,2.79471,
32728,2.71981,
32729,2.82216,
32730,2.93424,
32731,2.63411,
32732,2.73612,
32733,2.62917,
32734,2.58107,
32735,2.8161,
32736,2.79734,
32737,2.77326,
32738,2.68888,
32739,2.92974,
32740,2.74656,
32741,2.89409,
32742,3.01518,
32743,3.01952,
32744,3.00044,
32745,2.99265,
32746,3.24435,
32747,3.01755,
32748,2.90412,
32749,3.10542,
32750,2.92882,
32751,3.02974,
32752,3.13719,
32753,2.98392,
32754,2.97671,
32755,2.99063,
32756,2.76904,
32757,2.99094,
32758,2.95088,
32759,2.8011,
32760,2.92518,
32761,2.89796,
32762,2.71998,
32763,2.88324,
32764,2.92312,
32765,2.75078,
32766,2.83825,
32767,2.89954,
32768,3.04576,
32769,2.84201,
32770,2.93393,
32771,2.83292,
32772,3.18625,
32773,3.23984,
32774,3.23325,
32775,3.22218,
32776,3.30806,
32777,3.18745,
32778,3.15904,
32779,3.31835,
32780,3.15934,
32781,3.21413,
32782,3.24707,
32783,3.2151,
32784,3.08503,
32785,3.2658,
32786,3.22053,
32787,3.24429,
32788,3.26071,
32789,3.14744,
32790,3.16899,
32791,3.1067,
32792,3.18643,
32793,3.05473,
32794,3.21704,
32795,2.68546,
32796,2.78502,
32797,2.70557,
32798,2.57517,
32799,2.63672,
32800,2.5638,
32801,2.86843,
32802,2.4189,
32803,2.67703,
32804,2.62933,
32805,2.74455,
32806,2.72733,
32807,2.52234,
32808,2.57773,
32809,2.79282,
32810,2.90438,
32811,2.87076,
32812,2.59811,
32813,2.56367,
32814,3.10316,
32815,3.16171,
32816,3.06843,
32817,3.16274,
32818,3.09935,
32819,3.07581,
32820,2.99672,
32821,2.81873,
32822,2.94669,
32823,3.10903,
32824,2.95823,
32825,3.03341,
32826,3.16154,
32827,3.15932,
32828,3.04499,
32829,2.95996,
32830,2.76756,
32831,2.97919,
32832,2.94582,
32833,2.92626,
32834,2.70314,
32835,2.74341,
32836,2.68005,
32837,2.8264,
32838,2.91544,
32839,2.81064,
32840,2.9319,
32841,2.87154,
32842,2.94992,
32843,2.88961,
32844,3.07274,
32845,2.88476,
32846,2.8394,
32847,2.94623,
32848,2.72561,
32849,2.7475,
32850,2.74864,
32851,2.8993,
32852,3.03846,
32853,2.91996,
32854,2.73843,
32855,2.67655,
32856,2.60872,
32857,2.54237,
32858,2.58169,
32859,2.60859,
32860,2.85544,
32861,2.58904,
32862,2.60872,
32863,2.62535,
32864,2.86347,
32865,2.78335,
32866,2.96984,
32867,2.66105,
32868,3.11168,
32869,2.84287,
32870,3.08675,
32871,3.20439,
32872,3.01161,
32873,3.14957,
32874,3.02728,
32875,2.9573,
32876,3.07523,
32877,3.00548,
32878,2.88467,
32879,2.79149,
32880,2.74235,
32881,2.90252,
32882,2.84312,
32883,2.94808,
32884,2.98468,
32885,2.83241,
32886,2.9642,
32887,2.75371,
32888,3.01167,
32889,2.97706,
32890,2.73797,
32891,2.66414,
32892,2.94884,
32893,2.64339,
32894,2.6944,
32895,2.68923,
32896,2.51488,
32897,2.58177,
32898,2.65838,
32899,3.09581,
32900,3.10665,
32901,3.25331,
32902,3.27494,
32903,3.25958,
32904,3.12647,
32905,2.88164,
32906,2.95804,
32907,2.95655,
32908,3.06313,
32909,3.3216,
32910,3.04145,
32911,3.06492,
32912,2.93291,
32913,2.88474,
32914,3.15707,
32915,3.18161,
32916,3.23422,
32917,3.02741,
32918,3.27095,
32919,2.92382,
32920,3.00788,
32921,2.92155,
32922,3.04219,
32923,2.85691,
32924,2.9233,
32925,2.822,
32926,2.77558,
32927,3.01899,
32928,2.74105,
32929,2.78737,
32930,2.9333,
32931,2.9336,
32932,2.97274,
32933,2.82819,
32934,2.93109,
32935,2.79926,
32936,2.79015,
32937,2.69739,
32938,2.76304,
32939,2.86421,
32940,2.58726,
32941,2.68422,
32942,2.91163,
32943,2.77873,
32944,3.18771,
32945,3.2276,
32946,3.19025,
32947,3.28863,
32948,3.19657,
32949,3.12304,
32950,2.96404,
32951,3.09517,
32952,2.86664,
32953,2.88313,
32954,2.81154,
32955,2.84144,
32956,3.13262,
32957,3.12184,
32958,2.96952,
32959,3.12173,
32960,3.1291,
32961,2.83122,
32962,2.86791,
32963,2.91904,
32964,2.76985,
32965,2.89687,
32966,3.03849,
32967,3.02914,
32968,3.10966,
32969,3.22746,
32970,3.2074,
32971,2.71665,
32972,2.84691,
32973,3.03432,
32974,3.06394,
32975,3.00797,
32976,3.05408,
32977,3.18052,
32978,3.10911,
32979,3.22081,
32980,2.9778,
32981,2.94505,
32982,3.12998,
32983,2.81865,
32984,3.04649,
32985,3.05589,
32986,3.00712,
32987,2.97813,
32988,2.9881,
32989,3.21121,
32990,3.05622,
32991,3.12188,
32992,3.01461,
32993,3.161,
32994,3.09239,
32995,3.10696,
32996,2.93256,
32997,2.99389,
32998,2.96855,
32999,2.85194,
33000,2.89955,
33001,2.84528,
33002,2.97568,
33003,2.96699,
33004,3.03507,
33005,2.73359,
33006,2.91666,
33007,3.02318,
33008,2.9768,
33009,2.81184,
33010,2.84039,
33011,3.04943,
33012,2.81252,
33013,3.05907,
33014,2.10843,
33015,3.06522,
33016,3.05347,
33017,3.17682,
33018,3.28903,
33019,3.48044,
33020,3.12649,
33021,3.14464,
33022,3.0594,
33023,3.18354,
33024,3.1779,
33025,3.20029,
33026,3.0904,
33027,2.92528,
33028,3.00598,
33029,3.00617,
33030,3.13763,
33031,2.92413,
33032,3.08561,
33033,3.16293,
33034,3.08348,
33035,3.05196,
33036,2.95274,
33037,3.0081,
33038,3.07128,
33039,3.0617,
33040,3.02069,
33041,3.05946,
33042,2.90584,
33043,3.17133,
33044,3.14479,
33045,2.89603,
33046,3.02681,
33047,2.84568,
33048,2.81244,
33049,2.7973,
33050,2.65257,
33051,3.00333,
33052,2.93177,
33053,2.77998,
33054,2.87668,
33055,3.02966,
33056,2.8477,
33057,2.8018,
33058,2.84812,
33059,2.78878,
33060,2.97361,
33061,2.81669,
33062,2.88998,
33063,3.02813,
33064,2.88013,
33065,3.00123,
33066,2.963,
33067,2.86163,
33068,2.8737,
33069,2.91839,
33070,3.09277,
33071,2.97773,
33072,2.95781,
33073,2.95943,
33074,3.07235,
33075,2.87085,
33076,2.70598,
33077,2.86875,
33078,2.82376,
33079,2.95293,
33080,2.93363,
33081,2.63053,
33082,2.98863,
33083,3.07668,
33084,2.99115,
33085,2.89795,
33086,2.78748,
33087,3.06993,
33088,2.87354,
33089,2.58742,
33090,2.94105,
33091,2.91925,
33092,3.11367,
33093,2.89724,
33094,2.78824,
33095,2.9273,
33096,2.86268,
33097,2.83131,
33098,2.88056,
33099,2.86021,
33100,3.06984,
33101,3.02637,
33102,3.04216,
33103,2.82915,
33104,2.89741,
33105,2.84584,
33106,3.03705,
33107,3.02224,
33108,3.01966,
33109,3.02288,
33110,3.17188,
33111,2.89811,
33112,2.99232,
33113,2.97666,
33114,2.80714,
33115,3.03808,
33116,3.03258,
33117,3.13161,
33118,2.93166,
33119,2.73426,
33120,2.73441,
33121,2.94323,
33122,2.78644,
33123,2.84288,
33124,2.66066,
33125,2.85283,
33126,3.05945,
33127,3.01712,
33128,2.91897,
33129,3.07271,
33130,2.9874,
33131,3.01235,
33132,2.91058,
33133,3.08362,
33134,3.06329,
33135,3.11132,
33136,3.03182,
33137,3.04029,
33138,3.02064,
33139,2.93513,
33140,3.07189,
33141,2.7066,
33142,2.84119,
33143,3.04601,
33144,2.88865,
33145,2.97696,
33146,2.74372,
33147,2.84825,
33148,3.02341,
33149,2.75593,
33150,2.87594,
33151,2.79356,
33152,2.70929,
33153,2.87203,
33154,2.66554,
33155,2.76689,
33156,2.75285,
33157,2.90914,
33158,2.81312,
33159,2.97952,
33160,3.02321,
33161,2.9662,
33162,2.81736,
33163,2.8389,
33164,2.80195,
33165,2.84118,
33166,2.75299,
33167,3.05802,
33168,2.92523,
33169,2.98094,
33170,3.06639,
33171,2.97546,
33172,2.8686,
33173,2.99002,
33174,2.91536,
33175,2.95601,
33176,3.00158,
33177,3.09204,
33178,3.20803,
33179,3.06166,
33180,3.00221,
33181,2.98061,
33182,2.88835,
33183,2.91915,
33184,2.77399,
33185,2.87627,
33186,2.74587,
33187,2.96172,
33188,2.8551,
33189,3.03456,
33190,2.84986,
33191,2.97497,
33192,3.08277,
33193,3.09942,
33194,3.19739,
33195,2.89595,
33196,2.74892,
33197,2.98555,
33198,2.71701,
33199,3.00375,
33200,2.93658,
33201,3.15813,
33202,3.18673,
33203,3.18035,
33204,2.91509,
33205,3.12954,
33206,3.02022,
33207,3.02243,
33208,2.95842,
33209,3.09498,
33210,2.85724,
33211,3.12052,
33212,2.69435,
33213,3.07302,
33214,3.09,
33215,3.20756,
33216,2.96309,
33217,3.0709,
33218,3.07874,
33219,2.85811,
33220,3.04548,
33221,2.78617,
33222,2.88149,
33223,2.92858,
33224,3.15829,
33225,3.13449,
33226,2.72549,
33227,2.96982,
33228,2.92926,
33229,3.03292,
33230,3.01658,
33231,3.19575,
33232,3.03944,
33233,2.91337,
33234,3.03731,
33235,3.06745,
33236,2.88175,
33237,2.83644,
33238,2.83115,
33239,2.9977,
33240,3.14627,
33241,3.14463,
33242,3.06164,
33243,3.01027,
33244,2.99443,
33245,2.83439,
33246,3.08765,
33247,2.92395,
33248,3.03185,
33249,2.98954,
33250,2.99814,
33251,2.9731,
33252,3.07938,
33253,3.05484,
33254,2.93674,
33255,3.01774,
33256,3.14628,
33257,2.82245,
33258,3.21032,
33259,3.06969,
33260,2.92241,
33261,2.85509,
33262,3.03355,
33263,3.01803,
33264,2.9119,
33265,2.90306,
33266,3.08357,
33267,2.85598,
33268,2.84553,
33269,2.9667,
33270,2.8334,
33271,2.82601,
33272,3.06045,
33273,3.08033,
33274,2.92194,
33275,2.86372,
33276,2.85339,
33277,3.03474,
33278,3.06372,
33279,2.67457,
33280,2.91759,
33281,2.93207,
33282,3.00753,
33283,3.04156,
33284,3.04434,
33285,2.83534,
33286,2.88997,
33287,3.00339,
33288,2.71421,
33289,2.78574,
33290,3.12411,
33291,2.92202,
33292,3.01134,
33293,2.7853,
33294,2.77356,
33295,2.98279,
33296,2.93583,
33297,2.80738,
33298,3.07843,
33299,2.97624,
33300,2.76287,
33301,2.87018,
33302,2.79284,
33303,2.90347,
33304,2.77275,
33305,2.78951,
33306,3.00873,
33307,2.91519,
33308,3.0997,
33309,3.15213,
33310,3.01048,
33311,3.10021,
33312,2.84167,
33313,2.9615,
33314,3.07115,
33315,3.02774,
33316,3.13452,
33317,3.23238,
33318,3.30389,
33319,4.12351,
33320,3.01279,
33321,3.00462,
33322,3.04538,
33323,2.99987,
33324,2.91271,
33325,3.06873,
33326,2.97337,
33327,3.03043,
33328,2.95308,
33329,3.48642,
33330,3.02649,
33331,2.99492,
33332,2.65911,
33333,2.79566,
33334,3.07072,
33335,3.04768,
33336,3.11949,
33337,3.24285,
33338,3.07012,
33339,2.98776,
33340,3.01403,
33341,2.94953,
33342,3.19946,
33343,2.99234,
33344,2.96781,
33345,3.15094,
33346,3.13608,
33347,3.03811,
33348,2.85021,
33349,2.91321,
33350,2.91818,
33351,2.93723,
33352,2.90455,
33353,2.67517,
33354,3.06208,
33355,2.93632,
33356,2.78176,
33357,2.7736,
33358,2.88638,
33359,2.95159,
33360,2.96842,
33361,2.88823,
33362,3.0072,
33363,2.69153,
33364,2.89735,
33365,2.65746,
33366,3.0157,
33367,2.85902,
33368,2.86123,
33369,2.81815,
33370,2.91244,
33371,2.89771,
33372,2.83629,
33373,2.82984,
33374,2.74934,
33375,2.90395,
33376,2.8651,
33377,2.62468,
33378,2.70377,
33379,2.71166,
33380,2.9194,
33381,2.91978,
33382,2.8507,
33383,2.85403,
33384,2.95601,
33385,2.96584,
33386,2.71366,
33387,3.04493,
33388,2.89628,
33389,2.89699,
33390,2.87307,
33391,3.04248,
33392,3.14935,
33393,3.09815,
33394,2.88174,
33395,2.8055,
33396,3.19088,
33397,2.98579,
33398,3.0034,
33399,2.92114,
33400,2.80465,
33401,2.8306,
33402,2.99984,
33403,2.55489,
33404,2.66548,
33405,2.52399,
33406,2.7433,
33407,2.90102,
33408,3.00707,
33409,2.97551,
33410,2.95827,
33411,2.90891,
33412,2.71301,
33413,2.81489,
33414,2.89108,
33415,3.0832,
33416,2.87421,
33417,2.83328,
33418,2.47739,
33419,2.54167,
33420,2.99413,
33421,2.68069,
33422,2.89522,
33423,2.6338,
33424,2.81752,
33425,2.67223,
33426,2.69165,
33427,2.69378,
33428,2.72932,
33429,2.68058,
33430,2.66205,
33431,2.69448,
33432,2.95513,
33433,2.60748,
33434,2.8855,
33435,2.79998,
33436,3.13419,
33437,3.13505,
33438,3.09763,
33439,3.18061,
33440,3.14172,
33441,3.099,
33442,2.89273,
33443,2.69629,
33444,2.99763,
33445,2.82399,
33446,2.84923,
33447,3.06559,
33448,2.94819,
33449,3.03348,
33450,2.94692,
33451,2.88352,
33452,2.80964,
33453,2.91731,
33454,3.03331,
33455,2.96052,
33456,2.93523,
33457,2.92096,
33458,2.79001,
33459,3.12017,
33460,2.81861,
33461,2.80491,
33462,2.9402,
33463,2.95744,
33464,2.83214,
33465,3.2286,
33466,3.06453,
33467,3.12587,
33468,2.95278,
33469,3.10631,
33470,3.06206,
33471,2.96882,
33472,3.0192,
33473,2.97554,
33474,2.97822,
33475,2.97561,
33476,3.04151,
33477,2.96851,
33478,2.77874,
33479,2.98179,
33480,2.89273,
33481,2.86081,
33482,2.61852,
33483,2.77751,
33484,2.62457,
33485,2.82547,
33486,2.9134,
33487,2.68307,
33488,2.78244,
33489,2.72948,
33490,2.93995,
33491,2.81576,
33492,2.86551,
33493,2.75098,
33494,2.95376,
33495,3.01701,
33496,2.98944,
33497,2.97343,
33498,3.05945,
33499,2.94175,
33500,3.08351,
33501,3.03912,
33502,3.01556,
33503,3.07486,
33504,2.95046,
33505,2.9241,
33506,2.7083,
33507,2.95818,
33508,2.92442,
33509,3.03619,
33510,2.94581,
33511,2.81475,
33512,2.92349,
33513,2.83111,
33514,2.89779,
33515,3.00931,
33516,3.0692,
33517,2.85964,
33518,2.83721,
33519,2.81069,
33520,3.07717,
33521,3.06452,
33522,3.09093,
33523,2.95254,
33524,3.12863,
33525,2.9316,
33526,3.03045,
33527,3.18767,
33528,2.96558,
33529,2.84412,
33530,2.81639,
33531,3.05722,
33532,3.07436,
33533,2.96319,
33534,2.99423,
33535,2.94558,
33536,3.14405,
33537,3.07298,
33538,3.2788,
33539,2.87089,
33540,2.92888,
33541,2.722,
33542,2.87163,
33543,2.90093,
33544,2.88972,
33545,2.87409,
33546,3.08212,
33547,2.9701,
33548,2.90163,
33549,2.70933,
33550,2.79674,
33551,2.88827,
33552,2.90298,
33553,2.84762,
33554,3.14306,
33555,3.13654,
33556,3.15472,
33557,3.00508,
33558,2.91265,
33559,3.08169,
33560,2.80669,
33561,3.10281,
33562,3.17604,
33563,3.0625,
33564,3.10977,
33565,3.2991,
33566,3.40072,
33567,3.02586,
33568,3.08836,
33569,3.08007,
33570,3.2028,
33571,3.29556,
33572,3.08467,
33573,2.99203,
33574,2.96702,
33575,2.89393,
33576,2.99003,
33577,2.96456,
33578,2.9823,
33579,2.93447,
33580,2.82108,
33581,3.01584,
33582,3.37292,
33583,3.40155,
33584,3.3886,
33585,3.35686,
33586,3.33812,
33587,3.36815,
33588,3.36196,
33589,3.25059,
33590,3.31632,
33591,3.36541,
33592,3.35214,
33593,3.31127,
33594,3.28578,
33595,3.1949,
33596,3.29246,
33597,3.32247,
33598,3.3036,
33599,3.20147,
33600,3.13773,
33601,2.98933,
33602,3.24074,
33603,3.0661,
33604,3.00856,
33605,3.04569,
33606,3.04196,
33607,2.91289,
33608,3.09118,
33609,2.95654,
33610,2.99751,
33611,2.99489,
33612,2.84235,
33613,2.74689,
33614,3.04432,
33615,3.22626,
33616,3.0821,
33617,2.83247,
33618,2.99598,
33619,3.0214,
33620,2.94234,
33621,2.96193,
33622,3.03028,
33623,2.84584,
33624,2.92172,
33625,2.82727,
33626,2.79983,
33627,3.10468,
33628,2.99472,
33629,2.97721,
33630,2.9769,
33631,2.88608,
33632,2.8365,
33633,2.78409,
33634,2.83866,
33635,3.00101,
33636,2.87387,
33637,2.81791,
33638,3.01708,
33639,2.93797,
33640,2.86596,
33641,2.90758,
33642,2.73793,
33643,2.7272,
33644,2.95644,
33645,2.68067,
33646,2.72782,
33647,2.82151,
33648,2.88613,
33649,2.77461,
33650,2.76876,
33651,2.84166,
33652,2.7481,
33653,2.80563,
33654,2.87613,
33655,2.93939,
33656,2.95333,
33657,2.95574,
33658,2.7899,
33659,3.00212,
33660,2.75654,
33661,2.92593,
33662,2.87446,
33663,2.85025,
33664,3.09226,
33665,2.82511,
33666,2.78833,
33667,2.97551,
33668,2.80981,
33669,2.71899,
33670,2.82356,
33671,3.06672,
33672,2.61926,
33673,2.67806,
33674,2.92588,
33675,2.70874,
33676,2.84349,
33677,2.78218,
33678,2.67033,
33679,2.65118,
33680,3.00235,
33681,2.9708,
33682,3.01368,
33683,2.88823,
33684,3.10532,
33685,2.987,
33686,3.09655,
33687,2.97908,
33688,2.89811,
33689,3.00317,
33690,2.96285,
33691,2.99081,
33692,2.93524,
33693,2.9254,
33694,2.93497,
33695,2.66476,
33696,2.85598,
33697,2.93401,
33698,2.97585,
33699,2.96081,
33700,2.6532,
33701,2.8624,
33702,2.93635,
33703,2.81214,
33704,2.56257,
33705,2.71056,
33706,2.77341,
33707,2.75113,
33708,2.80272,
33709,2.562,
33710,2.66864,
33711,2.61418,
33712,2.77834,
33713,2.90738,
33714,3.23874,
33715,3.2208,
33716,3.06335,
33717,2.98652,
33718,3.14991,
33719,3.16627,
33720,2.87511,
33721,3.03342,
33722,2.9161,
33723,2.93497,
33724,2.84493,
33725,3.18483,
33726,2.98584,
33727,2.9206,
33728,3.09748,
33729,3.05657,
33730,2.94795,
33731,3.08061,
33732,2.88417,
33733,3.04743,
33734,3.04415,
33735,2.8999,
33736,2.87311,
33737,2.91444,
33738,2.80549,
33739,3.07336,
33740,3.04323,
33741,2.9226,
33742,3.03029,
33743,2.93102,
33744,2.9722,
33745,3.11954,
33746,3.02674,
33747,2.97712,
33748,2.95923,
33749,3.00033,
33750,2.81769,
33751,2.93369,
33752,2.95824,
33753,3.08782,
33754,2.83933,
33755,2.93152,
33756,2.8505,
33757,3.03744,
33758,2.99709,
33759,2.99613,
33760,2.76658,
33761,2.96139,
33762,2.85901,
33763,2.76804,
33764,2.96169,
33765,3.01385,
33766,2.95382,
33767,2.74343,
33768,2.8895,
33769,2.94334,
33770,2.8836,
33771,2.88252,
33772,2.75613,
33773,2.82826,
33774,2.78483,
33775,2.94952,
33776,2.62737,
33777,2.67945,
33778,2.73865,
33779,2.81864,
33780,2.88999,
33781,2.78239,
33782,2.60579,
33783,2.75035,
33784,2.70647,
33785,2.83727,
33786,2.6963,
33787,2.75379,
33788,2.95115,
33789,2.8556,
33790,2.90877,
33791,2.61833,
33792,2.78918,
33793,2.7034,
33794,2.80413,
33795,2.92151,
33796,2.61906,
33797,2.74565,
33798,2.62914,
33799,2.57492,
33800,2.81013,
33801,2.79506,
33802,2.77119,
33803,2.69197,
33804,2.9312,
33805,2.74581,
33806,2.87695,
33807,3.01484,
33808,3.01066,
33809,2.97412,
33810,2.97656,
33811,3.23126,
33812,3.01636,
33813,2.89747,
33814,3.09951,
33815,2.91657,
33816,3.02833,
33817,3.11725,
33818,2.97035,
33819,2.97542,
33820,2.9936,
33821,2.75723,
33822,2.99085,
33823,2.95398,
33824,2.79159,
33825,2.91346,
33826,2.88744,
33827,2.70384,
33828,2.88127,
33829,2.91813,
33830,2.75545,
33831,2.84033,
33832,2.89189,
33833,3.04272,
33834,2.84192,
33835,2.93331,
33836,2.84572,
33837,3.18408,
33838,3.23234,
33839,3.22247,
33840,3.22613,
33841,3.29956,
33842,3.18123,
33843,3.14729,
33844,3.30508,
33845,3.14923,
33846,3.2098,
33847,3.23476,
33848,3.20544,
33849,3.08066,
33850,3.25328,
33851,3.22013,
33852,3.23556,
33853,3.2571,
33854,3.16621,
33855,3.15857,
33856,3.11931,
33857,3.18542,
33858,3.02292,
33859,3.20228,
33860,2.67317,
33861,2.76931,
33862,2.71081,
33863,2.56978,
33864,2.63288,
33865,2.56598,
33866,2.86268,
33867,2.41548,
33868,2.66663,
33869,2.62783,
33870,2.73898,
33871,2.70538,
33872,2.52187,
33873,2.58407,
33874,2.77713,
33875,2.89206,
33876,2.87683,
33877,2.59763,
33878,2.55493,
33879,3.09352,
33880,3.15403,
33881,3.07247,
33882,3.14823,
33883,3.08249,
33884,3.06939,
33885,3.00502,
33886,2.82039,
33887,2.94456,
33888,3.1049,
33889,2.9318,
33890,3.04653,
33891,3.15048,
33892,3.1536,
33893,3.03656,
33894,2.94801,
33895,2.76782,
33896,2.96598,
33897,2.92369,
33898,2.91188,
33899,2.69172,
33900,2.74261,
33901,2.66356,
33902,2.82257,
33903,2.90769,
33904,2.81425,
33905,2.91934,
33906,2.86412,
33907,2.93899,
33908,2.8787,
33909,3.07039,
33910,2.88181,
33911,2.82466,
33912,2.95133,
33913,2.72921,
33914,2.737,
33915,2.75636,
33916,2.89361,
33917,3.03215,
33918,2.91985,
33919,2.73535,
33920,2.67051,
33921,2.58146,
33922,2.53379,
33923,2.5726,
33924,2.59026,
33925,2.86195,
33926,2.57472,
33927,2.61289,
33928,2.62703,
33929,2.85147,
33930,2.78639,
33931,2.96927,
33932,2.64856,
33933,3.11099,
33934,2.8486,
33935,3.08184,
33936,3.19237,
33937,2.99455,
33938,3.14949,
33939,3.00806,
33940,2.9508,
33941,3.07595,
33942,2.99664,
33943,2.88246,
33944,2.77106,
33945,2.74616,
33946,2.88887,
33947,2.83409,
33948,2.93112,
33949,2.97276,
33950,2.81802,
33951,2.96136,
33952,2.75144,
33953,3.01643,
33954,2.97083,
33955,2.74356,
33956,2.67302,
33957,2.94552,
33958,2.63862,
33959,2.69185,
33960,2.67611,
33961,2.51667,
33962,2.58339,
33963,2.68072,
33964,3.09154,
33965,3.07279,
33966,3.24332,
33967,3.2762,
33968,3.24493,
33969,3.11741,
33970,2.87265,
33971,2.95018,
33972,2.93669,
33973,3.0605,
33974,3.31816,
33975,3.02513,
33976,3.0706,
33977,2.93253,
33978,2.88623,
33979,3.15647,
33980,3.16412,
33981,3.21873,
33982,3.02974,
33983,3.26762,
33984,2.92037,
33985,2.99475,
33986,2.92085,
33987,3.03188,
33988,2.85374,
33989,2.92252,
33990,2.82362,
33991,2.76784,
33992,3.04122,
33993,2.71053,
33994,2.78513,
33995,2.92045,
33996,2.93098,
33997,2.95537,
33998,2.8306,
33999,2.9063,
34000,2.79887,
34001,2.77049,
34002,2.68921,
34003,2.76722,
34004,2.85127,
34005,2.58853,
34006,2.67966,
34007,2.91221,
34008,2.78269,
34009,3.1843,
34010,3.21551,
34011,3.18932,
34012,3.27684,
34013,3.18934,
34014,3.1121,
34015,2.96516,
34016,3.06288,
34017,2.85876,
34018,2.87438,
34019,2.79728,
34020,2.82791,
34021,3.13356,
34022,3.11572,
34023,2.96452,
34024,3.11902,
34025,3.1192,
34026,2.82134,
34027,2.85433,
34028,2.93153,
34029,2.76722,
34030,2.90633,
34031,3.04755,
34032,3.02709,
34033,3.09554,
34034,3.22824,
34035,3.20294,
34036,2.70964,
34037,2.83597,
34038,3.0226,
34039,3.04968,
34040,3.01048,
34041,3.03804,
34042,3.16783,
34043,3.11832,
34044,3.19343,
34045,2.9734,
34046,2.93893,
34047,3.12181,
34048,2.79189,
34049,3.03634,
34050,3.04979,
34051,2.99218,
34052,2.96261,
34053,2.97955,
34054,3.20219,
34055,3.05438,
34056,3.11323,
34057,3.01308,
34058,3.1605,
34059,3.09343,
34060,3.09376,
34061,2.93529,
34062,2.99591,
34063,2.97177,
34064,2.8551,
34065,2.90671,
34066,2.85844,
34067,2.96967,
34068,2.95187,
34069,3.01848,
34070,2.72895,
34071,2.92789,
34072,3.02284,
34073,2.9588,
34074,2.80581,
34075,2.82258,
34076,3.05288,
34077,2.79878,
34078,3.04235,
34079,2.09133,
34080,3.08572,
34081,3.03835,
34082,3.17048,
34083,3.27558,
34084,3.47089,
34085,3.11387,
34086,3.14167,
34087,3.05858,
34088,3.19081,
34089,3.16628,
34090,3.20678,
34091,3.08347,
34092,2.91678,
34093,3.0005,
34094,2.99462,
34095,3.13058,
34096,2.9169,
34097,3.08824,
34098,3.15801,
34099,3.06586,
34100,3.04071,
34101,2.94369,
34102,3.00696,
34103,3.06398,
34104,3.06402,
34105,3.01643,
34106,3.04663,
34107,2.88835,
34108,3.16325,
34109,3.14024,
34110,2.88957,
34111,3.01079,
34112,2.83548,
34113,2.80858,
34114,2.78523,
34115,2.64793,
34116,2.98638,
34117,2.9168,
34118,2.77161,
34119,2.88104,
34120,3.00619,
34121,2.83998,
34122,2.80753,
34123,2.84422,
34124,2.80436,
34125,2.96269,
34126,2.80491,
34127,2.90004,
34128,3.02334,
34129,2.88023,
34130,2.99497,
34131,2.96527,
34132,2.85869,
34133,2.87395,
34134,2.912,
34135,3.08161,
34136,2.97093,
34137,2.94236,
34138,2.96973,
34139,3.06133,
34140,2.87438,
34141,2.69822,
34142,2.86146,
34143,2.79942,
34144,2.93972,
34145,2.93576,
34146,2.64184,
34147,2.99271,
34148,3.07584,
34149,2.98859,
34150,2.89351,
34151,2.79249,
34152,3.05965,
34153,2.86594,
34154,2.58761,
34155,2.93929,
34156,2.9087,
34157,3.11104,
34158,2.88394,
34159,2.78517,
34160,2.92171,
34161,2.85989,
34162,2.84143,
34163,2.87946,
34164,2.84956,
34165,3.03914,
34166,3.01773,
34167,3.01583,
34168,2.81545,
34169,2.89125,
34170,2.84142,
34171,3.02937,
34172,3.01517,
34173,3.01431,
34174,3.02025,
34175,3.17188,
34176,2.88877,
34177,2.97703,
34178,2.97142,
34179,2.80591,
34180,3.03818,
34181,3.03241,
34182,3.12992,
34183,2.93121,
34184,2.71515,
34185,2.73376,
34186,2.92179,
34187,2.77876,
34188,2.83744,
34189,2.66837,
34190,2.84751,
34191,3.04299,
34192,3.00649,
34193,2.90455,
34194,3.07632,
34195,2.96524,
34196,3.01223,
34197,2.89996,
34198,3.07178,
34199,3.04956,
34200,3.10779,
34201,3.04042,
34202,3.038,
34203,3.00678,
34204,2.93092,
34205,3.0545,
34206,2.69655,
34207,2.83106,
34208,3.03716,
34209,2.88249,
34210,2.97375,
34211,2.73957,
34212,2.84784,
34213,3.01289,
34214,2.7462,
34215,2.87211,
34216,2.79745,
34217,2.70334,
34218,2.87828,
34219,2.65883,
34220,2.76417,
34221,2.75848,
34222,2.91965,
34223,2.80034,
34224,2.96509,
34225,3.01039,
34226,2.93668,
34227,2.8044,
34228,2.84688,
34229,2.7863,
34230,2.84105,
34231,2.72888,
34232,3.06317,
34233,2.92376,
34234,2.96345,
34235,3.06174,
34236,2.98058,
34237,2.85789,
34238,2.97124,
34239,2.92295,
34240,2.95235,
34241,2.98547,
34242,3.08405,
34243,3.19653,
34244,3.04857,
34245,3.00116,
34246,2.97208,
34247,2.88667,
34248,2.92033,
34249,2.77119,
34250,2.86952,
34251,2.75365,
34252,2.96024,
34253,2.85118,
34254,3.02262,
34255,2.84399,
34256,2.95838,
34257,3.07506,
34258,3.10389,
34259,3.18968,
34260,2.88221,
34261,2.74764,
34262,2.97681,
34263,2.73176,
34264,2.9936,
34265,2.92833,
34266,3.1449,
34267,3.17776,
34268,3.17188,
34269,2.89652,
34270,3.13345,
34271,3.00334,
34272,3.00255,
34273,2.94761,
34274,3.09315,
34275,2.84044,
34276,3.10747,
34277,2.68031,
34278,3.07364,
34279,3.0704,
34280,3.20171,
34281,2.94908,
34282,3.06555,
34283,3.08494,
34284,2.85697,
34285,3.03889,
34286,2.76714,
34287,2.87825,
34288,2.92225,
34289,3.15397,
34290,3.13306,
34291,2.70986,
34292,2.97349,
34293,2.91257,
34294,3.02904,
34295,3.01102,
34296,3.18438,
34297,3.0204,
34298,2.90858,
34299,3.04002,
34300,3.05726,
34301,2.886,
34302,2.82465,
34303,2.81919,
34304,2.98772,
34305,3.152,
34306,3.12792,
34307,3.04829,
34308,2.99637,
34309,2.9774,
34310,2.82739,
34311,3.07109,
34312,2.91109,
34313,3.01585,
34314,2.98314,
34315,3.00726,
34316,2.95654,
34317,3.07044,
34318,3.04017,
34319,2.93159,
34320,2.99357,
34321,3.13353,
34322,2.82574,
34323,3.20028,
34324,3.04487,
34325,2.90959,
34326,2.85265,
34327,3.01508,
34328,3.02717,
34329,2.92446,
34330,2.89095,
34331,3.0744,
34332,2.8425,
34333,2.82871,
34334,2.97316,
34335,2.83443,
34336,2.8176,
34337,3.05817,
34338,3.06903,
34339,2.9124,
34340,2.86634,
34341,2.849,
34342,3.03573,
34343,3.0565,
34344,2.67556,
34345,2.91873,
34346,2.90913,
34347,3.01611,
34348,3.04161,
34349,3.04572,
34350,2.83591,
34351,2.88991,
34352,2.98598,
34353,2.70079,
34354,2.78431,
34355,3.12507,
34356,2.90735,
34357,3.00177,
34358,2.7786,
34359,2.76719,
34360,2.98069,
34361,2.93391,
34362,2.799,
34363,3.07901,
34364,2.97882,
34365,2.75382,
34366,2.88592,
34367,2.78116,
34368,2.89356,
34369,2.76366,
34370,2.78321,
34371,3.00081,
34372,2.90814,
34373,3.09041,
34374,3.13737,
34375,2.99723,
34376,3.10282,
34377,2.83504,
34378,2.95992,
34379,3.0646,
34380,3.02518,
34381,3.14076,
34382,3.22569,
34383,3.29404,
34384,4.11602,
34385,3.01428,
34386,3.00752,
34387,3.04829,
34388,2.99493,
34389,2.90774,
34390,3.05097,
34391,2.96196,
34392,3.02401,
34393,2.94253,
34394,3.48729,
34395,3.01463,
34396,2.98578,
34397,2.6538,
34398,2.79568,
34399,3.06245,
34400,3.02661,
34401,3.11774,
34402,3.23942,
34403,3.06236,
34404,2.9721,
34405,3.01205,
34406,2.9334,
34407,3.19449,
34408,2.96769,
34409,2.96052,
34410,3.15448,
34411,3.11697,
34412,3.03857,
34413,2.84199,
34414,2.89179,
34415,2.91219,
34416,2.9276,
34417,2.88095,
34418,2.66981,
34419,3.07014,
34420,2.92375,
34421,2.76453,
34422,2.77243,
34423,2.89016,
34424,2.95552,
34425,2.96678,
34426,2.87516,
34427,2.99202,
34428,2.68879,
34429,2.89087,
34430,2.64762,
34431,3.02456,
34432,2.85372,
34433,2.8624,
34434,2.80045,
34435,2.8977,
34436,2.89942,
34437,2.83126,
34438,2.8171,
34439,2.75051,
34440,2.90666,
34441,2.85722,
34442,2.63676,
34443,2.6994,
34444,2.69648,
34445,2.89739,
34446,2.91996,
34447,2.83325,
34448,2.85573,
34449,2.92849,
34450,2.95586,
34451,2.71057,
34452,3.03132,
34453,2.87142,
34454,2.90368,
34455,2.85839,
34456,3.03981,
34457,3.14305,
34458,3.0893,
34459,2.8674,
34460,2.80537,
34461,3.18369,
34462,2.97772,
34463,3.01139,
34464,2.92415,
34465,2.80278,
34466,2.82964,
34467,3.00382,
34468,2.55369,
34469,2.6566,
34470,2.50218,
34471,2.74794,
34472,2.90316,
34473,2.99438,
34474,2.97784,
34475,2.94508,
34476,2.90031,
34477,2.72524,
34478,2.81516,
34479,2.89983,
34480,3.085,
34481,2.87114,
34482,2.83918,
34483,2.46559,
34484,2.54083,
34485,2.99584,
34486,2.69415,
34487,2.89924,
34488,2.64506,
34489,2.8007,
34490,2.65452,
34491,2.68298,
34492,2.69463,
34493,2.71011,
34494,2.6861,
34495,2.66002,
34496,2.69188,
34497,2.9432,
34498,2.59965,
34499,2.88841,
34500,2.77843,
34501,3.1376,
34502,3.12856,
34503,3.08932,
34504,3.17068,
34505,3.11359,
34506,3.0793,
34507,2.88468,
34508,2.67607,
34509,2.9955,
34510,2.81117,
34511,2.85504,
34512,3.05869,
34513,2.93875,
34514,3.01786,
34515,2.93771,
34516,2.87862,
34517,2.81501,
34518,2.90796,
34519,3.03557,
34520,2.96134,
34521,2.94229,
34522,2.89141,
34523,2.78743,
34524,3.1165,
34525,2.80766,
34526,2.79291,
34527,2.92455,
34528,2.96366,
34529,2.8252,
34530,3.2247,
34531,3.06068,
34532,3.11818,
34533,2.94307,
34534,3.10802,
34535,3.05214,
34536,2.9584,
34537,3.01153,
34538,2.96264,
34539,2.97922,
34540,2.96769,
34541,3.01573,
34542,2.94641,
34543,2.7817,
34544,2.99744,
34545,2.86539,
34546,2.86086,
34547,2.61149,
34548,2.76064,
34549,2.61132,
34550,2.82891,
34551,2.90988,
34552,2.66986,
34553,2.76279,
34554,2.72842,
34555,2.91042,
34556,2.79698,
34557,2.88063,
34558,2.7357,
34559,2.93266,
34560,3.01372,
34561,2.97897,
34562,2.97616,
34563,3.02645,
34564,2.9393,
34565,3.07135,
34566,3.04086,
34567,3.00768,
34568,3.06232,
34569,2.93384,
34570,2.91926,
34571,2.67852,
34572,2.9477,
34573,2.90897,
34574,3.02423,
34575,2.92777,
34576,2.79451,
34577,2.90153,
34578,2.84206,
34579,2.90035,
34580,3.00999,
34581,3.06317,
34582,2.86507,
34583,2.81959,
34584,2.80711,
34585,3.07145,
34586,3.03884,
34587,3.09236,
34588,2.92759,
34589,3.11347,
34590,2.92023,
34591,3.02157,
34592,3.19838,
34593,2.95787,
34594,2.83692,
34595,2.78932,
34596,3.05175,
34597,3.06069,
34598,2.95491,
34599,2.97487,
34600,2.93996,
34601,3.13319,
34602,3.06062,
34603,3.27917,
34604,2.87602,
34605,2.93219,
34606,2.7034,
34607,2.88182,
34608,2.8862,
34609,2.88922,
34610,2.8791,
34611,3.0733,
34612,2.97833,
34613,2.89435,
34614,2.70573,
34615,2.82322,
34616,2.87548,
34617,2.89526,
34618,2.85951,
34619,3.11217,
34620,3.11811,
34621,3.14767,
34622,2.99022,
34623,2.90743,
34624,3.07462,
34625,2.80538,
34626,3.08525,
34627,3.18135,
34628,3.06572,
34629,3.11806,
34630,3.29857,
34631,3.39371,
34632,3.00558,
34633,3.08133,
34634,3.08203,
34635,3.21019,
34636,3.29585,
34637,3.06965,
34638,2.98479,
34639,2.95744,
34640,2.8915,
34641,2.9867,
34642,2.96012,
34643,2.97611,
34644,2.92899,
34645,2.81787,
34646,3.01332,
34647,3.35778,
34648,3.39017,
34649,3.37964,
34650,3.34769,
34651,3.34314,
34652,3.36812,
34653,3.35016,
34654,3.2498,
34655,3.31959,
34656,3.36145,
34657,3.33687,
34658,3.31301,
34659,3.28681,
34660,3.20031,
34661,3.29753,
34662,3.32875,
34663,3.28909,
34664,3.19382,
34665,3.13649,
34666,2.96939,
34667,3.22325,
34668,3.06354,
34669,3.00476,
34670,3.03534,
34671,3.03513,
34672,2.9106,
34673,3.06983,
34674,2.93348,
34675,2.9881,
34676,2.9865,
34677,2.83902,
34678,2.73639,
34679,3.03708,
34680,3.20599,
34681,3.07428,
34682,2.81779,
34683,2.99337,
34684,3.01251,
34685,2.91969,
34686,2.97142,
34687,3.00539,
34688,2.83644,
34689,2.91045,
34690,2.81826,
34691,2.79271,
34692,3.1092,
34693,2.97772,
34694,2.94951,
34695,2.96459,
34696,2.88776,
34697,2.82451,
34698,2.77491,
34699,2.82763,
34700,2.99335,
34701,2.87949,
34702,2.81193,
34703,3.00421,
34704,2.93343,
34705,2.8604,
34706,2.90813,
34707,2.73172,
34708,2.71448,
34709,2.95742,
34710,2.6659,
34711,2.7417,
34712,2.82295,
34713,2.88222,
34714,2.78011,
34715,2.76758,
34716,2.84587,
34717,2.7194,
34718,2.80044,
34719,2.88059,
34720,2.92801,
34721,2.94869,
34722,2.95132,
34723,2.7969,
34724,3.00247,
34725,2.75535,
34726,2.92485,
34727,2.88041,
34728,2.84777,
34729,3.08872,
34730,2.81973,
34731,2.7969,
34732,2.97308,
34733,2.81439,
34734,2.6952,
34735,2.81721,
34736,3.0771,
34737,2.61566,
34738,2.67409,
34739,2.92083,
34740,2.69816,
34741,2.83705,
34742,2.78881,
34743,2.67315,
34744,2.64978,
34745,2.99935,
34746,2.95585,
34747,3.0074,
34748,2.88577,
34749,3.08605,
34750,2.98881,
34751,3.08605,
34752,2.97962,
34753,2.88837,
34754,3.01069,
34755,2.95347,
34756,2.9936,
34757,2.93624,
34758,2.93013,
34759,2.93527,
34760,2.65134,
34761,2.86621,
34762,2.93423,
34763,2.9591,
34764,2.95531,
34765,2.66886,
34766,2.86051,
34767,2.9241,
34768,2.798,
34769,2.55389,
34770,2.7156,
34771,2.78285,
34772,2.76089,
34773,2.80243,
34774,2.56555,
34775,2.66168,
34776,2.61667,
34777,2.79265,
34778,2.91025,
34779,3.22263,
34780,3.21519,
34781,3.05703,
34782,2.99481,
34783,3.14318,
34784,3.15491,
34785,2.86301,
34786,3.02267,
34787,2.91687,
34788,2.93383,
34789,2.83606,
34790,3.19479,
34791,2.98467,
34792,2.91926,
34793,3.09003,
34794,3.04638,
34795,2.93932,
34796,3.07022,
34797,2.87493,
34798,3.04009,
34799,3.03647,
34800,2.88865,
34801,2.85856,
34802,2.91116,
34803,2.78235,
34804,3.06421,
34805,3.01574,
34806,2.91738,
34807,3.02852,
34808,2.91763,
34809,2.97087,
34810,3.11566,
34811,3.01904,
34812,2.96652,
34813,2.94953,
34814,2.98778,
34815,2.81356,
34816,2.92942,
34817,2.95137,
34818,3.08581,
34819,2.84512,
34820,2.92967,
34821,2.84115,
34822,3.03588,
34823,3.00236,
34824,3.00387,
34825,2.75402,
34826,2.94646,
34827,2.85857,
34828,2.76726,
34829,2.95344,
34830,3.01978,
34831,2.95857,
34832,2.72564,
34833,2.88611,
34834,2.93267,
34835,2.87619,
34836,2.85939,
34837,2.75362,
34838,2.82166,
34839,2.77354,
34840,2.93285,
34841,2.63023,
34842,2.66336,
34843,2.74079,
34844,2.81207,
34845,2.86894,
34846,2.76979,
34847,2.60021,
34848,2.74494,
34849,2.70296,
34850,2.81938,
34851,2.68969,
34852,2.7527,
34853,2.93994,
34854,2.84589,
34855,2.89883,
34856,2.61444,
34857,2.79027,
34858,2.69897,
34859,2.80125,
34860,2.91476,
34861,2.60292,
34862,2.74842,
34863,2.61823,
34864,2.58838,
34865,2.78486,
34866,2.78779,
34867,2.75891,
34868,2.68078,
34869,2.92257,
34870,2.75712,
34871,2.86321,
34872,2.99265,
34873,3.00326,
34874,2.95881,
34875,2.97199,
34876,3.22091,
34877,2.99858,
34878,2.90266,
34879,3.08971,
34880,2.92489,
34881,3.01992,
34882,3.10862,
34883,2.97739,
34884,2.97321,
34885,2.98411,
34886,2.7513,
34887,2.97846,
34888,2.95699,
34889,2.78484,
34890,2.90984,
34891,2.89454,
34892,2.6983,
34893,2.88174,
34894,2.91615,
34895,2.74099,
34896,2.82628,
34897,2.87928,
34898,3.02955,
34899,2.82341,
34900,2.9364,
34901,2.82839,
34902,3.1738,
34903,3.22248,
34904,3.20961,
34905,3.22367,
34906,3.29859,
34907,3.16465,
34908,3.1412,
34909,3.30471,
34910,3.14461,
34911,3.21219,
34912,3.22832,
34913,3.19345,
34914,3.07969,
34915,3.25202,
34916,3.20424,
34917,3.23745,
34918,3.25864,
34919,3.14324,
34920,3.16352,
34921,3.10278,
34922,3.18137,
34923,3.00663,
34924,3.19055,
34925,2.66261,
34926,2.75655,
34927,2.68843,
34928,2.5536,
34929,2.63752,
34930,2.55617,
34931,2.86118,
34932,2.42179,
34933,2.65723,
34934,2.61759,
34935,2.74816,
34936,2.70547,
34937,2.54103,
34938,2.57228,
34939,2.77672,
34940,2.87609,
34941,2.85982,
34942,2.59552,
34943,2.55829,
34944,3.09005,
34945,3.15225,
34946,3.05467,
34947,3.14688,
34948,3.06598,
34949,3.05806,
34950,2.99484,
34951,2.81972,
34952,2.93024,
34953,3.09995,
34954,2.9316,
34955,3.0225,
34956,3.15703,
34957,3.14661,
34958,3.03288,
34959,2.94499,
34960,2.75641,
34961,2.96536,
34962,2.9151,
34963,2.90729,
34964,2.68779,
34965,2.73299,
34966,2.66988,
34967,2.81271,
34968,2.90683,
34969,2.81917,
34970,2.90654,
34971,2.85027,
34972,2.92244,
34973,2.87125,
34974,3.05395,
34975,2.86054,
34976,2.82164,
34977,2.93745,
34978,2.70722,
34979,2.72868,
34980,2.75557,
34981,2.8916,
34982,3.03344,
34983,2.91446,
34984,2.72082,
34985,2.66419,
34986,2.58135,
34987,2.52528,
34988,2.56891,
34989,2.59352,
34990,2.84571,
34991,2.57222,
34992,2.60897,
34993,2.62014,
34994,2.84847,
34995,2.78302,
34996,2.95409,
34997,2.63801,
34998,3.09293,
34999,2.84694,
35000,3.08166,
35001,3.18827,
35002,2.98721,
35003,3.13725,
35004,2.99735,
35005,2.92361,
35006,3.04858,
35007,2.99321,
35008,2.86428,
35009,2.76369,
35010,2.73439,
35011,2.87011,
35012,2.82391,
35013,2.92965,
35014,2.9737,
35015,2.81882,
35016,2.95735,
35017,2.75075,
35018,2.99756,
35019,2.96799,
35020,2.73601,
35021,2.66152,
35022,2.93745,
35023,2.64156,
35024,2.71738,
35025,2.6723,
35026,2.51037,
35027,2.57032,
35028,2.66584,
35029,3.06982,
35030,3.07807,
35031,3.24124,
35032,3.25208,
35033,3.23638,
35034,3.11014,
35035,2.85995,
35036,2.95686,
35037,2.91912,
35038,3.06519,
35039,3.31126,
35040,3.01804,
35041,3.05871,
35042,2.92127,
35043,2.87038,
35044,3.15298,
35045,3.16924,
35046,3.20453,
35047,3.01958,
35048,3.27075,
35049,2.92007,
35050,2.98453,
35051,2.91744,
35052,3.0277,
35053,2.84522,
35054,2.90441,
35055,2.81403,
35056,2.75994,
35057,3.01513,
35058,2.7122,
35059,2.77687,
35060,2.9063,
35061,2.9289,
35062,2.95934,
35063,2.81463,
35064,2.91311,
35065,2.79311,
35066,2.76505,
35067,2.68453,
35068,2.74298,
35069,2.85216,
35070,2.57663,
35071,2.6781,
35072,2.91241,
35073,2.76933,
35074,3.17242,
35075,3.20879,
35076,3.17902,
35077,3.26703,
35078,3.18395,
35079,3.1202,
35080,2.9628,
35081,3.05443,
35082,2.85047,
35083,2.88949,
35084,2.78981,
35085,2.81672,
35086,3.1224,
35087,3.11852,
35088,2.97231,
35089,3.11697,
35090,3.13245,
35091,2.83577,
35092,2.85632,
35093,2.90707,
35094,2.75663,
35095,2.8939,
35096,3.03025,
35097,3.01201,
35098,3.09466,
35099,3.23405,
35100,3.20117,
35101,2.71034,
35102,2.83551,
35103,3.01816,
35104,3.05419,
35105,2.98693,
35106,3.03881,
35107,3.16257,
35108,3.10105,
35109,3.19221,
35110,2.9662,
35111,2.93372,
35112,3.13007,
35113,2.80853,
35114,3.01685,
35115,3.03504,
35116,2.99235,
35117,2.97199,
35118,2.97549,
35119,3.19189,
35120,3.04975,
35121,3.11352,
35122,3.0053,
35123,3.1477,
35124,3.08921,
35125,3.08568,
35126,2.92811,
35127,2.9847,
35128,2.97987,
35129,2.84693,
35130,2.90855,
35131,2.83986,
35132,2.96232,
35133,2.93438,
35134,3.01103,
35135,2.72602,
35136,2.90664,
35137,3.01451,
35138,2.9553,
35139,2.80312,
35140,2.81258,
35141,3.05129,
35142,2.79658,
35143,3.04709,
35144,2.0753,
35145,3.05084,
35146,3.02944,
35147,3.15693,
35148,3.27137,
35149,3.46957,
35150,3.08962,
35151,3.14777,
35152,3.03987,
35153,3.17855,
35154,3.16847,
35155,3.17921,
35156,3.09882,
35157,2.92016,
35158,2.99279,
35159,2.99846,
35160,3.13623,
35161,2.91289,
35162,3.06192,
35163,3.15113,
35164,3.05845,
35165,3.04212,
35166,2.93875,
35167,2.98918,
35168,3.05464,
35169,3.05777,
35170,3.0142,
35171,3.03364,
35172,2.87342,
35173,3.15745,
35174,3.13609,
35175,2.88502,
35176,3.02145,
35177,2.83588,
35178,2.79672,
35179,2.78174,
35180,2.65172,
35181,2.9845,
35182,2.90518,
35183,2.7682,
35184,2.87657,
35185,3.00324,
35186,2.8467,
35187,2.79293,
35188,2.84403,
35189,2.776,
35190,2.96301,
35191,2.79701,
35192,2.888,
35193,3.0268,
35194,2.88581,
35195,2.99681,
35196,2.94845,
35197,2.83319,
35198,2.86211,
35199,2.91174,
35200,3.06678,
35201,2.95548,
35202,2.94182,
35203,2.95162,
35204,3.05007,
35205,2.87469,
35206,2.68254,
35207,2.85289,
35208,2.79403,
35209,2.93276,
35210,2.92241,
35211,2.62506,
35212,3.0037,
35213,3.0871,
35214,2.97342,
35215,2.89468,
35216,2.78809,
35217,3.05657,
35218,2.86097,
35219,2.59795,
35220,2.92234,
35221,2.91202,
35222,3.1019,
35223,2.87715,
35224,2.7939,
35225,2.9293,
35226,2.85341,
35227,2.82459,
35228,2.87018,
35229,2.8444,
35230,3.0424,
35231,3.00975,
35232,3.02586,
35233,2.79911,
35234,2.88263,
35235,2.82512,
35236,3.01429,
35237,3.00969,
35238,2.99589,
35239,3.00613,
35240,3.16849,
35241,2.89071,
35242,2.97343,
35243,2.96645,
35244,2.79545,
35245,3.0305,
35246,3.02024,
35247,3.12393,
35248,2.91508,
35249,2.71286,
35250,2.7273,
35251,2.90991,
35252,2.77553,
35253,2.82253,
35254,2.6578,
35255,2.84088,
35256,3.05509,
35257,3.00233,
35258,2.89732,
35259,3.05929,
35260,2.95982,
35261,2.99894,
35262,2.89353,
35263,3.05885,
35264,3.03333,
35265,3.09583,
35266,3.02022,
35267,3.03942,
35268,3.00443,
35269,2.91896,
35270,3.05929,
35271,2.69093,
35272,2.82674,
35273,3.03523,
35274,2.88132,
35275,2.96195,
35276,2.742,
35277,2.85468,
35278,2.99581,
35279,2.74829,
35280,2.86025,
35281,2.8019,
35282,2.70659,
35283,2.87107,
35284,2.65585,
35285,2.76057,
35286,2.74562,
35287,2.91064,
35288,2.8038,
35289,2.95746,
35290,3.01482,
35291,2.93956,
35292,2.78973,
35293,2.8382,
35294,2.78597,
35295,2.82211,
35296,2.72646,
35297,3.05364,
35298,2.9237,
35299,2.95172,
35300,3.06428,
35301,2.96856,
35302,2.85033,
35303,2.96567,
35304,2.91158,
35305,2.9458,
35306,2.97313,
35307,3.08265,
35308,3.18944,
35309,3.05526,
35310,2.99918,
35311,2.96468,
35312,2.88929,
35313,2.91113,
35314,2.77055,
35315,2.85365,
35316,2.73463,
35317,2.96115,
35318,2.84729,
35319,3.02282,
35320,2.83805,
35321,2.96734,
35322,3.07667,
35323,3.08127,
35324,3.18576,
35325,2.89232,
35326,2.75786,
35327,2.97559,
35328,2.70529,
35329,2.98771,
35330,2.91512,
35331,3.12924,
35332,3.16751,
35333,3.15859,
35334,2.88597,
35335,3.12027,
35336,2.99383,
35337,3.00388,
35338,2.95107,
35339,3.08472,
35340,2.83711,
35341,3.10432,
35342,2.68079,
35343,3.07427,
35344,3.0579,
35345,3.18604,
35346,2.94238,
35347,3.06984,
35348,3.06245,
35349,2.85687,
35350,3.02485,
35351,2.79805,
35352,2.87284,
35353,2.91894,
35354,3.15395,
35355,3.13165,
35356,2.71066,
35357,2.96133,
35358,2.90229,
35359,3.03926,
35360,3.00618,
35361,3.20706,
35362,3.0181,
35363,2.90073,
35364,3.03366,
35365,3.06623,
35366,2.87026,
35367,2.8209,
35368,2.82003,
35369,2.97283,
35370,3.12014,
35371,3.13161,
35372,3.04588,
35373,3.00036,
35374,2.98128,
35375,2.82063,
35376,3.05132,
35377,2.91127,
35378,3.00723,
35379,2.981,
35380,2.98987,
35381,2.95208,
35382,3.06092,
35383,3.03246,
35384,2.93244,
35385,2.99261,
35386,3.13139,
35387,2.80834,
35388,3.18194,
35389,3.03744,
35390,2.90533,
35391,2.841,
35392,3.0164,
35393,2.99948,
35394,2.89947,
35395,2.87858,
35396,3.06957,
35397,2.84474,
35398,2.82759,
35399,2.9503,
35400,2.82017,
35401,2.81033,
35402,3.06902,
35403,3.07458,
35404,2.89882,
35405,2.85369,
35406,2.85607,
35407,3.03563,
35408,3.04473,
35409,2.67128,
35410,2.91225,
35411,2.90154,
35412,3.00599,
35413,3.03004,
35414,3.03407,
35415,2.83218,
35416,2.89557,
35417,2.98683,
35418,2.70108,
35419,2.78726,
35420,3.12165,
35421,2.9133,
35422,2.99252,
35423,2.77726,
35424,2.76289,
35425,2.97178,
35426,2.9196,
35427,2.7987,
35428,3.06241,
35429,2.96829,
35430,2.75745,
35431,2.87676,
35432,2.7942,
35433,2.89462,
35434,2.75932,
35435,2.77509,
35436,2.98206,
35437,2.89755,
35438,3.08012,
35439,3.13412,
35440,2.99708,
35441,3.09508,
35442,2.8273,
35443,2.95596,
35444,3.06979,
35445,3.01889,
35446,3.11712,
35447,3.21965,
35448,3.29232,
35449,4.11879,
35450,2.99857,
35451,3.00042,
35452,3.0411,
35453,2.99199,
35454,2.90958,
35455,3.04289,
35456,2.96361,
35457,3.01105,
35458,2.94328,
35459,3.49129,
35460,3.01826,
35461,2.98319,
35462,2.65003,
35463,2.78839,
35464,3.06388,
35465,3.02477,
35466,3.11479,
35467,3.23312,
35468,3.06375,
35469,2.97459,
35470,3.00397,
35471,2.93387,
35472,3.18077,
35473,2.957,
35474,2.96027,
35475,3.14953,
35476,3.1109,
35477,3.02733,
35478,2.84324,
35479,2.88496,
35480,2.91104,
35481,2.9188,
35482,2.87899,
35483,2.6488,
35484,3.05468,
35485,2.92387,
35486,2.76122,
35487,2.77414,
35488,2.89125,
35489,2.943,
35490,2.97493,
35491,2.87675,
35492,2.9975,
35493,2.67958,
35494,2.89369,
35495,2.64333,
35496,3.02202,
35497,2.85653,
35498,2.85021,
35499,2.80109,
35500,2.90432,
35501,2.87508,
35502,2.83698,
35503,2.80736,
35504,2.75856,
35505,2.91507,
35506,2.8581,
35507,2.60802,
35508,2.6921,
35509,2.69056,
35510,2.89017,
35511,2.90714,
35512,2.85041,
35513,2.84533,
35514,2.92347,
35515,2.95177,
35516,2.70505,
35517,3.03483,
35518,2.86404,
35519,2.8922,
35520,2.86886,
35521,3.02429,
35522,3.12972,
35523,3.07274,
35524,2.86338,
35525,2.78815,
35526,3.18411,
35527,2.97537,
35528,3.00179,
35529,2.92853,
35530,2.79611,
35531,2.82012,
35532,2.98792,
35533,2.55036,
35534,2.65548,
35535,2.50646,
35536,2.73836,
35537,2.89704,
35538,3.00031,
35539,2.97064,
35540,2.93686,
35541,2.90407,
35542,2.70864,
35543,2.81598,
35544,2.88424,
35545,3.07411,
35546,2.8636,
35547,2.82667,
35548,2.46803,
35549,2.54278,
35550,2.97865,
35551,2.68337,
35552,2.89015,
35553,2.62808,
35554,2.79554,
35555,2.6446,
35556,2.67867,
35557,2.67881,
35558,2.71247,
35559,2.67074,
35560,2.67286,
35561,2.68088,
35562,2.95177,
35563,2.60024,
35564,2.87294,
35565,2.77612,
35566,3.1207,
35567,3.11324,
35568,3.08848,
35569,3.15232,
35570,3.09777,
35571,3.06753,
35572,2.86966,
35573,2.67312,
35574,2.98153,
35575,2.82671,
35576,2.84475,
35577,3.05713,
35578,2.93623,
35579,3.01658,
35580,2.93421,
35581,2.87517,
35582,2.79877,
35583,2.90903,
35584,3.02366,
35585,2.96262,
35586,2.93613,
35587,2.90047,
35588,2.77442,
35589,3.11422,
35590,2.80865,
35591,2.79151,
35592,2.93027,
35593,2.94668,
35594,2.83292,
35595,3.2132,
35596,3.06869,
35597,3.11384,
35598,2.91894,
35599,3.08835,
35600,3.0461,
35601,2.95574,
35602,3.00915,
35603,2.96233,
35604,2.96112,
35605,2.96669,
35606,3.01267,
35607,2.94652,
35608,2.77624,
35609,2.97222,
35610,2.8647,
35611,2.84682,
35612,2.61179,
35613,2.76474,
35614,2.59671,
35615,2.8177,
35616,2.90616,
35617,2.65649,
35618,2.76224,
35619,2.7283,
35620,2.91745,
35621,2.79672,
35622,2.84653,
35623,2.72657,
35624,2.92635,
35625,3.00375,
35626,2.98985,
35627,2.95851,
35628,3.02209,
35629,2.93035,
35630,3.06041,
35631,3.02547,
35632,2.9906,
35633,3.06542,
35634,2.9269,
35635,2.93334,
35636,2.68293,
35637,2.94239,
35638,2.90296,
35639,3.02001,
35640,2.92085,
35641,2.79,
35642,2.89612,
35643,2.81185,
35644,2.89615,
35645,2.99399,
35646,3.06568,
35647,2.84999,
35648,2.83385,
35649,2.80143,
35650,3.06067,
35651,3.03743,
35652,3.07089,
35653,2.9184,
35654,3.10992,
35655,2.91744,
35656,3.0027,
35657,3.18429,
35658,2.95093,
35659,2.83721,
35660,2.78727,
35661,3.04491,
35662,3.04985,
35663,2.95046,
35664,2.9825,
35665,2.93857,
35666,3.13488,
35667,3.05821,
35668,3.26568,
35669,2.85789,
35670,2.92748,
35671,2.7206,
35672,2.8632,
35673,2.88281,
35674,2.88867,
35675,2.86561,
35676,3.07158,
35677,2.98083,
35678,2.89193,
35679,2.68805,
35680,2.80143,
35681,2.87821,
35682,2.89399,
35683,2.85572,
35684,3.10311,
35685,3.10975,
35686,3.13136,
35687,2.98405,
35688,2.88522,
35689,3.07692,
35690,2.78511,
35691,3.08525,
35692,3.15863,
35693,3.05548,
35694,3.10748,
35695,3.30419,
35696,3.38666,
35697,3.00655,
35698,3.07903,
35699,3.07276,
35700,3.19873,
35701,3.27877,
35702,3.07226,
35703,2.98853,
35704,2.96286,
35705,2.88362,
35706,2.97775,
35707,2.95857,
35708,2.98434,
35709,2.92361,
35710,2.81533,
35711,2.99106,
35712,3.34849,
35713,3.39024,
35714,3.36221,
35715,3.33795,
35716,3.32629,
35717,3.37097,
35718,3.33085,
35719,3.24017,
35720,3.31262,
35721,3.35318,
35722,3.32756,
35723,3.30853,
35724,3.28118,
35725,3.19625,
35726,3.29307,
35727,3.32298,
35728,3.28328,
35729,3.19682,
35730,3.14861,
35731,2.97121,
35732,3.21413,
35733,3.03856,
35734,2.98322,
35735,3.03839,
35736,3.01704,
35737,2.90913,
35738,3.05536,
35739,2.92214,
35740,2.97659,
35741,2.99,
35742,2.83702,
35743,2.72876,
35744,3.03178,
35745,3.20706,
35746,3.07696,
35747,2.81991,
35748,2.9884,
35749,3.01056,
35750,2.92131,
35751,2.96884,
35752,3.01097,
35753,2.83113,
35754,2.91204,
35755,2.81004,
35756,2.78286,
35757,3.08451,
35758,2.97901,
35759,2.95356,
35760,2.95677,
35761,2.88245,
35762,2.82234,
35763,2.78914,
35764,2.83448,
35765,2.98351,
35766,2.86274,
35767,2.80198,
35768,3.00756,
35769,2.92933,
35770,2.85407,
35771,2.90519,
35772,2.72054,
35773,2.71735,
35774,2.95897,
35775,2.679,
35776,2.73483,
35777,2.82263,
35778,2.89844,
35779,2.77497,
35780,2.76843,
35781,2.83167,
35782,2.71844,
35783,2.79141,
35784,2.85378,
35785,2.91807,
35786,2.93502,
35787,2.93962,
35788,2.77402,
35789,3.01198,
35790,2.75287,
35791,2.9243,
35792,2.90089,
35793,2.84921,
35794,3.09424,
35795,2.81986,
35796,2.77591,
35797,2.97108,
35798,2.80428,
35799,2.68313,
35800,2.81169,
35801,3.07142,
35802,2.60994,
35803,2.65881,
35804,2.91577,
35805,2.70466,
35806,2.8354,
35807,2.78708,
35808,2.66623,
35809,2.64715,
35810,2.98648,
35811,2.94239,
35812,2.99179,
35813,2.87043,
35814,3.07515,
35815,2.9803,
35816,3.07129,
35817,2.97181,
35818,2.88892,
35819,2.99281,
35820,2.96314,
35821,2.98317,
35822,2.93221,
35823,2.91485,
35824,2.93823,
35825,2.65519,
35826,2.85265,
35827,2.91589,
35828,2.97173,
35829,2.95199,
35830,2.64457,
35831,2.85917,
35832,2.91525,
35833,2.80209,
35834,2.55188,
35835,2.70267,
35836,2.76835,
35837,2.74629,
35838,2.80825,
35839,2.55191,
35840,2.6528,
35841,2.61164,
35842,2.78473,
35843,2.90594,
35844,3.20513,
35845,3.20175,
35846,3.05802,
35847,2.97352,
35848,3.1404,
35849,3.16052,
35850,2.85626,
35851,3.01998,
35852,2.89294,
35853,2.91835,
35854,2.84098,
35855,3.18345,
35856,2.96561,
35857,2.91694,
35858,3.07608,
35859,3.03921,
35860,2.92931,
35861,3.06561,
35862,2.86206,
35863,3.03443,
35864,3.02315,
35865,2.89342,
35866,2.85383,
35867,2.90578,
35868,2.76383,
35869,3.05633,
35870,3.03177,
35871,2.90076,
35872,3.00756,
35873,2.91845,
35874,2.95272,
35875,3.10284,
35876,3.0183,
35877,2.96283,
35878,2.93379,
35879,2.98248,
35880,2.79418,
35881,2.91386,
35882,2.93999,
35883,3.07303,
35884,2.83607,
35885,2.92877,
35886,2.8475,
35887,3.03519,
35888,2.98816,
35889,2.99062,
35890,2.75709,
35891,2.95682,
35892,2.85852,
35893,2.76948,
35894,2.96052,
35895,3.01402,
35896,2.95505,
35897,2.71844,
35898,2.89451,
35899,2.93214,
35900,2.86248,
35901,2.8594,
35902,2.74558,
35903,2.82167,
35904,2.76437,
35905,2.93796,
35906,2.61762,
35907,2.66762,
35908,2.72803,
35909,2.80784,
35910,2.86904,
35911,2.75719,
35912,2.58996,
35913,2.74808,
35914,2.68848,
35915,2.83547,
35916,2.69013,
35917,2.74897,
35918,2.9374,
35919,2.84611,
35920,2.89528,
35921,2.60638,
35922,2.77239,
35923,2.69972,
35924,2.79632,
35925,2.90667,
35926,2.59745,
35927,2.72871,
35928,2.62549,
35929,2.56891,
35930,2.78229,
35931,2.79303,
35932,2.75266,
35933,2.68206,
35934,2.91223,
35935,2.73826,
35936,2.86462,
35937,3.0021,
35938,2.99561,
35939,2.96908,
35940,2.96925,
35941,3.21578,
35942,3.01163,
35943,2.89641,
35944,3.09106,
35945,2.91289,
35946,3.02209,
35947,3.10527,
35948,2.96619,
35949,2.96816,
35950,2.98626,
35951,2.74476,
35952,2.98376,
35953,2.95172,
35954,2.77994,
35955,2.90253,
35956,2.8756,
35957,2.6979,
35958,2.87215,
35959,2.90539,
35960,2.7474,
35961,2.82073,
35962,2.87888,
35963,3.02683,
35964,2.8239,
35965,2.92358,
35966,2.82389,
35967,3.16805,
35968,3.22741,
35969,3.20845,
35970,3.20485,
35971,3.30397,
35972,3.15868,
35973,3.13955,
35974,3.28924,
35975,3.13752,
35976,3.20397,
35977,3.23481,
35978,3.18996,
35979,3.07487,
35980,3.24786,
35981,3.20186,
35982,3.23169,
35983,3.25907,
35984,3.13116,
35985,3.14998,
35986,3.1036,
35987,3.17688,
35988,3.00091,
35989,3.18841,
35990,2.64491,
35991,2.75184,
35992,2.68104,
35993,2.55844,
35994,2.6281,
35995,2.54466,
35996,2.85331,
35997,2.41029,
35998,2.65559,
35999,2.62188,
36000,2.73693,
36001,2.69771,
36002,2.52398,
36003,2.58333,
36004,2.77817,
36005,2.88265,
36006,2.86721,
36007,2.58335,
36008,2.55235,
36009,3.06841,
36010,3.13984,
36011,3.0489,
36012,3.12791,
36013,3.06577,
36014,3.0548,
36015,2.98917,
36016,2.80479,
36017,2.92275,
36018,3.09126,
36019,2.92471,
36020,3.01444,
36021,3.15566,
36022,3.13688,
36023,3.02862,
36024,2.94726,
36025,2.74969,
36026,2.95828,
36027,2.90916,
36028,2.91118,
36029,2.68687,
36030,2.72773,
36031,2.65704,
36032,2.81878,
36033,2.89037,
36034,2.81194,
36035,2.89457,
36036,2.83557,
36037,2.91348,
36038,2.87166,
36039,3.05096,
36040,2.86691,
36041,2.80422,
36042,2.93425,
36043,2.70305,
36044,2.72629,
36045,2.7364,
36046,2.87863,
36047,3.03246,
36048,2.9141,
36049,2.72337,
36050,2.66946,
36051,2.57626,
36052,2.52599,
36053,2.57153,
36054,2.58163,
36055,2.83601,
36056,2.57722,
36057,2.60849,
36058,2.63406,
36059,2.85529,
36060,2.79185,
36061,2.95645,
36062,2.64238,
36063,3.08986,
36064,2.83719,
36065,3.0668,
36066,3.18216,
36067,2.97852,
36068,3.11724,
36069,2.99209,
36070,2.92331,
36071,3.04796,
36072,2.98662,
36073,2.85205,
36074,2.75775,
36075,2.72074,
36076,2.8663,
36077,2.82152,
36078,2.92069,
36079,2.96085,
36080,2.81519,
36081,2.95442,
36082,2.74545,
36083,3.00623,
36084,2.95611,
36085,2.73561,
36086,2.67062,
36087,2.93239,
36088,2.6319,
36089,2.69012,
36090,2.66445,
36091,2.50152,
36092,2.56926,
36093,2.65437,
36094,3.06342,
36095,3.06041,
36096,3.22524,
36097,3.24648,
36098,3.23141,
36099,3.09729,
36100,2.85994,
36101,2.9434,
36102,2.92282,
36103,3.0401,
36104,3.31167,
36105,3.018,
36106,3.05015,
36107,2.91243,
36108,2.87437,
36109,3.14717,
36110,3.15097,
36111,3.20626,
36112,3.02922,
36113,3.26678,
36114,2.91027,
36115,2.98877,
36116,2.92198,
36117,3.01062,
36118,2.81552,
36119,2.89167,
36120,2.80303,
36121,2.76377,
36122,3.00065,
36123,2.69713,
36124,2.77494,
36125,2.90653,
36126,2.93177,
36127,2.94977,
36128,2.81424,
36129,2.89741,
36130,2.79571,
36131,2.76422,
36132,2.66987,
36133,2.73274,
36134,2.8624,
36135,2.57405,
36136,2.66413,
36137,2.89901,
36138,2.77023,
36139,3.16554,
36140,3.21533,
36141,3.17062,
36142,3.27173,
36143,3.17509,
36144,3.09601,
36145,2.95148,
36146,3.05815,
36147,2.8484,
36148,2.86632,
36149,2.78386,
36150,2.82372,
36151,3.12908,
36152,3.10468,
36153,2.95535,
36154,3.116,
36155,3.10505,
36156,2.81464,
36157,2.85069,
36158,2.90374,
36159,2.75218,
36160,2.90018,
36161,3.02814,
36162,3.01111,
36163,3.09272,
36164,3.20519,
36165,3.1996,
36166,2.70079,
36167,2.82827,
36168,3.0139,
36169,3.0407,
36170,2.99253,
36171,3.01296,
36172,3.1666,
36173,3.09459,
36174,3.1855,
36175,2.97612,
36176,2.92756,
36177,3.10758,
36178,2.77654,
36179,3.01337,
36180,3.03962,
36181,2.97995,
36182,2.94198,
36183,2.99166,
36184,3.18255,
36185,3.03287,
36186,3.111,
36187,2.99991,
36188,3.16574,
36189,3.08322,
36190,3.0809,
36191,2.92516,
36192,2.99899,
36193,2.95739,
36194,2.84524,
36195,2.90187,
36196,2.83471,
36197,2.9674,
36198,2.93675,
36199,3.00952,
36200,2.71408,
36201,2.90836,
36202,3.00489,
36203,2.93888,
36204,2.79172,
36205,2.81029,
36206,3.03409,
36207,2.79886,
36208,3.03515,
36209,2.05914,
36210,3.04436,
36211,3.01356,
36212,3.15351,
36213,3.27036,
36214,3.45849,
36215,3.09289,
36216,3.13538,
36217,3.04334,
36218,3.1808,
36219,3.1805,
36220,3.1779,
36221,3.07461,
36222,2.92057,
36223,2.99677,
36224,2.99121,
36225,3.13671,
36226,2.91521,
36227,3.06537,
36228,3.13074,
36229,3.054,
36230,3.03849,
36231,2.93349,
36232,2.97774,
36233,3.05297,
36234,3.05261,
36235,3.00632,
36236,3.02795,
36237,2.87593,
36238,3.16397,
36239,3.12635,
36240,2.8871,
36241,3.00549,
36242,2.83146,
36243,2.79916,
36244,2.78557,
36245,2.64063,
36246,2.99863,
36247,2.90211,
36248,2.75876,
36249,2.8627,
36250,2.99536,
36251,2.82879,
36252,2.7858,
36253,2.83508,
36254,2.77873,
36255,2.95227,
36256,2.79529,
36257,2.89072,
36258,3.01831,
36259,2.86407,
36260,2.98119,
36261,2.94414,
36262,2.83465,
36263,2.84482,
36264,2.91343,
36265,3.06977,
36266,2.94583,
36267,2.94555,
36268,2.94403,
36269,3.04219,
36270,2.88083,
36271,2.68154,
36272,2.83686,
36273,2.80517,
36274,2.95306,
36275,2.91791,
36276,2.62389,
36277,2.97486,
36278,3.06639,
36279,2.96407,
36280,2.88243,
36281,2.77735,
36282,3.0558,
36283,2.86163,
36284,2.58246,
36285,2.91827,
36286,2.88936,
36287,3.10464,
36288,2.87257,
36289,2.77898,
36290,2.90751,
36291,2.84041,
36292,2.81961,
36293,2.88082,
36294,2.83655,
36295,3.03324,
36296,3.00623,
36297,3.00091,
36298,2.79441,
36299,2.86423,
36300,2.81795,
36301,3.01408,
36302,3.00564,
36303,3.00304,
36304,3.0069,
36305,3.16573,
36306,2.88849,
36307,2.97148,
36308,2.97419,
36309,2.79379,
36310,3.01856,
36311,3.023,
36312,3.12569,
36313,2.92487,
36314,2.71529,
36315,2.7254,
36316,2.92305,
36317,2.7639,
36318,2.82826,
36319,2.6652,
36320,2.84473,
36321,3.03538,
36322,2.9897,
36323,2.90423,
36324,3.03923,
36325,2.93443,
36326,2.99539,
36327,2.87917,
36328,3.05151,
36329,3.03023,
36330,3.08392,
36331,3.01756,
36332,3.02851,
36333,3.01477,
36334,2.91721,
36335,3.05737,
36336,2.70141,
36337,2.82897,
36338,3.02783,
36339,2.8753,
36340,2.96408,
36341,2.7394,
36342,2.84146,
36343,2.9951,
36344,2.74894,
36345,2.86239,
36346,2.78573,
36347,2.69581,
36348,2.86162,
36349,2.65505,
36350,2.76615,
36351,2.73937,
36352,2.90324,
36353,2.7999,
36354,2.95331,
36355,3.00842,
36356,2.94279,
36357,2.80049,
36358,2.8347,
36359,2.77655,
36360,2.81747,
36361,2.71894,
36362,3.04146,
36363,2.90835,
36364,2.95648,
36365,3.05757,
36366,2.96509,
36367,2.83647,
36368,2.96468,
36369,2.91051,
36370,2.94754,
36371,2.96833,
36372,3.07642,
36373,3.18073,
36374,3.03384,
36375,2.98988,
36376,2.96745,
36377,2.88595,
36378,2.90113,
36379,2.75743,
36380,2.86882,
36381,2.73167,
36382,2.96477,
36383,2.84119,
36384,3.01428,
36385,2.82969,
36386,2.9672,
36387,3.07663,
36388,3.07866,
36389,3.19069,
36390,2.87607,
36391,2.73929,
36392,2.97163,
36393,2.71594,
36394,2.98039,
36395,2.89674,
36396,3.11799,
36397,3.16498,
36398,3.14489,
36399,2.87921,
36400,3.1128,
36401,2.99295,
36402,2.99493,
36403,2.94762,
36404,3.08245,
36405,2.83685,
36406,3.11338,
36407,2.66935,
36408,3.04985,
36409,3.05912,
36410,3.19487,
36411,2.94517,
36412,3.05531,
36413,3.06364,
36414,2.84663,
36415,3.04055,
36416,2.7673,
36417,2.87337,
36418,2.90757,
36419,3.1418,
36420,3.11429,
36421,2.70371,
36422,2.96632,
36423,2.89895,
36424,3.03556,
36425,3.01227,
36426,3.17388,
36427,3.02252,
36428,2.91162,
36429,3.02417,
36430,3.07029,
36431,2.86762,
36432,2.81593,
36433,2.82182,
36434,2.96535,
36435,3.10698,
36436,3.12714,
36437,3.04161,
36438,2.98107,
36439,2.96554,
36440,2.81279,
36441,3.05302,
36442,2.91788,
36443,3.00094,
36444,2.96325,
36445,2.98174,
36446,2.95121,
36447,3.05398,
36448,3.03692,
36449,2.91514,
36450,2.97372,
36451,3.12611,
36452,2.80707,
36453,3.17722,
36454,3.02918,
36455,2.89888,
36456,2.85096,
36457,3.01909,
36458,2.99566,
36459,2.89767,
36460,2.87404,
36461,3.07346,
36462,2.83496,
36463,2.82786,
36464,2.94391,
36465,2.82022,
36466,2.80104,
36467,3.04807,
36468,3.0661,
36469,2.88693,
36470,2.8488,
36471,2.83722,
36472,3.02869,
36473,3.04362,
36474,2.66464,
36475,2.90697,
36476,2.90725,
36477,2.99429,
36478,3.02064,
36479,3.03592,
36480,2.83941,
36481,2.87982,
36482,2.97263,
36483,2.69151,
36484,2.77732,
36485,3.11982,
36486,2.89604,
36487,2.98681,
36488,2.75787,
36489,2.76523,
36490,2.97363,
36491,2.93041,
36492,2.77409,
36493,3.06008,
36494,2.97121,
36495,2.7407,
36496,2.86961,
36497,2.78902,
36498,2.89942,
36499,2.77142,
36500,2.77387,
36501,2.98552,
36502,2.88665,
36503,3.07671,
36504,3.12089,
36505,2.98779,
36506,3.10098,
36507,2.84258,
36508,2.94831,
36509,3.06075,
36510,3.01017,
36511,3.11798,
36512,3.21412,
36513,3.27959,
36514,4.10412,
36515,3.00303,
36516,2.99454,
36517,3.0336,
36518,2.99508,
36519,2.90337,
36520,3.04573,
36521,2.94919,
36522,2.99969,
36523,2.92842,
36524,3.492,
36525,3.02076,
36526,2.99341,
36527,2.64776,
36528,2.77899,
36529,3.07358,
36530,3.03896,
36531,3.11518,
36532,3.23738,
36533,3.0669,
36534,2.95288,
36535,2.9943,
36536,2.92151,
36537,3.18284,
36538,2.94915,
36539,2.9589,
36540,3.13406,
36541,3.10382,
36542,3.01834,
36543,2.8362,
36544,2.868,
36545,2.90752,
36546,2.90869,
36547,2.87088,
36548,2.65135,
36549,3.05642,
36550,2.92596,
36551,2.75232,
36552,2.7678,
36553,2.91401,
36554,2.93912,
36555,2.95313,
36556,2.88423,
36557,2.99623,
36558,2.67716,
36559,2.87974,
36560,2.645,
36561,3.0157,
36562,2.8416,
36563,2.8614,
36564,2.78582,
36565,2.89436,
36566,2.87577,
36567,2.82749,
36568,2.80306,
36569,2.74716,
36570,2.89774,
36571,2.85347,
36572,2.61284,
36573,2.68268,
36574,2.68803,
36575,2.89901,
36576,2.8935,
36577,2.8304,
36578,2.84565,
36579,2.93769,
36580,2.96015,
36581,2.69642,
36582,3.03051,
36583,2.8626,
36584,2.8838,
36585,2.85012,
36586,3.02448,
36587,3.13726,
36588,3.08025,
36589,2.86561,
36590,2.7905,
36591,3.18337,
36592,2.969,
36593,3.00011,
36594,2.91608,
36595,2.79719,
36596,2.82785,
36597,2.99945,
36598,2.54977,
36599,2.64635,
36600,2.50052,
36601,2.73288,
36602,2.88468,
36603,2.99359,
36604,2.96634,
36605,2.93469,
36606,2.89384,
36607,2.70612,
36608,2.80376,
36609,2.87703,
36610,3.06473,
36611,2.86336,
36612,2.82196,
36613,2.4521,
36614,2.52399,
36615,2.9731,
36616,2.67843,
36617,2.88229,
36618,2.61629,
36619,2.79536,
36620,2.64264,
36621,2.67283,
36622,2.6803,
36623,2.71032,
36624,2.67136,
36625,2.65128,
36626,2.68593,
36627,2.93686,
36628,2.59145,
36629,2.86878,
36630,2.77065,
36631,3.11141,
36632,3.10848,
36633,3.0838,
36634,3.1476,
36635,3.09882,
36636,3.05948,
36637,2.86593,
36638,2.67197,
36639,2.97503,
36640,2.80238,
36641,2.83933,
36642,3.05098,
36643,2.94216,
36644,3.00917,
36645,2.93346,
36646,2.87674,
36647,2.79977,
36648,2.91731,
36649,3.02271,
36650,2.95295,
36651,2.92703,
36652,2.88728,
36653,2.77645,
36654,3.10204,
36655,2.8045,
36656,2.79091,
36657,2.90842,
36658,2.94866,
36659,2.82251,
36660,3.21419,
36661,3.05967,
36662,3.09067,
36663,2.92021,
36664,3.08084,
36665,3.03479,
36666,2.94521,
36667,3.00259,
36668,2.94541,
36669,2.96441,
36670,2.95461,
36671,3.00341,
36672,2.94424,
36673,2.76219,
36674,2.95952,
36675,2.85831,
36676,2.84605,
36677,2.5936,
36678,2.7626,
36679,2.59217,
36680,2.81443,
36681,2.90297,
36682,2.66624,
36683,2.74821,
36684,2.7174,
36685,2.89756,
36686,2.79605,
36687,2.84273,
36688,2.70146,
36689,2.91402,
36690,2.99118,
36691,2.97138,
36692,2.94934,
36693,3.01352,
36694,2.9292,
36695,3.06428,
36696,3.03052,
36697,2.98541,
36698,3.07411,
36699,2.92814,
36700,2.9105,
36701,2.66879,
36702,2.9523,
36703,2.89519,
36704,3.00842,
36705,2.92993,
36706,2.77917,
36707,2.89389,
36708,2.81765,
36709,2.88954,
36710,2.98522,
36711,3.07629,
36712,2.84512,
36713,2.80883,
36714,2.78464,
36715,3.03886,
36716,3.02718,
36717,3.05666,
36718,2.90512,
36719,3.12709,
36720,2.91093,
36721,3.00282,
36722,3.1684,
36723,2.94326,
36724,2.8275,
36725,2.78122,
36726,3.04156,
36727,3.04683,
36728,2.94448,
36729,2.97153,
36730,2.93929,
36731,3.14078,
36732,3.05627,
36733,3.25758,
36734,2.86434,
36735,2.9138,
36736,2.69961,
36737,2.87351,
36738,2.88459,
36739,2.88517,
36740,2.85792,
36741,3.06568,
36742,2.98099,
36743,2.88014,
36744,2.68909,
36745,2.79311,
36746,2.86089,
36747,2.90986,
36748,2.85514,
36749,3.08378,
36750,3.11737,
36751,3.13333,
36752,2.96875,
36753,2.88334,
36754,3.06,
36755,2.7837,
36756,3.07748,
36757,3.15555,
36758,3.05019,
36759,3.09727,
36760,3.27821,
36761,3.37894,
36762,2.99978,
36763,3.06275,
36764,3.06311,
36765,3.19232,
36766,3.27349,
36767,3.07735,
36768,2.98149,
36769,2.95059,
36770,2.87552,
36771,2.97634,
36772,2.97499,
36773,2.97375,
36774,2.91315,
36775,2.80964,
36776,2.98837,
36777,3.35649,
36778,3.3759,
36779,3.35841,
36780,3.33816,
36781,3.32042,
36782,3.36372,
36783,3.32043,
36784,3.23247,
36785,3.29772,
36786,3.35648,
36787,3.32547,
36788,3.31623,
36789,3.30182,
36790,3.19995,
36791,3.28832,
36792,3.31249,
36793,3.28403,
36794,3.19051,
36795,3.13298,
36796,2.96155,
36797,3.20303,
36798,3.02964,
36799,2.98122,
36800,3.02114,
36801,3.01398,
36802,2.88303,
36803,3.04128,
36804,2.92175,
36805,2.9771,
36806,2.97539,
36807,2.8225,
36808,2.72843,
36809,3.03195,
36810,3.19505,
36811,3.05703,
36812,2.81809,
36813,2.98267,
36814,2.99985,
36815,2.91389,
36816,2.94741,
36817,2.99758,
36818,2.83519,
36819,2.89444,
36820,2.80736,
36821,2.78327,
36822,3.09271,
36823,2.97773,
36824,2.9397,
36825,2.95513,
36826,2.86942,
36827,2.82216,
36828,2.7736,
36829,2.81554,
36830,2.98286,
36831,2.86615,
36832,2.80991,
36833,2.9953,
36834,2.92415,
36835,2.85389,
36836,2.90487,
36837,2.72151,
36838,2.7192,
36839,2.94496,
36840,2.66068,
36841,2.73062,
36842,2.80058,
36843,2.89127,
36844,2.76536,
36845,2.75991,
36846,2.84313,
36847,2.71495,
36848,2.78082,
36849,2.8478,
36850,2.91429,
36851,2.92782,
36852,2.93436,
36853,2.77617,
36854,3.00107,
36855,2.73915,
36856,2.92311,
36857,2.8629,
36858,2.84685,
36859,3.07526,
36860,2.80632,
36861,2.77651,
36862,2.94778,
36863,2.79324,
36864,2.68399,
36865,2.81926,
36866,3.0637,
36867,2.61461,
36868,2.66687,
36869,2.90686,
36870,2.70326,
36871,2.82565,
36872,2.77365,
36873,2.66206,
36874,2.65611,
36875,2.97672,
36876,2.93441,
36877,2.97941,
36878,2.85273,
36879,3.07455,
36880,2.96464,
36881,3.07083,
36882,2.96077,
36883,2.8795,
36884,2.99048,
36885,2.94522,
36886,2.97632,
36887,2.93133,
36888,2.92596,
36889,2.92825,
36890,2.64521,
36891,2.83909,
36892,2.91408,
36893,2.95458,
36894,2.95362,
36895,2.65257,
36896,2.84696,
36897,2.91608,
36898,2.80148,
36899,2.56193,
36900,2.70537,
36901,2.7681,
36902,2.74463,
36903,2.80644,
36904,2.55047,
36905,2.64528,
36906,2.60552,
36907,2.79448,
36908,2.91145,
36909,3.19054,
36910,3.18596,
36911,3.03578,
36912,2.97934,
36913,3.12949,
36914,3.15136,
36915,2.84324,
36916,3.00329,
36917,2.90788,
36918,2.91762,
36919,2.84762,
36920,3.17577,
36921,2.97208,
36922,2.91436,
36923,3.06652,
36924,3.02085,
36925,2.91821,
36926,3.0732,
36927,2.86691,
36928,3.02451,
36929,3.03653,
36930,2.89729,
36931,2.84707,
36932,2.89936,
36933,2.76433,
36934,3.04421,
36935,3.01062,
36936,2.8992,
36937,3.00151,
36938,2.9069,
36939,2.97496,
36940,3.08915,
36941,3.00626,
36942,2.95386,
36943,2.93704,
36944,2.98249,
36945,2.80494,
36946,2.91484,
36947,2.9316,
36948,3.07653,
36949,2.82535,
36950,2.92535,
36951,2.83942,
36952,3.01977,
36953,2.97588,
36954,2.98435,
36955,2.74388,
36956,2.96079,
36957,2.84493,
36958,2.75922,
36959,2.95942,
36960,3.00233,
36961,2.94705,
36962,2.71215,
36963,2.8732,
36964,2.93124,
36965,2.85781,
36966,2.85036,
36967,2.74772,
36968,2.8077,
36969,2.76171,
36970,2.92251,
36971,2.61833,
36972,2.66027,
36973,2.71745,
36974,2.79775,
36975,2.87011,
36976,2.77221,
36977,2.59264,
36978,2.73729,
36979,2.70867,
36980,2.81957,
36981,2.71461,
36982,2.75268,
36983,2.94348,
36984,2.84596,
36985,2.89065,
36986,2.60278,
36987,2.77613,
36988,2.70757,
36989,2.79332,
36990,2.91459,
36991,2.60186,
36992,2.72358,
36993,2.62143,
36994,2.58154,
36995,2.78042,
36996,2.77428,
36997,2.75949,
36998,2.67975,
36999,2.90418,
37000,2.72619,
37001,2.84611,
37002,2.98296,
37003,2.98377,
37004,2.94372,
37005,2.96486,
37006,3.20703,
37007,3.00019,
37008,2.88665,
37009,3.07733,
37010,2.89776,
37011,3.01176,
37012,3.1061,
37013,2.96475,
37014,2.96,
37015,2.9711,
37016,2.75297,
37017,2.99118,
37018,2.94115,
37019,2.77619,
37020,2.9256,
37021,2.87265,
37022,2.69792,
37023,2.86545,
37024,2.90115,
37025,2.74132,
37026,2.83023,
37027,2.86702,
37028,3.02541,
37029,2.81304,
37030,2.91763,
37031,2.82092,
37032,3.15833,
37033,3.20762,
37034,3.19939,
37035,3.2014,
37036,3.29688,
37037,3.15944,
37038,3.13528,
37039,3.29817,
37040,3.1317,
37041,3.19338,
37042,3.23121,
37043,3.19751,
37044,3.07124,
37045,3.24885,
37046,3.22257,
37047,3.2322,
37048,3.25694,
37049,3.12183,
37050,3.16151,
37051,3.09813,
37052,3.17441,
37053,2.98091,
37054,3.18744,
37055,2.63736,
37056,2.7414,
37057,2.67368,
37058,2.55562,
37059,2.62647,
37060,2.53915,
37061,2.85024,
37062,2.40789,
37063,2.65966,
37064,2.61273,
37065,2.73136,
37066,2.69995,
37067,2.52191,
37068,2.57399,
37069,2.76795,
37070,2.86936,
37071,2.86229,
37072,2.60196,
37073,2.54715,
37074,3.05925,
37075,3.14128,
37076,3.03703,
37077,3.11829,
37078,3.05324,
37079,3.04937,
37080,2.96811,
37081,2.78863,
37082,2.918,
37083,3.0889,
37084,2.91379,
37085,3.00583,
37086,3.13628,
37087,3.1369,
37088,3.01695,
37089,2.94109,
37090,2.75406,
37091,2.95477,
37092,2.91408,
37093,2.89658,
37094,2.68662,
37095,2.72017,
37096,2.64594,
37097,2.82613,
37098,2.88892,
37099,2.80743,
37100,2.88981,
37101,2.82883,
37102,2.9106,
37103,2.85948,
37104,3.04725,
37105,2.83697,
37106,2.79607,
37107,2.93628,
37108,2.71317,
37109,2.7297,
37110,2.73533,
37111,2.87647,
37112,3.02642,
37113,2.91048,
37114,2.71654,
37115,2.67625,
37116,2.58498,
37117,2.53337,
37118,2.57157,
37119,2.57565,
37120,2.83157,
37121,2.56185,
37122,2.60124,
37123,2.62761,
37124,2.8381,
37125,2.78896,
37126,2.95498,
37127,2.64927,
37128,3.08642,
37129,2.84765,
37130,3.06315,
37131,3.16484,
37132,2.96404,
37133,3.11241,
37134,2.97477,
37135,2.91431,
37136,3.05039,
37137,2.97619,
37138,2.85764,
37139,2.76092,
37140,2.71786,
37141,2.8706,
37142,2.81389,
37143,2.92025,
37144,2.96142,
37145,2.80838,
37146,2.95825,
37147,2.73173,
37148,2.99756,
37149,2.95242,
37150,2.73623,
37151,2.66829,
37152,2.93029,
37153,2.64346,
37154,2.68527,
37155,2.66094,
37156,2.49857,
37157,2.57188,
37158,2.65964,
37159,3.0468,
37160,3.04934,
37161,3.21837,
37162,3.24433,
37163,3.22397,
37164,3.09258,
37165,2.85469,
37166,2.92987,
37167,2.90827,
37168,3.04419,
37169,3.3028,
37170,2.99976,
37171,3.05206,
37172,2.90176,
37173,2.86546,
37174,3.15129,
37175,3.15335,
37176,3.20555,
37177,3.01292,
37178,3.25498,
37179,2.90826,
37180,2.99302,
37181,2.92662,
37182,3.00331,
37183,2.81889,
37184,2.89426,
37185,2.79181,
37186,2.74866,
37187,3.00429,
37188,2.68529,
37189,2.77835,
37190,2.88137,
37191,2.90406,
37192,2.94882,
37193,2.81091,
37194,2.90458,
37195,2.80942,
37196,2.75521,
37197,2.67453,
37198,2.71468,
37199,2.84325,
37200,2.5655,
37201,2.66874,
37202,2.90359,
37203,2.76595,
37204,3.14601,
37205,3.20245,
37206,3.15677,
37207,3.25207,
37208,3.16049,
37209,3.09471,
37210,2.94274,
37211,3.05026,
37212,2.82959,
37213,2.86838,
37214,2.79463,
37215,2.82237,
37216,3.12405,
37217,3.09591,
37218,2.95284,
37219,3.11692,
37220,3.11286,
37221,2.80685,
37222,2.84767,
37223,2.91353,
37224,2.74439,
37225,2.90037,
37226,3.02702,
37227,3.00783,
37228,3.09052,
37229,3.20417,
37230,3.18943,
37231,2.69992,
37232,2.83304,
37233,3.00443,
37234,3.04614,
37235,2.97033,
37236,3.01147,
37237,3.1611,
37238,3.08741,
37239,3.18376,
37240,2.95911,
37241,2.91437,
37242,3.10208,
37243,2.77228,
37244,3.02186,
37245,3.03955,
37246,2.97671,
37247,2.94442,
37248,2.9829,
37249,3.17066,
37250,3.0289,
37251,3.09762,
37252,2.99154,
37253,3.14336,
37254,3.07226,
37255,3.06914,
37256,2.91802,
37257,2.98384,
37258,2.95714,
37259,2.83336,
37260,2.89069,
37261,2.83255,
37262,2.9618,
37263,2.93183,
37264,3.01015,
37265,2.70878,
37266,2.90259,
37267,2.98443,
37268,2.92714,
37269,2.77577,
37270,2.80268,
37271,3.03603,
37272,2.78722,
37273,3.03605,
37274,2.04415,
37275,3.04442,
37276,3.00711,
37277,3.1376,
37278,3.24628,
37279,3.46459,
37280,3.07644,
37281,3.13004,
37282,3.02856,
37283,3.16186,
37284,3.16938,
37285,3.17038,
37286,3.07598,
37287,2.90021,
37288,2.987,
37289,2.98845,
37290,3.12479,
37291,2.91864,
37292,3.05188,
37293,3.12711,
37294,3.04539,
37295,3.02921,
37296,2.92931,
37297,2.98428,
37298,3.04244,
37299,3.04088,
37300,3.01185,
37301,3.02253,
37302,2.85927,
37303,3.14853,
37304,3.12538,
37305,2.8832,
37306,2.9901,
37307,2.84229,
37308,2.79331,
37309,2.76667,
37310,2.64125,
37311,2.96668,
37312,2.89055,
37313,2.76786,
37314,2.8617,
37315,2.98758,
37316,2.84036,
37317,2.79464,
37318,2.83101,
37319,2.78707,
37320,2.94399,
37321,2.79816,
37322,2.8763,
37323,3.03043,
37324,2.87689,
37325,2.9866,
37326,2.92718,
37327,2.82854,
37328,2.84028,
37329,2.89294,
37330,3.0545,
37331,2.94326,
37332,2.92786,
37333,2.93291,
37334,3.02318,
37335,2.861,
37336,2.67051,
37337,2.82976,
37338,2.78933,
37339,2.92942,
37340,2.92015,
37341,2.63401,
37342,2.98423,
37343,3.07944,
37344,2.96943,
37345,2.88797,
37346,2.78434,
37347,3.06405,
37348,2.84637,
37349,2.59926,
37350,2.92254,
37351,2.89288,
37352,3.10471,
37353,2.87844,
37354,2.78785,
37355,2.90918,
37356,2.83873,
37357,2.81649,
37358,2.87001,
37359,2.83498,
37360,3.00893,
37361,2.99582,
37362,3.00665,
37363,2.77583,
37364,2.8599,
37365,2.81936,
37366,2.99626,
37367,2.99587,
37368,2.98534,
37369,2.99255,
37370,3.16067,
37371,2.87406,
37372,2.97217,
37373,2.96634,
37374,2.78492,
37375,3.02039,
37376,3.01967,
37377,3.1079,
37378,2.90884,
37379,2.7086,
37380,2.72943,
37381,2.90612,
37382,2.76896,
37383,2.81586,
37384,2.65156,
37385,2.83763,
37386,3.03585,
37387,2.9741,
37388,2.88159,
37389,3.05306,
37390,2.93445,
37391,2.98225,
37392,2.89509,
37393,3.03829,
37394,3.03399,
37395,3.08729,
37396,3.00369,
37397,3.01968,
37398,2.99839,
37399,2.91837,
37400,3.04179,
37401,2.68433,
37402,2.82053,
37403,3.02699,
37404,2.88512,
37405,2.97438,
37406,2.73771,
37407,2.84942,
37408,2.99498,
37409,2.7422,
37410,2.85586,
37411,2.78566,
37412,2.6952,
37413,2.85629,
37414,2.63789,
37415,2.75609,
37416,2.75213,
37417,2.90724,
37418,2.79917,
37419,2.95974,
37420,2.99916,
37421,2.95208,
37422,2.79144,
37423,2.82737,
37424,2.76377,
37425,2.82019,
37426,2.71373,
37427,3.05421,
37428,2.90249,
37429,2.94355,
37430,3.06091,
37431,2.96191,
37432,2.8331,
37433,2.96455,
37434,2.90851,
37435,2.95186,
37436,2.97069,
37437,3.07233,
37438,3.17349,
37439,3.02579,
37440,2.98005,
37441,2.96088,
37442,2.87423,
37443,2.89723,
37444,2.7556,
37445,2.84189,
37446,2.72263,
37447,2.94306,
37448,2.83354,
37449,3.00477,
37450,2.827,
37451,2.96292,
37452,3.07375,
37453,3.06344,
37454,3.17371,
37455,2.88267,
37456,2.7422,
37457,2.97465,
37458,2.70882,
37459,2.99188,
37460,2.91318,
37461,3.11919,
37462,3.15917,
37463,3.16431,
37464,2.89511,
37465,3.09851,
37466,2.97451,
37467,2.99875,
37468,2.9458,
37469,3.06481,
37470,2.82519,
37471,3.10453,
37472,2.67285,
37473,3.04303,
37474,3.05594,
37475,3.1767,
37476,2.93788,
37477,3.04487,
37478,3.05882,
37479,2.85031,
37480,3.02293,
37481,2.76521,
37482,2.86949,
37483,2.90534,
37484,3.13946,
37485,3.11463,
37486,2.709,
37487,2.98618,
37488,2.90217,
37489,3.02514,
37490,2.99966,
37491,3.17022,
37492,3.00267,
37493,2.90062,
37494,3.02413,
37495,3.05649,
37496,2.85882,
37497,2.81321,
37498,2.81516,
37499,2.96324,
37500,3.09648,
37501,3.11333,
37502,3.02559,
37503,2.97349,
37504,2.96077,
37505,2.79924,
37506,3.03713,
37507,2.9081,
37508,2.98794,
37509,2.96811,
37510,2.96577,
37511,2.94659,
37512,3.053,
37513,3.02678,
37514,2.91016,
37515,2.98002,
37516,3.11778,
37517,2.80798,
37518,3.17574,
37519,3.02419,
37520,2.91178,
37521,2.83979,
37522,2.99596,
37523,2.98936,
37524,2.8929,
37525,2.87115,
37526,3.07218,
37527,2.82937,
37528,2.8163,
37529,2.94548,
37530,2.80975,
37531,2.79759,
37532,3.055,
37533,3.05805,
37534,2.88119,
37535,2.84784,
37536,2.8307,
37537,3.01831,
37538,3.03547,
37539,2.66816,
37540,2.91095,
37541,2.89956,
37542,2.99013,
37543,3.02588,
37544,3.03506,
37545,2.83305,
37546,2.87081,
37547,2.99338,
37548,2.69294,
37549,2.76612,
37550,3.1238,
37551,2.88813,
37552,2.97336,
37553,2.7622,
37554,2.75959,
37555,2.96674,
37556,2.93528,
37557,2.77076,
37558,3.06321,
37559,2.94956,
37560,2.73881,
37561,2.86115,
37562,2.77799,
37563,2.8957,
37564,2.76812,
37565,2.75162,
37566,2.96767,
37567,2.88955,
37568,3.07389,
37569,3.11412,
37570,2.98855,
37571,3.08922,
37572,2.81997,
37573,2.94876,
37574,3.05157,
37575,3.00961,
37576,3.12038,
37577,3.20897,
37578,3.27268,
37579,4.08998,
37580,2.99503,
37581,2.98622,
37582,3.02392,
37583,2.98134,
37584,2.90715,
37585,3.03535,
37586,2.95658,
37587,3.00186,
37588,2.92068,
37589,3.49587,
37590,3.00978,
37591,2.97924,
37592,2.64876,
37593,2.77939,
37594,3.06059,
37595,3.03183,
37596,3.1025,
37597,3.23075,
37598,3.06074,
37599,2.9437,
37600,2.99624,
37601,2.92119,
37602,3.1609,
37603,2.93236,
37604,2.94119,
37605,3.12535,
37606,3.09494,
37607,3.01336,
37608,2.83736,
37609,2.86915,
37610,2.89047,
37611,2.91008,
37612,2.86579,
37613,2.6374,
37614,3.06159,
37615,2.92683,
37616,2.74752,
37617,2.77133,
37618,2.8851,
37619,2.94585,
37620,2.96501,
37621,2.8689,
37622,3.00104,
37623,2.67122,
37624,2.87586,
37625,2.6382,
37626,2.99245,
37627,2.84176,
37628,2.84726,
37629,2.78433,
37630,2.89255,
37631,2.87149,
37632,2.82718,
37633,2.79801,
37634,2.72974,
37635,2.89344,
37636,2.83963,
37637,2.60308,
37638,2.67529,
37639,2.67876,
37640,2.8905,
37641,2.89395,
37642,2.82351,
37643,2.84053,
37644,2.91724,
37645,2.94905,
37646,2.69513,
37647,3.02839,
37648,2.87706,
37649,2.89134,
37650,2.84672,
37651,3.01466,
37652,3.12187,
37653,3.0631,
37654,2.85637,
37655,2.79253,
37656,3.16549,
37657,2.96335,
37658,2.99502,
37659,2.92582,
37660,2.7999,
37661,2.80558,
37662,2.98506,
37663,2.54285,
37664,2.64463,
37665,2.5057,
37666,2.72385,
37667,2.88917,
37668,2.98271,
37669,2.95508,
37670,2.93235,
37671,2.89859,
37672,2.70227,
37673,2.81134,
37674,2.87936,
37675,3.06077,
37676,2.85545,
37677,2.81723,
37678,2.45403,
37679,2.52016,
37680,2.97587,
37681,2.67216,
37682,2.87884,
37683,2.61378,
37684,2.7992,
37685,2.64328,
37686,2.67324,
37687,2.70068,
37688,2.70477,
37689,2.66971,
37690,2.65551,
37691,2.68898,
37692,2.94282,
37693,2.58934,
37694,2.87022,
37695,2.76021,
37696,3.09987,
37697,3.08993,
37698,3.0687,
37699,3.13421,
37700,3.09606,
37701,3.05234,
37702,2.8597,
37703,2.65848,
37704,2.97541,
37705,2.79897,
37706,2.84276,
37707,3.04677,
37708,2.92234,
37709,3.00298,
37710,2.92664,
37711,2.86233,
37712,2.79468,
37713,2.88814,
37714,3.01404,
37715,2.95894,
37716,2.91947,
37717,2.88101,
37718,2.77214,
37719,3.10203,
37720,2.79115,
37721,2.79042,
37722,2.90971,
37723,2.96173,
37724,2.83473,
37725,3.20685,
37726,3.05712,
37727,3.09756,
37728,2.90611,
37729,3.08134,
37730,3.02906,
37731,2.9287,
37732,2.9969,
37733,2.94975,
37734,2.95679,
37735,2.95575,
37736,2.99256,
37737,2.92637,
37738,2.76547,
37739,2.95765,
37740,2.85889,
37741,2.85106,
37742,2.59516,
37743,2.76499,
37744,2.58957,
37745,2.80091,
37746,2.90081,
37747,2.65257,
37748,2.74206,
37749,2.71318,
37750,2.8978,
37751,2.79709,
37752,2.84604,
37753,2.68629,
37754,2.89775,
37755,2.98683,
37756,2.96662,
37757,2.93894,
37758,3.00824,
37759,2.92078,
37760,3.0488,
37761,3.01711,
37762,2.98429,
37763,3.05739,
37764,2.91751,
37765,2.9231,
37766,2.66837,
37767,2.94769,
37768,2.8995,
37769,3.00515,
37770,2.91545,
37771,2.77627,
37772,2.89788,
37773,2.81471,
37774,2.88099,
37775,2.98015,
37776,3.06177,
37777,2.84203,
37778,2.8349,
37779,2.79431,
37780,3.03422,
37781,3.02731,
37782,3.0521,
37783,2.89969,
37784,3.10147,
37785,2.89755,
37786,2.98281,
37787,3.17903,
37788,2.9439,
37789,2.82776,
37790,2.77641,
37791,3.03892,
37792,3.0675,
37793,2.94865,
37794,2.96555,
37795,2.92805,
37796,3.1405,
37797,3.05075,
37798,3.25732,
37799,2.85786,
37800,2.90754,
37801,2.69772,
37802,2.85802,
37803,2.8714,
37804,2.87927,
37805,2.86674,
37806,3.06533,
37807,2.96221,
37808,2.88483,
37809,2.69581,
37810,2.79132,
37811,2.86435,
37812,2.88981,
37813,2.84881,
37814,3.08735,
37815,3.11046,
37816,3.10954,
37817,2.96173,
37818,2.86904,
37819,3.05866,
37820,2.77036,
37821,3.09087,
37822,3.14667,
37823,3.04725,
37824,3.09275,
37825,3.2724,
37826,3.37076,
37827,2.99884,
37828,3.0593,
37829,3.06723,
37830,3.19522,
37831,3.27424,
37832,3.06543,
37833,2.97856,
37834,2.94141,
37835,2.87971,
37836,2.96847,
37837,2.96537,
37838,2.97176,
37839,2.92413,
37840,2.81036,
37841,2.98571,
37842,3.34744,
37843,3.3841,
37844,3.34718,
37845,3.32943,
37846,3.32208,
37847,3.36207,
37848,3.31835,
37849,3.23231,
37850,3.2993,
37851,3.34609,
37852,3.31691,
37853,3.30888,
37854,3.28409,
37855,3.19456,
37856,3.2921,
37857,3.31085,
37858,3.28651,
37859,3.19854,
37860,3.13946,
37861,2.94654,
37862,3.20287,
37863,3.02622,
37864,2.97216,
37865,3.00047,
37866,3.00989,
37867,2.89044,
37868,3.03403,
37869,2.90703,
37870,2.96855,
37871,2.972,
37872,2.83316,
37873,2.72827,
37874,3.02286,
37875,3.19291,
37876,3.05617,
37877,2.80214,
37878,2.97342,
37879,2.99713,
37880,2.91009,
37881,2.94445,
37882,2.99221,
37883,2.82123,
37884,2.89923,
37885,2.8009,
37886,2.76962,
37887,3.10415,
37888,2.96016,
37889,2.92887,
37890,2.95944,
37891,2.8654,
37892,2.81951,
37893,2.76351,
37894,2.8214,
37895,2.97871,
37896,2.8582,
37897,2.78358,
37898,2.99583,
37899,2.93859,
37900,2.84768,
37901,2.89791,
37902,2.71709,
37903,2.71778,
37904,2.94032,
37905,2.66414,
37906,2.73093,
37907,2.80793,
37908,2.87764,
37909,2.77388,
37910,2.76254,
37911,2.82915,
37912,2.71608,
37913,2.77545,
37914,2.83983,
37915,2.90287,
37916,2.94398,
37917,2.9254,
37918,2.77241,
37919,2.98904,
37920,2.74514,
37921,2.91941,
37922,2.86319,
37923,2.84472,
37924,3.06642,
37925,2.80411,
37926,2.77445,
37927,2.95094,
37928,2.79884,
37929,2.67881,
37930,2.81314,
37931,3.0491,
37932,2.61092,
37933,2.66,
37934,2.90079,
37935,2.70038,
37936,2.82454,
37937,2.78523,
37938,2.66271,
37939,2.64487,
37940,2.97112,
37941,2.93477,
37942,2.97158,
37943,2.84801,
37944,3.06877,
37945,2.98618,
37946,3.0661,
37947,2.94669,
37948,2.87552,
37949,2.98226,
37950,2.93257,
37951,2.97867,
37952,2.91544,
37953,2.91093,
37954,2.92153,
37955,2.63852,
37956,2.84079,
37957,2.91876,
37958,2.94573,
37959,2.93875,
37960,2.64538,
37961,2.84824,
37962,2.91593,
37963,2.79129,
37964,2.55311,
37965,2.69133,
37966,2.767,
37967,2.76094,
37968,2.80055,
37969,2.55744,
37970,2.65406,
37971,2.60859,
37972,2.7898,
37973,2.9038,
37974,3.18729,
37975,3.17505,
37976,3.02848,
37977,2.95559,
37978,3.12996,
37979,3.13764,
37980,2.84568,
37981,3.00343,
37982,2.88799,
37983,2.91371,
37984,2.84307,
37985,3.16277,
37986,2.96758,
37987,2.89828,
37988,3.07045,
37989,3.01004,
37990,2.91054,
37991,3.05789,
37992,2.85427,
37993,3.02759,
37994,3.0199,
37995,2.88023,
37996,2.86013,
37997,2.90247,
37998,2.75566,
37999,3.04013,
38000,2.99989,
38001,2.88206,
38002,2.99112,
38003,2.9001,
38004,2.956,
38005,3.08177,
38006,2.99906,
38007,2.93931,
38008,2.92336,
38009,2.97702,
38010,2.78786,
38011,2.90097,
38012,2.93572,
38013,3.06182,
38014,2.82907,
38015,2.91966,
38016,2.83149,
38017,3.00898,
38018,2.98181,
38019,2.99119,
38020,2.73495,
38021,2.94677,
38022,2.84639,
38023,2.75366,
38024,2.94053,
38025,3.0049,
38026,2.95206,
38027,2.70703,
38028,2.86614,
38029,2.92266,
38030,2.87527,
38031,2.84441,
38032,2.74207,
38033,2.81234,
38034,2.74948,
38035,2.91365,
38036,2.59923,
38037,2.64238,
38038,2.72953,
38039,2.79411,
38040,2.8677,
38041,2.74215,
38042,2.58595,
38043,2.73795,
38044,2.68423,
38045,2.80218,
38046,2.67946,
38047,2.74975,
38048,2.92875,
38049,2.8408,
38050,2.88768,
38051,2.59666,
38052,2.77363,
38053,2.69007,
38054,2.78122,
38055,2.89889,
38056,2.59919,
38057,2.72355,
38058,2.62563,
38059,2.57516,
38060,2.76954,
38061,2.79017,
38062,2.74131,
38063,2.67403,
38064,2.90519,
38065,2.73482,
38066,2.82628,
38067,2.97099,
38068,2.98061,
38069,2.93791,
38070,2.9662,
38071,3.20731,
38072,2.99749,
38073,2.87996,
38074,3.07238,
38075,2.90443,
38076,3.00958,
38077,3.08469,
38078,2.97164,
38079,2.95579,
38080,2.96251,
38081,2.74676,
38082,2.97298,
38083,2.95893,
38084,2.78092,
38085,2.90203,
38086,2.87287,
38087,2.68987,
38088,2.87296,
38089,2.89069,
38090,2.73703,
38091,2.81295,
38092,2.88392,
38093,3.0228,
38094,2.81433,
38095,2.92675,
38096,2.81749,
38097,3.15432,
38098,3.19602,
38099,3.19223,
38100,3.19439,
38101,3.27943,
38102,3.14825,
38103,3.13053,
38104,3.28085,
38105,3.12977,
38106,3.19313,
38107,3.22241,
38108,3.18689,
38109,3.07498,
38110,3.2476,
38111,3.21991,
38112,3.22401,
38113,3.2539,
38114,3.1191,
38115,3.14673,
38116,3.11225,
38117,3.17079,
38118,2.9728,
38119,3.17237,
38120,2.62394,
38121,2.74312,
38122,2.66511,
38123,2.56387,
38124,2.61734,
38125,2.53797,
38126,2.84248,
38127,2.4115,
38128,2.65813,
38129,2.60528,
38130,2.73321,
38131,2.68136,
38132,2.50628,
38133,2.56997,
38134,2.76293,
38135,2.86124,
38136,2.84679,
38137,2.58812,
38138,2.53142,
38139,3.06276,
38140,3.13011,
38141,3.02447,
38142,3.10967,
38143,3.03907,
38144,3.04538,
38145,2.96152,
38146,2.79029,
38147,2.92223,
38148,3.08834,
38149,2.91561,
38150,3.00507,
38151,3.14378,
38152,3.13371,
38153,3.0293,
38154,2.94087,
38155,2.74627,
38156,2.96306,
38157,2.90147,
38158,2.90133,
38159,2.67395,
38160,2.7184,
38161,2.64563,
38162,2.80503,
38163,2.88715,
38164,2.80792,
38165,2.88351,
38166,2.82598,
38167,2.89299,
38168,2.84217,
38169,3.04128,
38170,2.83187,
38171,2.80144,
38172,2.9446,
38173,2.69658,
38174,2.72366,
38175,2.71838,
38176,2.88188,
38177,3.02152,
38178,2.91875,
38179,2.71915,
38180,2.67269,
38181,2.58519,
38182,2.51199,
38183,2.57516,
38184,2.57528,
38185,2.83955,
38186,2.56456,
38187,2.61434,
38188,2.63072,
38189,2.83004,
38190,2.78512,
38191,2.94407,
38192,2.64704,
38193,3.07894,
38194,2.84545,
38195,3.05846,
38196,3.15027,
38197,2.95261,
38198,3.1067,
38199,2.97403,
38200,2.89821,
38201,3.03136,
38202,2.96953,
38203,2.84667,
38204,2.73876,
38205,2.71174,
38206,2.87196,
38207,2.80225,
38208,2.91771,
38209,2.96838,
38210,2.80483,
38211,2.94979,
38212,2.72828,
38213,2.99656,
38214,2.94595,
38215,2.73262,
38216,2.65884,
38217,2.93372,
38218,2.63142,
38219,2.68387,
38220,2.66084,
38221,2.48886,
38222,2.57617,
38223,2.6662,
38224,3.03687,
38225,3.04753,
38226,3.2189,
38227,3.23027,
38228,3.2274,
38229,3.07772,
38230,2.83791,
38231,2.9191,
38232,2.89898,
38233,3.02978,
38234,3.28332,
38235,2.99551,
38236,3.03783,
38237,2.90027,
38238,2.86164,
38239,3.14254,
38240,3.15053,
38241,3.18607,
38242,3.02022,
38243,3.25147,
38244,2.93378,
38245,2.98853,
38246,2.90033,
38247,2.98467,
38248,2.80005,
38249,2.89197,
38250,2.77524,
38251,2.74512,
38252,2.9943,
38253,2.6836,
38254,2.77547,
38255,2.88938,
38256,2.90272,
38257,2.95143,
38258,2.80905,
38259,2.88825,
38260,2.79453,
38261,2.74245,
38262,2.66296,
38263,2.73333,
38264,2.85012,
38265,2.56443,
38266,2.66778,
38267,2.89882,
38268,2.76699,
38269,3.13864,
38270,3.18181,
38271,3.15721,
38272,3.25205,
38273,3.15952,
38274,3.08464,
38275,2.92548,
38276,3.03798,
38277,2.83269,
38278,2.85608,
38279,2.78307,
38280,2.80603,
38281,3.10821,
38282,3.09163,
38283,2.94498,
38284,3.10413,
38285,3.10199,
38286,2.81416,
38287,2.83781,
38288,2.89724,
38289,2.75101,
38290,2.90214,
38291,3.02038,
38292,3.01291,
38293,3.08038,
38294,3.19271,
38295,3.18584,
38296,2.69726,
38297,2.82481,
38298,3.00388,
38299,3.03009,
38300,2.96716,
38301,3.00541,
38302,3.14467,
38303,3.09424,
38304,3.17426,
38305,2.96207,
38306,2.9243,
38307,3.10177,
38308,2.7658,
38309,3.00561,
38310,3.02961,
38311,2.97578,
38312,2.9398,
38313,2.97037,
38314,3.16978,
38315,3.03842,
38316,3.07774,
38317,3.00049,
38318,3.13984,
38319,3.05879,
38320,3.04792,
38321,2.91206,
38322,2.97642,
38323,2.95266,
38324,2.82875,
38325,2.8893,
38326,2.84861,
38327,2.95818,
38328,2.933,
38329,3.00363,
38330,2.70771,
38331,2.90933,
38332,2.98221,
38333,2.92685,
38334,2.76993,
38335,2.79266,
38336,3.02629,
38337,2.78199,
38338,3.03379,
38339,2.0297,
38340,3.04113,
38341,2.99169,
38342,3.12764,
38343,3.24967,
38344,3.4422,
38345,3.0748,
38346,3.12185,
38347,3.02415,
38348,3.15245,
38349,3.14694,
38350,3.16779,
38351,3.0734,
38352,2.90779,
38353,2.98409,
38354,2.98657,
38355,3.12426,
38356,2.91445,
38357,3.04122,
38358,3.14459,
38359,3.0516,
38360,3.02155,
38361,2.92582,
38362,2.98045,
38363,3.03926,
38364,3.03949,
38365,3.00032,
38366,3.02018,
38367,2.85591,
38368,3.14364,
38369,3.12276,
38370,2.87807,
38371,2.9855,
38372,2.8165,
38373,2.78308,
38374,2.76283,
38375,2.63276,
38376,2.96327,
38377,2.87179,
38378,2.75738,
38379,2.85688,
38380,2.98211,
38381,2.82749,
38382,2.78241,
38383,2.83035,
38384,2.77248,
38385,2.9444,
38386,2.79779,
38387,2.88021,
38388,3.03378,
38389,2.8702,
38390,2.97002,
38391,2.9211,
38392,2.82329,
38393,2.83858,
38394,2.87693,
38395,3.04789,
38396,2.93649,
38397,2.92431,
38398,2.9251,
38399,3.03175,
38400,2.85511,
38401,2.66735,
38402,2.82993,
38403,2.78401,
38404,2.92925,
38405,2.91873,
38406,2.62149,
38407,2.98198,
38408,3.0725,
38409,2.96154,
38410,2.88215,
38411,2.77634,
38412,3.05634,
38413,2.85664,
38414,2.5747,
38415,2.92213,
38416,2.89653,
38417,3.10428,
38418,2.86792,
38419,2.77408,
38420,2.9168,
38421,2.85064,
38422,2.81788,
38423,2.86152,
38424,2.82814,
38425,3.0111,
38426,2.97343,
38427,2.99216,
38428,2.77403,
38429,2.8554,
38430,2.80124,
38431,2.98655,
38432,2.9948,
38433,2.96924,
38434,2.9894,
38435,3.14857,
38436,2.8721,
38437,2.96175,
38438,2.95635,
38439,2.77317,
38440,3.01398,
38441,3.00861,
38442,3.10251,
38443,2.90971,
38444,2.70909,
38445,2.72811,
38446,2.91999,
38447,2.76953,
38448,2.82328,
38449,2.67059,
38450,2.83437,
38451,3.03861,
38452,2.96488,
38453,2.8772,
38454,3.04025,
38455,2.92005,
38456,2.97694,
38457,2.87038,
38458,3.03071,
38459,3.01132,
38460,3.08887,
38461,2.99536,
38462,3.01913,
38463,3.00503,
38464,2.91015,
38465,3.05015,
38466,2.68611,
38467,2.82367,
38468,3.02538,
38469,2.88217,
38470,2.95835,
38471,2.74565,
38472,2.84464,
38473,2.99227,
38474,2.74666,
38475,2.86584,
38476,2.78301,
38477,2.68366,
38478,2.86109,
38479,2.63223,
38480,2.75427,
38481,2.73772,
38482,2.90319,
38483,2.79135,
38484,2.96258,
38485,2.99367,
38486,2.93062,
38487,2.77892,
38488,2.82972,
38489,2.76312,
38490,2.81109,
38491,2.70512,
38492,3.04244,
38493,2.91196,
38494,2.94638,
38495,3.06097,
38496,2.9565,
38497,2.8297,
38498,2.95289,
38499,2.90325,
38500,2.93675,
38501,2.95617,
38502,3.0533,
38503,3.17499,
38504,3.03006,
38505,2.97261,
38506,2.96396,
38507,2.86971,
38508,2.90589,
38509,2.74661,
38510,2.84262,
38511,2.71632,
38512,2.93938,
38513,2.83592,
38514,3.01183,
38515,2.82878,
38516,2.95274,
38517,3.06559,
38518,3.05878,
38519,3.16568,
38520,2.87274,
38521,2.74985,
38522,2.97592,
38523,2.70773,
38524,2.98613,
38525,2.88119,
38526,3.10346,
38527,3.15999,
38528,3.13479,
38529,2.87958,
38530,3.09277,
38531,2.97847,
38532,2.98487,
38533,2.93583,
38534,3.06975,
38535,2.81847,
38536,3.08961,
38537,2.65303,
38538,3.04723,
38539,3.0521,
38540,3.17569,
38541,2.93934,
38542,3.03742,
38543,3.05522,
38544,2.85158,
38545,3.02436,
38546,2.77459,
38547,2.86659,
38548,2.89671,
38549,3.13465,
38550,3.10673,
38551,2.70275,
38552,2.95854,
38553,2.88911,
38554,3.01348,
38555,3.01138,
38556,3.16732,
38557,2.99124,
38558,2.89127,
38559,3.02242,
38560,3.06622,
38561,2.86668,
38562,2.8133,
38563,2.82171,
38564,2.95153,
38565,3.08741,
38566,3.11023,
38567,3.01784,
38568,2.97222,
38569,2.9547,
38570,2.7942,
38571,3.03018,
38572,2.8871,
38573,2.9851,
38574,2.96542,
38575,2.97049,
38576,2.93073,
38577,3.06021,
38578,3.02006,
38579,2.90686,
38580,2.97689,
38581,3.10084,
38582,2.80843,
38583,3.16904,
38584,3.01646,
38585,2.89303,
38586,2.82483,
38587,2.99296,
38588,2.98864,
38589,2.89697,
38590,2.86418,
38591,3.05781,
38592,2.82787,
38593,2.81911,
38594,2.93809,
38595,2.80707,
38596,2.78668,
38597,3.04263,
38598,3.05128,
38599,2.87402,
38600,2.84651,
38601,2.82221,
38602,3.01612,
38603,3.02639,
38604,2.65907,
38605,2.90477,
38606,2.90201,
38607,2.99447,
38608,3.0134,
38609,3.03094,
38610,2.82628,
38611,2.86423,
38612,2.96756,
38613,2.67895,
38614,2.76187,
38615,3.11521,
38616,2.88696,
38617,2.97267,
38618,2.74828,
38619,2.76321,
38620,2.98808,
38621,2.90271,
38622,2.75616,
38623,3.04859,
38624,2.95592,
38625,2.73465,
38626,2.85116,
38627,2.76795,
38628,2.89064,
38629,2.76396,
38630,2.7519,
38631,2.96325,
38632,2.87785,
38633,3.07392,
38634,3.10721,
38635,2.97843,
38636,3.08038,
38637,2.81052,
38638,2.93313,
38639,3.05264,
38640,3.01249,
38641,3.10985,
38642,3.19087,
38643,3.27703,
38644,4.09453,
38645,2.98348,
38646,2.98042,
38647,3.0117,
38648,2.97578,
38649,2.89808,
38650,3.03103,
38651,2.94816,
38652,3.0015,
38653,2.91194,
38654,3.48982,
38655,3.01179,
38656,2.98034,
38657,2.64914,
38658,2.78699,
38659,3.06271,
38660,3.01291,
38661,3.10187,
38662,3.22776,
38663,3.06544,
38664,2.93965,
38665,2.98239,
38666,2.90284,
38667,3.15894,
38668,2.93199,
38669,2.95082,
38670,3.12363,
38671,3.08123,
38672,3.0043,
38673,2.82105,
38674,2.87343,
38675,2.88738,
38676,2.91161,
38677,2.85337,
38678,2.63822,
38679,3.04677,
38680,2.91401,
38681,2.75637,
38682,2.77251,
38683,2.88005,
38684,2.93923,
38685,2.9464,
38686,2.87239,
38687,2.98529,
38688,2.67931,
38689,2.86711,
38690,2.62435,
38691,2.99377,
38692,2.83843,
38693,2.84103,
38694,2.77706,
38695,2.89404,
38696,2.86393,
38697,2.83171,
38698,2.79656,
38699,2.73828,
38700,2.88457,
38701,2.85365,
38702,2.5977,
38703,2.68006,
38704,2.69175,
38705,2.89055,
38706,2.90219,
38707,2.82936,
38708,2.84003,
38709,2.90954,
38710,2.9455,
38711,2.70457,
38712,3.02311,
38713,2.86946,
38714,2.87729,
38715,2.85796,
38716,3.01346,
38717,3.12259,
38718,3.06479,
38719,2.8536,
38720,2.78585,
38721,3.167,
38722,2.96064,
38723,2.99635,
38724,2.91451,
38725,2.79422,
38726,2.80996,
38727,2.98655,
38728,2.53766,
38729,2.64557,
38730,2.49237,
38731,2.73718,
38732,2.88795,
38733,2.9864,
38734,2.94878,
38735,2.92495,
38736,2.90123,
38737,2.72127,
38738,2.80152,
38739,2.87954,
38740,3.06143,
38741,2.86981,
38742,2.81379,
38743,2.45415,
38744,2.51559,
38745,2.95976,
38746,2.68836,
38747,2.89748,
38748,2.61198,
38749,2.81296,
38750,2.65083,
38751,2.67092,
38752,2.67289,
38753,2.70447,
38754,2.67197,
38755,2.65998,
38756,2.68358,
38757,2.93305,
38758,2.59996,
38759,2.86867,
38760,2.76829,
38761,3.09312,
38762,3.10373,
38763,3.06745,
38764,3.13936,
38765,3.08641,
38766,3.03488,
38767,2.8415,
38768,2.64908,
38769,2.96575,
38770,2.79708,
38771,2.83183,
38772,3.03769,
38773,2.91722,
38774,3.00309,
38775,2.91746,
38776,2.85839,
38777,2.79067,
38778,2.89432,
38779,3.0125,
38780,2.95496,
38781,2.91792,
38782,2.8898,
38783,2.77538,
38784,3.08622,
38785,2.7847,
38786,2.78142,
38787,2.90973,
38788,2.95466,
38789,2.82735,
38790,3.201,
38791,3.07043,
38792,3.07069,
38793,2.89902,
38794,3.07113,
38795,3.02712,
38796,2.93063,
38797,2.99805,
38798,2.94189,
38799,2.94513,
38800,2.94986,
38801,2.98969,
38802,2.92572,
38803,2.75854,
38804,2.95548,
38805,2.84998,
38806,2.82943,
38807,2.58547,
38808,2.73643,
38809,2.57472,
38810,2.80727,
38811,2.89654,
38812,2.6461,
38813,2.74888,
38814,2.71353,
38815,2.88969,
38816,2.78342,
38817,2.83748,
38818,2.67433,
38819,2.88878,
38820,2.9666,
38821,2.95383,
38822,2.93039,
38823,3.00357,
38824,2.93805,
38825,3.04269,
38826,3.01773,
38827,2.97009,
38828,3.0557,
38829,2.92301,
38830,2.92362,
38831,2.67188,
38832,2.93407,
38833,2.88517,
38834,3.01008,
38835,2.90778,
38836,2.78866,
38837,2.87563,
38838,2.80634,
38839,2.88392,
38840,2.9766,
38841,3.06106,
38842,2.84227,
38843,2.8132,
38844,2.78272,
38845,3.03451,
38846,3.04216,
38847,3.0556,
38848,2.88626,
38849,3.09255,
38850,2.8883,
38851,2.98143,
38852,3.16244,
38853,2.93531,
38854,2.81249,
38855,2.77728,
38856,3.03509,
38857,3.04108,
38858,2.95452,
38859,2.96688,
38860,2.92195,
38861,3.12467,
38862,3.04503,
38863,3.2624,
38864,2.85678,
38865,2.91405,
38866,2.69504,
38867,2.86799,
38868,2.86869,
38869,2.8804,
38870,2.85279,
38871,3.05586,
38872,2.9694,
38873,2.87255,
38874,2.67773,
38875,2.77917,
38876,2.86324,
38877,2.88184,
38878,2.84163,
38879,3.06762,
38880,3.09795,
38881,3.10095,
38882,2.96447,
38883,2.86946,
38884,3.04618,
38885,2.78052,
38886,3.07535,
38887,3.13951,
38888,3.0498,
38889,3.08999,
38890,3.27142,
38891,3.36229,
38892,2.98995,
38893,3.05892,
38894,3.05271,
38895,3.18812,
38896,3.26644,
38897,3.05059,
38898,2.96562,
38899,2.94817,
38900,2.87844,
38901,2.98806,
38902,2.95267,
38903,2.95969,
38904,2.91862,
38905,2.8088,
38906,2.97863,
38907,3.33868,
38908,3.37025,
38909,3.35025,
38910,3.31891,
38911,3.31651,
38912,3.35002,
38913,3.32114,
38914,3.22118,
38915,3.30811,
38916,3.35218,
38917,3.31786,
38918,3.30191,
38919,3.27773,
38920,3.20374,
38921,3.28892,
38922,3.32824,
38923,3.28431,
38924,3.19715,
38925,3.13201,
38926,2.94573,
38927,3.19758,
38928,3.01099,
38929,2.95529,
38930,2.99803,
38931,2.99769,
38932,2.87287,
38933,3.0241,
38934,2.89079,
38935,2.97975,
38936,2.96654,
38937,2.81268,
38938,2.71427,
38939,3.01213,
38940,3.18353,
38941,3.05678,
38942,2.79432,
38943,2.97603,
38944,2.99327,
38945,2.91422,
38946,2.93898,
38947,2.99274,
38948,2.83832,
38949,2.88272,
38950,2.79561,
38951,2.76699,
38952,3.07726,
38953,2.955,
38954,2.92434,
38955,2.96211,
38956,2.87025,
38957,2.82011,
38958,2.76495,
38959,2.81144,
38960,2.96574,
38961,2.85424,
38962,2.79147,
38963,2.99534,
38964,2.931,
38965,2.84357,
38966,2.89934,
38967,2.70992,
38968,2.71294,
38969,2.94503,
38970,2.66364,
38971,2.72624,
38972,2.80586,
38973,2.87561,
38974,2.75087,
38975,2.76273,
38976,2.82927,
38977,2.71138,
38978,2.76944,
38979,2.84225,
38980,2.9147,
38981,2.91943,
38982,2.92167,
38983,2.76096,
38984,2.97783,
38985,2.73256,
38986,2.92199,
38987,2.87538,
38988,2.8426,
38989,3.07079,
38990,2.81994,
38991,2.76469,
38992,2.93683,
38993,2.78329,
38994,2.6723,
38995,2.81525,
38996,3.06076,
38997,2.61583,
38998,2.66335,
38999,2.89985,
39000,2.69217,
39001,2.82266,
39002,2.77505,
39003,2.66984,
39004,2.65527,
39005,2.95581,
39006,2.92853,
39007,2.96963,
39008,2.84988,
39009,3.05908,
39010,2.94725,
39011,3.0655,
39012,2.945,
39013,2.87195,
39014,2.97795,
39015,2.93108,
39016,2.97849,
39017,2.92838,
39018,2.90535,
39019,2.91734,
39020,2.64991,
39021,2.8441,
39022,2.91429,
39023,2.95852,
39024,2.93966,
39025,2.64037,
39026,2.83104,
39027,2.91512,
39028,2.78191,
39029,2.5678,
39030,2.69518,
39031,2.76629,
39032,2.7444,
39033,2.79704,
39034,2.55864,
39035,2.64832,
39036,2.60775,
39037,2.77534,
39038,2.89717,
39039,3.15754,
39040,3.16479,
39041,3.01808,
39042,2.94768,
39043,3.11644,
39044,3.1445,
39045,2.83206,
39046,2.99374,
39047,2.8845,
39048,2.91342,
39049,2.82878,
39050,3.15782,
39051,2.95412,
39052,2.91095,
39053,3.05331,
39054,3.00826,
39055,2.90472,
39056,3.0485,
39057,2.84675,
39058,3.02659,
39059,3.01679,
39060,2.90286,
39061,2.8524,
39062,2.90519,
39063,2.7331,
39064,3.03871,
39065,2.99405,
39066,2.87446,
39067,2.98778,
39068,2.89831,
39069,2.93341,
39070,3.07806,
39071,3.0022,
39072,2.93685,
39073,2.92296,
39074,2.95945,
39075,2.78584,
39076,2.90203,
39077,2.93159,
39078,3.05201,
39079,2.83133,
39080,2.9179,
39081,2.83611,
39082,3.01717,
39083,2.96469,
39084,2.98718,
39085,2.72935,
39086,2.93753,
39087,2.84886,
39088,2.76205,
39089,2.93581,
39090,3.00413,
39091,2.94215,
39092,2.69181,
39093,2.85014,
39094,2.91753,
39095,2.85677,
39096,2.83375,
39097,2.74893,
39098,2.81084,
39099,2.74504,
39100,2.90376,
39101,2.5955,
39102,2.64732,
39103,2.72489,
39104,2.79581,
39105,2.87447,
39106,2.73753,
39107,2.58243,
39108,2.72935,
39109,2.68343,
39110,2.81678,
39111,2.68919,
39112,2.72416,
39113,2.93885,
39114,2.85706,
39115,2.87607,
39116,2.59855,
39117,2.77714,
39118,2.68523,
39119,2.79009,
39120,2.8985,
39121,2.5993,
39122,2.72923,
39123,2.60832,
39124,2.57577,
39125,2.76509,
39126,2.77155,
39127,2.74878,
39128,2.67856,
39129,2.89277,
39130,2.72375,
39131,2.80836,
39132,2.974,
39133,2.9662,
39134,2.91886,
39135,2.94836,
39136,3.19806,
39137,2.97297,
39138,2.86875,
39139,3.07523,
39140,2.8927,
39141,3.01352,
39142,3.08257,
39143,2.95301,
39144,2.95212,
39145,2.97438,
39146,2.73253,
39147,2.96204,
39148,2.93726,
39149,2.77725,
39150,2.90054,
39151,2.86374,
39152,2.68573,
39153,2.85958,
39154,2.8957,
39155,2.7426,
39156,2.81574,
39157,2.86322,
39158,3.02559,
39159,2.81664,
39160,2.91444,
39161,2.81881,
39162,3.15743,
39163,3.19488,
39164,3.20199,
39165,3.1883,
39166,3.28574,
39167,3.15612,
39168,3.12784,
39169,3.27635,
39170,3.13325,
39171,3.19858,
39172,3.23626,
39173,3.19754,
39174,3.07594,
39175,3.26097,
39176,3.19671,
39177,3.22723,
39178,3.2549,
39179,3.12468,
39180,3.13985,
39181,3.09772,
39182,3.16691,
39183,2.94975,
39184,3.16243,
39185,2.61498,
39186,2.72279,
39187,2.66299,
39188,2.52837,
39189,2.62709,
39190,2.54357,
39191,2.84438,
39192,2.4085,
39193,2.63801,
39194,2.59943,
39195,2.722,
39196,2.68702,
39197,2.51326,
39198,2.55538,
39199,2.76868,
39200,2.85494,
39201,2.85304,
39202,2.58172,
39203,2.5407,
39204,3.04625,
39205,3.11533,
39206,3.01609,
39207,3.1054,
39208,3.04851,
39209,3.03144,
39210,2.96932,
39211,2.77155,
39212,2.90032,
39213,3.08394,
39214,2.90515,
39215,2.99599,
39216,3.13676,
39217,3.12336,
39218,3.00472,
39219,2.9278,
39220,2.74468,
39221,2.95953,
39222,2.92048,
39223,2.88719,
39224,2.6691,
39225,2.72156,
39226,2.64814,
39227,2.80811,
39228,2.89187,
39229,2.80025,
39230,2.86827,
39231,2.81427,
39232,2.90002,
39233,2.84705,
39234,3.02878,
39235,2.82386,
39236,2.78667,
39237,2.91906,
39238,2.68533,
39239,2.71774,
39240,2.73209,
39241,2.86276,
39242,3.01863,
39243,2.9192,
39244,2.72445,
39245,2.65756,
39246,2.57362,
39247,2.51428,
39248,2.58303,
39249,2.57749,
39250,2.82974,
39251,2.56596,
39252,2.59231,
39253,2.63493,
39254,2.82438,
39255,2.8039,
39256,2.954,
39257,2.63861,
39258,3.08028,
39259,2.82941,
39260,3.07177,
39261,3.13205,
39262,2.94557,
39263,3.09298,
39264,2.9623,
39265,2.91022,
39266,3.02675,
39267,2.95936,
39268,2.83532,
39269,2.73311,
39270,2.70788,
39271,2.85097,
39272,2.7954,
39273,2.92466,
39274,2.95488,
39275,2.80291,
39276,2.9368,
39277,2.73861,
39278,2.97557,
39279,2.94464,
39280,2.73377,
39281,2.64795,
39282,2.93168,
39283,2.63997,
39284,2.68126,
39285,2.65507,
39286,2.47682,
39287,2.57733,
39288,2.64697,
39289,3.04913,
39290,3.02763,
39291,3.21222,
39292,3.22936,
39293,3.20296,
39294,3.07621,
39295,2.82829,
39296,2.91904,
39297,2.87956,
39298,3.02868,
39299,3.28128,
39300,2.97702,
39301,3.02798,
39302,2.89128,
39303,2.86918,
39304,3.14311,
39305,3.14295,
39306,3.19113,
39307,3.01414,
39308,3.26027,
39309,2.90627,
39310,2.97534,
39311,2.88978,
39312,2.98677,
39313,2.79232,
39314,2.87188,
39315,2.77203,
39316,2.73845,
39317,2.98465,
39318,2.69244,
39319,2.77785,
39320,2.87554,
39321,2.8998,
39322,2.95019,
39323,2.81346,
39324,2.88344,
39325,2.7797,
39326,2.74903,
39327,2.68527,
39328,2.711,
39329,2.84018,
39330,2.55841,
39331,2.6657,
39332,2.8922,
39333,2.75599,
39334,3.13486,
39335,3.16924,
39336,3.14038,
39337,3.23829,
39338,3.14526,
39339,3.08401,
39340,2.92743,
39341,3.03617,
39342,2.81526,
39343,2.85018,
39344,2.77172,
39345,2.79699,
39346,3.10379,
39347,3.08583,
39348,2.94305,
39349,3.11161,
39350,3.09734,
39351,2.8088,
39352,2.84416,
39353,2.90876,
39354,2.74249,
39355,2.88999,
39356,3.02096,
39357,3.00067,
39358,3.08729,
39359,3.19295,
39360,3.18288,
39361,2.71271,
39362,2.82596,
39363,3.00155,
39364,3.03856,
39365,2.95451,
39366,2.99109,
39367,3.1562,
39368,3.08137,
39369,3.17408,
39370,2.9625,
39371,2.91048,
39372,3.10831,
39373,2.77166,
39374,2.99465,
39375,3.02291,
39376,2.95642,
39377,2.93914,
39378,2.97268,
39379,3.16003,
39380,3.02332,
39381,3.07279,
39382,2.98712,
39383,3.14372,
39384,3.0591,
39385,3.04259,
39386,2.9097,
39387,2.97607,
39388,2.9526,
39389,2.83288,
39390,2.88425,
39391,2.84052,
39392,2.94834,
39393,2.92294,
39394,3.00156,
39395,2.70482,
39396,2.90234,
39397,2.97068,
39398,2.91336,
39399,2.77229,
39400,2.78257,
39401,3.01958,
39402,2.78092,
39403,3.02082,
39404,2.01658,
39405,3.02786,
39406,2.99068,
39407,3.11662,
39408,3.22211,
39409,3.43656,
39410,3.07871,
39411,3.11117,
39412,3.02648,
39413,3.15066,
39414,3.14144,
39415,3.18284,
39416,3.06176,
39417,2.90008,
39418,2.98704,
39419,2.98812,
39420,3.13408,
39421,2.9213,
39422,3.04847,
39423,3.11139,
39424,3.03737,
39425,3.01247,
39426,2.91933,
39427,2.95438,
39428,3.0288,
39429,3.02901,
39430,2.99287,
39431,3.02966,
39432,2.85244,
39433,3.14278,
39434,3.11891,
39435,2.87287,
39436,2.97528,
39437,2.82255,
39438,2.79313,
39439,2.76511,
39440,2.64426,
39441,2.95111,
39442,2.87085,
39443,2.75708,
39444,2.85948,
39445,2.98322,
39446,2.83002,
39447,2.7966,
39448,2.83463,
39449,2.78051,
39450,2.941,
39451,2.79263,
39452,2.87663,
39453,3.01303,
39454,2.86269,
39455,2.96352,
39456,2.93523,
39457,2.80957,
39458,2.83105,
39459,2.87935,
39460,3.0416,
39461,2.92231,
39462,2.91609,
39463,2.92055,
39464,3.01315,
39465,2.85997,
39466,2.67084,
39467,2.81621,
39468,2.78664,
39469,2.91398,
39470,2.92166,
39471,2.62168,
39472,2.97654,
39473,3.07135,
39474,2.94927,
39475,2.87706,
39476,2.77838,
39477,3.05055,
39478,2.8442,
39479,2.58223,
39480,2.91604,
39481,2.87848,
39482,3.0964,
39483,2.85882,
39484,2.76978,
39485,2.9118,
39486,2.83717,
39487,2.81526,
39488,2.86853,
39489,2.82246,
39490,2.98853,
39491,2.97509,
39492,2.98861,
39493,2.7571,
39494,2.84393,
39495,2.80179,
39496,3.0034,
39497,2.97361,
39498,2.9758,
39499,2.99145,
39500,3.14209,
39501,2.86466,
39502,2.95604,
39503,2.96351,
39504,2.77741,
39505,3.01362,
39506,3.01005,
39507,3.10762,
39508,2.91054,
39509,2.70897,
39510,2.74469,
39511,2.91291,
39512,2.77507,
39513,2.82131,
39514,2.65316,
39515,2.84524,
39516,3.03025,
39517,2.96357,
39518,2.88055,
39519,3.02256,
39520,2.91035,
39521,2.98271,
39522,2.87278,
39523,3.01998,
39524,3.01332,
39525,3.0775,
39526,3.01225,
39527,3.01684,
39528,2.99482,
39529,2.8951,
39530,3.0466,
39531,2.68234,
39532,2.82199,
39533,3.02036,
39534,2.87416,
39535,2.95842,
39536,2.73093,
39537,2.83827,
39538,2.99389,
39539,2.7497,
39540,2.86221,
39541,2.78831,
39542,2.69544,
39543,2.85915,
39544,2.63592,
39545,2.75996,
39546,2.74474,
39547,2.90428,
39548,2.80653,
39549,2.94142,
39550,3.00126,
39551,2.93031,
39552,2.77934,
39553,2.83683,
39554,2.74462,
39555,2.79977,
39556,2.70189,
39557,3.03774,
39558,2.89496,
39559,2.93798,
39560,3.04833,
39561,2.95907,
39562,2.8252,
39563,2.94639,
39564,2.90313,
39565,2.93452,
39566,2.95362,
39567,3.05572,
39568,3.16954,
39569,3.03016,
39570,2.97343,
39571,2.95309,
39572,2.87169,
39573,2.90047,
39574,2.73027,
39575,2.83355,
39576,2.70731,
39577,2.94444,
39578,2.8278,
39579,3.01168,
39580,2.82902,
39581,2.95936,
39582,3.0583,
39583,3.05616,
39584,3.16968,
39585,2.87577,
39586,2.74623,
39587,2.96779,
39588,2.72352,
39589,2.99325,
39590,2.86726,
39591,3.09104,
39592,3.1439,
39593,3.1223,
39594,2.86059,
39595,3.08672,
39596,2.96267,
39597,2.98465,
39598,2.93579,
39599,3.0595,
39600,2.82208,
39601,3.09095,
39602,2.65177,
39603,3.04162,
39604,3.0476,
39605,3.1667,
39606,2.93512,
39607,3.04403,
39608,3.05911,
39609,2.85571,
39610,3.01722,
39611,2.77104,
39612,2.86689,
39613,2.89518,
39614,3.13645,
39615,3.10803,
39616,2.71102,
39617,2.95502,
39618,2.88103,
39619,3.02228,
39620,2.99554,
39621,3.17177,
39622,2.99968,
39623,2.8965,
39624,3.02036,
39625,3.05869,
39626,2.85898,
39627,2.81519,
39628,2.83222,
39629,2.93385,
39630,3.09353,
39631,3.10263,
39632,3.01721,
39633,2.97706,
39634,2.94726,
39635,2.78172,
39636,3.01572,
39637,2.89461,
39638,2.9887,
39639,2.95382,
39640,2.95617,
39641,2.92225,
39642,3.03687,
39643,3.01431,
39644,2.90775,
39645,2.96268,
39646,3.09442,
39647,2.79608,
39648,3.16495,
39649,3.0114,
39650,2.88681,
39651,2.8219,
39652,2.98176,
39653,2.98614,
39654,2.88675,
39655,2.84998,
39656,3.04367,
39657,2.82055,
39658,2.81415,
39659,2.94655,
39660,2.80078,
39661,2.78162,
39662,3.04334,
39663,3.05191,
39664,2.88289,
39665,2.83736,
39666,2.82065,
39667,3.0117,
39668,3.04508,
39669,2.64966,
39670,2.90151,
39671,2.89946,
39672,2.99172,
39673,3.02053,
39674,3.03668,
39675,2.82529,
39676,2.86245,
39677,2.96338,
39678,2.67482,
39679,2.75927,
39680,3.11134,
39681,2.88361,
39682,2.96343,
39683,2.74117,
39684,2.75514,
39685,2.96185,
39686,2.89891,
39687,2.76661,
39688,3.04242,
39689,2.93822,
39690,2.73895,
39691,2.8534,
39692,2.79059,
39693,2.87809,
39694,2.76764,
39695,2.74028,
39696,2.97262,
39697,2.87633,
39698,3.06233,
39699,3.10674,
39700,2.97034,
39701,3.07778,
39702,2.79955,
39703,2.93284,
39704,3.05758,
39705,3.00797,
39706,3.09955,
39707,3.18711,
39708,3.26108,
39709,4.07689,
39710,2.97669,
39711,2.97537,
39712,3.00859,
39713,2.97537,
39714,2.89678,
39715,3.03845,
39716,2.93814,
39717,2.99562,
39718,2.91477,
39719,3.49266,
39720,3.00741,
39721,2.97986,
39722,2.659,
39723,2.78918,
39724,3.06529,
39725,3.00772,
39726,3.10145,
39727,3.22922,
39728,3.06439,
39729,2.93182,
39730,2.9858,
39731,2.90698,
39732,3.15021,
39733,2.9143,
39734,2.92976,
39735,3.10318,
39736,3.0795,
39737,3.01294,
39738,2.80901,
39739,2.84374,
39740,2.88493,
39741,2.90028,
39742,2.85645,
39743,2.62827,
39744,3.04514,
39745,2.91458,
39746,2.74861,
39747,2.76954,
39748,2.86551,
39749,2.91987,
39750,2.94794,
39751,2.86942,
39752,2.98798,
39753,2.67281,
39754,2.88249,
39755,2.62582,
39756,3.00204,
39757,2.84242,
39758,2.8454,
39759,2.76872,
39760,2.88647,
39761,2.86809,
39762,2.81321,
39763,2.78408,
39764,2.72953,
39765,2.88344,
39766,2.83201,
39767,2.58635,
39768,2.67051,
39769,2.67587,
39770,2.87936,
39771,2.89145,
39772,2.82151,
39773,2.84139,
39774,2.91987,
39775,2.94443,
39776,2.69483,
39777,3.00738,
39778,2.86639,
39779,2.88262,
39780,2.86747,
39781,3.01264,
39782,3.11767,
39783,3.04539,
39784,2.83986,
39785,2.78526,
39786,3.16489,
39787,2.95884,
39788,2.99302,
39789,2.92123,
39790,2.79747,
39791,2.80053,
39792,2.97668,
39793,2.52601,
39794,2.63965,
39795,2.5123,
39796,2.73555,
39797,2.88243,
39798,2.97444,
39799,2.95714,
39800,2.92831,
39801,2.88931,
39802,2.70891,
39803,2.81231,
39804,2.88545,
39805,3.0568,
39806,2.85293,
39807,2.82333,
39808,2.45991,
39809,2.51962,
39810,2.95633,
39811,2.683,
39812,2.87683,
39813,2.61693,
39814,2.80309,
39815,2.64432,
39816,2.65761,
39817,2.67618,
39818,2.71123,
39819,2.6555,
39820,2.65956,
39821,2.6892,
39822,2.93195,
39823,2.59103,
39824,2.85278,
39825,2.75039,
39826,3.10347,
39827,3.08771,
39828,3.06331,
39829,3.12442,
39830,3.07554,
39831,3.02582,
39832,2.82726,
39833,2.65225,
39834,2.95597,
39835,2.79041,
39836,2.81977,
39837,3.02469,
39838,2.92561,
39839,2.98976,
39840,2.92275,
39841,2.86332,
39842,2.78477,
39843,2.90074,
39844,3.01351,
39845,2.94965,
39846,2.93022,
39847,2.88927,
39848,2.76734,
39849,3.08489,
39850,2.7847,
39851,2.7905,
39852,2.90303,
39853,2.93476,
39854,2.82301,
39855,3.1902,
39856,3.05952,
39857,3.07366,
39858,2.88892,
39859,3.05997,
39860,3.01627,
39861,2.91654,
39862,2.99252,
39863,2.93092,
39864,2.93398,
39865,2.9295,
39866,2.98324,
39867,2.91819,
39868,2.74977,
39869,2.95726,
39870,2.84279,
39871,2.82625,
39872,2.58844,
39873,2.73231,
39874,2.5794,
39875,2.80232,
39876,2.89398,
39877,2.65357,
39878,2.74002,
39879,2.71304,
39880,2.89273,
39881,2.78145,
39882,2.84002,
39883,2.66177,
39884,2.89374,
39885,2.96398,
39886,2.94759,
39887,2.91989,
39888,3.00024,
39889,2.90118,
39890,3.03685,
39891,3.01931,
39892,2.96271,
39893,3.05442,
39894,2.91491,
39895,2.90304,
39896,2.65887,
39897,2.9543,
39898,2.89087,
39899,2.98332,
39900,2.90621,
39901,2.76894,
39902,2.8777,
39903,2.79608,
39904,2.87018,
39905,2.97223,
39906,3.05516,
39907,2.83995,
39908,2.80617,
39909,2.76368,
39910,3.02393,
39911,3.00709,
39912,3.0465,
39913,2.89697,
39914,3.08107,
39915,2.8886,
39916,2.97654,
39917,3.15471,
39918,2.93755,
39919,2.8149,
39920,2.76894,
39921,3.02925,
39922,3.03198,
39923,2.94371,
39924,2.9783,
39925,2.9202,
39926,3.1286,
39927,3.05585,
39928,3.25248,
39929,2.84608,
39930,2.90975,
39931,2.69266,
39932,2.87066,
39933,2.86652,
39934,2.87698,
39935,2.84665,
39936,3.05815,
39937,2.95887,
39938,2.87487,
39939,2.67637,
39940,2.77951,
39941,2.84943,
39942,2.88955,
39943,2.84777,
39944,3.05449,
39945,3.08257,
39946,3.10541,
39947,2.96395,
39948,2.8587,
39949,3.04888,
39950,2.7679,
39951,3.06305,
39952,3.13928,
39953,3.04327,
39954,3.08562,
39955,3.27308,
39956,3.35876,
39957,2.99581,
39958,3.06034,
39959,3.06181,
39960,3.1901,
39961,3.26969,
39962,3.05957,
39963,2.98264,
39964,2.93953,
39965,2.87645,
39966,2.98365,
39967,2.94844,
39968,2.95582,
39969,2.91423,
39970,2.80804,
39971,2.97307,
39972,3.32578,
39973,3.36969,
39974,3.33209,
39975,3.31059,
39976,3.30775,
39977,3.33785,
39978,3.31095,
39979,3.21064,
39980,3.29465,
39981,3.35167,
39982,3.31461,
39983,3.28815,
39984,3.28222,
39985,3.19757,
39986,3.30119,
39987,3.31566,
39988,3.28058,
39989,3.2136,
39990,3.14485,
39991,2.93337,
39992,3.17425,
39993,3.00427,
39994,2.95688,
39995,2.99538,
39996,2.98202,
39997,2.87042,
39998,3.00669,
39999,2.88823,
40000,2.95045,
40001,2.96691,
40002,2.80363,
40003,2.71543,
40004,3.01205,
40005,3.17507,
40006,3.04763,
40007,2.7954,
40008,2.96189,
40009,2.9863,
40010,2.91831,
40011,2.94889,
40012,2.99747,
40013,2.81808,
40014,2.88575,
40015,2.79421,
40016,2.76332,
40017,3.07005,
40018,2.97378,
40019,2.92074,
40020,2.93919,
40021,2.86536,
40022,2.81624,
40023,2.76933,
40024,2.8205,
40025,2.972,
40026,2.84624,
40027,2.78546,
40028,2.99848,
40029,2.9165,
40030,2.84963,
40031,2.87653,
40032,2.70205,
40033,2.71603,
40034,2.94167,
40035,2.65814,
40036,2.72956,
40037,2.80177,
40038,2.86742,
40039,2.75562,
40040,2.7585,
40041,2.84738,
40042,2.70642,
40043,2.767,
40044,2.82193,
40045,2.89706,
40046,2.91273,
40047,2.91752,
40048,2.76097,
40049,2.97403,
40050,2.73309,
40051,2.92146,
40052,2.85242,
40053,2.84072,
40054,3.07419,
40055,2.80106,
40056,2.75992,
40057,2.95137,
40058,2.78567,
40059,2.68059,
40060,2.81046,
40061,3.04491,
40062,2.61434,
40063,2.65353,
40064,2.89892,
40065,2.68469,
40066,2.81296,
40067,2.7928,
40068,2.6684,
40069,2.65231,
40070,2.96225,
40071,2.91438,
40072,2.97325,
40073,2.83938,
40074,3.06081,
40075,2.94494,
40076,3.05658,
40077,2.9434,
40078,2.8599,
40079,2.97846,
40080,2.92186,
40081,2.97368,
40082,2.91465,
40083,2.90258,
40084,2.91159,
40085,2.63949,
40086,2.83756,
40087,2.9077,
40088,2.94732,
40089,2.93042,
40090,2.62969,
40091,2.83042,
40092,2.90696,
40093,2.7803,
40094,2.5476,
40095,2.70359,
40096,2.76764,
40097,2.74135,
40098,2.7985,
40099,2.54166,
40100,2.65951,
40101,2.60764,
40102,2.78007,
40103,2.89107,
40104,3.14435,
40105,3.15914,
40106,3.0125,
40107,2.94448,
40108,3.10764,
40109,3.12824,
40110,2.83414,
40111,2.99208,
40112,2.87377,
40113,2.89886,
40114,2.8368,
40115,3.15394,
40116,2.93825,
40117,2.90747,
40118,3.05196,
40119,2.99748,
40120,2.90358,
40121,3.05085,
40122,2.84417,
40123,3.02662,
40124,3.01034,
40125,2.8895,
40126,2.85116,
40127,2.92066,
40128,2.71975,
40129,3.02367,
40130,2.99425,
40131,2.8784,
40132,2.99497,
40133,2.88211,
40134,2.93914,
40135,3.08093,
40136,2.98682,
40137,2.92769,
40138,2.91039,
40139,2.95944,
40140,2.77454,
40141,2.89752,
40142,2.91935,
40143,3.05853,
40144,2.815,
40145,2.90681,
40146,2.82124,
40147,3.00157,
40148,2.9547,
40149,2.96763,
40150,2.72998,
40151,2.9431,
40152,2.83396,
40153,2.73879,
40154,2.92418,
40155,2.99584,
40156,2.947,
40157,2.67198,
40158,2.8437,
40159,2.91432,
40160,2.85141,
40161,2.83201,
40162,2.73546,
40163,2.79767,
40164,2.75335,
40165,2.93069,
40166,2.58705,
40167,2.64198,
40168,2.71191,
40169,2.78616,
40170,2.87385,
40171,2.74729,
40172,2.58655,
40173,2.73139,
40174,2.6749,
40175,2.7963,
40176,2.67064,
40177,2.72988,
40178,2.9269,
40179,2.83758,
40180,2.8817,
40181,2.59181,
40182,2.77606,
40183,2.68261,
40184,2.77599,
40185,2.91085,
40186,2.59448,
40187,2.73138,
40188,2.62208,
40189,2.5765,
40190,2.77801,
40191,2.76622,
40192,2.73751,
40193,2.69273,
40194,2.89318,
40195,2.73263,
40196,2.8163,
40197,2.97755,
40198,2.96265,
40199,2.91854,
40200,2.94354,
40201,3.19311,
40202,2.9722,
40203,2.8643,
40204,3.07318,
40205,2.88761,
40206,3.00609,
40207,3.07277,
40208,2.94142,
40209,2.9621,
40210,2.96018,
40211,2.73686,
40212,2.97175,
40213,2.94384,
40214,2.77345,
40215,2.89276,
40216,2.86861,
40217,2.67894,
40218,2.84978,
40219,2.87985,
40220,2.73676,
40221,2.80219,
40222,2.86186,
40223,3.00196,
40224,2.8082,
40225,2.9144,
40226,2.82075,
40227,3.14263,
40228,3.18401,
40229,3.1894,
40230,3.18474,
40231,3.27294,
40232,3.14022,
40233,3.12433,
40234,3.27697,
40235,3.12164,
40236,3.20721,
40237,3.22177,
40238,3.18114,
40239,3.07622,
40240,3.25784,
40241,3.19864,
40242,3.21868,
40243,3.24099,
40244,3.12665,
40245,3.14733,
40246,3.08772,
40247,3.17064,
40248,2.94521,
40249,3.15159,
40250,2.60629,
40251,2.73417,
40252,2.66411,
40253,2.52901,
40254,2.60949,
40255,2.52632,
40256,2.83836,
40257,2.40853,
40258,2.64524,
40259,2.60197,
40260,2.7186,
40261,2.68232,
40262,2.4992,
40263,2.5629,
40264,2.74953,
40265,2.84662,
40266,2.84588,
40267,2.59561,
40268,2.5364,
40269,3.0385,
40270,3.11735,
40271,2.99992,
40272,3.0957,
40273,3.0288,
40274,3.02993,
40275,2.94977,
40276,2.78177,
40277,2.90013,
40278,3.06559,
40279,2.90715,
40280,3.00239,
40281,3.1304,
40282,3.11658,
40283,2.99659,
40284,2.92783,
40285,2.7474,
40286,2.96394,
40287,2.89568,
40288,2.89359,
40289,2.66604,
40290,2.70976,
40291,2.64264,
40292,2.81528,
40293,2.8904,
40294,2.80068,
40295,2.86234,
40296,2.8035,
40297,2.87629,
40298,2.83503,
40299,3.02084,
40300,2.80966,
40301,2.7777,
40302,2.91452,
40303,2.69346,
40304,2.71943,
40305,2.71778,
40306,2.86527,
40307,3.02603,
40308,2.91416,
40309,2.73177,
40310,2.67128,
40311,2.57109,
40312,2.52002,
40313,2.56884,
40314,2.56847,
40315,2.83627,
40316,2.56952,
40317,2.60389,
40318,2.63625,
40319,2.80963,
40320,2.79005,
40321,2.9427,
40322,2.65874,
40323,3.08038,
40324,2.82976,
40325,3.04858,
40326,3.13677,
40327,2.95741,
40328,3.08807,
40329,2.95009,
40330,2.89476,
40331,3.00824,
40332,2.95444,
40333,2.84148,
40334,2.7343,
40335,2.69932,
40336,2.83983,
40337,2.79437,
40338,2.91511,
40339,2.94515,
40340,2.79848,
40341,2.95486,
40342,2.73385,
40343,2.97491,
40344,2.93616,
40345,2.7405,
40346,2.66037,
40347,2.92084,
40348,2.64016,
40349,2.68282,
40350,2.65791,
40351,2.47932,
40352,2.57988,
40353,2.66218,
40354,3.02957,
40355,3.02865,
40356,3.20204,
40357,3.21799,
40358,3.19307,
40359,3.07521,
40360,2.8196,
40361,2.91934,
40362,2.88722,
40363,3.01854,
40364,3.30076,
40365,2.97515,
40366,3.03224,
40367,2.8993,
40368,2.86183,
40369,3.13553,
40370,3.14278,
40371,3.17436,
40372,3.01164,
40373,3.25161,
40374,2.90721,
40375,2.97024,
40376,2.90908,
40377,2.97264,
40378,2.77644,
40379,2.86768,
40380,2.7642,
40381,2.73343,
40382,2.98016,
40383,2.6743,
40384,2.77252,
40385,2.87544,
40386,2.89634,
40387,2.94361,
40388,2.80018,
40389,2.8757,
40390,2.78828,
40391,2.7391,
40392,2.65535,
40393,2.70543,
40394,2.83826,
40395,2.55166,
40396,2.66708,
40397,2.88456,
40398,2.75676,
40399,3.11399,
40400,3.17844,
40401,3.12461,
40402,3.23588,
40403,3.14177,
40404,3.07967,
40405,2.92654,
40406,3.03138,
40407,2.8211,
40408,2.85001,
40409,2.767,
40410,2.8026,
40411,3.11812,
40412,3.09337,
40413,2.9453,
40414,3.09536,
40415,3.08606,
40416,2.81166,
40417,2.83137,
40418,2.89236,
40419,2.75137,
40420,2.88038,
40421,3.02419,
40422,3.00566,
40423,3.07496,
40424,3.18469,
40425,3.17521,
40426,2.72973,
40427,2.82574,
40428,3.00941,
40429,3.03755,
40430,2.94755,
40431,2.9896,
40432,3.1406,
40433,3.06784,
40434,3.17578,
40435,2.9486,
40436,2.90722,
40437,3.09429,
40438,2.75768,
40439,2.99798,
40440,3.01462,
40441,2.95245,
40442,2.93307,
40443,2.96001,
40444,3.16815,
40445,3.01836,
40446,3.07085,
40447,2.97693,
40448,3.1295,
40449,3.05042,
40450,3.028,
40451,2.9234,
40452,2.97729,
40453,2.95313,
40454,2.81763,
40455,2.89071,
40456,2.8287,
40457,2.95997,
40458,2.9272,
40459,2.99848,
40460,2.70188,
40461,2.89208,
40462,2.96382,
40463,2.90963,
40464,2.7511,
40465,2.77099,
40466,3.01247,
40467,2.78209,
40468,3.01889,
40469,2.00364,
40470,3.01611,
40471,2.98381,
40472,3.12048,
40473,3.22318,
40474,3.44008,
40475,3.05945,
40476,3.09968,
40477,3.01659,
40478,3.14218,
40479,3.14622,
40480,3.16139,
40481,3.06059,
40482,2.88806,
40483,2.98281,
40484,2.99856,
40485,3.12442,
40486,2.9008,
40487,3.02638,
40488,3.11204,
40489,3.03556,
40490,3.01599,
40491,2.91911,
40492,2.94734,
40493,3.02353,
40494,3.02011,
40495,2.98986,
40496,3.01004,
40497,2.83846,
40498,3.13065,
40499,3.10868,
40500,2.87923,
40501,2.97995,
40502,2.81547,
40503,2.78851,
40504,2.7528,
40505,2.62978,
40506,2.95509,
40507,2.85736,
40508,2.77697,
40509,2.86649,
40510,2.99755,
40511,2.8217,
40512,2.77809,
40513,2.83212,
40514,2.78105,
40515,2.93485,
40516,2.78044,
40517,2.86893,
40518,3.01283,
40519,2.86281,
40520,2.96153,
40521,2.90814,
40522,2.80389,
40523,2.8241,
40524,2.86488,
40525,3.04041,
40526,2.91702,
40527,2.91239,
40528,2.92433,
40529,3.00854,
40530,2.83817,
40531,2.66802,
40532,2.81837,
40533,2.76969,
40534,2.90537,
40535,2.91575,
40536,2.63038,
40537,2.98079,
40538,3.06408,
40539,2.9422,
40540,2.87769,
40541,2.77191,
40542,3.04423,
40543,2.8369,
40544,2.58433,
40545,2.91638,
40546,2.87288,
40547,3.09365,
40548,2.8764,
40549,2.77436,
40550,2.91065,
40551,2.8333,
40552,2.83076,
40553,2.8551,
40554,2.81828,
40555,2.97684,
40556,2.95756,
40557,2.97686,
40558,2.75329,
40559,2.85098,
40560,2.79298,
40561,2.98636,
40562,2.97382,
40563,2.95783,
40564,2.98462,
40565,3.13295,
40566,2.86869,
40567,2.96633,
40568,2.96074,
40569,2.77752,
40570,3.00972,
40571,3.00115,
40572,3.10654,
40573,2.89564,
40574,2.70904,
40575,2.72427,
40576,2.89828,
40577,2.76928,
40578,2.80966,
40579,2.66156,
40580,2.836,
40581,3.03027,
40582,2.95675,
40583,2.85734,
40584,3.0087,
40585,2.90008,
40586,2.96427,
40587,2.86438,
40588,3.02431,
40589,3.00261,
40590,3.05906,
40591,2.98202,
40592,3.01659,
40593,2.99637,
40594,2.90237,
40595,3.033,
40596,2.68022,
40597,2.817,
40598,3.01682,
40599,2.87018,
40600,2.95877,
40601,2.736,
40602,2.84559,
40603,2.99177,
40604,2.74628,
40605,2.86363,
40606,2.77284,
40607,2.68379,
40608,2.8492,
40609,2.62434,
40610,2.75303,
40611,2.74147,
40612,2.89384,
40613,2.79234,
40614,2.94716,
40615,2.99101,
40616,2.94142,
40617,2.78803,
40618,2.8337,
40619,2.74148,
40620,2.78967,
40621,2.70066,
40622,3.01526,
40623,2.88537,
40624,2.92144,
40625,3.05249,
40626,2.95924,
40627,2.82125,
40628,2.95877,
40629,2.89879,
40630,2.93364,
40631,2.94866,
40632,3.05542,
40633,3.18473,
40634,3.01103,
40635,2.96911,
40636,2.95647,
40637,2.87139,
40638,2.89227,
40639,2.73702,
40640,2.83233,
40641,2.717,
40642,2.9333,
40643,2.82162,
40644,2.99896,
40645,2.82593,
40646,2.95514,
40647,3.06277,
40648,3.05594,
40649,3.16714,
40650,2.87292,
40651,2.75138,
40652,2.97768,
40653,2.72356,
40654,2.98065,
40655,2.85798,
40656,3.08453,
40657,3.13952,
40658,3.12816,
40659,2.85542,
40660,3.0845,
40661,2.95543,
40662,2.96906,
40663,2.93442,
40664,3.06159,
40665,2.80818,
40666,3.08464,
40667,2.65071,
40668,3.03723,
40669,3.03494,
40670,3.16436,
40671,2.92615,
40672,3.04143,
40673,3.06483,
40674,2.83975,
40675,3.01605,
40676,2.77142,
40677,2.8586,
40678,2.90123,
40679,3.13224,
40680,3.10418,
40681,2.70787,
40682,2.96331,
40683,2.8942,
40684,3.0061,
40685,2.99159,
40686,3.17894,
40687,2.98654,
40688,2.90936,
40689,3.02535,
40690,3.04836,
40691,2.87267,
40692,2.81,
40693,2.82447,
40694,2.93999,
40695,3.07539,
40696,3.09609,
40697,3.0161,
40698,2.95354,
40699,2.95563,
40700,2.78476,
40701,3.01099,
40702,2.88375,
40703,2.97797,
40704,2.94757,
40705,2.95103,
40706,2.92329,
40707,3.05176,
40708,3.02326,
40709,2.90128,
40710,2.95217,
40711,3.09703,
40712,2.78991,
40713,3.16395,
40714,3.00403,
40715,2.88063,
40716,2.82712,
40717,2.98853,
40718,2.98825,
40719,2.87628,
40720,2.84974,
40721,3.04428,
40722,2.80716,
40723,2.82026,
40724,2.93294,
40725,2.81732,
40726,2.78206,
40727,3.05143,
40728,3.04699,
40729,2.86982,
40730,2.8295,
40731,2.82705,
40732,3.00382,
40733,3.03116,
40734,2.66895,
40735,2.89153,
40736,2.90164,
40737,2.97986,
40738,3.0047,
40739,3.02247,
40740,2.83264,
40741,2.85529,
40742,2.96861,
40743,2.68229,
40744,2.74526,
40745,3.11823,
40746,2.87552,
40747,2.96724,
40748,2.7502,
40749,2.74378,
40750,2.95416,
40751,2.90128,
40752,2.7398,
40753,3.03912,
40754,2.94614,
40755,2.74353,
40756,2.84966,
40757,2.76569,
40758,2.89126,
40759,2.75533,
40760,2.73726,
40761,2.95625,
40762,2.86891,
40763,3.05636,
40764,3.10691,
40765,2.96845,
40766,3.0837,
40767,2.79529,
40768,2.92382,
40769,3.04975,
40770,3.00274,
40771,3.1027,
40772,3.20115,
40773,3.26653,
40774,4.08464,
40775,2.98355,
40776,2.97307,
40777,3.00727,
40778,2.97009,
40779,2.90614,
40780,3.03688,
40781,2.93398,
40782,2.9918,
40783,2.90555,
40784,3.48954,
40785,3.01399,
40786,2.97572,
40787,2.64206,
40788,2.78011,
40789,3.05698,
40790,3.00333,
40791,3.09383,
40792,3.23044,
40793,3.06312,
40794,2.92315,
40795,2.9725,
40796,2.89644,
40797,3.14438,
40798,2.90866,
40799,2.92985,
40800,3.10649,
40801,3.06929,
40802,2.9886,
40803,2.81878,
40804,2.84553,
40805,2.87238,
40806,2.90016,
40807,2.84781,
40808,2.63117,
40809,3.05559,
40810,2.90544,
40811,2.75044,
40812,2.75705,
40813,2.87216,
40814,2.93243,
40815,2.94745,
40816,2.86484,
40817,2.99295,
40818,2.68629,
40819,2.86177,
40820,2.62711,
40821,2.9817,
40822,2.84502,
40823,2.83704,
40824,2.76581,
40825,2.8862,
40826,2.86318,
40827,2.81318,
40828,2.78739,
40829,2.72777,
40830,2.88741,
40831,2.8294,
40832,2.58098,
40833,2.662,
40834,2.69088,
40835,2.86405,
40836,2.87691,
40837,2.80799,
40838,2.83188,
40839,2.92344,
40840,2.94889,
40841,2.70756,
40842,3.00643,
40843,2.86291,
40844,2.87949,
40845,2.85636,
40846,3.00725,
40847,3.11388,
40848,3.04458,
40849,2.83769,
40850,2.77429,
40851,3.14749,
40852,2.96157,
40853,2.9838,
40854,2.92187,
40855,2.79985,
40856,2.81164,
40857,2.9788,
40858,2.52884,
40859,2.65622,
40860,2.49478,
40861,2.7209,
40862,2.87411,
40863,2.96891,
40864,2.94401,
40865,2.92491,
40866,2.89924,
40867,2.7138,
40868,2.80981,
40869,2.87979,
40870,3.05122,
40871,2.85726,
40872,2.80384,
40873,2.45115,
40874,2.50322,
40875,2.96359,
40876,2.68054,
40877,2.8829,
40878,2.6107,
40879,2.79948,
40880,2.6447,
40881,2.6675,
40882,2.68723,
40883,2.72114,
40884,2.6653,
40885,2.65402,
40886,2.68747,
40887,2.94669,
40888,2.59803,
40889,2.85099,
40890,2.75674,
40891,3.09175,
40892,3.07473,
40893,3.04936,
40894,3.12038,
40895,3.0705,
40896,3.04049,
40897,2.82171,
40898,2.64369,
40899,2.96043,
40900,2.79276,
40901,2.81818,
40902,3.03401,
40903,2.91219,
40904,2.98794,
40905,2.91137,
40906,2.85289,
40907,2.77837,
40908,2.8946,
40909,3.00657,
40910,2.96479,
40911,2.91625,
40912,2.88133,
40913,2.77572,
40914,3.07841,
40915,2.77324,
40916,2.77764,
40917,2.89237,
40918,2.94893,
40919,2.83728,
40920,3.19767,
40921,3.04849,
40922,3.05946,
40923,2.87626,
40924,3.05587,
40925,3.01351,
40926,2.90875,
40927,2.99142,
40928,2.9163,
40929,2.94068,
40930,2.92994,
40931,2.98733,
40932,2.91129,
40933,2.75502,
40934,2.9533,
40935,2.85107,
40936,2.82348,
40937,2.57946,
40938,2.73621,
40939,2.57643,
40940,2.79395,
40941,2.89807,
40942,2.64545,
40943,2.73741,
40944,2.71551,
40945,2.89,
40946,2.781,
40947,2.82519,
40948,2.6477,
40949,2.87139,
40950,2.9746,
40951,2.93765,
40952,2.91953,
40953,2.9788,
40954,2.89705,
40955,3.03092,
40956,3.0173,
40957,2.97799,
40958,3.04409,
40959,2.92138,
40960,2.91057,
40961,2.64816,
40962,2.931,
40963,2.88213,
40964,2.98561,
40965,2.90455,
40966,2.7637,
40967,2.87117,
40968,2.80959,
40969,2.87247,
40970,2.97027,
40971,3.05908,
40972,2.83418,
40973,2.81078,
40974,2.77973,
40975,3.00869,
40976,3.01752,
40977,3.03832,
40978,2.87962,
40979,3.07522,
40980,2.87714,
40981,2.95285,
40982,3.14589,
40983,2.929,
40984,2.81534,
40985,2.75092,
40986,3.02545,
40987,3.03464,
40988,2.93706,
40989,2.95751,
40990,2.92103,
40991,3.1267,
40992,3.0409,
40993,3.24644,
40994,2.86507,
40995,2.91596,
40996,2.70654,
40997,2.85696,
40998,2.8645,
40999,2.86965,
41000,2.84807,
41001,3.06109,
41002,2.9702,
41003,2.86249,
41004,2.6744,
41005,2.77605,
41006,2.84265,
41007,2.88367,
41008,2.847,
41009,3.05271,
41010,3.08705,
41011,3.09376,
41012,2.96494,
41013,2.8537,
41014,3.03952,
41015,2.7483,
41016,3.08315,
41017,3.14064,
41018,3.04379,
41019,3.08504,
41020,3.26241,
41021,3.35634,
41022,2.97615,
41023,3.05062,
41024,3.05719,
41025,3.19285,
41026,3.26617,
41027,3.05417,
41028,2.96901,
41029,2.93245,
41030,2.87647,
41031,2.9702,
41032,2.94801,
41033,2.9513,
41034,2.91256,
41035,2.81589,
41036,2.96983,
41037,3.32315,
41038,3.34879,
41039,3.3286,
41040,3.32474,
41041,3.30116,
41042,3.33838,
41043,3.31979,
41044,3.21267,
41045,3.31242,
41046,3.33994,
41047,3.2977,
41048,3.29117,
41049,3.27063,
41050,3.1971,
41051,3.28929,
41052,3.32211,
41053,3.28833,
41054,3.20664,
41055,3.15226,
41056,2.92541,
41057,3.17102,
41058,2.99672,
41059,2.94889,
41060,2.97838,
41061,2.99405,
41062,2.86102,
41063,3.00465,
41064,2.87538,
41065,2.94923,
41066,2.95544,
41067,2.80183,
41068,2.71458,
41069,3.00824,
41070,3.18567,
41071,3.04893,
41072,2.80012,
41073,2.9586,
41074,2.98169,
41075,2.90766,
41076,2.94337,
41077,2.98254,
41078,2.82385,
41079,2.88918,
41080,2.77984,
41081,2.75892,
41082,3.08884,
41083,2.96173,
41084,2.91546,
41085,2.93054,
41086,2.84747,
41087,2.82269,
41088,2.74727,
41089,2.8145,
41090,2.96362,
41091,2.8495,
41092,2.7719,
41093,2.98442,
41094,2.9331,
41095,2.83862,
41096,2.87722,
41097,2.70806,
41098,2.71018,
41099,2.93571,
41100,2.65009,
41101,2.72459,
41102,2.80296,
41103,2.87123,
41104,2.74521,
41105,2.75674,
41106,2.83311,
41107,2.70025,
41108,2.7484,
41109,2.82608,
41110,2.89588,
41111,2.90312,
41112,2.92078,
41113,2.75052,
41114,2.97647,
41115,2.7441,
41116,2.91306,
41117,2.85556,
41118,2.84968,
41119,3.04993,
41120,2.80034,
41121,2.77182,
41122,2.93812,
41123,2.78137,
41124,2.66869,
41125,2.79862,
41126,3.04226,
41127,2.61656,
41128,2.64976,
41129,2.89316,
41130,2.68599,
41131,2.8168,
41132,2.7771,
41133,2.67377,
41134,2.65637,
41135,2.94323,
41136,2.90341,
41137,2.95714,
41138,2.83408,
41139,3.04902,
41140,2.94021,
41141,3.0502,
41142,2.93767,
41143,2.85097,
41144,2.96075,
41145,2.92833,
41146,2.97311,
41147,2.90187,
41148,2.91701,
41149,2.90431,
41150,2.63628,
41151,2.83372,
41152,2.9101,
41153,2.94052,
41154,2.93926,
41155,2.63603,
41156,2.83112,
41157,2.9168,
41158,2.78114,
41159,2.54724,
41160,2.69084,
41161,2.76527,
41162,2.73779,
41163,2.80982,
41164,2.55786,
41165,2.65563,
41166,2.60777,
41167,2.77722,
41168,2.8981,
41169,3.1413,
41170,3.15899,
41171,3.00289,
41172,2.92969,
41173,3.10409,
41174,3.15532,
41175,2.81987,
41176,2.99011,
41177,2.8671,
41178,2.89966,
41179,2.82329,
41180,3.16286,
41181,2.9399,
41182,2.88535,
41183,3.04233,
41184,2.99303,
41185,2.89321,
41186,3.04428,
41187,2.83858,
41188,3.01061,
41189,3.02031,
41190,2.88345,
41191,2.84351,
41192,2.89987,
41193,2.71902,
41194,3.02842,
41195,2.97682,
41196,2.86816,
41197,2.98135,
41198,2.88046,
41199,2.9294,
41200,3.09736,
41201,2.9717,
41202,2.92143,
41203,2.91398,
41204,2.9456,
41205,2.76499,
41206,2.90473,
41207,2.91827,
41208,3.06985,
41209,2.80655,
41210,2.91528,
41211,2.83342,
41212,2.99895,
41213,2.96704,
41214,2.97682,
41215,2.72743,
41216,2.94583,
41217,2.83743,
41218,2.74969,
41219,2.92433,
41220,2.98352,
41221,2.93095,
41222,2.66695,
41223,2.83972,
41224,2.903,
41225,2.86225,
41226,2.83666,
41227,2.72367,
41228,2.79155,
41229,2.74309,
41230,2.90981,
41231,2.60006,
41232,2.64788,
41233,2.70688,
41234,2.79463,
41235,2.86479,
41236,2.73803,
41237,2.57306,
41238,2.72361,
41239,2.67437,
41240,2.79038,
41241,2.66777,
41242,2.7418,
41243,2.92564,
41244,2.83365,
41245,2.87679,
41246,2.59871,
41247,2.78696,
41248,2.68018,
41249,2.76707,
41250,2.89813,
41251,2.6039,
41252,2.73056,
41253,2.62132,
41254,2.56376,
41255,2.76257,
41256,2.75318,
41257,2.74151,
41258,2.67759,
41259,2.88715,
41260,2.71487,
41261,2.80066,
41262,2.97075,
41263,2.95193,
41264,2.90428,
41265,2.93508,
41266,3.19414,
41267,2.96721,
41268,2.86863,
41269,3.06207,
41270,2.89143,
41271,3.0032,
41272,3.07342,
41273,2.94098,
41274,2.94203,
41275,2.95625,
41276,2.74431,
41277,2.95808,
41278,2.93111,
41279,2.77658,
41280,2.90015,
41281,2.8769,
41282,2.68715,
41283,2.84535,
41284,2.8902,
41285,2.72324,
41286,2.80137,
41287,2.85406,
41288,3.00985,
41289,2.80971,
41290,2.9189,
41291,2.80888,
41292,3.14318,
41293,3.18067,
41294,3.19054,
41295,3.18,
41296,3.27303,
41297,3.14866,
41298,3.12225,
41299,3.26808,
41300,3.1126,
41301,3.18414,
41302,3.22211,
41303,3.18973,
41304,3.06781,
41305,3.24697,
41306,3.204,
41307,3.22794,
41308,3.23676,
41309,3.13031,
41310,3.14168,
41311,3.08871,
41312,3.17379,
41313,2.92653,
41314,3.14273,
41315,2.60612,
41316,2.72991,
41317,2.64924,
41318,2.51467,
41319,2.61159,
41320,2.51802,
41321,2.83464,
41322,2.4047,
41323,2.64075,
41324,2.59938,
41325,2.71821,
41326,2.67263,
41327,2.50585,
41328,2.55478,
41329,2.74295,
41330,2.85018,
41331,2.8497,
41332,2.59539,
41333,2.52232,
41334,3.0268,
41335,3.1063,
41336,3.0144,
41337,3.09259,
41338,3.02363,
41339,3.03725,
41340,2.94689,
41341,2.76917,
41342,2.90139,
41343,3.07885,
41344,2.92644,
41345,2.99334,
41346,3.13601,
41347,3.11778,
41348,2.99566,
41349,2.92369,
41350,2.73889,
41351,2.96345,
41352,2.90357,
41353,2.87409,
41354,2.66906,
41355,2.70822,
41356,2.64523,
41357,2.8115,
41358,2.88005,
41359,2.81115,
41360,2.85159,
41361,2.80261,
41362,2.88576,
41363,2.83209,
41364,2.99578,
41365,2.81228,
41366,2.7769,
41367,2.90557,
41368,2.68713,
41369,2.71014,
41370,2.72204,
41371,2.85684,
41372,3.01374,
41373,2.90921,
41374,2.71624,
41375,2.66711,
41376,2.56351,
41377,2.52105,
41378,2.57034,
41379,2.5661,
41380,2.85192,
41381,2.5701,
41382,2.59223,
41383,2.6304,
41384,2.81746,
41385,2.78979,
41386,2.9399,
41387,2.63648,
41388,3.08281,
41389,2.84685,
41390,3.04374,
41391,3.1214,
41392,2.93269,
41393,3.07578,
41394,2.94946,
41395,2.88016,
41396,3.01061,
41397,2.95647,
41398,2.82009,
41399,2.71666,
41400,2.69151,
41401,2.8517,
41402,2.78745,
41403,2.90645,
41404,2.95089,
41405,2.79832,
41406,2.93142,
41407,2.72363,
41408,2.97602,
41409,2.91855,
41410,2.73558,
41411,2.65013,
41412,2.93404,
41413,2.63329,
41414,2.68209,
41415,2.66183,
41416,2.48995,
41417,2.57062,
41418,2.66482,
41419,3.02063,
41420,3.01143,
41421,3.1857,
41422,3.2284,
41423,3.18525,
41424,3.06458,
41425,2.81609,
41426,2.90119,
41427,2.86885,
41428,3.01285,
41429,3.26209,
41430,2.96229,
41431,3.01874,
41432,2.87145,
41433,2.8544,
41434,3.1277,
41435,3.1308,
41436,3.16814,
41437,3.01523,
41438,3.25219,
41439,2.90593,
41440,2.96782,
41441,2.88773,
41442,2.95325,
41443,2.7749,
41444,2.86101,
41445,2.76445,
41446,2.72116,
41447,2.9913,
41448,2.66189,
41449,2.79788,
41450,2.86571,
41451,2.89566,
41452,2.93101,
41453,2.80083,
41454,2.87832,
41455,2.78539,
41456,2.73764,
41457,2.65953,
41458,2.69523,
41459,2.83386,
41460,2.5521,
41461,2.65944,
41462,2.88752,
41463,2.75442,
41464,3.10515,
41465,3.15592,
41466,3.11949,
41467,3.24632,
41468,3.12988,
41469,3.06108,
41470,2.91014,
41471,3.01455,
41472,2.81622,
41473,2.84271,
41474,2.7558,
41475,2.79551,
41476,3.0969,
41477,3.08308,
41478,2.93765,
41479,3.11354,
41480,3.07906,
41481,2.80995,
41482,2.846,
41483,2.90268,
41484,2.74123,
41485,2.88863,
41486,3.01993,
41487,3.00086,
41488,3.07376,
41489,3.18689,
41490,3.17778,
41491,2.70592,
41492,2.81832,
41493,2.99758,
41494,3.04292,
41495,2.94474,
41496,2.97988,
41497,3.12525,
41498,3.05742,
41499,3.1563,
41500,2.94551,
41501,2.90811,
41502,3.08434,
41503,2.76939,
41504,2.98411,
41505,3.01042,
41506,2.94349,
41507,2.91605,
41508,2.95386,
41509,3.15561,
41510,3.01361,
41511,3.06142,
41512,2.96333,
41513,3.12207,
41514,3.04491,
41515,3.0327,
41516,2.90637,
41517,2.95675,
41518,2.95158,
41519,2.8139,
41520,2.88258,
41521,2.82512,
41522,2.94464,
41523,2.93792,
41524,2.99623,
41525,2.70532,
41526,2.89089,
41527,2.98449,
41528,2.90612,
41529,2.74503,
41530,2.76812,
41531,3.01746,
41532,2.78148,
41533,3.00517,
41534,1.99255,
41535,3.01954,
41536,2.96514,
41537,3.10035,
41538,3.21452,
41539,3.43872,
41540,3.06004,
41541,3.10581,
41542,3.0076,
41543,3.1323,
41544,3.14428,
41545,3.15651,
41546,3.05815,
41547,2.89041,
41548,2.98904,
41549,2.98327,
41550,3.12334,
41551,2.89794,
41552,3.03269,
41553,3.12369,
41554,3.02716,
41555,3.01181,
41556,2.91113,
41557,2.95441,
41558,3.01489,
41559,3.01564,
41560,2.99512,
41561,3.00762,
41562,2.84204,
41563,3.13234,
41564,3.10095,
41565,2.88518,
41566,2.96915,
41567,2.81137,
41568,2.77152,
41569,2.74462,
41570,2.61989,
41571,2.94668,
41572,2.85282,
41573,2.74893,
41574,2.85167,
41575,2.97029,
41576,2.8246,
41577,2.78604,
41578,2.81868,
41579,2.76288,
41580,2.94021,
41581,2.78556,
41582,2.87736,
41583,3.01043,
41584,2.86161,
41585,2.96086,
41586,2.89934,
41587,2.80878,
41588,2.81711,
41589,2.85922,
41590,3.02675,
41591,2.91,
41592,2.89709,
41593,2.90891,
41594,3.00258,
41595,2.83023,
41596,2.66273,
41597,2.81418,
41598,2.76566,
41599,2.89871,
41600,2.90458,
41601,2.62092,
41602,2.97357,
41603,3.06997,
41604,2.95752,
41605,2.87351,
41606,2.77227,
41607,3.0538,
41608,2.83559,
41609,2.57536,
41610,2.91798,
41611,2.87118,
41612,3.0848,
41613,2.86148,
41614,2.77927,
41615,2.9132,
41616,2.82957,
41617,2.82661,
41618,2.86145,
41619,2.81045,
41620,2.9835,
41621,2.95164,
41622,2.97786,
41623,2.74023,
41624,2.82384,
41625,2.78259,
41626,2.99134,
41627,2.97393,
41628,2.95593,
41629,2.97109,
41630,3.123,
41631,2.85673,
41632,2.95912,
41633,2.95423,
41634,2.76881,
41635,3.00127,
41636,2.99322,
41637,3.10841,
41638,2.90517,
41639,2.71506,
41640,2.74065,
41641,2.88966,
41642,2.75139,
41643,2.80679,
41644,2.65278,
41645,2.83433,
41646,3.02582,
41647,2.95492,
41648,2.85691,
41649,3.00146,
41650,2.87641,
41651,2.95776,
41652,2.86146,
41653,3.01583,
41654,3.00751,
41655,3.06605,
41656,2.98141,
41657,3.01869,
41658,2.97683,
41659,2.89484,
41660,3.02582,
41661,2.68216,
41662,2.80621,
41663,3.01994,
41664,2.87412,
41665,2.94945,
41666,2.7433,
41667,2.8443,
41668,2.99386,
41669,2.74828,
41670,2.85898,
41671,2.77793,
41672,2.68712,
41673,2.85394,
41674,2.62684,
41675,2.77109,
41676,2.74594,
41677,2.90263,
41678,2.8031,
41679,2.94053,
41680,2.99136,
41681,2.94721,
41682,2.77697,
41683,2.83664,
41684,2.7457,
41685,2.7842,
41686,2.6878,
41687,3.01154,
41688,2.88161,
41689,2.93322,
41690,3.04766,
41691,2.9563,
41692,2.82602,
41693,2.94768,
41694,2.89415,
41695,2.92698,
41696,2.95491,
41697,3.05151,
41698,3.16107,
41699,3.03122,
41700,2.98479,
41701,2.97086,
41702,2.87296,
41703,2.89126,
41704,2.73053,
41705,2.83699,
41706,2.71416,
41707,2.92572,
41708,2.81184,
41709,3.00168,
41710,2.82335,
41711,2.96906,
41712,3.05299,
41713,3.04134,
41714,3.16475,
41715,2.86556,
41716,2.74718,
41717,2.97395,
41718,2.71731,
41719,2.9812,
41720,2.85923,
41721,3.07994,
41722,3.13538,
41723,3.13229,
41724,2.85835,
41725,3.06469,
41726,2.95496,
41727,2.96485,
41728,2.93275,
41729,3.04528,
41730,2.80459,
41731,3.08181,
41732,2.64961,
41733,3.02504,
41734,3.04111,
41735,3.1549,
41736,2.92437,
41737,3.03097,
41738,3.07001,
41739,2.85145,
41740,3.03132,
41741,2.77875,
41742,2.87032,
41743,2.90908,
41744,3.14442,
41745,3.11691,
41746,2.70108,
41747,2.94376,
41748,2.8789,
41749,3.00683,
41750,2.9965,
41751,3.17457,
41752,2.98662,
41753,2.89249,
41754,3.02386,
41755,3.05873,
41756,2.8733,
41757,2.81059,
41758,2.84036,
41759,2.92314,
41760,3.07065,
41761,3.08029,
41762,3.01371,
41763,2.95509,
41764,2.93399,
41765,2.76918,
41766,3.01397,
41767,2.87873,
41768,2.98007,
41769,2.96155,
41770,2.94929,
41771,2.93683,
41772,3.0298,
41773,3.01243,
41774,2.89393,
41775,2.9586,
41776,3.09325,
41777,2.78701,
41778,3.15851,
41779,2.99918,
41780,2.88147,
41781,2.81729,
41782,2.9779,
41783,2.97209,
41784,2.88082,
41785,2.84101,
41786,3.04031,
41787,2.80805,
41788,2.80467,
41789,2.93093,
41790,2.79546,
41791,2.79002,
41792,3.04734,
41793,3.03422,
41794,2.86848,
41795,2.83594,
41796,2.82634,
41797,2.99442,
41798,3.02118,
41799,2.65767,
41800,2.895,
41801,2.88361,
41802,2.97878,
41803,2.995,
41804,3.02378,
41805,2.82566,
41806,2.84991,
41807,2.95377,
41808,2.674,
41809,2.75269,
41810,3.10748,
41811,2.87934,
41812,2.97147,
41813,2.73699,
41814,2.73494,
41815,2.94886,
41816,2.88572,
41817,2.74446,
41818,3.0333,
41819,2.93899,
41820,2.73244,
41821,2.8602,
41822,2.76539,
41823,2.87133,
41824,2.76639,
41825,2.75577,
41826,2.95246,
41827,2.86765,
41828,3.07338,
41829,3.10711,
41830,2.9716,
41831,3.07969,
41832,2.79815,
41833,2.95123,
41834,3.03391,
41835,2.99252,
41836,3.1069,
41837,3.18223,
41838,3.27114,
41839,4.07057,
41840,2.98012,
41841,2.96581,
41842,2.99562,
41843,2.96496,
41844,2.89766,
41845,3.03108,
41846,2.92412,
41847,2.98579,
41848,2.9013,
41849,3.48994,
41850,3.00156,
41851,2.98145,
41852,2.64149,
41853,2.78188,
41854,3.05162,
41855,3.01303,
41856,3.09276,
41857,3.22176,
41858,3.07473,
41859,2.92719,
41860,2.98195,
41861,2.88733,
41862,3.14729,
41863,2.91313,
41864,2.92218,
41865,3.09254,
41866,3.06893,
41867,2.98492,
41868,2.80283,
41869,2.82864,
41870,2.86218,
41871,2.89463,
41872,2.84272,
41873,2.63159,
41874,3.05451,
41875,2.90785,
41876,2.74324,
41877,2.75345,
41878,2.86918,
41879,2.92251,
41880,2.94468,
41881,2.86924,
41882,2.98131,
41883,2.66317,
41884,2.86897,
41885,2.62546,
41886,2.98271,
41887,2.84417,
41888,2.8381,
41889,2.77166,
41890,2.87719,
41891,2.8506,
41892,2.81341,
41893,2.78839,
41894,2.72853,
41895,2.90533,
41896,2.84585,
41897,2.5829,
41898,2.67019,
41899,2.67322,
41900,2.85739,
41901,2.87312,
41902,2.81804,
41903,2.83278,
41904,2.9133,
41905,2.93854,
41906,2.69271,
41907,3.00843,
41908,2.85836,
41909,2.87587,
41910,2.84741,
41911,3.01179,
41912,3.10257,
41913,3.0447,
41914,2.84622,
41915,2.76899,
41916,3.14351,
41917,2.95454,
41918,2.9865,
41919,2.92888,
41920,2.78657,
41921,2.79622,
41922,2.97076,
41923,2.53233,
41924,2.64028,
41925,2.50058,
41926,2.73824,
41927,2.87987,
41928,2.97287,
41929,2.94801,
41930,2.93133,
41931,2.90009,
41932,2.71241,
41933,2.79847,
41934,2.87433,
41935,3.06808,
41936,2.8637,
41937,2.80989,
41938,2.44035,
41939,2.50705,
41940,2.95991,
41941,2.675,
41942,2.87749,
41943,2.61578,
41944,2.8032,
41945,2.64957,
41946,2.65439,
41947,2.68664,
41948,2.69907,
41949,2.66805,
41950,2.66108,
41951,2.68351,
41952,2.92973,
41953,2.60864,
41954,2.86033,
41955,2.75154,
41956,3.07895,
41957,3.0753,
41958,3.04643,
41959,3.10417,
41960,3.05452,
41961,3.01231,
41962,2.8222,
41963,2.64153,
41964,2.94681,
41965,2.78477,
41966,2.83181,
41967,3.01082,
41968,2.90128,
41969,2.97291,
41970,2.90468,
41971,2.85614,
41972,2.78735,
41973,2.8819,
41974,3.0058,
41975,2.95344,
41976,2.91693,
41977,2.88771,
41978,2.77609,
41979,3.08785,
41980,2.77695,
41981,2.78747,
41982,2.89463,
41983,2.93016,
41984,2.82324,
41985,3.18027,
41986,3.04103,
41987,3.04532,
41988,2.88605,
41989,3.05454,
41990,3.00559,
41991,2.91182,
41992,2.97198,
41993,2.9179,
41994,2.92864,
41995,2.92076,
41996,3.0002,
41997,2.93508,
41998,2.74571,
41999,2.95317,
42000,2.85229,
42001,2.83383,
42002,2.56308,
42003,2.73324,
42004,2.56863,
42005,2.78945,
42006,2.89027,
42007,2.6473,
42008,2.72722,
42009,2.70794,
42010,2.88918,
42011,2.77688,
42012,2.83142,
42013,2.62866,
42014,2.86131,
42015,2.94698,
42016,2.93059,
42017,2.90482,
42018,2.97356,
42019,2.89502,
42020,3.04044,
42021,2.99878,
42022,2.96303,
42023,3.05437,
42024,2.91302,
42025,2.9012,
42026,2.64392,
42027,2.92226,
42028,2.87899,
42029,2.98019,
42030,2.89531,
42031,2.75789,
42032,2.86144,
42033,2.78294,
42034,2.866,
42035,2.96024,
42036,3.06917,
42037,2.84146,
42038,2.81112,
42039,2.77434,
42040,2.99586,
42041,3.00792,
42042,3.02867,
42043,2.89596,
42044,3.06404,
42045,2.86869,
42046,2.94333,
42047,3.15376,
42048,2.91704,
42049,2.8091,
42050,2.75015,
42051,3.0314,
42052,3.03263,
42053,2.9382,
42054,2.96131,
42055,2.92231,
42056,3.11921,
42057,3.04113,
42058,3.24325,
42059,2.86597,
42060,2.90993,
42061,2.70109,
42062,2.85463,
42063,2.86134,
42064,2.88153,
42065,2.85013,
42066,3.05186,
42067,2.95633,
42068,2.86041,
42069,2.68378,
42070,2.77404,
42071,2.84983,
42072,2.88388,
42073,2.84065,
42074,3.03921,
42075,3.06125,
42076,3.09032,
42077,2.94587,
42078,2.84551,
42079,3.0292,
42080,2.74611,
42081,3.07513,
42082,3.1334,
42083,3.03248,
42084,3.08642,
42085,3.27951,
42086,3.36063,
42087,2.98139,
42088,3.05155,
42089,3.05531,
42090,3.16807,
42091,3.25605,
42092,3.04652,
42093,2.96153,
42094,2.93677,
42095,2.87289,
42096,2.98627,
42097,2.94582,
42098,2.95255,
42099,2.9091,
42100,2.79652,
42101,2.97089,
42102,3.32178,
42103,3.33477,
42104,3.32661,
42105,3.30227,
42106,3.28914,
42107,3.32961,
42108,3.31785,
42109,3.20551,
42110,3.29168,
42111,3.33841,
42112,3.31274,
42113,3.29881,
42114,3.28224,
42115,3.19416,
42116,3.29089,
42117,3.31836,
42118,3.30014,
42119,3.20154,
42120,3.1519,
42121,2.92781,
42122,3.16834,
42123,2.97839,
42124,2.93372,
42125,3.00315,
42126,2.97723,
42127,2.84639,
42128,2.9996,
42129,2.86621,
42130,2.94501,
42131,2.94164,
42132,2.79358,
42133,2.71018,
42134,3.0029,
42135,3.17061,
42136,3.03299,
42137,2.78044,
42138,2.94966,
42139,2.97576,
42140,2.90053,
42141,2.94512,
42142,2.98281,
42143,2.82437,
42144,2.87536,
42145,2.78415,
42146,2.74876,
42147,3.05942,
42148,2.94658,
42149,2.90799,
42150,2.9271,
42151,2.85121,
42152,2.80434,
42153,2.74975,
42154,2.80966,
42155,2.96078,
42156,2.8443,
42157,2.78198,
42158,2.99143,
42159,2.93076,
42160,2.83639,
42161,2.87225,
42162,2.69826,
42163,2.7205,
42164,2.94298,
42165,2.66336,
42166,2.73536,
42167,2.79982,
42168,2.87147,
42169,2.75824,
42170,2.76904,
42171,2.83746,
42172,2.70531,
42173,2.7353,
42174,2.83178,
42175,2.89769,
42176,2.91253,
42177,2.90661,
42178,2.73576,
42179,2.96646,
42180,2.74063,
42181,2.91769,
42182,2.85224,
42183,2.84116,
42184,3.04838,
42185,2.79968,
42186,2.77278,
42187,2.94486,
42188,2.78511,
42189,2.67218,
42190,2.79928,
42191,3.04069,
42192,2.63195,
42193,2.66042,
42194,2.8982,
42195,2.68086,
42196,2.82963,
42197,2.7875,
42198,2.67865,
42199,2.64587,
42200,2.94166,
42201,2.88858,
42202,2.93846,
42203,2.81836,
42204,3.03583,
42205,2.93287,
42206,3.0725,
42207,2.92777,
42208,2.8409,
42209,2.96057,
42210,2.92567,
42211,2.96415,
42212,2.90956,
42213,2.89621,
42214,2.89969,
42215,2.63342,
42216,2.8316,
42217,2.90718,
42218,2.935,
42219,2.93064,
42220,2.62571,
42221,2.83098,
42222,2.91279,
42223,2.7789,
42224,2.55994,
42225,2.6949,
42226,2.76713,
42227,2.74756,
42228,2.80631,
42229,2.54756,
42230,2.65481,
42231,2.61027,
42232,2.78819,
42233,2.89579,
42234,3.12769,
42235,3.14589,
42236,2.99882,
42237,2.93375,
42238,3.10338,
42239,3.10918,
42240,2.81482,
42241,2.97675,
42242,2.85896,
42243,2.89417,
42244,2.82316,
42245,3.14179,
42246,2.93663,
42247,2.89355,
42248,3.04301,
42249,2.98545,
42250,2.88114,
42251,3.05085,
42252,2.8259,
42253,3.0137,
42254,3.00193,
42255,2.885,
42256,2.84225,
42257,2.89706,
42258,2.71959,
42259,3.02091,
42260,2.9708,
42261,2.85715,
42262,2.97334,
42263,2.87239,
42264,2.92182,
42265,3.05768,
42266,2.9643,
42267,2.93042,
42268,2.9002,
42269,2.94484,
42270,2.75981,
42271,2.8899,
42272,2.91451,
42273,3.05344,
42274,2.81329,
42275,2.90293,
42276,2.81511,
42277,2.99956,
42278,2.94992,
42279,2.96693,
42280,2.72408,
42281,2.93089,
42282,2.8455,
42283,2.74292,
42284,2.91755,
42285,2.98338,
42286,2.92082,
42287,2.66027,
42288,2.84084,
42289,2.9023,
42290,2.85199,
42291,2.82349,
42292,2.72367,
42293,2.7852,
42294,2.7439,
42295,2.8941,
42296,2.58248,
42297,2.62754,
42298,2.71417,
42299,2.7863,
42300,2.8647,
42301,2.7429,
42302,2.57353,
42303,2.71328,
42304,2.6656,
42305,2.78299,
42306,2.66199,
42307,2.71755,
42308,2.92513,
42309,2.83109,
42310,2.87003,
42311,2.59442,
42312,2.76521,
42313,2.68381,
42314,2.7633,
42315,2.91018,
42316,2.59358,
42317,2.72649,
42318,2.60758,
42319,2.57046,
42320,2.76561,
42321,2.75089,
42322,2.76141,
42323,2.67349,
42324,2.89276,
42325,2.72377,
42326,2.78245,
42327,2.94506,
42328,2.95092,
42329,2.9194,
42330,2.92707,
42331,3.18687,
42332,2.95838,
42333,2.86446,
42334,3.05694,
42335,2.88161,
42336,2.98873,
42337,3.0714,
42338,2.93271,
42339,2.93507,
42340,2.96842,
42341,2.73344,
42342,2.96399,
42343,2.93381,
42344,2.77691,
42345,2.9036,
42346,2.86422,
42347,2.68398,
42348,2.84765,
42349,2.88821,
42350,2.72835,
42351,2.80699,
42352,2.85462,
42353,3.00021,
42354,2.81573,
42355,2.90607,
42356,2.8204,
42357,3.1488,
42358,3.18023,
42359,3.17526,
42360,3.17861,
42361,3.27252,
42362,3.138,
42363,3.11655,
42364,3.26535,
42365,3.11732,
42366,3.18498,
42367,3.21512,
42368,3.19104,
42369,3.07508,
42370,3.24718,
42371,3.20551,
42372,3.21025,
42373,3.24123,
42374,3.12307,
42375,3.14259,
42376,3.09408,
42377,3.18131,
42378,2.91788,
42379,3.14623,
42380,2.58974,
42381,2.6892,
42382,2.63821,
42383,2.51194,
42384,2.60676,
42385,2.51802,
42386,2.83284,
42387,2.40615,
42388,2.62711,
42389,2.58977,
42390,2.71166,
42391,2.66639,
42392,2.49174,
42393,2.55245,
42394,2.73163,
42395,2.84416,
42396,2.83901,
42397,2.58418,
42398,2.52866,
42399,3.02227,
42400,3.10895,
42401,2.99124,
42402,3.07764,
42403,3.01152,
42404,3.02629,
42405,2.94154,
42406,2.76628,
42407,2.90011,
42408,3.07041,
42409,2.9012,
42410,2.99108,
42411,3.12541,
42412,3.11659,
42413,3.00519,
42414,2.91949,
42415,2.73275,
42416,2.95191,
42417,2.89407,
42418,2.87224,
42419,2.66377,
42420,2.72565,
42421,2.6342,
42422,2.80069,
42423,2.88455,
42424,2.79508,
42425,2.85512,
42426,2.78853,
42427,2.86698,
42428,2.81936,
42429,3.00753,
42430,2.80029,
42431,2.75852,
42432,2.89823,
42433,2.67756,
42434,2.73002,
42435,2.72116,
42436,2.86074,
42437,3.01065,
42438,2.92475,
42439,2.71477,
42440,2.66651,
42441,2.55966,
42442,2.53397,
42443,2.57251,
42444,2.57604,
42445,2.83331,
42446,2.56398,
42447,2.6047,
42448,2.63114,
42449,2.82141,
42450,2.79215,
42451,2.93433,
42452,2.64935,
42453,3.07404,
42454,2.8439,
42455,3.04318,
42456,3.11439,
42457,2.93104,
42458,3.07195,
42459,2.94675,
42460,2.882,
42461,3.00861,
42462,2.94017,
42463,2.8131,
42464,2.71679,
42465,2.68591,
42466,2.82956,
42467,2.78912,
42468,2.90261,
42469,2.93773,
42470,2.80508,
42471,2.93834,
42472,2.73072,
42473,2.9758,
42474,2.92832,
42475,2.72966,
42476,2.65999,
42477,2.92571,
42478,2.62852,
42479,2.69328,
42480,2.64928,
42481,2.4949,
42482,2.58449,
42483,2.6691,
42484,3.01157,
42485,3.00222,
42486,3.19576,
42487,3.214,
42488,3.17736,
42489,3.06094,
42490,2.81009,
42491,2.89317,
42492,2.8746,
42493,3.00463,
42494,3.24843,
42495,2.95488,
42496,3.01474,
42497,2.86792,
42498,2.868,
42499,3.13796,
42500,3.13401,
42501,3.15969,
42502,3.02226,
42503,3.2548,
42504,2.9091,
42505,2.96651,
42506,2.87946,
42507,2.94644,
42508,2.77082,
42509,2.8719,
42510,2.74947,
42511,2.73573,
42512,2.97199,
42513,2.65667,
42514,2.77283,
42515,2.86431,
42516,2.88461,
42517,2.94915,
42518,2.79939,
42519,2.88687,
42520,2.78245,
42521,2.72971,
42522,2.65164,
42523,2.70354,
42524,2.83262,
42525,2.54918,
42526,2.6654,
42527,2.88222,
42528,2.75285,
42529,3.10405,
42530,3.15202,
42531,3.11429,
42532,3.22832,
42533,3.12602,
42534,3.05388,
42535,2.89473,
42536,2.99846,
42537,2.80371,
42538,2.84313,
42539,2.76077,
42540,2.78092,
42541,3.10038,
42542,3.08344,
42543,2.92637,
42544,3.09029,
42545,3.07527,
42546,2.80469,
42547,2.84095,
42548,2.90457,
42549,2.7247,
42550,2.87837,
42551,3.02326,
42552,3.00949,
42553,3.07726,
42554,3.18733,
42555,3.18485,
42556,2.70995,
42557,2.80877,
42558,2.99661,
42559,3.03769,
42560,2.93797,
42561,2.98946,
42562,3.11812,
42563,3.05396,
42564,3.15693,
42565,2.9471,
42566,2.91305,
42567,3.08278,
42568,2.76201,
42569,2.99218,
42570,3.01391,
42571,2.94849,
42572,2.91967,
42573,2.95809,
42574,3.15082,
42575,3.0189,
42576,3.05252,
42577,2.97912,
42578,3.12014,
42579,3.05014,
42580,3.02295,
42581,2.92085,
42582,2.96268,
42583,2.95858,
42584,2.81618,
42585,2.87966,
42586,2.81685,
42587,2.93472,
42588,2.91977,
42589,2.98757,
42590,2.70121,
42591,2.88793,
42592,2.95638,
42593,2.91963,
42594,2.74544,
42595,2.75596,
42596,3.00832,
42597,2.7595,
42598,3.00177,
42599,1.98134,
42600,3.02128,
42601,2.96852,
42602,3.09435,
42603,3.20377,
42604,3.41843,
42605,3.04357,
42606,3.10754,
42607,3.00207,
42608,3.13677,
42609,3.12736,
42610,3.14491,
42611,3.05461,
42612,2.8879,
42613,2.97295,
42614,2.98462,
42615,3.13649,
42616,2.90085,
42617,3.02964,
42618,3.10776,
42619,3.04256,
42620,3.00855,
42621,2.9128,
42622,2.93949,
42623,3.01468,
42624,3.01402,
42625,2.98444,
42626,3.00279,
42627,2.84343,
42628,3.13902,
42629,3.09965,
42630,2.8678,
42631,2.97904,
42632,2.81457,
42633,2.77173,
42634,2.75201,
42635,2.63519,
42636,2.93905,
42637,2.83516,
42638,2.75388,
42639,2.86179,
42640,2.97634,
42641,2.82221,
42642,2.78897,
42643,2.81793,
42644,2.7671,
42645,2.92922,
42646,2.77987,
42647,2.87876,
42648,3.00231,
42649,2.86042,
42650,2.9561,
42651,2.89934,
42652,2.7907,
42653,2.81896,
42654,2.85606,
42655,3.02693,
42656,2.92427,
42657,2.90138,
42658,2.90969,
42659,3.00777,
42660,2.83201,
42661,2.66835,
42662,2.81445,
42663,2.76209,
42664,2.89761,
42665,2.90782,
42666,2.62852,
42667,2.98098,
42668,3.06043,
42669,2.93707,
42670,2.87366,
42671,2.77738,
42672,3.04608,
42673,2.8381,
42674,2.58754,
42675,2.91591,
42676,2.87653,
42677,3.08831,
42678,2.85966,
42679,2.78577,
42680,2.91416,
42681,2.82907,
42682,2.82228,
42683,2.85451,
42684,2.81568,
42685,2.97227,
42686,2.93239,
42687,2.97137,
42688,2.74131,
42689,2.82352,
42690,2.788,
42691,2.96387,
42692,2.95615,
42693,2.95011,
42694,2.98945,
42695,3.12425,
42696,2.85794,
42697,2.96722,
42698,2.95752,
42699,2.76187,
42700,2.99217,
42701,2.98877,
42702,3.10217,
42703,2.89457,
42704,2.70268,
42705,2.72394,
42706,2.90134,
42707,2.75665,
42708,2.81401,
42709,2.65701,
42710,2.83182,
42711,3.03976,
42712,2.95334,
42713,2.84858,
42714,3.00029,
42715,2.86251,
42716,2.96509,
42717,2.85857,
42718,3.01385,
42719,2.99134,
42720,3.06546,
42721,2.98933,
42722,3.01636,
42723,2.98769,
42724,2.88863,
42725,3.02658,
42726,2.6856,
42727,2.81122,
42728,3.02796,
42729,2.86969,
42730,2.94525,
42731,2.73187,
42732,2.85363,
42733,2.98438,
42734,2.74626,
42735,2.85723,
42736,2.78171,
42737,2.67402,
42738,2.84194,
42739,2.6392,
42740,2.76897,
42741,2.7428,
42742,2.89945,
42743,2.79047,
42744,2.93845,
42745,2.98714,
42746,2.93733,
42747,2.77433,
42748,2.84321,
42749,2.73272,
42750,2.79071,
42751,2.69263,
42752,3.01255,
42753,2.86798,
42754,2.92433,
42755,3.05293,
42756,2.95374,
42757,2.82388,
42758,2.9458,
42759,2.89137,
42760,2.92779,
42761,2.95118,
42762,3.05232,
42763,3.16318,
42764,3.00733,
42765,2.96842,
42766,2.95021,
42767,2.86312,
42768,2.90607,
42769,2.7365,
42770,2.8291,
42771,2.70399,
42772,2.91773,
42773,2.81768,
42774,3.00655,
42775,2.8297,
42776,2.95287,
42777,3.05818,
42778,3.05233,
42779,3.16352,
42780,2.86376,
42781,2.75048,
42782,2.9753,
42783,2.72013,
42784,2.98232,
42785,2.84831,
42786,3.0691,
42787,3.1331,
42788,3.1137,
42789,2.84729,
42790,3.05652,
42791,2.95201,
42792,2.97433,
42793,2.93823,
42794,3.04793,
42795,2.81146,
42796,3.07368,
42797,2.63983,
42798,3.02522,
42799,3.02667,
42800,3.15637,
42801,2.92325,
42802,3.03766,
42803,3.05878,
42804,2.84189,
42805,3.00612,
42806,2.77503,
42807,2.86415,
42808,2.89212,
42809,3.147,
42810,3.10742,
42811,2.70807,
42812,2.95616,
42813,2.86837,
42814,3.00085,
42815,2.98419,
42816,3.16391,
42817,2.97921,
42818,2.89435,
42819,3.01062,
42820,3.04398,
42821,2.86627,
42822,2.81248,
42823,2.82449,
42824,2.92511,
42825,3.06305,
42826,3.08078,
42827,3.00894,
42828,2.95724,
42829,2.92195,
42830,2.77024,
42831,3.01181,
42832,2.88001,
42833,2.96672,
42834,2.96108,
42835,2.94192,
42836,2.92612,
42837,3.02375,
42838,3.02384,
42839,2.89336,
42840,2.9547,
42841,3.09975,
42842,2.77544,
42843,3.1459,
42844,2.99613,
42845,2.87634,
42846,2.82485,
42847,2.97031,
42848,2.97312,
42849,2.86885,
42850,2.84239,
42851,3.04573,
42852,2.80847,
42853,2.82211,
42854,2.91966,
42855,2.7951,
42856,2.77321,
42857,3.03436,
42858,3.03494,
42859,2.86047,
42860,2.82477,
42861,2.81217,
42862,2.98103,
42863,3.02757,
42864,2.64866,
42865,2.88995,
42866,2.88811,
42867,2.98233,
42868,2.98796,
42869,3.02712,
42870,2.85122,
42871,2.84644,
42872,2.94012,
42873,2.66433,
42874,2.74564,
42875,3.10552,
42876,2.8656,
42877,2.94855,
42878,2.74096,
42879,2.73619,
42880,2.94634,
42881,2.88222,
42882,2.73704,
42883,3.03732,
42884,2.93244,
42885,2.72641,
42886,2.85323,
42887,2.76117,
42888,2.88272,
42889,2.77064,
42890,2.73888,
42891,2.94938,
42892,2.85622,
42893,3.05661,
42894,3.10048,
42895,2.95586,
42896,3.07335,
42897,2.79341,
42898,2.91637,
42899,3.02507,
42900,2.98613,
42901,3.09143,
42902,3.18463,
42903,3.25147,
42904,4.06017,
42905,2.97311,
42906,2.9626,
42907,2.99918,
42908,2.96705,
42909,2.89579,
42910,3.02062,
42911,2.91945,
42912,2.98998,
42913,2.89848,
42914,3.49263,
42915,3.00472,
42916,2.97891,
42917,2.65431,
42918,2.79009,
42919,3.06517,
42920,3.00706,
42921,3.10094,
42922,3.22671,
42923,3.0736,
42924,2.92502,
42925,2.96292,
42926,2.88726,
42927,3.14194,
42928,2.89456,
42929,2.91778,
42930,3.08474,
42931,3.07471,
42932,2.98333,
42933,2.78656,
42934,2.82515,
42935,2.84984,
42936,2.88016,
42937,2.84248,
42938,2.62637,
42939,3.04177,
42940,2.90831,
42941,2.73695,
42942,2.75109,
42943,2.86815,
42944,2.90895,
42945,2.94532,
42946,2.86656,
42947,2.979,
42948,2.66459,
42949,2.86699,
42950,2.61936,
42951,2.98598,
42952,2.83653,
42953,2.84323,
42954,2.77214,
42955,2.87844,
42956,2.85325,
42957,2.80427,
42958,2.78207,
42959,2.72081,
42960,2.87239,
42961,2.82348,
42962,2.58138,
42963,2.6636,
42964,2.68839,
42965,2.87102,
42966,2.87645,
42967,2.8108,
42968,2.83673,
42969,2.90782,
42970,2.93819,
42971,2.68379,
42972,3.01234,
42973,2.85807,
42974,2.87681,
42975,2.84394,
42976,3.01088,
42977,3.09454,
42978,3.03091,
42979,2.83805,
42980,2.77514,
42981,3.13798,
42982,2.95666,
42983,2.98773,
42984,2.91564,
42985,2.78802,
42986,2.7941,
42987,2.97134,
42988,2.51581,
42989,2.65517,
42990,2.50456,
42991,2.72895,
42992,2.86745,
42993,2.96922,
42994,2.94349,
42995,2.93072,
42996,2.89215,
42997,2.70897,
42998,2.79992,
42999,2.86418,
43000,3.0576,
43001,2.86164,
43002,2.81567,
43003,2.43196,
43004,2.50049,
43005,2.94986,
43006,2.68267,
43007,2.8745,
43008,2.61678,
43009,2.78709,
43010,2.66133,
43011,2.6559,
43012,2.68231,
43013,2.70521,
43014,2.65475,
43015,2.65331,
43016,2.68689,
43017,2.92586,
43018,2.61998,
43019,2.85784,
43020,2.75138,
43021,3.08369,
43022,3.05202,
43023,3.03877,
43024,3.09832,
43025,3.06547,
43026,3.00777,
43027,2.81087,
43028,2.64011,
43029,2.9453,
43030,2.78023,
43031,2.82219,
43032,3.01149,
43033,2.89604,
43034,2.96732,
43035,2.9141,
43036,2.84141,
43037,2.78187,
43038,2.88029,
43039,3.0021,
43040,2.96845,
43041,2.92129,
43042,2.8708,
43043,2.77065,
43044,3.06895,
43045,2.77623,
43046,2.77268,
43047,2.88674,
43048,2.92465,
43049,2.82912,
43050,3.17988,
43051,3.03893,
43052,3.05419,
43053,2.87379,
43054,3.05393,
43055,3.00244,
43056,2.90613,
43057,2.97812,
43058,2.91445,
43059,2.93179,
43060,2.92464,
43061,2.97641,
43062,2.89836,
43063,2.73505,
43064,2.94413,
43065,2.84063,
43066,2.83826,
43067,2.57659,
43068,2.72129,
43069,2.55205,
43070,2.79298,
43071,2.90007,
43072,2.63783,
43073,2.71935,
43074,2.70752,
43075,2.87813,
43076,2.78189,
43077,2.83655,
43078,2.61775,
43079,2.86524,
43080,2.95624,
43081,2.9175,
43082,2.90062,
43083,2.97313,
43084,2.89483,
43085,3.02776,
43086,2.99715,
43087,2.94971,
43088,3.0413,
43089,2.90937,
43090,2.89555,
43091,2.64703,
43092,2.93399,
43093,2.87087,
43094,2.97509,
43095,2.88905,
43096,2.76025,
43097,2.86255,
43098,2.78206,
43099,2.86713,
43100,2.96555,
43101,3.05722,
43102,2.83877,
43103,2.81727,
43104,2.74884,
43105,3.00279,
43106,2.99982,
43107,3.03051,
43108,2.8611,
43109,3.04656,
43110,2.85161,
43111,2.94749,
43112,3.13393,
43113,2.91797,
43114,2.80342,
43115,2.74901,
43116,3.01959,
43117,3.01949,
43118,2.92166,
43119,2.95337,
43120,2.92467,
43121,3.1115,
43122,3.0298,
43123,3.23304,
43124,2.84458,
43125,2.90777,
43126,2.70551,
43127,2.8536,
43128,2.85905,
43129,2.87217,
43130,2.83965,
43131,3.06434,
43132,2.96221,
43133,2.85671,
43134,2.69211,
43135,2.78282,
43136,2.84983,
43137,2.882,
43138,2.84918,
43139,3.03173,
43140,3.05617,
43141,3.08737,
43142,2.93711,
43143,2.85011,
43144,3.03236,
43145,2.73918,
43146,3.05554,
43147,3.14036,
43148,3.03037,
43149,3.0761,
43150,3.25681,
43151,3.36669,
43152,2.9875,
43153,3.03663,
43154,3.04689,
43155,3.1806,
43156,3.26178,
43157,3.04392,
43158,2.96363,
43159,2.93118,
43160,2.87039,
43161,2.98908,
43162,2.94574,
43163,2.95807,
43164,2.91903,
43165,2.79802,
43166,2.98001,
43167,3.30849,
43168,3.32859,
43169,3.31374,
43170,3.2993,
43171,3.28359,
43172,3.32728,
43173,3.30762,
43174,3.2054,
43175,3.29951,
43176,3.33556,
43177,3.30537,
43178,3.28333,
43179,3.26548,
43180,3.20193,
43181,3.28328,
43182,3.31444,
43183,3.29374,
43184,3.2048,
43185,3.15924,
43186,2.93175,
43187,3.1596,
43188,2.96364,
43189,2.92891,
43190,2.97492,
43191,2.95824,
43192,2.85005,
43193,2.98539,
43194,2.85949,
43195,2.94151,
43196,2.94005,
43197,2.79463,
43198,2.71469,
43199,2.99163,
43200,3.16722,
43201,3.03105,
43202,2.77486,
43203,2.9499,
43204,2.9693,
43205,2.89404,
43206,2.93635,
43207,2.98646,
43208,2.82869,
43209,2.86027,
43210,2.77528,
43211,2.75059,
43212,3.05327,
43213,2.95199,
43214,2.9005,
43215,2.91881,
43216,2.83986,
43217,2.79247,
43218,2.74032,
43219,2.81098,
43220,2.95371,
43221,2.8429,
43222,2.77005,
43223,2.98242,
43224,2.92183,
43225,2.83943,
43226,2.85774,
43227,2.70027,
43228,2.71645,
43229,2.94254,
43230,2.66224,
43231,2.73173,
43232,2.79286,
43233,2.87781,
43234,2.74503,
43235,2.77669,
43236,2.83655,
43237,2.70395,
43238,2.734,
43239,2.80332,
43240,2.89893,
43241,2.89718,
43242,2.90281,
43243,2.74152,
43244,2.96172,
43245,2.74457,
43246,2.90267,
43247,2.84906,
43248,2.85076,
43249,3.04227,
43250,2.80467,
43251,2.76329,
43252,2.9315,
43253,2.76641,
43254,2.68523,
43255,2.79406,
43256,3.03113,
43257,2.63445,
43258,2.65281,
43259,2.88525,
43260,2.68764,
43261,2.80966,
43262,2.77617,
43263,2.70132,
43264,2.65665,
43265,2.92965,
43266,2.88697,
43267,2.9305,
43268,2.81638,
43269,3.0433,
43270,2.92844,
43271,3.04327,
43272,2.91886,
43273,2.83974,
43274,2.9559,
43275,2.91622,
43276,2.95581,
43277,2.90315,
43278,2.89945,
43279,2.90202,
43280,2.63283,
43281,2.82276,
43282,2.89544,
43283,2.92601,
43284,2.93533,
43285,2.62663,
43286,2.82896,
43287,2.9111,
43288,2.78146,
43289,2.55318,
43290,2.69752,
43291,2.76566,
43292,2.74167,
43293,2.79156,
43294,2.55197,
43295,2.65555,
43296,2.63227,
43297,2.78826,
43298,2.89065,
43299,3.11423,
43300,3.14687,
43301,2.99052,
43302,2.92917,
43303,3.10565,
43304,3.10552,
43305,2.81484,
43306,2.97121,
43307,2.85903,
43308,2.88361,
43309,2.82073,
43310,3.13783,
43311,2.93355,
43312,2.8778,
43313,3.04389,
43314,2.97897,
43315,2.87931,
43316,3.05224,
43317,2.82712,
43318,3.0268,
43319,3.00336,
43320,2.87787,
43321,2.84491,
43322,2.90127,
43323,2.70387,
43324,3.01397,
43325,2.97274,
43326,2.85626,
43327,2.95772,
43328,2.87934,
43329,2.92902,
43330,3.05765,
43331,2.96817,
43332,2.90367,
43333,2.89791,
43334,2.93195,
43335,2.75664,
43336,2.88045,
43337,2.91775,
43338,3.03665,
43339,2.79807,
43340,2.89321,
43341,2.81791,
43342,2.99468,
43343,2.94597,
43344,2.96883,
43345,2.72913,
43346,2.93685,
43347,2.8275,
43348,2.73538,
43349,2.91131,
43350,2.98247,
43351,2.92474,
43352,2.6484,
43353,2.83583,
43354,2.89655,
43355,2.84634,
43356,2.83969,
43357,2.72436,
43358,2.77764,
43359,2.72573,
43360,2.90621,
43361,2.57787,
43362,2.63178,
43363,2.70018,
43364,2.78048,
43365,2.86216,
43366,2.72979,
43367,2.56734,
43368,2.71718,
43369,2.6703,
43370,2.79207,
43371,2.66712,
43372,2.72061,
43373,2.91306,
43374,2.82325,
43375,2.8727,
43376,2.58955,
43377,2.77208,
43378,2.6853,
43379,2.7737,
43380,2.88897,
43381,2.59918,
43382,2.73174,
43383,2.62101,
43384,2.56848,
43385,2.75991,
43386,2.74447,
43387,2.75672,
43388,2.70132,
43389,2.88278,
43390,2.71451,
43391,2.76894,
43392,2.95225,
43393,2.94673,
43394,2.89475,
43395,2.91914,
43396,3.18637,
43397,2.96556,
43398,2.86584,
43399,3.04997,
43400,2.87777,
43401,2.9872,
43402,3.06406,
43403,2.93312,
43404,2.93885,
43405,2.95499,
43406,2.72384,
43407,2.96414,
43408,2.93574,
43409,2.76288,
43410,2.90982,
43411,2.86549,
43412,2.68527,
43413,2.84619,
43414,2.87886,
43415,2.72384,
43416,2.80734,
43417,2.85547,
43418,2.99503,
43419,2.81266,
43420,2.90967,
43421,2.81709,
43422,3.13973,
43423,3.18385,
43424,3.17376,
43425,3.16825,
43426,3.25993,
43427,3.1374,
43428,3.11482,
43429,3.27178,
43430,3.1146,
43431,3.18049,
43432,3.21303,
43433,3.18644,
43434,3.07197,
43435,3.24403,
43436,3.19825,
43437,3.21502,
43438,3.25414,
43439,3.12256,
43440,3.13965,
43441,3.09337,
43442,3.16402,
43443,2.91874,
43444,3.13461,
43445,2.57907,
43446,2.68162,
43447,2.62802,
43448,2.50166,
43449,2.5907,
43450,2.50337,
43451,2.82683,
43452,2.41459,
43453,2.6238,
43454,2.57748,
43455,2.71051,
43456,2.67409,
43457,2.4915,
43458,2.54413,
43459,2.74291,
43460,2.84324,
43461,2.84773,
43462,2.59981,
43463,2.52158,
43464,3.01524,
43465,3.08564,
43466,2.98648,
43467,3.07328,
43468,3.02031,
43469,3.01504,
43470,2.9379,
43471,2.76381,
43472,2.88149,
43473,3.05483,
43474,2.89348,
43475,2.98648,
43476,3.1144,
43477,3.11939,
43478,3.00624,
43479,2.9216,
43480,2.73457,
43481,2.95658,
43482,2.89603,
43483,2.86512,
43484,2.66851,
43485,2.69902,
43486,2.64699,
43487,2.81594,
43488,2.8876,
43489,2.80216,
43490,2.84077,
43491,2.78169,
43492,2.87082,
43493,2.81314,
43494,2.99544,
43495,2.79022,
43496,2.76828,
43497,2.90188,
43498,2.67918,
43499,2.71303,
43500,2.73075,
43501,2.85552,
43502,3.00916,
43503,2.90457,
43504,2.71703,
43505,2.66064,
43506,2.56556,
43507,2.53126,
43508,2.57021,
43509,2.56927,
43510,2.81994,
43511,2.56694,
43512,2.60563,
43513,2.63815,
43514,2.80395,
43515,2.7986,
43516,2.93497,
43517,2.64165,
43518,3.06757,
43519,2.85151,
43520,3.05762,
43521,3.10185,
43522,2.91011,
43523,3.06172,
43524,2.94058,
43525,2.86481,
43526,2.98215,
43527,2.93233,
43528,2.81055,
43529,2.70942,
43530,2.68238,
43531,2.83038,
43532,2.77137,
43533,2.91017,
43534,2.93535,
43535,2.80406,
43536,2.94461,
43537,2.72991,
43538,2.986,
43539,2.9117,
43540,2.73395,
43541,2.64733,
43542,2.92216,
43543,2.64066,
43544,2.70043,
43545,2.65446,
43546,2.4824,
43547,2.58269,
43548,2.67539,
43549,3.00109,
43550,2.99732,
43551,3.18264,
43552,3.20818,
43553,3.17059,
43554,3.05161,
43555,2.79804,
43556,2.89198,
43557,2.86678,
43558,3.00819,
43559,3.24647,
43560,2.95411,
43561,3.01561,
43562,2.86136,
43563,2.86169,
43564,3.1336,
43565,3.13504,
43566,3.16673,
43567,3.01087,
43568,3.26066,
43569,2.91235,
43570,2.98516,
43571,2.88836,
43572,2.94661,
43573,2.7574,
43574,2.863,
43575,2.75222,
43576,2.71892,
43577,2.9754,
43578,2.65712,
43579,2.77068,
43580,2.877,
43581,2.89153,
43582,2.94244,
43583,2.79717,
43584,2.87298,
43585,2.7724,
43586,2.71705,
43587,2.65684,
43588,2.70129,
43589,2.82164,
43590,2.56383,
43591,2.66261,
43592,2.8812,
43593,2.75091,
43594,3.08788,
43595,3.14364,
43596,3.10801,
43597,3.22975,
43598,3.11692,
43599,3.05938,
43600,2.88318,
43601,3.00429,
43602,2.81611,
43603,2.81717,
43604,2.74979,
43605,2.77492,
43606,3.08695,
43607,3.07674,
43608,2.92635,
43609,3.08116,
43610,3.08064,
43611,2.82368,
43612,2.83349,
43613,2.89651,
43614,2.71944,
43615,2.88029,
43616,3.02703,
43617,2.99896,
43618,3.07167,
43619,3.19188,
43620,3.17161,
43621,2.70615,
43622,2.82307,
43623,3.0006,
43624,3.03776,
43625,2.92605,
43626,2.96613,
43627,3.12103,
43628,3.05698,
43629,3.15309,
43630,2.94106,
43631,2.90609,
43632,3.08079,
43633,2.75462,
43634,2.97691,
43635,3.00154,
43636,2.94626,
43637,2.91211,
43638,2.95243,
43639,3.14648,
43640,3.01013,
43641,3.04717,
43642,2.97198,
43643,3.1277,
43644,3.03663,
43645,3.00642,
43646,2.89943,
43647,2.97005,
43648,2.94587,
43649,2.83453,
43650,2.88456,
43651,2.83208,
43652,2.93682,
43653,2.92627,
43654,3.0031,
43655,2.70609,
43656,2.88777,
43657,2.95818,
43658,2.89276,
43659,2.73795,
43660,2.75905,
43661,3.00182,
43662,2.7594,
43663,3.00136,
43664,1.97126,
43665,2.99642,
43666,2.95919,
43667,3.07874,
43668,3.19357,
43669,3.41892,
43670,3.04301,
43671,3.0885,
43672,3.00816,
43673,3.13085,
43674,3.12781,
43675,3.14621,
43676,3.04326,
43677,2.89052,
43678,2.97461,
43679,2.97624,
43680,3.12229,
43681,2.8957,
43682,3.03529,
43683,3.10379,
43684,3.01611,
43685,3.01006,
43686,2.90366,
43687,2.94609,
43688,3.01452,
43689,3.01674,
43690,2.97579,
43691,3.00094,
43692,2.8329,
43693,3.12527,
43694,3.0918,
43695,2.87562,
43696,2.97395,
43697,2.81671,
43698,2.78206,
43699,2.74402,
43700,2.62392,
43701,2.93321,
43702,2.83558,
43703,2.74822,
43704,2.85452,
43705,2.97492,
43706,2.82143,
43707,2.78711,
43708,2.82164,
43709,2.76659,
43710,2.93065,
43711,2.79105,
43712,2.86941,
43713,2.99754,
43714,2.86428,
43715,2.95195,
43716,2.8977,
43717,2.78825,
43718,2.81505,
43719,2.86202,
43720,3.02041,
43721,2.89862,
43722,2.89414,
43723,2.91068,
43724,2.99337,
43725,2.82873,
43726,2.66398,
43727,2.81706,
43728,2.76517,
43729,2.89177,
43730,2.89606,
43731,2.63395,
43732,2.96553,
43733,3.05944,
43734,2.94814,
43735,2.87918,
43736,2.78676,
43737,3.05427,
43738,2.83175,
43739,2.57431,
43740,2.90824,
43741,2.86398,
43742,3.099,
43743,2.85623,
43744,2.78423,
43745,2.92466,
43746,2.83415,
43747,2.81938,
43748,2.87266,
43749,2.80797,
43750,2.95924,
43751,2.93078,
43752,2.95066,
43753,2.73176,
43754,2.82939,
43755,2.77579,
43756,2.95054,
43757,2.96113,
43758,2.94746,
43759,2.96466,
43760,3.12317,
43761,2.8526,
43762,2.96625,
43763,2.94894,
43764,2.76001,
43765,2.98996,
43766,3.00116,
43767,3.1042,
43768,2.8872,
43769,2.70877,
43770,2.7473,
43771,2.89541,
43772,2.75988,
43773,2.8154,
43774,2.6528,
43775,2.84336,
43776,3.03952,
43777,2.94186,
43778,2.84248,
43779,3.00436,
43780,2.86714,
43781,2.95151,
43782,2.85851,
43783,3.00146,
43784,2.98866,
43785,3.0548,
43786,2.98916,
43787,3.01853,
43788,2.96967,
43789,2.89117,
43790,3.01617,
43791,2.6944,
43792,2.8148,
43793,3.02501,
43794,2.87081,
43795,2.95594,
43796,2.73312,
43797,2.84699,
43798,2.98367,
43799,2.74915,
43800,2.84908,
43801,2.76737,
43802,2.67401,
43803,2.83505,
43804,2.62826,
43805,2.75794,
43806,2.76687,
43807,2.89411,
43808,2.78996,
43809,2.94003,
43810,2.98719,
43811,2.93253,
43812,2.77432,
43813,2.83083,
43814,2.72573,
43815,2.79273,
43816,2.68261,
43817,2.99631,
43818,2.88471,
43819,2.9126,
43820,3.04048,
43821,2.94736,
43822,2.80688,
43823,2.93049,
43824,2.88252,
43825,2.93002,
43826,2.95108,
43827,3.05642,
43828,3.14979,
43829,3.00481,
43830,2.96955,
43831,2.97031,
43832,2.86153,
43833,2.88219,
43834,2.71678,
43835,2.82268,
43836,2.70394,
43837,2.92654,
43838,2.80587,
43839,2.99893,
43840,2.83038,
43841,2.96739,
43842,3.06553,
43843,3.04309,
43844,3.15539,
43845,2.86251,
43846,2.76492,
43847,2.97631,
43848,2.71695,
43849,2.97533,
43850,2.85916,
43851,3.05526,
43852,3.12504,
43853,3.11336,
43854,2.85576,
43855,3.05214,
43856,2.9457,
43857,2.97305,
43858,2.94017,
43859,3.04246,
43860,2.7928,
43861,3.07546,
43862,2.6545,
43863,3.02275,
43864,3.03158,
43865,3.16391,
43866,2.92944,
43867,3.03258,
43868,3.06393,
43869,2.8358,
43870,3.00342,
43871,2.7827,
43872,2.86764,
43873,2.89205,
43874,3.12713,
43875,3.1006,
43876,2.72143,
43877,2.95071,
43878,2.87517,
43879,3.00898,
43880,2.99704,
43881,3.18274,
43882,2.97671,
43883,2.90244,
43884,3.01478,
43885,3.04483,
43886,2.86844,
43887,2.81984,
43888,2.83376,
43889,2.91996,
43890,3.05393,
43891,3.08174,
43892,2.99987,
43893,2.93821,
43894,2.91897,
43895,2.74913,
43896,3.00138,
43897,2.87096,
43898,2.96123,
43899,2.93719,
43900,2.95202,
43901,2.90558,
43902,3.03582,
43903,3.00329,
43904,2.89278,
43905,2.94137,
43906,3.08381,
43907,2.79053,
43908,3.13874,
43909,2.99651,
43910,2.89427,
43911,2.81331,
43912,2.98033,
43913,2.96652,
43914,2.8706,
43915,2.83485,
43916,3.03959,
43917,2.80725,
43918,2.80303,
43919,2.92477,
43920,2.80572,
43921,2.76682,
43922,3.02704,
43923,3.03369,
43924,2.84691,
43925,2.83979,
43926,2.82527,
43927,2.97914,
43928,3.01318,
43929,2.6443,
43930,2.89465,
43931,2.88823,
43932,2.97068,
43933,2.99347,
43934,3.03071,
43935,2.82726,
43936,2.84937,
43937,2.94291,
43938,2.67199,
43939,2.74095,
43940,3.10196,
43941,2.85867,
43942,2.94391,
43943,2.72575,
43944,2.7422,
43945,2.95308,
43946,2.87428,
43947,2.73672,
43948,3.02111,
43949,2.92422,
43950,2.73273,
43951,2.84587,
43952,2.76848,
43953,2.87971,
43954,2.75984,
43955,2.75362,
43956,2.94879,
43957,2.86505,
43958,3.05275,
43959,3.09555,
43960,2.96847,
43961,3.07866,
43962,2.79368,
43963,2.92439,
43964,3.02838,
43965,2.98183,
43966,3.08895,
43967,3.17799,
43968,3.24613,
43969,4.06729,
43970,2.98712,
43971,2.96944,
43972,3.00891,
43973,2.95856,
43974,2.8871,
43975,3.02918,
43976,2.91922,
43977,2.99456,
43978,2.89975,
43979,3.50238,
43980,3.01432,
43981,2.97973,
43982,2.66226,
43983,2.78117,
43984,3.05977,
43985,3.00986,
43986,3.10251,
43987,3.22597,
43988,3.07649,
43989,2.90898,
43990,2.95831,
43991,2.88034,
43992,3.13087,
43993,2.89675,
43994,2.91411,
43995,3.08606,
43996,3.06316,
43997,2.97688,
43998,2.78983,
43999,2.82008,
44000,2.84855,
44001,2.88425,
44002,2.83135,
44003,2.62379,
44004,3.0493,
44005,2.8985,
44006,2.74006,
44007,2.7582,
44008,2.87414,
44009,2.92591,
44010,2.94742,
44011,2.86438,
44012,2.98498,
44013,2.66311,
44014,2.85845,
44015,2.61646,
44016,2.97041,
44017,2.84916,
44018,2.83461,
44019,2.75817,
44020,2.8853,
44021,2.87301,
44022,2.80922,
44023,2.76722,
44024,2.71157,
44025,2.88056,
44026,2.82252,
44027,2.56952,
44028,2.66701,
44029,2.68025,
44030,2.85823,
44031,2.87886,
44032,2.81702,
44033,2.84147,
44034,2.91109,
44035,2.94103,
44036,2.70409,
44037,3.00895,
44038,2.86894,
44039,2.87049,
44040,2.84498,
44041,3.00761,
44042,3.11104,
44043,3.02788,
44044,2.83935,
44045,2.76657,
44046,3.12996,
44047,2.96417,
44048,2.98869,
44049,2.92199,
44050,2.78605,
44051,2.81229,
44052,2.96861,
44053,2.51893,
44054,2.64463,
44055,2.49906,
44056,2.72852,
44057,2.87577,
44058,2.98378,
44059,2.95147,
44060,2.92478,
44061,2.89008,
44062,2.71482,
44063,2.81742,
44064,2.86346,
44065,3.04992,
44066,2.85324,
44067,2.80493,
44068,2.43939,
44069,2.48968,
44070,2.94938,
44071,2.68202,
44072,2.89639,
44073,2.62041,
44074,2.78607,
44075,2.66174,
44076,2.668,
44077,2.67069,
44078,2.71053,
44079,2.65649,
44080,2.66698,
44081,2.69871,
44082,2.93225,
44083,2.61221,
44084,2.86296,
44085,2.76065,
44086,3.06454,
44087,3.0468,
44088,3.0283,
44089,3.09203,
44090,3.04372,
44091,2.99077,
44092,2.79873,
44093,2.63644,
44094,2.93873,
44095,2.77397,
44096,2.81337,
44097,3.00757,
44098,2.89306,
44099,2.97497,
44100,2.90314,
44101,2.84473,
44102,2.76985,
44103,2.87386,
44104,3.00269,
44105,2.95772,
44106,2.91618,
44107,2.88233,
44108,2.77873,
44109,3.08048,
44110,2.7616,
44111,2.77998,
44112,2.89405,
44113,2.93376,
44114,2.82151,
44115,3.17014,
44116,3.04172,
44117,3.02451,
44118,2.87177,
44119,3.04285,
44120,2.9842,
44121,2.90189,
44122,2.96995,
44123,2.89653,
44124,2.92153,
44125,2.91572,
44126,2.97358,
44127,2.90982,
44128,2.73796,
44129,2.94822,
44130,2.84596,
44131,2.82492,
44132,2.57061,
44133,2.72395,
44134,2.56935,
44135,2.79296,
44136,2.89127,
44137,2.64567,
44138,2.73572,
44139,2.71424,
44140,2.88137,
44141,2.76872,
44142,2.8325,
44143,2.62405,
44144,2.85988,
44145,2.9305,
44146,2.92103,
44147,2.89169,
44148,2.96011,
44149,2.90757,
44150,3.02971,
44151,2.98907,
44152,2.95919,
44153,3.04644,
44154,2.90905,
44155,2.9003,
44156,2.6406,
44157,2.92527,
44158,2.88157,
44159,2.9828,
44160,2.88205,
44161,2.75074,
44162,2.86196,
44163,2.77051,
44164,2.86902,
44165,2.95792,
44166,3.04062,
44167,2.83194,
44168,2.79986,
44169,2.75284,
44170,2.98875,
44171,3.00083,
44172,3.027,
44173,2.8767,
44174,3.03234,
44175,2.85295,
44176,2.93764,
44177,3.13005,
44178,2.90458,
44179,2.79108,
44180,2.73284,
44181,3.02553,
44182,3.01261,
44183,2.92501,
44184,2.9606,
44185,2.9043,
44186,3.11814,
44187,3.02649,
44188,3.23577,
44189,2.84163,
44190,2.9037,
44191,2.70511,
44192,2.85153,
44193,2.85106,
44194,2.86873,
44195,2.84296,
44196,3.05036,
44197,2.95515,
44198,2.85716,
44199,2.68289,
44200,2.76641,
44201,2.84242,
44202,2.88064,
44203,2.85062,
44204,3.02314,
44205,3.05314,
44206,3.06171,
44207,2.92964,
44208,2.84921,
44209,3.01704,
44210,2.73416,
44211,3.04993,
44212,3.13099,
44213,3.03149,
44214,3.08057,
44215,3.2421,
44216,3.35913,
44217,2.97619,
44218,3.03163,
44219,3.03841,
44220,3.17387,
44221,3.2576,
44222,3.04116,
44223,2.94983,
44224,2.92493,
44225,2.86289,
44226,2.98694,
44227,2.95786,
44228,2.9511,
44229,2.91073,
44230,2.80117,
44231,2.98003,
44232,3.30074,
44233,3.31759,
44234,3.30326,
44235,3.29454,
44236,3.28294,
44237,3.32003,
44238,3.30016,
44239,3.19134,
44240,3.29041,
44241,3.33357,
44242,3.29448,
44243,3.28929,
44244,3.26212,
44245,3.19894,
44246,3.28659,
44247,3.3188,
44248,3.31122,
44249,3.20282,
44250,3.15761,
44251,2.91333,
44252,3.15637,
44253,2.96178,
44254,2.91804,
44255,2.97468,
44256,2.95332,
44257,2.83744,
44258,2.99109,
44259,2.85543,
44260,2.93015,
44261,2.93146,
44262,2.78174,
44263,2.69628,
44264,2.99021,
44265,3.1561,
44266,3.03732,
44267,2.78114,
44268,2.94749,
44269,2.97581,
44270,2.90598,
44271,2.92666,
44272,2.9733,
44273,2.80985,
44274,2.8589,
44275,2.76753,
44276,2.74128,
44277,3.04577,
44278,2.9413,
44279,2.9079,
44280,2.91744,
44281,2.83423,
44282,2.79153,
44283,2.73798,
44284,2.7996,
44285,2.96912,
44286,2.84938,
44287,2.7729,
44288,2.98475,
44289,2.92876,
44290,2.83224,
44291,2.86633,
44292,2.69785,
44293,2.71401,
44294,2.93997,
44295,2.66715,
44296,2.73197,
44297,2.80456,
44298,2.87539,
44299,2.73835,
44300,2.75938,
44301,2.83542,
44302,2.7002,
44303,2.72869,
44304,2.80452,
44305,2.87151,
44306,2.88717,
44307,2.90388,
44308,2.73586,
44309,2.96282,
44310,2.73085,
44311,2.90859,
44312,2.8499,
44313,2.85047,
44314,3.03391,
44315,2.80578,
44316,2.76868,
44317,2.93265,
44318,2.77622,
44319,2.68746,
44320,2.79995,
44321,3.03133,
44322,2.62402,
44323,2.65608,
44324,2.88569,
44325,2.6841,
44326,2.81516,
44327,2.77664,
44328,2.67468,
44329,2.65596,
44330,2.93059,
44331,2.88354,
44332,2.92905,
44333,2.8146,
44334,3.04823,
44335,2.92907,
44336,3.03473,
44337,2.92053,
44338,2.83587,
44339,2.95788,
44340,2.90965,
44341,2.95339,
44342,2.89985,
44343,2.89637,
44344,2.88468,
44345,2.62369,
44346,2.83706,
44347,2.89811,
44348,2.93553,
44349,2.92521,
44350,2.61927,
44351,2.82039,
44352,2.90839,
44353,2.78491,
44354,2.55911,
44355,2.69073,
44356,2.76567,
44357,2.75022,
44358,2.80126,
44359,2.5442,
44360,2.66061,
44361,2.61537,
44362,2.77638,
44363,2.89844,
44364,3.08546,
44365,3.13138,
44366,2.98477,
44367,2.93067,
44368,3.08902,
44369,3.11317,
44370,2.80842,
44371,2.96988,
44372,2.86397,
44373,2.8883,
44374,2.80975,
44375,3.13187,
44376,2.92058,
44377,2.88781,
44378,3.0277,
44379,2.98605,
44380,2.88057,
44381,3.05411,
44382,2.82641,
44383,3.01477,
44384,2.9975,
44385,2.88653,
44386,2.84611,
44387,2.89584,
44388,2.68869,
44389,3.01198,
44390,2.97786,
44391,2.84154,
44392,2.9706,
44393,2.86272,
44394,2.92398,
44395,3.06228,
44396,2.96647,
44397,2.89599,
44398,2.88383,
44399,2.93286,
44400,2.75089,
44401,2.88569,
44402,2.91199,
44403,3.04147,
44404,2.79198,
44405,2.89646,
44406,2.80884,
44407,2.98831,
44408,2.94021,
44409,2.95676,
44410,2.71829,
44411,2.93729,
44412,2.8241,
44413,2.73656,
44414,2.90252,
44415,2.97388,
44416,2.91255,
44417,2.6462,
44418,2.82592,
44419,2.90594,
44420,2.85218,
44421,2.81687,
44422,2.71057,
44423,2.78624,
44424,2.73433,
44425,2.88872,
44426,2.57852,
44427,2.62612,
44428,2.70267,
44429,2.77754,
44430,2.86359,
44431,2.74263,
44432,2.56435,
44433,2.71394,
44434,2.66881,
44435,2.78865,
44436,2.6633,
44437,2.71798,
44438,2.91273,
44439,2.82871,
44440,2.86191,
44441,2.60547,
44442,2.77629,
44443,2.68459,
44444,2.76874,
44445,2.89252,
44446,2.59801,
44447,2.73066,
44448,2.61913,
44449,2.56741,
44450,2.75707,
44451,2.74679,
44452,2.74567,
44453,2.68118,
44454,2.89014,
44455,2.71811,
44456,2.75803,
44457,2.94096,
44458,2.94679,
44459,2.88594,
44460,2.9104,
44461,3.16967,
44462,2.94976,
44463,2.86349,
44464,3.04373,
44465,2.88135,
44466,3.00696,
44467,3.06833,
44468,2.93064,
44469,2.93478,
44470,2.95153,
44471,2.72876,
44472,2.95528,
44473,2.92807,
44474,2.76449,
44475,2.91407,
44476,2.86071,
44477,2.67454,
44478,2.84383,
44479,2.88109,
44480,2.73159,
44481,2.81214,
44482,2.86165,
44483,2.99914,
44484,2.79723,
44485,2.91157,
44486,2.80994,
44487,3.13164,
44488,3.17926,
44489,3.17061,
44490,3.17829,
44491,3.26484,
44492,3.13373,
44493,3.118,
44494,3.26024,
44495,3.1057,
44496,3.17971,
44497,3.21743,
44498,3.18098,
44499,3.08748,
44500,3.24987,
44501,3.20924,
44502,3.21662,
44503,3.2349,
44504,3.12016,
44505,3.15797,
44506,3.09235,
44507,3.17008,
44508,2.89464,
44509,3.12289,
44510,2.56862,
44511,2.67468,
44512,2.62589,
44513,2.50262,
44514,2.59089,
44515,2.50091,
44516,2.82172,
44517,2.41282,
44518,2.62316,
44519,2.57336,
44520,2.71168,
44521,2.66469,
44522,2.4949,
44523,2.53438,
44524,2.72704,
44525,2.82625,
44526,2.83864,
44527,2.59209,
44528,2.50489,
44529,3.00393,
44530,3.09795,
44531,2.97975,
44532,3.05454,
44533,3.00605,
44534,3.0049,
44535,2.93361,
44536,2.74852,
44537,2.88517,
44538,3.06097,
44539,2.90513,
44540,2.98777,
44541,3.10516,
44542,3.09703,
44543,2.98079,
44544,2.91143,
44545,2.72455,
44546,2.94778,
44547,2.88683,
44548,2.86167,
44549,2.65428,
44550,2.7048,
44551,2.63904,
44552,2.79961,
44553,2.87848,
44554,2.78797,
44555,2.84203,
44556,2.77217,
44557,2.8625,
44558,2.82374,
44559,2.96942,
44560,2.78575,
44561,2.76735,
44562,2.88295,
44563,2.66793,
44564,2.70186,
44565,2.71741,
44566,2.84623,
44567,3.00125,
44568,2.91487,
44569,2.71372,
44570,2.66801,
44571,2.57036,
44572,2.53857,
44573,2.57306,
44574,2.56425,
44575,2.83924,
44576,2.58418,
44577,2.60999,
44578,2.65887,
44579,2.80944,
44580,2.79791,
44581,2.9337,
44582,2.64478,
44583,3.05973,
44584,2.85291,
44585,3.05653,
44586,3.09067,
44587,2.91077,
44588,3.04985,
44589,2.92707,
44590,2.86385,
44591,2.99122,
44592,2.92268,
44593,2.80708,
44594,2.69872,
44595,2.66943,
44596,2.84253,
44597,2.76355,
44598,2.89819,
44599,2.94136,
44600,2.79862,
44601,2.94072,
44602,2.72054,
44603,2.96275,
44604,2.91678,
44605,2.73868,
44606,2.65341,
44607,2.90916,
44608,2.63488,
44609,2.70243,
44610,2.66124,
44611,2.48274,
44612,2.57719,
44613,2.65691,
44614,2.99817,
44615,3.00059,
44616,3.17271,
44617,3.2014,
44618,3.15235,
44619,3.06264,
44620,2.79226,
44621,2.88809,
44622,2.86409,
44623,3.02316,
44624,3.24063,
44625,2.9385,
44626,3.02568,
44627,2.84724,
44628,2.85097,
44629,3.14995,
44630,3.14549,
44631,3.15591,
44632,3.01104,
44633,3.25265,
44634,2.90847,
44635,2.96427,
44636,2.87863,
44637,2.93917,
44638,2.76395,
44639,2.85384,
44640,2.74241,
44641,2.70962,
44642,2.96845,
44643,2.65278,
44644,2.78742,
44645,2.86266,
44646,2.8808,
44647,2.93819,
44648,2.78871,
44649,2.87872,
44650,2.77479,
44651,2.71039,
44652,2.65331,
44653,2.69376,
44654,2.82963,
44655,2.54911,
44656,2.6744,
44657,2.87204,
44658,2.74575,
44659,3.08523,
44660,3.13883,
44661,3.11113,
44662,3.20802,
44663,3.10196,
44664,3.04484,
44665,2.88685,
44666,3.00428,
44667,2.79767,
44668,2.82756,
44669,2.74302,
44670,2.7805,
44671,3.09324,
44672,3.07323,
44673,2.93503,
44674,3.08681,
44675,3.06752,
44676,2.80577,
44677,2.83175,
44678,2.90101,
44679,2.71768,
44680,2.86874,
44681,3.02574,
44682,2.98793,
44683,3.06283,
44684,3.17406,
44685,3.17262,
44686,2.71088,
44687,2.81256,
44688,3.01723,
44689,3.02903,
44690,2.9288,
44691,2.94129,
44692,3.10868,
44693,3.04244,
44694,3.13747,
44695,2.9489,
44696,2.89596,
44697,3.08484,
44698,2.75617,
44699,2.98158,
44700,2.99283,
44701,2.93495,
44702,2.91695,
44703,2.95553,
44704,3.13699,
44705,3.01556,
44706,3.03903,
44707,2.95282,
44708,3.1154,
44709,3.02598,
44710,3.00281,
44711,2.91273,
44712,2.95306,
44713,2.94966,
44714,2.81218,
44715,2.8788,
44716,2.82604,
44717,2.93604,
44718,2.93222,
44719,2.99023,
44720,2.70441,
44721,2.87969,
44722,2.94121,
44723,2.8903,
44724,2.73305,
44725,2.74388,
44726,3.00584,
44727,2.75985,
44728,2.99227,
44729,1.96169,
44730,3.00205,
44731,2.95328,
44732,3.07425,
44733,3.18505,
44734,3.41341,
44735,3.03183,
44736,3.08727,
44737,2.98756,
44738,3.11955,
44739,3.12219,
44740,3.13213,
44741,3.03994,
44742,2.8937,
44743,2.98108,
44744,2.98824,
44745,3.12186,
44746,2.90676,
44747,3.024,
44748,3.09537,
44749,3.01979,
44750,2.99512,
44751,2.91109,
44752,2.93237,
44753,3.01487,
44754,3.00578,
44755,2.967,
44756,2.98796,
44757,2.83552,
44758,3.12779,
44759,3.08949,
44760,2.86443,
44761,2.96036,
44762,2.81596,
44763,2.77571,
44764,2.7441,
44765,2.62873,
44766,2.92995,
44767,2.82839,
44768,2.75193,
44769,2.85015,
44770,2.97658,
44771,2.81865,
44772,2.77208,
44773,2.83427,
44774,2.76735,
44775,2.92714,
44776,2.78273,
44777,2.87614,
44778,3.00484,
44779,2.86097,
44780,2.95773,
44781,2.88436,
44782,2.78734,
44783,2.82032,
44784,2.84535,
44785,3.01104,
44786,2.90431,
44787,2.89491,
44788,2.90884,
44789,3.00124,
44790,2.82722,
44791,2.65388,
44792,2.81288,
44793,2.75866,
44794,2.88966,
44795,2.89273,
44796,2.62556,
44797,2.97242,
44798,3.07757,
44799,2.93399,
44800,2.87936,
44801,2.77589,
44802,3.05438,
44803,2.83469,
44804,2.57491,
44805,2.9272,
44806,2.86428,
44807,3.08028,
44808,2.86232,
44809,2.77311,
44810,2.90601,
44811,2.83553,
44812,2.84115,
44813,2.85069,
44814,2.81421,
44815,2.95988,
44816,2.91891,
44817,2.96119,
44818,2.72504,
44819,2.81189,
44820,2.76432,
44821,2.94868,
44822,2.95487,
44823,2.95988,
44824,2.95926,
44825,3.11459,
44826,2.85334,
44827,2.96174,
44828,2.95629,
44829,2.76216,
44830,2.98579,
44831,3.00108,
44832,3.10683,
44833,2.89111,
44834,2.70793,
44835,2.72189,
44836,2.88596,
44837,2.7634,
44838,2.81881,
44839,2.65119,
44840,2.83124,
44841,3.03221,
44842,2.937,
44843,2.84135,
44844,2.98514,
44845,2.85221,
44846,2.94907,
44847,2.84431,
44848,2.99015,
44849,2.97989,
44850,3.04053,
44851,2.96865,
44852,3.00929,
44853,2.96868,
44854,2.88337,
44855,3.02062,
44856,2.68874,
44857,2.80585,
44858,3.0159,
44859,2.87874,
44860,2.94057,
44861,2.74153,
44862,2.84417,
44863,2.99311,
44864,2.75044,
44865,2.85268,
44866,2.76619,
44867,2.69984,
44868,2.8412,
44869,2.62977,
44870,2.76117,
44871,2.74722,
44872,2.89397,
44873,2.79455,
44874,2.93301,
44875,2.99538,
44876,2.93928,
44877,2.78872,
44878,2.84429,
44879,2.7275,
44880,2.77436,
44881,2.68365,
44882,2.99218,
44883,2.87815,
44884,2.90796,
44885,3.06227,
44886,2.9562,
44887,2.81114,
44888,2.93201,
44889,2.88552,
44890,2.94202,
44891,2.95203,
44892,3.04497,
44893,3.14481,
44894,3.01403,
44895,2.96801,
44896,2.96293,
44897,2.86696,
44898,2.88456,
44899,2.72708,
44900,2.81612,
44901,2.71318,
44902,2.92512,
44903,2.80859,
44904,3.00866,
44905,2.82514,
44906,2.96085,
44907,3.05029,
44908,3.04814,
44909,3.14368,
44910,2.87175,
44911,2.75961,
44912,2.97398,
44913,2.73782,
44914,2.97879,
44915,2.85032,
44916,3.05224,
44917,3.12217,
44918,3.09603,
44919,2.86184,
44920,3.04673,
44921,2.94937,
44922,2.95994,
44923,2.93482,
44924,3.03548,
44925,2.79011,
44926,3.07157,
44927,2.6494,
44928,3.01852,
44929,3.01875,
44930,3.14236,
44931,2.92409,
44932,3.02989,
44933,3.05751,
44934,2.85129,
44935,2.99902,
44936,2.77229,
44937,2.86128,
44938,2.89189,
44939,3.12536,
44940,3.10148,
44941,2.71337,
44942,2.94539,
44943,2.86419,
44944,3.00392,
44945,2.98232,
44946,3.17765,
44947,2.97879,
44948,2.90214,
44949,3.01638,
44950,3.04715,
44951,2.85868,
44952,2.83921,
44953,2.84778,
44954,2.903,
44955,3.04506,
44956,3.06837,
44957,2.99737,
44958,2.93254,
44959,2.92168,
44960,2.7517,
44961,3.00189,
44962,2.85888,
44963,2.96978,
44964,2.92877,
44965,2.94221,
44966,2.9088,
44967,3.03357,
44968,3.00962,
44969,2.8904,
44970,2.93613,
44971,3.07039,
44972,2.77404,
44973,3.13341,
44974,2.98551,
44975,2.86865,
44976,2.83919,
44977,2.96974,
44978,2.9727,
44979,2.86552,
44980,2.83615,
44981,3.03615,
44982,2.80723,
44983,2.80191,
44984,2.91735,
44985,2.79018,
44986,2.75871,
44987,3.03604,
44988,3.02721,
44989,2.85604,
44990,2.8315,
44991,2.81549,
44992,2.98079,
44993,3.02263,
44994,2.65313,
44995,2.89867,
44996,2.88376,
44997,2.98664,
44998,2.98946,
44999,3.03554,
45000,2.82957,
45001,2.84565,
45002,2.93306,
45003,2.65587,
45004,2.72942,
45005,3.10423,
45006,2.85926,
45007,2.94151,
45008,2.73449,
45009,2.74151,
45010,2.95141,
45011,2.87283,
45012,2.74411,
45013,3.0184,
45014,2.92538,
45015,2.73903,
45016,2.84518,
45017,2.76202,
45018,2.87707,
45019,2.77077,
45020,2.74401,
45021,2.94255,
45022,2.86561,
45023,3.04481,
45024,3.09718,
45025,2.95038,
45026,3.07085,
45027,2.78915,
45028,2.92775,
45029,3.0419,
45030,2.99318,
45031,3.0891,
45032,3.17793,
45033,3.2461,
45034,4.06129,
45035,2.9635,
45036,2.95817,
45037,2.98673,
45038,2.95352,
45039,2.89076,
45040,3.01813,
45041,2.92388,
45042,2.99781,
45043,2.89685,
45044,3.49306,
45045,2.99776,
45046,2.97804,
45047,2.65761,
45048,2.79098,
45049,3.05532,
45050,3.00912,
45051,3.09413,
45052,3.22704,
45053,3.0799,
45054,2.9022,
45055,2.96663,
45056,2.87732,
45057,3.11522,
45058,2.88524,
45059,2.91501,
45060,3.089,
45061,3.04566,
45062,2.96456,
45063,2.77916,
45064,2.81367,
45065,2.84123,
45066,2.87536,
45067,2.84421,
45068,2.63326,
45069,3.04791,
45070,2.9027,
45071,2.73562,
45072,2.7583,
45073,2.85205,
45074,2.91129,
45075,2.93281,
45076,2.86443,
45077,2.98491,
45078,2.6659,
45079,2.87422,
45080,2.63498,
45081,2.96752,
45082,2.84896,
45083,2.83373,
45084,2.75768,
45085,2.87422,
45086,2.84912,
45087,2.80715,
45088,2.76238,
45089,2.71634,
45090,2.87084,
45091,2.81663,
45092,2.5679,
45093,2.6593,
45094,2.69213,
45095,2.856,
45096,2.86922,
45097,2.81729,
45098,2.83227,
45099,2.91525,
45100,2.94024,
45101,2.68321,
45102,3.00742,
45103,2.8632,
45104,2.8676,
45105,2.84121,
45106,3.01319,
45107,3.09769,
45108,3.01925,
45109,2.83102,
45110,2.7854,
45111,3.13436,
45112,2.96015,
45113,2.98661,
45114,2.91748,
45115,2.79171,
45116,2.80875,
45117,2.96665,
45118,2.51597,
45119,2.64148,
45120,2.508,
45121,2.72241,
45122,2.86128,
45123,2.97732,
45124,2.94828,
45125,2.91577,
45126,2.89704,
45127,2.71491,
45128,2.82406,
45129,2.86512,
45130,3.05225,
45131,2.86452,
45132,2.80767,
45133,2.43051,
45134,2.50206,
45135,2.95446,
45136,2.68361,
45137,2.88249,
45138,2.62446,
45139,2.79513,
45140,2.65468,
45141,2.66517,
45142,2.68728,
45143,2.71422,
45144,2.65985,
45145,2.67133,
45146,2.70989,
45147,2.92768,
45148,2.60451,
45149,2.85752,
45150,2.76557,
45151,3.06657,
45152,3.04181,
45153,3.0191,
45154,3.08845,
45155,3.05178,
45156,2.98398,
45157,2.79691,
45158,2.61973,
45159,2.92862,
45160,2.77399,
45161,2.82102,
45162,3.00035,
45163,2.89647,
45164,2.96945,
45165,2.89393,
45166,2.83993,
45167,2.7732,
45168,2.8786,
45169,2.99711,
45170,2.96153,
45171,2.91709,
45172,2.8565,
45173,2.76077,
45174,3.07545,
45175,2.75545,
45176,2.77219,
45177,2.89723,
45178,2.93436,
45179,2.81985,
45180,3.17778,
45181,3.0518,
45182,3.01847,
45183,2.85012,
45184,3.03647,
45185,2.988,
45186,2.88817,
45187,2.97213,
45188,2.90037,
45189,2.91045,
45190,2.92298,
45191,2.96201,
45192,2.88351,
45193,2.7354,
45194,2.95732,
45195,2.84557,
45196,2.81885,
45197,2.5642,
45198,2.71384,
45199,2.54654,
45200,2.78899,
45201,2.88819,
45202,2.63897,
45203,2.71782,
45204,2.71098,
45205,2.89172,
45206,2.77198,
45207,2.83556,
45208,2.60539,
45209,2.86319,
45210,2.93118,
45211,2.91788,
45212,2.89449,
45213,2.96036,
45214,2.89781,
45215,3.0288,
45216,2.9973,
45217,2.95793,
45218,3.03842,
45219,2.89981,
45220,2.8849,
45221,2.64705,
45222,2.91613,
45223,2.87045,
45224,2.97516,
45225,2.89732,
45226,2.75973,
45227,2.86568,
45228,2.78304,
45229,2.87132,
45230,2.95852,
45231,3.04778,
45232,2.83909,
45233,2.8055,
45234,2.75229,
45235,2.985,
45236,2.9974,
45237,3.02278,
45238,2.85705,
45239,3.02586,
45240,2.83601,
45241,2.93093,
45242,3.13612,
45243,2.89579,
45244,2.78917,
45245,2.73783,
45246,3.00284,
45247,3.00885,
45248,2.91516,
45249,2.95296,
45250,2.90548,
45251,3.10517,
45252,3.02854,
45253,3.22664,
45254,2.85133,
45255,2.91502,
45256,2.70053,
45257,2.85126,
45258,2.85257,
45259,2.86254,
45260,2.84379,
45261,3.04697,
45262,2.97567,
45263,2.85886,
45264,2.68679,
45265,2.77825,
45266,2.83196,
45267,2.88052,
45268,2.84738,
45269,3.01183,
45270,3.04247,
45271,3.06211,
45272,2.9322,
45273,2.84428,
45274,3.009,
45275,2.73091,
45276,3.07453,
45277,3.1232,
45278,3.0335,
45279,3.0748,
45280,3.25318,
45281,3.36241,
45282,2.98148,
45283,3.02911,
45284,3.05512,
45285,3.15472,
45286,3.25461,
45287,3.04643,
45288,2.95483,
45289,2.9275,
45290,2.86385,
45291,2.98984,
45292,2.9589,
45293,2.96252,
45294,2.91459,
45295,2.80149,
45296,2.95779,
45297,3.31247,
45298,3.32725,
45299,3.30805,
45300,3.28214,
45301,3.28869,
45302,3.31616,
45303,3.29666,
45304,3.20155,
45305,3.28961,
45306,3.33442,
45307,3.2835,
45308,3.28396,
45309,3.27304,
45310,3.2022,
45311,3.27488,
45312,3.31908,
45313,3.30592,
45314,3.2121,
45315,3.15495,
45316,2.91947,
45317,3.1409,
45318,2.94354,
45319,2.9118,
45320,2.97167,
45321,2.96012,
45322,2.82721,
45323,2.97076,
45324,2.85194,
45325,2.92537,
45326,2.93166,
45327,2.7938,
45328,2.69958,
45329,2.99,
45330,3.16231,
45331,3.04405,
45332,2.77012,
45333,2.93839,
45334,2.97779,
45335,2.89256,
45336,2.91704,
45337,2.97296,
45338,2.81299,
45339,2.86663,
45340,2.77145,
45341,2.7355,
45342,3.04228,
45343,2.93125,
45344,2.88603,
45345,2.904,
45346,2.82814,
45347,2.79039,
45348,2.73589,
45349,2.80024,
45350,2.94717,
45351,2.83316,
45352,2.75226,
45353,2.98252,
45354,2.92422,
45355,2.84647,
45356,2.85452,
45357,2.68806,
45358,2.7201,
45359,2.94301,
45360,2.65509,
45361,2.72704,
45362,2.7959,
45363,2.87178,
45364,2.73782,
45365,2.76428,
45366,2.82957,
45367,2.70894,
45368,2.72278,
45369,2.79959,
45370,2.86651,
45371,2.89977,
45372,2.91202,
45373,2.71748,
45374,2.95171,
45375,2.72937,
45376,2.89917,
45377,2.84028,
45378,2.8541,
45379,3.03946,
45380,2.81515,
45381,2.76701,
45382,2.93336,
45383,2.76678,
45384,2.67403,
45385,2.80241,
45386,3.02214,
45387,2.6341,
45388,2.66794,
45389,2.88372,
45390,2.68129,
45391,2.81302,
45392,2.78911,
45393,2.67363,
45394,2.67086,
45395,2.91296,
45396,2.87149,
45397,2.93021,
45398,2.80847,
45399,3.02838,
45400,2.91251,
45401,3.03544,
45402,2.91107,
45403,2.84234,
45404,2.95824,
45405,2.91433,
45406,2.95584,
45407,2.90505,
45408,2.89406,
45409,2.89754,
45410,2.618,
45411,2.82402,
45412,2.88634,
45413,2.92327,
45414,2.92051,
45415,2.62645,
45416,2.84571,
45417,2.89579,
45418,2.78783,
45419,2.56541,
45420,2.68962,
45421,2.76847,
45422,2.73972,
45423,2.79517,
45424,2.56255,
45425,2.67402,
45426,2.61765,
45427,2.7835,
45428,2.89451,
45429,3.07028,
45430,3.12573,
45431,2.97389,
45432,2.9085,
45433,3.07762,
45434,3.09775,
45435,2.8024,
45436,2.95931,
45437,2.86493,
45438,2.88308,
45439,2.82123,
45440,3.11688,
45441,2.93122,
45442,2.87063,
45443,3.02293,
45444,2.98033,
45445,2.86744,
45446,3.03962,
45447,2.81809,
45448,2.99552,
45449,3.0023,
45450,2.8875,
45451,2.84811,
45452,2.90724,
45453,2.6793,
45454,3.00433,
45455,2.94801,
45456,2.84464,
45457,2.94703,
45458,2.84722,
45459,2.91477,
45460,3.05893,
45461,2.96026,
45462,2.89724,
45463,2.88228,
45464,2.93533,
45465,2.73951,
45466,2.88136,
45467,2.90861,
45468,3.02985,
45469,2.79267,
45470,2.91217,
45471,2.80752,
45472,2.97792,
45473,2.94181,
45474,2.96266,
45475,2.72105,
45476,2.92829,
45477,2.82738,
45478,2.70947,
45479,2.90874,
45480,2.97349,
45481,2.9194,
45482,2.63761,
45483,2.82593,
45484,2.88445,
45485,2.8432,
45486,2.81313,
45487,2.71973,
45488,2.77624,
45489,2.72041,
45490,2.88437,
45491,2.58215,
45492,2.62856,
45493,2.70146,
45494,2.76723,
45495,2.85392,
45496,2.7128,
45497,2.56921,
45498,2.71328,
45499,2.68531,
45500,2.76792,
45501,2.65126,
45502,2.70961,
45503,2.912,
45504,2.82029,
45505,2.8623,
45506,2.60948,
45507,2.76904,
45508,2.68218,
45509,2.76968,
45510,2.89784,
45511,2.60281,
45512,2.7305,
45513,2.61494,
45514,2.57692,
45515,2.76072,
45516,2.73838,
45517,2.75226,
45518,2.68599,
45519,2.87959,
45520,2.71695,
45521,2.73505,
45522,2.93557,
45523,2.95287,
45524,2.88339,
45525,2.91023,
45526,3.17153,
45527,2.94264,
45528,2.85258,
45529,3.04866,
45530,2.87969,
45531,2.99641,
45532,3.05004,
45533,2.92683,
45534,2.9331,
45535,2.94155,
45536,2.72249,
45537,2.95515,
45538,2.94574,
45539,2.76834,
45540,2.8974,
45541,2.85567,
45542,2.67752,
45543,2.86219,
45544,2.87012,
45545,2.72735,
45546,2.80745,
45547,2.85275,
45548,3.00305,
45549,2.80171,
45550,2.91589,
45551,2.81106,
45552,3.13007,
45553,3.17782,
45554,3.16698,
45555,3.16356,
45556,3.25555,
45557,3.13522,
45558,3.11599,
45559,3.25955,
45560,3.11059,
45561,3.17906,
45562,3.21686,
45563,3.18422,
45564,3.07278,
45565,3.23774,
45566,3.19143,
45567,3.21082,
45568,3.23675,
45569,3.12559,
45570,3.14925,
45571,3.09137,
45572,3.17455,
45573,2.88107,
45574,3.12813,
45575,2.57982,
45576,2.66656,
45577,2.61888,
45578,2.48924,
45579,2.58119,
45580,2.4835,
45581,2.83092,
45582,2.40381,
45583,2.62875,
45584,2.56304,
45585,2.71658,
45586,2.66551,
45587,2.48468,
45588,2.53795,
45589,2.71995,
45590,2.82638,
45591,2.82563,
45592,2.58611,
45593,2.51379,
45594,3.00343,
45595,3.07475,
45596,2.96205,
45597,3.05916,
45598,3.00067,
45599,2.99534,
45600,2.91691,
45601,2.74221,
45602,2.87892,
45603,3.04571,
45604,2.88963,
45605,2.97621,
45606,3.09977,
45607,3.10456,
45608,2.98811,
45609,2.91337,
45610,2.72893,
45611,2.94553,
45612,2.89218,
45613,2.85619,
45614,2.66712,
45615,2.70068,
45616,2.6423,
45617,2.80222,
45618,2.88936,
45619,2.79532,
45620,2.8304,
45621,2.76913,
45622,2.84064,
45623,2.80092,
45624,2.96673,
45625,2.77145,
45626,2.75362,
45627,2.88178,
45628,2.66536,
45629,2.70788,
45630,2.71995,
45631,2.85139,
45632,2.99946,
45633,2.91677,
45634,2.70691,
45635,2.65461,
45636,2.56249,
45637,2.52801,
45638,2.5719,
45639,2.57677,
45640,2.83055,
45641,2.5902,
45642,2.61153,
45643,2.65469,
45644,2.80668,
45645,2.81134,
45646,2.94598,
45647,2.66043,
45648,3.06417,
45649,2.85269,
45650,3.05255,
45651,3.08712,
45652,2.90967,
45653,3.05114,
45654,2.92043,
45655,2.85249,
45656,2.97431,
45657,2.91652,
45658,2.80871,
45659,2.68837,
45660,2.67591,
45661,2.81991,
45662,2.76912,
45663,2.89532,
45664,2.93747,
45665,2.79546,
45666,2.92344,
45667,2.72963,
45668,2.96846,
45669,2.90458,
45670,2.75431,
45671,2.65042,
45672,2.91924,
45673,2.6357,
45674,2.70376,
45675,2.64821,
45676,2.50266,
45677,2.58077,
45678,2.66463,
45679,2.98816,
45680,2.98315,
45681,3.15121,
45682,3.19049,
45683,3.14031,
45684,3.04373,
45685,2.78573,
45686,2.88961,
45687,2.85375,
45688,3.02092,
45689,3.24394,
45690,2.94297,
45691,3.01405,
45692,2.84799,
45693,2.84888,
45694,3.12624,
45695,3.12812,
45696,3.16016,
45697,3.01065,
45698,3.25207,
45699,2.90726,
45700,2.98768,
45701,2.88082,
45702,2.9328,
45703,2.75577,
45704,2.84354,
45705,2.74652,
45706,2.71273,
45707,2.96775,
45708,2.64589,
45709,2.77314,
45710,2.85975,
45711,2.89436,
45712,2.92369,
45713,2.80155,
45714,2.8679,
45715,2.77088,
45716,2.72276,
45717,2.65569,
45718,2.71251,
45719,2.82709,
45720,2.55662,
45721,2.66549,
45722,2.86733,
45723,2.75761,
45724,3.0781,
45725,3.13353,
45726,3.10789,
45727,3.20173,
45728,3.09537,
45729,3.03282,
45730,2.87823,
45731,2.99027,
45732,2.79576,
45733,2.81085,
45734,2.73536,
45735,2.76827,
45736,3.08631,
45737,3.07,
45738,2.92777,
45739,3.07169,
45740,3.06917,
45741,2.8191,
45742,2.82429,
45743,2.89206,
45744,2.7225,
45745,2.87068,
45746,3.01055,
45747,2.98464,
45748,3.05968,
45749,3.1709,
45750,3.16916,
45751,2.70626,
45752,2.80776,
45753,3.00359,
45754,3.03239,
45755,2.92216,
45756,2.93129,
45757,3.1147,
45758,3.05002,
45759,3.14289,
45760,2.94424,
45761,2.89261,
45762,3.06994,
45763,2.74503,
45764,2.98283,
45765,2.98597,
45766,2.93237,
45767,2.90454,
45768,2.94958,
45769,3.14513,
45770,2.98775,
45771,3.04738,
45772,2.97221,
45773,3.12227,
45774,3.02903,
45775,3.00362,
45776,2.90906,
45777,2.96142,
45778,2.9638,
45779,2.81699,
45780,2.88815,
45781,2.81464,
45782,2.93563,
45783,2.92523,
45784,2.98986,
45785,2.70993,
45786,2.88479,
45787,2.95182,
45788,2.88198,
45789,2.73199,
45790,2.74765,
45791,2.99789,
45792,2.78432,
45793,2.98748,
45794,1.95352,
45795,2.99248,
45796,2.95616,
45797,3.06374,
45798,3.17728,
45799,3.41144,
45800,3.03594,
45801,3.08254,
45802,2.99182,
45803,3.11729,
45804,3.11805,
45805,3.13784,
45806,3.04706,
45807,2.88861,
45808,2.98543,
45809,2.97513,
45810,3.12259,
45811,2.90952,
45812,3.0231,
45813,3.10081,
45814,3.02406,
45815,3.00414,
45816,2.8989,
45817,2.92376,
45818,3.00071,
45819,3.01174,
45820,2.97373,
45821,2.98718,
45822,2.81828,
45823,3.11922,
45824,3.08773,
45825,2.85985,
45826,2.96391,
45827,2.80261,
45828,2.76758,
45829,2.7601,
45830,2.61978,
45831,2.9352,
45832,2.82509,
45833,2.74113,
45834,2.86127,
45835,2.97636,
45836,2.81804,
45837,2.77258,
45838,2.8266,
45839,2.76747,
45840,2.93429,
45841,2.78231,
45842,2.87951,
45843,3.00282,
45844,2.86942,
45845,2.95235,
45846,2.88303,
45847,2.79518,
45848,2.82083,
45849,2.85395,
45850,3.0108,
45851,2.88732,
45852,2.89334,
45853,2.90043,
45854,2.99116,
45855,2.82092,
45856,2.65674,
45857,2.81525,
45858,2.74831,
45859,2.89994,
45860,2.88933,
45861,2.63381,
45862,2.97108,
45863,3.06057,
45864,2.9488,
45865,2.87245,
45866,2.76595,
45867,3.04666,
45868,2.82655,
45869,2.59418,
45870,2.90645,
45871,2.85975,
45872,3.0889,
45873,2.87048,
45874,2.79302,
45875,2.91581,
45876,2.83605,
45877,2.82679,
45878,2.86394,
45879,2.81328,
45880,2.95109,
45881,2.92094,
45882,2.95744,
45883,2.72909,
45884,2.81616,
45885,2.76591,
45886,2.9461,
45887,2.95109,
45888,2.93754,
45889,2.95569,
45890,3.09976,
45891,2.84877,
45892,2.94056,
45893,2.97547,
45894,2.76373,
45895,2.98518,
45896,3.01696,
45897,3.09085,
45898,2.89097,
45899,2.71894,
45900,2.7212,
45901,2.89645,
45902,2.76136,
45903,2.8092,
45904,2.66786,
45905,2.84303,
45906,3.04006,
45907,2.93491,
45908,2.84488,
45909,2.98093,
45910,2.84722,
45911,2.9684,
45912,2.84183,
45913,3.00023,
45914,2.98177,
45915,3.04733,
45916,2.97912,
45917,3.01544,
45918,2.95889,
45919,2.8849,
45920,3.02188,
45921,2.68658,
45922,2.82302,
45923,3.02456,
45924,2.87908,
45925,2.94239,
45926,2.74725,
45927,2.85355,
45928,3.00483,
45929,2.75226,
45930,2.84836,
45931,2.77817,
45932,2.67936,
45933,2.83688,
45934,2.62653,
45935,2.76986,
45936,2.74998,
45937,2.90946,
45938,2.79661,
45939,2.93272,
45940,2.98342,
45941,2.93616,
45942,2.77653,
45943,2.83942,
45944,2.71954,
45945,2.7674,
45946,2.6784,
45947,2.9892,
45948,2.87684,
45949,2.89806,
45950,3.03725,
45951,2.95107,
45952,2.80768,
45953,2.93203,
45954,2.89435,
45955,2.94031,
45956,2.97254,
45957,3.0584,
45958,3.13794,
45959,3.00682,
45960,2.96643,
45961,2.97128,
45962,2.86897,
45963,2.8702,
45964,2.72138,
45965,2.81165,
45966,2.7073,
45967,2.91696,
45968,2.8199,
45969,3.00125,
45970,2.81781,
45971,2.97253,
45972,3.0613,
45973,3.03872,
45974,3.14279,
45975,2.86895,
45976,2.75958,
45977,2.98901,
45978,2.72861,
45979,2.992,
45980,2.8416,
45981,3.05255,
45982,3.11451,
45983,3.10013,
45984,2.83868,
45985,3.0412,
45986,2.93204,
45987,2.96206,
45988,2.92194,
45989,3.03941,
45990,2.79107,
45991,3.07548,
45992,2.64479,
45993,3.0367,
45994,3.03767,
45995,3.15886,
45996,2.92881,
45997,3.03836,
45998,3.04622,
45999,2.84111,
46000,3.00263,
46001,2.78745,
46002,2.85433,
46003,2.90753,
46004,3.13798,
46005,3.09984,
46006,2.7273,
46007,2.95445,
46008,2.85965,
46009,2.99994,
46010,2.99247,
46011,3.16821,
46012,2.98551,
46013,2.90366,
46014,3.01441,
46015,3.04946,
46016,2.86841,
46017,2.81505,
46018,2.84549,
46019,2.89075,
46020,3.05728,
46021,3.07103,
46022,2.9825,
46023,2.92905,
46024,2.9167,
46025,2.74481,
46026,2.98757,
46027,2.85886,
46028,2.96201,
46029,2.93293,
46030,2.94616,
46031,2.91326,
46032,3.04259,
46033,3.0241,
46034,2.88557,
46035,2.94627,
46036,3.06613,
46037,2.77691,
46038,3.12691,
46039,2.99762,
46040,2.86903,
46041,2.82451,
46042,2.98677,
46043,2.97122,
46044,2.86459,
46045,2.82437,
46046,3.02895,
46047,2.79281,
46048,2.82349,
46049,2.91014,
46050,2.78464,
46051,2.75279,
46052,3.02814,
46053,3.01616,
46054,2.84902,
46055,2.83438,
46056,2.81414,
46057,2.97217,
46058,3.02016,
46059,2.65236,
46060,2.8878,
46061,2.8876,
46062,2.96991,
46063,2.98517,
46064,3.03355,
46065,2.83644,
46066,2.8485,
46067,2.94358,
46068,2.65419,
46069,2.73067,
46070,3.11127,
46071,2.86435,
46072,2.9381,
46073,2.71901,
46074,2.72547,
46075,2.95443,
46076,2.86635,
46077,2.71541,
46078,3.02222,
46079,2.92891,
46080,2.7342,
46081,2.8412,
46082,2.75855,
46083,2.87212,
46084,2.76802,
46085,2.73885,
46086,2.94856,
46087,2.84511,
46088,3.05473,
46089,3.08563,
46090,2.95033,
46091,3.08518,
46092,2.78068,
46093,2.90695,
46094,3.02557,
46095,2.98558,
46096,3.08198,
46097,3.17422,
46098,3.24663,
46099,4.05996,
46100,2.96944,
46101,2.96695,
46102,3.01108,
46103,2.95725,
46104,2.89113,
46105,3.02112,
46106,2.91807,
46107,2.98193,
46108,2.89644,
46109,3.48759,
46110,2.99269,
46111,2.98053,
46112,2.65632,
46113,2.77824,
46114,3.05672,
46115,3.0115,
46116,3.08785,
46117,3.23296,
46118,3.06993,
46119,2.91201,
46120,2.95297,
46121,2.89513,
46122,3.11262,
46123,2.87416,
46124,2.90984,
46125,3.08166,
46126,3.0442,
46127,2.96829,
46128,2.77717,
46129,2.80694,
46130,2.84774,
46131,2.88156,
46132,2.8231,
46133,2.63165,
46134,3.05217,
46135,2.89845,
46136,2.74404,
46137,2.76659,
46138,2.85013,
46139,2.90728,
46140,2.93244,
46141,2.86408,
46142,2.98579,
46143,2.67265,
46144,2.85961,
46145,2.63198,
46146,2.97373,
46147,2.84216,
46148,2.83134,
46149,2.74711,
46150,2.88399,
46151,2.84758,
46152,2.80905,
46153,2.75255,
46154,2.72508,
46155,2.8944,
46156,2.81485,
46157,2.5766,
46158,2.66678,
46159,2.69193,
46160,2.8662,
46161,2.86606,
46162,2.81245,
46163,2.83709,
46164,2.90116,
46165,2.94653,
46166,2.6909,
46167,3.00886,
46168,2.85831,
46169,2.8797,
46170,2.84638,
46171,3.02219,
46172,3.10598,
46173,3.01655,
46174,2.82099,
46175,2.77148,
46176,3.12262,
46177,2.9562,
46178,2.9813,
46179,2.92581,
46180,2.80408,
46181,2.79774,
46182,2.96233,
46183,2.525,
46184,2.66078,
46185,2.50707,
46186,2.72337,
46187,2.86762,
46188,2.97603,
46189,2.94479,
46190,2.93084,
46191,2.90367,
46192,2.71963,
46193,2.82523,
46194,2.87149,
46195,3.03954,
46196,2.86432,
46197,2.80879,
46198,2.44244,
46199,2.50501,
46200,2.95595,
46201,2.69444,
46202,2.87299,
46203,2.63866,
46204,2.79674,
46205,2.65895,
46206,2.67329,
46207,2.68429,
46208,2.72785,
46209,2.65952,
46210,2.66681,
46211,2.70818,
46212,2.93373,
46213,2.61148,
46214,2.86371,
46215,2.75271,
46216,3.0616,
46217,3.03442,
46218,3.02187,
46219,3.08227,
46220,3.03547,
46221,2.98968,
46222,2.79773,
46223,2.6271,
46224,2.92594,
46225,2.76165,
46226,2.79811,
46227,2.99223,
46228,2.89246,
46229,2.95842,
46230,2.89462,
46231,2.8288,
46232,2.78375,
46233,2.88169,
46234,2.99485,
46235,2.95079,
46236,2.91801,
46237,2.85335,
46238,2.76628,
46239,3.07904,
46240,2.75521,
46241,2.77543,
46242,2.88197,
46243,2.91953,
46244,2.81934,
46245,3.17048,
46246,3.03797,
46247,3.00996,
46248,2.85199,
46249,3.0388,
46250,2.98208,
46251,2.89134,
46252,2.96727,
46253,2.90378,
46254,2.92073,
46255,2.91555,
46256,2.97744,
46257,2.89143,
46258,2.72281,
46259,2.9454,
46260,2.83574,
46261,2.82553,
46262,2.56075,
46263,2.72754,
46264,2.5548,
46265,2.78055,
46266,2.89617,
46267,2.62965,
46268,2.73113,
46269,2.71538,
46270,2.88138,
46271,2.77502,
46272,2.82463,
46273,2.5944,
46274,2.84807,
46275,2.94509,
46276,2.91959,
46277,2.88001,
46278,2.9557,
46279,2.88071,
46280,3.04093,
46281,2.98539,
46282,2.93856,
46283,3.04128,
46284,2.89076,
46285,2.88432,
46286,2.63843,
46287,2.91848,
46288,2.86929,
46289,2.96276,
46290,2.87815,
46291,2.74974,
46292,2.8506,
46293,2.77116,
46294,2.86359,
46295,2.97213,
46296,3.04287,
46297,2.84833,
46298,2.80191,
46299,2.74437,
46300,2.98536,
46301,2.99815,
46302,3.01328,
46303,2.86231,
46304,3.01269,
46305,2.83618,
46306,2.91632,
46307,3.13262,
46308,2.8872,
46309,2.78387,
46310,2.72954,
46311,3.00059,
46312,3.01939,
46313,2.92119,
46314,2.95624,
46315,2.90775,
46316,3.10405,
46317,3.01972,
46318,3.22617,
46319,2.8557,
46320,2.91672,
46321,2.69953,
46322,2.86233,
46323,2.85462,
46324,2.87143,
46325,2.84077,
46326,3.05137,
46327,2.96618,
46328,2.84646,
46329,2.69087,
46330,2.77341,
46331,2.85052,
46332,2.87682,
46333,2.85922,
46334,3.01477,
46335,3.03363,
46336,3.05766,
46337,2.92227,
46338,2.84997,
46339,3.01792,
46340,2.72549,
46341,3.04409,
46342,3.13915,
46343,3.01573,
46344,3.07641,
46345,3.24672,
46346,3.36025,
46347,2.97272,
46348,3.0157,
46349,3.04848,
46350,3.15443,
46351,3.251,
46352,3.0473,
46353,2.94412,
46354,2.92167,
46355,2.86787,
46356,2.99415,
46357,2.95859,
46358,2.95661,
46359,2.90244,
46360,2.80964,
46361,2.9656,
46362,3.29364,
46363,3.30843,
46364,3.28764,
46365,3.28668,
46366,3.28104,
46367,3.31282,
46368,3.28738,
46369,3.18778,
46370,3.29213,
46371,3.32321,
46372,3.28212,
46373,3.29783,
46374,3.2734,
46375,3.1861,
46376,3.27805,
46377,3.34108,
46378,3.30999,
46379,3.20643,
46380,3.16276,
46381,2.90823,
46382,3.14529,
46383,2.93526,
46384,2.91124,
46385,2.9739,
46386,2.94781,
46387,2.8303,
46388,2.96929,
46389,2.86069,
46390,2.93183,
46391,2.93325,
46392,2.78375,
46393,2.68756,
46394,2.98487,
46395,3.1655,
46396,3.03143,
46397,2.78184,
46398,2.93815,
46399,2.98892,
46400,2.902,
46401,2.90853,
46402,2.96415,
46403,2.82462,
46404,2.84792,
46405,2.75673,
46406,2.71382,
46407,3.0365,
46408,2.94299,
46409,2.88483,
46410,2.89224,
46411,2.82128,
46412,2.79118,
46413,2.72744,
46414,2.7998,
46415,2.94614,
46416,2.82217,
46417,2.76378,
46418,2.96981,
46419,2.93062,
46420,2.83253,
46421,2.84953,
46422,2.69179,
46423,2.70941,
46424,2.96088,
46425,2.65568,
46426,2.72036,
46427,2.79109,
46428,2.86642,
46429,2.73261,
46430,2.76127,
46431,2.84102,
46432,2.69435,
46433,2.7109,
46434,2.79068,
46435,2.86633,
46436,2.88609,
46437,2.90054,
46438,2.7228,
46439,2.95757,
46440,2.73093,
46441,2.89712,
46442,2.84443,
46443,2.85044,
46444,3.02867,
46445,2.82396,
46446,2.76362,
46447,2.9347,
46448,2.7721,
46449,2.68546,
46450,2.79156,
46451,3.04174,
46452,2.63496,
46453,2.66192,
46454,2.87818,
46455,2.68572,
46456,2.81907,
46457,2.79008,
46458,2.67277,
46459,2.66292,
46460,2.92458,
46461,2.86433,
46462,2.91784,
46463,2.79524,
46464,3.02322,
46465,2.91485,
46466,3.02337,
46467,2.90877,
46468,2.82883,
46469,2.94337,
46470,2.90776,
46471,2.94751,
46472,2.89789,
46473,2.90011,
46474,2.88112,
46475,2.61176,
46476,2.81312,
46477,2.88993,
46478,2.92157,
46479,2.9288,
46480,2.62598,
46481,2.82542,
46482,2.90804,
46483,2.80187,
46484,2.55526,
46485,2.69178,
46486,2.77555,
46487,2.74781,
46488,2.80098,
46489,2.55483,
46490,2.66676,
46491,2.62629,
46492,2.79408,
46493,2.90719,
46494,3.06272,
46495,3.1254,
46496,2.97135,
46497,2.90814,
46498,3.06721,
46499,3.09019,
46500,2.80357,
46501,2.9639,
46502,2.8456,
46503,2.88579,
46504,2.80278,
46505,3.11666,
46506,2.91759,
46507,2.86675,
46508,3.03628,
46509,2.98416,
46510,2.87654,
46511,3.04844,
46512,2.82166,
46513,3.00376,
46514,3.0066,
46515,2.89278,
46516,2.85066,
46517,2.89947,
46518,2.65928,
46519,2.98593,
46520,2.95098,
46521,2.84739,
46522,2.94178,
46523,2.85458,
46524,2.90761,
46525,3.0562,
46526,2.96082,
46527,2.89307,
46528,2.87645,
46529,2.91559,
46530,2.74515,
46531,2.88828,
46532,2.90831,
46533,3.04609,
46534,2.78608,
46535,2.90366,
46536,2.79461,
46537,2.97342,
46538,2.93855,
46539,2.96325,
46540,2.70883,
46541,2.93304,
46542,2.82429,
46543,2.72067,
46544,2.89087,
46545,2.97754,
46546,2.90998,
46547,2.6338,
46548,2.82746,
46549,2.8821,
46550,2.84516,
46551,2.81574,
46552,2.69794,
46553,2.77151,
46554,2.72276,
46555,2.87857,
46556,2.55744,
46557,2.60899,
46558,2.6853,
46559,2.76964,
46560,2.85597,
46561,2.72158,
46562,2.55057,
46563,2.71165,
46564,2.66851,
46565,2.77078,
46566,2.65693,
46567,2.70291,
46568,2.90551,
46569,2.82101,
46570,2.85676,
46571,2.60836,
46572,2.76908,
46573,2.68784,
46574,2.75823,
46575,2.89754,
46576,2.60736,
46577,2.72897,
46578,2.62729,
46579,2.57715,
46580,2.76098,
46581,2.7403,
46582,2.74758,
46583,2.68346,
46584,2.87422,
46585,2.71987,
46586,2.72553,
46587,2.93047,
46588,2.94781,
46589,2.87455,
46590,2.90297,
46591,3.16984,
46592,2.94931,
46593,2.85773,
46594,3.04394,
46595,2.87177,
46596,2.98756,
46597,3.04954,
46598,2.91507,
46599,2.92524,
46600,2.94458,
46601,2.72965,
46602,2.94809,
46603,2.9281,
46604,2.77071,
46605,2.88559,
46606,2.87511,
46607,2.68335,
46608,2.83736,
46609,2.87243,
46610,2.7297,
46611,2.79755,
46612,2.84556,
46613,2.9897,
46614,2.80206,
46615,2.90144,
46616,2.81222,
46617,3.13513,
46618,3.16645,
46619,3.16432,
46620,3.15942,
46621,3.25071,
46622,3.13296,
46623,3.11608,
46624,3.24958,
46625,3.10721,
46626,3.17891,
46627,3.22583,
46628,3.17422,
46629,3.07057,
46630,3.24056,
46631,3.2099,
46632,3.20104,
46633,3.23096,
46634,3.12199,
46635,3.16363,
46636,3.09644,
46637,3.17655,
46638,2.88836,
46639,3.11215,
46640,2.55415,
46641,2.66086,
46642,2.60454,
46643,2.48789,
46644,2.58604,
46645,2.48148,
46646,2.82521,
46647,2.40059,
46648,2.62446,
46649,2.56258,
46650,2.69782,
46651,2.66159,
46652,2.48371,
46653,2.54526,
46654,2.72049,
46655,2.82601,
46656,2.84431,
46657,2.59246,
46658,2.52104,
46659,2.98906,
46660,3.07966,
46661,2.96197,
46662,3.04436,
46663,3.00389,
46664,2.99485,
46665,2.90874,
46666,2.72911,
46667,2.87145,
46668,3.047,
46669,2.89798,
46670,2.96509,
46671,3.09673,
46672,3.10563,
46673,2.98622,
46674,2.92564,
46675,2.72409,
46676,2.95468,
46677,2.89055,
46678,2.84683,
46679,2.64981,
46680,2.69622,
46681,2.63063,
46682,2.79896,
46683,2.88403,
46684,2.78574,
46685,2.81792,
46686,2.75886,
46687,2.85164,
46688,2.79578,
46689,2.97975,
46690,2.76011,
46691,2.74686,
46692,2.87721,
46693,2.66176,
46694,2.69545,
46695,2.73248,
46696,2.84534,
46697,2.99844,
46698,2.91571,
46699,2.71317,
46700,2.65568,
46701,2.57527,
46702,2.52448,
46703,2.58017,
46704,2.58045,
46705,2.82554,
46706,2.58924,
46707,2.60699,
46708,2.65689,
46709,2.80751,
46710,2.81204,
46711,2.94332,
46712,2.65445,
46713,3.0603,
46714,2.84892,
46715,3.04626,
46716,3.08432,
46717,2.90308,
46718,3.04555,
46719,2.91595,
46720,2.86436,
46721,2.98116,
46722,2.92059,
46723,2.79521,
46724,2.69246,
46725,2.67042,
46726,2.81099,
46727,2.75939,
46728,2.89903,
46729,2.93212,
46730,2.79957,
46731,2.92951,
46732,2.72465,
46733,2.95731,
46734,2.89704,
46735,2.74182,
46736,2.64698,
46737,2.91398,
46738,2.64732,
46739,2.70331,
46740,2.65727,
46741,2.49271,
46742,2.58522,
46743,2.66009,
46744,2.97513,
46745,2.97091,
46746,3.14171,
46747,3.18985,
46748,3.12645,
46749,3.04599,
46750,2.78547,
46751,2.86977,
46752,2.84632,
46753,2.9883,
46754,3.25146,
46755,2.93673,
46756,3.01606,
46757,2.84096,
46758,2.85162,
46759,3.10911,
46760,3.11878,
46761,3.15406,
46762,3.00985,
46763,3.2454,
46764,2.9157,
46765,2.9634,
46766,2.88129,
46767,2.9468,
46768,2.7444,
46769,2.8491,
46770,2.74148,
46771,2.71407,
46772,2.96666,
46773,2.64801,
46774,2.76065,
46775,2.86376,
46776,2.88529,
46777,2.92686,
46778,2.79608,
46779,2.86345,
46780,2.7775,
46781,2.71793,
46782,2.65504,
46783,2.70239,
46784,2.82287,
46785,2.55694,
46786,2.66954,
46787,2.87284,
46788,2.74973,
46789,3.067,
46790,3.12239,
46791,3.09644,
46792,3.19365,
46793,3.09186,
46794,3.03194,
46795,2.85828,
46796,2.98988,
46797,2.8015,
46798,2.81417,
46799,2.7366,
46800,2.76473,
46801,3.08438,
46802,3.08179,
46803,2.93218,
46804,3.07225,
46805,3.05929,
46806,2.81245,
46807,2.82761,
46808,2.89258,
46809,2.72332,
46810,2.86545,
46811,3.00858,
46812,2.9854,
46813,3.05315,
46814,3.15993,
46815,3.16838,
46816,2.70804,
46817,2.81233,
46818,3.00335,
46819,3.03497,
46820,2.9136,
46821,2.92916,
46822,3.11964,
46823,3.04185,
46824,3.13732,
46825,2.93177,
46826,2.89206,
46827,3.08427,
46828,2.76715,
46829,2.97885,
46830,3.00032,
46831,2.91568,
46832,2.89999,
46833,2.94769,
46834,3.14518,
46835,2.98971,
46836,3.04064,
46837,2.94208,
46838,3.11775,
46839,3.02127,
46840,2.9933,
46841,2.91103,
46842,2.94861,
46843,2.94127,
46844,2.81695,
46845,2.88444,
46846,2.81106,
46847,2.95018,
46848,2.92505,
46849,2.98647,
46850,2.71327,
46851,2.88008,
46852,2.93526,
46853,2.88166,
46854,2.73105,
46855,2.74308,
46856,2.99635,
46857,2.75093,
46858,2.97611,
46859,1.94693,
46860,2.98831,
46861,2.94518,
46862,3.06726,
46863,3.18437,
46864,3.39936,
46865,3.02537,
46866,3.08649,
46867,2.99086,
46868,3.11207,
46869,3.11205,
46870,3.13067,
46871,3.0431,
46872,2.88772,
46873,2.97279,
46874,2.9744,
46875,3.12059,
46876,2.89993,
46877,3.03378,
46878,3.09581,
46879,3.02201,
46880,2.99905,
46881,2.91053,
46882,2.92088,
46883,3.0076,
46884,2.99833,
46885,2.96911,
46886,2.98747,
46887,2.81953,
46888,3.1218,
46889,3.07828,
46890,2.86314,
46891,2.9656,
46892,2.8143,
46893,2.77555,
46894,2.74429,
46895,2.60186,
46896,2.93375,
46897,2.82848,
46898,2.73663,
46899,2.85748,
46900,2.98446,
46901,2.81502,
46902,2.77847,
46903,2.82557,
46904,2.77414,
46905,2.92531,
46906,2.79328,
46907,2.86913,
46908,3.01044,
46909,2.87045,
46910,2.949,
46911,2.87369,
46912,2.78159,
46913,2.81514,
46914,2.84714,
46915,3.01625,
46916,2.88775,
46917,2.88078,
46918,2.90133,
46919,2.98848,
46920,2.83033,
46921,2.65791,
46922,2.8146,
46923,2.74259,
46924,2.9001,
46925,2.90231,
46926,2.63875,
46927,2.96288,
46928,3.0641,
46929,2.94397,
46930,2.86655,
46931,2.77056,
46932,3.04878,
46933,2.83229,
46934,2.57975,
46935,2.90663,
46936,2.8706,
46937,3.08851,
46938,2.86679,
46939,2.78694,
46940,2.91475,
46941,2.83192,
46942,2.83001,
46943,2.8515,
46944,2.81734,
46945,2.94514,
46946,2.92216,
46947,2.95147,
46948,2.71984,
46949,2.79513,
46950,2.76793,
46951,2.9408,
46952,2.94097,
46953,2.94224,
46954,2.97256,
46955,3.10332,
46956,2.84396,
46957,2.9408,
46958,2.95531,
46959,2.76183,
46960,2.99,
46961,2.99286,
46962,3.08732,
46963,2.88196,
46964,2.71541,
46965,2.7211,
46966,2.89088,
46967,2.75429,
46968,2.81108,
46969,2.66966,
46970,2.83714,
46971,3.02107,
46972,2.92961,
46973,2.86361,
46974,2.99157,
46975,2.84144,
46976,2.95377,
46977,2.84997,
46978,2.98293,
46979,2.97223,
46980,3.03674,
46981,2.97221,
46982,3.01856,
46983,2.94977,
46984,2.88332,
46985,3.01118,
46986,2.69994,
46987,2.80581,
46988,3.01628,
46989,2.87001,
46990,2.94126,
46991,2.74274,
46992,2.84575,
46993,2.99327,
46994,2.75628,
46995,2.85928,
46996,2.76685,
46997,2.67791,
46998,2.83239,
46999,2.62999,
47000,2.77538,
47001,2.75314,
47002,2.9025,
47003,2.79835,
47004,2.92713,
47005,2.98007,
47006,2.93176,
47007,2.77775,
47008,2.83802,
47009,2.72082,
47010,2.76689,
47011,2.67133,
47012,2.99355,
47013,2.87121,
47014,2.92544,
47015,3.04999,
47016,2.96809,
47017,2.82169,
47018,2.92772,
47019,2.87829,
47020,2.96007,
47021,2.98202,
47022,3.0541,
47023,3.15295,
47024,3.00744,
47025,2.95216,
47026,2.95031,
47027,2.87079,
47028,2.87452,
47029,2.71263,
47030,2.82311,
47031,2.69872,
47032,2.91198,
47033,2.81307,
47034,3.01467,
47035,2.82242,
47036,2.96593,
47037,3.0649,
47038,3.03768,
47039,3.13281,
47040,2.88187,
47041,2.77609,
47042,2.98617,
47043,2.73245,
47044,2.97871,
47045,2.85184,
47046,3.03507,
47047,3.11187,
47048,3.07897,
47049,2.82792,
47050,3.03213,
47051,2.9345,
47052,2.94299,
47053,2.92707,
47054,3.03688,
47055,2.78381,
47056,3.06557,
47057,2.6431,
47058,3.02415,
47059,3.01022,
47060,3.13628,
47061,2.92108,
47062,3.02589,
47063,3.05928,
47064,2.83837,
47065,3.0018,
47066,2.78102,
47067,2.8779,
47068,2.89418,
47069,3.13149,
47070,3.10456,
47071,2.72506,
47072,2.93812,
47073,2.86675,
47074,3.00224,
47075,2.98456,
47076,3.17722,
47077,2.98778,
47078,2.90232,
47079,3.02118,
47080,3.04734,
47081,2.8625,
47082,2.82471,
47083,2.8408,
47084,2.89591,
47085,3.04636,
47086,3.05455,
47087,2.97482,
47088,2.9282,
47089,2.91129,
47090,2.73025,
47091,2.99093,
47092,2.85851,
47093,2.9592,
47094,2.9204,
47095,2.93521,
47096,2.90313,
47097,3.02658,
47098,3.00888,
47099,2.88479,
47100,2.92714,
47101,3.06999,
47102,2.77017,
47103,3.12126,
47104,2.98486,
47105,2.87356,
47106,2.82583,
47107,2.96247,
47108,2.98266,
47109,2.85711,
47110,2.81605,
47111,3.0266,
47112,2.78228,
47113,2.80217,
47114,2.90941,
47115,2.78783,
47116,2.74539,
47117,3.02966,
47118,3.01875,
47119,2.84892,
47120,2.82694,
47121,2.8043,
47122,2.96301,
47123,3.02505,
47124,2.6624,
47125,2.90627,
47126,2.88035,
47127,2.9638,
47128,2.96963,
47129,3.02055,
47130,2.83463,
47131,2.86107,
47132,2.9438,
47133,2.64611,
47134,2.71645,
47135,3.09884,
47136,2.84487,
47137,2.94274,
47138,2.7108,
47139,2.72152,
47140,2.95601,
47141,2.86109,
47142,2.71782,
47143,3.02501,
47144,2.92349,
47145,2.72339,
47146,2.83343,
47147,2.75619,
47148,2.87381,
47149,2.7787,
47150,2.74896,
47151,2.93609,
47152,2.84362,
47153,3.04705,
47154,3.07703,
47155,2.94393,
47156,3.07123,
47157,2.7881,
47158,2.91777,
47159,3.02885,
47160,2.9854,
47161,3.08291,
47162,3.18001,
47163,3.24698,
47164,4.05058,
47165,2.96983,
47166,2.96497,
47167,3.00064,
47168,2.9542,
47169,2.88299,
47170,3.02306,
47171,2.92216,
47172,2.98819,
47173,2.90852,
47174,3.48532,
47175,3.00545,
47176,2.99976,
47177,2.65885,
47178,2.79538,
47179,3.05714,
47180,2.99969,
47181,3.08956,
47182,3.23151,
47183,3.07942,
47184,2.90787,
47185,2.94974,
47186,2.87287,
47187,3.11142,
47188,2.86377,
47189,2.89929,
47190,3.06585,
47191,3.03396,
47192,2.95972,
47193,2.78099,
47194,2.80961,
47195,2.84332,
47196,2.8762,
47197,2.82622,
47198,2.62531,
47199,3.03633,
47200,2.90562,
47201,2.73436,
47202,2.76442,
47203,2.8484,
47204,2.90017,
47205,2.9324,
47206,2.8768,
47207,2.9935,
47208,2.66587,
47209,2.84756,
47210,2.61554,
47211,2.95972,
47212,2.84445,
47213,2.83845,
47214,2.75223,
47215,2.87312,
47216,2.85684,
47217,2.80974,
47218,2.75774,
47219,2.71459,
47220,2.8742,
47221,2.81491,
47222,2.56905,
47223,2.66352,
47224,2.67646,
47225,2.86135,
47226,2.86753,
47227,2.80942,
47228,2.83545,
47229,2.91539,
47230,2.93208,
47231,2.70229,
47232,2.9998,
47233,2.86159,
47234,2.87963,
47235,2.83454,
47236,3.01753,
47237,3.09265,
47238,3.00493,
47239,2.82798,
47240,2.77021,
47241,3.12152,
47242,2.94781,
47243,2.98952,
47244,2.92061,
47245,2.79086,
47246,2.79763,
47247,2.9641,
47248,2.51101,
47249,2.64726,
47250,2.51398,
47251,2.72478,
47252,2.86953,
47253,2.9749,
47254,2.96785,
47255,2.91736,
47256,2.9014,
47257,2.71955,
47258,2.83704,
47259,2.87037,
47260,3.04062,
47261,2.87397,
47262,2.81088,
47263,2.44038,
47264,2.49115,
47265,2.96033,
47266,2.69391,
47267,2.89673,
47268,2.63322,
47269,2.8013,
47270,2.6692,
47271,2.67027,
47272,2.68943,
47273,2.71137,
47274,2.66389,
47275,2.67575,
47276,2.71067,
47277,2.93992,
47278,2.61138,
47279,2.86315,
47280,2.76382,
47281,3.06408,
47282,3.03715,
47283,3.00855,
47284,3.07112,
47285,3.0446,
47286,2.98629,
47287,2.78893,
47288,2.61161,
47289,2.91843,
47290,2.76596,
47291,2.79487,
47292,2.98387,
47293,2.89068,
47294,2.96054,
47295,2.8892,
47296,2.83493,
47297,2.77466,
47298,2.87913,
47299,2.99146,
47300,2.94584,
47301,2.92282,
47302,2.86371,
47303,2.76651,
47304,3.0679,
47305,2.76307,
47306,2.77712,
47307,2.87494,
47308,2.93669,
47309,2.81409,
47310,3.16939,
47311,3.04985,
47312,3.00506,
47313,2.8443,
47314,3.03147,
47315,2.97189,
47316,2.89367,
47317,2.95368,
47318,2.89229,
47319,2.91492,
47320,2.9083,
47321,2.9614,
47322,2.87709,
47323,2.73889,
47324,2.95418,
47325,2.82744,
47326,2.815,
47327,2.55978,
47328,2.72862,
47329,2.55027,
47330,2.79316,
47331,2.89803,
47332,2.63888,
47333,2.71683,
47334,2.70925,
47335,2.88189,
47336,2.77145,
47337,2.83126,
47338,2.59411,
47339,2.84004,
47340,2.93145,
47341,2.89976,
47342,2.87545,
47343,2.95487,
47344,2.88368,
47345,3.01547,
47346,2.9734,
47347,2.94286,
47348,3.0354,
47349,2.89048,
47350,2.88291,
47351,2.64104,
47352,2.91524,
47353,2.87207,
47354,2.97088,
47355,2.88078,
47356,2.75431,
47357,2.85631,
47358,2.77626,
47359,2.86632,
47360,2.95502,
47361,3.05975,
47362,2.83816,
47363,2.80013,
47364,2.74961,
47365,2.97467,
47366,2.978,
47367,3.01859,
47368,2.84098,
47369,3.02468,
47370,2.82403,
47371,2.90567,
47372,3.11749,
47373,2.88131,
47374,2.786,
47375,2.72334,
47376,3.01998,
47377,3.01284,
47378,2.92799,
47379,2.95199,
47380,2.90543,
47381,3.11028,
47382,3.02433,
47383,3.22428,
47384,2.85417,
47385,2.92169,
47386,2.71539,
47387,2.85567,
47388,2.86032,
47389,2.86622,
47390,2.84262,
47391,3.06531,
47392,2.96369,
47393,2.85095,
47394,2.69312,
47395,2.76874,
47396,2.83993,
47397,2.8885,
47398,2.85813,
47399,3.00094,
47400,3.03389,
47401,3.05036,
47402,2.92467,
47403,2.83948,
47404,3.00217,
47405,2.71116,
47406,3.05189,
47407,3.12734,
47408,3.00866,
47409,3.06997,
47410,3.24025,
47411,3.36857,
47412,2.96724,
47413,3.02433,
47414,3.03238,
47415,3.14666,
47416,3.24485,
47417,3.05593,
47418,2.94353,
47419,2.92546,
47420,2.87026,
47421,2.98913,
47422,2.94942,
47423,2.96148,
47424,2.90865,
47425,2.80925,
47426,2.96056,
47427,3.29966,
47428,3.30245,
47429,3.28208,
47430,3.2788,
47431,3.26743,
47432,3.3019,
47433,3.27702,
47434,3.18773,
47435,3.28579,
47436,3.32517,
47437,3.27496,
47438,3.28282,
47439,3.26246,
47440,3.19283,
47441,3.2765,
47442,3.30997,
47443,3.31713,
47444,3.21002,
47445,3.16719,
47446,2.90222,
47447,3.15017,
47448,2.92965,
47449,2.9035,
47450,2.94969,
47451,2.94694,
47452,2.82372,
47453,2.95175,
47454,2.84472,
47455,2.91689,
47456,2.91981,
47457,2.78118,
47458,2.68479,
47459,2.97742,
47460,3.1611,
47461,3.0329,
47462,2.76268,
47463,2.93636,
47464,2.96524,
47465,2.89639,
47466,2.91699,
47467,2.95641,
47468,2.8262,
47469,2.84901,
47470,2.7487,
47471,2.71066,
47472,3.02983,
47473,2.92205,
47474,2.87168,
47475,2.90337,
47476,2.8115,
47477,2.79502,
47478,2.71781,
47479,2.79165,
47480,2.94398,
47481,2.82212,
47482,2.7517,
47483,2.97904,
47484,2.9181,
47485,2.8328,
47486,2.84038,
47487,2.69296,
47488,2.70548,
47489,2.94821,
47490,2.64052,
47491,2.73063,
47492,2.80637,
47493,2.88062,
47494,2.73114,
47495,2.76663,
47496,2.83811,
47497,2.70132,
47498,2.70805,
47499,2.78148,
47500,2.86327,
47501,2.8856,
47502,2.896,
47503,2.72022,
47504,2.95813,
47505,2.72605,
47506,2.89357,
47507,2.84079,
47508,2.84903,
47509,3.02623,
47510,2.81378,
47511,2.76387,
47512,2.92467,
47513,2.7706,
47514,2.70243,
47515,2.7935,
47516,3.01428,
47517,2.63397,
47518,2.66893,
47519,2.89331,
47520,2.69175,
47521,2.82612,
47522,2.7872,
47523,2.68174,
47524,2.66827,
47525,2.90826,
47526,2.86287,
47527,2.92354,
47528,2.79766,
47529,3.02152,
47530,2.91121,
47531,3.02551,
47532,2.90289,
47533,2.82281,
47534,2.93791,
47535,2.9201,
47536,2.94552,
47537,2.89871,
47538,2.90788,
47539,2.88341,
47540,2.62812,
47541,2.82824,
47542,2.88392,
47543,2.92775,
47544,2.92136,
47545,2.60997,
47546,2.81854,
47547,2.90107,
47548,2.81149,
47549,2.55839,
47550,2.68264,
47551,2.7814,
47552,2.75851,
47553,2.79977,
47554,2.55284,
47555,2.67713,
47556,2.63498,
47557,2.79603,
47558,2.90196,
47559,3.04763,
47560,3.11104,
47561,2.97459,
47562,2.90201,
47563,3.07003,
47564,3.07832,
47565,2.79391,
47566,2.9585,
47567,2.8523,
47568,2.87884,
47569,2.80656,
47570,3.12305,
47571,2.91558,
47572,2.8749,
47573,3.014,
47574,2.96593,
47575,2.8765,
47576,3.03613,
47577,2.82897,
47578,2.98918,
47579,3.00742,
47580,2.88474,
47581,2.85325,
47582,2.89926,
47583,2.66336,
47584,2.98022,
47585,2.95963,
47586,2.8295,
47587,2.94367,
47588,2.8395,
47589,2.90762,
47590,3.04305,
47591,2.93758,
47592,2.88714,
47593,2.86873,
47594,2.92265,
47595,2.73723,
47596,2.88443,
47597,2.89806,
47598,3.03641,
47599,2.8058,
47600,2.89863,
47601,2.80855,
47602,2.96862,
47603,2.93709,
47604,2.96671,
47605,2.72351,
47606,2.93199,
47607,2.82489,
47608,2.71003,
47609,2.89601,
47610,2.96313,
47611,2.91241,
47612,2.62253,
47613,2.82164,
47614,2.88148,
47615,2.83371,
47616,2.81632,
47617,2.69113,
47618,2.76681,
47619,2.72744,
47620,2.87527,
47621,2.57064,
47622,2.62944,
47623,2.69331,
47624,2.77051,
47625,2.8533,
47626,2.70548,
47627,2.58076,
47628,2.7144,
47629,2.67476,
47630,2.77404,
47631,2.65482,
47632,2.72338,
47633,2.91874,
47634,2.80845,
47635,2.8656,
47636,2.60511,
47637,2.76811,
47638,2.67834,
47639,2.75609,
47640,2.88891,
47641,2.60409,
47642,2.73523,
47643,2.61138,
47644,2.57712,
47645,2.75818,
47646,2.73678,
47647,2.73833,
47648,2.67998,
47649,2.87709,
47650,2.71774,
47651,2.71499,
47652,2.93433,
47653,2.9338,
47654,2.86062,
47655,2.90034,
47656,3.16374,
47657,2.94106,
47658,2.8521,
47659,3.05277,
47660,2.8844,
47661,2.97815,
47662,3.04214,
47663,2.91061,
47664,2.93919,
47665,2.94388,
47666,2.73696,
47667,2.94746,
47668,2.93448,
47669,2.76224,
47670,2.89989,
47671,2.86705,
47672,2.67644,
47673,2.84446,
47674,2.87066,
47675,2.73342,
47676,2.80007,
47677,2.84346,
47678,2.98442,
47679,2.80079,
47680,2.913,
47681,2.81536,
47682,3.13394,
47683,3.16449,
47684,3.1553,
47685,3.15712,
47686,3.26024,
47687,3.1391,
47688,3.12015,
47689,3.25262,
47690,3.11052,
47691,3.18135,
47692,3.21698,
47693,3.1881,
47694,3.07136,
47695,3.2372,
47696,3.1928,
47697,3.20486,
47698,3.23654,
47699,3.13091,
47700,3.15185,
47701,3.10074,
47702,3.16973,
47703,2.87391,
47704,3.11994,
47705,2.54754,
47706,2.64839,
47707,2.59962,
47708,2.49069,
47709,2.56458,
47710,2.49311,
47711,2.81989,
47712,2.41526,
47713,2.61228,
47714,2.55487,
47715,2.70048,
47716,2.6612,
47717,2.48065,
47718,2.52844,
47719,2.71613,
47720,2.82018,
47721,2.82187,
47722,2.58491,
47723,2.49979,
47724,2.98459,
47725,3.07829,
47726,2.95548,
47727,3.02128,
47728,2.989,
47729,2.99101,
47730,2.90277,
47731,2.74326,
47732,2.86462,
47733,3.03728,
47734,2.88536,
47735,2.96735,
47736,3.09235,
47737,3.08989,
47738,2.98704,
47739,2.90903,
47740,2.71356,
47741,2.95613,
47742,2.8971,
47743,2.85494,
47744,2.6364,
47745,2.69028,
47746,2.64131,
47747,2.81085,
47748,2.89044,
47749,2.7868,
47750,2.82506,
47751,2.74088,
47752,2.83578,
47753,2.78465,
47754,2.9536,
47755,2.75049,
47756,2.72979,
47757,2.8693,
47758,2.65946,
47759,2.69036,
47760,2.70745,
47761,2.83663,
47762,2.99599,
47763,2.91084,
47764,2.72436,
47765,2.6558,
47766,2.5572,
47767,2.53495,
47768,2.5779,
47769,2.56638,
47770,2.82967,
47771,2.59784,
47772,2.61234,
47773,2.67502,
47774,2.79835,
47775,2.80437,
47776,2.9262,
47777,2.66138,
47778,3.06862,
47779,2.85098,
47780,3.05572,
47781,3.0694,
47782,2.88479,
47783,3.04146,
47784,2.90569,
47785,2.84594,
47786,2.96515,
47787,2.90641,
47788,2.79687,
47789,2.69224,
47790,2.67365,
47791,2.80407,
47792,2.75724,
47793,2.90499,
47794,2.93212,
47795,2.791,
47796,2.92299,
47797,2.72137,
47798,2.9571,
47799,2.90363,
47800,2.73825,
47801,2.63779,
47802,2.91617,
47803,2.65054,
47804,2.69725,
47805,2.66665,
47806,2.50586,
47807,2.60443,
47808,2.66615,
47809,2.9664,
47810,2.9695,
47811,3.14512,
47812,3.17432,
47813,3.12467,
47814,3.03462,
47815,2.77818,
47816,2.86659,
47817,2.84178,
47818,2.98757,
47819,3.22322,
47820,2.92061,
47821,3.00008,
47822,2.84784,
47823,2.84416,
47824,3.10168,
47825,3.13106,
47826,3.14996,
47827,3.0173,
47828,3.24358,
47829,2.89988,
47830,2.97156,
47831,2.87335,
47832,2.92668,
47833,2.75321,
47834,2.83416,
47835,2.72963,
47836,2.69347,
47837,2.98294,
47838,2.63392,
47839,2.78892,
47840,2.84442,
47841,2.88435,
47842,2.93079,
47843,2.79269,
47844,2.86378,
47845,2.77648,
47846,2.70719,
47847,2.65024,
47848,2.69632,
47849,2.82689,
47850,2.55386,
47851,2.66105,
47852,2.87007,
47853,2.76187,
47854,3.05847,
47855,3.13518,
47856,3.07534,
47857,3.18015,
47858,3.08591,
47859,3.0197,
47860,2.85281,
47861,2.98197,
47862,2.80855,
47863,2.80157,
47864,2.72,
47865,2.75862,
47866,3.08824,
47867,3.06604,
47868,2.92837,
47869,3.07226,
47870,3.06155,
47871,2.80932,
47872,2.81862,
47873,2.90442,
47874,2.72936,
47875,2.86326,
47876,3.0038,
47877,2.98139,
47878,3.05631,
47879,3.16019,
47880,3.17262,
47881,2.71134,
47882,2.81722,
47883,3.01127,
47884,3.0264,
47885,2.90702,
47886,2.93008,
47887,3.10902,
47888,3.03243,
47889,3.13408,
47890,2.94535,
47891,2.89543,
47892,3.06491,
47893,2.75278,
47894,2.9704,
47895,2.98621,
47896,2.9232,
47897,2.91383,
47898,2.94511,
47899,3.12935,
47900,2.98055,
47901,3.03469,
47902,2.93532,
47903,3.1078,
47904,3.034,
47905,2.99617,
47906,2.90897,
47907,2.95202,
47908,2.94827,
47909,2.80641,
47910,2.88858,
47911,2.81055,
47912,2.95021,
47913,2.94831,
47914,2.98216,
47915,2.7121,
47916,2.89733,
47917,2.94048,
47918,2.88181,
47919,2.72008,
47920,2.73218,
47921,2.995,
47922,2.74391,
47923,2.9874,
47924,1.94066,
47925,2.9969,
47926,2.9406,
47927,3.06793,
47928,3.17606,
47929,3.39172,
47930,3.02778,
47931,3.07347,
47932,2.98204,
47933,3.10959,
47934,3.10449,
47935,3.12459,
47936,3.0344,
47937,2.9059,
47938,2.96755,
47939,2.98018,
47940,3.12144,
47941,2.90668,
47942,3.01939,
47943,3.09935,
47944,3.02476,
47945,2.99163,
47946,2.9036,
47947,2.92742,
47948,3.0035,
47949,2.99239,
47950,2.96246,
47951,2.98563,
47952,2.82058,
47953,3.11077,
47954,3.07526,
47955,2.86472,
47956,2.96282,
47957,2.81488,
47958,2.76816,
47959,2.73994,
47960,2.61428,
47961,2.93937,
47962,2.80196,
47963,2.74687,
47964,2.86063,
47965,2.96865,
47966,2.81194,
47967,2.77853,
47968,2.82607,
47969,2.76148,
47970,2.92854,
47971,2.78774,
47972,2.87037,
47973,2.99595,
47974,2.86905,
47975,2.94372,
47976,2.86399,
47977,2.77663,
47978,2.80735,
47979,2.85344,
47980,3.0008,
47981,2.88147,
47982,2.87991,
47983,2.9015,
47984,3.00009,
47985,2.81285,
47986,2.63324,
47987,2.80471,
47988,2.7436,
47989,2.89331,
47990,2.89845,
47991,2.62444,
47992,2.96346,
47993,3.06083,
47994,2.93665,
47995,2.87772,
47996,2.77007,
47997,3.05452,
47998,2.83677,
47999,2.57745,
48000,2.91023,
48001,2.85748,
48002,3.08607,
48003,2.86207,
48004,2.78155,
48005,2.92528,
48006,2.83575,
48007,2.82999,
48008,2.84908,
48009,2.8088,
48010,2.94465,
48011,2.90964,
48012,2.93715,
48013,2.70993,
48014,2.80019,
48015,2.75458,
48016,2.93623,
48017,2.94454,
48018,2.93072,
48019,2.94205,
48020,3.08778,
48021,2.84167,
48022,2.9611,
48023,2.9618,
48024,2.77489,
48025,3.00821,
48026,3.00142,
48027,3.09826,
48028,2.88447,
48029,2.70441,
48030,2.7217,
48031,2.88647,
48032,2.74895,
48033,2.81513,
48034,2.65649,
48035,2.84632,
48036,3.02488,
48037,2.9227,
48038,2.84805,
48039,2.97537,
48040,2.83456,
48041,2.93709,
48042,2.84379,
48043,2.98605,
48044,2.97145,
48045,3.03039,
48046,2.97177,
48047,3.01947,
48048,2.94837,
48049,2.87578,
48050,3.02226,
48051,2.68155,
48052,2.80008,
48053,3.02115,
48054,2.86168,
48055,2.93907,
48056,2.7389,
48057,2.85442,
48058,2.99729,
48059,2.74777,
48060,2.85428,
48061,2.78293,
48062,2.67459,
48063,2.84108,
48064,2.63398,
48065,2.78242,
48066,2.76139,
48067,2.9194,
48068,2.78807,
48069,2.93251,
48070,2.97773,
48071,2.9441,
48072,2.79562,
48073,2.83403,
48074,2.73003,
48075,2.75378,
48076,2.66947,
48077,2.98422,
48078,2.88214,
48079,2.91004,
48080,3.0376,
48081,2.95518,
48082,2.80296,
48083,2.93064,
48084,2.87749,
48085,2.95366,
48086,2.95692,
48087,3.0529,
48088,3.13554,
48089,3.00382,
48090,2.95466,
48091,2.95828,
48092,2.86,
48093,2.87827,
48094,2.72145,
48095,2.81114,
48096,2.71324,
48097,2.92568,
48098,2.80604,
48099,3.00495,
48100,2.83923,
48101,2.9684,
48102,3.06209,
48103,3.03412,
48104,3.14184,
48105,2.87057,
48106,2.78428,
48107,2.99823,
48108,2.74033,
48109,2.98733,
48110,2.84004,
48111,3.02504,
48112,3.10332,
48113,3.08238,
48114,2.81646,
48115,3.03113,
48116,2.9431,
48117,2.95485,
48118,2.91105,
48119,3.0493,
48120,2.78339,
48121,3.05679,
48122,2.64419,
48123,3.01786,
48124,3.00693,
48125,3.13829,
48126,2.91064,
48127,3.03513,
48128,3.04768,
48129,2.83699,
48130,2.99824,
48131,2.77936,
48132,2.87631,
48133,2.88449,
48134,3.12878,
48135,3.09729,
48136,2.72706,
48137,2.92898,
48138,2.87061,
48139,3.00194,
48140,2.98133,
48141,3.16861,
48142,2.97454,
48143,2.90421,
48144,3.01431,
48145,3.04324,
48146,2.86848,
48147,2.82245,
48148,2.86242,
48149,2.88162,
48150,3.03806,
48151,3.06227,
48152,2.98198,
48153,2.92614,
48154,2.90059,
48155,2.73566,
48156,2.99074,
48157,2.84972,
48158,2.95429,
48159,2.92367,
48160,2.93142,
48161,2.90252,
48162,3.03751,
48163,3.00221,
48164,2.89329,
48165,2.93358,
48166,3.06593,
48167,2.76306,
48168,3.12394,
48169,2.98873,
48170,2.88137,
48171,2.81714,
48172,2.96188,
48173,2.96457,
48174,2.87012,
48175,2.81489,
48176,3.02222,
48177,2.78313,
48178,2.80944,
48179,2.90911,
48180,2.78111,
48181,2.74934,
48182,3.0169,
48183,3.02282,
48184,2.85048,
48185,2.8312,
48186,2.80417,
48187,2.98761,
48188,3.03772,
48189,2.66027,
48190,2.90428,
48191,2.87513,
48192,2.96861,
48193,2.97796,
48194,3.03489,
48195,2.8481,
48196,2.84915,
48197,2.94166,
48198,2.65485,
48199,2.71613,
48200,3.10279,
48201,2.84707,
48202,2.93981,
48203,2.72797,
48204,2.72653,
48205,2.9515,
48206,2.86779,
48207,2.71119,
48208,3.01626,
48209,2.9215,
48210,2.72414,
48211,2.83703,
48212,2.75447,
48213,2.86121,
48214,2.76688,
48215,2.73431,
48216,2.93988,
48217,2.88021,
48218,3.04736,
48219,3.07376,
48220,2.94112,
48221,3.07989,
48222,2.79097,
48223,2.90837,
48224,3.02822,
48225,2.98507,
48226,3.08394,
48227,3.17479,
48228,3.23343,
48229,4.04994,
48230,2.96804,
48231,2.95232,
48232,2.98526,
48233,2.95638,
48234,2.8875,
48235,3.01693,
48236,2.91516,
48237,2.98468,
48238,2.8843,
48239,3.48965,
48240,2.99736,
48241,2.98253,
48242,2.64998,
48243,2.77531,
48244,3.05411,
48245,3.00217,
48246,3.09719,
48247,3.22766,
48248,3.0856,
48249,2.90855,
48250,2.95082,
48251,2.87711,
48252,3.09873,
48253,2.86673,
48254,2.89439,
48255,3.07512,
48256,3.04024,
48257,2.96701,
48258,2.76366,
48259,2.79038,
48260,2.82753,
48261,2.86391,
48262,2.82478,
48263,2.61835,
48264,3.04177,
48265,2.88715,
48266,2.72809,
48267,2.76553,
48268,2.86127,
48269,2.90683,
48270,2.93247,
48271,2.86493,
48272,2.99263,
48273,2.68329,
48274,2.837,
48275,2.60293,
48276,2.95953,
48277,2.83718,
48278,2.82916,
48279,2.74439,
48280,2.88766,
48281,2.84731,
48282,2.80614,
48283,2.75267,
48284,2.70981,
48285,2.86806,
48286,2.8084,
48287,2.57369,
48288,2.66651,
48289,2.67712,
48290,2.87616,
48291,2.8731,
48292,2.81503,
48293,2.83434,
48294,2.90517,
48295,2.94512,
48296,2.68629,
48297,2.99755,
48298,2.8556,
48299,2.87425,
48300,2.83987,
48301,3.0105,
48302,3.09772,
48303,3.00641,
48304,2.81686,
48305,2.77449,
48306,3.12245,
48307,2.9597,
48308,2.98196,
48309,2.93467,
48310,2.78719,
48311,2.79207,
48312,2.95796,
48313,2.51764,
48314,2.65108,
48315,2.51757,
48316,2.71555,
48317,2.86643,
48318,2.97977,
48319,2.95518,
48320,2.91468,
48321,2.89982,
48322,2.72504,
48323,2.8179,
48324,2.86617,
48325,3.03906,
48326,2.86589,
48327,2.80832,
48328,2.44891,
48329,2.49485,
48330,2.9697,
48331,2.707,
48332,2.88405,
48333,2.61874,
48334,2.78808,
48335,2.65921,
48336,2.65943,
48337,2.68285,
48338,2.72678,
48339,2.6729,
48340,2.67354,
48341,2.70936,
48342,2.95666,
48343,2.62566,
48344,2.86916,
48345,2.75192,
48346,3.0518,
48347,3.02889,
48348,3.00453,
48349,3.06899,
48350,3.03346,
48351,2.98363,
48352,2.78988,
48353,2.61449,
48354,2.91442,
48355,2.7632,
48356,2.79535,
48357,2.99211,
48358,2.8906,
48359,2.9615,
48360,2.88602,
48361,2.82881,
48362,2.77321,
48363,2.89856,
48364,2.98368,
48365,2.95636,
48366,2.91159,
48367,2.85366,
48368,2.76187,
48369,3.06584,
48370,2.74958,
48371,2.76977,
48372,2.87038,
48373,2.91318,
48374,2.82241,
48375,3.16384,
48376,3.03532,
48377,3.00041,
48378,2.84085,
48379,3.03371,
48380,2.98271,
48381,2.89213,
48382,2.95695,
48383,2.89904,
48384,2.90846,
48385,2.90786,
48386,2.95878,
48387,2.89359,
48388,2.71989,
48389,2.94925,
48390,2.84046,
48391,2.8207,
48392,2.56042,
48393,2.73104,
48394,2.5407,
48395,2.78453,
48396,2.9052,
48397,2.64554,
48398,2.72055,
48399,2.70904,
48400,2.88268,
48401,2.77313,
48402,2.82045,
48403,2.59125,
48404,2.85257,
48405,2.91924,
48406,2.90192,
48407,2.87922,
48408,2.95573,
48409,2.89904,
48410,3.02116,
48411,2.97557,
48412,2.9583,
48413,3.04862,
48414,2.89013,
48415,2.88354,
48416,2.63339,
48417,2.93276,
48418,2.86725,
48419,2.96653,
48420,2.87414,
48421,2.75433,
48422,2.86076,
48423,2.77978,
48424,2.87143,
48425,2.96509,
48426,3.06508,
48427,2.82877,
48428,2.80723,
48429,2.74083,
48430,2.96896,
48431,2.99068,
48432,3.00852,
48433,2.84771,
48434,3.00006,
48435,2.81928,
48436,2.90541,
48437,3.12692,
48438,2.87732,
48439,2.7829,
48440,2.72041,
48441,2.99152,
48442,3.00336,
48443,2.91246,
48444,2.94816,
48445,2.90259,
48446,3.11408,
48447,3.02366,
48448,3.22319,
48449,2.84655,
48450,2.90438,
48451,2.70013,
48452,2.86294,
48453,2.86112,
48454,2.87276,
48455,2.84688,
48456,3.04339,
48457,2.96475,
48458,2.84413,
48459,2.68798,
48460,2.76592,
48461,2.84528,
48462,2.89276,
48463,2.8629,
48464,3.00153,
48465,3.0268,
48466,3.0557,
48467,2.92805,
48468,2.8299,
48469,2.99098,
48470,2.70841,
48471,3.0377,
48472,3.13027,
48473,3.01667,
48474,3.06466,
48475,3.23902,
48476,3.35,
48477,2.98059,
48478,3.01767,
48479,3.04502,
48480,3.14284,
48481,3.26427,
48482,3.04062,
48483,2.95522,
48484,2.9269,
48485,2.86308,
48486,2.98928,
48487,2.95444,
48488,2.97268,
48489,2.90522,
48490,2.80392,
48491,2.95575,
48492,3.29448,
48493,3.31679,
48494,3.28153,
48495,3.27183,
48496,3.25827,
48497,3.30312,
48498,3.27909,
48499,3.18017,
48500,3.28294,
48501,3.32565,
48502,3.27283,
48503,3.27852,
48504,3.25944,
48505,3.18979,
48506,3.27315,
48507,3.3096,
48508,3.30806,
48509,3.21206,
48510,3.18149,
48511,2.904,
48512,3.13279,
48513,2.92439,
48514,2.90251,
48515,2.95165,
48516,2.94738,
48517,2.82617,
48518,2.95805,
48519,2.85887,
48520,2.92323,
48521,2.90858,
48522,2.78417,
48523,2.68736,
48524,2.98497,
48525,3.14852,
48526,3.02786,
48527,2.76497,
48528,2.92592,
48529,2.96433,
48530,2.88182,
48531,2.90734,
48532,2.96126,
48533,2.83105,
48534,2.8562,
48535,2.74775,
48536,2.69465,
48537,3.02951,
48538,2.92748,
48539,2.85403,
48540,2.87997,
48541,2.80332,
48542,2.77867,
48543,2.72204,
48544,2.79253,
48545,2.94321,
48546,2.80765,
48547,2.75034,
48548,2.9514,
48549,2.9087,
48550,2.8208,
48551,2.84028,
48552,2.68195,
48553,2.72636,
48554,2.93879,
48555,2.64397,
48556,2.72844,
48557,2.79303,
48558,2.86188,
48559,2.72973,
48560,2.76176,
48561,2.8499,
48562,2.69584,
48563,2.69541,
48564,2.79163,
48565,2.86301,
48566,2.87405,
48567,2.88495,
48568,2.70162,
48569,2.93675,
48570,2.71587,
48571,2.89307,
48572,2.82559,
48573,2.86049,
48574,3.02788,
48575,2.80017,
48576,2.76586,
48577,2.9246,
48578,2.77742,
48579,2.69136,
48580,2.79136,
48581,3.01465,
48582,2.64339,
48583,2.66646,
48584,2.87789,
48585,2.70968,
48586,2.82246,
48587,2.79177,
48588,2.68463,
48589,2.67488,
48590,2.90305,
48591,2.85988,
48592,2.92355,
48593,2.79708,
48594,3.01567,
48595,2.91293,
48596,3.0271,
48597,2.89266,
48598,2.82347,
48599,2.94453,
48600,2.913,
48601,2.96267,
48602,2.89764,
48603,2.89551,
48604,2.87854,
48605,2.61249,
48606,2.81229,
48607,2.88689,
48608,2.91397,
48609,2.9232,
48610,2.61329,
48611,2.82934,
48612,2.90799,
48613,2.78597,
48614,2.56906,
48615,2.69088,
48616,2.77914,
48617,2.74392,
48618,2.78998,
48619,2.56469,
48620,2.68766,
48621,2.63044,
48622,2.78644,
48623,2.90887,
48624,3.04261,
48625,3.10741,
48626,2.96511,
48627,2.9033,
48628,3.05644,
48629,3.08179,
48630,2.79336,
48631,2.95123,
48632,2.83263,
48633,2.86587,
48634,2.80236,
48635,3.1068,
48636,2.90614,
48637,2.86806,
48638,3.00233,
48639,2.98284,
48640,2.87647,
48641,3.0372,
48642,2.8219,
48643,2.98295,
48644,2.98862,
48645,2.89411,
48646,2.85458,
48647,2.89745,
48648,2.64958,
48649,2.98359,
48650,2.94159,
48651,2.82111,
48652,2.93567,
48653,2.84207,
48654,2.89682,
48655,3.03327,
48656,2.93224,
48657,2.8832,
48658,2.86136,
48659,2.90629,
48660,2.72833,
48661,2.88609,
48662,2.91011,
48663,3.02061,
48664,2.78655,
48665,2.89156,
48666,2.79162,
48667,2.9844,
48668,2.94048,
48669,2.95882,
48670,2.70655,
48671,2.93135,
48672,2.82393,
48673,2.69956,
48674,2.89634,
48675,2.96175,
48676,2.9059,
48677,2.61464,
48678,2.81563,
48679,2.88193,
48680,2.84304,
48681,2.80904,
48682,2.69768,
48683,2.7669,
48684,2.72382,
48685,2.86728,
48686,2.56051,
48687,2.62221,
48688,2.68236,
48689,2.7711,
48690,2.85491,
48691,2.70465,
48692,2.55919,
48693,2.70372,
48694,2.67551,
48695,2.76075,
48696,2.65618,
48697,2.70796,
48698,2.9093,
48699,2.80774,
48700,2.85984,
48701,2.59352,
48702,2.78559,
48703,2.67884,
48704,2.75929,
48705,2.89402,
48706,2.59947,
48707,2.73536,
48708,2.63388,
48709,2.57735,
48710,2.76356,
48711,2.73646,
48712,2.73977,
48713,2.67991,
48714,2.87567,
48715,2.72193,
48716,2.70702,
48717,2.93281,
48718,2.92727,
48719,2.85698,
48720,2.90811,
48721,3.15261,
48722,2.92247,
48723,2.84813,
48724,3.04027,
48725,2.86766,
48726,2.9789,
48727,3.04616,
48728,2.90642,
48729,2.92226,
48730,2.9374,
48731,2.7264,
48732,2.95672,
48733,2.9257,
48734,2.76051,
48735,2.89211,
48736,2.85834,
48737,2.67358,
48738,2.84873,
48739,2.87452,
48740,2.72502,
48741,2.82023,
48742,2.8503,
48743,2.98695,
48744,2.80785,
48745,2.9186,
48746,2.82083,
48747,3.13859,
48748,3.16105,
48749,3.16062,
48750,3.17067,
48751,3.25762,
48752,3.13109,
48753,3.11609,
48754,3.24873,
48755,3.10024,
48756,3.18568,
48757,3.22254,
48758,3.17392,
48759,3.07749,
48760,3.24461,
48761,3.20134,
48762,3.20173,
48763,3.23384,
48764,3.12861,
48765,3.16693,
48766,3.11055,
48767,3.17352,
48768,2.85634,
48769,3.11013,
48770,2.5534,
48771,2.65186,
48772,2.60168,
48773,2.47467,
48774,2.57151,
48775,2.48256,
48776,2.83068,
48777,2.40279,
48778,2.61706,
48779,2.55292,
48780,2.70735,
48781,2.6449,
48782,2.47168,
48783,2.52667,
48784,2.72132,
48785,2.81728,
48786,2.82768,
48787,2.5982,
48788,2.51491,
48789,2.97554,
48790,3.06916,
48791,2.94364,
48792,3.01247,
48793,2.98805,
48794,2.98208,
48795,2.90318,
48796,2.71641,
48797,2.85247,
48798,3.04335,
48799,2.89062,
48800,2.96024,
48801,3.09534,
48802,3.08168,
48803,2.96931,
48804,2.90486,
48805,2.7282,
48806,2.9425,
48807,2.87742,
48808,2.85084,
48809,2.64629,
48810,2.69229,
48811,2.63678,
48812,2.81595,
48813,2.89016,
48814,2.80024,
48815,2.81202,
48816,2.74179,
48817,2.82706,
48818,2.78264,
48819,2.94057,
48820,2.75426,
48821,2.73474,
48822,2.85573,
48823,2.66397,
48824,2.67947,
48825,2.70564,
48826,2.8276,
48827,2.99329,
48828,2.9127,
48829,2.72389,
48830,2.6577,
48831,2.55925,
48832,2.54129,
48833,2.58838,
48834,2.56552,
48835,2.8277,
48836,2.57968,
48837,2.60904,
48838,2.66951,
48839,2.7939,
48840,2.82482,
48841,2.94465,
48842,2.66221,
48843,3.06702,
48844,2.86537,
48845,3.05198,
48846,3.06412,
48847,2.89109,
48848,3.0338,
48849,2.90315,
48850,2.84806,
48851,2.95467,
48852,2.91807,
48853,2.78536,
48854,2.67709,
48855,2.66984,
48856,2.81555,
48857,2.76658,
48858,2.88822,
48859,2.92878,
48860,2.8002,
48861,2.91685,
48862,2.72322,
48863,2.95505,
48864,2.89775,
48865,2.73627,
48866,2.63849,
48867,2.90558,
48868,2.63587,
48869,2.71274,
48870,2.66257,
48871,2.49991,
48872,2.58803,
48873,2.66117,
48874,2.96077,
48875,2.96672,
48876,3.123,
48877,3.15599,
48878,3.10785,
48879,3.02799,
48880,2.76397,
48881,2.86071,
48882,2.82323,
48883,2.97534,
48884,3.22278,
48885,2.93153,
48886,3.01,
48887,2.83619,
48888,2.85471,
48889,3.09658,
48890,3.1148,
48891,3.13798,
48892,3.00779,
48893,3.2445,
48894,2.90382,
48895,2.95677,
48896,2.8758,
48897,2.93452,
48898,2.73923,
48899,2.84377,
48900,2.71851,
48901,2.69721,
48902,2.96912,
48903,2.64092,
48904,2.75579,
48905,2.85046,
48906,2.88439,
48907,2.92006,
48908,2.78933,
48909,2.86914,
48910,2.77907,
48911,2.71779,
48912,2.65158,
48913,2.69873,
48914,2.8298,
48915,2.55358,
48916,2.67154,
48917,2.88455,
48918,2.74932,
48919,3.04283,
48920,3.11582,
48921,3.06439,
48922,3.18499,
48923,3.07465,
48924,3.00972,
48925,2.84979,
48926,2.96523,
48927,2.78515,
48928,2.79122,
48929,2.7116,
48930,2.75575,
48931,3.0752,
48932,3.06398,
48933,2.9279,
48934,3.07219,
48935,3.05224,
48936,2.81651,
48937,2.83174,
48938,2.89872,
48939,2.72348,
48940,2.86322,
48941,3.00571,
48942,2.9721,
48943,3.05658,
48944,3.15776,
48945,3.17678,
48946,2.72215,
48947,2.81828,
48948,3.02238,
48949,3.02824,
48950,2.90133,
48951,2.91875,
48952,3.10855,
48953,3.0302,
48954,3.13596,
48955,2.92649,
48956,2.8814,
48957,3.06283,
48958,2.75002,
48959,2.974,
48960,2.98014,
48961,2.92533,
48962,2.90392,
48963,2.94352,
48964,3.1343,
48965,2.99094,
48966,3.02735,
48967,2.93116,
48968,3.11766,
48969,3.02043,
48970,2.99448,
48971,2.90898,
48972,2.96044,
48973,2.95823,
48974,2.8098,
48975,2.88194,
48976,2.81523,
48977,2.94079,
48978,2.9223,
48979,2.99003,
48980,2.71299,
48981,2.88341,
48982,2.94248,
48983,2.88537,
48984,2.73267,
48985,2.7374,
48986,2.99985,
48987,2.73679,
48988,2.98122,
48989,1.93436,
48990,2.97984,
48991,2.93963,
48992,3.06205,
48993,3.17166,
48994,3.38931,
48995,3.01135,
48996,3.08967,
48997,2.98951,
48998,3.11202,
48999,3.10796,
49000,3.12797,
49001,3.03189,
49002,2.89316,
49003,2.9694,
49004,2.9716,
49005,3.11796,
49006,2.89542,
49007,3.02162,
49008,3.11141,
49009,3.02924,
49010,2.99264,
49011,2.8933,
49012,2.91523,
49013,2.99901,
49014,2.98933,
49015,2.95402,
49016,2.98868,
49017,2.81008,
49018,3.1049,
49019,3.07309,
49020,2.87642,
49021,2.96924,
49022,2.80404,
49023,2.76364,
49024,2.74133,
49025,2.60257,
49026,2.92443,
49027,2.81661,
49028,2.74015,
49029,2.8672,
49030,2.97255,
49031,2.82503,
49032,2.78611,
49033,2.82587,
49034,2.76631,
49035,2.93813,
49036,2.78068,
49037,2.8975,
49038,2.99988,
49039,2.88581,
49040,2.94123,
49041,2.87136,
49042,2.775,
49043,2.80891,
49044,2.84473,
49045,2.98649,
49046,2.87476,
49047,2.88127,
49048,2.89463,
49049,2.9837,
49050,2.81164,
49051,2.62819,
49052,2.80238,
49053,2.74379,
49054,2.90161,
49055,2.88006,
49056,2.64058,
49057,2.96337,
49058,3.05168,
49059,2.92291,
49060,2.85666,
49061,2.76455,
49062,3.04878,
49063,2.83296,
49064,2.58657,
49065,2.91723,
49066,2.86693,
49067,3.08911,
49068,2.87538,
49069,2.77757,
49070,2.92509,
49071,2.83766,
49072,2.83445,
49073,2.86759,
49074,2.81809,
49075,2.94655,
49076,2.90587,
49077,2.95111,
49078,2.70745,
49079,2.8096,
49080,2.77513,
49081,2.93126,
49082,2.93795,
49083,2.932,
49084,2.93873,
49085,3.07987,
49086,2.83792,
49087,2.94432,
49088,2.96391,
49089,2.78015,
49090,2.98477,
49091,2.99857,
49092,3.09719,
49093,2.87532,
49094,2.71193,
49095,2.73585,
49096,2.91183,
49097,2.75752,
49098,2.81125,
49099,2.66085,
49100,2.84586,
49101,3.022,
49102,2.91725,
49103,2.83348,
49104,2.97933,
49105,2.81549,
49106,2.93979,
49107,2.84343,
49108,2.9881,
49109,2.96204,
49110,3.02192,
49111,2.96838,
49112,3.02001,
49113,2.94502,
49114,2.87458,
49115,3.01241,
49116,2.68368,
49117,2.78531,
49118,3.03088,
49119,2.8596,
49120,2.92544,
49121,2.74415,
49122,2.86609,
49123,2.99255,
49124,2.75773,
49125,2.86609,
49126,2.7694,
49127,2.67757,
49128,2.84,
49129,2.63561,
49130,2.77646,
49131,2.76879,
49132,2.91027,
49133,2.79124,
49134,2.93779,
49135,2.98562,
49136,2.94626,
49137,2.78428,
49138,2.83816,
49139,2.70694,
49140,2.75724,
49141,2.6813,
49142,2.98808,
49143,2.8668,
49144,2.8881,
49145,3.05034,
49146,2.94855,
49147,2.81797,
49148,2.92791,
49149,2.87976,
49150,2.96188,
49151,2.97139,
49152,3.0512,
49153,3.12159,
49154,2.99771,
49155,2.94636,
49156,2.96374,
49157,2.8497,
49158,2.87535,
49159,2.72106,
49160,2.81384,
49161,2.69874,
49162,2.91734,
49163,2.80407,
49164,3.00197,
49165,2.82043,
49166,2.9696,
49167,3.05289,
49168,3.03108,
49169,3.14184,
49170,2.86726,
49171,2.77088,
49172,2.98841,
49173,2.74938,
49174,2.98983,
49175,2.8338,
49176,3.0283,
49177,3.10268,
49178,3.06784,
49179,2.81181,
49180,3.03398,
49181,2.92084,
49182,2.92928,
49183,2.91798,
49184,3.03105,
49185,2.79029,
49186,3.05536,
49187,2.63562,
49188,3.01449,
49189,3.02436,
49190,3.13023,
49191,2.91926,
49192,3.04889,
49193,3.04464,
49194,2.83577,
49195,2.99681,
49196,2.7794,
49197,2.8598,
49198,2.89541,
49199,3.13085,
49200,3.10503,
49201,2.74074,
49202,2.93506,
49203,2.87447,
49204,3.00998,
49205,2.9833,
49206,3.17283,
49207,2.97766,
49208,2.90984,
49209,3.02425,
49210,3.05855,
49211,2.88018,
49212,2.82425,
49213,2.85489,
49214,2.87603,
49215,3.03988,
49216,3.04901,
49217,2.96343,
49218,2.92293,
49219,2.89875,
49220,2.7373,
49221,2.99292,
49222,2.84569,
49223,2.94696,
49224,2.92997,
49225,2.93666,
49226,2.90813,
49227,3.04412,
49228,3.00524,
49229,2.88556,
49230,2.93334,
49231,3.05835,
49232,2.76349,
49233,3.12256,
49234,2.98202,
49235,2.89127,
49236,2.81258,
49237,2.9773,
49238,2.9665,
49239,2.87399,
49240,2.81624,
49241,3.03037,
49242,2.79795,
49243,2.78992,
49244,2.92518,
49245,2.78108,
49246,2.73264,
49247,3.01348,
49248,3.02671,
49249,2.84969,
49250,2.83945,
49251,2.81061,
49252,2.96859,
49253,3.02994,
49254,2.66578,
49255,2.90884,
49256,2.88462,
49257,2.96934,
49258,2.97726,
49259,3.03353,
49260,2.84009,
49261,2.85992,
49262,2.94155,
49263,2.65451,
49264,2.72411,
49265,3.11634,
49266,2.8466,
49267,2.94069,
49268,2.71468,
49269,2.71431,
49270,2.95219,
49271,2.86209,
49272,2.69634,
49273,3.00647,
49274,2.91126,
49275,2.74098,
49276,2.82709,
49277,2.75352,
49278,2.85907,
49279,2.76877,
49280,2.74418,
49281,2.9407,
49282,2.84701,
49283,3.0449,
49284,3.0728,
49285,2.94581,
49286,3.07381,
49287,2.78162,
49288,2.92535,
49289,3.02655,
49290,2.97428,
49291,3.08642,
49292,3.18133,
49293,3.23421,
49294,4.05077,
49295,2.96968,
49296,2.96238,
49297,2.98328,
49298,2.97726,
49299,2.88135,
49300,3.01118,
49301,2.91735,
49302,2.97859,
49303,2.88069,
49304,3.49708,
49305,3.00077,
49306,2.98096,
49307,2.65056,
49308,2.78852,
49309,3.07172,
49310,3.00333,
49311,3.10472,
49312,3.23161,
49313,3.08692,
49314,2.90025,
49315,2.95039,
49316,2.87618,
49317,3.08749,
49318,2.84854,
49319,2.90104,
49320,3.06536,
49321,3.02317,
49322,2.95015,
49323,2.7597,
49324,2.78898,
49325,2.82206,
49326,2.86625,
49327,2.82636,
49328,2.61331,
49329,3.03555,
49330,2.89778,
49331,2.7351,
49332,2.76127,
49333,2.85371,
49334,2.90259,
49335,2.93028,
49336,2.86634,
49337,2.98198,
49338,2.66667,
49339,2.83948,
49340,2.60943,
49341,2.95141,
49342,2.84251,
49343,2.82378,
49344,2.74484,
49345,2.88266,
49346,2.84182,
49347,2.80485,
49348,2.75066,
49349,2.70304,
49350,2.87219,
49351,2.81105,
49352,2.56675,
49353,2.66985,
49354,2.67944,
49355,2.85691,
49356,2.86281,
49357,2.81518,
49358,2.82499,
49359,2.89786,
49360,2.93616,
49361,2.67983,
49362,2.99791,
49363,2.86728,
49364,2.87274,
49365,2.84032,
49366,3.0199,
49367,3.08665,
49368,3.00623,
49369,2.81856,
49370,2.76753,
49371,3.12342,
49372,2.95234,
49373,2.99148,
49374,2.93101,
49375,2.78705,
49376,2.814,
49377,2.96019,
49378,2.51085,
49379,2.65485,
49380,2.53611,
49381,2.71215,
49382,2.86317,
49383,2.96756,
49384,2.94833,
49385,2.91179,
49386,2.91108,
49387,2.72661,
49388,2.8258,
49389,2.87578,
49390,3.03574,
49391,2.8718,
49392,2.80766,
49393,2.44711,
49394,2.49498,
49395,2.95458,
49396,2.70681,
49397,2.89394,
49398,2.63518,
49399,2.78068,
49400,2.66197,
49401,2.65906,
49402,2.69747,
49403,2.71658,
49404,2.67346,
49405,2.68763,
49406,2.71264,
49407,2.94314,
49408,2.6217,
49409,2.8662,
49410,2.75995,
49411,3.05063,
49412,3.0293,
49413,3.01313,
49414,3.07435,
49415,3.03756,
49416,2.97753,
49417,2.78071,
49418,2.61778,
49419,2.91711,
49420,2.77008,
49421,2.79535,
49422,2.98683,
49423,2.88905,
49424,2.95947,
49425,2.89569,
49426,2.83216,
49427,2.76449,
49428,2.87923,
49429,2.98687,
49430,2.9505,
49431,2.92507,
49432,2.85951,
49433,2.76176,
49434,3.05955,
49435,2.74885,
49436,2.77814,
49437,2.88074,
49438,2.92835,
49439,2.84071,
49440,3.16011,
49441,3.03231,
49442,2.99328,
49443,2.83678,
49444,3.02438,
49445,2.95794,
49446,2.88455,
49447,2.95595,
49448,2.88611,
49449,2.91867,
49450,2.91044,
49451,2.95417,
49452,2.86936,
49453,2.71809,
49454,2.95307,
49455,2.83922,
49456,2.82242,
49457,2.56231,
49458,2.72259,
49459,2.53887,
49460,2.79094,
49461,2.90093,
49462,2.63843,
49463,2.72375,
49464,2.71112,
49465,2.90156,
49466,2.78384,
49467,2.83047,
49468,2.58147,
49469,2.84685,
49470,2.92665,
49471,2.89822,
49472,2.88453,
49473,2.9573,
49474,2.90068,
49475,3.02635,
49476,2.99744,
49477,2.93304,
49478,3.02891,
49479,2.88952,
49480,2.88125,
49481,2.6275,
49482,2.91721,
49483,2.87336,
49484,2.95715,
49485,2.87039,
49486,2.75738,
49487,2.86688,
49488,2.76995,
49489,2.87297,
49490,2.95939,
49491,3.05548,
49492,2.82992,
49493,2.79814,
49494,2.73576,
49495,2.95194,
49496,2.97315,
49497,3.00623,
49498,2.85465,
49499,2.99724,
49500,2.80904,
49501,2.89892,
49502,3.1236,
49503,2.87593,
49504,2.7869,
49505,2.72288,
49506,2.99494,
49507,3.00016,
49508,2.90415,
49509,2.95371,
49510,2.89875,
49511,3.10644,
49512,3.01271,
49513,3.21903,
49514,2.84562,
49515,2.90588,
49516,2.70806,
49517,2.84132,
49518,2.85777,
49519,2.87407,
49520,2.85389,
49521,3.04367,
49522,2.96735,
49523,2.8416,
49524,2.69441,
49525,2.77485,
49526,2.85324,
49527,2.88057,
49528,2.87905,
49529,2.98233,
49530,3.01605,
49531,3.03933,
49532,2.91985,
49533,2.83632,
49534,2.99465,
49535,2.69555,
49536,3.04486,
49537,3.1298,
49538,3.01555,
49539,3.0749,
49540,3.2403,
49541,3.3498,
49542,2.96306,
49543,3.00289,
49544,3.05287,
49545,3.14774,
49546,3.26212,
49547,3.05354,
49548,2.94969,
49549,2.93655,
49550,2.86311,
49551,3.00278,
49552,2.96094,
49553,2.95949,
49554,2.90873,
49555,2.81717,
49556,2.95266,
49557,3.28775,
49558,3.31359,
49559,3.26337,
49560,3.2866,
49561,3.25472,
49562,3.30537,
49563,3.27053,
49564,3.17865,
49565,3.27977,
49566,3.31738,
49567,3.27462,
49568,3.28287,
49569,3.26314,
49570,3.19913,
49571,3.27641,
49572,3.31518,
49573,3.31146,
49574,3.21789,
49575,3.17524,
49576,2.90812,
49577,3.13151,
49578,2.91339,
49579,2.90079,
49580,2.94748,
49581,2.9389,
49582,2.81598,
49583,2.95326,
49584,2.83533,
49585,2.92254,
49586,2.90977,
49587,2.78936,
49588,2.67724,
49589,2.99249,
49590,3.16344,
49591,3.05511,
49592,2.77435,
49593,2.92126,
49594,2.96147,
49595,2.87974,
49596,2.91218,
49597,2.97213,
49598,2.81133,
49599,2.85285,
49600,2.73677,
49601,2.70099,
49602,3.01664,
49603,2.91881,
49604,2.86432,
49605,2.86732,
49606,2.80432,
49607,2.78064,
49608,2.71446,
49609,2.78502,
49610,2.93878,
49611,2.81279,
49612,2.72957,
49613,2.95487,
49614,2.90449,
49615,2.81821,
49616,2.83112,
49617,2.67693,
49618,2.69877,
49619,2.93643,
49620,2.63232,
49621,2.72587,
49622,2.7909,
49623,2.86963,
49624,2.73916,
49625,2.76523,
49626,2.83296,
49627,2.69486,
49628,2.70696,
49629,2.78709,
49630,2.85397,
49631,2.88119,
49632,2.87869,
49633,2.68849,
49634,2.938,
49635,2.71,
49636,2.89011,
49637,2.82187,
49638,2.84372,
49639,3.02202,
49640,2.79893,
49641,2.76346,
49642,2.93914,
49643,2.765,
49644,2.69842,
49645,2.79061,
49646,3.02115,
49647,2.63473,
49648,2.6785,
49649,2.87873,
49650,2.69666,
49651,2.8241,
49652,2.80997,
49653,2.69258,
49654,2.68479,
49655,2.89574,
49656,2.85597,
49657,2.90022,
49658,2.79263,
49659,3.01028,
49660,2.91654,
49661,3.0305,
49662,2.89434,
49663,2.83121,
49664,2.93958,
49665,2.91714,
49666,2.94232,
49667,2.90055,
49668,2.89962,
49669,2.8771,
49670,2.62469,
49671,2.81422,
49672,2.88746,
49673,2.90201,
49674,2.91491,
49675,2.62076,
49676,2.82963,
49677,2.89695,
49678,2.79602,
49679,2.55197,
49680,2.68433,
49681,2.77844,
49682,2.74231,
49683,2.78962,
49684,2.57125,
49685,2.67586,
49686,2.62003,
49687,2.7886,
49688,2.92194,
49689,3.04403,
49690,3.11234,
49691,2.97869,
49692,2.89174,
49693,3.05085,
49694,3.07589,
49695,2.77939,
49696,2.94695,
49697,2.83575,
49698,2.87197,
49699,2.79842,
49700,3.10117,
49701,2.92241,
49702,2.87292,
49703,3.00866,
49704,2.96829,
49705,2.87422,
49706,3.0295,
49707,2.8258,
49708,2.98694,
49709,2.98444,
49710,2.89332,
49711,2.85219,
49712,2.91332,
49713,2.6595,
49714,2.9737,
49715,2.93064,
49716,2.81556,
49717,2.93233,
49718,2.83341,
49719,2.89135,
49720,3.03446,
49721,2.92839,
49722,2.90277,
49723,2.87889,
49724,2.90263,
49725,2.72656,
49726,2.87552,
49727,2.89839,
49728,3.01378,
49729,2.78132,
49730,2.88342,
49731,2.79347,
49732,2.99282,
49733,2.93,
49734,2.96114,
49735,2.70997,
49736,2.91798,
49737,2.83225,
49738,2.70371,
49739,2.87679,
49740,2.96673,
49741,2.90767,
49742,2.62539,
49743,2.81667,
49744,2.87863,
49745,2.82618,
49746,2.80108,
49747,2.70215,
49748,2.7584,
49749,2.71984,
49750,2.87105,
49751,2.55968,
49752,2.61549,
49753,2.68273,
49754,2.767,
49755,2.85252,
49756,2.70026,
49757,2.54222,
49758,2.71012,
49759,2.65943,
49760,2.7664,
49761,2.64358,
49762,2.71068,
49763,2.90661,
49764,2.81622,
49765,2.86461,
49766,2.59569,
49767,2.76429,
49768,2.68073,
49769,2.75015,
49770,2.90217,
49771,2.61678,
49772,2.7433,
49773,2.62198,
49774,2.58127,
49775,2.7572,
49776,2.74592,
49777,2.7446,
49778,2.69527,
49779,2.88577,
49780,2.70526,
49781,2.70509,
49782,2.92896,
49783,2.92351,
49784,2.84676,
49785,2.89334,
49786,3.15261,
49787,2.9213,
49788,2.85606,
49789,3.03081,
49790,2.87042,
49791,2.9899,
49792,3.04109,
49793,2.92914,
49794,2.91921,
49795,2.93594,
49796,2.7259,
49797,2.94621,
49798,2.93221,
49799,2.76239,
49800,2.89859,
49801,2.85674,
49802,2.66984,
49803,2.85182,
49804,2.87058,
49805,2.73503,
49806,2.80873,
49807,2.8437,
49808,2.9887,
49809,2.79833,
49810,2.92025,
49811,2.83343,
49812,3.12479,
49813,3.16386,
49814,3.14861,
49815,3.17249,
49816,3.25639,
49817,3.14117,
49818,3.12554,
49819,3.2491,
49820,3.09252,
49821,3.18259,
49822,3.21975,
49823,3.17378,
49824,3.0716,
49825,3.2387,
49826,3.19523,
49827,3.20022,
49828,3.24756,
49829,3.14363,
49830,3.15488,
49831,3.10565,
49832,3.18525,
49833,2.86087,
49834,3.1106,
49835,2.54137,
49836,2.64701,
49837,2.60225,
49838,2.48177,
49839,2.56182,
49840,2.4663,
49841,2.82094,
49842,2.39982,
49843,2.61263,
49844,2.5507,
49845,2.70849,
49846,2.6432,
49847,2.46766,
49848,2.52346,
49849,2.71249,
49850,2.8132,
49851,2.81973,
49852,2.5943,
49853,2.49333,
49854,2.97286,
49855,3.07736,
49856,2.94442,
49857,3.02225,
49858,2.9816,
49859,2.9721,
49860,2.88115,
49861,2.71471,
49862,2.87388,
49863,3.0319,
49864,2.87165,
49865,2.94948,
49866,3.07269,
49867,3.091,
49868,2.96098,
49869,2.90351,
49870,2.70751,
49871,2.93739,
49872,2.87582,
49873,2.83987,
49874,2.63286,
49875,2.68251,
49876,2.63274,
49877,2.79631,
49878,2.88325,
49879,2.8011,
49880,2.80029,
49881,2.73069,
49882,2.80582,
49883,2.77373,
49884,2.94244,
49885,2.73342,
49886,2.72054,
49887,2.85539,
49888,2.65032,
49889,2.67921,
49890,2.70184,
49891,2.83266,
49892,3.00152,
49893,2.90336,
49894,2.69851,
49895,2.65634,
49896,2.56501,
49897,2.53039,
49898,2.57031,
49899,2.5774,
49900,2.82618,
49901,2.57946,
49902,2.60773,
49903,2.66083,
49904,2.78678,
49905,2.82968,
49906,2.93145,
49907,2.66798,
49908,3.06475,
49909,2.8526,
49910,3.05516,
49911,3.06909,
49912,2.89518,
49913,3.03628,
49914,2.89554,
49915,2.84394,
49916,2.95017,
49917,2.91281,
49918,2.79087,
49919,2.68081,
49920,2.67586,
49921,2.80905,
49922,2.74604,
49923,2.88415,
49924,2.92389,
49925,2.79414,
49926,2.92182,
49927,2.71938,
49928,2.9536,
49929,2.88639,
49930,2.73834,
49931,2.63739,
49932,2.90968,
49933,2.64477,
49934,2.71065,
49935,2.65996,
49936,2.51577,
49937,2.59035,
49938,2.66264,
49939,2.96316,
49940,2.9499,
49941,3.11483,
49942,3.15037,
49943,3.11729,
49944,3.01543,
49945,2.76704,
49946,2.85062,
49947,2.8233,
49948,2.97264,
49949,3.21314,
49950,2.91962,
49951,3.00622,
49952,2.83183,
49953,2.85384,
49954,3.09352,
49955,3.12247,
49956,3.13368,
49957,2.99721,
49958,3.2307,
49959,2.89854,
49960,2.95465,
49961,2.85973,
49962,2.92582,
49963,2.74469,
49964,2.82908,
49965,2.71813,
49966,2.69519,
49967,2.96779,
49968,2.63568,
49969,2.76464,
49970,2.8484,
49971,2.89099,
49972,2.91726,
49973,2.78906,
49974,2.86921,
49975,2.77139,
49976,2.69883,
49977,2.64952,
49978,2.69215,
49979,2.82416,
49980,2.56294,
49981,2.6639,
49982,2.87531,
49983,2.74752,
49984,3.05082,
49985,3.11039,
49986,3.05807,
49987,3.16924,
49988,3.08553,
49989,3.00085,
49990,2.85076,
49991,2.96486,
49992,2.791,
49993,2.80354,
49994,2.71557,
49995,2.75861,
49996,3.07567,
49997,3.06877,
49998,2.92425,
49999,3.05301,
50000,3.05442,
50001,2.81315,
50002,2.82469,
50003,2.89663,
50004,2.71117,
50005,2.85539,
50006,2.99896,
50007,2.9834,
50008,3.0537,
50009,3.14826,
50010,3.18961,
50011,2.71467,
50012,2.81605,
50013,3.00724,
50014,3.02153,
50015,2.89143,
50016,2.90659,
50017,3.10577,
50018,3.01599,
50019,3.11839,
50020,2.92717,
50021,2.87241,
50022,3.07196,
50023,2.75101,
50024,2.96681,
50025,2.97808,
50026,2.9206,
50027,2.89585,
50028,2.93967,
50029,3.145,
50030,2.97746,
50031,3.01659,
50032,2.92817,
50033,3.09839,
50034,3.01288,
50035,2.9947,
50036,2.91763,
50037,2.9516,
50038,2.94288,
50039,2.80248,
50040,2.89026,
50041,2.81774,
50042,2.94379,
50043,2.91555,
50044,2.98573,
50045,2.70433,
50046,2.8908,
50047,2.9267,
50048,2.87388,
50049,2.74518,
50050,2.72987,
50051,2.99557,
50052,2.73855,
50053,2.9638,
50054,1.92785,
50055,2.97356,
50056,2.93058,
50057,3.05298,
50058,3.1652,
50059,3.38791,
50060,3.01688,
50061,3.08056,
50062,2.99417,
50063,3.10649,
50064,3.10335,
50065,3.12535,
50066,3.03484,
50067,2.90403,
50068,2.97003,
50069,2.95856,
50070,3.1244,
50071,2.90419,
50072,3.03672,
50073,3.10508,
50074,3.01925,
50075,2.99336,
50076,2.88981,
50077,2.92193,
50078,3.00458,
50079,2.98082,
50080,2.96274,
50081,2.98448,
50082,2.81568,
50083,3.10196,
50084,3.07633,
50085,2.85387,
50086,2.97425,
50087,2.79614,
50088,2.76447,
50089,2.75214,
50090,2.60628,
50091,2.91897,
50092,2.79769,
50093,2.73934,
50094,2.86579,
50095,2.989,
50096,2.81666,
50097,2.77635,
50098,2.82728,
50099,2.78509,
50100,2.93599,
50101,2.79252,
50102,2.87112,
50103,3.0193,
50104,2.86866,
50105,2.94679,
50106,2.8675,
50107,2.77177,
50108,2.79814,
50109,2.84301,
50110,2.98013,
50111,2.86549,
50112,2.86787,
50113,2.89713,
50114,2.97499,
50115,2.81741,
50116,2.63417,
50117,2.80036,
50118,2.75863,
50119,2.89268,
50120,2.87897,
50121,2.6272,
50122,2.95553,
50123,3.05744,
50124,2.93485,
50125,2.86437,
50126,2.77738,
50127,3.05614,
50128,2.83144,
50129,2.58073,
50130,2.92218,
50131,2.87079,
50132,3.08051,
50133,2.86488,
50134,2.80242,
50135,2.91744,
50136,2.83655,
50137,2.83339,
50138,2.86381,
50139,2.81957,
50140,2.93593,
50141,2.89472,
50142,2.94402,
50143,2.70841,
50144,2.8071,
50145,2.74354,
50146,2.93532,
50147,2.94454,
50148,2.93723,
50149,2.9401,
50150,3.09092,
50151,2.83964,
50152,2.93535,
50153,2.95,
50154,2.75519,
50155,2.99348,
50156,3.00043,
50157,3.0908,
50158,2.89347,
50159,2.72439,
50160,2.72532,
50161,2.88905,
50162,2.76335,
50163,2.81313,
50164,2.67162,
50165,2.84648,
50166,3.03031,
50167,2.92115,
50168,2.83805,
50169,2.96662,
50170,2.82095,
50171,2.9437,
50172,2.83734,
50173,2.98955,
50174,2.97372,
50175,3.02866,
50176,2.96526,
50177,3.02228,
50178,2.94659,
50179,2.86875,
50180,3.01085,
50181,2.68829,
50182,2.78924,
50183,3.02404,
50184,2.85842,
50185,2.93115,
50186,2.74463,
50187,2.84584,
50188,2.98591,
50189,2.74857,
50190,2.84999,
50191,2.75746,
50192,2.69122,
50193,2.83907,
50194,2.63402,
50195,2.78409,
50196,2.7641,
50197,2.89797,
50198,2.8031,
50199,2.94535,
50200,2.98363,
50201,2.94557,
50202,2.80079,
50203,2.84958,
50204,2.70948,
50205,2.75549,
50206,2.66151,
50207,2.98867,
50208,2.87424,
50209,2.8914,
50210,3.04492,
50211,2.94628,
50212,2.81527,
50213,2.92389,
50214,2.86508,
50215,2.95611,
50216,2.95553,
50217,3.04871,
50218,3.12863,
50219,3.00146,
50220,2.95378,
50221,2.95858,
50222,2.85984,
50223,2.8686,
50224,2.72219,
50225,2.82521,
50226,2.69603,
50227,2.9191,
50228,2.80266,
50229,3.00738,
50230,2.81957,
50231,2.96781,
50232,3.05434,
50233,3.03285,
50234,3.13523,
50235,2.87227,
50236,2.77861,
50237,3.00124,
50238,2.76071,
50239,3.00084,
50240,2.8361,
50241,3.01943,
50242,3.08842,
50243,3.08376,
50244,2.80205,
50245,3.02404,
50246,2.9211,
50247,2.92998,
50248,2.90886,
50249,3.04763,
50250,2.78572,
50251,3.07538,
50252,2.6344,
50253,3.0193,
50254,3.00535,
50255,3.13348,
50256,2.91412,
50257,3.04221,
50258,3.04674,
50259,2.83499,
50260,2.99183,
50261,2.77905,
50262,2.86116,
50263,2.87977,
50264,3.128,
50265,3.09929,
50266,2.73444,
50267,2.93413,
50268,2.86152,
50269,2.99594,
50270,2.97759,
50271,3.17023,
50272,2.99221,
50273,2.90892,
50274,3.01663,
50275,3.04092,
50276,2.8733,
50277,2.82846,
50278,2.84908,
50279,2.88645,
50280,3.04633,
50281,3.04512,
50282,2.96209,
50283,2.92995,
50284,2.89069,
50285,2.7271,
50286,2.98016,
50287,2.83678,
50288,2.95083,
50289,2.92469,
50290,2.93181,
50291,2.90072,
50292,3.03224,
50293,3.0016,
50294,2.89229,
50295,2.92639,
50296,3.06108,
50297,2.77385,
50298,3.12552,
50299,2.98094,
50300,2.88203,
50301,2.81202,
50302,2.97273,
50303,2.96651,
50304,2.8656,
50305,2.81399,
50306,3.02419,
50307,2.77945,
50308,2.78751,
50309,2.91796,
50310,2.78061,
50311,2.72952,
50312,3.02507,
50313,3.01063,
50314,2.85178,
50315,2.84323,
50316,2.81153,
50317,2.96684,
50318,3.03332,
50319,2.68369,
50320,2.9027,
50321,2.88741,
50322,2.96744,
50323,2.99739,
50324,3.02069,
50325,2.85298,
50326,2.84297,
50327,2.94175,
50328,2.65642,
50329,2.72052,
50330,3.10525,
50331,2.85506,
50332,2.93254,
50333,2.7189,
50334,2.72077,
50335,2.95385,
50336,2.87253,
50337,2.70513,
50338,3.00541,
50339,2.9106,
50340,2.72705,
50341,2.83016,
50342,2.7666,
50343,2.86452,
50344,2.78569,
50345,2.72578,
50346,2.95302,
50347,2.84262,
50348,3.04947,
50349,3.07752,
50350,2.94393,
50351,3.06161,
50352,2.78083,
50353,2.91529,
50354,3.01803,
50355,2.97617,
50356,3.07413,
50357,3.184,
50358,3.23854,
50359,4.0355,
50360,2.96827,
50361,2.95185,
50362,2.98095,
50363,2.95535,
50364,2.88079,
50365,3.01225,
50366,2.91254,
50367,2.97387,
50368,2.89647,
50369,3.48706,
50370,2.9966,
50371,2.97866,
50372,2.65918,
50373,2.79656,
50374,3.05667,
50375,3.00371,
50376,3.08801,
50377,3.24205,
50378,3.09062,
50379,2.90491,
50380,2.94716,
50381,2.86581,
50382,3.10678,
50383,2.84549,
50384,2.90353,
50385,3.05413,
50386,3.03373,
50387,2.95451,
50388,2.7601,
50389,2.78351,
50390,2.81739,
50391,2.86882,
50392,2.81352,
50393,2.61336,
50394,3.03549,
50395,2.89674,
50396,2.73772,
50397,2.75965,
50398,2.86394,
50399,2.90471,
50400,2.93484,
50401,2.86096,
50402,2.98805,
50403,2.68097,
50404,2.83558,
50405,2.60311,
50406,2.95087,
50407,2.84971,
50408,2.81881,
50409,2.75011,
50410,2.87211,
50411,2.85046,
50412,2.81541,
50413,2.76366,
50414,2.7063,
50415,2.86907,
50416,2.83779,
50417,2.5728,
50418,2.65852,
50419,2.67979,
50420,2.86243,
50421,2.86241,
50422,2.81071,
50423,2.83177,
50424,2.89667,
50425,2.94346,
50426,2.68625,
50427,2.99177,
50428,2.8603,
50429,2.8663,
50430,2.82771,
50431,3.01691,
50432,3.08946,
50433,3.00152,
50434,2.81672,
50435,2.77147,
50436,3.12174,
50437,2.94801,
50438,2.98926,
50439,2.93142,
50440,2.78824,
50441,2.79744,
50442,2.96902,
50443,2.51042,
50444,2.67713,
50445,2.5426,
50446,2.71707,
50447,2.8836,
50448,2.97851,
50449,2.95882,
50450,2.91011,
50451,2.90183,
50452,2.7314,
50453,2.8177,
50454,2.86499,
50455,3.04973,
50456,2.87291,
50457,2.79662,
50458,2.4429,
50459,2.49695,
50460,2.95649,
50461,2.72586,
50462,2.87451,
50463,2.62501,
50464,2.78868,
50465,2.66557,
50466,2.67092,
50467,2.6869,
50468,2.72935,
50469,2.67855,
50470,2.7039,
50471,2.71458,
50472,2.94891,
50473,2.61969,
50474,2.87861,
50475,2.77209,
50476,3.06134,
50477,3.0339,
50478,2.99835,
50479,3.06315,
50480,3.0287,
50481,2.98254,
50482,2.78789,
50483,2.61836,
50484,2.92552,
50485,2.75895,
50486,2.79385,
50487,2.97928,
50488,2.87854,
50489,2.95266,
50490,2.89176,
50491,2.8337,
50492,2.77335,
50493,2.88098,
50494,2.9933,
50495,2.9494,
50496,2.91445,
50497,2.85036,
50498,2.76501,
50499,3.0547,
50500,2.74206,
50501,2.78318,
50502,2.90034,
50503,2.93118,
50504,2.81746,
50505,3.16326,
50506,3.03273,
50507,2.99896,
50508,2.83406,
50509,3.02426,
50510,2.96605,
50511,2.87887,
50512,2.95372,
50513,2.88326,
50514,2.90014,
50515,2.89951,
50516,2.95833,
50517,2.87613,
50518,2.71503,
50519,2.9411,
50520,2.82833,
50521,2.8256,
50522,2.56097,
50523,2.72651,
50524,2.53626,
50525,2.79671,
50526,2.90936,
50527,2.65016,
50528,2.71446,
50529,2.71076,
50530,2.89521,
50531,2.78589,
50532,2.83309,
50533,2.5847,
50534,2.84252,
50535,2.9087,
50536,2.90442,
50537,2.87432,
50538,2.95111,
50539,2.89951,
50540,3.01545,
50541,2.98494,
50542,2.94913,
50543,3.03463,
50544,2.8961,
50545,2.87343,
50546,2.63825,
50547,2.91244,
50548,2.8655,
50549,2.96658,
50550,2.88024,
50551,2.75441,
50552,2.86071,
50553,2.77934,
50554,2.87552,
50555,2.97176,
50556,3.0621,
50557,2.84465,
50558,2.7984,
50559,2.74279,
50560,2.94933,
50561,2.98309,
50562,3.00777,
50563,2.82969,
50564,2.99456,
50565,2.80337,
50566,2.88915,
50567,3.11647,
50568,2.87268,
50569,2.77839,
50570,2.71881,
50571,2.98697,
50572,3.00397,
50573,2.91802,
50574,2.94475,
50575,2.90398,
50576,3.0908,
50577,3.0135,
50578,3.21894,
50579,2.8514,
50580,2.90485,
50581,2.70497,
50582,2.85284,
50583,2.85231,
50584,2.86248,
50585,2.84131,
50586,3.05186,
50587,2.96243,
50588,2.84323,
50589,2.71068,
50590,2.77592,
50591,2.84409,
50592,2.89499,
50593,2.86654,
50594,2.99091,
50595,3.00844,
50596,3.03204,
50597,2.93844,
50598,2.82831,
50599,2.9895,
50600,2.69695,
50601,3.02889,
50602,3.12783,
50603,3.0007,
50604,3.06618,
50605,3.24532,
50606,3.34454,
50607,2.96631,
50608,3.00252,
50609,3.02784,
50610,3.14735,
50611,3.24985,
50612,3.05685,
50613,2.95082,
50614,2.94496,
50615,2.8737,
50616,2.98855,
50617,2.95768,
50618,2.95337,
50619,2.91517,
50620,2.81443,
50621,2.94893,
50622,3.2996,
50623,3.30902,
50624,3.27187,
50625,3.27643,
50626,3.2461,
50627,3.29871,
50628,3.28281,
50629,3.17421,
50630,3.27763,
50631,3.32805,
50632,3.27646,
50633,3.28387,
50634,3.26407,
50635,3.1828,
50636,3.27236,
50637,3.32163,
50638,3.3065,
50639,3.20611,
50640,3.16495,
50641,2.89795,
50642,3.14497,
50643,2.92114,
50644,2.9147,
50645,2.95781,
50646,2.93405,
50647,2.80627,
50648,2.94822,
50649,2.83495,
50650,2.91128,
50651,2.89976,
50652,2.77663,
50653,2.67946,
50654,2.97899,
50655,3.16038,
50656,3.02549,
50657,2.76602,
50658,2.92964,
50659,2.95984,
50660,2.87214,
50661,2.89883,
50662,2.97178,
50663,2.81753,
50664,2.845,
50665,2.73366,
50666,2.68011,
50667,3.01704,
50668,2.91478,
50669,2.83736,
50670,2.87146,
50671,2.7841,
50672,2.79367,
50673,2.72733,
50674,2.79022,
50675,2.94136,
50676,2.80674,
50677,2.74058,
50678,2.94063,
50679,2.89885,
50680,2.81101,
50681,2.82899,
50682,2.6627,
50683,2.69875,
50684,2.93428,
50685,2.63194,
50686,2.72436,
50687,2.7859,
50688,2.8605,
50689,2.73136,
50690,2.76547,
50691,2.83316,
50692,2.69841,
50693,2.67542,
50694,2.76189,
50695,2.84496,
50696,2.87126,
50697,2.87207,
50698,2.6826,
50699,2.93049,
50700,2.71334,
50701,2.87958,
50702,2.82653,
50703,2.85239,
50704,3.01699,
50705,2.79699,
50706,2.75829,
50707,2.93835,
50708,2.76806,
50709,2.68804,
50710,2.79392,
50711,3.01068,
50712,2.63405,
50713,2.65595,
50714,2.89054,
50715,2.69663,
50716,2.82212,
50717,2.78677,
50718,2.6856,
50719,2.67075,
50720,2.89191,
50721,2.84046,
50722,2.89326,
50723,2.81454,
50724,3.00806,
50725,2.91265,
50726,3.02411,
50727,2.89462,
50728,2.81564,
50729,2.94115,
50730,2.90532,
50731,2.94305,
50732,2.89418,
50733,2.90219,
50734,2.87878,
50735,2.62517,
50736,2.81693,
50737,2.88354,
50738,2.90956,
50739,2.91432,
50740,2.62507,
50741,2.8159,
50742,2.90872,
50743,2.80012,
50744,2.55326,
50745,2.68036,
50746,2.77334,
50747,2.74158,
50748,2.80154,
50749,2.56199,
50750,2.67472,
50751,2.62802,
50752,2.79309,
50753,2.89705,
50754,3.03472,
50755,3.09991,
50756,2.9577,
50757,2.8898,
50758,3.04358,
50759,3.06668,
50760,2.78315,
50761,2.94421,
50762,2.84314,
50763,2.86069,
50764,2.8203,
50765,3.12536,
50766,2.89733,
50767,2.86523,
50768,3.006,
50769,2.96729,
50770,2.87541,
50771,3.02609,
50772,2.81815,
50773,2.99138,
50774,2.99285,
50775,2.87592,
50776,2.85306,
50777,2.90865,
50778,2.64545,
50779,2.96619,
50780,2.93281,
50781,2.82484,
50782,2.93738,
50783,2.82458,
50784,2.89809,
50785,3.03195,
50786,2.93112,
50787,2.88109,
50788,2.85906,
50789,2.91109,
50790,2.73189,
50791,2.8714,
50792,2.90418,
50793,3.01958,
50794,2.78007,
50795,2.87353,
50796,2.78945,
50797,2.96242,
50798,2.93133,
50799,2.95403,
50800,2.69826,
50801,2.92407,
50802,2.81857,
50803,2.69496,
50804,2.8795,
50805,2.95364,
50806,2.91505,
50807,2.62365,
50808,2.81285,
50809,2.88109,
50810,2.84736,
50811,2.8024,
50812,2.68587,
50813,2.75994,
50814,2.711,
50815,2.8741,
50816,2.57175,
50817,2.60467,
50818,2.67468,
50819,2.76305,
50820,2.86081,
50821,2.70032,
50822,2.53787,
50823,2.71271,
50824,2.66487,
50825,2.78224,
50826,2.65262,
50827,2.71636,
50828,2.90368,
50829,2.80287,
50830,2.86939,
50831,2.59231,
50832,2.77783,
50833,2.68573,
50834,2.75278,
50835,2.89334,
50836,2.61991,
50837,2.74619,
50838,2.62481,
50839,2.57887,
50840,2.75414,
50841,2.74361,
50842,2.7528,
50843,2.68951,
50844,2.87709,
50845,2.70354,
50846,2.69361,
50847,2.93007,
50848,2.92691,
50849,2.85135,
50850,2.8911,
50851,3.15111,
50852,2.92576,
50853,2.84498,
50854,3.01893,
50855,2.8634,
50856,2.98124,
50857,3.05283,
50858,2.89877,
50859,2.92011,
50860,2.93905,
50861,2.72403,
50862,2.96804,
50863,2.93713,
50864,2.7594,
50865,2.892,
50866,2.87133,
50867,2.67145,
50868,2.85895,
50869,2.8764,
50870,2.72143,
50871,2.79736,
50872,2.85381,
50873,2.97687,
50874,2.81374,
50875,2.90999,
50876,2.82124,
50877,3.12557,
50878,3.17272,
50879,3.1479,
50880,3.17063,
50881,3.25159,
50882,3.12775,
50883,3.10669,
50884,3.25011,
50885,3.09122,
50886,3.18886,
50887,3.21062,
50888,3.17654,
50889,3.0762,
50890,3.23788,
50891,3.2063,
50892,3.19837,
50893,3.2443,
50894,3.1374,
50895,3.1676,
50896,3.11466,
50897,3.18491,
50898,2.85766,
50899,3.11072,
50900,2.5461,
50901,2.6331,
50902,2.60134,
50903,2.47268,
50904,2.55348,
50905,2.47176,
50906,2.82846,
50907,2.40296,
50908,2.61465,
50909,2.54841,
50910,2.70892,
50911,2.63573,
50912,2.46102,
50913,2.53389,
50914,2.71301,
50915,2.82077,
50916,2.8285,
50917,2.59341,
50918,2.50466,
50919,2.97438,
50920,3.07341,
50921,2.92526,
50922,3.00752,
50923,2.98335,
50924,2.9594,
50925,2.87457,
50926,2.71003,
50927,2.85371,
50928,3.03205,
50929,2.88985,
50930,2.9487,
50931,3.07175,
50932,3.07943,
50933,2.9764,
50934,2.89343,
50935,2.70811,
50936,2.93601,
50937,2.87876,
50938,2.83892,
50939,2.63279,
50940,2.68783,
50941,2.62515,
50942,2.79773,
50943,2.8929,
50944,2.80926,
50945,2.80504,
50946,2.71822,
50947,2.82126,
50948,2.76027,
50949,2.93119,
50950,2.72574,
50951,2.7179,
50952,2.85251,
50953,2.63293,
50954,2.67268,
50955,2.69897,
50956,2.81754,
50957,2.98282,
50958,2.90668,
50959,2.69336,
50960,2.6482,
50961,2.56176,
50962,2.51513,
50963,2.58152,
50964,2.56959,
50965,2.82324,
50966,2.58185,
50967,2.6106,
50968,2.66347,
50969,2.7846,
50970,2.81543,
50971,2.93759,
50972,2.66574,
50973,3.07505,
50974,2.86126,
50975,3.05233,
50976,3.06582,
50977,2.88992,
50978,3.03104,
50979,2.89647,
50980,2.83212,
50981,2.95324,
50982,2.89638,
50983,2.78863,
50984,2.66443,
50985,2.66332,
50986,2.79349,
50987,2.73574,
50988,2.88664,
50989,2.91859,
50990,2.79346,
50991,2.91114,
50992,2.71251,
50993,2.95207,
50994,2.92165,
50995,2.73775,
50996,2.63111,
50997,2.89517,
50998,2.649,
50999,2.71429,
51000,2.65558,
51001,2.51677,
51002,2.58802,
51003,2.66752,
51004,2.96264,
51005,2.96299,
51006,3.11084,
51007,3.14663,
51008,3.10352,
51009,3.02541,
51010,2.75322,
51011,2.86033,
51012,2.81517,
51013,2.97587,
51014,3.2205,
51015,2.90476,
51016,3.00027,
51017,2.83381,
51018,2.83511,
51019,3.08664,
51020,3.11275,
51021,3.12972,
51022,2.99422,
51023,3.23898,
51024,2.9045,
51025,2.9535,
51026,2.86325,
51027,2.92324,
51028,2.73054,
51029,2.8298,
51030,2.72101,
51031,2.68959,
51032,2.95122,
51033,2.62377,
51034,2.7609,
51035,2.83429,
51036,2.89329,
51037,2.9131,
51038,2.78735,
51039,2.86293,
51040,2.7635,
51041,2.70866,
51042,2.65181,
51043,2.69246,
51044,2.8278,
51045,2.56514,
51046,2.66853,
51047,2.87793,
51048,2.74012,
51049,3.05059,
51050,3.1119,
51051,3.05922,
51052,3.16507,
51053,3.08062,
51054,3.00779,
51055,2.84665,
51056,2.9535,
51057,2.79109,
51058,2.79223,
51059,2.70753,
51060,2.75598,
51061,3.07897,
51062,3.06237,
51063,2.92363,
51064,3.05688,
51065,3.05662,
51066,2.81729,
51067,2.82418,
51068,2.90386,
51069,2.73301,
51070,2.85774,
51071,3.0027,
51072,2.96761,
51073,3.04205,
51074,3.15311,
51075,3.16371,
51076,2.71274,
51077,2.81413,
51078,3.00381,
51079,3.01912,
51080,2.88356,
51081,2.90375,
51082,3.10437,
51083,3.02461,
51084,3.12448,
51085,2.91635,
51086,2.88201,
51087,3.05851,
51088,2.75713,
51089,2.96535,
51090,2.96722,
51091,2.91329,
51092,2.8869,
51093,2.94966,
51094,3.12318,
51095,2.98244,
51096,3.00753,
51097,2.92584,
51098,3.10407,
51099,3.00586,
51100,2.98813,
51101,2.89854,
51102,2.94907,
51103,2.93718,
51104,2.80126,
51105,2.87474,
51106,2.81659,
51107,2.94627,
51108,2.91447,
51109,2.97804,
51110,2.71802,
51111,2.90926,
51112,2.92688,
51113,2.87283,
51114,2.73408,
51115,2.73665,
51116,2.99351,
51117,2.74088,
51118,2.97402,
51119,1.92268,
51120,2.98241,
51121,2.93324,
51122,3.0576,
51123,3.16212,
51124,3.38759,
51125,3.01823,
51126,3.07046,
51127,2.98613,
51128,3.10934,
51129,3.11334,
51130,3.12535,
51131,3.03313,
51132,2.89231,
51133,2.95958,
51134,2.95899,
51135,3.12302,
51136,2.89458,
51137,3.04738,
51138,3.09585,
51139,3.03328,
51140,2.98729,
51141,2.88379,
51142,2.91962,
51143,3.00377,
51144,2.98499,
51145,2.95967,
51146,2.98577,
51147,2.82708,
51148,3.10044,
51149,3.06431,
51150,2.85118,
51151,2.98317,
51152,2.79287,
51153,2.76535,
51154,2.74379,
51155,2.61675,
51156,2.91852,
51157,2.79799,
51158,2.75284,
51159,2.85665,
51160,2.98391,
51161,2.82018,
51162,2.78316,
51163,2.8371,
51164,2.76453,
51165,2.93712,
51166,2.79392,
51167,2.86552,
51168,2.9975,
51169,2.87786,
51170,2.96244,
51171,2.85759,
51172,2.77815,
51173,2.80577,
51174,2.83303,
51175,2.98161,
51176,2.87194,
51177,2.87,
51178,2.90114,
51179,2.9784,
51180,2.81475,
51181,2.63037,
51182,2.80037,
51183,2.74803,
51184,2.89152,
51185,2.87773,
51186,2.61991,
51187,2.95005,
51188,3.04997,
51189,2.91961,
51190,2.87178,
51191,2.76677,
51192,3.05075,
51193,2.8342,
51194,2.59107,
51195,2.91584,
51196,2.86802,
51197,3.07873,
51198,2.87284,
51199,2.78722,
51200,2.92857,
51201,2.83003,
51202,2.84245,
51203,2.87075,
51204,2.81034,
51205,2.94333,
51206,2.89182,
51207,2.92732,
51208,2.69396,
51209,2.80192,
51210,2.75862,
51211,2.93339,
51212,2.94349,
51213,2.92303,
51214,2.93824,
51215,3.08361,
51216,2.84718,
51217,2.94439,
51218,2.9569,
51219,2.75225,
51220,2.99691,
51221,2.99606,
51222,3.09793,
51223,2.88712,
51224,2.70791,
51225,2.7387,
51226,2.89392,
51227,2.7691,
51228,2.8262,
51229,2.67484,
51230,2.85502,
51231,3.03769,
51232,2.91115,
51233,2.83838,
51234,2.97841,
51235,2.81127,
51236,2.93071,
51237,2.85173,
51238,2.98198,
51239,2.97762,
51240,3.01631,
51241,2.95856,
51242,3.01598,
51243,2.94302,
51244,2.86479,
51245,3.00408,
51246,2.67876,
51247,2.79309,
51248,3.00875,
51249,2.85502,
51250,2.92719,
51251,2.74568,
51252,2.85663,
51253,2.98355,
51254,2.74291,
51255,2.84826,
51256,2.76551,
51257,2.68654,
51258,2.83064,
51259,2.63183,
51260,2.77638,
51261,2.77535,
51262,2.90875,
51263,2.8005,
51264,2.93224,
51265,2.97747,
51266,2.94663,
51267,2.78181,
51268,2.83758,
51269,2.69785,
51270,2.75632,
51271,2.66719,
51272,2.99769,
51273,2.87058,
51274,2.89057,
51275,3.04948,
51276,2.94365,
51277,2.79878,
51278,2.94101,
51279,2.86885,
51280,2.95304,
51281,2.9683,
51282,3.05503,
51283,3.12989,
51284,2.99824,
51285,2.95271,
51286,2.95919,
51287,2.86534,
51288,2.86194,
51289,2.72256,
51290,2.80502,
51291,2.70103,
51292,2.91962,
51293,2.80965,
51294,2.99626,
51295,2.82755,
51296,2.97414,
51297,3.06577,
51298,3.03707,
51299,3.13667,
51300,2.87293,
51301,2.78336,
51302,3.00156,
51303,2.75185,
51304,2.98826,
51305,2.8339,
51306,3.00978,
51307,3.08593,
51308,3.0724,
51309,2.7943,
51310,3.02382,
51311,2.91783,
51312,2.92596,
51313,2.89535,
51314,3.03167,
51315,2.78423,
51316,3.07292,
51317,2.62248,
51318,3.02629,
51319,2.99879,
51320,3.13165,
51321,2.91361,
51322,3.02876,
51323,3.04267,
51324,2.83553,
51325,2.99723,
51326,2.77698,
51327,2.8553,
51328,2.89107,
51329,3.12303,
51330,3.08674,
51331,2.74353,
51332,2.92331,
51333,2.87262,
51334,2.99374,
51335,2.98066,
51336,3.17999,
51337,2.97689,
51338,2.91817,
51339,3.02118,
51340,3.05346,
51341,2.88201,
51342,2.826,
51343,2.8503,
51344,2.87072,
51345,3.02094,
51346,3.038,
51347,2.96886,
51348,2.93389,
51349,2.88678,
51350,2.71495,
51351,2.99123,
51352,2.84516,
51353,2.9457,
51354,2.90308,
51355,2.92798,
51356,2.90447,
51357,3.03594,
51358,3.00952,
51359,2.87893,
51360,2.93488,
51361,3.06661,
51362,2.75522,
51363,3.11362,
51364,2.97733,
51365,2.88034,
51366,2.81075,
51367,2.96715,
51368,2.96266,
51369,2.86126,
51370,2.82094,
51371,3.03324,
51372,2.76724,
51373,2.79109,
51374,2.92116,
51375,2.76722,
51376,2.7213,
51377,3.00399,
51378,3.0093,
51379,2.84235,
51380,2.84817,
51381,2.80394,
51382,2.96465,
51383,3.04529,
51384,2.66605,
51385,2.90023,
51386,2.89162,
51387,2.98315,
51388,2.98189,
51389,3.02296,
51390,2.84738,
51391,2.84361,
51392,2.93561,
51393,2.6509,
51394,2.7184,
51395,3.12239,
51396,2.83775,
51397,2.92671,
51398,2.7038,
51399,2.71959,
51400,2.96357,
51401,2.85968,
51402,2.6884,
51403,3.00298,
51404,2.91496,
51405,2.73663,
51406,2.84128,
51407,2.76583,
51408,2.86796,
51409,2.77401,
51410,2.73772,
51411,2.9318,
51412,2.8511,
51413,3.04325,
51414,3.0827,
51415,2.94038,
51416,3.05899,
51417,2.76814,
51418,2.9108,
51419,3.0257,
51420,2.9697,
51421,3.08028,
51422,3.1798,
51423,3.24338,
51424,4.0395,
51425,2.97031,
51426,2.95673,
51427,2.98036,
51428,2.95527,
51429,2.88012,
51430,3.03256,
51431,2.91821,
51432,2.98555,
51433,2.88168,
51434,3.49688,
51435,2.99793,
51436,2.99151,
51437,2.6623,
51438,2.78058,
51439,3.06629,
51440,2.99937,
51441,3.09268,
51442,3.24459,
51443,3.09351,
51444,2.89758,
51445,2.94213,
51446,2.85977,
51447,3.08342,
51448,2.84492,
51449,2.88627,
51450,3.0556,
51451,3.028,
51452,2.94434,
51453,2.75958,
51454,2.78279,
51455,2.8119,
51456,2.84863,
51457,2.8068,
51458,2.6135,
51459,3.037,
51460,2.88792,
51461,2.72917,
51462,2.74608,
51463,2.84715,
51464,2.89498,
51465,2.92452,
51466,2.8525,
51467,2.98611,
51468,2.68645,
51469,2.82897,
51470,2.59082,
51471,2.9493,
51472,2.83246,
51473,2.83323,
51474,2.74369,
51475,2.89084,
51476,2.83935,
51477,2.8063,
51478,2.73574,
51479,2.70126,
51480,2.86631,
51481,2.80536,
51482,2.56545,
51483,2.6579,
51484,2.68448,
51485,2.86726,
51486,2.85382,
51487,2.81884,
51488,2.82641,
51489,2.90775,
51490,2.92714,
51491,2.67862,
51492,2.99982,
51493,2.85611,
51494,2.86777,
51495,2.82459,
51496,3.03171,
51497,3.09105,
51498,2.99695,
51499,2.8088,
51500,2.77092,
51501,3.11644,
51502,2.95846,
51503,2.98302,
51504,2.92176,
51505,2.79632,
51506,2.78731,
51507,2.95561,
51508,2.505,
51509,2.6815,
51510,2.55092,
51511,2.72231,
51512,2.85239,
51513,2.97221,
51514,2.95119,
51515,2.92256,
51516,2.90685,
51517,2.72522,
51518,2.82462,
51519,2.89233,
51520,3.04309,
51521,2.86233,
51522,2.80492,
51523,2.42986,
51524,2.48748,
51525,2.95997,
51526,2.72189,
51527,2.8734,
51528,2.62452,
51529,2.78255,
51530,2.65819,
51531,2.66523,
51532,2.69424,
51533,2.7258,
51534,2.68996,
51535,2.6925,
51536,2.72108,
51537,2.94509,
51538,2.63056,
51539,2.87234,
51540,2.76561,
51541,3.06487,
51542,3.02252,
51543,2.99439,
51544,3.07521,
51545,3.03867,
51546,2.97893,
51547,2.77853,
51548,2.61842,
51549,2.91967,
51550,2.77632,
51551,2.78926,
51552,2.97301,
51553,2.87688,
51554,2.95342,
51555,2.88853,
51556,2.82312,
51557,2.76825,
51558,2.88293,
51559,2.98632,
51560,2.97236,
51561,2.92609,
51562,2.86282,
51563,2.78048,
51564,3.05665,
51565,2.742,
51566,2.77272,
51567,2.89133,
51568,2.92176,
51569,2.82487,
51570,3.16549,
51571,3.03834,
51572,2.9969,
51573,2.82041,
51574,3.02135,
51575,2.96375,
51576,2.86622,
51577,2.94644,
51578,2.88483,
51579,2.90241,
51580,2.89762,
51581,2.94537,
51582,2.87689,
51583,2.71951,
51584,2.94377,
51585,2.82995,
51586,2.81774,
51587,2.5601,
51588,2.7284,
51589,2.54332,
51590,2.79602,
51591,2.90204,
51592,2.64268,
51593,2.72742,
51594,2.71969,
51595,2.90269,
51596,2.7797,
51597,2.83441,
51598,2.57926,
51599,2.84068,
51600,2.91508,
51601,2.89682,
51602,2.87848,
51603,2.94571,
51604,2.89073,
51605,3.00928,
51606,2.99652,
51607,2.9316,
51608,3.0367,
51609,2.88628,
51610,2.87515,
51611,2.62823,
51612,2.92197,
51613,2.85903,
51614,2.95162,
51615,2.87711,
51616,2.7648,
51617,2.85504,
51618,2.77268,
51619,2.89014,
51620,2.96859,
51621,3.05764,
51622,2.83837,
51623,2.81002,
51624,2.74389,
51625,2.94945,
51626,2.98029,
51627,3.00457,
51628,2.82693,
51629,3.01941,
51630,2.81264,
51631,2.88317,
51632,3.11599,
51633,2.86804,
51634,2.79128,
51635,2.70511,
51636,2.98591,
51637,3.00641,
51638,2.90684,
51639,2.94596,
51640,2.90956,
51641,3.09029,
51642,3.01832,
51643,3.21454,
51644,2.83661,
51645,2.90728,
51646,2.70732,
51647,2.84017,
51648,2.85891,
51649,2.86888,
51650,2.84866,
51651,3.04303,
51652,2.97498,
51653,2.84393,
51654,2.7072,
51655,2.78162,
51656,2.85817,
51657,2.90172,
51658,2.88056,
51659,2.98133,
51660,3.00022,
51661,3.02724,
51662,2.91134,
51663,2.81713,
51664,2.99166,
51665,2.68408,
51666,3.01732,
51667,3.13844,
51668,2.99779,
51669,3.06403,
51670,3.23705,
51671,3.33177,
51672,2.94977,
51673,2.99376,
51674,3.04013,
51675,3.14428,
51676,3.25604,
51677,3.04929,
51678,2.94459,
51679,2.9363,
51680,2.86279,
51681,2.98654,
51682,2.97055,
51683,2.95339,
51684,2.91935,
51685,2.82241,
51686,2.96419,
51687,3.29086,
51688,3.31198,
51689,3.26262,
51690,3.26194,
51691,3.25042,
51692,3.29478,
51693,3.27802,
51694,3.17838,
51695,3.27575,
51696,3.32567,
51697,3.27325,
51698,3.27796,
51699,3.25658,
51700,3.18448,
51701,3.26486,
51702,3.31597,
51703,3.3179,
51704,3.21028,
51705,3.17864,
51706,2.90353,
51707,3.13485,
51708,2.90945,
51709,2.89015,
51710,2.93679,
51711,2.94318,
51712,2.81901,
51713,2.94198,
51714,2.83166,
51715,2.9011,
51716,2.91313,
51717,2.77189,
51718,2.67298,
51719,2.97208,
51720,3.15713,
51721,3.02534,
51722,2.76453,
51723,2.93744,
51724,2.96341,
51725,2.87464,
51726,2.9166,
51727,2.96524,
51728,2.81813,
51729,2.85237,
51730,2.72923,
51731,2.67594,
51732,3.01689,
51733,2.9154,
51734,2.83263,
51735,2.84686,
51736,2.7765,
51737,2.77612,
51738,2.7189,
51739,2.78114,
51740,2.92468,
51741,2.80152,
51742,2.72768,
51743,2.93866,
51744,2.89945,
51745,2.81223,
51746,2.83638,
51747,2.66473,
51748,2.70734,
51749,2.9301,
51750,2.61721,
51751,2.72155,
51752,2.7874,
51753,2.87143,
51754,2.73039,
51755,2.77123,
51756,2.84107,
51757,2.69711,
51758,2.68225,
51759,2.75818,
51760,2.84277,
51761,2.86497,
51762,2.85552,
51763,2.68776,
51764,2.9349,
51765,2.69699,
51766,2.88401,
51767,2.8255,
51768,2.84503,
51769,3.0082,
51770,2.79474,
51771,2.7536,
51772,2.91721,
51773,2.76294,
51774,2.67354,
51775,2.78067,
51776,3.01961,
51777,2.63151,
51778,2.65258,
51779,2.86583,
51780,2.70624,
51781,2.82467,
51782,2.78581,
51783,2.68309,
51784,2.68441,
51785,2.8895,
51786,2.8463,
51787,2.90231,
51788,2.79542,
51789,3.00357,
51790,2.90008,
51791,3.00661,
51792,2.89834,
51793,2.80509,
51794,2.93702,
51795,2.90051,
51796,2.93686,
51797,2.87876,
51798,2.89494,
51799,2.87424,
51800,2.60687,
51801,2.81117,
51802,2.88643,
51803,2.90267,
51804,2.90725,
51805,2.59654,
51806,2.82705,
51807,2.90514,
51808,2.79617,
51809,2.5626,
51810,2.67115,
51811,2.77428,
51812,2.75331,
51813,2.7923,
51814,2.5671,
51815,2.66941,
51816,2.6232,
51817,2.79278,
51818,2.90618,
51819,3.02433,
51820,3.09913,
51821,2.95235,
51822,2.87999,
51823,3.0445,
51824,3.06593,
51825,2.78156,
51826,2.93935,
51827,2.84146,
51828,2.86067,
51829,2.80391,
51830,3.09793,
51831,2.90754,
51832,2.86519,
51833,3.01722,
51834,2.97211,
51835,2.87841,
51836,3.03876,
51837,2.82267,
51838,2.97624,
51839,2.98528,
51840,2.87478,
51841,2.85403,
51842,2.907,
51843,2.63807,
51844,2.96295,
51845,2.92136,
51846,2.81781,
51847,2.92302,
51848,2.82346,
51849,2.89318,
51850,3.03239,
51851,2.91851,
51852,2.87689,
51853,2.8588,
51854,2.89771,
51855,2.72551,
51856,2.85999,
51857,2.89392,
51858,3.01496,
51859,2.77856,
51860,2.88953,
51861,2.79329,
51862,2.96772,
51863,2.91792,
51864,2.94732,
51865,2.71413,
51866,2.91948,
51867,2.82226,
51868,2.70374,
51869,2.88471,
51870,2.95702,
51871,2.90537,
51872,2.61328,
51873,2.80254,
51874,2.89406,
51875,2.82775,
51876,2.80754,
51877,2.70507,
51878,2.76417,
51879,2.72027,
51880,2.87477,
51881,2.55618,
51882,2.61482,
51883,2.68107,
51884,2.76704,
51885,2.84314,
51886,2.70075,
51887,2.55917,
51888,2.7128,
51889,2.67392,
51890,2.7575,
51891,2.65096,
51892,2.71577,
51893,2.90118,
51894,2.8146,
51895,2.8669,
51896,2.59258,
51897,2.77972,
51898,2.67134,
51899,2.76069,
51900,2.89115,
51901,2.61829,
51902,2.73499,
51903,2.62754,
51904,2.58737,
51905,2.76727,
51906,2.7399,
51907,2.74577,
51908,2.68849,
51909,2.87079,
51910,2.7216,
51911,2.6955,
51912,2.93356,
51913,2.93666,
51914,2.84109,
51915,2.89356,
51916,3.15563,
51917,2.91473,
51918,2.83737,
51919,3.02547,
51920,2.86084,
51921,2.97717,
51922,3.02793,
51923,2.90923,
51924,2.91802,
51925,2.93957,
51926,2.72695,
51927,2.94833,
51928,2.9367,
51929,2.76724,
51930,2.8915,
51931,2.85645,
51932,2.68107,
51933,2.85434,
51934,2.8805,
51935,2.72114,
51936,2.81154,
51937,2.85214,
51938,2.98788,
51939,2.8079,
51940,2.934,
51941,2.81958,
51942,3.12921,
51943,3.16853,
51944,3.14115,
51945,3.15692,
51946,3.25159,
51947,3.13229,
51948,3.11805,
51949,3.25942,
51950,3.09488,
51951,3.19017,
51952,3.22112,
51953,3.17957,
51954,3.07432,
51955,3.24108,
51956,3.19977,
51957,3.19849,
51958,3.23887,
51959,3.14217,
51960,3.17701,
51961,3.11242,
51962,3.17424,
51963,2.84953,
51964,3.10799,
51965,2.53446,
51966,2.63865,
51967,2.58768,
51968,2.47327,
51969,2.55064,
51970,2.46495,
51971,2.81431,
51972,2.39467,
51973,2.62136,
51974,2.54057,
51975,2.70077,
51976,2.63618,
51977,2.45867,
51978,2.51354,
51979,2.70701,
51980,2.8074,
51981,2.83575,
51982,2.59798,
51983,2.49921,
51984,2.9639,
51985,3.0694,
51986,2.91235,
51987,3.00589,
51988,2.97582,
51989,2.95029,
51990,2.86489,
51991,2.71085,
51992,2.84864,
51993,3.02832,
51994,2.87377,
51995,2.94608,
51996,3.06065,
51997,3.07672,
51998,2.96482,
51999,2.89547,
52000,2.71323,
52001,2.93802,
52002,2.87134,
52003,2.83373,
52004,2.63624,
52005,2.68805,
52006,2.6424,
52007,2.81533,
52008,2.88458,
52009,2.78595,
52010,2.78675,
52011,2.70586,
52012,2.8044,
52013,2.75599,
52014,2.92329,
52015,2.72219,
52016,2.70766,
52017,2.84627,
52018,2.62221,
52019,2.67703,
52020,2.69422,
52021,2.81136,
52022,2.97217,
52023,2.89193,
52024,2.69242,
52025,2.6505,
52026,2.54352,
52027,2.52752,
52028,2.57816,
52029,2.55792,
52030,2.81942,
52031,2.56613,
52032,2.60305,
52033,2.66598,
52034,2.79272,
52035,2.81235,
52036,2.9382,
52037,2.65359,
52038,3.05973,
52039,2.84478,
52040,3.05835,
52041,3.0532,
52042,2.87751,
52043,3.02829,
52044,2.89796,
52045,2.83326,
52046,2.9617,
52047,2.88338,
52048,2.76933,
52049,2.65817,
52050,2.669,
52051,2.79319,
52052,2.75156,
52053,2.88767,
52054,2.92427,
52055,2.78559,
52056,2.92719,
52057,2.72113,
52058,2.96026,
52059,2.87791,
52060,2.74765,
52061,2.64524,
52062,2.896,
52063,2.63136,
52064,2.70569,
52065,2.6652,
52066,2.51206,
52067,2.58872,
52068,2.68464,
52069,2.94732,
52070,2.96188,
52071,3.10138,
52072,3.13075,
52073,3.10177,
52074,3.01863,
52075,2.75301,
52076,2.84145,
52077,2.81604,
52078,2.97246,
52079,3.22253,
52080,2.90861,
52081,2.9845,
52082,2.81742,
52083,2.83386,
52084,3.08507,
52085,3.09526,
52086,3.12215,
52087,3.0027,
52088,3.22908,
52089,2.88894,
52090,2.95089,
52091,2.86438,
52092,2.91473,
52093,2.73736,
52094,2.82377,
52095,2.71712,
52096,2.68297,
52097,2.9659,
52098,2.63618,
52099,2.7517,
52100,2.84052,
52101,2.88775,
52102,2.91455,
52103,2.78255,
52104,2.87025,
52105,2.77146,
52106,2.70483,
52107,2.64724,
52108,2.69147,
52109,2.81976,
52110,2.55633,
52111,2.66338,
52112,2.86756,
52113,2.75992,
52114,3.03205,
52115,3.11329,
52116,3.04521,
52117,3.16447,
52118,3.07523,
52119,2.99448,
52120,2.83178,
52121,2.95607,
52122,2.79115,
52123,2.77934,
52124,2.70102,
52125,2.75891,
52126,3.06966,
52127,3.05802,
52128,2.92434,
52129,3.04223,
52130,3.04261,
52131,2.81707,
52132,2.8193,
52133,2.88751,
52134,2.71908,
52135,2.85702,
52136,2.99941,
52137,2.96955,
52138,3.04207,
52139,3.15522,
52140,3.17369,
52141,2.71929,
52142,2.81221,
52143,2.99861,
52144,3.01663,
52145,2.87248,
52146,2.90037,
52147,3.09917,
52148,3.02037,
52149,3.11547,
52150,2.91957,
52151,2.86673,
52152,3.07499,
52153,2.75645,
52154,2.95798,
52155,2.97052,
52156,2.91779,
52157,2.9006,
52158,2.94875,
52159,3.12988,
52160,2.97229,
52161,3.0147,
52162,2.92903,
52163,3.09762,
52164,3.01533,
52165,2.99216,
52166,2.89429,
52167,2.93891,
52168,2.95753,
52169,2.79182,
52170,2.88097,
52171,2.82428,
52172,2.9543,
52173,2.91919,
52174,2.97754,
52175,2.7011,
52176,2.90112,
52177,2.92724,
52178,2.87778,
52179,2.73169,
52180,2.73861,
52181,3.0067,
52182,2.74445,
52183,2.97497,
52184,1.92003,
52185,2.97485,
52186,2.93674,
52187,3.0457,
52188,3.16261,
52189,3.37429,
52190,3.00806,
52191,3.06717,
52192,2.98416,
52193,3.11387,
52194,3.11124,
52195,3.1181,
52196,3.03633,
52197,2.90887,
52198,2.9606,
52199,2.96415,
52200,3.12256,
52201,2.89879,
52202,3.03728,
52203,3.09601,
52204,3.0303,
52205,2.99796,
52206,2.89165,
52207,2.92515,
52208,3.01572,
52209,2.98461,
52210,2.97537,
52211,2.98762,
52212,2.82811,
52213,3.10274,
52214,3.07793,
52215,2.85225,
52216,2.9662,
52217,2.79566,
52218,2.77264,
52219,2.75832,
52220,2.60266,
52221,2.92052,
52222,2.80143,
52223,2.74183,
52224,2.85929,
52225,2.97474,
52226,2.82699,
52227,2.78385,
52228,2.8332,
52229,2.7679,
52230,2.9446,
52231,2.79401,
52232,2.87384,
52233,2.99525,
52234,2.87386,
52235,2.94814,
52236,2.8547,
52237,2.76103,
52238,2.80841,
52239,2.82511,
52240,3.00342,
52241,2.86123,
52242,2.87807,
52243,2.89695,
52244,2.98184,
52245,2.81373,
52246,2.62678,
52247,2.81016,
52248,2.76864,
52249,2.88845,
52250,2.88251,
52251,2.64182,
52252,2.95112,
52253,3.0456,
52254,2.92871,
52255,2.8572,
52256,2.77366,
52257,3.05315,
52258,2.84181,
52259,2.58429,
52260,2.91577,
52261,2.85846,
52262,3.07975,
52263,2.88494,
52264,2.79107,
52265,2.91669,
52266,2.83574,
52267,2.83287,
52268,2.85824,
52269,2.80854,
52270,2.9274,
52271,2.88547,
52272,2.93126,
52273,2.6902,
52274,2.79617,
52275,2.73992,
52276,2.94259,
52277,2.94069,
52278,2.92377,
52279,2.93921,
52280,3.08188,
52281,2.82761,
52282,2.93825,
52283,2.94917,
52284,2.75659,
52285,2.97947,
52286,3.00082,
52287,3.09752,
52288,2.8841,
52289,2.71124,
52290,2.73139,
52291,2.89245,
52292,2.76115,
52293,2.81605,
52294,2.66625,
52295,2.85926,
52296,3.03611,
52297,2.92205,
52298,2.84393,
52299,2.96202,
52300,2.80729,
52301,2.93341,
52302,2.84297,
52303,2.99465,
52304,2.95913,
52305,3.01636,
52306,2.9621,
52307,3.02652,
52308,2.96244,
52309,2.86742,
52310,2.99506,
52311,2.69082,
52312,2.78683,
52313,3.01605,
52314,2.85088,
52315,2.92975,
52316,2.73276,
52317,2.84298,
52318,2.99153,
52319,2.74171,
52320,2.86333,
52321,2.75494,
52322,2.68155,
52323,2.83364,
52324,2.6375,
52325,2.77565,
52326,2.77246,
52327,2.89782,
52328,2.79633,
52329,2.93282,
52330,2.98243,
52331,2.93889,
52332,2.7822,
52333,2.84187,
52334,2.69713,
52335,2.74924,
52336,2.6784,
52337,2.98882,
52338,2.86941,
52339,2.89912,
52340,3.05216,
52341,2.93768,
52342,2.79922,
52343,2.92093,
52344,2.86132,
52345,2.95396,
52346,2.95677,
52347,3.04711,
52348,3.13468,
52349,3.0121,
52350,2.94928,
52351,2.95632,
52352,2.85913,
52353,2.87056,
52354,2.71466,
52355,2.81043,
52356,2.69639,
52357,2.91469,
52358,2.80254,
52359,3.00274,
52360,2.82036,
52361,2.97869,
52362,3.07205,
52363,3.03664,
52364,3.14793,
52365,2.87538,
52366,2.78075,
52367,3.00333,
52368,2.75671,
52369,2.99773,
52370,2.83287,
52371,3.00515,
52372,3.08856,
52373,3.05674,
52374,2.79254,
52375,3.01928,
52376,2.92164,
52377,2.92296,
52378,2.89532,
52379,3.04845,
52380,2.77368,
52381,3.06262,
52382,2.63039,
52383,3.0057,
52384,3.01318,
52385,3.13287,
52386,2.90829,
52387,3.0277,
52388,3.04353,
52389,2.84244,
52390,2.99948,
52391,2.79745,
52392,2.86793,
52393,2.89122,
52394,3.12674,
52395,3.0907,
52396,2.74017,
52397,2.92317,
52398,2.86611,
52399,3.00433,
52400,2.97072,
52401,3.18348,
52402,2.98546,
52403,2.93493,
52404,3.02125,
52405,3.03838,
52406,2.90285,
52407,2.83821,
52408,2.84928,
52409,2.87785,
52410,3.02004,
52411,3.02916,
52412,2.95871,
52413,2.92329,
52414,2.88266,
52415,2.72388,
52416,2.99082,
52417,2.83612,
52418,2.94259,
52419,2.91175,
52420,2.92935,
52421,2.8957,
52422,3.02031,
52423,3.00131,
52424,2.87935,
52425,2.91871,
52426,3.05359,
52427,2.7519,
52428,3.12319,
52429,2.98025,
52430,2.89261,
52431,2.81857,
52432,2.96525,
52433,2.97571,
52434,2.84842,
52435,2.81698,
52436,3.01755,
52437,2.76771,
52438,2.79979,
52439,2.90509,
52440,2.77959,
52441,2.71871,
52442,3.00402,
52443,3.01072,
52444,2.84567,
52445,2.84413,
52446,2.81981,
52447,2.95907,
52448,3.03626,
52449,2.66801,
52450,2.90502,
52451,2.88109,
52452,2.97713,
52453,2.98729,
52454,3.02606,
52455,2.84971,
52456,2.83213,
52457,2.94826,
52458,2.65253,
52459,2.71389,
52460,3.11306,
52461,2.85984,
52462,2.92793,
52463,2.71486,
52464,2.71709,
52465,2.94797,
52466,2.8629,
52467,2.69993,
52468,3.00717,
52469,2.908,
52470,2.73032,
52471,2.82774,
52472,2.75675,
52473,2.8671,
52474,2.78276,
52475,2.72401,
52476,2.93601,
52477,2.85148,
52478,3.03539,
52479,3.07558,
52480,2.93754,
52481,3.07388,
52482,2.77631,
52483,2.89922,
52484,3.01965,
52485,2.97148,
52486,3.07107,
52487,3.1773,
52488,3.23328,
52489,4.03445,
52490,2.97006,
52491,2.96354,
52492,2.99378,
52493,2.95396,
52494,2.87587,
52495,3.02156,
52496,2.91166,
52497,2.98236,
52498,2.88646,
52499,3.49989,
52500,3.01356,
52501,2.98625,
52502,2.65439,
52503,2.77678,
52504,3.05803,
52505,3.00223,
52506,3.0963,
52507,3.238,
52508,3.10289,
52509,2.89297,
52510,2.93781,
52511,2.86247,
52512,3.08221,
52513,2.8424,
52514,2.88057,
52515,3.05448,
52516,3.01534,
52517,2.9729,
52518,2.75328,
52519,2.77637,
52520,2.80524,
52521,2.85582,
52522,2.8035,
52523,2.59619,
52524,3.03099,
52525,2.87522,
52526,2.73569,
52527,2.74585,
52528,2.83693,
52529,2.90158,
52530,2.9359,
52531,2.85571,
52532,2.98144,
52533,2.67795,
52534,2.82917,
52535,2.58875,
52536,2.95477,
52537,2.84384,
52538,2.82945,
52539,2.74376,
52540,2.87719,
52541,2.85953,
52542,2.81103,
52543,2.75278,
52544,2.70314,
52545,2.86349,
52546,2.80316,
52547,2.55574,
52548,2.64842,
52549,2.68701,
52550,2.85382,
52551,2.85612,
52552,2.79902,
52553,2.82594,
52554,2.90157,
52555,2.92747,
52556,2.67288,
52557,2.98978,
52558,2.87391,
52559,2.85738,
52560,2.82831,
52561,3.00959,
52562,3.0906,
52563,2.99676,
52564,2.8156,
52565,2.77333,
52566,3.11977,
52567,2.9552,
52568,2.98675,
52569,2.93454,
52570,2.79411,
52571,2.81857,
52572,2.96989,
52573,2.50279,
52574,2.66664,
52575,2.53338,
52576,2.71382,
52577,2.85768,
52578,2.96413,
52579,2.9457,
52580,2.90447,
52581,2.91658,
52582,2.71664,
52583,2.82262,
52584,2.89696,
52585,3.04139,
52586,2.87594,
52587,2.7955,
52588,2.43776,
52589,2.49087,
52590,2.95658,
52591,2.71672,
52592,2.88363,
52593,2.6227,
52594,2.78507,
52595,2.66566,
52596,2.67923,
52597,2.7037,
52598,2.72326,
52599,2.69168,
52600,2.69808,
52601,2.72149,
52602,2.94183,
52603,2.62157,
52604,2.86468,
52605,2.7776,
52606,3.05837,
52607,3.01396,
52608,3.00548,
52609,3.06694,
52610,3.03973,
52611,2.96843,
52612,2.77997,
52613,2.60988,
52614,2.91022,
52615,2.76325,
52616,2.79802,
52617,2.97495,
52618,2.88979,
52619,2.94772,
52620,2.8913,
52621,2.83079,
52622,2.76432,
52623,2.89119,
52624,2.99464,
52625,2.95601,
52626,2.91713,
52627,2.85882,
52628,2.77179,
52629,3.06209,
52630,2.74178,
52631,2.78249,
52632,2.8841,
52633,2.9295,
52634,2.81809,
52635,3.16531,
52636,3.03053,
52637,2.98447,
52638,2.81948,
52639,3.02382,
52640,2.95609,
52641,2.87987,
52642,2.93878,
52643,2.87672,
52644,2.89671,
52645,2.9027,
52646,2.94424,
52647,2.87556,
52648,2.71183,
52649,2.93915,
52650,2.84197,
52651,2.81686,
52652,2.56105,
52653,2.73136,
52654,2.52985,
52655,2.79415,
52656,2.89745,
52657,2.64735,
52658,2.71406,
52659,2.72046,
52660,2.888,
52661,2.78437,
52662,2.83164,
52663,2.57818,
52664,2.83503,
52665,2.91976,
52666,2.89641,
52667,2.8742,
52668,2.95846,
52669,2.88416,
52670,3.00938,
52671,2.99392,
52672,2.94358,
52673,3.02804,
52674,2.89028,
52675,2.87308,
52676,2.63481,
52677,2.91633,
52678,2.87073,
52679,2.95303,
52680,2.88379,
52681,2.76274,
52682,2.85425,
52683,2.7722,
52684,2.8721,
52685,2.97135,
52686,3.05128,
52687,2.83258,
52688,2.80373,
52689,2.74727,
52690,2.93981,
52691,2.98087,
52692,3.015,
52693,2.8351,
52694,2.98114,
52695,2.79864,
52696,2.88594,
52697,3.10992,
52698,2.87398,
52699,2.77784,
52700,2.71396,
52701,2.98807,
52702,3.00124,
52703,2.90684,
52704,2.93724,
52705,2.91964,
52706,3.10115,
52707,3.01284,
52708,3.21008,
52709,2.83952,
52710,2.9011,
52711,2.70566,
52712,2.8484,
52713,2.85219,
52714,2.87364,
52715,2.85031,
52716,3.05362,
52717,2.96494,
52718,2.84938,
52719,2.70457,
52720,2.77394,
52721,2.84852,
52722,2.88438,
52723,2.87798,
52724,2.98979,
52725,3.00971,
52726,3.04262,
52727,2.9002,
52728,2.81759,
52729,2.9932,
52730,2.6858,
52731,3.02395,
52732,3.11762,
52733,2.99906,
52734,3.06272,
52735,3.22676,
52736,3.33366,
52737,2.9491,
52738,2.99531,
52739,3.03041,
52740,3.13741,
52741,3.25448,
52742,3.04283,
52743,2.94345,
52744,2.93027,
52745,2.86397,
52746,2.99146,
52747,2.96376,
52748,2.95895,
52749,2.90378,
52750,2.81828,
52751,2.95482,
52752,3.29283,
52753,3.29601,
52754,3.26625,
52755,3.26566,
52756,3.26186,
52757,3.29719,
52758,3.26796,
52759,3.1852,
52760,3.26797,
52761,3.3123,
52762,3.27808,
52763,3.27974,
52764,3.25508,
52765,3.18341,
52766,3.2661,
52767,3.31754,
52768,3.32191,
52769,3.20873,
52770,3.16513,
52771,2.90096,
52772,3.12583,
52773,2.90383,
52774,2.89321,
52775,2.94861,
52776,2.93819,
52777,2.80919,
52778,2.93314,
52779,2.83786,
52780,2.91025,
52781,2.91598,
52782,2.77697,
52783,2.68051,
52784,2.97626,
52785,3.1578,
52786,3.03133,
52787,2.75365,
52788,2.92315,
52789,2.96183,
52790,2.86091,
52791,2.91006,
52792,2.96552,
52793,2.8052,
52794,2.859,
52795,2.72976,
52796,2.66695,
52797,3.00489,
52798,2.92341,
52799,2.84804,
52800,2.84669,
52801,2.77929,
52802,2.76617,
52803,2.70207,
52804,2.77267,
52805,2.93427,
52806,2.79875,
52807,2.72797,
52808,2.94253,
52809,2.8982,
52810,2.809,
52811,2.82079,
52812,2.65693,
52813,2.69111,
52814,2.91871,
52815,2.62537,
52816,2.72667,
52817,2.78067,
52818,2.8499,
52819,2.74102,
52820,2.75652,
52821,2.82924,
52822,2.68682,
52823,2.67826,
52824,2.74949,
52825,2.84384,
52826,2.86737,
52827,2.85814,
52828,2.6972,
52829,2.93458,
52830,2.70978,
52831,2.88462,
52832,2.81585,
52833,2.84006,
52834,3.00948,
52835,2.8035,
52836,2.74892,
52837,2.91742,
52838,2.76973,
52839,2.67299,
52840,2.78767,
52841,3.00752,
52842,2.63288,
52843,2.64677,
52844,2.86493,
52845,2.7012,
52846,2.81999,
52847,2.7851,
52848,2.68101,
52849,2.67504,
52850,2.88489,
52851,2.83115,
52852,2.90282,
52853,2.79468,
52854,3.00566,
52855,2.90683,
52856,3.01959,
52857,2.88654,
52858,2.80454,
52859,2.94204,
52860,2.90019,
52861,2.92987,
52862,2.88115,
52863,2.9052,
52864,2.88167,
52865,2.60495,
52866,2.7918,
52867,2.88656,
52868,2.89899,
52869,2.89864,
52870,2.59409,
52871,2.80539,
52872,2.89921,
52873,2.80651,
52874,2.55585,
52875,2.67162,
52876,2.76494,
52877,2.7493,
52878,2.79228,
52879,2.57388,
52880,2.67792,
52881,2.61371,
52882,2.78543,
52883,2.90295,
52884,3.02054,
52885,3.10565,
52886,2.9566,
52887,2.88994,
52888,3.05542,
52889,3.065,
52890,2.78801,
52891,2.94316,
52892,2.81955,
52893,2.86463,
52894,2.79964,
52895,3.09944,
52896,2.91581,
52897,2.86207,
52898,3.0016,
52899,2.97967,
52900,2.86794,
52901,3.02454,
52902,2.8196,
52903,2.98105,
52904,2.98898,
52905,2.89577,
52906,2.84008,
52907,2.8918,
52908,2.64229,
52909,2.96233,
52910,2.91983,
52911,2.84014,
52912,2.92956,
52913,2.81979,
52914,2.89964,
52915,3.04578,
52916,2.92042,
52917,2.88511,
52918,2.85127,
52919,2.90612,
52920,2.72228,
52921,2.86588,
52922,2.89563,
52923,3.00903,
52924,2.77242,
52925,2.88419,
52926,2.78399,
52927,2.96183,
52928,2.92084,
52929,2.95611,
52930,2.70332,
52931,2.91848,
52932,2.81399,
52933,2.70889,
52934,2.87844,
52935,2.96747,
52936,2.90466,
52937,2.60822,
52938,2.80125,
52939,2.87275,
52940,2.83112,
52941,2.79293,
52942,2.69372,
52943,2.75947,
52944,2.72115,
52945,2.86258,
52946,2.57837,
52947,2.61126,
52948,2.67276,
52949,2.78204,
52950,2.84446,
52951,2.70828,
52952,2.54285,
52953,2.70678,
52954,2.67192,
52955,2.76122,
52956,2.65231,
52957,2.704,
52958,2.90171,
52959,2.81365,
52960,2.87322,
52961,2.60186,
52962,2.76311,
52963,2.67005,
52964,2.74707,
52965,2.89977,
52966,2.60285,
52967,2.7373,
52968,2.61497,
52969,2.58477,
52970,2.75876,
52971,2.74808,
52972,2.7412,
52973,2.70177,
52974,2.875,
52975,2.71026,
52976,2.69234,
52977,2.92417,
52978,2.93367,
52979,2.84205,
52980,2.89799,
52981,3.15423,
52982,2.91728,
52983,2.82277,
52984,3.03541,
52985,2.85496,
52986,2.97533,
52987,3.04673,
52988,2.90663,
52989,2.9163,
52990,2.91934,
52991,2.71499,
52992,2.943,
52993,2.92485,
52994,2.75736,
52995,2.88483,
52996,2.85934,
52997,2.67517,
52998,2.84872,
52999,2.90001,
53000,2.7204,
53001,2.79551,
53002,2.85444,
53003,2.97874,
53004,2.80326,
53005,2.9214,
53006,2.81974,
53007,3.1415,
53008,3.15977,
53009,3.14611,
53010,3.15675,
53011,3.2499,
53012,3.12742,
53013,3.11214,
53014,3.24146,
53015,3.10553,
53016,3.18546,
53017,3.2203,
53018,3.1827,
53019,3.07382,
53020,3.2411,
53021,3.19578,
53022,3.20582,
53023,3.24849,
53024,3.13913,
53025,3.16136,
53026,3.10948,
53027,3.18811,
53028,2.84561,
53029,3.10943,
53030,2.54995,
53031,2.62875,
53032,2.59229,
53033,2.48498,
53034,2.5449,
53035,2.45911,
53036,2.81814,
53037,2.38939,
53038,2.6083,
53039,2.53222,
53040,2.69911,
53041,2.6431,
53042,2.47473,
53043,2.51513,
53044,2.71378,
53045,2.81103,
53046,2.81606,
53047,2.58946,
53048,2.49443,
53049,2.96604,
53050,3.05281,
53051,2.91374,
53052,3.00371,
53053,2.97931,
53054,2.94988,
53055,2.85555,
53056,2.69915,
53057,2.85485,
53058,3.03499,
53059,2.87079,
53060,2.95361,
53061,3.06308,
53062,3.07566,
53063,2.96283,
53064,2.88845,
53065,2.70502,
53066,2.92722,
53067,2.88223,
53068,2.8309,
53069,2.62343,
53070,2.67674,
53071,2.61576,
53072,2.79232,
53073,2.88559,
53074,2.78707,
53075,2.79916,
53076,2.70991,
53077,2.78651,
53078,2.74286,
53079,2.91129,
53080,2.71613,
53081,2.71367,
53082,2.84054,
53083,2.61594,
53084,2.65499,
53085,2.6874,
53086,2.81355,
53087,2.97169,
53088,2.88822,
53089,2.69665,
53090,2.63337,
53091,2.54541,
53092,2.51166,
53093,2.57328,
53094,2.56893,
53095,2.83343,
53096,2.56207,
53097,2.59531,
53098,2.66413,
53099,2.78765,
53100,2.81428,
53101,2.93695,
53102,2.65552,
53103,3.04572,
53104,2.84434,
53105,3.05304,
53106,3.0573,
53107,2.87256,
53108,3.03741,
53109,2.88883,
53110,2.82694,
53111,2.94124,
53112,2.88174,
53113,2.77309,
53114,2.65807,
53115,2.67442,
53116,2.78901,
53117,2.74117,
53118,2.87652,
53119,2.91383,
53120,2.78166,
53121,2.90161,
53122,2.74014,
53123,2.95025,
53124,2.88678,
53125,2.72841,
53126,2.65049,
53127,2.89748,
53128,2.63365,
53129,2.70415,
53130,2.66059,
53131,2.50309,
53132,2.59029,
53133,2.66405,
53134,2.94424,
53135,2.94464,
53136,3.09599,
53137,3.12725,
53138,3.09818,
53139,3.01336,
53140,2.74855,
53141,2.84386,
53142,2.80343,
53143,2.95915,
53144,3.21396,
53145,2.89383,
53146,2.99306,
53147,2.82843,
53148,2.83501,
53149,3.09197,
53150,3.09726,
53151,3.11707,
53152,2.99409,
53153,3.23569,
53154,2.89976,
53155,2.94833,
53156,2.85824,
53157,2.91432,
53158,2.73615,
53159,2.82365,
53160,2.70418,
53161,2.67938,
53162,2.96406,
53163,2.63508,
53164,2.74781,
53165,2.83602,
53166,2.87707,
53167,2.921,
53168,2.78263,
53169,2.86262,
53170,2.77506,
53171,2.69312,
53172,2.64537,
53173,2.69281,
53174,2.82895,
53175,2.56132,
53176,2.66518,
53177,2.87941,
53178,2.74751,
53179,3.03235,
53180,3.09773,
53181,3.05044,
53182,3.15503,
53183,3.05684,
53184,2.98631,
53185,2.82845,
53186,2.96755,
53187,2.7808,
53188,2.79207,
53189,2.69253,
53190,2.74394,
53191,3.06071,
53192,3.07404,
53193,2.91718,
53194,3.04627,
53195,3.05178,
53196,2.81295,
53197,2.80769,
53198,2.89371,
53199,2.70391,
53200,2.86974,
53201,2.9968,
53202,2.96806,
53203,3.03878,
53204,3.1512,
53205,3.1683,
53206,2.72497,
53207,2.81226,
53208,3.00092,
53209,3.01501,
53210,2.87918,
53211,2.89541,
53212,3.08555,
53213,3.00642,
53214,3.10932,
53215,2.92103,
53216,2.87384,
53217,3.07368,
53218,2.74316,
53219,2.96925,
53220,2.98052,
53221,2.8991,
53222,2.89491,
53223,2.94328,
53224,3.12958,
53225,2.97162,
53226,3.00373,
53227,2.93804,
53228,3.09912,
53229,3.01073,
53230,2.98771,
53231,2.89515,
53232,2.9451,
53233,2.93697,
53234,2.79916,
53235,2.87089,
53236,2.82961,
53237,2.944,
53238,2.9202,
53239,2.9628,
53240,2.72057,
53241,2.90928,
53242,2.91893,
53243,2.88263,
53244,2.72137,
53245,2.73297,
53246,2.98653,
53247,2.73994,
53248,2.97851,
53249,1.92033,
