step,train_loss,validation_loss
0,6.3705,4.44832
1,6.24539,3.93436
2,6.23161,3.72979
3,6.23477,3.636
4,6.16438,3.57932
5,6.15306,3.54243
6,6.1104,3.51483
7,6.07399,3.49284
8,6.08398,3.47742
9,6.02216,3.46752
10,6.01508,3.46015
11,5.97738,3.4548
12,5.97582,3.44789
13,5.9194,3.43695
14,5.91589,3.42542
15,5.90729,3.42477
16,5.87849,3.41901
17,5.89414,3.41738
18,5.92061,3.41282
19,5.87419,3.40709
20,5.78833,3.40008
21,5.84411,3.39591
22,5.84737,3.39095
23,5.83161,3.38723
24,5.85084,3.38895
25,5.80457,3.38568
26,5.87436,3.38485
27,5.85044,3.37948
28,5.80863,3.38182
29,5.80173,3.37723
30,5.82085,3.37669
31,5.82932,3.37253
32,5.78346,3.36926
33,5.81596,3.36602
34,5.81435,3.36046
35,5.8142,3.35565
36,5.8097,3.34902
37,5.77161,3.3442
38,5.78418,3.33399
39,5.82417,3.32819
40,5.77682,3.32011
41,5.79454,3.31387
42,5.75069,3.30939
43,5.75728,3.30251
44,5.73513,3.29917
45,5.73813,3.2937
46,5.78384,3.29383
47,5.73736,3.29466
48,5.82176,3.29348
49,5.7926,3.29116
50,5.82186,
51,5.80583,
52,5.76991,
53,5.78833,
54,5.84163,
55,5.77559,
56,5.77712,
57,5.77595,
58,5.82304,
59,5.74381,
60,5.76929,
61,5.77184,
62,5.79551,
63,5.72543,
64,5.7887,
65,5.75946,
66,5.78102,
67,5.73641,
68,5.7496,
69,5.79722,
70,5.7114,
71,5.7412,
72,5.74019,
73,5.7825,
74,5.77122,
75,5.77618,
76,5.7937,
77,5.76191,
78,5.74715,
79,5.74102,
80,5.77699,
81,5.75081,
82,5.70522,
83,5.71355,
84,5.74464,
85,5.8175,
86,5.81562,
87,5.918,
88,5.81888,
89,5.86519,
90,5.86846,
91,5.80461,
92,5.82569,
93,5.82255,
94,5.78027,
95,5.78848,
96,5.79715,
97,5.72338,
98,5.78051,
99,5.81607,
100,5.77941,
101,5.77767,
102,5.82804,
103,5.81926,
104,5.70006,
105,5.70467,
106,5.78788,
107,5.73292,
108,5.69798,
109,5.71631,
110,5.72116,
111,5.74502,
112,5.78707,
113,5.80887,
114,5.83603,
115,5.82363,
116,5.77318,
117,5.76413,
118,5.75028,
119,5.78485,
120,5.77126,
121,5.72387,
122,5.69873,
123,5.7216,
124,5.6636,
125,5.67345,
126,5.68326,
127,5.61779,
128,5.71304,
129,5.64082,
130,5.6259,
131,5.59315,
132,5.61691,
133,5.67833,
134,5.53136,
135,5.56578,
136,5.65362,
137,5.60978,
138,5.63144,
139,5.61293,
140,5.52523,
141,5.54304,
142,5.5698,
143,5.53129,
144,5.62236,
145,5.60595,
146,5.55508,
147,5.52644,
148,5.49904,
149,5.51766,
150,5.59484,
151,5.5154,
152,5.59718,
153,5.55501,
154,5.58949,
155,5.48836,
156,5.48379,
157,5.46723,
158,5.46242,
159,5.493,
160,5.48073,
161,5.50005,
162,5.4935,
163,5.53937,
164,5.47173,
165,5.43093,
166,5.42195,
167,5.45536,
168,5.3699,
169,5.43685,
170,5.4788,
171,5.36007,
172,5.43553,
173,5.36982,
174,5.37706,
175,5.33618,
176,5.37732,
177,5.33849,
178,5.32434,
179,5.36124,
180,5.36197,
181,5.30119,
182,5.31637,
183,5.24741,
184,5.32391,
185,5.33532,
186,5.40582,
187,5.36994,
188,5.35311,
189,5.33414,
190,5.33826,
191,5.3099,
192,5.24969,
193,5.30162,
194,5.36592,
195,5.26915,
196,5.33952,
197,5.18114,
198,5.276,
199,5.25114,
200,5.29515,
201,5.25401,
202,5.22404,
203,5.2378,
204,5.10159,
205,5.25474,
206,5.09664,
207,5.17356,
208,5.15809,
209,5.18296,
210,5.21671,
211,5.05301,
212,5.16106,
213,5.2361,
214,5.16698,
215,5.21588,
216,5.15961,
217,5.19034,
218,5.05446,
219,5.10134,
220,5.17438,
221,5.0213,
222,5.02985,
223,5.07401,
224,5.33146,
225,5.31359,
226,5.24489,
227,5.22984,
228,5.22793,
229,5.19045,
230,5.15294,
231,5.10745,
232,5.14124,
233,5.16793,
234,5.14273,
235,5.12869,
236,5.09769,
237,5.11925,
238,5.06481,
239,5.09988,
240,5.16564,
241,5.12998,
242,5.05785,
243,5.22746,
244,5.17464,
245,5.01237,
246,5.02757,
247,5.15856,
248,5.05581,
249,5.08342,
250,5.17747,
251,5.18043,
252,5.12315,
253,5.05003,
254,5.13885,
255,5.0859,
256,5.04409,
257,5.09999,
258,5.1502,
259,5.08883,
260,5.01373,
261,5.05395,
262,5.10938,
263,5.06909,
264,4.95413,
265,5.03497,
266,5.03817,
267,5.02529,
268,5.05282,
269,4.96029,
270,4.91859,
271,5.11293,
272,5.05494,
273,4.87464,
274,4.84867,
275,5.0324,
276,5.13608,
277,5.16936,
278,5.11435,
279,4.9775,
280,4.98153,
281,5.06793,
282,5.03674,
283,5.08418,
284,5.02539,
285,4.90882,
286,5.04934,
287,4.87462,
288,4.94146,
289,4.8819,
290,4.91809,
291,5.08027,
292,5.07087,
293,5.09301,
294,5.13076,
295,5.09983,
296,5.05786,
297,5.03907,
298,5.03084,
299,5.05246,
300,5.04242,
301,5.01247,
302,5.04218,
303,5.05615,
304,5.27483,
305,5.02345,
306,5.03853,
307,5.02929,
308,5.01354,
309,4.93551,
310,5.0127,
311,4.97471,
312,4.99355,
313,4.97551,
314,5.08616,
315,5.00725,
316,4.97173,
317,4.89798,
318,4.93546,
319,4.94005,
320,4.99478,
321,5.02474,
322,5.05199,
323,4.89818,
324,5.03597,
325,5.0322,
326,5.06047,
327,5.09992,
328,5.10253,
329,5.02126,
330,5.02443,
331,5.09501,
332,5.03421,
333,5.0252,
334,4.99142,
335,4.97675,
336,4.96734,
337,4.92618,
338,4.90393,
339,4.98135,
340,4.93309,
341,4.89426,
342,4.89709,
343,4.95128,
344,5.01028,
345,4.94552,
346,4.90106,
347,4.9328,
348,4.91284,
349,4.90192,
350,4.93201,
351,4.95192,
352,4.92457,
353,4.8972,
354,4.92667,
355,4.90512,
356,4.90359,
357,4.9621,
358,4.92515,
359,4.89351,
360,4.93219,
361,4.91635,
362,4.7976,
363,4.82454,
364,4.87987,
365,4.85596,
366,4.82178,
367,4.86424,
368,4.83614,
369,4.87363,
370,4.83212,
371,4.73443,
372,4.87702,
373,4.80822,
374,4.85503,
375,4.82115,
376,4.8515,
377,4.91277,
378,5.00867,
379,4.89889,
380,4.85754,
381,4.95314,
382,4.87462,
383,4.89355,
384,4.88742,
385,4.82787,
386,4.80668,
387,4.90398,
388,4.69591,
389,4.71253,
390,4.6481,
391,4.77904,
392,4.81492,
393,4.85726,
394,4.84639,
395,4.87352,
396,4.79974,
397,4.77211,
398,4.73485,
399,4.81049,
400,4.78899,
401,4.73032,
402,4.79836,
403,4.66464,
404,4.60661,
405,4.84376,
406,4.77683,
407,4.8383,
408,4.76925,
409,4.79949,
410,4.74782,
411,4.73152,
412,4.70703,
413,4.74579,
414,4.69028,
415,4.65942,
416,4.67645,
417,4.80384,
418,4.65634,
419,4.7891,
420,4.75471,
421,4.98199,
422,4.96119,
423,5.03635,
424,5.0105,
425,5.01068,
426,4.99971,
427,4.95819,
428,4.85355,
429,4.89195,
430,4.88752,
431,4.84252,
432,4.87199,
433,4.86508,
434,4.88477,
435,4.89093,
436,4.80691,
437,4.78026,
438,4.80678,
439,4.84582,
440,4.75202,
441,4.77728,
442,4.76425,
443,4.73725,
444,4.84084,
445,4.81283,
446,4.76042,
447,4.83041,
448,4.82829,
449,4.7252,
450,4.9182,
451,4.84586,
452,4.94466,
453,4.86528,
454,4.93358,
455,4.85747,
456,4.85601,
457,4.8915,
458,4.85762,
459,4.87684,
460,4.8459,
461,4.81392,
462,4.8613,
463,4.76374,
464,4.77289,
465,4.76486,
466,4.79944,
467,4.65617,
468,4.6803,
469,4.66272,
470,4.71546,
471,4.66216,
472,4.66483,
473,4.71701,
474,4.68035,
475,4.73042,
476,4.75564,
477,4.72043,
478,4.95177,
479,4.88483,
480,4.89147,
481,4.83592,
482,4.89649,
483,4.89813,
484,4.81295,
485,4.84124,
486,4.88337,
487,4.80301,
488,4.85159,
489,4.77047,
490,4.79963,
491,4.73208,
492,4.71991,
493,4.78963,
494,4.79012,
495,4.81289,
496,4.70727,
497,4.74061,
498,4.71246,
499,4.70862,
500,4.78402,
501,4.76462,
502,4.75617,
503,4.71405,
504,4.77815,
505,4.87686,
506,4.77188,
507,4.84911,
508,4.80689,
509,4.84342,
510,4.81833,
511,4.92858,
512,4.8545,
513,4.7844,
514,4.68047,
515,4.71874,
516,4.85686,
517,4.82251,
518,4.70475,
519,4.7423,
520,4.71943,
521,4.71398,
522,4.72927,
523,4.72655,
524,4.70998,
525,4.68762,
526,4.62951,
527,4.63729,
528,4.67159,
529,4.68459,
530,4.57438,
531,4.66892,
532,4.60562,
533,4.70197,
534,4.63409,
535,4.70547,
536,4.71342,
537,4.66733,
538,4.66152,
539,4.86579,
540,4.81648,
541,4.80128,
542,4.85901,
543,4.76044,
544,4.8309,
545,4.81935,
546,4.79488,
547,4.75271,
548,4.71437,
549,4.738,
550,4.77568,
551,4.84862,
552,4.74526,
553,4.74825,
554,4.74585,
555,4.73039,
556,4.8508,
557,4.80742,
558,4.81491,
559,4.73992,
560,4.65315,
561,4.71453,
562,4.72268,
563,4.65784,
564,4.65642,
565,4.67358,
566,4.7338,
567,4.83914,
568,4.88477,
569,4.83468,
570,4.77296,
571,4.72317,
572,4.70845,
573,4.74847,
574,4.73886,
575,4.68001,
576,4.7845,
577,4.71049,
578,4.74049,
579,4.65853,
580,4.63348,
581,4.65409,
582,4.64626,
583,4.62352,
584,4.66079,
585,4.58751,
586,4.8167,
587,4.84483,
588,4.87358,
589,4.86483,
590,4.78713,
591,4.80227,
592,4.72957,
593,4.87304,
594,4.69343,
595,4.77958,
596,4.72188,
597,4.57476,
598,4.58901,
599,4.69031,
600,4.75104,
601,4.68427,
602,4.57256,
603,4.66439,
604,4.62847,
605,4.60051,
606,4.60837,
607,4.64933,
608,4.53499,
609,4.74086,
610,4.70845,
611,4.71524,
612,4.69999,
613,4.705,
614,4.80693,
615,4.87899,
616,4.8186,
617,4.6519,
618,4.69206,
619,4.64982,
620,4.69677,
621,4.6403,
622,4.64874,
623,4.74089,
624,4.70258,
625,4.66991,
626,4.68388,
627,4.65905,
628,4.65156,
629,4.65647,
630,4.58609,
631,4.57784,
632,4.6132,
633,4.56481,
634,4.57063,
635,4.48219,
636,4.56819,
637,4.60091,
638,4.7351,
639,4.72253,
640,4.67929,
641,4.70173,
642,4.69165,
643,4.65063,
644,4.67194,
645,4.5829,
646,4.67746,
647,4.71269,
648,4.58108,
649,4.70148,
650,4.54675,
651,4.48566,
652,4.64905,
653,4.59012,
654,4.52414,
655,4.56517,
656,4.68424,
657,4.35331,
658,4.54608,
659,4.62983,
660,4.46263,
661,4.54384,
662,4.55008,
663,4.55372,
664,4.37812,
665,4.77976,
666,4.67533,
667,4.70292,
668,4.69242,
669,4.72777,
670,4.68564,
671,4.76,
672,4.70602,
673,4.61528,
674,4.67772,
675,4.75503,
676,4.71842,
677,4.62768,
678,4.61464,
679,4.68209,
680,4.5687,
681,4.55249,
682,4.53514,
683,4.62945,
684,4.57328,
685,4.42604,
686,4.58666,
687,4.48734,
688,4.41222,
689,4.35398,
690,4.46099,
691,4.53926,
692,4.52981,
693,4.44204,
694,4.36053,
695,4.28753,
696,4.30917,
697,4.42236,
698,4.43559,
699,4.92852,
700,4.7555,
701,4.73849,
702,4.64552,
703,4.71868,
704,4.72978,
705,4.61888,
706,4.64722,
707,4.61341,
708,4.65818,
709,4.55849,
710,4.70661,
711,4.59356,
712,4.58609,
713,4.67564,
714,4.65097,
715,4.69036,
716,4.6108,
717,4.66062,
718,4.71302,
719,4.61281,
720,4.55362,
721,4.54332,
722,4.54862,
723,4.71753,
724,4.75378,
725,4.68284,
726,4.67058,
727,4.73952,
728,4.64272,
729,4.64013,
730,4.69213,
731,4.66424,
732,4.60384,
733,4.61942,
734,4.62886,
735,4.56974,
736,4.56988,
737,4.6054,
738,4.57357,
739,4.56172,
740,4.53169,
741,4.53445,
742,4.5693,
743,4.6122,
744,4.53136,
745,4.42184,
746,4.50957,
747,4.45875,
748,4.48049,
749,4.51395,
750,4.53141,
751,4.56602,
752,4.63693,
753,4.56905,
754,4.61388,
755,4.55546,
756,4.57329,
757,4.54284,
758,4.54427,
759,4.50001,
760,4.5762,
761,4.46346,
762,4.40789,
763,4.51053,
764,4.45872,
765,4.52967,
766,4.50349,
767,4.4255,
768,4.51829,
769,4.38653,
770,4.59814,
771,4.42234,
772,4.45854,
773,4.54425,
774,4.49397,
775,4.50545,
776,4.39119,
777,4.47052,
778,4.44048,
779,4.511,
780,4.48738,
781,4.27142,
782,4.36732,
783,4.27475,
784,4.27927,
785,4.52844,
786,4.4827,
787,4.53102,
788,4.44705,
789,4.47808,
790,4.37918,
791,4.65943,
792,4.59769,
793,4.62301,
794,4.62983,
795,4.53821,
796,4.63871,
797,4.60905,
798,4.53143,
799,4.56365,
800,4.50688,
801,4.53001,
802,4.64998,
803,4.58107,
804,4.48774,
805,4.5687,
806,4.46188,
807,4.47844,
808,4.50693,
809,4.47633,
810,4.41077,
811,4.41833,
812,4.35279,
813,4.43833,
814,4.44386,
815,4.44249,
816,4.42418,
817,4.50243,
818,4.54055,
819,4.50223,
820,4.45366,
821,4.44058,
822,4.61887,
823,4.6425,
824,4.61404,
825,4.56804,
826,4.57582,
827,4.58119,
828,4.46788,
829,4.64032,
830,4.59455,
831,4.57599,
832,4.48184,
833,4.5174,
834,4.38412,
835,4.51604,
836,4.46203,
837,4.52095,
838,4.51932,
839,4.48512,
840,4.42203,
841,4.42427,
842,4.42737,
843,4.92312,
844,4.60984,
845,4.6616,
846,4.52286,
847,4.49373,
848,4.51257,
849,4.46411,
850,4.61043,
851,4.56636,
852,4.29435,
853,4.43349,
854,4.44627,
855,4.34149,
856,4.32227,
857,4.24508,
858,4.28214,
859,4.46339,
860,4.55365,
861,4.44541,
862,4.2993,
863,4.33016,
864,4.59681,
865,4.72569,
866,4.71759,
867,4.70721,
868,4.60729,
869,4.68479,
870,4.60997,
871,4.58459,
872,4.65844,
873,4.60675,
874,4.56919,
875,4.5937,
876,4.62004,
877,4.59497,
878,4.49847,
879,4.51792,
880,4.46529,
881,4.50391,
882,4.45448,
883,4.53523,
884,4.53647,
885,4.43125,
886,4.4455,
887,4.50865,
888,4.42191,
889,4.39999,
890,4.63914,
891,4.60647,
892,4.58759,
893,4.5606,
894,4.66354,
895,4.57107,
896,4.50485,
897,4.46698,
898,4.37855,
899,4.45783,
900,4.40569,
901,4.44632,
902,4.44426,
903,4.37372,
904,4.34456,
905,4.28268,
906,4.23161,
907,4.17786,
908,4.2471,
909,4.22332,
910,4.30704,
911,4.19218,
912,4.1426,
913,4.14599,
914,4.3698,
915,4.29215,
916,4.45781,
917,4.14916,
918,4.45608,
919,4.28141,
920,4.51055,
921,4.74089,
922,4.5928,
923,4.61482,
924,4.63064,
925,4.59613,
926,4.58283,
927,4.63082,
928,4.56275,
929,4.46119,
930,4.47031,
931,4.48165,
932,4.50283,
933,4.38545,
934,4.45562,
935,4.37759,
936,4.44882,
937,4.26273,
938,4.39403,
939,4.36138,
940,4.22263,
941,4.25069,
942,4.31213,
943,4.21444,
944,4.23762,
945,4.25877,
946,4.16069,
947,4.10666,
948,4.18081,
949,4.61609,
950,4.5765,
951,4.6802,
952,4.64799,
953,4.61147,
954,4.57316,
955,4.50223,
956,4.48397,
957,4.47108,
958,4.5482,
959,4.58659,
960,4.50252,
961,4.51845,
962,4.44797,
963,4.37818,
964,4.5578,
965,4.55551,
966,4.5655,
967,4.40368,
968,4.60974,
969,4.39767,
970,4.43632,
971,4.50146,
972,4.42351,
973,4.42048,
974,4.42787,
975,4.43519,
976,4.38935,
977,4.38751,
978,4.30307,
979,4.38243,
980,4.43811,
981,4.43895,
982,4.409,
983,4.34831,
984,4.34053,
985,4.25049,
986,4.38636,
987,4.35728,
988,4.34155,
989,4.40247,
990,4.27775,
991,4.26859,
992,4.38919,
993,4.38067,
994,4.6573,
995,4.58801,
996,4.5155,
997,4.61479,
998,4.58942,
999,4.59272,
1000,4.51147,
1001,4.49107,
1002,4.31514,
1003,4.46581,
1004,4.45695,
1005,4.36507,
1006,4.5208,
1007,4.4027,
1008,4.32413,
1009,4.50413,
1010,4.48954,
1011,4.22327,
1012,4.33932,
1013,4.32466,
1014,4.20999,
1015,4.33369,
1016,4.39626,
1017,4.40285,
1018,4.46694,
1019,4.47238,
1020,4.5243,
1021,4.19576,
1022,4.31743,
1023,4.42775,
1024,4.38326,
1025,4.50242,
1026,4.48877,
1027,4.40217,
1028,4.43508,
1029,4.47343,
1030,4.43071,
1031,4.2665,
1032,4.42467,
1033,4.26089,
1034,4.4188,
1035,4.47104,
1036,4.36726,
1037,4.41636,
1038,4.33625,
1039,4.48845,
1040,4.39583,
1041,4.52259,
1042,4.44156,
1043,4.45421,
1044,4.40306,
1045,4.49961,
1046,4.37417,
1047,4.42628,
1048,4.31422,
1049,4.33893,
1050,4.35886,
1051,4.32459,
1052,4.37065,
1053,4.32076,
1054,4.44527,
1055,4.15453,
1056,4.29366,
1057,4.38019,
1058,4.34247,
1059,4.28756,
1060,4.27397,
1061,4.37053,
1062,4.25314,
1063,4.31553,
1064,4.06052,
1065,4.58243,
1066,4.50879,
1067,4.55047,
1068,4.63348,
1069,4.61183,
1070,4.47544,
1071,4.43219,
1072,4.42194,
1073,4.55805,
1074,4.40601,
1075,4.40571,
1076,4.37671,
1077,4.31521,
1078,4.30307,
1079,4.31695,
1080,4.4273,
1081,4.35716,
1082,4.45739,
1083,4.48988,
1084,4.38996,
1085,4.28718,
1086,4.36003,
1087,4.41793,
1088,4.4858,
1089,4.44608,
1090,4.40939,
1091,4.41153,
1092,4.38556,
1093,4.40931,
1094,4.4695,
1095,4.32204,
1096,4.34495,
1097,4.32125,
1098,4.22528,
1099,4.23193,
1100,4.17838,
1101,4.36831,
1102,4.35526,
1103,4.22848,
1104,4.24835,
1105,4.27144,
1106,4.21138,
1107,4.21095,
1108,4.24484,
1109,4.1898,
1110,4.20217,
1111,4.2144,
1112,4.18411,
1113,4.33167,
1114,4.17032,
1115,4.36035,
1116,4.4693,
1117,4.36465,
1118,4.3663,
1119,4.33621,
1120,4.42498,
1121,4.3905,
1122,4.37836,
1123,4.39892,
1124,4.38891,
1125,4.28324,
1126,4.19222,
1127,4.27549,
1128,4.26919,
1129,4.30431,
1130,4.29583,
1131,4.14061,
1132,4.33983,
1133,4.30215,
1134,4.30451,
1135,4.2118,
1136,4.18865,
1137,4.30998,
1138,4.17521,
1139,4.14857,
1140,4.19872,
1141,4.22801,
1142,4.33844,
1143,4.1702,
1144,4.18448,
1145,4.14197,
1146,4.14629,
1147,4.12163,
1148,4.15458,
1149,4.27235,
1150,4.48963,
1151,4.39353,
1152,4.48058,
1153,4.38923,
1154,4.32257,
1155,4.32105,
1156,4.41288,
1157,4.3861,
1158,4.3849,
1159,4.33172,
1160,4.42296,
1161,4.33181,
1162,4.38723,
1163,4.28691,
1164,4.3133,
1165,4.37531,
1166,4.29581,
1167,4.40465,
1168,4.31513,
1169,4.12175,
1170,4.11814,
1171,4.22616,
1172,4.1952,
1173,4.18993,
1174,4.15398,
1175,4.22913,
1176,4.3345,
1177,4.50424,
1178,4.38352,
1179,4.40868,
1180,4.4183,
1181,4.3498,
1182,4.36441,
1183,4.35383,
1184,4.29598,
1185,4.38343,
1186,4.27381,
1187,4.37039,
1188,4.38221,
1189,4.27525,
1190,4.32029,
1191,4.12521,
1192,4.20919,
1193,4.28219,
1194,4.17159,
1195,4.24556,
1196,4.07226,
1197,4.14037,
1198,4.24902,
1199,4.02038,
1200,4.17142,
1201,4.1252,
1202,4.12483,
1203,4.23322,
1204,4.18893,
1205,4.04932,
1206,4.03757,
1207,4.11867,
1208,4.0885,
1209,4.20548,
1210,4.26156,
1211,4.13569,
1212,4.09901,
1213,4.08834,
1214,4.36915,
1215,4.26297,
1216,4.1439,
1217,4.38594,
1218,4.33816,
1219,4.2989,
1220,4.36167,
1221,4.31363,
1222,4.16195,
1223,4.27632,
1224,4.21429,
1225,4.29195,
1226,4.24264,
1227,4.37504,
1228,4.34919,
1229,4.30247,
1230,4.28713,
1231,4.23888,
1232,4.21932,
1233,4.21373,
1234,4.13595,
1235,4.19903,
1236,4.13969,
1237,4.23622,
1238,4.15667,
1239,4.25363,
1240,4.13686,
1241,4.25898,
1242,4.24304,
1243,4.30918,
1244,4.29891,
1245,4.20109,
1246,4.05997,
1247,4.29895,
1248,3.99842,
1249,4.22474,
1250,4.40651,
1251,4.35897,
1252,4.36379,
1253,4.38061,
1254,4.23123,
1255,4.36132,
1256,4.24678,
1257,4.25128,
1258,4.2433,
1259,4.38275,
1260,4.19299,
1261,4.31146,
1262,4.081,
1263,4.31503,
1264,4.30373,
1265,4.36017,
1266,4.26086,
1267,4.20768,
1268,4.26032,
1269,4.07506,
1270,4.22596,
1271,4.02465,
1272,4.12474,
1273,4.03293,
1274,4.18183,
1275,4.24329,
1276,3.95058,
1277,4.11296,
1278,4.20704,
1279,4.19144,
1280,4.14798,
1281,4.24633,
1282,4.18831,
1283,4.07907,
1284,4.19368,
1285,4.19861,
1286,4.07974,
1287,3.99934,
1288,3.99373,
1289,4.5211,
1290,4.44575,
1291,4.42004,
1292,4.36843,
1293,4.30547,
1294,4.29346,
1295,4.19889,
1296,4.21946,
1297,4.25105,
1298,4.24752,
1299,4.22073,
1300,4.24931,
1301,4.16189,
1302,4.21401,
1303,4.19687,
1304,4.14792,
1305,4.28383,
1306,4.28616,
1307,4.15218,
1308,4.38199,
1309,4.29047,
1310,4.10686,
1311,4.08179,
1312,4.27238,
1313,4.17921,
1314,4.19974,
1315,4.20919,
1316,4.23876,
1317,4.16303,
1318,4.09558,
1319,4.19608,
1320,4.21085,
1321,4.33119,
1322,4.23046,
1323,4.27736,
1324,4.18461,
1325,4.1771,
1326,4.19208,
1327,4.2406,
1328,4.2263,
1329,4.0109,
1330,4.12236,
1331,4.13266,
1332,4.11133,
1333,4.18124,
1334,4.12671,
1335,4.00458,
1336,4.15382,
1337,4.16737,
1338,3.89215,
1339,3.89744,
1340,4.1802,
1341,4.33236,
1342,4.31762,
1343,4.24998,
1344,4.11727,
1345,4.14456,
1346,4.24269,
1347,4.11924,
1348,4.23899,
1349,4.15433,
1350,3.99783,
1351,4.14635,
1352,3.98924,
1353,4.01661,
1354,3.95068,
1355,4.27418,
1356,4.26365,
1357,4.2279,
1358,4.31861,
1359,4.32658,
1360,4.21629,
1361,4.24772,
1362,4.18199,
1363,4.18772,
1364,4.21328,
1365,4.20626,
1366,4.21237,
1367,4.31991,
1368,4.29816,
1369,4.88697,
1370,4.21311,
1371,4.22544,
1372,4.23592,
1373,4.19534,
1374,4.08589,
1375,4.16571,
1376,4.1593,
1377,4.17202,
1378,4.13451,
1379,4.36651,
1380,4.14242,
1381,4.15124,
1382,4.00166,
1383,4.07284,
1384,4.10216,
1385,4.18727,
1386,4.22448,
1387,4.25403,
1388,4.13527,
1389,4.31354,
1390,4.28592,
1391,4.28252,
1392,4.35134,
1393,4.27294,
1394,4.1728,
1395,4.25104,
1396,4.29037,
1397,4.25294,
1398,4.18538,
1399,4.19605,
1400,4.12979,
1401,4.21448,
1402,4.13475,
1403,4.03175,
1404,4.18812,
1405,4.1047,
1406,4.00871,
1407,4.04647,
1408,4.09291,
1409,4.18985,
1410,4.10424,
1411,4.02403,
1412,4.13109,
1413,3.96128,
1414,4.05777,
1415,4.07634,
1416,4.15593,
1417,4.07367,
1418,4.10743,
1419,4.26108,
1420,4.12129,
1421,4.13742,
1422,4.10732,
1423,4.08714,
1424,4.04679,
1425,4.07614,
1426,4.11507,
1427,3.91084,
1428,3.99554,
1429,4.015,
1430,4.01385,
1431,3.99612,
1432,4.02633,
1433,3.97215,
1434,4.05142,
1435,4.05823,
1436,3.86935,
1437,4.12644,
1438,4.02846,
1439,4.0132,
1440,3.95994,
1441,4.06882,
1442,4.14255,
1443,4.17857,
1444,4.02884,
1445,3.96063,
1446,4.21591,
1447,4.05546,
1448,4.08128,
1449,4.0697,
1450,3.96875,
1451,3.98212,
1452,4.12531,
1453,3.93326,
1454,3.85156,
1455,3.68526,
1456,3.90327,
1457,3.93839,
1458,4.08061,
1459,3.99609,
1460,4.06758,
1461,3.94697,
1462,3.89674,
1463,3.86968,
1464,3.98431,
1465,4.03175,
1466,3.87317,
1467,3.97786,
1468,3.70562,
1469,3.70395,
1470,4.04277,
1471,3.84904,
1472,3.99264,
1473,3.86616,
1474,3.88175,
1475,3.80308,
1476,3.79925,
1477,3.82322,
1478,3.85185,
1479,3.77873,
1480,3.67366,
1481,3.77171,
1482,4.00119,
1483,3.7499,
1484,3.90923,
1485,4.03372,
1486,4.28114,
1487,4.27691,
1488,4.27739,
1489,4.23376,
1490,4.24773,
1491,4.23396,
1492,4.1483,
1493,4.02156,
1494,4.07296,
1495,3.97336,
1496,4.02464,
1497,4.11872,
1498,4.04167,
1499,4.06323,
1500,4.08501,
1501,3.95039,
1502,3.88371,
1503,4.02505,
1504,4.03671,
1505,3.9644,
1506,4.04299,
1507,3.97531,
1508,3.90252,
1509,4.12157,
1510,3.93057,
1511,3.93298,
1512,4.02101,
1513,4.02785,
1514,3.88761,
1515,4.14192,
1516,4.08052,
1517,4.23098,
1518,4.20467,
1519,4.23142,
1520,4.16058,
1521,4.09188,
1522,4.1719,
1523,4.07261,
1524,4.08864,
1525,4.06128,
1526,4.0741,
1527,4.08588,
1528,3.91091,
1529,3.98911,
1530,3.93539,
1531,4.01932,
1532,3.87681,
1533,3.90256,
1534,3.90033,
1535,3.89053,
1536,3.82707,
1537,3.81076,
1538,3.83142,
1539,3.82639,
1540,3.93597,
1541,3.9294,
1542,3.92542,
1543,4.30566,
1544,4.17601,
1545,4.2098,
1546,4.15686,
1547,4.19906,
1548,4.18624,
1549,4.07897,
1550,4.15093,
1551,4.13929,
1552,4.05143,
1553,4.14347,
1554,4.01621,
1555,4.01987,
1556,3.89029,
1557,3.98688,
1558,4.05065,
1559,4.09166,
1560,4.0506,
1561,3.89651,
1562,3.99347,
1563,3.94534,
1564,3.92616,
1565,4.06556,
1566,4.04472,
1567,3.96491,
1568,3.8956,
1569,4.02519,
1570,4.20253,
1571,4.09519,
1572,4.16409,
1573,4.06531,
1574,4.17381,
1575,4.08791,
1576,4.25706,
1577,4.18974,
1578,4.02216,
1579,3.92428,
1580,3.92419,
1581,4.14934,
1582,4.08901,
1583,3.95222,
1584,4.00492,
1585,3.96382,
1586,4.02759,
1587,3.99828,
1588,4.08661,
1589,3.89563,
1590,3.91607,
1591,3.80826,
1592,3.88816,
1593,3.87211,
1594,3.86771,
1595,3.83365,
1596,3.94468,
1597,3.88626,
1598,3.9093,
1599,3.77083,
1600,3.84261,
1601,3.9799,
1602,3.88913,
1603,3.86804,
1604,4.20387,
1605,4.11844,
1606,4.16058,
1607,4.11359,
1608,4.02246,
1609,4.09729,
1610,4.00949,
1611,4.11156,
1612,4.16354,
1613,4.00561,
1614,4.09114,
1615,4.22174,
1616,4.28286,
1617,4.01563,
1618,4.04597,
1619,4.05085,
1620,4.02231,
1621,4.23715,
1622,4.06513,
1623,4.02472,
1624,4.04442,
1625,3.9044,
1626,3.94991,
1627,3.90782,
1628,3.88383,
1629,3.93519,
1630,3.92041,
1631,3.94411,
1632,4.2499,
1633,4.34247,
1634,4.27164,
1635,4.18649,
1636,4.16301,
1637,4.13361,
1638,4.14353,
1639,4.14985,
1640,4.07484,
1641,4.22087,
1642,4.16323,
1643,4.10659,
1644,4.05928,
1645,4.00785,
1646,4.05527,
1647,4.10434,
1648,4.00498,
1649,3.98792,
1650,3.95623,
1651,4.19289,
1652,4.35562,
1653,4.28539,
1654,4.15846,
1655,4.10575,
1656,4.08979,
1657,4.01372,
1658,4.21163,
1659,4.05452,
1660,4.07173,
1661,4.07108,
1662,3.8943,
1663,3.80457,
1664,3.93019,
1665,4.09258,
1666,4.0089,
1667,3.81839,
1668,3.9769,
1669,3.96468,
1670,3.91585,
1671,3.92442,
1672,3.96511,
1673,3.7792,
1674,4.08389,
1675,3.94314,
1676,3.94468,
1677,4.014,
1678,4.07627,
1679,4.09399,
1680,4.11985,
1681,4.07524,
1682,3.97957,
1683,3.93306,
1684,3.93668,
1685,4.00752,
1686,3.88955,
1687,3.91478,
1688,4.01802,
1689,3.90344,
1690,3.84185,
1691,3.90999,
1692,3.82046,
1693,3.87404,
1694,3.95765,
1695,3.8088,
1696,3.75257,
1697,3.8016,
1698,3.81056,
1699,3.76006,
1700,3.66131,
1701,3.7601,
1702,3.82611,
1703,4.17087,
1704,4.0761,
1705,3.95916,
1706,4.02127,
1707,4.08055,
1708,3.96722,
1709,3.96203,
1710,3.78584,
1711,3.96627,
1712,3.98542,
1713,3.83283,
1714,4.09587,
1715,3.81311,
1716,3.73682,
1717,3.99461,
1718,3.8906,
1719,3.77616,
1720,3.82845,
1721,3.9957,
1722,3.59045,
1723,3.78176,
1724,3.90492,
1725,3.64419,
1726,3.81257,
1727,3.77736,
1728,3.74133,
1729,3.57943,
1730,4.15609,
1731,4.03282,
1732,4.01844,
1733,3.98383,
1734,4.06576,
1735,4.00371,
1736,4.07507,
1737,4.03218,
1738,3.97154,
1739,4.02284,
1740,4.03728,
1741,3.98646,
1742,3.95982,
1743,3.89001,
1744,3.90974,
1745,3.76953,
1746,3.83066,
1747,3.84252,
1748,3.9572,
1749,3.83428,
1750,3.71597,
1751,3.8288,
1752,3.74553,
1753,3.70917,
1754,3.54236,
1755,3.67185,
1756,3.78937,
1757,3.75812,
1758,3.68314,
1759,3.57244,
1760,3.50374,
1761,3.4845,
1762,3.67582,
1763,3.71879,
1764,4.44886,
1765,4.10247,
1766,4.02373,
1767,3.92398,
1768,4.03778,
1769,4.07546,
1770,3.93818,
1771,4.03111,
1772,3.93197,
1773,3.93621,
1774,3.8244,
1775,4.04654,
1776,3.93338,
1777,3.80789,
1778,4.00149,
1779,4.01814,
1780,4.02843,
1781,3.95623,
1782,3.99984,
1783,3.99275,
1784,4.01926,
1785,3.85123,
1786,3.86542,
1787,3.80904,
1788,4.15885,
1789,4.12336,
1790,4.04503,
1791,4.00718,
1792,4.11412,
1793,3.94285,
1794,4.0012,
1795,4.08181,
1796,4.00661,
1797,3.96153,
1798,3.92763,
1799,3.97936,
1800,3.9121,
1801,3.8829,
1802,3.88822,
1803,3.929,
1804,3.8367,
1805,3.7982,
1806,3.7845,
1807,3.92559,
1808,3.95315,
1809,3.82366,
1810,3.69047,
1811,3.83108,
1812,3.67438,
1813,3.70914,
1814,3.82203,
1815,3.86016,
1816,3.89605,
1817,4.02687,
1818,3.87765,
1819,3.86564,
1820,3.73724,
1821,3.83783,
1822,3.80251,
1823,3.78915,
1824,3.73807,
1825,3.90745,
1826,3.79055,
1827,3.76266,
1828,3.77261,
1829,3.68341,
1830,3.77651,
1831,3.78184,
1832,3.65634,
1833,3.77808,
1834,3.61712,
1835,3.82679,
1836,3.65627,
1837,3.6879,
1838,3.82267,
1839,3.77878,
1840,3.80918,
1841,3.59493,
1842,3.68968,
1843,3.68416,
1844,3.77052,
1845,3.78345,
1846,3.44548,
1847,3.56145,
1848,3.44295,
1849,3.51186,
1850,3.77396,
1851,3.73597,
1852,3.74262,
1853,3.58377,
1854,3.77092,
1855,3.69055,
1856,4.04127,
1857,4.00197,
1858,4.02299,
1859,4.04522,
1860,3.90751,
1861,4.15936,
1862,3.93998,
1863,3.91472,
1864,3.96115,
1865,3.87788,
1866,3.90945,
1867,4.09598,
1868,3.96562,
1869,3.83444,
1870,3.95266,
1871,3.78591,
1872,3.8347,
1873,3.83621,
1874,3.79679,
1875,3.77804,
1876,3.75678,
1877,3.63253,
1878,3.73899,
1879,3.75729,
1880,3.69961,
1881,3.74282,
1882,3.81669,
1883,3.94132,
1884,3.78723,
1885,3.80457,
1886,3.71553,
1887,4.03259,
1888,4.00754,
1889,4.02338,
1890,3.98791,
1891,3.99124,
1892,3.97603,
1893,3.85242,
1894,4.02992,
1895,3.92034,
1896,3.94598,
1897,3.89191,
1898,3.91128,
1899,3.74417,
1900,3.94964,
1901,3.82814,
1902,3.87988,
1903,3.90552,
1904,3.81196,
1905,3.78636,
1906,3.80641,
1907,3.83284,
1908,4.31975,
1909,4.04655,
1910,4.05075,
1911,3.97126,
1912,3.94216,
1913,3.95251,
1914,3.83804,
1915,3.93355,
1916,3.88208,
1917,3.59704,
1918,3.75112,
1919,3.76051,
1920,3.69735,
1921,3.6482,
1922,3.55672,
1923,3.60322,
1924,3.74363,
1925,3.88078,
1926,3.78687,
1927,3.50353,
1928,3.59343,
1929,3.99868,
1930,4.10969,
1931,4.09985,
1932,4.13506,
1933,3.99996,
1934,4.08893,
1935,3.99159,
1936,3.91074,
1937,3.9833,
1938,3.92257,
1939,3.86559,
1940,3.92491,
1941,4.02039,
1942,3.95732,
1943,3.83538,
1944,3.80229,
1945,3.73293,
1946,3.81645,
1947,3.76346,
1948,3.78256,
1949,3.76232,
1950,3.62483,
1951,3.60396,
1952,3.81633,
1953,3.69502,
1954,3.63769,
1955,4.11872,
1956,4.00301,
1957,4.02973,
1958,3.953,
1959,4.05376,
1960,4.05972,
1961,3.8589,
1962,3.84265,
1963,3.67531,
1964,3.73487,
1965,3.6315,
1966,3.78633,
1967,3.94538,
1968,3.82184,
1969,3.62845,
1970,3.54668,
1971,3.4509,
1972,3.43105,
1973,3.51572,
1974,3.44808,
1975,3.62622,
1976,3.48266,
1977,3.41571,
1978,3.38364,
1979,3.67886,
1980,3.58131,
1981,3.80137,
1982,3.37773,
1983,3.88483,
1984,3.59758,
1985,3.96218,
1986,4.24623,
1987,3.95313,
1988,4.01493,
1989,3.97571,
1990,3.99989,
1991,4.00792,
1992,4.02872,
1993,3.94411,
1994,3.7945,
1995,3.83565,
1996,3.82887,
1997,3.82924,
1998,3.75301,
1999,3.78433,
2000,3.70902,
2001,3.80668,
2002,3.57287,
2003,3.81324,
2004,3.77337,
2005,3.49768,
2006,3.56086,
2007,3.69244,
2008,3.48731,
2009,3.54254,
2010,3.50728,
2011,3.39187,
2012,3.33412,
2013,3.47948,
2014,4.06053,
2015,4.02506,
2016,4.15818,
2017,4.12116,
2018,4.13258,
2019,4.0209,
2020,3.89038,
2021,3.96418,
2022,3.92136,
2023,3.96112,
2024,4.07943,
2025,3.99785,
2026,3.92757,
2027,3.8484,
2028,3.78678,
2029,4.01293,
2030,3.99025,
2031,4.01257,
2032,3.82044,
2033,4.03808,
2034,3.74716,
2035,3.82311,
2036,3.89053,
2037,3.92746,
2038,3.81704,
2039,3.7927,
2040,3.79743,
2041,3.7776,
2042,3.78782,
2043,3.66254,
2044,3.7385,
2045,3.75883,
2046,3.78769,
2047,3.75272,
2048,3.7329,
2049,3.7158,
2050,3.60363,
2051,3.69666,
2052,3.64059,
2053,3.64318,
2054,3.70581,
2055,3.48525,
2056,3.54082,
2057,3.68696,
2058,3.68606,
2059,4.07771,
2060,4.05684,
2061,3.95713,
2062,4.03917,
2063,3.98535,
2064,3.98113,
2065,3.9073,
2066,3.89956,
2067,3.75927,
2068,3.81154,
2069,3.81592,
2070,3.75502,
2071,3.90652,
2072,3.85188,
2073,3.74302,
2074,3.96882,
2075,3.93424,
2076,3.55508,
2077,3.67355,
2078,3.70342,
2079,3.60471,
2080,3.75072,
2081,3.82159,
2082,3.79239,
2083,3.86613,
2084,3.92066,
2085,3.94267,
2086,3.53591,
2087,3.66657,
2088,3.82406,
2089,3.7615,
2090,3.96701,
2091,3.89596,
2092,3.86989,
2093,3.88209,
2094,3.91271,
2095,3.81687,
2096,3.69291,
2097,3.80501,
2098,3.55041,
2099,3.83661,
2100,3.84617,
2101,3.77824,
2102,3.80469,
2103,3.68038,
2104,3.95851,
2105,3.80394,
2106,4.01305,
2107,3.8753,
2108,3.86158,
2109,3.8394,
2110,3.99542,
2111,3.76661,
2112,3.80371,
2113,3.70324,
2114,3.68683,
2115,3.72613,
2116,3.62151,
2117,3.7171,
2118,3.67617,
2119,3.82237,
2120,3.45077,
2121,3.63611,
2122,3.81567,
2123,3.77571,
2124,3.73211,
2125,3.64776,
2126,3.79019,
2127,3.62731,
2128,3.6902,
2129,3.37069,
2130,4.0592,
2131,3.99262,
2132,4.03816,
2133,4.13157,
2134,4.18309,
2135,3.93336,
2136,3.90863,
2137,3.88192,
2138,4.03958,
2139,3.86218,
2140,3.90552,
2141,3.85346,
2142,3.75359,
2143,3.73873,
2144,3.78289,
2145,3.87663,
2146,3.71584,
2147,3.89662,
2148,3.92665,
2149,3.85111,
2150,3.85094,
2151,3.80411,
2152,3.84268,
2153,3.89597,
2154,3.84808,
2155,3.85769,
2156,3.80376,
2157,3.77297,
2158,3.87067,
2159,3.91629,
2160,3.7395,
2161,3.7397,
2162,3.75931,
2163,3.62508,
2164,3.59471,
2165,3.47079,
2166,3.74177,
2167,3.87959,
2168,3.57799,
2169,3.60684,
2170,3.72111,
2171,3.56857,
2172,3.52423,
2173,3.58851,
2174,3.52812,
2175,3.61868,
2176,3.52872,
2177,3.56862,
2178,3.71575,
2179,3.55278,
2180,3.84778,
2181,3.92692,
2182,3.87971,
2183,3.78585,
2184,3.76423,
2185,3.87256,
2186,3.81998,
2187,3.79693,
2188,3.83099,
2189,3.89881,
2190,3.66081,
2191,3.53969,
2192,3.73243,
2193,3.69872,
2194,3.72421,
2195,3.69212,
2196,3.46014,
2197,3.76661,
2198,3.73911,
2199,3.72774,
2200,3.62148,
2201,3.53117,
2202,3.7327,
2203,3.56704,
2204,3.45642,
2205,3.5952,
2206,3.6414,
2207,3.75443,
2208,3.55829,
2209,3.49488,
2210,3.53567,
2211,3.56309,
2212,3.49185,
2213,3.55257,
2214,3.70785,
2215,3.95919,
2216,3.79843,
2217,3.96788,
2218,3.8184,
2219,3.74491,
2220,3.69625,
2221,3.82331,
2222,3.83105,
2223,3.83951,
2224,3.75248,
2225,3.90121,
2226,3.73017,
2227,3.88216,
2228,3.71947,
2229,3.7095,
2230,3.8219,
2231,3.73434,
2232,3.82307,
2233,3.75993,
2234,3.43656,
2235,3.45968,
2236,3.64784,
2237,3.56945,
2238,3.60438,
2239,3.45097,
2240,3.57874,
2241,3.76077,
2242,3.98123,
2243,3.77611,
2244,3.79252,
2245,3.87497,
2246,3.85952,
2247,3.84347,
2248,3.81411,
2249,3.76885,
2250,3.85483,
2251,3.79153,
2252,3.83445,
2253,3.82467,
2254,3.6607,
2255,3.83117,
2256,3.5278,
2257,3.62159,
2258,3.71446,
2259,3.62769,
2260,3.68979,
2261,3.51888,
2262,3.57498,
2263,3.67574,
2264,3.46382,
2265,3.58794,
2266,3.56009,
2267,3.5272,
2268,3.69469,
2269,3.54228,
2270,3.44221,
2271,3.46651,
2272,3.55865,
2273,3.48709,
2274,3.65351,
2275,3.67025,
2276,3.54145,
2277,3.52815,
2278,3.54361,
2279,3.82591,
2280,3.70004,
2281,3.54921,
2282,3.84314,
2283,3.82867,
2284,3.69778,
2285,3.8526,
2286,3.74925,
2287,3.5409,
2288,3.72379,
2289,3.6534,
2290,3.74863,
2291,3.70103,
2292,3.82984,
2293,3.89501,
2294,3.76577,
2295,3.69003,
2296,3.65372,
2297,3.5778,
2298,3.64614,
2299,3.67124,
2300,3.7474,
2301,3.66249,
2302,3.74122,
2303,3.67365,
2304,3.66951,
2305,3.52998,
2306,3.6685,
2307,3.74918,
2308,3.77755,
2309,3.81765,
2310,3.65198,
2311,3.4841,
2312,3.7068,
2313,3.42483,
2314,3.65058,
2315,3.93372,
2316,3.98178,
2317,3.83109,
2318,3.85999,
2319,3.7537,
2320,3.83204,
2321,3.73123,
2322,3.68582,
2323,3.72209,
2324,3.91023,
2325,3.69775,
2326,3.76813,
2327,3.5262,
2328,3.84126,
2329,3.79972,
2330,3.96772,
2331,3.70013,
2332,3.62205,
2333,3.69567,
2334,3.49938,
2335,3.65705,
2336,3.50348,
2337,3.57571,
2338,3.46719,
2339,3.71733,
2340,3.73074,
2341,3.37008,
2342,3.58239,
2343,3.59927,
2344,3.69199,
2345,3.64945,
2346,3.78983,
2347,3.74624,
2348,3.64418,
2349,3.71338,
2350,3.67992,
2351,3.56071,
2352,3.4328,
2353,3.42113,
2354,4.0246,
2355,3.992,
2356,3.91111,
2357,3.83386,
2358,3.77329,
2359,3.82791,
2360,3.72008,
2361,3.75095,
2362,3.73142,
2363,3.7379,
2364,3.79334,
2365,3.74866,
2366,3.62597,
2367,3.76363,
2368,3.6891,
2369,3.61159,
2370,3.82947,
2371,3.85544,
2372,3.64527,
2373,3.85798,
2374,3.75501,
2375,3.58207,
2376,3.5275,
2377,3.742,
2378,3.7054,
2379,3.65451,
2380,3.68767,
2381,3.69659,
2382,3.59357,
2383,3.5299,
2384,3.61456,
2385,3.65533,
2386,3.79526,
2387,3.73068,
2388,3.75068,
2389,3.65561,
2390,3.74156,
2391,3.61694,
2392,3.73577,
2393,3.74923,
2394,3.44891,
2395,3.55208,
2396,3.58195,
2397,3.65684,
2398,3.70157,
2399,3.63132,
2400,3.41627,
2401,3.66883,
2402,3.71469,
2403,3.38532,
2404,3.4135,
2405,3.71412,
2406,3.74609,
2407,3.77899,
2408,3.70455,
2409,3.59916,
2410,3.63038,
2411,3.69226,
2412,3.58076,
2413,3.73876,
2414,3.65178,
2415,3.42275,
2416,3.55962,
2417,3.4043,
2418,3.56075,
2419,3.35832,
2420,3.70639,
2421,3.76736,
2422,3.71138,
2423,3.8299,
2424,3.80732,
2425,3.71639,
2426,3.80727,
2427,3.62311,
2428,3.62653,
2429,3.7191,
2430,3.68903,
2431,3.7704,
2432,3.87406,
2433,3.95255,
2434,4.77343,
2435,3.7134,
2436,3.66399,
2437,3.79524,
2438,3.76517,
2439,3.57388,
2440,3.61353,
2441,3.64088,
2442,3.6749,
2443,3.57917,
2444,4.05828,
2445,3.64928,
2446,3.66076,
2447,3.37066,
2448,3.48079,
2449,3.64392,
2450,3.65927,
2451,3.72767,
2452,3.79403,
2453,3.59785,
2454,3.80319,
2455,3.76597,
2456,3.75829,
2457,3.89115,
2458,3.77264,
2459,3.70349,
2460,3.81471,
2461,3.81948,
2462,3.79044,
2463,3.66886,
2464,3.76626,
2465,3.69301,
2466,3.69838,
2467,3.63667,
2468,3.46605,
2469,3.75717,
2470,3.61377,
2471,3.44356,
2472,3.50627,
2473,3.5793,
2474,3.64118,
2475,3.60022,
2476,3.57183,
2477,3.63049,
2478,3.37238,
2479,3.53484,
2480,3.46712,
2481,3.6528,
2482,3.53629,
2483,3.54655,
2484,3.68946,
2485,3.57854,
2486,3.57541,
2487,3.53713,
2488,3.49751,
2489,3.47058,
2490,3.53749,
2491,3.60818,
2492,3.34229,
2493,3.48527,
2494,3.3493,
2495,3.50796,
2496,3.51605,
2497,3.46615,
2498,3.44105,
2499,3.50808,
2500,3.56528,
2501,3.33174,
2502,3.62394,
2503,3.48781,
2504,3.46259,
2505,3.43849,
2506,3.67696,
2507,3.72375,
2508,3.7474,
2509,3.53045,
2510,3.45225,
2511,3.79298,
2512,3.54849,
2513,3.58216,
2514,3.51152,
2515,3.38608,
2516,3.47566,
2517,3.62385,
2518,3.39315,
2519,3.27517,
2520,3.10023,
2521,3.33221,
2522,3.43335,
2523,3.60769,
2524,3.51788,
2525,3.58357,
2526,3.44148,
2527,3.3477,
2528,3.35737,
2529,3.43789,
2530,3.57766,
2531,3.3843,
2532,3.46124,
2533,3.16919,
2534,3.23533,
2535,3.57554,
2536,3.31397,
2537,3.48252,
2538,3.28621,
2539,3.37984,
2540,3.28396,
2541,3.32009,
2542,3.26754,
2543,3.33901,
2544,3.2973,
2545,3.19737,
2546,3.26689,
2547,3.49646,
2548,3.21597,
2549,3.44966,
2550,3.55014,
2551,3.82964,
2552,3.81467,
2553,3.80105,
2554,3.7959,
2555,3.75023,
2556,3.80316,
2557,3.64636,
2558,3.45433,
2559,3.59423,
2560,3.45253,
2561,3.48612,
2562,3.70564,
2563,3.50827,
2564,3.57153,
2565,3.56062,
2566,3.44945,
2567,3.39517,
2568,3.5587,
2569,3.56533,
2570,3.53104,
2571,3.58583,
2572,3.45236,
2573,3.35277,
2574,3.69684,
2575,3.40353,
2576,3.42151,
2577,3.54806,
2578,3.57314,
2579,3.39773,
2580,3.77736,
2581,3.61698,
2582,3.90224,
2583,3.77966,
2584,3.76539,
2585,3.73413,
2586,3.65508,
2587,3.73118,
2588,3.5876,
2589,3.58425,
2590,3.59654,
2591,3.59251,
2592,3.57108,
2593,3.42461,
2594,3.53875,
2595,3.4264,
2596,3.47409,
2597,3.37249,
2598,3.40405,
2599,3.43745,
2600,3.41787,
2601,3.40693,
2602,3.27112,
2603,3.36939,
2604,3.3531,
2605,3.47694,
2606,3.47622,
2607,3.4767,
2608,3.82584,
2609,3.74279,
2610,3.78592,
2611,3.7161,
2612,3.7572,
2613,3.71633,
2614,3.62289,
2615,3.69844,
2616,3.68503,
2617,3.6182,
2618,3.75226,
2619,3.57308,
2620,3.54555,
2621,3.4073,
2622,3.55553,
2623,3.60818,
2624,3.71923,
2625,3.57549,
2626,3.44651,
2627,3.52097,
2628,3.47493,
2629,3.46271,
2630,3.60573,
2631,3.61426,
2632,3.47482,
2633,3.39205,
2634,3.5122,
2635,3.80995,
2636,3.67723,
2637,3.77227,
2638,3.61403,
2639,3.77918,
2640,3.63385,
2641,3.74743,
2642,3.78904,
2643,3.58013,
2644,3.44776,
2645,3.46604,
2646,3.75947,
2647,3.62642,
2648,3.5116,
2649,3.59489,
2650,3.5295,
2651,3.63833,
2652,3.5896,
2653,3.70106,
2654,3.40857,
2655,3.46471,
2656,3.32011,
2657,3.39922,
2658,3.44422,
2659,3.44428,
2660,3.37231,
2661,3.50299,
2662,3.45336,
2663,3.47788,
2664,3.2897,
2665,3.35718,
2666,3.55671,
2667,3.47977,
2668,3.38381,
2669,3.90549,
2670,3.74468,
2671,3.82355,
2672,3.82813,
2673,3.66496,
2674,3.66727,
2675,3.57864,
2676,3.77902,
2677,3.85698,
2678,3.59686,
2679,3.72087,
2680,3.94665,
2681,3.99367,
2682,3.61232,
2683,3.72265,
2684,3.65847,
2685,3.68764,
2686,3.91849,
2687,3.69776,
2688,3.58733,
2689,3.60048,
2690,3.48372,
2691,3.50989,
2692,3.51854,
2693,3.49915,
2694,3.5237,
2695,3.50897,
2696,3.54408,
2697,3.9548,
2698,4.0257,
2699,3.93849,
2700,3.89275,
2701,3.85524,
2702,3.86708,
2703,3.82146,
2704,3.81152,
2705,3.7705,
2706,3.91353,
2707,3.87037,
2708,3.78702,
2709,3.7451,
2710,3.66453,
2711,3.73071,
2712,3.81014,
2713,3.69292,
2714,3.62226,
2715,3.58364,
2716,3.76821,
2717,3.96543,
2718,3.89111,
2719,3.79004,
2720,3.71421,
2721,3.69261,
2722,3.62762,
2723,3.82711,
2724,3.66308,
2725,3.6674,
2726,3.62986,
2727,3.49676,
2728,3.37046,
2729,3.5612,
2730,3.75574,
2731,3.63814,
2732,3.41308,
2733,3.56556,
2734,3.58053,
2735,3.46797,
2736,3.54492,
2737,3.58532,
2738,3.37287,
2739,3.67976,
2740,3.51273,
2741,3.51285,
2742,3.65963,
2743,3.71307,
2744,3.71987,
2745,3.73619,
2746,3.66807,
2747,3.57682,
2748,3.46744,
2749,3.49484,
2750,3.61501,
2751,3.50116,
2752,3.46773,
2753,3.6034,
2754,3.48322,
2755,3.3858,
2756,3.48051,
2757,3.39658,
2758,3.3488,
2759,3.53224,
2760,3.37704,
2761,3.27773,
2762,3.34646,
2763,3.36163,
2764,3.30715,
2765,3.2275,
2766,3.33922,
2767,3.35795,
2768,3.74595,
2769,3.66463,
2770,3.5714,
2771,3.63742,
2772,3.68538,
2773,3.55444,
2774,3.59337,
2775,3.3259,
2776,3.54728,
2777,3.54268,
2778,3.39527,
2779,3.73495,
2780,3.37533,
2781,3.31996,
2782,3.65651,
2783,3.46875,
2784,3.34792,
2785,3.37859,
2786,3.60572,
2787,3.15049,
2788,3.3579,
2789,3.51372,
2790,3.20543,
2791,3.39598,
2792,3.32167,
2793,3.29661,
2794,3.17141,
2795,3.77859,
2796,3.6611,
2797,3.6346,
2798,3.54396,
2799,3.66972,
2800,3.59866,
2801,3.65508,
2802,3.63627,
2803,3.58932,
2804,3.6225,
2805,3.58863,
2806,3.60373,
2807,3.57242,
2808,3.46392,
2809,3.52825,
2810,3.30607,
2811,3.41354,
2812,3.43313,
2813,3.50951,
2814,3.43686,
2815,3.26221,
2816,3.4154,
2817,3.35277,
2818,3.30377,
2819,3.11526,
2820,3.22991,
2821,3.33344,
2822,3.32685,
2823,3.29688,
2824,3.15051,
2825,3.0802,
2826,3.04737,
2827,3.27446,
2828,3.33823,
2829,4.12445,
2830,3.78253,
2831,3.66431,
2832,3.5529,
2833,3.70475,
2834,3.75117,
2835,3.57688,
2836,3.7155,
2837,3.61287,
2838,3.57188,
2839,3.47112,
2840,3.72272,
2841,3.57028,
2842,3.4388,
2843,3.62612,
2844,3.66343,
2845,3.61725,
2846,3.58504,
2847,3.64661,
2848,3.6675,
2849,3.72069,
2850,3.48642,
2851,3.46238,
2852,3.41402,
2853,3.81088,
2854,3.75623,
2855,3.7139,
2856,3.65831,
2857,3.74451,
2858,3.60378,
2859,3.64202,
2860,3.7259,
2861,3.62331,
2862,3.5756,
2863,3.5585,
2864,3.61954,
2865,3.49552,
2866,3.47273,
2867,3.50951,
2868,3.59137,
2869,3.41626,
2870,3.41335,
2871,3.36351,
2872,3.56924,
2873,3.60115,
2874,3.44753,
2875,3.2516,
2876,3.44366,
2877,3.31956,
2878,3.3196,
2879,3.49368,
2880,3.5206,
2881,3.507,
2882,3.61079,
2883,3.49881,
2884,3.49022,
2885,3.36936,
2886,3.44966,
2887,3.4042,
2888,3.42003,
2889,3.34029,
2890,3.52635,
2891,3.32068,
2892,3.3641,
2893,3.32762,
2894,3.312,
2895,3.39453,
2896,3.39416,
2897,3.20186,
2898,3.37129,
2899,3.21768,
2900,3.44534,
2901,3.24333,
2902,3.2839,
2903,3.46458,
2904,3.37438,
2905,3.40875,
2906,3.16476,
2907,3.29061,
2908,3.28747,
2909,3.36232,
2910,3.4141,
2911,3.04347,
2912,3.13604,
2913,3.03569,
2914,3.13074,
2915,3.37432,
2916,3.3664,
2917,3.32388,
2918,3.19021,
2919,3.40452,
2920,3.32367,
2921,3.74418,
2922,3.6642,
2923,3.69164,
2924,3.70092,
2925,3.62091,
2926,3.87412,
2927,3.61034,
2928,3.54157,
2929,3.64266,
2930,3.45708,
2931,3.57588,
2932,3.71797,
2933,3.60383,
2934,3.49009,
2935,3.58163,
2936,3.35951,
2937,3.48646,
2938,3.44472,
2939,3.37289,
2940,3.40848,
2941,3.41593,
2942,3.27655,
2943,3.41308,
2944,3.40328,
2945,3.30529,
2946,3.37325,
2947,3.49219,
2948,3.6141,
2949,3.41384,
2950,3.47109,
2951,3.38299,
2952,3.74409,
2953,3.6905,
2954,3.71247,
2955,3.70162,
2956,3.70379,
2957,3.64041,
2958,3.58428,
2959,3.73766,
2960,3.61115,
2961,3.62814,
2962,3.62674,
2963,3.61749,
2964,3.44693,
2965,3.65354,
2966,3.57031,
2967,3.60726,
2968,3.65568,
2969,3.53621,
2970,3.51926,
2971,3.50204,
2972,3.56964,
2973,3.97495,
2974,3.77656,
2975,3.64249,
2976,3.60582,
2977,3.55035,
2978,3.48731,
2979,3.37151,
2980,3.38207,
2981,3.44643,
2982,3.07475,
2983,3.27788,
2984,3.28664,
2985,3.28253,
2986,3.22657,
2987,3.09989,
2988,3.14503,
2989,3.39676,
2990,3.50061,
2991,3.38553,
2992,3.10773,
2993,3.1658,
2994,3.70235,
2995,3.76427,
2996,3.77994,
2997,3.82009,
2998,3.68772,
2999,3.78472,
3000,3.67101,
3001,3.59356,
3002,3.62609,
3003,3.59407,
3004,3.49047,
3005,3.58544,
3006,3.72702,
3007,3.65279,
3008,3.50061,
3009,3.45513,
3010,3.3487,
3011,3.48195,
3012,3.41131,
3013,3.40766,
3014,3.27824,
3015,3.21499,
3016,3.14589,
3017,3.45522,
3018,3.36122,
3019,3.28733,
3020,3.78277,
3021,3.68329,
3022,3.7165,
3023,3.6332,
3024,3.75509,
3025,3.79069,
3026,3.58595,
3027,3.57036,
3028,3.34928,
3029,3.34766,
3030,3.28109,
3031,3.4459,
3032,3.61892,
3033,3.47468,
3034,3.26747,
3035,3.17316,
3036,3.10711,
3037,3.01087,
3038,3.13459,
3039,3.07642,
3040,3.31107,
3041,3.09722,
3042,3.07988,
3043,3.03053,
3044,3.35199,
3045,3.23206,
3046,3.47299,
3047,3.0367,
3048,3.62611,
3049,3.2992,
3050,3.64693,
3051,3.97667,
3052,3.60913,
3053,3.70809,
3054,3.6406,
3055,3.68329,
3056,3.71132,
3057,3.68009,
3058,3.59442,
3059,3.42582,
3060,3.43724,
3061,3.49215,
3062,3.45764,
3063,3.43745,
3064,3.48578,
3065,3.39065,
3066,3.48989,
3067,3.20849,
3068,3.53437,
3069,3.48341,
3070,3.20125,
3071,3.26734,
3072,3.43417,
3073,3.17841,
3074,3.17333,
3075,3.16561,
3076,3.04425,
3077,2.99911,
3078,3.12767,
3079,3.83204,
3080,3.75652,
3081,3.85662,
3082,3.84316,
3083,3.86311,
3084,3.74823,
3085,3.55731,
3086,3.68263,
3087,3.56891,
3088,3.62539,
3089,3.82934,
3090,3.72874,
3091,3.62356,
3092,3.54166,
3093,3.46937,
3094,3.72181,
3095,3.67049,
3096,3.77347,
3097,3.529,
3098,3.71381,
3099,3.40542,
3100,3.50158,
3101,3.52784,
3102,3.72243,
3103,3.5517,
3104,3.47503,
3105,3.46848,
3106,3.50262,
3107,3.51209,
3108,3.34522,
3109,3.3426,
3110,3.48075,
3111,3.46044,
3112,3.41745,
3113,3.36915,
3114,3.41793,
3115,3.29636,
3116,3.37363,
3117,3.27384,
3118,3.2772,
3119,3.34992,
3120,3.09333,
3121,3.1898,
3122,3.36062,
3123,3.35658,
3124,3.81105,
3125,3.78618,
3126,3.65877,
3127,3.79379,
3128,3.73627,
3129,3.69048,
3130,3.61578,
3131,3.6105,
3132,3.48082,
3133,3.51874,
3134,3.4729,
3135,3.41879,
3136,3.61243,
3137,3.54988,
3138,3.43683,
3139,3.71174,
3140,3.65116,
3141,3.19925,
3142,3.32576,
3143,3.40554,
3144,3.35841,
3145,3.48058,
3146,3.51194,
3147,3.47281,
3148,3.56792,
3149,3.66725,
3150,3.64652,
3151,3.18558,
3152,3.32279,
3153,3.51482,
3154,3.47616,
3155,3.70867,
3156,3.62933,
3157,3.63443,
3158,3.62969,
3159,3.68089,
3160,3.56142,
3161,3.43461,
3162,3.563,
3163,3.26689,
3164,3.53996,
3165,3.56911,
3166,3.49253,
3167,3.51214,
3168,3.41171,
3169,3.72827,
3170,3.5328,
3171,3.81613,
3172,3.64405,
3173,3.62178,
3174,3.61628,
3175,3.7536,
3176,3.48214,
3177,3.52159,
3178,3.42562,
3179,3.42238,
3180,3.45941,
3181,3.30791,
3182,3.42829,
3183,3.38367,
3184,3.50877,
3185,3.14323,
3186,3.33992,
3187,3.5847,
3188,3.48632,
3189,3.50612,
3190,3.42763,
3191,3.52508,
3192,3.33229,
3193,3.4758,
3194,3.10806,
3195,3.79085,
3196,3.70485,
3197,3.7875,
3198,3.89376,
3199,3.97967,
3200,3.6917,
3201,3.72956,
3202,3.59078,
3203,3.79648,
3204,3.64085,
3205,3.65316,
3206,3.60824,
3207,3.47241,
3208,3.45332,
3209,3.56445,
3210,3.63459,
3211,3.42916,
3212,3.6298,
3213,3.68431,
3214,3.56443,
3215,3.58962,
3216,3.55862,
3217,3.58519,
3218,3.62317,
3219,3.58426,
3220,3.59329,
3221,3.51347,
3222,3.47384,
3223,3.61691,
3224,3.64656,
3225,3.47101,
3226,3.47394,
3227,3.44771,
3228,3.33161,
3229,3.29295,
3230,3.12765,
3231,3.47574,
3232,3.54947,
3233,3.28896,
3234,3.34839,
3235,3.49009,
3236,3.27898,
3237,3.22868,
3238,3.31262,
3239,3.23599,
3240,3.37109,
3241,3.23672,
3242,3.28505,
3243,3.43915,
3244,3.31045,
3245,3.60401,
3246,3.6523,
3247,3.65986,
3248,3.48928,
3249,3.50008,
3250,3.62086,
3251,3.53085,
3252,3.51109,
3253,3.52889,
3254,3.62551,
3255,3.38337,
3256,3.19598,
3257,3.45118,
3258,3.42342,
3259,3.47188,
3260,3.39916,
3261,3.1097,
3262,3.45859,
3263,3.47604,
3264,3.43048,
3265,3.35283,
3266,3.26761,
3267,3.47352,
3268,3.29101,
3269,3.12714,
3270,3.31499,
3271,3.36873,
3272,3.47957,
3273,3.3253,
3274,3.20482,
3275,3.29986,
3276,3.32967,
3277,3.22022,
3278,3.29057,
3279,3.42946,
3280,3.67949,
3281,3.5446,
3282,3.70502,
3283,3.52819,
3284,3.49096,
3285,3.41862,
3286,3.5499,
3287,3.57986,
3288,3.56557,
3289,3.49747,
3290,3.65582,
3291,3.42725,
3292,3.59878,
3293,3.43069,
3294,3.37075,
3295,3.50679,
3296,3.45009,
3297,3.55981,
3298,3.46418,
3299,3.09064,
3300,3.149,
3301,3.3847,
3302,3.255,
3303,3.31281,
3304,3.12793,
3305,3.28164,
3306,3.49049,
3307,3.7279,
3308,3.47895,
3309,3.53819,
3310,3.6138,
3311,3.58628,
3312,3.59205,
3313,3.57185,
3314,3.5311,
3315,3.57954,
3316,3.517,
3317,3.56038,
3318,3.57062,
3319,3.37849,
3320,3.54684,
3321,3.18796,
3322,3.31362,
3323,3.4375,
3324,3.34408,
3325,3.41548,
3326,3.21334,
3327,3.28726,
3328,3.42724,
3329,3.16233,
3330,3.28277,
3331,3.24502,
3332,3.21376,
3333,3.38131,
3334,3.22461,
3335,3.16732,
3336,3.199,
3337,3.29439,
3338,3.20855,
3339,3.34423,
3340,3.40454,
3341,3.29189,
3342,3.22991,
3343,3.24053,
3344,3.5417,
3345,3.44003,
3346,3.29326,
3347,3.58073,
3348,3.55527,
3349,3.45171,
3350,3.59782,
3351,3.47068,
3352,3.30634,
3353,3.48765,
3354,3.3973,
3355,3.43361,
3356,3.43384,
3357,3.57258,
3358,3.6248,
3359,3.5157,
3360,3.41202,
3361,3.41502,
3362,3.31399,
3363,3.3693,
3364,3.39251,
3365,3.44514,
3366,3.36595,
3367,3.43161,
3368,3.38481,
3369,3.39486,
3370,3.24531,
3371,3.38079,
3372,3.48617,
3373,3.52905,
3374,3.60473,
3375,3.36348,
3376,3.16044,
3377,3.41676,
3378,3.1254,
3379,3.37033,
3380,3.68272,
3381,3.77327,
3382,3.61652,
3383,3.63845,
3384,3.45155,
3385,3.60467,
3386,3.48278,
3387,3.44848,
3388,3.42764,
3389,3.66532,
3390,3.44718,
3391,3.50884,
3392,3.29076,
3393,3.61603,
3394,3.5421,
3395,3.72843,
3396,3.45161,
3397,3.41558,
3398,3.47166,
3399,3.23832,
3400,3.39417,
3401,3.25576,
3402,3.30735,
3403,3.24467,
3404,3.5096,
3405,3.49648,
3406,3.08008,
3407,3.34136,
3408,3.33933,
3409,3.46064,
3410,3.41533,
3411,3.55998,
3412,3.55698,
3413,3.45456,
3414,3.44712,
3415,3.42417,
3416,3.35649,
3417,3.21926,
3418,3.20461,
3419,3.74255,
3420,3.74258,
3421,3.65153,
3422,3.56699,
3423,3.52555,
3424,3.56809,
3425,3.44265,
3426,3.59083,
3427,3.47545,
3428,3.48796,
3429,3.52307,
3430,3.46993,
3431,3.37511,
3432,3.52948,
3433,3.44402,
3434,3.31789,
3435,3.5765,
3436,3.60736,
3437,3.39261,
3438,3.62624,
3439,3.49008,
3440,3.33927,
3441,3.26111,
3442,3.49809,
3443,3.47117,
3444,3.40076,
3445,3.45782,
3446,3.4546,
3447,3.33171,
3448,3.26529,
3449,3.34238,
3450,3.37766,
3451,3.50813,
3452,3.49426,
3453,3.5114,
3454,3.41312,
3455,3.49708,
3456,3.36296,
3457,3.50298,
3458,3.52275,
3459,3.18559,
3460,3.2938,
3461,3.34091,
3462,3.44432,
3463,3.50911,
3464,3.42626,
3465,3.20342,
3466,3.4268,
3467,3.48151,
3468,3.17735,
3469,3.16972,
3470,3.52375,
3471,3.49006,
3472,3.53915,
3473,3.41995,
3474,3.33359,
3475,3.40242,
3476,3.4391,
3477,3.34656,
3478,3.49395,
3479,3.43177,
3480,3.16239,
3481,3.29218,
3482,3.19075,
3483,3.34515,
3484,3.13186,
3485,3.43403,
3486,3.55111,
3487,3.45095,
3488,3.57526,
3489,3.56152,
3490,3.49229,
3491,3.56708,
3492,3.35715,
3493,3.39588,
3494,3.48618,
3495,3.45706,
3496,3.52206,
3497,3.65622,
3498,3.75314,
3499,4.65895,
3500,3.51776,
3501,3.4381,
3502,3.60718,
3503,3.53469,
3504,3.30821,
3505,3.40504,
3506,3.43867,
3507,3.4257,
3508,3.34747,
3509,3.86806,
3510,3.41891,
3511,3.42677,
3512,3.11239,
3513,3.24405,
3514,3.42442,
3515,3.42389,
3516,3.48422,
3517,3.56675,
3518,3.38612,
3519,3.56145,
3520,3.50922,
3521,3.48245,
3522,3.68939,
3523,3.51101,
3524,3.48127,
3525,3.57165,
3526,3.61424,
3527,3.53163,
3528,3.42582,
3529,3.54884,
3530,3.467,
3531,3.47629,
3532,3.36516,
3533,3.1694,
3534,3.49995,
3535,3.35443,
3536,3.16759,
3537,3.25022,
3538,3.322,
3539,3.39085,
3540,3.34088,
3541,3.30696,
3542,3.41078,
3543,3.07392,
3544,3.29017,
3545,3.17846,
3546,3.43174,
3547,3.28527,
3548,3.30116,
3549,3.4405,
3550,3.29962,
3551,3.31556,
3552,3.28458,
3553,3.28543,
3554,3.14943,
3555,3.30003,
3556,3.3632,
3557,3.10726,
3558,3.22745,
3559,3.10206,
3560,3.287,
3561,3.2667,
3562,3.25259,
3563,3.19568,
3564,3.27208,
3565,3.3428,
3566,3.09592,
3567,3.39258,
3568,3.23827,
3569,3.22789,
3570,3.22733,
3571,3.43907,
3572,3.52245,
3573,3.55707,
3574,3.31929,
3575,3.23709,
3576,3.5766,
3577,3.34849,
3578,3.37813,
3579,3.29368,
3580,3.15532,
3581,3.24217,
3582,3.4298,
3583,3.11495,
3584,3.03785,
3585,2.84782,
3586,3.10936,
3587,3.2353,
3588,3.37526,
3589,3.32044,
3590,3.35827,
3591,3.22482,
3592,3.09068,
3593,3.13511,
3594,3.23869,
3595,3.41527,
3596,3.1966,
3597,3.2614,
3598,2.91518,
3599,2.99002,
3600,3.37354,
3601,3.06675,
3602,3.27248,
3603,3.04881,
3604,3.17244,
3605,3.07056,
3606,3.0882,
3607,3.03124,
3608,3.13503,
3609,3.09086,
3610,2.97845,
3611,3.07026,
3612,3.2889,
3613,2.97174,
3614,3.24079,
3615,3.32015,
3616,3.57251,
3617,3.57859,
3618,3.53708,
3619,3.59086,
3620,3.55279,
3621,3.61084,
3622,3.40181,
3623,3.15924,
3624,3.35828,
3625,3.20135,
3626,3.26544,
3627,3.48824,
3628,3.28928,
3629,3.36661,
3630,3.33994,
3631,3.22791,
3632,3.15277,
3633,3.30991,
3634,3.37719,
3635,3.31644,
3636,3.35663,
3637,3.22948,
3638,3.12875,
3639,3.48388,
3640,3.18551,
3641,3.19813,
3642,3.33421,
3643,3.36416,
3644,3.19153,
3645,3.61539,
3646,3.4136,
3647,3.70617,
3648,3.55397,
3649,3.56067,
3650,3.50271,
3651,3.43907,
3652,3.52037,
3653,3.37611,
3654,3.35159,
3655,3.39955,
3656,3.37275,
3657,3.35301,
3658,3.2048,
3659,3.34605,
3660,3.20844,
3661,3.24645,
3662,3.14257,
3663,3.19499,
3664,3.16861,
3665,3.20432,
3666,3.19563,
3667,3.053,
3668,3.16296,
3669,3.12808,
3670,3.2877,
3671,3.24314,
3672,3.24151,
3673,3.57917,
3674,3.52252,
3675,3.53682,
3676,3.49338,
3677,3.50921,
3678,3.49002,
3679,3.42673,
3680,3.49239,
3681,3.47858,
3682,3.42685,
3683,3.5245,
3684,3.38002,
3685,3.33028,
3686,3.16285,
3687,3.37444,
3688,3.38121,
3689,3.49478,
3690,3.33784,
3691,3.19897,
3692,3.29109,
3693,3.23198,
3694,3.24718,
3695,3.38665,
3696,3.42471,
3697,3.26379,
3698,3.17722,
3699,3.3104,
3700,3.59249,
3701,3.48989,
3702,3.59081,
3703,3.40765,
3704,3.57845,
3705,3.42953,
3706,3.49466,
3707,3.62146,
3708,3.38133,
3709,3.24482,
3710,3.25979,
3711,3.52527,
3712,3.44459,
3713,3.30162,
3714,3.40534,
3715,3.33326,
3716,3.47232,
3717,3.40157,
3718,3.52564,
3719,3.18538,
3720,3.26122,
3721,3.09261,
3722,3.20097,
3723,3.25799,
3724,3.25504,
3725,3.18594,
3726,3.35837,
3727,3.29167,
3728,3.28553,
3729,3.03788,
3730,3.1683,
3731,3.32139,
3732,3.28382,
3733,3.18424,
3734,3.72911,
3735,3.57241,
3736,3.59906,
3737,3.64322,
3738,3.47029,
3739,3.47197,
3740,3.29633,
3741,3.58032,
3742,3.69125,
3743,3.41732,
3744,3.51655,
3745,3.76347,
3746,3.84481,
3747,3.44251,
3748,3.52034,
3749,3.47353,
3750,3.54626,
3751,3.74427,
3752,3.49462,
3753,3.3556,
3754,3.37506,
3755,3.27984,
3756,3.31581,
3757,3.31121,
3758,3.30608,
3759,3.28198,
3760,3.25778,
3761,3.3478,
3762,3.80503,
3763,3.86789,
3764,3.77048,
3765,3.73633,
3766,3.7082,
3767,3.70311,
3768,3.64339,
3769,3.64709,
3770,3.61427,
3771,3.72665,
3772,3.67985,
3773,3.62125,
3774,3.6027,
3775,3.49786,
3776,3.55949,
3777,3.65123,
3778,3.52889,
3779,3.47288,
3780,3.41215,
3781,3.56693,
3782,3.77018,
3783,3.65404,
3784,3.57372,
3785,3.49351,
3786,3.49337,
3787,3.37581,
3788,3.5878,
3789,3.4248,
3790,3.47168,
3791,3.41851,
3792,3.27805,
3793,3.14612,
3794,3.38023,
3795,3.59547,
3796,3.43764,
3797,3.23005,
3798,3.39912,
3799,3.40565,
3800,3.27877,
3801,3.35631,
3802,3.41845,
3803,3.20674,
3804,3.48707,
3805,3.29658,
3806,3.3014,
3807,3.48553,
3808,3.46906,
3809,3.48207,
3810,3.51264,
3811,3.41346,
3812,3.31491,
3813,3.18821,
3814,3.24249,
3815,3.38677,
3816,3.29295,
3817,3.21752,
3818,3.38487,
3819,3.25426,
3820,3.17662,
3821,3.26763,
3822,3.1788,
3823,3.11957,
3824,3.33894,
3825,3.15851,
3826,3.06331,
3827,3.14965,
3828,3.195,
3829,3.09432,
3830,3.04737,
3831,3.14594,
3832,3.17601,
3833,3.44968,
3834,3.44382,
3835,3.39574,
3836,3.42856,
3837,3.44514,
3838,3.31917,
3839,3.38919,
3840,3.11485,
3841,3.32337,
3842,3.33419,
3843,3.19526,
3844,3.54645,
3845,3.18813,
3846,3.13312,
3847,3.46918,
3848,3.2413,
3849,3.13616,
3850,3.18685,
3851,3.44057,
3852,2.94103,
3853,3.14734,
3854,3.31052,
3855,3.01226,
3856,3.20383,
3857,3.11285,
3858,3.07543,
3859,2.95743,
3860,3.59243,
3861,3.49539,
3862,3.43867,
3863,3.36771,
3864,3.4757,
3865,3.3935,
3866,3.47246,
3867,3.42119,
3868,3.38018,
3869,3.41429,
3870,3.34982,
3871,3.38336,
3872,3.35075,
3873,3.2549,
3874,3.35523,
3875,3.07759,
3876,3.22495,
3877,3.2464,
3878,3.31754,
3879,3.24978,
3880,3.0421,
3881,3.23089,
3882,3.19268,
3883,3.12396,
3884,2.93219,
3885,3.04218,
3886,3.12777,
3887,3.11084,
3888,3.1255,
3889,2.95814,
3890,2.88059,
3891,2.88494,
3892,3.08483,
3893,3.16709,
3894,3.93625,
3895,3.62507,
3896,3.47916,
3897,3.39229,
3898,3.54589,
3899,3.57578,
3900,3.36527,
3901,3.53544,
3902,3.42078,
3903,3.34719,
3904,3.29943,
3905,3.54852,
3906,3.36985,
3907,3.2824,
3908,3.4811,
3909,3.50639,
3910,3.43083,
3911,3.42768,
3912,3.42864,
3913,3.48074,
3914,3.48564,
3915,3.28944,
3916,3.24453,
3917,3.20434,
3918,3.54251,
3919,3.56124,
3920,3.52715,
3921,3.44541,
3922,3.54511,
3923,3.39272,
3924,3.44193,
3925,3.54551,
3926,3.4377,
3927,3.38388,
3928,3.38988,
3929,3.42565,
3930,3.26551,
3931,3.28632,
3932,3.31192,
3933,3.4193,
3934,3.20735,
3935,3.22252,
3936,3.16807,
3937,3.38615,
3938,3.39714,
3939,3.27054,
3940,3.06485,
3941,3.27138,
3942,3.15922,
3943,3.13957,
3944,3.31133,
3945,3.34731,
3946,3.32205,
3947,3.38295,
3948,3.29884,
3949,3.32458,
3950,3.21075,
3951,3.23396,
3952,3.18398,
3953,3.22394,
3954,3.15012,
3955,3.3337,
3956,3.08225,
3957,3.12636,
3958,3.10475,
3959,3.13791,
3960,3.19793,
3961,3.1698,
3962,2.98279,
3963,3.16196,
3964,3.00935,
3965,3.24076,
3966,3.03771,
3967,3.10896,
3968,3.29585,
3969,3.17904,
3970,3.24511,
3971,2.98026,
3972,3.09028,
3973,3.10165,
3974,3.18226,
3975,3.20993,
3976,2.85291,
3977,2.97527,
3978,2.8648,
3979,2.93945,
3980,3.19168,
3981,3.18423,
3982,3.13241,
3983,3.00143,
3984,3.25386,
3985,3.14464,
3986,3.55451,
3987,3.47719,
3988,3.50641,
3989,3.49159,
3990,3.41712,
3991,3.68302,
3992,3.40318,
3993,3.32019,
3994,3.42956,
3995,3.23835,
3996,3.40911,
3997,3.49513,
3998,3.36183,
3999,3.31272,
4000,3.3674,
4001,3.13621,
4002,3.33249,
4003,3.25952,
4004,3.18349,
4005,3.26022,
4006,3.24201,
4007,3.08965,
4008,3.21768,
4009,3.26503,
4010,3.09785,
4011,3.16787,
4012,3.33285,
4013,3.45992,
4014,3.21998,
4015,3.286,
4016,3.19498,
4017,3.59634,
4018,3.55515,
4019,3.57128,
4020,3.57174,
4021,3.55568,
4022,3.5144,
4023,3.4384,
4024,3.59618,
4025,3.46583,
4026,3.51898,
4027,3.51499,
4028,3.49685,
4029,3.32317,
4030,3.51629,
4031,3.45183,
4032,3.48254,
4033,3.52173,
4034,3.39392,
4035,3.41197,
4036,3.36831,
4037,3.44742,
4038,3.73154,
4039,3.61026,
4040,3.32032,
4041,3.33235,
4042,3.23274,
4043,3.11304,
4044,3.05467,
4045,3.05864,
4046,3.23417,
4047,2.74947,
4048,3.03635,
4049,3.0556,
4050,3.02291,
4051,3.0297,
4052,2.89444,
4053,2.94726,
4054,3.17627,
4055,3.35043,
4056,3.22945,
4057,2.93585,
4058,2.99901,
4059,3.54897,
4060,3.60328,
4061,3.6097,
4062,3.65189,
4063,3.50992,
4064,3.57141,
4065,3.47134,
4066,3.37183,
4067,3.43453,
4068,3.44148,
4069,3.29229,
4070,3.43551,
4071,3.57322,
4072,3.51946,
4073,3.34801,
4074,3.26187,
4075,3.1554,
4076,3.3268,
4077,3.24928,
4078,3.22487,
4079,3.05898,
4080,3.02729,
4081,2.96266,
4082,3.27791,
4083,3.21417,
4084,3.12713,
4085,3.53302,
4086,3.42006,
4087,3.49278,
4088,3.41361,
4089,3.55199,
4090,3.57126,
4091,3.3735,
4092,3.361,
4093,3.13424,
4094,3.1251,
4095,3.10615,
4096,3.30831,
4097,3.44187,
4098,3.26751,
4099,3.0777,
4100,2.97311,
4101,2.91716,
4102,2.80159,
4103,2.9359,
4104,2.9124,
4105,3.14785,
4106,2.91664,
4107,2.91392,
4108,2.88669,
4109,3.18444,
4110,3.06567,
4111,3.31326,
4112,2.89342,
4113,3.47841,
4114,3.15276,
4115,3.49175,
4116,3.85189,
4117,3.41159,
4118,3.55498,
4119,3.46736,
4120,3.46815,
4121,3.50496,
4122,3.5044,
4123,3.38104,
4124,3.2376,
4125,3.236,
4126,3.31786,
4127,3.2666,
4128,3.25541,
4129,3.34216,
4130,3.2147,
4131,3.30568,
4132,3.04838,
4133,3.38278,
4134,3.3509,
4135,3.03794,
4136,3.09726,
4137,3.32201,
4138,3.02939,
4139,3.01074,
4140,3.01549,
4141,2.88972,
4142,2.86923,
4143,2.98981,
4144,3.69287,
4145,3.60891,
4146,3.69847,
4147,3.68,
4148,3.69028,
4149,3.59041,
4150,3.38055,
4151,3.51447,
4152,3.4363,
4153,3.46678,
4154,3.66938,
4155,3.56299,
4156,3.46759,
4157,3.38451,
4158,3.30315,
4159,3.54182,
4160,3.51567,
4161,3.61945,
4162,3.35255,
4163,3.53533,
4164,3.25584,
4165,3.32037,
4166,3.34101,
4167,3.50534,
4168,3.38185,
4169,3.29904,
4170,3.24621,
4171,3.26572,
4172,3.34737,
4173,3.15533,
4174,3.14592,
4175,3.28595,
4176,3.27464,
4177,3.26744,
4178,3.15212,
4179,3.23508,
4180,3.11649,
4181,3.22843,
4182,3.10655,
4183,3.10816,
4184,3.18616,
4185,2.92014,
4186,3.03127,
4187,3.18672,
4188,3.2009,
4189,3.64556,
4190,3.63714,
4191,3.51169,
4192,3.64377,
4193,3.62042,
4194,3.53548,
4195,3.45183,
4196,3.46987,
4197,3.29413,
4198,3.30775,
4199,3.29456,
4200,3.23888,
4201,3.43562,
4202,3.37663,
4203,3.28192,
4204,3.55775,
4205,3.47168,
4206,3.06747,
4207,3.15637,
4208,3.23731,
4209,3.19457,
4210,3.32701,
4211,3.3752,
4212,3.30765,
4213,3.42706,
4214,3.53504,
4215,3.49819,
4216,3.01295,
4217,3.17705,
4218,3.33837,
4219,3.35136,
4220,3.5426,
4221,3.48929,
4222,3.51516,
4223,3.4926,
4224,3.54399,
4225,3.38132,
4226,3.2821,
4227,3.41558,
4228,3.1502,
4229,3.39192,
4230,3.40808,
4231,3.35307,
4232,3.33294,
4233,3.28624,
4234,3.60892,
4235,3.39768,
4236,3.63272,
4237,3.47652,
4238,3.49492,
4239,3.47286,
4240,3.57758,
4241,3.32034,
4242,3.37057,
4243,3.29116,
4244,3.23989,
4245,3.25818,
4246,3.13813,
4247,3.26745,
4248,3.22097,
4249,3.34491,
4250,2.9506,
4251,3.20273,
4252,3.46533,
4253,3.34824,
4254,3.36052,
4255,3.28639,
4256,3.39304,
4257,3.17921,
4258,3.35924,
4259,2.94031,
4260,3.63277,
4261,3.52894,
4262,3.6346,
4263,3.73174,
4264,3.84424,
4265,3.5472,
4266,3.60196,
4267,3.43145,
4268,3.62901,
4269,3.52251,
4270,3.51495,
4271,3.4645,
4272,3.32583,
4273,3.29316,
4274,3.41138,
4275,3.4866,
4276,3.24621,
4277,3.48769,
4278,3.53313,
4279,3.38867,
4280,3.38729,
4281,3.39653,
4282,3.42958,
4283,3.4605,
4284,3.44145,
4285,3.44158,
4286,3.3832,
4287,3.30208,
4288,3.49699,
4289,3.49466,
4290,3.28857,
4291,3.3462,
4292,3.26354,
4293,3.15326,
4294,3.11781,
4295,2.94402,
4296,3.31626,
4297,3.3439,
4298,3.11938,
4299,3.2078,
4300,3.32051,
4301,3.14787,
4302,3.0624,
4303,3.14578,
4304,3.049,
4305,3.2535,
4306,3.08791,
4307,3.1364,
4308,3.30689,
4309,3.17631,
4310,3.43817,
4311,3.50218,
4312,3.47392,
4313,3.33052,
4314,3.33966,
4315,3.46827,
4316,3.35955,
4317,3.33248,
4318,3.35064,
4319,3.47802,
4320,3.22736,
4321,2.9868,
4322,3.27905,
4323,3.24371,
4324,3.31242,
4325,3.23833,
4326,2.9227,
4327,3.2989,
4328,3.33839,
4329,3.26627,
4330,3.19995,
4331,3.11146,
4332,3.32753,
4333,3.13822,
4334,2.90718,
4335,3.17271,
4336,3.22787,
4337,3.33431,
4338,3.19136,
4339,3.04447,
4340,3.19368,
4341,3.20487,
4342,3.06949,
4343,3.16403,
4344,3.28799,
4345,3.53538,
4346,3.40489,
4347,3.50354,
4348,3.30361,
4349,3.29102,
4350,3.22851,
4351,3.41766,
4352,3.40703,
4353,3.38835,
4354,3.35185,
4355,3.49774,
4356,3.26265,
4357,3.41528,
4358,3.25663,
4359,3.16692,
4360,3.33755,
4361,3.29698,
4362,3.43673,
4363,3.33611,
4364,2.93668,
4365,3.00359,
4366,3.24906,
4367,3.07267,
4368,3.17592,
4369,2.97855,
4370,3.13091,
4371,3.36252,
4372,3.59139,
4373,3.31357,
4374,3.41059,
4375,3.45723,
4376,3.43155,
4377,3.40549,
4378,3.43514,
4379,3.38559,
4380,3.42151,
4381,3.34017,
4382,3.37416,
4383,3.36951,
4384,3.20654,
4385,3.35064,
4386,2.98351,
4387,3.11589,
4388,3.2737,
4389,3.15529,
4390,3.23643,
4391,3.02846,
4392,3.1211,
4393,3.26382,
4394,3.00455,
4395,3.12654,
4396,3.07785,
4397,3.03185,
4398,3.18953,
4399,3.00741,
4400,3.03776,
4401,3.031,
4402,3.1423,
4403,3.06008,
4404,3.19714,
4405,3.2715,
4406,3.16808,
4407,3.09847,
4408,3.11359,
4409,3.37627,
4410,3.30629,
4411,3.14871,
4412,3.40499,
4413,3.35527,
4414,3.31285,
4415,3.37648,
4416,3.27917,
4417,3.14642,
4418,3.34212,
4419,3.2204,
4420,3.27206,
4421,3.28243,
4422,3.42798,
4423,3.49415,
4424,3.3903,
4425,3.26393,
4426,3.26234,
4427,3.15924,
4428,3.19248,
4429,3.23051,
4430,3.26179,
4431,3.18767,
4432,3.26992,
4433,3.22597,
4434,3.26315,
4435,3.10312,
4436,3.23287,
4437,3.36826,
4438,3.37963,
4439,3.47793,
4440,3.193,
4441,3.00522,
4442,3.2656,
4443,2.9604,
4444,3.21717,
4445,3.54782,
4446,3.62285,
4447,3.48426,
4448,3.48493,
4449,3.21544,
4450,3.45884,
4451,3.33262,
4452,3.28902,
4453,3.25335,
4454,3.54088,
4455,3.30267,
4456,3.40291,
4457,3.1487,
4458,3.47471,
4459,3.40593,
4460,3.56872,
4461,3.28021,
4462,3.29094,
4463,3.34621,
4464,3.10039,
4465,3.27333,
4466,3.10224,
4467,3.18547,
4468,3.13198,
4469,3.39166,
4470,3.39865,
4471,2.95184,
4472,3.21215,
4473,3.19984,
4474,3.32253,
4475,3.31005,
4476,3.43437,
4477,3.3872,
4478,3.28965,
4479,3.30271,
4480,3.31573,
4481,3.23286,
4482,3.09052,
4483,3.06768,
4484,3.60847,
4485,3.59518,
4486,3.51991,
4487,3.40722,
4488,3.37899,
4489,3.39095,
4490,3.25793,
4491,3.48805,
4492,3.30969,
4493,3.36274,
4494,3.32466,
4495,3.29799,
4496,3.22322,
4497,3.37685,
4498,3.31977,
4499,3.18775,
4500,3.42368,
4501,3.46613,
4502,3.2572,
4503,3.49857,
4504,3.35195,
4505,3.18979,
4506,3.12798,
4507,3.34863,
4508,3.33527,
4509,3.25761,
4510,3.29428,
4511,3.32278,
4512,3.17347,
4513,3.11515,
4514,3.22473,
4515,3.22032,
4516,3.33894,
4517,3.34279,
4518,3.38479,
4519,3.24748,
4520,3.30403,
4521,3.19345,
4522,3.36113,
4523,3.37878,
4524,3.02719,
4525,3.17482,
4526,3.19498,
4527,3.32034,
4528,3.38594,
4529,3.29791,
4530,3.07156,
4531,3.2498,
4532,3.37521,
4533,3.06406,
4534,3.05116,
4535,3.41575,
4536,3.33678,
4537,3.39606,
4538,3.23713,
4539,3.18015,
4540,3.28594,
4541,3.30437,
4542,3.22687,
4543,3.36981,
4544,3.31107,
4545,3.00814,
4546,3.15386,
4547,3.06042,
4548,3.2009,
4549,3.02051,
4550,3.28822,
4551,3.40299,
4552,3.29852,
4553,3.44102,
4554,3.42881,
4555,3.34987,
4556,3.38746,
4557,3.24183,
4558,3.24957,
4559,3.3581,
4560,3.32892,
4561,3.40207,
4562,3.53946,
4563,3.64228,
4564,4.54059,
4565,3.36948,
4566,3.32279,
4567,3.4468,
4568,3.41184,
4569,3.15089,
4570,3.28683,
4571,3.3291,
4572,3.2859,
4573,3.22836,
4574,3.77497,
4575,3.27911,
4576,3.2989,
4577,2.96618,
4578,3.1229,
4579,3.29863,
4580,3.29433,
4581,3.3817,
4582,3.44505,
4583,3.26163,
4584,3.45336,
4585,3.36872,
4586,3.30945,
4587,3.578,
4588,3.37888,
4589,3.32797,
4590,3.40394,
4591,3.4579,
4592,3.37087,
4593,3.27395,
4594,3.37268,
4595,3.3093,
4596,3.31952,
4597,3.19987,
4598,3.01295,
4599,3.3329,
4600,3.19786,
4601,3.00885,
4602,3.08969,
4603,3.16264,
4604,3.25626,
4605,3.19843,
4606,3.16213,
4607,3.27696,
4608,2.9176,
4609,3.15671,
4610,2.9842,
4611,3.27731,
4612,3.12832,
4613,3.15689,
4614,3.30704,
4615,3.1689,
4616,3.182,
4617,3.16428,
4618,3.1403,
4619,2.98784,
4620,3.19897,
4621,3.21119,
4622,2.95914,
4623,3.06838,
4624,2.94982,
4625,3.17625,
4626,3.14012,
4627,3.10755,
4628,3.08398,
4629,3.15108,
4630,3.21778,
4631,2.95362,
4632,3.2623,
4633,3.11143,
4634,3.1029,
4635,3.11401,
4636,3.31535,
4637,3.42097,
4638,3.45611,
4639,3.19721,
4640,3.12251,
4641,3.44567,
4642,3.23552,
4643,3.26468,
4644,3.17496,
4645,3.03962,
4646,3.11795,
4647,3.31243,
4648,2.96775,
4649,2.89104,
4650,2.71804,
4651,2.97534,
4652,3.09558,
4653,3.23166,
4654,3.20766,
4655,3.21643,
4656,3.11749,
4657,2.95264,
4658,3.00576,
4659,3.13652,
4660,3.31559,
4661,3.08667,
4662,3.12136,
4663,2.76512,
4664,2.82217,
4665,3.26111,
4666,2.94625,
4667,3.13973,
4668,2.91123,
4669,3.06992,
4670,2.93727,
4671,2.96366,
4672,2.90276,
4673,3.01116,
4674,2.9589,
4675,2.86855,
4676,2.94967,
4677,3.16965,
4678,2.85069,
4679,3.13603,
4680,3.19066,
4681,3.44313,
4682,3.45093,
4683,3.41924,
4684,3.45174,
4685,3.42061,
4686,3.47778,
4687,3.27034,
4688,3.0017,
4689,3.25156,
4690,3.08158,
4691,3.15555,
4692,3.3418,
4693,3.1736,
4694,3.24948,
4695,3.2214,
4696,3.12749,
4697,3.02624,
4698,3.17864,
4699,3.27398,
4700,3.2185,
4701,3.20933,
4702,3.11581,
4703,3.02057,
4704,3.35763,
4705,3.0737,
4706,3.06109,
4707,3.20308,
4708,3.25295,
4709,3.07645,
4710,3.48712,
4711,3.29101,
4712,3.58939,
4713,3.40201,
4714,3.43954,
4715,3.37315,
4716,3.28695,
4717,3.36598,
4718,3.24866,
4719,3.2186,
4720,3.28553,
4721,3.26049,
4722,3.21323,
4723,3.06766,
4724,3.21069,
4725,3.09792,
4726,3.10895,
4727,2.96843,
4728,3.06509,
4729,2.99136,
4730,3.09798,
4731,3.09018,
4732,2.93397,
4733,3.03183,
4734,2.98316,
4735,3.16328,
4736,3.10352,
4737,3.12176,
4738,3.4009,
4739,3.38485,
4740,3.39977,
4741,3.34647,
4742,3.34818,
4743,3.35511,
4744,3.31953,
4745,3.37623,
4746,3.3482,
4747,3.30818,
4748,3.3919,
4749,3.26127,
4750,3.21431,
4751,3.03653,
4752,3.26418,
4753,3.24143,
4754,3.3602,
4755,3.24471,
4756,3.08687,
4757,3.16568,
4758,3.10172,
4759,3.15361,
4760,3.28334,
4761,3.3397,
4762,3.13561,
4763,3.05933,
4764,3.19202,
4765,3.44006,
4766,3.38702,
4767,3.45273,
4768,3.29725,
4769,3.46651,
4770,3.28641,
4771,3.37593,
4772,3.50539,
4773,3.28202,
4774,3.13518,
4775,3.12681,
4776,3.39103,
4777,3.33161,
4778,3.15912,
4779,3.27449,
4780,3.23499,
4781,3.39192,
4782,3.29902,
4783,3.43695,
4784,3.06462,
4785,3.15247,
4786,2.95498,
4787,3.0888,
4788,3.16284,
4789,3.13119,
4790,3.10164,
4791,3.26076,
4792,3.20541,
4793,3.16534,
4794,2.91038,
4795,3.05876,
4796,3.18505,
4797,3.14315,
4798,3.07168,
4799,3.61963,
4800,3.46965,
4801,3.45193,
4802,3.50261,
4803,3.33529,
4804,3.35613,
4805,3.16954,
4806,3.42993,
4807,3.54543,
4808,3.33674,
4809,3.39413,
4810,3.64565,
4811,3.72527,
4812,3.31395,
4813,3.41202,
4814,3.35056,
4815,3.44524,
4816,3.57447,
4817,3.35481,
4818,3.24496,
4819,3.24514,
4820,3.16204,
4821,3.21174,
4822,3.22266,
4823,3.20858,
4824,3.13953,
4825,3.1169,
4826,3.23285,
4827,3.70492,
4828,3.74458,
4829,3.7005,
4830,3.64595,
4831,3.60381,
4832,3.62546,
4833,3.56142,
4834,3.56391,
4835,3.5044,
4836,3.59738,
4837,3.56566,
4838,3.51432,
4839,3.49209,
4840,3.39241,
4841,3.4865,
4842,3.55306,
4843,3.47105,
4844,3.4026,
4845,3.3164,
4846,3.43584,
4847,3.63818,
4848,3.50287,
4849,3.42473,
4850,3.34474,
4851,3.34814,
4852,3.22787,
4853,3.44064,
4854,3.2873,
4855,3.33459,
4856,3.3142,
4857,3.15918,
4858,3.01398,
4859,3.26065,
4860,3.5026,
4861,3.34679,
4862,3.0999,
4863,3.26558,
4864,3.27572,
4865,3.16251,
4866,3.23848,
4867,3.29335,
4868,3.10401,
4869,3.3637,
4870,3.18865,
4871,3.21348,
4872,3.4097,
4873,3.35293,
4874,3.33916,
4875,3.37967,
4876,3.25152,
4877,3.18736,
4878,3.05199,
4879,3.11446,
4880,3.26096,
4881,3.16522,
4882,3.07067,
4883,3.25961,
4884,3.15466,
4885,3.07313,
4886,3.157,
4887,3.05724,
4888,2.99803,
4889,3.22657,
4890,3.03651,
4891,2.94878,
4892,3.06057,
4893,3.10445,
4894,3.00152,
4895,2.94378,
4896,3.03285,
4897,3.06088,
4898,3.29964,
4899,3.28271,
4900,3.24041,
4901,3.29072,
4902,3.28498,
4903,3.16209,
4904,3.25584,
4905,2.99162,
4906,3.18942,
4907,3.20669,
4908,3.08805,
4909,3.42592,
4910,3.0605,
4911,3.02737,
4912,3.34089,
4913,3.10085,
4914,2.98124,
4915,3.08103,
4916,3.33111,
4917,2.82013,
4918,2.99487,
4919,3.17396,
4920,2.91549,
4921,3.09583,
4922,2.99334,
4923,2.95389,
4924,2.85213,
4925,3.48155,
4926,3.35255,
4927,3.32353,
4928,3.26106,
4929,3.38887,
4930,3.26885,
4931,3.37679,
4932,3.30283,
4933,3.24048,
4934,3.30378,
4935,3.22533,
4936,3.26648,
4937,3.23408,
4938,3.14456,
4939,3.24766,
4940,2.90975,
4941,3.09608,
4942,3.13682,
4943,3.21101,
4944,3.15652,
4945,2.87779,
4946,3.12428,
4947,3.09086,
4948,3.02488,
4949,2.80378,
4950,2.93673,
4951,3.01209,
4952,3.00141,
4953,3.02284,
4954,2.84294,
4955,2.78113,
4956,2.80015,
4957,3.00259,
4958,3.06617,
4959,3.81319,
4960,3.53795,
4961,3.38976,
4962,3.29272,
4963,3.45552,
4964,3.47668,
4965,3.25005,
4966,3.42408,
4967,3.29602,
4968,3.22508,
4969,3.19092,
4970,3.45004,
4971,3.2819,
4972,3.20979,
4973,3.39854,
4974,3.43173,
4975,3.32435,
4976,3.32527,
4977,3.25948,
4978,3.36693,
4979,3.34136,
4980,3.15608,
4981,3.11598,
4982,3.09485,
4983,3.40969,
4984,3.44053,
4985,3.41267,
4986,3.33279,
4987,3.41772,
4988,3.26081,
4989,3.31098,
4990,3.41806,
4991,3.32075,
4992,3.28364,
4993,3.30421,
4994,3.30642,
4995,3.12663,
4996,3.18271,
4997,3.22422,
4998,3.3283,
4999,3.10444,
5000,3.10927,
5001,3.08075,
5002,3.30937,
5003,3.29224,
5004,3.18838,
5005,2.95261,
5006,3.16469,
5007,3.05611,
5008,3.03039,
5009,3.18146,
5010,3.25293,
5011,3.21644,
5012,3.25744,
5013,3.20311,
5014,3.21885,
5015,3.12503,
5016,3.12227,
5017,3.07626,
5018,3.09746,
5019,3.05135,
5020,3.21541,
5021,2.94356,
5022,2.96665,
5023,2.97079,
5024,3.03083,
5025,3.10399,
5026,3.04073,
5027,2.85269,
5028,3.03576,
5029,2.91265,
5030,3.09862,
5031,2.91505,
5032,2.99831,
5033,3.21397,
5034,3.05903,
5035,3.13896,
5036,2.86802,
5037,2.98394,
5038,2.97879,
5039,3.06063,
5040,3.13001,
5041,2.76474,
5042,2.89443,
5043,2.77747,
5044,2.81114,
5045,3.08362,
5046,3.08692,
5047,3.01681,
5048,2.89608,
5049,3.15259,
5050,3.03619,
5051,3.36814,
5052,3.382,
5053,3.40293,
5054,3.36636,
5055,3.28215,
5056,3.55453,
5057,3.27579,
5058,3.17166,
5059,3.3213,
5060,3.15058,
5061,3.32851,
5062,3.38332,
5063,3.25791,
5064,3.21781,
5065,3.25156,
5066,3.02721,
5067,3.22946,
5068,3.14454,
5069,3.07584,
5070,3.15101,
5071,3.14486,
5072,2.99442,
5073,3.11238,
5074,3.14712,
5075,2.99517,
5076,3.05798,
5077,3.22373,
5078,3.36841,
5079,3.10999,
5080,3.18062,
5081,3.08901,
5082,3.49776,
5083,3.46002,
5084,3.48097,
5085,3.48135,
5086,3.49274,
5087,3.44399,
5088,3.36159,
5089,3.49023,
5090,3.37301,
5091,3.41957,
5092,3.44383,
5093,3.43399,
5094,3.24217,
5095,3.43157,
5096,3.39497,
5097,3.38871,
5098,3.43457,
5099,3.31068,
5100,3.32796,
5101,3.29324,
5102,3.37346,
5103,3.57917,
5104,3.49001,
5105,3.12402,
5106,3.18852,
5107,3.05356,
5108,2.90796,
5109,2.89818,
5110,2.89125,
5111,3.12947,
5112,2.6191,
5113,2.92475,
5114,2.90097,
5115,2.9139,
5116,2.93365,
5117,2.77066,
5118,2.81058,
5119,3.03878,
5120,3.22034,
5121,3.1079,
5122,2.80774,
5123,2.86387,
5124,3.43741,
5125,3.4953,
5126,3.46586,
5127,3.54998,
5128,3.40742,
5129,3.4254,
5130,3.33272,
5131,3.20838,
5132,3.29164,
5133,3.32638,
5134,3.17928,
5135,3.31952,
5136,3.48341,
5137,3.41645,
5138,3.25178,
5139,3.14827,
5140,3.0613,
5141,3.21489,
5142,3.14603,
5143,3.13012,
5144,2.94221,
5145,2.92751,
5146,2.86446,
5147,3.13908,
5148,3.12626,
5149,3.03266,
5150,3.41002,
5151,3.28536,
5152,3.362,
5153,3.29373,
5154,3.43258,
5155,3.42715,
5156,3.22039,
5157,3.24108,
5158,3.01894,
5159,3.01209,
5160,3.00098,
5161,3.19813,
5162,3.34342,
5163,3.15586,
5164,2.96109,
5165,2.88661,
5166,2.825,
5167,2.69813,
5168,2.81757,
5169,2.80542,
5170,3.05015,
5171,2.81674,
5172,2.81132,
5173,2.80027,
5174,3.09598,
5175,2.96265,
5176,3.21297,
5177,2.81345,
5178,3.36985,
5179,3.05603,
5180,3.40226,
5181,3.73218,
5182,3.31301,
5183,3.45031,
5184,3.33718,
5185,3.3669,
5186,3.36568,
5187,3.36796,
5188,3.24556,
5189,3.10587,
5190,3.12336,
5191,3.20148,
5192,3.12294,
5193,3.15069,
5194,3.2215,
5195,3.11055,
5196,3.19626,
5197,2.94825,
5198,3.2834,
5199,3.26196,
5200,2.93513,
5201,2.97146,
5202,3.22602,
5203,2.91868,
5204,2.90906,
5205,2.92391,
5206,2.78843,
5207,2.78021,
5208,2.88503,
5209,3.58548,
5210,3.49512,
5211,3.59148,
5212,3.56281,
5213,3.58108,
5214,3.47382,
5215,3.27231,
5216,3.3847,
5217,3.29814,
5218,3.35091,
5219,3.5538,
5220,3.40784,
5221,3.35077,
5222,3.25282,
5223,3.18527,
5224,3.43601,
5225,3.42193,
5226,3.52095,
5227,3.23922,
5228,3.43119,
5229,3.13536,
5230,3.20285,
5231,3.20776,
5232,3.36798,
5233,3.20273,
5234,3.15198,
5235,3.12359,
5236,3.13385,
5237,3.24805,
5238,3.04892,
5239,3.03941,
5240,3.17995,
5241,3.16971,
5242,3.19362,
5243,3.03253,
5244,3.1486,
5245,3.01642,
5246,3.17379,
5247,3.0169,
5248,3.02564,
5249,3.10501,
5250,2.81836,
5251,2.9477,
5252,3.11031,
5253,3.1033,
5254,3.54113,
5255,3.53446,
5256,3.42368,
5257,3.545,
5258,3.51182,
5259,3.44599,
5260,3.33378,
5261,3.34524,
5262,3.14981,
5263,3.19651,
5264,3.19767,
5265,3.12591,
5266,3.33394,
5267,3.28244,
5268,3.19054,
5269,3.47106,
5270,3.38807,
5271,2.97456,
5272,3.06962,
5273,3.14415,
5274,3.10008,
5275,3.20851,
5276,3.28011,
5277,3.22221,
5278,3.33411,
5279,3.46113,
5280,3.39864,
5281,2.91345,
5282,3.05512,
5283,3.21878,
5284,3.2678,
5285,3.44398,
5286,3.39009,
5287,3.43008,
5288,3.3758,
5289,3.42448,
5290,3.25772,
5291,3.17017,
5292,3.32153,
5293,3.0798,
5294,3.28736,
5295,3.30506,
5296,3.24885,
5297,3.21634,
5298,3.18351,
5299,3.50071,
5300,3.28193,
5301,3.50923,
5302,3.32371,
5303,3.40586,
5304,3.35096,
5305,3.42886,
5306,3.20058,
5307,3.25896,
5308,3.1816,
5309,3.09011,
5310,3.14286,
5311,3.04473,
5312,3.16429,
5313,3.11692,
5314,3.25808,
5315,2.8532,
5316,3.11578,
5317,3.36793,
5318,3.2622,
5319,3.19923,
5320,3.15,
5321,3.28762,
5322,3.08217,
5323,3.26633,
5324,2.77778,
5325,3.50437,
5326,3.41962,
5327,3.52147,
5328,3.61557,
5329,3.75885,
5330,3.44472,
5331,3.51949,
5332,3.31093,
5333,3.47912,
5334,3.42231,
5335,3.40194,
5336,3.36046,
5337,3.20613,
5338,3.18596,
5339,3.28949,
5340,3.3924,
5341,3.148,
5342,3.37105,
5343,3.42526,
5344,3.27074,
5345,3.26332,
5346,3.29433,
5347,3.33378,
5348,3.36308,
5349,3.3512,
5350,3.34617,
5351,3.2949,
5352,3.19533,
5353,3.40071,
5354,3.43561,
5355,3.17443,
5356,3.25759,
5357,3.13494,
5358,3.04541,
5359,3.00881,
5360,2.82836,
5361,3.21483,
5362,3.20787,
5363,3.00958,
5364,3.11058,
5365,3.20693,
5366,3.06377,
5367,2.9669,
5368,3.03099,
5369,2.94544,
5370,3.18715,
5371,2.99567,
5372,3.06513,
5373,3.22209,
5374,3.07979,
5375,3.34995,
5376,3.41381,
5377,3.31325,
5378,3.19887,
5379,3.19511,
5380,3.36182,
5381,3.24082,
5382,3.22438,
5383,3.25257,
5384,3.35397,
5385,3.1122,
5386,2.88459,
5387,3.15005,
5388,3.09822,
5389,3.19042,
5390,3.14229,
5391,2.82149,
5392,3.18488,
5393,3.23558,
5394,3.16847,
5395,3.1016,
5396,3.02271,
5397,3.23907,
5398,3.0569,
5399,2.78257,
5400,3.08272,
5401,3.1075,
5402,3.24812,
5403,3.11044,
5404,2.94396,
5405,3.10335,
5406,3.10572,
5407,2.98021,
5408,3.0727,
5409,3.18247,
5410,3.42188,
5411,3.31437,
5412,3.40434,
5413,3.16854,
5414,3.18317,
5415,3.11698,
5416,3.31987,
5417,3.30432,
5418,3.28753,
5419,3.26257,
5420,3.40759,
5421,3.17951,
5422,3.3189,
5423,3.17242,
5424,3.045,
5425,3.24023,
5426,3.22214,
5427,3.35612,
5428,3.23511,
5429,2.85051,
5430,2.92242,
5431,3.17555,
5432,2.95839,
5433,3.09661,
5434,2.8807,
5435,3.04681,
5436,3.27058,
5437,3.48508,
5438,3.20397,
5439,3.32672,
5440,3.32274,
5441,3.33265,
5442,3.29735,
5443,3.33827,
5444,3.29481,
5445,3.30705,
5446,3.23399,
5447,3.26258,
5448,3.25146,
5449,3.105,
5450,3.24073,
5451,2.87904,
5452,3.01933,
5453,3.1893,
5454,3.05766,
5455,3.14857,
5456,2.95435,
5457,3.0271,
5458,3.19084,
5459,2.93005,
5460,3.05359,
5461,2.96935,
5462,2.91058,
5463,3.08927,
5464,2.88201,
5465,2.96366,
5466,2.95851,
5467,3.07671,
5468,2.95753,
5469,3.11026,
5470,3.19686,
5471,3.10476,
5472,3.00501,
5473,3.02141,
5474,3.25296,
5475,3.18094,
5476,3.03303,
5477,3.28845,
5478,3.23833,
5479,3.23146,
5480,3.26107,
5481,3.17335,
5482,3.04957,
5483,3.24785,
5484,3.1115,
5485,3.17636,
5486,3.18927,
5487,3.3357,
5488,3.40602,
5489,3.28863,
5490,3.18016,
5491,3.17681,
5492,3.06174,
5493,3.10323,
5494,3.09786,
5495,3.1201,
5496,3.0314,
5497,3.13629,
5498,3.08196,
5499,3.18459,
5500,3.02806,
5501,3.14839,
5502,3.27678,
5503,3.27406,
5504,3.38192,
5505,3.091,
5506,2.91927,
5507,3.19062,
5508,2.86465,
5509,3.13581,
5510,3.42005,
5511,3.49927,
5512,3.40578,
5513,3.4026,
5514,3.08372,
5515,3.36506,
5516,3.24491,
5517,3.20623,
5518,3.17019,
5519,3.43701,
5520,3.19384,
5521,3.31848,
5522,3.04985,
5523,3.41602,
5524,3.3094,
5525,3.46901,
5526,3.17994,
5527,3.21502,
5528,3.27671,
5529,3.02265,
5530,3.20267,
5531,2.98121,
5532,3.09166,
5533,3.07585,
5534,3.33442,
5535,3.32768,
5536,2.87879,
5537,3.11241,
5538,3.10539,
5539,3.22996,
5540,3.22076,
5541,3.357,
5542,3.29198,
5543,3.18366,
5544,3.21964,
5545,3.25149,
5546,3.14336,
5547,3.01966,
5548,2.98702,
5549,3.51132,
5550,3.48757,
5551,3.41076,
5552,3.31503,
5553,3.29877,
5554,3.28758,
5555,3.15695,
5556,3.4491,
5557,3.19763,
5558,3.26678,
5559,3.2143,
5560,3.20043,
5561,3.14677,
5562,3.29518,
5563,3.24339,
5564,3.13295,
5565,3.33802,
5566,3.39684,
5567,3.15334,
5568,3.41284,
5569,3.26163,
5570,3.10623,
5571,3.04136,
5572,3.25606,
5573,3.24651,
5574,3.13818,
5575,3.17758,
5576,3.24291,
5577,3.07511,
5578,3.03935,
5579,3.16426,
5580,3.11704,
5581,3.24101,
5582,3.23632,
5583,3.29178,
5584,3.16821,
5585,3.19623,
5586,3.08996,
5587,3.2732,
5588,3.28654,
5589,2.91819,
5590,3.09409,
5591,3.10831,
5592,3.24795,
5593,3.30724,
5594,3.22955,
5595,2.99001,
5596,3.15052,
5597,3.28085,
5598,2.96929,
5599,2.96918,
5600,3.33672,
5601,3.21051,
5602,3.28523,
5603,3.08089,
5604,3.04147,
5605,3.19881,
5606,3.19092,
5607,3.10492,
5608,3.2917,
5609,3.22508,
5610,2.91847,
5611,3.08679,
5612,2.98074,
5613,3.09538,
5614,2.93272,
5615,3.18172,
5616,3.32485,
5617,3.20654,
5618,3.34768,
5619,3.35804,
5620,3.25997,
5621,3.30639,
5622,3.14107,
5623,3.16736,
5624,3.27043,
5625,3.23882,
5626,3.32156,
5627,3.46517,
5628,3.56455,
5629,4.43686,
5630,3.26623,
5631,3.23063,
5632,3.3248,
5633,3.30288,
5634,3.07296,
5635,3.21605,
5636,3.24257,
5637,3.18351,
5638,3.14789,
5639,3.71576,
5640,3.19114,
5641,3.21331,
5642,2.85723,
5643,3.03502,
5644,3.2187,
5645,3.22727,
5646,3.3161,
5647,3.38766,
5648,3.1722,
5649,3.36944,
5650,3.2833,
5651,3.20718,
5652,3.50789,
5653,3.2818,
5654,3.2394,
5655,3.31824,
5656,3.36156,
5657,3.26861,
5658,3.16328,
5659,3.27729,
5660,3.22121,
5661,3.22722,
5662,3.08346,
5663,2.88996,
5664,3.23209,
5665,3.10005,
5666,2.90342,
5667,3.01209,
5668,3.06396,
5669,3.1641,
5670,3.1307,
5671,3.08153,
5672,3.18891,
5673,2.83763,
5674,3.07496,
5675,2.86078,
5676,3.20552,
5677,3.02163,
5678,3.06267,
5679,3.22208,
5680,3.09529,
5681,3.10045,
5682,3.07483,
5683,3.0508,
5684,2.90906,
5685,3.10189,
5686,3.11768,
5687,2.84441,
5688,2.94583,
5689,2.86137,
5690,3.0926,
5691,3.06257,
5692,3.01044,
5693,3.00797,
5694,3.0678,
5695,3.13172,
5696,2.868,
5697,3.19995,
5698,3.05192,
5699,3.05099,
5700,3.03662,
5701,3.25016,
5702,3.3464,
5703,3.39511,
5704,3.10681,
5705,3.03091,
5706,3.3776,
5707,3.16555,
5708,3.19636,
5709,3.10292,
5710,2.95435,
5711,3.04753,
5712,3.23748,
5713,2.87586,
5714,2.80645,
5715,2.63731,
5716,2.90233,
5717,3.03631,
5718,3.14063,
5719,3.14651,
5720,3.14081,
5721,3.0348,
5722,2.87738,
5723,2.93436,
5724,3.05209,
5725,3.24346,
5726,3.02274,
5727,3.03742,
5728,2.67394,
5729,2.74172,
5730,3.17948,
5731,2.88072,
5732,3.06833,
5733,2.82736,
5734,2.99856,
5735,2.84394,
5736,2.87089,
5737,2.83213,
5738,2.92633,
5739,2.86099,
5740,2.77325,
5741,2.87656,
5742,3.10115,
5743,2.78787,
5744,3.06962,
5745,3.11011,
5746,3.36961,
5747,3.39784,
5748,3.32883,
5749,3.38592,
5750,3.34032,
5751,3.39736,
5752,3.19206,
5753,2.93859,
5754,3.18278,
5755,2.99193,
5756,3.07012,
5757,3.24934,
5758,3.11613,
5759,3.17387,
5760,3.15478,
5761,3.06037,
5762,2.96714,
5763,3.09849,
5764,3.20657,
5765,3.1553,
5766,3.12435,
5767,3.03162,
5768,2.96164,
5769,3.28427,
5770,3.00472,
5771,2.97979,
5772,3.14966,
5773,3.15669,
5774,2.98665,
5775,3.41002,
5776,3.21005,
5777,3.52546,
5778,3.30003,
5779,3.3486,
5780,3.29843,
5781,3.215,
5782,3.27795,
5783,3.16871,
5784,3.14881,
5785,3.20729,
5786,3.19245,
5787,3.11696,
5788,2.97763,
5789,3.12026,
5790,3.03386,
5791,3.0292,
5792,2.87679,
5793,2.95212,
5794,2.8662,
5795,3.02755,
5796,3.03272,
5797,2.84683,
5798,2.94292,
5799,2.91042,
5800,3.07571,
5801,2.99998,
5802,3.03277,
5803,3.27257,
5804,3.29987,
5805,3.32445,
5806,3.2737,
5807,3.24822,
5808,3.26192,
5809,3.23166,
5810,3.30384,
5811,3.2559,
5812,3.24202,
5813,3.30371,
5814,3.17592,
5815,3.1544,
5816,2.93171,
5817,3.18228,
5818,3.13779,
5819,3.27391,
5820,3.17582,
5821,3.0103,
5822,3.0929,
5823,3.01801,
5824,3.05496,
5825,3.22403,
5826,3.26689,
5827,3.05429,
5828,2.97613,
5829,3.10834,
5830,3.34121,
5831,3.30262,
5832,3.36931,
5833,3.19996,
5834,3.37595,
5835,3.19969,
5836,3.31527,
5837,3.41793,
5838,3.19392,
5839,3.05136,
5840,3.02936,
5841,3.30289,
5842,3.26577,
5843,3.08532,
5844,3.18595,
5845,3.15816,
5846,3.32446,
5847,3.22519,
5848,3.38561,
5849,2.98541,
5850,3.09457,
5851,2.87822,
5852,3.03452,
5853,3.07419,
5854,3.04544,
5855,3.03575,
5856,3.21402,
5857,3.1487,
5858,3.08629,
5859,2.81803,
5860,2.98502,
5861,3.08843,
5862,3.05922,
5863,2.99743,
5864,3.52094,
5865,3.37175,
5866,3.38171,
5867,3.36565,
5868,3.20573,
5869,3.27055,
5870,3.05166,
5871,3.34126,
5872,3.42019,
5873,3.2743,
5874,3.31069,
5875,3.56779,
5876,3.62586,
5877,3.23694,
5878,3.30422,
5879,3.24523,
5880,3.35731,
5881,3.4708,
5882,3.27126,
5883,3.18817,
5884,3.18136,
5885,3.06497,
5886,3.14911,
5887,3.15558,
5888,3.12574,
5889,3.05363,
5890,3.01689,
5891,3.15826,
5892,3.6362,
5893,3.68189,
5894,3.64537,
5895,3.57965,
5896,3.55129,
5897,3.55861,
5898,3.50069,
5899,3.48822,
5900,3.44283,
5901,3.51726,
5902,3.49686,
5903,3.43888,
5904,3.43704,
5905,3.33891,
5906,3.41971,
5907,3.50073,
5908,3.41007,
5909,3.3361,
5910,3.26166,
5911,3.33645,
5912,3.56308,
5913,3.37039,
5914,3.32812,
5915,3.26781,
5916,3.25819,
5917,3.13653,
5918,3.36297,
5919,3.18087,
5920,3.24128,
5921,3.23906,
5922,3.07507,
5923,2.93133,
5924,3.1938,
5925,3.42955,
5926,3.27013,
5927,3.02072,
5928,3.17749,
5929,3.19017,
5930,3.0826,
5931,3.15046,
5932,3.20546,
5933,3.0112,
5934,3.27856,
5935,3.10075,
5936,3.12831,
5937,3.3352,
5938,3.24233,
5939,3.241,
5940,3.2783,
5941,3.14725,
5942,3.07377,
5943,2.94904,
5944,3.03143,
5945,3.1624,
5946,3.07793,
5947,3.00033,
5948,3.17313,
5949,3.07191,
5950,2.99684,
5951,3.09689,
5952,2.95099,
5953,2.92661,
5954,3.14894,
5955,2.95369,
5956,2.87138,
5957,2.99929,
5958,3.05578,
5959,2.94265,
5960,2.87879,
5961,2.97546,
5962,2.99543,
5963,3.17208,
5964,3.1736,
5965,3.14581,
5966,3.18507,
5967,3.17918,
5968,3.05792,
5969,3.1676,
5970,2.91882,
5971,3.09314,
5972,3.12521,
5973,3.01394,
5974,3.36012,
5975,2.99577,
5976,2.94775,
5977,3.23624,
5978,3.0053,
5979,2.87937,
5980,3.00564,
5981,3.25943,
5982,2.76014,
5983,2.89033,
5984,3.09833,
5985,2.84655,
5986,3.01094,
5987,2.92716,
5988,2.88441,
5989,2.79149,
5990,3.36878,
5991,3.27945,
5992,3.23847,
5993,3.1725,
5994,3.29554,
5995,3.18628,
5996,3.29496,
5997,3.21734,
5998,3.15769,
5999,3.21804,
6000,3.14905,
6001,3.18128,
6002,3.1386,
6003,3.10055,
6004,3.17287,
6005,2.83244,
6006,3.02049,
6007,3.07445,
6008,3.13833,
6009,3.08863,
6010,2.77846,
6011,3.03835,
6012,3.02075,
6013,2.95696,
6014,2.7352,
6015,2.86122,
6016,2.92728,
6017,2.9188,
6018,2.96075,
6019,2.74691,
6020,2.73348,
6021,2.72378,
6022,2.92506,
6023,3.00055,
6024,3.69147,
6025,3.46282,
6026,3.3055,
6027,3.21746,
6028,3.37892,
6029,3.40412,
6030,3.15691,
6031,3.32393,
6032,3.19383,
6033,3.13509,
6034,3.08246,
6035,3.36954,
6036,3.21709,
6037,3.15196,
6038,3.33014,
6039,3.3492,
6040,3.23146,
6041,3.2415,
6042,3.17602,
6043,3.28135,
6044,3.22842,
6045,3.06864,
6046,3.03357,
6047,3.028,
6048,3.27728,
6049,3.32703,
6050,3.32262,
6051,3.22791,
6052,3.29743,
6053,3.17943,
6054,3.20528,
6055,3.34695,
6056,3.23287,
6057,3.20303,
6058,3.22453,
6059,3.2403,
6060,3.02386,
6061,3.10135,
6062,3.16353,
6063,3.26628,
6064,3.01194,
6065,3.05436,
6066,3.01797,
6067,3.24761,
6068,3.21651,
6069,3.14694,
6070,2.88664,
6071,3.11184,
6072,2.99258,
6073,2.9525,
6074,3.10297,
6075,3.18417,
6076,3.1475,
6077,3.1747,
6078,3.13322,
6079,3.14889,
6080,3.0831,
6081,3.04046,
6082,2.97754,
6083,3.01458,
6084,2.98092,
6085,3.12702,
6086,2.86056,
6087,2.87013,
6088,2.89233,
6089,2.97546,
6090,3.0312,
6091,2.97204,
6092,2.78093,
6093,2.95519,
6094,2.83036,
6095,3.01785,
6096,2.8332,
6097,2.92813,
6098,3.13832,
6099,2.99375,
6100,3.07057,
6101,2.78762,
6102,2.93054,
6103,2.8953,
6104,2.99591,
6105,3.07328,
6106,2.7157,
6107,2.84983,
6108,2.72413,
6109,2.73445,
6110,3.01347,
6111,3.00912,
6112,2.94119,
6113,2.83559,
6114,3.07095,
6115,2.93741,
6116,3.24314,
6117,3.29703,
6118,3.29664,
6119,3.2565,
6120,3.19796,
6121,3.47543,
6122,3.1956,
6123,3.08377,
6124,3.26162,
6125,3.07669,
6126,3.22945,
6127,3.29684,
6128,3.16986,
6129,3.16334,
6130,3.17896,
6131,2.94765,
6132,3.16067,
6133,3.07115,
6134,2.9758,
6135,3.06414,
6136,3.08725,
6137,2.90615,
6138,3.0329,
6139,3.06562,
6140,2.91996,
6141,2.99364,
6142,3.12652,
6143,3.29095,
6144,3.01764,
6145,3.10188,
6146,3.02279,
6147,3.40947,
6148,3.4006,
6149,3.42291,
6150,3.4217,
6151,3.42467,
6152,3.39372,
6153,3.31766,
6154,3.42571,
6155,3.31009,
6156,3.37757,
6157,3.39206,
6158,3.38409,
6159,3.17733,
6160,3.36938,
6161,3.33756,
6162,3.3463,
6163,3.39009,
6164,3.2601,
6165,3.27644,
6166,3.25158,
6167,3.31738,
6168,3.44497,
6169,3.40646,
6170,2.99849,
6171,3.08409,
6172,2.94683,
6173,2.78888,
6174,2.81451,
6175,2.78452,
6176,3.06206,
6177,2.5595,
6178,2.84338,
6179,2.80244,
6180,2.87195,
6181,2.87132,
6182,2.6857,
6183,2.7348,
6184,2.97561,
6185,3.14718,
6186,3.03904,
6187,2.72853,
6188,2.78385,
6189,3.36883,
6190,3.42259,
6191,3.36538,
6192,3.46581,
6193,3.32883,
6194,3.36257,
6195,3.2677,
6196,3.11866,
6197,3.18951,
6198,3.25955,
6199,3.10074,
6200,3.25448,
6201,3.37951,
6202,3.35519,
6203,3.20004,
6204,3.08098,
6205,2.98844,
6206,3.15016,
6207,3.07258,
6208,3.09108,
6209,2.8789,
6210,2.85859,
6211,2.81166,
6212,3.06077,
6213,3.0672,
6214,2.96488,
6215,3.31925,
6216,3.21256,
6217,3.26674,
6218,3.19725,
6219,3.34188,
6220,3.28622,
6221,3.10501,
6222,3.15007,
6223,2.93875,
6224,2.93711,
6225,2.92006,
6226,3.12141,
6227,3.252,
6228,3.08218,
6229,2.89402,
6230,2.81406,
6231,2.74047,
6232,2.63861,
6233,2.73746,
6234,2.75497,
6235,2.98255,
6236,2.73082,
6237,2.75909,
6238,2.75447,
6239,3.05118,
6240,2.90886,
6241,3.14483,
6242,2.75598,
6243,3.31341,
6244,3.00569,
6245,3.33302,
6246,3.6298,
6247,3.2364,
6248,3.3761,
6249,3.25533,
6250,3.25956,
6251,3.28407,
6252,3.29388,
6253,3.13573,
6254,3.00074,
6255,2.99954,
6256,3.12086,
6257,3.01164,
6258,3.06647,
6259,3.147,
6260,3.0185,
6261,3.13185,
6262,2.90207,
6263,3.2023,
6264,3.15983,
6265,2.85646,
6266,2.88138,
6267,3.1567,
6268,2.8287,
6269,2.83293,
6270,2.85098,
6271,2.71194,
6272,2.71831,
6273,2.81812,
6274,3.50336,
6275,3.39759,
6276,3.5084,
6277,3.48222,
6278,3.48642,
6279,3.40945,
6280,3.15896,
6281,3.22936,
6282,3.17134,
6283,3.27153,
6284,3.47535,
6285,3.31819,
6286,3.26971,
6287,3.14694,
6288,3.08058,
6289,3.34431,
6290,3.34915,
6291,3.41918,
6292,3.16109,
6293,3.3692,
6294,3.06105,
6295,3.11424,
6296,3.12944,
6297,3.29536,
6298,3.12554,
6299,3.08908,
6300,3.05502,
6301,3.03964,
6302,3.19213,
6303,2.98354,
6304,2.97213,
6305,3.10709,
6306,3.10295,
6307,3.1305,
6308,2.9671,
6309,3.07641,
6310,2.95111,
6311,3.11314,
6312,2.9548,
6313,2.95294,
6314,3.03479,
6315,2.75336,
6316,2.86474,
6317,3.06191,
6318,3.01182,
6319,3.48309,
6320,3.47438,
6321,3.36889,
6322,3.46839,
6323,3.43338,
6324,3.36328,
6325,3.24204,
6326,3.25885,
6327,3.04913,
6328,3.11717,
6329,3.09857,
6330,3.02811,
6331,3.27319,
6332,3.21159,
6333,3.11582,
6334,3.39453,
6335,3.29909,
6336,2.93038,
6337,2.99996,
6338,3.05213,
6339,2.99157,
6340,3.10902,
6341,3.21374,
6342,3.14512,
6343,3.2857,
6344,3.41949,
6345,3.33622,
6346,2.82974,
6347,2.98242,
6348,3.15152,
6349,3.20342,
6350,3.36937,
6351,3.29559,
6352,3.36452,
6353,3.29055,
6354,3.35263,
6355,3.16209,
6356,3.0805,
6357,3.258,
6358,3.01321,
6359,3.21345,
6360,3.23036,
6361,3.18718,
6362,3.12936,
6363,3.11234,
6364,3.41291,
6365,3.19395,
6366,3.39557,
6367,3.22759,
6368,3.35235,
6369,3.27882,
6370,3.34216,
6371,3.12326,
6372,3.18074,
6373,3.08782,
6374,2.99999,
6375,3.06825,
6376,2.97877,
6377,3.10055,
6378,3.0625,
6379,3.18557,
6380,2.80865,
6381,3.06396,
6382,3.31152,
6383,3.17484,
6384,3.13796,
6385,3.09113,
6386,3.24016,
6387,3.04063,
6388,3.20578,
6389,2.61572,
6390,3.40037,
6391,3.33524,
6392,3.44788,
6393,3.54553,
6394,3.71017,
6395,3.37395,
6396,3.46229,
6397,3.2306,
6398,3.38435,
6399,3.34405,
6400,3.3345,
6401,3.27674,
6402,3.12091,
6403,3.11536,
6404,3.21107,
6405,3.33057,
6406,3.06398,
6407,3.30816,
6408,3.3589,
6409,3.18175,
6410,3.18468,
6411,3.2276,
6412,3.27382,
6413,3.29728,
6414,3.28066,
6415,3.27922,
6416,3.2446,
6417,3.11689,
6418,3.33423,
6419,3.35377,
6420,3.10996,
6421,3.21137,
6422,3.04849,
6423,2.98211,
6424,2.95179,
6425,2.77212,
6426,3.14492,
6427,3.12207,
6428,2.95421,
6429,3.04329,
6430,3.17605,
6431,3.009,
6432,2.90405,
6433,2.96281,
6434,2.89967,
6435,3.13332,
6436,2.92915,
6437,3.01458,
6438,3.16839,
6439,3.01546,
6440,3.27234,
6441,3.33154,
6442,3.21658,
6443,3.12334,
6444,3.12799,
6445,3.30542,
6446,3.17763,
6447,3.13293,
6448,3.15607,
6449,3.25783,
6450,3.01789,
6451,2.80792,
6452,3.04763,
6453,2.99452,
6454,3.09423,
6455,3.06683,
6456,2.7518,
6457,3.10685,
6458,3.17808,
6459,3.11148,
6460,3.03568,
6461,2.95735,
6462,3.1957,
6463,2.99341,
6464,2.71692,
6465,3.02161,
6466,3.04355,
6467,3.19898,
6468,3.0735,
6469,2.89359,
6470,3.03369,
6471,3.01686,
6472,2.9101,
6473,3.02288,
6474,3.09939,
6475,3.34729,
6476,3.24733,
6477,3.30033,
6478,3.07763,
6479,3.114,
6480,3.05091,
6481,3.25345,
6482,3.22116,
6483,3.21694,
6484,3.21553,
6485,3.3509,
6486,3.10853,
6487,3.23799,
6488,3.12295,
6489,2.97964,
6490,3.17428,
6491,3.14811,
6492,3.28969,
6493,3.15824,
6494,2.78835,
6495,2.86345,
6496,3.0958,
6497,2.87922,
6498,3.01676,
6499,2.80546,
6500,2.9718,
6501,3.22027,
6502,3.425,
6503,3.15258,
6504,3.26525,
6505,3.2359,
6506,3.25757,
6507,3.20859,
6508,3.26325,
6509,3.21925,
6510,3.24597,
6511,3.16538,
6512,3.16875,
6513,3.16618,
6514,3.04221,
6515,3.19826,
6516,2.83384,
6517,2.9571,
6518,3.12071,
6519,2.99632,
6520,3.08067,
6521,2.87344,
6522,2.9693,
6523,3.13972,
6524,2.87659,
6525,2.99363,
6526,2.9086,
6527,2.84425,
6528,3.02506,
6529,2.82541,
6530,2.92131,
6531,2.89229,
6532,3.0192,
6533,2.91044,
6534,3.06322,
6535,3.13443,
6536,3.06183,
6537,2.95105,
6538,2.97698,
6539,3.15834,
6540,3.07688,
6541,2.92929,
6542,3.21816,
6543,3.15915,
6544,3.17229,
6545,3.21118,
6546,3.12866,
6547,3.0004,
6548,3.15886,
6549,3.05739,
6550,3.10943,
6551,3.1294,
6552,3.23759,
6553,3.33452,
6554,3.23333,
6555,3.12854,
6556,3.10304,
6557,3.00826,
6558,3.04189,
6559,3.00742,
6560,3.04228,
6561,2.92405,
6562,3.0691,
6563,2.99698,
6564,3.12513,
6565,2.97556,
6566,3.08531,
6567,3.21352,
6568,3.20633,
6569,3.34531,
6570,3.03182,
6571,2.85427,
6572,3.11578,
6573,2.79994,
6574,3.07898,
6575,3.32724,
6576,3.41694,
6577,3.34816,
6578,3.34058,
6579,3.00839,
6580,3.29737,
6581,3.17311,
6582,3.14818,
6583,3.11824,
6584,3.35682,
6585,3.11041,
6586,3.26124,
6587,2.93951,
6588,3.31918,
6589,3.2514,
6590,3.39388,
6591,3.11576,
6592,3.16058,
6593,3.2308,
6594,2.9656,
6595,3.15718,
6596,2.91192,
6597,3.03229,
6598,3.02837,
6599,3.27861,
6600,3.2683,
6601,2.82481,
6602,3.05305,
6603,3.05584,
6604,3.15479,
6605,3.16699,
6606,3.29642,
6607,3.20153,
6608,3.08503,
6609,3.16395,
6610,3.20028,
6611,3.07837,
6612,2.97763,
6613,2.93534,
6614,3.41734,
6615,3.41349,
6616,3.33957,
6617,3.26684,
6618,3.21493,
6619,3.21033,
6620,3.06614,
6621,3.39917,
6622,3.11955,
6623,3.19776,
6624,3.12145,
6625,3.13051,
6626,3.09213,
6627,3.25117,
6628,3.18155,
6629,3.06421,
6630,3.24253,
6631,3.34878,
6632,3.06294,
6633,3.35678,
6634,3.1887,
6635,3.06076,
6636,2.97488,
6637,3.19214,
6638,3.1832,
6639,3.07273,
6640,3.09366,
6641,3.19336,
6642,3.0145,
6643,2.95531,
6644,3.1013,
6645,3.03512,
6646,3.15986,
6647,3.18079,
6648,3.22772,
6649,3.10172,
6650,3.10741,
6651,3.01805,
6652,3.19109,
6653,3.23223,
6654,2.84545,
6655,3.05244,
6656,3.04359,
6657,3.18109,
6658,3.21678,
6659,3.17876,
6660,2.93247,
6661,3.0751,
6662,3.19226,
6663,2.91292,
6664,2.90317,
6665,3.26569,
6666,3.12096,
6667,3.20626,
6668,2.97152,
6669,2.9702,
6670,3.13223,
6671,3.11879,
6672,3.01848,
6673,3.24034,
6674,3.17658,
6675,2.83995,
6676,3.01931,
6677,2.91339,
6678,3.0267,
6679,2.88915,
6680,3.1413,
6681,3.21182,
6682,3.1126,
6683,3.29114,
6684,3.28199,
6685,3.19057,
6686,3.22392,
6687,3.082,
6688,3.09865,
6689,3.22057,
6690,3.18661,
6691,3.25399,
6692,3.40196,
6693,3.49795,
6694,4.37777,
6695,3.18722,
6696,3.15715,
6697,3.24858,
6698,3.24585,
6699,3.03981,
6700,3.16184,
6701,3.16584,
6702,3.1291,
6703,3.08836,
6704,3.64363,
6705,3.13142,
6706,3.17025,
6707,2.76511,
6708,2.96179,
6709,3.17127,
6710,3.16547,
6711,3.26261,
6712,3.33199,
6713,3.13131,
6714,3.30824,
6715,3.22885,
6716,3.15279,
6717,3.45829,
6718,3.21556,
6719,3.16213,
6720,3.26231,
6721,3.29473,
6722,3.17844,
6723,3.0979,
6724,3.16196,
6725,3.14263,
6726,3.13783,
6727,3.01377,
6728,2.81921,
6729,3.16148,
6730,3.02503,
6731,2.84598,
6732,2.94269,
6733,3.01502,
6734,3.1124,
6735,3.08329,
6736,3.0244,
6737,3.10454,
6738,2.77068,
6739,3.00486,
6740,2.78078,
6741,3.13677,
6742,2.95304,
6743,2.98763,
6744,3.14132,
6745,3.05385,
6746,3.03279,
6747,3.01334,
6748,2.98925,
6749,2.84103,
6750,3.04987,
6751,3.07189,
6752,2.77933,
6753,2.87949,
6754,2.79769,
6755,3.03412,
6756,3.01984,
6757,2.95815,
6758,2.95822,
6759,3.023,
6760,3.08371,
6761,2.81823,
6762,3.14487,
6763,2.99974,
6764,3.00371,
6765,2.97056,
6766,3.22435,
6767,3.28267,
6768,3.31774,
6769,3.03999,
6770,2.97421,
6771,3.32566,
6772,3.09506,
6773,3.13679,
6774,3.05477,
6775,2.90469,
6776,2.98269,
6777,3.17209,
6778,2.79302,
6779,2.74598,
6780,2.59372,
6781,2.85343,
6782,2.99668,
6783,3.08151,
6784,3.08365,
6785,3.07699,
6786,2.98524,
6787,2.81883,
6788,2.87692,
6789,3.01109,
6790,3.18121,
6791,2.98092,
6792,2.97677,
6793,2.61104,
6794,2.69262,
6795,3.12555,
6796,2.82525,
6797,2.99946,
6798,2.78118,
6799,2.9495,
6800,2.7727,
6801,2.81998,
6802,2.77805,
6803,2.86656,
6804,2.81667,
6805,2.72687,
6806,2.82186,
6807,3.03591,
6808,2.74159,
6809,3.0128,
6810,3.07003,
6811,3.32273,
6812,3.33321,
6813,3.26744,
6814,3.33743,
6815,3.28198,
6816,3.32938,
6817,3.13187,
6818,2.88604,
6819,3.1369,
6820,2.94861,
6821,3.01958,
6822,3.19019,
6823,3.06001,
6824,3.13985,
6825,3.08269,
6826,3.0136,
6827,2.92313,
6828,3.05801,
6829,3.16186,
6830,3.11183,
6831,3.05922,
6832,2.98499,
6833,2.89046,
6834,3.23667,
6835,2.9549,
6836,2.92496,
6837,3.08102,
6838,3.08692,
6839,2.9246,
6840,3.36077,
6841,3.16449,
6842,3.4681,
6843,3.20174,
6844,3.28252,
6845,3.23645,
6846,3.13858,
6847,3.19801,
6848,3.11734,
6849,3.08726,
6850,3.15065,
6851,3.14532,
6852,3.04789,
6853,2.89247,
6854,3.05307,
6855,2.97225,
6856,2.98958,
6857,2.77895,
6858,2.8996,
6859,2.77151,
6860,2.97721,
6861,2.98218,
6862,2.77655,
6863,2.88499,
6864,2.85757,
6865,3.02473,
6866,2.9285,
6867,2.95735,
6868,3.17009,
6869,3.2264,
6870,3.25487,
6871,3.22476,
6872,3.17049,
6873,3.19833,
6874,3.1602,
6875,3.23798,
6876,3.19608,
6877,3.19573,
6878,3.24996,
6879,3.09931,
6880,3.07227,
6881,2.87212,
6882,3.13006,
6883,3.06866,
6884,3.22911,
6885,3.11016,
6886,2.96269,
6887,3.04157,
6888,2.95263,
6889,2.99808,
6890,3.16981,
6891,3.22053,
6892,3.00718,
6893,2.93102,
6894,3.05348,
6895,3.30782,
6896,3.23198,
6897,3.31299,
6898,3.12774,
6899,3.32247,
6900,3.14855,
6901,3.2546,
6902,3.34121,
6903,3.12989,
6904,2.99969,
6905,2.9553,
6906,3.23036,
6907,3.22804,
6908,3.02704,
6909,3.13868,
6910,3.10883,
6911,3.27282,
6912,3.19096,
6913,3.341,
6914,2.9352,
6915,3.04582,
6916,2.84317,
6917,3.00304,
6918,3.02944,
6919,2.9945,
6920,2.99505,
6921,3.17431,
6922,3.10223,
6923,3.03624,
6924,2.77353,
6925,2.93248,
6926,3.01825,
6927,2.99803,
6928,2.93815,
6929,3.44335,
6930,3.29769,
6931,3.33013,
6932,3.25821,
6933,3.11658,
6934,3.22224,
6935,2.97709,
6936,3.26843,
6937,3.3582,
6938,3.21706,
6939,3.23671,
6940,3.48435,
6941,3.54913,
6942,3.17865,
6943,3.2297,
6944,3.18789,
6945,3.31064,
6946,3.40879,
6947,3.22218,
6948,3.13048,
6949,3.13436,
6950,3.01651,
6951,3.10876,
6952,3.12009,
6953,3.07909,
6954,3.00124,
6955,2.95453,
6956,3.10893,
6957,3.55946,
6958,3.63335,
6959,3.59105,
6960,3.52939,
6961,3.50398,
6962,3.49703,
6963,3.43841,
6964,3.44193,
6965,3.39171,
6966,3.46673,
6967,3.44179,
6968,3.39475,
6969,3.37943,
6970,3.28191,
6971,3.36509,
6972,3.44851,
6973,3.37319,
6974,3.29732,
6975,3.21739,
6976,3.27012,
6977,3.47251,
6978,3.30145,
6979,3.25735,
6980,3.20663,
6981,3.18459,
6982,3.07395,
6983,3.30588,
6984,3.09325,
6985,3.15607,
6986,3.1537,
6987,2.99871,
6988,2.86273,
6989,3.14053,
6990,3.35859,
6991,3.23263,
6992,2.94969,
6993,3.12689,
6994,3.13606,
6995,3.03369,
6996,3.10326,
6997,3.15115,
6998,2.95799,
6999,3.19551,
7000,3.02547,
7001,3.06114,
7002,3.28289,
7003,3.17143,
7004,3.15873,
7005,3.21704,
7006,3.0809,
7007,3.00076,
7008,2.89009,
7009,2.98382,
7010,3.10854,
7011,2.99342,
7012,2.95337,
7013,3.12558,
7014,3.0095,
7015,2.96105,
7016,3.0349,
7017,2.89693,
7018,2.86047,
7019,3.10079,
7020,2.89145,
7021,2.83873,
7022,2.95084,
7023,3.01773,
7024,2.8979,
7025,2.83668,
7026,2.94171,
7027,2.93213,
7028,3.07903,
7029,3.10716,
7030,3.08042,
7031,3.11204,
7032,3.11368,
7033,2.99982,
7034,3.09722,
7035,2.86937,
7036,3.0357,
7037,3.06989,
7038,2.97009,
7039,3.31097,
7040,2.94957,
7041,2.88463,
7042,3.15579,
7043,2.94825,
7044,2.81121,
7045,2.96585,
7046,3.22455,
7047,2.70232,
7048,2.8458,
7049,3.04668,
7050,2.79616,
7051,2.95241,
7052,2.88355,
7053,2.83935,
7054,2.74907,
7055,3.29059,
7056,3.1932,
7057,3.18563,
7058,3.10445,
7059,3.23446,
7060,3.1408,
7061,3.25006,
7062,3.16863,
7063,3.09829,
7064,3.14597,
7065,3.08535,
7066,3.12983,
7067,3.0923,
7068,3.03193,
7069,3.12055,
7070,2.78894,
7071,2.98244,
7072,3.03154,
7073,3.07998,
7074,3.04226,
7075,2.73073,
7076,2.9842,
7077,2.96643,
7078,2.89595,
7079,2.66836,
7080,2.81619,
7081,2.88754,
7082,2.8743,
7083,2.92217,
7084,2.67725,
7085,2.7088,
7086,2.68441,
7087,2.87599,
7088,2.93654,
7089,3.58606,
7090,3.40224,
7091,3.23001,
7092,3.14011,
7093,3.34525,
7094,3.33352,
7095,3.06966,
7096,3.245,
7097,3.11618,
7098,3.06622,
7099,3.00143,
7100,3.32734,
7101,3.14949,
7102,3.0813,
7103,3.25803,
7104,3.29724,
7105,3.15324,
7106,3.18413,
7107,3.10765,
7108,3.19893,
7109,3.15549,
7110,3.00649,
7111,2.9662,
7112,2.97373,
7113,3.18569,
7114,3.26679,
7115,3.26101,
7116,3.14724,
7117,3.2261,
7118,3.12244,
7119,3.14185,
7120,3.29773,
7121,3.18493,
7122,3.13843,
7123,3.1533,
7124,3.16404,
7125,2.96455,
7126,3.05548,
7127,3.11073,
7128,3.21538,
7129,2.95648,
7130,3.00067,
7131,2.959,
7132,3.17823,
7133,3.1588,
7134,3.10388,
7135,2.84218,
7136,3.05723,
7137,2.95132,
7138,2.91996,
7139,3.05305,
7140,3.14526,
7141,3.1027,
7142,3.08705,
7143,3.07602,
7144,3.09754,
7145,3.02602,
7146,2.99412,
7147,2.93841,
7148,2.95212,
7149,2.92572,
7150,3.06509,
7151,2.785,
7152,2.80269,
7153,2.84528,
7154,2.92646,
7155,2.97021,
7156,2.91736,
7157,2.72008,
7158,2.90136,
7159,2.79049,
7160,2.94572,
7161,2.77971,
7162,2.86407,
7163,3.08415,
7164,2.94279,
7165,3.0263,
7166,2.73445,
7167,2.87912,
7168,2.84617,
7169,2.93008,
7170,3.03282,
7171,2.68311,
7172,2.81375,
7173,2.68309,
7174,2.68196,
7175,2.95151,
7176,2.95671,
7177,2.8847,
7178,2.79053,
7179,3.04212,
7180,2.87183,
7181,3.13293,
7182,3.22698,
7183,3.22223,
7184,3.17486,
7185,3.15262,
7186,3.41459,
7187,3.13509,
7188,3.01803,
7189,3.22474,
7190,3.03172,
7191,3.17083,
7192,3.2376,
7193,3.12106,
7194,3.09048,
7195,3.10682,
7196,2.88959,
7197,3.10483,
7198,3.02113,
7199,2.92189,
7200,3.01783,
7201,3.03958,
7202,2.86307,
7203,2.97872,
7204,3.0127,
7205,2.86888,
7206,2.95631,
7207,3.04051,
7208,3.22428,
7209,2.97136,
7210,3.03964,
7211,2.98472,
7212,3.33604,
7213,3.34123,
7214,3.38088,
7215,3.38092,
7216,3.3883,
7217,3.33041,
7218,3.285,
7219,3.38149,
7220,3.26611,
7221,3.32722,
7222,3.36583,
7223,3.34156,
7224,3.15711,
7225,3.32719,
7226,3.30199,
7227,3.28152,
7228,3.35401,
7229,3.21959,
7230,3.2379,
7231,3.20764,
7232,3.29848,
7233,3.33114,
7234,3.34413,
7235,2.90575,
7236,3.0007,
7237,2.84911,
7238,2.68691,
7239,2.74872,
7240,2.72241,
7241,2.99507,
7242,2.50842,
7243,2.78767,
7244,2.75586,
7245,2.82495,
7246,2.82917,
7247,2.64538,
7248,2.6782,
7249,2.89904,
7250,3.09347,
7251,2.97233,
7252,2.6739,
7253,2.73073,
7254,3.3075,
7255,3.37475,
7256,3.29377,
7257,3.36124,
7258,3.25116,
7259,3.28811,
7260,3.17897,
7261,3.03304,
7262,3.11329,
7263,3.20333,
7264,3.05573,
7265,3.18484,
7266,3.30716,
7267,3.29927,
7268,3.14877,
7269,3.02549,
7270,2.93,
7271,3.08414,
7272,3.02576,
7273,3.04649,
7274,2.81204,
7275,2.80466,
7276,2.74757,
7277,2.99619,
7278,3.01102,
7279,2.91051,
7280,3.22106,
7281,3.11835,
7282,3.16987,
7283,3.11014,
7284,3.26695,
7285,3.16818,
7286,3.02687,
7287,3.08964,
7288,2.88229,
7289,2.87131,
7290,2.87037,
7291,3.07323,
7292,3.191,
7293,3.01389,
7294,2.84309,
7295,2.77056,
7296,2.70277,
7297,2.59294,
7298,2.68006,
7299,2.71383,
7300,2.94702,
7301,2.66042,
7302,2.71476,
7303,2.72231,
7304,3.00312,
7305,2.87276,
7306,3.0997,
7307,2.73141,
7308,3.28133,
7309,2.96709,
7310,3.28313,
7311,3.5793,
7312,3.16772,
7313,3.33482,
7314,3.1972,
7315,3.20465,
7316,3.23262,
7317,3.20814,
7318,3.05657,
7319,2.93673,
7320,2.93409,
7321,3.06736,
7322,2.96305,
7323,3.00741,
7324,3.10648,
7325,2.95195,
7326,3.07872,
7327,2.86449,
7328,3.12661,
7329,3.09634,
7330,2.81149,
7331,2.8042,
7332,3.08786,
7333,2.77381,
7334,2.76653,
7335,2.80313,
7336,2.66624,
7337,2.66648,
7338,2.7732,
7339,3.43163,
7340,3.32616,
7341,3.44873,
7342,3.42803,
7343,3.43465,
7344,3.34336,
7345,3.08752,
7346,3.14193,
7347,3.09132,
7348,3.22934,
7349,3.42438,
7350,3.24012,
7351,3.19735,
7352,3.07543,
7353,3.00675,
7354,3.30297,
7355,3.29476,
7356,3.35923,
7357,3.10201,
7358,3.32708,
7359,2.98781,
7360,3.07043,
7361,3.07884,
7362,3.20486,
7363,3.04647,
7364,3.02238,
7365,2.98262,
7366,2.96442,
7367,3.12864,
7368,2.9016,
7369,2.92387,
7370,3.05634,
7371,3.06934,
7372,3.07838,
7373,2.91544,
7374,3.02758,
7375,2.91536,
7376,3.02996,
7377,2.9071,
7378,2.89477,
7379,3.01057,
7380,2.71961,
7381,2.79965,
7382,3.01888,
7383,2.94888,
7384,3.39966,
7385,3.41505,
7386,3.32092,
7387,3.4131,
7388,3.36307,
7389,3.29963,
7390,3.1625,
7391,3.21012,
7392,2.98013,
7393,3.04821,
7394,3.00833,
7395,2.96344,
7396,3.22728,
7397,3.16859,
7398,3.06959,
7399,3.34252,
7400,3.2135,
7401,2.89709,
7402,2.9525,
7403,2.99484,
7404,2.91327,
7405,3.03005,
7406,3.15983,
7407,3.09362,
7408,3.22408,
7409,3.35422,
7410,3.28826,
7411,2.77568,
7412,2.92592,
7413,3.11668,
7414,3.15652,
7415,3.31026,
7416,3.209,
7417,3.29526,
7418,3.22659,
7419,3.29114,
7420,3.09716,
7421,3.02101,
7422,3.22139,
7423,2.96249,
7424,3.13859,
7425,3.17573,
7426,3.12761,
7427,3.0793,
7428,3.07337,
7429,3.35377,
7430,3.15773,
7431,3.32008,
7432,3.14405,
7433,3.30171,
7434,3.22426,
7435,3.27212,
7436,3.06797,
7437,3.13104,
7438,3.03739,
7439,2.94686,
7440,3.03266,
7441,2.93174,
7442,3.04137,
7443,3.00886,
7444,3.12996,
7445,2.7821,
7446,3.02725,
7447,3.24235,
7448,3.10344,
7449,3.07359,
7450,3.01627,
7451,3.2,
7452,2.9807,
7453,3.15194,
7454,2.4715,
7455,3.32498,
7456,3.25361,
7457,3.37218,
7458,3.4797,
7459,3.63274,
7460,3.30835,
7461,3.38145,
7462,3.18755,
7463,3.30686,
7464,3.27059,
7465,3.2727,
7466,3.22465,
7467,3.08081,
7468,3.05687,
7469,3.15584,
7470,3.26824,
7471,3.02834,
7472,3.2515,
7473,3.32281,
7474,3.122,
7475,3.1166,
7476,3.15673,
7477,3.22139,
7478,3.23652,
7479,3.23543,
7480,3.19687,
7481,3.18369,
7482,3.04493,
7483,3.28762,
7484,3.30467,
7485,3.076,
7486,3.1602,
7487,3.00361,
7488,2.93753,
7489,2.89858,
7490,2.72544,
7491,3.11019,
7492,3.06073,
7493,2.87942,
7494,2.99154,
7495,3.12053,
7496,2.96215,
7497,2.87459,
7498,2.92403,
7499,2.86167,
7500,3.07986,
7501,2.89732,
7502,2.97562,
7503,3.11928,
7504,2.96277,
7505,3.21401,
7506,3.25655,
7507,3.16997,
7508,3.07212,
7509,3.05661,
7510,3.24745,
7511,3.1344,
7512,3.06928,
7513,3.09869,
7514,3.18898,
7515,2.95764,
7516,2.75491,
7517,2.98725,
7518,2.93935,
7519,3.0384,
7520,3.01818,
7521,2.69982,
7522,3.04445,
7523,3.13452,
7524,3.06324,
7525,2.99623,
7526,2.92123,
7527,3.14869,
7528,2.94518,
7529,2.6663,
7530,2.98003,
7531,2.9983,
7532,3.1533,
7533,3.01268,
7534,2.8623,
7535,2.98694,
7536,2.95556,
7537,2.87431,
7538,2.96036,
7539,3.0344,
7540,3.30525,
7541,3.1937,
7542,3.24208,
7543,3.0031,
7544,3.06914,
7545,2.99679,
7546,3.18882,
7547,3.17514,
7548,3.16322,
7549,3.14686,
7550,3.28723,
7551,3.04597,
7552,3.17669,
7553,3.08074,
7554,2.92037,
7555,3.13415,
7556,3.11554,
7557,3.25595,
7558,3.09929,
7559,2.74924,
7560,2.83308,
7561,3.04644,
7562,2.84761,
7563,2.96076,
7564,2.75623,
7565,2.90897,
7566,3.14248,
7567,3.38188,
7568,3.10781,
7569,3.23347,
7570,3.19983,
7571,3.20888,
7572,3.13499,
7573,3.19749,
7574,3.16927,
7575,3.18881,
7576,3.11571,
7577,3.12373,
7578,3.11271,
7579,3.00452,
7580,3.13721,
7581,2.79508,
7582,2.92241,
7583,3.08294,
7584,2.95563,
7585,3.03644,
7586,2.83972,
7587,2.92087,
7588,3.09354,
7589,2.82603,
7590,2.94923,
7591,2.86825,
7592,2.79554,
7593,2.98705,
7594,2.77742,
7595,2.87215,
7596,2.85257,
7597,2.97266,
7598,2.86918,
7599,3.00891,
7600,3.08296,
7601,3.00421,
7602,2.91773,
7603,2.92753,
7604,3.07217,
7605,3.0262,
7606,2.8723,
7607,3.15945,
7608,3.08469,
7609,3.10488,
7610,3.15112,
7611,3.0784,
7612,2.95947,
7613,3.10921,
7614,3.01144,
7615,3.05644,
7616,3.09048,
7617,3.20606,
7618,3.30318,
7619,3.19065,
7620,3.08358,
7621,3.06161,
7622,2.95511,
7623,2.99825,
7624,2.93567,
7625,2.98561,
7626,2.87325,
7627,3.019,
7628,2.94554,
7629,3.08013,
7630,2.93768,
7631,3.04102,
7632,3.18134,
7633,3.14994,
7634,3.29516,
7635,3.00451,
7636,2.80707,
7637,3.0794,
7638,2.77387,
7639,3.04621,
7640,3.25399,
7641,3.35689,
7642,3.29834,
7643,3.30316,
7644,2.95014,
7645,3.24834,
7646,3.12941,
7647,3.10082,
7648,3.08667,
7649,3.27838,
7650,3.0407,
7651,3.20952,
7652,2.88929,
7653,3.25332,
7654,3.19349,
7655,3.32951,
7656,3.05412,
7657,3.1203,
7658,3.18827,
7659,2.92354,
7660,3.11598,
7661,2.8493,
7662,2.97629,
7663,2.98356,
7664,3.23239,
7665,3.221,
7666,2.78743,
7667,3.00826,
7668,2.99778,
7669,3.11437,
7670,3.12666,
7671,3.26514,
7672,3.1651,
7673,3.0293,
7674,3.1239,
7675,3.17128,
7676,3.00572,
7677,2.91523,
7678,2.88579,
7679,3.33919,
7680,3.3624,
7681,3.3057,
7682,3.2322,
7683,3.15907,
7684,3.14968,
7685,2.98276,
7686,3.31091,
7687,3.0755,
7688,3.15967,
7689,3.07651,
7690,3.07698,
7691,3.05823,
7692,3.20785,
7693,3.14,
7694,3.02397,
7695,3.17691,
7696,3.2744,
7697,3.01155,
7698,3.31386,
7699,3.14651,
7700,3.01222,
7701,2.92372,
7702,3.14185,
7703,3.14792,
7704,3.03948,
7705,3.04266,
7706,3.1591,
7707,2.96027,
7708,2.91179,
7709,3.05691,
7710,2.98053,
7711,3.10908,
7712,3.1535,
7713,3.19796,
7714,3.04633,
7715,3.02048,
7716,2.941,
7717,3.13217,
7718,3.18995,
7719,2.79507,
7720,3.02248,
7721,3.00202,
7722,3.12313,
7723,3.1805,
7724,3.12997,
7725,2.89105,
7726,3.01503,
7727,3.14597,
7728,2.83384,
7729,2.85203,
7730,3.20715,
7731,3.06109,
7732,3.14269,
7733,2.91215,
7734,2.89525,
7735,3.08699,
7736,3.06557,
7737,2.96076,
7738,3.19553,
7739,3.10907,
7740,2.79721,
7741,2.99175,
7742,2.8609,
7743,2.98189,
7744,2.85437,
7745,3.0916,
7746,3.1557,
7747,3.06073,
7748,3.227,
7749,3.24046,
7750,3.13559,
7751,3.17465,
7752,3.03611,
7753,3.05512,
7754,3.17178,
7755,3.12881,
7756,3.21578,
7757,3.34678,
7758,3.46638,
7759,4.31439,
7760,3.10707,
7761,3.10318,
7762,3.19644,
7763,3.19525,
7764,2.99073,
7765,3.12702,
7766,3.11,
7767,3.09826,
7768,3.05521,
7769,3.57438,
7770,3.10062,
7771,3.11778,
7772,2.71324,
7773,2.92484,
7774,3.13414,
7775,3.13208,
7776,3.22663,
7777,3.30027,
7778,3.0985,
7779,3.24861,
7780,3.17761,
7781,3.10915,
7782,3.39085,
7783,3.15232,
7784,3.11452,
7785,3.21851,
7786,3.24244,
7787,3.12895,
7788,3.06336,
7789,3.07149,
7790,3.06328,
7791,3.07497,
7792,2.95415,
7793,2.76176,
7794,3.1182,
7795,2.96752,
7796,2.80521,
7797,2.90225,
7798,2.9594,
7799,3.06203,
7800,3.02564,
7801,2.99251,
7802,3.07451,
7803,2.71296,
7804,2.97598,
7805,2.72346,
7806,3.0962,
7807,2.89602,
7808,2.93518,
7809,3.08791,
7810,3.00209,
7811,2.98003,
7812,2.9762,
7813,2.93244,
7814,2.80195,
7815,3.01452,
7816,3.01782,
7817,2.73751,
7818,2.8314,
7819,2.75683,
7820,2.97483,
7821,2.96906,
7822,2.90283,
7823,2.92792,
7824,2.98568,
7825,3.0388,
7826,2.78625,
7827,3.11287,
7828,2.95235,
7829,2.96255,
7830,2.93732,
7831,3.17565,
7832,3.22473,
7833,3.26891,
7834,2.98407,
7835,2.9145,
7836,3.27429,
7837,3.05769,
7838,3.09674,
7839,3.01769,
7840,2.86246,
7841,2.93308,
7842,3.11003,
7843,2.71393,
7844,2.71185,
7845,2.56165,
7846,2.8066,
7847,2.96316,
7848,3.03726,
7849,3.04671,
7850,3.03116,
7851,2.93252,
7852,2.77731,
7853,2.84604,
7854,2.99055,
7855,3.149,
7856,2.93776,
7857,2.92538,
7858,2.55784,
7859,2.62819,
7860,3.08171,
7861,2.78048,
7862,2.95842,
7863,2.74133,
7864,2.90201,
7865,2.73014,
7866,2.77113,
7867,2.7345,
7868,2.81564,
7869,2.77434,
7870,2.69995,
7871,2.78332,
7872,3.00722,
7873,2.70499,
7874,2.97022,
7875,3.02625,
7876,3.2804,
7877,3.29303,
7878,3.22658,
7879,3.29102,
7880,3.26005,
7881,3.28899,
7882,3.07483,
7883,2.83887,
7884,3.09583,
7885,2.90727,
7886,2.99749,
7887,3.14499,
7888,3.02617,
7889,3.10554,
7890,3.04179,
7891,2.98714,
7892,2.89455,
7893,3.01717,
7894,3.11586,
7895,3.07194,
7896,3.02036,
7897,2.94859,
7898,2.86409,
7899,3.19473,
7900,2.92347,
7901,2.88781,
7902,3.04118,
7903,3.0495,
7904,2.88879,
7905,3.32163,
7906,3.12908,
7907,3.41768,
7908,3.1256,
7909,3.23347,
7910,3.18895,
7911,3.0921,
7912,3.14712,
7913,3.0783,
7914,3.05605,
7915,3.10937,
7916,3.08341,
7917,3.01059,
7918,2.85016,
7919,3.01216,
7920,2.93146,
7921,2.94878,
7922,2.72059,
7923,2.84808,
7924,2.69183,
7925,2.95108,
7926,2.94678,
7927,2.72842,
7928,2.8521,
7929,2.81706,
7930,2.9879,
7931,2.88028,
7932,2.91147,
7933,3.0797,
7934,3.15214,
7935,3.18243,
7936,3.14692,
7937,3.12761,
7938,3.15742,
7939,3.10168,
7940,3.19252,
7941,3.16046,
7942,3.15646,
7943,3.20166,
7944,3.05211,
7945,3.03537,
7946,2.8174,
7947,3.08467,
7948,3.031,
7949,3.17034,
7950,3.05377,
7951,2.91469,
7952,2.99943,
7953,2.90472,
7954,2.94343,
7955,3.10775,
7956,3.18132,
7957,2.95662,
7958,2.88496,
7959,2.99511,
7960,3.24998,
7961,3.19681,
7962,3.26217,
7963,3.07662,
7964,3.30273,
7965,3.09357,
7966,3.20311,
7967,3.2966,
7968,3.0688,
7969,2.95479,
7970,2.91481,
7971,3.18426,
7972,3.17582,
7973,2.97997,
7974,3.10004,
7975,3.06626,
7976,3.23502,
7977,3.15855,
7978,3.30659,
7979,2.9171,
7980,3.0109,
7981,2.80391,
7982,2.96294,
7983,3.00978,
7984,2.95772,
7985,2.97152,
7986,3.14975,
7987,3.06615,
7988,3.00113,
7989,2.74035,
7990,2.91933,
7991,2.97898,
7992,2.96952,
7993,2.90606,
7994,3.37204,
7995,3.25002,
7996,3.27955,
7997,3.17406,
7998,3.04626,
7999,3.1789,
8000,2.91473,
8001,3.22067,
8002,3.28797,
8003,3.16993,
8004,3.18631,
8005,3.42647,
8006,3.4957,
8007,3.13661,
8008,3.16724,
8009,3.16429,
8010,3.27134,
8011,3.36642,
8012,3.17572,
8013,3.08261,
8014,3.08651,
8015,2.96666,
8016,3.05866,
8017,3.07028,
8018,3.04478,
8019,2.9544,
8020,2.91514,
8021,3.0865,
8022,3.50968,
8023,3.5719,
8024,3.54804,
8025,3.49284,
8026,3.46072,
8027,3.47578,
8028,3.39663,
8029,3.40934,
8030,3.36584,
8031,3.43393,
8032,3.40585,
8033,3.35336,
8034,3.36082,
8035,3.23882,
8036,3.3506,
8037,3.40656,
8038,3.3378,
8039,3.26204,
8040,3.18712,
8041,3.20779,
8042,3.41547,
8043,3.25416,
8044,3.21698,
8045,3.16321,
8046,3.14487,
8047,3.03128,
8048,3.26721,
8049,3.04368,
8050,3.09661,
8051,3.12483,
8052,2.93709,
8053,2.80638,
8054,3.11355,
8055,3.30612,
8056,3.18706,
8057,2.91012,
8058,3.09541,
8059,3.09081,
8060,2.9918,
8061,3.05882,
8062,3.11814,
8063,2.90663,
8064,3.14949,
8065,2.99515,
8066,3.00593,
8067,3.21518,
8068,3.11511,
8069,3.10718,
8070,3.14936,
8071,3.02405,
8072,2.96358,
8073,2.84867,
8074,2.93374,
8075,3.06487,
8076,2.96514,
8077,2.90065,
8078,3.08879,
8079,2.97856,
8080,2.94411,
8081,3.00323,
8082,2.84277,
8083,2.81827,
8084,3.05224,
8085,2.83528,
8086,2.81155,
8087,2.91313,
8088,2.9696,
8089,2.85251,
8090,2.81339,
8091,2.91154,
8092,2.89412,
8093,3.01335,
8094,3.07397,
8095,3.03375,
8096,3.06785,
8097,3.05473,
8098,2.94057,
8099,3.05712,
8100,2.833,
8101,3.00301,
8102,3.01209,
8103,2.92851,
8104,3.26209,
8105,2.90746,
8106,2.85344,
8107,3.10242,
8108,2.90603,
8109,2.78601,
8110,2.92493,
8111,3.18549,
8112,2.67167,
8113,2.78709,
8114,3.00933,
8115,2.75121,
8116,2.92226,
8117,2.85209,
8118,2.8048,
8119,2.71038,
8120,3.223,
8121,3.12217,
8122,3.15209,
8123,3.06781,
8124,3.21062,
8125,3.10323,
8126,3.20969,
8127,3.1275,
8128,3.04667,
8129,3.09389,
8130,3.05211,
8131,3.08918,
8132,3.06027,
8133,3.00981,
8134,3.08456,
8135,2.75475,
8136,2.93666,
8137,2.9959,
8138,3.06843,
8139,3.02076,
8140,2.68789,
8141,2.92658,
8142,2.94284,
8143,2.8617,
8144,2.62116,
8145,2.78036,
8146,2.84356,
8147,2.82041,
8148,2.88366,
8149,2.61311,
8150,2.68718,
8151,2.67952,
8152,2.84291,
8153,2.89262,
8154,3.51985,
8155,3.35973,
8156,3.17562,
8157,3.08663,
8158,3.29562,
8159,3.28075,
8160,3.01481,
8161,3.19738,
8162,3.07054,
8163,3.02,
8164,2.96757,
8165,3.28296,
8166,3.09887,
8167,3.02899,
8168,3.21288,
8169,3.24534,
8170,3.09189,
8171,3.14651,
8172,3.00756,
8173,3.15244,
8174,3.09999,
8175,2.97155,
8176,2.91438,
8177,2.94256,
8178,3.11438,
8179,3.2222,
8180,3.20185,
8181,3.09009,
8182,3.16691,
8183,3.08401,
8184,3.10071,
8185,3.24231,
8186,3.13758,
8187,3.09276,
8188,3.10203,
8189,3.11955,
8190,2.90326,
8191,2.99752,
8192,3.0547,
8193,3.17426,
8194,2.90983,
8195,2.96623,
8196,2.91736,
8197,3.13192,
8198,3.09485,
8199,3.07155,
8200,2.81667,
8201,3.02492,
8202,2.92176,
8203,2.8665,
8204,3.02246,
8205,3.11011,
8206,3.05034,
8207,3.01499,
8208,3.01834,
8209,3.05399,
8210,3.00253,
8211,2.95119,
8212,2.87544,
8213,2.91645,
8214,2.88542,
8215,3.01433,
8216,2.71669,
8217,2.76941,
8218,2.8078,
8219,2.8987,
8220,2.91367,
8221,2.87298,
8222,2.68268,
8223,2.87321,
8224,2.7489,
8225,2.90754,
8226,2.73038,
8227,2.81339,
8228,3.04438,
8229,2.90259,
8230,2.98034,
8231,2.69217,
8232,2.84791,
8233,2.81594,
8234,2.88587,
8235,3.00841,
8236,2.65632,
8237,2.78475,
8238,2.65048,
8239,2.63375,
8240,2.90066,
8241,2.91221,
8242,2.83738,
8243,2.7588,
8244,3.00213,
8245,2.81867,
8246,3.0388,
8247,3.16531,
8248,3.15318,
8249,3.11789,
8250,3.10084,
8251,3.36198,
8252,3.09096,
8253,2.97226,
8254,3.18879,
8255,3.00392,
8256,3.12541,
8257,3.19825,
8258,3.07038,
8259,3.05447,
8260,3.05864,
8261,2.84847,
8262,3.06142,
8263,2.98097,
8264,2.86815,
8265,2.97822,
8266,2.98569,
8267,2.83598,
8268,2.94826,
8269,2.96481,
8270,2.82532,
8271,2.90932,
8272,2.99562,
8273,3.18211,
8274,2.93011,
8275,3.00848,
8276,2.93072,
8277,3.29293,
8278,3.30389,
8279,3.35972,
8280,3.35426,
8281,3.35536,
8282,3.30287,
8283,3.25529,
8284,3.35144,
8285,3.23325,
8286,3.28468,
8287,3.31994,
8288,3.30965,
8289,3.12834,
8290,3.3017,
8291,3.26675,
8292,3.25571,
8293,3.34055,
8294,3.19519,
8295,3.20669,
8296,3.17653,
8297,3.25651,
8298,3.24448,
8299,3.30892,
8300,2.84748,
8301,2.96815,
8302,2.79998,
8303,2.63606,
8304,2.6959,
8305,2.6828,
8306,2.9476,
8307,2.478,
8308,2.75595,
8309,2.68645,
8310,2.792,
8311,2.79639,
8312,2.58709,
8313,2.63647,
8314,2.85146,
8315,3.03973,
8316,2.93584,
8317,2.6326,
8318,2.68685,
8319,3.25079,
8320,3.30308,
8321,3.23446,
8322,3.28126,
8323,3.20936,
8324,3.24027,
8325,3.11283,
8326,2.95857,
8327,3.02559,
8328,3.13953,
8329,3.0029,
8330,3.12359,
8331,3.23506,
8332,3.25436,
8333,3.10148,
8334,2.98671,
8335,2.88131,
8336,3.04399,
8337,2.99004,
8338,3.00345,
8339,2.76906,
8340,2.76445,
8341,2.70745,
8342,2.95489,
8343,2.96817,
8344,2.88125,
8345,3.14333,
8346,3.02806,
8347,3.10075,
8348,3.04837,
8349,3.18188,
8350,3.07052,
8351,2.96928,
8352,3.04404,
8353,2.82855,
8354,2.83209,
8355,2.8329,
8356,3.02962,
8357,3.1365,
8358,2.97042,
8359,2.80645,
8360,2.72323,
8361,2.66818,
8362,2.55433,
8363,2.63776,
8364,2.69346,
8365,2.91171,
8366,2.61867,
8367,2.68381,
8368,2.69013,
8369,2.97789,
8370,2.84008,
8371,3.07199,
8372,2.70115,
8373,3.25786,
8374,2.91625,
8375,3.2164,
8376,3.51518,
8377,3.11163,
8378,3.29406,
8379,3.15483,
8380,3.14293,
8381,3.18947,
8382,3.17116,
8383,2.98926,
8384,2.87939,
8385,2.87673,
8386,3.0015,
8387,2.93098,
8388,2.96712,
8389,3.058,
8390,2.89701,
8391,3.04074,
8392,2.81076,
8393,3.09471,
8394,3.05203,
8395,2.77093,
8396,2.76529,
8397,3.05368,
8398,2.74173,
8399,2.7248,
8400,2.77837,
8401,2.63551,
8402,2.62476,
8403,2.73868,
8404,3.35575,
8405,3.27155,
8406,3.4045,
8407,3.37676,
8408,3.36366,
8409,3.28049,
8410,3.01641,
8411,3.08763,
8412,3.03249,
8413,3.18545,
8414,3.36726,
8415,3.17335,
8416,3.14984,
8417,3.01418,
8418,2.96719,
8419,3.25548,
8420,3.25006,
8421,3.29991,
8422,3.06653,
8423,3.29358,
8424,2.94174,
8425,3.04193,
8426,3.03327,
8427,3.17734,
8428,3.01207,
8429,2.98927,
8430,2.94807,
8431,2.9147,
8432,3.08622,
8433,2.88645,
8434,2.86602,
8435,3.01568,
8436,3.03278,
8437,3.05454,
8438,2.88623,
8439,2.9926,
8440,2.88734,
8441,2.94151,
8442,2.86158,
8443,2.86515,
8444,2.97691,
8445,2.69632,
8446,2.75505,
8447,2.98354,
8448,2.91689,
8449,3.36215,
8450,3.37595,
8451,3.2918,
8452,3.38206,
8453,3.32671,
8454,3.24469,
8455,3.11541,
8456,3.16518,
8457,2.9079,
8458,3.00519,
8459,2.95626,
8460,2.92734,
8461,3.20111,
8462,3.1513,
8463,3.02737,
8464,3.26802,
8465,3.14746,
8466,2.86921,
8467,2.91971,
8468,2.96382,
8469,2.84278,
8470,2.97183,
8471,3.12753,
8472,3.05764,
8473,3.19088,
8474,3.33411,
8475,3.25309,
8476,2.74336,
8477,2.89343,
8478,3.06876,
8479,3.12714,
8480,3.25486,
8481,3.16346,
8482,3.24109,
8483,3.17559,
8484,3.26111,
8485,3.05899,
8486,2.97453,
8487,3.19527,
8488,2.91577,
8489,3.08867,
8490,3.12546,
8491,3.0907,
8492,3.04734,
8493,3.03811,
8494,3.32448,
8495,3.11963,
8496,3.27474,
8497,3.08661,
8498,3.26307,
8499,3.19507,
8500,3.21185,
8501,3.02921,
8502,3.10816,
8503,2.99574,
8504,2.89286,
8505,3.00648,
8506,2.90337,
8507,3.01279,
8508,2.9827,
8509,3.1028,
8510,2.76674,
8511,2.99373,
8512,3.20428,
8513,3.05708,
8514,2.98857,
8515,2.94997,
8516,3.16794,
8517,2.93337,
8518,3.10205,
8519,2.36988,
8520,3.25592,
8521,3.19275,
8522,3.30836,
8523,3.43986,
8524,3.57676,
8525,3.24399,
8526,3.31944,
8527,3.13064,
8528,3.2493,
8529,3.22025,
8530,3.23266,
8531,3.18761,
8532,3.02929,
8533,3.02853,
8534,3.09944,
8535,3.21122,
8536,2.9713,
8537,3.20989,
8538,3.24858,
8539,3.06385,
8540,3.07532,
8541,3.07739,
8542,3.16482,
8543,3.16179,
8544,3.18514,
8545,3.14014,
8546,3.15353,
8547,2.98837,
8548,3.24625,
8549,3.27349,
8550,3.02833,
8551,3.12859,
8552,2.95775,
8553,2.8945,
8554,2.86,
8555,2.69357,
8556,3.05918,
8557,2.99871,
8558,2.83702,
8559,2.95082,
8560,3.08457,
8561,2.92239,
8562,2.82993,
8563,2.87057,
8564,2.82347,
8565,3.04276,
8566,2.86282,
8567,2.93686,
8568,3.10027,
8569,2.92236,
8570,3.15615,
8571,3.18774,
8572,3.08072,
8573,3.0177,
8574,2.9943,
8575,3.20231,
8576,3.07239,
8577,3.00668,
8578,3.05977,
8579,3.13874,
8580,2.9072,
8581,2.71495,
8582,2.9249,
8583,2.87491,
8584,2.96307,
8585,2.9563,
8586,2.67734,
8587,3.00089,
8588,3.1079,
8589,3.04396,
8590,2.95116,
8591,2.89263,
8592,3.11535,
8593,2.92782,
8594,2.62872,
8595,2.96315,
8596,2.96392,
8597,3.10334,
8598,2.95605,
8599,2.81572,
8600,2.94926,
8601,2.89316,
8602,2.83771,
8603,2.92513,
8604,2.99009,
8605,3.23296,
8606,3.15381,
8607,3.17633,
8608,2.94626,
8609,3.02184,
8610,2.94573,
8611,3.1421,
8612,3.1448,
8613,3.12655,
8614,3.1059,
8615,3.26693,
8616,2.99503,
8617,3.12104,
8618,3.03555,
8619,2.8787,
8620,3.10039,
8621,3.0477,
8622,3.2126,
8623,3.05978,
8624,2.72299,
8625,2.80869,
8626,3.02009,
8627,2.81666,
8628,2.92733,
8629,2.71244,
8630,2.85441,
8631,3.09954,
8632,3.29818,
8633,3.05057,
8634,3.1818,
8635,3.15628,
8636,3.16213,
8637,3.10125,
8638,3.15099,
8639,3.14165,
8640,3.14117,
8641,3.07779,
8642,3.07976,
8643,3.07912,
8644,2.9566,
8645,3.09968,
8646,2.74322,
8647,2.87014,
8648,3.05758,
8649,2.91226,
8650,2.99409,
8651,2.79271,
8652,2.88731,
8653,3.06323,
8654,2.7894,
8655,2.90495,
8656,2.83368,
8657,2.75481,
8658,2.94756,
8659,2.75726,
8660,2.83558,
8661,2.81672,
8662,2.94623,
8663,2.85384,
8664,2.96799,
8665,3.05609,
8666,2.99226,
8667,2.87095,
8668,2.89474,
8669,3.01398,
8670,2.98313,
8671,2.83392,
8672,3.11874,
8673,3.04555,
8674,3.06516,
8675,3.11206,
8676,3.04074,
8677,2.93107,
8678,3.07524,
8679,2.98296,
8680,3.01616,
8681,3.05029,
8682,3.1577,
8683,3.26672,
8684,3.16542,
8685,3.04411,
8686,3.01861,
8687,2.92117,
8688,2.96253,
8689,2.89145,
8690,2.93421,
8691,2.81075,
8692,2.96917,
8693,2.89095,
8694,3.05086,
8695,2.90646,
8696,2.99527,
8697,3.15773,
8698,3.11719,
8699,3.26192,
8700,2.97095,
8701,2.77601,
8702,3.04504,
8703,2.75129,
8704,3.02139,
8705,3.18439,
8706,3.33147,
8707,3.2737,
8708,3.27454,
8709,2.91776,
8710,3.21817,
8711,3.09395,
8712,3.05299,
8713,3.04083,
8714,3.23192,
8715,2.98688,
8716,3.18373,
8717,2.81524,
8718,3.19149,
8719,3.14526,
8720,3.28193,
8721,3.00858,
8722,3.10268,
8723,3.15579,
8724,2.89958,
8725,3.08312,
8726,2.79452,
8727,2.96014,
8728,2.95914,
8729,3.20297,
8730,3.19283,
8731,2.76107,
8732,2.99153,
8733,2.95226,
8734,3.08562,
8735,3.09042,
8736,3.24567,
8737,3.11771,
8738,2.97348,
8739,3.0889,
8740,3.1387,
8741,2.94939,
8742,2.88498,
8743,2.85342,
8744,3.27752,
8745,3.2921,
8746,3.26718,
8747,3.18722,
8748,3.10874,
8749,3.0913,
8750,2.91201,
8751,3.23063,
8752,3.0338,
8753,3.11863,
8754,3.03884,
8755,3.028,
8756,3.01991,
8757,3.16812,
8758,3.10618,
8759,2.9836,
8760,3.12773,
8761,3.22082,
8762,2.94165,
8763,3.28199,
8764,3.11503,
8765,2.98974,
8766,2.88535,
8767,3.11179,
8768,3.09745,
8769,2.99241,
8770,2.97921,
8771,3.13101,
8772,2.93356,
8773,2.87096,
8774,3.03355,
8775,2.93565,
8776,3.04996,
8777,3.12405,
8778,3.16535,
8779,2.98986,
8780,2.96263,
8781,2.90474,
8782,3.09757,
8783,3.16271,
8784,2.74136,
8785,3.00419,
8786,2.98102,
8787,3.06518,
8788,3.12398,
8789,3.0947,
8790,2.85136,
8791,2.97862,
8792,3.09491,
8793,2.77603,
8794,2.81471,
8795,3.16941,
8796,3.01612,
8797,3.11068,
8798,2.8467,
8799,2.84077,
8800,3.06674,
8801,3.03617,
8802,2.91592,
8803,3.15153,
8804,3.08804,
8805,2.76355,
8806,2.95512,
8807,2.82359,
8808,2.95902,
8809,2.83436,
8810,3.04106,
8811,3.11941,
8812,3.02438,
8813,3.18344,
8814,3.18667,
8815,3.09534,
8816,3.12374,
8817,2.9759,
8818,3.03676,
8819,3.1399,
8820,3.10026,
8821,3.1678,
8822,3.3106,
8823,3.41345,
8824,4.24008,
8825,3.05987,
8826,3.08105,
8827,3.14379,
8828,3.12382,
8829,2.94351,
8830,3.08111,
8831,3.05766,
8832,3.06379,
8833,3.02468,
8834,3.53907,
8835,3.06616,
8836,3.08431,
8837,2.66134,
8838,2.88586,
8839,3.1126,
8840,3.09194,
8841,3.19829,
8842,3.2651,
8843,3.07499,
8844,3.21078,
8845,3.13762,
8846,3.06158,
8847,3.33806,
8848,3.09,
8849,3.07844,
8850,3.19119,
8851,3.20733,
8852,3.07635,
8853,3.0191,
8854,3.0048,
8855,3.00177,
8856,3.02818,
8857,2.91435,
8858,2.72266,
8859,3.0698,
8860,2.92387,
8861,2.77312,
8862,2.86415,
8863,2.93627,
8864,3.0253,
8865,2.99916,
8866,2.94982,
8867,3.03011,
8868,2.70174,
8869,2.95219,
8870,2.68031,
8871,3.06805,
8872,2.85042,
8873,2.89419,
8874,3.04914,
8875,2.95816,
8876,2.94417,
8877,2.94263,
8878,2.89955,
8879,2.7706,
8880,2.98495,
8881,2.97181,
8882,2.68735,
8883,2.78446,
8884,2.74301,
8885,2.9386,
8886,2.9504,
8887,2.88012,
8888,2.90189,
8889,2.96522,
8890,3.02495,
8891,2.75683,
8892,3.06758,
8893,2.9263,
8894,2.93554,
8895,2.90436,
8896,3.12769,
8897,3.15562,
8898,3.20219,
8899,2.9463,
8900,2.87396,
8901,3.23269,
8902,3.02333,
8903,3.05479,
8904,2.99122,
8905,2.81994,
8906,2.90276,
8907,3.07806,
8908,2.66787,
8909,2.6854,
8910,2.52921,
8911,2.78427,
8912,2.92159,
8913,3.00138,
8914,3.01421,
8915,2.98974,
8916,2.90641,
8917,2.74868,
8918,2.80636,
8919,2.93921,
8920,3.1195,
8921,2.92279,
8922,2.8725,
8923,2.51988,
8924,2.59244,
8925,3.04,
8926,2.73906,
8927,2.91958,
8928,2.71007,
8929,2.87551,
8930,2.69406,
8931,2.73086,
8932,2.6967,
8933,2.77356,
8934,2.73538,
8935,2.67187,
8936,2.74576,
8937,2.97442,
8938,2.67565,
8939,2.93851,
8940,2.96039,
8941,3.24645,
8942,3.26256,
8943,3.20893,
8944,3.25547,
8945,3.23023,
8946,3.22674,
8947,3.03431,
8948,2.77996,
8949,3.06783,
8950,2.87972,
8951,2.94982,
8952,3.11401,
8953,2.9911,
8954,3.06891,
8955,3.01625,
8956,2.96001,
8957,2.86191,
8958,2.97999,
8959,3.09154,
8960,3.04944,
8961,2.97163,
8962,2.92254,
8963,2.83676,
8964,3.15937,
8965,2.88709,
8966,2.85356,
8967,3.00091,
8968,3.00811,
8969,2.86789,
8970,3.29173,
8971,3.09689,
8972,3.36682,
8973,3.06956,
8974,3.19069,
8975,3.14128,
8976,3.035,
8977,3.0913,
8978,3.04446,
8979,3.01908,
8980,3.06678,
8981,3.04317,
8982,2.98823,
8983,2.80662,
8984,2.98222,
8985,2.91523,
8986,2.92812,
8987,2.66528,
8988,2.81463,
8989,2.63769,
8990,2.91757,
8991,2.93053,
8992,2.6995,
8993,2.82124,
8994,2.78473,
8995,2.96237,
8996,2.83746,
8997,2.88869,
8998,3.00402,
8999,3.09891,
9000,3.11479,
9001,3.08348,
9002,3.0983,
9003,3.12971,
9004,3.05957,
9005,3.16328,
9006,3.12552,
9007,3.11819,
9008,3.15633,
9009,3.01095,
9010,3.00574,
9011,2.7764,
9012,3.0489,
9013,2.98398,
9014,3.11851,
9015,3.00522,
9016,2.89439,
9017,2.97821,
9018,2.86514,
9019,2.9115,
9020,3.06233,
9021,3.14802,
9022,2.91629,
9023,2.8677,
9024,2.95291,
9025,3.21797,
9026,3.15695,
9027,3.2283,
9028,3.0376,
9029,3.25736,
9030,3.03993,
9031,3.15033,
9032,3.25796,
9033,3.02881,
9034,2.92297,
9035,2.85955,
9036,3.14772,
9037,3.15419,
9038,2.95863,
9039,3.07507,
9040,3.01967,
9041,3.19802,
9042,3.11608,
9043,3.27959,
9044,2.87722,
9045,2.96982,
9046,2.76769,
9047,2.93505,
9048,2.96255,
9049,2.93778,
9050,2.93112,
9051,3.1241,
9052,3.04683,
9053,2.96484,
9054,2.71972,
9055,2.89502,
9056,2.94766,
9057,2.93243,
9058,2.88147,
9059,3.32042,
9060,3.18693,
9061,3.2214,
9062,3.12538,
9063,3.00559,
9064,3.14435,
9065,2.87718,
9066,3.17866,
9067,3.20753,
9068,3.13628,
9069,3.14726,
9070,3.38706,
9071,3.44474,
9072,3.08618,
9073,3.10801,
9074,3.11451,
9075,3.23991,
9076,3.3177,
9077,3.13865,
9078,3.05123,
9079,3.05065,
9080,2.94196,
9081,3.0424,
9082,3.02904,
9083,3.00601,
9084,2.91217,
9085,2.87224,
9086,3.03689,
9087,3.44322,
9088,3.53821,
9089,3.50671,
9090,3.45302,
9091,3.44087,
9092,3.45141,
9093,3.38884,
9094,3.37535,
9095,3.32985,
9096,3.38966,
9097,3.3796,
9098,3.33413,
9099,3.31889,
9100,3.20145,
9101,3.32156,
9102,3.37595,
9103,3.30795,
9104,3.23198,
9105,3.16854,
9106,3.1587,
9107,3.36783,
9108,3.20804,
9109,3.15674,
9110,3.12725,
9111,3.13013,
9112,3.00209,
9113,3.23028,
9114,2.97627,
9115,3.06718,
9116,3.08701,
9117,2.90269,
9118,2.78073,
9119,3.07275,
9120,3.25736,
9121,3.1416,
9122,2.87307,
9123,3.07797,
9124,3.05627,
9125,2.96934,
9126,3.01848,
9127,3.07416,
9128,2.85728,
9129,3.10186,
9130,2.95597,
9131,2.95241,
9132,3.19039,
9133,3.07776,
9134,3.06038,
9135,3.09078,
9136,2.98934,
9137,2.93212,
9138,2.83225,
9139,2.90505,
9140,3.02921,
9141,2.93027,
9142,2.87338,
9143,3.05548,
9144,2.95258,
9145,2.90346,
9146,2.97765,
9147,2.79353,
9148,2.77389,
9149,3.01441,
9150,2.76759,
9151,2.78477,
9152,2.89098,
9153,2.93829,
9154,2.82059,
9155,2.78364,
9156,2.89082,
9157,2.85664,
9158,2.96117,
9159,3.0197,
9160,3.00196,
9161,3.04052,
9162,3.02242,
9163,2.9061,
9164,3.03285,
9165,2.80369,
9166,2.95573,
9167,2.98554,
9168,2.89872,
9169,3.23186,
9170,2.88577,
9171,2.82569,
9172,3.05697,
9173,2.85235,
9174,2.73347,
9175,2.90482,
9176,3.1463,
9177,2.63911,
9178,2.74648,
9179,2.97127,
9180,2.72958,
9181,2.88466,
9182,2.81629,
9183,2.75693,
9184,2.6789,
9185,3.16266,
9186,3.07883,
9187,3.10923,
9188,3.01577,
9189,3.17676,
9190,3.08138,
9191,3.18518,
9192,3.08275,
9193,3.01889,
9194,3.06446,
9195,3.02464,
9196,3.04899,
9197,3.02369,
9198,2.96981,
9199,3.04533,
9200,2.72849,
9201,2.90828,
9202,2.97903,
9203,3.01558,
9204,2.9815,
9205,2.65209,
9206,2.88765,
9207,2.91662,
9208,2.8283,
9209,2.58979,
9210,2.74535,
9211,2.81096,
9212,2.78346,
9213,2.84502,
9214,2.57768,
9215,2.66022,
9216,2.64108,
9217,2.80487,
9218,2.87218,
9219,3.44757,
9220,3.32024,
9221,3.16679,
9222,3.05625,
9223,3.25362,
9224,3.25954,
9225,2.98486,
9226,3.15507,
9227,3.03439,
9228,2.98441,
9229,2.93135,
9230,3.24374,
9231,3.06629,
9232,3.00781,
9233,3.15928,
9234,3.22549,
9235,3.05816,
9236,3.10858,
9237,2.97797,
9238,3.13041,
9239,3.05724,
9240,2.94028,
9241,2.88605,
9242,2.90929,
9243,3.04551,
9244,3.1722,
9245,3.17139,
9246,3.03256,
9247,3.12332,
9248,3.03532,
9249,3.0563,
9250,3.21275,
9251,3.11815,
9252,3.05226,
9253,3.07414,
9254,3.08395,
9255,2.86526,
9256,2.97708,
9257,3.01948,
9258,3.14769,
9259,2.88474,
9260,2.94294,
9261,2.9051,
9262,3.09363,
9263,3.05714,
9264,3.03569,
9265,2.77881,
9266,2.99594,
9267,2.90469,
9268,2.8385,
9269,2.98534,
9270,3.07061,
9271,3.02357,
9272,2.95247,
9273,2.9654,
9274,3.02074,
9275,2.96785,
9276,2.90496,
9277,2.84721,
9278,2.88908,
9279,2.84654,
9280,2.97903,
9281,2.683,
9282,2.72567,
9283,2.78167,
9284,2.85664,
9285,2.89044,
9286,2.83358,
9287,2.644,
9288,2.83616,
9289,2.71762,
9290,2.86289,
9291,2.68447,
9292,2.78874,
9293,3.00982,
9294,2.87117,
9295,2.96218,
9296,2.66104,
9297,2.8135,
9298,2.76201,
9299,2.84443,
9300,2.96925,
9301,2.63426,
9302,2.74854,
9303,2.63926,
9304,2.59232,
9305,2.87192,
9306,2.86715,
9307,2.7968,
9308,2.72833,
9309,2.98928,
9310,2.78502,
9311,2.97551,
9312,3.10798,
9313,3.11603,
9314,3.08972,
9315,3.06248,
9316,3.32363,
9317,3.0542,
9318,2.93032,
9319,3.16814,
9320,2.96622,
9321,3.09983,
9322,3.16428,
9323,3.04542,
9324,3.02183,
9325,3.03027,
9326,2.80053,
9327,3.03476,
9328,2.96508,
9329,2.84818,
9330,2.96425,
9331,2.94877,
9332,2.80194,
9333,2.91741,
9334,2.93707,
9335,2.79885,
9336,2.88766,
9337,2.95058,
9338,3.12921,
9339,2.9131,
9340,2.96574,
9341,2.89904,
9342,3.24715,
9343,3.2832,
9344,3.33742,
9345,3.33302,
9346,3.33396,
9347,3.26367,
9348,3.23233,
9349,3.3238,
9350,3.20572,
9351,3.2556,
9352,3.28755,
9353,3.28795,
9354,3.11687,
9355,3.26188,
9356,3.23718,
9357,3.23699,
9358,3.30231,
9359,3.17566,
9360,3.18491,
9361,3.15174,
9362,3.22658,
9363,3.19084,
9364,3.27957,
9365,2.77545,
9366,2.9413,
9367,2.74916,
9368,2.59742,
9369,2.65766,
9370,2.65483,
9371,2.92211,
9372,2.4569,
9373,2.72663,
9374,2.64855,
9375,2.76759,
9376,2.77792,
9377,2.56182,
9378,2.58909,
9379,2.81301,
9380,2.99783,
9381,2.89214,
9382,2.59769,
9383,2.65072,
9384,3.22275,
9385,3.26484,
9386,3.18241,
9387,3.22681,
9388,3.15587,
9389,3.20884,
9390,3.07896,
9391,2.91606,
9392,2.98309,
9393,3.11199,
9394,2.96233,
9395,3.08558,
9396,3.19618,
9397,3.22866,
9398,3.07508,
9399,2.96266,
9400,2.85587,
9401,3.01284,
9402,2.95545,
9403,2.96861,
9404,2.73738,
9405,2.73975,
9406,2.68337,
9407,2.92914,
9408,2.94467,
9409,2.85813,
9410,3.0867,
9411,2.97753,
9412,3.06035,
9413,2.99933,
9414,3.15389,
9415,3.02452,
9416,2.91135,
9417,3.00024,
9418,2.78166,
9419,2.79621,
9420,2.81379,
9421,3.0115,
9422,3.11082,
9423,2.92294,
9424,2.75714,
9425,2.69355,
9426,2.64064,
9427,2.52593,
9428,2.59908,
9429,2.66158,
9430,2.89474,
9431,2.58608,
9432,2.65752,
9433,2.65759,
9434,2.93768,
9435,2.80638,
9436,3.05201,
9437,2.68243,
9438,3.22342,
9439,2.88296,
9440,3.17232,
9441,3.46969,
9442,3.08158,
9443,3.27125,
9444,3.11907,
9445,3.10216,
9446,3.13987,
9447,3.12291,
9448,2.95496,
9449,2.84283,
9450,2.85213,
9451,2.97555,
9452,2.90889,
9453,2.94289,
9454,3.0129,
9455,2.86443,
9456,3.02554,
9457,2.80194,
9458,3.08014,
9459,3.03517,
9460,2.74426,
9461,2.73066,
9462,3.02868,
9463,2.70715,
9464,2.70295,
9465,2.73866,
9466,2.5928,
9467,2.60033,
9468,2.69511,
9469,3.30284,
9470,3.22161,
9471,3.3624,
9472,3.34082,
9473,3.31051,
9474,3.22219,
9475,2.94395,
9476,3.03075,
9477,2.98339,
9478,3.12615,
9479,3.33985,
9480,3.13077,
9481,3.10803,
9482,2.96554,
9483,2.9379,
9484,3.20989,
9485,3.22173,
9486,3.27973,
9487,3.03958,
9488,3.25119,
9489,2.92783,
9490,3.01329,
9491,2.99485,
9492,3.17518,
9493,2.99073,
9494,2.96566,
9495,2.91762,
9496,2.87721,
9497,3.06793,
9498,2.83224,
9499,2.83309,
9500,2.98367,
9501,2.99653,
9502,3.02195,
9503,2.85216,
9504,2.957,
9505,2.85306,
9506,2.90001,
9507,2.81604,
9508,2.82974,
9509,2.94652,
9510,2.67075,
9511,2.71115,
9512,2.96257,
9513,2.88692,
9514,3.30569,
9515,3.34629,
9516,3.25083,
9517,3.34877,
9518,3.28566,
9519,3.22149,
9520,3.07773,
9521,3.12361,
9522,2.87692,
9523,2.96567,
9524,2.92388,
9525,2.88697,
9526,3.17416,
9527,3.11145,
9528,3.01545,
9529,3.21756,
9530,3.10262,
9531,2.85077,
9532,2.89849,
9533,2.9403,
9534,2.80003,
9535,2.93519,
9536,3.09473,
9537,3.04064,
9538,3.15108,
9539,3.30951,
9540,3.2291,
9541,2.7078,
9542,2.86582,
9543,3.04671,
9544,3.08218,
9545,3.22052,
9546,3.13058,
9547,3.2099,
9548,3.13952,
9549,3.22782,
9550,3.0302,
9551,2.95684,
9552,3.16209,
9553,2.86653,
9554,3.06785,
9555,3.10808,
9556,3.05897,
9557,3.00659,
9558,3.00919,
9559,3.27917,
9560,3.09358,
9561,3.22052,
9562,3.0392,
9563,3.22072,
9564,3.14946,
9565,3.14954,
9566,3.01362,
9567,3.06689,
9568,2.97247,
9569,2.8571,
9570,2.97594,
9571,2.88587,
9572,2.98651,
9573,2.94643,
9574,3.07292,
9575,2.75838,
9576,2.95677,
9577,3.14617,
9578,3.01866,
9579,2.91385,
9580,2.90141,
9581,3.128,
9582,2.91701,
9583,3.06934,
9584,2.30631,
9585,3.21511,
9586,3.16692,
9587,3.27627,
9588,3.40231,
9589,3.56105,
9590,3.19536,
9591,3.25769,
9592,3.08214,
9593,3.21459,
9594,3.18423,
9595,3.18782,
9596,3.15171,
9597,2.99562,
9598,2.99077,
9599,3.04774,
9600,3.19392,
9601,2.94745,
9602,3.16438,
9603,3.20019,
9604,3.02066,
9605,3.02222,
9606,3.03367,
9607,3.10412,
9608,3.13898,
9609,3.15265,
9610,3.1126,
9611,3.12542,
9612,2.96559,
9613,3.21968,
9614,3.2332,
9615,3.00296,
9616,3.09047,
9617,2.94034,
9618,2.86096,
9619,2.84321,
9620,2.66347,
9621,3.03419,
9622,2.95325,
9623,2.8062,
9624,2.92299,
9625,3.05165,
9626,2.90012,
9627,2.80596,
9628,2.84912,
9629,2.78779,
9630,3.01992,
9631,2.82711,
9632,2.91506,
9633,3.07451,
9634,2.90505,
9635,3.13969,
9636,3.12667,
9637,3.01005,
9638,2.98561,
9639,2.96194,
9640,3.16441,
9641,3.05012,
9642,2.97533,
9643,3.02582,
9644,3.08646,
9645,2.88251,
9646,2.69561,
9647,2.89569,
9648,2.85034,
9649,2.94724,
9650,2.93416,
9651,2.66276,
9652,2.96613,
9653,3.08099,
9654,2.99435,
9655,2.93726,
9656,2.86409,
9657,3.08426,
9658,2.88511,
9659,2.60964,
9660,2.91616,
9661,2.94045,
9662,3.07233,
9663,2.91862,
9664,2.78564,
9665,2.92143,
9666,2.84032,
9667,2.80511,
9668,2.89339,
9669,2.9607,
9670,3.18577,
9671,3.11324,
9672,3.1389,
9673,2.91724,
9674,2.9866,
9675,2.92057,
9676,3.09931,
9677,3.08877,
9678,3.06844,
9679,3.06401,
9680,3.21147,
9681,2.96358,
9682,3.06785,
9683,3.00273,
9684,2.84941,
9685,3.08722,
9686,3.02533,
9687,3.17655,
9688,3.0234,
9689,2.69168,
9690,2.78309,
9691,2.97723,
9692,2.80252,
9693,2.88422,
9694,2.67922,
9695,2.81783,
9696,3.0487,
9697,3.24654,
9698,3.02036,
9699,3.15757,
9700,3.11584,
9701,3.12802,
9702,3.03054,
9703,3.11987,
9704,3.11844,
9705,3.10757,
9706,3.05706,
9707,3.05399,
9708,3.04781,
9709,2.93005,
9710,3.06934,
9711,2.71581,
9712,2.84492,
9713,3.03971,
9714,2.89158,
9715,2.95818,
9716,2.76036,
9717,2.86357,
9718,3.04153,
9719,2.75773,
9720,2.89063,
9721,2.80171,
9722,2.72861,
9723,2.91689,
9724,2.7242,
9725,2.80311,
9726,2.78777,
9727,2.91754,
9728,2.8426,
9729,2.95456,
9730,3.04568,
9731,2.9699,
9732,2.83789,
9733,2.89384,
9734,2.96967,
9735,2.93281,
9736,2.78975,
9737,3.09213,
9738,3.01835,
9739,3.02785,
9740,3.07745,
9741,3.01986,
9742,2.89088,
9743,3.03717,
9744,2.95877,
9745,2.99033,
9746,3.02983,
9747,3.1159,
9748,3.21414,
9749,3.12853,
9750,3.03558,
9751,2.97579,
9752,2.89852,
9753,2.93011,
9754,2.83281,
9755,2.89978,
9756,2.76251,
9757,2.93832,
9758,2.84452,
9759,3.03414,
9760,2.86303,
9761,2.9597,
9762,3.11876,
9763,3.07838,
9764,3.23561,
9765,2.92497,
9766,2.74137,
9767,3.02587,
9768,2.69881,
9769,2.99557,
9770,3.14327,
9771,3.25829,
9772,3.22868,
9773,3.24522,
9774,2.88834,
9775,3.17744,
9776,3.04528,
9777,3.03056,
9778,3.02097,
9779,3.18373,
9780,2.95237,
9781,3.16181,
9782,2.78263,
9783,3.14463,
9784,3.10332,
9785,3.23573,
9786,2.97035,
9787,3.08703,
9788,3.1304,
9789,2.86648,
9790,3.06016,
9791,2.77643,
9792,2.91725,
9793,2.93523,
9794,3.16851,
9795,3.15806,
9796,2.73203,
9797,2.96102,
9798,2.94835,
9799,3.05201,
9800,3.06636,
9801,3.21908,
9802,3.06434,
9803,2.94112,
9804,3.06203,
9805,3.10923,
9806,2.90051,
9807,2.87475,
9808,2.8252,
9809,3.21749,
9810,3.26184,
9811,3.22273,
9812,3.15135,
9813,3.07413,
9814,3.05397,
9815,2.8661,
9816,3.16866,
9817,2.98473,
9818,3.08169,
9819,3.00564,
9820,3.0054,
9821,2.99566,
9822,3.14234,
9823,3.07741,
9824,2.96211,
9825,3.07309,
9826,3.19203,
9827,2.90523,
9828,3.26243,
9829,3.08742,
9830,2.96935,
9831,2.87265,
9832,3.08845,
9833,3.06892,
9834,2.94974,
9835,2.94846,
9836,3.10198,
9837,2.9027,
9838,2.84574,
9839,2.98517,
9840,2.90055,
9841,3.00701,
9842,3.09496,
9843,3.1317,
9844,2.94592,
9845,2.91694,
9846,2.86035,
9847,3.0645,
9848,3.13489,
9849,2.70648,
9850,2.9723,
9851,2.95441,
9852,3.0408,
9853,3.09695,
9854,3.06541,
9855,2.82095,
9856,2.94719,
9857,3.06109,
9858,2.73769,
9859,2.7915,
9860,3.1415,
9861,2.9828,
9862,3.08111,
9863,2.81752,
9864,2.80519,
9865,3.03435,
9866,2.99884,
9867,2.87527,
9868,3.11513,
9869,3.05183,
9870,2.75779,
9871,2.91344,
9872,2.7882,
9873,2.91479,
9874,2.81478,
9875,2.96654,
9876,3.08305,
9877,2.97875,
9878,3.14725,
9879,3.15308,
9880,3.06277,
9881,3.08436,
9882,2.92521,
9883,3.00482,
9884,3.09935,
9885,3.07456,
9886,3.14196,
9887,3.26565,
9888,3.36343,
9889,4.20451,
9890,3.01761,
9891,3.03132,
9892,3.10369,
9893,3.09025,
9894,2.91163,
9895,3.04374,
9896,3.01362,
9897,3.02144,
9898,2.99661,
9899,3.5054,
9900,3.03947,
9901,3.06184,
9902,2.62331,
9903,2.8463,
9904,3.08115,
9905,3.06523,
9906,3.17166,
9907,3.24602,
9908,3.04747,
9909,3.16652,
9910,3.10284,
9911,3.03698,
9912,3.28948,
9913,3.05073,
9914,3.04089,
9915,3.17563,
9916,3.17617,
9917,3.02919,
9918,2.98742,
9919,2.9436,
9920,2.95329,
9921,2.991,
9922,2.87528,
9923,2.70429,
9924,3.04128,
9925,2.90157,
9926,2.74313,
9927,2.82754,
9928,2.91233,
9929,3.00141,
9930,2.96714,
9931,2.91953,
9932,3.01408,
9933,2.67308,
9934,2.92123,
9935,2.65686,
9936,3.03991,
9937,2.81615,
9938,2.86622,
9939,2.98024,
9940,2.92084,
9941,2.91278,
9942,2.911,
9943,2.85867,
9944,2.73803,
9945,2.96328,
9946,2.93741,
9947,2.64402,
9948,2.74354,
9949,2.72529,
9950,2.92392,
9951,2.9158,
9952,2.85346,
9953,2.87502,
9954,2.9211,
9955,2.98289,
9956,2.73868,
9957,3.04869,
9958,2.89077,
9959,2.90746,
9960,2.86762,
9961,3.07041,
9962,3.12254,
9963,3.14264,
9964,2.91996,
9965,2.85008,
9966,3.20375,
9967,2.99946,
9968,3.03351,
9969,2.96712,
9970,2.79267,
9971,2.86601,
9972,3.05461,
9973,2.63879,
9974,2.65998,
9975,2.50506,
9976,2.75171,
9977,2.89141,
9978,2.97247,
9979,2.97559,
9980,2.97176,
9981,2.87454,
9982,2.72213,
9983,2.78089,
9984,2.91329,
9985,3.09319,
9986,2.88384,
9987,2.84874,
9988,2.49766,
9989,2.56519,
9990,3.01158,
9991,2.68986,
9992,2.88271,
9993,2.66918,
9994,2.84204,
9995,2.66366,
9996,2.69086,
9997,2.66884,
9998,2.736,
9999,2.69471,
10000,2.64021,
10001,2.72268,
10002,2.94018,
10003,2.6479,
10004,2.90707,
10005,2.93013,
10006,3.23521,
10007,3.2211,
10008,3.16943,
10009,3.23788,
10010,3.20995,
10011,3.17921,
10012,2.99322,
10013,2.74405,
10014,3.02391,
10015,2.85186,
10016,2.9222,
10017,3.08999,
10018,2.97215,
10019,3.05084,
10020,2.96608,
10021,2.93945,
10022,2.84457,
10023,2.94169,
10024,3.05683,
10025,3.01483,
10026,2.94489,
10027,2.9191,
10028,2.81709,
10029,3.13743,
10030,2.87081,
10031,2.82417,
10032,2.96925,
10033,2.98797,
10034,2.85109,
10035,3.26663,
10036,3.06579,
10037,3.31196,
10038,3.01249,
10039,3.16612,
10040,3.1098,
10041,3.00857,
10042,3.0641,
10043,3.01893,
10044,2.9837,
10045,3.04495,
10046,3.00942,
10047,2.94616,
10048,2.76756,
10049,2.95138,
10050,2.88237,
10051,2.91268,
10052,2.65738,
10053,2.78418,
10054,2.59736,
10055,2.8947,
10056,2.9103,
10057,2.66026,
10058,2.78861,
10059,2.74012,
10060,2.93359,
10061,2.80271,
10062,2.86341,
10063,2.92621,
10064,3.03142,
10065,3.07534,
10066,3.04047,
10067,3.04014,
10068,3.1042,
10069,3.01919,
10070,3.13687,
10071,3.0945,
10072,3.09771,
10073,3.11325,
10074,2.99385,
10075,2.97993,
10076,2.75782,
10077,3.00975,
10078,2.95952,
10079,3.08393,
10080,2.95671,
10081,2.8618,
10082,2.94616,
10083,2.82755,
10084,2.88368,
10085,3.02225,
10086,3.12894,
10087,2.88728,
10088,2.84408,
10089,2.92383,
10090,3.19012,
10091,3.13068,
10092,3.19545,
10093,3.01481,
10094,3.21571,
10095,3.00085,
10096,3.1068,
10097,3.22392,
10098,3.00473,
10099,2.90386,
10100,2.82979,
10101,3.13381,
10102,3.11222,
10103,2.9251,
10104,3.026,
10105,2.98074,
10106,3.16995,
10107,3.09715,
10108,3.24908,
10109,2.84813,
10110,2.94641,
10111,2.73604,
10112,2.91206,
10113,2.95208,
10114,2.90919,
10115,2.91043,
10116,3.11302,
10117,3.02273,
10118,2.94944,
10119,2.71245,
10120,2.87037,
10121,2.90852,
10122,2.91603,
10123,2.85453,
10124,3.28251,
10125,3.1582,
10126,3.18291,
10127,3.07755,
10128,2.94578,
10129,3.1306,
10130,2.83574,
10131,3.15741,
10132,3.14193,
10133,3.11121,
10134,3.11917,
10135,3.3519,
10136,3.41797,
10137,3.03728,
10138,3.07161,
10139,3.08534,
10140,3.21655,
10141,3.29879,
10142,3.10101,
10143,3.01878,
10144,3.02173,
10145,2.91648,
10146,3.02387,
10147,3.00673,
10148,2.98898,
10149,2.87952,
10150,2.84846,
10151,3.02643,
10152,3.40153,
10153,3.51273,
10154,3.47629,
10155,3.42476,
10156,3.41254,
10157,3.41505,
10158,3.34527,
10159,3.35143,
10160,3.30108,
10161,3.36063,
10162,3.35363,
10163,3.31483,
10164,3.29696,
10165,3.17241,
10166,3.29139,
10167,3.34803,
10168,3.27597,
10169,3.21229,
10170,3.14235,
10171,3.11131,
10172,3.34812,
10173,3.17066,
10174,3.1253,
10175,3.09846,
10176,3.09885,
10177,2.97199,
10178,3.18758,
10179,2.93849,
10180,3.01744,
10181,3.05936,
10182,2.87438,
10183,2.74951,
10184,3.05479,
10185,3.21822,
10186,3.10591,
10187,2.83555,
10188,3.039,
10189,3.03476,
10190,2.92799,
10191,2.9742,
10192,3.02504,
10193,2.8288,
10194,3.05436,
10195,2.92473,
10196,2.91889,
10197,3.15526,
10198,3.06228,
10199,3.02741,
10200,3.0442,
10201,2.96962,
10202,2.914,
10203,2.79613,
10204,2.88829,
10205,2.99938,
10206,2.90592,
10207,2.85025,
10208,3.03369,
10209,2.91958,
10210,2.88045,
10211,2.95839,
10212,2.76091,
10213,2.74798,
10214,3.00203,
10215,2.72395,
10216,2.7665,
10217,2.84925,
10218,2.92016,
10219,2.81272,
10220,2.7687,
10221,2.86809,
10222,2.82625,
10223,2.91102,
10224,2.98228,
10225,2.97832,
10226,2.99751,
10227,2.99973,
10228,2.87615,
10229,2.99975,
10230,2.78304,
10231,2.92153,
10232,2.94297,
10233,2.88069,
10234,3.19343,
10235,2.84669,
10236,2.79071,
10237,3.01483,
10238,2.82208,
10239,2.70829,
10240,2.88878,
10241,3.12091,
10242,2.62785,
10243,2.70544,
10244,2.95025,
10245,2.70337,
10246,2.85477,
10247,2.80986,
10248,2.72682,
10249,2.66551,
10250,3.12262,
10251,3.03789,
10252,3.07744,
10253,2.97806,
10254,3.14128,
10255,3.0382,
10256,3.15681,
10257,3.05173,
10258,2.99396,
10259,3.05298,
10260,2.99309,
10261,3.01853,
10262,2.98572,
10263,2.96514,
10264,3.04303,
10265,2.71384,
10266,2.88627,
10267,2.94726,
10268,2.99326,
10269,2.96878,
10270,2.61773,
10271,2.86271,
10272,2.8976,
10273,2.80866,
10274,2.54629,
10275,2.73415,
10276,2.78982,
10277,2.76782,
10278,2.83634,
10279,2.55483,
10280,2.64073,
10281,2.63668,
10282,2.79107,
10283,2.84066,
10284,3.38543,
10285,3.29119,
10286,3.10632,
10287,3.02727,
10288,3.21063,
10289,3.2285,
10290,2.94307,
10291,3.11496,
10292,3.01024,
10293,2.94977,
10294,2.92262,
10295,3.22716,
10296,3.03171,
10297,2.96249,
10298,3.11756,
10299,3.18623,
10300,3.02493,
10301,3.08413,
10302,2.94631,
10303,3.09273,
10304,3.02089,
10305,2.90764,
10306,2.85769,
10307,2.88172,
10308,2.99788,
10309,3.13661,
10310,3.12567,
10311,2.98428,
10312,3.10233,
10313,3.00233,
10314,3.02186,
10315,3.17269,
10316,3.07605,
10317,3.01224,
10318,3.03953,
10319,3.0548,
10320,2.8214,
10321,2.9478,
10322,3.0077,
10323,3.11148,
10324,2.85537,
10325,2.91052,
10326,2.86858,
10327,3.05138,
10328,3.01608,
10329,3.01049,
10330,2.75385,
10331,2.96463,
10332,2.89658,
10333,2.81641,
10334,2.96633,
10335,3.06385,
10336,2.99292,
10337,2.90364,
10338,2.94582,
10339,2.9806,
10340,2.93042,
10341,2.8794,
10342,2.80298,
10343,2.86175,
10344,2.81562,
10345,2.94959,
10346,2.64633,
10347,2.6976,
10348,2.76153,
10349,2.84184,
10350,2.86339,
10351,2.81636,
10352,2.60756,
10353,2.8338,
10354,2.70122,
10355,2.82863,
10356,2.66161,
10357,2.7658,
10358,2.9847,
10359,2.83312,
10360,2.93286,
10361,2.63777,
10362,2.78916,
10363,2.73195,
10364,2.80924,
10365,2.93279,
10366,2.60416,
10367,2.74121,
10368,2.61358,
10369,2.56601,
10370,2.83918,
10371,2.84288,
10372,2.78075,
10373,2.7052,
10374,2.96598,
10375,2.74687,
10376,2.93232,
10377,3.07573,
10378,3.09476,
10379,3.05713,
10380,3.02467,
10381,3.29522,
10382,3.03432,
10383,2.90664,
10384,3.14734,
10385,2.94645,
10386,3.0646,
10387,3.14241,
10388,3.00823,
10389,2.99029,
10390,3.00244,
10391,2.776,
10392,3.01615,
10393,2.94346,
10394,2.81277,
10395,2.93547,
10396,2.92797,
10397,2.76743,
10398,2.91058,
10399,2.91146,
10400,2.76872,
10401,2.8656,
10402,2.92725,
10403,3.09735,
10404,2.87602,
10405,2.92736,
10406,2.85906,
10407,3.21338,
10408,3.26149,
10409,3.29584,
10410,3.31327,
10411,3.31772,
10412,3.24261,
10413,3.20677,
10414,3.32379,
10415,3.18616,
10416,3.23773,
10417,3.27794,
10418,3.26288,
10419,3.10145,
10420,3.24309,
10421,3.21297,
10422,3.20494,
10423,3.28441,
10424,3.15641,
10425,3.16456,
10426,3.13068,
10427,3.20286,
10428,3.13847,
10429,3.2389,
10430,2.73302,
10431,2.88162,
10432,2.72516,
10433,2.56851,
10434,2.63348,
10435,2.62654,
10436,2.8985,
10437,2.44345,
10438,2.69063,
10439,2.62607,
10440,2.73981,
10441,2.75907,
10442,2.52815,
10443,2.56002,
10444,2.77821,
10445,2.95665,
10446,2.86834,
10447,2.56637,
10448,2.60681,
10449,3.18255,
10450,3.23982,
10451,3.14911,
10452,3.17456,
10453,3.11878,
10454,3.17169,
10455,3.04075,
10456,2.87976,
10457,2.93198,
10458,3.0774,
10459,2.92008,
10460,3.05873,
10461,3.1521,
10462,3.2012,
10463,3.04172,
10464,2.92312,
10465,2.82253,
10466,2.98676,
10467,2.92628,
10468,2.92713,
10469,2.71428,
10470,2.705,
10471,2.66946,
10472,2.89743,
10473,2.92286,
10474,2.83174,
10475,3.03467,
10476,2.93056,
10477,3.02104,
10478,2.9654,
10479,3.11677,
10480,2.95872,
10481,2.85815,
10482,2.95771,
10483,2.748,
10484,2.77392,
10485,2.7866,
10486,2.97934,
10487,3.08079,
10488,2.88486,
10489,2.73275,
10490,2.6658,
10491,2.6075,
10492,2.50016,
10493,2.56401,
10494,2.62431,
10495,2.86238,
10496,2.56018,
10497,2.64516,
10498,2.63353,
10499,2.90624,
10500,2.7927,
10501,3.03277,
10502,2.65428,
10503,3.17838,
10504,2.85101,
10505,3.14333,
10506,3.41976,
10507,3.05332,
10508,3.2471,
10509,3.10341,
10510,3.09195,
10511,3.1186,
10512,3.09901,
10513,2.9135,
10514,2.80207,
10515,2.81747,
10516,2.93451,
10517,2.88918,
10518,2.91569,
10519,2.98304,
10520,2.83857,
10521,2.99249,
10522,2.7529,
10523,3.06893,
10524,3.00141,
10525,2.71522,
10526,2.70694,
10527,2.97194,
10528,2.68849,
10529,2.68454,
10530,2.69822,
10531,2.56097,
10532,2.58726,
10533,2.67209,
10534,3.24174,
10535,3.18542,
10536,3.34863,
10537,3.2919,
10538,3.27419,
10539,3.19286,
10540,2.90701,
10541,2.99169,
10542,2.94613,
10543,3.09759,
10544,3.31604,
10545,3.0874,
10546,3.0985,
10547,2.93372,
10548,2.89073,
10549,3.18288,
10550,3.18898,
10551,3.24078,
10552,3.004,
10553,3.22724,
10554,2.89977,
10555,2.96814,
10556,2.97417,
10557,3.14529,
10558,2.97835,
10559,2.9409,
10560,2.89137,
10561,2.85039,
10562,3.06503,
10563,2.79311,
10564,2.82489,
10565,2.96273,
10566,2.97375,
10567,2.99466,
10568,2.8373,
10569,2.92048,
10570,2.81105,
10571,2.85569,
10572,2.78746,
10573,2.78805,
10574,2.92463,
10575,2.65593,
10576,2.69212,
10577,2.9469,
10578,2.86035,
10579,3.29136,
10580,3.32093,
10581,3.22059,
10582,3.32937,
10583,3.25866,
10584,3.1845,
10585,3.03368,
10586,3.11449,
10587,2.86538,
10588,2.94342,
10589,2.89958,
10590,2.85607,
10591,3.15388,
10592,3.09185,
10593,2.98959,
10594,3.16904,
10595,3.08477,
10596,2.82416,
10597,2.86523,
10598,2.90819,
10599,2.75942,
10600,2.90015,
10601,3.06672,
10602,3.01139,
10603,3.12179,
10604,3.27058,
10605,3.19153,
10606,2.67813,
10607,2.83151,
10608,3.01781,
10609,3.05051,
10610,3.17808,
10611,3.08416,
10612,3.17819,
10613,3.10543,
10614,3.22081,
10615,3.00822,
10616,2.90905,
10617,3.14888,
10618,2.82533,
10619,3.02429,
10620,3.08339,
10621,3.01982,
10622,2.986,
10623,2.98532,
10624,3.25726,
10625,3.05719,
10626,3.18462,
10627,3.00786,
10628,3.20222,
10629,3.12184,
10630,3.11659,
10631,2.99183,
10632,3.03886,
10633,2.96777,
10634,2.82706,
10635,2.94148,
10636,2.85393,
10637,2.95576,
10638,2.93717,
10639,3.03802,
10640,2.745,
10641,2.93067,
10642,3.1041,
10643,2.98288,
10644,2.88157,
10645,2.87629,
10646,3.09804,
10647,2.88836,
10648,3.0334,
10649,2.25205,
10650,3.18337,
10651,3.12929,
10652,3.23118,
10653,3.3545,
10654,3.52184,
10655,3.16117,
10656,3.23752,
10657,3.06653,
10658,3.17449,
10659,3.13912,
10660,3.1594,
10661,3.11815,
10662,2.98331,
10663,2.988,
10664,3.02141,
10665,3.15924,
10666,2.92607,
10667,3.11942,
10668,3.17469,
10669,3.00163,
10670,2.98449,
10671,2.9914,
10672,3.07832,
10673,3.10609,
10674,3.13153,
10675,3.08072,
10676,3.09785,
10677,2.93357,
10678,3.19404,
10679,3.20827,
10680,2.98447,
10681,3.06171,
10682,2.91259,
10683,2.83695,
10684,2.82336,
10685,2.63958,
10686,3.01687,
10687,2.93413,
10688,2.77735,
10689,2.89636,
10690,3.04658,
10691,2.88039,
10692,2.78126,
10693,2.81908,
10694,2.77345,
10695,2.99852,
10696,2.80713,
10697,2.89153,
10698,3.05194,
10699,2.87021,
10700,3.09042,
10701,3.07681,
10702,2.95892,
10703,2.96244,
10704,2.93525,
10705,3.12518,
10706,3.02523,
10707,2.94805,
10708,2.99099,
10709,3.05152,
10710,2.85092,
10711,2.68821,
10712,2.87556,
10713,2.81986,
10714,2.90551,
10715,2.91215,
10716,2.63897,
10717,2.95017,
10718,3.07314,
10719,2.98169,
10720,2.90426,
10721,2.84321,
10722,3.05573,
10723,2.87294,
10724,2.60435,
10725,2.897,
10726,2.90086,
10727,3.06315,
10728,2.89104,
10729,2.76169,
10730,2.88827,
10731,2.81908,
10732,2.78473,
10733,2.88515,
10734,2.91717,
10735,3.14911,
10736,3.08682,
10737,3.09376,
10738,2.85603,
10739,2.94793,
10740,2.8815,
10741,3.07371,
10742,3.05818,
10743,3.03468,
10744,3.03651,
10745,3.18809,
10746,2.92536,
10747,3.05522,
10748,2.9682,
10749,2.83495,
10750,3.06094,
10751,2.99471,
10752,3.1494,
10753,2.9919,
10754,2.67188,
10755,2.75311,
10756,2.94609,
10757,2.7709,
10758,2.84154,
10759,2.66325,
10760,2.79609,
10761,3.01977,
10762,3.20299,
10763,2.99758,
10764,3.1582,
10765,3.07818,
10766,3.10592,
10767,2.98675,
10768,3.10135,
10769,3.09581,
10770,3.09468,
10771,3.02145,
10772,3.04844,
10773,3.02192,
10774,2.91905,
10775,3.05741,
10776,2.70095,
10777,2.82718,
10778,3.01747,
10779,2.87603,
10780,2.93875,
10781,2.72129,
10782,2.85459,
10783,3.01034,
10784,2.7311,
10785,2.85234,
10786,2.79598,
10787,2.69932,
10788,2.89698,
10789,2.68984,
10790,2.77441,
10791,2.7607,
10792,2.90462,
10793,2.81045,
10794,2.93043,
10795,3.00615,
10796,2.95798,
10797,2.79407,
10798,2.8659,
10799,2.92307,
10800,2.90606,
10801,2.76046,
10802,3.05896,
10803,2.98361,
10804,3.0017,
10805,3.051,
10806,3.00081,
10807,2.86363,
10808,3.01921,
10809,2.93962,
10810,2.96348,
10811,3.00953,
10812,3.0898,
10813,3.21285,
10814,3.11012,
10815,2.99865,
10816,2.9711,
10817,2.8696,
10818,2.89674,
10819,2.81484,
10820,2.86807,
10821,2.73571,
10822,2.92377,
10823,2.81879,
10824,3.00268,
10825,2.83889,
10826,2.93886,
10827,3.10473,
10828,3.05784,
10829,3.20907,
10830,2.8831,
10831,2.73063,
10832,2.99564,
10833,2.68473,
10834,2.96223,
10835,3.09041,
10836,3.22462,
10837,3.20419,
10838,3.20893,
10839,2.85863,
10840,3.14904,
10841,3.02158,
10842,2.9963,
10843,2.99081,
10844,3.1601,
10845,2.91025,
10846,3.13181,
10847,2.74453,
10848,3.11416,
10849,3.09399,
10850,3.19982,
10851,2.95292,
10852,3.05831,
10853,3.12908,
10854,2.85255,
10855,3.03927,
10856,2.74134,
10857,2.90477,
10858,2.90225,
10859,3.14139,
10860,3.14575,
10861,2.71478,
10862,2.95864,
10863,2.90503,
10864,3.04505,
10865,3.05029,
10866,3.20592,
10867,3.03561,
10868,2.92113,
10869,3.04134,
10870,3.08979,
10871,2.87659,
10872,2.83488,
10873,2.80134,
10874,3.17691,
10875,3.23061,
10876,3.19403,
10877,3.12544,
10878,3.05321,
10879,3.02046,
10880,2.8322,
10881,3.13256,
10882,2.95056,
10883,3.06589,
10884,2.98495,
10885,2.97735,
10886,2.97249,
10887,3.1204,
10888,3.05497,
10889,2.94414,
10890,3.03028,
10891,3.14281,
10892,2.86635,
10893,3.241,
10894,3.04939,
10895,2.9505,
10896,2.83666,
10897,3.06995,
10898,3.03079,
10899,2.91717,
10900,2.91522,
10901,3.0873,
10902,2.88168,
10903,2.82568,
10904,2.96222,
10905,2.86942,
10906,2.96107,
10907,3.06154,
10908,3.10026,
10909,2.9186,
10910,2.87604,
10911,2.83974,
10912,3.03755,
10913,3.12105,
10914,2.69168,
10915,2.94836,
10916,2.93027,
10917,3.01609,
10918,3.05091,
10919,3.04613,
10920,2.80148,
10921,2.90545,
10922,3.03047,
10923,2.69018,
10924,2.74785,
10925,3.11119,
10926,2.94845,
10927,3.05385,
10928,2.78637,
10929,2.77166,
10930,3.02873,
10931,2.95723,
10932,2.84203,
10933,3.08753,
10934,3.02208,
10935,2.72166,
10936,2.88998,
10937,2.76586,
10938,2.89675,
10939,2.78936,
10940,2.90565,
10941,3.04235,
10942,2.94286,
10943,3.11325,
10944,3.14231,
10945,3.02289,
10946,3.07547,
10947,2.90082,
10948,2.97283,
10949,3.07247,
10950,3.04487,
10951,3.10194,
10952,3.2422,
10953,3.34424,
10954,4.2005,
10955,2.97688,
10956,3.01005,
10957,3.07571,
10958,3.06672,
10959,2.88302,
10960,3.01922,
10961,2.97158,
10962,3.00807,
10963,2.95967,
10964,3.46101,
10965,3.02261,
10966,3.02924,
10967,2.5953,
10968,2.80668,
10969,3.05204,
10970,3.0448,
10971,3.14056,
10972,3.23247,
10973,3.02121,
10974,3.13145,
10975,3.07135,
10976,3.00584,
10977,3.2508,
10978,3.02624,
10979,3.01931,
10980,3.14168,
10981,3.13004,
10982,2.98844,
10983,2.95619,
10984,2.91138,
10985,2.91376,
10986,2.97173,
10987,2.85675,
10988,2.66345,
10989,3.01977,
10990,2.87277,
10991,2.72028,
10992,2.80163,
10993,2.87943,
10994,2.98678,
10995,2.94486,
10996,2.8906,
10997,2.97292,
10998,2.65354,
10999,2.8949,
11000,2.62744,
11001,3.02573,
11002,2.78679,
11003,2.84688,
11004,2.9328,
11005,2.89273,
11006,2.88035,
11007,2.89735,
11008,2.80604,
11009,2.74275,
11010,2.94335,
11011,2.90243,
11012,2.59798,
11013,2.72497,
11014,2.70091,
11015,2.89984,
11016,2.87801,
11017,2.82504,
11018,2.85247,
11019,2.89408,
11020,2.94722,
11021,2.69894,
11022,3.0403,
11023,2.87847,
11024,2.88742,
11025,2.84052,
11026,3.02656,
11027,3.07547,
11028,3.09787,
11029,2.88255,
11030,2.81516,
11031,3.16642,
11032,2.97748,
11033,3.00626,
11034,2.94645,
11035,2.7669,
11036,2.84472,
11037,3.02374,
11038,2.5946,
11039,2.64355,
11040,2.48977,
11041,2.72965,
11042,2.86256,
11043,2.95442,
11044,2.95296,
11045,2.93236,
11046,2.85212,
11047,2.7064,
11048,2.77254,
11049,2.88777,
11050,3.07249,
11051,2.86069,
11052,2.83285,
11053,2.46425,
11054,2.53254,
11055,2.98892,
11056,2.68274,
11057,2.86965,
11058,2.65635,
11059,2.83094,
11060,2.63495,
11061,2.66308,
11062,2.64774,
11063,2.72899,
11064,2.67434,
11065,2.61959,
11066,2.71427,
11067,2.92364,
11068,2.63456,
11069,2.89241,
11070,2.9035,
11071,3.1991,
11072,3.18786,
11073,3.13622,
11074,3.21275,
11075,3.17523,
11076,3.16033,
11077,2.96828,
11078,2.7193,
11079,3.01191,
11080,2.83471,
11081,2.90664,
11082,3.05875,
11083,2.95192,
11084,3.03308,
11085,2.94381,
11086,2.91096,
11087,2.82212,
11088,2.92349,
11089,3.04329,
11090,2.99269,
11091,2.91621,
11092,2.8933,
11093,2.79005,
11094,3.09557,
11095,2.82838,
11096,2.79798,
11097,2.94795,
11098,2.95458,
11099,2.80989,
11100,3.24726,
11101,3.05609,
11102,3.25653,
11103,2.99111,
11104,3.15431,
11105,3.09692,
11106,2.96981,
11107,3.02937,
11108,2.9964,
11109,2.97012,
11110,3.00943,
11111,2.98113,
11112,2.92153,
11113,2.75417,
11114,2.92269,
11115,2.86747,
11116,2.88672,
11117,2.64457,
11118,2.76699,
11119,2.57152,
11120,2.88108,
11121,2.89861,
11122,2.63585,
11123,2.75957,
11124,2.70843,
11125,2.90211,
11126,2.78423,
11127,2.83511,
11128,2.8444,
11129,2.99903,
11130,3.02995,
11131,3.01189,
11132,2.98963,
11133,3.07594,
11134,3.0062,
11135,3.10915,
11136,3.0717,
11137,3.06224,
11138,3.08203,
11139,2.97265,
11140,2.95308,
11141,2.73627,
11142,2.98277,
11143,2.9227,
11144,3.04978,
11145,2.93994,
11146,2.85124,
11147,2.92206,
11148,2.81777,
11149,2.85475,
11150,2.99533,
11151,3.09972,
11152,2.864,
11153,2.80938,
11154,2.90311,
11155,3.15802,
11156,3.09362,
11157,3.16494,
11158,2.99433,
11159,3.18526,
11160,2.96006,
11161,3.07498,
11162,3.20126,
11163,2.97822,
11164,2.90753,
11165,2.80404,
11166,3.09556,
11167,3.09529,
11168,2.91087,
11169,3.00547,
11170,2.95116,
11171,3.13755,
11172,3.06342,
11173,3.22638,
11174,2.83459,
11175,2.92557,
11176,2.71435,
11177,2.90835,
11178,2.91701,
11179,2.90092,
11180,2.90573,
11181,3.08716,
11182,3.01264,
11183,2.94686,
11184,2.69134,
11185,2.85304,
11186,2.89866,
11187,2.91089,
11188,2.83263,
11189,3.2572,
11190,3.13755,
11191,3.16572,
11192,3.04338,
11193,2.92258,
11194,3.09194,
11195,2.81372,
11196,3.11792,
11197,3.11586,
11198,3.09582,
11199,3.09967,
11200,3.30759,
11201,3.37877,
11202,3.01247,
11203,3.04543,
11204,3.0587,
11205,3.20526,
11206,3.2913,
11207,3.074,
11208,3.00126,
11209,3.00407,
11210,2.87478,
11211,3.00502,
11212,2.99691,
11213,2.97255,
11214,2.84094,
11215,2.83331,
11216,3.0002,
11217,3.37819,
11218,3.46917,
11219,3.44784,
11220,3.40105,
11221,3.38795,
11222,3.39819,
11223,3.34259,
11224,3.33026,
11225,3.27722,
11226,3.34802,
11227,3.32643,
11228,3.2881,
11229,3.27314,
11230,3.1494,
11231,3.28077,
11232,3.31575,
11233,3.26581,
11234,3.18943,
11235,3.11791,
11236,3.05242,
11237,3.30156,
11238,3.12933,
11239,3.07726,
11240,3.07426,
11241,3.09354,
11242,2.94852,
11243,3.15582,
11244,2.91263,
11245,2.98796,
11246,3.02722,
11247,2.86242,
11248,2.73044,
11249,3.04156,
11250,3.1933,
11251,3.06774,
11252,2.81964,
11253,3.01381,
11254,3.00171,
11255,2.91897,
11256,2.93343,
11257,2.99329,
11258,2.80937,
11259,3.0171,
11260,2.90297,
11261,2.88413,
11262,3.14583,
11263,3.02534,
11264,3.0027,
11265,3.01261,
11266,2.92446,
11267,2.89232,
11268,2.77589,
11269,2.87561,
11270,2.97353,
11271,2.88952,
11272,2.81537,
11273,3.02455,
11274,2.88674,
11275,2.86317,
11276,2.93119,
11277,2.73872,
11278,2.71338,
11279,2.97203,
11280,2.68706,
11281,2.75806,
11282,2.84034,
11283,2.88647,
11284,2.79107,
11285,2.74989,
11286,2.8454,
11287,2.80625,
11288,2.87485,
11289,2.94378,
11290,2.95898,
11291,2.97492,
11292,2.9694,
11293,2.84338,
11294,2.97038,
11295,2.75229,
11296,2.89924,
11297,2.91788,
11298,2.86161,
11299,3.14962,
11300,2.82204,
11301,2.76758,
11302,2.97738,
11303,2.79371,
11304,2.70599,
11305,2.85713,
11306,3.10013,
11307,2.60198,
11308,2.66729,
11309,2.92214,
11310,2.67424,
11311,2.83802,
11312,2.78466,
11313,2.69682,
11314,2.64271,
11315,3.0923,
11316,3.00274,
11317,3.04277,
11318,2.93924,
11319,3.1164,
11320,3.02209,
11321,3.14624,
11322,3.02859,
11323,2.97424,
11324,3.02498,
11325,2.95837,
11326,3.00352,
11327,2.97659,
11328,2.93878,
11329,3.00566,
11330,2.67744,
11331,2.85466,
11332,2.91818,
11333,2.97691,
11334,2.94504,
11335,2.59951,
11336,2.85587,
11337,2.8897,
11338,2.78759,
11339,2.54202,
11340,2.70199,
11341,2.76299,
11342,2.74313,
11343,2.80785,
11344,2.53561,
11345,2.64524,
11346,2.62696,
11347,2.76355,
11348,2.83625,
11349,3.33534,
11350,3.2614,
11351,3.08578,
11352,3.01295,
11353,3.17329,
11354,3.19702,
11355,2.92135,
11356,3.09048,
11357,2.97989,
11358,2.93602,
11359,2.90291,
11360,3.18696,
11361,3.00951,
11362,2.94217,
11363,3.07466,
11364,3.14186,
11365,2.99546,
11366,3.05188,
11367,2.92221,
11368,3.0762,
11369,2.99604,
11370,2.90772,
11371,2.83125,
11372,2.83781,
11373,2.96279,
11374,3.11331,
11375,3.09293,
11376,2.97397,
11377,3.07084,
11378,2.97579,
11379,2.99308,
11380,3.14714,
11381,3.05619,
11382,2.98081,
11383,3.00615,
11384,3.01968,
11385,2.81055,
11386,2.92808,
11387,2.98166,
11388,3.08523,
11389,2.84803,
11390,2.89973,
11391,2.83849,
11392,3.01597,
11393,3.00002,
11394,2.98398,
11395,2.72999,
11396,2.93203,
11397,2.86421,
11398,2.79712,
11399,2.92878,
11400,3.04693,
11401,2.95507,
11402,2.86391,
11403,2.93013,
11404,2.95826,
11405,2.90241,
11406,2.84225,
11407,2.78557,
11408,2.84092,
11409,2.79396,
11410,2.91872,
11411,2.63306,
11412,2.66919,
11413,2.74105,
11414,2.80526,
11415,2.82665,
11416,2.79868,
11417,2.58573,
11418,2.80954,
11419,2.68336,
11420,2.80269,
11421,2.65332,
11422,2.73547,
11423,2.94979,
11424,2.82455,
11425,2.90418,
11426,2.60857,
11427,2.77911,
11428,2.71553,
11429,2.78821,
11430,2.9279,
11431,2.59617,
11432,2.71552,
11433,2.59931,
11434,2.56035,
11435,2.81777,
11436,2.80683,
11437,2.74572,
11438,2.68256,
11439,2.92276,
11440,2.73245,
11441,2.89233,
11442,3.04084,
11443,3.05639,
11444,3.02854,
11445,2.99343,
11446,3.25244,
11447,3.00707,
11448,2.8828,
11449,3.10724,
11450,2.92568,
11451,3.03823,
11452,3.12221,
11453,2.98361,
11454,2.98278,
11455,2.99499,
11456,2.74774,
11457,2.98552,
11458,2.95169,
11459,2.78712,
11460,2.92117,
11461,2.88739,
11462,2.75443,
11463,2.88447,
11464,2.89108,
11465,2.7709,
11466,2.83749,
11467,2.90725,
11468,3.06315,
11469,2.85202,
11470,2.90359,
11471,2.82503,
11472,3.18362,
11473,3.25041,
11474,3.287,
11475,3.27943,
11476,3.28694,
11477,3.23164,
11478,3.18585,
11479,3.303,
11480,3.16258,
11481,3.21684,
11482,3.24725,
11483,3.24769,
11484,3.08479,
11485,3.21939,
11486,3.19118,
11487,3.1929,
11488,3.2635,
11489,3.14187,
11490,3.15414,
11491,3.1081,
11492,3.18446,
11493,3.10889,
11494,3.20908,
11495,2.69882,
11496,2.85059,
11497,2.68255,
11498,2.52768,
11499,2.60951,
11500,2.60183,
11501,2.87255,
11502,2.42808,
11503,2.67274,
11504,2.60153,
11505,2.73998,
11506,2.74205,
11507,2.5047,
11508,2.55725,
11509,2.76535,
11510,2.9356,
11511,2.84105,
11512,2.54904,
11513,2.57269,
11514,3.13096,
11515,3.20491,
11516,3.1201,
11517,3.15276,
11518,3.09727,
11519,3.14558,
11520,3.01489,
11521,2.84133,
11522,2.90674,
11523,3.05832,
11524,2.8997,
11525,3.02344,
11526,3.13136,
11527,3.1815,
11528,3.02006,
11529,2.90474,
11530,2.80566,
11531,2.97764,
11532,2.89469,
11533,2.89727,
11534,2.68818,
11535,2.68762,
11536,2.65397,
11537,2.85474,
11538,2.90753,
11539,2.81275,
11540,2.9934,
11541,2.9136,
11542,2.99162,
11543,2.94526,
11544,3.08613,
11545,2.91266,
11546,2.81651,
11547,2.9422,
11548,2.72693,
11549,2.73307,
11550,2.76019,
11551,2.94936,
11552,3.05114,
11553,2.84419,
11554,2.69805,
11555,2.64201,
11556,2.59049,
11557,2.4766,
11558,2.53329,
11559,2.59809,
11560,2.83031,
11561,2.52191,
11562,2.61297,
11563,2.60976,
11564,2.88403,
11565,2.76554,
11566,2.99817,
11567,2.63085,
11568,3.14596,
11569,2.82799,
11570,3.10765,
11571,3.39191,
11572,3.02644,
11573,3.23465,
11574,3.06511,
11575,3.04397,
11576,3.0967,
11577,3.06253,
11578,2.90065,
11579,2.78527,
11580,2.80108,
11581,2.92106,
11582,2.87562,
11583,2.90134,
11584,2.962,
11585,2.81426,
11586,2.96669,
11587,2.73169,
11588,3.07239,
11589,2.97481,
11590,2.69585,
11591,2.69065,
11592,2.93743,
11593,2.6497,
11594,2.67337,
11595,2.68147,
11596,2.55514,
11597,2.56341,
11598,2.65654,
11599,3.18458,
11600,3.14482,
11601,3.30253,
11602,3.2712,
11603,3.27207,
11604,3.17384,
11605,2.87045,
11606,2.96507,
11607,2.91309,
11608,3.09167,
11609,3.29128,
11610,3.05744,
11611,3.06365,
11612,2.90812,
11613,2.86041,
11614,3.14698,
11615,3.16708,
11616,3.2156,
11617,2.99072,
11618,3.21596,
11619,2.8839,
11620,2.9564,
11621,2.94231,
11622,3.10326,
11623,2.92372,
11624,2.90924,
11625,2.88312,
11626,2.83263,
11627,3.02174,
11628,2.76401,
11629,2.8026,
11630,2.93721,
11631,2.97173,
11632,2.97331,
11633,2.82441,
11634,2.89872,
11635,2.79044,
11636,2.80971,
11637,2.74924,
11638,2.76438,
11639,2.89511,
11640,2.6373,
11641,2.66383,
11642,2.92831,
11643,2.83859,
11644,3.25157,
11645,3.29692,
11646,3.2075,
11647,3.32002,
11648,3.23233,
11649,3.17101,
11650,3.0071,
11651,3.09001,
11652,2.85661,
11653,2.91734,
11654,2.87436,
11655,2.8409,
11656,3.11915,
11657,3.08069,
11658,2.97239,
11659,3.15666,
11660,3.07059,
11661,2.818,
11662,2.85132,
11663,2.90666,
11664,2.74777,
11665,2.88535,
11666,3.04799,
11667,2.99402,
11668,3.10545,
11669,3.25301,
11670,3.18318,
11671,2.67016,
11672,2.81597,
11673,3.00312,
11674,3.04816,
11675,3.13798,
11676,3.07111,
11677,3.15904,
11678,3.085,
11679,3.20117,
11680,2.98304,
11681,2.90097,
11682,3.14689,
11683,2.81249,
11684,3.01298,
11685,3.05165,
11686,2.99917,
11687,2.95534,
11688,2.96558,
11689,3.2273,
11690,3.03548,
11691,3.16967,
11692,2.98302,
11693,3.18164,
11694,3.09998,
11695,3.0908,
11696,2.96467,
11697,3.01281,
11698,2.93229,
11699,2.79342,
11700,2.92846,
11701,2.83416,
11702,2.93097,
11703,2.91339,
11704,3.01152,
11705,2.7211,
11706,2.92213,
11707,3.05769,
11708,2.95828,
11709,2.8509,
11710,2.83636,
11711,3.07007,
11712,2.85612,
11713,3.00889,
11714,2.215,
11715,3.14237,
11716,3.10543,
11717,3.21399,
11718,3.32999,
11719,3.48446,
11720,3.12931,
11721,3.20817,
11722,3.03936,
11723,3.13408,
11724,3.09667,
11725,3.13702,
11726,3.09195,
11727,2.93231,
11728,2.94368,
11729,2.98553,
11730,3.13414,
11731,2.89469,
11732,3.09193,
11733,3.14268,
11734,2.96651,
11735,2.96309,
11736,2.95773,
11737,3.06043,
11738,3.10119,
11739,3.105,
11740,3.05411,
11741,3.07664,
11742,2.91681,
11743,3.17398,
11744,3.20034,
11745,2.95527,
11746,3.04058,
11747,2.88399,
11748,2.82251,
11749,2.79552,
11750,2.61839,
11751,3.00247,
11752,2.91546,
11753,2.76426,
11754,2.87924,
11755,3.00979,
11756,2.85939,
11757,2.75615,
11758,2.80228,
11759,2.75057,
11760,2.97686,
11761,2.7828,
11762,2.86642,
11763,3.04197,
11764,2.86324,
11765,3.05847,
11766,3.0371,
11767,2.9,
11768,2.91361,
11769,2.90708,
11770,3.09838,
11771,2.98336,
11772,2.91236,
11773,2.96822,
11774,3.02251,
11775,2.8248,
11776,2.66008,
11777,2.85541,
11778,2.8097,
11779,2.89318,
11780,2.88751,
11781,2.62454,
11782,2.92493,
11783,3.04785,
11784,2.94302,
11785,2.89052,
11786,2.81263,
11787,3.03953,
11788,2.83769,
11789,2.57262,
11790,2.87741,
11791,2.86977,
11792,3.03349,
11793,2.86095,
11794,2.74325,
11795,2.85804,
11796,2.78632,
11797,2.76182,
11798,2.8502,
11799,2.88662,
11800,3.13102,
11801,3.06413,
11802,3.07456,
11803,2.82066,
11804,2.92695,
11805,2.84654,
11806,3.04898,
11807,3.03161,
11808,3.00646,
11809,2.99711,
11810,3.16939,
11811,2.89424,
11812,3.02319,
11813,2.94785,
11814,2.80877,
11815,3.03479,
11816,2.97783,
11817,3.12774,
11818,2.95421,
11819,2.6486,
11820,2.74013,
11821,2.92383,
11822,2.76408,
11823,2.81589,
11824,2.63686,
11825,2.76495,
11826,3.00466,
11827,3.15884,
11828,2.96097,
11829,3.13642,
11830,3.06217,
11831,3.08089,
11832,2.96164,
11833,3.08431,
11834,3.07287,
11835,3.07638,
11836,3.01379,
11837,3.0139,
11838,3.00038,
11839,2.90112,
11840,3.02888,
11841,2.67639,
11842,2.78955,
11843,3.00047,
11844,2.86246,
11845,2.91813,
11846,2.70503,
11847,2.83963,
11848,3.00096,
11849,2.69616,
11850,2.84453,
11851,2.75464,
11852,2.68625,
11853,2.86696,
11854,2.66779,
11855,2.75219,
11856,2.74066,
11857,2.88646,
11858,2.80227,
11859,2.91161,
11860,2.9939,
11861,2.94115,
11862,2.76852,
11863,2.84476,
11864,2.89841,
11865,2.90357,
11866,2.74653,
11867,3.03984,
11868,2.95606,
11869,2.98006,
11870,3.03267,
11871,2.97661,
11872,2.84889,
11873,2.99858,
11874,2.92037,
11875,2.94628,
11876,2.98526,
11877,3.07197,
11878,3.1917,
11879,3.08633,
11880,2.97024,
11881,2.95221,
11882,2.86313,
11883,2.88998,
11884,2.80002,
11885,2.84092,
11886,2.71247,
11887,2.91531,
11888,2.79326,
11889,2.97633,
11890,2.81621,
11891,2.90825,
11892,3.09608,
11893,3.03661,
11894,3.19994,
11895,2.8569,
11896,2.70876,
11897,2.97535,
11898,2.6523,
11899,2.95101,
11900,3.05236,
11901,3.15689,
11902,3.17284,
11903,3.18417,
11904,2.83594,
11905,3.12451,
11906,3.00585,
11907,2.97207,
11908,2.97238,
11909,3.13223,
11910,2.88053,
11911,3.11139,
11912,2.7142,
11913,3.08507,
11914,3.04359,
11915,3.17377,
11916,2.92141,
11917,3.04481,
11918,3.09913,
11919,2.82375,
11920,3.0246,
11921,2.71987,
11922,2.86844,
11923,2.8897,
11924,3.11595,
11925,3.13188,
11926,2.70086,
11927,2.94777,
11928,2.89223,
11929,3.02133,
11930,3.02329,
11931,3.19444,
11932,2.99754,
11933,2.88753,
11934,3.02316,
11935,3.07933,
11936,2.85467,
11937,2.81895,
11938,2.77767,
11939,3.12889,
11940,3.21428,
11941,3.17307,
11942,3.10694,
11943,3.02111,
11944,2.99912,
11945,2.82672,
11946,3.09154,
11947,2.92393,
11948,3.05054,
11949,2.94685,
11950,2.95457,
11951,2.96856,
11952,3.0837,
11953,3.01784,
11954,2.92265,
11955,3.00791,
11956,3.09406,
11957,2.82288,
11958,3.20053,
11959,3.02312,
11960,2.92544,
11961,2.8176,
11962,3.0435,
11963,3.01128,
11964,2.89061,
11965,2.88337,
11966,3.07258,
11967,2.85123,
11968,2.80776,
11969,2.9389,
11970,2.8409,
11971,2.92894,
11972,3.04981,
11973,3.07269,
11974,2.88652,
11975,2.84627,
11976,2.81908,
11977,3.00088,
11978,3.08433,
11979,2.66279,
11980,2.93878,
11981,2.91077,
11982,3.00162,
11983,3.03801,
11984,3.03125,
11985,2.7925,
11986,2.87799,
11987,2.99317,
11988,2.66792,
11989,2.72248,
11990,3.09382,
11991,2.91919,
11992,3.03909,
11993,2.7595,
11994,2.75377,
11995,3.00785,
11996,2.9277,
11997,2.79716,
11998,3.08078,
11999,2.99792,
12000,2.69815,
12001,2.86492,
12002,2.74689,
12003,2.88513,
12004,2.77715,
12005,2.86444,
12006,3.01006,
12007,2.90868,
12008,3.08977,
12009,3.10019,
12010,3.00111,
12011,3.06043,
12012,2.87411,
12013,2.94844,
12014,3.05031,
12015,3.03359,
12016,3.07405,
12017,3.21326,
12018,3.29915,
12019,4.14779,
12020,2.96639,
12021,2.98842,
12022,3.0432,
12023,3.0458,
12024,2.86007,
12025,3.01365,
12026,2.94433,
12027,2.98407,
12028,2.93998,
12029,3.41623,
12030,3.00759,
12031,3.00406,
12032,2.5713,
12033,2.78469,
12034,3.02733,
12035,3.01384,
12036,3.10774,
12037,3.20778,
12038,2.99256,
12039,3.09419,
12040,3.04249,
12041,2.98697,
12042,3.23648,
12043,3.00749,
12044,2.99685,
12045,3.12147,
12046,3.11364,
12047,2.96228,
12048,2.92345,
12049,2.88013,
12050,2.89098,
12051,2.95376,
12052,2.83184,
12053,2.64119,
12054,2.98586,
12055,2.86105,
12056,2.70051,
12057,2.78045,
12058,2.86474,
12059,2.94839,
12060,2.92868,
12061,2.87109,
12062,2.95566,
12063,2.6268,
12064,2.87876,
12065,2.6079,
12066,2.99846,
12067,2.78326,
12068,2.83937,
12069,2.89664,
12070,2.86637,
12071,2.87346,
12072,2.87231,
12073,2.78863,
12074,2.71534,
12075,2.9081,
12076,2.88661,
12077,2.56492,
12078,2.6867,
12079,2.66842,
12080,2.88222,
12081,2.87868,
12082,2.8076,
12083,2.8379,
12084,2.86496,
12085,2.95355,
12086,2.69207,
12087,3.016,
12088,2.85007,
12089,2.87852,
12090,2.8244,
12091,3.00654,
12092,3.05954,
12093,3.06692,
12094,2.86089,
12095,2.79888,
12096,3.13618,
12097,2.95305,
12098,2.99278,
12099,2.92955,
12100,2.7553,
12101,2.83642,
12102,2.98839,
12103,2.57227,
12104,2.63753,
12105,2.47033,
12106,2.69535,
12107,2.83895,
12108,2.93091,
12109,2.92808,
12110,2.91643,
12111,2.8412,
12112,2.69469,
12113,2.75304,
12114,2.86269,
12115,3.05595,
12116,2.85458,
12117,2.80918,
12118,2.44449,
12119,2.50757,
12120,2.9653,
12121,2.65012,
12122,2.83804,
12123,2.65837,
12124,2.83052,
12125,2.62691,
12126,2.6469,
12127,2.62793,
12128,2.69746,
12129,2.65674,
12130,2.61385,
12131,2.67405,
12132,2.91471,
12133,2.62204,
12134,2.86439,
12135,2.85716,
12136,3.18397,
12137,3.17264,
12138,3.11571,
12139,3.19603,
12140,3.16191,
12141,3.12074,
12142,2.92919,
12143,2.69073,
12144,2.99574,
12145,2.81798,
12146,2.87205,
12147,3.03119,
12148,2.93529,
12149,3.01854,
12150,2.91421,
12151,2.88907,
12152,2.82621,
12153,2.8896,
12154,3.01985,
12155,2.96372,
12156,2.91099,
12157,2.88298,
12158,2.78211,
12159,3.07201,
12160,2.80992,
12161,2.7752,
12162,2.91948,
12163,2.92313,
12164,2.79205,
12165,3.24103,
12166,3.04468,
12167,3.19614,
12168,2.96025,
12169,3.13129,
12170,3.06017,
12171,2.9615,
12172,3.00949,
12173,2.96782,
12174,2.95166,
12175,3.00089,
12176,2.95893,
12177,2.89765,
12178,2.73663,
12179,2.90107,
12180,2.85037,
12181,2.85493,
12182,2.62772,
12183,2.74512,
12184,2.56037,
12185,2.85273,
12186,2.86928,
12187,2.61459,
12188,2.74366,
12189,2.68866,
12190,2.89107,
12191,2.76527,
12192,2.82163,
12193,2.82273,
12194,2.9662,
12195,3.01548,
12196,2.97922,
12197,2.9613,
12198,3.04393,
12199,2.95399,
12200,3.08028,
12201,3.04656,
12202,3.04305,
12203,3.05779,
12204,2.94658,
12205,2.93726,
12206,2.71019,
12207,2.99247,
12208,2.91404,
12209,3.02796,
12210,2.90318,
12211,2.81658,
12212,2.91478,
12213,2.79384,
12214,2.83927,
12215,2.99339,
12216,3.08274,
12217,2.84191,
12218,2.7936,
12219,2.87143,
12220,3.12698,
12221,3.06436,
12222,3.12929,
12223,2.97668,
12224,3.1595,
12225,2.93001,
12226,3.04323,
12227,3.19336,
12228,2.9624,
12229,2.87747,
12230,2.76925,
12231,3.06963,
12232,3.07074,
12233,2.89075,
12234,2.98342,
12235,2.93098,
12236,3.13029,
12237,3.04134,
12238,3.21434,
12239,2.81508,
12240,2.90268,
12241,2.69633,
12242,2.87584,
12243,2.89808,
12244,2.87918,
12245,2.87573,
12246,3.06976,
12247,2.97892,
12248,2.92614,
12249,2.6776,
12250,2.83866,
12251,2.87284,
12252,2.8801,
12253,2.8049,
12254,3.23756,
12255,3.11554,
12256,3.15422,
12257,3.02996,
12258,2.87972,
12259,3.0685,
12260,2.77745,
12261,3.0989,
12262,3.07842,
12263,3.07312,
12264,3.06136,
12265,3.27936,
12266,3.35802,
12267,2.99881,
12268,3.01539,
12269,3.04727,
12270,3.17682,
12271,3.279,
12272,3.0513,
12273,2.98919,
12274,2.98195,
12275,2.84482,
12276,2.98188,
12277,2.97219,
12278,2.95309,
12279,2.81209,
12280,2.80671,
12281,2.98525,
12282,3.34616,
12283,3.45279,
12284,3.43591,
12285,3.37212,
12286,3.3763,
12287,3.37171,
12288,3.32488,
12289,3.30035,
12290,3.26305,
12291,3.31432,
12292,3.32426,
12293,3.27722,
12294,3.25023,
12295,3.13958,
12296,3.25559,
12297,3.29028,
12298,3.23029,
12299,3.17974,
12300,3.10134,
12301,3.02037,
12302,3.27206,
12303,3.09901,
12304,3.05223,
12305,3.04581,
12306,3.08147,
12307,2.92568,
12308,3.13329,
12309,2.87648,
12310,2.95591,
12311,3.00674,
12312,2.85171,
12313,2.71426,
12314,3.03359,
12315,3.17208,
12316,3.04486,
12317,2.7966,
12318,2.99893,
12319,2.97469,
12320,2.88606,
12321,2.91084,
12322,2.95761,
12323,2.78932,
12324,2.99068,
12325,2.88741,
12326,2.85546,
12327,3.09805,
12328,3.00545,
12329,2.98202,
12330,2.98024,
12331,2.89851,
12332,2.88247,
12333,2.74437,
12334,2.85517,
12335,2.95464,
12336,2.86092,
12337,2.80039,
12338,3.00229,
12339,2.86674,
12340,2.84216,
12341,2.92233,
12342,2.71812,
12343,2.7072,
12344,2.94961,
12345,2.66532,
12346,2.74352,
12347,2.80503,
12348,2.88266,
12349,2.77495,
12350,2.73342,
12351,2.83733,
12352,2.79022,
12353,2.85143,
12354,2.93318,
12355,2.93363,
12356,2.96376,
12357,2.94153,
12358,2.81331,
12359,2.96076,
12360,2.73489,
12361,2.87398,
12362,2.89679,
12363,2.83292,
12364,3.14305,
12365,2.82366,
12366,2.73616,
12367,2.94764,
12368,2.77033,
12369,2.67584,
12370,2.84347,
12371,3.08498,
12372,2.58916,
12373,2.63555,
12374,2.90833,
12375,2.66355,
12376,2.82045,
12377,2.76318,
12378,2.68123,
12379,2.61966,
12380,3.0657,
12381,2.97003,
12382,3.02985,
12383,2.9256,
12384,3.08852,
12385,3.00111,
12386,3.11465,
12387,3.00317,
12388,2.95451,
12389,3.00555,
12390,2.95861,
12391,2.99323,
12392,2.94697,
12393,2.91646,
12394,3.00329,
12395,2.65919,
12396,2.83154,
12397,2.89922,
12398,2.95695,
12399,2.92719,
12400,2.57882,
12401,2.8135,
12402,2.86846,
12403,2.78004,
12404,2.5134,
12405,2.68526,
12406,2.74687,
12407,2.72131,
12408,2.80628,
12409,2.50257,
12410,2.62122,
12411,2.60482,
12412,2.7476,
12413,2.81419,
12414,3.27936,
12415,3.23895,
12416,3.0354,
12417,2.98625,
12418,3.13942,
12419,3.17569,
12420,2.89626,
12421,3.06324,
12422,2.9537,
12423,2.91863,
12424,2.88352,
12425,3.16885,
12426,3.00727,
12427,2.92624,
12428,3.05485,
12429,3.10815,
12430,2.96921,
12431,3.03315,
12432,2.87879,
12433,3.06334,
12434,2.96414,
12435,2.88924,
12436,2.82434,
12437,2.82929,
12438,2.94817,
12439,3.1015,
12440,3.07282,
12441,2.95514,
12442,3.04619,
12443,2.9508,
12444,2.97585,
12445,3.14018,
12446,3.04493,
12447,2.9519,
12448,2.99432,
12449,3.00209,
12450,2.7965,
12451,2.94794,
12452,2.9623,
12453,3.05825,
12454,2.83044,
12455,2.86596,
12456,2.82479,
12457,2.99449,
12458,2.94881,
12459,2.97431,
12460,2.71138,
12461,2.92603,
12462,2.85445,
12463,2.76867,
12464,2.9146,
12465,3.02737,
12466,2.93548,
12467,2.81621,
12468,2.90854,
12469,2.94604,
12470,2.88207,
12471,2.82667,
12472,2.7631,
12473,2.83256,
12474,2.78976,
12475,2.89247,
12476,2.60517,
12477,2.64218,
12478,2.71553,
12479,2.7967,
12480,2.80717,
12481,2.7692,
12482,2.58088,
12483,2.78734,
12484,2.659,
12485,2.78581,
12486,2.63321,
12487,2.71301,
12488,2.93377,
12489,2.80668,
12490,2.89654,
12491,2.58986,
12492,2.7529,
12493,2.67352,
12494,2.77005,
12495,2.91578,
12496,2.57918,
12497,2.6949,
12498,2.59146,
12499,2.54754,
12500,2.78948,
12501,2.78355,
12502,2.72103,
12503,2.66451,
12504,2.90456,
12505,2.73383,
12506,2.86746,
12507,3.01499,
12508,3.03284,
12509,2.9859,
12510,2.97221,
12511,3.24106,
12512,2.97693,
12513,2.86005,
12514,3.08976,
12515,2.91878,
12516,3.02244,
12517,3.09802,
12518,2.97328,
12519,2.96095,
12520,2.96072,
12521,2.72376,
12522,2.95637,
12523,2.92421,
12524,2.76727,
12525,2.89871,
12526,2.86452,
12527,2.73115,
12528,2.862,
12529,2.8774,
12530,2.74016,
12531,2.82143,
12532,2.88025,
12533,3.0538,
12534,2.8196,
12535,2.88817,
12536,2.81996,
12537,3.15836,
12538,3.22542,
12539,3.25862,
12540,3.26718,
12541,3.27204,
12542,3.20501,
12543,3.16923,
12544,3.27348,
12545,3.13895,
12546,3.19536,
12547,3.24534,
12548,3.23007,
12549,3.07648,
12550,3.18928,
12551,3.16801,
12552,3.18578,
12553,3.26148,
12554,3.12804,
12555,3.13686,
12556,3.094,
12557,3.17053,
12558,3.06696,
12559,3.17605,
12560,2.66073,
12561,2.81701,
12562,2.65274,
12563,2.51926,
12564,2.59392,
12565,2.60208,
12566,2.86399,
12567,2.4158,
12568,2.64947,
12569,2.58877,
12570,2.71042,
12571,2.72468,
12572,2.47126,
12573,2.52504,
12574,2.74921,
12575,2.9267,
12576,2.8335,
12577,2.53122,
12578,2.54505,
12579,3.10032,
12580,3.18503,
12581,3.10588,
12582,3.15016,
12583,3.07731,
12584,3.12269,
12585,2.98832,
12586,2.81235,
12587,2.88803,
12588,3.04901,
12589,2.87383,
12590,3.00869,
12591,3.09031,
12592,3.15084,
12593,2.99425,
12594,2.89144,
12595,2.77539,
12596,2.96335,
12597,2.88245,
12598,2.87686,
12599,2.66986,
12600,2.67969,
12601,2.63151,
12602,2.84512,
12603,2.89961,
12604,2.78279,
12605,2.95104,
12606,2.87893,
12607,2.96237,
12608,2.92666,
12609,3.06291,
12610,2.87489,
12611,2.78997,
12612,2.91917,
12613,2.69554,
12614,2.71342,
12615,2.73653,
12616,2.92218,
12617,3.02204,
12618,2.82563,
12619,2.66937,
12620,2.62894,
12621,2.5777,
12622,2.45869,
12623,2.5134,
12624,2.58823,
12625,2.8093,
12626,2.50545,
12627,2.59944,
12628,2.60752,
12629,2.87122,
12630,2.74684,
12631,2.96413,
12632,2.61996,
12633,3.12218,
12634,2.81537,
12635,3.09357,
12636,3.33396,
12637,3.0208,
12638,3.20919,
12639,3.04778,
12640,3.0044,
12641,3.07513,
12642,3.05746,
12643,2.86115,
12644,2.76399,
12645,2.77606,
12646,2.89295,
12647,2.85891,
12648,2.88369,
12649,2.94525,
12650,2.79497,
12651,2.95901,
12652,2.71204,
12653,3.02354,
12654,2.95408,
12655,2.67346,
12656,2.67417,
12657,2.91585,
12658,2.64418,
12659,2.66195,
12660,2.6596,
12661,2.52733,
12662,2.55286,
12663,2.63401,
12664,3.13778,
12665,3.12421,
12666,3.27986,
12667,3.25038,
12668,3.23979,
12669,3.14687,
12670,2.85112,
12671,2.94314,
12672,2.89452,
12673,3.0567,
12674,3.27274,
12675,3.03319,
12676,3.04692,
12677,2.89271,
12678,2.83432,
12679,3.12161,
12680,3.14374,
12681,3.18713,
12682,2.97291,
12683,3.19427,
12684,2.8684,
12685,2.9294,
12686,2.92884,
12687,3.09989,
12688,2.88173,
12689,2.86807,
12690,2.86147,
12691,2.83008,
12692,3.00396,
12693,2.75394,
12694,2.79121,
12695,2.90619,
12696,2.93353,
12697,2.95418,
12698,2.81171,
12699,2.88308,
12700,2.76717,
12701,2.78794,
12702,2.71577,
12703,2.73415,
12704,2.87249,
12705,2.61257,
12706,2.65537,
12707,2.91769,
12708,2.81558,
12709,3.2112,
12710,3.27888,
12711,3.18448,
12712,3.29033,
12713,3.2118,
12714,3.14233,
12715,2.98644,
12716,3.07537,
12717,2.84949,
12718,2.89776,
12719,2.85767,
12720,2.8429,
12721,3.11681,
12722,3.06219,
12723,2.96485,
12724,3.14626,
12725,3.05728,
12726,2.80628,
12727,2.83875,
12728,2.88891,
12729,2.70988,
12730,2.86443,
12731,3.02869,
12732,2.97815,
12733,3.08167,
12734,3.23505,
12735,3.16497,
12736,2.64253,
12737,2.79932,
12738,2.98052,
12739,3.00764,
12740,3.09726,
12741,3.0391,
12742,3.1365,
12743,3.06221,
12744,3.18564,
12745,2.96494,
12746,2.89238,
12747,3.10944,
12748,2.79985,
12749,2.98991,
12750,3.03109,
12751,2.97971,
12752,2.9326,
12753,2.93854,
12754,3.20494,
12755,3.02798,
12756,3.12741,
12757,2.96609,
12758,3.16908,
12759,3.07719,
12760,3.07429,
12761,2.93534,
12762,2.99772,
12763,2.92322,
12764,2.77934,
12765,2.90667,
12766,2.80256,
12767,2.91727,
12768,2.89074,
12769,2.99332,
12770,2.71122,
12771,2.88322,
12772,3.01833,
12773,2.94612,
12774,2.82591,
12775,2.80445,
12776,3.05273,
12777,2.85493,
12778,2.98445,
12779,2.17009,
12780,3.09745,
12781,3.08501,
12782,3.16135,
12783,3.27648,
12784,3.4634,
12785,3.11584,
12786,3.18391,
12787,3.0048,
12788,3.10425,
12789,3.06834,
12790,3.11947,
12791,3.08763,
12792,2.91622,
12793,2.92869,
12794,2.95341,
12795,3.1276,
12796,2.8768,
12797,3.07772,
12798,3.1139,
12799,2.95134,
12800,2.93532,
12801,2.94328,
12802,3.04608,
12803,3.05959,
12804,3.09188,
12805,3.0386,
12806,3.05654,
12807,2.8985,
12808,3.15582,
12809,3.18559,
12810,2.92709,
12811,3.01182,
12812,2.86528,
12813,2.80589,
12814,2.77534,
12815,2.60542,
12816,2.99469,
12817,2.88151,
12818,2.74065,
12819,2.85799,
12820,3.00664,
12821,2.84391,
12822,2.73847,
12823,2.80108,
12824,2.72952,
12825,2.97247,
12826,2.76445,
12827,2.86292,
12828,3.02046,
12829,2.83487,
12830,3.04489,
12831,3.00549,
12832,2.86042,
12833,2.87726,
12834,2.91752,
12835,3.06678,
12836,2.9571,
12837,2.90379,
12838,2.93414,
12839,2.99258,
12840,2.79504,
12841,2.6403,
12842,2.83644,
12843,2.80336,
12844,2.86899,
12845,2.87017,
12846,2.59643,
12847,2.90544,
12848,3.03348,
12849,2.91473,
12850,2.86665,
12851,2.80057,
12852,3.022,
12853,2.82718,
12854,2.55627,
12855,2.86098,
12856,2.87587,
12857,3.02744,
12858,2.83618,
12859,2.72572,
12860,2.85175,
12861,2.75155,
12862,2.73364,
12863,2.84043,
12864,2.85573,
12865,3.10478,
12866,3.0467,
12867,3.03176,
12868,2.78034,
12869,2.90779,
12870,2.81769,
12871,3.0553,
12872,3.0173,
12873,2.98463,
12874,2.97578,
12875,3.13014,
12876,2.88413,
12877,2.99752,
12878,2.94723,
12879,2.79494,
12880,3.02372,
12881,2.94982,
12882,3.12429,
12883,2.91643,
12884,2.6322,
12885,2.73133,
12886,2.89538,
12887,2.73639,
12888,2.78823,
12889,2.62484,
12890,2.74874,
12891,2.98265,
12892,3.11084,
12893,2.94597,
12894,3.11928,
12895,3.01132,
12896,3.03031,
12897,2.94018,
12898,3.07227,
12899,3.04367,
12900,3.03866,
12901,2.98635,
12902,2.99192,
12903,2.98138,
12904,2.87451,
12905,3.01957,
12906,2.66017,
12907,2.77163,
12908,2.9747,
12909,2.8486,
12910,2.89531,
12911,2.69012,
12912,2.8309,
12913,2.98375,
12914,2.67613,
12915,2.81336,
12916,2.74622,
12917,2.66125,
12918,2.86523,
12919,2.66956,
12920,2.73028,
12921,2.71976,
12922,2.86932,
12923,2.79323,
12924,2.89906,
12925,2.96579,
12926,2.9272,
12927,2.75268,
12928,2.81936,
12929,2.87459,
12930,2.87964,
12931,2.72978,
12932,2.99881,
12933,2.93666,
12934,2.95994,
12935,3.02771,
12936,2.95878,
12937,2.83313,
12938,2.97626,
12939,2.89042,
12940,2.91878,
12941,2.96059,
12942,3.06749,
12943,3.18218,
12944,3.06523,
12945,2.9556,
12946,2.93101,
12947,2.84925,
12948,2.86982,
12949,2.76056,
12950,2.82297,
12951,2.69088,
12952,2.87977,
12953,2.78465,
12954,2.96617,
12955,2.79504,
12956,2.9074,
12957,3.06152,
12958,3.02752,
12959,3.17006,
12960,2.8437,
12961,2.69026,
12962,2.95715,
12963,2.64205,
12964,2.93895,
12965,3.0012,
12966,3.12622,
12967,3.161,
12968,3.16148,
12969,2.82667,
12970,3.10857,
12971,2.99204,
12972,2.94742,
12973,2.94511,
12974,3.11594,
12975,2.85376,
12976,3.08676,
12977,2.68832,
12978,3.05636,
12979,3.01817,
12980,3.15334,
12981,2.90312,
12982,3.03206,
12983,3.07778,
12984,2.81787,
12985,3.00711,
12986,2.70008,
12987,2.8499,
12988,2.87411,
12989,3.08418,
12990,3.10841,
12991,2.69243,
12992,2.93162,
12993,2.85672,
12994,2.99873,
12995,3.00879,
12996,3.1862,
12997,2.98285,
12998,2.87303,
12999,3.00288,
13000,3.04799,
13001,2.83971,
13002,2.7962,
13003,2.76496,
13004,3.09614,
13005,3.16904,
13006,3.16288,
13007,3.06961,
13008,2.99309,
13009,2.97338,
13010,2.78946,
13011,3.06178,
13012,2.89932,
13013,3.03091,
13014,2.9359,
13015,2.92976,
13016,2.94123,
13017,3.07144,
13018,3.00308,
13019,2.89454,
13020,2.96242,
13021,3.06902,
13022,2.80823,
13023,3.18152,
13024,3.0077,
13025,2.92027,
13026,2.78669,
13027,3.01479,
13028,2.98907,
13029,2.86546,
13030,2.83656,
13031,3.06195,
13032,2.83698,
13033,2.77742,
13034,2.90684,
13035,2.81684,
13036,2.88903,
13037,3.02263,
13038,3.06079,
13039,2.87446,
13040,2.83923,
13041,2.78567,
13042,2.97875,
13043,3.07261,
13044,2.63929,
13045,2.92619,
13046,2.8873,
13047,2.96313,
13048,3.00546,
13049,3.0009,
13050,2.77998,
13051,2.86447,
13052,2.98347,
13053,2.6566,
13054,2.67279,
13055,3.07173,
13056,2.9047,
13057,3.02858,
13058,2.73737,
13059,2.72788,
13060,2.97254,
13061,2.89305,
13062,2.77478,
13063,3.05567,
13064,2.97059,
13065,2.68809,
13066,2.84271,
13067,2.72311,
13068,2.86852,
13069,2.74914,
13070,2.82342,
13071,2.98032,
13072,2.89426,
13073,3.06941,
13074,3.08707,
13075,2.97442,
13076,3.03403,
13077,2.85809,
13078,2.93629,
13079,3.01747,
13080,3.0054,
13081,3.07708,
13082,3.19419,
13083,3.27257,
13084,4.11318,
13085,2.93489,
13086,2.96416,
13087,3.01556,
13088,3.01978,
13089,2.84454,
13090,2.98636,
13091,2.92695,
13092,2.97488,
13093,2.9382,
13094,3.38582,
13095,2.99215,
13096,2.96863,
13097,2.56099,
13098,2.76056,
13099,2.99937,
13100,2.98812,
13101,3.08749,
13102,3.19289,
13103,2.97502,
13104,3.06408,
13105,3.02133,
13106,2.97563,
13107,3.18962,
13108,2.98194,
13109,2.96997,
13110,3.09152,
13111,3.09492,
13112,2.93484,
13113,2.90243,
13114,2.85217,
13115,2.87924,
13116,2.93002,
13117,2.82283,
13118,2.62261,
13119,2.97586,
13120,2.84705,
13121,2.69365,
13122,2.75926,
13123,2.8324,
13124,2.93322,
13125,2.90968,
13126,2.85802,
13127,2.94205,
13128,2.60317,
13129,2.86085,
13130,2.58957,
13131,2.98102,
13132,2.77205,
13133,2.81093,
13134,2.86687,
13135,2.84419,
13136,2.85,
13137,2.85251,
13138,2.75882,
13139,2.68468,
13140,2.87474,
13141,2.86195,
13142,2.54531,
13143,2.67257,
13144,2.65166,
13145,2.85788,
13146,2.8626,
13147,2.79114,
13148,2.82056,
13149,2.85756,
13150,2.93625,
13151,2.66892,
13152,2.99277,
13153,2.82685,
13154,2.85165,
13155,2.804,
13156,2.97278,
13157,3.03618,
13158,3.04708,
13159,2.85271,
13160,2.79105,
13161,3.1252,
13162,2.93249,
13163,2.97456,
13164,2.90691,
13165,2.74077,
13166,2.80015,
13167,2.96165,
13168,2.5429,
13169,2.60394,
13170,2.46272,
13171,2.68361,
13172,2.81143,
13173,2.91851,
13174,2.90875,
13175,2.89243,
13176,2.83625,
13177,2.66542,
13178,2.72318,
13179,2.83515,
13180,3.02301,
13181,2.83224,
13182,2.78257,
13183,2.41063,
13184,2.49126,
13185,2.94268,
13186,2.61753,
13187,2.8305,
13188,2.64152,
13189,2.79916,
13190,2.61449,
13191,2.63295,
13192,2.61816,
13193,2.67185,
13194,2.64275,
13195,2.57849,
13196,2.65937,
13197,2.8913,
13198,2.58653,
13199,2.8553,
13200,2.81997,
13201,3.16055,
13202,3.14706,
13203,3.0937,
13204,3.18043,
13205,3.1456,
13206,3.09732,
13207,2.89407,
13208,2.6694,
13209,2.97387,
13210,2.81511,
13211,2.84741,
13212,2.99709,
13213,2.90969,
13214,2.99776,
13215,2.90349,
13216,2.87533,
13217,2.78611,
13218,2.86241,
13219,3.01159,
13220,2.95495,
13221,2.885,
13222,2.85448,
13223,2.74799,
13224,3.0618,
13225,2.77519,
13226,2.76545,
13227,2.9028,
13228,2.89538,
13229,2.77972,
13230,3.22708,
13231,3.01399,
13232,3.16125,
13233,2.95144,
13234,3.11239,
13235,3.04583,
13236,2.93124,
13237,2.98419,
13238,2.94442,
13239,2.95286,
13240,2.9702,
13241,2.94577,
13242,2.88029,
13243,2.70637,
13244,2.88392,
13245,2.84347,
13246,2.83581,
13247,2.59621,
13248,2.7243,
13249,2.53404,
13250,2.84478,
13251,2.85057,
13252,2.59691,
13253,2.73361,
13254,2.6719,
13255,2.88259,
13256,2.74968,
13257,2.76548,
13258,2.75605,
13259,2.93164,
13260,3.00768,
13261,2.96677,
13262,2.92623,
13263,3.02193,
13264,2.94844,
13265,3.06209,
13266,3.01596,
13267,3.01163,
13268,3.03654,
13269,2.92514,
13270,2.90468,
13271,2.6805,
13272,2.94507,
13273,2.88365,
13274,3.01066,
13275,2.88341,
13276,2.79915,
13277,2.88666,
13278,2.76194,
13279,2.82482,
13280,2.95937,
13281,3.06974,
13282,2.82629,
13283,2.77401,
13284,2.84435,
13285,3.08849,
13286,3.04453,
13287,3.10845,
13288,2.94346,
13289,3.15205,
13290,2.9104,
13291,3.02667,
13292,3.16683,
13293,2.92679,
13294,2.85937,
13295,2.74816,
13296,3.05416,
13297,3.05349,
13298,2.8777,
13299,2.95444,
13300,2.92505,
13301,3.10485,
13302,3.02177,
13303,3.19284,
13304,2.80189,
13305,2.89087,
13306,2.67714,
13307,2.85041,
13308,2.87504,
13309,2.86559,
13310,2.87534,
13311,3.04709,
13312,2.97343,
13313,2.89623,
13314,2.66378,
13315,2.80746,
13316,2.85549,
13317,2.86885,
13318,2.79165,
13319,3.19999,
13320,3.10272,
13321,3.13477,
13322,2.99534,
13323,2.85004,
13324,3.0474,
13325,2.76865,
13326,3.08635,
13327,3.04161,
13328,3.04558,
13329,3.04529,
13330,3.25682,
13331,3.34819,
13332,2.97201,
13333,3.00622,
13334,3.01537,
13335,3.16489,
13336,3.25136,
13337,3.02957,
13338,2.96841,
13339,2.96676,
13340,2.82719,
13341,2.95634,
13342,2.95681,
13343,2.94698,
13344,2.79872,
13345,2.7929,
13346,2.96921,
13347,3.30928,
13348,3.42035,
13349,3.41937,
13350,3.35989,
13351,3.35925,
13352,3.35691,
13353,3.28587,
13354,3.29421,
13355,3.24597,
13356,3.29279,
13357,3.29679,
13358,3.25009,
13359,3.23403,
13360,3.12656,
13361,3.24186,
13362,3.27816,
13363,3.21276,
13364,3.16461,
13365,3.08708,
13366,3.00535,
13367,3.24338,
13368,3.074,
13369,3.03602,
13370,3.01892,
13371,3.06448,
13372,2.91094,
13373,3.1255,
13374,2.86342,
13375,2.94232,
13376,2.98951,
13377,2.84044,
13378,2.69828,
13379,3.00837,
13380,3.15175,
13381,3.02388,
13382,2.77132,
13383,2.96292,
13384,2.96176,
13385,2.86833,
13386,2.90042,
13387,2.94135,
13388,2.77392,
13389,2.95485,
13390,2.8654,
13391,2.82304,
13392,3.07155,
13393,2.97809,
13394,2.96087,
13395,2.95956,
13396,2.86771,
13397,2.85048,
13398,2.74439,
13399,2.85003,
13400,2.93462,
13401,2.84864,
13402,2.78839,
13403,2.98514,
13404,2.85186,
13405,2.81928,
13406,2.89977,
13407,2.68961,
13408,2.68055,
13409,2.93469,
13410,2.63584,
13411,2.73815,
13412,2.79001,
13413,2.86769,
13414,2.76694,
13415,2.72076,
13416,2.81521,
13417,2.76882,
13418,2.82827,
13419,2.90643,
13420,2.94261,
13421,2.93539,
13422,2.93135,
13423,2.80098,
13424,2.92787,
13425,2.74397,
13426,2.86383,
13427,2.87893,
13428,2.82669,
13429,3.12191,
13430,2.80618,
13431,2.71379,
13432,2.91309,
13433,2.7635,
13434,2.66159,
13435,2.83426,
13436,3.06124,
13437,2.5758,
13438,2.60975,
13439,2.88905,
13440,2.63936,
13441,2.82027,
13442,2.74239,
13443,2.66529,
13444,2.60028,
13445,3.04236,
13446,2.94926,
13447,2.99623,
13448,2.88912,
13449,3.07297,
13450,2.97657,
13451,3.09247,
13452,2.97772,
13453,2.92822,
13454,2.99199,
13455,2.94264,
13456,2.96924,
13457,2.93088,
13458,2.89605,
13459,2.97509,
13460,2.64824,
13461,2.82233,
13462,2.88025,
13463,2.9402,
13464,2.91594,
13465,2.56395,
13466,2.80717,
13467,2.85296,
13468,2.7484,
13469,2.4798,
13470,2.6593,
13471,2.74335,
13472,2.71101,
13473,2.77215,
13474,2.48894,
13475,2.61882,
13476,2.59173,
13477,2.72638,
13478,2.79455,
13479,3.25043,
13480,3.22253,
13481,3.01306,
13482,2.96648,
13483,3.11646,
13484,3.14531,
13485,2.88617,
13486,3.04469,
13487,2.93569,
13488,2.89627,
13489,2.85761,
13490,3.15065,
13491,2.97133,
13492,2.91426,
13493,3.03482,
13494,3.07325,
13495,2.94863,
13496,3.01492,
13497,2.85938,
13498,3.04857,
13499,2.94119,
13500,2.86144,
13501,2.79751,
13502,2.80838,
13503,2.89696,
13504,3.05675,
13505,3.05191,
13506,2.91083,
13507,3.02995,
13508,2.93441,
13509,2.95621,
13510,3.11141,
13511,3.02583,
13512,2.92695,
13513,2.96486,
13514,2.98898,
13515,2.76664,
13516,2.90226,
13517,2.9384,
13518,3.04708,
13519,2.80895,
13520,2.85379,
13521,2.81449,
13522,2.97502,
13523,2.92742,
13524,2.95238,
13525,2.69661,
13526,2.90453,
13527,2.8282,
13528,2.7814,
13529,2.90086,
13530,3.0088,
13531,2.89904,
13532,2.78882,
13533,2.89677,
13534,2.90627,
13535,2.878,
13536,2.80975,
13537,2.73548,
13538,2.80298,
13539,2.76905,
13540,2.88079,
13541,2.60255,
13542,2.62507,
13543,2.69432,
13544,2.78288,
13545,2.77686,
13546,2.7615,
13547,2.56282,
13548,2.78602,
13549,2.64772,
13550,2.76924,
13551,2.61126,
13552,2.70056,
13553,2.91653,
13554,2.7913,
13555,2.87481,
13556,2.57239,
13557,2.75373,
13558,2.64714,
13559,2.76644,
13560,2.89663,
13561,2.57472,
13562,2.67402,
13563,2.58312,
13564,2.5296,
13565,2.77101,
13566,2.75719,
13567,2.7093,
13568,2.65633,
13569,2.8768,
13570,2.70359,
13571,2.80919,
13572,2.99033,
13573,3.01789,
13574,2.97041,
13575,2.94712,
13576,3.22098,
13577,2.95449,
13578,2.85753,
13579,3.0739,
13580,2.89586,
13581,3.01218,
13582,3.0742,
13583,2.96665,
13584,2.94669,
13585,2.93018,
13586,2.69373,
13587,2.94496,
13588,2.89727,
13589,2.749,
13590,2.89055,
13591,2.84521,
13592,2.70578,
13593,2.84551,
13594,2.8551,
13595,2.72556,
13596,2.80843,
13597,2.8659,
13598,3.00974,
13599,2.80322,
13600,2.85841,
13601,2.78656,
13602,3.13031,
13603,3.20806,
13604,3.23885,
13605,3.25333,
13606,3.2558,
13607,3.18676,
13608,3.16394,
13609,3.26233,
13610,3.11601,
13611,3.17368,
13612,3.21548,
13613,3.20823,
13614,3.05274,
13615,3.16641,
13616,3.14942,
13617,3.16661,
13618,3.23496,
13619,3.1229,
13620,3.12012,
13621,3.09545,
13622,3.15001,
13623,3.04964,
13624,3.16467,
13625,2.64757,
13626,2.77679,
13627,2.63339,
13628,2.50729,
13629,2.57454,
13630,2.57006,
13631,2.86245,
13632,2.4004,
13633,2.63647,
13634,2.56243,
13635,2.70573,
13636,2.70989,
13637,2.46199,
13638,2.51201,
13639,2.72003,
13640,2.8972,
13641,2.80132,
13642,2.49244,
13643,2.53237,
13644,3.07551,
13645,3.15957,
13646,3.07443,
13647,3.10995,
13648,3.05887,
13649,3.1013,
13650,2.96627,
13651,2.76851,
13652,2.85901,
13653,3.01803,
13654,2.84999,
13655,2.98379,
13656,3.06968,
13657,3.13449,
13658,2.982,
13659,2.86391,
13660,2.76622,
13661,2.94284,
13662,2.86621,
13663,2.85312,
13664,2.65092,
13665,2.66729,
13666,2.62513,
13667,2.81353,
13668,2.87351,
13669,2.77284,
13670,2.93245,
13671,2.85475,
13672,2.94034,
13673,2.90255,
13674,3.03186,
13675,2.85175,
13676,2.77384,
13677,2.89174,
13678,2.66661,
13679,2.69826,
13680,2.71188,
13681,2.89739,
13682,2.99758,
13683,2.80702,
13684,2.64951,
13685,2.61216,
13686,2.56057,
13687,2.44434,
13688,2.50848,
13689,2.57332,
13690,2.79035,
13691,2.48416,
13692,2.58069,
13693,2.58041,
13694,2.85983,
13695,2.73357,
13696,2.95587,
13697,2.6112,
13698,3.08903,
13699,2.78914,
13700,3.05623,
13701,3.30148,
13702,2.99729,
13703,3.19489,
13704,3.0329,
13705,2.99014,
13706,3.05863,
13707,3.01244,
13708,2.8325,
13709,2.74595,
13710,2.7388,
13711,2.85773,
13712,2.84949,
13713,2.87324,
13714,2.9196,
13715,2.77849,
13716,2.93229,
13717,2.69894,
13718,2.98979,
13719,2.94671,
13720,2.65856,
13721,2.64381,
13722,2.88809,
13723,2.62413,
13724,2.65314,
13725,2.66577,
13726,2.51301,
13727,2.53236,
13728,2.62339,
13729,3.0959,
13730,3.09558,
13731,3.27037,
13732,3.22864,
13733,3.21128,
13734,3.13377,
13735,2.82163,
13736,2.91864,
13737,2.86598,
13738,3.03407,
13739,3.24953,
13740,3.02272,
13741,3.03515,
13742,2.85567,
13743,2.81846,
13744,3.10017,
13745,3.12283,
13746,3.17175,
13747,2.97112,
13748,3.17195,
13749,2.84309,
13750,2.91054,
13751,2.90793,
13752,3.07406,
13753,2.87842,
13754,2.85221,
13755,2.84228,
13756,2.79193,
13757,2.99137,
13758,2.72632,
13759,2.77916,
13760,2.89178,
13761,2.93882,
13762,2.94078,
13763,2.79716,
13764,2.87106,
13765,2.75545,
13766,2.75615,
13767,2.69087,
13768,2.72497,
13769,2.85213,
13770,2.58725,
13771,2.62369,
13772,2.88703,
13773,2.77619,
13774,3.18451,
13775,3.24484,
13776,3.16896,
13777,3.28866,
13778,3.19149,
13779,3.12043,
13780,2.9755,
13781,3.0506,
13782,2.82188,
13783,2.88917,
13784,2.83163,
13785,2.82558,
13786,3.09485,
13787,3.03665,
13788,2.96524,
13789,3.14,
13790,3.0416,
13791,2.80063,
13792,2.83003,
13793,2.88419,
13794,2.70102,
13795,2.85097,
13796,3.02286,
13797,2.96874,
13798,3.07403,
13799,3.21722,
13800,3.15643,
13801,2.62577,
13802,2.78742,
13803,2.96277,
13804,2.98135,
13805,3.07741,
13806,3.02125,
13807,3.13553,
13808,3.04006,
13809,3.16968,
13810,2.9376,
13811,2.86391,
13812,3.0953,
13813,2.77121,
13814,2.96146,
13815,3.01841,
13816,2.94962,
13817,2.9087,
13818,2.92601,
13819,3.18677,
13820,2.99058,
13821,3.10672,
13822,2.93862,
13823,3.12409,
13824,3.05475,
13825,3.03638,
13826,2.90889,
13827,2.97423,
13828,2.89959,
13829,2.76139,
13830,2.89779,
13831,2.7963,
13832,2.90213,
13833,2.88139,
13834,2.98242,
13835,2.69659,
13836,2.87639,
13837,2.99882,
13838,2.92243,
13839,2.80444,
13840,2.78148,
13841,3.0171,
13842,2.83365,
13843,2.96264,
13844,2.12249,
13845,3.04519,
13846,3.02708,
13847,3.14584,
13848,3.24576,
13849,3.46688,
13850,3.08638,
13851,3.18266,
13852,2.99507,
13853,3.08526,
13854,3.04203,
13855,3.09956,
13856,3.06889,
13857,2.8953,
13858,2.91942,
13859,2.93411,
13860,3.10594,
13861,2.85729,
13862,3.03185,
13863,3.09782,
13864,2.933,
13865,2.91837,
13866,2.91123,
13867,3.01708,
13868,3.04179,
13869,3.0614,
13870,3.0187,
13871,3.04072,
13872,2.88954,
13873,3.14076,
13874,3.18055,
13875,2.92188,
13876,2.99614,
13877,2.84745,
13878,2.79248,
13879,2.75681,
13880,2.59724,
13881,2.95976,
13882,2.85556,
13883,2.72316,
13884,2.83973,
13885,2.97782,
13886,2.83221,
13887,2.72404,
13888,2.78037,
13889,2.71366,
13890,2.96033,
13891,2.75863,
13892,2.85591,
13893,3.00315,
13894,2.81846,
13895,3.00583,
13896,2.96875,
13897,2.82346,
13898,2.84615,
13899,2.87829,
13900,3.04708,
13901,2.93431,
13902,2.88508,
13903,2.91644,
13904,2.98027,
13905,2.7845,
13906,2.62619,
13907,2.82571,
13908,2.77312,
13909,2.84759,
13910,2.84719,
13911,2.57372,
13912,2.89348,
13913,3.00647,
13914,2.90137,
13915,2.84193,
13916,2.77683,
13917,3.00107,
13918,2.80315,
13919,2.52872,
13920,2.84689,
13921,2.84358,
13922,3.0111,
13923,2.81989,
13924,2.71483,
13925,2.82397,
13926,2.7328,
13927,2.72214,
13928,2.81971,
13929,2.84151,
13930,3.06948,
13931,3.01744,
13932,3.00874,
13933,2.7492,
13934,2.88478,
13935,2.80006,
13936,3.01264,
13937,2.99691,
13938,2.95581,
13939,2.95134,
13940,3.11615,
13941,2.85408,
13942,2.98265,
13943,2.90469,
13944,2.78567,
13945,3.00504,
13946,2.93003,
13947,3.0867,
13948,2.89471,
13949,2.61653,
13950,2.70524,
13951,2.87871,
13952,2.73424,
13953,2.76232,
13954,2.6119,
13955,2.73393,
13956,2.95924,
13957,3.08696,
13958,2.92798,
13959,3.10018,
13960,2.98859,
13961,3.02255,
13962,2.91457,
13963,3.03551,
13964,3.03174,
13965,3.01887,
13966,2.97874,
13967,2.97537,
13968,2.95901,
13969,2.8568,
13970,3.00244,
13971,2.64835,
13972,2.77095,
13973,2.95796,
13974,2.82079,
13975,2.87876,
13976,2.67053,
13977,2.79843,
13978,2.9751,
13979,2.65642,
13980,2.80865,
13981,2.73232,
13982,2.66703,
13983,2.84892,
13984,2.6461,
13985,2.71742,
13986,2.72251,
13987,2.85217,
13988,2.7758,
13989,2.88689,
13990,2.9477,
13991,2.92215,
13992,2.73336,
13993,2.80035,
13994,2.84919,
13995,2.86996,
13996,2.72808,
13997,2.98297,
13998,2.911,
13999,2.9481,
14000,3.00197,
14001,2.9586,
14002,2.82072,
14003,2.95864,
14004,2.88532,
14005,2.90282,
14006,2.9634,
14007,3.04127,
14008,3.15513,
14009,3.04853,
14010,2.94817,
14011,2.92107,
14012,2.83704,
14013,2.85783,
14014,2.74673,
14015,2.80204,
14016,2.67816,
14017,2.86556,
14018,2.76164,
14019,2.94824,
14020,2.78553,
14021,2.87814,
14022,3.04918,
14023,3.0067,
14024,3.1527,
14025,2.8359,
14026,2.67136,
14027,2.94182,
14028,2.64631,
14029,2.91156,
14030,2.96647,
14031,3.0927,
14032,3.1327,
14033,3.16023,
14034,2.80171,
14035,3.09466,
14036,2.96805,
14037,2.93163,
14038,2.92977,
14039,3.07926,
14040,2.8267,
14041,3.07378,
14042,2.6681,
14043,3.04,
14044,3.00148,
14045,3.1343,
14046,2.89918,
14047,3.01421,
14048,3.07265,
14049,2.79965,
14050,2.99718,
14051,2.68409,
14052,2.83313,
14053,2.85171,
14054,3.08102,
14055,3.09037,
14056,2.66044,
14057,2.92695,
14058,2.84629,
14059,2.99507,
14060,2.99394,
14061,3.16186,
14062,2.98085,
14063,2.86014,
14064,2.98641,
14065,3.03811,
14066,2.8254,
14067,2.79137,
14068,2.74254,
14069,3.05993,
14070,3.14858,
14071,3.13342,
14072,3.04236,
14073,2.98231,
14074,2.94779,
14075,2.77386,
14076,3.02419,
14077,2.89054,
14078,3.01427,
14079,2.90992,
14080,2.90752,
14081,2.9329,
14082,3.04595,
14083,2.98174,
14084,2.88221,
14085,2.94493,
14086,3.04482,
14087,2.78354,
14088,3.16285,
14089,2.98572,
14090,2.8932,
14091,2.77264,
14092,2.99318,
14093,2.97551,
14094,2.84714,
14095,2.81214,
14096,3.04611,
14097,2.80708,
14098,2.77126,
14099,2.88232,
14100,2.81122,
14101,2.8497,
14102,3.0095,
14103,3.03268,
14104,2.84573,
14105,2.81049,
14106,2.77109,
14107,2.96505,
14108,3.05071,
14109,2.63455,
14110,2.91117,
14111,2.86783,
14112,2.94352,
14113,2.99803,
14114,2.99675,
14115,2.76452,
14116,2.86776,
14117,2.96809,
14118,2.61142,
14119,2.65584,
14120,3.05364,
14121,2.88103,
14122,3.00731,
14123,2.71499,
14124,2.70286,
14125,2.95439,
14126,2.87392,
14127,2.74451,
14128,3.04236,
14129,2.95037,
14130,2.67466,
14131,2.82504,
14132,2.70267,
14133,2.83776,
14134,2.74628,
14135,2.78643,
14136,2.96483,
14137,2.87048,
14138,3.04646,
14139,3.08052,
14140,2.96158,
14141,3.02924,
14142,2.82389,
14143,2.91677,
14144,3.01576,
14145,2.98774,
14146,3.04604,
14147,3.16989,
14148,3.25572,
14149,4.07257,
14150,2.9118,
14151,2.95253,
14152,2.99615,
14153,3.01773,
14154,2.81378,
14155,2.9779,
14156,2.91886,
14157,2.94449,
14158,2.90443,
14159,3.36611,
14160,2.98266,
14161,2.94633,
14162,2.53887,
14163,2.73216,
14164,2.98288,
14165,2.98129,
14166,3.06118,
14167,3.16843,
14168,2.95153,
14169,3.0288,
14170,2.99528,
14171,2.93239,
14172,3.16735,
14173,2.95675,
14174,2.95747,
14175,3.06827,
14176,3.0655,
14177,2.91476,
14178,2.87898,
14179,2.82659,
14180,2.84772,
14181,2.90778,
14182,2.80608,
14183,2.61951,
14184,2.962,
14185,2.82234,
14186,2.6841,
14187,2.73953,
14188,2.82279,
14189,2.91944,
14190,2.89424,
14191,2.84149,
14192,2.90857,
14193,2.60322,
14194,2.84571,
14195,2.58392,
14196,2.97209,
14197,2.75359,
14198,2.80007,
14199,2.82674,
14200,2.82981,
14201,2.83073,
14202,2.83289,
14203,2.72979,
14204,2.66983,
14205,2.85871,
14206,2.84095,
14207,2.52836,
14208,2.65335,
14209,2.63888,
14210,2.8391,
14211,2.8292,
14212,2.77486,
14213,2.8126,
14214,2.84825,
14215,2.90893,
14216,2.65575,
14217,2.98149,
14218,2.81768,
14219,2.84373,
14220,2.7913,
14221,2.95969,
14222,3.01288,
14223,3.02545,
14224,2.8166,
14225,2.76524,
14226,3.10517,
14227,2.92845,
14228,2.96362,
14229,2.89554,
14230,2.73121,
14231,2.78682,
14232,2.94255,
14233,2.50901,
14234,2.59782,
14235,2.43714,
14236,2.67617,
14237,2.79513,
14238,2.90053,
14239,2.88018,
14240,2.88009,
14241,2.81559,
14242,2.64739,
14243,2.71716,
14244,2.83472,
14245,3.00333,
14246,2.80989,
14247,2.75181,
14248,2.39246,
14249,2.47566,
14250,2.92515,
14251,2.60456,
14252,2.8238,
14253,2.61393,
14254,2.79444,
14255,2.59786,
14256,2.61832,
14257,2.60713,
14258,2.64803,
14259,2.61862,
14260,2.56054,
14261,2.64132,
14262,2.88901,
14263,2.5788,
14264,2.84854,
14265,2.80602,
14266,3.15036,
14267,3.12438,
14268,3.05331,
14269,3.15834,
14270,3.12745,
14271,3.0727,
14272,2.88971,
14273,2.65296,
14274,2.96812,
14275,2.80078,
14276,2.83904,
14277,2.97761,
14278,2.8884,
14279,2.98057,
14280,2.89889,
14281,2.87184,
14282,2.7758,
14283,2.85088,
14284,2.97307,
14285,2.93567,
14286,2.8536,
14287,2.85002,
14288,2.74589,
14289,3.04117,
14290,2.75891,
14291,2.73816,
14292,2.87633,
14293,2.8781,
14294,2.76977,
14295,3.21779,
14296,3.00595,
14297,3.13397,
14298,2.91803,
14299,3.10035,
14300,3.0406,
14301,2.92472,
14302,2.97587,
14303,2.91985,
14304,2.92025,
14305,2.97438,
14306,2.91703,
14307,2.86435,
14308,2.69312,
14309,2.8591,
14310,2.82803,
14311,2.81686,
14312,2.58025,
14313,2.71326,
14314,2.53664,
14315,2.82997,
14316,2.83671,
14317,2.59276,
14318,2.73338,
14319,2.64852,
14320,2.85564,
14321,2.72103,
14322,2.7493,
14323,2.71339,
14324,2.90638,
14325,2.96906,
14326,2.94356,
14327,2.90173,
14328,3.01682,
14329,2.93395,
14330,3.03194,
14331,2.99115,
14332,2.98644,
14333,3.01677,
14334,2.89661,
14335,2.87784,
14336,2.65991,
14337,2.9304,
14338,2.8648,
14339,2.98063,
14340,2.87463,
14341,2.77941,
14342,2.87689,
14343,2.7573,
14344,2.81106,
14345,2.94266,
14346,3.04132,
14347,2.80563,
14348,2.76161,
14349,2.82258,
14350,3.06095,
14351,3.01816,
14352,3.08948,
14353,2.9179,
14354,3.12813,
14355,2.89966,
14356,3.00671,
14357,3.16666,
14358,2.90225,
14359,2.83504,
14360,2.73323,
14361,3.01894,
14362,3.04764,
14363,2.86561,
14364,2.93315,
14365,2.90537,
14366,3.09668,
14367,3.01149,
14368,3.18989,
14369,2.78823,
14370,2.88187,
14371,2.66225,
14372,2.85663,
14373,2.86982,
14374,2.85697,
14375,2.84878,
14376,3.02493,
14377,2.95023,
14378,2.88666,
14379,2.6601,
14380,2.80163,
14381,2.8412,
14382,2.8694,
14383,2.78702,
14384,3.17331,
14385,3.073,
14386,3.11002,
14387,3.00778,
14388,2.83138,
14389,3.03631,
14390,2.73464,
14391,3.09818,
14392,3.02439,
14393,3.03831,
14394,3.03067,
14395,3.24245,
14396,3.32999,
14397,2.9697,
14398,2.98509,
14399,3.00055,
14400,3.1567,
14401,3.24071,
14402,3.01521,
14403,2.95318,
14404,2.95027,
14405,2.80153,
14406,2.94876,
14407,2.94749,
14408,2.93447,
14409,2.77558,
14410,2.78305,
14411,2.96373,
14412,3.2928,
14413,3.40507,
14414,3.38949,
14415,3.35047,
14416,3.35015,
14417,3.3495,
14418,3.27979,
14419,3.25444,
14420,3.22526,
14421,3.27282,
14422,3.27895,
14423,3.23267,
14424,3.21187,
14425,3.11715,
14426,3.22977,
14427,3.2644,
14428,3.2067,
14429,3.14966,
14430,3.0645,
14431,2.98691,
14432,3.20602,
14433,3.04419,
14434,2.99555,
14435,3.00013,
14436,3.05565,
14437,2.89275,
14438,3.11626,
14439,2.83542,
14440,2.93121,
14441,2.97939,
14442,2.79894,
14443,2.6834,
14444,2.99045,
14445,3.12796,
14446,3.00558,
14447,2.7568,
14448,2.95693,
14449,2.94672,
14450,2.85138,
14451,2.86278,
14452,2.91298,
14453,2.775,
14454,2.93012,
14455,2.84774,
14456,2.80515,
14457,3.06213,
14458,2.96902,
14459,2.93986,
14460,2.9383,
14461,2.85495,
14462,2.83673,
14463,2.71623,
14464,2.83849,
14465,2.92559,
14466,2.84073,
14467,2.77498,
14468,2.96869,
14469,2.83069,
14470,2.8198,
14471,2.87077,
14472,2.67782,
14473,2.66692,
14474,2.91585,
14475,2.61142,
14476,2.71931,
14477,2.76822,
14478,2.84961,
14479,2.73877,
14480,2.70755,
14481,2.81139,
14482,2.7413,
14483,2.7941,
14484,2.86978,
14485,2.90242,
14486,2.91772,
14487,2.92568,
14488,2.77775,
14489,2.90543,
14490,2.7185,
14491,2.84695,
14492,2.86772,
14493,2.81375,
14494,3.10642,
14495,2.78119,
14496,2.69083,
14497,2.90232,
14498,2.73506,
14499,2.64658,
14500,2.81524,
14501,3.05353,
14502,2.55996,
14503,2.59174,
14504,2.87939,
14505,2.62336,
14506,2.7951,
14507,2.73521,
14508,2.65816,
14509,2.59545,
14510,3.02666,
14511,2.92038,
14512,2.98511,
14513,2.86618,
14514,3.05043,
14515,2.96193,
14516,3.07952,
14517,2.96239,
14518,2.89909,
14519,2.97159,
14520,2.91217,
14521,2.94641,
14522,2.91214,
14523,2.88415,
14524,2.95195,
14525,2.62205,
14526,2.81122,
14527,2.86302,
14528,2.93237,
14529,2.89691,
14530,2.54015,
14531,2.7838,
14532,2.85309,
14533,2.74146,
14534,2.47152,
14535,2.65306,
14536,2.7243,
14537,2.70088,
14538,2.76532,
14539,2.47821,
14540,2.59455,
14541,2.58736,
14542,2.72988,
14543,2.78048,
14544,3.22155,
14545,3.21192,
14546,3.001,
14547,2.95263,
14548,3.09837,
14549,3.12721,
14550,2.87238,
14551,3.03435,
14552,2.91896,
14553,2.88406,
14554,2.8434,
14555,3.13201,
14556,2.94103,
14557,2.8895,
14558,3.02199,
14559,3.04465,
14560,2.94256,
14561,2.99696,
14562,2.83948,
14563,3.02666,
14564,2.91729,
14565,2.84305,
14566,2.77878,
14567,2.79335,
14568,2.83929,
14569,3.03408,
14570,3.03908,
14571,2.89589,
14572,2.9943,
14573,2.90902,
14574,2.93302,
14575,3.10612,
14576,3.00456,
14577,2.90002,
14578,2.93566,
14579,2.971,
14580,2.72364,
14581,2.88187,
14582,2.91755,
14583,3.0466,
14584,2.78924,
14585,2.84052,
14586,2.79334,
14587,2.95041,
14588,2.91482,
14589,2.93677,
14590,2.70222,
14591,2.87713,
14592,2.80808,
14593,2.761,
14594,2.88069,
14595,3.00439,
14596,2.88592,
14597,2.75388,
14598,2.87435,
14599,2.89084,
14600,2.85424,
14601,2.80078,
14602,2.72105,
14603,2.79964,
14604,2.74302,
14605,2.85448,
14606,2.58446,
14607,2.61331,
14608,2.67701,
14609,2.77274,
14610,2.78243,
14611,2.73593,
14612,2.55301,
14613,2.75784,
14614,2.64098,
14615,2.75553,
14616,2.60883,
14617,2.69073,
14618,2.8906,
14619,2.77347,
14620,2.84803,
14621,2.55835,
14622,2.72338,
14623,2.64582,
14624,2.73403,
14625,2.87483,
14626,2.57239,
14627,2.66435,
14628,2.56773,
14629,2.50896,
14630,2.76024,
14631,2.7322,
14632,2.68991,
14633,2.64119,
14634,2.86736,
14635,2.67637,
14636,2.79102,
14637,2.97032,
14638,2.99548,
14639,2.9526,
14640,2.9326,
14641,3.21172,
14642,2.94009,
14643,2.8338,
14644,3.06069,
14645,2.88875,
14646,2.98858,
14647,3.05646,
14648,2.94972,
14649,2.9239,
14650,2.92875,
14651,2.68688,
14652,2.91884,
14653,2.87988,
14654,2.72639,
14655,2.86556,
14656,2.84224,
14657,2.67965,
14658,2.82683,
14659,2.84471,
14660,2.71035,
14661,2.78833,
14662,2.84986,
14663,2.98451,
14664,2.80292,
14665,2.85089,
14666,2.77668,
14667,3.10618,
14668,3.19315,
14669,3.2165,
14670,3.23493,
14671,3.24024,
14672,3.16304,
14673,3.13792,
14674,3.24986,
14675,3.10581,
14676,3.1699,
14677,3.21118,
14678,3.19547,
14679,3.03563,
14680,3.14735,
14681,3.12534,
14682,3.15552,
14683,3.23693,
14684,3.11227,
14685,3.12668,
14686,3.07454,
14687,3.13891,
14688,3.0317,
14689,3.15121,
14690,2.62926,
14691,2.74767,
14692,2.61419,
14693,2.4894,
14694,2.5685,
14695,2.56638,
14696,2.84499,
14697,2.38985,
14698,2.6352,
14699,2.54087,
14700,2.68585,
14701,2.6991,
14702,2.43876,
14703,2.50161,
14704,2.69943,
14705,2.87577,
14706,2.78695,
14707,2.47772,
14708,2.50931,
14709,3.06526,
14710,3.15302,
14711,3.04621,
14712,3.10197,
14713,3.03428,
14714,3.09986,
14715,2.95479,
14716,2.76071,
14717,2.85452,
14718,2.99394,
14719,2.83486,
14720,2.97224,
14721,3.06124,
14722,3.10829,
14723,2.97509,
14724,2.85824,
14725,2.74082,
14726,2.93407,
14727,2.85145,
14728,2.84924,
14729,2.63629,
14730,2.64449,
14731,2.59291,
14732,2.79921,
14733,2.85449,
14734,2.76586,
14735,2.9158,
14736,2.83974,
14737,2.91192,
14738,2.87358,
14739,3.0094,
14740,2.82223,
14741,2.77298,
14742,2.88456,
14743,2.65299,
14744,2.68269,
14745,2.69308,
14746,2.87893,
14747,2.97757,
14748,2.80544,
14749,2.65,
14750,2.60694,
14751,2.5558,
14752,2.43817,
14753,2.48466,
14754,2.54957,
14755,2.77232,
14756,2.46902,
14757,2.56587,
14758,2.5774,
14759,2.83714,
14760,2.70961,
14761,2.92493,
14762,2.58542,
14763,3.06901,
14764,2.77847,
14765,3.04232,
14766,3.26498,
14767,2.98486,
14768,3.18183,
14769,3.00034,
14770,2.96321,
14771,3.03454,
14772,2.99267,
14773,2.81606,
14774,2.71855,
14775,2.7289,
14776,2.84442,
14777,2.82217,
14778,2.84498,
14779,2.89353,
14780,2.75386,
14781,2.92066,
14782,2.67583,
14783,2.97376,
14784,2.92164,
14785,2.65375,
14786,2.62927,
14787,2.88485,
14788,2.58937,
14789,2.64507,
14790,2.63157,
14791,2.49266,
14792,2.51984,
14793,2.60983,
14794,3.06996,
14795,3.05985,
14796,3.25547,
14797,3.19846,
14798,3.189,
14799,3.11391,
14800,2.80564,
14801,2.89378,
14802,2.84969,
14803,3.00929,
14804,3.23592,
14805,3.01437,
14806,3.01153,
14807,2.84646,
14808,2.81484,
14809,3.0806,
14810,3.10839,
14811,3.15457,
14812,2.94931,
14813,3.15626,
14814,2.83315,
14815,2.9088,
14816,2.87623,
14817,3.04847,
14818,2.84169,
14819,2.83367,
14820,2.82134,
14821,2.77269,
14822,2.96816,
14823,2.69827,
14824,2.74941,
14825,2.88814,
14826,2.91705,
14827,2.9281,
14828,2.78218,
14829,2.85296,
14830,2.74535,
14831,2.73557,
14832,2.66783,
14833,2.72227,
14834,2.83611,
14835,2.56565,
14836,2.60848,
14837,2.86926,
14838,2.7541,
14839,3.16703,
14840,3.22617,
14841,3.13313,
14842,3.24847,
14843,3.17331,
14844,3.10522,
14845,2.959,
14846,3.04179,
14847,2.80938,
14848,2.87604,
14849,2.84605,
14850,2.80404,
14851,3.08513,
14852,3.02231,
14853,2.93579,
14854,3.11556,
14855,3.03887,
14856,2.7769,
14857,2.81509,
14858,2.87774,
14859,2.67463,
14860,2.8348,
14861,3.00791,
14862,2.95373,
14863,3.05904,
14864,3.20376,
14865,3.13824,
14866,2.60566,
14867,2.78675,
14868,2.95736,
14869,2.98096,
14870,3.05271,
14871,3.01921,
14872,3.12163,
14873,3.02577,
14874,3.15016,
14875,2.91992,
14876,2.84129,
14877,3.07358,
14878,2.76351,
14879,2.94289,
14880,3.00057,
14881,2.93818,
14882,2.89887,
14883,2.9111,
14884,3.16099,
14885,2.97271,
14886,3.08832,
14887,2.92459,
14888,3.11681,
14889,3.04533,
14890,3.00081,
14891,2.89918,
14892,2.95839,
14893,2.87675,
14894,2.75221,
14895,2.85979,
14896,2.78089,
14897,2.88855,
14898,2.85962,
14899,2.97057,
14900,2.68427,
14901,2.85991,
14902,2.97355,
14903,2.91558,
14904,2.78185,
14905,2.76395,
14906,3.00564,
14907,2.8059,
14908,2.94712,
14909,2.08498,
14910,3.01894,
14911,3.02244,
14912,3.11354,
14913,3.19973,
14914,3.42437,
14915,3.06979,
14916,3.14438,
14917,2.97496,
14918,3.06248,
14919,3.01084,
14920,3.08531,
14921,3.05726,
14922,2.89145,
14923,2.89075,
14924,2.90524,
14925,3.08044,
14926,2.83228,
14927,3.02314,
14928,3.07167,
14929,2.91244,
14930,2.90018,
14931,2.89583,
14932,3.00778,
14933,3.02207,
14934,3.05101,
14935,2.99425,
14936,3.03845,
14937,2.87212,
14938,3.12076,
14939,3.14879,
14940,2.88091,
14941,2.99112,
14942,2.8378,
14943,2.78729,
14944,2.74427,
14945,2.59143,
14946,2.9394,
14947,2.84033,
14948,2.72209,
14949,2.84066,
14950,2.96029,
14951,2.82131,
14952,2.7133,
14953,2.73857,
14954,2.69645,
14955,2.9488,
14956,2.74162,
14957,2.83024,
14958,3.00793,
14959,2.80095,
14960,2.99188,
14961,2.94441,
14962,2.80328,
14963,2.82485,
14964,2.85787,
14965,3.03002,
14966,2.92231,
14967,2.8835,
14968,2.90064,
14969,2.95495,
14970,2.76878,
14971,2.59466,
14972,2.81294,
14973,2.75708,
14974,2.83407,
14975,2.82148,
14976,2.56042,
14977,2.87071,
14978,3.00162,
14979,2.88858,
14980,2.82033,
14981,2.75707,
14982,2.98579,
14983,2.79389,
14984,2.52013,
14985,2.82598,
14986,2.82885,
14987,2.99357,
14988,2.79479,
14989,2.71543,
14990,2.81691,
14991,2.72888,
14992,2.71517,
14993,2.80784,
14994,2.82766,
14995,3.05156,
14996,3.00601,
14997,2.98377,
14998,2.72868,
14999,2.86647,
15000,2.78851,
15001,2.99327,
15002,2.97746,
15003,2.94194,
15004,2.94073,
15005,3.09343,
15006,2.83487,
15007,2.97339,
15008,2.88802,
15009,2.76351,
15010,2.9796,
15011,2.92413,
15012,3.07131,
15013,2.87881,
15014,2.59919,
15015,2.69112,
15016,2.85926,
15017,2.72098,
15018,2.75367,
15019,2.60855,
15020,2.72658,
15021,2.9589,
15022,3.07503,
15023,2.90294,
15024,3.10518,
15025,2.95934,
15026,2.97721,
15027,2.90059,
15028,3.02426,
15029,3.02703,
15030,3.00862,
15031,2.96003,
15032,2.9557,
15033,2.93462,
15034,2.85569,
15035,2.976,
15036,2.63447,
15037,2.74488,
15038,2.94263,
15039,2.82117,
15040,2.87124,
15041,2.6662,
15042,2.78923,
15043,2.96032,
15044,2.64762,
15045,2.79067,
15046,2.71556,
15047,2.64879,
15048,2.82872,
15049,2.63058,
15050,2.71535,
15051,2.68695,
15052,2.8461,
15053,2.76751,
15054,2.87534,
15055,2.93118,
15056,2.90114,
15057,2.7152,
15058,2.79196,
15059,2.81595,
15060,2.84191,
15061,2.6971,
15062,2.9661,
15063,2.91081,
15064,2.92672,
15065,2.99194,
15066,2.93441,
15067,2.79455,
15068,2.95529,
15069,2.86426,
15070,2.90141,
15071,2.9363,
15072,3.03056,
15073,3.15071,
15074,3.04374,
15075,2.93287,
15076,2.91048,
15077,2.82541,
15078,2.84771,
15079,2.71567,
15080,2.78622,
15081,2.65377,
15082,2.85538,
15083,2.73897,
15084,2.95091,
15085,2.78179,
15086,2.85581,
15087,3.03559,
15088,2.98483,
15089,3.14127,
15090,2.82116,
15091,2.65861,
15092,2.93428,
15093,2.63236,
15094,2.91351,
15095,2.92099,
15096,3.06366,
15097,3.11909,
15098,3.12518,
15099,2.78372,
15100,3.08929,
15101,2.95604,
15102,2.91176,
15103,2.91356,
15104,3.05803,
15105,2.8186,
15106,3.05768,
15107,2.64288,
15108,3.01496,
15109,2.9713,
15110,3.10185,
15111,2.88371,
15112,3.00411,
15113,3.04776,
15114,2.79317,
15115,2.98012,
15116,2.69194,
15117,2.82457,
15118,2.84461,
15119,3.06999,
15120,3.08933,
15121,2.67042,
15122,2.89753,
15123,2.82283,
15124,2.96308,
15125,2.97946,
15126,3.15687,
15127,2.95641,
15128,2.85432,
15129,2.97293,
15130,3.02269,
15131,2.82563,
15132,2.76843,
15133,2.73408,
15134,3.03343,
15135,3.12352,
15136,3.11052,
15137,3.01312,
15138,2.97411,
15139,2.94839,
15140,2.76462,
15141,3.00222,
15142,2.86926,
15143,3.00857,
15144,2.89554,
15145,2.88554,
15146,2.91187,
15147,3.02334,
15148,2.96319,
15149,2.85783,
15150,2.91006,
15151,3.0228,
15152,2.76863,
15153,3.13912,
15154,2.97479,
15155,2.88852,
15156,2.77435,
15157,2.97391,
15158,2.94878,
15159,2.82245,
15160,2.79637,
15161,3.02747,
15162,2.79039,
15163,2.75962,
15164,2.87499,
15165,2.79,
15166,2.81759,
15167,2.99194,
15168,3.02194,
15169,2.84839,
15170,2.78824,
15171,2.74501,
15172,2.94479,
15173,3.022,
15174,2.61324,
15175,2.88404,
15176,2.85166,
15177,2.92643,
15178,2.95866,
15179,2.9634,
15180,2.72898,
15181,2.8346,
15182,2.95,
15183,2.60544,
15184,2.62537,
15185,3.03004,
15186,2.87524,
15187,2.98623,
15188,2.70191,
15189,2.68381,
15190,2.93269,
15191,2.85795,
15192,2.7325,
15193,3.0347,
15194,2.93508,
15195,2.65515,
15196,2.8131,
15197,2.69284,
15198,2.83115,
15199,2.72567,
15200,2.76055,
15201,2.94356,
15202,2.84052,
15203,3.02857,
15204,3.06412,
15205,2.93065,
15206,2.9992,
15207,2.81868,
15208,2.90219,
15209,3.01832,
15210,2.96442,
15211,3.04141,
15212,3.15749,
15213,3.23548,
15214,4.03969,
15215,2.90509,
15216,2.932,
15217,2.97066,
15218,2.97713,
15219,2.81422,
15220,2.97062,
15221,2.90908,
15222,2.92707,
15223,2.86959,
15224,3.35513,
15225,2.96033,
15226,2.92934,
15227,2.54309,
15228,2.71616,
15229,2.97943,
15230,2.95141,
15231,3.04584,
15232,3.157,
15233,2.94051,
15234,2.99907,
15235,2.98802,
15236,2.91732,
15237,3.14529,
15238,2.93251,
15239,2.93111,
15240,3.06247,
15241,3.05277,
15242,2.89777,
15243,2.86565,
15244,2.80832,
15245,2.8322,
15246,2.90801,
15247,2.78624,
15248,2.60411,
15249,2.93745,
15250,2.80071,
15251,2.66512,
15252,2.71799,
15253,2.80261,
15254,2.91266,
15255,2.88286,
15256,2.82274,
15257,2.89806,
15258,2.56953,
15259,2.82441,
15260,2.56168,
15261,2.95205,
15262,2.74537,
15263,2.785,
15264,2.79746,
15265,2.83381,
15266,2.81391,
15267,2.81645,
15268,2.71725,
15269,2.66088,
15270,2.84184,
15271,2.82625,
15272,2.51717,
15273,2.63295,
15274,2.62852,
15275,2.82938,
15276,2.81812,
15277,2.76866,
15278,2.79653,
15279,2.83076,
15280,2.89844,
15281,2.63965,
15282,2.96596,
15283,2.80258,
15284,2.81712,
15285,2.77051,
15286,2.93011,
15287,2.9954,
15288,2.9925,
15289,2.80278,
15290,2.74036,
15291,3.10645,
15292,2.90496,
15293,2.94938,
15294,2.87724,
15295,2.71866,
15296,2.76504,
15297,2.91982,
15298,2.49732,
15299,2.58497,
15300,2.42681,
15301,2.6477,
15302,2.77044,
15303,2.89946,
15304,2.86293,
15305,2.86588,
15306,2.79387,
15307,2.64185,
15308,2.70781,
15309,2.82379,
15310,2.99318,
15311,2.79776,
15312,2.73392,
15313,2.38978,
15314,2.46792,
15315,2.91158,
15316,2.58918,
15317,2.80846,
15318,2.60172,
15319,2.77737,
15320,2.57471,
15321,2.60144,
15322,2.58855,
15323,2.63442,
15324,2.60309,
15325,2.55986,
15326,2.64523,
15327,2.86825,
15328,2.55974,
15329,2.83515,
15330,2.77378,
15331,3.12809,
15332,3.0988,
15333,3.03023,
15334,3.16144,
15335,3.11727,
15336,3.05642,
15337,2.85816,
15338,2.64489,
15339,2.95699,
15340,2.77728,
15341,2.81008,
15342,2.9727,
15343,2.8959,
15344,2.96755,
15345,2.88595,
15346,2.84737,
15347,2.75462,
15348,2.85118,
15349,2.96542,
15350,2.91484,
15351,2.85373,
15352,2.82827,
15353,2.73067,
15354,3.03202,
15355,2.75163,
15356,2.73047,
15357,2.85655,
15358,2.86199,
15359,2.76709,
15360,3.19812,
15361,2.98562,
15362,3.08033,
15363,2.90045,
15364,3.08246,
15365,3.0222,
15366,2.90148,
15367,2.96187,
15368,2.91029,
15369,2.90907,
15370,2.936,
15371,2.89832,
15372,2.84684,
15373,2.66603,
15374,2.84505,
15375,2.81137,
15376,2.80861,
15377,2.5547,
15378,2.68624,
15379,2.50916,
15380,2.80495,
15381,2.81786,
15382,2.57833,
15383,2.70359,
15384,2.63583,
15385,2.86138,
15386,2.69384,
15387,2.72096,
15388,2.67175,
15389,2.88471,
15390,2.95098,
15391,2.91838,
15392,2.88671,
15393,3.00438,
15394,2.90335,
15395,3.02384,
15396,2.97431,
15397,2.97036,
15398,2.99609,
15399,2.87831,
15400,2.87514,
15401,2.66393,
15402,2.91803,
15403,2.85511,
15404,2.96771,
15405,2.86185,
15406,2.76408,
15407,2.86259,
15408,2.73292,
15409,2.78598,
15410,2.93297,
15411,3.0271,
15412,2.78785,
15413,2.76053,
15414,2.80764,
15415,3.03616,
15416,3.00645,
15417,3.07678,
15418,2.90222,
15419,3.11703,
15420,2.87974,
15421,2.99819,
15422,3.1586,
15423,2.8928,
15424,2.81834,
15425,2.72897,
15426,3.01003,
15427,3.03892,
15428,2.85748,
15429,2.92659,
15430,2.89614,
15431,3.07944,
15432,2.99633,
15433,3.17685,
15434,2.79148,
15435,2.86544,
15436,2.65649,
15437,2.82671,
15438,2.86263,
15439,2.82964,
15440,2.83813,
15441,3.0275,
15442,2.9298,
15443,2.87002,
15444,2.63579,
15445,2.78163,
15446,2.83712,
15447,2.85892,
15448,2.7601,
15449,3.1591,
15450,3.05569,
15451,3.09149,
15452,2.96961,
15453,2.81954,
15454,3.02263,
15455,2.7453,
15456,3.07517,
15457,3.01391,
15458,3.01493,
15459,3.01919,
15460,3.21228,
15461,3.31278,
15462,2.93926,
15463,2.97613,
15464,2.98407,
15465,3.14638,
15466,3.21326,
15467,2.99277,
15468,2.93483,
15469,2.93595,
15470,2.79135,
15471,2.93531,
15472,2.92456,
15473,2.91342,
15474,2.73724,
15475,2.76576,
15476,2.96011,
15477,3.26744,
15478,3.38195,
15479,3.37456,
15480,3.32945,
15481,3.3414,
15482,3.32922,
15483,3.26838,
15484,3.24086,
15485,3.21088,
15486,3.25693,
15487,3.25498,
15488,3.21959,
15489,3.19586,
15490,3.10177,
15491,3.21713,
15492,3.22977,
15493,3.17588,
15494,3.14027,
15495,3.07147,
15496,2.9577,
15497,3.18141,
15498,3.02223,
15499,2.97246,
15500,2.97686,
15501,3.04146,
15502,2.87941,
15503,3.10669,
15504,2.82243,
15505,2.90598,
15506,2.96458,
15507,2.80026,
15508,2.66969,
15509,2.98652,
15510,3.11044,
15511,2.98383,
15512,2.75245,
15513,2.93889,
15514,2.94859,
15515,2.85713,
15516,2.85203,
15517,2.89032,
15518,2.75471,
15519,2.9026,
15520,2.83398,
15521,2.7861,
15522,3.04786,
15523,2.95365,
15524,2.92867,
15525,2.92483,
15526,2.85071,
15527,2.82672,
15528,2.71007,
15529,2.82634,
15530,2.93074,
15531,2.82632,
15532,2.76358,
15533,2.95741,
15534,2.8284,
15535,2.80458,
15536,2.85967,
15537,2.65189,
15538,2.66993,
15539,2.90122,
15540,2.60341,
15541,2.70486,
15542,2.74866,
15543,2.8395,
15544,2.72648,
15545,2.70068,
15546,2.78907,
15547,2.72602,
15548,2.77687,
15549,2.86294,
15550,2.88784,
15551,2.89647,
15552,2.89916,
15553,2.75262,
15554,2.89889,
15555,2.69747,
15556,2.83326,
15557,2.84734,
15558,2.79659,
15559,3.09723,
15560,2.78003,
15561,2.68083,
15562,2.868,
15563,2.71937,
15564,2.62848,
15565,2.80217,
15566,3.05176,
15567,2.55663,
15568,2.58199,
15569,2.85583,
15570,2.61012,
15571,2.77825,
15572,2.71841,
15573,2.63615,
15574,2.57358,
15575,3.00973,
15576,2.90977,
15577,2.96141,
15578,2.86338,
15579,3.03235,
15580,2.94541,
15581,3.05564,
15582,2.93678,
15583,2.88045,
15584,2.95575,
15585,2.91062,
15586,2.94049,
15587,2.89369,
15588,2.88288,
15589,2.93341,
15590,2.61365,
15591,2.80553,
15592,2.84663,
15593,2.92127,
15594,2.88136,
15595,2.526,
15596,2.79678,
15597,2.84061,
15598,2.73,
15599,2.46017,
15600,2.64572,
15601,2.71624,
15602,2.68413,
15603,2.74175,
15604,2.44737,
15605,2.57915,
15606,2.57463,
15607,2.71444,
15608,2.77031,
15609,3.20375,
15610,3.18266,
15611,2.9911,
15612,2.93939,
15613,3.08737,
15614,3.10686,
15615,2.86179,
15616,3.00697,
15617,2.90672,
15618,2.86346,
15619,2.83186,
15620,3.10758,
15621,2.93085,
15622,2.87448,
15623,3.00158,
15624,3.02514,
15625,2.91609,
15626,2.9933,
15627,2.83646,
15628,3.00707,
15629,2.90975,
15630,2.83827,
15631,2.76122,
15632,2.79691,
15633,2.81157,
15634,3.02206,
15635,3.02364,
15636,2.87459,
15637,2.97522,
15638,2.89385,
15639,2.9087,
15640,3.07904,
15641,2.99097,
15642,2.8823,
15643,2.90933,
15644,2.94351,
15645,2.71256,
15646,2.84832,
15647,2.90485,
15648,3.00819,
15649,2.77554,
15650,2.82313,
15651,2.78244,
15652,2.93671,
15653,2.90507,
15654,2.921,
15655,2.68246,
15656,2.86612,
15657,2.79994,
15658,2.7428,
15659,2.87094,
15660,2.98938,
15661,2.8479,
15662,2.71581,
15663,2.85668,
15664,2.87565,
15665,2.83538,
15666,2.77613,
15667,2.71102,
15668,2.77239,
15669,2.73997,
15670,2.84187,
15671,2.55546,
15672,2.59098,
15673,2.6601,
15674,2.75544,
15675,2.76259,
15676,2.72783,
15677,2.53583,
15678,2.73746,
15679,2.63606,
15680,2.73284,
15681,2.57731,
15682,2.65829,
15683,2.87247,
15684,2.75938,
15685,2.82944,
15686,2.53827,
15687,2.71008,
15688,2.61279,
15689,2.71258,
15690,2.85719,
15691,2.54209,
15692,2.65748,
15693,2.56177,
15694,2.49728,
15695,2.74013,
15696,2.70697,
15697,2.67489,
15698,2.62677,
15699,2.86289,
15700,2.66089,
15701,2.76525,
15702,2.93469,
15703,2.98773,
15704,2.9362,
15705,2.92551,
15706,3.20193,
15707,2.92539,
15708,2.83541,
15709,3.05056,
15710,2.87477,
15711,2.9847,
15712,3.0383,
15713,2.94107,
15714,2.91212,
15715,2.90178,
15716,2.67102,
15717,2.91361,
15718,2.85845,
15719,2.72403,
15720,2.86073,
15721,2.82884,
15722,2.66131,
15723,2.81621,
15724,2.84049,
15725,2.69035,
15726,2.76949,
15727,2.82398,
15728,2.96095,
15729,2.76595,
15730,2.83971,
15731,2.76769,
15732,3.10612,
15733,3.19276,
15734,3.2104,
15735,3.23685,
15736,3.22976,
15737,3.15346,
15738,3.12497,
15739,3.24135,
15740,3.08985,
15741,3.1559,
15742,3.19061,
15743,3.17551,
15744,3.02139,
15745,3.14339,
15746,3.10634,
15747,3.14049,
15748,3.21574,
15749,3.09124,
15750,3.1072,
15751,3.06583,
15752,3.13484,
15753,3.00293,
15754,3.13062,
15755,2.60894,
15756,2.73345,
15757,2.61764,
15758,2.48064,
15759,2.54968,
15760,2.54595,
15761,2.83324,
15762,2.38687,
15763,2.61501,
15764,2.52629,
15765,2.66631,
15766,2.69439,
15767,2.42619,
15768,2.47806,
15769,2.68728,
15770,2.84956,
15771,2.77714,
15772,2.46724,
15773,2.49102,
15774,3.05207,
15775,3.13244,
15776,3.02553,
15777,3.0864,
15778,3.01558,
15779,3.05044,
15780,2.93353,
15781,2.73403,
15782,2.82677,
15783,2.97177,
15784,2.81844,
15785,2.96137,
15786,3.03853,
15787,3.09108,
15788,2.96916,
15789,2.83926,
15790,2.73769,
15791,2.90298,
15792,2.83399,
15793,2.82785,
15794,2.62477,
15795,2.63803,
15796,2.59197,
15797,2.782,
15798,2.84713,
15799,2.77149,
15800,2.90041,
15801,2.82023,
15802,2.89156,
15803,2.86314,
15804,2.98998,
15805,2.80933,
15806,2.73274,
15807,2.8485,
15808,2.64134,
15809,2.66193,
15810,2.69194,
15811,2.85994,
15812,2.96406,
15813,2.76799,
15814,2.62421,
15815,2.59549,
15816,2.54267,
15817,2.41159,
15818,2.47486,
15819,2.53146,
15820,2.76942,
15821,2.45227,
15822,2.5651,
15823,2.55186,
15824,2.83423,
15825,2.70649,
15826,2.91659,
15827,2.57877,
15828,3.04288,
15829,2.75292,
15830,3.01544,
15831,3.23465,
15832,2.97424,
15833,3.16134,
15834,2.9987,
15835,2.96188,
15836,3.00777,
15837,2.97228,
15838,2.80206,
15839,2.70978,
15840,2.71045,
15841,2.82189,
15842,2.8138,
15843,2.82298,
15844,2.87688,
15845,2.7443,
15846,2.9056,
15847,2.6791,
15848,2.95504,
15849,2.90847,
15850,2.63843,
15851,2.62571,
15852,2.86605,
15853,2.59788,
15854,2.63377,
15855,2.61515,
15856,2.45954,
15857,2.50579,
15858,2.58547,
15859,3.03765,
15860,3.03424,
15861,3.23649,
15862,3.18222,
15863,3.17293,
15864,3.08738,
15865,2.78451,
15866,2.86938,
15867,2.83316,
15868,2.9926,
15869,3.2309,
15870,2.9944,
15871,2.99681,
15872,2.8252,
15873,2.79967,
15874,3.06417,
15875,3.08343,
15876,3.13579,
15877,2.94392,
15878,3.16234,
15879,2.81675,
15880,2.89089,
15881,2.86494,
15882,3.04402,
15883,2.83675,
15884,2.82443,
15885,2.81287,
15886,2.74834,
15887,2.95873,
15888,2.6855,
15889,2.737,
15890,2.86304,
15891,2.90129,
15892,2.92177,
15893,2.7775,
15894,2.84095,
15895,2.73221,
15896,2.72413,
15897,2.65555,
15898,2.6988,
15899,2.82306,
15900,2.5505,
15901,2.59364,
15902,2.85298,
15903,2.73195,
15904,3.14326,
15905,3.21108,
15906,3.11103,
15907,3.23678,
15908,3.16465,
15909,3.09171,
15910,2.93845,
15911,3.02984,
15912,2.78621,
15913,2.86137,
15914,2.81691,
15915,2.79326,
15916,3.06364,
15917,3.00635,
15918,2.93958,
15919,3.09434,
15920,3.01514,
15921,2.7873,
15922,2.8103,
15923,2.85449,
15924,2.6759,
15925,2.83899,
15926,2.99277,
15927,2.94166,
15928,3.03745,
15929,3.18254,
15930,3.13813,
15931,2.60881,
15932,2.7763,
15933,2.92552,
15934,2.94864,
15935,3.03416,
15936,2.98702,
15937,3.10746,
15938,3.01584,
15939,3.13217,
15940,2.89847,
15941,2.83018,
15942,3.06388,
15943,2.74173,
15944,2.92771,
15945,2.99042,
15946,2.91727,
15947,2.87832,
15948,2.90962,
15949,3.15485,
15950,2.95704,
15951,3.07317,
15952,2.90443,
15953,3.09793,
15954,3.02222,
15955,2.99452,
15956,2.87097,
15957,2.94027,
15958,2.87035,
15959,2.73416,
15960,2.85787,
15961,2.771,
15962,2.89126,
15963,2.86166,
15964,2.95531,
15965,2.68708,
15966,2.8549,
15967,2.94011,
15968,2.90439,
15969,2.77226,
15970,2.75804,
15971,2.97923,
15972,2.78909,
15973,2.92191,
15974,2.05727,
15975,2.98055,
15976,3.00737,
15977,3.10642,
15978,3.18279,
15979,3.39228,
15980,3.0469,
15981,3.1329,
15982,2.97847,
15983,3.03076,
15984,2.99848,
15985,3.06439,
15986,3.04215,
15987,2.87972,
15988,2.8823,
15989,2.88485,
15990,3.07203,
15991,2.82048,
15992,3.0169,
15993,3.05539,
15994,2.89712,
15995,2.88418,
15996,2.86644,
15997,2.98458,
15998,3.002,
15999,3.03132,
16000,2.98539,
16001,3.02572,
16002,2.85175,
16003,3.11577,
16004,3.13076,
16005,2.87273,
16006,2.97511,
16007,2.81034,
16008,2.76441,
16009,2.74379,
16010,2.56965,
16011,2.93603,
16012,2.80277,
16013,2.69827,
16014,2.81751,
16015,2.94743,
16016,2.80591,
16017,2.69707,
16018,2.73167,
16019,2.6853,
16020,2.94592,
16021,2.71707,
16022,2.819,
16023,2.97786,
16024,2.79322,
16025,2.97444,
16026,2.91955,
16027,2.78093,
16028,2.80918,
16029,2.84749,
16030,3.03036,
16031,2.89784,
16032,2.85553,
16033,2.88422,
16034,2.92714,
16035,2.76291,
16036,2.58074,
16037,2.80636,
16038,2.7341,
16039,2.82709,
16040,2.81087,
16041,2.55933,
16042,2.84749,
16043,2.99668,
16044,2.86707,
16045,2.81094,
16046,2.74041,
16047,2.96996,
16048,2.77478,
16049,2.51589,
16050,2.80643,
16051,2.81694,
16052,2.98004,
16053,2.77381,
16054,2.69548,
16055,2.80199,
16056,2.70767,
16057,2.6879,
16058,2.78575,
16059,2.80216,
16060,3.00801,
16061,2.97942,
16062,2.95614,
16063,2.70762,
16064,2.84471,
16065,2.77545,
16066,2.98673,
16067,2.98057,
16068,2.91461,
16069,2.92059,
16070,3.07534,
16071,2.83141,
16072,2.94655,
16073,2.87062,
16074,2.73071,
16075,2.97037,
16076,2.89438,
16077,3.06021,
16078,2.8655,
16079,2.58403,
16080,2.68802,
16081,2.84574,
16082,2.70641,
16083,2.73643,
16084,2.58733,
16085,2.70737,
16086,2.93096,
16087,3.03298,
16088,2.88771,
16089,3.09008,
16090,2.95043,
16091,2.96187,
16092,2.87862,
16093,3.01318,
16094,3.00827,
16095,2.99072,
16096,2.94381,
16097,2.93986,
16098,2.9196,
16099,2.83474,
16100,2.96329,
16101,2.63172,
16102,2.75123,
16103,2.92802,
16104,2.79469,
16105,2.84886,
16106,2.65448,
16107,2.78789,
16108,2.94835,
16109,2.63901,
16110,2.77459,
16111,2.70132,
16112,2.64136,
16113,2.81229,
16114,2.61819,
16115,2.69565,
16116,2.67507,
16117,2.82837,
16118,2.75103,
16119,2.86582,
16120,2.9275,
16121,2.89066,
16122,2.7063,
16123,2.77616,
16124,2.79821,
16125,2.82848,
16126,2.67797,
16127,2.96084,
16128,2.8989,
16129,2.91781,
16130,2.9669,
16131,2.91766,
16132,2.79223,
16133,2.9296,
16134,2.84612,
16135,2.88731,
16136,2.93434,
16137,3.00818,
16138,3.13579,
16139,3.03306,
16140,2.92025,
16141,2.89935,
16142,2.80915,
16143,2.83308,
16144,2.69481,
16145,2.77128,
16146,2.64104,
16147,2.82814,
16148,2.72197,
16149,2.93191,
16150,2.76143,
16151,2.84683,
16152,3.03278,
16153,2.96201,
16154,3.13307,
16155,2.80596,
16156,2.64015,
16157,2.92171,
16158,2.6189,
16159,2.89309,
16160,2.89171,
16161,3.03325,
16162,3.10376,
16163,3.10753,
16164,2.77792,
16165,3.06786,
16166,2.92927,
16167,2.90141,
16168,2.90046,
16169,3.0242,
16170,2.8006,
16171,3.0492,
16172,2.62978,
16173,2.98763,
16174,2.96287,
16175,3.08637,
16176,2.88207,
16177,2.99379,
16178,3.03604,
16179,2.78558,
16180,2.97499,
16181,2.66639,
16182,2.81706,
16183,2.83616,
16184,3.05729,
16185,3.07203,
16186,2.64091,
16187,2.88199,
16188,2.81634,
16189,2.96612,
16190,2.97634,
16191,3.14333,
16192,2.9401,
16193,2.83572,
16194,2.96844,
16195,3.01894,
16196,2.80765,
16197,2.76003,
16198,2.71833,
16199,2.99164,
16200,3.11264,
16201,3.10854,
16202,2.99335,
16203,2.95796,
16204,2.91845,
16205,2.74147,
16206,2.97991,
16207,2.84656,
16208,2.99218,
16209,2.88369,
16210,2.87347,
16211,2.89577,
16212,3.01154,
16213,2.94859,
16214,2.84387,
16215,2.89262,
16216,3.00718,
16217,2.75648,
16218,3.12656,
16219,2.95861,
16220,2.87341,
16221,2.75024,
16222,2.96103,
16223,2.93654,
16224,2.80456,
16225,2.77317,
16226,3.0282,
16227,2.78192,
16228,2.74706,
16229,2.8654,
16230,2.76794,
16231,2.79222,
16232,2.97491,
16233,3.00655,
16234,2.82468,
16235,2.77554,
16236,2.73431,
16237,2.92346,
16238,3.0145,
16239,2.60674,
16240,2.87182,
16241,2.82997,
16242,2.91648,
16243,2.95146,
16244,2.95218,
16245,2.71415,
16246,2.80668,
16247,2.93591,
16248,2.5811,
16249,2.62082,
16250,3.01812,
16251,2.8457,
16252,2.97037,
16253,2.68539,
16254,2.65577,
16255,2.91977,
16256,2.85212,
16257,2.706,
16258,3.02468,
16259,2.92834,
16260,2.65173,
16261,2.79564,
16262,2.66761,
16263,2.82885,
16264,2.72059,
16265,2.73624,
16266,2.92343,
16267,2.83258,
16268,3.00515,
16269,3.05148,
16270,2.91804,
16271,2.98302,
16272,2.80173,
16273,2.90565,
16274,2.99693,
16275,2.93508,
16276,3.02957,
16277,3.1321,
16278,3.22025,
16279,4.03012,
16280,2.87134,
16281,2.9269,
16282,2.9533,
16283,2.96859,
16284,2.79423,
16285,2.9555,
16286,2.89035,
16287,2.91538,
16288,2.85814,
16289,3.33922,
16290,2.94785,
16291,2.90936,
16292,2.51779,
16293,2.70955,
16294,2.95722,
16295,2.94749,
16296,3.03926,
16297,3.15082,
16298,2.93357,
16299,2.96973,
16300,2.96985,
16301,2.8988,
16302,3.1385,
16303,2.91718,
16304,2.92862,
16305,3.05386,
16306,3.01929,
16307,2.878,
16308,2.842,
16309,2.79176,
16310,2.81679,
16311,2.87426,
16312,2.78163,
16313,2.59337,
16314,2.9348,
16315,2.81267,
16316,2.65107,
16317,2.71181,
16318,2.77929,
16319,2.8942,
16320,2.87459,
16321,2.811,
16322,2.87652,
16323,2.56187,
16324,2.81807,
16325,2.55531,
16326,2.94246,
16327,2.71557,
16328,2.76946,
16329,2.76901,
16330,2.79887,
16331,2.79016,
16332,2.79656,
16333,2.69829,
16334,2.64332,
16335,2.83006,
16336,2.81115,
16337,2.50816,
16338,2.6171,
16339,2.6053,
16340,2.81562,
16341,2.81142,
16342,2.75587,
16343,2.77632,
16344,2.81944,
16345,2.88264,
16346,2.62526,
16347,2.947,
16348,2.79265,
16349,2.8015,
16350,2.7525,
16351,2.92096,
16352,2.98064,
16353,2.96244,
16354,2.80442,
16355,2.73531,
16356,3.07927,
16357,2.89813,
16358,2.92625,
16359,2.86357,
16360,2.69908,
16361,2.74871,
16362,2.90783,
16363,2.4634,
16364,2.57047,
16365,2.41291,
16366,2.63056,
16367,2.76831,
16368,2.88195,
16369,2.84416,
16370,2.87296,
16371,2.79043,
16372,2.64487,
16373,2.68611,
16374,2.82908,
16375,2.97467,
16376,2.78762,
16377,2.73161,
16378,2.38284,
16379,2.44789,
16380,2.89839,
16381,2.57662,
16382,2.78651,
16383,2.58499,
16384,2.75391,
16385,2.56689,
16386,2.59929,
16387,2.58852,
16388,2.61599,
16389,2.60052,
16390,2.54466,
16391,2.62019,
16392,2.83853,
16393,2.53773,
16394,2.82451,
16395,2.76502,
16396,3.10509,
16397,3.07801,
16398,3.01722,
16399,3.15043,
16400,3.10473,
16401,3.04833,
16402,2.83998,
16403,2.63666,
16404,2.94455,
16405,2.76982,
16406,2.79369,
16407,2.95717,
16408,2.86294,
16409,2.95519,
16410,2.87788,
16411,2.8415,
16412,2.73387,
16413,2.82306,
16414,2.95585,
16415,2.90723,
16416,2.84668,
16417,2.81866,
16418,2.71867,
16419,3.01171,
16420,2.73334,
16421,2.71244,
16422,2.84267,
16423,2.84924,
16424,2.7548,
16425,3.19848,
16426,2.96716,
16427,3.05916,
16428,2.88245,
16429,3.07879,
16430,3.01124,
16431,2.88964,
16432,2.93882,
16433,2.88756,
16434,2.8982,
16435,2.9285,
16436,2.87858,
16437,2.82957,
16438,2.65669,
16439,2.82668,
16440,2.80195,
16441,2.7983,
16442,2.53786,
16443,2.6691,
16444,2.48178,
16445,2.80559,
16446,2.8047,
16447,2.55106,
16448,2.69626,
16449,2.61976,
16450,2.84413,
16451,2.68255,
16452,2.70479,
16453,2.62974,
16454,2.87553,
16455,2.91846,
16456,2.90315,
16457,2.86308,
16458,2.98126,
16459,2.89982,
16460,3.00771,
16461,2.96004,
16462,2.96765,
16463,2.99083,
16464,2.87616,
16465,2.85267,
16466,2.63813,
16467,2.90605,
16468,2.83371,
16469,2.95557,
16470,2.84445,
16471,2.75255,
16472,2.83953,
16473,2.72881,
16474,2.7876,
16475,2.9184,
16476,3.02602,
16477,2.78199,
16478,2.72698,
16479,2.78124,
16480,3.01973,
16481,2.98185,
16482,3.05886,
16483,2.88102,
16484,3.10524,
16485,2.86693,
16486,2.97987,
16487,3.13358,
16488,2.88403,
16489,2.80372,
16490,2.70974,
16491,2.99257,
16492,3.01796,
16493,2.82634,
16494,2.90181,
16495,2.88457,
16496,3.06048,
16497,2.98108,
16498,3.1642,
16499,2.77806,
16500,2.8499,
16501,2.63839,
16502,2.81043,
16503,2.83387,
16504,2.82201,
16505,2.82797,
16506,2.99334,
16507,2.92649,
16508,2.84593,
16509,2.641,
16510,2.78723,
16511,2.81868,
16512,2.85543,
16513,2.75787,
16514,3.1261,
16515,3.04755,
16516,3.08239,
16517,2.96475,
16518,2.81967,
16519,3.00496,
16520,2.73252,
16521,3.07068,
16522,2.99657,
16523,3.00025,
16524,2.99863,
16525,3.20319,
16526,3.28735,
16527,2.93414,
16528,2.95522,
16529,2.97819,
16530,3.13755,
16531,3.19217,
16532,2.97264,
16533,2.93226,
16534,2.93633,
16535,2.77619,
16536,2.92097,
16537,2.91256,
16538,2.90867,
16539,2.72046,
16540,2.74424,
16541,2.92662,
16542,3.25419,
16543,3.36067,
16544,3.3601,
16545,3.32451,
16546,3.31966,
16547,3.32512,
16548,3.26032,
16549,3.22012,
16550,3.20032,
16551,3.23841,
16552,3.23711,
16553,3.19858,
16554,3.19258,
16555,3.09511,
16556,3.19898,
16557,3.21508,
16558,3.16083,
16559,3.14236,
16560,3.05558,
16561,2.92868,
16562,3.16685,
16563,2.998,
16564,2.95981,
16565,2.96784,
16566,3.02547,
16567,2.85997,
16568,3.08983,
16569,2.82003,
16570,2.88828,
16571,2.95832,
16572,2.78666,
16573,2.66039,
16574,2.98319,
16575,3.10507,
16576,2.9549,
16577,2.72924,
16578,2.91977,
16579,2.92038,
16580,2.82923,
16581,2.83954,
16582,2.87294,
16583,2.73194,
16584,2.89191,
16585,2.80966,
16586,2.76088,
16587,3.03527,
16588,2.95015,
16589,2.9201,
16590,2.92136,
16591,2.83042,
16592,2.8149,
16593,2.70397,
16594,2.81838,
16595,2.90906,
16596,2.83174,
16597,2.73683,
16598,2.95531,
16599,2.82067,
16600,2.79623,
16601,2.85297,
16602,2.65487,
16603,2.64151,
16604,2.91094,
16605,2.58976,
16606,2.69344,
16607,2.74574,
16608,2.81357,
16609,2.72194,
16610,2.6935,
16611,2.79234,
16612,2.70482,
16613,2.7603,
16614,2.84613,
16615,2.87267,
16616,2.89454,
16617,2.89142,
16618,2.74232,
16619,2.87863,
16620,2.69242,
16621,2.82971,
16622,2.82464,
16623,2.78979,
16624,3.07915,
16625,2.76456,
16626,2.67817,
16627,2.84593,
16628,2.70396,
16629,2.60953,
16630,2.79871,
16631,3.04222,
16632,2.54281,
16633,2.56655,
16634,2.85194,
16635,2.60262,
16636,2.77081,
16637,2.70647,
16638,2.6281,
16639,2.56601,
16640,2.98677,
16641,2.88303,
16642,2.94885,
16643,2.84074,
16644,3.03366,
16645,2.93328,
16646,3.04488,
16647,2.92735,
16648,2.88993,
16649,2.95232,
16650,2.89047,
16651,2.91275,
16652,2.87894,
16653,2.85961,
16654,2.9159,
16655,2.60586,
16656,2.78224,
16657,2.84403,
16658,2.91627,
16659,2.86661,
16660,2.51983,
16661,2.76931,
16662,2.83481,
16663,2.72508,
16664,2.45202,
16665,2.63018,
16666,2.70318,
16667,2.67623,
16668,2.7396,
16669,2.43799,
16670,2.58063,
16671,2.55868,
16672,2.70245,
16673,2.76418,
16674,3.18555,
16675,3.17303,
16676,2.96715,
16677,2.9285,
16678,3.06405,
16679,3.09128,
16680,2.83959,
16681,2.99536,
16682,2.8917,
16683,2.86838,
16684,2.81789,
16685,3.08573,
16686,2.89943,
16687,2.85815,
16688,2.98558,
16689,3.01395,
16690,2.89577,
16691,2.95814,
16692,2.81271,
16693,2.98835,
16694,2.8872,
16695,2.82545,
16696,2.74887,
16697,2.76513,
16698,2.79541,
16699,3.0064,
16700,3.00172,
16701,2.8574,
16702,2.96101,
16703,2.88408,
16704,2.90814,
16705,3.07925,
16706,2.9644,
16707,2.87225,
16708,2.89434,
16709,2.93849,
16710,2.70556,
16711,2.83398,
16712,2.89336,
16713,2.99511,
16714,2.75844,
16715,2.80799,
16716,2.78632,
16717,2.92437,
16718,2.88189,
16719,2.91569,
16720,2.67077,
16721,2.85383,
16722,2.79143,
16723,2.72915,
16724,2.85677,
16725,2.97205,
16726,2.83071,
16727,2.68378,
16728,2.83891,
16729,2.86371,
16730,2.82222,
16731,2.76553,
16732,2.69152,
16733,2.75632,
16734,2.72541,
16735,2.82683,
16736,2.53981,
16737,2.57439,
16738,2.64405,
16739,2.74122,
16740,2.74486,
16741,2.71522,
16742,2.53112,
16743,2.72885,
16744,2.61813,
16745,2.71329,
16746,2.55361,
16747,2.64143,
16748,2.86147,
16749,2.74458,
16750,2.81313,
16751,2.53423,
16752,2.71968,
16753,2.61905,
16754,2.70312,
16755,2.83446,
16756,2.5285,
16757,2.63518,
16758,2.55659,
16759,2.48318,
16760,2.7328,
16761,2.6913,
16762,2.66627,
16763,2.62611,
16764,2.83687,
16765,2.65603,
16766,2.75311,
16767,2.92889,
16768,2.97686,
16769,2.92373,
16770,2.91582,
16771,3.19526,
16772,2.9158,
16773,2.84207,
16774,3.02744,
16775,2.85664,
16776,2.96821,
16777,3.03492,
16778,2.93315,
16779,2.90972,
16780,2.90046,
16781,2.64794,
16782,2.90015,
16783,2.84504,
16784,2.69939,
16785,2.85675,
16786,2.80603,
16787,2.66795,
16788,2.80961,
16789,2.82523,
16790,2.68307,
16791,2.75692,
16792,2.82172,
16793,2.9482,
16794,2.7575,
16795,2.809,
16796,2.7607,
16797,3.07473,
16798,3.16583,
16799,3.18912,
16800,3.2172,
16801,3.22398,
16802,3.1522,
16803,3.10891,
16804,3.22268,
16805,3.07399,
16806,3.15495,
16807,3.18006,
16808,3.16102,
16809,3.00651,
16810,3.1183,
16811,3.1068,
16812,3.13039,
16813,3.19515,
16814,3.08639,
16815,3.11011,
16816,3.05264,
16817,3.10984,
16818,2.98483,
16819,3.11907,
16820,2.62827,
16821,2.72555,
16822,2.59406,
16823,2.45699,
16824,2.53611,
16825,2.5204,
16826,2.82019,
16827,2.37475,
16828,2.60138,
16829,2.51464,
16830,2.66088,
16831,2.66091,
16832,2.41986,
16833,2.4653,
16834,2.67987,
16835,2.83949,
16836,2.75199,
16837,2.45375,
16838,2.48508,
16839,3.03102,
16840,3.13003,
16841,3.0079,
16842,3.06298,
16843,3.00337,
16844,3.02655,
16845,2.90618,
16846,2.71666,
16847,2.82581,
16848,2.95956,
16849,2.81225,
16850,2.93506,
16851,3.03633,
16852,3.0728,
16853,2.96059,
16854,2.81884,
16855,2.72254,
16856,2.88706,
16857,2.80719,
16858,2.8179,
16859,2.62274,
16860,2.62809,
16861,2.57621,
16862,2.78519,
16863,2.83318,
16864,2.73494,
16865,2.87869,
16866,2.80759,
16867,2.88095,
16868,2.85519,
16869,2.98626,
16870,2.7835,
16871,2.71383,
16872,2.83519,
16873,2.61574,
16874,2.65066,
16875,2.66993,
16876,2.85286,
16877,2.93977,
16878,2.74564,
16879,2.60832,
16880,2.57941,
16881,2.54049,
16882,2.38488,
16883,2.47667,
16884,2.51992,
16885,2.74198,
16886,2.44012,
16887,2.55075,
16888,2.54059,
16889,2.82838,
16890,2.69656,
16891,2.89518,
16892,2.57465,
16893,3.02231,
16894,2.7426,
16895,2.99739,
16896,3.1968,
16897,2.95495,
16898,3.15071,
16899,2.97296,
16900,2.93931,
16901,2.98696,
16902,2.9813,
16903,2.78177,
16904,2.7013,
16905,2.69931,
16906,2.81025,
16907,2.79621,
16908,2.81297,
16909,2.86277,
16910,2.72202,
16911,2.88042,
16912,2.65967,
16913,2.94991,
16914,2.90388,
16915,2.63773,
16916,2.59597,
16917,2.85192,
16918,2.55895,
16919,2.61665,
16920,2.59344,
16921,2.44442,
16922,2.49296,
16923,2.58533,
16924,3.02044,
16925,3.03669,
16926,3.2226,
16927,3.17658,
16928,3.15455,
16929,3.08141,
16930,2.76276,
16931,2.86638,
16932,2.82013,
16933,2.98466,
16934,3.23128,
16935,2.99155,
16936,2.99377,
16937,2.82245,
16938,2.78881,
16939,3.05685,
16940,3.06786,
16941,3.13039,
16942,2.93493,
16943,3.13726,
16944,2.82103,
16945,2.8754,
16946,2.85626,
16947,3.0345,
16948,2.8024,
16949,2.82304,
16950,2.79118,
16951,2.74461,
16952,2.9449,
16953,2.66915,
16954,2.72676,
16955,2.84254,
16956,2.89127,
16957,2.9021,
16958,2.76849,
16959,2.82094,
16960,2.7309,
16961,2.69496,
16962,2.63619,
16963,2.66093,
16964,2.83199,
16965,2.53133,
16966,2.58225,
16967,2.84095,
16968,2.72295,
16969,3.11592,
16970,3.18799,
16971,3.09585,
16972,3.21266,
16973,3.1529,
16974,3.0747,
16975,2.93934,
16976,3.03375,
16977,2.7633,
16978,2.86781,
16979,2.80178,
16980,2.77698,
16981,3.05664,
16982,3.00137,
16983,2.92003,
16984,3.07858,
16985,2.99785,
16986,2.78395,
16987,2.81005,
16988,2.85253,
16989,2.65782,
16990,2.81096,
16991,2.98321,
16992,2.93537,
16993,3.03029,
16994,3.17295,
16995,3.12265,
16996,2.58105,
16997,2.76994,
16998,2.91943,
16999,2.94366,
17000,3.02199,
17001,2.98127,
17002,3.09864,
17003,3.01199,
17004,3.12946,
17005,2.89311,
17006,2.81711,
17007,3.06148,
17008,2.73832,
17009,2.92466,
17010,2.97452,
17011,2.90012,
17012,2.87354,
17013,2.91711,
17014,3.1406,
17015,2.94288,
17016,3.05806,
17017,2.89726,
17018,3.06781,
17019,3.00923,
17020,2.97785,
17021,2.86022,
17022,2.93025,
17023,2.86109,
17024,2.73121,
17025,2.8452,
17026,2.77838,
17027,2.89771,
17028,2.83923,
17029,2.95401,
17030,2.67616,
17031,2.84986,
17032,2.92239,
17033,2.90211,
17034,2.7607,
17035,2.72853,
17036,2.97903,
17037,2.7721,
17038,2.91002,
17039,2.0231,
17040,2.97519,
17041,2.98551,
17042,3.07969,
17043,3.16765,
17044,3.3742,
17045,3.03236,
17046,3.08954,
17047,2.95479,
17048,3.02038,
17049,2.95998,
17050,3.05842,
17051,3.02835,
17052,2.87748,
17053,2.87124,
17054,2.87048,
17055,3.0506,
17056,2.79769,
17057,3.00255,
17058,3.04484,
17059,2.88707,
17060,2.88172,
17061,2.84408,
17062,2.98192,
17063,2.98302,
17064,3.00929,
17065,2.98312,
17066,3.0108,
17067,2.83448,
17068,3.10012,
17069,3.12345,
17070,2.8547,
17071,2.96865,
17072,2.81025,
17073,2.7664,
17074,2.7199,
17075,2.56184,
17076,2.91245,
17077,2.77618,
17078,2.70117,
17079,2.80519,
17080,2.94496,
17081,2.79406,
17082,2.68783,
17083,2.7234,
17084,2.6747,
17085,2.93242,
17086,2.71589,
17087,2.80217,
17088,2.9787,
17089,2.77709,
17090,2.97341,
17091,2.9102,
17092,2.77362,
17093,2.80041,
17094,2.84461,
17095,3.01087,
17096,2.89063,
17097,2.84447,
17098,2.87943,
17099,2.91311,
17100,2.74137,
17101,2.57255,
17102,2.80599,
17103,2.73128,
17104,2.82765,
17105,2.80043,
17106,2.54606,
17107,2.83834,
17108,2.98804,
17109,2.86141,
17110,2.79665,
17111,2.71129,
17112,2.96804,
17113,2.76943,
17114,2.48955,
17115,2.805,
17116,2.80743,
17117,2.9721,
17118,2.76775,
17119,2.68894,
17120,2.77826,
17121,2.68545,
17122,2.67381,
17123,2.77727,
17124,2.79185,
17125,2.98935,
17126,2.96504,
17127,2.94084,
17128,2.69278,
17129,2.83297,
17130,2.75306,
17131,2.96731,
17132,2.94401,
17133,2.90202,
17134,2.92343,
17135,3.07685,
17136,2.80667,
17137,2.95149,
17138,2.854,
17139,2.73037,
17140,2.95597,
17141,2.87901,
17142,3.04307,
17143,2.85189,
17144,2.58229,
17145,2.6715,
17146,2.83094,
17147,2.69812,
17148,2.74763,
17149,2.5814,
17150,2.70559,
17151,2.92934,
17152,3.02353,
17153,2.879,
17154,3.05681,
17155,2.94984,
17156,2.93404,
17157,2.87172,
17158,3.00499,
17159,2.99468,
17160,2.98292,
17161,2.94149,
17162,2.92253,
17163,2.9179,
17164,2.83333,
17165,2.96923,
17166,2.61108,
17167,2.73741,
17168,2.91358,
17169,2.79036,
17170,2.82525,
17171,2.65262,
17172,2.79091,
17173,2.94186,
17174,2.62289,
17175,2.76996,
17176,2.70231,
17177,2.63231,
17178,2.80244,
17179,2.61347,
17180,2.68958,
17181,2.66389,
17182,2.80754,
17183,2.73757,
17184,2.84665,
17185,2.91023,
17186,2.87144,
17187,2.70639,
17188,2.77476,
17189,2.79276,
17190,2.8212,
17191,2.67932,
17192,2.95757,
17193,2.88082,
17194,2.90021,
17195,2.95247,
17196,2.91081,
17197,2.76193,
17198,2.92292,
17199,2.8288,
17200,2.87152,
17201,2.92518,
17202,3.00039,
17203,3.12182,
17204,3.02133,
17205,2.91639,
17206,2.8833,
17207,2.80156,
17208,2.81767,
17209,2.67687,
17210,2.76381,
17211,2.63087,
17212,2.8233,
17213,2.71133,
17214,2.92917,
17215,2.75028,
17216,2.83238,
17217,3.00762,
17218,2.93778,
17219,3.11996,
17220,2.79527,
17221,2.62933,
17222,2.92139,
17223,2.59698,
17224,2.88995,
17225,2.87154,
17226,3.00638,
17227,3.09186,
17228,3.0886,
17229,2.76342,
17230,3.0591,
17231,2.91917,
17232,2.88211,
17233,2.89297,
17234,3.00013,
17235,2.7917,
17236,3.0236,
17237,2.61852,
17238,2.97557,
17239,2.96298,
17240,3.07431,
17241,2.87323,
17242,2.97294,
17243,3.0245,
17244,2.77794,
17245,2.95494,
17246,2.64715,
17247,2.80495,
17248,2.81105,
17249,3.04452,
17250,3.05698,
17251,2.62396,
17252,2.87248,
17253,2.81198,
17254,2.94456,
17255,2.96282,
17256,3.13029,
17257,2.9352,
17258,2.81683,
17259,2.94392,
17260,3.00672,
17261,2.79694,
17262,2.75682,
17263,2.70551,
17264,2.97426,
17265,3.09826,
17266,3.09021,
17267,2.98707,
17268,2.95189,
17269,2.90902,
17270,2.72677,
17271,2.97383,
17272,2.83334,
17273,2.97253,
17274,2.87293,
17275,2.86473,
17276,2.88694,
17277,2.99606,
17278,2.94173,
17279,2.83198,
17280,2.87853,
17281,2.9874,
17282,2.73586,
17283,3.1138,
17284,2.9532,
17285,2.86117,
17286,2.76078,
17287,2.94798,
17288,2.91656,
17289,2.78902,
17290,2.76063,
17291,3.015,
17292,2.7772,
17293,2.73831,
17294,2.84702,
17295,2.75252,
17296,2.77481,
17297,2.96063,
17298,2.99805,
17299,2.80358,
17300,2.76752,
17301,2.72005,
17302,2.92038,
17303,3.00766,
17304,2.60123,
17305,2.86597,
17306,2.82004,
17307,2.89818,
17308,2.92454,
17309,2.94475,
17310,2.71062,
17311,2.79181,
17312,2.92312,
17313,2.57123,
17314,2.57714,
17315,3.00903,
17316,2.82924,
17317,2.95432,
17318,2.67001,
17319,2.64459,
17320,2.91636,
17321,2.82402,
17322,2.70075,
17323,3.01798,
17324,2.90677,
17325,2.66239,
17326,2.79012,
17327,2.6443,
17328,2.79769,
17329,2.70674,
17330,2.68971,
17331,2.89821,
17332,2.80785,
17333,2.99827,
17334,3.03646,
17335,2.908,
17336,2.97867,
17337,2.79251,
17338,2.88691,
17339,2.99146,
17340,2.93401,
17341,3.01486,
17342,3.12528,
17343,3.21524,
17344,3.99071,
17345,2.85276,
17346,2.90977,
17347,2.93902,
17348,2.96197,
17349,2.78901,
17350,2.95216,
17351,2.87789,
17352,2.90507,
17353,2.83887,
17354,3.32222,
17355,2.91725,
17356,2.89554,
17357,2.50091,
17358,2.69102,
17359,2.95025,
17360,2.92408,
17361,3.01555,
17362,3.14473,
17363,2.92224,
17364,2.94303,
17365,2.96498,
17366,2.88625,
17367,3.11679,
17368,2.89143,
17369,2.89936,
17370,3.04093,
17371,3.00863,
17372,2.87015,
17373,2.83971,
17374,2.77903,
17375,2.79437,
17376,2.86695,
17377,2.75363,
17378,2.57848,
17379,2.92345,
17380,2.77889,
17381,2.63874,
17382,2.69508,
17383,2.7692,
17384,2.8857,
17385,2.85364,
17386,2.80396,
17387,2.8724,
17388,2.53944,
17389,2.79212,
17390,2.5397,
17391,2.93038,
17392,2.6967,
17393,2.75452,
17394,2.73221,
17395,2.79883,
17396,2.7889,
17397,2.7764,
17398,2.68572,
17399,2.62862,
17400,2.81805,
17401,2.80943,
17402,2.49016,
17403,2.59803,
17404,2.59685,
17405,2.80423,
17406,2.79479,
17407,2.75805,
17408,2.77126,
17409,2.8044,
17410,2.88188,
17411,2.61871,
17412,2.93812,
17413,2.78441,
17414,2.79594,
17415,2.75804,
17416,2.90219,
17417,2.97026,
17418,2.96547,
17419,2.78549,
17420,2.70473,
17421,3.06328,
17422,2.88329,
17423,2.91246,
17424,2.87678,
17425,2.68693,
17426,2.7379,
17427,2.90376,
17428,2.44657,
17429,2.55618,
17430,2.42286,
17431,2.62222,
17432,2.76088,
17433,2.85714,
17434,2.8486,
17435,2.84028,
17436,2.78188,
17437,2.62168,
17438,2.67795,
17439,2.7973,
17440,2.9751,
17441,2.78161,
17442,2.70921,
17443,2.36903,
17444,2.44899,
17445,2.89906,
17446,2.56387,
17447,2.76895,
17448,2.57488,
17449,2.73813,
17450,2.54813,
17451,2.58921,
17452,2.57045,
17453,2.61359,
17454,2.57917,
17455,2.53086,
17456,2.61267,
17457,2.83758,
17458,2.53975,
17459,2.80419,
17460,2.7419,
17461,3.09713,
17462,3.06364,
17463,2.9954,
17464,3.1214,
17465,3.09455,
17466,3.0085,
17467,2.82625,
17468,2.62275,
17469,2.93894,
17470,2.75776,
17471,2.79243,
17472,2.94661,
17473,2.85116,
17474,2.93863,
17475,2.87203,
17476,2.83599,
17477,2.72841,
17478,2.81291,
17479,2.93662,
17480,2.88835,
17481,2.84433,
17482,2.80615,
17483,2.70191,
17484,2.9899,
17485,2.72635,
17486,2.70419,
17487,2.84481,
17488,2.83845,
17489,2.75131,
17490,3.16923,
17491,2.95844,
17492,3.04662,
17493,2.86778,
17494,3.06092,
17495,2.98985,
17496,2.88995,
17497,2.93798,
17498,2.87765,
17499,2.87777,
17500,2.91003,
17501,2.86847,
17502,2.81183,
17503,2.62848,
17504,2.82211,
17505,2.79936,
17506,2.78935,
17507,2.52006,
17508,2.66382,
17509,2.47796,
17510,2.78035,
17511,2.80159,
17512,2.54395,
17513,2.69202,
17514,2.60213,
17515,2.83385,
17516,2.66964,
17517,2.69459,
17518,2.61065,
17519,2.85022,
17520,2.90588,
17521,2.89025,
17522,2.8356,
17523,2.97032,
17524,2.87418,
17525,2.98288,
17526,2.94195,
17527,2.95627,
17528,2.9744,
17529,2.84598,
17530,2.84687,
17531,2.61567,
17532,2.88768,
17533,2.82436,
17534,2.94035,
17535,2.83297,
17536,2.73797,
17537,2.82164,
17538,2.70925,
17539,2.76285,
17540,2.91333,
17541,2.99582,
17542,2.75634,
17543,2.71426,
17544,2.76539,
17545,3.00717,
17546,2.97696,
17547,3.03605,
17548,2.85785,
17549,3.09488,
17550,2.85939,
17551,2.95959,
17552,3.11631,
17553,2.86814,
17554,2.78681,
17555,2.69579,
17556,2.9777,
17557,2.99599,
17558,2.8393,
17559,2.89072,
17560,2.87786,
17561,3.06623,
17562,2.98924,
17563,3.14908,
17564,2.76011,
17565,2.83385,
17566,2.62421,
17567,2.79345,
17568,2.82959,
17569,2.81746,
17570,2.80744,
17571,2.98105,
17572,2.91592,
17573,2.84158,
17574,2.61728,
17575,2.76879,
17576,2.82473,
17577,2.84983,
17578,2.75122,
17579,3.11159,
17580,3.02272,
17581,3.0684,
17582,2.95465,
17583,2.80699,
17584,3.00338,
17585,2.7035,
17586,3.05623,
17587,2.98412,
17588,2.98306,
17589,2.99869,
17590,3.1791,
17591,3.27525,
17592,2.91299,
17593,2.95528,
17594,2.96685,
17595,3.12018,
17596,3.16566,
17597,2.95769,
17598,2.91132,
17599,2.92319,
17600,2.78698,
17601,2.91267,
17602,2.89139,
17603,2.89846,
17604,2.71114,
17605,2.71537,
17606,2.91376,
17607,3.23841,
17608,3.34626,
17609,3.35224,
17610,3.29657,
17611,3.31444,
17612,3.30105,
17613,3.24413,
17614,3.21534,
17615,3.19504,
17616,3.2198,
17617,3.23674,
17618,3.20365,
17619,3.16922,
17620,3.08052,
17621,3.18698,
17622,3.19543,
17623,3.15326,
17624,3.13298,
17625,3.03831,
17626,2.92597,
17627,3.15,
17628,2.98389,
17629,2.94746,
17630,2.95925,
17631,3.01774,
17632,2.84808,
17633,3.06097,
17634,2.79879,
17635,2.88626,
17636,2.94141,
17637,2.78577,
17638,2.65033,
17639,2.9625,
17640,3.08821,
17641,2.94065,
17642,2.72094,
17643,2.90873,
17644,2.90351,
17645,2.81064,
17646,2.84444,
17647,2.85934,
17648,2.73326,
17649,2.87732,
17650,2.81174,
17651,2.75205,
17652,3.01323,
17653,2.95094,
17654,2.9085,
17655,2.90182,
17656,2.81732,
17657,2.80285,
17658,2.68581,
17659,2.80079,
17660,2.90959,
17661,2.80879,
17662,2.73104,
17663,2.93638,
17664,2.80888,
17665,2.77694,
17666,2.83508,
17667,2.6431,
17668,2.63338,
17669,2.87828,
17670,2.5773,
17671,2.68264,
17672,2.73959,
17673,2.80354,
17674,2.72471,
17675,2.6893,
17676,2.78247,
17677,2.69445,
17678,2.73662,
17679,2.8307,
17680,2.85742,
17681,2.87713,
17682,2.86366,
17683,2.71869,
17684,2.89439,
17685,2.68583,
17686,2.80461,
17687,2.8103,
17688,2.77555,
17689,3.06765,
17690,2.75489,
17691,2.67108,
17692,2.83553,
17693,2.70872,
17694,2.60194,
17695,2.78721,
17696,3.02534,
17697,2.54093,
17698,2.54778,
17699,2.83425,
17700,2.59289,
17701,2.76012,
17702,2.68599,
17703,2.63407,
17704,2.55065,
17705,2.96572,
17706,2.87205,
17707,2.92049,
17708,2.82529,
17709,3.03481,
17710,2.92804,
17711,3.0209,
17712,2.89928,
17713,2.85436,
17714,2.93764,
17715,2.87068,
17716,2.90362,
17717,2.87733,
17718,2.84953,
17719,2.89803,
17720,2.58172,
17721,2.78151,
17722,2.83669,
17723,2.90016,
17724,2.86717,
17725,2.51064,
17726,2.74716,
17727,2.82694,
17728,2.72297,
17729,2.44886,
17730,2.63644,
17731,2.69014,
17732,2.67979,
17733,2.7367,
17734,2.43177,
17735,2.56394,
17736,2.548,
17737,2.68924,
17738,2.745,
17739,3.15218,
17740,3.16651,
17741,2.96059,
17742,2.91967,
17743,3.04364,
17744,3.07286,
17745,2.825,
17746,2.97261,
17747,2.89582,
17748,2.84609,
17749,2.79706,
17750,3.07485,
17751,2.8831,
17752,2.84632,
17753,2.96992,
17754,3.01781,
17755,2.89824,
17756,2.95604,
17757,2.81797,
17758,2.97715,
17759,2.8658,
17760,2.80765,
17761,2.74401,
17762,2.76268,
17763,2.78455,
17764,3.00316,
17765,2.98885,
17766,2.82841,
17767,2.9556,
17768,2.87024,
17769,2.889,
17770,3.05292,
17771,2.95885,
17772,2.86624,
17773,2.87793,
17774,2.93199,
17775,2.67207,
17776,2.82277,
17777,2.88169,
17778,2.97705,
17779,2.74561,
17780,2.81125,
17781,2.76993,
17782,2.91137,
17783,2.87783,
17784,2.89944,
17785,2.66433,
17786,2.84152,
17787,2.78457,
17788,2.72403,
17789,2.84817,
17790,2.97267,
17791,2.82342,
17792,2.67806,
17793,2.83185,
17794,2.85213,
17795,2.81775,
17796,2.74783,
17797,2.67684,
17798,2.76983,
17799,2.73339,
17800,2.81755,
17801,2.5393,
17802,2.58658,
17803,2.62958,
17804,2.74237,
17805,2.73716,
17806,2.69935,
17807,2.5085,
17808,2.7239,
17809,2.60935,
17810,2.70131,
17811,2.53894,
17812,2.63576,
17813,2.85223,
17814,2.74549,
17815,2.79878,
17816,2.51912,
17817,2.70401,
17818,2.60069,
17819,2.68179,
17820,2.8176,
17821,2.52695,
17822,2.63901,
17823,2.5321,
17824,2.47639,
17825,2.7125,
17826,2.66907,
17827,2.65254,
17828,2.61935,
17829,2.82146,
17830,2.64125,
17831,2.732,
17832,2.90727,
17833,2.97095,
17834,2.90559,
17835,2.9058,
17836,3.17175,
17837,2.9071,
17838,2.79837,
17839,3.02083,
17840,2.85856,
17841,2.95552,
17842,3.01038,
17843,2.91942,
17844,2.89189,
17845,2.87725,
17846,2.64067,
17847,2.88384,
17848,2.84226,
17849,2.69075,
17850,2.84489,
17851,2.79975,
17852,2.6346,
17853,2.80041,
17854,2.81562,
17855,2.67538,
17856,2.74128,
17857,2.81065,
17858,2.93832,
17859,2.75522,
17860,2.81289,
17861,2.73826,
17862,3.05312,
17863,3.15794,
17864,3.18325,
17865,3.19865,
17866,3.21544,
17867,3.13104,
17868,3.10892,
17869,3.21126,
17870,3.06282,
17871,3.13125,
17872,3.17316,
17873,3.15639,
17874,3.00067,
17875,3.10738,
17876,3.09323,
17877,3.12478,
17878,3.18774,
17879,3.07722,
17880,3.08915,
17881,3.04794,
17882,3.11266,
17883,2.96763,
17884,3.10523,
17885,2.6231,
17886,2.71719,
17887,2.59256,
17888,2.44867,
17889,2.52516,
17890,2.51059,
17891,2.81213,
17892,2.37364,
17893,2.59142,
17894,2.53855,
17895,2.64688,
17896,2.64887,
17897,2.41639,
17898,2.45672,
17899,2.66354,
17900,2.81191,
17901,2.75368,
17902,2.4341,
17903,2.45897,
17904,3.01137,
17905,3.09156,
17906,2.98366,
17907,3.057,
17908,2.99434,
17909,3.026,
17910,2.89997,
17911,2.69902,
17912,2.80965,
17913,2.93858,
17914,2.81493,
17915,2.92698,
17916,3.01105,
17917,3.06207,
17918,2.93666,
17919,2.8039,
17920,2.71514,
17921,2.88454,
17922,2.80566,
17923,2.80632,
17924,2.6043,
17925,2.61264,
17926,2.56534,
17927,2.7644,
17928,2.83213,
17929,2.74242,
17930,2.86146,
17931,2.8016,
17932,2.85768,
17933,2.83901,
17934,2.9582,
17935,2.76766,
17936,2.70524,
17937,2.81929,
17938,2.6087,
17939,2.648,
17940,2.65309,
17941,2.84094,
17942,2.91533,
17943,2.73693,
17944,2.60838,
17945,2.57028,
17946,2.50956,
17947,2.37989,
17948,2.45155,
17949,2.51592,
17950,2.73454,
17951,2.42378,
17952,2.54147,
17953,2.54275,
17954,2.8158,
17955,2.69952,
17956,2.87904,
17957,2.55519,
17958,3.01309,
17959,2.73388,
17960,2.97632,
17961,3.15741,
17962,2.94834,
17963,3.13898,
17964,2.9804,
17965,2.91577,
17966,2.98346,
17967,2.95601,
17968,2.76919,
17969,2.67818,
17970,2.68209,
17971,2.81062,
17972,2.78542,
17973,2.81121,
17974,2.85256,
17975,2.72049,
17976,2.87335,
17977,2.65671,
17978,2.90425,
17979,2.87772,
17980,2.61445,
17981,2.57422,
17982,2.83992,
17983,2.54636,
17984,2.61301,
17985,2.5947,
17986,2.4274,
17987,2.489,
17988,2.59078,
17989,2.98892,
17990,3.02631,
17991,3.19421,
17992,3.16502,
17993,3.13443,
17994,3.05975,
17995,2.75329,
17996,2.84015,
17997,2.80016,
17998,2.96676,
17999,3.19981,
18000,2.98849,
18001,2.97529,
18002,2.80934,
18003,2.76974,
18004,3.05179,
18005,3.05274,
18006,3.10578,
18007,2.92966,
18008,3.12862,
18009,2.80248,
18010,2.86606,
18011,2.82473,
18012,3.0006,
18013,2.79283,
18014,2.81172,
18015,2.77995,
18016,2.72,
18017,2.94564,
18018,2.66158,
18019,2.71486,
18020,2.82581,
18021,2.85695,
18022,2.90535,
18023,2.75736,
18024,2.808,
18025,2.70149,
18026,2.70887,
18027,2.61904,
18028,2.66038,
18029,2.8014,
18030,2.52318,
18031,2.5832,
18032,2.82473,
18033,2.7022,
18034,3.10779,
18035,3.17914,
18036,3.07104,
18037,3.20314,
18038,3.13153,
18039,3.05894,
18040,2.93169,
18041,3.00682,
18042,2.75855,
18043,2.84018,
18044,2.78082,
18045,2.76321,
18046,3.04027,
18047,2.9852,
18048,2.92127,
18049,3.05324,
18050,2.99683,
18051,2.74496,
18052,2.80124,
18053,2.83995,
18054,2.65122,
18055,2.80744,
18056,2.97437,
18057,2.93562,
18058,3.00951,
18059,3.16362,
18060,3.1143,
18061,2.58524,
18062,2.75119,
18063,2.91162,
18064,2.9335,
18065,2.99004,
18066,2.95875,
18067,3.0719,
18068,2.99344,
18069,3.12494,
18070,2.87336,
18071,2.80481,
18072,3.03669,
18073,2.71206,
18074,2.90743,
18075,2.95281,
18076,2.89059,
18077,2.85192,
18078,2.88643,
18079,3.14977,
18080,2.93809,
18081,3.05355,
18082,2.89847,
18083,3.05627,
18084,2.98766,
18085,2.97093,
18086,2.83973,
18087,2.92133,
18088,2.85068,
18089,2.71562,
18090,2.83843,
18091,2.75749,
18092,2.87502,
18093,2.84007,
18094,2.94699,
18095,2.6663,
18096,2.8379,
18097,2.90609,
18098,2.87651,
18099,2.74619,
18100,2.72137,
18101,2.95923,
18102,2.75115,
18103,2.9089,
18104,1.99801,
18105,2.94764,
18106,2.98295,
18107,3.0631,
18108,3.14855,
18109,3.36243,
18110,3.0166,
18111,3.06955,
18112,2.91757,
18113,3.00882,
18114,2.93835,
18115,3.04716,
18116,3.01075,
18117,2.86817,
18118,2.85481,
18119,2.86098,
18120,3.03817,
18121,2.77936,
18122,2.98807,
18123,3.03976,
18124,2.86949,
18125,2.86706,
18126,2.83379,
18127,2.95168,
18128,2.96722,
18129,3.00292,
18130,2.96866,
18131,2.99863,
18132,2.81967,
18133,3.09198,
18134,3.10427,
18135,2.8414,
18136,2.96182,
18137,2.80141,
18138,2.7449,
18139,2.7141,
18140,2.53964,
18141,2.90396,
18142,2.75892,
18143,2.68839,
18144,2.78952,
18145,2.92322,
18146,2.7917,
18147,2.67744,
18148,2.71056,
18149,2.65935,
18150,2.92582,
18151,2.71339,
18152,2.79672,
18153,2.97664,
18154,2.77255,
18155,2.93957,
18156,2.88088,
18157,2.74831,
18158,2.79361,
18159,2.82929,
18160,2.99395,
18161,2.87067,
18162,2.8454,
18163,2.8698,
18164,2.90804,
18165,2.73585,
18166,2.56516,
18167,2.79313,
18168,2.71813,
18169,2.8207,
18170,2.79654,
18171,2.53706,
18172,2.82858,
18173,2.96643,
18174,2.83894,
18175,2.77109,
18176,2.67846,
18177,2.9453,
18178,2.75767,
18179,2.48662,
18180,2.78909,
18181,2.80089,
18182,2.97,
18183,2.74741,
18184,2.67807,
18185,2.76643,
18186,2.68319,
18187,2.65467,
18188,2.75532,
18189,2.77504,
18190,2.95453,
18191,2.97131,
18192,2.91922,
18193,2.68433,
18194,2.83463,
18195,2.74758,
18196,2.96383,
18197,2.94448,
18198,2.89649,
18199,2.90505,
18200,3.06053,
18201,2.80763,
18202,2.92231,
18203,2.85078,
18204,2.7097,
18205,2.94998,
18206,2.87809,
18207,3.04115,
18208,2.85002,
18209,2.55482,
18210,2.66931,
18211,2.81469,
18212,2.67482,
18213,2.70682,
18214,2.56882,
18215,2.70189,
18216,2.91444,
18217,2.99736,
18218,2.85319,
18219,3.0538,
18220,2.91017,
18221,2.92421,
18222,2.84294,
18223,2.99105,
18224,2.99554,
18225,2.98282,
18226,2.9257,
18227,2.91157,
18228,2.9068,
18229,2.82443,
18230,2.94329,
18231,2.61259,
18232,2.74479,
18233,2.90059,
18234,2.76847,
18235,2.82213,
18236,2.6393,
18237,2.77376,
18238,2.92602,
18239,2.62068,
18240,2.75979,
18241,2.69388,
18242,2.62731,
18243,2.79023,
18244,2.61161,
18245,2.6706,
18246,2.67055,
18247,2.79759,
18248,2.73315,
18249,2.84221,
18250,2.89254,
18251,2.86308,
18252,2.68428,
18253,2.76691,
18254,2.77279,
18255,2.8137,
18256,2.6471,
18257,2.93625,
18258,2.86839,
18259,2.89295,
18260,2.93989,
18261,2.89638,
18262,2.7517,
18263,2.91251,
18264,2.832,
18265,2.87918,
18266,2.90087,
18267,2.9874,
18268,3.13258,
18269,3.01834,
18270,2.90162,
18271,2.88329,
18272,2.78074,
18273,2.81054,
18274,2.68547,
18275,2.75168,
18276,2.62848,
18277,2.82003,
18278,2.70611,
18279,2.9153,
18280,2.75245,
18281,2.82871,
18282,3.01693,
18283,2.94654,
18284,3.1262,
18285,2.79471,
18286,2.64177,
18287,2.90019,
18288,2.59837,
18289,2.8889,
18290,2.85131,
18291,2.99739,
18292,3.08265,
18293,3.07911,
18294,2.77097,
18295,3.04729,
18296,2.91385,
18297,2.87691,
18298,2.88883,
18299,2.98039,
18300,2.77008,
18301,3.02645,
18302,2.60469,
18303,2.98768,
18304,2.94599,
18305,3.05795,
18306,2.85402,
18307,2.97084,
18308,3.02355,
18309,2.78613,
18310,2.96905,
18311,2.64591,
18312,2.80311,
18313,2.80631,
18314,3.04128,
18315,3.06202,
18316,2.61794,
18317,2.88379,
18318,2.80258,
18319,2.9419,
18320,2.95,
18321,3.12702,
18322,2.90374,
18323,2.80627,
18324,2.92609,
18325,2.988,
18326,2.79889,
18327,2.75788,
18328,2.70248,
18329,2.945,
18330,3.07377,
18331,3.07239,
18332,2.96675,
18333,2.93176,
18334,2.88885,
18335,2.7062,
18336,2.95809,
18337,2.82566,
18338,2.95739,
18339,2.8723,
18340,2.86053,
18341,2.87373,
18342,2.9831,
18343,2.91763,
18344,2.82368,
18345,2.85236,
18346,2.98197,
18347,2.73997,
18348,3.10631,
18349,2.93286,
18350,2.85096,
18351,2.73552,
18352,2.92976,
18353,2.91542,
18354,2.77516,
18355,2.74571,
18356,3.01215,
18357,2.76805,
18358,2.72398,
18359,2.82905,
18360,2.7346,
18361,2.73931,
18362,2.96172,
18363,2.98446,
18364,2.80309,
18365,2.73767,
18366,2.70847,
18367,2.91028,
18368,2.98923,
18369,2.59807,
18370,2.84734,
18371,2.80914,
18372,2.88524,
18373,2.91212,
18374,2.94112,
18375,2.69089,
18376,2.77287,
18377,2.90959,
18378,2.56905,
18379,2.57339,
18380,2.99314,
18381,2.8214,
18382,2.93954,
18383,2.65723,
18384,2.63122,
18385,2.89957,
18386,2.80523,
18387,2.67994,
18388,2.99784,
18389,2.90202,
18390,2.62391,
18391,2.77803,
18392,2.6393,
18393,2.78846,
18394,2.69922,
18395,2.66709,
18396,2.89119,
18397,2.79264,
18398,2.99323,
18399,3.02685,
18400,2.88588,
18401,2.96,
18402,2.76526,
18403,2.87713,
18404,2.99498,
18405,2.90655,
18406,3.01341,
18407,3.11604,
18408,3.20027,
18409,3.98314,
18410,2.84363,
18411,2.89255,
18412,2.91231,
18413,2.95689,
18414,2.77175,
18415,2.94948,
18416,2.87798,
18417,2.87397,
18418,2.82675,
18419,3.31003,
18420,2.90484,
18421,2.87762,
18422,2.50553,
18423,2.6889,
18424,2.92435,
18425,2.91493,
18426,3.00728,
18427,3.13007,
18428,2.92652,
18429,2.92265,
18430,2.96182,
18431,2.88012,
18432,3.10026,
18433,2.88222,
18434,2.88385,
18435,3.02667,
18436,2.99276,
18437,2.85165,
18438,2.82647,
18439,2.76968,
18440,2.79048,
18441,2.85802,
18442,2.7454,
18443,2.56731,
18444,2.92083,
18445,2.79185,
18446,2.62992,
18447,2.67882,
18448,2.75633,
18449,2.87306,
18450,2.83609,
18451,2.78701,
18452,2.85207,
18453,2.53063,
18454,2.78632,
18455,2.52375,
18456,2.90782,
18457,2.69246,
18458,2.73973,
18459,2.71142,
18460,2.78279,
18461,2.77794,
18462,2.76775,
18463,2.6743,
18464,2.6331,
18465,2.81158,
18466,2.78911,
18467,2.47893,
18468,2.59399,
18469,2.58547,
18470,2.78486,
18471,2.78624,
18472,2.74353,
18473,2.75482,
18474,2.79569,
18475,2.86685,
18476,2.59568,
18477,2.93267,
18478,2.76718,
18479,2.78922,
18480,2.73328,
18481,2.89585,
18482,2.94299,
18483,2.93493,
18484,2.7634,
18485,2.6957,
18486,3.05928,
18487,2.86964,
18488,2.91054,
18489,2.83787,
18490,2.68063,
18491,2.73506,
18492,2.87524,
18493,2.43347,
18494,2.5522,
18495,2.40281,
18496,2.62558,
18497,2.75271,
18498,2.85059,
18499,2.81952,
18500,2.83553,
18501,2.76328,
18502,2.61653,
18503,2.68091,
18504,2.79058,
18505,2.96078,
18506,2.77149,
18507,2.68913,
18508,2.37862,
18509,2.45281,
18510,2.88076,
18511,2.55046,
18512,2.77098,
18513,2.57359,
18514,2.72942,
18515,2.54162,
18516,2.56445,
18517,2.56785,
18518,2.6071,
18519,2.56491,
18520,2.52331,
18521,2.60494,
18522,2.82039,
18523,2.52713,
18524,2.78803,
18525,2.72157,
18526,3.08881,
18527,3.0533,
18528,2.97497,
18529,3.11916,
18530,3.09756,
18531,2.98453,
18532,2.81458,
18533,2.60071,
18534,2.93637,
18535,2.75884,
18536,2.80057,
18537,2.94325,
18538,2.84708,
18539,2.93127,
18540,2.86221,
18541,2.81929,
18542,2.7287,
18543,2.8135,
18544,2.94293,
18545,2.88151,
18546,2.83049,
18547,2.80342,
18548,2.70196,
18549,2.97762,
18550,2.72019,
18551,2.69692,
18552,2.82496,
18553,2.85123,
18554,2.757,
18555,3.18046,
18556,2.95028,
18557,3.00398,
18558,2.84207,
18559,3.05213,
18560,2.98458,
18561,2.87755,
18562,2.91422,
18563,2.87078,
18564,2.87263,
18565,2.91075,
18566,2.84752,
18567,2.80623,
18568,2.62415,
18569,2.82106,
18570,2.78612,
18571,2.77827,
18572,2.51457,
18573,2.66109,
18574,2.46359,
18575,2.77372,
18576,2.77696,
18577,2.55376,
18578,2.68706,
18579,2.60096,
18580,2.81607,
18581,2.65199,
18582,2.71164,
18583,2.58504,
18584,2.86329,
18585,2.89238,
18586,2.88122,
18587,2.82058,
18588,2.95833,
18589,2.87324,
18590,2.96613,
18591,2.93539,
18592,2.9364,
18593,2.96005,
18594,2.83092,
18595,2.83528,
18596,2.60682,
18597,2.88854,
18598,2.80167,
18599,2.91703,
18600,2.84666,
18601,2.7259,
18602,2.80589,
18603,2.6951,
18604,2.7596,
18605,2.90503,
18606,2.98289,
18607,2.74577,
18608,2.69848,
18609,2.76211,
18610,2.98719,
18611,2.95545,
18612,3.02552,
18613,2.83999,
18614,3.05966,
18615,2.84598,
18616,2.95537,
18617,3.11977,
18618,2.85504,
18619,2.78639,
18620,2.68689,
18621,2.96156,
18622,2.98434,
18623,2.81898,
18624,2.88028,
18625,2.86574,
18626,3.05617,
18627,2.97726,
18628,3.14346,
18629,2.76478,
18630,2.8168,
18631,2.62169,
18632,2.78883,
18633,2.8247,
18634,2.80363,
18635,2.79787,
18636,2.97444,
18637,2.90322,
18638,2.8323,
18639,2.61942,
18640,2.76807,
18641,2.78922,
18642,2.84307,
18643,2.74806,
18644,3.09339,
18645,3.02258,
18646,3.05609,
18647,2.939,
18648,2.78545,
18649,2.97976,
18650,2.69749,
18651,3.04903,
18652,2.98079,
18653,2.97512,
18654,2.98565,
18655,3.16625,
18656,3.27657,
18657,2.91245,
18658,2.93816,
18659,2.96472,
18660,3.10537,
18661,3.16827,
18662,2.94309,
18663,2.92057,
18664,2.91142,
18665,2.76347,
18666,2.90979,
18667,2.88596,
18668,2.89422,
18669,2.70677,
18670,2.71194,
18671,2.90483,
18672,3.21399,
18673,3.3224,
18674,3.33844,
18675,3.2919,
18676,3.29619,
18677,3.29264,
18678,3.23666,
18679,3.19803,
18680,3.18332,
18681,3.209,
18682,3.21985,
18683,3.18536,
18684,3.16113,
18685,3.07955,
18686,3.18407,
18687,3.18058,
18688,3.14953,
18689,3.11321,
18690,3.02454,
18691,2.90421,
18692,3.14589,
18693,2.97366,
18694,2.92339,
18695,2.96248,
18696,2.99616,
18697,2.83178,
18698,3.04726,
18699,2.78996,
18700,2.8868,
18701,2.93188,
18702,2.75925,
18703,2.64335,
18704,2.946,
18705,3.07389,
18706,2.937,
18707,2.70545,
18708,2.8966,
18709,2.90869,
18710,2.80581,
18711,2.82931,
18712,2.8445,
18713,2.73796,
18714,2.85344,
18715,2.78558,
18716,2.73435,
18717,3.00747,
18718,2.94211,
18719,2.87516,
18720,2.8913,
18721,2.80798,
18722,2.7884,
18723,2.67738,
18724,2.79896,
18725,2.90505,
18726,2.81004,
18727,2.72605,
18728,2.93735,
18729,2.79326,
18730,2.76294,
18731,2.82019,
18732,2.63082,
18733,2.61716,
18734,2.88083,
18735,2.56519,
18736,2.67241,
18737,2.71918,
18738,2.79748,
18739,2.72157,
18740,2.66827,
18741,2.77385,
18742,2.68549,
18743,2.73127,
18744,2.82584,
18745,2.85417,
18746,2.87298,
18747,2.86028,
18748,2.70383,
18749,2.86163,
18750,2.69431,
18751,2.79706,
18752,2.7994,
18753,2.77182,
18754,3.04799,
18755,2.72978,
18756,2.6578,
18757,2.84382,
18758,2.6976,
18759,2.59696,
18760,2.76941,
18761,3.00711,
18762,2.53811,
18763,2.52006,
18764,2.84513,
18765,2.59022,
18766,2.73962,
18767,2.68576,
18768,2.60156,
18769,2.54405,
18770,2.955,
18771,2.86376,
18772,2.91526,
18773,2.82806,
18774,3.00586,
18775,2.90729,
18776,3.01134,
18777,2.89149,
18778,2.85624,
18779,2.93777,
18780,2.86799,
18781,2.89601,
18782,2.86598,
18783,2.85622,
18784,2.88018,
18785,2.58713,
18786,2.76555,
18787,2.82511,
18788,2.89282,
18789,2.8417,
18790,2.51124,
18791,2.74705,
18792,2.81314,
18793,2.70456,
18794,2.43168,
18795,2.61444,
18796,2.69162,
18797,2.65897,
18798,2.72686,
18799,2.43286,
18800,2.55671,
18801,2.54511,
18802,2.68269,
18803,2.74044,
18804,3.13144,
18805,3.16117,
18806,2.92862,
18807,2.91203,
18808,3.03128,
18809,3.0534,
18810,2.82079,
18811,2.96071,
18812,2.85903,
18813,2.84346,
18814,2.78822,
18815,3.07223,
18816,2.8672,
18817,2.84131,
18818,2.97593,
18819,2.99507,
18820,2.8908,
18821,2.94155,
18822,2.81361,
18823,2.96581,
18824,2.85473,
18825,2.80323,
18826,2.73902,
18827,2.76004,
18828,2.74047,
18829,2.98622,
18830,2.96968,
18831,2.82209,
18832,2.93365,
18833,2.8659,
18834,2.89472,
18835,3.04566,
18836,2.94577,
18837,2.8473,
18838,2.86172,
18839,2.92311,
18840,2.66698,
18841,2.81148,
18842,2.87488,
18843,2.97119,
18844,2.74305,
18845,2.80509,
18846,2.75868,
18847,2.90049,
18848,2.84632,
18849,2.90249,
18850,2.6482,
18851,2.83777,
18852,2.7797,
18853,2.70763,
18854,2.84836,
18855,2.95035,
18856,2.82453,
18857,2.64651,
18858,2.83064,
18859,2.85064,
18860,2.80979,
18861,2.74552,
18862,2.67635,
18863,2.75024,
18864,2.7084,
18865,2.80461,
18866,2.52969,
18867,2.57008,
18868,2.62701,
18869,2.73429,
18870,2.72751,
18871,2.68354,
18872,2.51795,
18873,2.70776,
18874,2.604,
18875,2.6959,
18876,2.53971,
18877,2.63811,
18878,2.83595,
18879,2.72573,
18880,2.78498,
18881,2.50876,
18882,2.67806,
18883,2.58088,
18884,2.67971,
18885,2.80783,
18886,2.51164,
18887,2.63029,
18888,2.52248,
18889,2.46223,
18890,2.70017,
18891,2.65734,
18892,2.64907,
18893,2.61187,
18894,2.81417,
18895,2.63083,
18896,2.71622,
18897,2.88396,
18898,2.958,
18899,2.90401,
18900,2.88101,
18901,3.14845,
18902,2.88541,
18903,2.80376,
18904,3.01016,
18905,2.83805,
18906,2.94318,
18907,2.99709,
18908,2.90306,
18909,2.88135,
18910,2.87932,
18911,2.63356,
18912,2.87171,
18913,2.82207,
18914,2.68742,
18915,2.84036,
18916,2.78608,
18917,2.63229,
18918,2.79499,
18919,2.80945,
18920,2.66259,
18921,2.73733,
18922,2.80711,
18923,2.92302,
18924,2.74495,
18925,2.78935,
18926,2.74677,
18927,3.04628,
18928,3.14371,
18929,3.17386,
18930,3.19299,
18931,3.19874,
18932,3.12426,
18933,3.09838,
18934,3.19531,
18935,3.0543,
18936,3.12735,
18937,3.1557,
18938,3.14461,
18939,2.98918,
18940,3.09605,
18941,3.07041,
18942,3.12856,
18943,3.17486,
18944,3.07335,
18945,3.08224,
18946,3.05075,
18947,3.0862,
18948,2.93383,
18949,3.08882,
18950,2.61119,
18951,2.69852,
18952,2.57759,
18953,2.44376,
18954,2.52432,
18955,2.50404,
18956,2.80058,
18957,2.36262,
18958,2.58141,
18959,2.50045,
18960,2.63464,
18961,2.63577,
18962,2.39535,
18963,2.44138,
18964,2.64782,
18965,2.80664,
18966,2.74424,
18967,2.43206,
18968,2.44952,
18969,3.00523,
18970,3.09516,
18971,2.97519,
18972,3.06158,
18973,2.97883,
18974,2.99493,
18975,2.89804,
18976,2.69762,
18977,2.798,
18978,2.92902,
18979,2.78644,
18980,2.92219,
18981,2.99472,
18982,3.06052,
18983,2.93355,
18984,2.80258,
18985,2.70423,
18986,2.87817,
18987,2.78517,
18988,2.80152,
18989,2.57879,
18990,2.60789,
18991,2.56283,
18992,2.74897,
18993,2.81509,
18994,2.71932,
18995,2.83644,
18996,2.78299,
18997,2.8405,
18998,2.8255,
18999,2.95387,
19000,2.75042,
19001,2.68613,
19002,2.8054,
19003,2.5887,
19004,2.63823,
19005,2.65221,
19006,2.84987,
19007,2.91686,
19008,2.71992,
19009,2.59325,
19010,2.56476,
19011,2.50786,
19012,2.36252,
19013,2.44814,
19014,2.50625,
19015,2.72323,
19016,2.41733,
19017,2.54151,
19018,2.53484,
19019,2.80455,
19020,2.68112,
19021,2.88256,
19022,2.54764,
19023,3.00361,
19024,2.72159,
19025,2.97917,
19026,3.13462,
19027,2.9418,
19028,3.11915,
19029,2.94484,
19030,2.89837,
19031,2.97132,
19032,2.9423,
19033,2.75417,
19034,2.67056,
19035,2.67265,
19036,2.79237,
19037,2.78248,
19038,2.79841,
19039,2.85465,
19040,2.72154,
19041,2.8597,
19042,2.63765,
19043,2.90622,
19044,2.87488,
19045,2.61113,
19046,2.56412,
19047,2.83616,
19048,2.55048,
19049,2.59697,
19050,2.56075,
19051,2.41247,
19052,2.48396,
19053,2.56537,
19054,2.97667,
19055,2.98434,
19056,3.18586,
19057,3.14799,
19058,3.12285,
19059,3.05048,
19060,2.73693,
19061,2.8244,
19062,2.78652,
19063,2.96377,
19064,3.19285,
19065,2.97445,
19066,2.98152,
19067,2.7917,
19068,2.75402,
19069,3.03326,
19070,3.04191,
19071,3.10967,
19072,2.91039,
19073,3.12235,
19074,2.78897,
19075,2.85714,
19076,2.82417,
19077,2.95628,
19078,2.8003,
19079,2.79626,
19080,2.7639,
19081,2.70459,
19082,2.91986,
19083,2.65783,
19084,2.69727,
19085,2.81533,
19086,2.85665,
19087,2.88854,
19088,2.74952,
19089,2.78309,
19090,2.68729,
19091,2.67366,
19092,2.60406,
19093,2.64619,
19094,2.79143,
19095,2.51348,
19096,2.56803,
19097,2.81577,
19098,2.68525,
19099,3.08755,
19100,3.17845,
19101,3.05776,
19102,3.19115,
19103,3.10607,
19104,3.05121,
19105,2.91244,
19106,3.01315,
19107,2.75319,
19108,2.82283,
19109,2.76238,
19110,2.75342,
19111,3.02364,
19112,2.9876,
19113,2.90422,
19114,3.04013,
19115,2.98848,
19116,2.73508,
19117,2.79864,
19118,2.83249,
19119,2.64076,
19120,2.79879,
19121,2.95503,
19122,2.9162,
19123,3.00735,
19124,3.14139,
19125,3.12017,
19126,2.54747,
19127,2.74971,
19128,2.89818,
19129,2.93068,
19130,2.96775,
19131,2.93556,
19132,3.05327,
19133,2.97096,
19134,3.1081,
19135,2.85546,
19136,2.78894,
19137,3.0251,
19138,2.70967,
19139,2.90754,
19140,2.93203,
19141,2.8962,
19142,2.84156,
19143,2.87656,
19144,3.14317,
19145,2.93038,
19146,3.03794,
19147,2.87717,
19148,3.05904,
19149,2.98923,
19150,2.95448,
19151,2.82485,
19152,2.90787,
19153,2.84093,
19154,2.71737,
19155,2.8236,
19156,2.75179,
19157,2.86132,
19158,2.82896,
19159,2.93551,
19160,2.66601,
19161,2.82951,
19162,2.90118,
19163,2.87573,
19164,2.75529,
19165,2.70363,
19166,2.94241,
19167,2.75083,
19168,2.89027,
19169,1.96403,
19170,2.93737,
19171,2.97293,
19172,3.06747,
19173,3.12408,
19174,3.33056,
19175,3.00254,
19176,3.05832,
19177,2.90918,
19178,3.00465,
19179,2.92946,
19180,3.03942,
19181,3.01724,
19182,2.84874,
19183,2.84176,
19184,2.83992,
19185,3.03885,
19186,2.77583,
19187,2.97636,
19188,3.0344,
19189,2.87622,
19190,2.85878,
19191,2.82837,
19192,2.93907,
19193,2.96097,
19194,2.98673,
19195,2.96712,
19196,2.99127,
19197,2.8143,
19198,3.07321,
19199,3.09266,
19200,2.83333,
19201,2.94978,
19202,2.77935,
19203,2.74317,
19204,2.70674,
19205,2.54062,
19206,2.89356,
19207,2.73148,
19208,2.68622,
19209,2.78917,
19210,2.91316,
19211,2.77742,
19212,2.67259,
19213,2.70219,
19214,2.64878,
19215,2.90801,
19216,2.69427,
19217,2.7838,
19218,2.94658,
19219,2.76786,
19220,2.93124,
19221,2.88411,
19222,2.72709,
19223,2.78514,
19224,2.81337,
19225,2.96641,
19226,2.87472,
19227,2.82021,
19228,2.86574,
19229,2.8865,
19230,2.724,
19231,2.55418,
19232,2.78382,
19233,2.7036,
19234,2.79422,
19235,2.78098,
19236,2.52764,
19237,2.81281,
19238,2.95497,
19239,2.83367,
19240,2.76188,
19241,2.68578,
19242,2.93014,
19243,2.739,
19244,2.48745,
19245,2.78528,
19246,2.792,
19247,2.95247,
19248,2.73712,
19249,2.66519,
19250,2.75572,
19251,2.66722,
19252,2.63799,
19253,2.74997,
19254,2.76419,
19255,2.94442,
19256,2.96306,
19257,2.89925,
19258,2.6602,
19259,2.82262,
19260,2.73509,
19261,2.95328,
19262,2.92252,
19263,2.88006,
19264,2.88559,
19265,3.04322,
19266,2.7994,
19267,2.91106,
19268,2.84694,
19269,2.69553,
19270,2.93082,
19271,2.85894,
19272,3.03877,
19273,2.83114,
19274,2.54424,
19275,2.66353,
19276,2.80692,
19277,2.67376,
19278,2.69812,
19279,2.55818,
19280,2.68151,
19281,2.9084,
19282,2.97359,
19283,2.83972,
19284,3.04464,
19285,2.87961,
19286,2.90105,
19287,2.83435,
19288,2.98404,
19289,2.96586,
19290,2.975,
19291,2.91276,
19292,2.88736,
19293,2.89273,
19294,2.812,
19295,2.94061,
19296,2.60274,
19297,2.70845,
19298,2.91016,
19299,2.78013,
19300,2.80854,
19301,2.63288,
19302,2.75556,
19303,2.92877,
19304,2.61629,
19305,2.74645,
19306,2.68036,
19307,2.61445,
19308,2.77565,
19309,2.59693,
19310,2.65617,
19311,2.64784,
19312,2.79242,
19313,2.72573,
19314,2.83983,
19315,2.89365,
19316,2.86194,
19317,2.6847,
19318,2.76009,
19319,2.76079,
19320,2.80185,
19321,2.64828,
19322,2.92052,
19323,2.86131,
19324,2.88009,
19325,2.93176,
19326,2.88767,
19327,2.74704,
19328,2.89799,
19329,2.82044,
19330,2.8649,
19331,2.896,
19332,2.96639,
19333,3.10744,
19334,2.99677,
19335,2.91204,
19336,2.86367,
19337,2.7687,
19338,2.79802,
19339,2.65534,
19340,2.75701,
19341,2.62373,
19342,2.80477,
19343,2.70538,
19344,2.91058,
19345,2.73316,
19346,2.82124,
19347,3.00511,
19348,2.9249,
19349,3.10206,
19350,2.78187,
19351,2.61827,
19352,2.90302,
19353,2.5945,
19354,2.87571,
19355,2.83281,
19356,2.97923,
19357,3.05742,
19358,3.07373,
19359,2.74103,
19360,3.02573,
19361,2.9018,
19362,2.85992,
19363,2.88806,
19364,2.97889,
19365,2.76329,
19366,2.99859,
19367,2.5984,
19368,2.96092,
19369,2.92644,
19370,3.03977,
19371,2.8467,
19372,2.95553,
19373,3.01556,
19374,2.76309,
19375,2.94501,
19376,2.63922,
19377,2.78915,
19378,2.80384,
19379,3.03258,
19380,3.04368,
19381,2.59901,
19382,2.85724,
19383,2.78419,
19384,2.92366,
19385,2.94077,
19386,3.10892,
19387,2.88616,
19388,2.79883,
19389,2.923,
19390,2.9846,
19391,2.78336,
19392,2.73285,
19393,2.69434,
19394,2.90748,
19395,3.07058,
19396,3.05862,
19397,2.95283,
19398,2.92225,
19399,2.8849,
19400,2.70251,
19401,2.94182,
19402,2.80103,
19403,2.94831,
19404,2.84226,
19405,2.85358,
19406,2.85946,
19407,2.98239,
19408,2.91302,
19409,2.81391,
19410,2.8483,
19411,2.97712,
19412,2.72128,
19413,3.08702,
19414,2.92681,
19415,2.83576,
19416,2.73346,
19417,2.92279,
19418,2.89649,
19419,2.76115,
19420,2.73088,
19421,2.9858,
19422,2.75541,
19423,2.70588,
19424,2.8299,
19425,2.72822,
19426,2.70839,
19427,2.9412,
19428,2.98183,
19429,2.78305,
19430,2.7367,
19431,2.70465,
19432,2.89578,
19433,2.98866,
19434,2.58392,
19435,2.84463,
19436,2.79979,
19437,2.87791,
19438,2.89242,
19439,2.9235,
19440,2.68254,
19441,2.76229,
19442,2.8989,
19443,2.55508,
19444,2.5545,
19445,2.98199,
19446,2.81352,
19447,2.93441,
19448,2.65287,
19449,2.61432,
19450,2.87925,
19451,2.78928,
19452,2.66439,
19453,3.00524,
19454,2.89371,
19455,2.62515,
19456,2.76529,
19457,2.62329,
19458,2.77283,
19459,2.7035,
19460,2.65232,
19461,2.88805,
19462,2.78919,
19463,2.97307,
19464,3.01958,
19465,2.87289,
19466,2.94334,
19467,2.75875,
19468,2.86354,
19469,2.96868,
19470,2.90847,
19471,2.99213,
19472,3.09647,
19473,3.16987,
19474,3.95598,
19475,2.82525,
19476,2.90136,
19477,2.90946,
19478,2.93611,
19479,2.75931,
19480,2.92328,
19481,2.85279,
19482,2.85311,
19483,2.82563,
19484,3.28864,
19485,2.89139,
19486,2.86352,
19487,2.48353,
19488,2.67081,
19489,2.91795,
19490,2.91068,
19491,2.99535,
19492,3.12126,
19493,2.92084,
19494,2.8973,
19495,2.945,
19496,2.87733,
19497,3.09265,
19498,2.86631,
19499,2.87412,
19500,3.01012,
19501,2.97252,
19502,2.84958,
19503,2.81558,
19504,2.75674,
19505,2.78387,
19506,2.85224,
19507,2.74026,
19508,2.55517,
19509,2.91705,
19510,2.76566,
19511,2.61822,
19512,2.66181,
19513,2.74937,
19514,2.86678,
19515,2.82968,
19516,2.7948,
19517,2.84322,
19518,2.51801,
19519,2.78386,
19520,2.52305,
19521,2.88701,
19522,2.67773,
19523,2.73161,
19524,2.68569,
19525,2.76798,
19526,2.75786,
19527,2.74996,
19528,2.66528,
19529,2.61614,
19530,2.79781,
19531,2.77562,
19532,2.4682,
19533,2.5668,
19534,2.56962,
19535,2.77777,
19536,2.76832,
19537,2.72299,
19538,2.74414,
19539,2.78966,
19540,2.86061,
19541,2.58762,
19542,2.91738,
19543,2.76249,
19544,2.78713,
19545,2.72623,
19546,2.88651,
19547,2.95485,
19548,2.91618,
19549,2.76226,
19550,2.6784,
19551,3.05539,
19552,2.85826,
19553,2.8977,
19554,2.82871,
19555,2.66969,
19556,2.73175,
19557,2.87378,
19558,2.41155,
19559,2.53912,
19560,2.39543,
19561,2.59677,
19562,2.74118,
19563,2.83545,
19564,2.82747,
19565,2.84198,
19566,2.75613,
19567,2.60272,
19568,2.66523,
19569,2.77506,
19570,2.93889,
19571,2.7603,
19572,2.68379,
19573,2.36505,
19574,2.45807,
19575,2.85719,
19576,2.54918,
19577,2.75369,
19578,2.55791,
19579,2.72109,
19580,2.52011,
19581,2.56681,
19582,2.54912,
19583,2.60053,
19584,2.5588,
19585,2.51652,
19586,2.59965,
19587,2.81138,
19588,2.52045,
19589,2.76873,
19590,2.69905,
19591,3.07337,
19592,3.03374,
19593,2.95954,
19594,3.09795,
19595,3.0567,
19596,2.96788,
19597,2.80128,
19598,2.59826,
19599,2.92662,
19600,2.74724,
19601,2.78358,
19602,2.92301,
19603,2.83269,
19604,2.92531,
19605,2.85763,
19606,2.80394,
19607,2.71558,
19608,2.78376,
19609,2.92434,
19610,2.86592,
19611,2.82772,
19612,2.78837,
19613,2.68911,
19614,2.97241,
19615,2.70872,
19616,2.68231,
19617,2.81896,
19618,2.81924,
19619,2.74167,
19620,3.15555,
19621,2.94509,
19622,2.99295,
19623,2.82216,
19624,3.03997,
19625,2.97517,
19626,2.85685,
19627,2.90521,
19628,2.85367,
19629,2.85425,
19630,2.89441,
19631,2.83782,
19632,2.79012,
19633,2.60796,
19634,2.79199,
19635,2.7731,
19636,2.76566,
19637,2.49734,
19638,2.63648,
19639,2.44659,
19640,2.76596,
19641,2.77206,
19642,2.53725,
19643,2.6755,
19644,2.58705,
19645,2.81834,
19646,2.6417,
19647,2.67329,
19648,2.57089,
19649,2.82769,
19650,2.87141,
19651,2.86236,
19652,2.80909,
19653,2.93993,
19654,2.86196,
19655,2.96057,
19656,2.92045,
19657,2.91999,
19658,2.95878,
19659,2.81663,
19660,2.8258,
19661,2.59374,
19662,2.86813,
19663,2.80052,
19664,2.90917,
19665,2.80988,
19666,2.69765,
19667,2.79324,
19668,2.69007,
19669,2.74935,
19670,2.88559,
19671,2.97738,
19672,2.73053,
19673,2.69643,
19674,2.74646,
19675,2.97874,
19676,2.94726,
19677,3.02122,
19678,2.82324,
19679,3.04658,
19680,2.8337,
19681,2.94524,
19682,3.11048,
19683,2.84218,
19684,2.78757,
19685,2.66175,
19686,2.95592,
19687,2.97515,
19688,2.81465,
19689,2.88143,
19690,2.85832,
19691,3.05172,
19692,2.96336,
19693,3.14018,
19694,2.7574,
19695,2.82009,
19696,2.6042,
19697,2.78396,
19698,2.8063,
19699,2.79521,
19700,2.79868,
19701,2.95713,
19702,2.89707,
19703,2.81564,
19704,2.61718,
19705,2.74548,
19706,2.80322,
19707,2.84309,
19708,2.7422,
19709,3.0612,
19710,2.99561,
19711,3.03603,
19712,2.93347,
19713,2.76861,
19714,2.95916,
19715,2.68252,
19716,3.04486,
19717,2.97419,
19718,2.95477,
19719,2.9673,
19720,3.16183,
19721,3.25891,
19722,2.89544,
19723,2.9291,
19724,2.94819,
19725,3.10248,
19726,3.14465,
19727,2.94056,
19728,2.89959,
19729,2.90112,
19730,2.75185,
19731,2.88892,
19732,2.88403,
19733,2.88413,
19734,2.67577,
19735,2.69648,
19736,2.89653,
19737,3.19833,
19738,3.30879,
19739,3.31915,
19740,3.28661,
19741,3.27711,
19742,3.27612,
19743,3.21841,
19744,3.18297,
19745,3.18144,
19746,3.19538,
19747,3.21805,
19748,3.18898,
19749,3.15177,
19750,3.08641,
19751,3.18179,
19752,3.17617,
19753,3.15719,
19754,3.09523,
19755,3.03092,
19756,2.89385,
19757,3.11835,
19758,2.95347,
19759,2.9239,
19760,2.93747,
19761,2.98469,
19762,2.82307,
19763,3.02467,
19764,2.76704,
19765,2.84219,
19766,2.92344,
19767,2.7585,
19768,2.64521,
19769,2.94052,
19770,3.05725,
19771,2.92578,
19772,2.70494,
19773,2.89685,
19774,2.88111,
19775,2.78735,
19776,2.81422,
19777,2.83315,
19778,2.73874,
19779,2.84738,
19780,2.77567,
19781,2.71872,
19782,3.00424,
19783,2.93286,
19784,2.87112,
19785,2.88624,
19786,2.78888,
19787,2.77796,
19788,2.65769,
19789,2.78844,
19790,2.89341,
19791,2.79409,
19792,2.72579,
19793,2.92538,
19794,2.79958,
19795,2.75175,
19796,2.81388,
19797,2.60181,
19798,2.61855,
19799,2.8668,
19800,2.55033,
19801,2.66545,
19802,2.70355,
19803,2.78497,
19804,2.70778,
19805,2.6654,
19806,2.75777,
19807,2.66347,
19808,2.72031,
19809,2.79572,
19810,2.83803,
19811,2.86104,
19812,2.83513,
19813,2.709,
19814,2.86095,
19815,2.65353,
19816,2.788,
19817,2.78953,
19818,2.75953,
19819,3.04029,
19820,2.72675,
19821,2.64649,
19822,2.81487,
19823,2.67592,
19824,2.57529,
19825,2.75375,
19826,2.99835,
19827,2.52143,
19828,2.51366,
19829,2.81147,
19830,2.57917,
19831,2.72527,
19832,2.66227,
19833,2.59986,
19834,2.53238,
19835,2.93564,
19836,2.83384,
19837,2.89595,
19838,2.7996,
19839,2.99636,
19840,2.90565,
19841,3.00267,
19842,2.86963,
19843,2.84136,
19844,2.91802,
19845,2.85317,
19846,2.88731,
19847,2.85218,
19848,2.83268,
19849,2.8653,
19850,2.58262,
19851,2.75814,
19852,2.82244,
19853,2.87123,
19854,2.82883,
19855,2.50894,
19856,2.73291,
19857,2.80825,
19858,2.69743,
19859,2.41225,
19860,2.60048,
19861,2.69024,
19862,2.65022,
19863,2.70643,
19864,2.41707,
19865,2.54342,
19866,2.54742,
19867,2.68488,
19868,2.73577,
19869,3.10936,
19870,3.14037,
19871,2.92168,
19872,2.88328,
19873,3.01196,
19874,3.04211,
19875,2.8034,
19876,2.9455,
19877,2.84204,
19878,2.82889,
19879,2.77399,
19880,3.04183,
19881,2.8562,
19882,2.82597,
19883,2.96168,
19884,2.98968,
19885,2.88419,
19886,2.92929,
19887,2.78785,
19888,2.96002,
19889,2.83065,
19890,2.78666,
19891,2.72402,
19892,2.74354,
19893,2.72111,
19894,2.98109,
19895,2.95027,
19896,2.81445,
19897,2.91354,
19898,2.85029,
19899,2.88837,
19900,3.03105,
19901,2.93559,
19902,2.82881,
19903,2.85535,
19904,2.91669,
19905,2.65542,
19906,2.80336,
19907,2.86168,
19908,2.95083,
19909,2.72826,
19910,2.7842,
19911,2.75076,
19912,2.87244,
19913,2.83097,
19914,2.87805,
19915,2.64412,
19916,2.83039,
19917,2.76364,
19918,2.69578,
19919,2.83882,
19920,2.9376,
19921,2.8161,
19922,2.62274,
19923,2.81503,
19924,2.82628,
19925,2.80002,
19926,2.72529,
19927,2.65498,
19928,2.72999,
19929,2.69644,
19930,2.79536,
19931,2.52121,
19932,2.5627,
19933,2.62268,
19934,2.71749,
19935,2.72548,
19936,2.68145,
19937,2.49127,
19938,2.68962,
19939,2.58933,
19940,2.68527,
19941,2.52552,
19942,2.59624,
19943,2.83217,
19944,2.72395,
19945,2.77721,
19946,2.49957,
19947,2.67331,
19948,2.57339,
19949,2.66157,
19950,2.78958,
19951,2.51238,
19952,2.62165,
19953,2.51561,
19954,2.46549,
19955,2.68394,
19956,2.66033,
19957,2.63053,
19958,2.60758,
19959,2.80355,
19960,2.61854,
19961,2.70998,
19962,2.86388,
19963,2.93503,
19964,2.88099,
19965,2.87412,
19966,3.13888,
19967,2.86847,
19968,2.77461,
19969,2.99807,
19970,2.84167,
19971,2.93645,
19972,2.98232,
19973,2.89098,
19974,2.87193,
19975,2.86022,
19976,2.61544,
19977,2.86283,
19978,2.81163,
19979,2.67066,
19980,2.81788,
19981,2.78136,
19982,2.61155,
19983,2.77858,
19984,2.79944,
19985,2.65136,
19986,2.71511,
19987,2.79398,
19988,2.90311,
19989,2.73452,
19990,2.77845,
19991,2.72877,
19992,3.02751,
19993,3.12962,
19994,3.1484,
19995,3.16953,
19996,3.18682,
19997,3.11392,
19998,3.08225,
19999,3.1896,
20000,3.04247,
20001,3.11122,
20002,3.14363,
20003,3.13506,
20004,2.97995,
20005,3.08786,
20006,3.06184,
20007,3.11059,
20008,3.16136,
20009,3.08009,
20010,3.07415,
20011,3.04864,
20012,3.0843,
20013,2.91266,
20014,3.08523,
20015,2.59508,
20016,2.68489,
20017,2.59887,
20018,2.48274,
20019,2.51817,
20020,2.49112,
20021,2.79488,
20022,2.35005,
20023,2.57582,
20024,2.4871,
20025,2.62642,
20026,2.61934,
20027,2.37924,
20028,2.43697,
20029,2.63985,
20030,2.79034,
20031,2.72518,
20032,2.41433,
20033,2.44594,
20034,2.99194,
20035,3.07689,
20036,2.97214,
20037,3.03246,
20038,2.97328,
20039,2.98346,
20040,2.86798,
20041,2.66991,
20042,2.78812,
20043,2.92238,
20044,2.77998,
20045,2.89945,
20046,2.98255,
20047,3.04118,
20048,2.92546,
20049,2.79457,
20050,2.69528,
20051,2.88262,
20052,2.77514,
20053,2.78265,
20054,2.56068,
20055,2.59736,
20056,2.5531,
20057,2.73253,
20058,2.81084,
20059,2.7181,
20060,2.80676,
20061,2.75543,
20062,2.82322,
20063,2.80082,
20064,2.94404,
20065,2.74101,
20066,2.67717,
20067,2.80112,
20068,2.59631,
20069,2.63423,
20070,2.63664,
20071,2.82136,
20072,2.88954,
20073,2.71722,
20074,2.5765,
20075,2.558,
20076,2.48899,
20077,2.36557,
20078,2.4502,
20079,2.48474,
20080,2.72215,
20081,2.40754,
20082,2.51915,
20083,2.52638,
20084,2.79977,
20085,2.66409,
20086,2.8718,
20087,2.53677,
20088,2.98293,
20089,2.70697,
20090,2.95684,
20091,3.11192,
20092,2.92941,
20093,3.11622,
20094,2.93304,
20095,2.89075,
20096,2.95788,
20097,2.92961,
20098,2.73774,
20099,2.65901,
20100,2.6604,
20101,2.78161,
20102,2.78088,
20103,2.76099,
20104,2.82654,
20105,2.70556,
20106,2.85188,
20107,2.63897,
20108,2.87738,
20109,2.85826,
20110,2.60107,
20111,2.54158,
20112,2.82351,
20113,2.5167,
20114,2.5908,
20115,2.55393,
20116,2.40008,
20117,2.4675,
20118,2.54798,
20119,2.95643,
20120,2.98269,
20121,3.16078,
20122,3.1401,
20123,3.10233,
20124,3.03628,
20125,2.72696,
20126,2.8029,
20127,2.77935,
20128,2.94031,
20129,3.18023,
20130,2.96112,
20131,2.94373,
20132,2.80086,
20133,2.74165,
20134,3.0332,
20135,3.03216,
20136,3.08074,
20137,2.90142,
20138,3.10373,
20139,2.80596,
20140,2.85883,
20141,2.79309,
20142,2.96427,
20143,2.77953,
20144,2.76598,
20145,2.74684,
20146,2.69832,
20147,2.91486,
20148,2.64969,
20149,2.69219,
20150,2.79921,
20151,2.82643,
20152,2.87649,
20153,2.75229,
20154,2.77268,
20155,2.69402,
20156,2.65055,
20157,2.6039,
20158,2.62213,
20159,2.76843,
20160,2.5194,
20161,2.56322,
20162,2.81442,
20163,2.69171,
20164,3.07471,
20165,3.16167,
20166,3.03621,
20167,3.17654,
20168,3.09737,
20169,3.04245,
20170,2.89758,
20171,2.99116,
20172,2.7615,
20173,2.80557,
20174,2.74251,
20175,2.73892,
20176,3.02149,
20177,2.96922,
20178,2.88664,
20179,3.02419,
20180,2.95899,
20181,2.7187,
20182,2.78703,
20183,2.82403,
20184,2.65684,
20185,2.78432,
20186,2.94499,
20187,2.90303,
20188,2.99533,
20189,3.12813,
20190,3.09772,
20191,2.54708,
20192,2.74204,
20193,2.89239,
20194,2.91281,
20195,2.95683,
20196,2.92163,
20197,3.04239,
20198,2.96467,
20199,3.10389,
20200,2.85877,
20201,2.78427,
20202,3.00824,
20203,2.69783,
20204,2.88103,
20205,2.92734,
20206,2.88079,
20207,2.83234,
20208,2.86921,
20209,3.12856,
20210,2.92088,
20211,3.0269,
20212,2.86591,
20213,3.03913,
20214,2.96623,
20215,2.9433,
20216,2.80955,
20217,2.90112,
20218,2.82074,
20219,2.69652,
20220,2.81134,
20221,2.7537,
20222,2.85099,
20223,2.80821,
20224,2.91435,
20225,2.65005,
20226,2.8249,
20227,2.8699,
20228,2.86774,
20229,2.71959,
20230,2.69128,
20231,2.93898,
20232,2.75485,
20233,2.86915,
20234,1.93881,
20235,2.90964,
20236,2.97729,
20237,3.05179,
20238,3.11793,
20239,3.31481,
20240,2.98989,
20241,3.06003,
20242,2.90146,
20243,2.98444,
20244,2.90198,
20245,3.03784,
20246,3.00457,
20247,2.84698,
20248,2.82813,
20249,2.82304,
20250,3.03325,
20251,2.76938,
20252,2.95835,
20253,3.02968,
20254,2.86524,
20255,2.86623,
20256,2.81729,
20257,2.92909,
20258,2.94908,
20259,2.98488,
20260,2.95049,
20261,2.98024,
20262,2.81408,
20263,3.07048,
20264,3.08995,
20265,2.82357,
20266,2.94008,
20267,2.77203,
20268,2.73195,
20269,2.69804,
20270,2.52366,
20271,2.87405,
20272,2.71869,
20273,2.67157,
20274,2.79475,
20275,2.91021,
20276,2.78135,
20277,2.65778,
20278,2.69281,
20279,2.64877,
20280,2.89949,
20281,2.69032,
20282,2.77148,
20283,2.93686,
20284,2.74992,
20285,2.92039,
20286,2.85317,
20287,2.70595,
20288,2.77738,
20289,2.80952,
20290,2.9614,
20291,2.85141,
20292,2.82372,
20293,2.83981,
20294,2.8756,
20295,2.7128,
20296,2.55115,
20297,2.77235,
20298,2.69561,
20299,2.78335,
20300,2.78416,
20301,2.52176,
20302,2.81281,
20303,2.94195,
20304,2.8319,
20305,2.7532,
20306,2.66279,
20307,2.91751,
20308,2.73785,
20309,2.47644,
20310,2.76528,
20311,2.78018,
20312,2.94284,
20313,2.73313,
20314,2.656,
20315,2.76328,
20316,2.65606,
20317,2.64793,
20318,2.73979,
20319,2.74694,
20320,2.93051,
20321,2.92673,
20322,2.87859,
20323,2.65448,
20324,2.81594,
20325,2.71719,
20326,2.9329,
20327,2.91009,
20328,2.86152,
20329,2.88833,
20330,3.03431,
20331,2.78481,
20332,2.90608,
20333,2.82834,
20334,2.68209,
20335,2.92778,
20336,2.84331,
20337,3.01172,
20338,2.82731,
20339,2.5453,
20340,2.65533,
20341,2.80784,
20342,2.65665,
20343,2.68971,
20344,2.55594,
20345,2.66848,
20346,2.89644,
20347,2.94357,
20348,2.83789,
20349,3.02466,
20350,2.86054,
20351,2.89164,
20352,2.81867,
20353,2.97387,
20354,2.9482,
20355,2.95293,
20356,2.9011,
20357,2.87431,
20358,2.87405,
20359,2.80007,
20360,2.94857,
20361,2.58823,
20362,2.70882,
20363,2.88895,
20364,2.76883,
20365,2.79609,
20366,2.62837,
20367,2.76746,
20368,2.9028,
20369,2.61519,
20370,2.74478,
20371,2.67905,
20372,2.60891,
20373,2.77005,
20374,2.58652,
20375,2.65819,
20376,2.64311,
20377,2.7969,
20378,2.71828,
20379,2.82507,
20380,2.8755,
20381,2.84289,
20382,2.67351,
20383,2.75778,
20384,2.74349,
20385,2.78259,
20386,2.63424,
20387,2.91816,
20388,2.8481,
20389,2.87254,
20390,2.9124,
20391,2.8658,
20392,2.74219,
20393,2.8952,
20394,2.80702,
20395,2.85738,
20396,2.87832,
20397,2.95277,
20398,3.10436,
20399,2.9903,
20400,2.88095,
20401,2.84717,
20402,2.76994,
20403,2.79038,
20404,2.64489,
20405,2.73899,
20406,2.62177,
20407,2.80156,
20408,2.70241,
20409,2.90253,
20410,2.72656,
20411,2.81384,
20412,2.99299,
20413,2.90608,
20414,3.09364,
20415,2.77144,
20416,2.60335,
20417,2.88593,
20418,2.57753,
20419,2.8611,
20420,2.81234,
20421,2.97417,
20422,3.05539,
20423,3.05462,
20424,2.74252,
20425,3.02016,
20426,2.88244,
20427,2.84669,
20428,2.86144,
20429,2.95997,
20430,2.73977,
20431,2.98534,
20432,2.59355,
20433,2.94567,
20434,2.92802,
20435,3.03725,
20436,2.83008,
20437,2.9431,
20438,2.99781,
20439,2.75813,
20440,2.93577,
20441,2.64078,
20442,2.77858,
20443,2.80607,
20444,3.02017,
20445,3.0476,
20446,2.5909,
20447,2.84175,
20448,2.77497,
20449,2.91242,
20450,2.93168,
20451,3.11149,
20452,2.87035,
20453,2.80511,
20454,2.91657,
20455,2.96064,
20456,2.80496,
20457,2.72675,
20458,2.69008,
20459,2.90518,
20460,3.04591,
20461,3.04764,
20462,2.93356,
20463,2.91416,
20464,2.87012,
20465,2.68419,
20466,2.93716,
20467,2.781,
20468,2.934,
20469,2.83538,
20470,2.8296,
20471,2.85917,
20472,2.96714,
20473,2.91663,
20474,2.79243,
20475,2.82481,
20476,2.95374,
20477,2.70431,
20478,3.08849,
20479,2.90746,
20480,2.83066,
20481,2.71854,
20482,2.90872,
20483,2.88222,
20484,2.74683,
20485,2.71495,
20486,2.96979,
20487,2.74721,
20488,2.69145,
20489,2.81713,
20490,2.72575,
20491,2.6993,
20492,2.91616,
20493,2.97395,
20494,2.77232,
20495,2.72307,
20496,2.68632,
20497,2.88122,
20498,2.96547,
20499,2.58773,
20500,2.83214,
20501,2.78429,
20502,2.86894,
20503,2.88291,
20504,2.91805,
20505,2.67296,
20506,2.77218,
20507,2.88186,
20508,2.53519,
20509,2.53378,
20510,2.96719,
20511,2.79244,
20512,2.93184,
20513,2.64077,
20514,2.60904,
20515,2.88253,
20516,2.77645,
20517,2.67167,
20518,2.99117,
20519,2.86915,
20520,2.60467,
20521,2.76457,
20522,2.60998,
20523,2.75054,
20524,2.69216,
20525,2.62697,
20526,2.87567,
20527,2.77159,
20528,2.96783,
20529,3.01031,
20530,2.85646,
20531,2.92949,
20532,2.75759,
20533,2.84562,
20534,2.96471,
20535,2.88876,
20536,2.98716,
20537,3.06824,
20538,3.1551,
20539,3.93643,
20540,2.81919,
20541,2.88045,
20542,2.89492,
20543,2.91761,
20544,2.74403,
20545,2.91646,
20546,2.84436,
20547,2.84034,
20548,2.80359,
20549,3.26721,
20550,2.9022,
20551,2.84971,
20552,2.4696,
20553,2.65863,
20554,2.9044,
20555,2.90628,
20556,2.98805,
20557,3.11453,
20558,2.9038,
20559,2.87401,
20560,2.9178,
20561,2.85356,
20562,3.07477,
20563,2.85002,
20564,2.85574,
20565,3.01014,
20566,2.96329,
20567,2.8353,
20568,2.8146,
20569,2.74385,
20570,2.75463,
20571,2.8395,
20572,2.73377,
20573,2.56528,
20574,2.89295,
20575,2.77373,
20576,2.60939,
20577,2.65079,
20578,2.74658,
20579,2.84706,
20580,2.82445,
20581,2.77687,
20582,2.8362,
20583,2.50626,
20584,2.78544,
20585,2.50948,
20586,2.88594,
20587,2.66359,
20588,2.72701,
20589,2.6755,
20590,2.76615,
20591,2.73405,
20592,2.75202,
20593,2.64933,
20594,2.60309,
20595,2.79288,
20596,2.7702,
20597,2.46732,
20598,2.55803,
20599,2.55331,
20600,2.7603,
20601,2.76438,
20602,2.71127,
20603,2.74549,
20604,2.79068,
20605,2.85263,
20606,2.58363,
20607,2.90344,
20608,2.75601,
20609,2.76348,
20610,2.70947,
20611,2.87017,
20612,2.9296,
20613,2.94468,
20614,2.74015,
20615,2.67348,
20616,3.04568,
20617,2.8478,
20618,2.88739,
20619,2.829,
20620,2.66266,
20621,2.72598,
20622,2.85854,
20623,2.39833,
20624,2.52278,
20625,2.37334,
20626,2.59474,
20627,2.72408,
20628,2.83263,
20629,2.805,
20630,2.81262,
20631,2.75976,
20632,2.58441,
20633,2.65433,
20634,2.77227,
20635,2.94502,
20636,2.74803,
20637,2.68526,
20638,2.35049,
20639,2.44378,
20640,2.85056,
20641,2.55006,
20642,2.76543,
20643,2.55129,
20644,2.72141,
20645,2.52221,
20646,2.55007,
20647,2.54439,
20648,2.57491,
20649,2.55293,
20650,2.49453,
20651,2.5975,
20652,2.80226,
20653,2.5013,
20654,2.76494,
20655,2.69729,
20656,3.04919,
20657,3.02643,
20658,2.955,
20659,3.09689,
20660,3.04767,
20661,2.95342,
20662,2.79085,
20663,2.59127,
20664,2.90612,
20665,2.73902,
20666,2.75977,
20667,2.92536,
20668,2.82144,
20669,2.90282,
20670,2.85138,
20671,2.82302,
20672,2.69556,
20673,2.79649,
20674,2.91658,
20675,2.85877,
20676,2.81821,
20677,2.77234,
20678,2.66739,
20679,2.96197,
20680,2.70865,
20681,2.67169,
20682,2.80426,
20683,2.81401,
20684,2.72645,
20685,3.13941,
20686,2.9331,
20687,2.95422,
20688,2.80483,
20689,3.03365,
20690,2.97957,
20691,2.87744,
20692,2.90279,
20693,2.84597,
20694,2.83699,
20695,2.89473,
20696,2.82083,
20697,2.78787,
20698,2.61163,
20699,2.77803,
20700,2.7639,
20701,2.77054,
20702,2.48935,
20703,2.62499,
20704,2.44934,
20705,2.75434,
20706,2.75237,
20707,2.50929,
20708,2.66059,
20709,2.59035,
20710,2.81022,
20711,2.62804,
20712,2.66386,
20713,2.54438,
20714,2.80505,
20715,2.87419,
20716,2.86239,
20717,2.80222,
20718,2.932,
20719,2.85419,
20720,2.95955,
20721,2.9071,
20722,2.91168,
20723,2.93408,
20724,2.80886,
20725,2.81245,
20726,2.57865,
20727,2.86366,
20728,2.78011,
20729,2.90254,
20730,2.80482,
20731,2.69069,
20732,2.78593,
20733,2.6807,
20734,2.75297,
20735,2.88448,
20736,2.97199,
20737,2.71086,
20738,2.67802,
20739,2.72468,
20740,2.9627,
20741,2.94468,
20742,3.00543,
20743,2.81332,
20744,3.04282,
20745,2.83717,
20746,2.92558,
20747,3.10549,
20748,2.8314,
20749,2.76958,
20750,2.66525,
20751,2.95546,
20752,2.96093,
20753,2.79424,
20754,2.86491,
20755,2.85224,
20756,3.0353,
20757,2.96225,
20758,3.12516,
20759,2.74321,
20760,2.81615,
20761,2.59895,
20762,2.7743,
20763,2.80732,
20764,2.7838,
20765,2.78242,
20766,2.96218,
20767,2.87471,
20768,2.81794,
20769,2.60244,
20770,2.73354,
20771,2.76715,
20772,2.83677,
20773,2.74271,
20774,3.04102,
20775,2.98703,
20776,3.0202,
20777,2.92884,
20778,2.75935,
20779,2.94437,
20780,2.68155,
20781,3.01903,
20782,2.95457,
20783,2.95502,
20784,2.96305,
20785,3.13668,
20786,3.24798,
20787,2.88547,
20788,2.90462,
20789,2.93478,
20790,3.08536,
20791,3.12175,
20792,2.93075,
20793,2.89705,
20794,2.89625,
20795,2.74186,
20796,2.88521,
20797,2.87293,
20798,2.87739,
20799,2.67888,
20800,2.67967,
20801,2.88843,
20802,3.18058,
20803,3.29535,
20804,3.30804,
20805,3.26134,
20806,3.27292,
20807,3.26164,
20808,3.20226,
20809,3.17509,
20810,3.17709,
20811,3.17046,
20812,3.19918,
20813,3.15464,
20814,3.14778,
20815,3.06599,
20816,3.16997,
20817,3.15896,
20818,3.14343,
20819,3.09618,
20820,3.00111,
20821,2.86891,
20822,3.1019,
20823,2.94142,
20824,2.90161,
20825,2.93463,
20826,2.97436,
20827,2.80502,
20828,2.99695,
20829,2.75739,
20830,2.82874,
20831,2.92134,
20832,2.74785,
20833,2.62176,
20834,2.92175,
20835,3.055,
20836,2.91842,
20837,2.69071,
20838,2.87274,
20839,2.86708,
20840,2.78272,
20841,2.80255,
20842,2.82263,
20843,2.70574,
20844,2.82751,
20845,2.78225,
20846,2.70737,
20847,2.99717,
20848,2.92312,
20849,2.8636,
20850,2.86815,
20851,2.77937,
20852,2.76753,
20853,2.65703,
20854,2.78998,
20855,2.87901,
20856,2.78666,
20857,2.70734,
20858,2.89533,
20859,2.78573,
20860,2.73368,
20861,2.80303,
20862,2.59987,
20863,2.61231,
20864,2.85085,
20865,2.53242,
20866,2.6607,
20867,2.69605,
20868,2.78719,
20869,2.68572,
20870,2.65823,
20871,2.76226,
20872,2.64719,
20873,2.71551,
20874,2.78383,
20875,2.8388,
20876,2.84905,
20877,2.83348,
20878,2.69015,
20879,2.83287,
20880,2.65317,
20881,2.78027,
20882,2.77606,
20883,2.75097,
20884,3.02281,
20885,2.70362,
20886,2.6386,
20887,2.79887,
20888,2.66424,
20889,2.57796,
20890,2.75249,
20891,2.98126,
20892,2.52506,
20893,2.4949,
20894,2.82781,
20895,2.56505,
20896,2.71727,
20897,2.65826,
20898,2.58338,
20899,2.53072,
20900,2.91905,
20901,2.82696,
20902,2.90002,
20903,2.79178,
20904,2.98823,
20905,2.88948,
20906,2.99265,
20907,2.86812,
20908,2.82961,
20909,2.90261,
20910,2.84603,
20911,2.85461,
20912,2.83643,
20913,2.82181,
20914,2.86307,
20915,2.56531,
20916,2.75347,
20917,2.81209,
20918,2.8682,
20919,2.83406,
20920,2.49012,
20921,2.73194,
20922,2.799,
20923,2.69772,
20924,2.40964,
20925,2.59469,
20926,2.66951,
20927,2.638,
20928,2.69717,
20929,2.41755,
20930,2.55174,
20931,2.54132,
20932,2.68044,
20933,2.72091,
20934,3.07968,
20935,3.1272,
20936,2.91213,
20937,2.88443,
20938,3.00529,
20939,3.04054,
20940,2.79343,
20941,2.93004,
20942,2.834,
20943,2.81636,
20944,2.76332,
20945,3.02852,
20946,2.84539,
20947,2.81633,
20948,2.94343,
20949,2.99188,
20950,2.8582,
20951,2.91982,
20952,2.77845,
20953,2.9447,
20954,2.82337,
20955,2.78388,
20956,2.71287,
20957,2.73414,
20958,2.70659,
20959,2.96283,
20960,2.94017,
20961,2.80126,
20962,2.90219,
20963,2.84398,
20964,2.87691,
20965,3.03646,
20966,2.92134,
20967,2.81824,
20968,2.84625,
20969,2.90575,
20970,2.6462,
20971,2.78462,
20972,2.86054,
20973,2.9357,
20974,2.72432,
20975,2.77628,
20976,2.73633,
20977,2.86491,
20978,2.82353,
20979,2.87054,
20980,2.63656,
20981,2.81872,
20982,2.75757,
20983,2.69283,
20984,2.83769,
20985,2.93204,
20986,2.7909,
20987,2.60103,
20988,2.7901,
20989,2.81943,
20990,2.80073,
20991,2.71338,
20992,2.65651,
20993,2.71921,
20994,2.69082,
20995,2.77803,
20996,2.50883,
20997,2.56007,
20998,2.62057,
20999,2.71583,
21000,2.71123,
21001,2.66341,
21002,2.48792,
21003,2.68217,
21004,2.57267,
21005,2.67091,
21006,2.5138,
21007,2.60593,
21008,2.82396,
21009,2.70664,
21010,2.76787,
21011,2.47919,
21012,2.66065,
21013,2.55819,
21014,2.64967,
21015,2.78391,
21016,2.49475,
21017,2.61549,
21018,2.51786,
21019,2.45306,
21020,2.67201,
21021,2.65463,
21022,2.60512,
21023,2.59368,
21024,2.79099,
21025,2.6111,
21026,2.68897,
21027,2.85322,
21028,2.92305,
21029,2.86591,
21030,2.85804,
21031,3.12034,
21032,2.86209,
21033,2.77832,
21034,2.9901,
21035,2.82141,
21036,2.92393,
21037,2.97505,
21038,2.87241,
21039,2.85158,
21040,2.85264,
21041,2.60775,
21042,2.84253,
21043,2.80277,
21044,2.65877,
21045,2.82821,
21046,2.76855,
21047,2.61095,
21048,2.7672,
21049,2.79674,
21050,2.64618,
21051,2.72132,
21052,2.78908,
21053,2.87836,
21054,2.73355,
21055,2.77247,
21056,2.72294,
21057,3.01132,
21058,3.12041,
21059,3.14341,
21060,3.15414,
21061,3.17389,
21062,3.10334,
21063,3.08426,
21064,3.18661,
21065,3.0348,
21066,3.11441,
21067,3.14221,
21068,3.12305,
21069,2.9668,
21070,3.07438,
21071,3.05536,
21072,3.10054,
21073,3.15443,
21074,3.06948,
21075,3.06282,
21076,3.02696,
21077,3.07669,
21078,2.89172,
21079,3.0693,
21080,2.57231,
21081,2.67736,
21082,2.58192,
21083,2.47112,
21084,2.51483,
21085,2.50077,
21086,2.79286,
21087,2.33992,
21088,2.56345,
21089,2.48785,
21090,2.60366,
21091,2.59785,
21092,2.35872,
21093,2.42731,
21094,2.63013,
21095,2.77454,
21096,2.72593,
21097,2.40299,
21098,2.43156,
21099,2.99093,
21100,3.06751,
21101,2.96041,
21102,3.01244,
21103,2.96305,
21104,2.97193,
21105,2.85168,
21106,2.65879,
21107,2.78045,
21108,2.92173,
21109,2.78079,
21110,2.89992,
21111,2.96787,
21112,3.03397,
21113,2.93225,
21114,2.77787,
21115,2.68359,
21116,2.85486,
21117,2.77105,
21118,2.7646,
21119,2.56214,
21120,2.58198,
21121,2.53838,
21122,2.73551,
21123,2.805,
21124,2.70545,
21125,2.79941,
21126,2.74774,
21127,2.81708,
21128,2.78021,
21129,2.92784,
21130,2.71872,
21131,2.66733,
21132,2.78999,
21133,2.56577,
21134,2.61864,
21135,2.64579,
21136,2.80676,
21137,2.89108,
21138,2.70179,
21139,2.56143,
21140,2.54741,
21141,2.474,
21142,2.35435,
21143,2.44561,
21144,2.47104,
21145,2.69393,
21146,2.38179,
21147,2.51059,
21148,2.51885,
21149,2.81,
21150,2.66326,
21151,2.86457,
21152,2.52505,
21153,2.96924,
21154,2.69473,
21155,2.93822,
21156,3.09266,
21157,2.90888,
21158,3.09704,
21159,2.91555,
21160,2.8733,
21161,2.94506,
21162,2.90419,
21163,2.71667,
21164,2.64249,
21165,2.63841,
21166,2.76024,
21167,2.76264,
21168,2.75548,
21169,2.81241,
21170,2.70203,
21171,2.83973,
21172,2.62868,
21173,2.86465,
21174,2.85462,
21175,2.59986,
21176,2.53956,
21177,2.81901,
21178,2.52444,
21179,2.57863,
21180,2.54384,
21181,2.39016,
21182,2.45605,
21183,2.54553,
21184,2.93767,
21185,2.96328,
21186,3.14388,
21187,3.12062,
21188,3.08756,
21189,3.02998,
21190,2.70239,
21191,2.78568,
21192,2.75951,
21193,2.92456,
21194,3.17614,
21195,2.93753,
21196,2.9416,
21197,2.76729,
21198,2.73478,
21199,3.01698,
21200,3.01768,
21201,3.06623,
21202,2.89838,
21203,3.09561,
21204,2.77561,
21205,2.85383,
21206,2.78946,
21207,2.92697,
21208,2.79397,
21209,2.7615,
21210,2.73733,
21211,2.68614,
21212,2.90123,
21213,2.65203,
21214,2.68349,
21215,2.78527,
21216,2.81705,
21217,2.86899,
21218,2.73444,
21219,2.76417,
21220,2.67917,
21221,2.62744,
21222,2.58594,
21223,2.62814,
21224,2.76284,
21225,2.50579,
21226,2.56142,
21227,2.79951,
21228,2.67778,
21229,3.05456,
21230,3.13917,
21231,3.01641,
21232,3.16566,
21233,3.08872,
21234,3.03564,
21235,2.88591,
21236,2.99069,
21237,2.75299,
21238,2.79692,
21239,2.72115,
21240,2.73525,
21241,3.00461,
21242,2.9667,
21243,2.8807,
21244,3.00536,
21245,2.96262,
21246,2.72156,
21247,2.77557,
21248,2.81027,
21249,2.63554,
21250,2.78774,
21251,2.93585,
21252,2.88776,
21253,2.97678,
21254,3.12529,
21255,3.10102,
21256,2.53315,
21257,2.74144,
21258,2.8751,
21259,2.90145,
21260,2.92397,
21261,2.91464,
21262,3.0391,
21263,2.94285,
21264,3.08167,
21265,2.8428,
21266,2.76825,
21267,2.98921,
21268,2.69381,
21269,2.88588,
21270,2.91197,
21271,2.8582,
21272,2.83469,
21273,2.85996,
21274,3.10271,
21275,2.91464,
21276,3.01647,
21277,2.86301,
21278,3.02624,
21279,2.97046,
21280,2.90836,
21281,2.8006,
21282,2.89895,
21283,2.82707,
21284,2.70098,
21285,2.81758,
21286,2.73983,
21287,2.86593,
21288,2.8021,
21289,2.90046,
21290,2.64959,
21291,2.81302,
21292,2.85349,
21293,2.84841,
21294,2.70529,
21295,2.6749,
21296,2.91996,
21297,2.74105,
21298,2.86009,
21299,1.91454,
21300,2.90584,
21301,2.94827,
21302,3.03281,
21303,3.09963,
21304,3.30646,
21305,2.97762,
21306,3.02875,
21307,2.89517,
21308,2.97984,
21309,2.90269,
21310,3.03602,
21311,2.99109,
21312,2.83314,
21313,2.8162,
21314,2.81737,
21315,3.00429,
21316,2.75423,
21317,2.94423,
21318,3.00855,
21319,2.88696,
21320,2.85487,
21321,2.8183,
21322,2.91691,
21323,2.93464,
21324,2.96784,
21325,2.93359,
21326,2.97677,
21327,2.79372,
21328,3.05694,
21329,3.06357,
21330,2.81877,
21331,2.94012,
21332,2.76039,
21333,2.7231,
21334,2.68505,
21335,2.52198,
21336,2.867,
21337,2.69413,
21338,2.67235,
21339,2.77198,
21340,2.89148,
21341,2.77695,
21342,2.65643,
21343,2.6836,
21344,2.64391,
21345,2.89179,
21346,2.69024,
21347,2.7771,
21348,2.93499,
21349,2.75053,
21350,2.911,
21351,2.85297,
21352,2.69063,
21353,2.77306,
21354,2.8123,
21355,2.94959,
21356,2.84203,
21357,2.80901,
21358,2.83766,
21359,2.8876,
21360,2.70633,
21361,2.53817,
21362,2.76422,
21363,2.68366,
21364,2.79139,
21365,2.76119,
21366,2.51595,
21367,2.80632,
21368,2.94138,
21369,2.81596,
21370,2.75373,
21371,2.6496,
21372,2.91675,
21373,2.72205,
21374,2.47382,
21375,2.76849,
21376,2.78942,
21377,2.94516,
21378,2.71347,
21379,2.6602,
21380,2.7428,
21381,2.64148,
21382,2.63893,
21383,2.7354,
21384,2.72978,
21385,2.91704,
21386,2.92494,
21387,2.86593,
21388,2.6609,
21389,2.79519,
21390,2.72936,
21391,2.94026,
21392,2.90073,
21393,2.85619,
21394,2.87756,
21395,3.02241,
21396,2.77469,
21397,2.91406,
21398,2.82012,
21399,2.68514,
21400,2.93432,
21401,2.84045,
21402,3.01082,
21403,2.80987,
21404,2.53269,
21405,2.65921,
21406,2.79071,
21407,2.6555,
21408,2.69558,
21409,2.54597,
21410,2.65854,
21411,2.89854,
21412,2.93127,
21413,2.82085,
21414,3.02656,
21415,2.84786,
21416,2.87885,
21417,2.80401,
21418,2.97141,
21419,2.94406,
21420,2.94572,
21421,2.90493,
21422,2.8617,
21423,2.87443,
21424,2.7929,
21425,2.9417,
21426,2.59018,
21427,2.69411,
21428,2.87633,
21429,2.75888,
21430,2.80957,
21431,2.60729,
21432,2.74732,
21433,2.89982,
21434,2.60752,
21435,2.73337,
21436,2.66533,
21437,2.614,
21438,2.76719,
21439,2.57785,
21440,2.65057,
21441,2.64151,
21442,2.78017,
21443,2.71734,
21444,2.83428,
21445,2.86982,
21446,2.83265,
21447,2.67347,
21448,2.74675,
21449,2.73742,
21450,2.78806,
21451,2.62842,
21452,2.88882,
21453,2.84198,
21454,2.86623,
21455,2.90558,
21456,2.86621,
21457,2.72623,
21458,2.87894,
21459,2.80786,
21460,2.86011,
21461,2.89754,
21462,2.9516,
21463,3.08998,
21464,2.97578,
21465,2.88513,
21466,2.83819,
21467,2.75803,
21468,2.78647,
21469,2.64478,
21470,2.72874,
21471,2.61771,
21472,2.78735,
21473,2.68984,
21474,2.8885,
21475,2.72785,
21476,2.80008,
21477,2.98328,
21478,2.89888,
21479,3.09271,
21480,2.76581,
21481,2.59465,
21482,2.87341,
21483,2.57129,
21484,2.86209,
21485,2.7972,
21486,2.96207,
21487,3.022,
21488,3.05339,
21489,2.73171,
21490,2.99793,
21491,2.86535,
21492,2.84833,
21493,2.84141,
21494,2.95083,
21495,2.73529,
21496,2.99241,
21497,2.58551,
21498,2.94294,
21499,2.90472,
21500,3.02866,
21501,2.82351,
21502,2.93383,
21503,2.98953,
21504,2.75731,
21505,2.93912,
21506,2.62642,
21507,2.76794,
21508,2.7938,
21509,3.01404,
21510,3.03883,
21511,2.58425,
21512,2.84142,
21513,2.76838,
21514,2.90824,
21515,2.92001,
21516,3.09837,
21517,2.86521,
21518,2.79242,
21519,2.89995,
21520,2.96097,
21521,2.77463,
21522,2.72434,
21523,2.66747,
21524,2.88986,
21525,3.04296,
21526,3.03469,
21527,2.92823,
21528,2.90906,
21529,2.87825,
21530,2.67971,
21531,2.93489,
21532,2.77756,
21533,2.93684,
21534,2.82355,
21535,2.82238,
21536,2.84107,
21537,2.96404,
21538,2.90873,
21539,2.78961,
21540,2.81895,
21541,2.93915,
21542,2.69314,
21543,3.07835,
21544,2.91288,
21545,2.81477,
21546,2.71801,
21547,2.89619,
21548,2.88661,
21549,2.7627,
21550,2.73663,
21551,2.96764,
21552,2.72773,
21553,2.68413,
21554,2.80133,
21555,2.71257,
21556,2.67823,
21557,2.9221,
21558,2.95605,
21559,2.75935,
21560,2.73956,
21561,2.67779,
21562,2.87267,
21563,2.95972,
21564,2.56295,
21565,2.81898,
21566,2.78318,
21567,2.86611,
21568,2.87074,
21569,2.91239,
21570,2.69004,
21571,2.74695,
21572,2.86463,
21573,2.50556,
21574,2.51963,
21575,2.96607,
21576,2.78926,
21577,2.91618,
21578,2.62861,
21579,2.59593,
21580,2.88058,
21581,2.76849,
21582,2.64552,
21583,2.97505,
21584,2.86142,
21585,2.59778,
21586,2.76879,
21587,2.60405,
21588,2.73559,
21589,2.67722,
21590,2.6126,
21591,2.86862,
21592,2.76998,
21593,2.96724,
21594,3.00725,
21595,2.85552,
21596,2.91947,
21597,2.74098,
21598,2.8492,
21599,2.96453,
21600,2.87505,
21601,2.98178,
21602,3.04892,
21603,3.14523,
21604,3.92243,
21605,2.80148,
21606,2.87129,
21607,2.89745,
21608,2.90927,
21609,2.74079,
21610,2.92655,
21611,2.84095,
21612,2.82396,
21613,2.7956,
21614,3.25321,
21615,2.8815,
21616,2.84253,
21617,2.46009,
21618,2.65184,
21619,2.89617,
21620,2.89564,
21621,2.97175,
21622,3.10919,
21623,2.9044,
21624,2.85695,
21625,2.92757,
21626,2.84489,
21627,3.05051,
21628,2.83772,
21629,2.84403,
21630,2.98927,
21631,2.96252,
21632,2.82637,
21633,2.78047,
21634,2.72913,
21635,2.74963,
21636,2.82654,
21637,2.729,
21638,2.53976,
21639,2.89556,
21640,2.75739,
21641,2.60216,
21642,2.66304,
21643,2.73783,
21644,2.83083,
21645,2.80079,
21646,2.77528,
21647,2.81958,
21648,2.49463,
21649,2.76582,
21650,2.49455,
21651,2.87919,
21652,2.66323,
21653,2.71033,
21654,2.64826,
21655,2.74638,
21656,2.72506,
21657,2.73899,
21658,2.64837,
21659,2.60322,
21660,2.7736,
21661,2.76677,
21662,2.44893,
21663,2.55436,
21664,2.53961,
21665,2.74743,
21666,2.75639,
21667,2.69965,
21668,2.73417,
21669,2.77586,
21670,2.84436,
21671,2.57167,
21672,2.91152,
21673,2.73556,
21674,2.76464,
21675,2.73992,
21676,2.87363,
21677,2.92656,
21678,2.91701,
21679,2.73593,
21680,2.6461,
21681,3.02783,
21682,2.85767,
21683,2.86267,
21684,2.81161,
21685,2.6562,
21686,2.70702,
21687,2.86795,
21688,2.38247,
21689,2.50888,
21690,2.37181,
21691,2.60246,
21692,2.71654,
21693,2.81742,
21694,2.79523,
21695,2.80047,
21696,2.74379,
21697,2.57661,
21698,2.65556,
21699,2.75919,
21700,2.92838,
21701,2.74062,
21702,2.65813,
21703,2.34802,
21704,2.43285,
21705,2.85954,
21706,2.53241,
21707,2.75131,
21708,2.54275,
21709,2.70966,
21710,2.51594,
21711,2.53969,
21712,2.53949,
21713,2.56581,
21714,2.53363,
21715,2.4998,
21716,2.59073,
21717,2.80564,
21718,2.50067,
21719,2.75651,
21720,2.66906,
21721,3.061,
21722,3.01209,
21723,2.9429,
21724,3.09613,
21725,3.05343,
21726,2.96592,
21727,2.78212,
21728,2.57556,
21729,2.90758,
21730,2.7337,
21731,2.75374,
21732,2.91007,
21733,2.81385,
21734,2.90176,
21735,2.82936,
21736,2.80062,
21737,2.68779,
21738,2.77521,
21739,2.92734,
21740,2.86593,
21741,2.8096,
21742,2.76583,
21743,2.65471,
21744,2.94504,
21745,2.7153,
21746,2.67527,
21747,2.79019,
21748,2.80036,
21749,2.72434,
21750,3.13957,
21751,2.94658,
21752,2.9432,
21753,2.77481,
21754,3.01194,
21755,2.93697,
21756,2.83256,
21757,2.88978,
21758,2.83427,
21759,2.83193,
21760,2.87137,
21761,2.8178,
21762,2.77649,
21763,2.6008,
21764,2.76063,
21765,2.75316,
21766,2.7529,
21767,2.48074,
21768,2.62582,
21769,2.43421,
21770,2.75567,
21771,2.74834,
21772,2.50777,
21773,2.65158,
21774,2.58347,
21775,2.79604,
21776,2.62469,
21777,2.67322,
21778,2.52004,
21779,2.79244,
21780,2.85051,
21781,2.83966,
21782,2.80496,
21783,2.91451,
21784,2.84708,
21785,2.93335,
21786,2.90742,
21787,2.90811,
21788,2.92612,
21789,2.79482,
21790,2.80123,
21791,2.57498,
21792,2.85421,
21793,2.77509,
21794,2.89178,
21795,2.79637,
21796,2.68508,
21797,2.77618,
21798,2.66913,
21799,2.72751,
21800,2.86884,
21801,2.96328,
21802,2.69929,
21803,2.68864,
21804,2.71591,
21805,2.9497,
21806,2.95483,
21807,2.9936,
21808,2.80243,
21809,3.02236,
21810,2.82272,
21811,2.91673,
21812,3.08507,
21813,2.83553,
21814,2.7641,
21815,2.64711,
21816,2.93245,
21817,2.95339,
21818,2.79595,
21819,2.85692,
21820,2.83668,
21821,3.02808,
21822,2.94505,
21823,3.11296,
21824,2.73195,
21825,2.81044,
21826,2.59291,
21827,2.74687,
21828,2.80043,
21829,2.77234,
21830,2.76847,
21831,2.94946,
21832,2.87718,
21833,2.81032,
21834,2.58122,
21835,2.72658,
21836,2.77498,
21837,2.81268,
21838,2.71279,
21839,3.0303,
21840,2.97218,
21841,3.02288,
21842,2.90106,
21843,2.76015,
21844,2.93644,
21845,2.65875,
21846,3.02388,
21847,2.93707,
21848,2.94574,
21849,2.95985,
21850,3.12633,
21851,3.23164,
21852,2.86173,
21853,2.89553,
21854,2.92404,
21855,3.07595,
21856,3.1121,
21857,2.9127,
21858,2.88738,
21859,2.87976,
21860,2.73892,
21861,2.88466,
21862,2.8581,
21863,2.87437,
21864,2.65468,
21865,2.6818,
21866,2.86732,
21867,3.16499,
21868,3.26925,
21869,3.29782,
21870,3.23825,
21871,3.26353,
21872,3.25466,
21873,3.19165,
21874,3.15796,
21875,3.16399,
21876,3.15912,
21877,3.18666,
21878,3.1465,
21879,3.13271,
21880,3.05847,
21881,3.15093,
21882,3.14447,
21883,3.13551,
21884,3.09752,
21885,2.99977,
21886,2.85377,
21887,3.11681,
21888,2.93175,
21889,2.88318,
21890,2.92306,
21891,2.96679,
21892,2.79733,
21893,2.99815,
21894,2.74535,
21895,2.81891,
21896,2.89682,
21897,2.7394,
21898,2.61268,
21899,2.91691,
21900,3.03256,
21901,2.9082,
21902,2.68994,
21903,2.86634,
21904,2.87151,
21905,2.7842,
21906,2.7931,
21907,2.80797,
21908,2.7019,
21909,2.81318,
21910,2.76371,
21911,2.69972,
21912,2.98495,
21913,2.9138,
21914,2.86156,
21915,2.86016,
21916,2.76969,
21917,2.75663,
21918,2.65651,
21919,2.7585,
21920,2.87524,
21921,2.77967,
21922,2.69563,
21923,2.89493,
21924,2.78133,
21925,2.72521,
21926,2.79988,
21927,2.58795,
21928,2.59862,
21929,2.8678,
21930,2.53936,
21931,2.64735,
21932,2.67848,
21933,2.77216,
21934,2.68569,
21935,2.6444,
21936,2.74667,
21937,2.63382,
21938,2.70984,
21939,2.77692,
21940,2.80804,
21941,2.83815,
21942,2.81529,
21943,2.68669,
21944,2.82001,
21945,2.64399,
21946,2.78703,
21947,2.76344,
21948,2.74979,
21949,3.0041,
21950,2.69908,
21951,2.62876,
21952,2.78414,
21953,2.65005,
21954,2.56956,
21955,2.73369,
21956,2.96926,
21957,2.51286,
21958,2.49998,
21959,2.79228,
21960,2.55947,
21961,2.7038,
21962,2.65141,
21963,2.57602,
21964,2.5163,
21965,2.90017,
21966,2.82142,
21967,2.87433,
21968,2.79608,
21969,2.98213,
21970,2.88455,
21971,2.9874,
21972,2.85402,
21973,2.82465,
21974,2.90314,
21975,2.83345,
21976,2.84412,
21977,2.82535,
21978,2.82212,
21979,2.84411,
21980,2.5651,
21981,2.74999,
21982,2.80527,
21983,2.88077,
21984,2.81759,
21985,2.48523,
21986,2.71945,
21987,2.78776,
21988,2.68436,
21989,2.40101,
21990,2.58451,
21991,2.65754,
21992,2.63038,
21993,2.71317,
21994,2.41142,
21995,2.53818,
21996,2.51851,
21997,2.66538,
21998,2.73173,
21999,3.06746,
22000,3.12893,
22001,2.90158,
22002,2.87997,
22003,2.99963,
22004,3.02065,
22005,2.78906,
22006,2.92929,
22007,2.8212,
22008,2.80931,
22009,2.76442,
22010,3.01414,
22011,2.83002,
22012,2.80139,
22013,2.93734,
22014,2.97428,
22015,2.85094,
22016,2.90457,
22017,2.76194,
22018,2.92475,
22019,2.80528,
22020,2.77005,
22021,2.70661,
22022,2.72824,
22023,2.69347,
22024,2.95813,
22025,2.93224,
22026,2.78494,
22027,2.88092,
22028,2.83225,
22029,2.8585,
22030,3.0162,
22031,2.91539,
22032,2.81495,
22033,2.82904,
22034,2.89575,
22035,2.63334,
22036,2.78505,
22037,2.86014,
22038,2.93041,
22039,2.717,
22040,2.77934,
22041,2.72881,
22042,2.85386,
22043,2.80002,
22044,2.85872,
22045,2.64242,
22046,2.81203,
22047,2.76388,
22048,2.67769,
22049,2.83596,
22050,2.93172,
22051,2.77662,
22052,2.57614,
22053,2.78602,
22054,2.80713,
22055,2.79092,
22056,2.71134,
22057,2.64043,
22058,2.71362,
22059,2.68804,
22060,2.76875,
22061,2.50957,
22062,2.55101,
22063,2.61619,
22064,2.71403,
22065,2.6931,
22066,2.64807,
22067,2.47445,
22068,2.67945,
22069,2.57178,
22070,2.6772,
22071,2.50469,
22072,2.5931,
22073,2.82396,
22074,2.70052,
22075,2.75624,
22076,2.47427,
22077,2.66702,
22078,2.55186,
22079,2.64065,
22080,2.7855,
22081,2.49499,
22082,2.60067,
22083,2.49636,
22084,2.43571,
22085,2.65808,
22086,2.63108,
22087,2.60103,
22088,2.58804,
22089,2.78605,
22090,2.60681,
22091,2.68148,
22092,2.84291,
22093,2.92423,
22094,2.86754,
22095,2.86119,
22096,3.10343,
22097,2.84364,
22098,2.7559,
22099,2.98825,
22100,2.81046,
22101,2.91973,
22102,2.9592,
22103,2.88889,
22104,2.84203,
22105,2.85461,
22106,2.60339,
22107,2.83499,
22108,2.80545,
22109,2.6588,
22110,2.82876,
22111,2.76833,
22112,2.60338,
22113,2.76757,
22114,2.78368,
22115,2.62932,
22116,2.69811,
22117,2.77574,
22118,2.88446,
22119,2.71635,
22120,2.76926,
22121,2.70462,
22122,3.00569,
22123,3.10871,
22124,3.13152,
22125,3.14447,
22126,3.17097,
22127,3.13683,
22128,3.06269,
22129,3.18645,
22130,3.02715,
22131,3.12113,
22132,3.13988,
22133,3.11408,
22134,2.95921,
22135,3.07374,
22136,3.05546,
22137,3.0939,
22138,3.14251,
22139,3.05528,
22140,3.06059,
22141,3.02212,
22142,3.06822,
22143,2.87019,
22144,3.06332,
22145,2.55303,
22146,2.66565,
22147,2.5588,
22148,2.44008,
22149,2.50694,
22150,2.4855,
22151,2.78771,
22152,2.33579,
22153,2.55289,
22154,2.46637,
22155,2.59804,
22156,2.58617,
22157,2.34399,
22158,2.40642,
22159,2.62366,
22160,2.76646,
22161,2.7291,
22162,2.40012,
22163,2.41013,
22164,2.96373,
22165,3.05604,
22166,2.95281,
22167,2.99303,
22168,2.9417,
22169,2.94872,
22170,2.8454,
22171,2.6497,
22172,2.77161,
22173,2.91252,
22174,2.77446,
22175,2.87894,
22176,2.95078,
22177,3.02514,
22178,2.90998,
22179,2.77832,
22180,2.67649,
22181,2.84727,
22182,2.75825,
22183,2.75957,
22184,2.54214,
22185,2.57373,
22186,2.52359,
22187,2.72203,
22188,2.81177,
22189,2.69561,
22190,2.77026,
22191,2.73213,
22192,2.79082,
22193,2.7636,
22194,2.92839,
22195,2.71394,
22196,2.64626,
22197,2.79455,
22198,2.55215,
22199,2.61457,
22200,2.62438,
22201,2.7967,
22202,2.87451,
22203,2.70078,
22204,2.55835,
22205,2.52709,
22206,2.46409,
22207,2.3339,
22208,2.43294,
22209,2.47335,
22210,2.6914,
22211,2.377,
22212,2.50213,
22213,2.51486,
22214,2.78504,
22215,2.65865,
22216,2.85499,
22217,2.51923,
22218,2.95475,
22219,2.69341,
22220,2.92586,
22221,3.08014,
22222,2.89227,
22223,3.08556,
22224,2.89118,
22225,2.86039,
22226,2.95161,
22227,2.89463,
22228,2.70856,
22229,2.63236,
22230,2.62928,
22231,2.74958,
22232,2.75542,
22233,2.73694,
22234,2.8076,
22235,2.69991,
22236,2.83391,
22237,2.61972,
22238,2.85853,
22239,2.83944,
22240,2.58188,
22241,2.52894,
22242,2.8155,
22243,2.51073,
22244,2.57568,
22245,2.52482,
22246,2.38647,
22247,2.44615,
22248,2.5501,
22249,2.93591,
22250,2.94575,
22251,3.12427,
22252,3.10604,
22253,3.08667,
22254,3.02274,
22255,2.70377,
22256,2.78234,
22257,2.77831,
22258,2.92279,
22259,3.16296,
22260,2.91185,
22261,2.93243,
22262,2.76165,
22263,2.72057,
22264,3.01016,
22265,2.99645,
22266,3.05263,
22267,2.89194,
22268,3.09716,
22269,2.76556,
22270,2.83958,
22271,2.76986,
22272,2.91145,
22273,2.745,
22274,2.76452,
22275,2.71793,
22276,2.68395,
22277,2.89939,
22278,2.63459,
22279,2.67963,
22280,2.77759,
22281,2.80843,
22282,2.86413,
22283,2.72326,
22284,2.75757,
22285,2.6563,
22286,2.6259,
22287,2.58159,
22288,2.61215,
22289,2.74985,
22290,2.49951,
22291,2.56121,
22292,2.8054,
22293,2.66296,
22294,3.04252,
22295,3.1445,
22296,3.02108,
22297,3.1644,
22298,3.07946,
22299,3.01741,
22300,2.87536,
22301,2.98075,
22302,2.73217,
22303,2.78448,
22304,2.72509,
22305,2.72592,
22306,2.99651,
22307,2.96012,
22308,2.86916,
22309,2.98774,
22310,2.94014,
22311,2.70944,
22312,2.77448,
22313,2.80278,
22314,2.63855,
22315,2.76674,
22316,2.92003,
22317,2.88502,
22318,2.96542,
22319,3.11346,
22320,3.08528,
22321,2.54074,
22322,2.72459,
22323,2.88285,
22324,2.90093,
22325,2.91052,
22326,2.90583,
22327,3.03129,
22328,2.93186,
22329,3.07406,
22330,2.82237,
22331,2.75324,
22332,2.97898,
22333,2.67605,
22334,2.87042,
22335,2.90744,
22336,2.85473,
22337,2.81871,
22338,2.85736,
22339,3.09632,
22340,2.91792,
22341,2.99293,
22342,2.84799,
22343,3.01258,
22344,2.95183,
22345,2.89241,
22346,2.7915,
22347,2.88838,
22348,2.81591,
22349,2.67169,
22350,2.80359,
22351,2.72515,
22352,2.83981,
22353,2.79905,
22354,2.90362,
22355,2.64241,
22356,2.81348,
22357,2.82362,
22358,2.86089,
22359,2.68885,
22360,2.6628,
22361,2.90792,
22362,2.72091,
22363,2.84832,
22364,1.89298,
22365,2.86768,
22366,2.92043,
22367,3.01962,
22368,3.09015,
22369,3.28753,
22370,2.95671,
22371,3.02076,
22372,2.87953,
22373,2.97227,
22374,2.88115,
22375,3.02949,
22376,2.97676,
22377,2.81769,
22378,2.79934,
22379,2.80539,
22380,2.99984,
22381,2.7406,
22382,2.94638,
22383,2.99287,
22384,2.84492,
22385,2.8447,
22386,2.78765,
22387,2.90534,
22388,2.93085,
22389,2.96113,
22390,2.91503,
22391,2.95104,
22392,2.79084,
22393,3.04594,
22394,3.05469,
22395,2.80398,
22396,2.92688,
22397,2.74567,
22398,2.71271,
22399,2.67535,
22400,2.5209,
22401,2.87231,
22402,2.6812,
22403,2.65657,
22404,2.7517,
22405,2.88518,
22406,2.7499,
22407,2.65075,
22408,2.68111,
22409,2.62968,
22410,2.89732,
22411,2.68574,
22412,2.75787,
22413,2.91631,
22414,2.73845,
22415,2.88667,
22416,2.82124,
22417,2.69266,
22418,2.77771,
22419,2.78415,
22420,2.93947,
22421,2.8393,
22422,2.79494,
22423,2.83283,
22424,2.85704,
22425,2.69411,
22426,2.52973,
22427,2.75078,
22428,2.67055,
22429,2.77175,
22430,2.75984,
22431,2.49966,
22432,2.79048,
22433,2.92688,
22434,2.82627,
22435,2.7449,
22436,2.65053,
22437,2.89141,
22438,2.71942,
22439,2.46847,
22440,2.75928,
22441,2.76608,
22442,2.91704,
22443,2.72018,
22444,2.64984,
22445,2.73832,
22446,2.63729,
22447,2.62182,
22448,2.72179,
22449,2.72939,
22450,2.90083,
22451,2.90874,
22452,2.87142,
22453,2.64826,
22454,2.78303,
22455,2.71753,
22456,2.91523,
22457,2.90529,
22458,2.85233,
22459,2.86391,
22460,3.01155,
22461,2.77914,
22462,2.90159,
22463,2.81099,
22464,2.67352,
22465,2.90206,
22466,2.82191,
22467,2.99659,
22468,2.80412,
22469,2.5281,
22470,2.63235,
22471,2.77676,
22472,2.63952,
22473,2.6973,
22474,2.53607,
22475,2.64928,
22476,2.88937,
22477,2.89944,
22478,2.81026,
22479,3.00884,
22480,2.83894,
22481,2.86629,
22482,2.78923,
22483,2.96647,
22484,2.92958,
22485,2.94152,
22486,2.88768,
22487,2.85891,
22488,2.85919,
22489,2.79278,
22490,2.9349,
22491,2.58562,
22492,2.68707,
22493,2.87166,
22494,2.75684,
22495,2.78849,
22496,2.59407,
22497,2.73551,
22498,2.88522,
22499,2.60301,
22500,2.72412,
22501,2.66111,
22502,2.60253,
22503,2.75617,
22504,2.58051,
22505,2.63861,
22506,2.62985,
22507,2.77518,
22508,2.69696,
22509,2.81916,
22510,2.86078,
22511,2.83429,
22512,2.66807,
22513,2.75491,
22514,2.70703,
22515,2.77373,
22516,2.61957,
22517,2.88646,
22518,2.83229,
22519,2.85465,
22520,2.89069,
22521,2.84368,
22522,2.72075,
22523,2.86991,
22524,2.79621,
22525,2.84056,
22526,2.87192,
22527,2.94717,
22528,3.0798,
22529,2.97037,
22530,2.86311,
22531,2.82429,
22532,2.74763,
22533,2.76167,
22534,2.63749,
22535,2.71937,
22536,2.60103,
22537,2.78834,
22538,2.6691,
22539,2.88029,
22540,2.72753,
22541,2.80062,
22542,2.96547,
22543,2.88427,
22544,3.08297,
22545,2.75368,
22546,2.59431,
22547,2.87283,
22548,2.56916,
22549,2.84987,
22550,2.7934,
22551,2.95266,
22552,3.01239,
22553,3.03823,
22554,2.71932,
22555,2.98411,
22556,2.84709,
22557,2.84429,
22558,2.83337,
22559,2.94365,
22560,2.72475,
22561,2.97935,
22562,2.57725,
22563,2.92573,
22564,2.8942,
22565,3.01051,
22566,2.81389,
22567,2.91983,
22568,2.97857,
22569,2.74715,
22570,2.92498,
22571,2.62255,
22572,2.76609,
22573,2.78497,
22574,3.01159,
22575,3.02449,
22576,2.59082,
22577,2.82569,
22578,2.76368,
22579,2.8937,
22580,2.91366,
22581,3.09596,
22582,2.85833,
22583,2.79005,
22584,2.88372,
22585,2.93404,
22586,2.74887,
22587,2.71417,
22588,2.66904,
22589,2.86364,
22590,3.03292,
22591,3.04238,
22592,2.92124,
22593,2.89597,
22594,2.8583,
22595,2.65824,
22596,2.90795,
22597,2.76306,
22598,2.90766,
22599,2.808,
22600,2.81529,
22601,2.83719,
22602,2.9549,
22603,2.88524,
22604,2.78572,
22605,2.79772,
22606,2.93075,
22607,2.69364,
22608,3.05596,
22609,2.89713,
22610,2.79066,
22611,2.70366,
22612,2.88843,
22613,2.86666,
22614,2.73095,
22615,2.71378,
22616,2.96998,
22617,2.72344,
22618,2.66823,
22619,2.79496,
22620,2.68969,
22621,2.66643,
22622,2.89439,
22623,2.9505,
22624,2.74851,
22625,2.70356,
22626,2.6743,
22627,2.87245,
22628,2.95139,
22629,2.56042,
22630,2.82914,
22631,2.77872,
22632,2.85113,
22633,2.86768,
22634,2.90324,
22635,2.65508,
22636,2.74203,
22637,2.84603,
22638,2.50026,
22639,2.50914,
22640,2.95868,
22641,2.76511,
22642,2.89455,
22643,2.62034,
22644,2.58177,
22645,2.85951,
22646,2.74628,
22647,2.63065,
22648,2.95931,
22649,2.84735,
22650,2.58185,
22651,2.7505,
22652,2.59467,
22653,2.73182,
22654,2.66472,
22655,2.6042,
22656,2.85605,
22657,2.77049,
22658,2.95205,
22659,2.98248,
22660,2.84034,
22661,2.92038,
22662,2.73252,
22663,2.82944,
22664,2.9435,
22665,2.86669,
22666,2.96855,
22667,3.04459,
22668,3.12654,
22669,3.90248,
22670,2.78514,
22671,2.86766,
22672,2.87336,
22673,2.89248,
22674,2.71224,
22675,2.89922,
22676,2.84112,
22677,2.82098,
22678,2.78167,
22679,3.25387,
22680,2.86047,
22681,2.83696,
22682,2.45291,
22683,2.64345,
22684,2.88776,
22685,2.88823,
22686,2.9556,
22687,3.09755,
22688,2.90796,
22689,2.84501,
22690,2.90915,
22691,2.82565,
22692,3.02717,
22693,2.82279,
22694,2.84101,
22695,2.97894,
22696,2.93239,
22697,2.80937,
22698,2.77169,
22699,2.71333,
22700,2.75173,
22701,2.80416,
22702,2.72739,
22703,2.53277,
22704,2.87874,
22705,2.75195,
22706,2.59703,
22707,2.63364,
22708,2.71267,
22709,2.82707,
22710,2.79697,
22711,2.76494,
22712,2.81651,
22713,2.4852,
22714,2.75643,
22715,2.4954,
22716,2.87389,
22717,2.64816,
22718,2.70271,
22719,2.64177,
22720,2.74255,
22721,2.71586,
22722,2.71973,
22723,2.6347,
22724,2.57237,
22725,2.76062,
22726,2.76277,
22727,2.436,
22728,2.5365,
22729,2.52816,
22730,2.75095,
22731,2.73827,
22732,2.70194,
22733,2.72819,
22734,2.76388,
22735,2.84505,
22736,2.55948,
22737,2.89674,
22738,2.73142,
22739,2.74299,
22740,2.7027,
22741,2.85368,
22742,2.90942,
22743,2.90093,
22744,2.72148,
22745,2.64131,
22746,3.01624,
22747,2.82879,
22748,2.86144,
22749,2.81366,
22750,2.64098,
22751,2.69052,
22752,2.83488,
22753,2.37059,
22754,2.50729,
22755,2.36257,
22756,2.58309,
22757,2.69879,
22758,2.80919,
22759,2.78714,
22760,2.79854,
22761,2.73355,
22762,2.57886,
22763,2.64281,
22764,2.75418,
22765,2.9167,
22766,2.73612,
22767,2.65419,
22768,2.33931,
22769,2.43274,
22770,2.84331,
22771,2.53966,
22772,2.72622,
22773,2.53049,
22774,2.68989,
22775,2.50685,
22776,2.53824,
22777,2.54624,
22778,2.56632,
22779,2.52561,
22780,2.49508,
22781,2.58005,
22782,2.79376,
22783,2.50287,
22784,2.7409,
22785,2.6553,
22786,3.03657,
22787,3.00913,
22788,2.93876,
22789,3.06502,
22790,3.02108,
22791,2.9473,
22792,2.76485,
22793,2.57174,
22794,2.88645,
22795,2.72587,
22796,2.75194,
22797,2.9024,
22798,2.80496,
22799,2.88152,
22800,2.81458,
22801,2.78777,
22802,2.68526,
22803,2.77103,
22804,2.91817,
22805,2.84278,
22806,2.79559,
22807,2.76438,
22808,2.64613,
22809,2.93584,
22810,2.70009,
22811,2.66014,
22812,2.78563,
22813,2.78696,
22814,2.71616,
22815,3.12199,
22816,2.92206,
22817,2.90911,
22818,2.77494,
22819,3.01546,
22820,2.93708,
22821,2.82667,
22822,2.87808,
22823,2.84088,
22824,2.81517,
22825,2.86839,
22826,2.79699,
22827,2.76322,
22828,2.56492,
22829,2.7441,
22830,2.75778,
22831,2.74281,
22832,2.47329,
22833,2.61118,
22834,2.42036,
22835,2.73279,
22836,2.73143,
22837,2.49931,
22838,2.65885,
22839,2.55845,
22840,2.76895,
22841,2.61381,
22842,2.65865,
22843,2.50695,
22844,2.77955,
22845,2.83571,
22846,2.82495,
22847,2.77581,
22848,2.90984,
22849,2.83984,
22850,2.9309,
22851,2.89848,
22852,2.89326,
22853,2.92133,
22854,2.7911,
22855,2.78952,
22856,2.56528,
22857,2.86429,
22858,2.76053,
22859,2.87416,
22860,2.78418,
22861,2.65716,
22862,2.76975,
22863,2.66222,
22864,2.72272,
22865,2.86802,
22866,2.94913,
22867,2.67972,
22868,2.6775,
22869,2.70968,
22870,2.94746,
22871,2.93813,
22872,2.97752,
22873,2.78544,
22874,3.02229,
22875,2.82247,
22876,2.91055,
22877,3.08556,
22878,2.82142,
22879,2.74542,
22880,2.63737,
22881,2.92502,
22882,2.94628,
22883,2.79038,
22884,2.83885,
22885,2.8249,
22886,3.0245,
22887,2.93018,
22888,3.10027,
22889,2.72775,
22890,2.79577,
22891,2.59195,
22892,2.742,
22893,2.7818,
22894,2.77069,
22895,2.76661,
22896,2.92595,
22897,2.86117,
22898,2.78664,
22899,2.58234,
22900,2.71407,
22901,2.75164,
22902,2.80121,
22903,2.70725,
22904,3.01649,
22905,2.96352,
22906,3.00292,
22907,2.87711,
22908,2.75277,
22909,2.92305,
22910,2.6411,
22911,3.01082,
22912,2.93232,
22913,2.92755,
22914,2.94212,
22915,3.10307,
22916,3.21417,
22917,2.85795,
22918,2.89173,
22919,2.91599,
22920,3.07148,
22921,3.09276,
22922,2.91582,
22923,2.87987,
22924,2.87449,
22925,2.72506,
22926,2.86521,
22927,2.85961,
22928,2.87158,
22929,2.64754,
22930,2.68876,
22931,2.85275,
22932,3.153,
22933,3.26881,
22934,3.28159,
22935,3.23685,
22936,3.23948,
22937,3.24025,
22938,3.17199,
22939,3.15648,
22940,3.15916,
22941,3.14548,
22942,3.17983,
22943,3.13732,
22944,3.12472,
22945,3.06018,
22946,3.14726,
22947,3.13675,
22948,3.12487,
22949,3.07814,
22950,2.99996,
22951,2.83398,
22952,3.08836,
22953,2.92412,
22954,2.8705,
22955,2.91079,
22956,2.94581,
22957,2.79374,
22958,2.97398,
22959,2.7322,
22960,2.81403,
22961,2.90389,
22962,2.72282,
22963,2.60119,
22964,2.8945,
22965,3.02394,
22966,2.89603,
22967,2.67169,
22968,2.85245,
22969,2.86058,
22970,2.76554,
22971,2.79906,
22972,2.80338,
22973,2.68913,
22974,2.81253,
22975,2.75411,
22976,2.69007,
22977,2.97223,
22978,2.89885,
22979,2.83521,
22980,2.85328,
22981,2.75829,
22982,2.74392,
22983,2.64265,
22984,2.76145,
22985,2.86227,
22986,2.77301,
22987,2.69172,
22988,2.8887,
22989,2.76363,
22990,2.72142,
22991,2.79521,
22992,2.58328,
22993,2.60201,
22994,2.83618,
22995,2.52365,
22996,2.6632,
22997,2.67203,
22998,2.76385,
22999,2.67407,
23000,2.64631,
23001,2.74686,
23002,2.61672,
23003,2.71832,
23004,2.75554,
23005,2.81602,
23006,2.81313,
23007,2.80042,
23008,2.67037,
23009,2.82847,
23010,2.63668,
23011,2.77014,
23012,2.75539,
23013,2.73669,
23014,3.00706,
23015,2.68766,
23016,2.62021,
23017,2.78005,
23018,2.63473,
23019,2.55155,
23020,2.72767,
23021,2.97073,
23022,2.50135,
23023,2.47981,
23024,2.78835,
23025,2.54964,
23026,2.7061,
23027,2.63001,
23028,2.57131,
23029,2.51067,
23030,2.89884,
23031,2.81232,
23032,2.86672,
23033,2.77916,
23034,2.96875,
23035,2.88504,
23036,2.97296,
23037,2.84468,
23038,2.81046,
23039,2.88764,
23040,2.82807,
23041,2.84522,
23042,2.81608,
23043,2.811,
23044,2.85084,
23045,2.55175,
23046,2.75588,
23047,2.79124,
23048,2.84653,
23049,2.81169,
23050,2.47715,
23051,2.73361,
23052,2.79561,
23053,2.66763,
23054,2.39208,
23055,2.58693,
23056,2.65182,
23057,2.62528,
23058,2.69604,
23059,2.38875,
23060,2.54146,
23061,2.51691,
23062,2.65048,
23063,2.70348,
23064,3.03284,
23065,3.10318,
23066,2.88701,
23067,2.86154,
23068,2.98477,
23069,3.00713,
23070,2.76951,
23071,2.92054,
23072,2.82022,
23073,2.80509,
23074,2.74989,
23075,3.01638,
23076,2.82917,
23077,2.80295,
23078,2.92443,
23079,2.94859,
23080,2.84299,
23081,2.89931,
23082,2.74811,
23083,2.92778,
23084,2.79381,
23085,2.75627,
23086,2.70586,
23087,2.71889,
23088,2.69218,
23089,2.94048,
23090,2.91826,
23091,2.76238,
23092,2.86433,
23093,2.82803,
23094,2.84678,
23095,3.00386,
23096,2.89353,
23097,2.79208,
23098,2.82122,
23099,2.88945,
23100,2.62003,
23101,2.7722,
23102,2.84898,
23103,2.92452,
23104,2.70268,
23105,2.764,
23106,2.71259,
23107,2.83616,
23108,2.78993,
23109,2.86305,
23110,2.62386,
23111,2.79758,
23112,2.75321,
23113,2.67085,
23114,2.80943,
23115,2.91915,
23116,2.77839,
23117,2.56843,
23118,2.77362,
23119,2.79503,
23120,2.77186,
23121,2.70602,
23122,2.62906,
23123,2.7082,
23124,2.66992,
23125,2.76484,
23126,2.48373,
23127,2.55336,
23128,2.59613,
23129,2.70036,
23130,2.68667,
23131,2.65092,
23132,2.49729,
23133,2.65505,
23134,2.54948,
23135,2.66278,
23136,2.5068,
23137,2.57778,
23138,2.81737,
23139,2.69201,
23140,2.75263,
23141,2.46026,
23142,2.64936,
23143,2.55267,
23144,2.62212,
23145,2.76958,
23146,2.47931,
23147,2.59616,
23148,2.49427,
23149,2.43854,
23150,2.63489,
23151,2.6345,
23152,2.60139,
23153,2.58028,
23154,2.779,
23155,2.59902,
23156,2.66915,
23157,2.8272,
23158,2.90506,
23159,2.85673,
23160,2.83516,
23161,3.08874,
23162,2.83666,
23163,2.75425,
23164,2.97401,
23165,2.79548,
23166,2.91456,
23167,2.9438,
23168,2.85623,
23169,2.83657,
23170,2.84396,
23171,2.58525,
23172,2.82931,
23173,2.78382,
23174,2.64618,
23175,2.80083,
23176,2.75208,
23177,2.59203,
23178,2.75139,
23179,2.77066,
23180,2.61211,
23181,2.6827,
23182,2.76923,
23183,2.85595,
23184,2.72899,
23185,2.76297,
23186,2.6948,
23187,2.9918,
23188,3.09517,
23189,3.11759,
23190,3.13947,
23191,3.16613,
23192,3.1022,
23193,3.06542,
23194,3.17029,
23195,3.00643,
23196,3.08662,
23197,3.12162,
23198,3.1061,
23199,2.96357,
23200,3.0671,
23201,3.04334,
23202,3.09422,
23203,3.13562,
23204,3.04305,
23205,3.04796,
23206,3.00285,
23207,3.05851,
23208,2.86403,
23209,3.05385,
23210,2.52553,
23211,2.64697,
23212,2.5426,
23213,2.42358,
23214,2.49345,
23215,2.47906,
23216,2.76445,
23217,2.33028,
23218,2.53488,
23219,2.45534,
23220,2.58275,
23221,2.58775,
23222,2.33196,
23223,2.40526,
23224,2.62186,
23225,2.75648,
23226,2.71289,
23227,2.38676,
23228,2.40259,
23229,2.95953,
23230,3.04915,
23231,2.9387,
23232,2.98502,
23233,2.93016,
23234,2.94735,
23235,2.82903,
23236,2.64305,
23237,2.76396,
23238,2.89189,
23239,2.76648,
23240,2.86017,
23241,2.93389,
23242,3.00734,
23243,2.92289,
23244,2.76734,
23245,2.66677,
23246,2.85429,
23247,2.76151,
23248,2.75734,
23249,2.54265,
23250,2.56601,
23251,2.51481,
23252,2.71004,
23253,2.78631,
23254,2.68932,
23255,2.76884,
23256,2.72941,
23257,2.79522,
23258,2.75123,
23259,2.90937,
23260,2.70755,
23261,2.63929,
23262,2.7751,
23263,2.54975,
23264,2.62011,
23265,2.60399,
23266,2.78297,
23267,2.87595,
23268,2.68707,
23269,2.55577,
23270,2.52148,
23271,2.47249,
23272,2.32909,
23273,2.42718,
23274,2.45842,
23275,2.68626,
23276,2.36431,
23277,2.50287,
23278,2.51001,
23279,2.77586,
23280,2.64676,
23281,2.85506,
23282,2.51966,
23283,2.94926,
23284,2.67456,
23285,2.91738,
23286,3.06377,
23287,2.88764,
23288,3.07504,
23289,2.90119,
23290,2.84415,
23291,2.9379,
23292,2.89707,
23293,2.70126,
23294,2.62253,
23295,2.62751,
23296,2.74107,
23297,2.74641,
23298,2.72133,
23299,2.79095,
23300,2.67389,
23301,2.81886,
23302,2.61305,
23303,2.84858,
23304,2.83643,
23305,2.57645,
23306,2.52728,
23307,2.7972,
23308,2.48454,
23309,2.56231,
23310,2.52762,
23311,2.36764,
23312,2.44495,
23313,2.53472,
23314,2.91897,
23315,2.93715,
23316,3.11809,
23317,3.08814,
23318,3.05768,
23319,3.00561,
23320,2.7005,
23321,2.77023,
23322,2.73835,
23323,2.90707,
23324,3.149,
23325,2.90308,
23326,2.91696,
23327,2.7508,
23328,2.70205,
23329,2.99903,
23330,2.99202,
23331,3.03459,
23332,2.88625,
23333,3.08187,
23334,2.75662,
23335,2.82984,
23336,2.76097,
23337,2.88365,
23338,2.73982,
23339,2.73687,
23340,2.70019,
23341,2.67993,
23342,2.88766,
23343,2.61884,
23344,2.65892,
23345,2.77035,
23346,2.78952,
23347,2.84772,
23348,2.70828,
23349,2.76322,
23350,2.66434,
23351,2.60447,
23352,2.5659,
23353,2.60661,
23354,2.74431,
23355,2.47568,
23356,2.54687,
23357,2.78078,
23358,2.65256,
23359,3.02306,
23360,3.11337,
23361,2.98843,
23362,3.15342,
23363,3.06543,
23364,3.00559,
23365,2.8622,
23366,2.96554,
23367,2.7362,
23368,2.77862,
23369,2.68539,
23370,2.72521,
23371,2.99841,
23372,2.94583,
23373,2.86623,
23374,2.97137,
23375,2.93455,
23376,2.70325,
23377,2.75378,
23378,2.79672,
23379,2.62485,
23380,2.76264,
23381,2.91373,
23382,2.89275,
23383,2.95842,
23384,3.10057,
23385,3.06467,
23386,2.54481,
23387,2.72145,
23388,2.86599,
23389,2.8908,
23390,2.8862,
23391,2.88199,
23392,3.02471,
23393,2.92355,
23394,3.05798,
23395,2.82411,
23396,2.74871,
23397,2.98071,
23398,2.66635,
23399,2.86145,
23400,2.89515,
23401,2.84225,
23402,2.80429,
23403,2.83285,
23404,3.0828,
23405,2.90752,
23406,2.97083,
23407,2.82469,
23408,2.99623,
23409,2.93485,
23410,2.88869,
23411,2.78644,
23412,2.88017,
23413,2.81136,
23414,2.67176,
23415,2.79914,
23416,2.71438,
23417,2.83823,
23418,2.78048,
23419,2.8835,
23420,2.6415,
23421,2.8159,
23422,2.8327,
23423,2.84641,
23424,2.68402,
23425,2.65254,
23426,2.89474,
23427,2.70606,
23428,2.83476,
23429,1.86911,
23430,2.86389,
23431,2.90418,
23432,3.00615,
23433,3.05827,
23434,3.28322,
23435,2.94703,
23436,3.00234,
23437,2.87633,
23438,2.96722,
23439,2.86697,
23440,3.009,
23441,2.96747,
23442,2.81283,
23443,2.79329,
23444,2.79669,
23445,2.9863,
23446,2.73439,
23447,2.91998,
23448,2.99332,
23449,2.83967,
23450,2.82346,
23451,2.79216,
23452,2.89485,
23453,2.92646,
23454,2.93841,
23455,2.90158,
23456,2.94545,
23457,2.78577,
23458,3.03232,
23459,3.0427,
23460,2.7924,
23461,2.91129,
23462,2.74192,
23463,2.70108,
23464,2.66668,
23465,2.51041,
23466,2.84595,
23467,2.67248,
23468,2.65067,
23469,2.75174,
23470,2.88181,
23471,2.73694,
23472,2.63928,
23473,2.67566,
23474,2.62827,
23475,2.88927,
23476,2.66586,
23477,2.74492,
23478,2.92418,
23479,2.73708,
23480,2.882,
23481,2.81735,
23482,2.66986,
23483,2.7544,
23484,2.77722,
23485,2.92977,
23486,2.83432,
23487,2.80027,
23488,2.82402,
23489,2.85352,
23490,2.69752,
23491,2.52645,
23492,2.73934,
23493,2.66073,
23494,2.76337,
23495,2.73958,
23496,2.50721,
23497,2.78882,
23498,2.92377,
23499,2.81292,
23500,2.71688,
23501,2.62119,
23502,2.88945,
23503,2.71692,
23504,2.45974,
23505,2.75044,
23506,2.76248,
23507,2.92125,
23508,2.68797,
23509,2.63063,
23510,2.72457,
23511,2.6296,
23512,2.623,
23513,2.72758,
23514,2.71867,
23515,2.87679,
23516,2.9077,
23517,2.85659,
23518,2.61965,
23519,2.77399,
23520,2.70261,
23521,2.92027,
23522,2.88273,
23523,2.84041,
23524,2.84394,
23525,3.00735,
23526,2.75841,
23527,2.89637,
23528,2.80615,
23529,2.65671,
23530,2.89215,
23531,2.80888,
23532,3.00535,
23533,2.80124,
23534,2.51818,
23535,2.62409,
23536,2.77918,
23537,2.638,
23538,2.6854,
23539,2.53583,
23540,2.64986,
23541,2.88781,
23542,2.88354,
23543,2.80701,
23544,2.9933,
23545,2.82026,
23546,2.86302,
23547,2.78675,
23548,2.95304,
23549,2.93705,
23550,2.94131,
23551,2.88605,
23552,2.84852,
23553,2.86862,
23554,2.77467,
23555,2.93041,
23556,2.58482,
23557,2.68639,
23558,2.86476,
23559,2.76045,
23560,2.7794,
23561,2.5859,
23562,2.7336,
23563,2.88227,
23564,2.5974,
23565,2.72888,
23566,2.65654,
23567,2.59436,
23568,2.74258,
23569,2.57168,
23570,2.6429,
23571,2.62261,
23572,2.77452,
23573,2.68191,
23574,2.816,
23575,2.85625,
23576,2.81571,
23577,2.65939,
23578,2.74017,
23579,2.69156,
23580,2.78154,
23581,2.60939,
23582,2.87639,
23583,2.8344,
23584,2.84435,
23585,2.88195,
23586,2.8423,
23587,2.71541,
23588,2.86216,
23589,2.78739,
23590,2.82854,
23591,2.87077,
23592,2.92912,
23593,3.06951,
23594,2.96228,
23595,2.84768,
23596,2.81367,
23597,2.74129,
23598,2.75029,
23599,2.6211,
23600,2.70185,
23601,2.59483,
23602,2.78903,
23603,2.67958,
23604,2.86678,
23605,2.7175,
23606,2.79678,
23607,2.96812,
23608,2.88321,
23609,3.07591,
23610,2.74341,
23611,2.5886,
23612,2.86015,
23613,2.58837,
23614,2.84673,
23615,2.77584,
23616,2.92823,
23617,3.01963,
23618,3.02321,
23619,2.70502,
23620,2.9732,
23621,2.84909,
23622,2.82737,
23623,2.83064,
23624,2.94153,
23625,2.72259,
23626,2.96344,
23627,2.56638,
23628,2.9191,
23629,2.90401,
23630,2.98647,
23631,2.80056,
23632,2.90647,
23633,2.96232,
23634,2.73179,
23635,2.92999,
23636,2.61097,
23637,2.75371,
23638,2.76126,
23639,2.99719,
23640,3.02969,
23641,2.57426,
23642,2.83228,
23643,2.76124,
23644,2.89141,
23645,2.90881,
23646,3.07865,
23647,2.83963,
23648,2.7734,
23649,2.90058,
23650,2.94483,
23651,2.73952,
23652,2.71052,
23653,2.66586,
23654,2.86024,
23655,3.01995,
23656,3.0145,
23657,2.91412,
23658,2.89002,
23659,2.84164,
23660,2.64729,
23661,2.89741,
23662,2.75225,
23663,2.89626,
23664,2.79072,
23665,2.81604,
23666,2.82815,
23667,2.95188,
23668,2.87671,
23669,2.77401,
23670,2.78809,
23671,2.93045,
23672,2.67151,
23673,3.06086,
23674,2.88117,
23675,2.78665,
23676,2.69035,
23677,2.87376,
23678,2.86427,
23679,2.73482,
23680,2.69203,
23681,2.95854,
23682,2.71015,
23683,2.66689,
23684,2.79028,
23685,2.67953,
23686,2.65343,
23687,2.87909,
23688,2.93835,
23689,2.74282,
23690,2.70201,
23691,2.66472,
23692,2.87811,
23693,2.94318,
23694,2.54392,
23695,2.81768,
23696,2.75744,
23697,2.84209,
23698,2.86566,
23699,2.89519,
23700,2.6533,
23701,2.73115,
23702,2.84532,
23703,2.48277,
23704,2.49793,
23705,2.9392,
23706,2.76439,
23707,2.87426,
23708,2.6239,
23709,2.58211,
23710,2.84685,
23711,2.74095,
23712,2.64317,
23713,2.9699,
23714,2.83822,
23715,2.58128,
23716,2.74949,
23717,2.59056,
23718,2.71641,
23719,2.66696,
23720,2.5675,
23721,2.84466,
23722,2.74482,
23723,2.94001,
23724,2.96272,
23725,2.83844,
23726,2.91307,
23727,2.71572,
23728,2.8224,
23729,2.93754,
23730,2.85593,
23731,2.95472,
23732,3.01524,
23733,3.12012,
23734,3.87272,
23735,2.78147,
23736,2.84735,
23737,2.85934,
23738,2.88498,
23739,2.71127,
23740,2.89645,
23741,2.82885,
23742,2.79745,
23743,2.77457,
23744,3.24379,
23745,2.85635,
23746,2.82904,
23747,2.44541,
23748,2.63081,
23749,2.89567,
23750,2.86699,
23751,2.94449,
23752,3.09933,
23753,2.89767,
23754,2.82331,
23755,2.89341,
23756,2.82548,
23757,3.02212,
23758,2.80204,
23759,2.82541,
23760,2.96168,
23761,2.92313,
23762,2.7953,
23763,2.76611,
23764,2.71418,
23765,2.73144,
23766,2.79729,
23767,2.69494,
23768,2.52187,
23769,2.87144,
23770,2.74015,
23771,2.58238,
23772,2.62269,
23773,2.70727,
23774,2.81442,
23775,2.78024,
23776,2.76157,
23777,2.79691,
23778,2.48267,
23779,2.74479,
23780,2.47477,
23781,2.85254,
23782,2.63719,
23783,2.70046,
23784,2.61197,
23785,2.74188,
23786,2.70996,
23787,2.70867,
23788,2.63323,
23789,2.57032,
23790,2.76489,
23791,2.73908,
23792,2.41831,
23793,2.5396,
23794,2.52958,
23795,2.73592,
23796,2.73876,
23797,2.69359,
23798,2.70248,
23799,2.76,
23800,2.82565,
23801,2.54883,
23802,2.88082,
23803,2.731,
23804,2.73455,
23805,2.69082,
23806,2.8315,
23807,2.89895,
23808,2.88616,
23809,2.7179,
23810,2.63245,
23811,3.00701,
23812,2.82419,
23813,2.85828,
23814,2.79528,
23815,2.64624,
23816,2.68799,
23817,2.83676,
23818,2.36782,
23819,2.5015,
23820,2.37879,
23821,2.57281,
23822,2.70273,
23823,2.80145,
23824,2.78104,
23825,2.78603,
23826,2.72902,
23827,2.56444,
23828,2.64052,
23829,2.7398,
23830,2.89844,
23831,2.72763,
23832,2.63539,
23833,2.3306,
23834,2.42681,
23835,2.83147,
23836,2.5307,
23837,2.72271,
23838,2.52219,
23839,2.68629,
23840,2.49172,
23841,2.52629,
23842,2.52601,
23843,2.56343,
23844,2.51963,
23845,2.48495,
23846,2.5751,
23847,2.78353,
23848,2.5016,
23849,2.73205,
23850,2.64052,
23851,3.03094,
23852,2.99072,
23853,2.93687,
23854,3.05137,
23855,3.01191,
23856,2.9242,
23857,2.74972,
23858,2.54986,
23859,2.87268,
23860,2.72296,
23861,2.73671,
23862,2.9116,
23863,2.7912,
23864,2.87707,
23865,2.80398,
23866,2.77074,
23867,2.67087,
23868,2.76037,
23869,2.91065,
23870,2.84379,
23871,2.79441,
23872,2.74848,
23873,2.6366,
23874,2.92896,
23875,2.70801,
23876,2.66944,
23877,2.77395,
23878,2.77906,
23879,2.71188,
23880,3.10343,
23881,2.90861,
23882,2.88475,
23883,2.78049,
23884,2.99045,
23885,2.91837,
23886,2.80462,
23887,2.84397,
23888,2.81771,
23889,2.79827,
23890,2.85122,
23891,2.80547,
23892,2.75097,
23893,2.55806,
23894,2.73151,
23895,2.73883,
23896,2.74449,
23897,2.47103,
23898,2.59587,
23899,2.40738,
23900,2.72275,
23901,2.74033,
23902,2.48901,
23903,2.65172,
23904,2.55492,
23905,2.76957,
23906,2.59719,
23907,2.63217,
23908,2.49807,
23909,2.76608,
23910,2.83157,
23911,2.82196,
23912,2.76352,
23913,2.90035,
23914,2.83563,
23915,2.92908,
23916,2.87802,
23917,2.87586,
23918,2.90714,
23919,2.78074,
23920,2.78512,
23921,2.55444,
23922,2.84364,
23923,2.75836,
23924,2.86408,
23925,2.78359,
23926,2.64945,
23927,2.76907,
23928,2.65764,
23929,2.70944,
23930,2.85795,
23931,2.93965,
23932,2.68596,
23933,2.66458,
23934,2.69189,
23935,2.93319,
23936,2.92759,
23937,2.97638,
23938,2.75945,
23939,3.01156,
23940,2.81468,
23941,2.91154,
23942,3.0606,
23943,2.8242,
23944,2.73517,
23945,2.63964,
23946,2.91165,
23947,2.94151,
23948,2.78244,
23949,2.83642,
23950,2.82875,
23951,3.01154,
23952,2.92958,
23953,3.09468,
23954,2.72739,
23955,2.78876,
23956,2.57974,
23957,2.73323,
23958,2.78422,
23959,2.77763,
23960,2.7526,
23961,2.93311,
23962,2.8536,
23963,2.77446,
23964,2.57769,
23965,2.7278,
23966,2.73714,
23967,2.79788,
23968,2.70176,
23969,2.99955,
23970,2.94433,
23971,2.99047,
23972,2.85703,
23973,2.73793,
23974,2.90955,
23975,2.6429,
23976,2.99369,
23977,2.92353,
23978,2.92831,
23979,2.95518,
23980,3.09536,
23981,3.19883,
23982,2.84488,
23983,2.88201,
23984,2.91642,
23985,3.06387,
23986,3.08108,
23987,2.88989,
23988,2.87573,
23989,2.86565,
23990,2.71641,
23991,2.86621,
23992,2.84562,
23993,2.85809,
23994,2.63593,
23995,2.67042,
23996,2.84697,
23997,3.14951,
23998,3.24367,
23999,3.27349,
24000,3.22653,
24001,3.21939,
24002,3.24133,
24003,3.16571,
24004,3.13353,
24005,3.16149,
24006,3.13703,
24007,3.16317,
24008,3.1348,
24009,3.11987,
24010,3.05546,
24011,3.14108,
24012,3.13912,
24013,3.11607,
24014,3.07389,
24015,2.99364,
24016,2.82955,
24017,3.06531,
24018,2.90748,
24019,2.86888,
24020,2.90936,
24021,2.94163,
24022,2.78136,
24023,2.96768,
24024,2.72397,
24025,2.80099,
24026,2.87783,
24027,2.71254,
24028,2.6019,
24029,2.88023,
24030,3.00981,
24031,2.88276,
24032,2.66343,
24033,2.84497,
24034,2.84834,
24035,2.76838,
24036,2.77034,
24037,2.80982,
24038,2.69254,
24039,2.8017,
24040,2.74487,
24041,2.68126,
24042,2.9688,
24043,2.89719,
24044,2.81864,
24045,2.8455,
24046,2.75446,
24047,2.73814,
24048,2.6342,
24049,2.75134,
24050,2.86402,
24051,2.77341,
24052,2.6808,
24053,2.87434,
24054,2.7628,
24055,2.70557,
24056,2.78,
24057,2.56923,
24058,2.58341,
24059,2.85072,
24060,2.51898,
24061,2.64933,
24062,2.66728,
24063,2.74515,
24064,2.66365,
24065,2.62615,
24066,2.73336,
24067,2.61108,
24068,2.69478,
24069,2.75309,
24070,2.79949,
24071,2.81365,
24072,2.80573,
24073,2.64598,
24074,2.81207,
24075,2.64359,
24076,2.78224,
24077,2.74281,
24078,2.74443,
24079,2.98856,
24080,2.68524,
24081,2.6016,
24082,2.76116,
24083,2.62666,
24084,2.54543,
24085,2.70608,
24086,2.95993,
24087,2.4956,
24088,2.46695,
24089,2.7815,
24090,2.55108,
24091,2.69404,
24092,2.62306,
24093,2.57333,
24094,2.50651,
24095,2.88287,
24096,2.79227,
24097,2.8511,
24098,2.76716,
24099,2.957,
24100,2.86275,
24101,2.97099,
24102,2.83497,
24103,2.79379,
24104,2.8858,
24105,2.8257,
24106,2.84024,
24107,2.81793,
24108,2.80195,
24109,2.82539,
24110,2.54872,
24111,2.74152,
24112,2.79232,
24113,2.83678,
24114,2.80355,
24115,2.45991,
24116,2.71188,
24117,2.77549,
24118,2.66634,
24119,2.37956,
24120,2.56834,
24121,2.64864,
24122,2.63255,
24123,2.68697,
24124,2.38704,
24125,2.52665,
24126,2.52028,
24127,2.63959,
24128,2.6982,
24129,3.02258,
24130,3.10604,
24131,2.87658,
24132,2.8373,
24133,2.98191,
24134,3.00751,
24135,2.76111,
24136,2.89275,
24137,2.78936,
24138,2.7872,
24139,2.73401,
24140,3.00703,
24141,2.8059,
24142,2.78186,
24143,2.90829,
24144,2.92553,
24145,2.83995,
24146,2.88569,
24147,2.73523,
24148,2.91327,
24149,2.78199,
24150,2.74837,
24151,2.69435,
24152,2.71164,
24153,2.67469,
24154,2.92964,
24155,2.92069,
24156,2.75683,
24157,2.85817,
24158,2.80775,
24159,2.83618,
24160,2.99879,
24161,2.89966,
24162,2.78607,
24163,2.81308,
24164,2.88501,
24165,2.61803,
24166,2.77284,
24167,2.84173,
24168,2.91988,
24169,2.68894,
24170,2.75544,
24171,2.70558,
24172,2.83165,
24173,2.78774,
24174,2.83709,
24175,2.62549,
24176,2.78846,
24177,2.73293,
24178,2.64411,
24179,2.81595,
24180,2.9129,
24181,2.76606,
24182,2.54534,
24183,2.7461,
24184,2.78522,
24185,2.78278,
24186,2.69414,
24187,2.61334,
24188,2.69764,
24189,2.66929,
24190,2.75398,
24191,2.48091,
24192,2.52716,
24193,2.59021,
24194,2.69326,
24195,2.68586,
24196,2.63391,
24197,2.45691,
24198,2.65045,
24199,2.56013,
24200,2.64913,
24201,2.5102,
24202,2.57293,
24203,2.8142,
24204,2.68868,
24205,2.76408,
24206,2.45282,
24207,2.64204,
24208,2.53577,
24209,2.63196,
24210,2.75333,
24211,2.48054,
24212,2.59714,
24213,2.48843,
24214,2.4424,
24215,2.62661,
24216,2.61188,
24217,2.59624,
24218,2.58085,
24219,2.75809,
24220,2.57842,
24221,2.65031,
24222,2.82217,
24223,2.90367,
24224,2.83761,
24225,2.83817,
24226,3.07975,
24227,2.82934,
24228,2.74108,
24229,2.97535,
24230,2.80527,
24231,2.89965,
24232,2.93371,
24233,2.8524,
24234,2.8297,
24235,2.83726,
24236,2.58101,
24237,2.82781,
24238,2.77664,
24239,2.63276,
24240,2.79335,
24241,2.73539,
24242,2.58309,
24243,2.74711,
24244,2.76707,
24245,2.59949,
24246,2.67346,
24247,2.7592,
24248,2.85853,
24249,2.70187,
24250,2.7554,
24251,2.68962,
24252,2.98611,
24253,3.09001,
24254,3.10479,
24255,3.12699,
24256,3.15193,
24257,3.09239,
24258,3.06662,
24259,3.16737,
24260,2.99513,
24261,3.0849,
24262,3.1078,
24263,3.10009,
24264,2.94372,
24265,3.05094,
24266,3.05348,
24267,3.08025,
24268,3.12408,
24269,3.0484,
24270,3.04302,
24271,3.00759,
24272,3.06686,
24273,2.8451,
24274,3.05949,
24275,2.52591,
24276,2.64298,
24277,2.53165,
24278,2.41738,
24279,2.49477,
24280,2.45704,
24281,2.74496,
24282,2.32531,
24283,2.53401,
24284,2.44431,
24285,2.56871,
24286,2.58758,
24287,2.32928,
24288,2.39422,
24289,2.61922,
24290,2.75309,
24291,2.70772,
24292,2.39757,
24293,2.38413,
24294,2.94246,
24295,3.03614,
24296,2.93251,
24297,2.96164,
24298,2.92239,
24299,2.93225,
24300,2.81498,
24301,2.62338,
24302,2.76386,
24303,2.88858,
24304,2.75344,
24305,2.87056,
24306,2.92822,
24307,3.0028,
24308,2.90505,
24309,2.76095,
24310,2.65387,
24311,2.8255,
24312,2.76263,
24313,2.74176,
24314,2.52649,
24315,2.55361,
24316,2.50693,
24317,2.70514,
24318,2.77778,
24319,2.67641,
24320,2.76241,
24321,2.711,
24322,2.76045,
24323,2.74893,
24324,2.90315,
24325,2.6808,
24326,2.64184,
24327,2.76912,
24328,2.53856,
24329,2.61786,
24330,2.60923,
24331,2.77519,
24332,2.86783,
24333,2.66186,
24334,2.54279,
24335,2.51105,
24336,2.45471,
24337,2.32503,
24338,2.4212,
24339,2.45938,
24340,2.66863,
24341,2.36117,
24342,2.48523,
24343,2.50711,
24344,2.77381,
24345,2.62363,
24346,2.84248,
24347,2.50994,
24348,2.93132,
24349,2.67248,
24350,2.91216,
24351,3.03663,
24352,2.88372,
24353,3.05194,
24354,2.87504,
24355,2.82398,
24356,2.925,
24357,2.86787,
24358,2.68598,
24359,2.60531,
24360,2.60482,
24361,2.73878,
24362,2.73682,
24363,2.71615,
24364,2.79071,
24365,2.67193,
24366,2.82444,
24367,2.59457,
24368,2.84222,
24369,2.83126,
24370,2.56898,
24371,2.51752,
24372,2.78676,
24373,2.48249,
24374,2.56542,
24375,2.52377,
24376,2.37133,
24377,2.44973,
24378,2.5227,
24379,2.91199,
24380,2.9191,
24381,3.11195,
24382,3.07465,
24383,3.0367,
24384,2.9986,
24385,2.67946,
24386,2.76044,
24387,2.74506,
24388,2.89652,
24389,3.14748,
24390,2.87467,
24391,2.91347,
24392,2.73705,
24393,2.71277,
24394,2.99818,
24395,2.96839,
24396,3.03089,
24397,2.87195,
24398,3.06854,
24399,2.75765,
24400,2.8195,
24401,2.7532,
24402,2.87033,
24403,2.73893,
24404,2.73374,
24405,2.68925,
24406,2.65741,
24407,2.88204,
24408,2.61424,
24409,2.65906,
24410,2.78319,
24411,2.78634,
24412,2.83683,
24413,2.70847,
24414,2.74244,
24415,2.64949,
24416,2.59556,
24417,2.56574,
24418,2.61098,
24419,2.74181,
24420,2.47313,
24421,2.5441,
24422,2.77914,
24423,2.63687,
24424,2.99743,
24425,3.09425,
24426,2.96401,
24427,3.13856,
24428,3.05954,
24429,2.99548,
24430,2.84525,
24431,2.96601,
24432,2.72619,
24433,2.77174,
24434,2.69197,
24435,2.71198,
24436,2.98424,
24437,2.94187,
24438,2.85763,
24439,2.96237,
24440,2.90631,
24441,2.69738,
24442,2.74534,
24443,2.80076,
24444,2.60547,
24445,2.75036,
24446,2.91401,
24447,2.87038,
24448,2.96203,
24449,3.08316,
24450,3.05765,
24451,2.52119,
24452,2.71642,
24453,2.85763,
24454,2.87861,
24455,2.86032,
24456,2.87736,
24457,3.01399,
24458,2.90824,
24459,3.06018,
24460,2.79697,
24461,2.74828,
24462,2.97354,
24463,2.64759,
24464,2.84602,
24465,2.88853,
24466,2.82557,
24467,2.80553,
24468,2.8391,
24469,3.06826,
24470,2.90205,
24471,2.95949,
24472,2.8183,
24473,2.98532,
24474,2.93642,
24475,2.87138,
24476,2.77707,
24477,2.86795,
24478,2.79727,
24479,2.6536,
24480,2.79105,
24481,2.70863,
24482,2.82786,
24483,2.77807,
24484,2.88189,
24485,2.62245,
24486,2.80474,
24487,2.80318,
24488,2.82367,
24489,2.65465,
24490,2.65261,
24491,2.89472,
24492,2.6975,
24493,2.81886,
24494,1.8449,
24495,2.84071,
24496,2.89152,
24497,2.98772,
24498,3.03972,
24499,3.26782,
24500,2.93236,
24501,2.97962,
24502,2.87085,
24503,2.96832,
24504,2.8449,
24505,3.0023,
24506,2.95441,
24507,2.80203,
24508,2.78516,
24509,2.78772,
24510,2.98462,
24511,2.71996,
24512,2.92437,
24513,2.96457,
24514,2.84052,
24515,2.8167,
24516,2.79163,
24517,2.87535,
24518,2.92434,
24519,2.94314,
24520,2.89831,
24521,2.94025,
24522,2.75988,
24523,3.03059,
24524,3.03038,
24525,2.79744,
24526,2.91169,
24527,2.73557,
24528,2.68982,
24529,2.66524,
24530,2.50695,
24531,2.84359,
24532,2.66008,
24533,2.66121,
24534,2.73714,
24535,2.87356,
24536,2.72963,
24537,2.64031,
24538,2.66511,
24539,2.63249,
24540,2.8606,
24541,2.66155,
24542,2.75628,
24543,2.90192,
24544,2.72481,
24545,2.86533,
24546,2.79426,
24547,2.65494,
24548,2.74897,
24549,2.77415,
24550,2.92632,
24551,2.8285,
24552,2.78012,
24553,2.81515,
24554,2.83951,
24555,2.68867,
24556,2.51786,
24557,2.7268,
24558,2.65132,
24559,2.74743,
24560,2.73056,
24561,2.49498,
24562,2.79238,
24563,2.9198,
24564,2.79866,
24565,2.72792,
24566,2.61227,
24567,2.89057,
24568,2.71149,
24569,2.44482,
24570,2.75262,
24571,2.74551,
24572,2.89665,
24573,2.68155,
24574,2.62027,
24575,2.72541,
24576,2.61803,
24577,2.61411,
24578,2.70504,
24579,2.70783,
24580,2.87629,
24581,2.88311,
24582,2.85209,
24583,2.60986,
24584,2.77718,
24585,2.70018,
24586,2.90169,
24587,2.88185,
24588,2.83988,
24589,2.8378,
24590,3.00903,
24591,2.75121,
24592,2.87804,
24593,2.79502,
24594,2.6518,
24595,2.88379,
24596,2.80322,
24597,2.99386,
24598,2.77662,
24599,2.51822,
24600,2.63293,
24601,2.78076,
24602,2.64175,
24603,2.67404,
24604,2.53458,
24605,2.63473,
24606,2.87477,
24607,2.8507,
24608,2.78051,
24609,2.97556,
24610,2.79993,
24611,2.83969,
24612,2.77715,
24613,2.94893,
24614,2.9166,
24615,2.9334,
24616,2.87138,
24617,2.8438,
24618,2.85115,
24619,2.76119,
24620,2.90717,
24621,2.58251,
24622,2.67409,
24623,2.87662,
24624,2.75394,
24625,2.77736,
24626,2.58593,
24627,2.72647,
24628,2.8764,
24629,2.58311,
24630,2.70624,
24631,2.65428,
24632,2.58719,
24633,2.75694,
24634,2.55806,
24635,2.63928,
24636,2.61384,
24637,2.75784,
24638,2.67592,
24639,2.80827,
24640,2.84528,
24641,2.82351,
24642,2.63644,
24643,2.72405,
24644,2.68607,
24645,2.76458,
24646,2.61354,
24647,2.87327,
24648,2.8169,
24649,2.8451,
24650,2.87386,
24651,2.84635,
24652,2.70016,
24653,2.84435,
24654,2.78392,
24655,2.82996,
24656,2.85317,
24657,2.93042,
24658,3.08117,
24659,2.95837,
24660,2.85266,
24661,2.81423,
24662,2.74459,
24663,2.73771,
24664,2.61662,
24665,2.69364,
24666,2.58853,
24667,2.7715,
24668,2.65826,
24669,2.85796,
24670,2.69977,
24671,2.79746,
24672,2.96222,
24673,2.86761,
24674,3.07529,
24675,2.7494,
24676,2.60068,
24677,2.86938,
24678,2.55387,
24679,2.83604,
24680,2.7547,
24681,2.91541,
24682,3.00436,
24683,3.01539,
24684,2.70206,
24685,2.95964,
24686,2.84412,
24687,2.81697,
24688,2.81503,
24689,2.94078,
24690,2.70567,
24691,2.94804,
24692,2.57597,
24693,2.90691,
24694,2.88707,
24695,2.98796,
24696,2.79638,
24697,2.90019,
24698,2.95267,
24699,2.72764,
24700,2.91478,
24701,2.61218,
24702,2.74521,
24703,2.7581,
24704,2.99437,
24705,3.01683,
24706,2.56922,
24707,2.81042,
24708,2.74035,
24709,2.89136,
24710,2.9061,
24711,3.07965,
24712,2.84127,
24713,2.77775,
24714,2.87116,
24715,2.92045,
24716,2.7314,
24717,2.71416,
24718,2.66105,
24719,2.84599,
24720,2.99579,
24721,3.01714,
24722,2.91448,
24723,2.89115,
24724,2.83717,
24725,2.65084,
24726,2.88807,
24727,2.7497,
24728,2.89493,
24729,2.7832,
24730,2.80813,
24731,2.83105,
24732,2.94763,
24733,2.87553,
24734,2.76395,
24735,2.7891,
24736,2.91444,
24737,2.67503,
24738,3.05507,
24739,2.86514,
24740,2.7783,
24741,2.69611,
24742,2.86643,
24743,2.84237,
24744,2.72227,
24745,2.68473,
24746,2.95441,
24747,2.7104,
24748,2.66307,
24749,2.7854,
24750,2.6945,
24751,2.62687,
24752,2.88101,
24753,2.93293,
24754,2.73234,
24755,2.68555,
24756,2.66123,
24757,2.87324,
24758,2.92846,
24759,2.54416,
24760,2.80919,
24761,2.75404,
24762,2.83501,
24763,2.85814,
24764,2.89091,
24765,2.64309,
24766,2.72446,
24767,2.83099,
24768,2.47069,
24769,2.48994,
24770,2.93866,
24771,2.76438,
24772,2.87032,
24773,2.61264,
24774,2.57535,
24775,2.85183,
24776,2.72659,
24777,2.6369,
24778,2.94906,
24779,2.84348,
24780,2.57004,
24781,2.7425,
24782,2.59207,
24783,2.71748,
24784,2.65621,
24785,2.55385,
24786,2.81743,
24787,2.73194,
24788,2.92144,
24789,2.95192,
24790,2.82489,
24791,2.9001,
24792,2.72789,
24793,2.82106,
24794,2.93342,
24795,2.84145,
24796,2.94889,
24797,3.00065,
24798,3.10131,
24799,3.85504,
24800,2.77508,
24801,2.83891,
24802,2.85627,
24803,2.88538,
24804,2.69332,
24805,2.90407,
24806,2.82231,
24807,2.78664,
24808,2.77816,
24809,3.22879,
24810,2.85224,
24811,2.82401,
24812,2.4422,
24813,2.62475,
24814,2.87993,
24815,2.8652,
24816,2.94156,
24817,3.09651,
24818,2.90499,
24819,2.80588,
24820,2.8946,
24821,2.80621,
24822,3.01285,
24823,2.80576,
24824,2.81034,
24825,2.95723,
24826,2.92331,
24827,2.78783,
24828,2.74463,
24829,2.70049,
24830,2.72794,
24831,2.79177,
24832,2.70038,
24833,2.51586,
24834,2.8702,
24835,2.74185,
24836,2.58027,
24837,2.61897,
24838,2.6996,
24839,2.80689,
24840,2.76548,
24841,2.74269,
24842,2.78905,
24843,2.48128,
24844,2.75461,
24845,2.47668,
24846,2.85891,
24847,2.63675,
24848,2.70157,
24849,2.5969,
24850,2.72254,
24851,2.70368,
24852,2.70406,
24853,2.61326,
24854,2.56256,
24855,2.73066,
24856,2.72439,
24857,2.41972,
24858,2.546,
24859,2.53711,
24860,2.73305,
24861,2.74879,
24862,2.67454,
24863,2.71252,
24864,2.76186,
24865,2.82337,
24866,2.54516,
24867,2.86968,
24868,2.71814,
24869,2.72792,
24870,2.70493,
24871,2.81631,
24872,2.90021,
24873,2.87798,
24874,2.70267,
24875,2.6261,
24876,3.00938,
24877,2.81846,
24878,2.83081,
24879,2.8058,
24880,2.63433,
24881,2.6857,
24882,2.82811,
24883,2.36355,
24884,2.50578,
24885,2.36378,
24886,2.57559,
24887,2.69815,
24888,2.79376,
24889,2.76822,
24890,2.7855,
24891,2.73431,
24892,2.55834,
24893,2.63628,
24894,2.7477,
24895,2.90116,
24896,2.71685,
24897,2.63451,
24898,2.32675,
24899,2.41763,
24900,2.82335,
24901,2.51557,
24902,2.71552,
24903,2.51647,
24904,2.6801,
24905,2.49303,
24906,2.5147,
24907,2.52431,
24908,2.5534,
24909,2.50988,
24910,2.47447,
24911,2.56758,
24912,2.77228,
24913,2.47373,
24914,2.72073,
24915,2.65001,
24916,3.01237,
24917,2.98062,
24918,2.9327,
24919,3.04115,
24920,2.99801,
24921,2.91694,
24922,2.74074,
24923,2.55317,
24924,2.86408,
24925,2.70833,
24926,2.7321,
24927,2.89166,
24928,2.78575,
24929,2.86694,
24930,2.79779,
24931,2.78536,
24932,2.69889,
24933,2.76032,
24934,2.90299,
24935,2.8259,
24936,2.7892,
24937,2.75206,
24938,2.63973,
24939,2.90884,
24940,2.68092,
24941,2.64523,
24942,2.78404,
24943,2.78355,
24944,2.7094,
24945,3.09795,
24946,2.90834,
24947,2.86759,
24948,2.76623,
24949,2.99358,
24950,2.92694,
24951,2.80757,
24952,2.8453,
24953,2.82094,
24954,2.7955,
24955,2.84096,
24956,2.77856,
24957,2.75295,
24958,2.55292,
24959,2.74476,
24960,2.75751,
24961,2.73507,
24962,2.47001,
24963,2.60033,
24964,2.39577,
24965,2.719,
24966,2.7268,
24967,2.47193,
24968,2.63596,
24969,2.54868,
24970,2.75701,
24971,2.59583,
24972,2.62516,
24973,2.47409,
24974,2.76208,
24975,2.83497,
24976,2.8107,
24977,2.75335,
24978,2.88349,
24979,2.82332,
24980,2.91732,
24981,2.88066,
24982,2.86537,
24983,2.90433,
24984,2.762,
24985,2.77505,
24986,2.54675,
24987,2.83768,
24988,2.74576,
24989,2.84575,
24990,2.77361,
24991,2.64069,
24992,2.75746,
24993,2.64943,
24994,2.7045,
24995,2.86071,
24996,2.92592,
24997,2.66185,
24998,2.66463,
24999,2.67982,
25000,2.91245,
25001,2.92489,
25002,2.9568,
25003,2.75186,
25004,2.9948,
25005,2.80966,
25006,2.88607,
25007,3.0503,
25008,2.81124,
25009,2.72805,
25010,2.61935,
25011,2.89826,
25012,2.92396,
25013,2.77813,
25014,2.82552,
25015,2.82165,
25016,3.00305,
25017,2.92465,
25018,3.08149,
25019,2.71341,
25020,2.78342,
25021,2.57315,
25022,2.73652,
25023,2.7836,
25024,2.75127,
25025,2.75635,
25026,2.91079,
25027,2.84152,
25028,2.76154,
25029,2.56291,
25030,2.71132,
25031,2.73579,
25032,2.79528,
25033,2.7027,
25034,2.99786,
25035,2.94302,
25036,2.99152,
25037,2.8316,
25038,2.72835,
25039,2.91169,
25040,2.62819,
25041,2.99705,
25042,2.9144,
25043,2.91219,
25044,2.92146,
25045,3.0826,
25046,3.1875,
25047,2.83636,
25048,2.86283,
25049,2.90049,
25050,3.07762,
25051,3.07032,
25052,2.89153,
25053,2.86397,
25054,2.86421,
25055,2.72405,
25056,2.85759,
25057,2.83384,
25058,2.85082,
25059,2.6295,
25060,2.65679,
25061,2.8417,
25062,3.1185,
25063,3.24073,
25064,3.27487,
25065,3.21465,
25066,3.21345,
25067,3.22848,
25068,3.14818,
25069,3.12623,
25070,3.15012,
25071,3.13004,
25072,3.16423,
25073,3.12819,
25074,3.11437,
25075,3.04179,
25076,3.12484,
25077,3.13577,
25078,3.11839,
25079,3.06931,
25080,2.98563,
25081,2.81179,
25082,3.05815,
25083,2.90101,
25084,2.8447,
25085,2.89637,
25086,2.93408,
25087,2.77187,
25088,2.96685,
25089,2.72672,
25090,2.796,
25091,2.88041,
25092,2.70321,
25093,2.60062,
25094,2.88163,
25095,3.00806,
25096,2.87995,
25097,2.66416,
25098,2.84213,
25099,2.84927,
25100,2.75516,
25101,2.75456,
25102,2.79397,
25103,2.66615,
25104,2.79682,
25105,2.75197,
25106,2.67795,
25107,2.96197,
25108,2.87753,
25109,2.82297,
25110,2.83434,
25111,2.74504,
25112,2.73126,
25113,2.61704,
25114,2.74462,
25115,2.85394,
25116,2.75938,
25117,2.6649,
25118,2.87597,
25119,2.76461,
25120,2.7076,
25121,2.77122,
25122,2.5729,
25123,2.58328,
25124,2.83755,
25125,2.50948,
25126,2.63809,
25127,2.65619,
25128,2.74238,
25129,2.65681,
25130,2.63152,
25131,2.73418,
25132,2.60621,
25133,2.69,
25134,2.75552,
25135,2.79549,
25136,2.79515,
25137,2.79567,
25138,2.65553,
25139,2.7941,
25140,2.62601,
25141,2.7628,
25142,2.73478,
25143,2.72788,
25144,2.98306,
25145,2.67484,
25146,2.61036,
25147,2.76162,
25148,2.62009,
25149,2.54458,
25150,2.7096,
25151,2.95959,
25152,2.48605,
25153,2.45815,
25154,2.78234,
25155,2.54944,
25156,2.69422,
25157,2.62576,
25158,2.55597,
25159,2.51133,
25160,2.86836,
25161,2.78204,
25162,2.84409,
25163,2.74945,
25164,2.94695,
25165,2.85719,
25166,2.96047,
25167,2.8212,
25168,2.78269,
25169,2.8796,
25170,2.80088,
25171,2.82098,
25172,2.81693,
25173,2.7981,
25174,2.81892,
25175,2.55047,
25176,2.74057,
25177,2.78295,
25178,2.84861,
25179,2.80618,
25180,2.46348,
25181,2.70409,
25182,2.78591,
25183,2.65876,
25184,2.38431,
25185,2.57266,
25186,2.64292,
25187,2.62706,
25188,2.68319,
25189,2.37387,
25190,2.51246,
25191,2.49822,
25192,2.64858,
25193,2.69435,
25194,3.00488,
25195,3.09352,
25196,2.85286,
25197,2.83203,
25198,2.9758,
25199,2.99329,
25200,2.76252,
25201,2.89178,
25202,2.78617,
25203,2.79293,
25204,2.74226,
25205,2.99615,
25206,2.79247,
25207,2.78118,
25208,2.89956,
25209,2.91665,
25210,2.82078,
25211,2.88486,
25212,2.72529,
25213,2.90298,
25214,2.77178,
25215,2.75025,
25216,2.68,
25217,2.7077,
25218,2.66219,
25219,2.91182,
25220,2.90771,
25221,2.76687,
25222,2.84609,
25223,2.79697,
25224,2.8385,
25225,2.98183,
25226,2.90183,
25227,2.77146,
25228,2.79885,
25229,2.86247,
25230,2.61357,
25231,2.75505,
25232,2.82252,
25233,2.90157,
25234,2.69507,
25235,2.74992,
25236,2.71031,
25237,2.81909,
25238,2.78982,
25239,2.83852,
25240,2.60151,
25241,2.78291,
25242,2.72627,
25243,2.64457,
25244,2.80868,
25245,2.90185,
25246,2.75035,
25247,2.53413,
25248,2.74381,
25249,2.77964,
25250,2.76597,
25251,2.68242,
25252,2.60735,
25253,2.70536,
25254,2.64849,
25255,2.75252,
25256,2.46438,
25257,2.5488,
25258,2.58099,
25259,2.673,
25260,2.66999,
25261,2.63024,
25262,2.46295,
25263,2.65689,
25264,2.55295,
25265,2.6349,
25266,2.49391,
25267,2.55974,
25268,2.8007,
25269,2.68408,
25270,2.7399,
25271,2.46433,
25272,2.63729,
25273,2.53107,
25274,2.6103,
25275,2.75588,
25276,2.47288,
25277,2.57814,
25278,2.47664,
25279,2.42871,
25280,2.61259,
25281,2.60189,
25282,2.57452,
25283,2.56246,
25284,2.76236,
25285,2.58258,
25286,2.63701,
25287,2.80787,
25288,2.90167,
25289,2.82209,
25290,2.81923,
25291,3.0796,
25292,2.81977,
25293,2.73709,
25294,2.95501,
25295,2.79128,
25296,2.89668,
25297,2.91921,
25298,2.83061,
25299,2.82914,
25300,2.83555,
25301,2.58722,
25302,2.82344,
25303,2.77579,
25304,2.62566,
25305,2.79673,
25306,2.72615,
25307,2.58816,
25308,2.73873,
25309,2.74887,
25310,2.60284,
25311,2.68287,
25312,2.75702,
25313,2.84558,
25314,2.7075,
25315,2.74445,
25316,2.67732,
25317,2.98289,
25318,3.08695,
25319,3.10357,
25320,3.11527,
25321,3.14129,
25322,3.07036,
25323,3.0435,
25324,3.14998,
25325,2.99581,
25326,3.07587,
25327,3.10815,
25328,3.09185,
25329,2.93647,
25330,3.05381,
25331,3.02822,
25332,3.08517,
25333,3.11584,
25334,3.04363,
25335,3.05543,
25336,2.99953,
25337,3.05774,
25338,2.84075,
25339,3.03992,
25340,2.5081,
25341,2.63302,
25342,2.53169,
25343,2.4122,
25344,2.47699,
25345,2.45011,
25346,2.74988,
25347,2.32249,
25348,2.52961,
25349,2.44773,
25350,2.56676,
25351,2.58321,
25352,2.30718,
25353,2.38962,
25354,2.61376,
25355,2.74936,
25356,2.6865,
25357,2.37361,
25358,2.37353,
25359,2.95263,
25360,3.04108,
25361,2.91719,
25362,2.95649,
25363,2.90133,
25364,2.89913,
25365,2.81166,
25366,2.619,
25367,2.74666,
25368,2.86517,
25369,2.75559,
25370,2.84267,
25371,2.92979,
25372,2.99967,
25373,2.89125,
25374,2.75705,
25375,2.65986,
25376,2.82376,
25377,2.74239,
25378,2.73714,
25379,2.5391,
25380,2.56978,
25381,2.50421,
25382,2.69556,
25383,2.77758,
25384,2.67627,
25385,2.73773,
25386,2.70409,
25387,2.75287,
25388,2.73091,
25389,2.89187,
25390,2.68929,
25391,2.61888,
25392,2.75993,
25393,2.53464,
25394,2.62626,
25395,2.59243,
25396,2.75833,
25397,2.86103,
25398,2.66211,
25399,2.54041,
25400,2.51342,
25401,2.4455,
25402,2.32371,
25403,2.4032,
25404,2.44728,
25405,2.67008,
25406,2.35279,
25407,2.48962,
25408,2.50552,
25409,2.76814,
25410,2.6144,
25411,2.83964,
25412,2.5047,
25413,2.92604,
25414,2.66318,
25415,2.88377,
25416,3.03607,
25417,2.87361,
25418,3.05472,
25419,2.86258,
25420,2.82733,
25421,2.92512,
25422,2.86508,
25423,2.6815,
25424,2.61322,
25425,2.60916,
25426,2.72875,
25427,2.73213,
25428,2.72036,
25429,2.7764,
25430,2.66488,
25431,2.80462,
25432,2.60099,
25433,2.83529,
25434,2.80081,
25435,2.57107,
25436,2.53363,
25437,2.7953,
25438,2.48184,
25439,2.5692,
25440,2.50445,
25441,2.36302,
25442,2.44602,
25443,2.52964,
25444,2.90486,
25445,2.90388,
25446,3.0881,
25447,3.08432,
25448,3.03865,
25449,2.99893,
25450,2.68144,
25451,2.76025,
25452,2.73876,
25453,2.89643,
25454,3.1409,
25455,2.86359,
25456,2.90262,
25457,2.74854,
25458,2.69658,
25459,2.99105,
25460,2.96482,
25461,3.01613,
25462,2.85935,
25463,3.06986,
25464,2.74978,
25465,2.81477,
25466,2.7389,
25467,2.854,
25468,2.72668,
25469,2.73991,
25470,2.67458,
25471,2.65563,
25472,2.87822,
25473,2.60366,
25474,2.66059,
25475,2.7669,
25476,2.76916,
25477,2.82836,
25478,2.69465,
25479,2.75676,
25480,2.63046,
25481,2.60011,
25482,2.57073,
25483,2.59695,
25484,2.72913,
25485,2.46368,
25486,2.53873,
25487,2.77508,
25488,2.63437,
25489,2.99324,
25490,3.0846,
25491,2.96685,
25492,3.1392,
25493,3.04659,
25494,2.99253,
25495,2.84386,
25496,2.94517,
25497,2.71186,
25498,2.75192,
25499,2.67915,
25500,2.69236,
25501,2.97756,
25502,2.93428,
25503,2.84073,
25504,2.94763,
25505,2.91459,
25506,2.69148,
25507,2.73542,
25508,2.78921,
25509,2.61366,
25510,2.74898,
25511,2.91755,
25512,2.86007,
25513,2.94176,
25514,3.07364,
25515,3.06027,
25516,2.50582,
25517,2.71854,
25518,2.85203,
25519,2.88555,
25520,2.87451,
25521,2.86568,
25522,3.00381,
25523,2.91423,
25524,3.04825,
25525,2.80003,
25526,2.73714,
25527,2.9622,
25528,2.64229,
25529,2.84327,
25530,2.87906,
25531,2.81109,
25532,2.79182,
25533,2.83048,
25534,3.06721,
25535,2.89503,
25536,2.95504,
25537,2.82412,
25538,2.99115,
25539,2.94271,
25540,2.86184,
25541,2.76757,
25542,2.87314,
25543,2.80127,
25544,2.65513,
25545,2.78571,
25546,2.71216,
25547,2.82831,
25548,2.77196,
25549,2.8763,
25550,2.62926,
25551,2.80225,
25552,2.80252,
25553,2.81158,
25554,2.65624,
25555,2.63105,
25556,2.87095,
25557,2.69219,
25558,2.81042,
25559,1.82686,
25560,2.84055,
25561,2.89823,
25562,2.98719,
25563,3.05088,
25564,3.26364,
25565,2.92139,
25566,2.96249,
25567,2.8511,
25568,2.9499,
25569,2.84806,
25570,3.01942,
25571,2.96522,
25572,2.79045,
25573,2.77464,
25574,2.78315,
25575,2.97157,
25576,2.71529,
25577,2.91296,
25578,2.95575,
25579,2.83407,
25580,2.82329,
25581,2.78078,
25582,2.85891,
25583,2.90769,
25584,2.92381,
25585,2.89241,
25586,2.93668,
25587,2.76023,
25588,3.01366,
25589,3.01293,
25590,2.78775,
25591,2.91293,
25592,2.72131,
25593,2.69138,
25594,2.6602,
25595,2.5054,
25596,2.84477,
25597,2.65653,
25598,2.64652,
25599,2.73616,
25600,2.85003,
25601,2.72415,
25602,2.62301,
25603,2.65633,
25604,2.61853,
25605,2.8646,
25606,2.65539,
25607,2.73391,
25608,2.89932,
25609,2.71976,
25610,2.84864,
25611,2.78999,
25612,2.65264,
25613,2.75454,
25614,2.76975,
25615,2.917,
25616,2.83527,
25617,2.77552,
25618,2.80731,
25619,2.82836,
25620,2.69435,
25621,2.51135,
25622,2.72268,
25623,2.65246,
25624,2.75591,
25625,2.72228,
25626,2.4937,
25627,2.7816,
25628,2.90193,
25629,2.78025,
25630,2.71201,
25631,2.60892,
25632,2.8749,
25633,2.70525,
25634,2.44877,
25635,2.74753,
25636,2.74318,
25637,2.886,
25638,2.66772,
25639,2.62131,
25640,2.72452,
25641,2.61514,
25642,2.59767,
25643,2.71192,
25644,2.69263,
25645,2.85162,
25646,2.87616,
25647,2.82529,
25648,2.60549,
25649,2.75956,
25650,2.69313,
25651,2.88412,
25652,2.86345,
25653,2.82049,
25654,2.82585,
25655,2.98391,
25656,2.74495,
25657,2.88285,
25658,2.79295,
25659,2.6438,
25660,2.88551,
25661,2.80611,
25662,2.96941,
25663,2.76313,
25664,2.50597,
25665,2.61657,
25666,2.75538,
25667,2.63122,
25668,2.66397,
25669,2.53579,
25670,2.62653,
25671,2.86259,
25672,2.84702,
25673,2.7729,
25674,2.97203,
25675,2.7831,
25676,2.82857,
25677,2.76664,
25678,2.93282,
25679,2.92562,
25680,2.92408,
25681,2.86192,
25682,2.84344,
25683,2.83484,
25684,2.75781,
25685,2.91151,
25686,2.56413,
25687,2.67152,
25688,2.85896,
25689,2.77273,
25690,2.77814,
25691,2.58377,
25692,2.71787,
25693,2.86794,
25694,2.57751,
25695,2.7078,
25696,2.64247,
25697,2.58913,
25698,2.73375,
25699,2.56279,
25700,2.63025,
25701,2.60856,
25702,2.75822,
25703,2.68474,
25704,2.80626,
25705,2.83783,
25706,2.79884,
25707,2.65268,
25708,2.72812,
25709,2.66693,
25710,2.76669,
25711,2.63749,
25712,2.86187,
25713,2.8334,
25714,2.84092,
25715,2.85886,
25716,2.82898,
25717,2.6949,
25718,2.83396,
25719,2.76881,
25720,2.81597,
25721,2.83636,
25722,2.92306,
25723,3.05329,
25724,2.94499,
25725,2.82942,
25726,2.81106,
25727,2.71676,
25728,2.744,
25729,2.60997,
25730,2.69414,
25731,2.57606,
25732,2.76632,
25733,2.63893,
25734,2.85466,
25735,2.69511,
25736,2.78251,
25737,2.95524,
25738,2.8627,
25739,3.05854,
25740,2.73503,
25741,2.57871,
25742,2.85445,
25743,2.56952,
25744,2.83056,
25745,2.73443,
25746,2.90124,
25747,2.97992,
25748,2.99907,
25749,2.68862,
25750,2.94361,
25751,2.84468,
25752,2.8123,
25753,2.81792,
25754,2.92697,
25755,2.70777,
25756,2.9412,
25757,2.56019,
25758,2.88992,
25759,2.87471,
25760,2.97018,
25761,2.78252,
25762,2.89179,
25763,2.94601,
25764,2.7174,
25765,2.90001,
25766,2.62882,
25767,2.72946,
25768,2.73826,
25769,2.99685,
25770,2.99887,
25771,2.5597,
25772,2.79592,
25773,2.74944,
25774,2.88741,
25775,2.89408,
25776,3.0669,
25777,2.83172,
25778,2.76319,
25779,2.87568,
25780,2.91113,
25781,2.72853,
25782,2.69618,
25783,2.65405,
25784,2.82218,
25785,2.98985,
25786,2.99971,
25787,2.90021,
25788,2.87798,
25789,2.82253,
25790,2.62325,
25791,2.88051,
25792,2.74559,
25793,2.88476,
25794,2.77315,
25795,2.80733,
25796,2.80636,
25797,2.95221,
25798,2.88026,
25799,2.76217,
25800,2.76753,
25801,2.89734,
25802,2.66088,
25803,3.0372,
25804,2.85896,
25805,2.77459,
25806,2.6811,
25807,2.85298,
25808,2.84536,
25809,2.71562,
25810,2.68851,
25811,2.94487,
25812,2.71236,
25813,2.67389,
25814,2.79235,
25815,2.66433,
25816,2.60721,
25817,2.85433,
25818,2.91605,
25819,2.72386,
25820,2.68952,
25821,2.64776,
25822,2.83997,
25823,2.92727,
25824,2.53547,
25825,2.8015,
25826,2.73765,
25827,2.81579,
25828,2.83502,
25829,2.87682,
25830,2.64301,
25831,2.71394,
25832,2.82049,
25833,2.46503,
25834,2.48117,
25835,2.93595,
25836,2.74943,
25837,2.856,
25838,2.60384,
25839,2.57507,
25840,2.84007,
25841,2.71748,
25842,2.60928,
25843,2.94025,
25844,2.82986,
25845,2.56879,
25846,2.7448,
25847,2.59772,
25848,2.70824,
25849,2.63661,
25850,2.54015,
25851,2.81766,
25852,2.73259,
25853,2.91458,
25854,2.93723,
25855,2.83028,
25856,2.87718,
25857,2.71245,
25858,2.81176,
25859,2.933,
25860,2.83423,
25861,2.95008,
25862,3.01244,
25863,3.09565,
25864,3.84295,
25865,2.76773,
25866,2.83993,
25867,2.84455,
25868,2.87389,
25869,2.69233,
25870,2.88893,
25871,2.8153,
25872,2.78678,
25873,2.76997,
25874,3.22252,
25875,2.83862,
25876,2.80591,
25877,2.42953,
25878,2.61988,
25879,2.87312,
25880,2.84995,
25881,2.93239,
25882,3.09039,
25883,2.89522,
25884,2.78663,
25885,2.88477,
25886,2.79997,
25887,3.00919,
25888,2.79383,
25889,2.80391,
25890,2.9512,
25891,2.89446,
25892,2.78271,
25893,2.72829,
25894,2.69304,
25895,2.71431,
25896,2.77681,
25897,2.68343,
25898,2.50648,
25899,2.86623,
25900,2.74788,
25901,2.57446,
25902,2.6117,
25903,2.70542,
25904,2.8092,
25905,2.7548,
25906,2.75123,
25907,2.78866,
25908,2.47176,
25909,2.74273,
25910,2.46403,
25911,2.83185,
25912,2.62077,
25913,2.68962,
25914,2.60343,
25915,2.72295,
25916,2.68848,
25917,2.68879,
25918,2.60575,
25919,2.55541,
25920,2.74146,
25921,2.73796,
25922,2.41779,
25923,2.529,
25924,2.50777,
25925,2.72236,
25926,2.73898,
25927,2.67719,
25928,2.70258,
25929,2.75973,
25930,2.83107,
25931,2.5356,
25932,2.86682,
25933,2.71733,
25934,2.7127,
25935,2.67926,
25936,2.80805,
25937,2.88543,
25938,2.87835,
25939,2.69883,
25940,2.61228,
25941,2.99327,
25942,2.80944,
25943,2.83086,
25944,2.8025,
25945,2.62287,
25946,2.67358,
25947,2.81335,
25948,2.34063,
25949,2.48728,
25950,2.34547,
25951,2.56743,
25952,2.67589,
25953,2.78374,
25954,2.77746,
25955,2.77441,
25956,2.71123,
25957,2.54588,
25958,2.63513,
25959,2.74844,
25960,2.89707,
25961,2.70391,
25962,2.60855,
25963,2.31569,
25964,2.40416,
25965,2.81142,
25966,2.50432,
25967,2.71039,
25968,2.51606,
25969,2.66637,
25970,2.48038,
25971,2.50954,
25972,2.52317,
25973,2.54644,
25974,2.50464,
25975,2.47279,
25976,2.55947,
25977,2.76629,
25978,2.46489,
25979,2.69969,
25980,2.62775,
25981,3.00692,
25982,2.96263,
25983,2.91502,
25984,3.02416,
25985,2.99642,
25986,2.92281,
25987,2.72011,
25988,2.54819,
25989,2.85251,
25990,2.70771,
25991,2.71303,
25992,2.87556,
25993,2.77802,
25994,2.86807,
25995,2.78722,
25996,2.76839,
25997,2.66097,
25998,2.74948,
25999,2.89221,
26000,2.81208,
26001,2.77256,
26002,2.72112,
26003,2.62375,
26004,2.90213,
26005,2.67134,
26006,2.64268,
26007,2.75865,
26008,2.76189,
26009,2.69769,
26010,3.09285,
26011,2.90007,
26012,2.86043,
26013,2.75051,
26014,2.99309,
26015,2.89735,
26016,2.78206,
26017,2.82425,
26018,2.81457,
26019,2.80231,
26020,2.83677,
26021,2.76484,
26022,2.73203,
26023,2.55321,
26024,2.72938,
26025,2.72414,
26026,2.72409,
26027,2.44328,
26028,2.57075,
26029,2.37079,
26030,2.71317,
26031,2.72491,
26032,2.46729,
26033,2.61556,
26034,2.53905,
26035,2.73724,
26036,2.58816,
26037,2.60821,
26038,2.44021,
26039,2.74882,
26040,2.81377,
26041,2.80393,
26042,2.73908,
26043,2.8738,
26044,2.81724,
26045,2.9126,
26046,2.86306,
26047,2.8775,
26048,2.88801,
26049,2.76334,
26050,2.7639,
26051,2.53134,
26052,2.81568,
26053,2.74239,
26054,2.83324,
26055,2.77008,
26056,2.64898,
26057,2.74584,
26058,2.64096,
26059,2.7027,
26060,2.84401,
26061,2.931,
26062,2.65091,
26063,2.65224,
26064,2.67901,
26065,2.90997,
26066,2.89853,
26067,2.95333,
26068,2.75488,
26069,2.98457,
26070,2.79552,
26071,2.87864,
26072,3.04011,
26073,2.8193,
26074,2.72241,
26075,2.61702,
26076,2.90479,
26077,2.92444,
26078,2.77856,
26079,2.82714,
26080,2.81815,
26081,2.99305,
26082,2.91712,
26083,3.08281,
26084,2.70733,
26085,2.76629,
26086,2.56625,
26087,2.71599,
26088,2.76513,
26089,2.7415,
26090,2.73613,
26091,2.90507,
26092,2.85168,
26093,2.75785,
26094,2.54987,
26095,2.69743,
26096,2.72583,
26097,2.77726,
26098,2.68409,
26099,2.96463,
26100,2.93964,
26101,2.9856,
26102,2.8151,
26103,2.72438,
26104,2.892,
26105,2.62706,
26106,2.96598,
26107,2.90602,
26108,2.89816,
26109,2.9126,
26110,3.06285,
26111,3.17486,
26112,2.84119,
26113,2.85927,
26114,2.90122,
26115,3.05301,
26116,3.0711,
26117,2.86466,
26118,2.8698,
26119,2.85882,
26120,2.71508,
26121,2.84454,
26122,2.82894,
26123,2.8406,
26124,2.62523,
26125,2.65226,
26126,2.82369,
26127,3.11512,
26128,3.23391,
26129,3.26207,
26130,3.19957,
26131,3.20143,
26132,3.23082,
26133,3.15282,
26134,3.12491,
26135,3.14435,
26136,3.1258,
26137,3.14804,
26138,3.12211,
26139,3.09826,
26140,3.04959,
26141,3.13005,
26142,3.11849,
26143,3.10973,
26144,3.05178,
26145,2.98449,
26146,2.79298,
26147,3.04854,
26148,2.89062,
26149,2.83579,
26150,2.89231,
26151,2.91148,
26152,2.76759,
26153,2.94343,
26154,2.70379,
26155,2.78505,
26156,2.88413,
26157,2.69784,
26158,2.58683,
26159,2.87975,
26160,2.98586,
26161,2.87452,
26162,2.65406,
26163,2.8392,
26164,2.8351,
26165,2.75199,
26166,2.74802,
26167,2.78364,
26168,2.66634,
26169,2.78667,
26170,2.73058,
26171,2.65442,
26172,2.97045,
26173,2.89961,
26174,2.80862,
26175,2.82573,
26176,2.72865,
26177,2.71136,
26178,2.60823,
26179,2.73877,
26180,2.84719,
26181,2.75678,
26182,2.66578,
26183,2.87919,
26184,2.74985,
26185,2.69636,
26186,2.76124,
26187,2.56527,
26188,2.57198,
26189,2.83409,
26190,2.50175,
26191,2.62065,
26192,2.65384,
26193,2.72978,
26194,2.65119,
26195,2.62101,
26196,2.73254,
26197,2.58833,
26198,2.66614,
26199,2.7414,
26200,2.79544,
26201,2.78304,
26202,2.77507,
26203,2.63439,
26204,2.79562,
26205,2.62679,
26206,2.74269,
26207,2.7284,
26208,2.72452,
26209,2.96973,
26210,2.67635,
26211,2.60077,
26212,2.74563,
26213,2.60267,
26214,2.52128,
26215,2.70815,
26216,2.93373,
26217,2.48308,
26218,2.45212,
26219,2.75912,
26220,2.53266,
26221,2.70047,
26222,2.61279,
26223,2.55034,
26224,2.50682,
26225,2.85798,
26226,2.76586,
26227,2.83191,
26228,2.74548,
26229,2.94105,
26230,2.85763,
26231,2.95431,
26232,2.82102,
26233,2.76458,
26234,2.86462,
26235,2.79502,
26236,2.8244,
26237,2.8037,
26238,2.79407,
26239,2.81521,
26240,2.53232,
26241,2.72875,
26242,2.78371,
26243,2.82373,
26244,2.78647,
26245,2.44898,
26246,2.69774,
26247,2.77059,
26248,2.65183,
26249,2.3875,
26250,2.56607,
26251,2.626,
26252,2.61497,
26253,2.66463,
26254,2.35485,
26255,2.53023,
26256,2.49341,
26257,2.64533,
26258,2.69378,
26259,3.00459,
26260,3.07909,
26261,2.84662,
26262,2.82592,
26263,2.97015,
26264,2.99375,
26265,2.74485,
26266,2.88526,
26267,2.76815,
26268,2.77919,
26269,2.71636,
26270,2.99483,
26271,2.79145,
26272,2.76802,
26273,2.89916,
26274,2.89927,
26275,2.8052,
26276,2.8786,
26277,2.73074,
26278,2.88904,
26279,2.76896,
26280,2.74627,
26281,2.6932,
26282,2.70445,
26283,2.65004,
26284,2.90478,
26285,2.89645,
26286,2.73341,
26287,2.83383,
26288,2.80148,
26289,2.8243,
26290,2.98371,
26291,2.86774,
26292,2.77533,
26293,2.79788,
26294,2.85167,
26295,2.60051,
26296,2.74499,
26297,2.8236,
26298,2.88814,
26299,2.67665,
26300,2.77372,
26301,2.70591,
26302,2.81779,
26303,2.77524,
26304,2.82256,
26305,2.60752,
26306,2.78687,
26307,2.71906,
26308,2.63803,
26309,2.78558,
26310,2.90672,
26311,2.7448,
26312,2.5187,
26313,2.72942,
26314,2.76283,
26315,2.74675,
26316,2.68773,
26317,2.59755,
26318,2.68311,
26319,2.65887,
26320,2.75057,
26321,2.46593,
26322,2.5181,
26323,2.56683,
26324,2.66406,
26325,2.66327,
26326,2.61892,
26327,2.45089,
26328,2.64797,
26329,2.54237,
26330,2.62941,
26331,2.48158,
26332,2.5618,
26333,2.78957,
26334,2.67094,
26335,2.72462,
26336,2.44324,
26337,2.63464,
26338,2.5253,
26339,2.6209,
26340,2.75523,
26341,2.46937,
26342,2.57467,
26343,2.47314,
26344,2.40599,
26345,2.60432,
26346,2.6004,
26347,2.57345,
26348,2.55145,
26349,2.75083,
26350,2.56312,
26351,2.62484,
26352,2.80031,
26353,2.87048,
26354,2.81606,
26355,2.80476,
26356,3.06528,
26357,2.81231,
26358,2.71841,
26359,2.96227,
26360,2.77827,
26361,2.88139,
26362,2.91334,
26363,2.82855,
26364,2.82335,
26365,2.82796,
26366,2.57516,
26367,2.82292,
26368,2.7767,
26369,2.62554,
26370,2.77586,
26371,2.73729,
26372,2.58984,
26373,2.7398,
26374,2.74448,
26375,2.5899,
26376,2.66361,
26377,2.74997,
26378,2.84286,
26379,2.7,
26380,2.75118,
26381,2.67636,
26382,2.96429,
26383,3.06733,
26384,3.10157,
26385,3.09706,
26386,3.13573,
26387,3.07035,
26388,3.04275,
26389,3.14936,
26390,2.99925,
26391,3.06094,
26392,3.09203,
26393,3.08142,
26394,2.93038,
26395,3.03072,
26396,3.0207,
26397,3.06829,
26398,3.10214,
26399,3.03961,
26400,3.02747,
26401,2.9888,
26402,3.04748,
26403,2.82365,
26404,3.02012,
26405,2.50451,
26406,2.61931,
26407,2.51126,
26408,2.39167,
26409,2.47762,
26410,2.45245,
26411,2.73335,
26412,2.30508,
26413,2.52334,
26414,2.42551,
26415,2.55117,
26416,2.55749,
26417,2.2964,
26418,2.37459,
26419,2.58567,
26420,2.74445,
26421,2.68037,
26422,2.36533,
26423,2.35891,
26424,2.92677,
26425,3.03572,
26426,2.90062,
26427,2.93326,
26428,2.90705,
26429,2.88935,
26430,2.7939,
26431,2.60363,
26432,2.73836,
26433,2.86472,
26434,2.73958,
26435,2.85233,
26436,2.91121,
26437,2.97866,
26438,2.89264,
26439,2.7542,
26440,2.64542,
26441,2.81224,
26442,2.73546,
26443,2.72721,
26444,2.52789,
26445,2.53705,
26446,2.50833,
26447,2.68899,
26448,2.76036,
26449,2.678,
26450,2.72509,
26451,2.6923,
26452,2.74507,
26453,2.72574,
26454,2.89141,
26455,2.66614,
26456,2.60541,
26457,2.76982,
26458,2.52326,
26459,2.60597,
26460,2.57687,
26461,2.74546,
26462,2.87039,
26463,2.65571,
26464,2.53483,
26465,2.50445,
26466,2.43568,
26467,2.30855,
26468,2.40454,
26469,2.43525,
26470,2.64618,
26471,2.32816,
26472,2.47994,
26473,2.49587,
26474,2.75611,
26475,2.61062,
26476,2.82685,
26477,2.49311,
26478,2.91903,
26479,2.66908,
26480,2.86697,
26481,3.01367,
26482,2.86438,
26483,3.04128,
26484,2.86433,
26485,2.81546,
26486,2.92799,
26487,2.85258,
26488,2.67176,
26489,2.59812,
26490,2.59664,
26491,2.71983,
26492,2.72886,
26493,2.70025,
26494,2.76718,
26495,2.66512,
26496,2.81657,
26497,2.56978,
26498,2.84853,
26499,2.79863,
26500,2.56571,
26501,2.50973,
26502,2.7801,
26503,2.46983,
26504,2.55861,
26505,2.48856,
26506,2.35398,
26507,2.42306,
26508,2.52031,
26509,2.88248,
26510,2.89747,
26511,3.07366,
26512,3.05602,
26513,3.02402,
26514,2.98108,
26515,2.66386,
26516,2.75837,
26517,2.72003,
26518,2.87587,
26519,3.13449,
26520,2.85969,
26521,2.89164,
26522,2.72416,
26523,2.68566,
26524,2.97705,
26525,2.94898,
26526,3.01501,
26527,2.86428,
26528,3.05642,
26529,2.72991,
26530,2.81533,
26531,2.74813,
26532,2.85584,
26533,2.70758,
26534,2.73016,
26535,2.66439,
26536,2.63393,
26537,2.86877,
26538,2.57937,
26539,2.6481,
26540,2.74365,
26541,2.76638,
26542,2.81773,
26543,2.69467,
26544,2.73001,
26545,2.63117,
26546,2.5796,
26547,2.5433,
26548,2.59758,
26549,2.74044,
26550,2.45749,
26551,2.53652,
26552,2.76736,
26553,2.63006,
26554,2.97137,
26555,3.09488,
26556,2.94672,
26557,3.13169,
26558,3.02102,
26559,2.99377,
26560,2.84269,
26561,2.93972,
26562,2.70719,
26563,2.73804,
26564,2.67243,
26565,2.70499,
26566,2.98734,
26567,2.93241,
26568,2.83682,
26569,2.94452,
26570,2.89214,
26571,2.68231,
26572,2.74536,
26573,2.77834,
26574,2.59396,
26575,2.73733,
26576,2.89588,
26577,2.8648,
26578,2.93815,
26579,3.06677,
26580,3.04828,
26581,2.49938,
26582,2.71539,
26583,2.84866,
26584,2.8619,
26585,2.83591,
26586,2.85807,
26587,2.99732,
26588,2.89846,
26589,3.04718,
26590,2.79709,
26591,2.71918,
26592,2.95885,
26593,2.64026,
26594,2.83658,
26595,2.86201,
26596,2.80477,
26597,2.7803,
26598,2.82533,
26599,3.04705,
26600,2.87953,
26601,2.95169,
26602,2.81507,
26603,2.96899,
26604,2.93139,
26605,2.85573,
26606,2.77236,
26607,2.85676,
26608,2.78748,
26609,2.63752,
26610,2.77462,
26611,2.70573,
26612,2.82114,
26613,2.77126,
26614,2.87467,
26615,2.61767,
26616,2.79058,
26617,2.79741,
26618,2.81715,
26619,2.639,
26620,2.6344,
26621,2.89561,
26622,2.68123,
26623,2.79183,
26624,1.80777,
26625,2.82931,
26626,2.87758,
26627,2.96939,
26628,3.03305,
26629,3.25126,
26630,2.91219,
26631,2.95779,
26632,2.85163,
26633,2.94502,
26634,2.83089,
26635,2.98704,
26636,2.96158,
26637,2.78642,
26638,2.77156,
26639,2.76775,
26640,2.95969,
26641,2.70167,
26642,2.9015,
26643,2.94241,
26644,2.82503,
26645,2.80617,
26646,2.76797,
26647,2.85621,
26648,2.90122,
26649,2.91542,
26650,2.87567,
26651,2.91518,
26652,2.74134,
26653,3.01238,
26654,3.01791,
26655,2.77441,
26656,2.89313,
26657,2.71089,
26658,2.68537,
26659,2.64827,
26660,2.49987,
26661,2.84136,
26662,2.63936,
26663,2.64623,
26664,2.72879,
26665,2.85434,
26666,2.72706,
26667,2.61043,
26668,2.65411,
26669,2.60503,
26670,2.85155,
26671,2.65163,
26672,2.72995,
26673,2.88951,
26674,2.7093,
26675,2.83069,
26676,2.77448,
26677,2.64368,
26678,2.73996,
26679,2.75414,
26680,2.9045,
26681,2.81711,
26682,2.75693,
26683,2.79913,
26684,2.82213,
26685,2.67621,
26686,2.50806,
26687,2.72843,
26688,2.64039,
26689,2.73897,
26690,2.73619,
26691,2.48387,
26692,2.77665,
26693,2.88829,
26694,2.77334,
26695,2.70491,
26696,2.60685,
26697,2.87389,
26698,2.69854,
26699,2.44146,
26700,2.7401,
26701,2.73459,
26702,2.8807,
26703,2.65484,
26704,2.61489,
26705,2.71157,
26706,2.6015,
26707,2.60176,
26708,2.70321,
26709,2.69221,
26710,2.85045,
26711,2.86912,
26712,2.8199,
26713,2.61525,
26714,2.75482,
26715,2.68559,
26716,2.89011,
26717,2.85972,
26718,2.8135,
26719,2.81454,
26720,2.97449,
26721,2.73852,
26722,2.8681,
26723,2.77893,
26724,2.64267,
26725,2.8737,
26726,2.79884,
26727,2.96329,
26728,2.76605,
26729,2.51409,
26730,2.60668,
26731,2.75747,
26732,2.63564,
26733,2.66677,
26734,2.50946,
26735,2.61705,
26736,2.85847,
26737,2.83747,
26738,2.76502,
26739,2.95238,
26740,2.7951,
26741,2.81423,
26742,2.75729,
26743,2.93194,
26744,2.90441,
26745,2.91962,
26746,2.86016,
26747,2.83648,
26748,2.82937,
26749,2.76233,
26750,2.89878,
26751,2.56612,
26752,2.67369,
26753,2.85697,
26754,2.74827,
26755,2.76579,
26756,2.57148,
26757,2.70704,
26758,2.86715,
26759,2.5673,
26760,2.70113,
26761,2.63821,
26762,2.57395,
26763,2.73394,
26764,2.542,
26765,2.61582,
26766,2.59858,
26767,2.76547,
26768,2.67538,
26769,2.78792,
26770,2.83064,
26771,2.80314,
26772,2.63155,
26773,2.70931,
26774,2.64886,
26775,2.74253,
26776,2.61054,
26777,2.86537,
26778,2.8046,
26779,2.81525,
26780,2.84662,
26781,2.81652,
26782,2.68653,
26783,2.83393,
26784,2.75773,
26785,2.80331,
26786,2.82645,
26787,2.90843,
26788,3.03938,
26789,2.93604,
26790,2.83767,
26791,2.80425,
26792,2.70842,
26793,2.72411,
26794,2.5992,
26795,2.67854,
26796,2.5728,
26797,2.76172,
26798,2.6273,
26799,2.86019,
26800,2.69115,
26801,2.76978,
26802,2.9468,
26803,2.85409,
26804,3.04467,
26805,2.71514,
26806,2.5635,
26807,2.84909,
26808,2.53453,
26809,2.81985,
26810,2.71665,
26811,2.89441,
26812,2.96846,
26813,2.99915,
26814,2.69201,
26815,2.93438,
26816,2.82499,
26817,2.7999,
26818,2.80731,
26819,2.90722,
26820,2.68958,
26821,2.94535,
26822,2.54967,
26823,2.89285,
26824,2.86906,
26825,2.95824,
26826,2.77226,
26827,2.89051,
26828,2.93805,
26829,2.72129,
26830,2.90442,
26831,2.60521,
26832,2.73227,
26833,2.74758,
26834,2.97902,
26835,2.99363,
26836,2.58198,
26837,2.7863,
26838,2.72772,
26839,2.86209,
26840,2.88167,
26841,3.0529,
26842,2.84336,
26843,2.76738,
26844,2.87934,
26845,2.92058,
26846,2.71989,
26847,2.68508,
26848,2.64089,
26849,2.81931,
26850,2.97132,
26851,2.9787,
26852,2.9016,
26853,2.86163,
26854,2.82602,
26855,2.61976,
26856,2.86715,
26857,2.73167,
26858,2.88748,
26859,2.7801,
26860,2.79415,
26861,2.79775,
26862,2.94228,
26863,2.87597,
26864,2.74531,
26865,2.76565,
26866,2.89154,
26867,2.65678,
26868,3.01584,
26869,2.85516,
26870,2.76002,
26871,2.67977,
26872,2.84568,
26873,2.83353,
26874,2.71141,
26875,2.65657,
26876,2.93563,
26877,2.68903,
26878,2.65314,
26879,2.78276,
26880,2.64782,
26881,2.59656,
26882,2.84619,
26883,2.91734,
26884,2.72839,
26885,2.68347,
26886,2.64371,
26887,2.84002,
26888,2.91165,
26889,2.51591,
26890,2.79254,
26891,2.73927,
26892,2.81077,
26893,2.82798,
26894,2.86527,
26895,2.63153,
26896,2.71736,
26897,2.82667,
26898,2.45982,
26899,2.47687,
26900,2.91919,
26901,2.74847,
26902,2.84371,
26903,2.59461,
26904,2.56201,
26905,2.82927,
26906,2.72629,
26907,2.60285,
26908,2.92783,
26909,2.819,
26910,2.56542,
26911,2.73244,
26912,2.57226,
26913,2.71321,
26914,2.63054,
26915,2.53268,
26916,2.80296,
26917,2.70481,
26918,2.90328,
26919,2.93254,
26920,2.81986,
26921,2.8783,
26922,2.69802,
26923,2.79076,
26924,2.91732,
26925,2.82526,
26926,2.93185,
26927,2.98952,
26928,3.09228,
26929,3.83054,
26930,2.75711,
26931,2.82535,
26932,2.83507,
26933,2.86126,
26934,2.66821,
26935,2.90108,
26936,2.80354,
26937,2.78051,
26938,2.75341,
26939,3.21206,
26940,2.83257,
26941,2.80469,
26942,2.42692,
26943,2.60549,
26944,2.87358,
26945,2.84529,
26946,2.92502,
26947,3.09083,
26948,2.88318,
26949,2.78469,
26950,2.87337,
26951,2.79484,
26952,2.99878,
26953,2.76885,
26954,2.79693,
26955,2.9464,
26956,2.88931,
26957,2.7697,
26958,2.72419,
26959,2.68334,
26960,2.70482,
26961,2.76904,
26962,2.68531,
26963,2.49757,
26964,2.87371,
26965,2.72643,
26966,2.58994,
26967,2.59815,
26968,2.69966,
26969,2.7907,
26970,2.75482,
26971,2.73952,
26972,2.7883,
26973,2.46815,
26974,2.73398,
26975,2.45919,
26976,2.83165,
26977,2.61793,
26978,2.67436,
26979,2.58409,
26980,2.71041,
26981,2.68313,
26982,2.67801,
26983,2.58933,
26984,2.5458,
26985,2.73117,
26986,2.71283,
26987,2.40245,
26988,2.517,
26989,2.50546,
26990,2.7038,
26991,2.71758,
26992,2.65933,
26993,2.68581,
26994,2.74165,
26995,2.81692,
26996,2.52949,
26997,2.86225,
26998,2.72074,
26999,2.70439,
27000,2.67649,
27001,2.78656,
27002,2.88263,
27003,2.84605,
27004,2.68788,
27005,2.60744,
27006,2.98488,
27007,2.81226,
27008,2.82601,
27009,2.77022,
27010,2.6283,
27011,2.65301,
27012,2.8015,
27013,2.3303,
27014,2.47817,
27015,2.34199,
27016,2.54774,
27017,2.67207,
27018,2.76612,
27019,2.76231,
27020,2.76497,
27021,2.71143,
27022,2.56452,
27023,2.63398,
27024,2.73429,
27025,2.89031,
27026,2.6995,
27027,2.60515,
27028,2.30914,
27029,2.41539,
27030,2.80431,
27031,2.50118,
27032,2.70839,
27033,2.49599,
27034,2.66243,
27035,2.47324,
27036,2.49795,
27037,2.52856,
27038,2.54139,
27039,2.49492,
27040,2.4609,
27041,2.574,
27042,2.7677,
27043,2.44767,
27044,2.70093,
27045,2.60088,
27046,2.98548,
27047,2.95281,
27048,2.90113,
27049,3.02047,
27050,2.97841,
27051,2.89728,
27052,2.72345,
27053,2.53135,
27054,2.84965,
27055,2.69557,
27056,2.71548,
27057,2.86379,
27058,2.7753,
27059,2.85496,
27060,2.78464,
27061,2.75113,
27062,2.6549,
27063,2.73782,
27064,2.89659,
27065,2.80032,
27066,2.78241,
27067,2.71279,
27068,2.62574,
27069,2.901,
27070,2.67013,
27071,2.63764,
27072,2.75811,
27073,2.74214,
27074,2.68289,
27075,3.07299,
27076,2.89444,
27077,2.84234,
27078,2.74158,
27079,2.97133,
27080,2.89735,
27081,2.7853,
27082,2.84023,
27083,2.79306,
27084,2.79018,
27085,2.82172,
27086,2.77585,
27087,2.72191,
27088,2.53992,
27089,2.71904,
27090,2.73268,
27091,2.7179,
27092,2.44731,
27093,2.56606,
27094,2.36975,
27095,2.69269,
27096,2.69807,
27097,2.44513,
27098,2.61919,
27099,2.53453,
27100,2.73818,
27101,2.57572,
27102,2.60456,
27103,2.43239,
27104,2.72835,
27105,2.81379,
27106,2.79741,
27107,2.74377,
27108,2.87924,
27109,2.81694,
27110,2.90955,
27111,2.8488,
27112,2.86242,
27113,2.88654,
27114,2.74004,
27115,2.76802,
27116,2.52757,
27117,2.81471,
27118,2.73393,
27119,2.83939,
27120,2.7554,
27121,2.63698,
27122,2.7472,
27123,2.63079,
27124,2.69513,
27125,2.83487,
27126,2.92525,
27127,2.64387,
27128,2.6461,
27129,2.65682,
27130,2.90697,
27131,2.89752,
27132,2.95069,
27133,2.73522,
27134,2.98303,
27135,2.79045,
27136,2.86127,
27137,3.01829,
27138,2.80045,
27139,2.71887,
27140,2.61051,
27141,2.88152,
27142,2.91907,
27143,2.76851,
27144,2.82005,
27145,2.81508,
27146,2.98864,
27147,2.90324,
27148,3.07566,
27149,2.7059,
27150,2.77237,
27151,2.56717,
27152,2.72017,
27153,2.76924,
27154,2.75652,
27155,2.72782,
27156,2.90371,
27157,2.84322,
27158,2.74611,
27159,2.5493,
27160,2.68402,
27161,2.72528,
27162,2.78377,
27163,2.68667,
27164,2.96427,
27165,2.91482,
27166,2.96674,
27167,2.79657,
27168,2.70385,
27169,2.87583,
27170,2.60239,
27171,2.96453,
27172,2.88458,
27173,2.88412,
27174,2.91091,
27175,3.04721,
27176,3.15831,
27177,2.82725,
27178,2.86263,
27179,2.88628,
27180,3.04017,
27181,3.05797,
27182,2.85851,
27183,2.84851,
27184,2.84376,
27185,2.71274,
27186,2.84525,
27187,2.8281,
27188,2.82703,
27189,2.60892,
27190,2.65037,
27191,2.81877,
27192,3.0991,
27193,3.20995,
27194,3.2417,
27195,3.18871,
27196,3.18375,
27197,3.21603,
27198,3.15124,
27199,3.11561,
27200,3.13914,
27201,3.11427,
27202,3.15216,
27203,3.09772,
27204,3.10133,
27205,3.03548,
27206,3.1239,
27207,3.11419,
27208,3.1155,
27209,3.05561,
27210,2.98502,
27211,2.77962,
27212,3.03651,
27213,2.87622,
27214,2.83183,
27215,2.87664,
27216,2.90742,
27217,2.75562,
27218,2.94255,
27219,2.68105,
27220,2.77387,
27221,2.86379,
27222,2.69323,
27223,2.58333,
27224,2.86251,
27225,2.97669,
27226,2.85689,
27227,2.65386,
27228,2.83417,
27229,2.82449,
27230,2.74484,
27231,2.73993,
27232,2.77571,
27233,2.64557,
27234,2.78014,
27235,2.73466,
27236,2.65438,
27237,2.94728,
27238,2.87229,
27239,2.79378,
27240,2.81066,
27241,2.7229,
27242,2.71677,
27243,2.60495,
27244,2.72585,
27245,2.84331,
27246,2.75217,
27247,2.643,
27248,2.85068,
27249,2.75001,
27250,2.6824,
27251,2.75283,
27252,2.55383,
27253,2.56668,
27254,2.81726,
27255,2.50429,
27256,2.61153,
27257,2.65805,
27258,2.71963,
27259,2.63351,
27260,2.60776,
27261,2.70718,
27262,2.58775,
27263,2.63855,
27264,2.7319,
27265,2.78366,
27266,2.78752,
27267,2.76837,
27268,2.62396,
27269,2.79079,
27270,2.61287,
27271,2.73937,
27272,2.71185,
27273,2.7323,
27274,2.96009,
27275,2.67168,
27276,2.60106,
27277,2.74644,
27278,2.59698,
27279,2.5291,
27280,2.69099,
27281,2.94563,
27282,2.4975,
27283,2.44992,
27284,2.75923,
27285,2.52613,
27286,2.6786,
27287,2.60654,
27288,2.5412,
27289,2.49653,
27290,2.86433,
27291,2.76217,
27292,2.8145,
27293,2.72721,
27294,2.93541,
27295,2.84192,
27296,2.94084,
27297,2.81028,
27298,2.75846,
27299,2.85624,
27300,2.79523,
27301,2.80288,
27302,2.7787,
27303,2.7824,
27304,2.81419,
27305,2.52141,
27306,2.72534,
27307,2.76652,
27308,2.82187,
27309,2.78149,
27310,2.44145,
27311,2.688,
27312,2.76808,
27313,2.64359,
27314,2.36179,
27315,2.56264,
27316,2.6199,
27317,2.60961,
27318,2.65985,
27319,2.35881,
27320,2.50599,
27321,2.49329,
27322,2.63564,
27323,2.68552,
27324,2.97348,
27325,3.07603,
27326,2.84288,
27327,2.82123,
27328,2.95519,
27329,2.97119,
27330,2.73221,
27331,2.86325,
27332,2.75738,
27333,2.77683,
27334,2.72551,
27335,2.9901,
27336,2.76781,
27337,2.76844,
27338,2.8908,
27339,2.88896,
27340,2.79248,
27341,2.86674,
27342,2.70729,
27343,2.87871,
27344,2.77079,
27345,2.72484,
27346,2.67669,
27347,2.70635,
27348,2.64396,
27349,2.90148,
27350,2.87429,
27351,2.73127,
27352,2.82186,
27353,2.79104,
27354,2.82215,
27355,2.9657,
27356,2.8685,
27357,2.75197,
27358,2.78818,
27359,2.85291,
27360,2.60459,
27361,2.7351,
27362,2.80855,
27363,2.88811,
27364,2.67198,
27365,2.74524,
27366,2.70193,
27367,2.80441,
27368,2.75534,
27369,2.82061,
27370,2.59502,
27371,2.77651,
27372,2.71687,
27373,2.62646,
27374,2.78079,
27375,2.89306,
27376,2.73823,
27377,2.50473,
27378,2.73119,
27379,2.74812,
27380,2.74004,
27381,2.67569,
27382,2.58312,
27383,2.68569,
27384,2.63959,
27385,2.73844,
27386,2.45974,
27387,2.50271,
27388,2.55471,
27389,2.66648,
27390,2.66347,
27391,2.62115,
27392,2.43425,
27393,2.65222,
27394,2.53454,
27395,2.61335,
27396,2.47685,
27397,2.55056,
27398,2.78131,
27399,2.66381,
27400,2.72003,
27401,2.44036,
27402,2.63068,
27403,2.51186,
27404,2.60021,
27405,2.7389,
27406,2.45637,
27407,2.57378,
27408,2.47777,
27409,2.40004,
27410,2.59513,
27411,2.57046,
27412,2.57354,
27413,2.55365,
27414,2.74052,
27415,2.55151,
27416,2.61205,
27417,2.78641,
27418,2.8802,
27419,2.80925,
27420,2.81066,
27421,3.06531,
27422,2.79468,
27423,2.71826,
27424,2.95466,
27425,2.77183,
27426,2.86648,
27427,2.89952,
27428,2.81359,
27429,2.81267,
27430,2.80855,
27431,2.56459,
27432,2.81875,
27433,2.76539,
27434,2.60993,
27435,2.77347,
27436,2.72034,
27437,2.58271,
27438,2.72277,
27439,2.73966,
27440,2.58916,
27441,2.65182,
27442,2.74582,
27443,2.81302,
27444,2.68577,
27445,2.73647,
27446,2.66074,
27447,2.95727,
27448,3.06393,
27449,3.08306,
27450,3.09371,
27451,3.12569,
27452,3.08282,
27453,3.04063,
27454,3.14719,
27455,2.98194,
27456,3.06791,
27457,3.10013,
27458,3.07202,
27459,2.92703,
27460,3.02879,
27461,3.02105,
27462,3.07007,
27463,3.09862,
27464,3.0239,
27465,3.03117,
27466,2.99626,
27467,3.04419,
27468,2.8038,
27469,3.01718,
27470,2.48416,
27471,2.60858,
27472,2.51064,
27473,2.38831,
27474,2.46372,
27475,2.43132,
27476,2.72648,
27477,2.30688,
27478,2.52043,
27479,2.4258,
27480,2.54338,
27481,2.56059,
27482,2.29177,
27483,2.37153,
27484,2.57822,
27485,2.73328,
27486,2.68567,
27487,2.35512,
27488,2.35868,
27489,2.92302,
27490,3.0281,
27491,2.90433,
27492,2.93723,
27493,2.89969,
27494,2.88661,
27495,2.7997,
27496,2.59483,
27497,2.7348,
27498,2.8423,
27499,2.7506,
27500,2.84971,
27501,2.89512,
27502,2.97688,
27503,2.8819,
27504,2.74974,
27505,2.62995,
27506,2.82424,
27507,2.72039,
27508,2.71942,
27509,2.52054,
27510,2.53606,
27511,2.49281,
27512,2.67421,
27513,2.76316,
27514,2.6564,
27515,2.72553,
27516,2.69415,
27517,2.75308,
27518,2.69923,
27519,2.88071,
27520,2.65863,
27521,2.60597,
27522,2.75889,
27523,2.5484,
27524,2.59259,
27525,2.57106,
27526,2.7389,
27527,2.85992,
27528,2.65688,
27529,2.53187,
27530,2.49508,
27531,2.42775,
27532,2.30623,
27533,2.39938,
27534,2.42093,
27535,2.64134,
27536,2.32306,
27537,2.46708,
27538,2.48564,
27539,2.73712,
27540,2.6127,
27541,2.84512,
27542,2.49641,
27543,2.89512,
27544,2.6455,
27545,2.86764,
27546,2.98039,
27547,2.8314,
27548,3.01669,
27549,2.85019,
27550,2.80222,
27551,2.91937,
27552,2.83929,
27553,2.66273,
27554,2.59069,
27555,2.58627,
27556,2.70154,
27557,2.72181,
27558,2.7013,
27559,2.75042,
27560,2.64642,
27561,2.79936,
27562,2.57867,
27563,2.8258,
27564,2.78577,
27565,2.56557,
27566,2.50893,
27567,2.76325,
27568,2.46238,
27569,2.54522,
27570,2.49822,
27571,2.34401,
27572,2.42435,
27573,2.51238,
27574,2.864,
27575,2.87981,
27576,3.06698,
27577,3.05617,
27578,3.02017,
27579,2.99372,
27580,2.66069,
27581,2.74438,
27582,2.73375,
27583,2.86856,
27584,3.1089,
27585,2.84089,
27586,2.88909,
27587,2.71763,
27588,2.67329,
27589,2.96729,
27590,2.94425,
27591,3.00675,
27592,2.8374,
27593,3.0527,
27594,2.73979,
27595,2.79692,
27596,2.72411,
27597,2.84555,
27598,2.69023,
27599,2.70032,
27600,2.66452,
27601,2.64935,
27602,2.85667,
27603,2.56681,
27604,2.63989,
27605,2.72282,
27606,2.7581,
27607,2.81263,
27608,2.67764,
27609,2.72853,
27610,2.6154,
27611,2.58814,
27612,2.5485,
27613,2.56846,
27614,2.7215,
27615,2.45841,
27616,2.52557,
27617,2.76397,
27618,2.60956,
27619,2.96776,
27620,3.07414,
27621,2.93168,
27622,3.116,
27623,3.02574,
27624,2.97246,
27625,2.81832,
27626,2.92767,
27627,2.70215,
27628,2.74437,
27629,2.64952,
27630,2.68031,
27631,2.9777,
27632,2.93025,
27633,2.8459,
27634,2.92375,
27635,2.90078,
27636,2.67128,
27637,2.73383,
27638,2.77344,
27639,2.59767,
27640,2.73127,
27641,2.88524,
27642,2.84849,
27643,2.94194,
27644,3.05846,
27645,3.04227,
27646,2.50203,
27647,2.72218,
27648,2.83998,
27649,2.86064,
27650,2.82496,
27651,2.85,
27652,2.99002,
27653,2.88558,
27654,3.02978,
27655,2.77809,
27656,2.72344,
27657,2.95223,
27658,2.64206,
27659,2.82543,
27660,2.86194,
27661,2.78797,
27662,2.77502,
27663,2.80626,
27664,3.05364,
27665,2.87055,
27666,2.93284,
27667,2.80609,
27668,2.97645,
27669,2.90746,
27670,2.83839,
27671,2.7504,
27672,2.85176,
27673,2.78324,
27674,2.64484,
27675,2.75222,
27676,2.69937,
27677,2.82048,
27678,2.76397,
27679,2.88537,
27680,2.61768,
27681,2.77903,
27682,2.78209,
27683,2.80351,
27684,2.64004,
27685,2.62439,
27686,2.86521,
27687,2.68753,
27688,2.78038,
27689,1.7901,
27690,2.81165,
27691,2.87088,
27692,2.96447,
27693,3.03178,
27694,3.26546,
27695,2.90616,
27696,2.94391,
27697,2.84738,
27698,2.93496,
27699,2.824,
27700,2.98219,
27701,2.93752,
27702,2.79155,
27703,2.78267,
27704,2.76247,
27705,2.94896,
27706,2.69619,
27707,2.88549,
27708,2.94381,
27709,2.79931,
27710,2.79991,
27711,2.77182,
27712,2.83706,
27713,2.89946,
27714,2.90693,
27715,2.872,
27716,2.89945,
27717,2.73066,
27718,3.00559,
27719,3.01113,
27720,2.76191,
27721,2.90643,
27722,2.71638,
27723,2.65094,
27724,2.64356,
27725,2.48649,
27726,2.82458,
27727,2.65009,
27728,2.62609,
27729,2.71444,
27730,2.85281,
27731,2.72543,
27732,2.62225,
27733,2.64815,
27734,2.60356,
27735,2.83639,
27736,2.64766,
27737,2.72955,
27738,2.87696,
27739,2.68949,
27740,2.83324,
27741,2.76227,
27742,2.64791,
27743,2.73635,
27744,2.75417,
27745,2.89979,
27746,2.80656,
27747,2.75424,
27748,2.79339,
27749,2.82197,
27750,2.67352,
27751,2.5093,
27752,2.70544,
27753,2.63344,
27754,2.7244,
27755,2.71963,
27756,2.47593,
27757,2.77588,
27758,2.89579,
27759,2.77705,
27760,2.70393,
27761,2.60815,
27762,2.86305,
27763,2.69173,
27764,2.43256,
27765,2.72964,
27766,2.74016,
27767,2.87056,
27768,2.65913,
27769,2.60987,
27770,2.71247,
27771,2.60984,
27772,2.58963,
27773,2.7017,
27774,2.68697,
27775,2.82345,
27776,2.84919,
27777,2.80763,
27778,2.58376,
27779,2.75101,
27780,2.6695,
27781,2.8776,
27782,2.84605,
27783,2.80939,
27784,2.81165,
27785,2.97237,
27786,2.73172,
27787,2.86047,
27788,2.78534,
27789,2.62971,
27790,2.86367,
27791,2.78588,
27792,2.95183,
27793,2.74597,
27794,2.4965,
27795,2.58975,
27796,2.74018,
27797,2.62168,
27798,2.65151,
27799,2.50572,
27800,2.62531,
27801,2.85375,
27802,2.81818,
27803,2.75997,
27804,2.95785,
27805,2.76239,
27806,2.80365,
27807,2.75397,
27808,2.92307,
27809,2.90995,
27810,2.90767,
27811,2.85327,
27812,2.81826,
27813,2.80881,
27814,2.76044,
27815,2.90296,
27816,2.56799,
27817,2.65391,
27818,2.85481,
27819,2.75988,
27820,2.76403,
27821,2.5631,
27822,2.70629,
27823,2.86316,
27824,2.56984,
27825,2.69813,
27826,2.62733,
27827,2.56407,
27828,2.71182,
27829,2.54243,
27830,2.6211,
27831,2.60059,
27832,2.7443,
27833,2.66197,
27834,2.78653,
27835,2.821,
27836,2.79298,
27837,2.62302,
27838,2.70574,
27839,2.62574,
27840,2.73848,
27841,2.60487,
27842,2.84666,
27843,2.80265,
27844,2.81708,
27845,2.84944,
27846,2.80801,
27847,2.68808,
27848,2.82344,
27849,2.74835,
27850,2.80771,
27851,2.82686,
27852,2.91461,
27853,3.02906,
27854,2.92201,
27855,2.81893,
27856,2.79015,
27857,2.70929,
27858,2.71733,
27859,2.59526,
27860,2.6751,
27861,2.56767,
27862,2.75849,
27863,2.62791,
27864,2.8442,
27865,2.69425,
27866,2.76642,
27867,2.93212,
27868,2.83669,
27869,3.03786,
27870,2.71149,
27871,2.56418,
27872,2.85801,
27873,2.53963,
27874,2.8064,
27875,2.71637,
27876,2.8885,
27877,2.97705,
27878,2.99273,
27879,2.6605,
27880,2.92241,
27881,2.83473,
27882,2.79185,
27883,2.79564,
27884,2.90658,
27885,2.693,
27886,2.93447,
27887,2.54002,
27888,2.8874,
27889,2.84317,
27890,2.95345,
27891,2.76116,
27892,2.89508,
27893,2.93657,
27894,2.70474,
27895,2.89372,
27896,2.58527,
27897,2.72164,
27898,2.73535,
27899,2.9925,
27900,2.98436,
27901,2.56113,
27902,2.79591,
27903,2.73466,
27904,2.86187,
27905,2.87408,
27906,3.06354,
27907,2.81936,
27908,2.76781,
27909,2.86645,
27910,2.91416,
27911,2.71382,
27912,2.68855,
27913,2.65201,
27914,2.79509,
27915,2.97578,
27916,2.97154,
27917,2.88812,
27918,2.85356,
27919,2.81527,
27920,2.61032,
27921,2.86636,
27922,2.71614,
27923,2.86404,
27924,2.76972,
27925,2.79278,
27926,2.79716,
27927,2.93881,
27928,2.86682,
27929,2.75273,
27930,2.75588,
27931,2.88276,
27932,2.64539,
27933,3.00946,
27934,2.84349,
27935,2.75516,
27936,2.67797,
27937,2.83873,
27938,2.81577,
27939,2.7148,
27940,2.68706,
27941,2.94338,
27942,2.68672,
27943,2.64662,
27944,2.77351,
27945,2.65465,
27946,2.59563,
27947,2.85005,
27948,2.91112,
27949,2.71661,
27950,2.66888,
27951,2.63494,
27952,2.8352,
27953,2.91297,
27954,2.52736,
27955,2.78767,
27956,2.73846,
27957,2.799,
27958,2.80674,
27959,2.86132,
27960,2.6236,
27961,2.69076,
27962,2.81283,
27963,2.4556,
27964,2.46589,
27965,2.91475,
27966,2.74885,
27967,2.84499,
27968,2.58773,
27969,2.55158,
27970,2.83147,
27971,2.7021,
27972,2.59332,
27973,2.91509,
27974,2.81372,
27975,2.56258,
27976,2.72147,
27977,2.57087,
27978,2.70035,
27979,2.6294,
27980,2.52501,
27981,2.77752,
27982,2.69239,
27983,2.89055,
27984,2.92344,
27985,2.80207,
27986,2.863,
27987,2.70023,
27988,2.78294,
27989,2.91411,
27990,2.83049,
27991,2.93359,
27992,2.97487,
27993,3.08119,
27994,3.80763,
27995,2.7402,
27996,2.82039,
27997,2.82295,
27998,2.85764,
27999,2.66192,
28000,2.88742,
28001,2.80306,
28002,2.79167,
28003,2.75915,
28004,3.20889,
28005,2.81598,
28006,2.79956,
28007,2.42111,
28008,2.60034,
28009,2.84999,
28010,2.83295,
28011,2.91931,
28012,3.11201,
28013,2.88188,
28014,2.77622,
28015,2.85845,
28016,2.78479,
28017,2.97833,
28018,2.77119,
28019,2.77386,
28020,2.93835,
28021,2.8949,
28022,2.75835,
28023,2.7211,
28024,2.68531,
28025,2.6993,
28026,2.76188,
28027,2.67207,
28028,2.49265,
28029,2.86364,
28030,2.71979,
28031,2.56319,
28032,2.59396,
28033,2.68861,
28034,2.78469,
28035,2.74594,
28036,2.73037,
28037,2.76987,
28038,2.4623,
28039,2.71463,
28040,2.45116,
28041,2.81721,
28042,2.62421,
28043,2.66379,
28044,2.57216,
28045,2.70008,
28046,2.68171,
28047,2.67432,
28048,2.58544,
28049,2.53696,
28050,2.69995,
28051,2.69734,
28052,2.39218,
28053,2.51431,
28054,2.4949,
28055,2.71966,
28056,2.71178,
28057,2.65179,
28058,2.68414,
28059,2.73166,
28060,2.81536,
28061,2.52133,
28062,2.84834,
28063,2.69908,
28064,2.70957,
28065,2.67337,
28066,2.79069,
28067,2.87374,
28068,2.84273,
28069,2.67777,
28070,2.59748,
28071,2.98647,
28072,2.80056,
28073,2.81639,
28074,2.76593,
28075,2.60366,
28076,2.65254,
28077,2.7962,
28078,2.32234,
28079,2.4628,
28080,2.338,
28081,2.54367,
28082,2.66378,
28083,2.766,
28084,2.7471,
28085,2.77349,
28086,2.70111,
28087,2.54601,
28088,2.6171,
28089,2.73526,
28090,2.87591,
28091,2.69939,
28092,2.59681,
28093,2.31212,
28094,2.39298,
28095,2.80522,
28096,2.50087,
28097,2.69638,
28098,2.49631,
28099,2.66109,
28100,2.47956,
28101,2.49321,
28102,2.51061,
28103,2.53022,
28104,2.50388,
28105,2.46131,
28106,2.55058,
28107,2.77215,
28108,2.44564,
28109,2.69677,
28110,2.59974,
28111,2.97452,
28112,2.9467,
28113,2.88757,
28114,3.00679,
28115,2.96406,
28116,2.88797,
28117,2.69769,
28118,2.53633,
28119,2.84686,
28120,2.70366,
28121,2.70595,
28122,2.85905,
28123,2.75883,
28124,2.85957,
28125,2.76827,
28126,2.75677,
28127,2.6399,
28128,2.73908,
28129,2.88155,
28130,2.80155,
28131,2.77124,
28132,2.71815,
28133,2.61404,
28134,2.89322,
28135,2.67311,
28136,2.63105,
28137,2.75062,
28138,2.74446,
28139,2.67418,
28140,3.08014,
28141,2.88317,
28142,2.82164,
28143,2.71739,
28144,2.96768,
28145,2.88104,
28146,2.78479,
28147,2.81937,
28148,2.78754,
28149,2.76432,
28150,2.81281,
28151,2.75204,
28152,2.71573,
28153,2.53657,
28154,2.70535,
28155,2.71354,
28156,2.72699,
28157,2.43623,
28158,2.56369,
28159,2.34759,
28160,2.69356,
28161,2.71046,
28162,2.44502,
28163,2.61877,
28164,2.5389,
28165,2.73612,
28166,2.57049,
28167,2.58689,
28168,2.4042,
28169,2.72332,
28170,2.79566,
28171,2.78832,
28172,2.7271,
28173,2.86697,
28174,2.78822,
28175,2.9015,
28176,2.83951,
28177,2.84642,
28178,2.87707,
28179,2.73673,
28180,2.74984,
28181,2.5268,
28182,2.80253,
28183,2.73301,
28184,2.81978,
28185,2.75098,
28186,2.62742,
28187,2.74081,
28188,2.61659,
28189,2.68367,
28190,2.82801,
28191,2.90958,
28192,2.63421,
28193,2.63272,
28194,2.64094,
28195,2.90056,
28196,2.87952,
28197,2.93785,
28198,2.7237,
28199,2.98277,
28200,2.7858,
28201,2.85267,
28202,3.00621,
28203,2.80868,
28204,2.69986,
28205,2.60288,
28206,2.88179,
28207,2.92231,
28208,2.77846,
28209,2.80761,
28210,2.80879,
28211,2.97997,
28212,2.88598,
28213,3.06163,
28214,2.68948,
28215,2.7596,
28216,2.54696,
28217,2.70438,
28218,2.74846,
28219,2.72785,
28220,2.72244,
28221,2.88626,
28222,2.83028,
28223,2.73713,
28224,2.54013,
28225,2.69107,
28226,2.7236,
28227,2.771,
28228,2.69298,
28229,2.94528,
28230,2.90594,
28231,2.95979,
28232,2.78422,
28233,2.69699,
28234,2.87335,
28235,2.59505,
28236,2.96037,
28237,2.88562,
28238,2.88393,
28239,2.88604,
28240,3.04942,
28241,3.14357,
28242,2.82317,
28243,2.84342,
28244,2.88697,
28245,3.04088,
28246,3.05121,
28247,2.86514,
28248,2.8452,
28249,2.83747,
28250,2.6929,
28251,2.82832,
28252,2.81707,
28253,2.83179,
28254,2.60833,
28255,2.63562,
28256,2.81563,
28257,3.0859,
28258,3.20894,
28259,3.24962,
28260,3.19117,
28261,3.1867,
28262,3.21042,
28263,3.13591,
28264,3.11474,
28265,3.13936,
28266,3.09994,
28267,3.13449,
28268,3.09653,
28269,3.08992,
28270,3.03512,
28271,3.10958,
28272,3.11297,
28273,3.09212,
28274,3.03848,
28275,2.96383,
28276,2.76383,
28277,3.01728,
28278,2.84822,
28279,2.80999,
28280,2.8729,
28281,2.90718,
28282,2.75944,
28283,2.93105,
28284,2.68105,
28285,2.7775,
28286,2.84034,
28287,2.69365,
28288,2.56162,
28289,2.85531,
28290,2.98315,
28291,2.85812,
28292,2.64834,
28293,2.821,
28294,2.82695,
28295,2.73193,
28296,2.7341,
28297,2.76606,
28298,2.64738,
28299,2.76274,
28300,2.71361,
28301,2.64319,
28302,2.9569,
28303,2.85482,
28304,2.78641,
28305,2.7971,
28306,2.72255,
28307,2.70374,
28308,2.61289,
28309,2.72083,
28310,2.83689,
28311,2.75391,
28312,2.63436,
28313,2.84434,
28314,2.74365,
28315,2.6849,
28316,2.76064,
28317,2.54495,
28318,2.5622,
28319,2.82177,
28320,2.48378,
28321,2.6059,
28322,2.64709,
28323,2.71413,
28324,2.63296,
28325,2.60098,
28326,2.70536,
28327,2.57411,
28328,2.62238,
28329,2.73395,
28330,2.78033,
28331,2.76133,
28332,2.75672,
28333,2.62579,
28334,2.7804,
28335,2.6064,
28336,2.74085,
28337,2.71038,
28338,2.72122,
28339,2.94603,
28340,2.66266,
28341,2.59286,
28342,2.75171,
28343,2.59459,
28344,2.51397,
28345,2.68204,
28346,2.93528,
28347,2.46307,
28348,2.44322,
28349,2.74369,
28350,2.51863,
28351,2.68768,
28352,2.6169,
28353,2.54306,
28354,2.49102,
28355,2.84141,
28356,2.74879,
28357,2.80958,
28358,2.73375,
28359,2.92457,
28360,2.82324,
28361,2.9311,
28362,2.79902,
28363,2.74464,
28364,2.84249,
28365,2.78219,
28366,2.7937,
28367,2.78035,
28368,2.77356,
28369,2.79656,
28370,2.511,
28371,2.71878,
28372,2.77558,
28373,2.82181,
28374,2.78643,
28375,2.43121,
28376,2.68186,
28377,2.75707,
28378,2.65508,
28379,2.36753,
28380,2.54947,
28381,2.62862,
28382,2.60164,
28383,2.64994,
28384,2.35308,
28385,2.52137,
28386,2.48688,
28387,2.61638,
28388,2.69207,
28389,2.97342,
28390,3.07179,
28391,2.8289,
28392,2.81483,
28393,2.94874,
28394,2.9651,
28395,2.71815,
28396,2.86081,
28397,2.75775,
28398,2.78721,
28399,2.71184,
28400,2.98391,
28401,2.76575,
28402,2.75937,
28403,2.87438,
28404,2.8656,
28405,2.78681,
28406,2.84451,
28407,2.71914,
28408,2.88689,
28409,2.75667,
28410,2.72786,
28411,2.67358,
28412,2.69741,
28413,2.63608,
28414,2.88845,
28415,2.86784,
28416,2.71615,
28417,2.81892,
28418,2.77638,
28419,2.80818,
28420,2.95989,
28421,2.85992,
28422,2.74851,
28423,2.76805,
28424,2.84029,
28425,2.58773,
28426,2.74809,
28427,2.80863,
28428,2.88165,
28429,2.66879,
28430,2.74964,
28431,2.69213,
28432,2.82749,
28433,2.74302,
28434,2.81155,
28435,2.59893,
28436,2.77264,
28437,2.71062,
28438,2.62055,
28439,2.77355,
28440,2.88194,
28441,2.74051,
28442,2.48803,
28443,2.71692,
28444,2.75333,
28445,2.74095,
28446,2.67384,
28447,2.57399,
28448,2.68152,
28449,2.62381,
28450,2.73113,
28451,2.44874,
28452,2.50866,
28453,2.54952,
28454,2.64711,
28455,2.65112,
28456,2.61719,
28457,2.43423,
28458,2.62454,
28459,2.52656,
28460,2.61984,
28461,2.47181,
28462,2.53996,
28463,2.76892,
28464,2.65657,
28465,2.71188,
28466,2.43425,
28467,2.61334,
28468,2.50928,
28469,2.58986,
28470,2.73687,
28471,2.44538,
28472,2.56714,
28473,2.46754,
28474,2.40784,
28475,2.5817,
28476,2.56802,
28477,2.56639,
28478,2.54568,
28479,2.73645,
28480,2.54579,
28481,2.61311,
28482,2.78219,
28483,2.89032,
28484,2.8051,
28485,2.78858,
28486,3.05127,
28487,2.79576,
28488,2.70677,
28489,2.94428,
28490,2.75569,
28491,2.86447,
28492,2.91164,
28493,2.80859,
28494,2.80724,
28495,2.80944,
28496,2.56579,
28497,2.81112,
28498,2.78165,
28499,2.61265,
28500,2.75854,
28501,2.72313,
28502,2.56253,
28503,2.72143,
28504,2.7383,
28505,2.58516,
28506,2.64873,
28507,2.73898,
28508,2.81175,
28509,2.68598,
28510,2.73134,
28511,2.65894,
28512,2.95262,
28513,3.04977,
28514,3.07688,
28515,3.08344,
28516,3.11314,
28517,3.07971,
28518,3.02796,
28519,3.13169,
28520,2.97221,
28521,3.06316,
28522,3.08407,
28523,3.07121,
28524,2.92228,
28525,3.02428,
28526,3.0135,
28527,3.0517,
28528,3.09208,
28529,3.02039,
28530,3.01771,
28531,2.96938,
28532,3.04535,
28533,2.79376,
28534,3.01952,
28535,2.4786,
28536,2.6004,
28537,2.4937,
28538,2.37252,
28539,2.45575,
28540,2.41993,
28541,2.72217,
28542,2.31085,
28543,2.5062,
28544,2.42567,
28545,2.54052,
28546,2.55577,
28547,2.30516,
28548,2.36317,
28549,2.58114,
28550,2.71316,
28551,2.66674,
28552,2.36761,
28553,2.33616,
28554,2.91028,
28555,3.02942,
28556,2.88214,
28557,2.92385,
28558,2.89248,
28559,2.8756,
28560,2.79263,
28561,2.57453,
28562,2.72298,
28563,2.83617,
28564,2.72775,
28565,2.82358,
28566,2.88638,
28567,2.95784,
28568,2.87411,
28569,2.73422,
28570,2.62703,
28571,2.80354,
28572,2.71958,
28573,2.70563,
28574,2.50408,
28575,2.52454,
28576,2.48324,
28577,2.67309,
28578,2.75651,
28579,2.65596,
28580,2.7173,
28581,2.67542,
28582,2.73479,
28583,2.69229,
28584,2.89124,
28585,2.66207,
28586,2.59291,
28587,2.74364,
28588,2.51945,
28589,2.58787,
28590,2.56768,
28591,2.73713,
28592,2.84725,
28593,2.63912,
28594,2.5456,
28595,2.49772,
28596,2.42532,
28597,2.30271,
28598,2.3928,
28599,2.4234,
28600,2.65166,
28601,2.30988,
28602,2.45434,
28603,2.47066,
28604,2.73536,
28605,2.60482,
28606,2.82942,
28607,2.48292,
28608,2.89619,
28609,2.63822,
28610,2.84266,
28611,2.96807,
28612,2.83031,
28613,3.0107,
28614,2.83365,
28615,2.80531,
28616,2.89519,
28617,2.82059,
28618,2.65645,
28619,2.57135,
28620,2.58623,
28621,2.70306,
28622,2.70452,
28623,2.69131,
28624,2.7421,
28625,2.6436,
28626,2.7891,
28627,2.5606,
28628,2.81519,
28629,2.77783,
28630,2.55752,
28631,2.50395,
28632,2.7582,
28633,2.45669,
28634,2.53633,
28635,2.47122,
28636,2.34204,
28637,2.42051,
28638,2.50012,
28639,2.86691,
28640,2.8741,
28641,3.06148,
28642,3.04949,
28643,2.99668,
28644,2.9667,
28645,2.64917,
28646,2.74183,
28647,2.72536,
28648,2.87895,
28649,3.12157,
28650,2.85252,
28651,2.88014,
28652,2.70654,
28653,2.67866,
28654,2.9709,
28655,2.93456,
28656,3.01626,
28657,2.84032,
28658,3.04715,
28659,2.7293,
28660,2.78765,
28661,2.72067,
28662,2.84059,
28663,2.68408,
28664,2.70187,
28665,2.65297,
28666,2.6154,
28667,2.85065,
28668,2.56664,
28669,2.63286,
28670,2.71981,
28671,2.7407,
28672,2.80141,
28673,2.67869,
28674,2.712,
28675,2.61274,
28676,2.57775,
28677,2.53902,
28678,2.56202,
28679,2.71086,
28680,2.45728,
28681,2.51706,
28682,2.75848,
28683,2.60767,
28684,2.95686,
28685,3.06133,
28686,2.92543,
28687,3.10405,
28688,3.02458,
28689,2.97437,
28690,2.81933,
28691,2.93676,
28692,2.7,
28693,2.72891,
28694,2.64414,
28695,2.66859,
28696,2.9718,
28697,2.92057,
28698,2.82368,
28699,2.91316,
28700,2.89907,
28701,2.67488,
28702,2.72202,
28703,2.77225,
28704,2.59167,
28705,2.711,
28706,2.87838,
28707,2.85278,
28708,2.91738,
28709,3.05939,
28710,3.0372,
28711,2.48916,
28712,2.70352,
28713,2.83357,
28714,2.84691,
28715,2.81509,
28716,2.82566,
28717,2.99328,
28718,2.87286,
28719,3.02066,
28720,2.78733,
28721,2.71583,
28722,2.95344,
28723,2.63815,
28724,2.80987,
28725,2.85824,
28726,2.79498,
28727,2.77621,
28728,2.81022,
28729,3.04106,
28730,2.87532,
28731,2.90748,
28732,2.79611,
28733,2.96231,
28734,2.89093,
28735,2.83966,
28736,2.74196,
28737,2.84469,
28738,2.76951,
28739,2.62108,
28740,2.75459,
28741,2.68259,
28742,2.8109,
28743,2.77049,
28744,2.87034,
28745,2.61889,
28746,2.77651,
28747,2.76153,
28748,2.8152,
28749,2.64275,
28750,2.61834,
28751,2.85846,
28752,2.66692,
28753,2.76598,
28754,1.77258,
28755,2.80186,
28756,2.85844,
28757,2.96921,
28758,3.00833,
28759,3.22668,
28760,2.90657,
28761,2.92908,
28762,2.83948,
28763,2.92545,
28764,2.8165,
28765,2.97702,
28766,2.94158,
28767,2.78635,
28768,2.76119,
28769,2.76589,
28770,2.94234,
28771,2.69795,
28772,2.87705,
28773,2.92002,
28774,2.80367,
28775,2.79249,
28776,2.74293,
28777,2.82272,
28778,2.8939,
28779,2.89958,
28780,2.8583,
28781,2.89376,
28782,2.73258,
28783,3.0051,
28784,2.98828,
28785,2.75532,
28786,2.87004,
28787,2.71333,
28788,2.6491,
28789,2.63466,
28790,2.48696,
28791,2.81623,
28792,2.6255,
28793,2.63505,
28794,2.70572,
28795,2.84587,
28796,2.70213,
28797,2.60969,
28798,2.66181,
28799,2.60126,
28800,2.82654,
28801,2.64567,
28802,2.71965,
28803,2.88229,
28804,2.6886,
28805,2.82744,
28806,2.7444,
28807,2.63831,
28808,2.73008,
28809,2.74492,
28810,2.89154,
28811,2.7915,
28812,2.75251,
28813,2.80761,
28814,2.82019,
28815,2.66836,
28816,2.48897,
28817,2.70218,
28818,2.63934,
28819,2.72198,
28820,2.71144,
28821,2.47043,
28822,2.76581,
28823,2.87752,
28824,2.75911,
28825,2.69854,
28826,2.59144,
28827,2.86125,
28828,2.68736,
28829,2.41843,
28830,2.72605,
28831,2.72551,
28832,2.86689,
28833,2.63732,
28834,2.6045,
28835,2.70075,
28836,2.61436,
28837,2.59743,
28838,2.69005,
28839,2.67708,
28840,2.82565,
28841,2.84575,
28842,2.81617,
28843,2.58551,
28844,2.75395,
28845,2.65431,
28846,2.85776,
28847,2.83598,
28848,2.79873,
28849,2.79625,
28850,2.9603,
28851,2.73193,
28852,2.84788,
28853,2.76983,
28854,2.62351,
28855,2.87183,
28856,2.78212,
28857,2.94707,
28858,2.74199,
28859,2.49774,
28860,2.58249,
28861,2.7317,
28862,2.60663,
28863,2.65138,
28864,2.49779,
28865,2.61508,
28866,2.84675,
28867,2.81203,
28868,2.75988,
28869,2.93604,
28870,2.74562,
28871,2.79623,
28872,2.73174,
28873,2.91107,
28874,2.89344,
28875,2.89832,
28876,2.83249,
28877,2.80954,
28878,2.80701,
28879,2.73621,
28880,2.88634,
28881,2.54973,
28882,2.657,
28883,2.85943,
28884,2.7483,
28885,2.76265,
28886,2.5669,
28887,2.71556,
28888,2.85205,
28889,2.55538,
28890,2.69519,
28891,2.62731,
28892,2.566,
28893,2.72111,
28894,2.529,
28895,2.61154,
28896,2.59217,
28897,2.73797,
28898,2.66161,
28899,2.78719,
28900,2.81094,
28901,2.79089,
28902,2.61062,
28903,2.70166,
28904,2.61319,
28905,2.72949,
28906,2.5845,
28907,2.83947,
28908,2.78205,
28909,2.80402,
28910,2.83805,
28911,2.80737,
28912,2.68052,
28913,2.82234,
28914,2.7428,
28915,2.78971,
28916,2.81135,
28917,2.90375,
28918,3.01572,
28919,2.9161,
28920,2.8176,
28921,2.78901,
28922,2.70482,
28923,2.71381,
28924,2.59208,
28925,2.66596,
28926,2.56076,
28927,2.75993,
28928,2.62381,
28929,2.83661,
28930,2.6855,
28931,2.75265,
28932,2.92695,
28933,2.83355,
28934,3.03923,
28935,2.69289,
28936,2.56285,
28937,2.84621,
28938,2.52359,
28939,2.81784,
28940,2.69592,
28941,2.88466,
28942,2.96237,
28943,2.97178,
28944,2.65987,
28945,2.93106,
28946,2.81101,
28947,2.79904,
28948,2.78775,
28949,2.88973,
28950,2.67632,
28951,2.91908,
28952,2.54253,
28953,2.87258,
28954,2.83436,
28955,2.94738,
28956,2.7701,
28957,2.87666,
28958,2.92088,
28959,2.70169,
28960,2.88518,
28961,2.59582,
28962,2.71669,
28963,2.72465,
28964,2.97125,
28965,2.98384,
28966,2.56063,
28967,2.77618,
28968,2.73087,
28969,2.85568,
28970,2.87286,
28971,3.04367,
28972,2.81552,
28973,2.75788,
28974,2.85423,
28975,2.88832,
28976,2.70445,
28977,2.68685,
28978,2.63002,
28979,2.77875,
28980,2.95484,
28981,2.95905,
28982,2.8862,
28983,2.84686,
28984,2.80405,
28985,2.59915,
28986,2.85227,
28987,2.71111,
28988,2.86014,
28989,2.75198,
28990,2.77631,
28991,2.79457,
28992,2.91864,
28993,2.86419,
28994,2.74171,
28995,2.75578,
28996,2.87133,
28997,2.64151,
28998,3.0063,
28999,2.82651,
29000,2.75713,
29001,2.67527,
29002,2.82326,
29003,2.81825,
29004,2.6995,
29005,2.64883,
29006,2.92017,
29007,2.67729,
29008,2.6448,
29009,2.75697,
29010,2.64926,
29011,2.5845,
29012,2.84509,
29013,2.90877,
29014,2.70218,
29015,2.66605,
29016,2.62013,
29017,2.83496,
29018,2.89988,
29019,2.51209,
29020,2.79071,
29021,2.73761,
29022,2.80273,
29023,2.79511,
29024,2.86002,
29025,2.60946,
29026,2.69991,
29027,2.81268,
29028,2.43279,
29029,2.45498,
29030,2.91778,
29031,2.72654,
29032,2.82815,
29033,2.59362,
29034,2.54526,
29035,2.8113,
29036,2.69849,
29037,2.59253,
29038,2.90569,
29039,2.80629,
29040,2.54968,
29041,2.72377,
29042,2.55702,
29043,2.68544,
29044,2.61468,
29045,2.50926,
29046,2.76266,
29047,2.68375,
29048,2.89106,
29049,2.91272,
29050,2.79909,
29051,2.84502,
29052,2.67934,
29053,2.78061,
29054,2.91602,
29055,2.81942,
29056,2.92928,
29057,2.97217,
29058,3.07209,
29059,3.80281,
29060,2.73824,
29061,2.8113,
29062,2.82724,
29063,2.84534,
29064,2.65429,
29065,2.87192,
29066,2.7847,
29067,2.78558,
29068,2.75865,
29069,3.19988,
29070,2.81001,
29071,2.78476,
29072,2.42516,
29073,2.58831,
29074,2.84461,
29075,2.82975,
29076,2.91013,
29077,3.08626,
29078,2.86821,
29079,2.75862,
29080,2.86495,
29081,2.76592,
29082,2.96391,
29083,2.76321,
29084,2.77135,
29085,2.93593,
29086,2.88803,
29087,2.74985,
29088,2.70601,
29089,2.65714,
29090,2.69908,
29091,2.75063,
29092,2.67014,
29093,2.48521,
29094,2.84511,
29095,2.71952,
29096,2.5795,
29097,2.59074,
29098,2.68517,
29099,2.77637,
29100,2.74513,
29101,2.73079,
29102,2.76372,
29103,2.44778,
29104,2.71777,
29105,2.43492,
29106,2.8056,
29107,2.60636,
29108,2.67234,
29109,2.55525,
29110,2.70031,
29111,2.67775,
29112,2.67644,
29113,2.5772,
29114,2.53041,
29115,2.69518,
29116,2.69088,
29117,2.37787,
29118,2.50549,
29119,2.48969,
29120,2.6957,
29121,2.70183,
29122,2.65599,
29123,2.66546,
29124,2.72551,
29125,2.80524,
29126,2.52008,
29127,2.84998,
29128,2.69918,
29129,2.69085,
29130,2.66852,
29131,2.76883,
29132,2.86472,
29133,2.83565,
29134,2.67585,
29135,2.57938,
29136,2.96825,
29137,2.78535,
29138,2.80635,
29139,2.75969,
29140,2.60256,
29141,2.6545,
29142,2.79469,
29143,2.31477,
29144,2.46051,
29145,2.33373,
29146,2.53792,
29147,2.64965,
29148,2.75424,
29149,2.73762,
29150,2.75763,
29151,2.69882,
29152,2.53846,
29153,2.62893,
29154,2.72462,
29155,2.87249,
29156,2.6974,
29157,2.58918,
29158,2.29408,
29159,2.40424,
29160,2.79401,
29161,2.49176,
29162,2.69275,
29163,2.50109,
29164,2.64484,
29165,2.4684,
29166,2.48469,
29167,2.51672,
29168,2.53447,
29169,2.51086,
29170,2.44805,
29171,2.54532,
29172,2.75784,
29173,2.45028,
29174,2.68798,
29175,2.57821,
29176,2.99173,
29177,2.93015,
29178,2.87921,
29179,3.01014,
29180,2.95812,
29181,2.87878,
29182,2.69179,
29183,2.53351,
29184,2.83423,
29185,2.68766,
29186,2.71246,
29187,2.83617,
29188,2.75751,
29189,2.85349,
29190,2.76889,
29191,2.75872,
29192,2.64694,
29193,2.73409,
29194,2.87608,
29195,2.78305,
29196,2.773,
29197,2.7065,
29198,2.60542,
29199,2.88848,
29200,2.65229,
29201,2.63919,
29202,2.74739,
29203,2.73927,
29204,2.68384,
29205,3.0526,
29206,2.87392,
29207,2.80377,
29208,2.70676,
29209,2.95128,
29210,2.87681,
29211,2.75748,
29212,2.82069,
29213,2.78423,
29214,2.7666,
29215,2.8034,
29216,2.75993,
29217,2.71209,
29218,2.52889,
29219,2.70723,
29220,2.72205,
29221,2.69291,
29222,2.43695,
29223,2.55958,
29224,2.33855,
29225,2.68344,
29226,2.69138,
29227,2.42688,
29228,2.5952,
29229,2.52472,
29230,2.72818,
29231,2.55467,
29232,2.56866,
29233,2.3922,
29234,2.71609,
29235,2.79145,
29236,2.76985,
29237,2.70697,
29238,2.85252,
29239,2.78724,
29240,2.90174,
29241,2.82491,
29242,2.83557,
29243,2.8679,
29244,2.72804,
29245,2.75103,
29246,2.52154,
29247,2.80774,
29248,2.71497,
29249,2.83246,
29250,2.74778,
29251,2.62502,
29252,2.72911,
29253,2.60862,
29254,2.6856,
29255,2.81391,
29256,2.90603,
29257,2.62993,
29258,2.62748,
29259,2.63729,
29260,2.8678,
29261,2.8634,
29262,2.9254,
29263,2.7136,
29264,2.9667,
29265,2.76789,
29266,2.84629,
29267,3.00937,
29268,2.78388,
29269,2.70293,
29270,2.61735,
29271,2.86931,
29272,2.91465,
29273,2.76646,
29274,2.80375,
29275,2.79671,
29276,2.96887,
29277,2.87592,
29278,3.05134,
29279,2.69624,
29280,2.77368,
29281,2.53801,
29282,2.71278,
29283,2.74743,
29284,2.72558,
29285,2.71531,
29286,2.88519,
29287,2.83679,
29288,2.73901,
29289,2.54082,
29290,2.68192,
29291,2.71451,
29292,2.76135,
29293,2.68321,
29294,2.93662,
29295,2.90579,
29296,2.9393,
29297,2.77572,
29298,2.70073,
29299,2.86985,
29300,2.58484,
29301,2.9428,
29302,2.88417,
29303,2.87158,
29304,2.87804,
29305,3.05523,
29306,3.14405,
29307,2.8172,
29308,2.83772,
29309,2.86411,
29310,3.03526,
29311,3.04022,
29312,2.85094,
29313,2.82188,
29314,2.82555,
29315,2.69774,
29316,2.84265,
29317,2.82123,
29318,2.81333,
29319,2.59952,
29320,2.64629,
29321,2.81027,
29322,3.08579,
29323,3.19826,
29324,3.2321,
29325,3.16598,
29326,3.16168,
29327,3.21241,
29328,3.12848,
29329,3.09646,
29330,3.13805,
29331,3.09475,
29332,3.12486,
29333,3.09426,
29334,3.09034,
29335,3.02057,
29336,3.10007,
29337,3.11066,
29338,3.10772,
29339,3.04111,
29340,2.9617,
29341,2.7483,
29342,2.99622,
29343,2.83553,
29344,2.81125,
29345,2.86206,
29346,2.87678,
29347,2.74546,
29348,2.91967,
29349,2.66215,
29350,2.77378,
29351,2.83812,
29352,2.67739,
29353,2.55971,
29354,2.84214,
29355,2.9527,
29356,2.84343,
29357,2.63916,
29358,2.82588,
29359,2.80904,
29360,2.72784,
29361,2.71833,
29362,2.75573,
29363,2.63561,
29364,2.75918,
29365,2.70359,
29366,2.61909,
29367,2.92917,
29368,2.8535,
29369,2.80475,
29370,2.79656,
29371,2.70575,
29372,2.69796,
29373,2.60077,
29374,2.7163,
29375,2.81399,
29376,2.72688,
29377,2.62562,
29378,2.85035,
29379,2.73217,
29380,2.67405,
29381,2.74404,
29382,2.54536,
29383,2.54903,
29384,2.81888,
29385,2.48455,
29386,2.6075,
29387,2.63074,
29388,2.72405,
29389,2.638,
29390,2.59771,
29391,2.70689,
29392,2.57032,
29393,2.61665,
29394,2.73992,
29395,2.78657,
29396,2.77362,
29397,2.75464,
29398,2.60998,
29399,2.77472,
29400,2.59421,
29401,2.72053,
29402,2.69549,
29403,2.7163,
29404,2.93872,
29405,2.66907,
29406,2.59759,
29407,2.72924,
29408,2.57944,
29409,2.50425,
29410,2.67599,
29411,2.91569,
29412,2.46226,
29413,2.44818,
29414,2.7436,
29415,2.51171,
29416,2.66965,
29417,2.60896,
29418,2.5312,
29419,2.47875,
29420,2.8284,
29421,2.72763,
29422,2.80553,
29423,2.7112,
29424,2.90885,
29425,2.82681,
29426,2.92701,
29427,2.78666,
29428,2.73516,
29429,2.83302,
29430,2.77134,
29431,2.78903,
29432,2.76718,
29433,2.76088,
29434,2.79591,
29435,2.50441,
29436,2.72173,
29437,2.76554,
29438,2.80229,
29439,2.7762,
29440,2.43221,
29441,2.68054,
29442,2.74836,
29443,2.62902,
29444,2.37072,
29445,2.54733,
29446,2.61996,
29447,2.59282,
29448,2.65094,
29449,2.34186,
29450,2.49865,
29451,2.48686,
29452,2.61679,
29453,2.6698,
29454,2.96907,
29455,3.06743,
29456,2.82412,
29457,2.82637,
29458,2.94627,
29459,2.95928,
29460,2.71519,
29461,2.8555,
29462,2.73649,
29463,2.75996,
29464,2.69995,
29465,2.97257,
29466,2.74911,
29467,2.75501,
29468,2.86724,
29469,2.86419,
29470,2.77935,
29471,2.84806,
29472,2.70574,
29473,2.86461,
29474,2.7587,
29475,2.73129,
29476,2.65615,
29477,2.68402,
29478,2.61336,
29479,2.87505,
29480,2.86834,
29481,2.70717,
29482,2.81624,
29483,2.76591,
29484,2.79749,
29485,2.9535,
29486,2.85205,
29487,2.73608,
29488,2.75863,
29489,2.8388,
29490,2.58436,
29491,2.72371,
29492,2.79722,
29493,2.88492,
29494,2.66211,
29495,2.74593,
29496,2.67808,
29497,2.815,
29498,2.7404,
29499,2.80771,
29500,2.58765,
29501,2.7803,
29502,2.70452,
29503,2.59509,
29504,2.76806,
29505,2.88882,
29506,2.72908,
29507,2.48214,
29508,2.71911,
29509,2.74085,
29510,2.72175,
29511,2.67376,
29512,2.57334,
29513,2.68848,
29514,2.62796,
29515,2.71589,
29516,2.44101,
29517,2.49203,
29518,2.53918,
29519,2.64695,
29520,2.65425,
29521,2.59706,
29522,2.43166,
29523,2.62265,
29524,2.52256,
29525,2.61991,
29526,2.4659,
29527,2.54116,
29528,2.76167,
29529,2.64922,
29530,2.7061,
29531,2.42425,
29532,2.60734,
29533,2.51164,
29534,2.58621,
29535,2.72942,
29536,2.44715,
29537,2.56159,
29538,2.46929,
29539,2.39382,
29540,2.58043,
29541,2.56124,
29542,2.54543,
29543,2.53342,
29544,2.73704,
29545,2.54092,
29546,2.59598,
29547,2.77111,
29548,2.87163,
29549,2.78833,
29550,2.77963,
29551,3.04159,
29552,2.7905,
29553,2.70658,
29554,2.9485,
29555,2.7597,
29556,2.84599,
29557,2.89531,
29558,2.80975,
29559,2.81211,
29560,2.79828,
29561,2.56051,
29562,2.82314,
29563,2.75628,
29564,2.59716,
29565,2.76851,
29566,2.71459,
29567,2.56476,
29568,2.72775,
29569,2.72777,
29570,2.5692,
29571,2.66411,
29572,2.74777,
29573,2.80583,
29574,2.67584,
29575,2.73346,
29576,2.66605,
29577,2.95275,
29578,3.03904,
29579,3.0721,
29580,3.07412,
29581,3.10873,
29582,3.05182,
29583,3.03451,
29584,3.13024,
29585,2.97313,
29586,3.06295,
29587,3.07208,
29588,3.06193,
29589,2.92113,
29590,3.02844,
29591,3.00687,
29592,3.03504,
29593,3.09229,
29594,3.01505,
29595,3.01646,
29596,2.97059,
29597,3.03757,
29598,2.78482,
29599,2.99756,
29600,2.47334,
29601,2.59428,
29602,2.48126,
29603,2.36063,
29604,2.44694,
29605,2.42144,
29606,2.72786,
29607,2.30202,
29608,2.49661,
29609,2.41332,
29610,2.5341,
29611,2.54203,
29612,2.27602,
29613,2.36302,
29614,2.56866,
29615,2.71217,
29616,2.6506,
29617,2.34665,
29618,2.33963,
29619,2.90832,
29620,3.01221,
29621,2.87567,
29622,2.94803,
29623,2.87796,
29624,2.86092,
29625,2.77792,
29626,2.57835,
29627,2.69511,
29628,2.82237,
29629,2.72937,
29630,2.82081,
29631,2.86883,
29632,2.9496,
29633,2.86692,
29634,2.7249,
29635,2.62346,
29636,2.79696,
29637,2.71065,
29638,2.69662,
29639,2.49109,
29640,2.51864,
29641,2.47737,
29642,2.6609,
29643,2.74182,
29644,2.66515,
29645,2.71253,
29646,2.67669,
29647,2.72921,
29648,2.68172,
29649,2.86703,
29650,2.66486,
29651,2.60656,
29652,2.74526,
29653,2.51572,
29654,2.58172,
29655,2.55869,
29656,2.71673,
29657,2.84979,
29658,2.63373,
29659,2.53198,
29660,2.47699,
29661,2.42187,
29662,2.31026,
29663,2.38581,
29664,2.41591,
29665,2.63812,
29666,2.30931,
29667,2.4437,
29668,2.47126,
29669,2.73715,
29670,2.61157,
29671,2.83717,
29672,2.48525,
29673,2.87533,
29674,2.63135,
29675,2.83517,
29676,2.95542,
29677,2.81615,
29678,2.99204,
29679,2.83323,
29680,2.79744,
29681,2.87966,
29682,2.81649,
29683,2.65487,
29684,2.57143,
29685,2.56379,
29686,2.7062,
29687,2.7016,
29688,2.68674,
29689,2.74533,
29690,2.63575,
29691,2.79377,
29692,2.56409,
29693,2.80365,
29694,2.75371,
29695,2.54112,
29696,2.49044,
29697,2.75353,
29698,2.45173,
29699,2.53487,
29700,2.46319,
29701,2.3072,
29702,2.41099,
29703,2.50355,
29704,2.86519,
29705,2.85536,
29706,3.04543,
29707,3.04567,
29708,2.98198,
29709,2.96432,
29710,2.64549,
29711,2.71914,
29712,2.71796,
29713,2.86515,
29714,3.10797,
29715,2.82964,
29716,2.86716,
29717,2.70155,
29718,2.66596,
29719,2.9563,
29720,2.92793,
29721,2.99382,
29722,2.84613,
29723,3.03868,
29724,2.72526,
29725,2.79919,
29726,2.70323,
29727,2.81942,
29728,2.6707,
29729,2.68631,
29730,2.65569,
29731,2.61933,
29732,2.84985,
29733,2.55313,
29734,2.62802,
29735,2.71496,
29736,2.73883,
29737,2.79336,
29738,2.66104,
29739,2.70027,
29740,2.61996,
29741,2.56061,
29742,2.53811,
29743,2.57833,
29744,2.7118,
29745,2.43959,
29746,2.51244,
29747,2.74672,
29748,2.60281,
29749,2.95192,
29750,3.05657,
29751,2.93249,
29752,3.09041,
29753,3.00266,
29754,2.95845,
29755,2.80742,
29756,2.91035,
29757,2.68575,
29758,2.71593,
29759,2.65218,
29760,2.65429,
29761,2.96505,
29762,2.91924,
29763,2.81387,
29764,2.90657,
29765,2.87659,
29766,2.66474,
29767,2.72001,
29768,2.77056,
29769,2.58064,
29770,2.7213,
29771,2.87351,
29772,2.83465,
29773,2.91531,
29774,3.05242,
29775,3.03105,
29776,2.48592,
29777,2.71495,
29778,2.82394,
29779,2.83834,
29780,2.79068,
29781,2.82335,
29782,2.9678,
29783,2.869,
29784,3.00916,
29785,2.77819,
29786,2.70532,
29787,2.93173,
29788,2.62992,
29789,2.80693,
29790,2.85186,
29791,2.78836,
29792,2.77146,
29793,2.7965,
29794,3.0201,
29795,2.86236,
29796,2.90778,
29797,2.79074,
29798,2.95219,
29799,2.88784,
29800,2.81844,
29801,2.73048,
29802,2.83269,
29803,2.76605,
29804,2.61093,
29805,2.75367,
29806,2.69295,
29807,2.80868,
29808,2.76938,
29809,2.86591,
29810,2.59904,
29811,2.7709,
29812,2.73837,
29813,2.77824,
29814,2.61697,
29815,2.61143,
29816,2.85822,
29817,2.65625,
29818,2.76302,
29819,1.75582,
29820,2.78289,
29821,2.85499,
29822,2.94603,
29823,2.9973,
29824,3.22458,
29825,2.89168,
29826,2.90897,
29827,2.85213,
29828,2.89971,
29829,2.81184,
29830,2.98612,
29831,2.928,
29832,2.78677,
29833,2.7629,
29834,2.74559,
29835,2.93691,
29836,2.69697,
29837,2.86396,
29838,2.93023,
29839,2.79745,
29840,2.77654,
29841,2.73229,
29842,2.82065,
29843,2.87693,
29844,2.88572,
29845,2.84997,
29846,2.89684,
29847,2.72561,
29848,2.99388,
29849,2.97805,
29850,2.75778,
29851,2.87619,
29852,2.7078,
29853,2.63741,
29854,2.63108,
29855,2.47909,
29856,2.80384,
29857,2.60588,
29858,2.61188,
29859,2.69382,
29860,2.82984,
29861,2.69927,
29862,2.61227,
29863,2.65364,
29864,2.59645,
29865,2.81764,
29866,2.63928,
29867,2.70665,
29868,2.88432,
29869,2.68053,
29870,2.80018,
29871,2.7316,
29872,2.62741,
29873,2.73191,
29874,2.73801,
29875,2.87052,
29876,2.78413,
29877,2.73377,
29878,2.78162,
29879,2.80474,
29880,2.67205,
29881,2.49506,
29882,2.70736,
29883,2.61532,
29884,2.73377,
29885,2.71034,
29886,2.47146,
29887,2.75765,
29888,2.87274,
29889,2.74753,
29890,2.68305,
29891,2.60187,
29892,2.84908,
29893,2.68507,
29894,2.41379,
29895,2.72267,
29896,2.72628,
29897,2.85396,
29898,2.63521,
29899,2.59943,
29900,2.68539,
29901,2.58729,
29902,2.5843,
29903,2.69608,
29904,2.67001,
29905,2.79904,
29906,2.83338,
29907,2.81534,
29908,2.57197,
29909,2.72908,
29910,2.6717,
29911,2.86416,
29912,2.83334,
29913,2.79693,
29914,2.78933,
29915,2.95941,
29916,2.71791,
29917,2.85124,
29918,2.77459,
29919,2.61125,
29920,2.85042,
29921,2.76897,
29922,2.95492,
29923,2.73877,
29924,2.48953,
29925,2.57646,
29926,2.72763,
29927,2.60036,
29928,2.64405,
29929,2.49168,
29930,2.5992,
29931,2.85563,
29932,2.80278,
29933,2.75684,
29934,2.93015,
29935,2.72963,
29936,2.78144,
29937,2.74131,
29938,2.90461,
29939,2.88964,
29940,2.89597,
29941,2.84096,
29942,2.8038,
29943,2.81136,
29944,2.72981,
29945,2.86925,
29946,2.5495,
29947,2.65541,
29948,2.83497,
29949,2.74324,
29950,2.75113,
29951,2.55682,
29952,2.68937,
29953,2.86902,
29954,2.55398,
29955,2.69066,
29956,2.61978,
29957,2.56188,
29958,2.70691,
29959,2.54585,
29960,2.6109,
29961,2.5842,
29962,2.73509,
29963,2.66627,
29964,2.7679,
29965,2.80884,
29966,2.79011,
29967,2.60751,
29968,2.70268,
29969,2.60674,
29970,2.73501,
29971,2.59905,
29972,2.82522,
29973,2.78902,
29974,2.80243,
29975,2.82638,
29976,2.79812,
29977,2.66627,
29978,2.80728,
29979,2.73836,
29980,2.78489,
29981,2.81383,
29982,2.90671,
29983,3.00917,
29984,2.90728,
29985,2.80588,
29986,2.78148,
29987,2.68873,
29988,2.70976,
29989,2.58436,
29990,2.66234,
29991,2.56525,
29992,2.74651,
29993,2.61697,
29994,2.83117,
29995,2.67519,
29996,2.7528,
29997,2.92058,
29998,2.81902,
29999,3.03732,
30000,2.6901,
30001,2.54833,
30002,2.83153,
30003,2.51594,
30004,2.79939,
30005,2.67626,
30006,2.87017,
30007,2.9504,
30008,2.96406,
30009,2.64259,
30010,2.91691,
30011,2.80267,
30012,2.78594,
30013,2.78061,
30014,2.89058,
30015,2.67488,
30016,2.91216,
30017,2.53556,
30018,2.86307,
30019,2.82498,
30020,2.94219,
30021,2.74732,
30022,2.87702,
30023,2.9358,
30024,2.68345,
30025,2.88208,
30026,2.57259,
30027,2.71126,
30028,2.71339,
30029,2.96511,
30030,2.96854,
30031,2.56139,
30032,2.79168,
30033,2.72583,
30034,2.85814,
30035,2.8779,
30036,3.03514,
30037,2.80357,
30038,2.74422,
30039,2.84827,
30040,2.88507,
30041,2.68866,
30042,2.68057,
30043,2.62407,
30044,2.77235,
30045,2.95555,
30046,2.95127,
30047,2.87038,
30048,2.83947,
30049,2.80632,
30050,2.59331,
30051,2.84635,
30052,2.71011,
30053,2.85118,
30054,2.7558,
30055,2.78373,
30056,2.78883,
30057,2.90678,
30058,2.8434,
30059,2.73688,
30060,2.736,
30061,2.86827,
30062,2.64341,
30063,2.99151,
30064,2.81936,
30065,2.74043,
30066,2.65976,
30067,2.81441,
30068,2.80194,
30069,2.69552,
30070,2.63622,
30071,2.92661,
30072,2.66837,
30073,2.64316,
30074,2.74976,
30075,2.62618,
30076,2.5737,
30077,2.84091,
30078,2.89071,
30079,2.69545,
30080,2.66068,
30081,2.61383,
30082,2.81946,
30083,2.90181,
30084,2.49612,
30085,2.78188,
30086,2.70677,
30087,2.78377,
30088,2.79917,
30089,2.85171,
30090,2.61381,
30091,2.68542,
30092,2.79291,
30093,2.433,
30094,2.46138,
30095,2.91289,
30096,2.74653,
30097,2.82223,
30098,2.57217,
30099,2.55154,
30100,2.81865,
30101,2.68617,
30102,2.5842,
30103,2.89839,
30104,2.79208,
30105,2.55158,
30106,2.7089,
30107,2.55689,
30108,2.68488,
30109,2.61031,
30110,2.50527,
30111,2.75536,
30112,2.66987,
30113,2.87515,
30114,2.90267,
30115,2.79557,
30116,2.84466,
30117,2.69143,
30118,2.76993,
30119,2.91069,
30120,2.80901,
30121,2.91573,
30122,2.963,
30123,3.06521,
30124,3.78268,
30125,2.73301,
30126,2.81055,
30127,2.8251,
30128,2.83165,
30129,2.65216,
30130,2.86329,
30131,2.79868,
30132,2.75766,
30133,2.75016,
30134,3.19611,
30135,2.80842,
30136,2.7816,
30137,2.42399,
30138,2.59761,
30139,2.85597,
30140,2.82686,
30141,2.89878,
30142,3.08504,
30143,2.86819,
30144,2.74045,
30145,2.86143,
30146,2.76419,
30147,2.95866,
30148,2.75503,
30149,2.76659,
30150,2.92375,
30151,2.87152,
30152,2.74978,
30153,2.69282,
30154,2.65065,
30155,2.68936,
30156,2.74207,
30157,2.66496,
30158,2.47762,
30159,2.85785,
30160,2.72118,
30161,2.56113,
30162,2.58165,
30163,2.68861,
30164,2.77348,
30165,2.73907,
30166,2.726,
30167,2.76607,
30168,2.45395,
30169,2.72049,
30170,2.43392,
30171,2.80745,
30172,2.60374,
30173,2.65943,
30174,2.5467,
30175,2.70867,
30176,2.67281,
30177,2.67289,
30178,2.57553,
30179,2.52168,
30180,2.69932,
30181,2.68403,
30182,2.38223,
30183,2.49991,
30184,2.49268,
30185,2.70905,
30186,2.70461,
30187,2.63571,
30188,2.67216,
30189,2.7411,
30190,2.80737,
30191,2.53007,
30192,2.84591,
30193,2.69193,
30194,2.6909,
30195,2.65825,
30196,2.77075,
30197,2.86495,
30198,2.82473,
30199,2.66919,
30200,2.58003,
30201,2.95655,
30202,2.79207,
30203,2.80065,
30204,2.7508,
30205,2.59769,
30206,2.64898,
30207,2.79285,
30208,2.30649,
30209,2.45173,
30210,2.33635,
30211,2.52855,
30212,2.6392,
30213,2.7485,
30214,2.73411,
30215,2.73758,
30216,2.69154,
30217,2.53225,
30218,2.61184,
30219,2.70965,
30220,2.87166,
30221,2.67512,
30222,2.57723,
30223,2.28321,
30224,2.38287,
30225,2.77963,
30226,2.4757,
30227,2.67908,
30228,2.48257,
30229,2.64109,
30230,2.47496,
30231,2.48778,
30232,2.49618,
30233,2.52754,
30234,2.48826,
30235,2.452,
30236,2.53828,
30237,2.75397,
30238,2.4361,
30239,2.68285,
30240,2.57669,
30241,2.94773,
30242,2.92611,
30243,2.88842,
30244,2.99653,
30245,2.95199,
30246,2.86305,
30247,2.67017,
30248,2.50622,
30249,2.81703,
30250,2.6862,
30251,2.68048,
30252,2.83215,
30253,2.74568,
30254,2.84624,
30255,2.76028,
30256,2.74165,
30257,2.6392,
30258,2.72436,
30259,2.86376,
30260,2.78761,
30261,2.77433,
30262,2.69621,
30263,2.60318,
30264,2.87982,
30265,2.64483,
30266,2.61958,
30267,2.74077,
30268,2.73363,
30269,2.65856,
30270,3.05487,
30271,2.87492,
30272,2.79391,
30273,2.6993,
30274,2.95294,
30275,2.87756,
30276,2.75076,
30277,2.81522,
30278,2.77093,
30279,2.76053,
30280,2.80715,
30281,2.74074,
30282,2.70622,
30283,2.52021,
30284,2.70525,
30285,2.71459,
30286,2.69754,
30287,2.41428,
30288,2.54381,
30289,2.33275,
30290,2.69296,
30291,2.69324,
30292,2.42784,
30293,2.59411,
30294,2.51735,
30295,2.72337,
30296,2.56031,
30297,2.56757,
30298,2.39025,
30299,2.70309,
30300,2.79973,
30301,2.78121,
30302,2.70245,
30303,2.8391,
30304,2.78336,
30305,2.88962,
30306,2.81175,
30307,2.83422,
30308,2.85544,
30309,2.72064,
30310,2.74232,
30311,2.50665,
30312,2.79632,
30313,2.71756,
30314,2.80339,
30315,2.75656,
30316,2.62126,
30317,2.74426,
30318,2.62034,
30319,2.67373,
30320,2.81537,
30321,2.90466,
30322,2.61335,
30323,2.62834,
30324,2.63388,
30325,2.86851,
30326,2.8637,
30327,2.9276,
30328,2.72749,
30329,2.97014,
30330,2.75079,
30331,2.83977,
30332,2.99566,
30333,2.78775,
30334,2.68753,
30335,2.59468,
30336,2.86846,
30337,2.9002,
30338,2.76722,
30339,2.80444,
30340,2.78969,
30341,2.95801,
30342,2.8661,
30343,3.05199,
30344,2.67249,
30345,2.74346,
30346,2.53914,
30347,2.70186,
30348,2.73828,
30349,2.72442,
30350,2.72499,
30351,2.89007,
30352,2.8294,
30353,2.75072,
30354,2.54659,
30355,2.68928,
30356,2.71161,
30357,2.75427,
30358,2.67169,
30359,2.91767,
30360,2.891,
30361,2.92354,
30362,2.7721,
30363,2.70248,
30364,2.86231,
30365,2.58497,
30366,2.93338,
30367,2.8622,
30368,2.86825,
30369,2.88104,
30370,3.04382,
30371,3.12986,
30372,2.81576,
30373,2.82675,
30374,2.85782,
30375,3.02943,
30376,3.0412,
30377,2.84237,
30378,2.82229,
30379,2.82628,
30380,2.69994,
30381,2.82184,
30382,2.80854,
30383,2.80681,
30384,2.59695,
30385,2.61436,
30386,2.82088,
30387,3.07512,
30388,3.19464,
30389,3.23292,
30390,3.155,
30391,3.16797,
30392,3.19034,
30393,3.11279,
30394,3.09468,
30395,3.13545,
30396,3.08046,
30397,3.11914,
30398,3.09295,
30399,3.06921,
30400,3.02164,
30401,3.10593,
30402,3.10741,
30403,3.09043,
30404,3.03418,
30405,2.95718,
30406,2.72544,
30407,2.98745,
30408,2.82867,
30409,2.79217,
30410,2.84907,
30411,2.86329,
30412,2.74035,
30413,2.91529,
30414,2.65515,
30415,2.75599,
30416,2.81415,
30417,2.67443,
30418,2.56404,
30419,2.83352,
30420,2.93489,
30421,2.85039,
30422,2.63843,
30423,2.81987,
30424,2.82434,
30425,2.72201,
30426,2.70525,
30427,2.76343,
30428,2.62429,
30429,2.76071,
30430,2.70796,
30431,2.61285,
30432,2.92426,
30433,2.86669,
30434,2.76936,
30435,2.7827,
30436,2.6982,
30437,2.6937,
30438,2.5864,
30439,2.70198,
30440,2.81323,
30441,2.73737,
30442,2.6262,
30443,2.84899,
30444,2.73388,
30445,2.67133,
30446,2.73868,
30447,2.54401,
30448,2.55277,
30449,2.80123,
30450,2.47556,
30451,2.59716,
30452,2.63088,
30453,2.71049,
30454,2.62568,
30455,2.59335,
30456,2.69767,
30457,2.56281,
30458,2.59889,
30459,2.72829,
30460,2.76962,
30461,2.75797,
30462,2.74859,
30463,2.6204,
30464,2.76712,
30465,2.59114,
30466,2.71688,
30467,2.69043,
30468,2.71096,
30469,2.9329,
30470,2.64081,
30471,2.57395,
30472,2.72434,
30473,2.58486,
30474,2.50461,
30475,2.66842,
30476,2.92546,
30477,2.46294,
30478,2.43956,
30479,2.72889,
30480,2.52348,
30481,2.6678,
30482,2.59471,
30483,2.52773,
30484,2.46942,
30485,2.82915,
30486,2.74365,
30487,2.79927,
30488,2.73016,
30489,2.91501,
30490,2.80895,
30491,2.92127,
30492,2.77419,
30493,2.73626,
30494,2.83518,
30495,2.76805,
30496,2.77766,
30497,2.76073,
30498,2.76647,
30499,2.78572,
30500,2.49825,
30501,2.70754,
30502,2.75416,
30503,2.8071,
30504,2.76294,
30505,2.4218,
30506,2.68309,
30507,2.74558,
30508,2.63709,
30509,2.35521,
30510,2.54651,
30511,2.61139,
30512,2.58923,
30513,2.64432,
30514,2.35136,
30515,2.49204,
30516,2.4828,
30517,2.61166,
30518,2.67119,
30519,2.95788,
30520,3.04707,
30521,2.80905,
30522,2.80617,
30523,2.95026,
30524,2.9699,
30525,2.7184,
30526,2.8386,
30527,2.73429,
30528,2.75158,
30529,2.68658,
30530,2.96702,
30531,2.758,
30532,2.7456,
30533,2.86458,
30534,2.86811,
30535,2.76665,
30536,2.83785,
30537,2.70292,
30538,2.84521,
30539,2.74116,
30540,2.71762,
30541,2.6515,
30542,2.69942,
30543,2.60027,
30544,2.86109,
30545,2.84965,
30546,2.70256,
30547,2.79874,
30548,2.77453,
30549,2.79721,
30550,2.93986,
30551,2.84488,
30552,2.71905,
30553,2.7361,
30554,2.82464,
30555,2.58728,
30556,2.72733,
30557,2.78981,
30558,2.87703,
30559,2.66088,
30560,2.7315,
30561,2.69757,
30562,2.79476,
30563,2.73562,
30564,2.8045,
30565,2.57381,
30566,2.75506,
30567,2.70322,
30568,2.59317,
30569,2.75386,
30570,2.88343,
30571,2.72409,
30572,2.46063,
30573,2.71793,
30574,2.74011,
30575,2.70065,
30576,2.65154,
30577,2.55437,
30578,2.66394,
30579,2.61672,
30580,2.70471,
30581,2.43185,
30582,2.48714,
30583,2.53482,
30584,2.63838,
30585,2.65838,
30586,2.61225,
30587,2.42157,
30588,2.61293,
30589,2.50884,
30590,2.6123,
30591,2.4927,
30592,2.54472,
30593,2.7635,
30594,2.64429,
30595,2.70643,
30596,2.43809,
30597,2.6018,
30598,2.4994,
30599,2.5863,
30600,2.72516,
30601,2.44659,
30602,2.54998,
30603,2.45673,
30604,2.39229,
30605,2.56942,
30606,2.55713,
30607,2.5379,
30608,2.53973,
30609,2.74236,
30610,2.53993,
30611,2.60379,
30612,2.75729,
30613,2.8519,
30614,2.77574,
30615,2.77836,
30616,3.04682,
30617,2.77402,
30618,2.69921,
30619,2.92305,
30620,2.7598,
30621,2.8369,
30622,2.89009,
30623,2.78594,
30624,2.79729,
30625,2.79149,
30626,2.565,
30627,2.79757,
30628,2.75727,
30629,2.58825,
30630,2.75249,
30631,2.70314,
30632,2.55579,
30633,2.72143,
30634,2.72564,
30635,2.564,
30636,2.63391,
30637,2.72725,
30638,2.79382,
30639,2.65664,
30640,2.72918,
30641,2.64735,
30642,2.93609,
30643,3.03156,
30644,3.06994,
30645,3.06816,
30646,3.10588,
30647,3.04914,
30648,3.01718,
30649,3.11457,
30650,2.95959,
30651,3.04639,
30652,3.071,
30653,3.06142,
30654,2.91786,
30655,3.0293,
30656,2.9965,
30657,3.04033,
30658,3.08693,
30659,3.00316,
30660,3.01843,
30661,2.96415,
30662,3.02967,
30663,2.76857,
30664,2.99,
30665,2.46304,
30666,2.57821,
30667,2.48127,
30668,2.35276,
30669,2.44925,
30670,2.4097,
30671,2.72941,
30672,2.30477,
30673,2.49674,
30674,2.42563,
30675,2.52641,
30676,2.53059,
30677,2.28386,
30678,2.35512,
30679,2.55207,
30680,2.69254,
30681,2.65274,
30682,2.35054,
30683,2.32185,
30684,2.88815,
30685,2.98585,
30686,2.85744,
30687,2.92358,
30688,2.86677,
30689,2.85843,
30690,2.76558,
30691,2.56789,
30692,2.69746,
30693,2.82176,
30694,2.74073,
30695,2.80851,
30696,2.86506,
30697,2.94146,
30698,2.84805,
30699,2.71935,
30700,2.61679,
30701,2.81537,
30702,2.7087,
30703,2.68936,
30704,2.50023,
30705,2.51412,
30706,2.48151,
30707,2.65206,
30708,2.74115,
30709,2.6519,
30710,2.6975,
30711,2.66915,
30712,2.75088,
30713,2.68793,
30714,2.86847,
30715,2.63478,
30716,2.58937,
30717,2.73015,
30718,2.51286,
30719,2.58261,
30720,2.55781,
30721,2.71987,
30722,2.83794,
30723,2.62586,
30724,2.52193,
30725,2.48272,
30726,2.4137,
30727,2.29954,
30728,2.39077,
30729,2.41209,
30730,2.6309,
30731,2.304,
30732,2.45081,
30733,2.46954,
30734,2.71925,
30735,2.60507,
30736,2.82122,
30737,2.49405,
30738,2.86698,
30739,2.62659,
30740,2.83504,
30741,2.95211,
30742,2.80989,
30743,2.96918,
30744,2.82119,
30745,2.78031,
30746,2.86832,
30747,2.81106,
30748,2.65286,
30749,2.55621,
30750,2.56338,
30751,2.68307,
30752,2.70335,
30753,2.6693,
30754,2.73097,
30755,2.64596,
30756,2.7965,
30757,2.55472,
30758,2.80516,
30759,2.74513,
30760,2.53709,
30761,2.49518,
30762,2.74629,
30763,2.44674,
30764,2.52827,
30765,2.4678,
30766,2.31096,
30767,2.40445,
30768,2.49881,
30769,2.84183,
30770,2.85945,
30771,3.03614,
30772,3.03355,
30773,2.98396,
30774,2.9491,
30775,2.64503,
30776,2.71583,
30777,2.68774,
30778,2.86089,
30779,3.10402,
30780,2.82122,
30781,2.85364,
30782,2.71586,
30783,2.66283,
30784,2.95088,
30785,2.94199,
30786,2.99233,
30787,2.83278,
30788,3.03299,
30789,2.72699,
30790,2.78116,
30791,2.70965,
30792,2.80573,
30793,2.67303,
30794,2.68897,
30795,2.63726,
30796,2.60725,
30797,2.84385,
30798,2.54818,
30799,2.62382,
30800,2.70702,
30801,2.73691,
30802,2.77772,
30803,2.65656,
30804,2.71971,
30805,2.6009,
30806,2.55111,
30807,2.5335,
30808,2.54952,
30809,2.7028,
30810,2.44845,
30811,2.50317,
30812,2.75118,
30813,2.59995,
30814,2.95067,
30815,3.04633,
30816,2.91551,
30817,3.09309,
30818,2.99209,
30819,2.95517,
30820,2.79588,
30821,2.91806,
30822,2.68192,
30823,2.71308,
30824,2.62831,
30825,2.66152,
30826,2.95224,
30827,2.89627,
30828,2.8192,
30829,2.90036,
30830,2.87044,
30831,2.66299,
30832,2.70662,
30833,2.76849,
30834,2.57182,
30835,2.6995,
30836,2.86862,
30837,2.8435,
30838,2.89993,
30839,3.03825,
30840,3.02635,
30841,2.49702,
30842,2.70287,
30843,2.81267,
30844,2.83219,
30845,2.79967,
30846,2.81722,
30847,2.96709,
30848,2.85964,
30849,2.99054,
30850,2.75581,
30851,2.70895,
30852,2.92008,
30853,2.62513,
30854,2.79743,
30855,2.83718,
30856,2.76945,
30857,2.74821,
30858,2.81028,
30859,3.02179,
30860,2.85903,
30861,2.89672,
30862,2.79036,
30863,2.93817,
30864,2.88772,
30865,2.84419,
30866,2.72324,
30867,2.839,
30868,2.76,
30869,2.62494,
30870,2.73416,
30871,2.68012,
30872,2.8022,
30873,2.77268,
30874,2.84896,
30875,2.60011,
30876,2.75604,
30877,2.71841,
30878,2.78049,
30879,2.61045,
30880,2.59622,
30881,2.84434,
30882,2.65176,
30883,2.77832,
30884,1.73644,
30885,2.77258,
30886,2.84448,
30887,2.94088,
30888,2.99722,
30889,3.22425,
30890,2.90357,
30891,2.90422,
30892,2.84068,
30893,2.89847,
30894,2.80071,
30895,2.96303,
30896,2.93257,
30897,2.77406,
30898,2.75324,
30899,2.73961,
30900,2.91815,
30901,2.68782,
30902,2.8465,
30903,2.91671,
30904,2.77433,
30905,2.77383,
30906,2.73771,
30907,2.80272,
30908,2.86646,
30909,2.87344,
30910,2.84908,
30911,2.88731,
30912,2.7012,
30913,2.98088,
30914,2.96079,
30915,2.74506,
30916,2.86117,
30917,2.69354,
30918,2.62679,
30919,2.63074,
30920,2.46966,
30921,2.7972,
30922,2.60045,
30923,2.61643,
30924,2.69826,
30925,2.83657,
30926,2.69552,
30927,2.5835,
30928,2.64318,
30929,2.60696,
30930,2.83386,
30931,2.63178,
30932,2.70846,
30933,2.86674,
30934,2.67387,
30935,2.78736,
30936,2.72491,
30937,2.61321,
30938,2.70973,
30939,2.72693,
30940,2.86023,
30941,2.78408,
30942,2.72937,
30943,2.7849,
30944,2.79414,
30945,2.65828,
30946,2.48277,
30947,2.69286,
30948,2.61048,
30949,2.71955,
30950,2.69772,
30951,2.47656,
30952,2.76502,
30953,2.86581,
30954,2.76479,
30955,2.67199,
30956,2.59353,
30957,2.84804,
30958,2.67877,
30959,2.42544,
30960,2.72486,
30961,2.71354,
30962,2.85732,
30963,2.63334,
30964,2.58546,
30965,2.68163,
30966,2.59725,
30967,2.58756,
30968,2.67381,
30969,2.66982,
30970,2.79261,
30971,2.8308,
30972,2.79079,
30973,2.57647,
30974,2.72769,
30975,2.63721,
30976,2.83754,
30977,2.82105,
30978,2.79559,
30979,2.78927,
30980,2.95361,
30981,2.70696,
30982,2.8509,
30983,2.75577,
30984,2.61084,
30985,2.84734,
30986,2.7575,
30987,2.94244,
30988,2.73272,
30989,2.47832,
30990,2.57582,
30991,2.72203,
30992,2.61114,
30993,2.63254,
30994,2.49691,
30995,2.58982,
30996,2.83343,
30997,2.80609,
30998,2.74036,
30999,2.92521,
31000,2.71997,
31001,2.77296,
31002,2.72338,
31003,2.89471,
31004,2.86735,
31005,2.87974,
31006,2.82637,
31007,2.81396,
31008,2.79112,
31009,2.73042,
31010,2.87128,
31011,2.54485,
31012,2.64798,
31013,2.84462,
31014,2.74462,
31015,2.76268,
31016,2.56333,
31017,2.70119,
31018,2.85452,
31019,2.54593,
31020,2.67158,
31021,2.60786,
31022,2.55141,
31023,2.69601,
31024,2.52442,
31025,2.60514,
31026,2.59872,
31027,2.73365,
31028,2.6452,
31029,2.76542,
31030,2.7995,
31031,2.78352,
31032,2.6075,
31033,2.7017,
31034,2.60258,
31035,2.71915,
31036,2.5901,
31037,2.81905,
31038,2.77217,
31039,2.79103,
31040,2.83514,
31041,2.79366,
31042,2.65946,
31043,2.81125,
31044,2.72966,
31045,2.77516,
31046,2.81282,
31047,2.89948,
31048,3.01021,
31049,2.91295,
31050,2.80224,
31051,2.78113,
31052,2.69801,
31053,2.70649,
31054,2.57625,
31055,2.65704,
31056,2.54818,
31057,2.75007,
31058,2.61301,
31059,2.82952,
31060,2.66843,
31061,2.74892,
31062,2.92513,
31063,2.82871,
31064,3.02545,
31065,2.67922,
31066,2.55554,
31067,2.82696,
31068,2.50869,
31069,2.80852,
31070,2.67798,
31071,2.87112,
31072,2.94759,
31073,2.95706,
31074,2.63384,
31075,2.92103,
31076,2.80063,
31077,2.77672,
31078,2.77778,
31079,2.88053,
31080,2.65724,
31081,2.91107,
31082,2.53252,
31083,2.85368,
31084,2.80317,
31085,2.92938,
31086,2.75566,
31087,2.86361,
31088,2.91852,
31089,2.68973,
31090,2.8687,
31091,2.56826,
31092,2.69567,
31093,2.70259,
31094,2.96855,
31095,2.9624,
31096,2.56298,
31097,2.77628,
31098,2.72025,
31099,2.85234,
31100,2.85594,
31101,3.02675,
31102,2.79893,
31103,2.7495,
31104,2.84007,
31105,2.87698,
31106,2.6882,
31107,2.6756,
31108,2.61052,
31109,2.76023,
31110,2.9401,
31111,2.94983,
31112,2.85631,
31113,2.8323,
31114,2.78758,
31115,2.5739,
31116,2.8541,
31117,2.70036,
31118,2.84344,
31119,2.74084,
31120,2.76159,
31121,2.77562,
31122,2.90423,
31123,2.83808,
31124,2.72889,
31125,2.73903,
31126,2.85208,
31127,2.63346,
31128,2.99415,
31129,2.82915,
31130,2.74377,
31131,2.65485,
31132,2.8087,
31133,2.80019,
31134,2.68301,
31135,2.62343,
31136,2.91557,
31137,2.65894,
31138,2.62684,
31139,2.76356,
31140,2.61729,
31141,2.56817,
31142,2.82228,
31143,2.90077,
31144,2.69114,
31145,2.64896,
31146,2.60334,
31147,2.80425,
31148,2.88513,
31149,2.49729,
31150,2.78513,
31151,2.71572,
31152,2.78887,
31153,2.78875,
31154,2.84481,
31155,2.60827,
31156,2.68936,
31157,2.78651,
31158,2.4128,
31159,2.44954,
31160,2.90591,
31161,2.73405,
31162,2.81506,
31163,2.56257,
31164,2.52934,
31165,2.80013,
31166,2.67427,
31167,2.57687,
31168,2.8962,
31169,2.801,
31170,2.5394,
31171,2.72011,
31172,2.55018,
31173,2.67366,
31174,2.61233,
31175,2.49896,
31176,2.75938,
31177,2.67916,
31178,2.87397,
31179,2.90984,
31180,2.78602,
31181,2.83117,
31182,2.68417,
31183,2.76396,
31184,2.89797,
31185,2.81475,
31186,2.91582,
31187,2.96113,
31188,3.0587,
31189,3.78583,
31190,2.72581,
31191,2.79798,
31192,2.80479,
31193,2.83762,
31194,2.63594,
31195,2.86509,
31196,2.77249,
31197,2.75283,
31198,2.73712,
31199,3.20191,
31200,2.79818,
31201,2.77887,
31202,2.41978,
31203,2.59493,
31204,2.85138,
31205,2.8202,
31206,2.91277,
31207,3.09335,
31208,2.85547,
31209,2.73049,
31210,2.83745,
31211,2.7487,
31212,2.95246,
31213,2.74984,
31214,2.73602,
31215,2.90838,
31216,2.86297,
31217,2.73998,
31218,2.68583,
31219,2.63817,
31220,2.67225,
31221,2.73969,
31222,2.6574,
31223,2.48616,
31224,2.84752,
31225,2.6992,
31226,2.55736,
31227,2.57932,
31228,2.67517,
31229,2.77091,
31230,2.74166,
31231,2.72675,
31232,2.76077,
31233,2.44687,
31234,2.71825,
31235,2.43773,
31236,2.79839,
31237,2.60076,
31238,2.66055,
31239,2.54578,
31240,2.70556,
31241,2.67032,
31242,2.66768,
31243,2.58134,
31244,2.51504,
31245,2.67997,
31246,2.67595,
31247,2.37708,
31248,2.49553,
31249,2.48946,
31250,2.70537,
31251,2.69248,
31252,2.6388,
31253,2.65238,
31254,2.70861,
31255,2.79536,
31256,2.49943,
31257,2.83606,
31258,2.68229,
31259,2.68124,
31260,2.66612,
31261,2.74942,
31262,2.84066,
31263,2.8096,
31264,2.67017,
31265,2.55734,
31266,2.95105,
31267,2.78476,
31268,2.79643,
31269,2.7412,
31270,2.58023,
31271,2.63157,
31272,2.77206,
31273,2.29706,
31274,2.45493,
31275,2.32857,
31276,2.51605,
31277,2.64247,
31278,2.73854,
31279,2.73565,
31280,2.73535,
31281,2.68227,
31282,2.52679,
31283,2.6034,
31284,2.70723,
31285,2.84892,
31286,2.68653,
31287,2.57689,
31288,2.29236,
31289,2.38394,
31290,2.77381,
31291,2.47122,
31292,2.68551,
31293,2.47367,
31294,2.62733,
31295,2.46804,
31296,2.47823,
31297,2.51108,
31298,2.51033,
31299,2.478,
31300,2.43647,
31301,2.54743,
31302,2.74469,
31303,2.43809,
31304,2.67798,
31305,2.55599,
31306,2.93368,
31307,2.91674,
31308,2.85983,
31309,2.99679,
31310,2.94991,
31311,2.85794,
31312,2.66583,
31313,2.53495,
31314,2.82981,
31315,2.67467,
31316,2.67434,
31317,2.8253,
31318,2.74206,
31319,2.85809,
31320,2.74518,
31321,2.72975,
31322,2.6269,
31323,2.71649,
31324,2.86892,
31325,2.77379,
31326,2.74625,
31327,2.69925,
31328,2.60641,
31329,2.87289,
31330,2.63709,
31331,2.63415,
31332,2.73472,
31333,2.72334,
31334,2.65165,
31335,3.0363,
31336,2.87565,
31337,2.78638,
31338,2.69506,
31339,2.94831,
31340,2.86101,
31341,2.7488,
31342,2.80056,
31343,2.75803,
31344,2.75217,
31345,2.79759,
31346,2.73116,
31347,2.69828,
31348,2.50755,
31349,2.69309,
31350,2.69982,
31351,2.69379,
31352,2.42565,
31353,2.54572,
31354,2.32872,
31355,2.67603,
31356,2.6826,
31357,2.42471,
31358,2.59663,
31359,2.51069,
31360,2.71577,
31361,2.55889,
31362,2.55935,
31363,2.36413,
31364,2.70544,
31365,2.77038,
31366,2.74871,
31367,2.691,
31368,2.83422,
31369,2.75978,
31370,2.89223,
31371,2.80467,
31372,2.83307,
31373,2.85072,
31374,2.71557,
31375,2.72981,
31376,2.49567,
31377,2.79311,
31378,2.71388,
31379,2.80532,
31380,2.73957,
31381,2.60751,
31382,2.72473,
31383,2.60941,
31384,2.6599,
31385,2.81746,
31386,2.88426,
31387,2.608,
31388,2.61829,
31389,2.61621,
31390,2.86012,
31391,2.85329,
31392,2.90502,
31393,2.69752,
31394,2.94353,
31395,2.74654,
31396,2.82495,
31397,2.97537,
31398,2.76658,
31399,2.68843,
31400,2.60323,
31401,2.86128,
31402,2.91133,
31403,2.76635,
31404,2.78859,
31405,2.78929,
31406,2.95564,
31407,2.88126,
31408,3.03899,
31409,2.67991,
31410,2.73932,
31411,2.52357,
31412,2.70078,
31413,2.73626,
31414,2.71638,
31415,2.70999,
31416,2.87275,
31417,2.81203,
31418,2.7251,
31419,2.51972,
31420,2.66272,
31421,2.69463,
31422,2.7578,
31423,2.67331,
31424,2.92837,
31425,2.88434,
31426,2.92426,
31427,2.75784,
31428,2.68092,
31429,2.85486,
31430,2.5764,
31431,2.92929,
31432,2.87141,
31433,2.86132,
31434,2.85888,
31435,3.03163,
31436,3.13037,
31437,2.80399,
31438,2.81297,
31439,2.85454,
31440,3.02241,
31441,3.03025,
31442,2.83114,
31443,2.81905,
31444,2.82694,
31445,2.67717,
31446,2.8071,
31447,2.78708,
31448,2.80174,
31449,2.58752,
31450,2.62159,
31451,2.80184,
31452,3.05784,
31453,3.18248,
31454,3.2006,
31455,3.14083,
31456,3.16463,
31457,3.19146,
31458,3.10495,
31459,3.08418,
31460,3.12532,
31461,3.08329,
31462,3.11125,
31463,3.07623,
31464,3.06623,
31465,3.01196,
31466,3.09752,
31467,3.09834,
31468,3.09427,
31469,3.03078,
31470,2.95469,
31471,2.71845,
31472,2.97984,
31473,2.80509,
31474,2.77357,
31475,2.84655,
31476,2.85267,
31477,2.74069,
31478,2.90901,
31479,2.6407,
31480,2.73913,
31481,2.8155,
31482,2.67829,
31483,2.55312,
31484,2.84168,
31485,2.92573,
31486,2.84318,
31487,2.63754,
31488,2.81143,
31489,2.79869,
31490,2.7052,
31491,2.69021,
31492,2.75186,
31493,2.62124,
31494,2.7324,
31495,2.68975,
31496,2.60347,
31497,2.91168,
31498,2.8477,
31499,2.78735,
31500,2.77951,
31501,2.69258,
31502,2.68585,
31503,2.58936,
31504,2.70978,
31505,2.81299,
31506,2.70933,
31507,2.62556,
31508,2.83214,
31509,2.7271,
31510,2.66517,
31511,2.72808,
31512,2.52428,
31513,2.5472,
31514,2.80421,
31515,2.4798,
31516,2.61975,
31517,2.6224,
31518,2.69405,
31519,2.62636,
31520,2.5943,
31521,2.69093,
31522,2.55442,
31523,2.58477,
31524,2.71306,
31525,2.75304,
31526,2.73953,
31527,2.74489,
31528,2.60459,
31529,2.75866,
31530,2.58685,
31531,2.71109,
31532,2.67349,
31533,2.70468,
31534,2.9229,
31535,2.63918,
31536,2.5634,
31537,2.71959,
31538,2.56156,
31539,2.50396,
31540,2.66482,
31541,2.9115,
31542,2.45976,
31543,2.44627,
31544,2.72213,
31545,2.51188,
31546,2.66223,
31547,2.61989,
31548,2.52521,
31549,2.46793,
31550,2.80975,
31551,2.74575,
31552,2.77804,
31553,2.70138,
31554,2.90195,
31555,2.8046,
31556,2.91177,
31557,2.76297,
31558,2.72416,
31559,2.82751,
31560,2.74945,
31561,2.77091,
31562,2.75244,
31563,2.76267,
31564,2.79046,
31565,2.50535,
31566,2.70813,
31567,2.74518,
31568,2.81288,
31569,2.75551,
31570,2.42706,
31571,2.66836,
31572,2.74372,
31573,2.62611,
31574,2.36165,
31575,2.55433,
31576,2.61186,
31577,2.57842,
31578,2.63957,
31579,2.33115,
31580,2.50808,
31581,2.47284,
31582,2.60888,
31583,2.67721,
31584,2.93774,
31585,3.05095,
31586,2.80313,
31587,2.79748,
31588,2.94343,
31589,2.94625,
31590,2.71296,
31591,2.84057,
31592,2.72826,
31593,2.73837,
31594,2.69352,
31595,2.94767,
31596,2.74348,
31597,2.75296,
31598,2.86592,
31599,2.84308,
31600,2.76447,
31601,2.82454,
31602,2.6902,
31603,2.84482,
31604,2.74337,
31605,2.71581,
31606,2.64898,
31607,2.67094,
31608,2.59255,
31609,2.84996,
31610,2.83472,
31611,2.6862,
31612,2.80874,
31613,2.76548,
31614,2.78461,
31615,2.94765,
31616,2.84218,
31617,2.71645,
31618,2.72386,
31619,2.82534,
31620,2.57988,
31621,2.71581,
31622,2.77703,
31623,2.86765,
31624,2.65873,
31625,2.72221,
31626,2.67953,
31627,2.78061,
31628,2.72576,
31629,2.80162,
31630,2.58004,
31631,2.75272,
31632,2.69588,
31633,2.57677,
31634,2.75478,
31635,2.86878,
31636,2.71471,
31637,2.45071,
31638,2.70427,
31639,2.71671,
31640,2.71363,
31641,2.64554,
31642,2.55388,
31643,2.6728,
31644,2.62564,
31645,2.70566,
31646,2.41615,
31647,2.49193,
31648,2.53705,
31649,2.65035,
31650,2.63918,
31651,2.59145,
31652,2.4103,
31653,2.62257,
31654,2.52826,
31655,2.5921,
31656,2.4559,
31657,2.54073,
31658,2.7577,
31659,2.64179,
31660,2.68968,
31661,2.41139,
31662,2.60039,
31663,2.49658,
31664,2.58917,
31665,2.72126,
31666,2.4417,
31667,2.54426,
31668,2.45819,
31669,2.3872,
31670,2.55751,
31671,2.56431,
31672,2.53524,
31673,2.53009,
31674,2.71394,
31675,2.53116,
31676,2.57061,
31677,2.74927,
31678,2.85259,
31679,2.76464,
31680,2.76807,
31681,3.02403,
31682,2.76575,
31683,2.6809,
31684,2.92391,
31685,2.74026,
31686,2.83611,
31687,2.88164,
31688,2.79988,
31689,2.78981,
31690,2.80421,
31691,2.54288,
31692,2.79618,
31693,2.74758,
31694,2.59975,
31695,2.74036,
31696,2.68533,
31697,2.55463,
31698,2.69953,
31699,2.71867,
31700,2.56387,
31701,2.63577,
31702,2.72672,
31703,2.78635,
31704,2.65953,
31705,2.72301,
31706,2.64041,
31707,2.92451,
31708,3.03341,
31709,3.05255,
31710,3.07411,
31711,3.09658,
31712,3.05135,
31713,3.01195,
31714,3.10429,
31715,2.97212,
31716,3.04077,
31717,3.06302,
31718,3.05672,
31719,2.90918,
31720,3.00863,
31721,2.98749,
31722,3.02103,
31723,3.07106,
31724,3.0099,
31725,3.00669,
31726,2.95561,
31727,3.02774,
31728,2.75794,
31729,2.97768,
31730,2.45047,
31731,2.57616,
31732,2.47162,
31733,2.34721,
31734,2.44125,
31735,2.40386,
31736,2.70728,
31737,2.28593,
31738,2.4942,
31739,2.4045,
31740,2.52731,
31741,2.5206,
31742,2.27639,
31743,2.34831,
31744,2.55344,
31745,2.69012,
31746,2.63281,
31747,2.33772,
31748,2.31917,
31749,2.89363,
31750,2.97967,
31751,2.86393,
31752,2.90186,
31753,2.87117,
31754,2.8602,
31755,2.77005,
31756,2.54596,
31757,2.69232,
31758,2.82043,
31759,2.73092,
31760,2.81285,
31761,2.86777,
31762,2.93323,
31763,2.84538,
31764,2.71546,
31765,2.60613,
31766,2.788,
31767,2.71189,
31768,2.67957,
31769,2.49368,
31770,2.51734,
31771,2.47888,
31772,2.64064,
31773,2.73215,
31774,2.6506,
31775,2.67393,
31776,2.65449,
31777,2.7173,
31778,2.66972,
31779,2.84589,
31780,2.63466,
31781,2.57728,
31782,2.74366,
31783,2.50652,
31784,2.57891,
31785,2.56886,
31786,2.71271,
31787,2.83573,
31788,2.63414,
31789,2.51022,
31790,2.4808,
31791,2.40195,
31792,2.31443,
31793,2.36503,
31794,2.41578,
31795,2.61919,
31796,2.2932,
31797,2.43765,
31798,2.45571,
31799,2.7357,
31800,2.60582,
31801,2.80806,
31802,2.47763,
31803,2.85995,
31804,2.62204,
31805,2.80994,
31806,2.93012,
31807,2.8079,
31808,2.95371,
31809,2.82238,
31810,2.75831,
31811,2.85983,
31812,2.80049,
31813,2.63944,
31814,2.55521,
31815,2.54426,
31816,2.70395,
31817,2.67715,
31818,2.66984,
31819,2.72423,
31820,2.62897,
31821,2.7764,
31822,2.56116,
31823,2.77705,
31824,2.7432,
31825,2.53258,
31826,2.49609,
31827,2.73484,
31828,2.42455,
31829,2.52531,
31830,2.45485,
31831,2.29876,
31832,2.41394,
31833,2.49436,
31834,2.83343,
31835,2.83487,
31836,3.03443,
31837,3.03138,
31838,2.96574,
31839,2.95026,
31840,2.6376,
31841,2.70933,
31842,2.68156,
31843,2.84868,
31844,3.08195,
31845,2.8097,
31846,2.85126,
31847,2.69533,
31848,2.63891,
31849,2.94834,
31850,2.92456,
31851,2.97436,
31852,2.81536,
31853,3.0304,
31854,2.71182,
31855,2.77147,
31856,2.69561,
31857,2.80252,
31858,2.64548,
31859,2.66587,
31860,2.62522,
31861,2.5911,
31862,2.84013,
31863,2.54016,
31864,2.6323,
31865,2.69714,
31866,2.7318,
31867,2.77034,
31868,2.6514,
31869,2.69729,
31870,2.6073,
31871,2.55255,
31872,2.52633,
31873,2.54626,
31874,2.68077,
31875,2.43429,
31876,2.49811,
31877,2.7304,
31878,2.5871,
31879,2.93986,
31880,3.03296,
31881,2.89969,
31882,3.07367,
31883,2.98385,
31884,2.93994,
31885,2.78574,
31886,2.89437,
31887,2.67155,
31888,2.70121,
31889,2.62655,
31890,2.64841,
31891,2.95229,
31892,2.88607,
31893,2.81473,
31894,2.90344,
31895,2.87219,
31896,2.65721,
31897,2.7041,
31898,2.75644,
31899,2.56988,
31900,2.70479,
31901,2.85444,
31902,2.82491,
31903,2.89316,
31904,3.04992,
31905,3.01408,
31906,2.49317,
31907,2.69709,
31908,2.8285,
31909,2.8234,
31910,2.771,
31911,2.80689,
31912,2.96893,
31913,2.84863,
31914,2.98732,
31915,2.74578,
31916,2.69982,
31917,2.91169,
31918,2.61787,
31919,2.7999,
31920,2.8364,
31921,2.76185,
31922,2.74889,
31923,2.80001,
31924,3.00943,
31925,2.85321,
31926,2.8844,
31927,2.78495,
31928,2.92422,
31929,2.87577,
31930,2.80791,
31931,2.71137,
31932,2.8201,
31933,2.7725,
31934,2.60094,
31935,2.73407,
31936,2.67208,
31937,2.79405,
31938,2.75922,
31939,2.84712,
31940,2.59026,
31941,2.76072,
31942,2.70301,
31943,2.76581,
31944,2.60354,
31945,2.5893,
31946,2.85439,
31947,2.64498,
31948,2.76471,
31949,1.72282,
31950,2.77925,
31951,2.84524,
31952,2.9284,
31953,2.99904,
31954,3.21333,
31955,2.90949,
31956,2.89686,
31957,2.81866,
31958,2.88204,
31959,2.80019,
31960,2.96236,
31961,2.92348,
31962,2.78186,
31963,2.75168,
31964,2.73209,
31965,2.93339,
31966,2.69053,
31967,2.84178,
31968,2.8999,
31969,2.76259,
31970,2.77131,
31971,2.7265,
31972,2.78139,
31973,2.86183,
31974,2.87207,
31975,2.84529,
31976,2.87818,
31977,2.71148,
31978,2.97528,
31979,2.9542,
31980,2.74906,
31981,2.86122,
31982,2.68194,
31983,2.62298,
31984,2.63865,
31985,2.4648,
31986,2.80468,
31987,2.58402,
31988,2.61599,
31989,2.68755,
31990,2.82418,
31991,2.68689,
31992,2.58506,
31993,2.63922,
31994,2.5888,
31995,2.81476,
31996,2.624,
31997,2.70582,
31998,2.84922,
31999,2.65878,
32000,2.79095,
32001,2.7192,
32002,2.62832,
32003,2.70531,
32004,2.72712,
32005,2.86802,
32006,2.77416,
32007,2.73407,
32008,2.77804,
32009,2.79199,
32010,2.66158,
32011,2.48572,
32012,2.68522,
32013,2.60491,
32014,2.71932,
32015,2.69795,
32016,2.46233,
32017,2.75506,
32018,2.85853,
32019,2.74685,
32020,2.6785,
32021,2.59204,
32022,2.84105,
32023,2.6848,
32024,2.40258,
32025,2.7228,
32026,2.71212,
32027,2.86388,
32028,2.62294,
32029,2.58945,
32030,2.70211,
32031,2.57825,
32032,2.57303,
32033,2.67419,
32034,2.66373,
32035,2.78822,
32036,2.82051,
32037,2.7854,
32038,2.56481,
32039,2.71425,
32040,2.6291,
32041,2.8272,
32042,2.81479,
32043,2.7812,
32044,2.77641,
32045,2.94011,
32046,2.70878,
32047,2.83321,
32048,2.76991,
32049,2.60256,
32050,2.85416,
32051,2.75926,
32052,2.92965,
32053,2.71957,
32054,2.48708,
32055,2.5673,
32056,2.7242,
32057,2.6102,
32058,2.63607,
32059,2.48629,
32060,2.59628,
32061,2.82949,
32062,2.80618,
32063,2.7336,
32064,2.91224,
32065,2.71725,
32066,2.7803,
32067,2.72291,
32068,2.89854,
32069,2.86197,
32070,2.87456,
32071,2.81557,
32072,2.79876,
32073,2.80332,
32074,2.72568,
32075,2.86217,
32076,2.53449,
32077,2.63529,
32078,2.83015,
32079,2.73701,
32080,2.76004,
32081,2.54877,
32082,2.68,
32083,2.84414,
32084,2.53908,
32085,2.67211,
32086,2.62293,
32087,2.56513,
32088,2.68994,
32089,2.5167,
32090,2.59742,
32091,2.58328,
32092,2.73924,
32093,2.65553,
32094,2.76121,
32095,2.80184,
32096,2.78183,
32097,2.59537,
32098,2.70306,
32099,2.57801,
32100,2.72595,
32101,2.57338,
32102,2.80823,
32103,2.78477,
32104,2.78163,
32105,2.82417,
32106,2.79474,
32107,2.66712,
32108,2.82152,
32109,2.73667,
32110,2.76725,
32111,2.79381,
32112,2.91212,
32113,3.00502,
32114,2.90128,
32115,2.80768,
32116,2.76992,
32117,2.68211,
32118,2.70313,
32119,2.56811,
32120,2.66107,
32121,2.55126,
32122,2.74666,
32123,2.59636,
32124,2.82185,
32125,2.66627,
32126,2.74361,
32127,2.9175,
32128,2.80868,
32129,3.00946,
32130,2.67441,
32131,2.54208,
32132,2.83084,
32133,2.52109,
32134,2.80611,
32135,2.64242,
32136,2.85824,
32137,2.95314,
32138,2.94378,
32139,2.64742,
32140,2.90089,
32141,2.79687,
32142,2.7655,
32143,2.77233,
32144,2.87646,
32145,2.64515,
32146,2.91212,
32147,2.51851,
32148,2.8447,
32149,2.80025,
32150,2.92366,
32151,2.73524,
32152,2.86052,
32153,2.91589,
32154,2.68827,
32155,2.87269,
32156,2.57455,
32157,2.69471,
32158,2.70439,
32159,2.9614,
32160,2.97987,
32161,2.556,
32162,2.76718,
32163,2.72006,
32164,2.84414,
32165,2.86062,
32166,3.01526,
32167,2.78918,
32168,2.75969,
32169,2.8366,
32170,2.89444,
32171,2.68437,
32172,2.66729,
32173,2.6136,
32174,2.75957,
32175,2.92351,
32176,2.93113,
32177,2.86164,
32178,2.83129,
32179,2.78497,
32180,2.57388,
32181,2.84642,
32182,2.68855,
32183,2.84232,
32184,2.73213,
32185,2.76444,
32186,2.77601,
32187,2.89067,
32188,2.83749,
32189,2.71989,
32190,2.73832,
32191,2.84613,
32192,2.6312,
32193,2.97179,
32194,2.80609,
32195,2.74751,
32196,2.65312,
32197,2.79731,
32198,2.79293,
32199,2.68517,
32200,2.6569,
32201,2.9013,
32202,2.6792,
32203,2.62294,
32204,2.74493,
32205,2.61156,
32206,2.55643,
32207,2.83574,
32208,2.8967,
32209,2.68672,
32210,2.65854,
32211,2.6045,
32212,2.81593,
32213,2.88221,
32214,2.47637,
32215,2.77446,
32216,2.69416,
32217,2.78143,
32218,2.78838,
32219,2.84236,
32220,2.59458,
32221,2.66985,
32222,2.79434,
32223,2.40758,
32224,2.4508,
32225,2.90002,
32226,2.71447,
32227,2.82048,
32228,2.57385,
32229,2.52424,
32230,2.79084,
32231,2.66725,
32232,2.56897,
32233,2.89551,
32234,2.78119,
32235,2.53048,
32236,2.72465,
32237,2.55101,
32238,2.67225,
32239,2.62,
32240,2.49339,
32241,2.73032,
32242,2.66688,
32243,2.86221,
32244,2.89228,
32245,2.79327,
32246,2.82812,
32247,2.66866,
32248,2.77383,
32249,2.90058,
32250,2.80468,
32251,2.91935,
32252,2.95223,
32253,3.04337,
32254,3.76311,
32255,2.71636,
32256,2.79378,
32257,2.81161,
32258,2.81491,
32259,2.62927,
32260,2.85672,
32261,2.76997,
32262,2.75284,
32263,2.73043,
32264,3.19019,
32265,2.78637,
32266,2.77433,
32267,2.42274,
32268,2.57112,
32269,2.85086,
32270,2.8102,
32271,2.90281,
32272,3.08087,
32273,2.86328,
32274,2.72458,
32275,2.84042,
32276,2.73661,
32277,2.95044,
32278,2.7439,
32279,2.72609,
32280,2.89902,
32281,2.86489,
32282,2.75357,
32283,2.70235,
32284,2.63165,
32285,2.67946,
32286,2.74451,
32287,2.65179,
32288,2.47313,
32289,2.84733,
32290,2.70219,
32291,2.55821,
32292,2.57907,
32293,2.67074,
32294,2.77358,
32295,2.73787,
32296,2.714,
32297,2.74851,
32298,2.44611,
32299,2.70643,
32300,2.42537,
32301,2.78304,
32302,2.59595,
32303,2.65544,
32304,2.52588,
32305,2.68489,
32306,2.66818,
32307,2.6469,
32308,2.57328,
32309,2.50977,
32310,2.69102,
32311,2.66806,
32312,2.37625,
32313,2.48936,
32314,2.49276,
32315,2.68321,
32316,2.6975,
32317,2.63386,
32318,2.6531,
32319,2.71423,
32320,2.8046,
32321,2.49844,
32322,2.82954,
32323,2.68217,
32324,2.68305,
32325,2.65007,
32326,2.75391,
32327,2.84675,
32328,2.8034,
32329,2.6586,
32330,2.5568,
32331,2.95373,
32332,2.7864,
32333,2.7881,
32334,2.7546,
32335,2.58259,
32336,2.64184,
32337,2.77744,
32338,2.30166,
32339,2.45657,
32340,2.32343,
32341,2.51224,
32342,2.64034,
32343,2.74561,
32344,2.72951,
32345,2.73319,
32346,2.68638,
32347,2.52979,
32348,2.60798,
32349,2.7156,
32350,2.85348,
32351,2.67557,
32352,2.5843,
32353,2.27433,
32354,2.36496,
32355,2.77097,
32356,2.46563,
32357,2.67582,
32358,2.46274,
32359,2.62782,
32360,2.46416,
32361,2.4835,
32362,2.49512,
32363,2.51657,
32364,2.46848,
32365,2.44467,
32366,2.53345,
32367,2.74822,
32368,2.43653,
32369,2.67295,
32370,2.55863,
32371,2.92711,
32372,2.89661,
32373,2.84084,
32374,2.98086,
32375,2.93784,
32376,2.848,
32377,2.65573,
32378,2.51506,
32379,2.81208,
32380,2.67747,
32381,2.68615,
32382,2.8095,
32383,2.73394,
32384,2.83509,
32385,2.74942,
32386,2.72464,
32387,2.61622,
32388,2.70478,
32389,2.86194,
32390,2.77586,
32391,2.76264,
32392,2.70692,
32393,2.59377,
32394,2.88092,
32395,2.63864,
32396,2.63512,
32397,2.71584,
32398,2.71472,
32399,2.65013,
32400,3.02583,
32401,2.87689,
32402,2.76658,
32403,2.67322,
32404,2.93332,
32405,2.87458,
32406,2.7362,
32407,2.80596,
32408,2.75973,
32409,2.75714,
32410,2.79636,
32411,2.72087,
32412,2.69874,
32413,2.51354,
32414,2.69544,
32415,2.69159,
32416,2.68029,
32417,2.41906,
32418,2.54047,
32419,2.32312,
32420,2.66654,
32421,2.69126,
32422,2.40587,
32423,2.58532,
32424,2.5061,
32425,2.71559,
32426,2.54224,
32427,2.56035,
32428,2.34424,
32429,2.67964,
32430,2.76469,
32431,2.75214,
32432,2.69219,
32433,2.83879,
32434,2.76686,
32435,2.87235,
32436,2.79739,
32437,2.84212,
32438,2.83784,
32439,2.70662,
32440,2.73509,
32441,2.49687,
32442,2.78408,
32443,2.69792,
32444,2.79424,
32445,2.73087,
32446,2.61163,
32447,2.72349,
32448,2.60159,
32449,2.65357,
32450,2.79209,
32451,2.88995,
32452,2.6143,
32453,2.61239,
32454,2.61168,
32455,2.85586,
32456,2.84501,
32457,2.90072,
32458,2.68909,
32459,2.93926,
32460,2.73153,
32461,2.83088,
32462,2.98122,
32463,2.77199,
32464,2.69692,
32465,2.59601,
32466,2.8745,
32467,2.88601,
32468,2.75151,
32469,2.78506,
32470,2.79257,
32471,2.94901,
32472,2.85382,
32473,3.03343,
32474,2.6674,
32475,2.748,
32476,2.53083,
32477,2.68956,
32478,2.73059,
32479,2.70709,
32480,2.71349,
32481,2.86576,
32482,2.80911,
32483,2.72976,
32484,2.52385,
32485,2.66348,
32486,2.68363,
32487,2.74534,
32488,2.67884,
32489,2.90635,
32490,2.87186,
32491,2.90456,
32492,2.75205,
32493,2.67677,
32494,2.85426,
32495,2.57383,
32496,2.92155,
32497,2.85366,
32498,2.85544,
32499,2.85988,
32500,3.02206,
32501,3.12396,
32502,2.79438,
32503,2.81306,
32504,2.83961,
32505,3.00246,
32506,3.01893,
32507,2.82887,
32508,2.80812,
32509,2.81957,
32510,2.66807,
32511,2.81633,
32512,2.78052,
32513,2.78814,
32514,2.59332,
32515,2.62021,
32516,2.79671,
32517,3.05213,
32518,3.17889,
32519,3.20072,
32520,3.13136,
32521,3.13685,
32522,3.18298,
32523,3.08664,
32524,3.07265,
32525,3.11411,
32526,3.07219,
32527,3.11771,
32528,3.08058,
32529,3.06665,
32530,3.00157,
32531,3.08965,
32532,3.10167,
32533,3.08511,
32534,3.03422,
32535,2.95686,
32536,2.70772,
32537,2.96234,
32538,2.79575,
32539,2.78884,
32540,2.83757,
32541,2.84295,
32542,2.73495,
32543,2.88523,
32544,2.62899,
32545,2.73856,
32546,2.81193,
32547,2.67037,
32548,2.55394,
32549,2.8229,
32550,2.92214,
32551,2.83072,
32552,2.6337,
32553,2.79683,
32554,2.79683,
32555,2.71522,
32556,2.68652,
32557,2.73996,
32558,2.60942,
32559,2.73135,
32560,2.68961,
32561,2.59038,
32562,2.89843,
32563,2.82794,
32564,2.7771,
32565,2.76033,
32566,2.68338,
32567,2.68143,
32568,2.59003,
32569,2.70292,
32570,2.79931,
32571,2.71449,
32572,2.61691,
32573,2.82597,
32574,2.72463,
32575,2.66512,
32576,2.73618,
32577,2.53626,
32578,2.53741,
32579,2.79835,
32580,2.46492,
32581,2.58864,
32582,2.62555,
32583,2.70553,
32584,2.62533,
32585,2.5713,
32586,2.68315,
32587,2.55286,
32588,2.57511,
32589,2.68561,
32590,2.74681,
32591,2.75177,
32592,2.73152,
32593,2.58709,
32594,2.77218,
32595,2.60318,
32596,2.69283,
32597,2.66732,
32598,2.69034,
32599,2.90748,
32600,2.63548,
32601,2.58005,
32602,2.71889,
32603,2.56223,
32604,2.49481,
32605,2.64903,
32606,2.90915,
32607,2.45182,
32608,2.42501,
32609,2.71415,
32610,2.50146,
32611,2.64712,
32612,2.58916,
32613,2.52881,
32614,2.46494,
32615,2.80237,
32616,2.75026,
32617,2.77959,
32618,2.69468,
32619,2.90601,
32620,2.81123,
32621,2.90824,
32622,2.75218,
32623,2.70777,
32624,2.81467,
32625,2.74215,
32626,2.77345,
32627,2.75184,
32628,2.75932,
32629,2.77739,
32630,2.49952,
32631,2.70292,
32632,2.74366,
32633,2.78433,
32634,2.74842,
32635,2.42194,
32636,2.68683,
32637,2.7402,
32638,2.64377,
32639,2.34725,
32640,2.54127,
32641,2.59943,
32642,2.5819,
32643,2.65771,
32644,2.33312,
32645,2.49558,
32646,2.48878,
32647,2.61523,
32648,2.65542,
32649,2.93739,
32650,3.05034,
32651,2.80155,
32652,2.79961,
32653,2.94815,
32654,2.94125,
32655,2.70529,
32656,2.83706,
32657,2.7271,
32658,2.73484,
32659,2.67305,
32660,2.94236,
32661,2.71897,
32662,2.75098,
32663,2.85514,
32664,2.8457,
32665,2.75336,
32666,2.82627,
32667,2.67501,
32668,2.84069,
32669,2.74138,
32670,2.70841,
32671,2.67353,
32672,2.68926,
32673,2.59774,
32674,2.84053,
32675,2.82589,
32676,2.6935,
32677,2.79385,
32678,2.7556,
32679,2.80655,
32680,2.92861,
32681,2.84868,
32682,2.71966,
32683,2.71843,
32684,2.80899,
32685,2.57296,
32686,2.70835,
32687,2.77544,
32688,2.86082,
32689,2.65433,
32690,2.72327,
32691,2.66843,
32692,2.77147,
32693,2.72509,
32694,2.80919,
32695,2.56503,
32696,2.75191,
32697,2.68029,
32698,2.59164,
32699,2.73383,
32700,2.8727,
32701,2.71956,
32702,2.43797,
32703,2.69063,
32704,2.70717,
32705,2.68516,
32706,2.65134,
32707,2.54662,
32708,2.66066,
32709,2.61339,
32710,2.6879,
32711,2.4137,
32712,2.46692,
32713,2.51883,
32714,2.63367,
32715,2.6413,
32716,2.5964,
32717,2.40376,
32718,2.59597,
32719,2.51657,
32720,2.60252,
32721,2.45592,
32722,2.53759,
32723,2.7454,
32724,2.64425,
32725,2.68643,
32726,2.41034,
32727,2.5971,
32728,2.4959,
32729,2.57442,
32730,2.72352,
32731,2.43329,
32732,2.54947,
32733,2.45147,
32734,2.37747,
32735,2.55763,
32736,2.54829,
32737,2.53794,
32738,2.53191,
32739,2.71827,
32740,2.53847,
32741,2.56486,
32742,2.73469,
32743,2.83646,
32744,2.76155,
32745,2.76334,
32746,3.01874,
32747,2.77097,
32748,2.68564,
32749,2.92711,
32750,2.72986,
32751,2.83814,
32752,2.88634,
32753,2.78912,
32754,2.79659,
32755,2.78816,
32756,2.54188,
32757,2.79175,
32758,2.75853,
32759,2.5805,
32760,2.74623,
32761,2.69015,
32762,2.5574,
32763,2.69808,
32764,2.71128,
32765,2.54024,
32766,2.63191,
32767,2.73662,
32768,2.78386,
32769,2.64953,
32770,2.71713,
32771,2.65492,
32772,2.92767,
32773,3.02411,
32774,3.05738,
32775,3.06339,
32776,3.08519,
32777,3.03378,
32778,3.02576,
32779,3.09275,
32780,2.95764,
32781,3.03119,
32782,3.06348,
32783,3.05765,
32784,2.9209,
32785,3.01174,
32786,2.98357,
32787,3.0248,
32788,3.07803,
32789,2.99604,
32790,3.00262,
32791,2.94757,
32792,3.02896,
32793,2.75296,
32794,2.96898,
32795,2.4477,
32796,2.55948,
32797,2.46127,
32798,2.34458,
32799,2.45541,
32800,2.39825,
32801,2.69852,
32802,2.27709,
32803,2.49542,
32804,2.40273,
32805,2.52044,
32806,2.51499,
32807,2.2616,
32808,2.33659,
32809,2.55102,
32810,2.70051,
32811,2.64111,
32812,2.34031,
32813,2.32617,
32814,2.88486,
32815,2.97084,
32816,2.84145,
32817,2.9053,
32818,2.85688,
32819,2.84553,
32820,2.76809,
32821,2.55175,
32822,2.67202,
32823,2.82153,
32824,2.70911,
32825,2.78937,
32826,2.85948,
32827,2.93151,
32828,2.83765,
32829,2.71105,
32830,2.60406,
32831,2.78308,
32832,2.7042,
32833,2.67564,
32834,2.47563,
32835,2.50671,
32836,2.47058,
32837,2.64361,
32838,2.72788,
32839,2.64782,
32840,2.66634,
32841,2.65913,
32842,2.70934,
32843,2.67072,
32844,2.82938,
32845,2.62322,
32846,2.56935,
32847,2.73258,
32848,2.49398,
32849,2.57078,
32850,2.55628,
32851,2.70197,
32852,2.83617,
32853,2.63033,
32854,2.51416,
32855,2.47558,
32856,2.40503,
32857,2.29716,
32858,2.3802,
32859,2.41041,
32860,2.61682,
32861,2.31093,
32862,2.43269,
32863,2.45384,
32864,2.72055,
32865,2.59013,
32866,2.80487,
32867,2.47388,
32868,2.85224,
32869,2.62719,
32870,2.816,
32871,2.92299,
32872,2.8052,
32873,2.94806,
32874,2.79598,
32875,2.75353,
32876,2.83965,
32877,2.79964,
32878,2.63776,
32879,2.5451,
32880,2.54365,
32881,2.6812,
32882,2.67615,
32883,2.66793,
32884,2.72056,
32885,2.61735,
32886,2.7685,
32887,2.53246,
32888,2.76269,
32889,2.7348,
32890,2.54737,
32891,2.49239,
32892,2.73714,
32893,2.42436,
32894,2.53261,
32895,2.46108,
32896,2.29947,
32897,2.41503,
32898,2.51349,
32899,2.81662,
32900,2.84416,
32901,3.03209,
32902,3.0241,
32903,2.95109,
32904,2.92931,
32905,2.63318,
32906,2.70776,
32907,2.67859,
32908,2.84558,
32909,3.08292,
32910,2.80707,
32911,2.85842,
32912,2.67436,
32913,2.6344,
32914,2.93882,
32915,2.9225,
32916,2.97456,
32917,2.80557,
32918,3.01083,
32919,2.70916,
32920,2.76284,
32921,2.68801,
32922,2.78271,
32923,2.63907,
32924,2.66354,
32925,2.62006,
32926,2.58345,
32927,2.83379,
32928,2.52622,
32929,2.61888,
32930,2.69931,
32931,2.72456,
32932,2.76672,
32933,2.66096,
32934,2.68739,
32935,2.60507,
32936,2.55093,
32937,2.53356,
32938,2.5577,
32939,2.68178,
32940,2.43299,
32941,2.49936,
32942,2.72985,
32943,2.58319,
32944,2.92655,
32945,3.04012,
32946,2.90201,
32947,3.06691,
32948,2.97465,
32949,2.94856,
32950,2.78158,
32951,2.90312,
32952,2.67235,
32953,2.69628,
32954,2.61233,
32955,2.63719,
32956,2.9471,
32957,2.89658,
32958,2.79689,
32959,2.90043,
32960,2.86455,
32961,2.64775,
32962,2.70252,
32963,2.74652,
32964,2.55631,
32965,2.69175,
32966,2.85716,
32967,2.82536,
32968,2.88966,
32969,3.02362,
32970,3.02695,
32971,2.48241,
32972,2.70019,
32973,2.80304,
32974,2.82914,
32975,2.76779,
32976,2.80887,
32977,2.96262,
32978,2.85254,
32979,2.97506,
32980,2.74256,
32981,2.70365,
32982,2.91633,
32983,2.60315,
32984,2.79666,
32985,2.84209,
32986,2.75372,
32987,2.74627,
32988,2.7842,
32989,3.00361,
32990,2.85762,
32991,2.89609,
32992,2.76967,
32993,2.92413,
32994,2.86759,
32995,2.8096,
32996,2.7068,
32997,2.81245,
32998,2.77287,
32999,2.60115,
33000,2.73476,
33001,2.66863,
33002,2.79426,
33003,2.74937,
33004,2.84275,
33005,2.58848,
33006,2.74545,
33007,2.68494,
33008,2.74684,
33009,2.59568,
33010,2.58959,
33011,2.82866,
33012,2.6361,
33013,2.75104,
33014,1.70571,
33015,2.77605,
33016,2.86893,
33017,2.92836,
33018,2.97078,
33019,3.18631,
33020,2.87931,
33021,2.88763,
33022,2.82368,
33023,2.88058,
33024,2.79761,
33025,2.95736,
33026,2.91484,
33027,2.77224,
33028,2.75566,
33029,2.73263,
33030,2.91622,
33031,2.6731,
33032,2.82742,
33033,2.89701,
33034,2.76517,
33035,2.76422,
33036,2.7284,
33037,2.7747,
33038,2.85625,
33039,2.85618,
33040,2.83649,
33041,2.88445,
33042,2.6935,
33043,2.96522,
33044,2.94833,
33045,2.72921,
33046,2.85014,
33047,2.68349,
33048,2.61698,
33049,2.61687,
33050,2.47723,
33051,2.78177,
33052,2.58272,
33053,2.61584,
33054,2.67702,
33055,2.82577,
33056,2.68274,
33057,2.58331,
33058,2.63683,
33059,2.58117,
33060,2.81253,
33061,2.62147,
33062,2.69352,
33063,2.85481,
33064,2.65729,
33065,2.76639,
33066,2.7171,
33067,2.61073,
33068,2.69658,
33069,2.7166,
33070,2.84983,
33071,2.75652,
33072,2.71643,
33073,2.7632,
33074,2.79107,
33075,2.6466,
33076,2.4789,
33077,2.67679,
33078,2.59601,
33079,2.71147,
33080,2.69218,
33081,2.46971,
33082,2.75157,
33083,2.85592,
33084,2.73387,
33085,2.66319,
33086,2.5867,
33087,2.84809,
33088,2.68612,
33089,2.40174,
33090,2.72435,
33091,2.70377,
33092,2.84607,
33093,2.61132,
33094,2.57823,
33095,2.67704,
33096,2.589,
33097,2.58069,
33098,2.66579,
33099,2.65883,
33100,2.78558,
33101,2.79904,
33102,2.78303,
33103,2.56421,
33104,2.71268,
33105,2.63668,
33106,2.81762,
33107,2.80984,
33108,2.77216,
33109,2.77242,
33110,2.93744,
33111,2.69703,
33112,2.82572,
33113,2.75197,
33114,2.6059,
33115,2.84465,
33116,2.73963,
33117,2.91777,
33118,2.70969,
33119,2.49027,
33120,2.56326,
33121,2.72019,
33122,2.58947,
33123,2.62256,
33124,2.46671,
33125,2.58343,
33126,2.82101,
33127,2.78608,
33128,2.72184,
33129,2.90885,
33130,2.70174,
33131,2.77004,
33132,2.71855,
33133,2.87531,
33134,2.86558,
33135,2.86526,
33136,2.82514,
33137,2.79553,
33138,2.78005,
33139,2.72029,
33140,2.85124,
33141,2.54464,
33142,2.63897,
33143,2.81776,
33144,2.7535,
33145,2.73734,
33146,2.54044,
33147,2.68681,
33148,2.83491,
33149,2.52804,
33150,2.66835,
33151,2.60709,
33152,2.53894,
33153,2.69229,
33154,2.51147,
33155,2.57486,
33156,2.57734,
33157,2.72704,
33158,2.63954,
33159,2.76487,
33160,2.79346,
33161,2.78826,
33162,2.59801,
33163,2.689,
33164,2.58227,
33165,2.71535,
33166,2.56437,
33167,2.81538,
33168,2.75274,
33169,2.78492,
33170,2.81978,
33171,2.78974,
33172,2.66522,
33173,2.79375,
33174,2.72778,
33175,2.75923,
33176,2.78686,
33177,2.89655,
33178,2.99356,
33179,2.89145,
33180,2.7868,
33181,2.76731,
33182,2.6785,
33183,2.69002,
33184,2.55582,
33185,2.65335,
33186,2.52945,
33187,2.74619,
33188,2.62143,
33189,2.82193,
33190,2.66262,
33191,2.74502,
33192,2.9033,
33193,2.81565,
33194,3.01504,
33195,2.66291,
33196,2.54198,
33197,2.83079,
33198,2.51301,
33199,2.79956,
33200,2.64566,
33201,2.85236,
33202,2.9289,
33203,2.9482,
33204,2.6288,
33205,2.89999,
33206,2.78761,
33207,2.76777,
33208,2.75848,
33209,2.85704,
33210,2.65036,
33211,2.90956,
33212,2.5167,
33213,2.85206,
33214,2.79894,
33215,2.91409,
33216,2.73098,
33217,2.86804,
33218,2.90703,
33219,2.67532,
33220,2.8528,
33221,2.56741,
33222,2.69957,
33223,2.69075,
33224,2.96742,
33225,2.96838,
33226,2.54929,
33227,2.77021,
33228,2.70602,
33229,2.83862,
33230,2.84835,
33231,3.01214,
33232,2.78121,
33233,2.7281,
33234,2.82295,
33235,2.87718,
33236,2.681,
33237,2.66722,
33238,2.60786,
33239,2.739,
33240,2.92546,
33241,2.92265,
33242,2.85853,
33243,2.81185,
33244,2.76538,
33245,2.56582,
33246,2.83177,
33247,2.68307,
33248,2.83086,
33249,2.73881,
33250,2.74533,
33251,2.76183,
33252,2.89915,
33253,2.82451,
33254,2.71802,
33255,2.72256,
33256,2.83783,
33257,2.61511,
33258,2.97286,
33259,2.8026,
33260,2.74554,
33261,2.65196,
33262,2.80478,
33263,2.79768,
33264,2.67264,
33265,2.61164,
33266,2.90856,
33267,2.6537,
33268,2.62156,
33269,2.7624,
33270,2.61168,
33271,2.54704,
33272,2.81414,
33273,2.88741,
33274,2.69266,
33275,2.65967,
33276,2.59958,
33277,2.80001,
33278,2.87184,
33279,2.47507,
33280,2.78347,
33281,2.70284,
33282,2.78405,
33283,2.77827,
33284,2.83562,
33285,2.60735,
33286,2.66788,
33287,2.77526,
33288,2.39704,
33289,2.43652,
33290,2.8853,
33291,2.71183,
33292,2.79742,
33293,2.55597,
33294,2.51838,
33295,2.79597,
33296,2.66883,
33297,2.56255,
33298,2.87678,
33299,2.78362,
33300,2.52996,
33301,2.70878,
33302,2.54757,
33303,2.65924,
33304,2.60186,
33305,2.47448,
33306,2.73034,
33307,2.64375,
33308,2.84756,
33309,2.89418,
33310,2.78255,
33311,2.82612,
33312,2.65183,
33313,2.75233,
33314,2.89235,
33315,2.8048,
33316,2.90767,
33317,2.96594,
33318,3.03744,
33319,3.7562,
33320,2.71836,
33321,2.78867,
33322,2.79235,
33323,2.81583,
33324,2.6234,
33325,2.84997,
33326,2.77129,
33327,2.7503,
33328,2.7388,
33329,3.18712,
33330,2.78214,
33331,2.7626,
33332,2.41307,
33333,2.57223,
33334,2.82852,
33335,2.8099,
33336,2.89503,
33337,3.07298,
33338,2.84323,
33339,2.72319,
33340,2.81516,
33341,2.72311,
33342,2.94673,
33343,2.74225,
33344,2.71776,
33345,2.89183,
33346,2.8463,
33347,2.74109,
33348,2.67134,
33349,2.61707,
33350,2.66123,
33351,2.72021,
33352,2.6451,
33353,2.46616,
33354,2.8392,
33355,2.69036,
33356,2.555,
33357,2.57967,
33358,2.66076,
33359,2.76486,
33360,2.72843,
33361,2.70813,
33362,2.74872,
33363,2.44079,
33364,2.68768,
33365,2.43649,
33366,2.78197,
33367,2.59365,
33368,2.6496,
33369,2.5287,
33370,2.69106,
33371,2.65207,
33372,2.64693,
33373,2.55638,
33374,2.50867,
33375,2.66138,
33376,2.66168,
33377,2.36863,
33378,2.48067,
33379,2.48327,
33380,2.67162,
33381,2.68279,
33382,2.62824,
33383,2.65218,
33384,2.70709,
33385,2.78737,
33386,2.4921,
33387,2.83294,
33388,2.68181,
33389,2.67126,
33390,2.64153,
33391,2.75229,
33392,2.84511,
33393,2.79426,
33394,2.64455,
33395,2.55462,
33396,2.94407,
33397,2.76878,
33398,2.78224,
33399,2.73538,
33400,2.57406,
33401,2.62364,
33402,2.76163,
33403,2.27944,
33404,2.4503,
33405,2.32066,
33406,2.52462,
33407,2.63834,
33408,2.74116,
33409,2.71844,
33410,2.72493,
33411,2.67157,
33412,2.51996,
33413,2.60236,
33414,2.70779,
33415,2.8369,
33416,2.66818,
33417,2.56414,
33418,2.28404,
33419,2.36616,
33420,2.77062,
33421,2.47125,
33422,2.66784,
33423,2.47165,
33424,2.62917,
33425,2.45279,
33426,2.46859,
33427,2.48661,
33428,2.50497,
33429,2.46709,
33430,2.43711,
33431,2.53233,
33432,2.72612,
33433,2.42747,
33434,2.67354,
33435,2.54201,
33436,2.91952,
33437,2.89849,
33438,2.82944,
33439,2.96861,
33440,2.91671,
33441,2.84112,
33442,2.64359,
33443,2.50066,
33444,2.80423,
33445,2.65805,
33446,2.69267,
33447,2.81144,
33448,2.72178,
33449,2.82812,
33450,2.7321,
33451,2.71806,
33452,2.61509,
33453,2.70152,
33454,2.86287,
33455,2.77345,
33456,2.7359,
33457,2.70042,
33458,2.58237,
33459,2.86332,
33460,2.63875,
33461,2.60903,
33462,2.72508,
33463,2.71259,
33464,2.64602,
33465,3.01924,
33466,2.85603,
33467,2.76024,
33468,2.67082,
33469,2.92163,
33470,2.86101,
33471,2.72509,
33472,2.80084,
33473,2.75552,
33474,2.74739,
33475,2.77928,
33476,2.71681,
33477,2.69525,
33478,2.51807,
33479,2.69049,
33480,2.69535,
33481,2.68706,
33482,2.40917,
33483,2.53566,
33484,2.31672,
33485,2.65794,
33486,2.66746,
33487,2.40139,
33488,2.57392,
33489,2.5014,
33490,2.70897,
33491,2.5427,
33492,2.55142,
33493,2.33916,
33494,2.66533,
33495,2.74484,
33496,2.74587,
33497,2.67186,
33498,2.82925,
33499,2.75286,
33500,2.86121,
33501,2.78911,
33502,2.82611,
33503,2.84063,
33504,2.705,
33505,2.71716,
33506,2.49739,
33507,2.77883,
33508,2.69325,
33509,2.78869,
33510,2.72187,
33511,2.60249,
33512,2.7258,
33513,2.5912,
33514,2.66411,
33515,2.79319,
33516,2.87658,
33517,2.60664,
33518,2.61351,
33519,2.60564,
33520,2.83566,
33521,2.8279,
33522,2.89684,
33523,2.69513,
33524,2.94659,
33525,2.73103,
33526,2.82835,
33527,2.97109,
33528,2.7676,
33529,2.66672,
33530,2.58716,
33531,2.85888,
33532,2.87829,
33533,2.75481,
33534,2.79689,
33535,2.77945,
33536,2.95369,
33537,2.84341,
33538,3.03765,
33539,2.67222,
33540,2.7326,
33541,2.51477,
33542,2.69521,
33543,2.73077,
33544,2.69995,
33545,2.69556,
33546,2.85801,
33547,2.80634,
33548,2.72278,
33549,2.5261,
33550,2.66505,
33551,2.69202,
33552,2.7505,
33553,2.67147,
33554,2.90208,
33555,2.87527,
33556,2.90694,
33557,2.73825,
33558,2.67282,
33559,2.84133,
33560,2.56816,
33561,2.91055,
33562,2.84236,
33563,2.84394,
33564,2.85119,
33565,3.02958,
33566,3.11982,
33567,2.79557,
33568,2.79865,
33569,2.83499,
33570,3.00117,
33571,3.0193,
33572,2.82494,
33573,2.80747,
33574,2.81798,
33575,2.67621,
33576,2.8021,
33577,2.77509,
33578,2.80224,
33579,2.59614,
33580,2.59715,
33581,2.80742,
33582,3.03818,
33583,3.1699,
33584,3.18528,
33585,3.12667,
33586,3.14123,
33587,3.18039,
33588,3.09175,
33589,3.07613,
33590,3.12185,
33591,3.07515,
33592,3.10831,
33593,3.07065,
33594,3.06223,
33595,2.99418,
33596,3.07972,
33597,3.08762,
33598,3.08077,
33599,3.02017,
33600,2.94922,
33601,2.6844,
33602,2.95296,
33603,2.78903,
33604,2.76895,
33605,2.82676,
33606,2.84357,
33607,2.71945,
33608,2.87849,
33609,2.62962,
33610,2.73309,
33611,2.79506,
33612,2.66495,
33613,2.54483,
33614,2.81983,
33615,2.91494,
33616,2.83696,
33617,2.62985,
33618,2.8169,
33619,2.79935,
33620,2.70067,
33621,2.68877,
33622,2.73509,
33623,2.60427,
33624,2.74508,
33625,2.66973,
33626,2.58304,
33627,2.89158,
33628,2.81736,
33629,2.75174,
33630,2.75372,
33631,2.6681,
33632,2.68462,
33633,2.58041,
33634,2.69052,
33635,2.80294,
33636,2.70346,
33637,2.61989,
33638,2.8151,
33639,2.70164,
33640,2.64569,
33641,2.73737,
33642,2.5205,
33643,2.53231,
33644,2.81481,
33645,2.45766,
33646,2.58883,
33647,2.60485,
33648,2.68135,
33649,2.62133,
33650,2.57018,
33651,2.68081,
33652,2.54598,
33653,2.58636,
33654,2.67383,
33655,2.73104,
33656,2.72779,
33657,2.72983,
33658,2.59241,
33659,2.76758,
33660,2.58165,
33661,2.68599,
33662,2.66724,
33663,2.68864,
33664,2.9022,
33665,2.63469,
33666,2.57302,
33667,2.70279,
33668,2.55735,
33669,2.49564,
33670,2.64259,
33671,2.89763,
33672,2.45182,
33673,2.43832,
33674,2.716,
33675,2.50671,
33676,2.65205,
33677,2.59706,
33678,2.52778,
33679,2.46825,
33680,2.78255,
33681,2.72062,
33682,2.77834,
33683,2.68378,
33684,2.89376,
33685,2.81433,
33686,2.89064,
33687,2.7399,
33688,2.70863,
33689,2.81985,
33690,2.74533,
33691,2.75613,
33692,2.75741,
33693,2.75543,
33694,2.7655,
33695,2.48995,
33696,2.71113,
33697,2.74059,
33698,2.77639,
33699,2.74887,
33700,2.41019,
33701,2.67771,
33702,2.74496,
33703,2.62496,
33704,2.34482,
33705,2.53277,
33706,2.60766,
33707,2.57707,
33708,2.63483,
33709,2.33561,
33710,2.49288,
33711,2.46926,
33712,2.6078,
33713,2.65728,
33714,2.92263,
33715,3.03072,
33716,2.7975,
33717,2.7875,
33718,2.91839,
33719,2.93722,
33720,2.69619,
33721,2.82623,
33722,2.73092,
33723,2.73637,
33724,2.665,
33725,2.94918,
33726,2.7145,
33727,2.73897,
33728,2.85889,
33729,2.83008,
33730,2.76266,
33731,2.82363,
33732,2.65712,
33733,2.84454,
33734,2.73073,
33735,2.69469,
33736,2.65409,
33737,2.66272,
33738,2.54632,
33739,2.84757,
33740,2.81367,
33741,2.67368,
33742,2.77903,
33743,2.73559,
33744,2.77479,
33745,2.91513,
33746,2.82919,
33747,2.7176,
33748,2.72363,
33749,2.80293,
33750,2.56342,
33751,2.70072,
33752,2.77365,
33753,2.86322,
33754,2.6352,
33755,2.72387,
33756,2.66342,
33757,2.77142,
33758,2.71377,
33759,2.80036,
33760,2.56721,
33761,2.74544,
33762,2.67797,
33763,2.57469,
33764,2.74387,
33765,2.85231,
33766,2.71966,
33767,2.42578,
33768,2.68876,
33769,2.712,
33770,2.69056,
33771,2.64182,
33772,2.54631,
33773,2.64771,
33774,2.6015,
33775,2.68347,
33776,2.40751,
33777,2.46172,
33778,2.51571,
33779,2.63891,
33780,2.63976,
33781,2.58704,
33782,2.39602,
33783,2.59768,
33784,2.50408,
33785,2.59737,
33786,2.45378,
33787,2.5274,
33788,2.74691,
33789,2.64209,
33790,2.68765,
33791,2.40229,
33792,2.5829,
33793,2.49272,
33794,2.5714,
33795,2.71956,
33796,2.44102,
33797,2.54441,
33798,2.45626,
33799,2.37393,
33800,2.55942,
33801,2.53822,
33802,2.52343,
33803,2.5155,
33804,2.72484,
33805,2.53314,
33806,2.56869,
33807,2.74785,
33808,2.82285,
33809,2.73542,
33810,2.76671,
33811,3.01018,
33812,2.77129,
33813,2.68682,
33814,2.89955,
33815,2.71786,
33816,2.83468,
33817,2.88785,
33818,2.77595,
33819,2.79273,
33820,2.79539,
33821,2.52247,
33822,2.78734,
33823,2.74592,
33824,2.58393,
33825,2.73713,
33826,2.67465,
33827,2.53475,
33828,2.68687,
33829,2.71695,
33830,2.55173,
33831,2.63544,
33832,2.73259,
33833,2.77447,
33834,2.63489,
33835,2.70573,
33836,2.66235,
33837,2.92445,
33838,3.02117,
33839,3.05218,
33840,3.06325,
33841,3.0795,
33842,3.03705,
33843,3.00897,
33844,3.08909,
33845,2.94551,
33846,3.04119,
33847,3.07262,
33848,3.03209,
33849,2.91205,
33850,3.02786,
33851,2.98406,
33852,3.02871,
33853,3.06614,
33854,2.98638,
33855,2.99818,
33856,2.94686,
33857,3.03433,
33858,2.73918,
33859,2.96667,
33860,2.44455,
33861,2.56818,
33862,2.4599,
33863,2.34315,
33864,2.44394,
33865,2.38412,
33866,2.71133,
33867,2.2812,
33868,2.48523,
33869,2.40045,
33870,2.51304,
33871,2.51745,
33872,2.2636,
33873,2.33376,
33874,2.53175,
33875,2.68207,
33876,2.6259,
33877,2.33671,
33878,2.30367,
33879,2.8743,
33880,2.95864,
33881,2.82436,
33882,2.89796,
33883,2.85292,
33884,2.83576,
33885,2.76393,
33886,2.54003,
33887,2.68071,
33888,2.80907,
33889,2.72,
33890,2.79548,
33891,2.84584,
33892,2.91623,
33893,2.84371,
33894,2.72661,
33895,2.60514,
33896,2.79094,
33897,2.69625,
33898,2.67853,
33899,2.48253,
33900,2.50615,
33901,2.45586,
33902,2.62829,
33903,2.72979,
33904,2.64673,
33905,2.65777,
33906,2.64688,
33907,2.70845,
33908,2.63789,
33909,2.81948,
33910,2.60759,
33911,2.55846,
33912,2.74494,
33913,2.49056,
33914,2.57298,
33915,2.56282,
33916,2.6999,
33917,2.82372,
33918,2.63463,
33919,2.51864,
33920,2.46906,
33921,2.3994,
33922,2.28853,
33923,2.3618,
33924,2.41235,
33925,2.61192,
33926,2.29936,
33927,2.43245,
33928,2.4435,
33929,2.71302,
33930,2.58477,
33931,2.81087,
33932,2.47057,
33933,2.85284,
33934,2.62865,
33935,2.79842,
33936,2.90306,
33937,2.79697,
33938,2.94473,
33939,2.79528,
33940,2.74697,
33941,2.84282,
33942,2.79472,
33943,2.62903,
33944,2.5333,
33945,2.53712,
33946,2.6797,
33947,2.66355,
33948,2.67175,
33949,2.72288,
33950,2.61305,
33951,2.76956,
33952,2.53296,
33953,2.76148,
33954,2.73485,
33955,2.52535,
33956,2.48905,
33957,2.74544,
33958,2.42601,
33959,2.51486,
33960,2.46872,
33961,2.28949,
33962,2.39394,
33963,2.49314,
33964,2.80385,
33965,2.82302,
33966,3.01015,
33967,3.00475,
33968,2.97012,
33969,2.93014,
33970,2.62227,
33971,2.71359,
33972,2.66185,
33973,2.83634,
33974,3.0709,
33975,2.79919,
33976,2.84575,
33977,2.66762,
33978,2.63424,
33979,2.92558,
33980,2.8975,
33981,2.97022,
33982,2.8031,
33983,3.00327,
33984,2.70588,
33985,2.76464,
33986,2.68451,
33987,2.77856,
33988,2.64489,
33989,2.65901,
33990,2.61016,
33991,2.5818,
33992,2.81302,
33993,2.51524,
33994,2.61209,
33995,2.6908,
33996,2.71203,
33997,2.76389,
33998,2.63191,
33999,2.67673,
34000,2.58572,
34001,2.54568,
34002,2.51607,
34003,2.53923,
34004,2.6779,
34005,2.43196,
34006,2.49706,
34007,2.7263,
34008,2.57736,
34009,2.9052,
34010,3.02097,
34011,2.89137,
34012,3.05509,
34013,2.98924,
34014,2.9438,
34015,2.77444,
34016,2.88985,
34017,2.66262,
34018,2.70093,
34019,2.60404,
34020,2.63133,
34021,2.93588,
34022,2.88139,
34023,2.79093,
34024,2.88419,
34025,2.86172,
34026,2.64865,
34027,2.69673,
34028,2.76521,
34029,2.55923,
34030,2.68369,
34031,2.8398,
34032,2.82988,
34033,2.88195,
34034,3.0277,
34035,3.02219,
34036,2.47932,
34037,2.68725,
34038,2.81134,
34039,2.82306,
34040,2.75329,
34041,2.78847,
34042,2.9545,
34043,2.83797,
34044,2.97458,
34045,2.74271,
34046,2.70223,
34047,2.90463,
34048,2.60266,
34049,2.78046,
34050,2.81673,
34051,2.74581,
34052,2.74249,
34053,2.78506,
34054,2.99022,
34055,2.84366,
34056,2.87277,
34057,2.7723,
34058,2.91358,
34059,2.8567,
34060,2.78789,
34061,2.71952,
34062,2.80729,
34063,2.76479,
34064,2.59939,
34065,2.72744,
34066,2.67446,
34067,2.78983,
34068,2.75634,
34069,2.82634,
34070,2.58627,
34071,2.75029,
34072,2.67374,
34073,2.74465,
34074,2.58947,
34075,2.57474,
34076,2.83547,
34077,2.63212,
34078,2.7582,
34079,1.6972,
34080,2.76436,
34081,2.83116,
34082,2.919,
34083,2.97029,
34084,3.17976,
34085,2.87022,
34086,2.87524,
34087,2.81213,
34088,2.86951,
34089,2.78606,
34090,2.96449,
34091,2.90886,
34092,2.75458,
34093,2.74537,
34094,2.72681,
34095,2.92949,
34096,2.67417,
34097,2.83621,
34098,2.89091,
34099,2.75608,
34100,2.762,
34101,2.70218,
34102,2.76452,
34103,2.85746,
34104,2.84737,
34105,2.83059,
34106,2.8634,
34107,2.68391,
34108,2.95597,
34109,2.93558,
34110,2.73615,
34111,2.84277,
34112,2.66703,
34113,2.61044,
34114,2.62432,
34115,2.47852,
34116,2.7888,
34117,2.56238,
34118,2.60118,
34119,2.67263,
34120,2.80855,
34121,2.67565,
34122,2.58676,
34123,2.63953,
34124,2.59717,
34125,2.81184,
34126,2.62149,
34127,2.70401,
34128,2.85534,
34129,2.66348,
34130,2.76539,
34131,2.69239,
34132,2.60388,
34133,2.68928,
34134,2.70931,
34135,2.84256,
34136,2.76052,
34137,2.72199,
34138,2.75704,
34139,2.78369,
34140,2.64716,
34141,2.46558,
34142,2.68562,
34143,2.58994,
34144,2.73406,
34145,2.6846,
34146,2.46167,
34147,2.74921,
34148,2.84359,
34149,2.7535,
34150,2.67321,
34151,2.58042,
34152,2.83718,
34153,2.66904,
34154,2.39725,
34155,2.71232,
34156,2.69191,
34157,2.84282,
34158,2.61653,
34159,2.57079,
34160,2.66893,
34161,2.58488,
34162,2.56501,
34163,2.67847,
34164,2.63945,
34165,2.7789,
34166,2.79914,
34167,2.77878,
34168,2.55736,
34169,2.71725,
34170,2.62249,
34171,2.81024,
34172,2.79652,
34173,2.76528,
34174,2.7598,
34175,2.93536,
34176,2.69139,
34177,2.82664,
34178,2.74773,
34179,2.61518,
34180,2.84556,
34181,2.73718,
34182,2.91394,
34183,2.70813,
34184,2.4959,
34185,2.5608,
34186,2.70495,
34187,2.58285,
34188,2.6344,
34189,2.48086,
34190,2.59355,
34191,2.81126,
34192,2.78053,
34193,2.72991,
34194,2.91705,
34195,2.70243,
34196,2.75968,
34197,2.71202,
34198,2.86991,
34199,2.85965,
34200,2.86961,
34201,2.80842,
34202,2.80067,
34203,2.7824,
34204,2.72292,
34205,2.8469,
34206,2.52397,
34207,2.62738,
34208,2.81279,
34209,2.7255,
34210,2.73724,
34211,2.53937,
34212,2.68564,
34213,2.84372,
34214,2.53889,
34215,2.66746,
34216,2.60843,
34217,2.54108,
34218,2.67357,
34219,2.514,
34220,2.57083,
34221,2.57724,
34222,2.72894,
34223,2.64183,
34224,2.75837,
34225,2.78578,
34226,2.78174,
34227,2.59232,
34228,2.69284,
34229,2.55956,
34230,2.69397,
34231,2.56644,
34232,2.80315,
34233,2.75159,
34234,2.77314,
34235,2.81629,
34236,2.79673,
34237,2.64952,
34238,2.79244,
34239,2.71761,
34240,2.75565,
34241,2.79066,
34242,2.8803,
34243,2.99114,
34244,2.89296,
34245,2.79088,
34246,2.76299,
34247,2.677,
34248,2.69328,
34249,2.55561,
34250,2.66216,
34251,2.54342,
34252,2.73539,
34253,2.5984,
34254,2.82051,
34255,2.66203,
34256,2.73847,
34257,2.90671,
34258,2.80147,
34259,3.0028,
34260,2.66324,
34261,2.54097,
34262,2.81793,
34263,2.49684,
34264,2.78023,
34265,2.62285,
34266,2.8386,
34267,2.92324,
34268,2.9387,
34269,2.61534,
34270,2.88808,
34271,2.78062,
34272,2.75071,
34273,2.75291,
34274,2.84553,
34275,2.63906,
34276,2.90459,
34277,2.50872,
34278,2.84406,
34279,2.77801,
34280,2.9216,
34281,2.71906,
34282,2.86068,
34283,2.88923,
34284,2.70461,
34285,2.86147,
34286,2.58316,
34287,2.71394,
34288,2.69334,
34289,2.94838,
34290,2.95246,
34291,2.54796,
34292,2.76649,
34293,2.70357,
34294,2.83936,
34295,2.85198,
34296,3.00799,
34297,2.78095,
34298,2.72481,
34299,2.82333,
34300,2.87031,
34301,2.67124,
34302,2.66254,
34303,2.59904,
34304,2.73746,
34305,2.92136,
34306,2.9312,
34307,2.85279,
34308,2.80846,
34309,2.76892,
34310,2.55725,
34311,2.8334,
34312,2.67623,
34313,2.82942,
34314,2.73749,
34315,2.75002,
34316,2.76075,
34317,2.88214,
34318,2.83304,
34319,2.71171,
34320,2.71818,
34321,2.84394,
34322,2.62716,
34323,2.95894,
34324,2.7991,
34325,2.72785,
34326,2.65147,
34327,2.78782,
34328,2.79146,
34329,2.66839,
34330,2.6288,
34331,2.90856,
34332,2.65052,
34333,2.62117,
34334,2.73919,
34335,2.62063,
34336,2.558,
34337,2.81002,
34338,2.88296,
34339,2.68633,
34340,2.64181,
34341,2.60848,
34342,2.78715,
34343,2.87251,
34344,2.47339,
34345,2.76207,
34346,2.68575,
34347,2.77822,
34348,2.77025,
34349,2.83136,
34350,2.60538,
34351,2.66746,
34352,2.78562,
34353,2.41527,
34354,2.44252,
34355,2.89475,
34356,2.71471,
34357,2.81615,
34358,2.53975,
34359,2.52297,
34360,2.77555,
34361,2.65279,
34362,2.55984,
34363,2.87888,
34364,2.78461,
34365,2.52921,
34366,2.70277,
34367,2.54611,
34368,2.65147,
34369,2.60045,
34370,2.47911,
34371,2.71722,
34372,2.64532,
34373,2.83864,
34374,2.87824,
34375,2.78239,
34376,2.81517,
34377,2.65595,
34378,2.75649,
34379,2.89001,
34380,2.79694,
34381,2.90173,
34382,2.95687,
34383,3.04546,
34384,3.73815,
34385,2.70784,
34386,2.78166,
34387,2.79043,
34388,2.8274,
34389,2.61509,
34390,2.84701,
34391,2.7579,
34392,2.75198,
34393,2.72782,
34394,3.18717,
34395,2.78209,
34396,2.75853,
34397,2.41132,
34398,2.58358,
34399,2.83702,
34400,2.80333,
34401,2.88858,
34402,3.06728,
34403,2.8531,
34404,2.70851,
34405,2.80143,
34406,2.72418,
34407,2.92233,
34408,2.71759,
34409,2.70411,
34410,2.88047,
34411,2.84614,
34412,2.72968,
34413,2.66234,
34414,2.60178,
34415,2.65481,
34416,2.71041,
34417,2.64797,
34418,2.46751,
34419,2.84666,
34420,2.69876,
34421,2.55279,
34422,2.58431,
34423,2.66462,
34424,2.7577,
34425,2.73116,
34426,2.71981,
34427,2.74636,
34428,2.43745,
34429,2.69407,
34430,2.41668,
34431,2.76684,
34432,2.60342,
34433,2.63925,
34434,2.51461,
34435,2.67452,
34436,2.66165,
34437,2.63207,
34438,2.55259,
34439,2.49644,
34440,2.6628,
34441,2.64654,
34442,2.35865,
34443,2.48006,
34444,2.46744,
34445,2.66221,
34446,2.6894,
34447,2.6263,
34448,2.64852,
34449,2.70473,
34450,2.79224,
34451,2.48758,
34452,2.82199,
34453,2.6736,
34454,2.66973,
34455,2.64218,
34456,2.73716,
34457,2.82268,
34458,2.78121,
34459,2.65174,
34460,2.55427,
34461,2.94196,
34462,2.76438,
34463,2.77951,
34464,2.74155,
34465,2.56158,
34466,2.61955,
34467,2.76666,
34468,2.29012,
34469,2.45825,
34470,2.3158,
34471,2.51536,
34472,2.64287,
34473,2.72445,
34474,2.72707,
34475,2.73656,
34476,2.66541,
34477,2.50783,
34478,2.61662,
34479,2.69397,
34480,2.83401,
34481,2.66097,
34482,2.56958,
34483,2.28744,
34484,2.35912,
34485,2.7618,
34486,2.4715,
34487,2.69075,
34488,2.46624,
34489,2.61367,
34490,2.46107,
34491,2.45731,
34492,2.4931,
34493,2.50272,
34494,2.4604,
34495,2.43141,
34496,2.5328,
34497,2.73484,
34498,2.43868,
34499,2.6642,
34500,2.53463,
34501,2.90738,
34502,2.89009,
34503,2.81818,
34504,2.96002,
34505,2.91055,
34506,2.83139,
34507,2.64236,
34508,2.48769,
34509,2.7962,
34510,2.66076,
34511,2.6719,
34512,2.80482,
34513,2.72586,
34514,2.81638,
34515,2.72796,
34516,2.70994,
34517,2.61181,
34518,2.68932,
34519,2.84823,
34520,2.76315,
34521,2.73551,
34522,2.68845,
34523,2.58294,
34524,2.85837,
34525,2.6262,
34526,2.61866,
34527,2.70528,
34528,2.70874,
34529,2.64265,
34530,3.02097,
34531,2.85443,
34532,2.75471,
34533,2.65732,
34534,2.9113,
34535,2.85501,
34536,2.73204,
34537,2.80687,
34538,2.74214,
34539,2.73325,
34540,2.7779,
34541,2.71803,
34542,2.67547,
34543,2.509,
34544,2.68065,
34545,2.697,
34546,2.67069,
34547,2.40628,
34548,2.52762,
34549,2.30477,
34550,2.6432,
34551,2.67143,
34552,2.40318,
34553,2.57915,
34554,2.5036,
34555,2.70199,
34556,2.53594,
34557,2.53044,
34558,2.32243,
34559,2.65797,
34560,2.7456,
34561,2.73771,
34562,2.68276,
34563,2.81678,
34564,2.75105,
34565,2.86702,
34566,2.78566,
34567,2.81232,
34568,2.83436,
34569,2.69876,
34570,2.73378,
34571,2.47996,
34572,2.77474,
34573,2.69883,
34574,2.7863,
34575,2.72788,
34576,2.59152,
34577,2.71641,
34578,2.59514,
34579,2.66553,
34580,2.78194,
34581,2.87388,
34582,2.60134,
34583,2.61866,
34584,2.60524,
34585,2.82724,
34586,2.83274,
34587,2.91022,
34588,2.68818,
34589,2.91752,
34590,2.71622,
34591,2.80264,
34592,2.95312,
34593,2.75382,
34594,2.66422,
34595,2.59453,
34596,2.84589,
34597,2.87325,
34598,2.74433,
34599,2.77934,
34600,2.76997,
34601,2.95361,
34602,2.84878,
34603,3.03155,
34604,2.65712,
34605,2.73531,
34606,2.51938,
34607,2.70077,
34608,2.72719,
34609,2.69045,
34610,2.69022,
34611,2.87111,
34612,2.79431,
34613,2.71751,
34614,2.50598,
34615,2.64558,
34616,2.67527,
34617,2.74776,
34618,2.66436,
34619,2.87682,
34620,2.85539,
34621,2.89662,
34622,2.72934,
34623,2.66931,
34624,2.84385,
34625,2.57458,
34626,2.90416,
34627,2.83452,
34628,2.83824,
34629,2.83509,
34630,3.01988,
34631,3.1371,
34632,2.78665,
34633,2.8013,
34634,2.82261,
34635,2.98719,
34636,3.01386,
34637,2.82103,
34638,2.80461,
34639,2.81306,
34640,2.66846,
34641,2.79926,
34642,2.77309,
34643,2.78111,
34644,2.57737,
34645,2.59376,
34646,2.7829,
34647,3.0409,
34648,3.17559,
34649,3.18391,
34650,3.11438,
34651,3.12671,
34652,3.16555,
34653,3.08041,
34654,3.07643,
34655,3.10562,
34656,3.06164,
34657,3.09925,
34658,3.06961,
34659,3.05195,
34660,2.99575,
34661,3.07504,
34662,3.08177,
34663,3.0719,
34664,3.02256,
34665,2.95897,
34666,2.67438,
34667,2.95202,
34668,2.78287,
34669,2.7776,
34670,2.81296,
34671,2.8263,
34672,2.72318,
34673,2.86857,
34674,2.6124,
34675,2.72725,
34676,2.78787,
34677,2.65349,
34678,2.55134,
34679,2.82069,
34680,2.91028,
34681,2.82685,
34682,2.61684,
34683,2.78589,
34684,2.79548,
34685,2.70523,
34686,2.67726,
34687,2.73304,
34688,2.60392,
34689,2.7118,
34690,2.66873,
34691,2.57593,
34692,2.9031,
34693,2.81394,
34694,2.74629,
34695,2.74666,
34696,2.66924,
34697,2.67649,
34698,2.57765,
34699,2.69347,
34700,2.80576,
34701,2.69061,
34702,2.61165,
34703,2.82342,
34704,2.69523,
34705,2.65551,
34706,2.71605,
34707,2.51831,
34708,2.53155,
34709,2.79578,
34710,2.47427,
34711,2.58351,
34712,2.62136,
34713,2.69301,
34714,2.62078,
34715,2.57331,
34716,2.67446,
34717,2.53556,
34718,2.56552,
34719,2.66982,
34720,2.7182,
34721,2.72395,
34722,2.71528,
34723,2.57904,
34724,2.77746,
34725,2.58467,
34726,2.67487,
34727,2.66287,
34728,2.69525,
34729,2.89617,
34730,2.63247,
34731,2.55903,
34732,2.70672,
34733,2.55168,
34734,2.49881,
34735,2.64073,
34736,2.89934,
34737,2.43956,
34738,2.42,
34739,2.70063,
34740,2.49452,
34741,2.65192,
34742,2.59357,
34743,2.5374,
34744,2.45917,
34745,2.79497,
34746,2.7095,
34747,2.76387,
34748,2.67459,
34749,2.89113,
34750,2.79243,
34751,2.89805,
34752,2.73729,
34753,2.70229,
34754,2.80902,
34755,2.73705,
34756,2.74963,
34757,2.74798,
34758,2.75013,
34759,2.76914,
34760,2.47783,
34761,2.68945,
34762,2.7492,
34763,2.78213,
34764,2.74206,
34765,2.39959,
34766,2.66619,
34767,2.72317,
34768,2.6107,
34769,2.3584,
34770,2.54013,
34771,2.5929,
34772,2.57527,
34773,2.63132,
34774,2.32525,
34775,2.48736,
34776,2.4622,
34777,2.61994,
34778,2.65509,
34779,2.9147,
34780,3.01832,
34781,2.8001,
34782,2.76935,
34783,2.91563,
34784,2.93212,
34785,2.68918,
34786,2.81149,
34787,2.73022,
34788,2.72097,
34789,2.65784,
34790,2.92254,
34791,2.70249,
34792,2.73307,
34793,2.8445,
34794,2.8344,
34795,2.75214,
34796,2.82359,
34797,2.65054,
34798,2.82191,
34799,2.72686,
34800,2.68983,
34801,2.65711,
34802,2.66164,
34803,2.5383,
34804,2.81959,
34805,2.82421,
34806,2.66705,
34807,2.7644,
34808,2.74367,
34809,2.77679,
34810,2.91232,
34811,2.83546,
34812,2.72203,
34813,2.70683,
34814,2.79709,
34815,2.56336,
34816,2.69785,
34817,2.75702,
34818,2.84732,
34819,2.63718,
34820,2.72018,
34821,2.65974,
34822,2.77266,
34823,2.72084,
34824,2.79951,
34825,2.55297,
34826,2.73534,
34827,2.67061,
34828,2.5684,
34829,2.73066,
34830,2.85747,
34831,2.71222,
34832,2.43027,
34833,2.67695,
34834,2.70101,
34835,2.67972,
34836,2.64103,
34837,2.5455,
34838,2.6421,
34839,2.60648,
34840,2.66878,
34841,2.40276,
34842,2.45314,
34843,2.50939,
34844,2.62499,
34845,2.63689,
34846,2.57068,
34847,2.39614,
34848,2.59288,
34849,2.50983,
34850,2.59195,
34851,2.46286,
34852,2.51795,
34853,2.74495,
34854,2.62801,
34855,2.68822,
34856,2.41357,
34857,2.58337,
34858,2.49735,
34859,2.57183,
34860,2.71575,
34861,2.42296,
34862,2.53418,
34863,2.46168,
34864,2.37331,
34865,2.56213,
34866,2.53067,
34867,2.52167,
34868,2.50797,
34869,2.72569,
34870,2.51482,
34871,2.55654,
34872,2.74844,
34873,2.83247,
34874,2.73084,
34875,2.74339,
34876,3.00207,
34877,2.75324,
34878,2.66494,
34879,2.89046,
34880,2.71078,
34881,2.82687,
34882,2.87293,
34883,2.78145,
34884,2.77381,
34885,2.78066,
34886,2.52673,
34887,2.77691,
34888,2.73997,
34889,2.56934,
34890,2.73871,
34891,2.67399,
34892,2.53539,
34893,2.69366,
34894,2.7156,
34895,2.53233,
34896,2.62641,
34897,2.70408,
34898,2.789,
34899,2.63774,
34900,2.70362,
34901,2.645,
34902,2.91096,
34903,3.00884,
34904,3.04167,
34905,3.05121,
34906,3.06786,
34907,3.02346,
34908,3.00864,
34909,3.08964,
34910,2.94284,
34911,3.03103,
34912,3.05073,
34913,3.03245,
34914,2.91811,
34915,3.00869,
34916,2.98526,
34917,3.01128,
34918,3.05865,
34919,2.98915,
34920,3.00108,
34921,2.94802,
34922,3.0221,
34923,2.72328,
34924,2.95722,
34925,2.43713,
34926,2.54163,
34927,2.46335,
34928,2.33111,
34929,2.44093,
34930,2.38169,
34931,2.71635,
34932,2.27482,
34933,2.47824,
34934,2.40119,
34935,2.50538,
34936,2.50687,
34937,2.2534,
34938,2.34092,
34939,2.51043,
34940,2.66775,
34941,2.62669,
34942,2.32944,
34943,2.30853,
34944,2.86119,
34945,2.95967,
34946,2.82341,
34947,2.8882,
34948,2.8515,
34949,2.83974,
34950,2.75629,
34951,2.53729,
34952,2.67083,
34953,2.79492,
34954,2.71056,
34955,2.77339,
34956,2.84694,
34957,2.93298,
34958,2.82777,
34959,2.71252,
34960,2.60185,
34961,2.78697,
34962,2.69433,
34963,2.68469,
34964,2.48796,
34965,2.49398,
34966,2.45688,
34967,2.63763,
34968,2.71845,
34969,2.63337,
34970,2.64822,
34971,2.62643,
34972,2.69334,
34973,2.63506,
34974,2.82062,
34975,2.5962,
34976,2.57401,
34977,2.71661,
34978,2.4844,
34979,2.57075,
34980,2.55607,
34981,2.69556,
34982,2.82676,
34983,2.63583,
34984,2.51941,
34985,2.47156,
34986,2.39254,
34987,2.28362,
34988,2.36176,
34989,2.40193,
34990,2.61614,
34991,2.28783,
34992,2.42169,
34993,2.45206,
34994,2.70596,
34995,2.58287,
34996,2.79567,
34997,2.47936,
34998,2.83142,
34999,2.60882,
35000,2.78414,
35001,2.90555,
35002,2.78545,
35003,2.93683,
35004,2.79357,
35005,2.73727,
35006,2.82707,
35007,2.77977,
35008,2.62529,
35009,2.53066,
35010,2.52803,
35011,2.68061,
35012,2.64835,
35013,2.65447,
35014,2.72245,
35015,2.6166,
35016,2.75303,
35017,2.53212,
35018,2.74964,
35019,2.72144,
35020,2.53144,
35021,2.49432,
35022,2.73725,
35023,2.42405,
35024,2.5229,
35025,2.45384,
35026,2.29006,
35027,2.39962,
35028,2.47392,
35029,2.79499,
35030,2.82063,
35031,2.99759,
35032,2.99998,
35033,2.95078,
35034,2.9153,
35035,2.62498,
35036,2.6972,
35037,2.66423,
35038,2.83577,
35039,3.06593,
35040,2.78835,
35041,2.84336,
35042,2.67472,
35043,2.62481,
35044,2.92037,
35045,2.88996,
35046,2.97557,
35047,2.81598,
35048,3.00899,
35049,2.69855,
35050,2.75919,
35051,2.67932,
35052,2.76518,
35053,2.63349,
35054,2.65772,
35055,2.60987,
35056,2.57718,
35057,2.81088,
35058,2.51641,
35059,2.60456,
35060,2.68474,
35061,2.70549,
35062,2.76151,
35063,2.64617,
35064,2.68301,
35065,2.58853,
35066,2.56466,
35067,2.51624,
35068,2.52769,
35069,2.6645,
35070,2.42403,
35071,2.49084,
35072,2.72359,
35073,2.58496,
35074,2.89043,
35075,3.01149,
35076,2.88757,
35077,3.05318,
35078,2.96488,
35079,2.92839,
35080,2.76434,
35081,2.87634,
35082,2.66061,
35083,2.69373,
35084,2.61163,
35085,2.62814,
35086,2.93325,
35087,2.88818,
35088,2.79356,
35089,2.8697,
35090,2.85501,
35091,2.65968,
35092,2.69522,
35093,2.74397,
35094,2.5474,
35095,2.69016,
35096,2.83844,
35097,2.82031,
35098,2.88529,
35099,3.03087,
35100,3.00164,
35101,2.46763,
35102,2.69674,
35103,2.79924,
35104,2.81457,
35105,2.7477,
35106,2.78802,
35107,2.95206,
35108,2.84163,
35109,2.96339,
35110,2.73991,
35111,2.69388,
35112,2.89177,
35113,2.6006,
35114,2.78875,
35115,2.81443,
35116,2.74918,
35117,2.73035,
35118,2.77725,
35119,3.01475,
35120,2.84878,
35121,2.86029,
35122,2.78145,
35123,2.90195,
35124,2.84353,
35125,2.79344,
35126,2.70694,
35127,2.81241,
35128,2.75425,
35129,2.59547,
35130,2.71678,
35131,2.66454,
35132,2.78496,
35133,2.74012,
35134,2.83053,
35135,2.58274,
35136,2.74951,
35137,2.6663,
35138,2.73437,
35139,2.58749,
35140,2.57798,
35141,2.82774,
35142,2.63399,
35143,2.76232,
35144,1.67989,
35145,2.75106,
35146,2.81069,
35147,2.89857,
35148,2.96252,
35149,3.18139,
35150,2.87673,
35151,2.87139,
35152,2.80245,
35153,2.85927,
35154,2.77372,
35155,2.94829,
35156,2.90288,
35157,2.7661,
35158,2.76279,
35159,2.71753,
35160,2.92281,
35161,2.68086,
35162,2.82346,
35163,2.87936,
35164,2.76131,
35165,2.75433,
35166,2.70764,
35167,2.76098,
35168,2.84216,
35169,2.8499,
35170,2.82534,
35171,2.85308,
35172,2.66941,
35173,2.95856,
35174,2.92539,
35175,2.72513,
35176,2.85388,
35177,2.6617,
35178,2.60931,
35179,2.59947,
35180,2.46285,
35181,2.7788,
35182,2.56746,
35183,2.60461,
35184,2.67295,
35185,2.79939,
35186,2.67191,
35187,2.5752,
35188,2.63226,
35189,2.58401,
35190,2.79403,
35191,2.61576,
35192,2.69918,
35193,2.86121,
35194,2.67004,
35195,2.75571,
35196,2.68999,
35197,2.58272,
35198,2.68734,
35199,2.70085,
35200,2.82921,
35201,2.73696,
35202,2.70235,
35203,2.76281,
35204,2.76915,
35205,2.64474,
35206,2.48308,
35207,2.66878,
35208,2.59084,
35209,2.71581,
35210,2.67839,
35211,2.46056,
35212,2.73512,
35213,2.85144,
35214,2.73538,
35215,2.68413,
35216,2.58305,
35217,2.83536,
35218,2.69347,
35219,2.41582,
35220,2.71511,
35221,2.70002,
35222,2.84666,
35223,2.60356,
35224,2.57463,
35225,2.6835,
35226,2.59526,
35227,2.5641,
35228,2.66576,
35229,2.63192,
35230,2.77153,
35231,2.78305,
35232,2.77744,
35233,2.55825,
35234,2.7091,
35235,2.61974,
35236,2.79107,
35237,2.80021,
35238,2.75674,
35239,2.75032,
35240,2.9335,
35241,2.68909,
35242,2.81791,
35243,2.74603,
35244,2.58692,
35245,2.84302,
35246,2.74591,
35247,2.90111,
35248,2.7158,
35249,2.47234,
35250,2.56169,
35251,2.71386,
35252,2.5881,
35253,2.61393,
35254,2.46573,
35255,2.57393,
35256,2.8168,
35257,2.76284,
35258,2.7195,
35259,2.88559,
35260,2.68733,
35261,2.74577,
35262,2.70472,
35263,2.85565,
35264,2.86625,
35265,2.86309,
35266,2.80617,
35267,2.79568,
35268,2.77589,
35269,2.71724,
35270,2.85268,
35271,2.53317,
35272,2.63395,
35273,2.82653,
35274,2.7263,
35275,2.73848,
35276,2.53718,
35277,2.67339,
35278,2.83799,
35279,2.51866,
35280,2.6639,
35281,2.60488,
35282,2.53807,
35283,2.6733,
35284,2.50116,
35285,2.56623,
35286,2.57899,
35287,2.73218,
35288,2.63535,
35289,2.74515,
35290,2.78155,
35291,2.76569,
35292,2.58808,
35293,2.68897,
35294,2.5542,
35295,2.68888,
35296,2.54019,
35297,2.79541,
35298,2.75111,
35299,2.76779,
35300,2.80244,
35301,2.7653,
35302,2.63393,
35303,2.79174,
35304,2.71477,
35305,2.74958,
35306,2.784,
35307,2.8847,
35308,3.00008,
35309,2.87973,
35310,2.78108,
35311,2.76232,
35312,2.68512,
35313,2.6804,
35314,2.53491,
35315,2.6394,
35316,2.51764,
35317,2.72401,
35318,2.58901,
35319,2.80713,
35320,2.65587,
35321,2.74657,
35322,2.89519,
35323,2.81295,
35324,3.01185,
35325,2.65215,
35326,2.53518,
35327,2.81742,
35328,2.49658,
35329,2.78757,
35330,2.61397,
35331,2.83642,
35332,2.91881,
35333,2.93513,
35334,2.60982,
35335,2.88438,
35336,2.77157,
35337,2.74424,
35338,2.76699,
35339,2.85569,
35340,2.62704,
35341,2.91542,
35342,2.49705,
35343,2.83213,
35344,2.77111,
35345,2.90167,
35346,2.71234,
35347,2.85492,
35348,2.88193,
35349,2.66611,
35350,2.84313,
35351,2.56843,
35352,2.68924,
35353,2.6895,
35354,2.95225,
35355,2.95468,
35356,2.54278,
35357,2.74932,
35358,2.70129,
35359,2.83499,
35360,2.83133,
35361,3.00932,
35362,2.77743,
35363,2.73055,
35364,2.82309,
35365,2.86639,
35366,2.6742,
35367,2.65829,
35368,2.60595,
35369,2.7194,
35370,2.90612,
35371,2.90712,
35372,2.83448,
35373,2.80265,
35374,2.75604,
35375,2.55834,
35376,2.82356,
35377,2.68008,
35378,2.82307,
35379,2.74384,
35380,2.74744,
35381,2.76163,
35382,2.87351,
35383,2.83591,
35384,2.69824,
35385,2.71803,
35386,2.82706,
35387,2.62844,
35388,2.96102,
35389,2.81054,
35390,2.72089,
35391,2.65128,
35392,2.789,
35393,2.79912,
35394,2.68444,
35395,2.60841,
35396,2.91303,
35397,2.64308,
35398,2.60456,
35399,2.74308,
35400,2.60481,
35401,2.54163,
35402,2.80825,
35403,2.86349,
35404,2.67557,
35405,2.63017,
35406,2.60139,
35407,2.78934,
35408,2.86182,
35409,2.46838,
35410,2.75889,
35411,2.69355,
35412,2.77921,
35413,2.77001,
35414,2.8273,
35415,2.59004,
35416,2.65265,
35417,2.76782,
35418,2.39623,
35419,2.43661,
35420,2.87858,
35421,2.69658,
35422,2.7993,
35423,2.5424,
35424,2.51986,
35425,2.7717,
35426,2.64587,
35427,2.54278,
35428,2.87009,
35429,2.78546,
35430,2.53495,
35431,2.6915,
35432,2.54882,
35433,2.64019,
35434,2.59842,
35435,2.47103,
35436,2.71548,
35437,2.62974,
35438,2.82789,
35439,2.86816,
35440,2.76739,
35441,2.82265,
35442,2.6399,
35443,2.75125,
35444,2.87922,
35445,2.79654,
35446,2.88746,
35447,2.94711,
35448,3.03145,
35449,3.7243,
35450,2.70055,
35451,2.77655,
35452,2.7909,
35453,2.80386,
35454,2.61341,
35455,2.84722,
35456,2.76645,
35457,2.751,
35458,2.73373,
35459,3.18038,
35460,2.77547,
35461,2.76353,
35462,2.42307,
35463,2.56209,
35464,2.82574,
35465,2.80299,
35466,2.8897,
35467,3.06097,
35468,2.85174,
35469,2.70348,
35470,2.79989,
35471,2.71507,
35472,2.91719,
35473,2.70972,
35474,2.69726,
35475,2.86801,
35476,2.84121,
35477,2.71646,
35478,2.6768,
35479,2.58963,
35480,2.64795,
35481,2.70397,
35482,2.63586,
35483,2.46399,
35484,2.82997,
35485,2.68871,
35486,2.55185,
35487,2.57377,
35488,2.65393,
35489,2.75701,
35490,2.71563,
35491,2.7212,
35492,2.74637,
35493,2.4501,
35494,2.69203,
35495,2.44143,
35496,2.76887,
35497,2.58984,
35498,2.64215,
35499,2.50189,
35500,2.67809,
35501,2.63867,
35502,2.62477,
35503,2.54931,
35504,2.49978,
35505,2.65727,
35506,2.65695,
35507,2.35189,
35508,2.48971,
35509,2.46938,
35510,2.66605,
35511,2.68421,
35512,2.61647,
35513,2.64268,
35514,2.69781,
35515,2.78628,
35516,2.48334,
35517,2.82221,
35518,2.66241,
35519,2.66833,
35520,2.62952,
35521,2.73912,
35522,2.82866,
35523,2.77403,
35524,2.63473,
35525,2.53454,
35526,2.93078,
35527,2.75421,
35528,2.7683,
35529,2.72942,
35530,2.55568,
35531,2.61342,
35532,2.75969,
35533,2.2796,
35534,2.46068,
35535,2.31589,
35536,2.52373,
35537,2.62839,
35538,2.73059,
35539,2.71524,
35540,2.70965,
35541,2.66372,
35542,2.5112,
35543,2.59975,
35544,2.70537,
35545,2.83727,
35546,2.67342,
35547,2.5655,
35548,2.27349,
35549,2.36331,
35550,2.76741,
35551,2.46808,
35552,2.66966,
35553,2.45555,
35554,2.61372,
35555,2.46542,
35556,2.45966,
35557,2.50149,
35558,2.50865,
35559,2.45337,
35560,2.43724,
35561,2.53392,
35562,2.71632,
35563,2.42409,
35564,2.65495,
35565,2.52394,
35566,2.89678,
35567,2.87347,
35568,2.81303,
35569,2.95229,
35570,2.9016,
35571,2.82748,
35572,2.62879,
35573,2.4866,
35574,2.79434,
35575,2.65136,
35576,2.66473,
35577,2.80137,
35578,2.72523,
35579,2.81383,
35580,2.7278,
35581,2.71549,
35582,2.60646,
35583,2.69106,
35584,2.85225,
35585,2.76269,
35586,2.72593,
35587,2.68091,
35588,2.58407,
35589,2.88352,
35590,2.62791,
35591,2.6123,
35592,2.72547,
35593,2.71917,
35594,2.63644,
35595,3.02096,
35596,2.8553,
35597,2.73159,
35598,2.65986,
35599,2.91497,
35600,2.84301,
35601,2.72451,
35602,2.7952,
35603,2.75669,
35604,2.73641,
35605,2.77329,
35606,2.72838,
35607,2.66786,
35608,2.50298,
35609,2.67287,
35610,2.69506,
35611,2.67337,
35612,2.41361,
35613,2.52764,
35614,2.3161,
35615,2.64993,
35616,2.67725,
35617,2.3947,
35618,2.56408,
35619,2.50557,
35620,2.70603,
35621,2.52959,
35622,2.53279,
35623,2.30724,
35624,2.66128,
35625,2.7359,
35626,2.73586,
35627,2.66399,
35628,2.80828,
35629,2.75205,
35630,2.84063,
35631,2.78706,
35632,2.80194,
35633,2.82467,
35634,2.68734,
35635,2.7112,
35636,2.47728,
35637,2.77168,
35638,2.68653,
35639,2.77947,
35640,2.72327,
35641,2.60254,
35642,2.72779,
35643,2.60339,
35644,2.64002,
35645,2.77587,
35646,2.87793,
35647,2.61326,
35648,2.60522,
35649,2.59231,
35650,2.82695,
35651,2.81869,
35652,2.88638,
35653,2.67265,
35654,2.9249,
35655,2.70851,
35656,2.80441,
35657,2.95084,
35658,2.76014,
35659,2.65313,
35660,2.57645,
35661,2.84046,
35662,2.88581,
35663,2.7582,
35664,2.77751,
35665,2.76682,
35666,2.93834,
35667,2.84192,
35668,3.01561,
35669,2.65394,
35670,2.72569,
35671,2.52353,
35672,2.68022,
35673,2.71693,
35674,2.68893,
35675,2.69041,
35676,2.87294,
35677,2.79817,
35678,2.70475,
35679,2.5062,
35680,2.64306,
35681,2.66873,
35682,2.73904,
35683,2.66626,
35684,2.87656,
35685,2.85984,
35686,2.89385,
35687,2.72594,
35688,2.6807,
35689,2.83903,
35690,2.56446,
35691,2.90377,
35692,2.82994,
35693,2.83509,
35694,2.84648,
35695,3.00991,
35696,3.11934,
35697,2.78301,
35698,2.79486,
35699,2.81932,
35700,2.97888,
35701,3.00321,
35702,2.82686,
35703,2.78761,
35704,2.80107,
35705,2.66124,
35706,2.79432,
35707,2.76734,
35708,2.78392,
35709,2.58742,
35710,2.58516,
35711,2.78744,
35712,3.02452,
35713,3.15559,
35714,3.16375,
35715,3.10436,
35716,3.14578,
35717,3.1776,
35718,3.08127,
35719,3.05812,
35720,3.11058,
35721,3.05915,
35722,3.09539,
35723,3.06839,
35724,3.05137,
35725,2.98934,
35726,3.07693,
35727,3.09972,
35728,3.07663,
35729,3.02948,
35730,2.95303,
35731,2.67213,
35732,2.92539,
35733,2.7713,
35734,2.7482,
35735,2.81002,
35736,2.8292,
35737,2.72583,
35738,2.85167,
35739,2.6146,
35740,2.72527,
35741,2.78993,
35742,2.63861,
35743,2.5642,
35744,2.81213,
35745,2.89022,
35746,2.81475,
35747,2.61654,
35748,2.78711,
35749,2.80152,
35750,2.70673,
35751,2.67227,
35752,2.73309,
35753,2.60852,
35754,2.71616,
35755,2.65069,
35756,2.58407,
35757,2.89618,
35758,2.81344,
35759,2.75881,
35760,2.73636,
35761,2.66802,
35762,2.66272,
35763,2.57575,
35764,2.69203,
35765,2.79969,
35766,2.69576,
35767,2.60065,
35768,2.81212,
35769,2.68821,
35770,2.64644,
35771,2.70814,
35772,2.51109,
35773,2.52561,
35774,2.78702,
35775,2.45512,
35776,2.58928,
35777,2.60606,
35778,2.66797,
35779,2.61299,
35780,2.56224,
35781,2.67567,
35782,2.53875,
35783,2.54702,
35784,2.66914,
35785,2.7185,
35786,2.71222,
35787,2.70863,
35788,2.58279,
35789,2.74827,
35790,2.59945,
35791,2.6807,
35792,2.6695,
35793,2.69164,
35794,2.88801,
35795,2.6283,
35796,2.55662,
35797,2.70962,
35798,2.55057,
35799,2.48653,
35800,2.64841,
35801,2.89342,
35802,2.44128,
35803,2.41825,
35804,2.70068,
35805,2.49063,
35806,2.63942,
35807,2.58093,
35808,2.51107,
35809,2.45399,
35810,2.77216,
35811,2.70281,
35812,2.76804,
35813,2.67044,
35814,2.88774,
35815,2.78786,
35816,2.87725,
35817,2.73379,
35818,2.69802,
35819,2.79914,
35820,2.72696,
35821,2.75492,
35822,2.742,
35823,2.73499,
35824,2.77821,
35825,2.50043,
35826,2.68091,
35827,2.72366,
35828,2.77173,
35829,2.74846,
35830,2.41969,
35831,2.67034,
35832,2.74279,
35833,2.61501,
35834,2.34407,
35835,2.5323,
35836,2.58575,
35837,2.57039,
35838,2.62941,
35839,2.32107,
35840,2.48412,
35841,2.46394,
35842,2.59866,
35843,2.661,
35844,2.91563,
35845,3.0212,
35846,2.79303,
35847,2.7688,
35848,2.90187,
35849,2.93597,
35850,2.68625,
35851,2.80797,
35852,2.7103,
35853,2.72212,
35854,2.64369,
35855,2.92551,
35856,2.69547,
35857,2.72608,
35858,2.83062,
35859,2.82335,
35860,2.74697,
35861,2.81369,
35862,2.64502,
35863,2.81327,
35864,2.73237,
35865,2.6909,
35866,2.64464,
35867,2.66007,
35868,2.5195,
35869,2.81649,
35870,2.81895,
35871,2.66888,
35872,2.75603,
35873,2.72716,
35874,2.76719,
35875,2.90661,
35876,2.81432,
35877,2.6952,
35878,2.7083,
35879,2.7878,
35880,2.56609,
35881,2.69007,
35882,2.74921,
35883,2.84552,
35884,2.63162,
35885,2.69605,
35886,2.66949,
35887,2.75729,
35888,2.71897,
35889,2.80273,
35890,2.55942,
35891,2.7241,
35892,2.66967,
35893,2.55427,
35894,2.73124,
35895,2.85199,
35896,2.70518,
35897,2.42305,
35898,2.67902,
35899,2.70345,
35900,2.67035,
35901,2.63619,
35902,2.52631,
35903,2.65422,
35904,2.59794,
35905,2.6841,
35906,2.38972,
35907,2.44417,
35908,2.51732,
35909,2.62905,
35910,2.62503,
35911,2.56084,
35912,2.38049,
35913,2.58331,
35914,2.49247,
35915,2.58281,
35916,2.45902,
35917,2.50617,
35918,2.7432,
35919,2.63961,
35920,2.67021,
35921,2.40548,
35922,2.57699,
35923,2.4884,
35924,2.56583,
35925,2.71049,
35926,2.41162,
35927,2.53697,
35928,2.45973,
35929,2.37509,
35930,2.55516,
35931,2.53652,
35932,2.51079,
35933,2.51626,
35934,2.71654,
35935,2.51191,
35936,2.54738,
35937,2.72011,
35938,2.81837,
35939,2.72253,
35940,2.75011,
35941,2.99681,
35942,2.75861,
35943,2.6608,
35944,2.89101,
35945,2.71173,
35946,2.8237,
35947,2.87051,
35948,2.7668,
35949,2.78019,
35950,2.77162,
35951,2.51358,
35952,2.77408,
35953,2.73574,
35954,2.58175,
35955,2.72378,
35956,2.66316,
35957,2.52714,
35958,2.68146,
35959,2.71318,
35960,2.52331,
35961,2.62082,
35962,2.69802,
35963,2.76881,
35964,2.63093,
35965,2.70373,
35966,2.63053,
35967,2.90186,
35968,3.00514,
35969,3.03923,
35970,3.05985,
35971,3.06997,
35972,3.01989,
35973,3.006,
35974,3.08208,
35975,2.94236,
35976,3.03369,
35977,3.05265,
35978,3.03322,
35979,2.90016,
35980,3.00821,
35981,2.97839,
35982,3.00377,
35983,3.06269,
35984,2.98538,
35985,3.00361,
35986,2.93678,
35987,3.00739,
35988,2.73246,
35989,2.94491,
35990,2.43199,
35991,2.52505,
35992,2.45121,
35993,2.32328,
35994,2.42415,
35995,2.37584,
35996,2.69221,
35997,2.26593,
35998,2.48187,
35999,2.39867,
36000,2.50055,
36001,2.50181,
36002,2.26898,
36003,2.3359,
36004,2.52309,
36005,2.657,
36006,2.6135,
36007,2.31681,
36008,2.29104,
36009,2.8571,
36010,2.95241,
36011,2.82241,
36012,2.87877,
36013,2.83771,
36014,2.83865,
36015,2.74665,
36016,2.52985,
36017,2.67187,
36018,2.79893,
36019,2.70788,
36020,2.76481,
36021,2.84532,
36022,2.9019,
36023,2.82462,
36024,2.71739,
36025,2.59145,
36026,2.78111,
36027,2.67976,
36028,2.66385,
36029,2.46188,
36030,2.49588,
36031,2.45472,
36032,2.61912,
36033,2.71854,
36034,2.62935,
36035,2.63737,
36036,2.62703,
36037,2.68392,
36038,2.62357,
36039,2.79839,
36040,2.60511,
36041,2.56328,
36042,2.70629,
36043,2.47424,
36044,2.55907,
36045,2.55674,
36046,2.68545,
36047,2.81422,
36048,2.63987,
36049,2.50548,
36050,2.46785,
36051,2.40172,
36052,2.29125,
36053,2.35735,
36054,2.40215,
36055,2.6069,
36056,2.2863,
36057,2.41792,
36058,2.4469,
36059,2.68692,
36060,2.58293,
36061,2.79315,
36062,2.47339,
36063,2.82503,
36064,2.61179,
36065,2.78966,
36066,2.8889,
36067,2.77215,
36068,2.94265,
36069,2.78489,
36070,2.73724,
36071,2.83005,
36072,2.78725,
36073,2.62707,
36074,2.51707,
36075,2.53979,
36076,2.66601,
36077,2.64828,
36078,2.65597,
36079,2.70941,
36080,2.60649,
36081,2.75528,
36082,2.52688,
36083,2.7531,
36084,2.71462,
36085,2.52726,
36086,2.4877,
36087,2.72296,
36088,2.4395,
36089,2.51694,
36090,2.45996,
36091,2.2846,
36092,2.3988,
36093,2.48055,
36094,2.78637,
36095,2.81002,
36096,2.99356,
36097,3.01693,
36098,2.93177,
36099,2.91017,
36100,2.61534,
36101,2.70164,
36102,2.64795,
36103,2.82747,
36104,3.0591,
36105,2.77378,
36106,2.83844,
36107,2.66777,
36108,2.62422,
36109,2.92968,
36110,2.89522,
36111,2.96023,
36112,2.78392,
36113,2.9849,
36114,2.69763,
36115,2.7535,
36116,2.67795,
36117,2.7488,
36118,2.6245,
36119,2.65087,
36120,2.59285,
36121,2.55718,
36122,2.82259,
36123,2.50904,
36124,2.59996,
36125,2.68198,
36126,2.71551,
36127,2.76332,
36128,2.64748,
36129,2.67927,
36130,2.58702,
36131,2.54118,
36132,2.50137,
36133,2.54288,
36134,2.65607,
36135,2.41733,
36136,2.49072,
36137,2.71673,
36138,2.57949,
36139,2.90343,
36140,3.00918,
36141,2.88245,
36142,3.05335,
36143,2.96947,
36144,2.92648,
36145,2.75385,
36146,2.88435,
36147,2.64582,
36148,2.68438,
36149,2.59854,
36150,2.61595,
36151,2.93499,
36152,2.88057,
36153,2.78748,
36154,2.88263,
36155,2.84436,
36156,2.63983,
36157,2.68502,
36158,2.73982,
36159,2.54496,
36160,2.68254,
36161,2.83477,
36162,2.80686,
36163,2.89491,
36164,3.00877,
36165,3.01021,
36166,2.47119,
36167,2.67901,
36168,2.79204,
36169,2.81849,
36170,2.7322,
36171,2.78933,
36172,2.95619,
36173,2.82603,
36174,2.96319,
36175,2.74473,
36176,2.69125,
36177,2.90008,
36178,2.59486,
36179,2.76886,
36180,2.80916,
36181,2.73858,
36182,2.7179,
36183,2.77776,
36184,2.97264,
36185,2.83335,
36186,2.84969,
36187,2.77892,
36188,2.89983,
36189,2.85747,
36190,2.78235,
36191,2.69809,
36192,2.8034,
36193,2.74684,
36194,2.59207,
36195,2.7034,
36196,2.68219,
36197,2.78365,
36198,2.74807,
36199,2.82623,
36200,2.57196,
36201,2.73223,
36202,2.66268,
36203,2.7342,
36204,2.57156,
36205,2.56446,
36206,2.81523,
36207,2.64139,
36208,2.76822,
36209,1.67627,
36210,2.74143,
36211,2.79934,
36212,2.89771,
36213,2.95771,
36214,3.16473,
36215,2.86922,
36216,2.86638,
36217,2.81029,
36218,2.85608,
36219,2.78284,
36220,2.94292,
36221,2.89966,
36222,2.74537,
36223,2.73823,
36224,2.73072,
36225,2.91318,
36226,2.66028,
36227,2.82248,
36228,2.88741,
36229,2.74418,
36230,2.75224,
36231,2.7009,
36232,2.76001,
36233,2.83433,
36234,2.83256,
36235,2.8222,
36236,2.85029,
36237,2.68453,
36238,2.94949,
36239,2.91967,
36240,2.7185,
36241,2.83369,
36242,2.6541,
36243,2.60149,
36244,2.60066,
36245,2.44755,
36246,2.77477,
36247,2.55402,
36248,2.60133,
36249,2.66154,
36250,2.81581,
36251,2.67041,
36252,2.56803,
36253,2.63018,
36254,2.58487,
36255,2.80028,
36256,2.62362,
36257,2.67883,
36258,2.83085,
36259,2.65898,
36260,2.75448,
36261,2.67472,
36262,2.58623,
36263,2.69093,
36264,2.70514,
36265,2.83391,
36266,2.74374,
36267,2.70017,
36268,2.74496,
36269,2.79116,
36270,2.63894,
36271,2.45936,
36272,2.66623,
36273,2.59004,
36274,2.70174,
36275,2.66866,
36276,2.45418,
36277,2.74033,
36278,2.83285,
36279,2.72744,
36280,2.67265,
36281,2.58578,
36282,2.83088,
36283,2.67617,
36284,2.39738,
36285,2.70512,
36286,2.70134,
36287,2.8355,
36288,2.61481,
36289,2.5625,
36290,2.66299,
36291,2.5644,
36292,2.55685,
36293,2.66075,
36294,2.6317,
36295,2.75809,
36296,2.78574,
36297,2.76713,
36298,2.5589,
36299,2.69677,
36300,2.61085,
36301,2.80285,
36302,2.79954,
36303,2.75349,
36304,2.75571,
36305,2.94455,
36306,2.6936,
36307,2.81355,
36308,2.75767,
36309,2.58872,
36310,2.84545,
36311,2.72979,
36312,2.90411,
36313,2.70425,
36314,2.46988,
36315,2.55343,
36316,2.71927,
36317,2.58185,
36318,2.60844,
36319,2.46828,
36320,2.57136,
36321,2.80436,
36322,2.75691,
36323,2.71131,
36324,2.88909,
36325,2.69415,
36326,2.7394,
36327,2.7222,
36328,2.84776,
36329,2.85476,
36330,2.85396,
36331,2.80653,
36332,2.78461,
36333,2.78011,
36334,2.7188,
36335,2.8495,
36336,2.52293,
36337,2.62168,
36338,2.81733,
36339,2.72198,
36340,2.73576,
36341,2.5373,
36342,2.66839,
36343,2.82746,
36344,2.51597,
36345,2.66004,
36346,2.59386,
36347,2.53038,
36348,2.67138,
36349,2.51165,
36350,2.57821,
36351,2.59312,
36352,2.71973,
36353,2.63105,
36354,2.74752,
36355,2.77802,
36356,2.76158,
36357,2.59442,
36358,2.6865,
36359,2.5505,
36360,2.68699,
36361,2.54746,
36362,2.78342,
36363,2.74231,
36364,2.76579,
36365,2.81487,
36366,2.7645,
36367,2.64043,
36368,2.77036,
36369,2.72101,
36370,2.76126,
36371,2.79041,
36372,2.87984,
36373,2.98373,
36374,2.88315,
36375,2.77609,
36376,2.7647,
36377,2.68387,
36378,2.68096,
36379,2.53783,
36380,2.64692,
36381,2.51185,
36382,2.73332,
36383,2.57366,
36384,2.82891,
36385,2.64713,
36386,2.74343,
36387,2.89729,
36388,2.80966,
36389,3.01067,
36390,2.65158,
36391,2.53518,
36392,2.80966,
36393,2.51005,
36394,2.7739,
36395,2.61303,
36396,2.82394,
36397,2.91778,
36398,2.92238,
36399,2.61794,
36400,2.88924,
36401,2.77232,
36402,2.74268,
36403,2.75661,
36404,2.83197,
36405,2.62722,
36406,2.89632,
36407,2.50318,
36408,2.82914,
36409,2.77134,
36410,2.89892,
36411,2.71798,
36412,2.85288,
36413,2.87693,
36414,2.65914,
36415,2.84176,
36416,2.5718,
36417,2.68579,
36418,2.68806,
36419,2.94626,
36420,2.94226,
36421,2.54579,
36422,2.76004,
36423,2.70315,
36424,2.84129,
36425,2.84318,
36426,3.01305,
36427,2.7631,
36428,2.72413,
36429,2.81929,
36430,2.84964,
36431,2.67686,
36432,2.66737,
36433,2.60467,
36434,2.71153,
36435,2.89713,
36436,2.89913,
36437,2.81434,
36438,2.79114,
36439,2.76421,
36440,2.54941,
36441,2.83356,
36442,2.67613,
36443,2.8261,
36444,2.73145,
36445,2.73709,
36446,2.74595,
36447,2.86807,
36448,2.81345,
36449,2.70909,
36450,2.72111,
36451,2.83059,
36452,2.61104,
36453,2.96305,
36454,2.80271,
36455,2.72542,
36456,2.64732,
36457,2.79853,
36458,2.78842,
36459,2.66084,
36460,2.61227,
36461,2.88624,
36462,2.63738,
36463,2.61287,
36464,2.72793,
36465,2.60065,
36466,2.53744,
36467,2.79741,
36468,2.86449,
36469,2.67695,
36470,2.63502,
36471,2.58873,
36472,2.79057,
36473,2.85357,
36474,2.47287,
36475,2.75836,
36476,2.68659,
36477,2.77763,
36478,2.77847,
36479,2.83084,
36480,2.58843,
36481,2.64738,
36482,2.77106,
36483,2.4323,
36484,2.43228,
36485,2.89033,
36486,2.69463,
36487,2.79047,
36488,2.54883,
36489,2.51041,
36490,2.76572,
36491,2.66013,
36492,2.54005,
36493,2.86677,
36494,2.76533,
36495,2.52337,
36496,2.69141,
36497,2.54057,
36498,2.63769,
36499,2.60527,
36500,2.45415,
36501,2.71575,
36502,2.63102,
36503,2.83493,
36504,2.87914,
36505,2.76354,
36506,2.81638,
36507,2.63215,
36508,2.7505,
36509,2.87021,
36510,2.7971,
36511,2.8785,
36512,2.94367,
36513,3.02831,
36514,3.71319,
36515,2.69445,
36516,2.77477,
36517,2.78607,
36518,2.82814,
36519,2.61309,
36520,2.84618,
36521,2.75631,
36522,2.73898,
36523,2.72724,
36524,3.18057,
36525,2.77028,
36526,2.76635,
36527,2.41772,
36528,2.55513,
36529,2.82178,
36530,2.79376,
36531,2.882,
36532,3.06157,
36533,2.85386,
36534,2.68947,
36535,2.81481,
36536,2.71142,
36537,2.91446,
36538,2.70261,
36539,2.69037,
36540,2.87619,
36541,2.82614,
36542,2.70419,
36543,2.65562,
36544,2.57673,
36545,2.63818,
36546,2.70081,
36547,2.63421,
36548,2.45126,
36549,2.8147,
36550,2.68584,
36551,2.55713,
36552,2.56375,
36553,2.66004,
36554,2.76005,
36555,2.7358,
36556,2.72103,
36557,2.73893,
36558,2.42577,
36559,2.68325,
36560,2.41767,
36561,2.76424,
36562,2.60863,
36563,2.64769,
36564,2.49404,
36565,2.66654,
36566,2.63577,
36567,2.63158,
36568,2.54249,
36569,2.49084,
36570,2.65834,
36571,2.63879,
36572,2.3646,
36573,2.47319,
36574,2.46692,
36575,2.65279,
36576,2.69424,
36577,2.61225,
36578,2.63971,
36579,2.69091,
36580,2.79504,
36581,2.49282,
36582,2.8167,
36583,2.66787,
36584,2.67369,
36585,2.63322,
36586,2.72364,
36587,2.82461,
36588,2.77506,
36589,2.64743,
36590,2.53456,
36591,2.93429,
36592,2.7534,
36593,2.77603,
36594,2.72372,
36595,2.55886,
36596,2.61205,
36597,2.76095,
36598,2.2906,
36599,2.45025,
36600,2.30638,
36601,2.50709,
36602,2.63539,
36603,2.71942,
36604,2.72236,
36605,2.70682,
36606,2.67007,
36607,2.5097,
36608,2.59252,
36609,2.70863,
36610,2.83255,
36611,2.65296,
36612,2.55826,
36613,2.27348,
36614,2.34849,
36615,2.7467,
36616,2.47561,
36617,2.66161,
36618,2.45589,
36619,2.61554,
36620,2.45031,
36621,2.45434,
36622,2.48123,
36623,2.49364,
36624,2.44881,
36625,2.44028,
36626,2.53215,
36627,2.70944,
36628,2.42849,
36629,2.64841,
36630,2.52945,
36631,2.88712,
36632,2.86638,
36633,2.80151,
36634,2.93444,
36635,2.89268,
36636,2.82405,
36637,2.6335,
36638,2.49494,
36639,2.77824,
36640,2.6424,
36641,2.66536,
36642,2.79057,
36643,2.7009,
36644,2.81338,
36645,2.73965,
36646,2.71563,
36647,2.60148,
36648,2.6729,
36649,2.84914,
36650,2.75943,
36651,2.72567,
36652,2.67696,
36653,2.57085,
36654,2.8468,
36655,2.61574,
36656,2.61007,
36657,2.70549,
36658,2.7051,
36659,2.6441,
36660,3.00509,
36661,2.84961,
36662,2.73718,
36663,2.65887,
36664,2.90119,
36665,2.83592,
36666,2.71588,
36667,2.7959,
36668,2.73123,
36669,2.72127,
36670,2.76718,
36671,2.71738,
36672,2.66075,
36673,2.48474,
36674,2.68034,
36675,2.69904,
36676,2.67835,
36677,2.40906,
36678,2.5297,
36679,2.31024,
36680,2.64545,
36681,2.67777,
36682,2.39271,
36683,2.55497,
36684,2.49463,
36685,2.69083,
36686,2.52671,
36687,2.52942,
36688,2.3059,
36689,2.65727,
36690,2.71548,
36691,2.71259,
36692,2.67789,
36693,2.81154,
36694,2.73301,
36695,2.83706,
36696,2.78171,
36697,2.80666,
36698,2.82862,
36699,2.70577,
36700,2.70904,
36701,2.48499,
36702,2.76359,
36703,2.67793,
36704,2.78317,
36705,2.71436,
36706,2.5998,
36707,2.71325,
36708,2.59736,
36709,2.6428,
36710,2.79378,
36711,2.87477,
36712,2.59775,
36713,2.61243,
36714,2.60027,
36715,2.8173,
36716,2.82226,
36717,2.87455,
36718,2.66405,
36719,2.89967,
36720,2.70802,
36721,2.79702,
36722,2.94974,
36723,2.74838,
36724,2.64731,
36725,2.58825,
36726,2.84075,
36727,2.86473,
36728,2.74867,
36729,2.79501,
36730,2.77125,
36731,2.9352,
36732,2.83957,
36733,3.02336,
36734,2.64805,
36735,2.72329,
36736,2.50342,
36737,2.66464,
36738,2.72558,
36739,2.68205,
36740,2.6956,
36741,2.84886,
36742,2.79497,
36743,2.70047,
36744,2.4957,
36745,2.64521,
36746,2.65523,
36747,2.73321,
36748,2.66248,
36749,2.86477,
36750,2.85085,
36751,2.8826,
36752,2.71771,
36753,2.67246,
36754,2.83586,
36755,2.56071,
36756,2.89772,
36757,2.81874,
36758,2.83007,
36759,2.82578,
36760,3.00617,
36761,3.11452,
36762,2.78561,
36763,2.78732,
36764,2.81652,
36765,2.98236,
36766,3.0287,
36767,2.81674,
36768,2.78012,
36769,2.79897,
36770,2.64899,
36771,2.78846,
36772,2.76324,
36773,2.77301,
36774,2.56411,
36775,2.58892,
36776,2.79182,
36777,3.02997,
36778,3.14509,
36779,3.16757,
36780,3.10463,
36781,3.10725,
36782,3.16142,
36783,3.06634,
36784,3.0665,
36785,3.11046,
36786,3.05451,
36787,3.08363,
36788,3.05357,
36789,3.05682,
36790,2.99648,
36791,3.08554,
36792,3.06919,
36793,3.06684,
36794,3.0159,
36795,2.95686,
36796,2.67106,
36797,2.92057,
36798,2.78334,
36799,2.74797,
36800,2.81206,
36801,2.82258,
36802,2.70591,
36803,2.84896,
36804,2.59276,
36805,2.70064,
36806,2.78333,
36807,2.64008,
36808,2.53342,
36809,2.81479,
36810,2.90424,
36811,2.81692,
36812,2.61914,
36813,2.79144,
36814,2.79054,
36815,2.69204,
36816,2.67428,
36817,2.71986,
36818,2.60069,
36819,2.70476,
36820,2.64465,
36821,2.56989,
36822,2.87246,
36823,2.80366,
36824,2.73236,
36825,2.72751,
36826,2.64817,
36827,2.65858,
36828,2.56583,
36829,2.68847,
36830,2.78445,
36831,2.70061,
36832,2.5994,
36833,2.80293,
36834,2.69985,
36835,2.64467,
36836,2.70137,
36837,2.52004,
36838,2.52139,
36839,2.80296,
36840,2.46977,
36841,2.58593,
36842,2.59968,
36843,2.67491,
36844,2.60461,
36845,2.55272,
36846,2.67104,
36847,2.53532,
36848,2.54793,
36849,2.65812,
36850,2.71172,
36851,2.69976,
36852,2.71227,
36853,2.57921,
36854,2.74784,
36855,2.58956,
36856,2.6814,
36857,2.67765,
36858,2.68574,
36859,2.88175,
36860,2.62468,
36861,2.54897,
36862,2.70912,
36863,2.56121,
36864,2.48814,
36865,2.63734,
36866,2.87575,
36867,2.43604,
36868,2.43002,
36869,2.7178,
36870,2.48589,
36871,2.64007,
36872,2.60964,
36873,2.51534,
36874,2.4579,
36875,2.76285,
36876,2.70446,
36877,2.76128,
36878,2.67154,
36879,2.88172,
36880,2.78376,
36881,2.87849,
36882,2.7274,
36883,2.71044,
36884,2.79896,
36885,2.72563,
36886,2.74468,
36887,2.74038,
36888,2.73631,
36889,2.76323,
36890,2.48284,
36891,2.68942,
36892,2.73041,
36893,2.77662,
36894,2.73695,
36895,2.39575,
36896,2.66641,
36897,2.71555,
36898,2.61909,
36899,2.34559,
36900,2.54276,
36901,2.57964,
36902,2.57741,
36903,2.6315,
36904,2.3385,
36905,2.47612,
36906,2.48914,
36907,2.60072,
36908,2.659,
36909,2.89752,
36910,3.00364,
36911,2.77634,
36912,2.77569,
36913,2.89501,
36914,2.92789,
36915,2.68638,
36916,2.80473,
36917,2.70384,
36918,2.71288,
36919,2.64341,
36920,2.9085,
36921,2.69739,
36922,2.72906,
36923,2.82314,
36924,2.83626,
36925,2.73978,
36926,2.80853,
36927,2.6524,
36928,2.81885,
36929,2.73381,
36930,2.68875,
36931,2.63805,
36932,2.66324,
36933,2.51158,
36934,2.83345,
36935,2.78753,
36936,2.65749,
36937,2.7531,
36938,2.72408,
36939,2.78254,
36940,2.89459,
36941,2.82175,
36942,2.71377,
36943,2.69512,
36944,2.77841,
36945,2.54557,
36946,2.69779,
36947,2.7518,
36948,2.86655,
36949,2.6431,
36950,2.69536,
36951,2.65502,
36952,2.75736,
36953,2.71181,
36954,2.79287,
36955,2.56081,
36956,2.72351,
36957,2.67455,
36958,2.55906,
36959,2.72516,
36960,2.83971,
36961,2.7122,
36962,2.40894,
36963,2.67136,
36964,2.6918,
36965,2.66484,
36966,2.63583,
36967,2.52532,
36968,2.63672,
36969,2.58353,
36970,2.67261,
36971,2.4045,
36972,2.44984,
36973,2.51218,
36974,2.61484,
36975,2.61656,
36976,2.57397,
36977,2.3968,
36978,2.57202,
36979,2.48454,
36980,2.59224,
36981,2.45931,
36982,2.53198,
36983,2.72623,
36984,2.6219,
36985,2.6825,
36986,2.39163,
36987,2.5749,
36988,2.48543,
36989,2.55747,
36990,2.70531,
36991,2.40764,
36992,2.53655,
36993,2.44759,
36994,2.38044,
36995,2.55414,
36996,2.52854,
36997,2.50398,
36998,2.51131,
36999,2.71291,
37000,2.50754,
37001,2.5448,
37002,2.73588,
37003,2.81927,
37004,2.71181,
37005,2.73785,
37006,2.99247,
37007,2.74002,
37008,2.64751,
37009,2.87947,
37010,2.70458,
37011,2.8212,
37012,2.86647,
37013,2.76138,
37014,2.76374,
37015,2.77895,
37016,2.51957,
37017,2.76518,
37018,2.72157,
37019,2.56052,
37020,2.73933,
37021,2.66033,
37022,2.52528,
37023,2.68231,
37024,2.69403,
37025,2.54073,
37026,2.61053,
37027,2.69206,
37028,2.76752,
37029,2.62346,
37030,2.71624,
37031,2.63085,
37032,2.90769,
37033,3.00355,
37034,3.02752,
37035,3.05154,
37036,3.06044,
37037,3.01941,
37038,3.0011,
37039,3.06764,
37040,2.92969,
37041,3.02921,
37042,3.05914,
37043,3.02869,
37044,2.90823,
37045,3.0011,
37046,2.99276,
37047,2.99981,
37048,3.07688,
37049,2.98135,
37050,2.99254,
37051,2.93274,
37052,3.00383,
37053,2.72865,
37054,2.93832,
37055,2.43894,
37056,2.51667,
37057,2.45004,
37058,2.32168,
37059,2.42403,
37060,2.37346,
37061,2.68359,
37062,2.27805,
37063,2.47611,
37064,2.40375,
37065,2.51482,
37066,2.49619,
37067,2.2542,
37068,2.32737,
37069,2.50046,
37070,2.65845,
37071,2.62442,
37072,2.31872,
37073,2.28511,
37074,2.86116,
37075,2.94652,
37076,2.8297,
37077,2.86371,
37078,2.82957,
37079,2.83338,
37080,2.75152,
37081,2.53135,
37082,2.65648,
37083,2.79518,
37084,2.70419,
37085,2.76005,
37086,2.84247,
37087,2.90276,
37088,2.8272,
37089,2.71686,
37090,2.58496,
37091,2.77363,
37092,2.68569,
37093,2.6559,
37094,2.47523,
37095,2.49907,
37096,2.44544,
37097,2.6239,
37098,2.72657,
37099,2.63856,
37100,2.63821,
37101,2.61947,
37102,2.69553,
37103,2.6293,
37104,2.79445,
37105,2.59118,
37106,2.54717,
37107,2.69718,
37108,2.46687,
37109,2.56233,
37110,2.54954,
37111,2.67503,
37112,2.81669,
37113,2.65021,
37114,2.49808,
37115,2.47827,
37116,2.39181,
37117,2.2938,
37118,2.36724,
37119,2.4052,
37120,2.62709,
37121,2.29228,
37122,2.41645,
37123,2.44106,
37124,2.68678,
37125,2.58083,
37126,2.78794,
37127,2.46444,
37128,2.82692,
37129,2.61507,
37130,2.78325,
37131,2.88171,
37132,2.76998,
37133,2.92781,
37134,2.78768,
37135,2.73142,
37136,2.80653,
37137,2.7785,
37138,2.61689,
37139,2.51595,
37140,2.53249,
37141,2.65715,
37142,2.63595,
37143,2.65747,
37144,2.70248,
37145,2.60395,
37146,2.74533,
37147,2.5174,
37148,2.74074,
37149,2.73417,
37150,2.52129,
37151,2.48835,
37152,2.71993,
37153,2.41523,
37154,2.50968,
37155,2.4576,
37156,2.28907,
37157,2.39744,
37158,2.48129,
37159,2.77842,
37160,2.83003,
37161,3.00338,
37162,3.00165,
37163,2.94676,
37164,2.9089,
37165,2.62947,
37166,2.69134,
37167,2.66867,
37168,2.83189,
37169,3.05958,
37170,2.77206,
37171,2.83469,
37172,2.67636,
37173,2.62163,
37174,2.92526,
37175,2.88614,
37176,2.95119,
37177,2.77613,
37178,2.98877,
37179,2.69766,
37180,2.7547,
37181,2.68345,
37182,2.76871,
37183,2.63014,
37184,2.65252,
37185,2.59227,
37186,2.56006,
37187,2.80962,
37188,2.50832,
37189,2.59996,
37190,2.6666,
37191,2.70997,
37192,2.75063,
37193,2.6319,
37194,2.68309,
37195,2.59163,
37196,2.54704,
37197,2.51205,
37198,2.53098,
37199,2.65149,
37200,2.4218,
37201,2.48117,
37202,2.72504,
37203,2.58724,
37204,2.88325,
37205,3.0021,
37206,2.88351,
37207,3.04152,
37208,2.96493,
37209,2.91728,
37210,2.76641,
37211,2.862,
37212,2.65257,
37213,2.70125,
37214,2.60919,
37215,2.61344,
37216,2.93216,
37217,2.88244,
37218,2.78458,
37219,2.88344,
37220,2.8394,
37221,2.63713,
37222,2.70123,
37223,2.75337,
37224,2.54556,
37225,2.67835,
37226,2.83373,
37227,2.80747,
37228,2.8844,
37229,3.00547,
37230,3.00105,
37231,2.47022,
37232,2.67606,
37233,2.78407,
37234,2.80724,
37235,2.73572,
37236,2.76654,
37237,2.94765,
37238,2.84905,
37239,2.96958,
37240,2.73716,
37241,2.69301,
37242,2.89261,
37243,2.59012,
37244,2.77123,
37245,2.81058,
37246,2.74142,
37247,2.72135,
37248,2.77165,
37249,2.98374,
37250,2.83528,
37251,2.83879,
37252,2.75363,
37253,2.8938,
37254,2.84686,
37255,2.77389,
37256,2.70841,
37257,2.80753,
37258,2.75022,
37259,2.58084,
37260,2.70041,
37261,2.67281,
37262,2.78927,
37263,2.7404,
37264,2.8258,
37265,2.58178,
37266,2.73242,
37267,2.65477,
37268,2.71751,
37269,2.57257,
37270,2.55201,
37271,2.8107,
37272,2.61905,
37273,2.75352,
37274,1.66557,
37275,2.75261,
37276,2.78964,
37277,2.88961,
37278,2.95562,
37279,3.15335,
37280,2.85567,
37281,2.87034,
37282,2.79294,
37283,2.84145,
37284,2.78917,
37285,2.9489,
37286,2.89702,
37287,2.73585,
37288,2.7273,
37289,2.71952,
37290,2.9198,
37291,2.66744,
37292,2.81516,
37293,2.87568,
37294,2.74259,
37295,2.74513,
37296,2.69679,
37297,2.75102,
37298,2.84239,
37299,2.82953,
37300,2.8197,
37301,2.83757,
37302,2.67147,
37303,2.93817,
37304,2.91875,
37305,2.70548,
37306,2.8257,
37307,2.64602,
37308,2.59683,
37309,2.60905,
37310,2.44568,
37311,2.76086,
37312,2.55762,
37313,2.61412,
37314,2.6597,
37315,2.80277,
37316,2.68301,
37317,2.57324,
37318,2.61204,
37319,2.56936,
37320,2.79644,
37321,2.61044,
37322,2.68524,
37323,2.83772,
37324,2.64191,
37325,2.75721,
37326,2.68822,
37327,2.57723,
37328,2.68078,
37329,2.69173,
37330,2.81854,
37331,2.72341,
37332,2.68088,
37333,2.73984,
37334,2.77139,
37335,2.63657,
37336,2.45832,
37337,2.66297,
37338,2.57959,
37339,2.6967,
37340,2.6686,
37341,2.46201,
37342,2.73578,
37343,2.83377,
37344,2.72096,
37345,2.6544,
37346,2.57074,
37347,2.82653,
37348,2.66972,
37349,2.38961,
37350,2.69663,
37351,2.69596,
37352,2.82103,
37353,2.59479,
37354,2.55797,
37355,2.67292,
37356,2.56899,
37357,2.54736,
37358,2.68095,
37359,2.63486,
37360,2.75562,
37361,2.77267,
37362,2.75581,
37363,2.55231,
37364,2.70161,
37365,2.62604,
37366,2.79565,
37367,2.79898,
37368,2.7608,
37369,2.74788,
37370,2.91855,
37371,2.68706,
37372,2.81062,
37373,2.74957,
37374,2.58712,
37375,2.82959,
37376,2.72953,
37377,2.89672,
37378,2.69334,
37379,2.47262,
37380,2.55714,
37381,2.71945,
37382,2.57904,
37383,2.60039,
37384,2.46979,
37385,2.57807,
37386,2.79248,
37387,2.75829,
37388,2.70463,
37389,2.8687,
37390,2.68432,
37391,2.74091,
37392,2.71672,
37393,2.84615,
37394,2.83616,
37395,2.85168,
37396,2.80009,
37397,2.78579,
37398,2.76412,
37399,2.71984,
37400,2.8464,
37401,2.5242,
37402,2.62722,
37403,2.81801,
37404,2.72576,
37405,2.72586,
37406,2.53637,
37407,2.67956,
37408,2.82439,
37409,2.53082,
37410,2.65336,
37411,2.60233,
37412,2.53008,
37413,2.65664,
37414,2.49601,
37415,2.57354,
37416,2.57477,
37417,2.71912,
37418,2.63001,
37419,2.7434,
37420,2.77858,
37421,2.76742,
37422,2.5827,
37423,2.69032,
37424,2.55637,
37425,2.68152,
37426,2.53606,
37427,2.78368,
37428,2.72126,
37429,2.75588,
37430,2.80158,
37431,2.76385,
37432,2.62937,
37433,2.77616,
37434,2.71098,
37435,2.75392,
37436,2.77545,
37437,2.88102,
37438,2.97702,
37439,2.86663,
37440,2.77639,
37441,2.74959,
37442,2.66071,
37443,2.66954,
37444,2.56405,
37445,2.64679,
37446,2.50563,
37447,2.72048,
37448,2.58734,
37449,2.81622,
37450,2.66124,
37451,2.72899,
37452,2.89733,
37453,2.80473,
37454,3.00228,
37455,2.65613,
37456,2.53162,
37457,2.81985,
37458,2.5003,
37459,2.76432,
37460,2.61782,
37461,2.82996,
37462,2.90766,
37463,2.91723,
37464,2.61872,
37465,2.87102,
37466,2.76811,
37467,2.74523,
37468,2.74774,
37469,2.84328,
37470,2.62387,
37471,2.90168,
37472,2.49719,
37473,2.82623,
37474,2.76901,
37475,2.89438,
37476,2.70609,
37477,2.85912,
37478,2.89131,
37479,2.66034,
37480,2.84618,
37481,2.5609,
37482,2.67646,
37483,2.68862,
37484,2.95427,
37485,2.94106,
37486,2.54751,
37487,2.74399,
37488,2.7082,
37489,2.83711,
37490,2.82286,
37491,2.99243,
37492,2.76025,
37493,2.72124,
37494,2.8266,
37495,2.86632,
37496,2.68176,
37497,2.65252,
37498,2.59502,
37499,2.70036,
37500,2.88291,
37501,2.89855,
37502,2.83328,
37503,2.78643,
37504,2.74891,
37505,2.54492,
37506,2.80389,
37507,2.66971,
37508,2.82073,
37509,2.72193,
37510,2.76115,
37511,2.75648,
37512,2.8681,
37513,2.80878,
37514,2.70143,
37515,2.71964,
37516,2.81788,
37517,2.63222,
37518,2.93549,
37519,2.79593,
37520,2.71855,
37521,2.65553,
37522,2.76843,
37523,2.79909,
37524,2.65901,
37525,2.60955,
37526,2.88738,
37527,2.63646,
37528,2.60527,
37529,2.7319,
37530,2.58912,
37531,2.53169,
37532,2.81143,
37533,2.86159,
37534,2.6842,
37535,2.61966,
37536,2.58956,
37537,2.7778,
37538,2.86578,
37539,2.47468,
37540,2.75483,
37541,2.68575,
37542,2.77471,
37543,2.76483,
37544,2.81957,
37545,2.58852,
37546,2.63941,
37547,2.75729,
37548,2.38252,
37549,2.43347,
37550,2.88689,
37551,2.68728,
37552,2.78137,
37553,2.53527,
37554,2.51872,
37555,2.75805,
37556,2.63331,
37557,2.54299,
37558,2.87482,
37559,2.76269,
37560,2.52482,
37561,2.68283,
37562,2.54616,
37563,2.6379,
37564,2.59527,
37565,2.45413,
37566,2.69898,
37567,2.63422,
37568,2.83512,
37569,2.8683,
37570,2.76787,
37571,2.8216,
37572,2.62901,
37573,2.74354,
37574,2.86342,
37575,2.78253,
37576,2.87287,
37577,2.93788,
37578,3.01474,
37579,3.70614,
37580,2.7063,
37581,2.76953,
37582,2.78002,
37583,2.80953,
37584,2.60857,
37585,2.83398,
37586,2.76491,
37587,2.74879,
37588,2.71838,
37589,3.1782,
37590,2.76794,
37591,2.75133,
37592,2.41724,
37593,2.57023,
37594,2.81729,
37595,2.78671,
37596,2.87519,
37597,3.07498,
37598,2.83448,
37599,2.68937,
37600,2.78819,
37601,2.708,
37602,2.9029,
37603,2.70311,
37604,2.67997,
37605,2.85466,
37606,2.82147,
37607,2.70299,
37608,2.65417,
37609,2.57683,
37610,2.64128,
37611,2.69082,
37612,2.62984,
37613,2.45939,
37614,2.82551,
37615,2.67377,
37616,2.55618,
37617,2.56409,
37618,2.65585,
37619,2.74606,
37620,2.71043,
37621,2.69578,
37622,2.73726,
37623,2.43743,
37624,2.68769,
37625,2.40853,
37626,2.7575,
37627,2.59563,
37628,2.64401,
37629,2.49458,
37630,2.65411,
37631,2.64727,
37632,2.62583,
37633,2.53709,
37634,2.48959,
37635,2.65448,
37636,2.63269,
37637,2.35081,
37638,2.46478,
37639,2.45854,
37640,2.64518,
37641,2.67686,
37642,2.62018,
37643,2.64626,
37644,2.69681,
37645,2.77348,
37646,2.47451,
37647,2.8172,
37648,2.65711,
37649,2.6594,
37650,2.62215,
37651,2.71968,
37652,2.81186,
37653,2.76257,
37654,2.63461,
37655,2.52338,
37656,2.92761,
37657,2.75184,
37658,2.7642,
37659,2.72513,
37660,2.55725,
37661,2.60634,
37662,2.7455,
37663,2.26446,
37664,2.45448,
37665,2.30294,
37666,2.5116,
37667,2.62178,
37668,2.72781,
37669,2.71382,
37670,2.703,
37671,2.65239,
37672,2.51243,
37673,2.58986,
37674,2.6942,
37675,2.82617,
37676,2.65332,
37677,2.55569,
37678,2.26741,
37679,2.35095,
37680,2.74212,
37681,2.46987,
37682,2.65551,
37683,2.45119,
37684,2.61818,
37685,2.4459,
37686,2.44474,
37687,2.48994,
37688,2.49164,
37689,2.44099,
37690,2.43992,
37691,2.5224,
37692,2.72584,
37693,2.41851,
37694,2.64953,
37695,2.50083,
37696,2.87997,
37697,2.85723,
37698,2.80073,
37699,2.93698,
37700,2.89042,
37701,2.80736,
37702,2.61589,
37703,2.489,
37704,2.77441,
37705,2.63709,
37706,2.65583,
37707,2.78257,
37708,2.71327,
37709,2.80338,
37710,2.70884,
37711,2.72264,
37712,2.59703,
37713,2.67541,
37714,2.83786,
37715,2.76807,
37716,2.72682,
37717,2.66944,
37718,2.5701,
37719,2.85942,
37720,2.62242,
37721,2.60245,
37722,2.69612,
37723,2.70497,
37724,2.63742,
37725,2.99838,
37726,2.84487,
37727,2.72249,
37728,2.63791,
37729,2.89794,
37730,2.83656,
37731,2.70931,
37732,2.78627,
37733,2.73367,
37734,2.72569,
37735,2.76141,
37736,2.70695,
37737,2.66501,
37738,2.48531,
37739,2.66329,
37740,2.68527,
37741,2.6561,
37742,2.39226,
37743,2.53812,
37744,2.2942,
37745,2.64189,
37746,2.66928,
37747,2.39392,
37748,2.55263,
37749,2.50721,
37750,2.71065,
37751,2.53775,
37752,2.53522,
37753,2.28262,
37754,2.64615,
37755,2.71445,
37756,2.70549,
37757,2.65439,
37758,2.81312,
37759,2.73014,
37760,2.84585,
37761,2.76591,
37762,2.79457,
37763,2.82294,
37764,2.69155,
37765,2.71454,
37766,2.47176,
37767,2.75463,
37768,2.67641,
37769,2.78178,
37770,2.71063,
37771,2.57637,
37772,2.72309,
37773,2.57377,
37774,2.63952,
37775,2.77952,
37776,2.85384,
37777,2.59159,
37778,2.60487,
37779,2.5757,
37780,2.80444,
37781,2.80363,
37782,2.85701,
37783,2.66044,
37784,2.89571,
37785,2.69409,
37786,2.7842,
37787,2.9398,
37788,2.76675,
37789,2.64016,
37790,2.56781,
37791,2.83018,
37792,2.86575,
37793,2.73678,
37794,2.78573,
37795,2.76821,
37796,2.93803,
37797,2.828,
37798,3.0146,
37799,2.64137,
37800,2.73159,
37801,2.5072,
37802,2.6653,
37803,2.70274,
37804,2.68119,
37805,2.68476,
37806,2.86542,
37807,2.79666,
37808,2.69169,
37809,2.50176,
37810,2.65296,
37811,2.66208,
37812,2.73419,
37813,2.66093,
37814,2.85357,
37815,2.8352,
37816,2.88812,
37817,2.73127,
37818,2.65409,
37819,2.82239,
37820,2.54903,
37821,2.89348,
37822,2.81297,
37823,2.84472,
37824,2.82699,
37825,3.00312,
37826,3.09854,
37827,2.78166,
37828,2.78212,
37829,2.81328,
37830,2.97561,
37831,3.00245,
37832,2.81867,
37833,2.78432,
37834,2.78562,
37835,2.65228,
37836,2.80244,
37837,2.77656,
37838,2.77084,
37839,2.5676,
37840,2.57572,
37841,2.76978,
37842,3.01437,
37843,3.14348,
37844,3.14419,
37845,3.11383,
37846,3.10733,
37847,3.15799,
37848,3.05382,
37849,3.06119,
37850,3.09766,
37851,3.05333,
37852,3.07677,
37853,3.05845,
37854,3.05055,
37855,2.98588,
37856,3.06879,
37857,3.06599,
37858,3.09688,
37859,3.01625,
37860,2.93969,
37861,2.66435,
37862,2.91036,
37863,2.75843,
37864,2.73535,
37865,2.80504,
37866,2.81012,
37867,2.69965,
37868,2.83658,
37869,2.58849,
37870,2.69384,
37871,2.76819,
37872,2.63772,
37873,2.54332,
37874,2.81327,
37875,2.90311,
37876,2.8001,
37877,2.61008,
37878,2.77854,
37879,2.79687,
37880,2.70504,
37881,2.68104,
37882,2.73802,
37883,2.60517,
37884,2.69273,
37885,2.64497,
37886,2.56222,
37887,2.8845,
37888,2.79806,
37889,2.73318,
37890,2.71832,
37891,2.64158,
37892,2.63989,
37893,2.56143,
37894,2.6833,
37895,2.79665,
37896,2.68189,
37897,2.6148,
37898,2.79595,
37899,2.69841,
37900,2.65404,
37901,2.71014,
37902,2.49829,
37903,2.52823,
37904,2.7947,
37905,2.45203,
37906,2.5791,
37907,2.59598,
37908,2.67427,
37909,2.60787,
37910,2.56047,
37911,2.66869,
37912,2.52358,
37913,2.54696,
37914,2.66072,
37915,2.71155,
37916,2.69563,
37917,2.71474,
37918,2.56585,
37919,2.77053,
37920,2.59032,
37921,2.67142,
37922,2.64644,
37923,2.70069,
37924,2.87351,
37925,2.63131,
37926,2.54726,
37927,2.7065,
37928,2.54828,
37929,2.48616,
37930,2.62574,
37931,2.87645,
37932,2.45416,
37933,2.43716,
37934,2.69318,
37935,2.48981,
37936,2.63501,
37937,2.58833,
37938,2.50354,
37939,2.44932,
37940,2.76055,
37941,2.70223,
37942,2.74533,
37943,2.65401,
37944,2.86867,
37945,2.77495,
37946,2.87926,
37947,2.72455,
37948,2.69415,
37949,2.7987,
37950,2.72621,
37951,2.73814,
37952,2.75576,
37953,2.72562,
37954,2.76719,
37955,2.48083,
37956,2.68716,
37957,2.72365,
37958,2.75429,
37959,2.7377,
37960,2.38834,
37961,2.66229,
37962,2.72668,
37963,2.61919,
37964,2.34096,
37965,2.5272,
37966,2.5746,
37967,2.56286,
37968,2.63052,
37969,2.33035,
37970,2.47588,
37971,2.47763,
37972,2.59484,
37973,2.6369,
37974,2.88392,
37975,2.99532,
37976,2.76378,
37977,2.76931,
37978,2.88871,
37979,2.92281,
37980,2.68322,
37981,2.8008,
37982,2.71518,
37983,2.71536,
37984,2.63242,
37985,2.90256,
37986,2.69902,
37987,2.7172,
37988,2.82933,
37989,2.81995,
37990,2.72777,
37991,2.82109,
37992,2.63215,
37993,2.81078,
37994,2.73026,
37995,2.6939,
37996,2.63812,
37997,2.65958,
37998,2.50716,
37999,2.80485,
38000,2.78957,
38001,2.65732,
38002,2.76108,
38003,2.71179,
38004,2.75043,
38005,2.8861,
38006,2.8023,
38007,2.70515,
38008,2.69442,
38009,2.77599,
38010,2.54498,
38011,2.68335,
38012,2.74169,
38013,2.83263,
38014,2.64273,
38015,2.69941,
38016,2.65353,
38017,2.74838,
38018,2.71266,
38019,2.80534,
38020,2.54698,
38021,2.72566,
38022,2.65252,
38023,2.54428,
38024,2.74082,
38025,2.8366,
38026,2.68532,
38027,2.40227,
38028,2.66422,
38029,2.68756,
38030,2.6639,
38031,2.62094,
38032,2.51609,
38033,2.62531,
38034,2.58937,
38035,2.65554,
38036,2.38195,
38037,2.4356,
38038,2.51928,
38039,2.6231,
38040,2.60845,
38041,2.55562,
38042,2.38275,
38043,2.57431,
38044,2.5185,
38045,2.56817,
38046,2.44909,
38047,2.49963,
38048,2.73016,
38049,2.63214,
38050,2.66598,
38051,2.39967,
38052,2.58183,
38053,2.49109,
38054,2.54872,
38055,2.7014,
38056,2.41304,
38057,2.54062,
38058,2.44075,
38059,2.37011,
38060,2.54516,
38061,2.52735,
38062,2.49984,
38063,2.51317,
38064,2.69598,
38065,2.49981,
38066,2.53296,
38067,2.72504,
38068,2.82557,
38069,2.70624,
38070,2.7325,
38071,2.98268,
38072,2.73062,
38073,2.64499,
38074,2.86938,
38075,2.70971,
38076,2.81374,
38077,2.85846,
38078,2.76527,
38079,2.77066,
38080,2.76665,
38081,2.51212,
38082,2.75247,
38083,2.72843,
38084,2.56291,
38085,2.72775,
38086,2.65126,
38087,2.52796,
38088,2.68147,
38089,2.68665,
38090,2.51809,
38091,2.61821,
38092,2.69439,
38093,2.7649,
38094,2.62138,
38095,2.70873,
38096,2.64047,
38097,2.89328,
38098,2.99257,
38099,3.04117,
38100,3.05276,
38101,3.06588,
38102,3.00559,
38103,2.99906,
38104,3.0691,
38105,2.93366,
38106,3.01507,
38107,3.04424,
38108,3.01329,
38109,2.90423,
38110,3.00311,
38111,2.99015,
38112,2.99986,
38113,3.05556,
38114,2.98323,
38115,3.00082,
38116,2.93604,
38117,3.02589,
38118,2.70828,
38119,2.93426,
38120,2.40987,
38121,2.51641,
38122,2.42469,
38123,2.31724,
38124,2.41281,
38125,2.36033,
38126,2.6872,
38127,2.26178,
38128,2.46107,
38129,2.38893,
38130,2.49878,
38131,2.49367,
38132,2.24613,
38133,2.33743,
38134,2.50922,
38135,2.656,
38136,2.62,
38137,2.31651,
38138,2.28471,
38139,2.84595,
38140,2.9321,
38141,2.82272,
38142,2.86791,
38143,2.8282,
38144,2.82538,
38145,2.75401,
38146,2.51265,
38147,2.66712,
38148,2.78645,
38149,2.71191,
38150,2.76572,
38151,2.83535,
38152,2.89354,
38153,2.82372,
38154,2.70242,
38155,2.57484,
38156,2.76942,
38157,2.67884,
38158,2.66486,
38159,2.46053,
38160,2.49938,
38161,2.44819,
38162,2.61035,
38163,2.72087,
38164,2.62941,
38165,2.62533,
38166,2.61966,
38167,2.68913,
38168,2.62837,
38169,2.79286,
38170,2.59529,
38171,2.55203,
38172,2.69761,
38173,2.47584,
38174,2.56126,
38175,2.54015,
38176,2.68554,
38177,2.80365,
38178,2.63126,
38179,2.50277,
38180,2.47634,
38181,2.38941,
38182,2.28769,
38183,2.36021,
38184,2.39068,
38185,2.61262,
38186,2.28357,
38187,2.41021,
38188,2.43845,
38189,2.68247,
38190,2.58235,
38191,2.78035,
38192,2.47111,
38193,2.81361,
38194,2.61333,
38195,2.77684,
38196,2.8761,
38197,2.76157,
38198,2.91791,
38199,2.7778,
38200,2.71843,
38201,2.80675,
38202,2.78215,
38203,2.62178,
38204,2.51406,
38205,2.52741,
38206,2.65993,
38207,2.62189,
38208,2.64537,
38209,2.69286,
38210,2.61045,
38211,2.74511,
38212,2.51397,
38213,2.73286,
38214,2.7101,
38215,2.55225,
38216,2.49511,
38217,2.72328,
38218,2.42421,
38219,2.51939,
38220,2.45229,
38221,2.28852,
38222,2.4073,
38223,2.48207,
38224,2.77575,
38225,2.80675,
38226,2.99343,
38227,3.0017,
38228,2.91766,
38229,2.91026,
38230,2.61958,
38231,2.6964,
38232,2.64607,
38233,2.82868,
38234,3.04446,
38235,2.75926,
38236,2.83161,
38237,2.66097,
38238,2.61815,
38239,2.93194,
38240,2.87955,
38241,2.94792,
38242,2.77417,
38243,2.98741,
38244,2.69232,
38245,2.75819,
38246,2.66076,
38247,2.75588,
38248,2.60219,
38249,2.63724,
38250,2.57608,
38251,2.55663,
38252,2.81087,
38253,2.49183,
38254,2.59188,
38255,2.66088,
38256,2.70439,
38257,2.7454,
38258,2.61462,
38259,2.66703,
38260,2.57679,
38261,2.54183,
38262,2.50465,
38263,2.53643,
38264,2.64775,
38265,2.42095,
38266,2.4969,
38267,2.71293,
38268,2.58074,
38269,2.88217,
38270,2.9969,
38271,2.88756,
38272,3.03609,
38273,2.9548,
38274,2.90652,
38275,2.74451,
38276,2.84834,
38277,2.63243,
38278,2.67422,
38279,2.59906,
38280,2.61505,
38281,2.91993,
38282,2.87315,
38283,2.77879,
38284,2.86867,
38285,2.84115,
38286,2.63759,
38287,2.70074,
38288,2.73485,
38289,2.54012,
38290,2.67755,
38291,2.83589,
38292,2.80608,
38293,2.87438,
38294,3.0042,
38295,3.0072,
38296,2.4808,
38297,2.67465,
38298,2.77933,
38299,2.79718,
38300,2.73301,
38301,2.76373,
38302,2.94374,
38303,2.82399,
38304,2.95138,
38305,2.73158,
38306,2.67668,
38307,2.8853,
38308,2.58101,
38309,2.76209,
38310,2.80405,
38311,2.73992,
38312,2.70469,
38313,2.78128,
38314,2.96744,
38315,2.82943,
38316,2.82574,
38317,2.75364,
38318,2.89283,
38319,2.83415,
38320,2.78783,
38321,2.70379,
38322,2.7959,
38323,2.74692,
38324,2.58807,
38325,2.72131,
38326,2.66599,
38327,2.77941,
38328,2.7275,
38329,2.81769,
38330,2.57188,
38331,2.71914,
38332,2.65333,
38333,2.7278,
38334,2.55696,
38335,2.54014,
38336,2.81326,
38337,2.63129,
38338,2.7468,
38339,1.65812,
38340,2.73252,
38341,2.77837,
38342,2.87119,
38343,2.9552,
38344,3.16012,
38345,2.8566,
38346,2.86805,
38347,2.78785,
38348,2.83452,
38349,2.76518,
38350,2.93269,
38351,2.88389,
38352,2.73128,
38353,2.73426,
38354,2.71099,
38355,2.91779,
38356,2.65953,
38357,2.80524,
38358,2.89378,
38359,2.75139,
38360,2.73702,
38361,2.69853,
38362,2.75361,
38363,2.81953,
38364,2.82347,
38365,2.82672,
38366,2.85214,
38367,2.67578,
38368,2.93523,
38369,2.90851,
38370,2.71414,
38371,2.83174,
38372,2.63882,
38373,2.592,
38374,2.58853,
38375,2.44456,
38376,2.77179,
38377,2.56543,
38378,2.59872,
38379,2.66525,
38380,2.79104,
38381,2.66958,
38382,2.58888,
38383,2.61629,
38384,2.57203,
38385,2.78541,
38386,2.61107,
38387,2.66836,
38388,2.83164,
38389,2.64837,
38390,2.76354,
38391,2.6678,
38392,2.56983,
38393,2.67072,
38394,2.70392,
38395,2.81884,
38396,2.72892,
38397,2.68544,
38398,2.74225,
38399,2.78845,
38400,2.6224,
38401,2.4545,
38402,2.66063,
38403,2.58008,
38404,2.68927,
38405,2.66424,
38406,2.46395,
38407,2.7443,
38408,2.84146,
38409,2.73269,
38410,2.65598,
38411,2.58284,
38412,2.82033,
38413,2.65644,
38414,2.39642,
38415,2.69406,
38416,2.68743,
38417,2.82487,
38418,2.60328,
38419,2.55523,
38420,2.66027,
38421,2.57218,
38422,2.55994,
38423,2.66167,
38424,2.61597,
38425,2.74141,
38426,2.77922,
38427,2.74901,
38428,2.53647,
38429,2.68058,
38430,2.61071,
38431,2.78586,
38432,2.78826,
38433,2.76194,
38434,2.73671,
38435,2.92326,
38436,2.69023,
38437,2.80911,
38438,2.76072,
38439,2.58129,
38440,2.83034,
38441,2.72118,
38442,2.89764,
38443,2.68615,
38444,2.47313,
38445,2.56221,
38446,2.6963,
38447,2.57238,
38448,2.60691,
38449,2.45027,
38450,2.56113,
38451,2.78753,
38452,2.74792,
38453,2.69669,
38454,2.87438,
38455,2.66704,
38456,2.73811,
38457,2.69316,
38458,2.84041,
38459,2.83324,
38460,2.84459,
38461,2.7972,
38462,2.76958,
38463,2.77308,
38464,2.71038,
38465,2.84563,
38466,2.52514,
38467,2.62489,
38468,2.7995,
38469,2.71444,
38470,2.73,
38471,2.5234,
38472,2.66716,
38473,2.82408,
38474,2.52171,
38475,2.6508,
38476,2.59326,
38477,2.53284,
38478,2.65403,
38479,2.49943,
38480,2.55293,
38481,2.57528,
38482,2.71592,
38483,2.63326,
38484,2.73824,
38485,2.77926,
38486,2.76554,
38487,2.60014,
38488,2.68598,
38489,2.53732,
38490,2.67393,
38491,2.5309,
38492,2.78566,
38493,2.73049,
38494,2.75555,
38495,2.79954,
38496,2.77958,
38497,2.61103,
38498,2.76028,
38499,2.72407,
38500,2.7462,
38501,2.77599,
38502,2.85853,
38503,2.96286,
38504,2.85807,
38505,2.76906,
38506,2.75034,
38507,2.65711,
38508,2.66667,
38509,2.53675,
38510,2.64152,
38511,2.50337,
38512,2.72198,
38513,2.5776,
38514,2.82076,
38515,2.65237,
38516,2.73503,
38517,2.8812,
38518,2.8035,
38519,2.9922,
38520,2.66059,
38521,2.54246,
38522,2.81577,
38523,2.48449,
38524,2.77245,
38525,2.60439,
38526,2.82244,
38527,2.90796,
38528,2.92214,
38529,2.60638,
38530,2.86484,
38531,2.75259,
38532,2.74416,
38533,2.74482,
38534,2.82743,
38535,2.63092,
38536,2.88901,
38537,2.48298,
38538,2.82159,
38539,2.76515,
38540,2.8913,
38541,2.698,
38542,2.83951,
38543,2.87593,
38544,2.66045,
38545,2.83416,
38546,2.5498,
38547,2.67632,
38548,2.67691,
38549,2.9469,
38550,2.94429,
38551,2.53228,
38552,2.75236,
38553,2.69463,
38554,2.82027,
38555,2.82915,
38556,2.99783,
38557,2.7571,
38558,2.72842,
38559,2.80467,
38560,2.86128,
38561,2.67052,
38562,2.64597,
38563,2.59486,
38564,2.70388,
38565,2.8773,
38566,2.89065,
38567,2.81079,
38568,2.78269,
38569,2.74362,
38570,2.53498,
38571,2.80644,
38572,2.65464,
38573,2.81086,
38574,2.72551,
38575,2.74063,
38576,2.73948,
38577,2.86512,
38578,2.80307,
38579,2.69495,
38580,2.70222,
38581,2.82263,
38582,2.61425,
38583,2.93798,
38584,2.78372,
38585,2.71675,
38586,2.65875,
38587,2.77089,
38588,2.79668,
38589,2.66972,
38590,2.60064,
38591,2.89009,
38592,2.62462,
38593,2.6057,
38594,2.72762,
38595,2.58762,
38596,2.54071,
38597,2.80822,
38598,2.86729,
38599,2.67032,
38600,2.6362,
38601,2.60227,
38602,2.78243,
38603,2.84667,
38604,2.47091,
38605,2.74865,
38606,2.68386,
38607,2.78153,
38608,2.76355,
38609,2.82277,
38610,2.59006,
38611,2.63714,
38612,2.77309,
38613,2.40103,
38614,2.42993,
38615,2.88569,
38616,2.68331,
38617,2.772,
38618,2.53605,
38619,2.5074,
38620,2.75451,
38621,2.63814,
38622,2.54827,
38623,2.85873,
38624,2.75316,
38625,2.51157,
38626,2.67446,
38627,2.55556,
38628,2.65169,
38629,2.59714,
38630,2.45351,
38631,2.70793,
38632,2.63378,
38633,2.82813,
38634,2.85706,
38635,2.75809,
38636,2.81831,
38637,2.61363,
38638,2.73861,
38639,2.87218,
38640,2.78029,
38641,2.86677,
38642,2.92545,
38643,3.0095,
38644,3.70728,
38645,2.68913,
38646,2.77625,
38647,2.76975,
38648,2.79386,
38649,2.59622,
38650,2.8347,
38651,2.74601,
38652,2.73331,
38653,2.71044,
38654,3.16729,
38655,2.76309,
38656,2.74845,
38657,2.42405,
38658,2.56661,
38659,2.8088,
38660,2.79722,
38661,2.87513,
38662,3.05736,
38663,2.83412,
38664,2.69871,
38665,2.80353,
38666,2.69853,
38667,2.90254,
38668,2.68757,
38669,2.67556,
38670,2.84301,
38671,2.82301,
38672,2.70689,
38673,2.64585,
38674,2.56894,
38675,2.62675,
38676,2.69226,
38677,2.62515,
38678,2.44299,
38679,2.80684,
38680,2.6756,
38681,2.5466,
38682,2.56841,
38683,2.64297,
38684,2.74035,
38685,2.71616,
38686,2.70402,
38687,2.72919,
38688,2.43816,
38689,2.68991,
38690,2.41063,
38691,2.75141,
38692,2.58623,
38693,2.63016,
38694,2.50309,
38695,2.66073,
38696,2.64267,
38697,2.62669,
38698,2.5338,
38699,2.49701,
38700,2.64555,
38701,2.6314,
38702,2.33776,
38703,2.475,
38704,2.45878,
38705,2.64733,
38706,2.6727,
38707,2.59616,
38708,2.62506,
38709,2.68941,
38710,2.78434,
38711,2.47152,
38712,2.79649,
38713,2.65289,
38714,2.65418,
38715,2.62251,
38716,2.72125,
38717,2.80732,
38718,2.746,
38719,2.63119,
38720,2.53613,
38721,2.92555,
38722,2.74906,
38723,2.76994,
38724,2.71622,
38725,2.55397,
38726,2.61274,
38727,2.74458,
38728,2.26774,
38729,2.42406,
38730,2.30461,
38731,2.5208,
38732,2.6202,
38733,2.71905,
38734,2.70077,
38735,2.7042,
38736,2.6764,
38737,2.50148,
38738,2.61157,
38739,2.68781,
38740,2.82928,
38741,2.65836,
38742,2.54886,
38743,2.27507,
38744,2.33061,
38745,2.74996,
38746,2.46141,
38747,2.65042,
38748,2.45157,
38749,2.62416,
38750,2.454,
38751,2.44718,
38752,2.48678,
38753,2.48915,
38754,2.44203,
38755,2.43235,
38756,2.52484,
38757,2.718,
38758,2.42584,
38759,2.65472,
38760,2.51024,
38761,2.86777,
38762,2.85991,
38763,2.77964,
38764,2.93589,
38765,2.87808,
38766,2.81211,
38767,2.60847,
38768,2.47417,
38769,2.76331,
38770,2.63357,
38771,2.6364,
38772,2.7791,
38773,2.68823,
38774,2.8053,
38775,2.70947,
38776,2.70712,
38777,2.59826,
38778,2.68005,
38779,2.84374,
38780,2.77163,
38781,2.73732,
38782,2.67276,
38783,2.56794,
38784,2.84487,
38785,2.60559,
38786,2.60741,
38787,2.70312,
38788,2.70469,
38789,2.63822,
38790,2.97929,
38791,2.84663,
38792,2.71222,
38793,2.6433,
38794,2.88869,
38795,2.82385,
38796,2.70291,
38797,2.78595,
38798,2.73521,
38799,2.71118,
38800,2.76047,
38801,2.71212,
38802,2.66016,
38803,2.47611,
38804,2.67393,
38805,2.68269,
38806,2.65878,
38807,2.38894,
38808,2.51235,
38809,2.29119,
38810,2.62874,
38811,2.65586,
38812,2.39102,
38813,2.54212,
38814,2.49598,
38815,2.71155,
38816,2.52333,
38817,2.52243,
38818,2.29281,
38819,2.6357,
38820,2.70574,
38821,2.71114,
38822,2.66828,
38823,2.80088,
38824,2.72895,
38825,2.82907,
38826,2.77899,
38827,2.78291,
38828,2.82524,
38829,2.70444,
38830,2.70551,
38831,2.47514,
38832,2.75562,
38833,2.6682,
38834,2.79357,
38835,2.7056,
38836,2.5942,
38837,2.70543,
38838,2.57705,
38839,2.6402,
38840,2.77575,
38841,2.85875,
38842,2.58133,
38843,2.60266,
38844,2.56997,
38845,2.79662,
38846,2.82038,
38847,2.86198,
38848,2.66584,
38849,2.8933,
38850,2.69843,
38851,2.78315,
38852,2.94538,
38853,2.74606,
38854,2.64089,
38855,2.57636,
38856,2.84595,
38857,2.85789,
38858,2.74613,
38859,2.77699,
38860,2.77528,
38861,2.92575,
38862,2.84217,
38863,3.00316,
38864,2.64323,
38865,2.7172,
38866,2.49852,
38867,2.66283,
38868,2.70556,
38869,2.67622,
38870,2.67501,
38871,2.84463,
38872,2.80465,
38873,2.69214,
38874,2.50267,
38875,2.63532,
38876,2.66956,
38877,2.71393,
38878,2.67044,
38879,2.84432,
38880,2.82993,
38881,2.87345,
38882,2.70492,
38883,2.6469,
38884,2.8206,
38885,2.54672,
38886,2.88358,
38887,2.80426,
38888,2.8423,
38889,2.81419,
38890,2.99926,
38891,3.1059,
38892,2.78647,
38893,2.79591,
38894,2.81687,
38895,2.97544,
38896,2.99466,
38897,2.81237,
38898,2.7924,
38899,2.79825,
38900,2.63919,
38901,2.79635,
38902,2.76146,
38903,2.77803,
38904,2.5721,
38905,2.58633,
38906,2.77234,
38907,2.99913,
38908,3.1475,
38909,3.14416,
38910,3.08728,
38911,3.11632,
38912,3.15568,
38913,3.05675,
38914,3.0497,
38915,3.08545,
38916,3.04676,
38917,3.08287,
38918,3.03978,
38919,3.05094,
38920,2.98861,
38921,3.07004,
38922,3.07772,
38923,3.0772,
38924,3.01036,
38925,2.94217,
38926,2.66028,
38927,2.93716,
38928,2.75721,
38929,2.74139,
38930,2.79275,
38931,2.80364,
38932,2.70359,
38933,2.82776,
38934,2.58416,
38935,2.69623,
38936,2.77874,
38937,2.63786,
38938,2.52565,
38939,2.80466,
38940,2.88819,
38941,2.79519,
38942,2.60629,
38943,2.77514,
38944,2.77455,
38945,2.6963,
38946,2.67307,
38947,2.7201,
38948,2.58546,
38949,2.68091,
38950,2.64349,
38951,2.555,
38952,2.8802,
38953,2.78363,
38954,2.7183,
38955,2.70881,
38956,2.64291,
38957,2.64765,
38958,2.55147,
38959,2.66326,
38960,2.77885,
38961,2.68178,
38962,2.59933,
38963,2.78822,
38964,2.67886,
38965,2.62994,
38966,2.69661,
38967,2.50417,
38968,2.52669,
38969,2.78352,
38970,2.45499,
38971,2.57161,
38972,2.58545,
38973,2.67293,
38974,2.59808,
38975,2.5621,
38976,2.66698,
38977,2.52894,
38978,2.53561,
38979,2.64289,
38980,2.69321,
38981,2.69216,
38982,2.69476,
38983,2.55354,
38984,2.74188,
38985,2.59557,
38986,2.66593,
38987,2.66478,
38988,2.68875,
38989,2.86717,
38990,2.60942,
38991,2.55765,
38992,2.69803,
38993,2.54711,
38994,2.48823,
38995,2.62571,
38996,2.88106,
38997,2.43689,
38998,2.43091,
38999,2.68609,
39000,2.48117,
39001,2.65203,
39002,2.58612,
39003,2.50102,
39004,2.45653,
39005,2.75898,
39006,2.69404,
39007,2.7553,
39008,2.64703,
39009,2.86487,
39010,2.77924,
39011,2.86894,
39012,2.71018,
39013,2.68913,
39014,2.78855,
39015,2.71463,
39016,2.74236,
39017,2.73383,
39018,2.72637,
39019,2.76079,
39020,2.47957,
39021,2.68115,
39022,2.7233,
39023,2.75125,
39024,2.74007,
39025,2.39095,
39026,2.65766,
39027,2.71862,
39028,2.61188,
39029,2.3541,
39030,2.51622,
39031,2.5855,
39032,2.55754,
39033,2.62556,
39034,2.32629,
39035,2.46963,
39036,2.45981,
39037,2.59437,
39038,2.64346,
39039,2.88556,
39040,2.98754,
39041,2.76506,
39042,2.76336,
39043,2.88656,
39044,2.93221,
39045,2.67555,
39046,2.80692,
39047,2.70473,
39048,2.72247,
39049,2.65528,
39050,2.89919,
39051,2.68721,
39052,2.71291,
39053,2.81524,
39054,2.79907,
39055,2.72948,
39056,2.80699,
39057,2.64013,
39058,2.80871,
39059,2.727,
39060,2.67523,
39061,2.65119,
39062,2.66436,
39063,2.48784,
39064,2.80306,
39065,2.77956,
39066,2.65147,
39067,2.74654,
39068,2.71,
39069,2.76357,
39070,2.88171,
39071,2.79322,
39072,2.69494,
39073,2.68482,
39074,2.76509,
39075,2.5392,
39076,2.67466,
39077,2.73192,
39078,2.82795,
39079,2.63183,
39080,2.68872,
39081,2.64389,
39082,2.75943,
39083,2.7069,
39084,2.78426,
39085,2.54059,
39086,2.72436,
39087,2.66312,
39088,2.53829,
39089,2.71615,
39090,2.83742,
39091,2.70781,
39092,2.39936,
39093,2.67123,
39094,2.69429,
39095,2.66958,
39096,2.61247,
39097,2.50897,
39098,2.62739,
39099,2.57621,
39100,2.65808,
39101,2.39927,
39102,2.43514,
39103,2.5048,
39104,2.60953,
39105,2.62526,
39106,2.55513,
39107,2.3772,
39108,2.56466,
39109,2.48771,
39110,2.56568,
39111,2.45979,
39112,2.49866,
39113,2.72245,
39114,2.62761,
39115,2.666,
39116,2.40622,
39117,2.56206,
39118,2.47659,
39119,2.55606,
39120,2.69777,
39121,2.42433,
39122,2.52725,
39123,2.45643,
39124,2.37505,
39125,2.54008,
39126,2.52273,
39127,2.5115,
39128,2.50268,
39129,2.70041,
39130,2.4951,
39131,2.53439,
39132,2.71157,
39133,2.81191,
39134,2.692,
39135,2.73831,
39136,2.97725,
39137,2.73036,
39138,2.64347,
39139,2.87239,
39140,2.70637,
39141,2.82198,
39142,2.8543,
39143,2.76002,
39144,2.76241,
39145,2.75757,
39146,2.50471,
39147,2.74856,
39148,2.73106,
39149,2.56123,
39150,2.71292,
39151,2.64895,
39152,2.52488,
39153,2.69155,
39154,2.69451,
39155,2.52262,
39156,2.61889,
39157,2.69843,
39158,2.75447,
39159,2.63037,
39160,2.70671,
39161,2.63137,
39162,2.89856,
39163,2.98928,
39164,3.0195,
39165,3.03399,
39166,3.05097,
39167,3.01344,
39168,2.99606,
39169,3.06228,
39170,2.92527,
39171,3.03461,
39172,3.03607,
39173,3.00767,
39174,2.90408,
39175,3.01019,
39176,2.98599,
39177,3.00574,
39178,3.04378,
39179,2.97154,
39180,3.00117,
39181,2.94506,
39182,3.00777,
39183,2.70289,
39184,2.92384,
39185,2.4094,
39186,2.51342,
39187,2.42349,
39188,2.318,
39189,2.41146,
39190,2.36108,
39191,2.67265,
39192,2.27536,
39193,2.45773,
39194,2.39165,
39195,2.49154,
39196,2.48456,
39197,2.24317,
39198,2.33549,
39199,2.50863,
39200,2.65405,
39201,2.62308,
39202,2.31914,
39203,2.28552,
39204,2.85222,
39205,2.93542,
39206,2.80248,
39207,2.84664,
39208,2.82395,
39209,2.82105,
39210,2.74709,
39211,2.50805,
39212,2.65709,
39213,2.79142,
39214,2.70644,
39215,2.75676,
39216,2.84272,
39217,2.8926,
39218,2.8137,
39219,2.69056,
39220,2.57324,
39221,2.78349,
39222,2.68146,
39223,2.6475,
39224,2.45102,
39225,2.49998,
39226,2.43414,
39227,2.6079,
39228,2.70364,
39229,2.62239,
39230,2.61063,
39231,2.60441,
39232,2.67899,
39233,2.61475,
39234,2.79276,
39235,2.59189,
39236,2.55253,
39237,2.70519,
39238,2.46831,
39239,2.56911,
39240,2.54286,
39241,2.66749,
39242,2.81179,
39243,2.64258,
39244,2.50513,
39245,2.48238,
39246,2.39121,
39247,2.28525,
39248,2.35907,
39249,2.39919,
39250,2.62442,
39251,2.27981,
39252,2.41441,
39253,2.44449,
39254,2.68791,
39255,2.59222,
39256,2.77075,
39257,2.46461,
39258,2.82425,
39259,2.60771,
39260,2.76779,
39261,2.86064,
39262,2.75598,
39263,2.91724,
39264,2.77527,
39265,2.72145,
39266,2.81574,
39267,2.76722,
39268,2.60444,
39269,2.51461,
39270,2.51451,
39271,2.66064,
39272,2.6279,
39273,2.66166,
39274,2.70814,
39275,2.59931,
39276,2.74404,
39277,2.52416,
39278,2.73955,
39279,2.69601,
39280,2.52121,
39281,2.48913,
39282,2.71247,
39283,2.4187,
39284,2.50505,
39285,2.45015,
39286,2.30462,
39287,2.39042,
39288,2.46928,
39289,2.77404,
39290,2.80764,
39291,2.99677,
39292,2.99207,
39293,2.92582,
39294,2.90071,
39295,2.61636,
39296,2.70678,
39297,2.64739,
39298,2.81251,
39299,3.05446,
39300,2.7543,
39301,2.82958,
39302,2.6531,
39303,2.62502,
39304,2.92129,
39305,2.88564,
39306,2.95111,
39307,2.76737,
39308,2.97483,
39309,2.69808,
39310,2.74588,
39311,2.65909,
39312,2.7345,
39313,2.61348,
39314,2.63386,
39315,2.58158,
39316,2.56583,
39317,2.8117,
39318,2.51146,
39319,2.5949,
39320,2.6596,
39321,2.68984,
39322,2.74872,
39323,2.61175,
39324,2.67195,
39325,2.58696,
39326,2.53546,
39327,2.48723,
39328,2.51559,
39329,2.64764,
39330,2.41292,
39331,2.48074,
39332,2.71456,
39333,2.57768,
39334,2.87674,
39335,2.98998,
39336,2.88147,
39337,3.03957,
39338,2.95448,
39339,2.92818,
39340,2.73503,
39341,2.84365,
39342,2.64826,
39343,2.67743,
39344,2.60666,
39345,2.60497,
39346,2.91431,
39347,2.87723,
39348,2.78167,
39349,2.86628,
39350,2.83895,
39351,2.64083,
39352,2.67598,
39353,2.74005,
39354,2.5322,
39355,2.6792,
39356,2.83139,
39357,2.80841,
39358,2.86844,
39359,3.00329,
39360,2.99212,
39361,2.46447,
39362,2.66821,
39363,2.7905,
39364,2.80222,
39365,2.72045,
39366,2.76518,
39367,2.9283,
39368,2.82373,
39369,2.94343,
39370,2.71786,
39371,2.67062,
39372,2.89219,
39373,2.58642,
39374,2.7734,
39375,2.8006,
39376,2.73669,
39377,2.71565,
39378,2.77554,
39379,2.96743,
39380,2.82256,
39381,2.83203,
39382,2.76469,
39383,2.89304,
39384,2.84354,
39385,2.76708,
39386,2.69234,
39387,2.80635,
39388,2.74723,
39389,2.59549,
39390,2.72284,
39391,2.64845,
39392,2.77782,
39393,2.7375,
39394,2.81538,
39395,2.56775,
39396,2.71984,
39397,2.66108,
39398,2.71522,
39399,2.55649,
39400,2.52963,
39401,2.80089,
39402,2.60939,
39403,2.74422,
39404,1.64934,
39405,2.73975,
39406,2.76767,
39407,2.8817,
39408,2.93394,
39409,3.14035,
39410,2.85538,
39411,2.85702,
39412,2.78953,
39413,2.8364,
39414,2.75353,
39415,2.93614,
39416,2.873,
39417,2.72716,
39418,2.73072,
39419,2.72058,
39420,2.91196,
39421,2.65154,
39422,2.79792,
39423,2.86689,
39424,2.73247,
39425,2.73567,
39426,2.68964,
39427,2.75616,
39428,2.82162,
39429,2.81784,
39430,2.80522,
39431,2.82741,
39432,2.64696,
39433,2.93455,
39434,2.91128,
39435,2.70324,
39436,2.8197,
39437,2.64701,
39438,2.58313,
39439,2.60605,
39440,2.43741,
39441,2.75659,
39442,2.54932,
39443,2.58641,
39444,2.66332,
39445,2.80402,
39446,2.66847,
39447,2.57203,
39448,2.61932,
39449,2.57516,
39450,2.78792,
39451,2.6213,
39452,2.69913,
39453,2.82401,
39454,2.64691,
39455,2.74571,
39456,2.66426,
39457,2.56322,
39458,2.66314,
39459,2.69397,
39460,2.82323,
39461,2.72157,
39462,2.67475,
39463,2.76576,
39464,2.7866,
39465,2.65035,
39466,2.44524,
39467,2.65454,
39468,2.57332,
39469,2.68837,
39470,2.66455,
39471,2.47445,
39472,2.74303,
39473,2.83157,
39474,2.72276,
39475,2.64641,
39476,2.5891,
39477,2.83017,
39478,2.65392,
39479,2.39061,
39480,2.7008,
39481,2.68697,
39482,2.82674,
39483,2.60006,
39484,2.57124,
39485,2.68215,
39486,2.56566,
39487,2.54862,
39488,2.65333,
39489,2.6186,
39490,2.74069,
39491,2.77474,
39492,2.72916,
39493,2.54512,
39494,2.68945,
39495,2.61527,
39496,2.76888,
39497,2.77967,
39498,2.75487,
39499,2.73546,
39500,2.91442,
39501,2.68191,
39502,2.81854,
39503,2.75731,
39504,2.57492,
39505,2.81803,
39506,2.72261,
39507,2.90593,
39508,2.68547,
39509,2.47396,
39510,2.55532,
39511,2.69726,
39512,2.58646,
39513,2.58801,
39514,2.45605,
39515,2.55477,
39516,2.80277,
39517,2.74526,
39518,2.6864,
39519,2.86689,
39520,2.67016,
39521,2.72681,
39522,2.69126,
39523,2.82985,
39524,2.8168,
39525,2.85676,
39526,2.78816,
39527,2.76905,
39528,2.77267,
39529,2.71961,
39530,2.83996,
39531,2.51435,
39532,2.63028,
39533,2.80393,
39534,2.71595,
39535,2.71978,
39536,2.52835,
39537,2.67041,
39538,2.83083,
39539,2.50866,
39540,2.64923,
39541,2.5841,
39542,2.51828,
39543,2.65351,
39544,2.51275,
39545,2.54938,
39546,2.59065,
39547,2.72284,
39548,2.63346,
39549,2.7289,
39550,2.76279,
39551,2.75654,
39552,2.59008,
39553,2.67739,
39554,2.55346,
39555,2.66304,
39556,2.51127,
39557,2.77668,
39558,2.72065,
39559,2.75435,
39560,2.81183,
39561,2.76253,
39562,2.62894,
39563,2.75544,
39564,2.71206,
39565,2.73875,
39566,2.77832,
39567,2.85316,
39568,2.9635,
39569,2.86413,
39570,2.76117,
39571,2.75289,
39572,2.67292,
39573,2.66737,
39574,2.52381,
39575,2.63972,
39576,2.50772,
39577,2.71927,
39578,2.56505,
39579,2.81302,
39580,2.65414,
39581,2.72118,
39582,2.88477,
39583,2.81046,
39584,2.98638,
39585,2.65072,
39586,2.53974,
39587,2.80391,
39588,2.48991,
39589,2.76683,
39590,2.60597,
39591,2.82435,
39592,2.899,
39593,2.9005,
39594,2.60747,
39595,2.8769,
39596,2.75925,
39597,2.72797,
39598,2.73927,
39599,2.83176,
39600,2.62957,
39601,2.88275,
39602,2.48462,
39603,2.82843,
39604,2.75659,
39605,2.89024,
39606,2.70621,
39607,2.84426,
39608,2.879,
39609,2.65051,
39610,2.84239,
39611,2.54694,
39612,2.69253,
39613,2.67856,
39614,2.93523,
39615,2.93749,
39616,2.54463,
39617,2.73759,
39618,2.6845,
39619,2.82507,
39620,2.81638,
39621,2.99194,
39622,2.76003,
39623,2.69913,
39624,2.80809,
39625,2.85484,
39626,2.67782,
39627,2.65186,
39628,2.60213,
39629,2.69063,
39630,2.87889,
39631,2.8759,
39632,2.80728,
39633,2.76943,
39634,2.73113,
39635,2.54317,
39636,2.79132,
39637,2.65949,
39638,2.81641,
39639,2.72715,
39640,2.7328,
39641,2.72671,
39642,2.86529,
39643,2.81189,
39644,2.69615,
39645,2.70876,
39646,2.82824,
39647,2.61373,
39648,2.93498,
39649,2.78605,
39650,2.73439,
39651,2.6486,
39652,2.76986,
39653,2.78867,
39654,2.66782,
39655,2.59591,
39656,2.87827,
39657,2.62982,
39658,2.61248,
39659,2.72698,
39660,2.60242,
39661,2.53019,
39662,2.79523,
39663,2.85736,
39664,2.67025,
39665,2.62158,
39666,2.59826,
39667,2.76012,
39668,2.85676,
39669,2.464,
39670,2.74841,
39671,2.68294,
39672,2.77515,
39673,2.75899,
39674,2.82654,
39675,2.6088,
39676,2.64331,
39677,2.76643,
39678,2.37761,
39679,2.42875,
39680,2.88467,
39681,2.68586,
39682,2.78882,
39683,2.53231,
39684,2.51113,
39685,2.75977,
39686,2.65035,
39687,2.54818,
39688,2.85288,
39689,2.76163,
39690,2.52942,
39691,2.6754,
39692,2.56158,
39693,2.6428,
39694,2.58928,
39695,2.44943,
39696,2.68921,
39697,2.62427,
39698,2.82826,
39699,2.85492,
39700,2.76043,
39701,2.81977,
39702,2.60218,
39703,2.74077,
39704,2.86423,
39705,2.77918,
39706,2.87093,
39707,2.93645,
39708,3.01832,
39709,3.70202,
39710,2.70277,
39711,2.77565,
39712,2.7708,
39713,2.79688,
39714,2.6071,
39715,2.83834,
39716,2.75302,
39717,2.73466,
39718,2.7025,
39719,3.16374,
39720,2.76168,
39721,2.74828,
39722,2.4142,
39723,2.5712,
39724,2.81674,
39725,2.79034,
39726,2.88039,
39727,3.05386,
39728,2.84828,
39729,2.67766,
39730,2.77143,
39731,2.67952,
39732,2.88694,
39733,2.68495,
39734,2.67051,
39735,2.84641,
39736,2.80613,
39737,2.70523,
39738,2.64173,
39739,2.57299,
39740,2.64072,
39741,2.68681,
39742,2.62508,
39743,2.44945,
39744,2.81459,
39745,2.67965,
39746,2.5351,
39747,2.55363,
39748,2.6415,
39749,2.74708,
39750,2.71498,
39751,2.70774,
39752,2.71878,
39753,2.44106,
39754,2.67312,
39755,2.44831,
39756,2.74039,
39757,2.5868,
39758,2.64737,
39759,2.48817,
39760,2.65059,
39761,2.65117,
39762,2.63578,
39763,2.53505,
39764,2.48824,
39765,2.63397,
39766,2.62427,
39767,2.34221,
39768,2.47214,
39769,2.47617,
39770,2.63679,
39771,2.67611,
39772,2.60386,
39773,2.62862,
39774,2.70155,
39775,2.77084,
39776,2.46523,
39777,2.79948,
39778,2.66431,
39779,2.64325,
39780,2.63139,
39781,2.71791,
39782,2.81362,
39783,2.74817,
39784,2.62612,
39785,2.52847,
39786,2.92215,
39787,2.74522,
39788,2.76333,
39789,2.72059,
39790,2.5495,
39791,2.59421,
39792,2.7513,
39793,2.26185,
39794,2.42327,
39795,2.31325,
39796,2.51101,
39797,2.6433,
39798,2.71341,
39799,2.70164,
39800,2.70404,
39801,2.66039,
39802,2.51072,
39803,2.58778,
39804,2.68974,
39805,2.8228,
39806,2.66764,
39807,2.54058,
39808,2.26121,
39809,2.33651,
39810,2.74322,
39811,2.45533,
39812,2.65431,
39813,2.46572,
39814,2.60659,
39815,2.43911,
39816,2.45629,
39817,2.47337,
39818,2.48482,
39819,2.4564,
39820,2.42599,
39821,2.52657,
39822,2.7035,
39823,2.42533,
39824,2.67345,
39825,2.49843,
39826,2.86096,
39827,2.83941,
39828,2.78328,
39829,2.90655,
39830,2.87553,
39831,2.7962,
39832,2.61676,
39833,2.48296,
39834,2.77025,
39835,2.63797,
39836,2.64027,
39837,2.76991,
39838,2.68829,
39839,2.78584,
39840,2.71961,
39841,2.7014,
39842,2.60138,
39843,2.67505,
39844,2.83957,
39845,2.77089,
39846,2.73485,
39847,2.66723,
39848,2.57073,
39849,2.83914,
39850,2.61102,
39851,2.60003,
39852,2.69907,
39853,2.70391,
39854,2.6482,
39855,2.97332,
39856,2.8404,
39857,2.71551,
39858,2.61719,
39859,2.87751,
39860,2.81397,
39861,2.69564,
39862,2.77642,
39863,2.70981,
39864,2.70457,
39865,2.75325,
39866,2.71703,
39867,2.65105,
39868,2.47828,
39869,2.67569,
39870,2.67428,
39871,2.66961,
39872,2.4042,
39873,2.51892,
39874,2.2914,
39875,2.6398,
39876,2.66099,
39877,2.39773,
39878,2.56745,
39879,2.50331,
39880,2.68577,
39881,2.52709,
39882,2.52095,
39883,2.26903,
39884,2.63539,
39885,2.69327,
39886,2.70726,
39887,2.65317,
39888,2.7928,
39889,2.72861,
39890,2.82515,
39891,2.76708,
39892,2.79115,
39893,2.81587,
39894,2.676,
39895,2.69794,
39896,2.48929,
39897,2.76012,
39898,2.6849,
39899,2.78135,
39900,2.71823,
39901,2.57443,
39902,2.7015,
39903,2.56967,
39904,2.64926,
39905,2.76746,
39906,2.85897,
39907,2.58756,
39908,2.59925,
39909,2.57399,
39910,2.79005,
39911,2.80433,
39912,2.84053,
39913,2.66187,
39914,2.87713,
39915,2.6789,
39916,2.77216,
39917,2.92361,
39918,2.74846,
39919,2.62554,
39920,2.56078,
39921,2.83384,
39922,2.8595,
39923,2.74621,
39924,2.78514,
39925,2.76813,
39926,2.92303,
39927,2.8149,
39928,3.00975,
39929,2.65847,
39930,2.72526,
39931,2.49161,
39932,2.66853,
39933,2.70127,
39934,2.6699,
39935,2.68567,
39936,2.84262,
39937,2.8051,
39938,2.67873,
39939,2.50479,
39940,2.63636,
39941,2.64189,
39942,2.72363,
39943,2.65519,
39944,2.84251,
39945,2.82503,
39946,2.8616,
39947,2.71212,
39948,2.65093,
39949,2.81002,
39950,2.54039,
39951,2.88445,
39952,2.80958,
39953,2.83332,
39954,2.82061,
39955,2.99482,
39956,3.0976,
39957,2.78116,
39958,2.77445,
39959,2.81333,
39960,2.96511,
39961,2.99648,
39962,2.79945,
39963,2.79028,
39964,2.78633,
39965,2.6328,
39966,2.7894,
39967,2.75488,
39968,2.76734,
39969,2.55656,
39970,2.59246,
39971,2.76531,
39972,2.99339,
39973,3.11937,
39974,3.13736,
39975,3.07866,
39976,3.09691,
39977,3.15249,
39978,3.0422,
39979,3.05062,
39980,3.08867,
39981,3.04906,
39982,3.07583,
39983,3.0504,
39984,3.04318,
39985,2.98648,
39986,3.0669,
39987,3.0758,
39988,3.07037,
39989,3.0178,
39990,2.954,
39991,2.65766,
39992,2.90032,
39993,2.74297,
39994,2.7265,
39995,2.78639,
39996,2.80295,
39997,2.69406,
39998,2.83313,
39999,2.59357,
40000,2.69035,
40001,2.76049,
40002,2.64615,
40003,2.52393,
40004,2.81207,
40005,2.88004,
40006,2.78838,
40007,2.61759,
40008,2.76583,
40009,2.7743,
40010,2.68745,
40011,2.68448,
40012,2.70275,
40013,2.58709,
40014,2.68973,
40015,2.63662,
40016,2.55583,
40017,2.86564,
40018,2.78278,
40019,2.72039,
40020,2.71881,
40021,2.65888,
40022,2.62998,
40023,2.5503,
40024,2.67932,
40025,2.79271,
40026,2.68509,
40027,2.60314,
40028,2.79611,
40029,2.69512,
40030,2.6352,
40031,2.69249,
40032,2.50178,
40033,2.51547,
40034,2.77153,
40035,2.45869,
40036,2.57196,
40037,2.59421,
40038,2.69902,
40039,2.6122,
40040,2.55192,
40041,2.66512,
40042,2.52322,
40043,2.52809,
40044,2.64178,
40045,2.68412,
40046,2.68727,
40047,2.70225,
40048,2.5499,
40049,2.73789,
40050,2.57026,
40051,2.66948,
40052,2.64902,
40053,2.68745,
40054,2.86228,
40055,2.60871,
40056,2.56113,
40057,2.69625,
40058,2.55587,
40059,2.50155,
40060,2.6245,
40061,2.86502,
40062,2.44217,
40063,2.41201,
40064,2.68804,
40065,2.48114,
40066,2.63239,
40067,2.58799,
40068,2.50873,
40069,2.45355,
40070,2.75198,
40071,2.69836,
40072,2.73896,
40073,2.63909,
40074,2.87747,
40075,2.76602,
40076,2.8703,
40077,2.70032,
40078,2.67434,
40079,2.78411,
40080,2.71919,
40081,2.76002,
40082,2.73379,
40083,2.73807,
40084,2.75019,
40085,2.47428,
40086,2.6846,
40087,2.7182,
40088,2.75835,
40089,2.72598,
40090,2.39605,
40091,2.66414,
40092,2.72953,
40093,2.60328,
40094,2.32856,
40095,2.51161,
40096,2.58623,
40097,2.56426,
40098,2.63517,
40099,2.32561,
40100,2.47308,
40101,2.46647,
40102,2.59499,
40103,2.64204,
40104,2.8705,
40105,2.98303,
40106,2.76674,
40107,2.74212,
40108,2.87746,
40109,2.92534,
40110,2.6764,
40111,2.7941,
40112,2.69455,
40113,2.70347,
40114,2.63261,
40115,2.90069,
40116,2.69912,
40117,2.71009,
40118,2.81235,
40119,2.79569,
40120,2.71251,
40121,2.81058,
40122,2.61674,
40123,2.79435,
40124,2.73993,
40125,2.6732,
40126,2.63466,
40127,2.66237,
40128,2.48345,
40129,2.80035,
40130,2.78249,
40131,2.641,
40132,2.7475,
40133,2.70809,
40134,2.76488,
40135,2.88827,
40136,2.79406,
40137,2.69551,
40138,2.6999,
40139,2.76684,
40140,2.54824,
40141,2.67101,
40142,2.75105,
40143,2.83072,
40144,2.62531,
40145,2.68982,
40146,2.64428,
40147,2.74206,
40148,2.69216,
40149,2.78733,
40150,2.53715,
40151,2.71907,
40152,2.67243,
40153,2.55872,
40154,2.72532,
40155,2.84039,
40156,2.6957,
40157,2.38584,
40158,2.65471,
40159,2.68539,
40160,2.65507,
40161,2.60611,
40162,2.5164,
40163,2.62603,
40164,2.57696,
40165,2.65145,
40166,2.39384,
40167,2.43968,
40168,2.50432,
40169,2.62324,
40170,2.62388,
40171,2.54073,
40172,2.36699,
40173,2.56726,
40174,2.5123,
40175,2.58933,
40176,2.46463,
40177,2.51379,
40178,2.71667,
40179,2.61468,
40180,2.67307,
40181,2.40013,
40182,2.5677,
40183,2.47872,
40184,2.55011,
40185,2.69879,
40186,2.40514,
40187,2.53779,
40188,2.44421,
40189,2.38525,
40190,2.53111,
40191,2.51527,
40192,2.52959,
40193,2.49313,
40194,2.69796,
40195,2.50488,
40196,2.52441,
40197,2.70317,
40198,2.8165,
40199,2.69795,
40200,2.73257,
40201,2.98365,
40202,2.73663,
40203,2.6315,
40204,2.87418,
40205,2.68295,
40206,2.81421,
40207,2.84946,
40208,2.74893,
40209,2.75517,
40210,2.75979,
40211,2.50808,
40212,2.75194,
40213,2.72687,
40214,2.56204,
40215,2.71795,
40216,2.64707,
40217,2.5196,
40218,2.68318,
40219,2.68369,
40220,2.51653,
40221,2.61117,
40222,2.68678,
40223,2.76126,
40224,2.6074,
40225,2.69525,
40226,2.63749,
40227,2.89434,
40228,2.99022,
40229,3.01934,
40230,3.02347,
40231,3.05493,
40232,3.00092,
40233,2.98512,
40234,3.05485,
40235,2.93067,
40236,3.02087,
40237,3.03418,
40238,3.00794,
40239,2.90499,
40240,3.00585,
40241,2.97991,
40242,3.00856,
40243,3.05245,
40244,2.97752,
40245,2.99076,
40246,2.93183,
40247,3.00214,
40248,2.68833,
40249,2.92037,
40250,2.3957,
40251,2.50484,
40252,2.42737,
40253,2.30389,
40254,2.41228,
40255,2.34702,
40256,2.66112,
40257,2.26071,
40258,2.45422,
40259,2.40721,
40260,2.48216,
40261,2.47912,
40262,2.26382,
40263,2.324,
40264,2.51281,
40265,2.64471,
40266,2.60775,
40267,2.34297,
40268,2.28158,
40269,2.84351,
40270,2.9212,
40271,2.79495,
40272,2.85211,
40273,2.82388,
40274,2.81829,
40275,2.73642,
40276,2.50966,
40277,2.66018,
40278,2.77908,
40279,2.71105,
40280,2.77046,
40281,2.82722,
40282,2.88351,
40283,2.8169,
40284,2.70058,
40285,2.56859,
40286,2.76615,
40287,2.68319,
40288,2.64854,
40289,2.45125,
40290,2.49191,
40291,2.43032,
40292,2.61217,
40293,2.70517,
40294,2.62907,
40295,2.60975,
40296,2.61075,
40297,2.6809,
40298,2.63096,
40299,2.78009,
40300,2.59439,
40301,2.55978,
40302,2.69352,
40303,2.45724,
40304,2.55585,
40305,2.55031,
40306,2.66623,
40307,2.81518,
40308,2.63034,
40309,2.49448,
40310,2.48634,
40311,2.38885,
40312,2.28606,
40313,2.35978,
40314,2.39246,
40315,2.60801,
40316,2.28168,
40317,2.41611,
40318,2.43739,
40319,2.692,
40320,2.57289,
40321,2.77844,
40322,2.4962,
40323,2.81553,
40324,2.6131,
40325,2.7675,
40326,2.84879,
40327,2.74627,
40328,2.89879,
40329,2.7631,
40330,2.71293,
40331,2.79114,
40332,2.76698,
40333,2.60743,
40334,2.51053,
40335,2.52266,
40336,2.66379,
40337,2.61879,
40338,2.64241,
40339,2.69702,
40340,2.59129,
40341,2.74441,
40342,2.51478,
40343,2.73826,
40344,2.68565,
40345,2.52224,
40346,2.48519,
40347,2.70944,
40348,2.41567,
40349,2.50713,
40350,2.45098,
40351,2.29659,
40352,2.40326,
40353,2.46743,
40354,2.76383,
40355,2.79747,
40356,2.99261,
40357,2.97208,
40358,2.92237,
40359,2.89704,
40360,2.63234,
40361,2.69703,
40362,2.66663,
40363,2.8189,
40364,3.04607,
40365,2.76737,
40366,2.82449,
40367,2.65409,
40368,2.62588,
40369,2.9013,
40370,2.88554,
40371,2.94829,
40372,2.76285,
40373,2.98461,
40374,2.6983,
40375,2.76338,
40376,2.66088,
40377,2.74738,
40378,2.60717,
40379,2.63469,
40380,2.5768,
40381,2.55935,
40382,2.81216,
40383,2.49109,
40384,2.57928,
40385,2.65688,
40386,2.68291,
40387,2.76196,
40388,2.61054,
40389,2.67567,
40390,2.57536,
40391,2.53085,
40392,2.48737,
40393,2.51888,
40394,2.64645,
40395,2.42215,
40396,2.47649,
40397,2.71048,
40398,2.57406,
40399,2.88235,
40400,2.99407,
40401,2.88296,
40402,3.0298,
40403,2.96029,
40404,2.90574,
40405,2.72224,
40406,2.86949,
40407,2.6405,
40408,2.66598,
40409,2.57774,
40410,2.6104,
40411,2.91445,
40412,2.87182,
40413,2.7794,
40414,2.88081,
40415,2.84149,
40416,2.63406,
40417,2.67245,
40418,2.73354,
40419,2.54445,
40420,2.67965,
40421,2.83751,
40422,2.80336,
40423,2.86448,
40424,2.98911,
40425,3.00733,
40426,2.46908,
40427,2.67606,
40428,2.77559,
40429,2.79467,
40430,2.71108,
40431,2.75209,
40432,2.94898,
40433,2.80809,
40434,2.94613,
40435,2.72924,
40436,2.66844,
40437,2.88692,
40438,2.60153,
40439,2.76977,
40440,2.79035,
40441,2.72025,
40442,2.70242,
40443,2.78894,
40444,2.95602,
40445,2.81112,
40446,2.82642,
40447,2.75384,
40448,2.8844,
40449,2.83889,
40450,2.76381,
40451,2.69681,
40452,2.79162,
40453,2.73954,
40454,2.58622,
40455,2.71009,
40456,2.66431,
40457,2.77927,
40458,2.73948,
40459,2.81301,
40460,2.56669,
40461,2.71269,
40462,2.66981,
40463,2.70716,
40464,2.54539,
40465,2.52238,
40466,2.80783,
40467,2.6018,
40468,2.74594,
40469,1.64195,
40470,2.73491,
40471,2.76222,
40472,2.86052,
40473,2.93054,
40474,3.1323,
40475,2.83824,
40476,2.86951,
40477,2.78331,
40478,2.83728,
40479,2.7667,
40480,2.92721,
40481,2.87779,
40482,2.72963,
40483,2.72451,
40484,2.71966,
40485,2.91467,
40486,2.65257,
40487,2.80167,
40488,2.87738,
40489,2.74386,
40490,2.73695,
40491,2.67874,
40492,2.74426,
40493,2.81095,
40494,2.81213,
40495,2.80706,
40496,2.82643,
40497,2.64646,
40498,2.9297,
40499,2.89514,
40500,2.70612,
40501,2.82719,
40502,2.64725,
40503,2.61316,
40504,2.58353,
40505,2.42561,
40506,2.75347,
40507,2.53771,
40508,2.59266,
40509,2.64865,
40510,2.78297,
40511,2.66274,
40512,2.56881,
40513,2.60969,
40514,2.57303,
40515,2.79907,
40516,2.6113,
40517,2.67371,
40518,2.8273,
40519,2.65856,
40520,2.74358,
40521,2.6532,
40522,2.56715,
40523,2.662,
40524,2.68971,
40525,2.8098,
40526,2.71154,
40527,2.68018,
40528,2.73634,
40529,2.77201,
40530,2.62039,
40531,2.45575,
40532,2.64244,
40533,2.56802,
40534,2.69434,
40535,2.67109,
40536,2.44816,
40537,2.73556,
40538,2.83186,
40539,2.72007,
40540,2.67372,
40541,2.58355,
40542,2.82241,
40543,2.65382,
40544,2.3856,
40545,2.69662,
40546,2.6752,
40547,2.82648,
40548,2.59811,
40549,2.56749,
40550,2.6813,
40551,2.58853,
40552,2.54107,
40553,2.67299,
40554,2.59815,
40555,2.72561,
40556,2.75776,
40557,2.72963,
40558,2.52439,
40559,2.67177,
40560,2.59997,
40561,2.77629,
40562,2.77012,
40563,2.75346,
40564,2.73912,
40565,2.91457,
40566,2.6808,
40567,2.79616,
40568,2.76468,
40569,2.57232,
40570,2.81544,
40571,2.70805,
40572,2.89145,
40573,2.68432,
40574,2.48185,
40575,2.54065,
40576,2.6928,
40577,2.57228,
40578,2.60746,
40579,2.45197,
40580,2.56145,
40581,2.79295,
40582,2.73552,
40583,2.7037,
40584,2.85341,
40585,2.65893,
40586,2.7247,
40587,2.70549,
40588,2.83208,
40589,2.82113,
40590,2.83354,
40591,2.79633,
40592,2.76824,
40593,2.76019,
40594,2.71565,
40595,2.83571,
40596,2.51696,
40597,2.62006,
40598,2.80808,
40599,2.72212,
40600,2.71785,
40601,2.52629,
40602,2.66188,
40603,2.81928,
40604,2.51192,
40605,2.6434,
40606,2.59243,
40607,2.5077,
40608,2.64893,
40609,2.48819,
40610,2.55286,
40611,2.57649,
40612,2.71202,
40613,2.62631,
40614,2.72809,
40615,2.77253,
40616,2.7563,
40617,2.58225,
40618,2.67417,
40619,2.52962,
40620,2.65766,
40621,2.50598,
40622,2.78594,
40623,2.70968,
40624,2.75127,
40625,2.79172,
40626,2.75836,
40627,2.61761,
40628,2.76906,
40629,2.73821,
40630,2.73874,
40631,2.7594,
40632,2.85886,
40633,2.94934,
40634,2.85941,
40635,2.76355,
40636,2.74548,
40637,2.65406,
40638,2.66823,
40639,2.51813,
40640,2.63134,
40641,2.5039,
40642,2.7124,
40643,2.57633,
40644,2.80834,
40645,2.64844,
40646,2.7312,
40647,2.90383,
40648,2.79663,
40649,2.98564,
40650,2.66596,
40651,2.53942,
40652,2.80587,
40653,2.4935,
40654,2.75359,
40655,2.60056,
40656,2.8286,
40657,2.90262,
40658,2.89514,
40659,2.60958,
40660,2.85458,
40661,2.7478,
40662,2.72171,
40663,2.74502,
40664,2.83125,
40665,2.61545,
40666,2.88233,
40667,2.46999,
40668,2.80998,
40669,2.74624,
40670,2.87207,
40671,2.69315,
40672,2.83748,
40673,2.8654,
40674,2.64155,
40675,2.83204,
40676,2.55638,
40677,2.68406,
40678,2.67208,
40679,2.92909,
40680,2.92705,
40681,2.53625,
40682,2.75918,
40683,2.68217,
40684,2.82604,
40685,2.80821,
40686,2.97964,
40687,2.7463,
40688,2.7078,
40689,2.79631,
40690,2.83124,
40691,2.66497,
40692,2.64843,
40693,2.60779,
40694,2.66739,
40695,2.86096,
40696,2.87534,
40697,2.79272,
40698,2.7703,
40699,2.73106,
40700,2.52394,
40701,2.7881,
40702,2.66806,
40703,2.81334,
40704,2.71431,
40705,2.72648,
40706,2.74116,
40707,2.85534,
40708,2.80016,
40709,2.69299,
40710,2.72689,
40711,2.82118,
40712,2.60913,
40713,2.93326,
40714,2.78788,
40715,2.72899,
40716,2.64071,
40717,2.7568,
40718,2.78277,
40719,2.65297,
40720,2.58645,
40721,2.86695,
40722,2.61573,
40723,2.60287,
40724,2.72109,
40725,2.58295,
40726,2.52508,
40727,2.78423,
40728,2.86268,
40729,2.67102,
40730,2.62086,
40731,2.58918,
40732,2.76787,
40733,2.83718,
40734,2.45698,
40735,2.74907,
40736,2.69079,
40737,2.78423,
40738,2.75271,
40739,2.83116,
40740,2.59294,
40741,2.64966,
40742,2.7527,
40743,2.39004,
40744,2.42833,
40745,2.87862,
40746,2.6786,
40747,2.76904,
40748,2.53354,
40749,2.504,
40750,2.74733,
40751,2.63129,
40752,2.53357,
40753,2.84083,
40754,2.75747,
40755,2.52193,
40756,2.6668,
40757,2.55287,
40758,2.64621,
40759,2.59869,
40760,2.45139,
40761,2.68593,
40762,2.61433,
40763,2.82438,
40764,2.84926,
40765,2.75456,
40766,2.80999,
40767,2.59876,
40768,2.72782,
40769,2.85125,
40770,2.78739,
40771,2.86532,
40772,2.92446,
40773,3.0117,
40774,3.69231,
40775,2.68554,
40776,2.75686,
40777,2.77444,
40778,2.78706,
40779,2.62191,
40780,2.83702,
40781,2.74299,
40782,2.73204,
40783,2.70276,
40784,3.16112,
40785,2.77086,
40786,2.75161,
40787,2.43209,
40788,2.54933,
40789,2.80058,
40790,2.78856,
40791,2.87309,
40792,3.06183,
40793,2.84006,
40794,2.6664,
40795,2.77187,
40796,2.67621,
40797,2.88601,
40798,2.68383,
40799,2.66669,
40800,2.84113,
40801,2.80003,
40802,2.6869,
40803,2.61913,
40804,2.55295,
40805,2.61706,
40806,2.67712,
40807,2.61661,
40808,2.43707,
40809,2.81127,
40810,2.67438,
40811,2.53533,
40812,2.56343,
40813,2.63423,
40814,2.74127,
40815,2.7083,
40816,2.69422,
40817,2.71499,
40818,2.44651,
40819,2.68065,
40820,2.41349,
40821,2.7357,
40822,2.59705,
40823,2.63365,
40824,2.47637,
40825,2.6548,
40826,2.64384,
40827,2.62329,
40828,2.53382,
40829,2.48603,
40830,2.64028,
40831,2.63121,
40832,2.35427,
40833,2.45574,
40834,2.4679,
40835,2.63843,
40836,2.66495,
40837,2.6083,
40838,2.6273,
40839,2.67756,
40840,2.7611,
40841,2.45682,
40842,2.80346,
40843,2.65168,
40844,2.63872,
40845,2.62432,
40846,2.71604,
40847,2.80634,
40848,2.75026,
40849,2.63348,
40850,2.52657,
40851,2.91719,
40852,2.7372,
40853,2.75853,
40854,2.71636,
40855,2.54881,
40856,2.60204,
40857,2.73143,
40858,2.24492,
40859,2.42928,
40860,2.3115,
40861,2.50783,
40862,2.62876,
40863,2.72336,
40864,2.69766,
40865,2.71059,
40866,2.65447,
40867,2.51462,
40868,2.61313,
40869,2.6908,
40870,2.81832,
40871,2.64773,
40872,2.54124,
40873,2.2611,
40874,2.32512,
40875,2.74823,
40876,2.46048,
40877,2.65586,
40878,2.44735,
40879,2.60218,
40880,2.4495,
40881,2.44834,
40882,2.47848,
40883,2.48374,
40884,2.43672,
40885,2.44024,
40886,2.5366,
40887,2.70811,
40888,2.42169,
40889,2.64706,
40890,2.49374,
40891,2.85974,
40892,2.8414,
40893,2.7601,
40894,2.90534,
40895,2.8686,
40896,2.79337,
40897,2.60775,
40898,2.46058,
40899,2.76264,
40900,2.63634,
40901,2.63441,
40902,2.76002,
40903,2.68847,
40904,2.78782,
40905,2.70462,
40906,2.70751,
40907,2.58705,
40908,2.68298,
40909,2.8362,
40910,2.7727,
40911,2.73947,
40912,2.67003,
40913,2.56468,
40914,2.84614,
40915,2.60081,
40916,2.61059,
40917,2.68844,
40918,2.69922,
40919,2.64151,
40920,2.97984,
40921,2.83125,
40922,2.68958,
40923,2.61517,
40924,2.87138,
40925,2.80705,
40926,2.68699,
40927,2.7724,
40928,2.71424,
40929,2.70063,
40930,2.74401,
40931,2.7035,
40932,2.64643,
40933,2.47443,
40934,2.65553,
40935,2.6851,
40936,2.65271,
40937,2.3914,
40938,2.52332,
40939,2.29578,
40940,2.62595,
40941,2.67241,
40942,2.38332,
40943,2.54233,
40944,2.50294,
40945,2.69387,
40946,2.5244,
40947,2.52784,
40948,2.28312,
40949,2.61626,
40950,2.68712,
40951,2.69596,
40952,2.63521,
40953,2.78793,
40954,2.7142,
40955,2.8226,
40956,2.74977,
40957,2.77875,
40958,2.81671,
40959,2.68169,
40960,2.70092,
40961,2.47015,
40962,2.74471,
40963,2.67802,
40964,2.79595,
40965,2.70186,
40966,2.57542,
40967,2.68944,
40968,2.57564,
40969,2.64142,
40970,2.77022,
40971,2.85209,
40972,2.59123,
40973,2.60444,
40974,2.56877,
40975,2.79676,
40976,2.80517,
40977,2.85081,
40978,2.66174,
40979,2.87046,
40980,2.68395,
40981,2.76488,
40982,2.9156,
40983,2.73292,
40984,2.63154,
40985,2.57318,
40986,2.82955,
40987,2.84981,
40988,2.74569,
40989,2.77982,
40990,2.75325,
40991,2.92738,
40992,2.8138,
40993,3.00053,
40994,2.63404,
40995,2.71974,
40996,2.49337,
40997,2.64969,
40998,2.70835,
40999,2.66767,
41000,2.66849,
41001,2.84353,
41002,2.79506,
41003,2.68218,
41004,2.48982,
41005,2.63426,
41006,2.65236,
41007,2.71636,
41008,2.65149,
41009,2.83124,
41010,2.81104,
41011,2.85494,
41012,2.70358,
41013,2.63827,
41014,2.79771,
41015,2.51837,
41016,2.8799,
41017,2.80817,
41018,2.84974,
41019,2.81142,
41020,2.98808,
41021,3.09439,
41022,2.77087,
41023,2.7853,
41024,2.8134,
41025,2.97084,
41026,3.00827,
41027,2.809,
41028,2.7796,
41029,2.77348,
41030,2.63532,
41031,2.78464,
41032,2.76927,
41033,2.76548,
41034,2.56081,
41035,2.58884,
41036,2.76383,
41037,2.97468,
41038,3.11665,
41039,3.12403,
41040,3.10174,
41041,3.09035,
41042,3.15946,
41043,3.04706,
41044,3.04718,
41045,3.08463,
41046,3.0512,
41047,3.07403,
41048,3.03658,
41049,3.04704,
41050,2.99021,
41051,3.06127,
41052,3.06293,
41053,3.07221,
41054,3.00702,
41055,2.94237,
41056,2.64408,
41057,2.90955,
41058,2.73917,
41059,2.72003,
41060,2.7735,
41061,2.7932,
41062,2.68608,
41063,2.81854,
41064,2.57999,
41065,2.68296,
41066,2.77032,
41067,2.62181,
41068,2.53504,
41069,2.80569,
41070,2.87079,
41071,2.78868,
41072,2.60121,
41073,2.7604,
41074,2.76472,
41075,2.69746,
41076,2.67609,
41077,2.71838,
41078,2.5856,
41079,2.67077,
41080,2.62632,
41081,2.55778,
41082,2.89551,
41083,2.77199,
41084,2.70632,
41085,2.70737,
41086,2.64708,
41087,2.63305,
41088,2.55885,
41089,2.65234,
41090,2.76585,
41091,2.67991,
41092,2.59269,
41093,2.78132,
41094,2.69674,
41095,2.64128,
41096,2.68818,
41097,2.49301,
41098,2.51081,
41099,2.77461,
41100,2.45343,
41101,2.56994,
41102,2.57911,
41103,2.66659,
41104,2.60299,
41105,2.56104,
41106,2.65812,
41107,2.52128,
41108,2.53031,
41109,2.64264,
41110,2.68472,
41111,2.68689,
41112,2.70733,
41113,2.53827,
41114,2.73091,
41115,2.57958,
41116,2.66291,
41117,2.64001,
41118,2.68656,
41119,2.86412,
41120,2.62046,
41121,2.57003,
41122,2.68322,
41123,2.54751,
41124,2.49148,
41125,2.61244,
41126,2.85831,
41127,2.42867,
41128,2.43296,
41129,2.67988,
41130,2.48666,
41131,2.62637,
41132,2.59121,
41133,2.49971,
41134,2.45579,
41135,2.76698,
41136,2.68528,
41137,2.73033,
41138,2.62873,
41139,2.8583,
41140,2.77341,
41141,2.85739,
41142,2.69621,
41143,2.66172,
41144,2.77593,
41145,2.71563,
41146,2.7377,
41147,2.71784,
41148,2.7271,
41149,2.75167,
41150,2.46639,
41151,2.66262,
41152,2.71113,
41153,2.74984,
41154,2.72614,
41155,2.38771,
41156,2.66664,
41157,2.71692,
41158,2.60957,
41159,2.32131,
41160,2.52069,
41161,2.58159,
41162,2.56255,
41163,2.62381,
41164,2.32667,
41165,2.47181,
41166,2.46154,
41167,2.59382,
41168,2.63031,
41169,2.86272,
41170,2.98373,
41171,2.75359,
41172,2.73643,
41173,2.88499,
41174,2.91632,
41175,2.66835,
41176,2.78367,
41177,2.69323,
41178,2.7037,
41179,2.62567,
41180,2.90532,
41181,2.67934,
41182,2.71212,
41183,2.8141,
41184,2.78768,
41185,2.71595,
41186,2.82487,
41187,2.6282,
41188,2.7948,
41189,2.7198,
41190,2.67659,
41191,2.63566,
41192,2.66967,
41193,2.47883,
41194,2.78063,
41195,2.77155,
41196,2.63439,
41197,2.73956,
41198,2.7055,
41199,2.73895,
41200,2.87256,
41201,2.79599,
41202,2.68879,
41203,2.68569,
41204,2.76312,
41205,2.54296,
41206,2.67464,
41207,2.72747,
41208,2.82207,
41209,2.63954,
41210,2.697,
41211,2.64214,
41212,2.74268,
41213,2.70982,
41214,2.78583,
41215,2.54724,
41216,2.71676,
41217,2.65547,
41218,2.53093,
41219,2.70837,
41220,2.84971,
41221,2.68576,
41222,2.39478,
41223,2.65218,
41224,2.67773,
41225,2.65737,
41226,2.61111,
41227,2.51106,
41228,2.62339,
41229,2.57744,
41230,2.65371,
41231,2.37851,
41232,2.43472,
41233,2.51169,
41234,2.60363,
41235,2.61379,
41236,2.55256,
41237,2.36546,
41238,2.55876,
41239,2.47541,
41240,2.57095,
41241,2.45147,
41242,2.50383,
41243,2.72825,
41244,2.61424,
41245,2.65586,
41246,2.3886,
41247,2.57446,
41248,2.47629,
41249,2.54892,
41250,2.69513,
41251,2.39775,
41252,2.53997,
41253,2.44936,
41254,2.38096,
41255,2.53083,
41256,2.50675,
41257,2.4921,
41258,2.49812,
41259,2.69411,
41260,2.49661,
41261,2.52887,
41262,2.70963,
41263,2.80229,
41264,2.6843,
41265,2.73926,
41266,2.97711,
41267,2.71341,
41268,2.63409,
41269,2.85944,
41270,2.68364,
41271,2.80572,
41272,2.83894,
41273,2.74861,
41274,2.75136,
41275,2.75377,
41276,2.51839,
41277,2.74608,
41278,2.73047,
41279,2.55689,
41280,2.71381,
41281,2.63953,
41282,2.51059,
41283,2.68597,
41284,2.68546,
41285,2.51043,
41286,2.6221,
41287,2.67725,
41288,2.75074,
41289,2.59764,
41290,2.69445,
41291,2.62885,
41292,2.89189,
41293,2.98062,
41294,3.00051,
41295,3.03081,
41296,3.04515,
41297,3.01117,
41298,2.99396,
41299,3.05536,
41300,2.91887,
41301,3.0224,
41302,3.04834,
41303,3.0076,
41304,2.90661,
41305,3.00078,
41306,2.9698,
41307,2.99247,
41308,3.0489,
41309,2.97299,
41310,2.99969,
41311,2.93246,
41312,2.99848,
41313,2.676,
41314,2.92084,
41315,2.39403,
41316,2.49013,
41317,2.41638,
41318,2.30212,
41319,2.40053,
41320,2.34968,
41321,2.68425,
41322,2.26334,
41323,2.45421,
41324,2.39012,
41325,2.48756,
41326,2.48168,
41327,2.25707,
41328,2.33494,
41329,2.50337,
41330,2.64731,
41331,2.61375,
41332,2.34352,
41333,2.28932,
41334,2.83792,
41335,2.90695,
41336,2.79727,
41337,2.8382,
41338,2.81095,
41339,2.80548,
41340,2.73165,
41341,2.51405,
41342,2.66051,
41343,2.78599,
41344,2.70572,
41345,2.77238,
41346,2.83727,
41347,2.87779,
41348,2.79879,
41349,2.68588,
41350,2.57399,
41351,2.77623,
41352,2.66666,
41353,2.66102,
41354,2.46039,
41355,2.48665,
41356,2.42746,
41357,2.60585,
41358,2.70459,
41359,2.62083,
41360,2.60372,
41361,2.59741,
41362,2.67202,
41363,2.61168,
41364,2.7831,
41365,2.60115,
41366,2.55647,
41367,2.69017,
41368,2.45942,
41369,2.5657,
41370,2.54679,
41371,2.66124,
41372,2.79733,
41373,2.64102,
41374,2.4956,
41375,2.48094,
41376,2.3882,
41377,2.27435,
41378,2.36463,
41379,2.39724,
41380,2.61924,
41381,2.29986,
41382,2.40317,
41383,2.44599,
41384,2.67419,
41385,2.57233,
41386,2.77098,
41387,2.47721,
41388,2.80172,
41389,2.60774,
41390,2.77252,
41391,2.84103,
41392,2.73957,
41393,2.9142,
41394,2.76175,
41395,2.70585,
41396,2.79769,
41397,2.76332,
41398,2.59819,
41399,2.50706,
41400,2.50588,
41401,2.6551,
41402,2.6081,
41403,2.64695,
41404,2.68582,
41405,2.59876,
41406,2.73274,
41407,2.50815,
41408,2.74804,
41409,2.68332,
41410,2.5318,
41411,2.47237,
41412,2.69767,
41413,2.40564,
41414,2.50806,
41415,2.44432,
41416,2.2941,
41417,2.3918,
41418,2.46942,
41419,2.76223,
41420,2.78065,
41421,2.98644,
41422,2.97844,
41423,2.9186,
41424,2.88372,
41425,2.61046,
41426,2.68271,
41427,2.64903,
41428,2.8024,
41429,3.04032,
41430,2.73984,
41431,2.82557,
41432,2.64541,
41433,2.61162,
41434,2.90777,
41435,2.87181,
41436,2.95576,
41437,2.76002,
41438,2.98039,
41439,2.69041,
41440,2.74784,
41441,2.65195,
41442,2.74202,
41443,2.59682,
41444,2.62903,
41445,2.56302,
41446,2.56598,
41447,2.81148,
41448,2.49159,
41449,2.58209,
41450,2.66539,
41451,2.69817,
41452,2.74715,
41453,2.61534,
41454,2.66029,
41455,2.56841,
41456,2.52993,
41457,2.49072,
41458,2.51117,
41459,2.64612,
41460,2.41342,
41461,2.48401,
41462,2.7078,
41463,2.56756,
41464,2.87133,
41465,2.996,
41466,2.8759,
41467,3.02565,
41468,2.94403,
41469,2.90316,
41470,2.73479,
41471,2.85444,
41472,2.64347,
41473,2.6644,
41474,2.58276,
41475,2.60424,
41476,2.91739,
41477,2.88037,
41478,2.77626,
41479,2.85777,
41480,2.84135,
41481,2.64506,
41482,2.66769,
41483,2.72401,
41484,2.53382,
41485,2.69451,
41486,2.83165,
41487,2.8069,
41488,2.86453,
41489,2.99681,
41490,2.99636,
41491,2.46439,
41492,2.67594,
41493,2.78617,
41494,2.79852,
41495,2.70873,
41496,2.74037,
41497,2.94546,
41498,2.80229,
41499,2.95261,
41500,2.71977,
41501,2.67437,
41502,2.87926,
41503,2.5844,
41504,2.77892,
41505,2.79195,
41506,2.72409,
41507,2.69832,
41508,2.77034,
41509,2.96598,
41510,2.81584,
41511,2.82022,
41512,2.73729,
41513,2.88109,
41514,2.82464,
41515,2.77421,
41516,2.70592,
41517,2.79126,
41518,2.74046,
41519,2.58728,
41520,2.69562,
41521,2.65864,
41522,2.78212,
41523,2.72752,
41524,2.80948,
41525,2.56747,
41526,2.72014,
41527,2.66813,
41528,2.70421,
41529,2.54179,
41530,2.51343,
41531,2.79785,
41532,2.59557,
41533,2.7425,
41534,1.63849,
41535,2.72668,
41536,2.75347,
41537,2.85434,
41538,2.93545,
41539,3.12813,
41540,2.8362,
41541,2.85587,
41542,2.77973,
41543,2.82367,
41544,2.75433,
41545,2.91799,
41546,2.87005,
41547,2.7379,
41548,2.73047,
41549,2.71472,
41550,2.91677,
41551,2.66583,
41552,2.79247,
41553,2.86687,
41554,2.75671,
41555,2.74283,
41556,2.69673,
41557,2.74655,
41558,2.80524,
41559,2.81962,
41560,2.81141,
41561,2.83206,
41562,2.66063,
41563,2.932,
41564,2.92182,
41565,2.69972,
41566,2.83086,
41567,2.64862,
41568,2.58314,
41569,2.57545,
41570,2.42116,
41571,2.74686,
41572,2.54028,
41573,2.58825,
41574,2.66145,
41575,2.78986,
41576,2.66795,
41577,2.58154,
41578,2.61716,
41579,2.57017,
41580,2.78661,
41581,2.60372,
41582,2.66949,
41583,2.81337,
41584,2.64419,
41585,2.74932,
41586,2.66839,
41587,2.5577,
41588,2.66067,
41589,2.68055,
41590,2.80844,
41591,2.71489,
41592,2.68814,
41593,2.73471,
41594,2.77118,
41595,2.6259,
41596,2.45127,
41597,2.65263,
41598,2.56881,
41599,2.69408,
41600,2.66898,
41601,2.45637,
41602,2.74102,
41603,2.82954,
41604,2.72319,
41605,2.64838,
41606,2.57258,
41607,2.82066,
41608,2.65298,
41609,2.39245,
41610,2.69512,
41611,2.66883,
41612,2.81599,
41613,2.58604,
41614,2.55164,
41615,2.66844,
41616,2.56919,
41617,2.54545,
41618,2.6524,
41619,2.61592,
41620,2.71472,
41621,2.76811,
41622,2.72171,
41623,2.53145,
41624,2.66324,
41625,2.59666,
41626,2.76741,
41627,2.77128,
41628,2.74669,
41629,2.73087,
41630,2.90413,
41631,2.68609,
41632,2.78726,
41633,2.73766,
41634,2.57001,
41635,2.80338,
41636,2.71852,
41637,2.89679,
41638,2.69719,
41639,2.46468,
41640,2.54506,
41641,2.70777,
41642,2.57367,
41643,2.60806,
41644,2.45916,
41645,2.56867,
41646,2.78993,
41647,2.73201,
41648,2.6888,
41649,2.86559,
41650,2.64965,
41651,2.73505,
41652,2.68436,
41653,2.82749,
41654,2.80207,
41655,2.83231,
41656,2.79211,
41657,2.77819,
41658,2.77319,
41659,2.71821,
41660,2.83722,
41661,2.51746,
41662,2.64055,
41663,2.8063,
41664,2.73334,
41665,2.71287,
41666,2.538,
41667,2.66312,
41668,2.81311,
41669,2.53144,
41670,2.65384,
41671,2.59946,
41672,2.51303,
41673,2.63981,
41674,2.48064,
41675,2.55522,
41676,2.58244,
41677,2.72867,
41678,2.63291,
41679,2.72639,
41680,2.77569,
41681,2.7472,
41682,2.57614,
41683,2.67521,
41684,2.5283,
41685,2.66113,
41686,2.52036,
41687,2.7868,
41688,2.70187,
41689,2.74747,
41690,2.81322,
41691,2.75201,
41692,2.62196,
41693,2.75483,
41694,2.70731,
41695,2.74277,
41696,2.76175,
41697,2.84662,
41698,2.94647,
41699,2.84809,
41700,2.75009,
41701,2.74744,
41702,2.65572,
41703,2.65482,
41704,2.52679,
41705,2.62764,
41706,2.49872,
41707,2.7176,
41708,2.56699,
41709,2.8059,
41710,2.63926,
41711,2.71857,
41712,2.88039,
41713,2.79213,
41714,2.98294,
41715,2.65727,
41716,2.54179,
41717,2.81113,
41718,2.48791,
41719,2.75729,
41720,2.59408,
41721,2.82197,
41722,2.89347,
41723,2.89772,
41724,2.60868,
41725,2.85043,
41726,2.74781,
41727,2.72208,
41728,2.73205,
41729,2.83832,
41730,2.60617,
41731,2.86923,
41732,2.47212,
41733,2.81837,
41734,2.74598,
41735,2.86874,
41736,2.69462,
41737,2.83523,
41738,2.869,
41739,2.64601,
41740,2.84273,
41741,2.54849,
41742,2.66572,
41743,2.68207,
41744,2.9215,
41745,2.92848,
41746,2.53506,
41747,2.74641,
41748,2.68009,
41749,2.81573,
41750,2.81685,
41751,2.97338,
41752,2.76005,
41753,2.69767,
41754,2.79246,
41755,2.8444,
41756,2.66221,
41757,2.65347,
41758,2.59382,
41759,2.67765,
41760,2.86145,
41761,2.86529,
41762,2.78931,
41763,2.76797,
41764,2.73217,
41765,2.52393,
41766,2.79151,
41767,2.64734,
41768,2.80243,
41769,2.71024,
41770,2.72193,
41771,2.73667,
41772,2.85465,
41773,2.79743,
41774,2.6809,
41775,2.69638,
41776,2.81853,
41777,2.62018,
41778,2.91431,
41779,2.77966,
41780,2.71827,
41781,2.63529,
41782,2.7544,
41783,2.78184,
41784,2.64594,
41785,2.5899,
41786,2.87232,
41787,2.61694,
41788,2.62173,
41789,2.73573,
41790,2.58072,
41791,2.52,
41792,2.80014,
41793,2.84136,
41794,2.66333,
41795,2.61376,
41796,2.58256,
41797,2.76398,
41798,2.83671,
41799,2.47088,
41800,2.75261,
41801,2.67357,
41802,2.7761,
41803,2.76369,
41804,2.83182,
41805,2.60005,
41806,2.64947,
41807,2.75423,
41808,2.38558,
41809,2.42365,
41810,2.8807,
41811,2.67512,
41812,2.76128,
41813,2.52961,
41814,2.50731,
41815,2.75395,
41816,2.62646,
41817,2.5391,
41818,2.83501,
41819,2.74607,
41820,2.50817,
41821,2.66553,
41822,2.54203,
41823,2.64276,
41824,2.61165,
41825,2.43127,
41826,2.68887,
41827,2.62634,
41828,2.81046,
41829,2.85611,
41830,2.75439,
41831,2.8115,
41832,2.5908,
41833,2.72405,
41834,2.84642,
41835,2.79001,
41836,2.86189,
41837,2.92432,
41838,3.00357,
41839,3.68535,
41840,2.69155,
41841,2.76846,
41842,2.77969,
41843,2.78512,
41844,2.60789,
41845,2.8256,
41846,2.74551,
41847,2.73403,
41848,2.70885,
41849,3.15284,
41850,2.76378,
41851,2.74533,
41852,2.42849,
41853,2.55028,
41854,2.80709,
41855,2.79502,
41856,2.87386,
41857,3.05353,
41858,2.84634,
41859,2.67073,
41860,2.76071,
41861,2.68115,
41862,2.88009,
41863,2.68256,
41864,2.67684,
41865,2.84273,
41866,2.80807,
41867,2.68681,
41868,2.61783,
41869,2.54827,
41870,2.62974,
41871,2.67603,
41872,2.62256,
41873,2.42883,
41874,2.80351,
41875,2.67645,
41876,2.53583,
41877,2.55835,
41878,2.64033,
41879,2.7402,
41880,2.71916,
41881,2.70103,
41882,2.71557,
41883,2.43335,
41884,2.67026,
41885,2.42957,
41886,2.74042,
41887,2.57881,
41888,2.63795,
41889,2.48131,
41890,2.64918,
41891,2.64206,
41892,2.62419,
41893,2.53448,
41894,2.48387,
41895,2.63309,
41896,2.61125,
41897,2.34073,
41898,2.45928,
41899,2.4573,
41900,2.63148,
41901,2.66294,
41902,2.59932,
41903,2.62487,
41904,2.68872,
41905,2.77535,
41906,2.45608,
41907,2.80177,
41908,2.64556,
41909,2.63744,
41910,2.61778,
41911,2.72745,
41912,2.80673,
41913,2.72976,
41914,2.61891,
41915,2.52416,
41916,2.90764,
41917,2.74154,
41918,2.77101,
41919,2.71582,
41920,2.54022,
41921,2.59129,
41922,2.72811,
41923,2.25291,
41924,2.42898,
41925,2.30195,
41926,2.51145,
41927,2.62617,
41928,2.72581,
41929,2.71244,
41930,2.70046,
41931,2.66127,
41932,2.50205,
41933,2.59444,
41934,2.68406,
41935,2.81664,
41936,2.64729,
41937,2.5425,
41938,2.24671,
41939,2.31313,
41940,2.73535,
41941,2.45388,
41942,2.65617,
41943,2.44151,
41944,2.60935,
41945,2.45251,
41946,2.4505,
41947,2.48446,
41948,2.4797,
41949,2.44225,
41950,2.44158,
41951,2.52862,
41952,2.69546,
41953,2.41903,
41954,2.64817,
41955,2.50529,
41956,2.85528,
41957,2.82914,
41958,2.76107,
41959,2.89421,
41960,2.8584,
41961,2.78816,
41962,2.58549,
41963,2.45588,
41964,2.74712,
41965,2.62855,
41966,2.62147,
41967,2.7636,
41968,2.68163,
41969,2.77711,
41970,2.7089,
41971,2.7066,
41972,2.58344,
41973,2.66328,
41974,2.8314,
41975,2.76639,
41976,2.73792,
41977,2.66203,
41978,2.55921,
41979,2.83756,
41980,2.59525,
41981,2.58838,
41982,2.70456,
41983,2.70583,
41984,2.64218,
41985,2.9716,
41986,2.82874,
41987,2.69508,
41988,2.60705,
41989,2.86579,
41990,2.79546,
41991,2.68631,
41992,2.76424,
41993,2.71751,
41994,2.71307,
41995,2.75153,
41996,2.71026,
41997,2.63246,
41998,2.47811,
41999,2.66064,
42000,2.68706,
42001,2.66233,
42002,2.39704,
42003,2.51594,
42004,2.30026,
42005,2.62981,
42006,2.6643,
42007,2.38121,
42008,2.54221,
42009,2.49817,
42010,2.6985,
42011,2.52468,
42012,2.53324,
42013,2.26558,
42014,2.61231,
42015,2.67986,
42016,2.6828,
42017,2.6229,
42018,2.79155,
42019,2.71668,
42020,2.81315,
42021,2.74967,
42022,2.79226,
42023,2.81341,
42024,2.67302,
42025,2.68854,
42026,2.47145,
42027,2.74032,
42028,2.66745,
42029,2.79399,
42030,2.69527,
42031,2.57265,
42032,2.69455,
42033,2.57398,
42034,2.64843,
42035,2.76326,
42036,2.8485,
42037,2.57889,
42038,2.59983,
42039,2.56226,
42040,2.79143,
42041,2.79085,
42042,2.8311,
42043,2.64608,
42044,2.86716,
42045,2.67475,
42046,2.75526,
42047,2.91744,
42048,2.71522,
42049,2.61285,
42050,2.55749,
42051,2.8214,
42052,2.83614,
42053,2.74344,
42054,2.7763,
42055,2.7565,
42056,2.91644,
42057,2.80668,
42058,2.9937,
42059,2.63377,
42060,2.71139,
42061,2.49509,
42062,2.6411,
42063,2.70407,
42064,2.67335,
42065,2.67804,
42066,2.83665,
42067,2.78474,
42068,2.67562,
42069,2.49503,
42070,2.62407,
42071,2.63646,
42072,2.71293,
42073,2.65199,
42074,2.84017,
42075,2.80418,
42076,2.83872,
42077,2.69944,
42078,2.63218,
42079,2.78659,
42080,2.51876,
42081,2.8674,
42082,2.80606,
42083,2.82437,
42084,2.81994,
42085,2.98699,
42086,3.08955,
42087,2.76925,
42088,2.78414,
42089,2.81051,
42090,2.96461,
42091,2.99642,
42092,2.80337,
42093,2.7815,
42094,2.78359,
42095,2.64572,
42096,2.78908,
42097,2.75897,
42098,2.77659,
42099,2.55756,
42100,2.57898,
42101,2.77439,
42102,2.98603,
42103,3.11239,
42104,3.11578,
42105,3.07527,
42106,3.09396,
42107,3.15127,
42108,3.03651,
42109,3.04761,
42110,3.08168,
42111,3.04911,
42112,3.06874,
42113,3.0496,
42114,3.05088,
42115,2.98551,
42116,3.05834,
42117,3.06269,
42118,3.07442,
42119,3.00208,
42120,2.9477,
42121,2.65314,
42122,2.88741,
42123,2.72805,
42124,2.72857,
42125,2.76186,
42126,2.79788,
42127,2.69319,
42128,2.80421,
42129,2.57637,
42130,2.68909,
42131,2.75477,
42132,2.62305,
42133,2.52723,
42134,2.80061,
42135,2.87505,
42136,2.79226,
42137,2.59593,
42138,2.75013,
42139,2.75395,
42140,2.69371,
42141,2.67161,
42142,2.69741,
42143,2.59074,
42144,2.67649,
42145,2.62195,
42146,2.56221,
42147,2.86586,
42148,2.76375,
42149,2.7146,
42150,2.70913,
42151,2.62841,
42152,2.62888,
42153,2.5464,
42154,2.65096,
42155,2.75087,
42156,2.68286,
42157,2.60296,
42158,2.77398,
42159,2.68325,
42160,2.6306,
42161,2.6951,
42162,2.49973,
42163,2.51443,
42164,2.77629,
42165,2.47426,
42166,2.58317,
42167,2.58998,
42168,2.65165,
42169,2.61179,
42170,2.54843,
42171,2.66914,
42172,2.51734,
42173,2.52456,
42174,2.65338,
42175,2.67578,
42176,2.68355,
42177,2.69251,
42178,2.54041,
42179,2.74526,
42180,2.57203,
42181,2.66712,
42182,2.62853,
42183,2.68138,
42184,2.85622,
42185,2.60778,
42186,2.55267,
42187,2.69236,
42188,2.54694,
42189,2.47545,
42190,2.61111,
42191,2.85164,
42192,2.43872,
42193,2.41878,
42194,2.68338,
42195,2.49894,
42196,2.62859,
42197,2.57378,
42198,2.51669,
42199,2.44545,
42200,2.72995,
42201,2.68589,
42202,2.74932,
42203,2.64988,
42204,2.8454,
42205,2.76035,
42206,2.86384,
42207,2.68717,
42208,2.6657,
42209,2.78534,
42210,2.71107,
42211,2.73135,
42212,2.72054,
42213,2.73059,
42214,2.75612,
42215,2.45897,
42216,2.66086,
42217,2.71044,
42218,2.73744,
42219,2.7239,
42220,2.39,
42221,2.66495,
42222,2.71995,
42223,2.60032,
42224,2.34046,
42225,2.51272,
42226,2.56688,
42227,2.57194,
42228,2.62416,
42229,2.33238,
42230,2.4664,
42231,2.4684,
42232,2.58803,
42233,2.6272,
42234,2.84726,
42235,2.97903,
42236,2.76353,
42237,2.74123,
42238,2.86371,
42239,2.90576,
42240,2.66022,
42241,2.78374,
42242,2.69548,
42243,2.70074,
42244,2.63691,
42245,2.90571,
42246,2.68435,
42247,2.72022,
42248,2.80147,
42249,2.78986,
42250,2.70135,
42251,2.80631,
42252,2.60443,
42253,2.78235,
42254,2.7273,
42255,2.67564,
42256,2.63517,
42257,2.6736,
42258,2.47534,
42259,2.77598,
42260,2.76737,
42261,2.62939,
42262,2.73383,
42263,2.70381,
42264,2.74132,
42265,2.86492,
42266,2.78273,
42267,2.69175,
42268,2.68713,
42269,2.7637,
42270,2.53655,
42271,2.6663,
42272,2.73552,
42273,2.8136,
42274,2.62021,
42275,2.67708,
42276,2.64561,
42277,2.73348,
42278,2.6882,
42279,2.78501,
42280,2.53589,
42281,2.7064,
42282,2.67833,
42283,2.52548,
42284,2.70412,
42285,2.83055,
42286,2.6845,
42287,2.37102,
42288,2.65414,
42289,2.68133,
42290,2.65181,
42291,2.598,
42292,2.51398,
42293,2.62305,
42294,2.57693,
42295,2.67499,
42296,2.37746,
42297,2.43283,
42298,2.50132,
42299,2.60945,
42300,2.62047,
42301,2.54385,
42302,2.36665,
42303,2.55604,
42304,2.47761,
42305,2.55444,
42306,2.46488,
42307,2.49971,
42308,2.71448,
42309,2.6215,
42310,2.65982,
42311,2.40018,
42312,2.56517,
42313,2.49281,
42314,2.55099,
42315,2.69349,
42316,2.39999,
42317,2.53443,
42318,2.4355,
42319,2.3833,
42320,2.5274,
42321,2.50849,
42322,2.50466,
42323,2.50264,
42324,2.69465,
42325,2.50973,
42326,2.53474,
42327,2.70209,
42328,2.79289,
42329,2.68331,
42330,2.72661,
42331,2.97561,
42332,2.71402,
42333,2.63311,
42334,2.84987,
42335,2.68975,
42336,2.80325,
42337,2.83347,
42338,2.74274,
42339,2.74836,
42340,2.75155,
42341,2.51581,
42342,2.75193,
42343,2.71704,
42344,2.5639,
42345,2.70997,
42346,2.64214,
42347,2.51589,
42348,2.67412,
42349,2.68037,
42350,2.51624,
42351,2.61676,
42352,2.67131,
42353,2.7456,
42354,2.6125,
42355,2.69273,
42356,2.62765,
42357,2.88567,
42358,2.98276,
42359,2.99956,
42360,3.02555,
42361,3.04883,
42362,3.00503,
42363,3.00209,
42364,3.04316,
42365,2.92401,
42366,3.00868,
42367,3.03894,
42368,2.99757,
42369,2.91965,
42370,2.99749,
42371,2.96934,
42372,2.99895,
42373,3.0531,
42374,2.98242,
42375,2.99298,
42376,2.94636,
42377,2.99274,
42378,2.68001,
42379,2.90817,
42380,2.38526,
42381,2.49059,
42382,2.40966,
42383,2.2963,
42384,2.39421,
42385,2.33216,
42386,2.64838,
42387,2.25837,
42388,2.45427,
42389,2.37529,
42390,2.49629,
42391,2.48476,
42392,2.24567,
42393,2.33079,
42394,2.50305,
42395,2.65416,
42396,2.62041,
42397,2.33679,
42398,2.29381,
42399,2.82762,
42400,2.90818,
42401,2.78261,
42402,2.82606,
42403,2.81088,
42404,2.78959,
42405,2.74289,
42406,2.50279,
42407,2.66913,
42408,2.7733,
42409,2.70436,
42410,2.77617,
42411,2.83369,
42412,2.87813,
42413,2.80163,
42414,2.68654,
42415,2.56336,
42416,2.77371,
42417,2.66397,
42418,2.65311,
42419,2.43071,
42420,2.49125,
42421,2.43628,
42422,2.60698,
42423,2.71739,
42424,2.62421,
42425,2.5926,
42426,2.5902,
42427,2.66863,
42428,2.61076,
42429,2.76838,
42430,2.59472,
42431,2.54173,
42432,2.6854,
42433,2.46458,
42434,2.55584,
42435,2.54465,
42436,2.66108,
42437,2.79852,
42438,2.64565,
42439,2.50846,
42440,2.48423,
42441,2.38772,
42442,2.27527,
42443,2.36531,
42444,2.38743,
42445,2.60592,
42446,2.28319,
42447,2.40838,
42448,2.44992,
42449,2.67184,
42450,2.57802,
42451,2.76843,
42452,2.4664,
42453,2.80762,
42454,2.61714,
42455,2.76389,
42456,2.84201,
42457,2.7432,
42458,2.90725,
42459,2.75488,
42460,2.70994,
42461,2.77925,
42462,2.75638,
42463,2.59827,
42464,2.51547,
42465,2.51102,
42466,2.66083,
42467,2.5912,
42468,2.64734,
42469,2.68947,
42470,2.59654,
42471,2.72552,
42472,2.51902,
42473,2.76169,
42474,2.67711,
42475,2.53063,
42476,2.48153,
42477,2.69023,
42478,2.41488,
42479,2.51247,
42480,2.45172,
42481,2.29813,
42482,2.39276,
42483,2.46623,
42484,2.76748,
42485,2.7897,
42486,2.96469,
42487,2.97602,
42488,2.91629,
42489,2.88117,
42490,2.61478,
42491,2.68145,
42492,2.64542,
42493,2.79808,
42494,3.02909,
42495,2.74395,
42496,2.82683,
42497,2.64997,
42498,2.61429,
42499,2.89723,
42500,2.86985,
42501,2.96426,
42502,2.76837,
42503,2.97693,
42504,2.70348,
42505,2.74573,
42506,2.65001,
42507,2.75265,
42508,2.58723,
42509,2.6253,
42510,2.5652,
42511,2.56175,
42512,2.80463,
42513,2.48781,
42514,2.58416,
42515,2.65375,
42516,2.68581,
42517,2.73655,
42518,2.60763,
42519,2.66591,
42520,2.57737,
42521,2.53252,
42522,2.48729,
42523,2.52992,
42524,2.64318,
42525,2.41643,
42526,2.47919,
42527,2.70457,
42528,2.55561,
42529,2.85966,
42530,2.98784,
42531,2.87599,
42532,3.01927,
42533,2.9389,
42534,2.89085,
42535,2.72374,
42536,2.85195,
42537,2.6633,
42538,2.67513,
42539,2.56879,
42540,2.59988,
42541,2.91611,
42542,2.86918,
42543,2.77249,
42544,2.8566,
42545,2.83887,
42546,2.63515,
42547,2.67697,
42548,2.72376,
42549,2.54481,
42550,2.68287,
42551,2.82506,
42552,2.79323,
42553,2.86656,
42554,2.97936,
42555,3.00001,
42556,2.46714,
42557,2.66827,
42558,2.77317,
42559,2.8004,
42560,2.71579,
42561,2.74108,
42562,2.93981,
42563,2.81315,
42564,2.93905,
42565,2.73639,
42566,2.66842,
42567,2.89928,
42568,2.58312,
42569,2.76538,
42570,2.80149,
42571,2.73207,
42572,2.70152,
42573,2.78199,
42574,2.95481,
42575,2.81084,
42576,2.81587,
42577,2.73413,
42578,2.87236,
42579,2.82951,
42580,2.77285,
42581,2.69849,
42582,2.7885,
42583,2.74264,
42584,2.57621,
42585,2.69348,
42586,2.64973,
42587,2.79321,
42588,2.73298,
42589,2.79342,
42590,2.56643,
42591,2.72797,
42592,2.67211,
42593,2.70648,
42594,2.53272,
42595,2.50794,
42596,2.78088,
42597,2.60017,
42598,2.72663,
42599,1.63471,
42600,2.72831,
42601,2.75591,
42602,2.86144,
42603,2.9414,
42604,3.12249,
42605,2.82908,
42606,2.85244,
42607,2.78468,
42608,2.82113,
42609,2.74631,
42610,2.91548,
42611,2.872,
42612,2.72261,
42613,2.71848,
42614,2.72594,
42615,2.91585,
42616,2.65195,
42617,2.78338,
42618,2.86324,
42619,2.74007,
42620,2.73666,
42621,2.67614,
42622,2.75686,
42623,2.82476,
42624,2.81194,
42625,2.80928,
42626,2.81605,
42627,2.62734,
42628,2.92358,
42629,2.89764,
42630,2.70828,
42631,2.82752,
42632,2.64484,
42633,2.58178,
42634,2.59424,
42635,2.44023,
42636,2.74266,
42637,2.52416,
42638,2.59636,
42639,2.65703,
42640,2.78836,
42641,2.6586,
42642,2.56225,
42643,2.61616,
42644,2.56626,
42645,2.77631,
42646,2.61806,
42647,2.66305,
42648,2.81828,
42649,2.64489,
42650,2.74009,
42651,2.63514,
42652,2.56071,
42653,2.6577,
42654,2.6818,
42655,2.8085,
42656,2.72975,
42657,2.6686,
42658,2.73676,
42659,2.77058,
42660,2.61998,
42661,2.44975,
42662,2.63821,
42663,2.56186,
42664,2.68112,
42665,2.68788,
42666,2.47172,
42667,2.74584,
42668,2.83846,
42669,2.72684,
42670,2.65297,
42671,2.59949,
42672,2.8277,
42673,2.65432,
42674,2.40002,
42675,2.70761,
42676,2.66916,
42677,2.82343,
42678,2.57758,
42679,2.55317,
42680,2.66839,
42681,2.59516,
42682,2.54619,
42683,2.67496,
42684,2.60061,
42685,2.71742,
42686,2.75461,
42687,2.70984,
42688,2.52413,
42689,2.66116,
42690,2.59925,
42691,2.76217,
42692,2.76851,
42693,2.75104,
42694,2.72922,
42695,2.8992,
42696,2.68286,
42697,2.78196,
42698,2.75184,
42699,2.56921,
42700,2.80021,
42701,2.71979,
42702,2.89715,
42703,2.69133,
42704,2.4763,
42705,2.55029,
42706,2.69778,
42707,2.57918,
42708,2.58833,
42709,2.45515,
42710,2.57224,
42711,2.785,
42712,2.74268,
42713,2.68201,
42714,2.85849,
42715,2.66041,
42716,2.71414,
42717,2.68194,
42718,2.81529,
42719,2.8063,
42720,2.82585,
42721,2.79691,
42722,2.76456,
42723,2.76946,
42724,2.71187,
42725,2.82347,
42726,2.51302,
42727,2.63978,
42728,2.78882,
42729,2.71445,
42730,2.74604,
42731,2.53678,
42732,2.68293,
42733,2.81631,
42734,2.5266,
42735,2.65912,
42736,2.58796,
42737,2.51695,
42738,2.64319,
42739,2.50095,
42740,2.56041,
42741,2.59778,
42742,2.70843,
42743,2.63093,
42744,2.72287,
42745,2.77056,
42746,2.76376,
42747,2.5704,
42748,2.68941,
42749,2.52129,
42750,2.65219,
42751,2.50759,
42752,2.78023,
42753,2.7004,
42754,2.73323,
42755,2.78948,
42756,2.75364,
42757,2.60678,
42758,2.7429,
42759,2.70663,
42760,2.74769,
42761,2.75959,
42762,2.84959,
42763,2.94692,
42764,2.84804,
42765,2.75213,
42766,2.7487,
42767,2.66021,
42768,2.65482,
42769,2.51797,
42770,2.63564,
42771,2.50106,
42772,2.70461,
42773,2.55842,
42774,2.81228,
42775,2.64462,
42776,2.73514,
42777,2.87882,
42778,2.79491,
42779,2.98721,
42780,2.65855,
42781,2.55103,
42782,2.80408,
42783,2.50775,
42784,2.76499,
42785,2.59433,
42786,2.82162,
42787,2.90494,
42788,2.88643,
42789,2.59784,
42790,2.8639,
42791,2.74513,
42792,2.72828,
42793,2.73499,
42794,2.8222,
42795,2.62071,
42796,2.86695,
42797,2.45667,
42798,2.81663,
42799,2.74884,
42800,2.89171,
42801,2.69706,
42802,2.83415,
42803,2.87593,
42804,2.66374,
42805,2.84537,
42806,2.55901,
42807,2.67906,
42808,2.67954,
42809,2.92843,
42810,2.9247,
42811,2.53624,
42812,2.74241,
42813,2.67849,
42814,2.82157,
42815,2.81369,
42816,2.99541,
42817,2.74551,
42818,2.69934,
42819,2.79306,
42820,2.83691,
42821,2.67432,
42822,2.64499,
42823,2.60681,
42824,2.6769,
42825,2.85254,
42826,2.85985,
42827,2.78806,
42828,2.77065,
42829,2.71885,
42830,2.51702,
42831,2.798,
42832,2.63943,
42833,2.80231,
42834,2.69781,
42835,2.72162,
42836,2.73593,
42837,2.85694,
42838,2.7976,
42839,2.69337,
42840,2.6962,
42841,2.81837,
42842,2.62276,
42843,2.90916,
42844,2.78067,
42845,2.72578,
42846,2.6476,
42847,2.76096,
42848,2.78634,
42849,2.65289,
42850,2.59669,
42851,2.87291,
42852,2.61949,
42853,2.60625,
42854,2.71996,
42855,2.59301,
42856,2.52173,
42857,2.77984,
42858,2.83646,
42859,2.66893,
42860,2.6155,
42861,2.58178,
42862,2.76776,
42863,2.83957,
42864,2.47613,
42865,2.75067,
42866,2.67639,
42867,2.79143,
42868,2.75837,
42869,2.82543,
42870,2.59923,
42871,2.65197,
42872,2.75351,
42873,2.37977,
42874,2.4309,
42875,2.87382,
42876,2.66533,
42877,2.77532,
42878,2.52975,
42879,2.51283,
42880,2.75999,
42881,2.6409,
42882,2.54857,
42883,2.82623,
42884,2.7389,
42885,2.50875,
42886,2.65856,
42887,2.54899,
42888,2.64665,
42889,2.5933,
42890,2.43019,
42891,2.69485,
42892,2.62948,
42893,2.80866,
42894,2.84596,
42895,2.7609,
42896,2.8185,
42897,2.59743,
42898,2.73689,
42899,2.85179,
42900,2.77765,
42901,2.86558,
42902,2.91794,
42903,3.00747,
42904,3.68813,
42905,2.69399,
42906,2.75421,
42907,2.76656,
42908,2.78791,
42909,2.60802,
42910,2.82645,
42911,2.75122,
42912,2.7426,
42913,2.71332,
42914,3.15322,
42915,2.75521,
42916,2.7551,
42917,2.42714,
42918,2.55658,
42919,2.80167,
42920,2.79814,
42921,2.88404,
42922,3.05133,
42923,2.84384,
42924,2.6609,
42925,2.756,
42926,2.67304,
42927,2.88765,
42928,2.67123,
42929,2.66691,
42930,2.84357,
42931,2.80597,
42932,2.70175,
42933,2.61308,
42934,2.55611,
42935,2.60929,
42936,2.67476,
42937,2.62337,
42938,2.43168,
42939,2.79457,
42940,2.66838,
42941,2.54576,
42942,2.55907,
42943,2.63476,
42944,2.74051,
42945,2.72508,
42946,2.68977,
42947,2.71734,
42948,2.43052,
42949,2.66251,
42950,2.41797,
42951,2.73924,
42952,2.58499,
42953,2.64225,
42954,2.47633,
42955,2.64844,
42956,2.64649,
42957,2.62121,
42958,2.53919,
42959,2.49494,
42960,2.63484,
42961,2.61169,
42962,2.34515,
42963,2.45744,
42964,2.46281,
42965,2.64405,
42966,2.66769,
42967,2.59705,
42968,2.62016,
42969,2.70694,
42970,2.77103,
42971,2.45377,
42972,2.78929,
42973,2.65368,
42974,2.64097,
42975,2.62906,
42976,2.72924,
42977,2.81978,
42978,2.71812,
42979,2.6341,
42980,2.53128,
42981,2.90949,
42982,2.74577,
42983,2.77983,
42984,2.74489,
42985,2.54841,
42986,2.59,
42987,2.72162,
42988,2.2564,
42989,2.42866,
42990,2.31649,
42991,2.50013,
42992,2.62405,
42993,2.72595,
42994,2.70778,
42995,2.70773,
42996,2.66511,
42997,2.5147,
42998,2.59274,
42999,2.70213,
43000,2.81642,
43001,2.64954,
43002,2.5423,
43003,2.2483,
43004,2.34322,
43005,2.74049,
43006,2.47923,
43007,2.64991,
43008,2.44824,
43009,2.6041,
43010,2.4501,
43011,2.4557,
43012,2.48128,
43013,2.48005,
43014,2.42857,
43015,2.45331,
43016,2.53181,
43017,2.69797,
43018,2.41987,
43019,2.6487,
43020,2.49318,
43021,2.85692,
43022,2.81069,
43023,2.76947,
43024,2.9014,
43025,2.85557,
43026,2.77745,
43027,2.57972,
43028,2.45296,
43029,2.74516,
43030,2.62999,
43031,2.61702,
43032,2.76909,
43033,2.67235,
43034,2.78356,
43035,2.70386,
43036,2.6938,
43037,2.59988,
43038,2.6743,
43039,2.82296,
43040,2.77782,
43041,2.7332,
43042,2.65956,
43043,2.55953,
43044,2.84602,
43045,2.5983,
43046,2.59609,
43047,2.68763,
43048,2.70904,
43049,2.63271,
43050,2.9687,
43051,2.82415,
43052,2.70414,
43053,2.60871,
43054,2.85913,
43055,2.78709,
43056,2.69075,
43057,2.75897,
43058,2.70851,
43059,2.69598,
43060,2.74346,
43061,2.69394,
43062,2.64212,
43063,2.4831,
43064,2.66529,
43065,2.6818,
43066,2.66643,
43067,2.40379,
43068,2.51738,
43069,2.29355,
43070,2.62298,
43071,2.66444,
43072,2.3905,
43073,2.53993,
43074,2.51905,
43075,2.68241,
43076,2.52477,
43077,2.52832,
43078,2.25916,
43079,2.61066,
43080,2.69712,
43081,2.69751,
43082,2.62079,
43083,2.77447,
43084,2.7095,
43085,2.81432,
43086,2.73897,
43087,2.77944,
43088,2.81871,
43089,2.6723,
43090,2.68562,
43091,2.47634,
43092,2.7413,
43093,2.68181,
43094,2.78154,
43095,2.69413,
43096,2.57536,
43097,2.69745,
43098,2.56547,
43099,2.64502,
43100,2.75876,
43101,2.84661,
43102,2.58524,
43103,2.58226,
43104,2.56916,
43105,2.77843,
43106,2.80312,
43107,2.83107,
43108,2.65242,
43109,2.85817,
43110,2.66511,
43111,2.74402,
43112,2.91919,
43113,2.7202,
43114,2.60604,
43115,2.55055,
43116,2.81268,
43117,2.83493,
43118,2.73703,
43119,2.77816,
43120,2.76199,
43121,2.92983,
43122,2.81216,
43123,2.99158,
43124,2.63616,
43125,2.70976,
43126,2.50723,
43127,2.66208,
43128,2.70401,
43129,2.66894,
43130,2.65732,
43131,2.83647,
43132,2.79294,
43133,2.67267,
43134,2.48494,
43135,2.63745,
43136,2.63888,
43137,2.7089,
43138,2.66868,
43139,2.81725,
43140,2.79748,
43141,2.83769,
43142,2.6843,
43143,2.63722,
43144,2.76915,
43145,2.52302,
43146,2.86521,
43147,2.79916,
43148,2.82663,
43149,2.81483,
43150,2.99025,
43151,3.09393,
43152,2.77298,
43153,2.7725,
43154,2.79649,
43155,2.95377,
43156,3.00184,
43157,2.80094,
43158,2.77074,
43159,2.78969,
43160,2.63984,
43161,2.78773,
43162,2.76402,
43163,2.77107,
43164,2.56731,
43165,2.5804,
43166,2.76954,
43167,2.97033,
43168,3.1135,
43169,3.10197,
43170,3.06974,
43171,3.0734,
43172,3.14041,
43173,3.03716,
43174,3.05586,
43175,3.07531,
43176,3.05188,
43177,3.073,
43178,3.03858,
43179,3.05549,
43180,2.99726,
43181,3.07422,
43182,3.0712,
43183,3.07373,
43184,3.02096,
43185,2.98898,
43186,2.64932,
43187,2.88816,
43188,2.74199,
43189,2.71767,
43190,2.76332,
43191,2.78023,
43192,2.68031,
43193,2.7926,
43194,2.5803,
43195,2.68157,
43196,2.74828,
43197,2.63042,
43198,2.52701,
43199,2.79419,
43200,2.8831,
43201,2.78306,
43202,2.61089,
43203,2.78,
43204,2.75791,
43205,2.69466,
43206,2.65877,
43207,2.69609,
43208,2.60227,
43209,2.68491,
43210,2.63117,
43211,2.558,
43212,2.86757,
43213,2.7568,
43214,2.71278,
43215,2.73181,
43216,2.64221,
43217,2.62059,
43218,2.55126,
43219,2.65739,
43220,2.75097,
43221,2.66893,
43222,2.60279,
43223,2.77794,
43224,2.67265,
43225,2.62942,
43226,2.68899,
43227,2.49507,
43228,2.51474,
43229,2.76892,
43230,2.46974,
43231,2.5801,
43232,2.57459,
43233,2.66645,
43234,2.601,
43235,2.54771,
43236,2.66307,
43237,2.52187,
43238,2.51799,
43239,2.63169,
43240,2.66729,
43241,2.68795,
43242,2.67491,
43243,2.53185,
43244,2.72932,
43245,2.57546,
43246,2.67916,
43247,2.63318,
43248,2.68848,
43249,2.84759,
43250,2.60107,
43251,2.5452,
43252,2.67926,
43253,2.54512,
43254,2.47513,
43255,2.6286,
43256,2.85936,
43257,2.44645,
43258,2.40954,
43259,2.66858,
43260,2.4772,
43261,2.61952,
43262,2.58987,
43263,2.50301,
43264,2.45598,
43265,2.73885,
43266,2.69029,
43267,2.72824,
43268,2.62691,
43269,2.84199,
43270,2.75871,
43271,2.84684,
43272,2.68042,
43273,2.65559,
43274,2.76979,
43275,2.71224,
43276,2.72336,
43277,2.71073,
43278,2.72313,
43279,2.74705,
43280,2.46129,
43281,2.66941,
43282,2.71389,
43283,2.75176,
43284,2.71611,
43285,2.38141,
43286,2.65192,
43287,2.72574,
43288,2.6136,
43289,2.32365,
43290,2.51089,
43291,2.57644,
43292,2.55571,
43293,2.63219,
43294,2.34578,
43295,2.48016,
43296,2.46471,
43297,2.59659,
43298,2.6453,
43299,2.83458,
43300,2.96163,
43301,2.73974,
43302,2.71946,
43303,2.85726,
43304,2.90477,
43305,2.65809,
43306,2.78865,
43307,2.69011,
43308,2.69683,
43309,2.62821,
43310,2.91691,
43311,2.68362,
43312,2.69994,
43313,2.80045,
43314,2.7768,
43315,2.70885,
43316,2.80934,
43317,2.61468,
43318,2.77928,
43319,2.7287,
43320,2.68049,
43321,2.64002,
43322,2.67223,
43323,2.47406,
43324,2.78263,
43325,2.76221,
43326,2.63306,
43327,2.73682,
43328,2.69782,
43329,2.75197,
43330,2.89331,
43331,2.79035,
43332,2.68463,
43333,2.68081,
43334,2.75199,
43335,2.54682,
43336,2.66917,
43337,2.72139,
43338,2.81671,
43339,2.61852,
43340,2.66985,
43341,2.63853,
43342,2.73657,
43343,2.69053,
43344,2.78822,
43345,2.53563,
43346,2.72201,
43347,2.66011,
43348,2.54345,
43349,2.70433,
43350,2.8289,
43351,2.68372,
43352,2.36003,
43353,2.65277,
43354,2.67306,
43355,2.64552,
43356,2.60191,
43357,2.51234,
43358,2.62133,
43359,2.57276,
43360,2.64796,
43361,2.37366,
43362,2.44847,
43363,2.50838,
43364,2.60179,
43365,2.60247,
43366,2.53802,
43367,2.37007,
43368,2.55371,
43369,2.47365,
43370,2.56698,
43371,2.47013,
43372,2.49329,
43373,2.72637,
43374,2.61728,
43375,2.65053,
43376,2.39775,
43377,2.57136,
43378,2.4938,
43379,2.55893,
43380,2.6858,
43381,2.40547,
43382,2.55241,
43383,2.4413,
43384,2.37241,
43385,2.52414,
43386,2.51126,
43387,2.51022,
43388,2.50703,
43389,2.70095,
43390,2.51105,
43391,2.51545,
43392,2.69724,
43393,2.80218,
43394,2.67665,
43395,2.73169,
43396,2.96574,
43397,2.71557,
43398,2.63145,
43399,2.84959,
43400,2.68519,
43401,2.8214,
43402,2.8356,
43403,2.74337,
43404,2.75328,
43405,2.76061,
43406,2.51526,
43407,2.75006,
43408,2.71714,
43409,2.55119,
43410,2.72376,
43411,2.65589,
43412,2.51207,
43413,2.68597,
43414,2.67612,
43415,2.50189,
43416,2.61251,
43417,2.66867,
43418,2.75158,
43419,2.60742,
43420,2.68544,
43421,2.62789,
43422,2.88565,
43423,2.98467,
43424,3.00779,
43425,3.03149,
43426,3.05053,
43427,3.00818,
43428,2.98746,
43429,3.05307,
43430,2.92241,
43431,3.01041,
43432,3.03631,
43433,3.00496,
43434,2.91449,
43435,3.01162,
43436,2.97284,
43437,2.98981,
43438,3.05163,
43439,2.98331,
43440,2.98706,
43441,2.93906,
43442,2.99794,
43443,2.66366,
43444,2.91233,
43445,2.3757,
43446,2.48944,
43447,2.41026,
43448,2.31376,
43449,2.41093,
43450,2.32686,
43451,2.65467,
43452,2.25221,
43453,2.44149,
43454,2.369,
43455,2.50337,
43456,2.48541,
43457,2.26947,
43458,2.33149,
43459,2.49433,
43460,2.6492,
43461,2.61413,
43462,2.35775,
43463,2.2958,
43464,2.84959,
43465,2.91478,
43466,2.77741,
43467,2.8182,
43468,2.81021,
43469,2.80387,
43470,2.73594,
43471,2.50219,
43472,2.67007,
43473,2.78265,
43474,2.7037,
43475,2.7527,
43476,2.81393,
43477,2.87019,
43478,2.81724,
43479,2.68906,
43480,2.57059,
43481,2.78166,
43482,2.68435,
43483,2.64681,
43484,2.43916,
43485,2.47762,
43486,2.43863,
43487,2.61175,
43488,2.70674,
43489,2.627,
43490,2.59809,
43491,2.59863,
43492,2.65977,
43493,2.60195,
43494,2.76487,
43495,2.58102,
43496,2.53852,
43497,2.6783,
43498,2.45685,
43499,2.57318,
43500,2.5346,
43501,2.66153,
43502,2.80578,
43503,2.64006,
43504,2.50183,
43505,2.49136,
43506,2.38916,
43507,2.28628,
43508,2.39127,
43509,2.38539,
43510,2.60906,
43511,2.30241,
43512,2.41584,
43513,2.44711,
43514,2.66755,
43515,2.59429,
43516,2.76627,
43517,2.47835,
43518,2.81524,
43519,2.61066,
43520,2.76576,
43521,2.83313,
43522,2.73593,
43523,2.88617,
43524,2.7389,
43525,2.70006,
43526,2.79057,
43527,2.76782,
43528,2.60836,
43529,2.51531,
43530,2.52179,
43531,2.66377,
43532,2.60027,
43533,2.64628,
43534,2.68964,
43535,2.59678,
43536,2.73009,
43537,2.52083,
43538,2.75473,
43539,2.67785,
43540,2.52979,
43541,2.48057,
43542,2.69644,
43543,2.43069,
43544,2.50553,
43545,2.45236,
43546,2.31274,
43547,2.41058,
43548,2.47884,
43549,2.74593,
43550,2.77778,
43551,2.96468,
43552,2.97431,
43553,2.91748,
43554,2.87626,
43555,2.60485,
43556,2.69114,
43557,2.64162,
43558,2.80048,
43559,3.03025,
43560,2.73977,
43561,2.83472,
43562,2.66144,
43563,2.62226,
43564,2.90428,
43565,2.89052,
43566,2.94287,
43567,2.77686,
43568,2.97116,
43569,2.68046,
43570,2.75177,
43571,2.64775,
43572,2.72963,
43573,2.58266,
43574,2.6181,
43575,2.54943,
43576,2.56592,
43577,2.80814,
43578,2.46575,
43579,2.57876,
43580,2.65354,
43581,2.67329,
43582,2.7415,
43583,2.61299,
43584,2.65804,
43585,2.56895,
43586,2.52154,
43587,2.47727,
43588,2.51709,
43589,2.64187,
43590,2.40765,
43591,2.47306,
43592,2.69202,
43593,2.57157,
43594,2.86063,
43595,2.96789,
43596,2.86295,
43597,3.00319,
43598,2.93694,
43599,2.90095,
43600,2.73449,
43601,2.8519,
43602,2.68649,
43603,2.67099,
43604,2.56198,
43605,2.62895,
43606,2.91706,
43607,2.87582,
43608,2.77065,
43609,2.85527,
43610,2.83483,
43611,2.63927,
43612,2.68582,
43613,2.72818,
43614,2.54893,
43615,2.69903,
43616,2.82501,
43617,2.80457,
43618,2.851,
43619,2.97952,
43620,3.00189,
43621,2.47662,
43622,2.6685,
43623,2.77397,
43624,2.80903,
43625,2.70726,
43626,2.75307,
43627,2.92424,
43628,2.79797,
43629,2.9328,
43630,2.71762,
43631,2.67077,
43632,2.89032,
43633,2.60188,
43634,2.77915,
43635,2.81189,
43636,2.7334,
43637,2.70128,
43638,2.77839,
43639,2.96478,
43640,2.80599,
43641,2.80943,
43642,2.73495,
43643,2.87917,
43644,2.84391,
43645,2.77515,
43646,2.68841,
43647,2.79769,
43648,2.75263,
43649,2.58879,
43650,2.70512,
43651,2.64854,
43652,2.79517,
43653,2.73077,
43654,2.80257,
43655,2.56134,
43656,2.72725,
43657,2.66065,
43658,2.70812,
43659,2.53631,
43660,2.52914,
43661,2.7968,
43662,2.60721,
43663,2.725,
43664,1.63187,
43665,2.72396,
43666,2.75663,
43667,2.84052,
43668,2.92938,
43669,3.10864,
43670,2.84412,
43671,2.84003,
43672,2.77441,
43673,2.82257,
43674,2.74787,
43675,2.91715,
43676,2.86023,
43677,2.72993,
43678,2.71919,
43679,2.72048,
43680,2.91491,
43681,2.65382,
43682,2.79235,
43683,2.86287,
43684,2.73204,
43685,2.73577,
43686,2.67404,
43687,2.74238,
43688,2.81318,
43689,2.7958,
43690,2.79296,
43691,2.8115,
43692,2.6323,
43693,2.93357,
43694,2.90866,
43695,2.70896,
43696,2.82447,
43697,2.63696,
43698,2.57769,
43699,2.57578,
43700,2.42872,
43701,2.746,
43702,2.53747,
43703,2.58045,
43704,2.66944,
43705,2.78116,
43706,2.65211,
43707,2.5711,
43708,2.60323,
43709,2.57354,
43710,2.78426,
43711,2.6242,
43712,2.66892,
43713,2.82273,
43714,2.64902,
43715,2.74648,
43716,2.63886,
43717,2.57086,
43718,2.66564,
43719,2.66844,
43720,2.81412,
43721,2.72828,
43722,2.67324,
43723,2.74628,
43724,2.79986,
43725,2.6196,
43726,2.44472,
43727,2.63163,
43728,2.56839,
43729,2.68649,
43730,2.67008,
43731,2.44803,
43732,2.75141,
43733,2.83183,
43734,2.73318,
43735,2.65692,
43736,2.58881,
43737,2.82922,
43738,2.66492,
43739,2.41793,
43740,2.69415,
43741,2.66964,
43742,2.83733,
43743,2.57826,
43744,2.55741,
43745,2.68406,
43746,2.58517,
43747,2.54506,
43748,2.66632,
43749,2.60486,
43750,2.7145,
43751,2.75245,
43752,2.71213,
43753,2.51936,
43754,2.65918,
43755,2.60653,
43756,2.74447,
43757,2.76813,
43758,2.74732,
43759,2.72851,
43760,2.8998,
43761,2.67946,
43762,2.77646,
43763,2.74158,
43764,2.56863,
43765,2.82464,
43766,2.7123,
43767,2.9004,
43768,2.69245,
43769,2.47537,
43770,2.55793,
43771,2.69007,
43772,2.57326,
43773,2.58226,
43774,2.45809,
43775,2.56738,
43776,2.79635,
43777,2.73463,
43778,2.68054,
43779,2.8438,
43780,2.65088,
43781,2.7181,
43782,2.69041,
43783,2.82213,
43784,2.80356,
43785,2.83622,
43786,2.79616,
43787,2.78162,
43788,2.75632,
43789,2.7115,
43790,2.8248,
43791,2.51398,
43792,2.62032,
43793,2.78705,
43794,2.7202,
43795,2.72214,
43796,2.5421,
43797,2.66319,
43798,2.81567,
43799,2.52363,
43800,2.64646,
43801,2.59682,
43802,2.52309,
43803,2.63535,
43804,2.49646,
43805,2.56541,
43806,2.60305,
43807,2.73177,
43808,2.62939,
43809,2.72553,
43810,2.75376,
43811,2.7461,
43812,2.57795,
43813,2.6777,
43814,2.52078,
43815,2.64272,
43816,2.50885,
43817,2.77478,
43818,2.71722,
43819,2.73535,
43820,2.79406,
43821,2.74435,
43822,2.59993,
43823,2.75071,
43824,2.70642,
43825,2.73574,
43826,2.75577,
43827,2.8396,
43828,2.9278,
43829,2.8526,
43830,2.75464,
43831,2.74741,
43832,2.65459,
43833,2.66424,
43834,2.52275,
43835,2.6319,
43836,2.4911,
43837,2.70674,
43838,2.55868,
43839,2.80993,
43840,2.65611,
43841,2.72818,
43842,2.88645,
43843,2.80032,
43844,2.96576,
43845,2.65977,
43846,2.54394,
43847,2.80129,
43848,2.50467,
43849,2.76258,
43850,2.59423,
43851,2.83702,
43852,2.8888,
43853,2.88347,
43854,2.62245,
43855,2.85126,
43856,2.73895,
43857,2.72264,
43858,2.73435,
43859,2.82671,
43860,2.60446,
43861,2.87005,
43862,2.45128,
43863,2.81339,
43864,2.73119,
43865,2.87431,
43866,2.68916,
43867,2.84556,
43868,2.86848,
43869,2.65398,
43870,2.84146,
43871,2.54609,
43872,2.67191,
43873,2.66633,
43874,2.91799,
43875,2.91123,
43876,2.53062,
43877,2.73906,
43878,2.67382,
43879,2.81281,
43880,2.81851,
43881,2.98796,
43882,2.74504,
43883,2.69515,
43884,2.79724,
43885,2.84843,
43886,2.66434,
43887,2.64887,
43888,2.59543,
43889,2.65485,
43890,2.85329,
43891,2.85753,
43892,2.78168,
43893,2.77444,
43894,2.71596,
43895,2.51884,
43896,2.78129,
43897,2.64519,
43898,2.80025,
43899,2.7159,
43900,2.7167,
43901,2.7374,
43902,2.86313,
43903,2.8017,
43904,2.68476,
43905,2.69714,
43906,2.81191,
43907,2.60696,
43908,2.90983,
43909,2.7599,
43910,2.7283,
43911,2.63333,
43912,2.75629,
43913,2.77722,
43914,2.64507,
43915,2.5732,
43916,2.85972,
43917,2.60939,
43918,2.60724,
43919,2.72779,
43920,2.58646,
43921,2.5171,
43922,2.77842,
43923,2.83696,
43924,2.67481,
43925,2.62,
43926,2.5873,
43927,2.75659,
43928,2.84062,
43929,2.45618,
43930,2.74646,
43931,2.67463,
43932,2.76945,
43933,2.75796,
43934,2.83794,
43935,2.59325,
43936,2.6377,
43937,2.77076,
43938,2.37987,
43939,2.42911,
43940,2.88026,
43941,2.66475,
43942,2.75662,
43943,2.52107,
43944,2.50353,
43945,2.75117,
43946,2.62788,
43947,2.53062,
43948,2.82995,
43949,2.73774,
43950,2.50677,
43951,2.6604,
43952,2.559,
43953,2.65046,
43954,2.5931,
43955,2.43097,
43956,2.69206,
43957,2.61831,
43958,2.82837,
43959,2.84346,
43960,2.75998,
43961,2.82466,
43962,2.59745,
43963,2.71631,
43964,2.84858,
43965,2.77486,
43966,2.85169,
43967,2.91792,
43968,3.0005,
43969,3.68689,
43970,2.69798,
43971,2.75109,
43972,2.77327,
43973,2.78595,
43974,2.60866,
43975,2.82514,
43976,2.73698,
43977,2.73454,
43978,2.69736,
43979,3.16368,
43980,2.7594,
43981,2.75767,
43982,2.42423,
43983,2.5803,
43984,2.80738,
43985,2.79063,
43986,2.87305,
43987,3.05062,
43988,2.84829,
43989,2.65741,
43990,2.76373,
43991,2.68337,
43992,2.88252,
43993,2.67543,
43994,2.67033,
43995,2.82546,
43996,2.80299,
43997,2.68426,
43998,2.62118,
43999,2.54482,
44000,2.59781,
44001,2.66894,
44002,2.61268,
44003,2.43949,
44004,2.79905,
44005,2.67811,
44006,2.55126,
44007,2.56779,
44008,2.62503,
44009,2.73833,
44010,2.71803,
44011,2.69681,
44012,2.71143,
44013,2.42247,
44014,2.67306,
44015,2.41141,
44016,2.71834,
44017,2.58693,
44018,2.63635,
44019,2.47914,
44020,2.6548,
44021,2.6527,
44022,2.6219,
44023,2.53503,
44024,2.47849,
44025,2.62376,
44026,2.61652,
44027,2.36037,
44028,2.46249,
44029,2.47333,
44030,2.62936,
44031,2.66624,
44032,2.59847,
44033,2.62249,
44034,2.67666,
44035,2.79375,
44036,2.46767,
44037,2.78459,
44038,2.65805,
44039,2.64174,
44040,2.62996,
44041,2.72264,
44042,2.81771,
44043,2.72291,
44044,2.61846,
44045,2.5241,
44046,2.91114,
44047,2.74312,
44048,2.76188,
44049,2.7188,
44050,2.54058,
44051,2.59595,
44052,2.71924,
44053,2.25499,
44054,2.4303,
44055,2.31295,
44056,2.50657,
44057,2.63084,
44058,2.72115,
44059,2.7011,
44060,2.70574,
44061,2.66625,
44062,2.51068,
44063,2.57913,
44064,2.68677,
44065,2.80993,
44066,2.64605,
44067,2.55159,
44068,2.25912,
44069,2.31311,
44070,2.74176,
44071,2.45244,
44072,2.64661,
44073,2.45047,
44074,2.60787,
44075,2.4553,
44076,2.45406,
44077,2.47903,
44078,2.48809,
44079,2.42795,
44080,2.45143,
44081,2.54685,
44082,2.69556,
44083,2.43344,
44084,2.65157,
44085,2.48793,
44086,2.83426,
44087,2.80791,
44088,2.7384,
44089,2.8873,
44090,2.84775,
44091,2.7899,
44092,2.58019,
44093,2.43733,
44094,2.74667,
44095,2.62865,
44096,2.63441,
44097,2.76017,
44098,2.66656,
44099,2.77208,
44100,2.69747,
44101,2.70785,
44102,2.58632,
44103,2.67673,
44104,2.82365,
44105,2.77979,
44106,2.7348,
44107,2.67719,
44108,2.55571,
44109,2.83689,
44110,2.58945,
44111,2.58714,
44112,2.68974,
44113,2.69223,
44114,2.6328,
44115,2.95935,
44116,2.82719,
44117,2.67095,
44118,2.59457,
44119,2.85643,
44120,2.80402,
44121,2.66412,
44122,2.74901,
44123,2.69569,
44124,2.68625,
44125,2.74612,
44126,2.69682,
44127,2.6328,
44128,2.47709,
44129,2.6632,
44130,2.6756,
44131,2.66077,
44132,2.40262,
44133,2.525,
44134,2.29117,
44135,2.61686,
44136,2.66569,
44137,2.39233,
44138,2.53134,
44139,2.50742,
44140,2.68659,
44141,2.52058,
44142,2.53566,
44143,2.25498,
44144,2.62056,
44145,2.68157,
44146,2.67776,
44147,2.63141,
44148,2.78669,
44149,2.69754,
44150,2.79993,
44151,2.75107,
44152,2.76498,
44153,2.80871,
44154,2.69325,
44155,2.68208,
44156,2.4848,
44157,2.74672,
44158,2.66829,
44159,2.79511,
44160,2.70011,
44161,2.5577,
44162,2.6932,
44163,2.56783,
44164,2.64062,
44165,2.75627,
44166,2.85239,
44167,2.58039,
44168,2.5887,
44169,2.57729,
44170,2.78128,
44171,2.79702,
44172,2.81298,
44173,2.63627,
44174,2.85402,
44175,2.6494,
44176,2.76255,
44177,2.91078,
44178,2.70757,
44179,2.60228,
44180,2.55229,
44181,2.81316,
44182,2.82493,
44183,2.72876,
44184,2.77609,
44185,2.74486,
44186,2.91979,
44187,2.79468,
44188,2.99376,
44189,2.62759,
44190,2.70792,
44191,2.49509,
44192,2.6418,
44193,2.69032,
44194,2.66642,
44195,2.65667,
44196,2.84131,
44197,2.79265,
44198,2.66821,
44199,2.49022,
44200,2.62468,
44201,2.6372,
44202,2.71475,
44203,2.67406,
44204,2.82901,
44205,2.79667,
44206,2.82758,
44207,2.68017,
44208,2.62591,
44209,2.77207,
44210,2.50409,
44211,2.86206,
44212,2.81461,
44213,2.82586,
44214,2.81759,
44215,2.99257,
44216,3.08587,
44217,2.77847,
44218,2.78056,
44219,2.81095,
44220,2.94899,
44221,2.99397,
44222,2.81045,
44223,2.76734,
44224,2.76942,
44225,2.65369,
44226,2.7896,
44227,2.75566,
44228,2.77374,
44229,2.58021,
44230,2.5885,
44231,2.76736,
44232,2.96509,
44233,3.11048,
44234,3.10597,
44235,3.0639,
44236,3.0595,
44237,3.12756,
44238,3.03325,
44239,3.04273,
44240,3.08863,
44241,3.0682,
44242,3.0675,
44243,3.03713,
44244,3.04686,
44245,2.98805,
44246,3.06558,
44247,3.07294,
44248,3.0788,
44249,3.01489,
44250,2.95859,
44251,2.65715,
44252,2.88193,
44253,2.73045,
44254,2.7168,
44255,2.75798,
44256,2.78102,
44257,2.68406,
44258,2.78913,
44259,2.58731,
44260,2.6854,
44261,2.74519,
44262,2.63248,
44263,2.50995,
44264,2.7951,
44265,2.86606,
44266,2.77562,
44267,2.59812,
44268,2.7607,
44269,2.75093,
44270,2.67852,
44271,2.67007,
44272,2.70148,
44273,2.57945,
44274,2.67001,
44275,2.62608,
44276,2.54266,
44277,2.85323,
44278,2.7742,
44279,2.71157,
44280,2.69766,
44281,2.64838,
44282,2.62566,
44283,2.55174,
44284,2.65306,
44285,2.7523,
44286,2.6751,
44287,2.61133,
44288,2.76628,
44289,2.68172,
44290,2.6386,
44291,2.67965,
44292,2.48981,
44293,2.52841,
44294,2.77064,
44295,2.467,
44296,2.56495,
44297,2.5785,
44298,2.66118,
44299,2.60805,
44300,2.56769,
44301,2.67109,
44302,2.51151,
44303,2.51612,
44304,2.64105,
44305,2.66472,
44306,2.67251,
44307,2.67036,
44308,2.53387,
44309,2.72914,
44310,2.57567,
44311,2.6756,
44312,2.62492,
44313,2.68259,
44314,2.84974,
44315,2.59974,
44316,2.53924,
44317,2.7065,
44318,2.5412,
44319,2.48051,
44320,2.60934,
44321,2.83687,
44322,2.44766,
44323,2.40757,
44324,2.66994,
44325,2.48873,
44326,2.61937,
44327,2.58324,
44328,2.51497,
44329,2.45493,
44330,2.72458,
44331,2.67182,
44332,2.72129,
44333,2.62728,
44334,2.84373,
44335,2.76077,
44336,2.85952,
44337,2.6704,
44338,2.65862,
44339,2.76621,
44340,2.70369,
44341,2.71705,
44342,2.71462,
44343,2.72037,
44344,2.75454,
44345,2.45924,
44346,2.66904,
44347,2.69605,
44348,2.73886,
44349,2.71614,
44350,2.38791,
44351,2.66731,
44352,2.72308,
44353,2.60735,
44354,2.32309,
44355,2.50738,
44356,2.57219,
44357,2.56618,
44358,2.62071,
44359,2.33393,
44360,2.45725,
44361,2.47485,
44362,2.60178,
44363,2.6373,
44364,2.8261,
44365,2.95947,
44366,2.73662,
44367,2.71939,
44368,2.85104,
44369,2.8944,
44370,2.65463,
44371,2.76923,
44372,2.67691,
44373,2.7026,
44374,2.62136,
44375,2.89507,
44376,2.6904,
44377,2.70465,
44378,2.79327,
44379,2.78915,
44380,2.7071,
44381,2.80703,
44382,2.62245,
44383,2.78387,
44384,2.72998,
44385,2.67374,
44386,2.64757,
44387,2.66405,
44388,2.45175,
44389,2.77857,
44390,2.75006,
44391,2.6163,
44392,2.72312,
44393,2.69627,
44394,2.7442,
44395,2.87395,
44396,2.77023,
44397,2.67867,
44398,2.67561,
44399,2.74257,
44400,2.5423,
44401,2.66927,
44402,2.719,
44403,2.81348,
44404,2.62314,
44405,2.67186,
44406,2.63253,
44407,2.73343,
44408,2.69075,
44409,2.78248,
44410,2.55449,
44411,2.72114,
44412,2.65575,
44413,2.5243,
44414,2.69839,
44415,2.83746,
44416,2.68307,
44417,2.35323,
44418,2.64828,
44419,2.66219,
44420,2.65141,
44421,2.59118,
44422,2.51012,
44423,2.6082,
44424,2.56458,
44425,2.64064,
44426,2.386,
44427,2.43232,
44428,2.49496,
44429,2.60125,
44430,2.60767,
44431,2.53036,
44432,2.36645,
44433,2.55138,
44434,2.46685,
44435,2.57588,
44436,2.46387,
44437,2.49361,
44438,2.71182,
44439,2.6076,
44440,2.64778,
44441,2.4042,
44442,2.5845,
44443,2.5061,
44444,2.54215,
44445,2.71081,
44446,2.40563,
44447,2.53246,
44448,2.44915,
44449,2.36759,
44450,2.51213,
44451,2.50686,
44452,2.51111,
44453,2.50944,
44454,2.68914,
44455,2.50309,
44456,2.51677,
44457,2.70265,
44458,2.78113,
44459,2.66536,
44460,2.7281,
44461,2.98486,
44462,2.70332,
44463,2.63239,
44464,2.85797,
44465,2.67899,
44466,2.81966,
44467,2.8275,
44468,2.73947,
44469,2.7478,
44470,2.73689,
44471,2.51141,
44472,2.75576,
44473,2.73867,
44474,2.55051,
44475,2.70931,
44476,2.64639,
44477,2.52329,
44478,2.67628,
44479,2.68481,
44480,2.51422,
44481,2.62006,
44482,2.67306,
44483,2.74387,
44484,2.60814,
44485,2.69476,
44486,2.6386,
44487,2.88884,
44488,2.98955,
44489,2.98873,
44490,3.00652,
44491,3.04376,
44492,3.00216,
44493,2.9832,
44494,3.04334,
44495,2.91896,
44496,3.00745,
44497,3.03752,
44498,2.98916,
44499,2.91806,
44500,3.01082,
44501,2.9719,
44502,2.9922,
44503,3.04957,
44504,2.97473,
44505,3.00089,
44506,2.9345,
44507,3.00241,
44508,2.6502,
44509,2.91612,
44510,2.36852,
44511,2.48058,
44512,2.41082,
44513,2.29536,
44514,2.40434,
44515,2.33344,
44516,2.6354,
44517,2.25819,
44518,2.4387,
44519,2.36422,
44520,2.50112,
44521,2.4675,
44522,2.24432,
44523,2.33482,
44524,2.50132,
44525,2.66248,
44526,2.62208,
44527,2.34839,
44528,2.28755,
44529,2.84025,
44530,2.89011,
44531,2.77487,
44532,2.8277,
44533,2.80145,
44534,2.79231,
44535,2.72159,
44536,2.50991,
44537,2.64875,
44538,2.77369,
44539,2.69002,
44540,2.76475,
44541,2.82026,
44542,2.86348,
44543,2.79956,
44544,2.69156,
44545,2.56747,
44546,2.78333,
44547,2.66787,
44548,2.65062,
44549,2.42953,
44550,2.47888,
44551,2.44344,
44552,2.59584,
44553,2.70268,
44554,2.62296,
44555,2.59689,
44556,2.60389,
44557,2.66273,
44558,2.59935,
44559,2.77614,
44560,2.58382,
44561,2.53922,
44562,2.66684,
44563,2.45649,
44564,2.57064,
44565,2.55152,
44566,2.66325,
44567,2.80828,
44568,2.63806,
44569,2.50073,
44570,2.48542,
44571,2.38599,
44572,2.2808,
44573,2.37138,
44574,2.39544,
44575,2.60899,
44576,2.30034,
44577,2.43333,
44578,2.44572,
44579,2.66437,
44580,2.59017,
44581,2.75855,
44582,2.47119,
44583,2.79191,
44584,2.61412,
44585,2.78046,
44586,2.84514,
44587,2.72304,
44588,2.88093,
44589,2.75229,
44590,2.68744,
44591,2.77806,
44592,2.75723,
44593,2.5918,
44594,2.5186,
44595,2.50544,
44596,2.63764,
44597,2.5791,
44598,2.66344,
44599,2.67678,
44600,2.61401,
44601,2.73745,
44602,2.52672,
44603,2.74749,
44604,2.66532,
44605,2.54128,
44606,2.47621,
44607,2.71458,
44608,2.40906,
44609,2.50673,
44610,2.45832,
44611,2.2989,
44612,2.39635,
44613,2.46202,
44614,2.73495,
44615,2.76713,
44616,2.95449,
44617,2.9645,
44618,2.90345,
44619,2.87239,
44620,2.60235,
44621,2.66352,
44622,2.65372,
44623,2.79259,
44624,3.0197,
44625,2.72696,
44626,2.82327,
44627,2.64141,
44628,2.61487,
44629,2.8965,
44630,2.88214,
44631,2.94548,
44632,2.78036,
44633,2.97377,
44634,2.68458,
44635,2.74586,
44636,2.6503,
44637,2.72576,
44638,2.58876,
44639,2.6168,
44640,2.55257,
44641,2.55697,
44642,2.80623,
44643,2.45999,
44644,2.59028,
44645,2.65595,
44646,2.69013,
44647,2.75088,
44648,2.6061,
44649,2.66711,
44650,2.58874,
44651,2.51745,
44652,2.48463,
44653,2.51501,
44654,2.64389,
44655,2.41679,
44656,2.47545,
44657,2.70633,
44658,2.55017,
44659,2.84699,
44660,2.96127,
44661,2.85154,
44662,3.00491,
44663,2.94002,
44664,2.89448,
44665,2.70594,
44666,2.83985,
44667,2.67535,
44668,2.67645,
44669,2.55724,
44670,2.60249,
44671,2.91493,
44672,2.86839,
44673,2.7678,
44674,2.84716,
44675,2.83413,
44676,2.64435,
44677,2.68174,
44678,2.72666,
44679,2.54849,
44680,2.6854,
44681,2.81888,
44682,2.8025,
44683,2.8638,
44684,2.97696,
44685,3.00783,
44686,2.48609,
44687,2.66896,
44688,2.77937,
44689,2.79398,
44690,2.71024,
44691,2.75672,
44692,2.91533,
44693,2.79508,
44694,2.92221,
44695,2.71778,
44696,2.66892,
44697,2.88874,
44698,2.57795,
44699,2.76908,
44700,2.80125,
44701,2.72213,
44702,2.69194,
44703,2.78668,
44704,2.95028,
44705,2.79517,
44706,2.81352,
44707,2.74402,
44708,2.88511,
44709,2.85084,
44710,2.7616,
44711,2.69408,
44712,2.79482,
44713,2.74266,
44714,2.58269,
44715,2.69457,
44716,2.64777,
44717,2.79718,
44718,2.73608,
44719,2.79637,
44720,2.56233,
44721,2.71401,
44722,2.67664,
44723,2.70877,
44724,2.54703,
44725,2.5086,
44726,2.7894,
44727,2.59808,
44728,2.72411,
44729,1.63095,
44730,2.72181,
44731,2.75428,
44732,2.84115,
44733,2.93466,
44734,3.11184,
44735,2.84173,
44736,2.84964,
44737,2.78052,
44738,2.82553,
44739,2.75149,
44740,2.92201,
44741,2.86246,
44742,2.73112,
44743,2.72839,
44744,2.71154,
44745,2.91048,
44746,2.6597,
44747,2.78584,
44748,2.8517,
44749,2.7386,
44750,2.73976,
44751,2.67345,
44752,2.74728,
44753,2.80144,
44754,2.78685,
44755,2.8126,
44756,2.80949,
44757,2.64516,
44758,2.93071,
44759,2.90718,
44760,2.70142,
44761,2.83516,
44762,2.65499,
44763,2.58719,
44764,2.57554,
44765,2.42634,
44766,2.74159,
44767,2.51051,
44768,2.59096,
44769,2.65333,
44770,2.78717,
44771,2.64815,
44772,2.5613,
44773,2.60593,
44774,2.56205,
44775,2.78562,
44776,2.60216,
44777,2.66322,
44778,2.8108,
44779,2.6544,
44780,2.74245,
44781,2.63726,
44782,2.55156,
44783,2.66239,
44784,2.67249,
44785,2.81124,
44786,2.73196,
44787,2.67865,
44788,2.72947,
44789,2.78342,
44790,2.62111,
44791,2.4322,
44792,2.63199,
44793,2.55608,
44794,2.69863,
44795,2.67495,
44796,2.45872,
44797,2.75353,
44798,2.82987,
44799,2.73973,
44800,2.66579,
44801,2.5936,
44802,2.82037,
44803,2.66711,
44804,2.41148,
44805,2.7072,
44806,2.66632,
44807,2.82259,
44808,2.58558,
44809,2.57434,
44810,2.67984,
44811,2.59092,
44812,2.55253,
44813,2.67142,
44814,2.60761,
44815,2.70973,
44816,2.725,
44817,2.71104,
44818,2.52344,
44819,2.6546,
44820,2.60767,
44821,2.76888,
44822,2.76538,
44823,2.73716,
44824,2.75836,
44825,2.89283,
44826,2.69052,
44827,2.7808,
44828,2.73296,
44829,2.56053,
44830,2.80911,
44831,2.70938,
44832,2.89637,
44833,2.67757,
44834,2.47861,
44835,2.5574,
44836,2.69306,
44837,2.59378,
44838,2.59107,
44839,2.46405,
44840,2.58895,
44841,2.79409,
44842,2.73066,
44843,2.67256,
44844,2.84837,
44845,2.63431,
44846,2.72277,
44847,2.69062,
44848,2.80839,
44849,2.79817,
44850,2.83695,
44851,2.79113,
44852,2.76444,
44853,2.75849,
44854,2.70706,
44855,2.82639,
44856,2.51199,
44857,2.62593,
44858,2.78672,
44859,2.71831,
44860,2.71717,
44861,2.54378,
44862,2.67049,
44863,2.81814,
44864,2.52856,
44865,2.64284,
44866,2.59588,
44867,2.51913,
44868,2.64537,
44869,2.48398,
44870,2.5526,
44871,2.60079,
44872,2.71668,
44873,2.63826,
44874,2.75705,
44875,2.76491,
44876,2.74654,
44877,2.58087,
44878,2.68692,
44879,2.51189,
44880,2.63901,
44881,2.51031,
44882,2.77788,
44883,2.7046,
44884,2.73082,
44885,2.78787,
44886,2.75929,
44887,2.59548,
44888,2.75981,
44889,2.70209,
44890,2.73212,
44891,2.77488,
44892,2.83735,
44893,2.92846,
44894,2.84443,
44895,2.75126,
44896,2.73967,
44897,2.65637,
44898,2.64494,
44899,2.50677,
44900,2.62706,
44901,2.4937,
44902,2.70119,
44903,2.56255,
44904,2.80895,
44905,2.64372,
44906,2.73141,
44907,2.88648,
44908,2.79308,
44909,2.96144,
44910,2.67513,
44911,2.56127,
44912,2.80458,
44913,2.50876,
44914,2.75813,
44915,2.58031,
44916,2.81356,
44917,2.90134,
44918,2.88783,
44919,2.59641,
44920,2.85565,
44921,2.73688,
44922,2.72523,
44923,2.73567,
44924,2.8285,
44925,2.60864,
44926,2.85567,
44927,2.45034,
44928,2.79601,
44929,2.73424,
44930,2.86931,
44931,2.68625,
44932,2.83876,
44933,2.87063,
44934,2.65963,
44935,2.84018,
44936,2.55036,
44937,2.66665,
44938,2.67036,
44939,2.92325,
44940,2.91342,
44941,2.5328,
44942,2.72401,
44943,2.66469,
44944,2.8206,
44945,2.81357,
44946,2.98216,
44947,2.7361,
44948,2.70848,
44949,2.79447,
44950,2.82944,
44951,2.67031,
44952,2.65568,
44953,2.60171,
44954,2.65383,
44955,2.84725,
44956,2.85443,
44957,2.77845,
44958,2.7535,
44959,2.71063,
44960,2.50767,
44961,2.77402,
44962,2.63586,
44963,2.79092,
44964,2.70491,
44965,2.72506,
44966,2.72629,
44967,2.84898,
44968,2.80728,
44969,2.69441,
44970,2.70425,
44971,2.81596,
44972,2.61445,
44973,2.90126,
44974,2.77068,
44975,2.74116,
44976,2.62177,
44977,2.75473,
44978,2.77809,
44979,2.64751,
44980,2.5733,
44981,2.86919,
44982,2.6043,
44983,2.62285,
44984,2.71486,
44985,2.59016,
44986,2.517,
44987,2.78449,
44988,2.83006,
44989,2.66111,
44990,2.60116,
44991,2.57946,
44992,2.75238,
44993,2.84937,
44994,2.46112,
44995,2.75081,
44996,2.67951,
44997,2.77377,
44998,2.76336,
44999,2.8193,
45000,2.59392,
45001,2.62259,
45002,2.75512,
45003,2.39057,
45004,2.43881,
45005,2.87861,
45006,2.65719,
45007,2.76147,
45008,2.51603,
45009,2.51131,
45010,2.75546,
45011,2.61672,
45012,2.52923,
45013,2.82073,
45014,2.73244,
45015,2.50242,
45016,2.65715,
45017,2.55516,
45018,2.64419,
45019,2.58289,
45020,2.44003,
45021,2.68713,
45022,2.60691,
45023,2.81056,
45024,2.83418,
45025,2.76068,
45026,2.83149,
45027,2.61525,
45028,2.7263,
45029,2.85459,
45030,2.77936,
45031,2.84999,
45032,2.92143,
45033,3.00331,
45034,3.68578,
45035,2.68759,
45036,2.76627,
45037,2.78307,
45038,2.81053,
45039,2.60474,
45040,2.82994,
45041,2.74374,
45042,2.74359,
45043,2.71488,
45044,3.15753,
45045,2.76145,
45046,2.74959,
45047,2.42873,
45048,2.56363,
45049,2.81424,
45050,2.79658,
45051,2.887,
45052,3.05224,
45053,2.8504,
45054,2.66665,
45055,2.74681,
45056,2.6884,
45057,2.89154,
45058,2.68188,
45059,2.65496,
45060,2.82868,
45061,2.80233,
45062,2.70334,
45063,2.61427,
45064,2.54177,
45065,2.61227,
45066,2.66833,
45067,2.60854,
45068,2.42476,
45069,2.80385,
45070,2.67513,
45071,2.53741,
45072,2.56455,
45073,2.61935,
45074,2.73776,
45075,2.72589,
45076,2.69933,
45077,2.70933,
45078,2.43241,
45079,2.67116,
45080,2.41478,
45081,2.72738,
45082,2.58068,
45083,2.6361,
45084,2.4984,
45085,2.65141,
45086,2.64401,
45087,2.63044,
45088,2.52606,
45089,2.48888,
45090,2.63405,
45091,2.61467,
45092,2.33745,
45093,2.45558,
45094,2.47656,
45095,2.63001,
45096,2.68694,
45097,2.59156,
45098,2.62706,
45099,2.69206,
45100,2.76467,
45101,2.45777,
45102,2.79243,
45103,2.65425,
45104,2.6229,
45105,2.62485,
45106,2.72888,
45107,2.8238,
45108,2.7248,
45109,2.63284,
45110,2.53567,
45111,2.93241,
45112,2.73976,
45113,2.76266,
45114,2.73291,
45115,2.54186,
45116,2.60081,
45117,2.74071,
45118,2.2509,
45119,2.43635,
45120,2.32406,
45121,2.49716,
45122,2.62998,
45123,2.72886,
45124,2.70996,
45125,2.69763,
45126,2.66386,
45127,2.4996,
45128,2.58974,
45129,2.70174,
45130,2.81043,
45131,2.65774,
45132,2.5419,
45133,2.24933,
45134,2.30958,
45135,2.75159,
45136,2.4549,
45137,2.6585,
45138,2.45464,
45139,2.61875,
45140,2.46647,
45141,2.45321,
45142,2.49231,
45143,2.49679,
45144,2.43775,
45145,2.44651,
45146,2.56298,
45147,2.69958,
45148,2.42853,
45149,2.65532,
45150,2.49441,
45151,2.84404,
45152,2.81359,
45153,2.75502,
45154,2.87311,
45155,2.85835,
45156,2.78595,
45157,2.58875,
45158,2.4409,
45159,2.74079,
45160,2.63493,
45161,2.60934,
45162,2.76685,
45163,2.65885,
45164,2.77291,
45165,2.68573,
45166,2.69363,
45167,2.58637,
45168,2.66578,
45169,2.84053,
45170,2.77108,
45171,2.7422,
45172,2.64828,
45173,2.55927,
45174,2.83198,
45175,2.58852,
45176,2.58851,
45177,2.67728,
45178,2.70723,
45179,2.63085,
45180,2.9567,
45181,2.8224,
45182,2.67403,
45183,2.59356,
45184,2.8545,
45185,2.78606,
45186,2.66033,
45187,2.75055,
45188,2.69949,
45189,2.68995,
45190,2.73666,
45191,2.70587,
45192,2.62417,
45193,2.47061,
45194,2.65702,
45195,2.67617,
45196,2.65709,
45197,2.4081,
45198,2.52588,
45199,2.30125,
45200,2.62738,
45201,2.66243,
45202,2.41328,
45203,2.53012,
45204,2.52198,
45205,2.68734,
45206,2.53396,
45207,2.52623,
45208,2.26441,
45209,2.61987,
45210,2.67814,
45211,2.68363,
45212,2.62122,
45213,2.76498,
45214,2.70527,
45215,2.81105,
45216,2.75115,
45217,2.7617,
45218,2.80717,
45219,2.68542,
45220,2.68685,
45221,2.47221,
45222,2.75026,
45223,2.67996,
45224,2.78372,
45225,2.69803,
45226,2.56336,
45227,2.67632,
45228,2.57307,
45229,2.64591,
45230,2.76361,
45231,2.84374,
45232,2.58081,
45233,2.59449,
45234,2.5593,
45235,2.78844,
45236,2.79207,
45237,2.82224,
45238,2.64684,
45239,2.84057,
45240,2.64668,
45241,2.74117,
45242,2.92344,
45243,2.71055,
45244,2.59647,
45245,2.54946,
45246,2.80934,
45247,2.82518,
45248,2.72615,
45249,2.7766,
45250,2.75702,
45251,2.93424,
45252,2.8119,
45253,2.98871,
45254,2.63623,
45255,2.71283,
45256,2.50413,
45257,2.65364,
45258,2.7007,
45259,2.66909,
45260,2.6629,
45261,2.84234,
45262,2.79572,
45263,2.67017,
45264,2.48824,
45265,2.61305,
45266,2.63306,
45267,2.71177,
45268,2.66007,
45269,2.81521,
45270,2.78761,
45271,2.82265,
45272,2.67133,
45273,2.62147,
45274,2.76805,
45275,2.49809,
45276,2.85978,
45277,2.79244,
45278,2.81919,
45279,2.82704,
45280,2.98614,
45281,3.08418,
45282,2.7692,
45283,2.78323,
45284,2.79117,
45285,2.93879,
45286,2.99491,
45287,2.80707,
45288,2.77316,
45289,2.77621,
45290,2.64543,
45291,2.79215,
45292,2.75657,
45293,2.77004,
45294,2.57087,
45295,2.59065,
45296,2.76342,
45297,2.96417,
45298,3.10577,
45299,3.09538,
45300,3.05216,
45301,3.0539,
45302,3.12985,
45303,3.01773,
45304,3.03394,
45305,3.08448,
45306,3.04117,
45307,3.05576,
45308,3.03379,
45309,3.04753,
45310,2.99513,
45311,3.06064,
45312,3.06507,
45313,3.07061,
45314,3.0139,
45315,2.96016,
45316,2.66659,
45317,2.87734,
45318,2.71348,
45319,2.70803,
45320,2.75867,
45321,2.78082,
45322,2.67417,
45323,2.79336,
45324,2.58906,
45325,2.67272,
45326,2.75078,
45327,2.63456,
45328,2.51783,
45329,2.79535,
45330,2.87985,
45331,2.77619,
45332,2.60135,
45333,2.75842,
45334,2.75883,
45335,2.66969,
45336,2.66977,
45337,2.70114,
45338,2.57515,
45339,2.6663,
45340,2.61226,
45341,2.55089,
45342,2.84627,
45343,2.75289,
45344,2.70096,
45345,2.70836,
45346,2.63047,
45347,2.61756,
45348,2.55251,
45349,2.66377,
45350,2.74741,
45351,2.66972,
45352,2.59514,
45353,2.77458,
45354,2.69131,
45355,2.63838,
45356,2.68789,
45357,2.51241,
45358,2.53661,
45359,2.76873,
45360,2.46754,
45361,2.57883,
45362,2.59318,
45363,2.66085,
45364,2.60978,
45365,2.55633,
45366,2.66151,
45367,2.52515,
45368,2.54031,
45369,2.62265,
45370,2.66049,
45371,2.6793,
45372,2.67424,
45373,2.5371,
45374,2.72391,
45375,2.58092,
45376,2.66951,
45377,2.62939,
45378,2.69081,
45379,2.84278,
45380,2.60522,
45381,2.55352,
45382,2.6828,
45383,2.54207,
45384,2.48069,
45385,2.62549,
45386,2.84006,
45387,2.44707,
45388,2.41369,
45389,2.66989,
45390,2.48806,
45391,2.63022,
45392,2.58231,
45393,2.50964,
45394,2.4531,
45395,2.71214,
45396,2.67872,
45397,2.72812,
45398,2.61588,
45399,2.84085,
45400,2.7578,
45401,2.86627,
45402,2.67645,
45403,2.66851,
45404,2.76524,
45405,2.69083,
45406,2.73504,
45407,2.72326,
45408,2.73371,
45409,2.74752,
45410,2.45249,
45411,2.64624,
45412,2.70094,
45413,2.73825,
45414,2.71397,
45415,2.38589,
45416,2.6576,
45417,2.69776,
45418,2.59867,
45419,2.34889,
45420,2.51381,
45421,2.57353,
45422,2.55883,
45423,2.62756,
45424,2.34011,
45425,2.46899,
45426,2.46863,
45427,2.59951,
45428,2.64491,
45429,2.81835,
45430,2.95517,
45431,2.7427,
45432,2.72511,
45433,2.8515,
45434,2.88541,
45435,2.66642,
45436,2.77167,
45437,2.70411,
45438,2.70896,
45439,2.61029,
45440,2.88812,
45441,2.67822,
45442,2.69768,
45443,2.8071,
45444,2.77819,
45445,2.72475,
45446,2.81353,
45447,2.61535,
45448,2.78285,
45449,2.73823,
45450,2.68832,
45451,2.64922,
45452,2.67367,
45453,2.44786,
45454,2.76195,
45455,2.7521,
45456,2.64527,
45457,2.72998,
45458,2.69735,
45459,2.73185,
45460,2.86847,
45461,2.77679,
45462,2.67531,
45463,2.67264,
45464,2.73788,
45465,2.52624,
45466,2.66504,
45467,2.72967,
45468,2.81233,
45469,2.61189,
45470,2.67296,
45471,2.64145,
45472,2.74516,
45473,2.68129,
45474,2.7778,
45475,2.54808,
45476,2.70583,
45477,2.65581,
45478,2.52589,
45479,2.69419,
45480,2.83363,
45481,2.69971,
45482,2.35101,
45483,2.65146,
45484,2.66429,
45485,2.64348,
45486,2.60492,
45487,2.52039,
45488,2.60824,
45489,2.57656,
45490,2.64011,
45491,2.3767,
45492,2.43212,
45493,2.50674,
45494,2.59421,
45495,2.59858,
45496,2.53059,
45497,2.36895,
45498,2.56463,
45499,2.48101,
45500,2.56098,
45501,2.45776,
45502,2.50041,
45503,2.71944,
45504,2.60174,
45505,2.65508,
45506,2.4014,
45507,2.57112,
45508,2.4827,
45509,2.53818,
45510,2.69914,
45511,2.40636,
45512,2.53415,
45513,2.4401,
45514,2.39381,
45515,2.51319,
45516,2.51045,
45517,2.50216,
45518,2.50554,
45519,2.69027,
45520,2.4944,
45521,2.51161,
45522,2.69533,
45523,2.7756,
45524,2.67108,
45525,2.71495,
45526,2.95424,
45527,2.70451,
45528,2.63044,
45529,2.86718,
45530,2.68044,
45531,2.79879,
45532,2.82767,
45533,2.72627,
45534,2.75084,
45535,2.74438,
45536,2.51778,
45537,2.75902,
45538,2.73151,
45539,2.54464,
45540,2.7183,
45541,2.63957,
45542,2.50948,
45543,2.67217,
45544,2.69032,
45545,2.50036,
45546,2.62542,
45547,2.67775,
45548,2.74323,
45549,2.59883,
45550,2.68641,
45551,2.63109,
45552,2.87721,
45553,2.97844,
45554,2.98682,
45555,3.01427,
45556,3.03478,
45557,2.99053,
45558,2.97932,
45559,3.04063,
45560,2.91629,
45561,3.01162,
45562,3.03956,
45563,2.98904,
45564,2.91818,
45565,3.00421,
45566,2.97271,
45567,2.98775,
45568,3.04289,
45569,2.99198,
45570,3.01378,
45571,2.93048,
45572,2.99846,
45573,2.65016,
45574,2.91005,
45575,2.36008,
45576,2.46546,
45577,2.4092,
45578,2.30483,
45579,2.39371,
45580,2.31373,
45581,2.63012,
45582,2.25926,
45583,2.43284,
45584,2.37657,
45585,2.49654,
45586,2.47226,
45587,2.27499,
45588,2.32645,
45589,2.49591,
45590,2.63879,
45591,2.63298,
45592,2.36443,
45593,2.29972,
45594,2.83424,
45595,2.89711,
45596,2.75371,
45597,2.81364,
45598,2.8076,
45599,2.79017,
45600,2.71694,
45601,2.49988,
45602,2.65287,
45603,2.77117,
45604,2.7006,
45605,2.75634,
45606,2.82194,
45607,2.85396,
45608,2.79934,
45609,2.69726,
45610,2.5727,
45611,2.76788,
45612,2.66633,
45613,2.66019,
45614,2.42101,
45615,2.48007,
45616,2.42937,
45617,2.59741,
45618,2.7019,
45619,2.61577,
45620,2.59871,
45621,2.58503,
45622,2.66815,
45623,2.5961,
45624,2.76745,
45625,2.59256,
45626,2.54673,
45627,2.66571,
45628,2.45526,
45629,2.57382,
45630,2.53453,
45631,2.65904,
45632,2.81016,
45633,2.65068,
45634,2.50874,
45635,2.49169,
45636,2.38616,
45637,2.29387,
45638,2.37631,
45639,2.39287,
45640,2.61257,
45641,2.2976,
45642,2.41578,
45643,2.45665,
45644,2.67845,
45645,2.58598,
45646,2.76472,
45647,2.48323,
45648,2.81153,
45649,2.62088,
45650,2.77882,
45651,2.83203,
45652,2.72158,
45653,2.88525,
45654,2.72749,
45655,2.69103,
45656,2.76519,
45657,2.76625,
45658,2.59233,
45659,2.51016,
45660,2.50382,
45661,2.64046,
45662,2.58247,
45663,2.65761,
45664,2.67189,
45665,2.60841,
45666,2.72879,
45667,2.5121,
45668,2.75039,
45669,2.66864,
45670,2.53967,
45671,2.4664,
45672,2.68132,
45673,2.41633,
45674,2.51545,
45675,2.45868,
45676,2.29221,
45677,2.39851,
45678,2.46465,
45679,2.73738,
45680,2.76106,
45681,2.94838,
45682,2.95075,
45683,2.89936,
45684,2.85352,
45685,2.60201,
45686,2.66739,
45687,2.63868,
45688,2.79324,
45689,3.02876,
45690,2.73,
45691,2.81226,
45692,2.65375,
45693,2.61065,
45694,2.89637,
45695,2.87955,
45696,2.93616,
45697,2.78746,
45698,2.98471,
45699,2.68027,
45700,2.75177,
45701,2.64009,
45702,2.71643,
45703,2.60129,
45704,2.61952,
45705,2.54759,
45706,2.55125,
45707,2.81269,
45708,2.4665,
45709,2.57293,
45710,2.65622,
45711,2.69216,
45712,2.73763,
45713,2.61401,
45714,2.65194,
45715,2.56518,
45716,2.51333,
45717,2.48626,
45718,2.51845,
45719,2.65372,
45720,2.41267,
45721,2.47878,
45722,2.68765,
45723,2.54495,
45724,2.84495,
45725,2.95922,
45726,2.8431,
45727,2.98955,
45728,2.91887,
45729,2.89578,
45730,2.71169,
45731,2.8496,
45732,2.6516,
45733,2.67821,
45734,2.56422,
45735,2.61392,
45736,2.91005,
45737,2.86612,
45738,2.78001,
45739,2.84751,
45740,2.82176,
45741,2.6395,
45742,2.66349,
45743,2.72515,
45744,2.56465,
45745,2.68072,
45746,2.82803,
45747,2.79818,
45748,2.85869,
45749,2.97447,
45750,2.99727,
45751,2.50205,
45752,2.67342,
45753,2.78299,
45754,2.78974,
45755,2.7029,
45756,2.75014,
45757,2.92383,
45758,2.79688,
45759,2.92356,
45760,2.71102,
45761,2.68452,
45762,2.88535,
45763,2.58582,
45764,2.78595,
45765,2.78357,
45766,2.70923,
45767,2.6953,
45768,2.77342,
45769,2.94545,
45770,2.80067,
45771,2.83189,
45772,2.72788,
45773,2.87054,
45774,2.83549,
45775,2.77322,
45776,2.69325,
45777,2.79197,
45778,2.73919,
45779,2.58562,
45780,2.69936,
45781,2.64546,
45782,2.80033,
45783,2.73311,
45784,2.79917,
45785,2.56801,
45786,2.7219,
45787,2.69914,
45788,2.70115,
45789,2.54057,
45790,2.52348,
45791,2.78444,
45792,2.59137,
45793,2.74083,
45794,1.63218,
45795,2.7319,
45796,2.74445,
45797,2.85271,
45798,2.93222,
45799,3.10693,
45800,2.81849,
45801,2.8434,
45802,2.77928,
45803,2.81772,
45804,2.74813,
45805,2.9222,
45806,2.86803,
45807,2.72671,
45808,2.73537,
45809,2.70527,
45810,2.91267,
45811,2.65986,
45812,2.79416,
45813,2.85967,
45814,2.74658,
45815,2.74253,
45816,2.6769,
45817,2.77174,
45818,2.80699,
45819,2.78393,
45820,2.78714,
45821,2.80889,
45822,2.63162,
45823,2.94281,
45824,2.89078,
45825,2.71318,
45826,2.81348,
45827,2.67694,
45828,2.59591,
45829,2.58773,
45830,2.42022,
45831,2.74594,
45832,2.52642,
45833,2.57841,
45834,2.64981,
45835,2.7752,
45836,2.64411,
45837,2.56457,
45838,2.62142,
45839,2.57927,
45840,2.77818,
45841,2.60059,
45842,2.67415,
45843,2.81703,
45844,2.65659,
45845,2.75102,
45846,2.63868,
45847,2.56159,
45848,2.67318,
45849,2.68254,
45850,2.80287,
45851,2.7189,
45852,2.67072,
45853,2.72748,
45854,2.77127,
45855,2.60965,
45856,2.43588,
45857,2.64185,
45858,2.57748,
45859,2.68941,
45860,2.70073,
45861,2.45207,
45862,2.75449,
45863,2.82758,
45864,2.73444,
45865,2.66446,
45866,2.62171,
45867,2.82998,
45868,2.65761,
45869,2.42253,
45870,2.71598,
45871,2.66648,
45872,2.84411,
45873,2.58666,
45874,2.56348,
45875,2.69078,
45876,2.60156,
45877,2.5647,
45878,2.66603,
45879,2.61851,
45880,2.70646,
45881,2.74307,
45882,2.70829,
45883,2.55067,
45884,2.66332,
45885,2.62515,
45886,2.74776,
45887,2.75929,
45888,2.74915,
45889,2.75716,
45890,2.89592,
45891,2.69514,
45892,2.7858,
45893,2.73484,
45894,2.57176,
45895,2.80421,
45896,2.71872,
45897,2.88943,
45898,2.69329,
45899,2.48201,
45900,2.55355,
45901,2.70258,
45902,2.57734,
45903,2.62149,
45904,2.46791,
45905,2.58793,
45906,2.79012,
45907,2.72431,
45908,2.67432,
45909,2.8398,
45910,2.64412,
45911,2.71479,
45912,2.70513,
45913,2.81779,
45914,2.79521,
45915,2.81753,
45916,2.79215,
45917,2.77313,
45918,2.7622,
45919,2.70462,
45920,2.81835,
45921,2.50897,
45922,2.63186,
45923,2.79384,
45924,2.71431,
45925,2.72208,
45926,2.54432,
45927,2.67694,
45928,2.81288,
45929,2.53011,
45930,2.64902,
45931,2.58793,
45932,2.52424,
45933,2.63805,
45934,2.5024,
45935,2.55588,
45936,2.58752,
45937,2.72402,
45938,2.63073,
45939,2.72865,
45940,2.76628,
45941,2.76093,
45942,2.57141,
45943,2.69338,
45944,2.52157,
45945,2.64206,
45946,2.51091,
45947,2.77753,
45948,2.70291,
45949,2.73207,
45950,2.78888,
45951,2.74451,
45952,2.60396,
45953,2.74358,
45954,2.71591,
45955,2.74335,
45956,2.76192,
45957,2.85706,
45958,2.92768,
45959,2.851,
45960,2.75936,
45961,2.74395,
45962,2.68478,
45963,2.65132,
45964,2.50082,
45965,2.63633,
45966,2.49035,
45967,2.71963,
45968,2.55698,
45969,2.80917,
45970,2.647,
45971,2.72767,
45972,2.87371,
45973,2.79358,
45974,2.95272,
45975,2.65687,
45976,2.5508,
45977,2.80362,
45978,2.5247,
45979,2.77549,
45980,2.5744,
45981,2.83347,
45982,2.88888,
45983,2.87142,
45984,2.60341,
45985,2.84546,
45986,2.7396,
45987,2.73978,
45988,2.75042,
45989,2.82125,
45990,2.60628,
45991,2.85366,
45992,2.44874,
45993,2.79304,
45994,2.74567,
45995,2.86452,
45996,2.69354,
45997,2.82487,
45998,2.87123,
45999,2.63693,
46000,2.82515,
46001,2.55071,
46002,2.68196,
46003,2.69208,
46004,2.90723,
46005,2.90522,
46006,2.53662,
46007,2.72997,
46008,2.67004,
46009,2.82798,
46010,2.80645,
46011,2.96602,
46012,2.75507,
46013,2.70563,
46014,2.79711,
46015,2.82545,
46016,2.67449,
46017,2.64249,
46018,2.60245,
46019,2.65654,
46020,2.83686,
46021,2.83969,
46022,2.77724,
46023,2.75211,
46024,2.7094,
46025,2.51198,
46026,2.7675,
46027,2.63287,
46028,2.80614,
46029,2.69956,
46030,2.72579,
46031,2.72637,
46032,2.85122,
46033,2.80021,
46034,2.68336,
46035,2.7085,
46036,2.8223,
46037,2.61628,
46038,2.90307,
46039,2.76705,
46040,2.72909,
46041,2.64223,
46042,2.75614,
46043,2.77942,
46044,2.66687,
46045,2.58609,
46046,2.85435,
46047,2.59998,
46048,2.61956,
46049,2.72212,
46050,2.58436,
46051,2.51034,
46052,2.78497,
46053,2.85152,
46054,2.66397,
46055,2.6006,
46056,2.57813,
46057,2.75032,
46058,2.8462,
46059,2.45885,
46060,2.74855,
46061,2.6861,
46062,2.77455,
46063,2.75825,
46064,2.82679,
46065,2.60161,
46066,2.62679,
46067,2.77772,
46068,2.39149,
46069,2.42675,
46070,2.87616,
46071,2.65461,
46072,2.76405,
46073,2.53013,
46074,2.51269,
46075,2.76433,
46076,2.60885,
46077,2.52414,
46078,2.81491,
46079,2.73549,
46080,2.50451,
46081,2.66141,
46082,2.56997,
46083,2.65154,
46084,2.59719,
46085,2.43046,
46086,2.69011,
46087,2.6059,
46088,2.81281,
46089,2.83129,
46090,2.76107,
46091,2.8427,
46092,2.60466,
46093,2.71608,
46094,2.85711,
46095,2.78447,
46096,2.86857,
46097,2.93867,
46098,2.99842,
46099,3.68057,
46100,2.69707,
46101,2.76504,
46102,2.81894,
46103,2.79887,
46104,2.60833,
46105,2.82985,
46106,2.73534,
46107,2.73998,
46108,2.70508,
46109,3.16519,
46110,2.76621,
46111,2.75334,
46112,2.43999,
46113,2.57092,
46114,2.81259,
46115,2.81951,
46116,2.87697,
46117,3.06384,
46118,2.85999,
46119,2.66972,
46120,2.76002,
46121,2.68046,
46122,2.88384,
46123,2.67398,
46124,2.66987,
46125,2.81426,
46126,2.7853,
46127,2.69618,
46128,2.62583,
46129,2.55564,
46130,2.60068,
46131,2.66249,
46132,2.61242,
46133,2.43839,
46134,2.81433,
46135,2.68375,
46136,2.53955,
46137,2.56278,
46138,2.63431,
46139,2.7395,
46140,2.73084,
46141,2.70285,
46142,2.71289,
46143,2.43815,
46144,2.65857,
46145,2.43572,
46146,2.73447,
46147,2.58869,
46148,2.63634,
46149,2.50295,
46150,2.65294,
46151,2.65295,
46152,2.62752,
46153,2.53356,
46154,2.48589,
46155,2.63514,
46156,2.62127,
46157,2.34104,
46158,2.48016,
46159,2.46337,
46160,2.6516,
46161,2.6793,
46162,2.60733,
46163,2.63007,
46164,2.68101,
46165,2.77209,
46166,2.48584,
46167,2.78848,
46168,2.6579,
46169,2.64755,
46170,2.6457,
46171,2.73126,
46172,2.83298,
46173,2.72795,
46174,2.63738,
46175,2.53522,
46176,2.90606,
46177,2.74529,
46178,2.75615,
46179,2.74334,
46180,2.55721,
46181,2.60007,
46182,2.71727,
46183,2.25801,
46184,2.45348,
46185,2.33622,
46186,2.50332,
46187,2.62909,
46188,2.72853,
46189,2.72003,
46190,2.71198,
46191,2.66777,
46192,2.50945,
46193,2.58305,
46194,2.69747,
46195,2.81517,
46196,2.67138,
46197,2.55079,
46198,2.25893,
46199,2.31682,
46200,2.73649,
46201,2.46437,
46202,2.66249,
46203,2.44652,
46204,2.60996,
46205,2.46246,
46206,2.46134,
46207,2.49336,
46208,2.49857,
46209,2.44441,
46210,2.46561,
46211,2.55114,
46212,2.71183,
46213,2.43032,
46214,2.6417,
46215,2.49115,
46216,2.83026,
46217,2.80746,
46218,2.73824,
46219,2.87744,
46220,2.84259,
46221,2.76758,
46222,2.58126,
46223,2.43823,
46224,2.74861,
46225,2.61398,
46226,2.60902,
46227,2.77392,
46228,2.65358,
46229,2.76819,
46230,2.69544,
46231,2.68971,
46232,2.58433,
46233,2.65762,
46234,2.83618,
46235,2.77954,
46236,2.72825,
46237,2.65625,
46238,2.54837,
46239,2.82253,
46240,2.58843,
46241,2.59493,
46242,2.68502,
46243,2.7019,
46244,2.63779,
46245,2.95663,
46246,2.82383,
46247,2.67387,
46248,2.59287,
46249,2.85086,
46250,2.78167,
46251,2.66858,
46252,2.74592,
46253,2.69715,
46254,2.68404,
46255,2.73819,
46256,2.69634,
46257,2.65065,
46258,2.47987,
46259,2.6537,
46260,2.68382,
46261,2.66604,
46262,2.40776,
46263,2.53551,
46264,2.29338,
46265,2.6345,
46266,2.67483,
46267,2.39575,
46268,2.54849,
46269,2.52413,
46270,2.69429,
46271,2.54539,
46272,2.53966,
46273,2.2635,
46274,2.61886,
46275,2.68139,
46276,2.66949,
46277,2.62173,
46278,2.77142,
46279,2.69816,
46280,2.80862,
46281,2.73393,
46282,2.75467,
46283,2.80731,
46284,2.68597,
46285,2.68996,
46286,2.47558,
46287,2.73862,
46288,2.66365,
46289,2.78094,
46290,2.69155,
46291,2.56,
46292,2.68945,
46293,2.56278,
46294,2.64473,
46295,2.75326,
46296,2.85584,
46297,2.58347,
46298,2.58682,
46299,2.55819,
46300,2.78027,
46301,2.78716,
46302,2.81876,
46303,2.62865,
46304,2.84549,
46305,2.65657,
46306,2.73933,
46307,2.9095,
46308,2.71591,
46309,2.61305,
46310,2.54489,
46311,2.81388,
46312,2.82292,
46313,2.72467,
46314,2.77164,
46315,2.75146,
46316,2.91252,
46317,2.80381,
46318,3.01602,
46319,2.63541,
46320,2.71833,
46321,2.51394,
46322,2.64287,
46323,2.69524,
46324,2.6733,
46325,2.65833,
46326,2.83902,
46327,2.80332,
46328,2.6575,
46329,2.48869,
46330,2.6186,
46331,2.63976,
46332,2.715,
46333,2.686,
46334,2.80258,
46335,2.79465,
46336,2.82503,
46337,2.66948,
46338,2.61282,
46339,2.7535,
46340,2.50229,
46341,2.87005,
46342,2.79848,
46343,2.80954,
46344,2.818,
46345,2.98774,
46346,3.07659,
46347,2.76907,
46348,2.77681,
46349,2.80732,
46350,2.95301,
46351,3.00786,
46352,2.79152,
46353,2.76046,
46354,2.78094,
46355,2.65343,
46356,2.78252,
46357,2.75804,
46358,2.78229,
46359,2.57436,
46360,2.60356,
46361,2.76245,
46362,2.96946,
46363,3.11814,
46364,3.09107,
46365,3.05014,
46366,3.06536,
46367,3.12698,
46368,3.01445,
46369,3.03691,
46370,3.06342,
46371,3.04582,
46372,3.06022,
46373,3.04748,
46374,3.05192,
46375,2.99583,
46376,3.07377,
46377,3.08356,
46378,3.08124,
46379,3.01704,
46380,2.96844,
46381,2.66159,
46382,2.87188,
46383,2.71762,
46384,2.69971,
46385,2.75286,
46386,2.78472,
46387,2.66129,
46388,2.77462,
46389,2.56691,
46390,2.68837,
46391,2.74635,
46392,2.64414,
46393,2.51113,
46394,2.79203,
46395,2.873,
46396,2.7807,
46397,2.58734,
46398,2.74604,
46399,2.76549,
46400,2.668,
46401,2.65672,
46402,2.6988,
46403,2.57524,
46404,2.67265,
46405,2.60723,
46406,2.53927,
46407,2.83879,
46408,2.76438,
46409,2.68929,
46410,2.69679,
46411,2.65242,
46412,2.62129,
46413,2.53978,
46414,2.66915,
46415,2.74173,
46416,2.67164,
46417,2.60518,
46418,2.77748,
46419,2.68786,
46420,2.63915,
46421,2.68189,
46422,2.51415,
46423,2.53202,
46424,2.76425,
46425,2.48081,
46426,2.56892,
46427,2.58441,
46428,2.66196,
46429,2.61865,
46430,2.55671,
46431,2.67058,
46432,2.53304,
46433,2.54604,
46434,2.63892,
46435,2.66576,
46436,2.6729,
46437,2.68135,
46438,2.53659,
46439,2.73661,
46440,2.57791,
46441,2.67748,
46442,2.64247,
46443,2.70097,
46444,2.84651,
46445,2.61684,
46446,2.55991,
46447,2.69411,
46448,2.545,
46449,2.48132,
46450,2.6036,
46451,2.83309,
46452,2.45135,
46453,2.42242,
46454,2.66288,
46455,2.50135,
46456,2.63828,
46457,2.57744,
46458,2.5176,
46459,2.45569,
46460,2.72184,
46461,2.68156,
46462,2.72377,
46463,2.62171,
46464,2.83959,
46465,2.74326,
46466,2.83978,
46467,2.67176,
46468,2.65962,
46469,2.7729,
46470,2.7023,
46471,2.71379,
46472,2.71993,
46473,2.73188,
46474,2.74579,
46475,2.46733,
46476,2.66261,
46477,2.70527,
46478,2.74714,
46479,2.71829,
46480,2.41023,
46481,2.66846,
46482,2.69717,
46483,2.5971,
46484,2.34299,
46485,2.51277,
46486,2.57637,
46487,2.56402,
46488,2.62972,
46489,2.35841,
46490,2.46063,
46491,2.48027,
46492,2.61574,
46493,2.63443,
46494,2.80924,
46495,2.97123,
46496,2.72556,
46497,2.71775,
46498,2.8477,
46499,2.88319,
46500,2.66237,
46501,2.77075,
46502,2.6719,
46503,2.69238,
46504,2.61137,
46505,2.89512,
46506,2.66806,
46507,2.69662,
46508,2.80157,
46509,2.76893,
46510,2.69933,
46511,2.80934,
46512,2.60786,
46513,2.79273,
46514,2.73727,
46515,2.67602,
46516,2.65518,
46517,2.67547,
46518,2.43947,
46519,2.7545,
46520,2.74864,
46521,2.60972,
46522,2.72061,
46523,2.69026,
46524,2.7338,
46525,2.85714,
46526,2.7806,
46527,2.68141,
46528,2.67096,
46529,2.73363,
46530,2.53254,
46531,2.65826,
46532,2.7148,
46533,2.81066,
46534,2.62117,
46535,2.66393,
46536,2.63843,
46537,2.73351,
46538,2.68264,
46539,2.77947,
46540,2.5626,
46541,2.71428,
46542,2.65696,
46543,2.53437,
46544,2.71092,
46545,2.82174,
46546,2.68679,
46547,2.34642,
46548,2.64355,
46549,2.66106,
46550,2.64736,
46551,2.59267,
46552,2.50016,
46553,2.61084,
46554,2.56692,
46555,2.6465,
46556,2.37854,
46557,2.44152,
46558,2.49334,
46559,2.59202,
46560,2.60685,
46561,2.54422,
46562,2.36741,
46563,2.56043,
46564,2.47727,
46565,2.54899,
46566,2.4604,
46567,2.49871,
46568,2.70768,
46569,2.60456,
46570,2.64791,
46571,2.40024,
46572,2.56391,
46573,2.50359,
46574,2.54429,
46575,2.69171,
46576,2.4156,
46577,2.54998,
46578,2.44484,
46579,2.37329,
46580,2.52094,
46581,2.50917,
46582,2.52496,
46583,2.51882,
46584,2.67996,
46585,2.5099,
46586,2.51515,
46587,2.68721,
46588,2.77838,
46589,2.66095,
46590,2.7135,
46591,2.96996,
46592,2.69108,
46593,2.63995,
46594,2.85201,
46595,2.69716,
46596,2.80107,
46597,2.83561,
46598,2.72605,
46599,2.75573,
46600,2.73918,
46601,2.52423,
46602,2.7465,
46603,2.74131,
46604,2.55403,
46605,2.71099,
46606,2.64418,
46607,2.52778,
46608,2.68047,
46609,2.68132,
46610,2.52034,
46611,2.62784,
46612,2.67034,
46613,2.74174,
46614,2.59754,
46615,2.69228,
46616,2.63618,
46617,2.87171,
46618,2.97089,
46619,2.98657,
46620,3.00515,
46621,3.03301,
46622,3.00438,
46623,2.98188,
46624,3.0369,
46625,2.91232,
46626,3.01545,
46627,3.05104,
46628,2.99941,
46629,2.92042,
46630,2.99905,
46631,2.99334,
46632,2.9888,
46633,3.0508,
46634,2.98938,
46635,3.00449,
46636,2.95369,
46637,2.99525,
46638,2.64362,
46639,2.92071,
46640,2.35672,
46641,2.46277,
46642,2.3982,
46643,2.295,
46644,2.41031,
46645,2.33407,
46646,2.63678,
46647,2.2571,
46648,2.43456,
46649,2.35314,
46650,2.49454,
46651,2.46298,
46652,2.2406,
46653,2.32922,
46654,2.50101,
46655,2.64029,
46656,2.61147,
46657,2.37023,
46658,2.29959,
46659,2.82872,
46660,2.89978,
46661,2.76081,
46662,2.81934,
46663,2.79457,
46664,2.78504,
46665,2.70867,
46666,2.49707,
46667,2.67381,
46668,2.76754,
46669,2.70992,
46670,2.75654,
46671,2.81422,
46672,2.8694,
46673,2.7932,
46674,2.68399,
46675,2.57055,
46676,2.78268,
46677,2.66676,
46678,2.66141,
46679,2.42029,
46680,2.47747,
46681,2.44995,
46682,2.59872,
46683,2.70802,
46684,2.6116,
46685,2.60584,
46686,2.57887,
46687,2.65609,
46688,2.59701,
46689,2.75323,
46690,2.59453,
46691,2.53287,
46692,2.66566,
46693,2.43599,
46694,2.55873,
46695,2.55109,
46696,2.65771,
46697,2.80999,
46698,2.65694,
46699,2.51348,
46700,2.49153,
46701,2.38825,
46702,2.2886,
46703,2.37829,
46704,2.3951,
46705,2.59922,
46706,2.2951,
46707,2.41689,
46708,2.46026,
46709,2.67028,
46710,2.60161,
46711,2.7781,
46712,2.49315,
46713,2.7959,
46714,2.6204,
46715,2.77756,
46716,2.82687,
46717,2.71515,
46718,2.88379,
46719,2.73524,
46720,2.69265,
46721,2.77068,
46722,2.7505,
46723,2.58654,
46724,2.50775,
46725,2.49999,
46726,2.62254,
46727,2.57847,
46728,2.66259,
46729,2.68585,
46730,2.60747,
46731,2.74132,
46732,2.50472,
46733,2.75455,
46734,2.66486,
46735,2.54255,
46736,2.48108,
46737,2.6901,
46738,2.42695,
46739,2.51266,
46740,2.44911,
46741,2.30009,
46742,2.40577,
46743,2.46882,
46744,2.72604,
46745,2.77064,
46746,2.94876,
46747,2.93716,
46748,2.89754,
46749,2.84864,
46750,2.58953,
46751,2.67115,
46752,2.63675,
46753,2.79027,
46754,3.0033,
46755,2.73976,
46756,2.80532,
46757,2.64433,
46758,2.62176,
46759,2.88919,
46760,2.88588,
46761,2.95205,
46762,2.77254,
46763,2.9826,
46764,2.69632,
46765,2.75447,
46766,2.65703,
46767,2.7152,
46768,2.60119,
46769,2.63515,
46770,2.55343,
46771,2.55745,
46772,2.79085,
46773,2.45524,
46774,2.57497,
46775,2.66121,
46776,2.68368,
46777,2.73054,
46778,2.60257,
46779,2.6526,
46780,2.57025,
46781,2.51481,
46782,2.48804,
46783,2.5242,
46784,2.64019,
46785,2.41477,
46786,2.47215,
46787,2.69823,
46788,2.54319,
46789,2.83115,
46790,2.98614,
46791,2.83802,
46792,2.98233,
46793,2.92483,
46794,2.87596,
46795,2.70089,
46796,2.82761,
46797,2.65078,
46798,2.66951,
46799,2.55576,
46800,2.60215,
46801,2.91114,
46802,2.88478,
46803,2.77407,
46804,2.85253,
46805,2.83048,
46806,2.63863,
46807,2.66971,
46808,2.7313,
46809,2.56422,
46810,2.68736,
46811,2.82747,
46812,2.79736,
46813,2.84037,
46814,2.97396,
46815,3.01215,
46816,2.48621,
46817,2.67466,
46818,2.78316,
46819,2.79196,
46820,2.7125,
46821,2.75902,
46822,2.92619,
46823,2.79409,
46824,2.91664,
46825,2.70628,
46826,2.68921,
46827,2.88311,
46828,2.58223,
46829,2.78382,
46830,2.78734,
46831,2.70533,
46832,2.69397,
46833,2.77791,
46834,2.93677,
46835,2.79375,
46836,2.8102,
46837,2.72148,
46838,2.87274,
46839,2.83682,
46840,2.76124,
46841,2.7038,
46842,2.78873,
46843,2.75275,
46844,2.59127,
46845,2.70317,
46846,2.65944,
46847,2.79742,
46848,2.74193,
46849,2.7934,
46850,2.58105,
46851,2.72904,
46852,2.6786,
46853,2.71579,
46854,2.54859,
46855,2.52162,
46856,2.78225,
46857,2.59774,
46858,2.73978,
46859,1.63797,
46860,2.72856,
46861,2.737,
46862,2.84712,
46863,2.94268,
46864,3.09743,
46865,2.81686,
46866,2.85503,
46867,2.77064,
46868,2.83048,
46869,2.74373,
46870,2.91523,
46871,2.8774,
46872,2.74367,
46873,2.7236,
46874,2.70749,
46875,2.91564,
46876,2.67479,
46877,2.79169,
46878,2.86076,
46879,2.73682,
46880,2.73797,
46881,2.67594,
46882,2.76787,
46883,2.82305,
46884,2.78095,
46885,2.79438,
46886,2.80972,
46887,2.62075,
46888,2.92902,
46889,2.89541,
46890,2.71166,
46891,2.8179,
46892,2.66972,
46893,2.5996,
46894,2.58151,
46895,2.43493,
46896,2.74343,
46897,2.51913,
46898,2.59028,
46899,2.65285,
46900,2.77705,
46901,2.64832,
46902,2.57074,
46903,2.6101,
46904,2.58865,
46905,2.78534,
46906,2.60897,
46907,2.67088,
46908,2.82949,
46909,2.67526,
46910,2.745,
46911,2.6388,
46912,2.57033,
46913,2.66258,
46914,2.66699,
46915,2.79751,
46916,2.73182,
46917,2.66723,
46918,2.72018,
46919,2.78108,
46920,2.63312,
46921,2.44184,
46922,2.63436,
46923,2.57614,
46924,2.68889,
46925,2.68436,
46926,2.45126,
46927,2.75901,
46928,2.8211,
46929,2.72922,
46930,2.66634,
46931,2.6169,
46932,2.84427,
46933,2.65409,
46934,2.42816,
46935,2.71098,
46936,2.67183,
46937,2.83038,
46938,2.5878,
46939,2.56682,
46940,2.69267,
46941,2.60312,
46942,2.56362,
46943,2.66197,
46944,2.61665,
46945,2.70974,
46946,2.71676,
46947,2.71472,
46948,2.5344,
46949,2.6567,
46950,2.61429,
46951,2.75147,
46952,2.77117,
46953,2.74847,
46954,2.74669,
46955,2.88137,
46956,2.68784,
46957,2.78394,
46958,2.73082,
46959,2.57157,
46960,2.81039,
46961,2.71729,
46962,2.90848,
46963,2.69391,
46964,2.49458,
46965,2.56096,
46966,2.70171,
46967,2.58671,
46968,2.60054,
46969,2.4709,
46970,2.60051,
46971,2.7963,
46972,2.72475,
46973,2.67076,
46974,2.82431,
46975,2.63334,
46976,2.72251,
46977,2.69913,
46978,2.82626,
46979,2.80879,
46980,2.82892,
46981,2.80378,
46982,2.77945,
46983,2.74737,
46984,2.70291,
46985,2.83273,
46986,2.52432,
46987,2.6368,
46988,2.7942,
46989,2.71621,
46990,2.71633,
46991,2.56419,
46992,2.67533,
46993,2.82008,
46994,2.54095,
46995,2.6587,
46996,2.59932,
46997,2.5292,
46998,2.6378,
46999,2.49177,
47000,2.57743,
47001,2.60458,
47002,2.72961,
47003,2.61904,
47004,2.72416,
47005,2.76198,
47006,2.75533,
47007,2.57642,
47008,2.68302,
47009,2.51128,
47010,2.63212,
47011,2.5211,
47012,2.77875,
47013,2.70523,
47014,2.7305,
47015,2.77965,
47016,2.74423,
47017,2.61484,
47018,2.75153,
47019,2.71233,
47020,2.75438,
47021,2.7627,
47022,2.85171,
47023,2.9275,
47024,2.85157,
47025,2.74894,
47026,2.75046,
47027,2.66904,
47028,2.65095,
47029,2.50355,
47030,2.64715,
47031,2.50607,
47032,2.701,
47033,2.55558,
47034,2.82024,
47035,2.65302,
47036,2.73695,
47037,2.87918,
47038,2.8023,
47039,2.96298,
47040,2.66377,
47041,2.56519,
47042,2.81291,
47043,2.51527,
47044,2.78296,
47045,2.5881,
47046,2.82198,
47047,2.88121,
47048,2.87327,
47049,2.60671,
47050,2.84751,
47051,2.74164,
47052,2.73027,
47053,2.73753,
47054,2.84074,
47055,2.59965,
47056,2.86807,
47057,2.45904,
47058,2.80763,
47059,2.72842,
47060,2.87132,
47061,2.69478,
47062,2.82226,
47063,2.86163,
47064,2.64927,
47065,2.81667,
47066,2.56387,
47067,2.67651,
47068,2.69259,
47069,2.90968,
47070,2.90067,
47071,2.54291,
47072,2.74499,
47073,2.66454,
47074,2.80822,
47075,2.80723,
47076,2.98281,
47077,2.74156,
47078,2.70649,
47079,2.7959,
47080,2.83189,
47081,2.6859,
47082,2.6513,
47083,2.6037,
47084,2.65876,
47085,2.83069,
47086,2.84466,
47087,2.76755,
47088,2.76457,
47089,2.715,
47090,2.51178,
47091,2.78205,
47092,2.63757,
47093,2.79205,
47094,2.68925,
47095,2.7183,
47096,2.73143,
47097,2.85339,
47098,2.79905,
47099,2.67865,
47100,2.71303,
47101,2.82751,
47102,2.62534,
47103,2.8948,
47104,2.76517,
47105,2.72418,
47106,2.63137,
47107,2.76841,
47108,2.7934,
47109,2.65734,
47110,2.57444,
47111,2.8639,
47112,2.61114,
47113,2.63123,
47114,2.72027,
47115,2.59972,
47116,2.52116,
47117,2.78866,
47118,2.83323,
47119,2.6709,
47120,2.61722,
47121,2.59457,
47122,2.7499,
47123,2.85262,
47124,2.45358,
47125,2.74588,
47126,2.67693,
47127,2.77711,
47128,2.75768,
47129,2.83955,
47130,2.59406,
47131,2.62291,
47132,2.76169,
47133,2.38991,
47134,2.42549,
47135,2.88656,
47136,2.66413,
47137,2.75221,
47138,2.52815,
47139,2.51224,
47140,2.76632,
47141,2.62618,
47142,2.52514,
47143,2.8286,
47144,2.73137,
47145,2.50871,
47146,2.66452,
47147,2.56275,
47148,2.65999,
47149,2.58657,
47150,2.4554,
47151,2.69366,
47152,2.61739,
47153,2.8092,
47154,2.83286,
47155,2.74522,
47156,2.82559,
47157,2.60924,
47158,2.70306,
47159,2.85227,
47160,2.77978,
47161,2.85256,
47162,2.92599,
47163,2.996,
47164,3.68027,
47165,2.69632,
47166,2.76454,
47167,2.8021,
47168,2.80617,
47169,2.60085,
47170,2.82264,
47171,2.74022,
47172,2.75502,
47173,2.71695,
47174,3.17037,
47175,2.77703,
47176,2.7792,
47177,2.4391,
47178,2.57064,
47179,2.81164,
47180,2.81712,
47181,2.87236,
47182,3.06547,
47183,2.86816,
47184,2.67423,
47185,2.75485,
47186,2.67387,
47187,2.87758,
47188,2.67692,
47189,2.66656,
47190,2.81916,
47191,2.79062,
47192,2.7022,
47193,2.63863,
47194,2.54633,
47195,2.61508,
47196,2.66529,
47197,2.61495,
47198,2.4412,
47199,2.80781,
47200,2.68344,
47201,2.53602,
47202,2.5615,
47203,2.62392,
47204,2.74174,
47205,2.72244,
47206,2.70255,
47207,2.71599,
47208,2.44188,
47209,2.67085,
47210,2.43567,
47211,2.72571,
47212,2.59277,
47213,2.6463,
47214,2.51301,
47215,2.66688,
47216,2.64824,
47217,2.63538,
47218,2.54604,
47219,2.49565,
47220,2.64045,
47221,2.61042,
47222,2.35635,
47223,2.4684,
47224,2.47856,
47225,2.65493,
47226,2.68453,
47227,2.61138,
47228,2.6291,
47229,2.70497,
47230,2.77529,
47231,2.48052,
47232,2.77604,
47233,2.66725,
47234,2.63063,
47235,2.64035,
47236,2.74233,
47237,2.85407,
47238,2.77166,
47239,2.6337,
47240,2.53538,
47241,2.90187,
47242,2.75552,
47243,2.77078,
47244,2.75117,
47245,2.57159,
47246,2.60502,
47247,2.72456,
47248,2.28753,
47249,2.45201,
47250,2.33989,
47251,2.52374,
47252,2.6431,
47253,2.73661,
47254,2.72251,
47255,2.72676,
47256,2.67302,
47257,2.51582,
47258,2.59963,
47259,2.6978,
47260,2.81997,
47261,2.67443,
47262,2.55549,
47263,2.2766,
47264,2.31435,
47265,2.76283,
47266,2.4694,
47267,2.66324,
47268,2.4543,
47269,2.62451,
47270,2.47329,
47271,2.45005,
47272,2.50325,
47273,2.49991,
47274,2.44021,
47275,2.47909,
47276,2.55515,
47277,2.70542,
47278,2.43059,
47279,2.66436,
47280,2.49073,
47281,2.82472,
47282,2.80699,
47283,2.73688,
47284,2.8699,
47285,2.86126,
47286,2.76959,
47287,2.57766,
47288,2.44457,
47289,2.74752,
47290,2.62394,
47291,2.6062,
47292,2.7754,
47293,2.65054,
47294,2.76765,
47295,2.67929,
47296,2.69595,
47297,2.58333,
47298,2.66621,
47299,2.82762,
47300,2.78205,
47301,2.74518,
47302,2.65846,
47303,2.56019,
47304,2.82721,
47305,2.58513,
47306,2.59612,
47307,2.68503,
47308,2.71712,
47309,2.65354,
47310,2.95629,
47311,2.83025,
47312,2.67307,
47313,2.58159,
47314,2.85512,
47315,2.78644,
47316,2.66026,
47317,2.75549,
47318,2.69594,
47319,2.70121,
47320,2.73099,
47321,2.69551,
47322,2.62705,
47323,2.47834,
47324,2.65565,
47325,2.67681,
47326,2.66448,
47327,2.40094,
47328,2.52186,
47329,2.29905,
47330,2.63777,
47331,2.67046,
47332,2.39684,
47333,2.5512,
47334,2.53728,
47335,2.6976,
47336,2.53801,
47337,2.55986,
47338,2.26753,
47339,2.62169,
47340,2.68848,
47341,2.66447,
47342,2.6189,
47343,2.7731,
47344,2.69719,
47345,2.82047,
47346,2.72996,
47347,2.77215,
47348,2.81177,
47349,2.68292,
47350,2.69643,
47351,2.46781,
47352,2.74192,
47353,2.67448,
47354,2.77095,
47355,2.68923,
47356,2.56829,
47357,2.68192,
47358,2.57536,
47359,2.63947,
47360,2.75947,
47361,2.87045,
47362,2.57547,
47363,2.5892,
47364,2.56076,
47365,2.79063,
47366,2.79409,
47367,2.82532,
47368,2.63728,
47369,2.85624,
47370,2.66139,
47371,2.73855,
47372,2.91634,
47373,2.71388,
47374,2.60368,
47375,2.54694,
47376,2.83218,
47377,2.8302,
47378,2.72897,
47379,2.7782,
47380,2.74169,
47381,2.92299,
47382,2.7929,
47383,2.99599,
47384,2.65825,
47385,2.71066,
47386,2.4997,
47387,2.64721,
47388,2.69853,
47389,2.67884,
47390,2.66398,
47391,2.82878,
47392,2.78641,
47393,2.67079,
47394,2.491,
47395,2.62659,
47396,2.64478,
47397,2.7407,
47398,2.67314,
47399,2.80987,
47400,2.79921,
47401,2.82622,
47402,2.67188,
47403,2.62128,
47404,2.75366,
47405,2.50212,
47406,2.85759,
47407,2.81905,
47408,2.82233,
47409,2.81509,
47410,2.99993,
47411,3.07702,
47412,2.7668,
47413,2.79205,
47414,2.7928,
47415,2.94451,
47416,3.00019,
47417,2.82144,
47418,2.75272,
47419,2.76152,
47420,2.64364,
47421,2.78201,
47422,2.74647,
47423,2.78253,
47424,2.58759,
47425,2.60352,
47426,2.77093,
47427,2.96198,
47428,3.09827,
47429,3.08751,
47430,3.04651,
47431,3.05647,
47432,3.11372,
47433,3.0122,
47434,3.02767,
47435,3.0644,
47436,3.04611,
47437,3.06067,
47438,3.04669,
47439,3.05227,
47440,3.00186,
47441,3.06298,
47442,3.08636,
47443,3.07782,
47444,3.03839,
47445,2.9691,
47446,2.65235,
47447,2.87772,
47448,2.71056,
47449,2.70379,
47450,2.77016,
47451,2.76788,
47452,2.66472,
47453,2.76346,
47454,2.5757,
47455,2.67765,
47456,2.7444,
47457,2.63995,
47458,2.5086,
47459,2.79466,
47460,2.88765,
47461,2.78799,
47462,2.59701,
47463,2.74546,
47464,2.74307,
47465,2.67315,
47466,2.64422,
47467,2.69651,
47468,2.58485,
47469,2.65841,
47470,2.59778,
47471,2.52379,
47472,2.83737,
47473,2.76014,
47474,2.68414,
47475,2.67609,
47476,2.61876,
47477,2.63021,
47478,2.55251,
47479,2.66099,
47480,2.74913,
47481,2.66595,
47482,2.58522,
47483,2.79486,
47484,2.67883,
47485,2.62565,
47486,2.67584,
47487,2.50871,
47488,2.52817,
47489,2.77704,
47490,2.4702,
47491,2.57587,
47492,2.57782,
47493,2.66029,
47494,2.61177,
47495,2.56312,
47496,2.67156,
47497,2.52988,
47498,2.53527,
47499,2.63913,
47500,2.66776,
47501,2.69346,
47502,2.69402,
47503,2.54153,
47504,2.73751,
47505,2.59364,
47506,2.66631,
47507,2.6346,
47508,2.69892,
47509,2.84849,
47510,2.61334,
47511,2.57318,
47512,2.70856,
47513,2.56777,
47514,2.5002,
47515,2.60336,
47516,2.84147,
47517,2.45339,
47518,2.44243,
47519,2.66106,
47520,2.49103,
47521,2.63879,
47522,2.59744,
47523,2.50981,
47524,2.4618,
47525,2.70427,
47526,2.68218,
47527,2.72379,
47528,2.61433,
47529,2.83205,
47530,2.73991,
47531,2.84936,
47532,2.68276,
47533,2.67066,
47534,2.75832,
47535,2.70124,
47536,2.7494,
47537,2.72217,
47538,2.73821,
47539,2.75267,
47540,2.4655,
47541,2.65866,
47542,2.6995,
47543,2.74462,
47544,2.71317,
47545,2.3971,
47546,2.66552,
47547,2.71274,
47548,2.61303,
47549,2.33341,
47550,2.5229,
47551,2.59546,
47552,2.56456,
47553,2.64869,
47554,2.37232,
47555,2.47929,
47556,2.49898,
47557,2.60885,
47558,2.64812,
47559,2.80186,
47560,2.96462,
47561,2.74141,
47562,2.71674,
47563,2.85824,
47564,2.89996,
47565,2.66521,
47566,2.77054,
47567,2.69825,
47568,2.68652,
47569,2.62287,
47570,2.89599,
47571,2.67122,
47572,2.70371,
47573,2.7984,
47574,2.77919,
47575,2.71907,
47576,2.81644,
47577,2.61257,
47578,2.79852,
47579,2.74531,
47580,2.71245,
47581,2.64727,
47582,2.68211,
47583,2.44234,
47584,2.75824,
47585,2.74587,
47586,2.61985,
47587,2.71148,
47588,2.69099,
47589,2.74678,
47590,2.85998,
47591,2.78275,
47592,2.67906,
47593,2.65701,
47594,2.75397,
47595,2.54257,
47596,2.66935,
47597,2.7152,
47598,2.81808,
47599,2.62128,
47600,2.67257,
47601,2.62714,
47602,2.73146,
47603,2.69305,
47604,2.77982,
47605,2.54447,
47606,2.72179,
47607,2.6667,
47608,2.52566,
47609,2.6918,
47610,2.82886,
47611,2.68701,
47612,2.35804,
47613,2.65074,
47614,2.66186,
47615,2.63978,
47616,2.59863,
47617,2.5082,
47618,2.60125,
47619,2.56397,
47620,2.65171,
47621,2.37831,
47622,2.42837,
47623,2.50964,
47624,2.59556,
47625,2.62079,
47626,2.52696,
47627,2.36724,
47628,2.55893,
47629,2.47944,
47630,2.55939,
47631,2.4837,
47632,2.51347,
47633,2.72673,
47634,2.60999,
47635,2.65537,
47636,2.41042,
47637,2.57197,
47638,2.5026,
47639,2.54824,
47640,2.71051,
47641,2.41882,
47642,2.54163,
47643,2.45952,
47644,2.38387,
47645,2.51341,
47646,2.50244,
47647,2.51688,
47648,2.51069,
47649,2.69582,
47650,2.49377,
47651,2.51758,
47652,2.69154,
47653,2.77083,
47654,2.66936,
47655,2.71269,
47656,2.9477,
47657,2.70669,
47658,2.66307,
47659,2.85318,
47660,2.69817,
47661,2.79463,
47662,2.82356,
47663,2.73962,
47664,2.7421,
47665,2.73102,
47666,2.53288,
47667,2.75853,
47668,2.74693,
47669,2.55819,
47670,2.7224,
47671,2.65114,
47672,2.51646,
47673,2.69951,
47674,2.6938,
47675,2.52746,
47676,2.62415,
47677,2.70088,
47678,2.74865,
47679,2.60072,
47680,2.69197,
47681,2.63789,
47682,2.87657,
47683,2.97463,
47684,2.98412,
47685,3.01526,
47686,3.02314,
47687,2.99752,
47688,2.98321,
47689,3.04329,
47690,2.90565,
47691,3.01236,
47692,3.04265,
47693,2.99343,
47694,2.92986,
47695,2.99557,
47696,2.9794,
47697,2.98965,
47698,3.04655,
47699,2.99002,
47700,3.01952,
47701,2.94534,
47702,2.99612,
47703,2.6276,
47704,2.90116,
47705,2.35844,
47706,2.46538,
47707,2.39635,
47708,2.29655,
47709,2.39762,
47710,2.32197,
47711,2.65203,
47712,2.25878,
47713,2.43,
47714,2.34501,
47715,2.48649,
47716,2.46923,
47717,2.24358,
47718,2.32993,
47719,2.49852,
47720,2.64579,
47721,2.60928,
47722,2.37386,
47723,2.30142,
47724,2.82415,
47725,2.89294,
47726,2.75187,
47727,2.80616,
47728,2.79243,
47729,2.77052,
47730,2.70697,
47731,2.48891,
47732,2.64755,
47733,2.78285,
47734,2.69055,
47735,2.76361,
47736,2.83267,
47737,2.85939,
47738,2.80794,
47739,2.68582,
47740,2.58421,
47741,2.78026,
47742,2.66691,
47743,2.65124,
47744,2.43289,
47745,2.49697,
47746,2.43171,
47747,2.60561,
47748,2.72712,
47749,2.62438,
47750,2.58226,
47751,2.57733,
47752,2.65707,
47753,2.57973,
47754,2.75296,
47755,2.58182,
47756,2.54318,
47757,2.64309,
47758,2.44797,
47759,2.57321,
47760,2.54543,
47761,2.65866,
47762,2.80895,
47763,2.6495,
47764,2.51094,
47765,2.50044,
47766,2.39879,
47767,2.29195,
47768,2.39135,
47769,2.41156,
47770,2.61754,
47771,2.31681,
47772,2.42143,
47773,2.46221,
47774,2.66461,
47775,2.60968,
47776,2.78817,
47777,2.50495,
47778,2.78922,
47779,2.6204,
47780,2.78485,
47781,2.82279,
47782,2.69729,
47783,2.87032,
47784,2.72499,
47785,2.68657,
47786,2.76404,
47787,2.76671,
47788,2.58164,
47789,2.50335,
47790,2.49506,
47791,2.64003,
47792,2.59092,
47793,2.65213,
47794,2.67987,
47795,2.60985,
47796,2.72137,
47797,2.50867,
47798,2.74437,
47799,2.6734,
47800,2.56149,
47801,2.48091,
47802,2.68199,
47803,2.44451,
47804,2.53211,
47805,2.4605,
47806,2.30651,
47807,2.42423,
47808,2.46663,
47809,2.72208,
47810,2.76408,
47811,2.92328,
47812,2.91846,
47813,2.889,
47814,2.85878,
47815,2.59211,
47816,2.64537,
47817,2.61991,
47818,2.77094,
47819,3.00093,
47820,2.7307,
47821,2.80392,
47822,2.64652,
47823,2.62741,
47824,2.88153,
47825,2.87249,
47826,2.93247,
47827,2.7801,
47828,2.97331,
47829,2.692,
47830,2.74727,
47831,2.63421,
47832,2.73227,
47833,2.6032,
47834,2.64114,
47835,2.5449,
47836,2.57215,
47837,2.80605,
47838,2.46297,
47839,2.58108,
47840,2.6721,
47841,2.69789,
47842,2.7344,
47843,2.6102,
47844,2.65096,
47845,2.56322,
47846,2.52752,
47847,2.47557,
47848,2.52401,
47849,2.6465,
47850,2.41574,
47851,2.47519,
47852,2.70628,
47853,2.54889,
47854,2.83967,
47855,2.94553,
47856,2.83323,
47857,2.97576,
47858,2.91137,
47859,2.87456,
47860,2.71851,
47861,2.81439,
47862,2.65238,
47863,2.66489,
47864,2.57107,
47865,2.60707,
47866,2.90302,
47867,2.86205,
47868,2.77328,
47869,2.85787,
47870,2.83638,
47871,2.65374,
47872,2.67619,
47873,2.73054,
47874,2.55832,
47875,2.71206,
47876,2.83058,
47877,2.7979,
47878,2.85951,
47879,2.9704,
47880,2.99533,
47881,2.52955,
47882,2.68758,
47883,2.79055,
47884,2.82049,
47885,2.70443,
47886,2.74986,
47887,2.9232,
47888,2.79168,
47889,2.91826,
47890,2.71992,
47891,2.68157,
47892,2.90066,
47893,2.60407,
47894,2.80189,
47895,2.79075,
47896,2.70503,
47897,2.69691,
47898,2.79499,
47899,2.94894,
47900,2.79485,
47901,2.79829,
47902,2.71914,
47903,2.87708,
47904,2.83392,
47905,2.78465,
47906,2.71861,
47907,2.80264,
47908,2.74587,
47909,2.58089,
47910,2.69974,
47911,2.65719,
47912,2.80169,
47913,2.73695,
47914,2.8058,
47915,2.56746,
47916,2.73201,
47917,2.7035,
47918,2.72774,
47919,2.55576,
47920,2.52547,
47921,2.79465,
47922,2.60905,
47923,2.73099,
47924,1.64715,
47925,2.71076,
47926,2.74762,
47927,2.8544,
47928,2.94174,
47929,3.10401,
47930,2.81997,
47931,2.85535,
47932,2.7707,
47933,2.82909,
47934,2.7475,
47935,2.91693,
47936,2.88896,
47937,2.74116,
47938,2.73123,
47939,2.71622,
47940,2.91289,
47941,2.67635,
47942,2.78543,
47943,2.85496,
47944,2.74986,
47945,2.74242,
47946,2.66948,
47947,2.75908,
47948,2.80455,
47949,2.77553,
47950,2.78817,
47951,2.80426,
47952,2.62819,
47953,2.92597,
47954,2.89751,
47955,2.72723,
47956,2.81428,
47957,2.66931,
47958,2.59186,
47959,2.58022,
47960,2.43003,
47961,2.74269,
47962,2.52315,
47963,2.59043,
47964,2.6558,
47965,2.77678,
47966,2.66749,
47967,2.56826,
47968,2.62355,
47969,2.57351,
47970,2.80474,
47971,2.61297,
47972,2.68168,
47973,2.8241,
47974,2.67379,
47975,2.75025,
47976,2.65171,
47977,2.56427,
47978,2.6631,
47979,2.68085,
47980,2.80236,
47981,2.71171,
47982,2.67843,
47983,2.72468,
47984,2.77048,
47985,2.61659,
47986,2.44127,
47987,2.64702,
47988,2.58905,
47989,2.714,
47990,2.69811,
47991,2.45963,
47992,2.76412,
47993,2.83347,
47994,2.73285,
47995,2.66542,
47996,2.62711,
47997,2.83269,
47998,2.66786,
47999,2.42158,
48000,2.71085,
48001,2.68156,
48002,2.84023,
48003,2.60084,
48004,2.57949,
48005,2.69942,
48006,2.62414,
48007,2.56686,
48008,2.66906,
48009,2.62333,
48010,2.71931,
48011,2.72708,
48012,2.71697,
48013,2.52978,
48014,2.65506,
48015,2.61523,
48016,2.75793,
48017,2.75639,
48018,2.7536,
48019,2.73848,
48020,2.88692,
48021,2.68676,
48022,2.79886,
48023,2.75008,
48024,2.58402,
48025,2.81815,
48026,2.72879,
48027,2.90667,
48028,2.70484,
48029,2.50147,
48030,2.57622,
48031,2.69615,
48032,2.58456,
48033,2.60532,
48034,2.49664,
48035,2.60326,
48036,2.8041,
48037,2.74802,
48038,2.68278,
48039,2.84321,
48040,2.64074,
48041,2.72993,
48042,2.68656,
48043,2.82329,
48044,2.79477,
48045,2.82324,
48046,2.81053,
48047,2.79905,
48048,2.77033,
48049,2.7054,
48050,2.82212,
48051,2.52065,
48052,2.63749,
48053,2.813,
48054,2.71047,
48055,2.72748,
48056,2.56066,
48057,2.68719,
48058,2.84678,
48059,2.53926,
48060,2.66881,
48061,2.59339,
48062,2.54846,
48063,2.65476,
48064,2.48392,
48065,2.58207,
48066,2.59053,
48067,2.72361,
48068,2.63118,
48069,2.72658,
48070,2.76218,
48071,2.75494,
48072,2.58373,
48073,2.72252,
48074,2.50794,
48075,2.63941,
48076,2.55244,
48077,2.79478,
48078,2.74124,
48079,2.73188,
48080,2.81088,
48081,2.75759,
48082,2.60953,
48083,2.76297,
48084,2.72764,
48085,2.75217,
48086,2.76505,
48087,2.85642,
48088,2.91894,
48089,2.84256,
48090,2.74815,
48091,2.76989,
48092,2.69226,
48093,2.671,
48094,2.51754,
48095,2.65948,
48096,2.51533,
48097,2.70529,
48098,2.59376,
48099,2.82375,
48100,2.64924,
48101,2.73273,
48102,2.87283,
48103,2.79484,
48104,2.95437,
48105,2.68048,
48106,2.58142,
48107,2.81975,
48108,2.54675,
48109,2.77298,
48110,2.58672,
48111,2.81977,
48112,2.88537,
48113,2.87128,
48114,2.629,
48115,2.84745,
48116,2.74178,
48117,2.72718,
48118,2.74636,
48119,2.83508,
48120,2.61506,
48121,2.85572,
48122,2.46589,
48123,2.81321,
48124,2.73706,
48125,2.87241,
48126,2.69868,
48127,2.82328,
48128,2.87589,
48129,2.64397,
48130,2.83113,
48131,2.56801,
48132,2.68366,
48133,2.66789,
48134,2.91142,
48135,2.89982,
48136,2.54628,
48137,2.73505,
48138,2.66637,
48139,2.81529,
48140,2.81563,
48141,2.96496,
48142,2.74318,
48143,2.74223,
48144,2.79994,
48145,2.83437,
48146,2.69355,
48147,2.65703,
48148,2.60964,
48149,2.66142,
48150,2.83863,
48151,2.84467,
48152,2.76532,
48153,2.74919,
48154,2.71246,
48155,2.51254,
48156,2.78372,
48157,2.63909,
48158,2.78842,
48159,2.69566,
48160,2.72974,
48161,2.73701,
48162,2.854,
48163,2.80552,
48164,2.66989,
48165,2.72213,
48166,2.8285,
48167,2.62649,
48168,2.90557,
48169,2.75694,
48170,2.72798,
48171,2.63365,
48172,2.75191,
48173,2.79169,
48174,2.6564,
48175,2.57342,
48176,2.85774,
48177,2.60481,
48178,2.61153,
48179,2.72665,
48180,2.58853,
48181,2.52134,
48182,2.77551,
48183,2.84206,
48184,2.6645,
48185,2.61871,
48186,2.5798,
48187,2.74977,
48188,2.84286,
48189,2.45822,
48190,2.74531,
48191,2.68732,
48192,2.77232,
48193,2.77806,
48194,2.83575,
48195,2.61187,
48196,2.62073,
48197,2.76765,
48198,2.38986,
48199,2.42299,
48200,2.88077,
48201,2.65915,
48202,2.76647,
48203,2.52127,
48204,2.52346,
48205,2.75622,
48206,2.61302,
48207,2.52381,
48208,2.81141,
48209,2.73876,
48210,2.5072,
48211,2.66322,
48212,2.56178,
48213,2.65638,
48214,2.60826,
48215,2.44581,
48216,2.68096,
48217,2.60892,
48218,2.80867,
48219,2.82177,
48220,2.74251,
48221,2.83076,
48222,2.5935,
48223,2.70577,
48224,2.85186,
48225,2.77718,
48226,2.86204,
48227,2.93387,
48228,3.00505,
48229,3.68337,
48230,2.72492,
48231,2.75732,
48232,2.79915,
48233,2.80514,
48234,2.60864,
48235,2.83563,
48236,2.73611,
48237,2.74798,
48238,2.70474,
48239,3.16554,
48240,2.76738,
48241,2.77641,
48242,2.4474,
48243,2.57408,
48244,2.81272,
48245,2.80771,
48246,2.875,
48247,3.06482,
48248,2.87675,
48249,2.68055,
48250,2.74622,
48251,2.68254,
48252,2.87322,
48253,2.678,
48254,2.66028,
48255,2.82685,
48256,2.79336,
48257,2.69812,
48258,2.62176,
48259,2.53399,
48260,2.58993,
48261,2.66142,
48262,2.61425,
48263,2.43243,
48264,2.8248,
48265,2.68897,
48266,2.55317,
48267,2.5659,
48268,2.62994,
48269,2.73965,
48270,2.7292,
48271,2.71643,
48272,2.70905,
48273,2.44451,
48274,2.67423,
48275,2.42652,
48276,2.7262,
48277,2.60127,
48278,2.64078,
48279,2.52508,
48280,2.65656,
48281,2.65535,
48282,2.63474,
48283,2.55442,
48284,2.50563,
48285,2.64002,
48286,2.62131,
48287,2.36853,
48288,2.50342,
48289,2.47922,
48290,2.6686,
48291,2.67667,
48292,2.61069,
48293,2.61814,
48294,2.68837,
48295,2.78354,
48296,2.48945,
48297,2.7811,
48298,2.66702,
48299,2.63825,
48300,2.65057,
48301,2.75512,
48302,2.85764,
48303,2.76186,
48304,2.65445,
48305,2.54957,
48306,2.92523,
48307,2.75035,
48308,2.76916,
48309,2.74071,
48310,2.566,
48311,2.61039,
48312,2.73169,
48313,2.28934,
48314,2.47424,
48315,2.34118,
48316,2.52024,
48317,2.65224,
48318,2.73163,
48319,2.72523,
48320,2.71029,
48321,2.68612,
48322,2.51718,
48323,2.60482,
48324,2.70585,
48325,2.83322,
48326,2.67323,
48327,2.55545,
48328,2.28014,
48329,2.30747,
48330,2.74739,
48331,2.478,
48332,2.66484,
48333,2.46008,
48334,2.62884,
48335,2.46989,
48336,2.45991,
48337,2.50017,
48338,2.51392,
48339,2.44602,
48340,2.47882,
48341,2.55934,
48342,2.70861,
48343,2.44373,
48344,2.64036,
48345,2.50636,
48346,2.81994,
48347,2.8015,
48348,2.73006,
48349,2.86916,
48350,2.85418,
48351,2.76359,
48352,2.58287,
48353,2.43122,
48354,2.73066,
48355,2.61825,
48356,2.61201,
48357,2.77988,
48358,2.66114,
48359,2.76531,
48360,2.69008,
48361,2.68909,
48362,2.58764,
48363,2.67367,
48364,2.8172,
48365,2.79681,
48366,2.73942,
48367,2.65269,
48368,2.55464,
48369,2.8222,
48370,2.57655,
48371,2.61068,
48372,2.68559,
48373,2.7258,
48374,2.64225,
48375,2.95138,
48376,2.83627,
48377,2.66915,
48378,2.5926,
48379,2.85254,
48380,2.79948,
48381,2.66318,
48382,2.77725,
48383,2.69124,
48384,2.70109,
48385,2.72858,
48386,2.69163,
48387,2.62268,
48388,2.48144,
48389,2.66614,
48390,2.68527,
48391,2.66162,
48392,2.41569,
48393,2.52255,
48394,2.30881,
48395,2.63258,
48396,2.6765,
48397,2.39969,
48398,2.56599,
48399,2.55494,
48400,2.70599,
48401,2.5382,
48402,2.55519,
48403,2.27024,
48404,2.62303,
48405,2.68611,
48406,2.67567,
48407,2.61565,
48408,2.77331,
48409,2.71,
48410,2.80896,
48411,2.73602,
48412,2.75232,
48413,2.80207,
48414,2.68788,
48415,2.70483,
48416,2.47714,
48417,2.73641,
48418,2.67354,
48419,2.76979,
48420,2.68508,
48421,2.5645,
48422,2.67891,
48423,2.59342,
48424,2.65367,
48425,2.7714,
48426,2.85576,
48427,2.57933,
48428,2.59194,
48429,2.55895,
48430,2.78287,
48431,2.78199,
48432,2.81757,
48433,2.62128,
48434,2.84271,
48435,2.65544,
48436,2.74004,
48437,2.90845,
48438,2.71463,
48439,2.60693,
48440,2.54975,
48441,2.82151,
48442,2.82096,
48443,2.71649,
48444,2.78105,
48445,2.74965,
48446,2.92544,
48447,2.79541,
48448,2.98582,
48449,2.64875,
48450,2.70757,
48451,2.52519,
48452,2.64235,
48453,2.69875,
48454,2.68078,
48455,2.65614,
48456,2.83872,
48457,2.8047,
48458,2.67406,
48459,2.50218,
48460,2.62364,
48461,2.64879,
48462,2.72119,
48463,2.67161,
48464,2.804,
48465,2.80032,
48466,2.83782,
48467,2.67217,
48468,2.60408,
48469,2.7625,
48470,2.52574,
48471,2.8617,
48472,2.82161,
48473,2.81959,
48474,2.80971,
48475,3.00351,
48476,3.09923,
48477,2.78163,
48478,2.79925,
48479,2.81073,
48480,2.95935,
48481,3.00158,
48482,2.80676,
48483,2.75756,
48484,2.77855,
48485,2.67526,
48486,2.78341,
48487,2.76012,
48488,2.79108,
48489,2.60322,
48490,2.63637,
48491,2.76488,
48492,2.96598,
48493,3.08729,
48494,3.09601,
48495,3.03242,
48496,3.03574,
48497,3.11055,
48498,3.00561,
48499,3.01961,
48500,3.07702,
48501,3.04371,
48502,3.04873,
48503,3.04022,
48504,3.04095,
48505,2.99749,
48506,3.06093,
48507,3.0802,
48508,3.07496,
48509,3.01103,
48510,2.98492,
48511,2.65515,
48512,2.87977,
48513,2.69244,
48514,2.70712,
48515,2.73632,
48516,2.77327,
48517,2.66398,
48518,2.75882,
48519,2.56666,
48520,2.66923,
48521,2.73641,
48522,2.63167,
48523,2.49634,
48524,2.80379,
48525,2.87959,
48526,2.78106,
48527,2.59937,
48528,2.75554,
48529,2.73936,
48530,2.67006,
48531,2.64237,
48532,2.71043,
48533,2.57444,
48534,2.65594,
48535,2.6071,
48536,2.51499,
48537,2.82544,
48538,2.76095,
48539,2.68718,
48540,2.66963,
48541,2.62208,
48542,2.61426,
48543,2.54308,
48544,2.65762,
48545,2.73612,
48546,2.67445,
48547,2.59944,
48548,2.76358,
48549,2.67806,
48550,2.63176,
48551,2.68398,
48552,2.50418,
48553,2.54075,
48554,2.78073,
48555,2.4841,
48556,2.57808,
48557,2.58348,
48558,2.67159,
48559,2.61168,
48560,2.56374,
48561,2.68036,
48562,2.53277,
48563,2.5346,
48564,2.65169,
48565,2.65859,
48566,2.67343,
48567,2.67428,
48568,2.54008,
48569,2.7312,
48570,2.59683,
48571,2.66848,
48572,2.62551,
48573,2.69608,
48574,2.83541,
48575,2.60994,
48576,2.58589,
48577,2.71113,
48578,2.57516,
48579,2.50386,
48580,2.60003,
48581,2.82361,
48582,2.45645,
48583,2.43937,
48584,2.6641,
48585,2.4954,
48586,2.6423,
48587,2.5865,
48588,2.51213,
48589,2.46314,
48590,2.70315,
48591,2.69481,
48592,2.71534,
48593,2.61381,
48594,2.83502,
48595,2.73312,
48596,2.84706,
48597,2.67903,
48598,2.66953,
48599,2.76981,
48600,2.71342,
48601,2.73299,
48602,2.73841,
48603,2.72002,
48604,2.75521,
48605,2.45945,
48606,2.63965,
48607,2.69496,
48608,2.73723,
48609,2.70374,
48610,2.41373,
48611,2.66423,
48612,2.70564,
48613,2.60143,
48614,2.34526,
48615,2.51979,
48616,2.58331,
48617,2.56454,
48618,2.63122,
48619,2.40019,
48620,2.47327,
48621,2.49282,
48622,2.61208,
48623,2.64662,
48624,2.80649,
48625,2.94306,
48626,2.7346,
48627,2.70594,
48628,2.84448,
48629,2.89252,
48630,2.64587,
48631,2.77456,
48632,2.69992,
48633,2.68643,
48634,2.62018,
48635,2.89696,
48636,2.67816,
48637,2.70057,
48638,2.81238,
48639,2.77417,
48640,2.70697,
48641,2.81377,
48642,2.61568,
48643,2.80294,
48644,2.73411,
48645,2.69279,
48646,2.64565,
48647,2.69729,
48648,2.44996,
48649,2.75123,
48650,2.74723,
48651,2.61255,
48652,2.7162,
48653,2.69444,
48654,2.73638,
48655,2.86968,
48656,2.77782,
48657,2.67097,
48658,2.65814,
48659,2.72827,
48660,2.5399,
48661,2.66084,
48662,2.71975,
48663,2.82412,
48664,2.60803,
48665,2.66651,
48666,2.62742,
48667,2.75432,
48668,2.68747,
48669,2.78545,
48670,2.54543,
48671,2.72937,
48672,2.66639,
48673,2.53499,
48674,2.70699,
48675,2.83027,
48676,2.68995,
48677,2.37631,
48678,2.63188,
48679,2.67308,
48680,2.63304,
48681,2.58525,
48682,2.50189,
48683,2.59587,
48684,2.56703,
48685,2.65244,
48686,2.38783,
48687,2.43257,
48688,2.50177,
48689,2.59339,
48690,2.61091,
48691,2.54565,
48692,2.37421,
48693,2.55526,
48694,2.49301,
48695,2.56905,
48696,2.48711,
48697,2.50615,
48698,2.7092,
48699,2.62376,
48700,2.67282,
48701,2.41328,
48702,2.56833,
48703,2.51357,
48704,2.55874,
48705,2.69577,
48706,2.41988,
48707,2.54394,
48708,2.44866,
48709,2.38563,
48710,2.50693,
48711,2.51386,
48712,2.51642,
48713,2.52809,
48714,2.68341,
48715,2.49491,
48716,2.5109,
48717,2.69038,
48718,2.77432,
48719,2.65416,
48720,2.71086,
48721,2.96081,
48722,2.70417,
48723,2.65843,
48724,2.84282,
48725,2.68724,
48726,2.81473,
48727,2.81501,
48728,2.72379,
48729,2.74449,
48730,2.75497,
48731,2.51856,
48732,2.75387,
48733,2.73269,
48734,2.55181,
48735,2.71825,
48736,2.64167,
48737,2.51136,
48738,2.67789,
48739,2.68459,
48740,2.5296,
48741,2.63721,
48742,2.69239,
48743,2.74136,
48744,2.61265,
48745,2.70524,
48746,2.6317,
48747,2.87404,
48748,2.96708,
48749,2.97636,
48750,3.02324,
48751,3.02472,
48752,2.98491,
48753,2.97619,
48754,3.04627,
48755,2.91574,
48756,3.01693,
48757,3.06055,
48758,2.99821,
48759,2.9208,
48760,3.00226,
48761,2.97279,
48762,2.99181,
48763,3.04597,
48764,3.00427,
48765,3.00877,
48766,2.95785,
48767,2.99206,
48768,2.62341,
48769,2.89577,
48770,2.36683,
48771,2.46418,
48772,2.40497,
48773,2.30742,
48774,2.38988,
48775,2.3101,
48776,2.62413,
48777,2.26245,
48778,2.43361,
48779,2.3472,
48780,2.49085,
48781,2.46156,
48782,2.23019,
48783,2.33753,
48784,2.50116,
48785,2.63943,
48786,2.61293,
48787,2.367,
48788,2.28616,
48789,2.81056,
48790,2.87521,
48791,2.72757,
48792,2.79711,
48793,2.80452,
48794,2.77334,
48795,2.69801,
48796,2.50566,
48797,2.6425,
48798,2.76546,
48799,2.68881,
48800,2.74091,
48801,2.80768,
48802,2.8522,
48803,2.79186,
48804,2.69279,
48805,2.57578,
48806,2.76698,
48807,2.69167,
48808,2.64354,
48809,2.4233,
48810,2.47983,
48811,2.44668,
48812,2.59951,
48813,2.71762,
48814,2.63771,
48815,2.57831,
48816,2.55878,
48817,2.63765,
48818,2.58019,
48819,2.74017,
48820,2.59918,
48821,2.54295,
48822,2.65093,
48823,2.42966,
48824,2.57063,
48825,2.52846,
48826,2.66335,
48827,2.80908,
48828,2.65481,
48829,2.51591,
48830,2.49525,
48831,2.39839,
48832,2.30073,
48833,2.40178,
48834,2.40368,
48835,2.60244,
48836,2.31634,
48837,2.4321,
48838,2.46806,
48839,2.65846,
48840,2.60858,
48841,2.77253,
48842,2.49084,
48843,2.78167,
48844,2.62813,
48845,2.78272,
48846,2.81471,
48847,2.70039,
48848,2.8642,
48849,2.71788,
48850,2.6986,
48851,2.77457,
48852,2.7478,
48853,2.59736,
48854,2.50449,
48855,2.48507,
48856,2.62054,
48857,2.57178,
48858,2.65086,
48859,2.67682,
48860,2.6012,
48861,2.72519,
48862,2.5295,
48863,2.744,
48864,2.66721,
48865,2.54588,
48866,2.47377,
48867,2.67082,
48868,2.44954,
48869,2.53026,
48870,2.45768,
48871,2.32623,
48872,2.42516,
48873,2.47827,
48874,2.71592,
48875,2.75475,
48876,2.92229,
48877,2.90981,
48878,2.88346,
48879,2.83486,
48880,2.57938,
48881,2.65306,
48882,2.62812,
48883,2.76713,
48884,2.99577,
48885,2.73349,
48886,2.80532,
48887,2.65044,
48888,2.63133,
48889,2.87466,
48890,2.88744,
48891,2.93439,
48892,2.78685,
48893,2.9691,
48894,2.68146,
48895,2.75436,
48896,2.64261,
48897,2.71344,
48898,2.59096,
48899,2.62243,
48900,2.55449,
48901,2.5638,
48902,2.81318,
48903,2.46953,
48904,2.58987,
48905,2.65399,
48906,2.685,
48907,2.73612,
48908,2.61859,
48909,2.65979,
48910,2.57645,
48911,2.53351,
48912,2.46928,
48913,2.52113,
48914,2.64858,
48915,2.4223,
48916,2.49645,
48917,2.71339,
48918,2.54792,
48919,2.83418,
48920,2.95075,
48921,2.83143,
48922,2.96853,
48923,2.91855,
48924,2.86888,
48925,2.69527,
48926,2.82128,
48927,2.64442,
48928,2.66732,
48929,2.5737,
48930,2.61116,
48931,2.89339,
48932,2.86578,
48933,2.77357,
48934,2.85092,
48935,2.8349,
48936,2.64582,
48937,2.67429,
48938,2.73617,
48939,2.5693,
48940,2.69725,
48941,2.82676,
48942,2.8023,
48943,2.83582,
48944,2.95948,
48945,3.00291,
48946,2.51154,
48947,2.69392,
48948,2.79016,
48949,2.79886,
48950,2.70885,
48951,2.75784,
48952,2.93708,
48953,2.78775,
48954,2.91831,
48955,2.7157,
48956,2.68546,
48957,2.89034,
48958,2.58514,
48959,2.78328,
48960,2.7761,
48961,2.71072,
48962,2.69824,
48963,2.78582,
48964,2.94154,
48965,2.79092,
48966,2.79196,
48967,2.74844,
48968,2.87905,
48969,2.8334,
48970,2.77523,
48971,2.70708,
48972,2.80788,
48973,2.7692,
48974,2.60172,
48975,2.70963,
48976,2.65478,
48977,2.80771,
48978,2.74936,
48979,2.80462,
48980,2.57568,
48981,2.72618,
48982,2.71706,
48983,2.74317,
48984,2.55415,
48985,2.53093,
48986,2.80886,
48987,2.60039,
48988,2.72896,
48989,1.65042,
48990,2.70252,
48991,2.72806,
48992,2.85194,
48993,2.95864,
48994,3.09257,
48995,2.8395,
48996,2.84669,
48997,2.77679,
48998,2.83652,
48999,2.74316,
49000,2.92037,
49001,2.89821,
49002,2.75704,
49003,2.73338,
49004,2.72488,
49005,2.93,
49006,2.67656,
49007,2.80638,
49008,2.85275,
49009,2.74572,
49010,2.754,
49011,2.66431,
49012,2.75497,
49013,2.81472,
49014,2.78286,
49015,2.79705,
49016,2.80635,
49017,2.62524,
49018,2.93191,
49019,2.89593,
49020,2.70811,
49021,2.81651,
49022,2.67414,
49023,2.59999,
49024,2.60937,
49025,2.42997,
49026,2.75087,
49027,2.52258,
49028,2.6073,
49029,2.67346,
49030,2.78724,
49031,2.65812,
49032,2.57232,
49033,2.64938,
49034,2.57455,
49035,2.79472,
49036,2.62713,
49037,2.67176,
49038,2.82491,
49039,2.69453,
49040,2.76569,
49041,2.63123,
49042,2.57252,
49043,2.65507,
49044,2.66472,
49045,2.79415,
49046,2.70866,
49047,2.67577,
49048,2.72457,
49049,2.76877,
49050,2.63427,
49051,2.4494,
49052,2.64303,
49053,2.60156,
49054,2.70502,
49055,2.69569,
49056,2.4694,
49057,2.76318,
49058,2.82701,
49059,2.74293,
49060,2.66873,
49061,2.61117,
49062,2.84292,
49063,2.67167,
49064,2.42473,
49065,2.72381,
49066,2.68501,
49067,2.84731,
49068,2.58865,
49069,2.56831,
49070,2.70789,
49071,2.60917,
49072,2.567,
49073,2.66778,
49074,2.6211,
49075,2.72006,
49076,2.70914,
49077,2.73342,
49078,2.54115,
49079,2.66756,
49080,2.63395,
49081,2.74215,
49082,2.77135,
49083,2.75246,
49084,2.73304,
49085,2.88489,
49086,2.6863,
49087,2.79104,
49088,2.74474,
49089,2.58571,
49090,2.81624,
49091,2.74768,
49092,2.89893,
49093,2.69371,
49094,2.50234,
49095,2.57193,
49096,2.71314,
49097,2.59555,
49098,2.61364,
49099,2.50662,
49100,2.61748,
49101,2.79312,
49102,2.7283,
49103,2.67122,
49104,2.81937,
49105,2.62632,
49106,2.73518,
49107,2.70225,
49108,2.8175,
49109,2.79846,
49110,2.84175,
49111,2.81067,
49112,2.7831,
49113,2.74825,
49114,2.69549,
49115,2.83222,
49116,2.537,
49117,2.65978,
49118,2.8086,
49119,2.72989,
49120,2.72459,
49121,2.59765,
49122,2.68838,
49123,2.82622,
49124,2.5536,
49125,2.66467,
49126,2.60371,
49127,2.54542,
49128,2.65034,
49129,2.48733,
49130,2.57823,
49131,2.60415,
49132,2.72954,
49133,2.62576,
49134,2.72806,
49135,2.77802,
49136,2.76477,
49137,2.59416,
49138,2.70537,
49139,2.52273,
49140,2.64348,
49141,2.54919,
49142,2.78982,
49143,2.75132,
49144,2.72378,
49145,2.79203,
49146,2.77565,
49147,2.6119,
49148,2.75104,
49149,2.73502,
49150,2.76107,
49151,2.78177,
49152,2.8605,
49153,2.93106,
49154,2.84652,
49155,2.75873,
49156,2.76779,
49157,2.68641,
49158,2.68141,
49159,2.52875,
49160,2.65352,
49161,2.53447,
49162,2.71074,
49163,2.57846,
49164,2.83255,
49165,2.65758,
49166,2.74116,
49167,2.881,
49168,2.80234,
49169,2.96146,
49170,2.69031,
49171,2.58125,
49172,2.83452,
49173,2.55057,
49174,2.80261,
49175,2.61471,
49176,2.83044,
49177,2.88956,
49178,2.87631,
49179,2.63757,
49180,2.84737,
49181,2.75046,
49182,2.72739,
49183,2.76938,
49184,2.83977,
49185,2.61233,
49186,2.85639,
49187,2.49607,
49188,2.81612,
49189,2.74049,
49190,2.89874,
49191,2.69316,
49192,2.82237,
49193,2.87441,
49194,2.66114,
49195,2.82961,
49196,2.58265,
49197,2.68282,
49198,2.66984,
49199,2.90663,
49200,2.91139,
49201,2.56508,
49202,2.73154,
49203,2.67669,
49204,2.81655,
49205,2.80194,
49206,2.97613,
49207,2.75496,
49208,2.74078,
49209,2.78513,
49210,2.83773,
49211,2.70427,
49212,2.6593,
49213,2.61765,
49214,2.66105,
49215,2.82694,
49216,2.83774,
49217,2.77442,
49218,2.7601,
49219,2.71433,
49220,2.53129,
49221,2.79646,
49222,2.65108,
49223,2.79892,
49224,2.70747,
49225,2.74841,
49226,2.73629,
49227,2.84571,
49228,2.79833,
49229,2.68666,
49230,2.73121,
49231,2.82947,
49232,2.63672,
49233,2.88733,
49234,2.7532,
49235,2.74216,
49236,2.6304,
49237,2.754,
49238,2.79928,
49239,2.65563,
49240,2.59808,
49241,2.86222,
49242,2.59616,
49243,2.60632,
49244,2.70826,
49245,2.58981,
49246,2.50815,
49247,2.77843,
49248,2.83047,
49249,2.67006,
49250,2.62739,
49251,2.6004,
49252,2.75191,
49253,2.85647,
49254,2.47062,
49255,2.75756,
49256,2.68359,
49257,2.76815,
49258,2.76747,
49259,2.82686,
49260,2.62417,
49261,2.63773,
49262,2.7537,
49263,2.41155,
49264,2.43147,
49265,2.89057,
49266,2.64879,
49267,2.75976,
49268,2.52206,
49269,2.51456,
49270,2.77434,
49271,2.62647,
49272,2.53605,
49273,2.8159,
49274,2.73853,
49275,2.51045,
49276,2.66904,
49277,2.56224,
49278,2.66623,
49279,2.60136,
49280,2.46431,
49281,2.69775,
49282,2.61308,
49283,2.81055,
49284,2.82079,
49285,2.74453,
49286,2.82415,
49287,2.60232,
49288,2.70955,
49289,2.85565,
49290,2.78688,
49291,2.84656,
49292,2.93979,
49293,2.99328,
49294,3.66446,
49295,2.71551,
49296,2.76707,
49297,2.78441,
49298,2.7971,
49299,2.60311,
49300,2.83597,
49301,2.73815,
49302,2.74444,
49303,2.70501,
49304,3.17864,
49305,2.77775,
49306,2.77497,
49307,2.45412,
49308,2.58324,
49309,2.82418,
49310,2.80807,
49311,2.8847,
49312,3.08523,
49313,2.87954,
49314,2.6775,
49315,2.73862,
49316,2.68938,
49317,2.86447,
49318,2.66751,
49319,2.66163,
49320,2.81368,
49321,2.79456,
49322,2.71349,
49323,2.62086,
49324,2.54401,
49325,2.59177,
49326,2.65474,
49327,2.61497,
49328,2.42754,
49329,2.8125,
49330,2.68669,
49331,2.54373,
49332,2.58377,
49333,2.63612,
49334,2.72703,
49335,2.74409,
49336,2.70183,
49337,2.7218,
49338,2.43592,
49339,2.66419,
49340,2.4244,
49341,2.71394,
49342,2.59992,
49343,2.63311,
49344,2.53492,
49345,2.66885,
49346,2.64905,
49347,2.63773,
49348,2.55517,
49349,2.50186,
49350,2.66157,
49351,2.61514,
49352,2.37159,
49353,2.50871,
49354,2.48037,
49355,2.66079,
49356,2.68576,
49357,2.61113,
49358,2.62251,
49359,2.68316,
49360,2.7818,
49361,2.49281,
49362,2.78277,
49363,2.66805,
49364,2.64129,
49365,2.6303,
49366,2.7544,
49367,2.8664,
49368,2.77304,
49369,2.66737,
49370,2.55664,
49371,2.91761,
49372,2.74774,
49373,2.76446,
49374,2.74262,
49375,2.58028,
49376,2.6086,
49377,2.72202,
49378,2.30012,
49379,2.4713,
49380,2.36218,
49381,2.53987,
49382,2.658,
49383,2.71934,
49384,2.7135,
49385,2.71534,
49386,2.67363,
49387,2.52207,
49388,2.61368,
49389,2.69579,
49390,2.81767,
49391,2.69383,
49392,2.5585,
49393,2.28033,
49394,2.30918,
49395,2.74028,
49396,2.48821,
49397,2.68205,
49398,2.47227,
49399,2.64184,
49400,2.48037,
49401,2.47572,
49402,2.51251,
49403,2.52052,
49404,2.4512,
49405,2.47744,
49406,2.57236,
49407,2.71185,
49408,2.45119,
49409,2.64178,
49410,2.5219,
49411,2.8284,
49412,2.81412,
49413,2.72238,
49414,2.86655,
49415,2.85171,
49416,2.77153,
49417,2.59924,
49418,2.43784,
49419,2.73857,
49420,2.6291,
49421,2.61702,
49422,2.77761,
49423,2.64734,
49424,2.7731,
49425,2.67412,
49426,2.68261,
49427,2.58602,
49428,2.66822,
49429,2.82275,
49430,2.78159,
49431,2.73424,
49432,2.66947,
49433,2.56516,
49434,2.81428,
49435,2.57306,
49436,2.60549,
49437,2.69489,
49438,2.7057,
49439,2.6683,
49440,2.95789,
49441,2.83815,
49442,2.68199,
49443,2.58331,
49444,2.85674,
49445,2.80467,
49446,2.66483,
49447,2.79323,
49448,2.70592,
49449,2.70366,
49450,2.73994,
49451,2.68918,
49452,2.62238,
49453,2.49019,
49454,2.67693,
49455,2.67422,
49456,2.67419,
49457,2.41886,
49458,2.54001,
49459,2.30777,
49460,2.6511,
49461,2.67279,
49462,2.41809,
49463,2.55077,
49464,2.53545,
49465,2.69518,
49466,2.53788,
49467,2.57544,
49468,2.27554,
49469,2.62702,
49470,2.67418,
49471,2.67282,
49472,2.64378,
49473,2.76593,
49474,2.7219,
49475,2.83135,
49476,2.73354,
49477,2.75958,
49478,2.80424,
49479,2.69642,
49480,2.69677,
49481,2.47762,
49482,2.73546,
49483,2.66019,
49484,2.7841,
49485,2.69221,
49486,2.58065,
49487,2.68524,
49488,2.59041,
49489,2.65075,
49490,2.7691,
49491,2.84773,
49492,2.58222,
49493,2.5992,
49494,2.5593,
49495,2.797,
49496,2.76855,
49497,2.81198,
49498,2.62502,
49499,2.83163,
49500,2.65018,
49501,2.72523,
49502,2.90428,
49503,2.71947,
49504,2.6084,
49505,2.558,
49506,2.82125,
49507,2.82247,
49508,2.71293,
49509,2.78125,
49510,2.77217,
49511,2.92391,
49512,2.79019,
49513,2.98762,
49514,2.66195,
49515,2.71607,
49516,2.52839,
49517,2.65538,
49518,2.71463,
49519,2.68028,
49520,2.67267,
49521,2.84635,
49522,2.79385,
49523,2.66839,
49524,2.52495,
49525,2.64463,
49526,2.66557,
49527,2.74838,
49528,2.67817,
49529,2.81443,
49530,2.80975,
49531,2.85852,
49532,2.68582,
49533,2.62194,
49534,2.75868,
49535,2.53565,
49536,2.87485,
49537,2.81503,
49538,2.82042,
49539,2.81988,
49540,3.0095,
49541,3.08733,
49542,2.78956,
49543,2.79546,
49544,2.81501,
49545,2.95123,
49546,3.01895,
49547,2.80438,
49548,2.77087,
49549,2.7854,
49550,2.67515,
49551,2.80015,
49552,2.76793,
49553,2.7949,
49554,2.62036,
49555,2.64347,
49556,2.77544,
49557,2.96236,
49558,3.08513,
49559,3.06876,
49560,3.04231,
49561,3.04149,
49562,3.11789,
49563,3.01688,
49564,3.01458,
49565,3.0687,
49566,3.04388,
49567,3.0369,
49568,3.03842,
49569,3.04007,
49570,2.99529,
49571,3.07084,
49572,3.07723,
49573,3.07524,
49574,3.0138,
49575,2.98988,
49576,2.65558,
49577,2.86043,
49578,2.69897,
49579,2.70959,
49580,2.73837,
49581,2.76725,
49582,2.67142,
49583,2.76529,
49584,2.58384,
49585,2.66416,
49586,2.731,
49587,2.62008,
49588,2.51471,
49589,2.78293,
49590,2.86341,
49591,2.78387,
49592,2.58569,
49593,2.75696,
49594,2.75514,
49595,2.68473,
49596,2.64561,
49597,2.69094,
49598,2.58199,
49599,2.65804,
49600,2.6017,
49601,2.50403,
49602,2.82993,
49603,2.75757,
49604,2.66615,
49605,2.66391,
49606,2.61483,
49607,2.62258,
49608,2.56147,
49609,2.66364,
49610,2.75461,
49611,2.67337,
49612,2.59425,
49613,2.75936,
49614,2.67789,
49615,2.6294,
49616,2.6774,
49617,2.50516,
49618,2.53344,
49619,2.77674,
49620,2.48651,
49621,2.5876,
49622,2.58235,
49623,2.66625,
49624,2.60709,
49625,2.58526,
49626,2.67668,
49627,2.53391,
49628,2.5196,
49629,2.63415,
49630,2.66413,
49631,2.67916,
49632,2.66988,
49633,2.53033,
49634,2.7227,
49635,2.60389,
49636,2.67759,
49637,2.6389,
49638,2.70606,
49639,2.84561,
49640,2.62062,
49641,2.58322,
49642,2.73176,
49643,2.5707,
49644,2.50841,
49645,2.62607,
49646,2.8214,
49647,2.47415,
49648,2.45173,
49649,2.66175,
49650,2.50661,
49651,2.64699,
49652,2.59724,
49653,2.52622,
49654,2.48167,
49655,2.72144,
49656,2.69286,
49657,2.72155,
49658,2.62105,
49659,2.8229,
49660,2.73447,
49661,2.84093,
49662,2.68308,
49663,2.67448,
49664,2.7759,
49665,2.70313,
49666,2.74565,
49667,2.73478,
49668,2.72385,
49669,2.75255,
49670,2.46183,
49671,2.65503,
49672,2.71533,
49673,2.73138,
49674,2.70292,
49675,2.42346,
49676,2.64725,
49677,2.70845,
49678,2.62362,
49679,2.35675,
49680,2.52138,
49681,2.59019,
49682,2.57706,
49683,2.63344,
49684,2.38273,
49685,2.48973,
49686,2.51864,
49687,2.62684,
49688,2.66519,
49689,2.8075,
49690,2.93688,
49691,2.72772,
49692,2.71081,
49693,2.83948,
49694,2.90032,
49695,2.65022,
49696,2.78144,
49697,2.68749,
49698,2.67642,
49699,2.61489,
49700,2.91218,
49701,2.67299,
49702,2.69266,
49703,2.80748,
49704,2.77559,
49705,2.72614,
49706,2.81436,
49707,2.62118,
49708,2.78076,
49709,2.74613,
49710,2.69188,
49711,2.64702,
49712,2.70111,
49713,2.43675,
49714,2.74555,
49715,2.73666,
49716,2.6184,
49717,2.7057,
49718,2.69532,
49719,2.7312,
49720,2.86255,
49721,2.76051,
49722,2.67058,
49723,2.65243,
49724,2.73496,
49725,2.5322,
49726,2.65436,
49727,2.72295,
49728,2.82632,
49729,2.6067,
49730,2.66696,
49731,2.64427,
49732,2.74081,
49733,2.69146,
49734,2.773,
49735,2.54481,
49736,2.71152,
49737,2.66072,
49738,2.53148,
49739,2.69624,
49740,2.81813,
49741,2.69622,
49742,2.35152,
49743,2.6314,
49744,2.64926,
49745,2.63739,
49746,2.58972,
49747,2.50348,
49748,2.59112,
49749,2.56836,
49750,2.65883,
49751,2.38185,
49752,2.43423,
49753,2.51448,
49754,2.6026,
49755,2.63247,
49756,2.53417,
49757,2.3932,
49758,2.55376,
49759,2.47813,
49760,2.57001,
49761,2.48738,
49762,2.50585,
49763,2.71124,
49764,2.63179,
49765,2.68525,
49766,2.41869,
49767,2.57885,
49768,2.50799,
49769,2.54485,
49770,2.7001,
49771,2.44461,
49772,2.54043,
49773,2.45578,
49774,2.39783,
49775,2.51708,
49776,2.51205,
49777,2.52796,
49778,2.51788,
49779,2.67888,
49780,2.50807,
49781,2.51373,
49782,2.68638,
49783,2.78562,
49784,2.66324,
49785,2.73174,
49786,2.9589,
49787,2.72142,
49788,2.64886,
49789,2.85483,
49790,2.69915,
49791,2.79888,
49792,2.83088,
49793,2.72359,
49794,2.74233,
49795,2.74561,
49796,2.54044,
49797,2.76033,
49798,2.74468,
49799,2.55199,
49800,2.72861,
49801,2.66573,
49802,2.52236,
49803,2.68946,
49804,2.69614,
49805,2.53295,
49806,2.64278,
49807,2.68334,
49808,2.75322,
49809,2.61228,
49810,2.69365,
49811,2.64401,
49812,2.87681,
49813,2.96706,
49814,2.9791,
49815,3.00041,
49816,3.02225,
49817,2.98738,
49818,2.98235,
49819,3.02783,
49820,2.90787,
49821,3.00517,
49822,3.0532,
49823,3.001,
49824,2.94553,
49825,3.0028,
49826,2.99368,
49827,2.99506,
49828,3.04435,
49829,2.99579,
49830,3.01302,
49831,2.95013,
49832,2.99632,
49833,2.63344,
49834,2.90651,
49835,2.35555,
49836,2.4898,
49837,2.41253,
49838,2.31879,
49839,2.39074,
49840,2.32151,
49841,2.63769,
49842,2.28041,
49843,2.43067,
49844,2.35279,
49845,2.50919,
49846,2.46943,
49847,2.26156,
49848,2.34083,
49849,2.50081,
49850,2.63312,
49851,2.61774,
49852,2.38425,
49853,2.29103,
49854,2.80323,
49855,2.87023,
49856,2.72475,
49857,2.79189,
49858,2.79302,
49859,2.75489,
49860,2.69104,
49861,2.48815,
49862,2.65241,
49863,2.76102,
49864,2.6868,
49865,2.7414,
49866,2.79594,
49867,2.85855,
49868,2.78719,
49869,2.68514,
49870,2.57394,
49871,2.77324,
49872,2.66932,
49873,2.64054,
49874,2.4265,
49875,2.48908,
49876,2.45757,
49877,2.61147,
49878,2.73008,
49879,2.63631,
49880,2.57327,
49881,2.54404,
49882,2.62556,
49883,2.5736,
49884,2.73926,
49885,2.57265,
49886,2.53794,
49887,2.63933,
49888,2.42927,
49889,2.55095,
49890,2.54616,
49891,2.6439,
49892,2.80042,
49893,2.6493,
49894,2.50859,
49895,2.49279,
49896,2.39992,
49897,2.29991,
49898,2.37922,
49899,2.39885,
49900,2.60847,
49901,2.30755,
49902,2.43658,
49903,2.47464,
49904,2.67122,
49905,2.61041,
49906,2.78348,
49907,2.50514,
49908,2.80016,
49909,2.63061,
49910,2.78778,
49911,2.80147,
49912,2.67641,
49913,2.8689,
49914,2.70481,
49915,2.68085,
49916,2.76884,
49917,2.74811,
49918,2.59028,
49919,2.49424,
49920,2.4886,
49921,2.63199,
49922,2.57593,
49923,2.66292,
49924,2.67114,
49925,2.60083,
49926,2.71997,
49927,2.52818,
49928,2.74813,
49929,2.6666,
49930,2.56379,
49931,2.48432,
49932,2.68223,
49933,2.43399,
49934,2.53078,
49935,2.46246,
49936,2.33411,
49937,2.43257,
49938,2.47833,
49939,2.70639,
49940,2.74816,
49941,2.92034,
49942,2.90876,
49943,2.87065,
49944,2.82668,
49945,2.57689,
49946,2.66552,
49947,2.64632,
49948,2.7679,
49949,3.00408,
49950,2.73233,
49951,2.8149,
49952,2.64262,
49953,2.62505,
49954,2.87735,
49955,2.87606,
49956,2.92792,
49957,2.78693,
49958,2.96019,
49959,2.69256,
49960,2.7675,
49961,2.63596,
49962,2.72289,
49963,2.58299,
49964,2.63852,
49965,2.54665,
49966,2.56348,
49967,2.79942,
49968,2.47392,
49969,2.58799,
49970,2.65927,
49971,2.68942,
49972,2.75262,
49973,2.62465,
49974,2.65586,
49975,2.58199,
49976,2.53465,
49977,2.47321,
49978,2.52851,
49979,2.65004,
49980,2.42349,
49981,2.49475,
49982,2.70447,
49983,2.56036,
49984,2.82414,
49985,2.93631,
49986,2.82902,
49987,2.97191,
49988,2.89585,
49989,2.87283,
49990,2.70071,
49991,2.81408,
49992,2.64407,
49993,2.67025,
49994,2.56542,
49995,2.62063,
49996,2.8943,
49997,2.85837,
49998,2.78062,
49999,2.86748,
50000,2.83545,
50001,2.65547,
50002,2.6745,
50003,2.73235,
50004,2.57538,
50005,2.70588,
50006,2.82687,
50007,2.79343,
50008,2.8441,
50009,2.9663,
50010,3.00605,
50011,2.52983,
50012,2.69691,
50013,2.79071,
50014,2.80541,
50015,2.71482,
50016,2.77135,
50017,2.94209,
50018,2.80295,
50019,2.91675,
50020,2.72357,
50021,2.70135,
50022,2.8775,
50023,2.58355,
50024,2.78297,
50025,2.77349,
50026,2.72525,
50027,2.69867,
50028,2.7795,
50029,2.94966,
50030,2.79355,
50031,2.78888,
50032,2.72924,
50033,2.87475,
50034,2.83293,
50035,2.77581,
50036,2.7146,
50037,2.81847,
50038,2.76269,
50039,2.6001,
50040,2.69405,
50041,2.65076,
50042,2.81534,
50043,2.74136,
50044,2.7821,
50045,2.57438,
50046,2.7252,
50047,2.72215,
50048,2.74214,
50049,2.58173,
50050,2.53441,
50051,2.79821,
50052,2.59859,
50053,2.7285,
50054,1.65211,
50055,2.72158,
50056,2.73237,
50057,2.86588,
50058,2.96195,
50059,3.09539,
50060,2.8458,
50061,2.84824,
50062,2.78138,
50063,2.85007,
50064,2.75972,
50065,2.93556,
50066,2.88439,
50067,2.75588,
50068,2.73776,
50069,2.72101,
50070,2.91513,
50071,2.67956,
50072,2.79507,
50073,2.86093,
50074,2.75975,
50075,2.74759,
50076,2.65939,
50077,2.74959,
50078,2.80531,
50079,2.78444,
50080,2.79412,
50081,2.80602,
50082,2.63707,
50083,2.93254,
50084,2.89156,
50085,2.71635,
50086,2.81877,
50087,2.67803,
50088,2.61179,
50089,2.62435,
50090,2.44658,
50091,2.74463,
50092,2.54984,
50093,2.60386,
50094,2.6704,
50095,2.79814,
50096,2.67348,
50097,2.58641,
50098,2.63251,
50099,2.59373,
50100,2.81125,
50101,2.63198,
50102,2.67574,
50103,2.81975,
50104,2.70271,
50105,2.76387,
50106,2.62735,
50107,2.576,
50108,2.6592,
50109,2.66933,
50110,2.79975,
50111,2.71387,
50112,2.66609,
50113,2.71301,
50114,2.76679,
50115,2.63833,
50116,2.46176,
50117,2.65285,
50118,2.61872,
50119,2.70281,
50120,2.68899,
50121,2.47782,
50122,2.75573,
50123,2.83211,
50124,2.73641,
50125,2.67541,
50126,2.61664,
50127,2.825,
50128,2.66856,
50129,2.42378,
50130,2.71784,
50131,2.67778,
50132,2.85441,
50133,2.60202,
50134,2.59928,
50135,2.70037,
50136,2.61011,
50137,2.57785,
50138,2.65842,
50139,2.62684,
50140,2.70668,
50141,2.71374,
50142,2.74773,
50143,2.54578,
50144,2.69239,
50145,2.63017,
50146,2.73643,
50147,2.75656,
50148,2.74804,
50149,2.74041,
50150,2.87411,
50151,2.68483,
50152,2.79489,
50153,2.75728,
50154,2.59608,
50155,2.8213,
50156,2.75146,
50157,2.91079,
50158,2.69556,
50159,2.51299,
50160,2.57815,
50161,2.72099,
50162,2.59641,
50163,2.63031,
50164,2.51301,
50165,2.62988,
50166,2.79473,
50167,2.73181,
50168,2.67139,
50169,2.82985,
50170,2.63283,
50171,2.73679,
50172,2.69395,
50173,2.8096,
50174,2.80419,
50175,2.81308,
50176,2.81666,
50177,2.79822,
50178,2.76096,
50179,2.69728,
50180,2.84072,
50181,2.54501,
50182,2.64354,
50183,2.80533,
50184,2.7259,
50185,2.72956,
50186,2.58483,
50187,2.71463,
50188,2.83863,
50189,2.57712,
50190,2.65853,
50191,2.59712,
50192,2.55944,
50193,2.66877,
50194,2.49319,
50195,2.58498,
50196,2.61326,
50197,2.73516,
50198,2.63789,
50199,2.74927,
50200,2.77157,
50201,2.7567,
50202,2.60179,
50203,2.72756,
50204,2.5245,
50205,2.64068,
50206,2.53857,
50207,2.78308,
50208,2.74193,
50209,2.73475,
50210,2.81969,
50211,2.77103,
50212,2.61973,
50213,2.75852,
50214,2.74159,
50215,2.78409,
50216,2.78816,
50217,2.86387,
50218,2.92815,
50219,2.85196,
50220,2.76056,
50221,2.78218,
50222,2.68583,
50223,2.69132,
50224,2.53366,
50225,2.66701,
50226,2.53251,
50227,2.73443,
50228,2.57827,
50229,2.83736,
50230,2.66068,
50231,2.76038,
50232,2.88909,
50233,2.79591,
50234,2.97152,
50235,2.6865,
50236,2.61117,
50237,2.84506,
50238,2.55996,
50239,2.79489,
50240,2.61942,
50241,2.84551,
50242,2.89308,
50243,2.87627,
50244,2.63347,
50245,2.8383,
50246,2.74433,
50247,2.7306,
50248,2.78682,
50249,2.83462,
50250,2.60762,
50251,2.87339,
50252,2.49767,
50253,2.82745,
50254,2.75492,
50255,2.89026,
50256,2.72843,
50257,2.8358,
50258,2.87335,
50259,2.65623,
50260,2.82974,
50261,2.5969,
50262,2.69007,
50263,2.67712,
50264,2.91929,
50265,2.91612,
50266,2.5739,
50267,2.74538,
50268,2.68403,
50269,2.83154,
50270,2.80993,
50271,2.98707,
50272,2.7796,
50273,2.76073,
50274,2.79617,
50275,2.84248,
50276,2.7433,
50277,2.69281,
50278,2.63069,
50279,2.66575,
50280,2.8161,
50281,2.84162,
50282,2.76717,
50283,2.74407,
50284,2.71992,
50285,2.52197,
50286,2.79161,
50287,2.64325,
50288,2.78,
50289,2.69411,
50290,2.72601,
50291,2.74646,
50292,2.85177,
50293,2.81608,
50294,2.68317,
50295,2.72939,
50296,2.83547,
50297,2.63765,
50298,2.88915,
50299,2.75539,
50300,2.73274,
50301,2.64758,
50302,2.75944,
50303,2.81233,
50304,2.66443,
50305,2.57144,
50306,2.85285,
50307,2.59444,
50308,2.6082,
50309,2.70507,
50310,2.58296,
50311,2.50627,
50312,2.76859,
50313,2.82153,
50314,2.66986,
50315,2.62858,
50316,2.58857,
50317,2.72978,
50318,2.8414,
50319,2.49165,
50320,2.75643,
50321,2.6893,
50322,2.77759,
50323,2.75978,
50324,2.83305,
50325,2.61914,
50326,2.64163,
50327,2.7587,
50328,2.41924,
50329,2.4305,
50330,2.89468,
50331,2.65402,
50332,2.76348,
50333,2.51871,
50334,2.53756,
50335,2.77141,
50336,2.62867,
50337,2.51919,
50338,2.807,
50339,2.72607,
50340,2.52404,
50341,2.65616,
50342,2.58915,
50343,2.66348,
50344,2.61033,
50345,2.45629,
50346,2.68446,
50347,2.62232,
50348,2.79312,
50349,2.817,
50350,2.74709,
50351,2.83814,
50352,2.59216,
50353,2.69298,
50354,2.85342,
50355,2.78233,
50356,2.85075,
50357,2.93465,
50358,2.99055,
50359,3.68011,
50360,2.70725,
50361,2.77394,
50362,2.79604,
50363,2.78935,
50364,2.61536,
50365,2.8266,
50366,2.73837,
50367,2.7543,
50368,2.70817,
50369,3.17333,
50370,2.77287,
50371,2.78146,
50372,2.4626,
50373,2.59313,
50374,2.81104,
50375,2.81267,
50376,2.89518,
50377,3.07087,
50378,2.88067,
50379,2.67642,
50380,2.74046,
50381,2.67136,
50382,2.87075,
50383,2.67232,
50384,2.65372,
50385,2.81196,
50386,2.77646,
50387,2.69717,
50388,2.62197,
50389,2.52477,
50390,2.5804,
50391,2.65937,
50392,2.6083,
50393,2.42871,
50394,2.80608,
50395,2.69072,
50396,2.53957,
50397,2.56324,
50398,2.62474,
50399,2.74103,
50400,2.74129,
50401,2.69572,
50402,2.72621,
50403,2.44502,
50404,2.65216,
50405,2.42015,
50406,2.7061,
50407,2.6034,
50408,2.6394,
50409,2.53002,
50410,2.67475,
50411,2.63983,
50412,2.64914,
50413,2.54691,
50414,2.49188,
50415,2.66916,
50416,2.62518,
50417,2.37791,
50418,2.50924,
50419,2.50415,
50420,2.67221,
50421,2.68788,
50422,2.60448,
50423,2.62277,
50424,2.68878,
50425,2.77222,
50426,2.49042,
50427,2.79343,
50428,2.65693,
50429,2.63232,
50430,2.63164,
50431,2.74667,
50432,2.86908,
50433,2.77946,
50434,2.65887,
50435,2.56952,
50436,2.91746,
50437,2.75386,
50438,2.77836,
50439,2.74813,
50440,2.57158,
50441,2.62018,
50442,2.72487,
50443,2.32375,
50444,2.47319,
50445,2.37195,
50446,2.52846,
50447,2.64159,
50448,2.71817,
50449,2.71557,
50450,2.71662,
50451,2.68925,
50452,2.52375,
50453,2.60843,
50454,2.70064,
50455,2.81795,
50456,2.68653,
50457,2.55814,
50458,2.28864,
50459,2.32688,
50460,2.7516,
50461,2.49602,
50462,2.67504,
50463,2.48283,
50464,2.63874,
50465,2.49694,
50466,2.47169,
50467,2.50911,
50468,2.52944,
50469,2.4704,
50470,2.49437,
50471,2.58207,
50472,2.71495,
50473,2.45443,
50474,2.64934,
50475,2.51445,
50476,2.807,
50477,2.81485,
50478,2.72797,
50479,2.86896,
50480,2.86538,
50481,2.77355,
50482,2.57856,
50483,2.43046,
50484,2.72964,
50485,2.62444,
50486,2.62766,
50487,2.78291,
50488,2.66001,
50489,2.77384,
50490,2.67407,
50491,2.6879,
50492,2.5929,
50493,2.70525,
50494,2.81563,
50495,2.78554,
50496,2.73829,
50497,2.66947,
50498,2.56993,
50499,2.82469,
50500,2.59245,
50501,2.61855,
50502,2.68697,
50503,2.71605,
50504,2.67777,
50505,2.94852,
50506,2.83516,
50507,2.66909,
50508,2.57795,
50509,2.85235,
50510,2.80318,
50511,2.66697,
50512,2.78521,
50513,2.69079,
50514,2.70876,
50515,2.73059,
50516,2.68432,
50517,2.62755,
50518,2.48299,
50519,2.67544,
50520,2.6826,
50521,2.66757,
50522,2.42596,
50523,2.54015,
50524,2.31952,
50525,2.66074,
50526,2.71616,
50527,2.44287,
50528,2.54817,
50529,2.5565,
50530,2.70444,
50531,2.53591,
50532,2.57468,
50533,2.30628,
50534,2.63655,
50535,2.67608,
50536,2.66914,
50537,2.62943,
50538,2.77221,
50539,2.73689,
50540,2.81251,
50541,2.73477,
50542,2.74863,
50543,2.7971,
50544,2.68544,
50545,2.69664,
50546,2.47977,
50547,2.76241,
50548,2.66742,
50549,2.76218,
50550,2.72257,
50551,2.56317,
50552,2.69431,
50553,2.58895,
50554,2.65289,
50555,2.76055,
50556,2.85247,
50557,2.5997,
50558,2.60037,
50559,2.5616,
50560,2.77623,
50561,2.7725,
50562,2.80324,
50563,2.62868,
50564,2.81863,
50565,2.63659,
50566,2.73545,
50567,2.9181,
50568,2.71201,
50569,2.59748,
50570,2.55034,
50571,2.81429,
50572,2.82419,
50573,2.72456,
50574,2.77914,
50575,2.77298,
50576,2.91081,
50577,2.78544,
50578,2.97586,
50579,2.64458,
50580,2.71399,
50581,2.5397,
50582,2.64755,
50583,2.71996,
50584,2.68115,
50585,2.6726,
50586,2.83399,
50587,2.80003,
50588,2.68535,
50589,2.52571,
50590,2.62874,
50591,2.67507,
50592,2.74292,
50593,2.68188,
50594,2.79883,
50595,2.79995,
50596,2.8536,
50597,2.70379,
50598,2.62296,
50599,2.7585,
50600,2.55145,
50601,2.88103,
50602,2.83156,
50603,2.82163,
50604,2.82651,
50605,3.01464,
50606,3.10072,
50607,2.77742,
50608,2.79957,
50609,2.81183,
50610,2.95231,
50611,3.04176,
50612,2.81414,
50613,2.77602,
50614,2.78528,
50615,2.68554,
50616,2.80561,
50617,2.78417,
50618,2.80071,
50619,2.6324,
50620,2.65114,
50621,2.79125,
50622,2.94615,
50623,3.07288,
50624,3.0792,
50625,3.02806,
50626,3.03115,
50627,3.11111,
50628,3.0134,
50629,3.00907,
50630,3.06857,
50631,3.0285,
50632,3.03646,
50633,3.02997,
50634,3.04316,
50635,2.99264,
50636,3.06819,
50637,3.0802,
50638,3.08602,
50639,3.02199,
50640,2.98147,
50641,2.64955,
50642,2.86534,
50643,2.69174,
50644,2.70353,
50645,2.74291,
50646,2.77772,
50647,2.67439,
50648,2.75298,
50649,2.5766,
50650,2.67642,
50651,2.72974,
50652,2.62491,
50653,2.51047,
50654,2.78897,
50655,2.86564,
50656,2.77126,
50657,2.57149,
50658,2.74501,
50659,2.74986,
50660,2.68287,
50661,2.64643,
50662,2.69898,
50663,2.58128,
50664,2.65074,
50665,2.59927,
50666,2.51201,
50667,2.82254,
50668,2.77703,
50669,2.65634,
50670,2.6595,
50671,2.60593,
50672,2.63988,
50673,2.55753,
50674,2.66342,
50675,2.76258,
50676,2.67599,
50677,2.60431,
50678,2.76087,
50679,2.69013,
50680,2.63155,
50681,2.67792,
50682,2.50891,
50683,2.53612,
50684,2.77244,
50685,2.48902,
50686,2.57879,
50687,2.5986,
50688,2.6744,
50689,2.6163,
50690,2.58594,
50691,2.68819,
50692,2.53964,
50693,2.52589,
50694,2.6365,
50695,2.6691,
50696,2.67949,
50697,2.67247,
50698,2.53235,
50699,2.73553,
50700,2.60479,
50701,2.6747,
50702,2.64705,
50703,2.70234,
50704,2.84711,
50705,2.61146,
50706,2.58183,
50707,2.72399,
50708,2.57479,
50709,2.53286,
50710,2.62738,
50711,2.834,
50712,2.47485,
50713,2.44827,
50714,2.69015,
50715,2.52788,
50716,2.6431,
50717,2.61491,
50718,2.51682,
50719,2.48865,
50720,2.69924,
50721,2.67798,
50722,2.70533,
50723,2.59456,
50724,2.82132,
50725,2.7267,
50726,2.84626,
50727,2.67448,
50728,2.66886,
50729,2.75692,
50730,2.69536,
50731,2.7283,
50732,2.71605,
50733,2.72736,
50734,2.74536,
50735,2.46351,
50736,2.64962,
50737,2.69689,
50738,2.73842,
50739,2.7048,
50740,2.42258,
50741,2.66276,
50742,2.70416,
50743,2.60757,
50744,2.37072,
50745,2.52653,
50746,2.59541,
50747,2.59094,
50748,2.64539,
50749,2.38425,
50750,2.49321,
50751,2.49335,
50752,2.60397,
50753,2.67384,
50754,2.80088,
50755,2.93007,
50756,2.73329,
50757,2.70358,
50758,2.85136,
50759,2.87963,
50760,2.6537,
50761,2.77414,
50762,2.67172,
50763,2.6854,
50764,2.61876,
50765,2.90084,
50766,2.67248,
50767,2.6918,
50768,2.80751,
50769,2.7863,
50770,2.71423,
50771,2.8167,
50772,2.62016,
50773,2.78005,
50774,2.7442,
50775,2.69421,
50776,2.66771,
50777,2.69972,
50778,2.43668,
50779,2.75011,
50780,2.74337,
50781,2.59595,
50782,2.70574,
50783,2.67234,
50784,2.72313,
50785,2.8437,
50786,2.75482,
50787,2.67061,
50788,2.65025,
50789,2.73498,
50790,2.54282,
50791,2.65818,
50792,2.72399,
50793,2.80075,
50794,2.62348,
50795,2.65524,
50796,2.62776,
50797,2.72591,
50798,2.69055,
50799,2.77842,
50800,2.55264,
50801,2.70587,
50802,2.65709,
50803,2.53347,
50804,2.69823,
50805,2.82675,
50806,2.69032,
50807,2.3538,
50808,2.62873,
50809,2.64722,
50810,2.6553,
50811,2.58633,
50812,2.50572,
50813,2.61407,
50814,2.57152,
50815,2.65005,
50816,2.37112,
50817,2.45545,
50818,2.49393,
50819,2.60268,
50820,2.61595,
50821,2.52532,
50822,2.38513,
50823,2.57139,
50824,2.48561,
50825,2.57869,
50826,2.47658,
50827,2.51041,
50828,2.70997,
50829,2.62437,
50830,2.6541,
50831,2.4338,
50832,2.5858,
50833,2.51924,
50834,2.55934,
50835,2.6893,
50836,2.44961,
50837,2.5376,
50838,2.46069,
50839,2.40272,
50840,2.51382,
50841,2.51821,
50842,2.53883,
50843,2.53251,
50844,2.68608,
50845,2.50723,
50846,2.50855,
50847,2.68805,
50848,2.78032,
50849,2.67839,
50850,2.71163,
50851,2.95753,
50852,2.7083,
50853,2.64458,
50854,2.85222,
50855,2.69233,
50856,2.79476,
50857,2.83263,
50858,2.7222,
50859,2.76313,
50860,2.73612,
50861,2.54192,
50862,2.76247,
50863,2.74119,
50864,2.58,
50865,2.7279,
50866,2.65234,
50867,2.5368,
50868,2.68185,
50869,2.69264,
50870,2.55791,
50871,2.65056,
50872,2.70039,
50873,2.74729,
50874,2.61839,
50875,2.69902,
50876,2.65379,
50877,2.8778,
50878,2.96494,
50879,2.984,
50880,3.00682,
50881,3.03051,
50882,2.99289,
50883,2.97641,
50884,3.02316,
50885,2.90762,
50886,3.01676,
50887,3.05064,
50888,2.99734,
50889,2.93061,
50890,3.00779,
50891,2.9853,
50892,2.97936,
50893,3.04481,
50894,2.99146,
50895,3.02922,
50896,2.94745,
50897,2.99279,
50898,2.62851,
50899,2.89642,
50900,2.37732,
50901,2.47329,
50902,2.40514,
50903,2.30907,
50904,2.41378,
50905,2.34084,
50906,2.64891,
50907,2.28787,
50908,2.4343,
50909,2.34617,
50910,2.52523,
50911,2.47537,
50912,2.25337,
50913,2.34294,
50914,2.51015,
50915,2.644,
50916,2.60734,
50917,2.37865,
50918,2.28954,
50919,2.79995,
50920,2.87234,
50921,2.72215,
50922,2.79213,
50923,2.77992,
50924,2.75579,
50925,2.69116,
50926,2.48568,
50927,2.64968,
50928,2.76331,
50929,2.66615,
50930,2.72368,
50931,2.79181,
50932,2.84954,
50933,2.7962,
50934,2.68845,
50935,2.56964,
50936,2.76607,
50937,2.66376,
50938,2.65089,
50939,2.42794,
50940,2.50146,
50941,2.45431,
50942,2.61374,
50943,2.725,
50944,2.63032,
50945,2.569,
50946,2.53596,
50947,2.62374,
50948,2.54884,
50949,2.71781,
50950,2.57226,
50951,2.51743,
50952,2.62648,
50953,2.42757,
50954,2.56287,
50955,2.52457,
50956,2.64289,
50957,2.79137,
50958,2.63368,
50959,2.49941,
50960,2.50193,
50961,2.384,
50962,2.30775,
50963,2.39059,
50964,2.41517,
50965,2.60072,
50966,2.316,
50967,2.43084,
50968,2.4862,
50969,2.67552,
50970,2.61427,
50971,2.78878,
50972,2.49992,
50973,2.78573,
50974,2.62843,
50975,2.78194,
50976,2.79915,
50977,2.67674,
50978,2.85277,
50979,2.72058,
50980,2.68188,
50981,2.74956,
50982,2.75131,
50983,2.58724,
50984,2.49978,
50985,2.50025,
50986,2.63961,
50987,2.57045,
50988,2.65293,
50989,2.67053,
50990,2.60335,
50991,2.72157,
50992,2.51908,
50993,2.74072,
50994,2.67528,
50995,2.55661,
50996,2.47579,
50997,2.68884,
50998,2.4455,
50999,2.55096,
51000,2.47784,
51001,2.3412,
51002,2.4396,
51003,2.49096,
51004,2.709,
51005,2.74905,
51006,2.90068,
51007,2.90445,
51008,2.87409,
51009,2.82509,
51010,2.58773,
51011,2.65577,
51012,2.62619,
51013,2.76775,
51014,2.99377,
51015,2.72824,
51016,2.79998,
51017,2.63453,
51018,2.62163,
51019,2.87254,
51020,2.87687,
51021,2.9351,
51022,2.79308,
51023,2.96559,
51024,2.68734,
51025,2.753,
51026,2.64645,
51027,2.71852,
51028,2.58458,
51029,2.61852,
51030,2.54728,
51031,2.56212,
51032,2.80196,
51033,2.46132,
51034,2.57882,
51035,2.6568,
51036,2.68204,
51037,2.7329,
51038,2.623,
51039,2.66994,
51040,2.58018,
51041,2.54256,
51042,2.49819,
51043,2.53933,
51044,2.64849,
51045,2.42834,
51046,2.49688,
51047,2.71803,
51048,2.55941,
51049,2.81789,
51050,2.93277,
51051,2.80746,
51052,2.95342,
51053,2.89238,
51054,2.85606,
51055,2.69675,
51056,2.80895,
51057,2.64465,
51058,2.67454,
51059,2.56564,
51060,2.60136,
51061,2.89322,
51062,2.86883,
51063,2.78047,
51064,2.85055,
51065,2.81869,
51066,2.65556,
51067,2.66884,
51068,2.73911,
51069,2.56521,
51070,2.70721,
51071,2.823,
51072,2.79319,
51073,2.8324,
51074,2.96467,
51075,2.99882,
51076,2.53098,
51077,2.685,
51078,2.79818,
51079,2.80936,
51080,2.71004,
51081,2.75045,
51082,2.94524,
51083,2.80415,
51084,2.92461,
51085,2.7369,
51086,2.68479,
51087,2.89056,
51088,2.57373,
51089,2.77368,
51090,2.77377,
51091,2.70925,
51092,2.70349,
51093,2.78653,
51094,2.94254,
51095,2.80446,
51096,2.80267,
51097,2.72745,
51098,2.87307,
51099,2.82573,
51100,2.77817,
51101,2.71639,
51102,2.81209,
51103,2.7649,
51104,2.61596,
51105,2.68787,
51106,2.65335,
51107,2.80641,
51108,2.74392,
51109,2.80199,
51110,2.57677,
51111,2.74584,
51112,2.70054,
51113,2.7263,
51114,2.584,
51115,2.52934,
51116,2.80178,
51117,2.59346,
51118,2.72512,
51119,1.64511,
51120,2.7079,
51121,2.73154,
51122,2.86717,
51123,2.94547,
51124,3.09923,
51125,2.83998,
51126,2.85343,
51127,2.79139,
51128,2.85167,
51129,2.75512,
51130,2.92495,
51131,2.88574,
51132,2.78075,
51133,2.76841,
51134,2.72587,
51135,2.92544,
51136,2.6854,
51137,2.79206,
51138,2.86709,
51139,2.76991,
51140,2.75907,
51141,2.66173,
51142,2.75114,
51143,2.81197,
51144,2.79243,
51145,2.79565,
51146,2.82733,
51147,2.63992,
51148,2.92511,
51149,2.89822,
51150,2.71741,
51151,2.82637,
51152,2.67702,
51153,2.60806,
51154,2.61082,
51155,2.43603,
51156,2.75512,
51157,2.55047,
51158,2.61019,
51159,2.67686,
51160,2.81002,
51161,2.6552,
51162,2.58367,
51163,2.63145,
51164,2.58963,
51165,2.81503,
51166,2.64357,
51167,2.6902,
51168,2.83635,
51169,2.69925,
51170,2.78384,
51171,2.6383,
51172,2.57833,
51173,2.64844,
51174,2.671,
51175,2.79444,
51176,2.72278,
51177,2.67603,
51178,2.71972,
51179,2.76338,
51180,2.6501,
51181,2.43866,
51182,2.64942,
51183,2.6168,
51184,2.71074,
51185,2.69314,
51186,2.48301,
51187,2.75368,
51188,2.83166,
51189,2.72792,
51190,2.66548,
51191,2.62516,
51192,2.84024,
51193,2.66932,
51194,2.41403,
51195,2.71674,
51196,2.68614,
51197,2.85808,
51198,2.59844,
51199,2.58603,
51200,2.71029,
51201,2.62338,
51202,2.57583,
51203,2.67176,
51204,2.64202,
51205,2.70489,
51206,2.7212,
51207,2.73996,
51208,2.5721,
51209,2.68151,
51210,2.62036,
51211,2.73809,
51212,2.76649,
51213,2.74513,
51214,2.7316,
51215,2.87527,
51216,2.68624,
51217,2.79148,
51218,2.80117,
51219,2.5984,
51220,2.82114,
51221,2.7396,
51222,2.90374,
51223,2.71002,
51224,2.51967,
51225,2.58581,
51226,2.71632,
51227,2.59637,
51228,2.61827,
51229,2.50757,
51230,2.62254,
51231,2.81591,
51232,2.72283,
51233,2.66832,
51234,2.82982,
51235,2.63792,
51236,2.74312,
51237,2.71103,
51238,2.82058,
51239,2.80468,
51240,2.80482,
51241,2.84498,
51242,2.79995,
51243,2.76385,
51244,2.69793,
51245,2.8324,
51246,2.53794,
51247,2.63186,
51248,2.79457,
51249,2.72132,
51250,2.74918,
51251,2.59275,
51252,2.70253,
51253,2.82809,
51254,2.57928,
51255,2.6605,
51256,2.62552,
51257,2.54862,
51258,2.66589,
51259,2.49697,
51260,2.60529,
51261,2.63343,
51262,2.74202,
51263,2.65305,
51264,2.73835,
51265,2.77745,
51266,2.77054,
51267,2.59944,
51268,2.72856,
51269,2.52683,
51270,2.6453,
51271,2.53621,
51272,2.79245,
51273,2.76101,
51274,2.72957,
51275,2.81442,
51276,2.77824,
51277,2.61079,
51278,2.76331,
51279,2.74124,
51280,2.80143,
51281,2.80312,
51282,2.86513,
51283,2.92576,
51284,2.86557,
51285,2.76399,
51286,2.81269,
51287,2.68641,
51288,2.68034,
51289,2.53962,
51290,2.65585,
51291,2.52228,
51292,2.72032,
51293,2.57887,
51294,2.81913,
51295,2.6731,
51296,2.75106,
51297,2.8976,
51298,2.80711,
51299,2.98323,
51300,2.69216,
51301,2.60289,
51302,2.86261,
51303,2.57268,
51304,2.79422,
51305,2.6225,
51306,2.82629,
51307,2.88798,
51308,2.87048,
51309,2.6288,
51310,2.8302,
51311,2.73748,
51312,2.72339,
51313,2.76197,
51314,2.84808,
51315,2.61001,
51316,2.87045,
51317,2.50958,
51318,2.82156,
51319,2.75783,
51320,2.89757,
51321,2.71196,
51322,2.85659,
51323,2.88477,
51324,2.66844,
51325,2.84531,
51326,2.61644,
51327,2.69224,
51328,2.67202,
51329,2.92148,
51330,2.92601,
51331,2.57872,
51332,2.73285,
51333,2.67269,
51334,2.83947,
51335,2.80495,
51336,2.98171,
51337,2.78822,
51338,2.78014,
51339,2.81818,
51340,2.84616,
51341,2.74335,
51342,2.69361,
51343,2.64578,
51344,2.65956,
51345,2.81163,
51346,2.83385,
51347,2.76348,
51348,2.74569,
51349,2.72303,
51350,2.51876,
51351,2.78494,
51352,2.63623,
51353,2.78498,
51354,2.6984,
51355,2.73263,
51356,2.74385,
51357,2.85868,
51358,2.80776,
51359,2.68393,
51360,2.73196,
51361,2.83371,
51362,2.63428,
51363,2.87627,
51364,2.75643,
51365,2.7363,
51366,2.64095,
51367,2.75205,
51368,2.80861,
51369,2.65239,
51370,2.58682,
51371,2.8409,
51372,2.61082,
51373,2.60793,
51374,2.7111,
51375,2.58288,
51376,2.4894,
51377,2.769,
51378,2.8188,
51379,2.66773,
51380,2.63482,
51381,2.57993,
51382,2.72902,
51383,2.8493,
51384,2.48077,
51385,2.76313,
51386,2.68704,
51387,2.77346,
51388,2.76102,
51389,2.84511,
51390,2.62678,
51391,2.62372,
51392,2.7432,
51393,2.39607,
51394,2.44309,
51395,2.88446,
51396,2.65227,
51397,2.74847,
51398,2.52391,
51399,2.55563,
51400,2.76472,
51401,2.6177,
51402,2.52427,
51403,2.81962,
51404,2.7257,
51405,2.52375,
51406,2.65377,
51407,2.55998,
51408,2.66947,
51409,2.60214,
51410,2.45566,
51411,2.68237,
51412,2.60285,
51413,2.79097,
51414,2.83957,
51415,2.74469,
51416,2.83393,
51417,2.59369,
51418,2.69688,
51419,2.85596,
51420,2.76445,
51421,2.84325,
51422,2.93047,
51423,2.99376,
51424,3.6576,
51425,2.71091,
51426,2.76028,
51427,2.78445,
51428,2.7948,
51429,2.61217,
51430,2.83047,
51431,2.73771,
51432,2.72629,
51433,2.69883,
51434,3.17436,
51435,2.76485,
51436,2.77616,
51437,2.4603,
51438,2.58409,
51439,2.82146,
51440,2.82703,
51441,2.87797,
51442,3.0824,
51443,2.8969,
51444,2.68346,
51445,2.72616,
51446,2.6715,
51447,2.85033,
51448,2.65249,
51449,2.65557,
51450,2.79665,
51451,2.79212,
51452,2.69403,
51453,2.60768,
51454,2.53217,
51455,2.5846,
51456,2.65383,
51457,2.61345,
51458,2.42516,
51459,2.81822,
51460,2.68664,
51461,2.56626,
51462,2.55374,
51463,2.61676,
51464,2.72501,
51465,2.73178,
51466,2.69907,
51467,2.71645,
51468,2.45007,
51469,2.64697,
51470,2.40514,
51471,2.70894,
51472,2.60791,
51473,2.6266,
51474,2.51728,
51475,2.65396,
51476,2.63577,
51477,2.63393,
51478,2.53815,
51479,2.49508,
51480,2.65597,
51481,2.62007,
51482,2.37312,
51483,2.50386,
51484,2.49819,
51485,2.6647,
51486,2.6658,
51487,2.59362,
51488,2.63495,
51489,2.69226,
51490,2.76589,
51491,2.46683,
51492,2.78355,
51493,2.65978,
51494,2.6225,
51495,2.653,
51496,2.74068,
51497,2.84755,
51498,2.77046,
51499,2.64239,
51500,2.556,
51501,2.91577,
51502,2.75407,
51503,2.776,
51504,2.74663,
51505,2.5691,
51506,2.60828,
51507,2.7218,
51508,2.3138,
51509,2.4833,
51510,2.37584,
51511,2.51606,
51512,2.62915,
51513,2.7242,
51514,2.70587,
51515,2.71675,
51516,2.69758,
51517,2.52379,
51518,2.61321,
51519,2.69875,
51520,2.83056,
51521,2.67885,
51522,2.55155,
51523,2.28871,
51524,2.33155,
51525,2.75355,
51526,2.48783,
51527,2.69111,
51528,2.47401,
51529,2.63391,
51530,2.48457,
51531,2.46999,
51532,2.54033,
51533,2.54686,
51534,2.471,
51535,2.50259,
51536,2.57878,
51537,2.72779,
51538,2.46996,
51539,2.65742,
51540,2.52708,
51541,2.81664,
51542,2.81095,
51543,2.72261,
51544,2.85368,
51545,2.84979,
51546,2.77258,
51547,2.58916,
51548,2.42975,
51549,2.72891,
51550,2.62408,
51551,2.60613,
51552,2.7507,
51553,2.64876,
51554,2.75788,
51555,2.69135,
51556,2.68211,
51557,2.58023,
51558,2.67487,
51559,2.832,
51560,2.78978,
51561,2.7455,
51562,2.65761,
51563,2.57828,
51564,2.83001,
51565,2.57217,
51566,2.6063,
51567,2.68884,
51568,2.72145,
51569,2.66979,
51570,2.9506,
51571,2.85001,
51572,2.66811,
51573,2.56832,
51574,2.86426,
51575,2.7889,
51576,2.66419,
51577,2.77563,
51578,2.68503,
51579,2.70855,
51580,2.74031,
51581,2.69085,
51582,2.62307,
51583,2.49146,
51584,2.66865,
51585,2.67286,
51586,2.67024,
51587,2.41672,
51588,2.54408,
51589,2.3167,
51590,2.64475,
51591,2.70275,
51592,2.45409,
51593,2.56418,
51594,2.56291,
51595,2.71871,
51596,2.55557,
51597,2.5796,
51598,2.30787,
51599,2.62472,
51600,2.6924,
51601,2.67228,
51602,2.62293,
51603,2.76792,
51604,2.73073,
51605,2.8076,
51606,2.74933,
51607,2.74496,
51608,2.80417,
51609,2.70019,
51610,2.68733,
51611,2.48261,
51612,2.73219,
51613,2.65273,
51614,2.75795,
51615,2.6873,
51616,2.57123,
51617,2.6929,
51618,2.59356,
51619,2.66502,
51620,2.76542,
51621,2.86194,
51622,2.59424,
51623,2.61009,
51624,2.56011,
51625,2.76692,
51626,2.77229,
51627,2.80261,
51628,2.61497,
51629,2.83051,
51630,2.64752,
51631,2.71739,
51632,2.90005,
51633,2.69631,
51634,2.59983,
51635,2.5593,
51636,2.8116,
51637,2.82608,
51638,2.71381,
51639,2.76784,
51640,2.75649,
51641,2.93885,
51642,2.7907,
51643,2.97613,
51644,2.65087,
51645,2.71021,
51646,2.53474,
51647,2.65853,
51648,2.7281,
51649,2.68962,
51650,2.6743,
51651,2.83432,
51652,2.81475,
51653,2.66676,
51654,2.52981,
51655,2.63033,
51656,2.67514,
51657,2.7428,
51658,2.70321,
51659,2.79393,
51660,2.79393,
51661,2.83972,
51662,2.69797,
51663,2.61586,
51664,2.76765,
51665,2.53247,
51666,2.8697,
51667,2.81621,
51668,2.83564,
51669,2.82595,
51670,3.00039,
51671,3.09983,
51672,2.79184,
51673,2.81326,
51674,2.82855,
51675,2.95202,
51676,3.02081,
51677,2.82579,
51678,2.78194,
51679,2.79398,
51680,2.68931,
51681,2.81268,
51682,2.7949,
51683,2.807,
51684,2.62286,
51685,2.64628,
51686,2.79191,
51687,2.94148,
51688,3.07011,
51689,3.06133,
51690,3.01937,
51691,3.0275,
51692,3.10523,
51693,3.02637,
51694,3.02234,
51695,3.0528,
51696,3.03222,
51697,3.03212,
51698,3.02868,
51699,3.03323,
51700,2.99609,
51701,3.05246,
51702,3.0883,
51703,3.09156,
51704,3.01525,
51705,2.99321,
51706,2.64878,
51707,2.8644,
51708,2.68559,
51709,2.70936,
51710,2.73953,
51711,2.77264,
51712,2.67406,
51713,2.76448,
51714,2.57105,
51715,2.67204,
51716,2.72683,
51717,2.63144,
51718,2.50677,
51719,2.78664,
51720,2.85771,
51721,2.77449,
51722,2.58447,
51723,2.74485,
51724,2.75898,
51725,2.69121,
51726,2.64491,
51727,2.70396,
51728,2.58759,
51729,2.6521,
51730,2.58771,
51731,2.49313,
51732,2.83681,
51733,2.75693,
51734,2.66268,
51735,2.66405,
51736,2.60502,
51737,2.6209,
51738,2.54397,
51739,2.6514,
51740,2.75074,
51741,2.66913,
51742,2.5849,
51743,2.75719,
51744,2.685,
51745,2.61911,
51746,2.67909,
51747,2.51907,
51748,2.53341,
51749,2.76798,
51750,2.47539,
51751,2.5909,
51752,2.57905,
51753,2.6622,
51754,2.62816,
51755,2.58632,
51756,2.71816,
51757,2.53794,
51758,2.51413,
51759,2.62979,
51760,2.65867,
51761,2.6802,
51762,2.68272,
51763,2.54857,
51764,2.72843,
51765,2.60181,
51766,2.682,
51767,2.64119,
51768,2.70304,
51769,2.8358,
51770,2.61265,
51771,2.58192,
51772,2.71402,
51773,2.57739,
51774,2.52511,
51775,2.64832,
51776,2.8524,
51777,2.47267,
51778,2.45658,
51779,2.67778,
51780,2.52605,
51781,2.64396,
51782,2.60986,
51783,2.53166,
51784,2.49446,
51785,2.69001,
51786,2.65761,
51787,2.70224,
51788,2.60124,
51789,2.83672,
51790,2.73107,
51791,2.84412,
51792,2.6933,
51793,2.66113,
51794,2.75115,
51795,2.69155,
51796,2.72654,
51797,2.72318,
51798,2.73206,
51799,2.7366,
51800,2.46135,
51801,2.65687,
51802,2.70224,
51803,2.73985,
51804,2.70922,
51805,2.4298,
51806,2.66,
51807,2.70031,
51808,2.63667,
51809,2.37266,
51810,2.52592,
51811,2.60557,
51812,2.58992,
51813,2.64446,
51814,2.37954,
51815,2.50224,
51816,2.49139,
51817,2.61954,
51818,2.6586,
51819,2.81034,
51820,2.94563,
51821,2.72535,
51822,2.70222,
51823,2.85044,
51824,2.87805,
51825,2.63257,
51826,2.74911,
51827,2.68495,
51828,2.67805,
51829,2.61019,
51830,2.90491,
51831,2.67297,
51832,2.6877,
51833,2.79717,
51834,2.77381,
51835,2.72032,
51836,2.81719,
51837,2.62206,
51838,2.77771,
51839,2.7419,
51840,2.70164,
51841,2.66919,
51842,2.69911,
51843,2.43272,
51844,2.7493,
51845,2.73702,
51846,2.59547,
51847,2.69656,
51848,2.68156,
51849,2.7139,
51850,2.85034,
51851,2.75764,
51852,2.67886,
51853,2.66371,
51854,2.72389,
51855,2.53805,
51856,2.6431,
51857,2.72532,
51858,2.8023,
51859,2.60038,
51860,2.65571,
51861,2.61412,
51862,2.7197,
51863,2.69417,
51864,2.79039,
51865,2.53455,
51866,2.70637,
51867,2.67802,
51868,2.52259,
51869,2.70204,
51870,2.81116,
51871,2.6814,
51872,2.35489,
51873,2.63269,
51874,2.65918,
51875,2.64881,
51876,2.58581,
51877,2.50434,
51878,2.60119,
51879,2.56062,
51880,2.64454,
51881,2.37996,
51882,2.43555,
51883,2.49592,
51884,2.59439,
51885,2.60688,
51886,2.5238,
51887,2.37166,
51888,2.55663,
51889,2.47721,
51890,2.56522,
51891,2.47221,
51892,2.50823,
51893,2.71748,
51894,2.6154,
51895,2.67148,
51896,2.41374,
51897,2.59314,
51898,2.50974,
51899,2.56737,
51900,2.70456,
51901,2.44627,
51902,2.54556,
51903,2.45791,
51904,2.38983,
51905,2.51076,
51906,2.50556,
51907,2.53218,
51908,2.51705,
51909,2.68735,
51910,2.50086,
51911,2.50268,
51912,2.69138,
51913,2.76592,
51914,2.65415,
51915,2.70871,
51916,2.95133,
51917,2.70183,
51918,2.63285,
51919,2.84455,
51920,2.69842,
51921,2.79485,
51922,2.82563,
51923,2.71911,
51924,2.74147,
51925,2.74775,
51926,2.53574,
51927,2.76485,
51928,2.7312,
51929,2.56095,
51930,2.72421,
51931,2.66098,
51932,2.54976,
51933,2.68284,
51934,2.70044,
51935,2.54555,
51936,2.64057,
51937,2.68523,
51938,2.75745,
51939,2.62274,
51940,2.70213,
51941,2.6494,
51942,2.87117,
51943,2.96388,
51944,2.97259,
51945,2.99545,
51946,3.0166,
51947,2.98369,
51948,2.97466,
51949,3.03907,
51950,2.90067,
51951,3.01455,
51952,3.04418,
51953,2.99096,
51954,2.92046,
51955,3.00683,
51956,2.98362,
51957,2.98035,
51958,3.04957,
51959,2.99489,
51960,3.01975,
51961,2.95231,
51962,3.00274,
51963,2.61858,
51964,2.89423,
51965,2.35913,
51966,2.47108,
51967,2.39791,
51968,2.31371,
51969,2.39888,
51970,2.32735,
51971,2.64936,
51972,2.29196,
51973,2.42752,
51974,2.3576,
51975,2.50261,
51976,2.47736,
51977,2.24601,
51978,2.32625,
51979,2.50415,
51980,2.62655,
51981,2.61786,
51982,2.38694,
51983,2.28644,
51984,2.79019,
51985,2.85763,
51986,2.70469,
51987,2.79463,
51988,2.80305,
51989,2.747,
51990,2.67402,
51991,2.49056,
51992,2.64698,
51993,2.75225,
51994,2.6617,
51995,2.72757,
51996,2.77998,
51997,2.85774,
51998,2.79065,
51999,2.68449,
52000,2.56821,
52001,2.78181,
52002,2.68497,
52003,2.61904,
52004,2.43532,
52005,2.48799,
52006,2.44532,
52007,2.6022,
52008,2.72552,
52009,2.6377,
52010,2.55995,
52011,2.52817,
52012,2.61921,
52013,2.54618,
52014,2.72411,
52015,2.55556,
52016,2.51407,
52017,2.62899,
52018,2.41838,
52019,2.54177,
52020,2.51854,
52021,2.63303,
52022,2.79941,
52023,2.63078,
52024,2.49557,
52025,2.49352,
52026,2.39171,
52027,2.29741,
52028,2.39562,
52029,2.41998,
52030,2.60199,
52031,2.32054,
52032,2.43125,
52033,2.4852,
52034,2.65792,
52035,2.61978,
52036,2.77533,
52037,2.50254,
52038,2.7771,
52039,2.64803,
52040,2.79413,
52041,2.79644,
52042,2.67576,
52043,2.85471,
52044,2.69716,
52045,2.6791,
52046,2.75418,
52047,2.74535,
52048,2.57682,
52049,2.48703,
52050,2.49018,
52051,2.62787,
52052,2.58432,
52053,2.6504,
52054,2.67664,
52055,2.59722,
52056,2.73098,
52057,2.51954,
52058,2.74171,
52059,2.65921,
52060,2.5791,
52061,2.46985,
52062,2.6861,
52063,2.42809,
52064,2.54266,
52065,2.46768,
52066,2.3296,
52067,2.44172,
52068,2.49387,
52069,2.69324,
52070,2.74865,
52071,2.89358,
52072,2.89593,
52073,2.86584,
52074,2.82191,
52075,2.57666,
52076,2.67545,
52077,2.64106,
52078,2.77842,
52079,3.00855,
52080,2.73125,
52081,2.7837,
52082,2.63966,
52083,2.62647,
52084,2.86812,
52085,2.85748,
52086,2.924,
52087,2.79865,
52088,2.95181,
52089,2.68399,
52090,2.75278,
52091,2.63705,
52092,2.70064,
52093,2.57773,
52094,2.61523,
52095,2.53274,
52096,2.55636,
52097,2.78949,
52098,2.45725,
52099,2.58845,
52100,2.66054,
52101,2.69783,
52102,2.73942,
52103,2.61264,
52104,2.66446,
52105,2.58008,
52106,2.52688,
52107,2.48421,
52108,2.54058,
52109,2.65039,
52110,2.42255,
52111,2.4963,
52112,2.72342,
52113,2.55986,
52114,2.81209,
52115,2.92842,
52116,2.84017,
52117,2.9642,
52118,2.88585,
52119,2.8662,
52120,2.67505,
52121,2.7988,
52122,2.64587,
52123,2.66227,
52124,2.54716,
52125,2.59598,
52126,2.88495,
52127,2.85228,
52128,2.77767,
52129,2.85505,
52130,2.82743,
52131,2.66316,
52132,2.68094,
52133,2.73008,
52134,2.57817,
52135,2.69122,
52136,2.8188,
52137,2.78783,
52138,2.83472,
52139,2.96438,
52140,2.9965,
52141,2.52905,
52142,2.68494,
52143,2.81237,
52144,2.80609,
52145,2.72444,
52146,2.74791,
52147,2.93567,
52148,2.79787,
52149,2.91026,
52150,2.7223,
52151,2.6842,
52152,2.87469,
52153,2.5751,
52154,2.75749,
52155,2.77421,
52156,2.70962,
52157,2.69476,
52158,2.78364,
52159,2.92638,
52160,2.80831,
52161,2.77775,
52162,2.72371,
52163,2.87999,
52164,2.83245,
52165,2.76959,
52166,2.71045,
52167,2.80126,
52168,2.76126,
52169,2.5982,
52170,2.68831,
52171,2.65546,
52172,2.80561,
52173,2.74091,
52174,2.79198,
52175,2.5725,
52176,2.73991,
52177,2.69505,
52178,2.71245,
52179,2.56889,
52180,2.52686,
52181,2.78941,
52182,2.59271,
52183,2.73098,
52184,1.63516,
52185,2.69904,
52186,2.73626,
52187,2.86426,
52188,2.93443,
52189,3.08633,
52190,2.82696,
52191,2.85141,
52192,2.77681,
52193,2.8501,
52194,2.74859,
52195,2.91749,
52196,2.88938,
52197,2.76296,
52198,2.74479,
52199,2.71636,
52200,2.91939,
52201,2.69644,
52202,2.78755,
52203,2.87766,
52204,2.7881,
52205,2.76697,
52206,2.65916,
52207,2.75004,
52208,2.80333,
52209,2.78035,
52210,2.8044,
52211,2.81419,
52212,2.64825,
52213,2.91797,
52214,2.88647,
52215,2.71,
52216,2.82526,
52217,2.68196,
52218,2.61694,
52219,2.61684,
52220,2.44278,
52221,2.75293,
52222,2.5533,
52223,2.60467,
52224,2.66619,
52225,2.80867,
52226,2.65998,
52227,2.58787,
52228,2.63962,
52229,2.59138,
52230,2.81193,
52231,2.63605,
52232,2.68034,
52233,2.82816,
52234,2.72658,
52235,2.77461,
52236,2.62924,
52237,2.56399,
52238,2.65671,
52239,2.67126,
52240,2.79993,
52241,2.70952,
52242,2.67681,
52243,2.72455,
52244,2.76678,
52245,2.63156,
52246,2.43534,
52247,2.65633,
52248,2.62031,
52249,2.72538,
52250,2.68594,
52251,2.48514,
52252,2.75065,
52253,2.82931,
52254,2.74223,
52255,2.66504,
52256,2.61663,
52257,2.82576,
52258,2.66904,
52259,2.42516,
52260,2.74412,
52261,2.67731,
52262,2.85086,
52263,2.60704,
52264,2.58403,
52265,2.70505,
52266,2.62151,
52267,2.5694,
52268,2.68173,
52269,2.63149,
52270,2.70073,
52271,2.70253,
52272,2.73846,
52273,2.53773,
52274,2.6827,
52275,2.61291,
52276,2.74187,
52277,2.75409,
52278,2.74922,
52279,2.72426,
52280,2.87947,
52281,2.68065,
52282,2.79099,
52283,2.77545,
52284,2.58122,
52285,2.80274,
52286,2.74026,
52287,2.90474,
52288,2.69343,
52289,2.52447,
52290,2.58496,
52291,2.72357,
52292,2.6138,
52293,2.63521,
52294,2.51646,
52295,2.61872,
52296,2.80328,
52297,2.72418,
52298,2.66886,
52299,2.82569,
52300,2.63084,
52301,2.73649,
52302,2.70001,
52303,2.81989,
52304,2.79642,
52305,2.80589,
52306,2.83058,
52307,2.79502,
52308,2.75443,
52309,2.71295,
52310,2.82283,
52311,2.53215,
52312,2.62262,
52313,2.79504,
52314,2.72221,
52315,2.73459,
52316,2.58591,
52317,2.69728,
52318,2.82867,
52319,2.5568,
52320,2.66999,
52321,2.60734,
52322,2.54666,
52323,2.68649,
52324,2.50796,
52325,2.60372,
52326,2.62264,
52327,2.73643,
52328,2.66333,
52329,2.73514,
52330,2.78251,
52331,2.77226,
52332,2.6039,
52333,2.74739,
52334,2.52633,
52335,2.63909,
52336,2.54471,
52337,2.78951,
52338,2.75294,
52339,2.73084,
52340,2.81621,
52341,2.76719,
52342,2.62822,
52343,2.75828,
52344,2.75062,
52345,2.78925,
52346,2.78835,
52347,2.86519,
52348,2.92701,
52349,2.86193,
52350,2.76303,
52351,2.78363,
52352,2.68181,
52353,2.68005,
52354,2.53017,
52355,2.66507,
52356,2.51939,
52357,2.72211,
52358,2.57665,
52359,2.81818,
52360,2.66528,
52361,2.75833,
52362,2.89581,
52363,2.79789,
52364,2.95936,
52365,2.70052,
52366,2.61748,
52367,2.85643,
52368,2.57927,
52369,2.79649,
52370,2.61699,
52371,2.82161,
52372,2.87673,
52373,2.87407,
52374,2.61075,
52375,2.83252,
52376,2.74831,
52377,2.7345,
52378,2.75637,
52379,2.8321,
52380,2.61239,
52381,2.85924,
52382,2.49779,
52383,2.81133,
52384,2.74953,
52385,2.87435,
52386,2.71149,
52387,2.84201,
52388,2.87551,
52389,2.65955,
52390,2.8251,
52391,2.61384,
52392,2.69395,
52393,2.66923,
52394,2.91244,
52395,2.92486,
52396,2.59397,
52397,2.73418,
52398,2.68468,
52399,2.83613,
52400,2.81508,
52401,2.99359,
52402,2.79107,
52403,2.77331,
52404,2.81118,
52405,2.8523,
52406,2.74358,
52407,2.70287,
52408,2.65472,
52409,2.64689,
52410,2.82747,
52411,2.83221,
52412,2.764,
52413,2.73722,
52414,2.70193,
52415,2.51184,
52416,2.80685,
52417,2.64576,
52418,2.7952,
52419,2.69387,
52420,2.71976,
52421,2.73471,
52422,2.85738,
52423,2.81066,
52424,2.67813,
52425,2.71987,
52426,2.82028,
52427,2.6351,
52428,2.86774,
52429,2.76142,
52430,2.73808,
52431,2.66195,
52432,2.75173,
52433,2.79881,
52434,2.65509,
52435,2.57447,
52436,2.84181,
52437,2.60204,
52438,2.60307,
52439,2.70828,
52440,2.58305,
52441,2.49614,
52442,2.78801,
52443,2.81753,
52444,2.66272,
52445,2.64293,
52446,2.58024,
52447,2.71912,
52448,2.85201,
52449,2.47535,
52450,2.76187,
52451,2.67682,
52452,2.79383,
52453,2.7668,
52454,2.83714,
52455,2.63304,
52456,2.62262,
52457,2.74831,
52458,2.39255,
52459,2.43275,
52460,2.89168,
52461,2.65182,
52462,2.75795,
52463,2.53144,
52464,2.52661,
52465,2.77164,
52466,2.61339,
52467,2.52123,
52468,2.80751,
52469,2.73192,
52470,2.53111,
52471,2.64982,
52472,2.56286,
52473,2.66269,
52474,2.60773,
52475,2.43622,
52476,2.68723,
52477,2.60532,
52478,2.7936,
52479,2.82796,
52480,2.7472,
52481,2.82897,
52482,2.60448,
52483,2.69334,
52484,2.84668,
52485,2.77022,
52486,2.84599,
52487,2.91956,
52488,2.97793,
52489,3.66317,
52490,2.71691,
52491,2.76047,
52492,2.79373,
52493,2.78088,
52494,2.61383,
52495,2.84486,
52496,2.74126,
52497,2.72459,
52498,2.69605,
52499,3.1661,
52500,2.76182,
52501,2.77674,
52502,2.46974,
52503,2.58044,
52504,2.81897,
52505,2.81697,
52506,2.88222,
52507,3.07888,
52508,2.89796,
52509,2.65906,
52510,2.72308,
52511,2.66603,
52512,2.84533,
52513,2.65255,
52514,2.66808,
52515,2.81068,
52516,2.7761,
52517,2.68389,
52518,2.62136,
52519,2.52514,
52520,2.56203,
52521,2.64551,
52522,2.6111,
52523,2.44017,
52524,2.80645,
52525,2.69129,
52526,2.55151,
52527,2.57133,
52528,2.62346,
52529,2.7285,
52530,2.72633,
52531,2.69367,
52532,2.70944,
52533,2.44618,
52534,2.63937,
52535,2.40243,
52536,2.71054,
52537,2.60262,
52538,2.64436,
52539,2.50101,
52540,2.674,
52541,2.64173,
52542,2.62111,
52543,2.53685,
52544,2.4952,
52545,2.64462,
52546,2.62215,
52547,2.35406,
52548,2.4916,
52549,2.48938,
52550,2.65209,
52551,2.67363,
52552,2.60425,
52553,2.6153,
52554,2.68778,
52555,2.76419,
52556,2.47112,
52557,2.77412,
52558,2.66312,
52559,2.62109,
52560,2.63225,
52561,2.73509,
52562,2.83944,
52563,2.77426,
52564,2.65253,
52565,2.54495,
52566,2.91971,
52567,2.77082,
52568,2.77996,
52569,2.74509,
52570,2.56375,
52571,2.60348,
52572,2.73407,
52573,2.30249,
52574,2.47452,
52575,2.37417,
52576,2.52539,
52577,2.6313,
52578,2.72135,
52579,2.70384,
52580,2.70473,
52581,2.67391,
52582,2.53351,
52583,2.62297,
52584,2.69329,
52585,2.82325,
52586,2.67672,
52587,2.55283,
52588,2.2845,
52589,2.32622,
52590,2.73604,
52591,2.51533,
52592,2.68044,
52593,2.47776,
52594,2.62985,
52595,2.48014,
52596,2.46999,
52597,2.53111,
52598,2.52553,
52599,2.4797,
52600,2.49198,
52601,2.58367,
52602,2.73889,
52603,2.47023,
52604,2.66297,
52605,2.5293,
52606,2.81839,
52607,2.81724,
52608,2.72163,
52609,2.85894,
52610,2.84303,
52611,2.76034,
52612,2.59177,
52613,2.41937,
52614,2.74768,
52615,2.62438,
52616,2.61008,
52617,2.74335,
52618,2.65147,
52619,2.76075,
52620,2.68266,
52621,2.69253,
52622,2.58421,
52623,2.68734,
52624,2.82438,
52625,2.77499,
52626,2.76459,
52627,2.66251,
52628,2.56164,
52629,2.81794,
52630,2.58759,
52631,2.61818,
52632,2.70066,
52633,2.72243,
52634,2.65501,
52635,2.95249,
52636,2.82776,
52637,2.66523,
52638,2.57422,
52639,2.85564,
52640,2.78746,
52641,2.66955,
52642,2.75937,
52643,2.69526,
52644,2.71691,
52645,2.72725,
52646,2.69154,
52647,2.61607,
52648,2.4757,
52649,2.67072,
52650,2.67765,
52651,2.66902,
52652,2.40948,
52653,2.54864,
52654,2.3147,
52655,2.65712,
52656,2.7068,
52657,2.44686,
52658,2.57038,
52659,2.56481,
52660,2.71632,
52661,2.54062,
52662,2.57166,
52663,2.28113,
52664,2.62691,
52665,2.68282,
52666,2.67882,
52667,2.63236,
52668,2.76149,
52669,2.72538,
52670,2.81686,
52671,2.73478,
52672,2.73853,
52673,2.80594,
52674,2.68631,
52675,2.68452,
52676,2.47887,
52677,2.74364,
52678,2.647,
52679,2.7508,
52680,2.68312,
52681,2.58063,
52682,2.6982,
52683,2.58513,
52684,2.65489,
52685,2.77418,
52686,2.85415,
52687,2.59657,
52688,2.59899,
52689,2.55765,
52690,2.76529,
52691,2.76569,
52692,2.80179,
52693,2.61566,
52694,2.81282,
52695,2.63243,
52696,2.71654,
52697,2.90708,
52698,2.70839,
52699,2.59728,
52700,2.56785,
52701,2.81618,
52702,2.81732,
52703,2.71626,
52704,2.77269,
52705,2.75494,
52706,2.90822,
52707,2.78123,
52708,2.97543,
52709,2.65196,
52710,2.71861,
52711,2.53647,
52712,2.64897,
52713,2.71698,
52714,2.69046,
52715,2.67097,
52716,2.83256,
52717,2.81006,
52718,2.67424,
52719,2.53259,
52720,2.63461,
52721,2.68925,
52722,2.7415,
52723,2.69378,
52724,2.79255,
52725,2.77734,
52726,2.82376,
52727,2.67662,
52728,2.6146,
52729,2.74984,
52730,2.51099,
52731,2.86385,
52732,2.79455,
52733,2.81113,
52734,2.83695,
52735,3.01131,
52736,3.07671,
52737,2.78123,
52738,2.7946,
52739,2.82154,
52740,2.95776,
52741,3.01214,
52742,2.80642,
52743,2.77899,
52744,2.78755,
52745,2.69039,
52746,2.8113,
52747,2.79609,
52748,2.82396,
52749,2.63188,
52750,2.65667,
52751,2.77097,
52752,2.94156,
52753,3.10821,
52754,3.06209,
52755,3.03033,
52756,3.03123,
52757,3.12509,
52758,3.00039,
52759,3.01239,
52760,3.05914,
52761,3.02771,
52762,3.02745,
52763,3.03572,
52764,3.04104,
52765,2.9937,
52766,3.05483,
52767,3.08911,
52768,3.0869,
52769,3.02746,
52770,2.98087,
52771,2.6491,
52772,2.86165,
52773,2.67977,
52774,2.70141,
52775,2.74149,
52776,2.77657,
52777,2.66293,
52778,2.75075,
52779,2.56942,
52780,2.66539,
52781,2.74074,
52782,2.60806,
52783,2.49737,
52784,2.79254,
52785,2.86452,
52786,2.77998,
52787,2.57946,
52788,2.74635,
52789,2.75431,
52790,2.68101,
52791,2.65909,
52792,2.71158,
52793,2.57897,
52794,2.66433,
52795,2.60226,
52796,2.4977,
52797,2.81776,
52798,2.75819,
52799,2.65847,
52800,2.64811,
52801,2.59216,
52802,2.61611,
52803,2.55316,
52804,2.64758,
52805,2.76681,
52806,2.66089,
52807,2.58483,
52808,2.76177,
52809,2.67954,
52810,2.61904,
52811,2.6774,
52812,2.49632,
52813,2.52851,
52814,2.76246,
52815,2.48498,
52816,2.5835,
52817,2.58437,
52818,2.65639,
52819,2.62045,
52820,2.58509,
52821,2.6885,
52822,2.52652,
52823,2.49382,
52824,2.62326,
52825,2.66411,
52826,2.66772,
52827,2.66531,
52828,2.52709,
52829,2.72729,
52830,2.57547,
52831,2.67467,
52832,2.62459,
52833,2.70343,
52834,2.82805,
52835,2.62476,
52836,2.58793,
52837,2.70467,
52838,2.56213,
52839,2.51064,
52840,2.62581,
52841,2.82728,
52842,2.46911,
52843,2.43805,
52844,2.68411,
52845,2.54537,
52846,2.64489,
52847,2.60946,
52848,2.51594,
52849,2.50141,
52850,2.6913,
52851,2.65807,
52852,2.69244,
52853,2.59962,
52854,2.82173,
52855,2.73176,
52856,2.83556,
52857,2.65933,
52858,2.65856,
52859,2.76498,
52860,2.69356,
52861,2.72434,
52862,2.71394,
52863,2.71477,
52864,2.73862,
52865,2.46524,
52866,2.65127,
52867,2.68884,
52868,2.7243,
52869,2.70432,
52870,2.42732,
52871,2.65786,
52872,2.71584,
52873,2.62448,
52874,2.35879,
52875,2.52668,
52876,2.60712,
52877,2.593,
52878,2.64744,
52879,2.38358,
52880,2.50535,
52881,2.4959,
52882,2.6223,
52883,2.66627,
52884,2.79729,
52885,2.94074,
52886,2.74079,
52887,2.70084,
52888,2.82676,
52889,2.86905,
52890,2.63215,
52891,2.74574,
52892,2.67329,
52893,2.68447,
52894,2.61048,
52895,2.90247,
52896,2.67473,
52897,2.68539,
52898,2.80874,
52899,2.78317,
52900,2.7148,
52901,2.8035,
52902,2.6273,
52903,2.7817,
52904,2.73979,
52905,2.69124,
52906,2.66947,
52907,2.68541,
52908,2.41941,
52909,2.73569,
52910,2.73774,
52911,2.59415,
52912,2.69701,
52913,2.67665,
52914,2.71537,
52915,2.84051,
52916,2.75303,
52917,2.66551,
52918,2.63915,
52919,2.73011,
52920,2.52428,
52921,2.64225,
52922,2.71595,
52923,2.79399,
52924,2.60709,
52925,2.65984,
52926,2.62263,
52927,2.71895,
52928,2.69174,
52929,2.76513,
52930,2.55747,
52931,2.70493,
52932,2.65992,
52933,2.52803,
52934,2.71206,
52935,2.81993,
52936,2.69096,
52937,2.34256,
52938,2.63793,
52939,2.64487,
52940,2.63998,
52941,2.58353,
52942,2.49555,
52943,2.58924,
52944,2.56724,
52945,2.65084,
52946,2.38628,
52947,2.42717,
52948,2.4951,
52949,2.58675,
52950,2.6202,
52951,2.53312,
52952,2.38297,
52953,2.56641,
52954,2.48652,
52955,2.56048,
52956,2.46361,
52957,2.50158,
52958,2.71946,
52959,2.61947,
52960,2.65225,
52961,2.41236,
52962,2.58091,
52963,2.50069,
52964,2.55017,
52965,2.68877,
52966,2.4318,
52967,2.55598,
52968,2.45899,
52969,2.3945,
52970,2.51771,
52971,2.5064,
52972,2.53342,
52973,2.51966,
52974,2.68511,
52975,2.49833,
52976,2.47515,
52977,2.69398,
52978,2.7691,
52979,2.64721,
52980,2.69404,
52981,2.94383,
52982,2.69978,
52983,2.64298,
52984,2.84361,
52985,2.68993,
52986,2.79344,
52987,2.83075,
52988,2.70984,
52989,2.73315,
52990,2.72736,
52991,2.54041,
52992,2.76602,
52993,2.73046,
52994,2.56766,
52995,2.70975,
52996,2.65866,
52997,2.53259,
52998,2.68673,
52999,2.69061,
53000,2.53833,
53001,2.63593,
53002,2.68693,
53003,2.75299,
53004,2.61135,
53005,2.70302,
53006,2.65607,
53007,2.8716,
53008,2.96282,
53009,2.97393,
53010,3.00455,
53011,3.02099,
53012,2.98629,
53013,2.97906,
53014,3.03751,
53015,2.90302,
53016,3.01454,
53017,3.04627,
53018,2.99399,
53019,2.94156,
53020,3.0128,
53021,2.96912,
53022,2.98801,
53023,3.06051,
53024,3.00169,
53025,3.01534,
53026,2.94755,
53027,3.00271,
53028,2.62509,
53029,2.88832,
53030,2.35584,
53031,2.4536,
53032,2.38811,
53033,2.31666,
53034,2.38536,
53035,2.3215,
53036,2.62747,
53037,2.28062,
53038,2.4323,
53039,2.34595,
53040,2.49818,
53041,2.46436,
53042,2.24858,
53043,2.32133,
53044,2.51463,
53045,2.62866,
53046,2.60436,
53047,2.3903,
53048,2.29276,
53049,2.78635,
53050,2.86521,
53051,2.72192,
53052,2.79121,
53053,2.77428,
53054,2.75646,
53055,2.69173,
53056,2.49304,
53057,2.635,
53058,2.7433,
53059,2.66467,
53060,2.71616,
53061,2.77293,
53062,2.84446,
53063,2.79104,
53064,2.68725,
53065,2.57013,
53066,2.78453,
53067,2.65896,
53068,2.63303,
53069,2.4316,
53070,2.48188,
53071,2.44482,
53072,2.60454,
53073,2.71049,
53074,2.63198,
53075,2.58056,
53076,2.51464,
53077,2.60748,
53078,2.54766,
53079,2.71392,
53080,2.55001,
53081,2.51419,
53082,2.63686,
53083,2.41077,
53084,2.55424,
53085,2.51994,
53086,2.62904,
53087,2.79605,
53088,2.63861,
53089,2.51151,
53090,2.48209,
53091,2.39078,
53092,2.31085,
53093,2.40291,
53094,2.3893,
53095,2.59788,
53096,2.30129,
53097,2.43333,
53098,2.47134,
53099,2.66234,
53100,2.63439,
53101,2.76299,
53102,2.49299,
53103,2.77858,
53104,2.62878,
53105,2.78645,
53106,2.78577,
53107,2.68617,
53108,2.84817,
53109,2.70799,
53110,2.67338,
53111,2.74538,
53112,2.74634,
53113,2.58257,
53114,2.48513,
53115,2.48601,
53116,2.61899,
53117,2.56467,
53118,2.64704,
53119,2.66109,
53120,2.59415,
53121,2.72144,
53122,2.51538,
53123,2.74647,
53124,2.66296,
53125,2.5562,
53126,2.46475,
53127,2.67564,
53128,2.4372,
53129,2.53488,
53130,2.48801,
53131,2.34019,
53132,2.44729,
53133,2.50652,
53134,2.69155,
53135,2.73827,
53136,2.8958,
53137,2.89349,
53138,2.87144,
53139,2.81155,
53140,2.57744,
53141,2.64865,
53142,2.62157,
53143,2.76007,
53144,3.00495,
53145,2.73057,
53146,2.79195,
53147,2.63297,
53148,2.61067,
53149,2.87142,
53150,2.85593,
53151,2.92038,
53152,2.79227,
53153,2.96076,
53154,2.68828,
53155,2.73237,
53156,2.65756,
53157,2.71294,
53158,2.56646,
53159,2.61681,
53160,2.53653,
53161,2.5427,
53162,2.79628,
53163,2.45567,
53164,2.59925,
53165,2.65423,
53166,2.67887,
53167,2.7388,
53168,2.61431,
53169,2.64553,
53170,2.58152,
53171,2.51838,
53172,2.47884,
53173,2.52863,
53174,2.64897,
53175,2.42228,
53176,2.49602,
53177,2.70666,
53178,2.55834,
53179,2.80694,
53180,2.92207,
53181,2.79447,
53182,2.9462,
53183,2.89928,
53184,2.85319,
53185,2.67614,
53186,2.81195,
53187,2.64158,
53188,2.64682,
53189,2.54013,
53190,2.588,
53191,2.89913,
53192,2.84965,
53193,2.7695,
53194,2.8422,
53195,2.81764,
53196,2.66125,
53197,2.66463,
53198,2.73828,
53199,2.54997,
53200,2.69394,
53201,2.82042,
53202,2.79068,
53203,2.82444,
53204,2.96286,
53205,2.99343,
53206,2.52191,
53207,2.68631,
53208,2.78238,
53209,2.80779,
53210,2.69555,
53211,2.74532,
53212,2.92174,
53213,2.78345,
53214,2.92212,
53215,2.71958,
53216,2.67911,
53217,2.87231,
53218,2.57502,
53219,2.76718,
53220,2.75825,
53221,2.70045,
53222,2.7108,
53223,2.77596,
53224,2.93367,
53225,2.80045,
53226,2.77705,
53227,2.72307,
53228,2.87251,
53229,2.82767,
53230,2.76272,
53231,2.71658,
53232,2.79235,
53233,2.75257,
53234,2.60661,
53235,2.69332,
53236,2.64777,
53237,2.81125,
53238,2.73843,
53239,2.7727,
53240,2.57573,
53241,2.75325,
53242,2.70177,
53243,2.71854,
53244,2.5566,
53245,2.52837,
53246,2.79095,
53247,2.59287,
53248,2.72549,
53249,1.62983,
